patient,histology_case,module,score_case,sections_case,spots_case,histology_reference,score_reference,sections_reference,spots_reference,paired_difference,case,reference,section_weighting
1,LUAD,GENE_AGER,1.9042593328022184,1.0,5765.0,AAH,3.0308429957029395,1.0,9870.0,-1.126583662900721,LUAD,AAH,equal_sections
1,LUAD,GENE_AQP5,0.1784952512709415,1.0,5765.0,AAH,0.1230623656826567,1.0,9870.0,0.05543288558828481,LUAD,AAH,equal_sections
1,LUAD,GENE_AREG,0.1592045677261366,1.0,5765.0,AAH,0.1547623958850764,1.0,9870.0,0.0044421718410601885,LUAD,AAH,equal_sections
1,LUAD,GENE_C1QA,1.7245554772244185,1.0,5765.0,AAH,0.7537047445503036,1.0,9870.0,0.9708507326741149,LUAD,AAH,equal_sections
1,LUAD,GENE_CCL2,0.4772558409399245,1.0,5765.0,AAH,0.2354045563939309,1.0,9870.0,0.2418512845459936,LUAD,AAH,equal_sections
1,LUAD,GENE_CD3D,0.3057816340200495,1.0,5765.0,AAH,0.1610833980749078,1.0,9870.0,0.1446982359451417,LUAD,AAH,equal_sections
1,LUAD,GENE_CD8A,0.1545170073474824,1.0,5765.0,AAH,0.1437410579794441,1.0,9870.0,0.010775949368038301,LUAD,AAH,equal_sections
1,LUAD,GENE_CLDN4,0.5083196039248931,1.0,5765.0,AAH,0.5452634953454839,1.0,9870.0,-0.036943891420590846,LUAD,AAH,equal_sections
1,LUAD,GENE_COL1A1,1.1529205570328005,1.0,5765.0,AAH,0.6487276120195064,1.0,9870.0,0.5041929450132941,LUAD,AAH,equal_sections
1,LUAD,GENE_CXCL12,0.6062391401038639,1.0,5765.0,AAH,0.6196697720258203,1.0,9870.0,-0.01343063192195637,LUAD,AAH,equal_sections
1,LUAD,GENE_FGF10,0.0767443860013745,1.0,5765.0,AAH,0.0938123559151769,1.0,9870.0,-0.01706796991380241,LUAD,AAH,equal_sections
1,LUAD,GENE_FGF7,0.2462577510915548,1.0,5765.0,AAH,0.3189773341335197,1.0,9870.0,-0.07271958304196491,LUAD,AAH,equal_sections
1,LUAD,GENE_HBEGF,0.1978039694842517,1.0,5765.0,AAH,0.22962707214203,1.0,9870.0,-0.031823102657778296,LUAD,AAH,equal_sections
1,LUAD,GENE_IFNG,0.0678872362137636,1.0,5765.0,AAH,0.0320956154301102,1.0,9870.0,0.035791620783653395,LUAD,AAH,equal_sections
1,LUAD,GENE_IL1A,0.0347900120970122,1.0,5765.0,AAH,0.0241991306132809,1.0,9870.0,0.010590881483731298,LUAD,AAH,equal_sections
1,LUAD,GENE_IL1B,0.1497398808117065,1.0,5765.0,AAH,0.1373929063952431,1.0,9870.0,0.012346974416463402,LUAD,AAH,equal_sections
1,LUAD,GENE_IL1R1,0.6923836413535,1.0,5765.0,AAH,1.0529493103612697,1.0,9870.0,-0.36056566900776976,LUAD,AAH,equal_sections
1,LUAD,GENE_IL1R2,0.0214939216994488,1.0,5765.0,AAH,0.0139233343910658,1.0,9870.0,0.007570587308383,LUAD,AAH,equal_sections
1,LUAD,GENE_IL1RAP,0.0873991334003485,1.0,5765.0,AAH,0.0854258699173618,1.0,9870.0,0.001973263482986695,LUAD,AAH,equal_sections
1,LUAD,GENE_IL1RN,0.1447940015778756,1.0,5765.0,AAH,0.0454212532942384,1.0,9870.0,0.09937274828363718,LUAD,AAH,equal_sections
1,LUAD,GENE_KRT17,0.02667594118854,1.0,5765.0,AAH,0.0414366482668673,1.0,9870.0,-0.014760707078327297,LUAD,AAH,equal_sections
1,LUAD,GENE_KRT5,0.048878956930608,1.0,5765.0,AAH,0.0326843099350649,1.0,9870.0,0.0161946469955431,LUAD,AAH,equal_sections
1,LUAD,GENE_KRT8,0.8876153178194162,1.0,5765.0,AAH,0.7770027335890335,1.0,9870.0,0.11061258423038267,LUAD,AAH,equal_sections
1,LUAD,GENE_SFTPC,4.882391969885378,1.0,5765.0,AAH,5.652794360390273,1.0,9870.0,-0.7704023905048949,LUAD,AAH,equal_sections
1,LUAD,GENE_SIGIRR,0.4409364704408711,1.0,5765.0,AAH,0.5342087414496267,1.0,9870.0,-0.09327227100875563,LUAD,AAH,equal_sections
1,LUAD,GENE_TGFB1,0.2905536234227116,1.0,5765.0,AAH,0.2535407415147514,1.0,9870.0,0.037012881907960204,LUAD,AAH,equal_sections
1,LUAD,GENE_TNF,0.1152415756679726,1.0,5765.0,AAH,0.0678002803981543,1.0,9870.0,0.0474412952698183,LUAD,AAH,equal_sections
1,LUAD,HALLMARK_E2F_TARGETS,0.1880635194523671,1.0,5765.0,AAH,0.1746901819572137,1.0,9870.0,0.013373337495153403,LUAD,AAH,equal_sections
1,LUAD,HALLMARK_G2M_CHECKPOINT,0.2260891838716472,1.0,5765.0,AAH,0.2271658373827743,1.0,9870.0,-0.0010766535111270958,LUAD,AAH,equal_sections
1,LUAD,HALLMARK_GLYCOLYSIS,0.2576076133681297,1.0,5765.0,AAH,0.2495663219086789,1.0,9870.0,0.008041291459450817,LUAD,AAH,equal_sections
1,LUAD,HALLMARK_HYPOXIA,0.3933252077180547,1.0,5765.0,AAH,0.4546292077971823,1.0,9870.0,-0.06130400007912762,LUAD,AAH,equal_sections
1,LUAD,HALLMARK_IL6_JAK_STAT3_SIGNALING,0.4505954931153099,1.0,5765.0,AAH,0.3956598666280198,1.0,9870.0,0.05493562648729011,LUAD,AAH,equal_sections
1,LUAD,HALLMARK_INFLAMMATORY_RESPONSE,0.335349643495286,1.0,5765.0,AAH,0.3013687281690043,1.0,9870.0,0.033980915326281724,LUAD,AAH,equal_sections
1,LUAD,HALLMARK_INTERFERON_GAMMA_RESPONSE,0.5818572642081398,1.0,5765.0,AAH,0.455072725608048,1.0,9870.0,0.12678453860009176,LUAD,AAH,equal_sections
1,LUAD,HALLMARK_OXIDATIVE_PHOSPHORYLATION,0.3792668479846405,1.0,5765.0,AAH,0.3621268334938003,1.0,9870.0,0.017140014490840183,LUAD,AAH,equal_sections
1,LUAD,HALLMARK_P53_PATHWAY,0.4018457135703603,1.0,5765.0,AAH,0.4341506506302139,1.0,9870.0,-0.0323049370598536,LUAD,AAH,equal_sections
1,LUAD,HALLMARK_TGF_BETA_SIGNALING,0.498204774511428,1.0,5765.0,AAH,0.6573091935315039,1.0,9870.0,-0.15910441902007588,LUAD,AAH,equal_sections
1,LUAD,HALLMARK_TNFA_SIGNALING_VIA_NFKB,0.501817666029002,1.0,5765.0,AAH,0.5788144121805876,1.0,9870.0,-0.07699674615158558,LUAD,AAH,equal_sections
1,LUAD,HALLMARK_WNT_BETA_CATENIN_SIGNALING,0.2520932210378869,1.0,5765.0,AAH,0.287415556945699,1.0,9870.0,-0.035322335907812086,LUAD,AAH,equal_sections
1,LUAD,REACTOME_EXTRACELLULAR_MATRIX_ORGANIZATION,0.3982936337605358,1.0,5765.0,AAH,0.3956424915261237,1.0,9870.0,0.002651142234412096,LUAD,AAH,equal_sections
2,LUAD,GENE_AGER,2.372012027511792,1.0,10516.0,AAH,2.582541894919957,1.0,11412.0,-0.2105298674081646,LUAD,AAH,equal_sections
2,LUAD,GENE_AQP5,0.1574242854882035,1.0,10516.0,AAH,0.0871643911569733,1.0,11412.0,0.0702598943312302,LUAD,AAH,equal_sections
2,LUAD,GENE_AREG,0.8219264151331517,1.0,10516.0,AAH,1.0428989872454726,1.0,11412.0,-0.2209725721123209,LUAD,AAH,equal_sections
2,LUAD,GENE_C1QA,0.7722018277657157,1.0,10516.0,AAH,1.0713201297964456,1.0,11412.0,-0.29911830203073,LUAD,AAH,equal_sections
2,LUAD,GENE_CCL2,1.4637206081960152,1.0,10516.0,AAH,1.7223621526384545,1.0,11412.0,-0.25864154444243925,LUAD,AAH,equal_sections
2,LUAD,GENE_CD3D,0.0410391175509036,1.0,10516.0,AAH,0.048782058726686,1.0,11412.0,-0.007742941175782399,LUAD,AAH,equal_sections
2,LUAD,GENE_CD8A,0.0441588560333049,1.0,10516.0,AAH,0.058643743688386,1.0,11412.0,-0.014484887655081102,LUAD,AAH,equal_sections
2,LUAD,GENE_CLDN4,0.8450622317122077,1.0,10516.0,AAH,0.6872514945092546,1.0,11412.0,0.15781073720295313,LUAD,AAH,equal_sections
2,LUAD,GENE_COL1A1,1.1392133680408274,1.0,10516.0,AAH,0.7251175317695562,1.0,11412.0,0.4140958362712712,LUAD,AAH,equal_sections
2,LUAD,GENE_CXCL12,0.3439762188245253,1.0,10516.0,AAH,0.4188944338962449,1.0,11412.0,-0.07491821507171964,LUAD,AAH,equal_sections
2,LUAD,GENE_FGF10,0.0293709596050047,1.0,10516.0,AAH,0.0396477598928673,1.0,11412.0,-0.010276800287862597,LUAD,AAH,equal_sections
2,LUAD,GENE_FGF7,0.2448807004845508,1.0,10516.0,AAH,0.2924163540400403,1.0,11412.0,-0.0475356535554895,LUAD,AAH,equal_sections
2,LUAD,GENE_HBEGF,0.6094360551280652,1.0,10516.0,AAH,0.8696120881120942,1.0,11412.0,-0.260176032984029,LUAD,AAH,equal_sections
2,LUAD,GENE_IFNG,0.0191665822985224,1.0,10516.0,AAH,0.0350213198710258,1.0,11412.0,-0.015854737572503403,LUAD,AAH,equal_sections
2,LUAD,GENE_IL1A,0.0787727874277843,1.0,10516.0,AAH,0.1425715451192942,1.0,11412.0,-0.0637987576915099,LUAD,AAH,equal_sections
2,LUAD,GENE_IL1B,0.25938682977421,1.0,10516.0,AAH,0.5071531263117365,1.0,11412.0,-0.24776629653752646,LUAD,AAH,equal_sections
2,LUAD,GENE_IL1R1,0.7795886229926038,1.0,10516.0,AAH,0.9075815360370706,1.0,11412.0,-0.1279929130444668,LUAD,AAH,equal_sections
2,LUAD,GENE_IL1R2,0.0160469544972562,1.0,10516.0,AAH,0.0181546878208456,1.0,11412.0,-0.002107733323589399,LUAD,AAH,equal_sections
2,LUAD,GENE_IL1RAP,0.1684752256832696,1.0,10516.0,AAH,0.2019919669149389,1.0,11412.0,-0.033516741231669284,LUAD,AAH,equal_sections
2,LUAD,GENE_IL1RN,0.1595608511069855,1.0,10516.0,AAH,0.2175224028358285,1.0,11412.0,-0.057961551728842986,LUAD,AAH,equal_sections
2,LUAD,GENE_KRT17,0.2193975634470236,1.0,10516.0,AAH,0.0751668827705238,1.0,11412.0,0.1442306806764998,LUAD,AAH,equal_sections
2,LUAD,GENE_KRT5,0.0143013785858191,1.0,10516.0,AAH,0.0354475133389172,1.0,11412.0,-0.0211461347530981,LUAD,AAH,equal_sections
2,LUAD,GENE_KRT8,1.1331783510116726,1.0,10516.0,AAH,1.2850764835433135,1.0,11412.0,-0.15189813253164086,LUAD,AAH,equal_sections
2,LUAD,GENE_SFTPC,4.197854145655331,1.0,10516.0,AAH,4.32872906345233,1.0,11412.0,-0.13087491779699878,LUAD,AAH,equal_sections
2,LUAD,GENE_SIGIRR,0.3047618842076998,1.0,10516.0,AAH,0.3073199284278473,1.0,11412.0,-0.002558044220147493,LUAD,AAH,equal_sections
2,LUAD,GENE_TGFB1,0.1294383552022846,1.0,10516.0,AAH,0.1442699455759611,1.0,11412.0,-0.014831590373676484,LUAD,AAH,equal_sections
2,LUAD,GENE_TNF,0.0628035434029921,1.0,10516.0,AAH,0.123633103760124,1.0,11412.0,-0.0608295603571319,LUAD,AAH,equal_sections
2,LUAD,HALLMARK_E2F_TARGETS,0.1351026938959965,1.0,10516.0,AAH,0.1440100716391409,1.0,11412.0,-0.008907377743144401,LUAD,AAH,equal_sections
2,LUAD,HALLMARK_G2M_CHECKPOINT,0.1842349382265183,1.0,10516.0,AAH,0.1966709047937641,1.0,11412.0,-0.012435966567245799,LUAD,AAH,equal_sections
2,LUAD,HALLMARK_GLYCOLYSIS,0.2292335420714563,1.0,10516.0,AAH,0.2319720566908172,1.0,11412.0,-0.0027385146193608934,LUAD,AAH,equal_sections
2,LUAD,HALLMARK_HYPOXIA,0.4765422466386208,1.0,10516.0,AAH,0.5100349935511853,1.0,11412.0,-0.033492746912564486,LUAD,AAH,equal_sections
2,LUAD,HALLMARK_IL6_JAK_STAT3_SIGNALING,0.4183981174187687,1.0,10516.0,AAH,0.484561271268792,1.0,11412.0,-0.0661631538500233,LUAD,AAH,equal_sections
2,LUAD,HALLMARK_INFLAMMATORY_RESPONSE,0.3572437787620467,1.0,10516.0,AAH,0.4154360171305276,1.0,11412.0,-0.058192238368480864,LUAD,AAH,equal_sections
2,LUAD,HALLMARK_INTERFERON_GAMMA_RESPONSE,0.4413818949517231,1.0,10516.0,AAH,0.4981217224179889,1.0,11412.0,-0.056739827466265824,LUAD,AAH,equal_sections
2,LUAD,HALLMARK_OXIDATIVE_PHOSPHORYLATION,0.2620666888912272,1.0,10516.0,AAH,0.2693828557950619,1.0,11412.0,-0.007316166903834687,LUAD,AAH,equal_sections
2,LUAD,HALLMARK_P53_PATHWAY,0.4043059770901483,1.0,10516.0,AAH,0.4355565157484712,1.0,11412.0,-0.03125053865832289,LUAD,AAH,equal_sections
2,LUAD,HALLMARK_TGF_BETA_SIGNALING,0.5871480438134575,1.0,10516.0,AAH,0.629310366594652,1.0,11412.0,-0.04216232278119447,LUAD,AAH,equal_sections
2,LUAD,HALLMARK_TNFA_SIGNALING_VIA_NFKB,0.7850180834824396,1.0,10516.0,AAH,0.8613255922287194,1.0,11412.0,-0.07630750874627978,LUAD,AAH,equal_sections
2,LUAD,HALLMARK_WNT_BETA_CATENIN_SIGNALING,0.2080611250899949,1.0,10516.0,AAH,0.237692500532484,1.0,11412.0,-0.02963137544248909,LUAD,AAH,equal_sections
2,LUAD,REACTOME_EXTRACELLULAR_MATRIX_ORGANIZATION,0.3689750862375577,1.0,10516.0,AAH,0.3857493035725379,1.0,11412.0,-0.01677421733498019,LUAD,AAH,equal_sections
4,LUAD,GENE_AGER,1.5629872285595092,1.0,12938.0,AAH,1.3712589134888342,2.0,23799.0,0.191728315070675,LUAD,AAH,equal_sections
4,LUAD,GENE_AQP5,0.1792750301551239,1.0,12938.0,AAH,0.1360818686595748,2.0,23799.0,0.04319316149554908,LUAD,AAH,equal_sections
4,LUAD,GENE_AREG,0.2539895423392722,1.0,12938.0,AAH,0.0381965887922322,2.0,23799.0,0.21579295354703998,LUAD,AAH,equal_sections
4,LUAD,GENE_C1QA,1.3815823653188577,1.0,12938.0,AAH,0.7458912575542961,2.0,23799.0,0.6356911077645616,LUAD,AAH,equal_sections
4,LUAD,GENE_CCL2,0.3669059407953361,1.0,12938.0,AAH,0.11404581339608895,2.0,23799.0,0.2528601273992472,LUAD,AAH,equal_sections
4,LUAD,GENE_CD3D,0.1411168058936374,1.0,12938.0,AAH,0.0952801405653351,2.0,23799.0,0.0458366653283023,LUAD,AAH,equal_sections
4,LUAD,GENE_CD8A,0.0655278613378192,1.0,12938.0,AAH,2.5833861403263336,2.0,23799.0,-2.5178582789885144,LUAD,AAH,equal_sections
4,LUAD,GENE_CLDN4,1.4474969849751569,1.0,12938.0,AAH,0.26966202021168567,2.0,23799.0,1.1778349647634712,LUAD,AAH,equal_sections
4,LUAD,GENE_COL1A1,1.9831492276301423,1.0,12938.0,AAH,0.7012879788963623,2.0,23799.0,1.28186124873378,LUAD,AAH,equal_sections
4,LUAD,GENE_CXCL12,0.5247547056993397,1.0,12938.0,AAH,0.3211870197488771,2.0,23799.0,0.2035676859504626,LUAD,AAH,equal_sections
4,LUAD,GENE_FGF10,0.0362465293792607,1.0,12938.0,AAH,0.031393140999263554,2.0,23799.0,0.004853388379997145,LUAD,AAH,equal_sections
4,LUAD,GENE_FGF7,0.2167669245118305,1.0,12938.0,AAH,0.11860442636941715,2.0,23799.0,0.09816249814241335,LUAD,AAH,equal_sections
4,LUAD,GENE_HBEGF,0.1674773721983973,1.0,12938.0,AAH,0.0449525792498005,2.0,23799.0,0.1225247929485968,LUAD,AAH,equal_sections
4,LUAD,GENE_IFNG,0.0462821758706976,1.0,12938.0,AAH,0.03749903258694265,2.0,23799.0,0.00878314328375495,LUAD,AAH,equal_sections
4,LUAD,GENE_IL1A,0.0188707412916337,1.0,12938.0,AAH,0.01357682549177715,2.0,23799.0,0.0052939157998565505,LUAD,AAH,equal_sections
4,LUAD,GENE_IL1B,0.0854360793999126,1.0,12938.0,AAH,0.0274330680715688,2.0,23799.0,0.058003011328343804,LUAD,AAH,equal_sections
4,LUAD,GENE_IL1R1,0.6627851982436096,1.0,12938.0,AAH,0.3682438558573526,2.0,23799.0,0.294541342386257,LUAD,AAH,equal_sections
4,LUAD,GENE_IL1R2,0.0122958124016029,1.0,12938.0,AAH,0.008330275730243253,2.0,23799.0,0.003965536671359647,LUAD,AAH,equal_sections
4,LUAD,GENE_IL1RAP,0.2180707370953026,1.0,12938.0,AAH,0.0452357443305643,2.0,23799.0,0.17283499276473832,LUAD,AAH,equal_sections
4,LUAD,GENE_IL1RN,0.1019434076869262,1.0,12938.0,AAH,0.041988948562199396,2.0,23799.0,0.0599544591247268,LUAD,AAH,equal_sections
4,LUAD,GENE_KRT17,0.0773797990761433,1.0,12938.0,AAH,0.01123201368907425,2.0,23799.0,0.06614778538706904,LUAD,AAH,equal_sections
4,LUAD,GENE_KRT5,0.033590210937284,1.0,12938.0,AAH,2.8748541072974865,2.0,23799.0,-2.8412638963602026,LUAD,AAH,equal_sections
4,LUAD,GENE_KRT8,1.791708679055022,1.0,12938.0,AAH,0.43358134925459485,2.0,23799.0,1.3581273298004273,LUAD,AAH,equal_sections
4,LUAD,GENE_SFTPC,3.3067914728506462,1.0,12938.0,AAH,3.0481244751194767,2.0,23799.0,0.2586669977311695,LUAD,AAH,equal_sections
4,LUAD,GENE_SIGIRR,0.6951129513852794,1.0,12938.0,AAH,0.23196216525438584,2.0,23799.0,0.46315078613089355,LUAD,AAH,equal_sections
4,LUAD,GENE_TGFB1,0.2842231541978075,1.0,12938.0,AAH,0.1218627494439177,2.0,23799.0,0.16236040475388983,LUAD,AAH,equal_sections
4,LUAD,GENE_TNF,0.0991864151945298,1.0,12938.0,AAH,0.04874579535232075,2.0,23799.0,0.050440619842209045,LUAD,AAH,equal_sections
4,LUAD,HALLMARK_E2F_TARGETS,0.2680319720526662,1.0,12938.0,AAH,0.10247887574602595,2.0,23799.0,0.16555309630664028,LUAD,AAH,equal_sections
4,LUAD,HALLMARK_G2M_CHECKPOINT,0.297135088922858,1.0,12938.0,AAH,0.10929267774236055,2.0,23799.0,0.18784241118049744,LUAD,AAH,equal_sections
4,LUAD,HALLMARK_GLYCOLYSIS,0.3877476279066456,1.0,12938.0,AAH,0.1422627751134817,2.0,23799.0,0.24548485279316387,LUAD,AAH,equal_sections
4,LUAD,HALLMARK_HYPOXIA,0.4611792464825988,1.0,12938.0,AAH,0.21621093348168255,2.0,23799.0,0.24496831300091623,LUAD,AAH,equal_sections
4,LUAD,HALLMARK_IL6_JAK_STAT3_SIGNALING,0.4505713888181836,1.0,12938.0,AAH,0.2279050282338796,2.0,23799.0,0.222666360584304,LUAD,AAH,equal_sections
4,LUAD,HALLMARK_INFLAMMATORY_RESPONSE,0.3350580322212044,1.0,12938.0,AAH,0.18897837122214414,2.0,23799.0,0.14607966099906025,LUAD,AAH,equal_sections
4,LUAD,HALLMARK_INTERFERON_GAMMA_RESPONSE,0.5770581911881616,1.0,12938.0,AAH,0.2764023204771972,2.0,23799.0,0.3006558707109644,LUAD,AAH,equal_sections
4,LUAD,HALLMARK_OXIDATIVE_PHOSPHORYLATION,0.5236795145620652,1.0,12938.0,AAH,0.1857555485743104,2.0,23799.0,0.33792396598775476,LUAD,AAH,equal_sections
4,LUAD,HALLMARK_P53_PATHWAY,0.505591758625755,1.0,12938.0,AAH,0.22909497656296535,2.0,23799.0,0.27649678206278966,LUAD,AAH,equal_sections
4,LUAD,HALLMARK_TGF_BETA_SIGNALING,0.6016946708472428,1.0,12938.0,AAH,0.2586918584767398,2.0,23799.0,0.343002812370503,LUAD,AAH,equal_sections
4,LUAD,HALLMARK_TNFA_SIGNALING_VIA_NFKB,0.5153117857276175,1.0,12938.0,AAH,0.2271239576103631,2.0,23799.0,0.2881878281172544,LUAD,AAH,equal_sections
4,LUAD,HALLMARK_WNT_BETA_CATENIN_SIGNALING,0.3029280780582239,1.0,12938.0,AAH,0.1235442249395053,2.0,23799.0,0.17938385311871863,LUAD,AAH,equal_sections
4,LUAD,REACTOME_EXTRACELLULAR_MATRIX_ORGANIZATION,0.4530033434614529,1.0,12938.0,AAH,0.24308128062131756,2.0,23799.0,0.20992206284013532,LUAD,AAH,equal_sections
6,LUAD,GENE_AGER,1.418431598375233,1.0,11669.0,AAH,0.088278296200263,1.0,11197.0,1.3301533021749699,LUAD,AAH,equal_sections
6,LUAD,GENE_AQP5,0.1583081209743432,1.0,11669.0,AAH,0.0012363747983675,1.0,11197.0,0.15707174617597572,LUAD,AAH,equal_sections
6,LUAD,GENE_AREG,0.2350953028189749,1.0,11669.0,AAH,0.0008319960565271,1.0,11197.0,0.2342633067624478,LUAD,AAH,equal_sections
6,LUAD,GENE_C1QA,1.592880513664816,1.0,11669.0,AAH,0.0133243237058279,1.0,11197.0,1.5795561899589883,LUAD,AAH,equal_sections
6,LUAD,GENE_CCL2,0.3535822749904772,1.0,11669.0,AAH,0.0008102757468909,1.0,11197.0,0.35277199924358627,LUAD,AAH,equal_sections
6,LUAD,GENE_CD3D,0.2293033206619421,1.0,11669.0,AAH,0.0013808090359786,1.0,11197.0,0.2279225116259635,LUAD,AAH,equal_sections
6,LUAD,GENE_CD8A,0.1467245372280343,1.0,11669.0,AAH,5.1299439734903975,1.0,11197.0,-4.983219436262363,LUAD,AAH,equal_sections
6,LUAD,GENE_CLDN4,0.7305164637410496,1.0,11669.0,AAH,0.0055925243654741,1.0,11197.0,0.7249239393755755,LUAD,AAH,equal_sections
6,LUAD,GENE_COL1A1,2.077371911750945,1.0,11669.0,AAH,0.0130078392782716,1.0,11197.0,2.064364072472673,LUAD,AAH,equal_sections
6,LUAD,GENE_CXCL12,0.8006923987606166,1.0,11669.0,AAH,0.0097259755989841,1.0,11197.0,0.7909664231616325,LUAD,AAH,equal_sections
6,LUAD,GENE_FGF10,0.0579861150128089,1.0,11669.0,AAH,0.0006252168638884,1.0,11197.0,0.057360898148920494,LUAD,AAH,equal_sections
6,LUAD,GENE_FGF7,0.4210330639612765,1.0,11669.0,AAH,0.0020334591766293,1.0,11197.0,0.4189996047846472,LUAD,AAH,equal_sections
6,LUAD,GENE_HBEGF,0.2183886220911342,1.0,11669.0,AAH,0.0008618639259606,1.0,11197.0,0.21752675816517358,LUAD,AAH,equal_sections
6,LUAD,GENE_IFNG,0.0397864480401594,1.0,11669.0,AAH,0.0002557980183165,1.0,11197.0,0.039530650021842896,LUAD,AAH,equal_sections
6,LUAD,GENE_IL1A,0.0386383851205673,1.0,11669.0,AAH,0.0001987572792505,1.0,11197.0,0.038439627841316805,LUAD,AAH,equal_sections
6,LUAD,GENE_IL1B,0.1211446746853483,1.0,11669.0,AAH,0.0005169154817274,1.0,11197.0,0.1206277592036209,LUAD,AAH,equal_sections
6,LUAD,GENE_IL1R1,1.1082360044995925,1.0,11669.0,AAH,0.0086765990637515,1.0,11197.0,1.099559405435841,LUAD,AAH,equal_sections
6,LUAD,GENE_IL1R2,0.0334924598793162,1.0,11669.0,AAH,0.0002040586292296,1.0,11197.0,0.0332884012500866,LUAD,AAH,equal_sections
6,LUAD,GENE_IL1RAP,0.1742911843164399,1.0,11669.0,AAH,0.0010765060112514,1.0,11197.0,0.1732146783051885,LUAD,AAH,equal_sections
6,LUAD,GENE_IL1RN,0.0913610735723635,1.0,11669.0,AAH,0.0005191931306531,1.0,11197.0,0.0908418804417104,LUAD,AAH,equal_sections
6,LUAD,GENE_KRT17,0.2191201764019711,1.0,11669.0,AAH,0.0009177691112452,1.0,11197.0,0.2182024072907259,LUAD,AAH,equal_sections
6,LUAD,GENE_KRT5,0.0987441439943587,1.0,11669.0,AAH,5.478930614238582,1.0,11197.0,-5.380186470244223,LUAD,AAH,equal_sections
6,LUAD,GENE_KRT8,1.157528095026314,1.0,11669.0,AAH,0.0096894375115356,1.0,11197.0,1.1478386575147785,LUAD,AAH,equal_sections
6,LUAD,GENE_SFTPC,3.079980472371944,1.0,11669.0,AAH,0.6776383675893983,1.0,11197.0,2.4023421047825457,LUAD,AAH,equal_sections
6,LUAD,GENE_SIGIRR,0.600081169790377,1.0,11669.0,AAH,0.0066735643271549,1.0,11197.0,0.593407605463222,LUAD,AAH,equal_sections
6,LUAD,GENE_TGFB1,0.3433428840453966,1.0,11669.0,AAH,0.0021373008667222,1.0,11197.0,0.3412055831786744,LUAD,AAH,equal_sections
6,LUAD,GENE_TNF,0.0991328842164783,1.0,11669.0,AAH,0.0006095302156689,1.0,11197.0,0.0985233540008094,LUAD,AAH,equal_sections
6,LUAD,HALLMARK_E2F_TARGETS,0.2345270423245711,1.0,11669.0,AAH,0.0271807264482063,1.0,11197.0,0.20734631587636482,LUAD,AAH,equal_sections
6,LUAD,HALLMARK_G2M_CHECKPOINT,0.2813313475262767,1.0,11669.0,AAH,0.002513930980061,1.0,11197.0,0.2788174165462157,LUAD,AAH,equal_sections
6,LUAD,HALLMARK_GLYCOLYSIS,0.3394088357464703,1.0,11669.0,AAH,0.0245582417110478,1.0,11197.0,0.3148505940354225,LUAD,AAH,equal_sections
6,LUAD,HALLMARK_HYPOXIA,0.5074568356873629,1.0,11669.0,AAH,0.0340080935263445,1.0,11197.0,0.4734487421610184,LUAD,AAH,equal_sections
6,LUAD,HALLMARK_IL6_JAK_STAT3_SIGNALING,0.4535029620488444,1.0,11669.0,AAH,0.0806442819721116,1.0,11197.0,0.3728586800767328,LUAD,AAH,equal_sections
6,LUAD,HALLMARK_INFLAMMATORY_RESPONSE,0.358953199658572,1.0,11669.0,AAH,0.0972394075201282,1.0,11197.0,0.26171379213844376,LUAD,AAH,equal_sections
6,LUAD,HALLMARK_INTERFERON_GAMMA_RESPONSE,0.560173839855687,1.0,11669.0,AAH,0.0600407556607407,1.0,11197.0,0.5001330841949463,LUAD,AAH,equal_sections
6,LUAD,HALLMARK_OXIDATIVE_PHOSPHORYLATION,0.4549616943645158,1.0,11669.0,AAH,0.0040910722879994,1.0,11197.0,0.4508706220765164,LUAD,AAH,equal_sections
6,LUAD,HALLMARK_P53_PATHWAY,0.5076923824895903,1.0,11669.0,AAH,0.0521770909112594,1.0,11197.0,0.45551529157833087,LUAD,AAH,equal_sections
6,LUAD,HALLMARK_TGF_BETA_SIGNALING,0.652020064340623,1.0,11669.0,AAH,0.006715397778822,1.0,11197.0,0.645304666561801,LUAD,AAH,equal_sections
6,LUAD,HALLMARK_TNFA_SIGNALING_VIA_NFKB,0.619682828808952,1.0,11669.0,AAH,0.0055633688065948,1.0,11197.0,0.6141194600023572,LUAD,AAH,equal_sections
6,LUAD,HALLMARK_WNT_BETA_CATENIN_SIGNALING,0.3169804758416981,1.0,11669.0,AAH,0.0028934577336319,1.0,11197.0,0.31408701810806616,LUAD,AAH,equal_sections
6,LUAD,REACTOME_EXTRACELLULAR_MATRIX_ORGANIZATION,0.4872979646225073,1.0,11669.0,AAH,0.0866442563472371,1.0,11197.0,0.4006537082752702,LUAD,AAH,equal_sections
9,LUAD,GENE_AGER,0.0379714474842268,1.0,12066.0,AAH,0.1021066434713713,1.0,10839.0,-0.0641351959871445,LUAD,AAH,equal_sections
9,LUAD,GENE_AQP5,0.0027584562157244,1.0,12066.0,AAH,0.0007450550319488,1.0,10839.0,0.0020134011837756,LUAD,AAH,equal_sections
9,LUAD,GENE_AREG,0.0071278081664312,1.0,12066.0,AAH,0.0012317124208104,1.0,10839.0,0.0058960957456208,LUAD,AAH,equal_sections
9,LUAD,GENE_C1QA,0.0066837507741897,1.0,12066.0,AAH,0.00850222590124,1.0,10839.0,-0.0018184751270503,LUAD,AAH,equal_sections
9,LUAD,GENE_CCL2,0.0067724499591294,1.0,12066.0,AAH,0.0012744400287883,1.0,10839.0,0.0054980099303411,LUAD,AAH,equal_sections
9,LUAD,GENE_CD3D,0.000969980418447,1.0,12066.0,AAH,0.0011497067139773,1.0,10839.0,-0.00017972629553029995,LUAD,AAH,equal_sections
9,LUAD,GENE_CD8A,4.9131098916107145,1.0,12066.0,AAH,5.1958298142321055,1.0,10839.0,-0.282719922621391,LUAD,AAH,equal_sections
9,LUAD,GENE_CLDN4,0.0111536473247678,1.0,12066.0,AAH,0.0032277115720575,1.0,10839.0,0.0079259357527103,LUAD,AAH,equal_sections
9,LUAD,GENE_COL1A1,0.0230254963320472,1.0,12066.0,AAH,0.0079109927406105,1.0,10839.0,0.015114503591436701,LUAD,AAH,equal_sections
9,LUAD,GENE_CXCL12,0.01000515475173,1.0,12066.0,AAH,0.0082433565476934,1.0,10839.0,0.0017617982040366003,LUAD,AAH,equal_sections
9,LUAD,GENE_FGF10,0.0005527151426326,1.0,12066.0,AAH,0.0005895538697886,1.0,10839.0,-3.683872715599999e-05,LUAD,AAH,equal_sections
9,LUAD,GENE_FGF7,0.0033221567324343,1.0,12066.0,AAH,0.0016049610069244,1.0,10839.0,0.0017171957255099,LUAD,AAH,equal_sections
9,LUAD,GENE_HBEGF,0.0017960025045618,1.0,12066.0,AAH,0.0014330089257548,1.0,10839.0,0.000362993578807,LUAD,AAH,equal_sections
9,LUAD,GENE_IFNG,0.0001877477761352,1.0,12066.0,AAH,0.0003084546032937,1.0,10839.0,-0.0001207068271585,LUAD,AAH,equal_sections
9,LUAD,GENE_IL1A,0.0002130494817487,1.0,12066.0,AAH,0.0001743627052109,1.0,10839.0,3.868677653780001e-05,LUAD,AAH,equal_sections
9,LUAD,GENE_IL1B,0.000663119860521,1.0,12066.0,AAH,0.000659240995894,1.0,10839.0,3.8788646270000076e-06,LUAD,AAH,equal_sections
9,LUAD,GENE_IL1R1,0.0120256686388807,1.0,12066.0,AAH,0.014630296343977,1.0,10839.0,-0.0026046277050963008,LUAD,AAH,equal_sections
9,LUAD,GENE_IL1R2,0.0002999057190174,1.0,12066.0,AAH,0.0001210172057339,1.0,10839.0,0.00017888851328349997,LUAD,AAH,equal_sections
9,LUAD,GENE_IL1RAP,0.002024834325231,1.0,12066.0,AAH,0.0009944395951988,1.0,10839.0,0.0010303947300322003,LUAD,AAH,equal_sections
9,LUAD,GENE_IL1RN,0.0011959919280148,1.0,12066.0,AAH,0.0003890018095073,1.0,10839.0,0.0008069901185075,LUAD,AAH,equal_sections
9,LUAD,GENE_KRT17,0.0085903199037055,1.0,12066.0,AAH,0.0001535805129281,1.0,10839.0,0.0084367393907774,LUAD,AAH,equal_sections
9,LUAD,GENE_KRT5,6.917595178655028,1.0,12066.0,AAH,6.464827092843767,1.0,10839.0,0.45276808581126105,LUAD,AAH,equal_sections
9,LUAD,GENE_KRT8,0.0220016166048259,1.0,12066.0,AAH,0.0047173451953011,1.0,10839.0,0.0172842714095248,LUAD,AAH,equal_sections
9,LUAD,GENE_SFTPC,0.2758759153419179,1.0,12066.0,AAH,0.5559721535269941,1.0,10839.0,-0.28009623818507623,LUAD,AAH,equal_sections
9,LUAD,GENE_SIGIRR,0.0049983620023997,1.0,12066.0,AAH,0.0044309369766043,1.0,10839.0,0.0005674250257954004,LUAD,AAH,equal_sections
9,LUAD,GENE_TGFB1,0.0016767837907103,1.0,12066.0,AAH,0.0013717886627682,1.0,10839.0,0.0003049951279421,LUAD,AAH,equal_sections
9,LUAD,GENE_TNF,0.0003191179275303,1.0,12066.0,AAH,0.0004539330445692,1.0,10839.0,-0.0001348151170389,LUAD,AAH,equal_sections
9,LUAD,HALLMARK_E2F_TARGETS,0.0280706884468717,1.0,12066.0,AAH,0.023513124054279,1.0,10839.0,0.004557564392592698,LUAD,AAH,equal_sections
9,LUAD,HALLMARK_G2M_CHECKPOINT,0.0029316116620707,1.0,12066.0,AAH,0.0020841189123428,1.0,10839.0,0.0008474927497279,LUAD,AAH,equal_sections
9,LUAD,HALLMARK_GLYCOLYSIS,0.0258205414700154,1.0,12066.0,AAH,0.0218569812694398,1.0,10839.0,0.003963560200575599,LUAD,AAH,equal_sections
9,LUAD,HALLMARK_HYPOXIA,0.0343859320587738,1.0,12066.0,AAH,0.0344270490990761,1.0,10839.0,-4.11170403023034e-05,LUAD,AAH,equal_sections
9,LUAD,HALLMARK_IL6_JAK_STAT3_SIGNALING,0.0724678238981421,1.0,12066.0,AAH,0.0702887490147234,1.0,10839.0,0.0021790748834187024,LUAD,AAH,equal_sections
9,LUAD,HALLMARK_INFLAMMATORY_RESPONSE,0.0876120949913014,1.0,12066.0,AAH,0.0906690455569086,1.0,10839.0,-0.0030569505656072027,LUAD,AAH,equal_sections
9,LUAD,HALLMARK_INTERFERON_GAMMA_RESPONSE,0.0560783150235141,1.0,12066.0,AAH,0.0551160684264692,1.0,10839.0,0.0009622465970448996,LUAD,AAH,equal_sections
9,LUAD,HALLMARK_OXIDATIVE_PHOSPHORYLATION,0.0041917952650187,1.0,12066.0,AAH,0.0034577286269134,1.0,10839.0,0.0007340666381052997,LUAD,AAH,equal_sections
9,LUAD,HALLMARK_P53_PATHWAY,0.0546417680058691,1.0,12066.0,AAH,0.0461995823747812,1.0,10839.0,0.008442185631087895,LUAD,AAH,equal_sections
9,LUAD,HALLMARK_TGF_BETA_SIGNALING,0.0078260978561381,1.0,12066.0,AAH,0.0061764648283647,1.0,10839.0,0.0016496330277734,LUAD,AAH,equal_sections
9,LUAD,HALLMARK_TNFA_SIGNALING_VIA_NFKB,0.0106891825346629,1.0,12066.0,AAH,0.0067938011060714,1.0,10839.0,0.003895381428591499,LUAD,AAH,equal_sections
9,LUAD,HALLMARK_WNT_BETA_CATENIN_SIGNALING,0.002973306676815,1.0,12066.0,AAH,0.0022771802680533,1.0,10839.0,0.0006961264087617003,LUAD,AAH,equal_sections
9,LUAD,REACTOME_EXTRACELLULAR_MATRIX_ORGANIZATION,0.082652852738381,1.0,12066.0,AAH,0.0836816129947101,1.0,10839.0,-0.0010287602563291004,LUAD,AAH,equal_sections
11,LUAD,GENE_AGER,0.0613637002275706,1.0,11782.0,AAH,0.0914059378297769,1.0,10871.0,-0.030042237602206305,LUAD,AAH,equal_sections
11,LUAD,GENE_AQP5,0.0036541552275716,1.0,11782.0,AAH,0.0020340188596647,1.0,10871.0,0.0016201363679069001,LUAD,AAH,equal_sections
11,LUAD,GENE_AREG,0.0086190187107269,1.0,11782.0,AAH,0.0037109803503109,1.0,10871.0,0.004908038360416,LUAD,AAH,equal_sections
11,LUAD,GENE_C1QA,0.0330193256169254,1.0,11782.0,AAH,0.0166910117678064,1.0,10871.0,0.016328313849119,LUAD,AAH,equal_sections
11,LUAD,GENE_CCL2,0.0106243037182218,1.0,11782.0,AAH,0.0034218219606741,1.0,10871.0,0.0072024817575477,LUAD,AAH,equal_sections
11,LUAD,GENE_CD3D,0.00550096013877,1.0,11782.0,AAH,0.0014371843974162,1.0,10871.0,0.0040637757413538,LUAD,AAH,equal_sections
11,LUAD,GENE_CD8A,5.739564259151325,1.0,11782.0,AAH,5.134988023044154,1.0,10871.0,0.6045762361071709,LUAD,AAH,equal_sections
11,LUAD,GENE_CLDN4,0.0287265141011254,1.0,11782.0,AAH,0.0099013191238781,1.0,10871.0,0.0188251949772473,LUAD,AAH,equal_sections
11,LUAD,GENE_COL1A1,0.45530812913174,1.0,11782.0,AAH,0.0253687638910804,1.0,10871.0,0.4299393652406596,LUAD,AAH,equal_sections
11,LUAD,GENE_CXCL12,0.0108691610381457,1.0,11782.0,AAH,0.0082312526094052,1.0,10871.0,0.002637908428740501,LUAD,AAH,equal_sections
11,LUAD,GENE_FGF10,0.0003886673937569,1.0,11782.0,AAH,0.0006062706805265,1.0,10871.0,-0.00021760328676959995,LUAD,AAH,equal_sections
11,LUAD,GENE_FGF7,0.0076880102052198,1.0,11782.0,AAH,0.0033033808043488,1.0,10871.0,0.004384629400871,LUAD,AAH,equal_sections
11,LUAD,GENE_HBEGF,0.0059383001309482,1.0,11782.0,AAH,0.00232956226886,1.0,10871.0,0.0036087378620881998,LUAD,AAH,equal_sections
11,LUAD,GENE_IFNG,0.0008122464088259,1.0,11782.0,AAH,0.0002638364296315,1.0,10871.0,0.0005484099791944,LUAD,AAH,equal_sections
11,LUAD,GENE_IL1A,0.0005725319333425,1.0,11782.0,AAH,0.0003734984672276,1.0,10871.0,0.00019903346611490003,LUAD,AAH,equal_sections
11,LUAD,GENE_IL1B,0.0025791148354013,1.0,11782.0,AAH,0.0012778779413161,1.0,10871.0,0.0013012368940852003,LUAD,AAH,equal_sections
11,LUAD,GENE_IL1R1,0.0195039041877425,1.0,11782.0,AAH,0.0103142387544332,1.0,10871.0,0.009189665433309301,LUAD,AAH,equal_sections
11,LUAD,GENE_IL1R2,0.0004897468071604,1.0,11782.0,AAH,0.0003031968732689,1.0,10871.0,0.00018654993389150004,LUAD,AAH,equal_sections
11,LUAD,GENE_IL1RAP,0.0021867677475136,1.0,11782.0,AAH,0.0015598205438684,1.0,10871.0,0.0006269472036452002,LUAD,AAH,equal_sections
11,LUAD,GENE_IL1RN,0.004117363178765,1.0,11782.0,AAH,0.0015316962384203,1.0,10871.0,0.0025856669403447,LUAD,AAH,equal_sections
11,LUAD,GENE_KRT17,0.0053514396125476,1.0,11782.0,AAH,0.0021678515977715,1.0,10871.0,0.0031835880147761,LUAD,AAH,equal_sections
11,LUAD,GENE_KRT5,6.250862863389603,1.0,11782.0,AAH,6.132555482107137,1.0,10871.0,0.11830738128246576,LUAD,AAH,equal_sections
11,LUAD,GENE_KRT8,0.0549914685611865,1.0,11782.0,AAH,0.0198152208728073,1.0,10871.0,0.0351762476883792,LUAD,AAH,equal_sections
11,LUAD,GENE_SFTPC,0.3232289382443394,1.0,11782.0,AAH,0.9542066759486292,1.0,10871.0,-0.6309777377042898,LUAD,AAH,equal_sections
11,LUAD,GENE_SIGIRR,0.0117579477668195,1.0,11782.0,AAH,0.0076440647166666,1.0,10871.0,0.0041138830501529,LUAD,AAH,equal_sections
11,LUAD,GENE_TGFB1,0.0036458338860487,1.0,11782.0,AAH,0.0024704122423715,1.0,10871.0,0.0011754216436772,LUAD,AAH,equal_sections
11,LUAD,GENE_TNF,0.0009109471750155,1.0,11782.0,AAH,0.0004624337175911,1.0,10871.0,0.0004485134574244,LUAD,AAH,equal_sections
11,LUAD,HALLMARK_E2F_TARGETS,0.0350224247833379,1.0,11782.0,AAH,0.027314122425991,1.0,10871.0,0.007708302357346899,LUAD,AAH,equal_sections
11,LUAD,HALLMARK_G2M_CHECKPOINT,0.0072274943671264,1.0,11782.0,AAH,0.0036054233984195,1.0,10871.0,0.0036220709687068997,LUAD,AAH,equal_sections
11,LUAD,HALLMARK_GLYCOLYSIS,0.0329271640104402,1.0,11782.0,AAH,0.0280101134045002,1.0,10871.0,0.004917050605939999,LUAD,AAH,equal_sections
11,LUAD,HALLMARK_HYPOXIA,0.0431819965131429,1.0,11782.0,AAH,0.0377303644728908,1.0,10871.0,0.005451632040252105,LUAD,AAH,equal_sections
11,LUAD,HALLMARK_IL6_JAK_STAT3_SIGNALING,0.0808145896455012,1.0,11782.0,AAH,0.0772939981143854,1.0,10871.0,0.0035205915311157937,LUAD,AAH,equal_sections
11,LUAD,HALLMARK_INFLAMMATORY_RESPONSE,0.0993733413269643,1.0,11782.0,AAH,0.0962279198902394,1.0,10871.0,0.0031454214367249017,LUAD,AAH,equal_sections
11,LUAD,HALLMARK_INTERFERON_GAMMA_RESPONSE,0.0760655013311775,1.0,11782.0,AAH,0.0598699185795439,1.0,10871.0,0.016195582751633596,LUAD,AAH,equal_sections
11,LUAD,HALLMARK_OXIDATIVE_PHOSPHORYLATION,0.0099990955132028,1.0,11782.0,AAH,0.0059713293221071,1.0,10871.0,0.0040277661910956995,LUAD,AAH,equal_sections
11,LUAD,HALLMARK_P53_PATHWAY,0.0673632717573649,1.0,11782.0,AAH,0.0557559705917069,1.0,10871.0,0.011607301165657995,LUAD,AAH,equal_sections
11,LUAD,HALLMARK_TGF_BETA_SIGNALING,0.0160893214839221,1.0,11782.0,AAH,0.0089008852924585,1.0,10871.0,0.0071884361914636,LUAD,AAH,equal_sections
11,LUAD,HALLMARK_TNFA_SIGNALING_VIA_NFKB,0.0218557137626695,1.0,11782.0,AAH,0.0098642722332095,1.0,10871.0,0.011991441529459999,LUAD,AAH,equal_sections
11,LUAD,HALLMARK_WNT_BETA_CATENIN_SIGNALING,0.0067930357784865,1.0,11782.0,AAH,0.0041766903659626,1.0,10871.0,0.0026163454125239004,LUAD,AAH,equal_sections
11,LUAD,REACTOME_EXTRACELLULAR_MATRIX_ORGANIZATION,0.095710781155476,1.0,11782.0,AAH,0.089509476872192,1.0,10871.0,0.006201304283283998,LUAD,AAH,equal_sections
20,LUAD,GENE_AGER,0.1537850262651557,1.0,13602.0,AAH,0.3508885276452986,1.0,12299.0,-0.1971035013801429,LUAD,AAH,equal_sections
20,LUAD,GENE_AQP5,0.0034228306520179,1.0,13602.0,AAH,0.0048636997086899,1.0,12299.0,-0.001440869056672,LUAD,AAH,equal_sections
20,LUAD,GENE_AREG,0.0049419784691305,1.0,13602.0,AAH,0.0027548243974051,1.0,12299.0,0.0021871540717253997,LUAD,AAH,equal_sections
20,LUAD,GENE_C1QA,0.1127408473724481,1.0,13602.0,AAH,0.1450168099464847,1.0,12299.0,-0.03227596257403659,LUAD,AAH,equal_sections
20,LUAD,GENE_CCL2,0.0192833220958473,1.0,13602.0,AAH,0.0102580799052383,1.0,12299.0,0.009025242190609,LUAD,AAH,equal_sections
20,LUAD,GENE_CD3D,0.0120968759323571,1.0,13602.0,AAH,0.0118650154765611,1.0,12299.0,0.0002318604557960003,LUAD,AAH,equal_sections
20,LUAD,GENE_CD8A,4.846099617709847,1.0,13602.0,AAH,4.868740055754521,1.0,12299.0,-0.022640438044673417,LUAD,AAH,equal_sections
20,LUAD,GENE_CLDN4,0.0605560874335528,1.0,13602.0,AAH,0.0309522513205821,1.0,12299.0,0.0296038361129707,LUAD,AAH,equal_sections
20,LUAD,GENE_COL1A1,0.902159480114996,1.0,13602.0,AAH,0.0687448868658522,1.0,12299.0,0.8334145932491438,LUAD,AAH,equal_sections
20,LUAD,GENE_CXCL12,0.048210147204565,1.0,13602.0,AAH,0.0766128562591542,1.0,12299.0,-0.028402709054589206,LUAD,AAH,equal_sections
20,LUAD,GENE_FGF10,0.0009332820420851,1.0,13602.0,AAH,0.0024262122972586,1.0,12299.0,-0.0014929302551735003,LUAD,AAH,equal_sections
20,LUAD,GENE_FGF7,0.0166304155509191,1.0,13602.0,AAH,0.0101807759269175,1.0,12299.0,0.0064496396240016005,LUAD,AAH,equal_sections
20,LUAD,GENE_HBEGF,0.0057010423444049,1.0,13602.0,AAH,0.0069181286792825,1.0,12299.0,-0.0012170863348775996,LUAD,AAH,equal_sections
20,LUAD,GENE_IFNG,0.0023828452046001,1.0,13602.0,AAH,0.0022278824332529,1.0,12299.0,0.0001549627713471999,LUAD,AAH,equal_sections
20,LUAD,GENE_IL1A,0.0020067647890579,1.0,13602.0,AAH,0.0011940700600878,1.0,12299.0,0.0008126947289701001,LUAD,AAH,equal_sections
20,LUAD,GENE_IL1B,0.0091625139359092,1.0,13602.0,AAH,0.0044399728852566,1.0,12299.0,0.0047225410506525995,LUAD,AAH,equal_sections
20,LUAD,GENE_IL1R1,0.0746798187478922,1.0,13602.0,AAH,0.0598313610248912,1.0,12299.0,0.014848457723001002,LUAD,AAH,equal_sections
20,LUAD,GENE_IL1R2,0.0028981068371896,1.0,13602.0,AAH,0.0005166599183523,1.0,12299.0,0.0023814469188373,LUAD,AAH,equal_sections
20,LUAD,GENE_IL1RAP,0.00803583158352,1.0,13602.0,AAH,0.0047000754501513,1.0,12299.0,0.0033357561333687002,LUAD,AAH,equal_sections
20,LUAD,GENE_IL1RN,0.0065390543724305,1.0,13602.0,AAH,0.0024283702441953,1.0,12299.0,0.0041106841282352,LUAD,AAH,equal_sections
20,LUAD,GENE_KRT17,0.0453918728287078,1.0,13602.0,AAH,0.0033308875537041,1.0,12299.0,0.042060985275003696,LUAD,AAH,equal_sections
20,LUAD,GENE_KRT5,5.404773132182589,1.0,13602.0,AAH,5.135122681723962,1.0,12299.0,0.26965045045862723,LUAD,AAH,equal_sections
20,LUAD,GENE_KRT8,0.1252553889102,1.0,13602.0,AAH,0.0426026763193544,1.0,12299.0,0.08265271259084558,LUAD,AAH,equal_sections
20,LUAD,GENE_SFTPC,0.9260258713581556,1.0,13602.0,AAH,1.7729300782064097,1.0,12299.0,-0.8469042068482541,LUAD,AAH,equal_sections
20,LUAD,GENE_SIGIRR,0.0327726231574033,1.0,13602.0,AAH,0.0403828548210799,1.0,12299.0,-0.007610231663676602,LUAD,AAH,equal_sections
20,LUAD,GENE_TGFB1,0.0189170844163126,1.0,13602.0,AAH,0.0193021816937605,1.0,12299.0,-0.0003850972774478989,LUAD,AAH,equal_sections
20,LUAD,GENE_TNF,0.0048340218011967,1.0,13602.0,AAH,0.0044244982344357,1.0,12299.0,0.0004095235667610003,LUAD,AAH,equal_sections
20,LUAD,HALLMARK_E2F_TARGETS,0.0404585270150633,1.0,13602.0,AAH,0.0340854210824316,1.0,12299.0,0.006373105932631698,LUAD,AAH,equal_sections
20,LUAD,HALLMARK_G2M_CHECKPOINT,0.0201239564505031,1.0,13602.0,AAH,0.0153989824873026,1.0,12299.0,0.004724973963200499,LUAD,AAH,equal_sections
20,LUAD,HALLMARK_GLYCOLYSIS,0.0535220926199484,1.0,13602.0,AAH,0.0403256022248996,1.0,12299.0,0.013196490395048797,LUAD,AAH,equal_sections
20,LUAD,HALLMARK_HYPOXIA,0.076083098427592,1.0,13602.0,AAH,0.067395587242189,1.0,12299.0,0.008687511185403007,LUAD,AAH,equal_sections
20,LUAD,HALLMARK_IL6_JAK_STAT3_SIGNALING,0.1048791065458815,1.0,13602.0,AAH,0.099372653343531,1.0,12299.0,0.005506453202350506,LUAD,AAH,equal_sections
20,LUAD,HALLMARK_INFLAMMATORY_RESPONSE,0.1164842231168834,1.0,13602.0,AAH,0.1116944421617605,1.0,12299.0,0.004789780955122905,LUAD,AAH,equal_sections
20,LUAD,HALLMARK_INTERFERON_GAMMA_RESPONSE,0.1082595661753969,1.0,13602.0,AAH,0.0996977414213499,1.0,12299.0,0.008561824754047001,LUAD,AAH,equal_sections
20,LUAD,HALLMARK_OXIDATIVE_PHOSPHORYLATION,0.029184548512923,1.0,13602.0,AAH,0.0251583453008463,1.0,12299.0,0.004026203212076699,LUAD,AAH,equal_sections
20,LUAD,HALLMARK_P53_PATHWAY,0.0908643082708576,1.0,13602.0,AAH,0.0803015801351657,1.0,12299.0,0.01056272813569191,LUAD,AAH,equal_sections
20,LUAD,HALLMARK_TGF_BETA_SIGNALING,0.0531188616976792,1.0,13602.0,AAH,0.047082257033595,1.0,12299.0,0.006036604664084205,LUAD,AAH,equal_sections
20,LUAD,HALLMARK_TNFA_SIGNALING_VIA_NFKB,0.0595904037456877,1.0,13602.0,AAH,0.0460711909496786,1.0,12299.0,0.013519212796009102,LUAD,AAH,equal_sections
20,LUAD,HALLMARK_WNT_BETA_CATENIN_SIGNALING,0.0198356943057315,1.0,13602.0,AAH,0.0180611227554868,1.0,12299.0,0.0017745715502446996,LUAD,AAH,equal_sections
20,LUAD,REACTOME_EXTRACELLULAR_MATRIX_ORGANIZATION,0.1421491010666796,1.0,13602.0,AAH,0.1145794803530702,1.0,12299.0,0.02756962071360941,LUAD,AAH,equal_sections
22,LUAD,GENE_AGER,0.3038515905689986,1.0,12226.0,AAH,0.1802993780831088,1.0,7939.0,0.12355221248588977,LUAD,AAH,equal_sections
22,LUAD,GENE_AQP5,0.0042918323402362,1.0,12226.0,AAH,0.002350648568196,1.0,7939.0,0.0019411837720402,LUAD,AAH,equal_sections
22,LUAD,GENE_AREG,0.0079724746601477,1.0,12226.0,AAH,0.0019780442137784,1.0,7939.0,0.005994430446369301,LUAD,AAH,equal_sections
22,LUAD,GENE_C1QA,0.0938816504595408,1.0,12226.0,AAH,0.0566276892895831,1.0,7939.0,0.0372539611699577,LUAD,AAH,equal_sections
22,LUAD,GENE_CCL2,0.0067512467357505,1.0,12226.0,AAH,0.0024296019561355,1.0,7939.0,0.0043216447796150005,LUAD,AAH,equal_sections
22,LUAD,GENE_CD3D,0.0061181038358382,1.0,12226.0,AAH,0.0026342362459557,1.0,7939.0,0.0034838675898824995,LUAD,AAH,equal_sections
22,LUAD,GENE_CD8A,5.184732198166524,1.0,12226.0,AAH,4.987717546484019,1.0,7939.0,0.19701465168250554,LUAD,AAH,equal_sections
22,LUAD,GENE_CLDN4,0.0268971090379534,1.0,12226.0,AAH,0.0091481285566337,1.0,7939.0,0.0177489804813197,LUAD,AAH,equal_sections
22,LUAD,GENE_COL1A1,0.0321314520603265,1.0,12226.0,AAH,0.01574973352475,1.0,7939.0,0.0163817185355765,LUAD,AAH,equal_sections
22,LUAD,GENE_CXCL12,0.0370541983238774,1.0,12226.0,AAH,0.0173192598405896,1.0,7939.0,0.0197349384832878,LUAD,AAH,equal_sections
22,LUAD,GENE_FGF10,0.0024235453953828,1.0,12226.0,AAH,0.0012867382781897,1.0,7939.0,0.0011368071171931,LUAD,AAH,equal_sections
22,LUAD,GENE_FGF7,0.0098675550496697,1.0,12226.0,AAH,0.0048015173388302,1.0,7939.0,0.005066037710839501,LUAD,AAH,equal_sections
22,LUAD,GENE_HBEGF,0.0051604683472247,1.0,12226.0,AAH,0.0032015562004519,1.0,7939.0,0.0019589121467728002,LUAD,AAH,equal_sections
22,LUAD,GENE_IFNG,0.0012205518599126,1.0,12226.0,AAH,0.0002451306402224,1.0,7939.0,0.0009754212196902,LUAD,AAH,equal_sections
22,LUAD,GENE_IL1A,0.0015335395873022,1.0,12226.0,AAH,0.0005909737737417,1.0,7939.0,0.0009425658135604999,LUAD,AAH,equal_sections
22,LUAD,GENE_IL1B,0.0041268862031147,1.0,12226.0,AAH,0.001307836504229,1.0,7939.0,0.0028190496988857,LUAD,AAH,equal_sections
22,LUAD,GENE_IL1R1,0.074502383382989,1.0,12226.0,AAH,0.0342354754950001,1.0,7939.0,0.040266907887988895,LUAD,AAH,equal_sections
22,LUAD,GENE_IL1R2,0.0013159254688208,1.0,12226.0,AAH,0.0004423527363929,1.0,7939.0,0.0008735727324279,LUAD,AAH,equal_sections
22,LUAD,GENE_IL1RAP,0.0077351335676292,1.0,12226.0,AAH,0.0036189701848594,1.0,7939.0,0.004116163382769799,LUAD,AAH,equal_sections
22,LUAD,GENE_IL1RN,0.0040788466897783,1.0,12226.0,AAH,0.001442353647887,1.0,7939.0,0.0026364930418913,LUAD,AAH,equal_sections
22,LUAD,GENE_KRT17,0.0049468006434817,1.0,12226.0,AAH,0.003003152734851,1.0,7939.0,0.0019436479086306995,LUAD,AAH,equal_sections
22,LUAD,GENE_KRT5,5.084655590530136,1.0,12226.0,AAH,6.116725411573568,1.0,7939.0,-1.0320698210434323,LUAD,AAH,equal_sections
22,LUAD,GENE_KRT8,0.041634547207622,1.0,12226.0,AAH,0.01670155735451,1.0,7939.0,0.024932989853111997,LUAD,AAH,equal_sections
22,LUAD,GENE_SFTPC,1.5852673602870084,1.0,12226.0,AAH,1.0471414169199695,1.0,7939.0,0.5381259433670389,LUAD,AAH,equal_sections
22,LUAD,GENE_SIGIRR,0.0235892155701994,1.0,12226.0,AAH,0.0095137537288929,1.0,7939.0,0.014075461841306498,LUAD,AAH,equal_sections
22,LUAD,GENE_TGFB1,0.0101706249979615,1.0,12226.0,AAH,0.0058391000574299,1.0,7939.0,0.0043315249405315994,LUAD,AAH,equal_sections
22,LUAD,GENE_TNF,0.001746946978862,1.0,12226.0,AAH,0.0005256111252301,1.0,7939.0,0.0012213358536319,LUAD,AAH,equal_sections
22,LUAD,HALLMARK_E2F_TARGETS,0.0330710997007082,1.0,12226.0,AAH,0.0288556097200547,1.0,7939.0,0.004215489980653499,LUAD,AAH,equal_sections
22,LUAD,HALLMARK_G2M_CHECKPOINT,0.0142309744454731,1.0,12226.0,AAH,0.0060300520402196,1.0,7939.0,0.0082009224052535,LUAD,AAH,equal_sections
22,LUAD,HALLMARK_GLYCOLYSIS,0.039506809395686,1.0,12226.0,AAH,0.0296116962924459,1.0,7939.0,0.009895113103240101,LUAD,AAH,equal_sections
22,LUAD,HALLMARK_HYPOXIA,0.062611612290229,1.0,12226.0,AAH,0.0446601442640117,1.0,7939.0,0.017951468026217304,LUAD,AAH,equal_sections
22,LUAD,HALLMARK_IL6_JAK_STAT3_SIGNALING,0.0957333722008862,1.0,12226.0,AAH,0.0761140309333822,1.0,7939.0,0.01961934126750399,LUAD,AAH,equal_sections
22,LUAD,HALLMARK_INFLAMMATORY_RESPONSE,0.1105542360513046,1.0,12226.0,AAH,0.0954168174784929,1.0,7939.0,0.0151374185728117,LUAD,AAH,equal_sections
22,LUAD,HALLMARK_INTERFERON_GAMMA_RESPONSE,0.0838453882598252,1.0,12226.0,AAH,0.0663341998061364,1.0,7939.0,0.017511188453688792,LUAD,AAH,equal_sections
22,LUAD,HALLMARK_OXIDATIVE_PHOSPHORYLATION,0.0216632804880875,1.0,12226.0,AAH,0.009620913857551,1.0,7939.0,0.0120423666305365,LUAD,AAH,equal_sections
22,LUAD,HALLMARK_P53_PATHWAY,0.0749612641309784,1.0,12226.0,AAH,0.060076173561631,1.0,7939.0,0.014885090569347392,LUAD,AAH,equal_sections
22,LUAD,HALLMARK_TGF_BETA_SIGNALING,0.0372927212380031,1.0,12226.0,AAH,0.0175036637584239,1.0,7939.0,0.019789057479579198,LUAD,AAH,equal_sections
22,LUAD,HALLMARK_TNFA_SIGNALING_VIA_NFKB,0.0359902784964853,1.0,12226.0,AAH,0.0163165179656546,1.0,7939.0,0.019673760530830697,LUAD,AAH,equal_sections
22,LUAD,HALLMARK_WNT_BETA_CATENIN_SIGNALING,0.0133344754567989,1.0,12226.0,AAH,0.0061586163691856,1.0,7939.0,0.007175859087613299,LUAD,AAH,equal_sections
22,LUAD,REACTOME_EXTRACELLULAR_MATRIX_ORGANIZATION,0.1118422705487233,1.0,12226.0,AAH,0.0942487300254626,1.0,7939.0,0.017593540523260703,LUAD,AAH,equal_sections
24,LUAD,GENE_AGER,0.0240882811619428,1.0,6275.0,AAH,0.0780960810391241,1.0,6597.0,-0.05400779987718131,LUAD,AAH,equal_sections
24,LUAD,GENE_AQP5,0.0009387128658722,1.0,6275.0,AAH,0.0023556228116936,1.0,6597.0,-0.0014169099458214,LUAD,AAH,equal_sections
24,LUAD,GENE_AREG,0.0399875044373639,1.0,6275.0,AAH,0.020201506823329,1.0,6597.0,0.019785997614034902,LUAD,AAH,equal_sections
24,LUAD,GENE_C1QA,0.1318019447793487,1.0,6275.0,AAH,0.0328784983598354,1.0,6597.0,0.09892344641951331,LUAD,AAH,equal_sections
24,LUAD,GENE_CCL2,0.0124995094578197,1.0,6275.0,AAH,0.0708762803629119,1.0,6597.0,-0.0583767709050922,LUAD,AAH,equal_sections
24,LUAD,GENE_CD3D,0.0099159708078044,1.0,6275.0,AAH,0.001685351248059,1.0,6597.0,0.008230619559745399,LUAD,AAH,equal_sections
24,LUAD,GENE_CD8A,5.2240858242120645,1.0,6275.0,AAH,4.803151118377175,1.0,6597.0,0.4209347058348891,LUAD,AAH,equal_sections
24,LUAD,GENE_CLDN4,0.0550559408964275,1.0,6275.0,AAH,0.0072583234801188,1.0,6597.0,0.047797617416308696,LUAD,AAH,equal_sections
24,LUAD,GENE_COL1A1,0.3873227231778711,1.0,6275.0,AAH,0.0166217317769549,1.0,6597.0,0.37070099140091617,LUAD,AAH,equal_sections
24,LUAD,GENE_CXCL12,0.016751633492506,1.0,6275.0,AAH,0.012054553549825,1.0,6597.0,0.004697079942680999,LUAD,AAH,equal_sections
24,LUAD,GENE_FGF10,0.0002096669850804,1.0,6275.0,AAH,0.0003240599498267,1.0,6597.0,-0.00011439296474630002,LUAD,AAH,equal_sections
24,LUAD,GENE_FGF7,0.0095332144368179,1.0,6275.0,AAH,0.0039152631505811,1.0,6597.0,0.005617951286236799,LUAD,AAH,equal_sections
24,LUAD,GENE_HBEGF,0.0038003073876954,1.0,6275.0,AAH,0.0045426119422757,1.0,6597.0,-0.0007423045545803006,LUAD,AAH,equal_sections
24,LUAD,GENE_IFNG,0.0009111598889573,1.0,6275.0,AAH,0.0001928425614224,1.0,6597.0,0.0007183173275348999,LUAD,AAH,equal_sections
24,LUAD,GENE_IL1A,0.0003748617260403,1.0,6275.0,AAH,0.0016391110281828,1.0,6597.0,-0.0012642493021425,LUAD,AAH,equal_sections
24,LUAD,GENE_IL1B,0.0032420741982319,1.0,6275.0,AAH,0.0056327064512066,1.0,6597.0,-0.0023906322529747004,LUAD,AAH,equal_sections
24,LUAD,GENE_IL1R1,0.0390060374458662,1.0,6275.0,AAH,0.0451142384445725,1.0,6597.0,-0.006108200998706299,LUAD,AAH,equal_sections
24,LUAD,GENE_IL1R2,0.0021237892516436,1.0,6275.0,AAH,0.003504455969872,1.0,6597.0,-0.0013806667182284,LUAD,AAH,equal_sections
24,LUAD,GENE_IL1RAP,0.0077073487438767,1.0,6275.0,AAH,0.0076179741756352,1.0,6597.0,8.937456824149956e-05,LUAD,AAH,equal_sections
24,LUAD,GENE_IL1RN,0.0040874500890281,1.0,6275.0,AAH,0.0043052714061867,1.0,6597.0,-0.00021782131715859972,LUAD,AAH,equal_sections
24,LUAD,GENE_KRT17,0.0031196724871979,1.0,6275.0,AAH,0.0015737804980237,1.0,6597.0,0.0015458919891742,LUAD,AAH,equal_sections
24,LUAD,GENE_KRT5,5.240917114384384,1.0,6275.0,AAH,5.035307376862002,1.0,6597.0,0.20560973752238265,LUAD,AAH,equal_sections
24,LUAD,GENE_KRT8,0.1301318374525848,1.0,6275.0,AAH,0.0341059688325452,1.0,6597.0,0.0960258686200396,LUAD,AAH,equal_sections
24,LUAD,GENE_SFTPC,0.2234217274983636,1.0,6275.0,AAH,0.9163211504790892,1.0,6597.0,-0.6928994229807257,LUAD,AAH,equal_sections
24,LUAD,GENE_SIGIRR,0.0133507184699305,1.0,6275.0,AAH,0.0059371051798381,1.0,6597.0,0.0074136132900924,LUAD,AAH,equal_sections
24,LUAD,GENE_TGFB1,0.0054697245139267,1.0,6275.0,AAH,0.001956895938914,1.0,6597.0,0.0035128285750127,LUAD,AAH,equal_sections
24,LUAD,GENE_TNF,0.000869926135054,1.0,6275.0,AAH,0.0006322958651853,1.0,6597.0,0.00023763026986870005,LUAD,AAH,equal_sections
24,LUAD,HALLMARK_E2F_TARGETS,0.0386848038445121,1.0,6275.0,AAH,0.021918643443285,1.0,6597.0,0.016766160401227102,LUAD,AAH,equal_sections
24,LUAD,HALLMARK_G2M_CHECKPOINT,0.0148802894696208,1.0,6275.0,AAH,0.0055016120456118,1.0,6597.0,0.009378677424009,LUAD,AAH,equal_sections
24,LUAD,HALLMARK_GLYCOLYSIS,0.0462917285016245,1.0,6275.0,AAH,0.0291161995310782,1.0,6597.0,0.017175528970546302,LUAD,AAH,equal_sections
24,LUAD,HALLMARK_HYPOXIA,0.0546377859582471,1.0,6275.0,AAH,0.0403509055403419,1.0,6597.0,0.014286880417905198,LUAD,AAH,equal_sections
24,LUAD,HALLMARK_IL6_JAK_STAT3_SIGNALING,0.0808291811972268,1.0,6275.0,AAH,0.0698705529953516,1.0,6597.0,0.010958628201875209,LUAD,AAH,equal_sections
24,LUAD,HALLMARK_INFLAMMATORY_RESPONSE,0.1056816406083338,1.0,6275.0,AAH,0.0933016859080919,1.0,6597.0,0.01237995470024189,LUAD,AAH,equal_sections
24,LUAD,HALLMARK_INTERFERON_GAMMA_RESPONSE,0.0911000882108419,1.0,6275.0,AAH,0.0646078164134229,1.0,6597.0,0.02649227179741899,LUAD,AAH,equal_sections
24,LUAD,HALLMARK_OXIDATIVE_PHOSPHORYLATION,0.0215872416319252,1.0,6275.0,AAH,0.007832515543536,1.0,6597.0,0.0137547260883892,LUAD,AAH,equal_sections
24,LUAD,HALLMARK_P53_PATHWAY,0.0779276343058985,1.0,6275.0,AAH,0.0528640747184666,1.0,6597.0,0.025063559587431894,LUAD,AAH,equal_sections
24,LUAD,HALLMARK_TGF_BETA_SIGNALING,0.0252345491685742,1.0,6275.0,AAH,0.016231891890096,1.0,6597.0,0.009002657278478203,LUAD,AAH,equal_sections
24,LUAD,HALLMARK_TNFA_SIGNALING_VIA_NFKB,0.0300665199465406,1.0,6275.0,AAH,0.0240396697866565,1.0,6597.0,0.006026850159884099,LUAD,AAH,equal_sections
24,LUAD,HALLMARK_WNT_BETA_CATENIN_SIGNALING,0.0092626625670919,1.0,6275.0,AAH,0.0042248469250406,1.0,6597.0,0.005037815642051301,LUAD,AAH,equal_sections
24,LUAD,REACTOME_EXTRACELLULAR_MATRIX_ORGANIZATION,0.1096654472187217,1.0,6275.0,AAH,0.0949314612231882,1.0,6597.0,0.014733985995533508,LUAD,AAH,equal_sections
25,LUAD,GENE_AGER,0.0262771125648719,1.0,3791.0,AAH,0.0505892249943948,1.0,9252.0,-0.024312112429522897,LUAD,AAH,equal_sections
25,LUAD,GENE_AQP5,0.0138458522744536,1.0,3791.0,AAH,0.0006899090209191,1.0,9252.0,0.013155943253534499,LUAD,AAH,equal_sections
25,LUAD,GENE_AREG,0.0041854352264367,1.0,3791.0,AAH,0.0046955896238165,1.0,9252.0,-0.0005101543973798006,LUAD,AAH,equal_sections
25,LUAD,GENE_C1QA,0.0888905080436562,1.0,3791.0,AAH,0.0248949430537381,1.0,9252.0,0.0639955649899181,LUAD,AAH,equal_sections
25,LUAD,GENE_CCL2,0.0257050242979352,1.0,3791.0,AAH,0.0174695242440678,1.0,9252.0,0.0082355000538674,LUAD,AAH,equal_sections
25,LUAD,GENE_CD3D,0.0094301562612375,1.0,3791.0,AAH,0.0015895373350665,1.0,9252.0,0.007840618926171002,LUAD,AAH,equal_sections
25,LUAD,GENE_CD8A,5.938983812846363,1.0,3791.0,AAH,5.461416729076625,1.0,9252.0,0.47756708376973833,LUAD,AAH,equal_sections
25,LUAD,GENE_CLDN4,0.033423119470361,1.0,3791.0,AAH,0.0028857767890982,1.0,9252.0,0.0305373426812628,LUAD,AAH,equal_sections
25,LUAD,GENE_COL1A1,0.2980414868156565,1.0,3791.0,AAH,0.0398369866918595,1.0,9252.0,0.25820450012379703,LUAD,AAH,equal_sections
25,LUAD,GENE_CXCL12,0.0256286469647059,1.0,3791.0,AAH,0.0178239571149869,1.0,9252.0,0.007804689849719,LUAD,AAH,equal_sections
25,LUAD,GENE_FGF10,0.0002379676244181,1.0,3791.0,AAH,0.0001463609170957,1.0,9252.0,9.16067073224e-05,LUAD,AAH,equal_sections
25,LUAD,GENE_FGF7,0.0083922874290875,1.0,3791.0,AAH,0.0026294797362707,1.0,9252.0,0.0057628076928168005,LUAD,AAH,equal_sections
25,LUAD,GENE_HBEGF,0.0034022260299634,1.0,3791.0,AAH,0.002408989106295,1.0,9252.0,0.0009932369236684002,LUAD,AAH,equal_sections
25,LUAD,GENE_IFNG,0.0020524662796554,1.0,3791.0,AAH,0.0003407432900985,1.0,9252.0,0.0017117229895569001,LUAD,AAH,equal_sections
25,LUAD,GENE_IL1A,0.0003830995424651,1.0,3791.0,AAH,0.0002612180195599,1.0,9252.0,0.0001218815229052,LUAD,AAH,equal_sections
25,LUAD,GENE_IL1B,0.0030096354611956,1.0,3791.0,AAH,0.0006038489164473,1.0,9252.0,0.0024057865447483,LUAD,AAH,equal_sections
25,LUAD,GENE_IL1R1,0.0465898216924855,1.0,3791.0,AAH,0.0213125747392879,1.0,9252.0,0.025277246953197604,LUAD,AAH,equal_sections
25,LUAD,GENE_IL1R2,0.0012794900526165,1.0,3791.0,AAH,0.0010437899982746,1.0,9252.0,0.00023570005434190005,LUAD,AAH,equal_sections
25,LUAD,GENE_IL1RAP,0.0159613392241344,1.0,3791.0,AAH,0.0027635589035013,1.0,9252.0,0.0131977803206331,LUAD,AAH,equal_sections
25,LUAD,GENE_IL1RN,0.0023864257879758,1.0,3791.0,AAH,0.0015237834734279,1.0,9252.0,0.0008626423145478997,LUAD,AAH,equal_sections
25,LUAD,GENE_KRT17,0.0048117586144412,1.0,3791.0,AAH,0.0010054710008434,1.0,9252.0,0.0038062876135978004,LUAD,AAH,equal_sections
25,LUAD,GENE_KRT5,4.680815933500997,1.0,3791.0,AAH,5.815747358411596,1.0,9252.0,-1.134931424910599,LUAD,AAH,equal_sections
25,LUAD,GENE_KRT8,0.0484888017552142,1.0,3791.0,AAH,0.0085011053909169,1.0,9252.0,0.039987696364297304,LUAD,AAH,equal_sections
25,LUAD,GENE_SFTPC,0.0800450519460947,1.0,3791.0,AAH,0.3994202052803242,1.0,9252.0,-0.3193751533342295,LUAD,AAH,equal_sections
25,LUAD,GENE_SIGIRR,0.0132742932470173,1.0,3791.0,AAH,0.0041793754346787,1.0,9252.0,0.0090949178123386,LUAD,AAH,equal_sections
25,LUAD,GENE_TGFB1,0.0061423956825392,1.0,3791.0,AAH,0.0019268120790344,1.0,9252.0,0.0042155836035048,LUAD,AAH,equal_sections
25,LUAD,GENE_TNF,0.0008975553629559,1.0,3791.0,AAH,0.0001937687691702,1.0,9252.0,0.0007037865937856999,LUAD,AAH,equal_sections
25,LUAD,HALLMARK_E2F_TARGETS,0.0417949726022519,1.0,3791.0,AAH,0.0221362013834281,1.0,9252.0,0.0196587712188238,LUAD,AAH,equal_sections
25,LUAD,HALLMARK_G2M_CHECKPOINT,0.0178223623274006,1.0,3791.0,AAH,0.0030438364856703,1.0,9252.0,0.0147785258417303,LUAD,AAH,equal_sections
25,LUAD,HALLMARK_GLYCOLYSIS,0.043747991743543,1.0,3791.0,AAH,0.0246610552109496,1.0,9252.0,0.0190869365325934,LUAD,AAH,equal_sections
25,LUAD,HALLMARK_HYPOXIA,0.0532452203602065,1.0,3791.0,AAH,0.0365899321739184,1.0,9252.0,0.0166552881862881,LUAD,AAH,equal_sections
25,LUAD,HALLMARK_IL6_JAK_STAT3_SIGNALING,0.0796592123402031,1.0,3791.0,AAH,0.0630492954142414,1.0,9252.0,0.0166099169259617,LUAD,AAH,equal_sections
25,LUAD,HALLMARK_INFLAMMATORY_RESPONSE,0.1011498128132008,1.0,3791.0,AAH,0.086135680257155,1.0,9252.0,0.015014132556045806,LUAD,AAH,equal_sections
25,LUAD,HALLMARK_INTERFERON_GAMMA_RESPONSE,0.0877121467152909,1.0,3791.0,AAH,0.0598290250686056,1.0,9252.0,0.0278831216466853,LUAD,AAH,equal_sections
25,LUAD,HALLMARK_OXIDATIVE_PHOSPHORYLATION,0.021919301408835,1.0,3791.0,AAH,0.0047468079510117,1.0,9252.0,0.017172493457823297,LUAD,AAH,equal_sections
25,LUAD,HALLMARK_P53_PATHWAY,0.0727124654071942,1.0,3791.0,AAH,0.0485027400082113,1.0,9252.0,0.024209725398982897,LUAD,AAH,equal_sections
25,LUAD,HALLMARK_TGF_BETA_SIGNALING,0.0261400911654672,1.0,3791.0,AAH,0.0109578221176426,1.0,9252.0,0.0151822690478246,LUAD,AAH,equal_sections
25,LUAD,HALLMARK_TNFA_SIGNALING_VIA_NFKB,0.0304605729364155,1.0,3791.0,AAH,0.0151761579323571,1.0,9252.0,0.015284415004058399,LUAD,AAH,equal_sections
25,LUAD,HALLMARK_WNT_BETA_CATENIN_SIGNALING,0.0110121367731064,1.0,3791.0,AAH,0.0028195980088654,1.0,9252.0,0.008192538764241,LUAD,AAH,equal_sections
25,LUAD,REACTOME_EXTRACELLULAR_MATRIX_ORGANIZATION,0.1044439512254742,1.0,3791.0,AAH,0.0887465581593299,1.0,9252.0,0.015697393066144302,LUAD,AAH,equal_sections
1,LUAD,GENE_AGER,1.9042593328022184,,,AAH,3.0308429957029395,,,-1.126583662900721,LUAD,AAH,spot_weighted
1,LUAD,GENE_AQP5,0.1784952512709415,,,AAH,0.12306236568265672,,,0.0554328855882848,LUAD,AAH,spot_weighted
1,LUAD,GENE_AREG,0.1592045677261366,,,AAH,0.1547623958850764,,,0.0044421718410601885,LUAD,AAH,spot_weighted
1,LUAD,GENE_C1QA,1.7245554772244185,,,AAH,0.7537047445503036,,,0.9708507326741149,LUAD,AAH,spot_weighted
1,LUAD,GENE_CCL2,0.47725584093992446,,,AAH,0.2354045563939309,,,0.24185128454599356,LUAD,AAH,spot_weighted
1,LUAD,GENE_CD3D,0.3057816340200495,,,AAH,0.1610833980749078,,,0.1446982359451417,LUAD,AAH,spot_weighted
1,LUAD,GENE_CD8A,0.1545170073474824,,,AAH,0.1437410579794441,,,0.010775949368038301,LUAD,AAH,spot_weighted
1,LUAD,GENE_CLDN4,0.5083196039248931,,,AAH,0.5452634953454839,,,-0.036943891420590846,LUAD,AAH,spot_weighted
1,LUAD,GENE_COL1A1,1.1529205570328005,,,AAH,0.6487276120195064,,,0.5041929450132941,LUAD,AAH,spot_weighted
1,LUAD,GENE_CXCL12,0.6062391401038639,,,AAH,0.6196697720258203,,,-0.01343063192195637,LUAD,AAH,spot_weighted
1,LUAD,GENE_FGF10,0.0767443860013745,,,AAH,0.0938123559151769,,,-0.01706796991380241,LUAD,AAH,spot_weighted
1,LUAD,GENE_FGF7,0.2462577510915548,,,AAH,0.3189773341335197,,,-0.07271958304196491,LUAD,AAH,spot_weighted
1,LUAD,GENE_HBEGF,0.19780396948425172,,,AAH,0.22962707214203,,,-0.03182310265777827,LUAD,AAH,spot_weighted
1,LUAD,GENE_IFNG,0.0678872362137636,,,AAH,0.0320956154301102,,,0.035791620783653395,LUAD,AAH,spot_weighted
1,LUAD,GENE_IL1A,0.0347900120970122,,,AAH,0.0241991306132809,,,0.010590881483731298,LUAD,AAH,spot_weighted
1,LUAD,GENE_IL1B,0.1497398808117065,,,AAH,0.1373929063952431,,,0.012346974416463402,LUAD,AAH,spot_weighted
1,LUAD,GENE_IL1R1,0.6923836413535,,,AAH,1.0529493103612697,,,-0.36056566900776976,LUAD,AAH,spot_weighted
1,LUAD,GENE_IL1R2,0.0214939216994488,,,AAH,0.013923334391065802,,,0.007570587308382998,LUAD,AAH,spot_weighted
1,LUAD,GENE_IL1RAP,0.0873991334003485,,,AAH,0.0854258699173618,,,0.001973263482986695,LUAD,AAH,spot_weighted
1,LUAD,GENE_IL1RN,0.1447940015778756,,,AAH,0.0454212532942384,,,0.09937274828363718,LUAD,AAH,spot_weighted
1,LUAD,GENE_KRT17,0.02667594118854,,,AAH,0.0414366482668673,,,-0.014760707078327297,LUAD,AAH,spot_weighted
1,LUAD,GENE_KRT5,0.048878956930607995,,,AAH,0.0326843099350649,,,0.016194646995543092,LUAD,AAH,spot_weighted
1,LUAD,GENE_KRT8,0.8876153178194162,,,AAH,0.7770027335890335,,,0.11061258423038267,LUAD,AAH,spot_weighted
1,LUAD,GENE_SFTPC,4.882391969885378,,,AAH,5.652794360390273,,,-0.7704023905048949,LUAD,AAH,spot_weighted
1,LUAD,GENE_SIGIRR,0.44093647044087114,,,AAH,0.5342087414496267,,,-0.09327227100875557,LUAD,AAH,spot_weighted
1,LUAD,GENE_TGFB1,0.2905536234227116,,,AAH,0.2535407415147514,,,0.037012881907960204,LUAD,AAH,spot_weighted
1,LUAD,GENE_TNF,0.1152415756679726,,,AAH,0.0678002803981543,,,0.0474412952698183,LUAD,AAH,spot_weighted
1,LUAD,HALLMARK_E2F_TARGETS,0.1880635194523671,,,AAH,0.1746901819572137,,,0.013373337495153403,LUAD,AAH,spot_weighted
1,LUAD,HALLMARK_G2M_CHECKPOINT,0.2260891838716472,,,AAH,0.2271658373827743,,,-0.0010766535111270958,LUAD,AAH,spot_weighted
1,LUAD,HALLMARK_GLYCOLYSIS,0.2576076133681297,,,AAH,0.2495663219086789,,,0.008041291459450817,LUAD,AAH,spot_weighted
1,LUAD,HALLMARK_HYPOXIA,0.3933252077180547,,,AAH,0.45462920779718224,,,-0.06130400007912756,LUAD,AAH,spot_weighted
1,LUAD,HALLMARK_IL6_JAK_STAT3_SIGNALING,0.4505954931153099,,,AAH,0.3956598666280198,,,0.05493562648729011,LUAD,AAH,spot_weighted
1,LUAD,HALLMARK_INFLAMMATORY_RESPONSE,0.335349643495286,,,AAH,0.3013687281690043,,,0.033980915326281724,LUAD,AAH,spot_weighted
1,LUAD,HALLMARK_INTERFERON_GAMMA_RESPONSE,0.5818572642081398,,,AAH,0.455072725608048,,,0.12678453860009176,LUAD,AAH,spot_weighted
1,LUAD,HALLMARK_OXIDATIVE_PHOSPHORYLATION,0.37926684798464044,,,AAH,0.3621268334938003,,,0.017140014490840128,LUAD,AAH,spot_weighted
1,LUAD,HALLMARK_P53_PATHWAY,0.40184571357036025,,,AAH,0.4341506506302139,,,-0.032304937059853656,LUAD,AAH,spot_weighted
1,LUAD,HALLMARK_TGF_BETA_SIGNALING,0.498204774511428,,,AAH,0.6573091935315039,,,-0.15910441902007588,LUAD,AAH,spot_weighted
1,LUAD,HALLMARK_TNFA_SIGNALING_VIA_NFKB,0.501817666029002,,,AAH,0.5788144121805876,,,-0.07699674615158558,LUAD,AAH,spot_weighted
1,LUAD,HALLMARK_WNT_BETA_CATENIN_SIGNALING,0.2520932210378869,,,AAH,0.287415556945699,,,-0.035322335907812086,LUAD,AAH,spot_weighted
1,LUAD,REACTOME_EXTRACELLULAR_MATRIX_ORGANIZATION,0.3982936337605358,,,AAH,0.3956424915261237,,,0.002651142234412096,LUAD,AAH,spot_weighted
2,LUAD,GENE_AGER,2.372012027511792,,,AAH,2.582541894919957,,,-0.2105298674081646,LUAD,AAH,spot_weighted
2,LUAD,GENE_AQP5,0.1574242854882035,,,AAH,0.0871643911569733,,,0.0702598943312302,LUAD,AAH,spot_weighted
2,LUAD,GENE_AREG,0.8219264151331517,,,AAH,1.0428989872454726,,,-0.2209725721123209,LUAD,AAH,spot_weighted
2,LUAD,GENE_C1QA,0.7722018277657157,,,AAH,1.0713201297964456,,,-0.29911830203073,LUAD,AAH,spot_weighted
2,LUAD,GENE_CCL2,1.4637206081960152,,,AAH,1.7223621526384545,,,-0.25864154444243925,LUAD,AAH,spot_weighted
2,LUAD,GENE_CD3D,0.0410391175509036,,,AAH,0.048782058726686,,,-0.007742941175782399,LUAD,AAH,spot_weighted
2,LUAD,GENE_CD8A,0.0441588560333049,,,AAH,0.058643743688386,,,-0.014484887655081102,LUAD,AAH,spot_weighted
2,LUAD,GENE_CLDN4,0.8450622317122078,,,AAH,0.6872514945092546,,,0.15781073720295324,LUAD,AAH,spot_weighted
2,LUAD,GENE_COL1A1,1.1392133680408274,,,AAH,0.7251175317695562,,,0.4140958362712712,LUAD,AAH,spot_weighted
2,LUAD,GENE_CXCL12,0.3439762188245253,,,AAH,0.41889443389624487,,,-0.07491821507171958,LUAD,AAH,spot_weighted
2,LUAD,GENE_FGF10,0.0293709596050047,,,AAH,0.0396477598928673,,,-0.010276800287862597,LUAD,AAH,spot_weighted
2,LUAD,GENE_FGF7,0.2448807004845508,,,AAH,0.2924163540400403,,,-0.0475356535554895,LUAD,AAH,spot_weighted
2,LUAD,GENE_HBEGF,0.6094360551280652,,,AAH,0.8696120881120942,,,-0.260176032984029,LUAD,AAH,spot_weighted
2,LUAD,GENE_IFNG,0.0191665822985224,,,AAH,0.0350213198710258,,,-0.015854737572503403,LUAD,AAH,spot_weighted
2,LUAD,GENE_IL1A,0.0787727874277843,,,AAH,0.1425715451192942,,,-0.0637987576915099,LUAD,AAH,spot_weighted
2,LUAD,GENE_IL1B,0.25938682977421,,,AAH,0.5071531263117365,,,-0.24776629653752646,LUAD,AAH,spot_weighted
2,LUAD,GENE_IL1R1,0.7795886229926038,,,AAH,0.9075815360370706,,,-0.1279929130444668,LUAD,AAH,spot_weighted
2,LUAD,GENE_IL1R2,0.0160469544972562,,,AAH,0.0181546878208456,,,-0.002107733323589399,LUAD,AAH,spot_weighted
2,LUAD,GENE_IL1RAP,0.1684752256832696,,,AAH,0.2019919669149389,,,-0.033516741231669284,LUAD,AAH,spot_weighted
2,LUAD,GENE_IL1RN,0.1595608511069855,,,AAH,0.2175224028358285,,,-0.057961551728842986,LUAD,AAH,spot_weighted
2,LUAD,GENE_KRT17,0.21939756344702363,,,AAH,0.0751668827705238,,,0.14423068067649983,LUAD,AAH,spot_weighted
2,LUAD,GENE_KRT5,0.0143013785858191,,,AAH,0.0354475133389172,,,-0.0211461347530981,LUAD,AAH,spot_weighted
2,LUAD,GENE_KRT8,1.1331783510116726,,,AAH,1.2850764835433135,,,-0.15189813253164086,LUAD,AAH,spot_weighted
2,LUAD,GENE_SFTPC,4.197854145655331,,,AAH,4.32872906345233,,,-0.13087491779699878,LUAD,AAH,spot_weighted
2,LUAD,GENE_SIGIRR,0.3047618842076998,,,AAH,0.3073199284278473,,,-0.002558044220147493,LUAD,AAH,spot_weighted
2,LUAD,GENE_TGFB1,0.1294383552022846,,,AAH,0.1442699455759611,,,-0.014831590373676484,LUAD,AAH,spot_weighted
2,LUAD,GENE_TNF,0.0628035434029921,,,AAH,0.123633103760124,,,-0.0608295603571319,LUAD,AAH,spot_weighted
2,LUAD,HALLMARK_E2F_TARGETS,0.1351026938959965,,,AAH,0.1440100716391409,,,-0.008907377743144401,LUAD,AAH,spot_weighted
2,LUAD,HALLMARK_G2M_CHECKPOINT,0.1842349382265183,,,AAH,0.19667090479376412,,,-0.012435966567245826,LUAD,AAH,spot_weighted
2,LUAD,HALLMARK_GLYCOLYSIS,0.2292335420714563,,,AAH,0.2319720566908172,,,-0.0027385146193608934,LUAD,AAH,spot_weighted
2,LUAD,HALLMARK_HYPOXIA,0.4765422466386208,,,AAH,0.5100349935511853,,,-0.033492746912564486,LUAD,AAH,spot_weighted
2,LUAD,HALLMARK_IL6_JAK_STAT3_SIGNALING,0.4183981174187687,,,AAH,0.484561271268792,,,-0.0661631538500233,LUAD,AAH,spot_weighted
2,LUAD,HALLMARK_INFLAMMATORY_RESPONSE,0.3572437787620467,,,AAH,0.4154360171305276,,,-0.058192238368480864,LUAD,AAH,spot_weighted
2,LUAD,HALLMARK_INTERFERON_GAMMA_RESPONSE,0.4413818949517231,,,AAH,0.4981217224179889,,,-0.056739827466265824,LUAD,AAH,spot_weighted
2,LUAD,HALLMARK_OXIDATIVE_PHOSPHORYLATION,0.2620666888912272,,,AAH,0.2693828557950619,,,-0.007316166903834687,LUAD,AAH,spot_weighted
2,LUAD,HALLMARK_P53_PATHWAY,0.4043059770901483,,,AAH,0.43555651574847115,,,-0.031250538658322835,LUAD,AAH,spot_weighted
2,LUAD,HALLMARK_TGF_BETA_SIGNALING,0.5871480438134575,,,AAH,0.629310366594652,,,-0.04216232278119447,LUAD,AAH,spot_weighted
2,LUAD,HALLMARK_TNFA_SIGNALING_VIA_NFKB,0.7850180834824395,,,AAH,0.8613255922287194,,,-0.0763075087462799,LUAD,AAH,spot_weighted
2,LUAD,HALLMARK_WNT_BETA_CATENIN_SIGNALING,0.2080611250899949,,,AAH,0.23769250053248397,,,-0.02963137544248906,LUAD,AAH,spot_weighted
2,LUAD,REACTOME_EXTRACELLULAR_MATRIX_ORGANIZATION,0.3689750862375577,,,AAH,0.38574930357253784,,,-0.016774217334980135,LUAD,AAH,spot_weighted
4,LUAD,GENE_AGER,1.5629872285595092,,,AAH,1.3451108201875386,,,0.21787640837197064,LUAD,AAH,spot_weighted
4,LUAD,GENE_AQP5,0.17927503015512392,,,AAH,0.13344028857659584,,,0.04583474157852807,LUAD,AAH,spot_weighted
4,LUAD,GENE_AREG,0.2539895423392722,,,AAH,0.0374560813584769,,,0.2165334609807953,LUAD,AAH,spot_weighted
4,LUAD,GENE_C1QA,1.3815823653188575,,,AAH,0.7317158107939801,,,0.6498665545248774,LUAD,AAH,spot_weighted
4,LUAD,GENE_CCL2,0.3669059407953361,,,AAH,0.11184358762315556,,,0.25506235317218057,LUAD,AAH,spot_weighted
4,LUAD,GENE_CD3D,0.1411168058936374,,,AAH,0.09342207056438245,,,0.047694735329254945,LUAD,AAH,spot_weighted
4,LUAD,GENE_CD8A,0.0655278613378192,,,AAH,2.632384911048373,,,-2.5668570497105536,LUAD,AAH,spot_weighted
4,LUAD,GENE_CLDN4,1.4474969849751569,,,AAH,0.2644207791386309,,,1.183076205836526,LUAD,AAH,spot_weighted
4,LUAD,GENE_COL1A1,1.9831492276301421,,,AAH,0.6878809804087358,,,1.2952682472214063,LUAD,AAH,spot_weighted
4,LUAD,GENE_CXCL12,0.5247547056993397,,,AAH,0.3149257701488555,,,0.2098289355504842,LUAD,AAH,spot_weighted
4,LUAD,GENE_FGF10,0.0362465293792607,,,AAH,0.030777211598346378,,,0.005469317780914321,LUAD,AAH,spot_weighted
4,LUAD,GENE_FGF7,0.21676692451183052,,,AAH,0.11628068749527808,,,0.10048623701655245,LUAD,AAH,spot_weighted
4,LUAD,GENE_HBEGF,0.1674773721983973,,,AAH,0.04407751081421813,,,0.12339986138417919,LUAD,AAH,spot_weighted
4,LUAD,GENE_IFNG,0.046282175870697606,,,AAH,0.036770849235513534,,,0.009511326635184073,LUAD,AAH,spot_weighted
4,LUAD,GENE_IL1A,0.0188707412916337,,,AAH,0.013315124160035286,,,0.005555617131598413,LUAD,AAH,spot_weighted
4,LUAD,GENE_IL1B,0.08543607939991259,,,AAH,0.026903737941295476,,,0.05853234145861711,LUAD,AAH,spot_weighted
4,LUAD,GENE_IL1R1,0.6627851982436097,,,AAH,0.3611033637012957,,,0.301681834542314,LUAD,AAH,spot_weighted
4,LUAD,GENE_IL1R2,0.012295812401602898,,,AAH,0.008166786743132573,,,0.004129025658470325,LUAD,AAH,spot_weighted
4,LUAD,GENE_IL1RAP,0.2180707370953026,,,AAH,0.04435424134955203,,,0.1737164957457506,LUAD,AAH,spot_weighted
4,LUAD,GENE_IL1RN,0.10194340768692618,,,AAH,0.04118526857939036,,,0.06075813910753582,LUAD,AAH,spot_weighted
4,LUAD,GENE_KRT17,0.0773797990761433,,,AAH,0.011019750904547838,,,0.06636004817159546,LUAD,AAH,spot_weighted
4,LUAD,GENE_KRT5,0.033590210937284,,,AAH,2.9310336322224018,,,-2.897443421285118,LUAD,AAH,spot_weighted
4,LUAD,GENE_KRT8,1.791708679055022,,,AAH,0.42523105491877994,,,1.3664776241362422,LUAD,AAH,spot_weighted
4,LUAD,GENE_SFTPC,3.3067914728506462,,,AAH,2.9999162877395102,,,0.306875185111136,LUAD,AAH,spot_weighted
4,LUAD,GENE_SIGIRR,0.6951129513852794,,,AAH,0.22745868718095594,,,0.46765426420432343,LUAD,AAH,spot_weighted
4,LUAD,GENE_TGFB1,0.2842231541978075,,,AAH,0.11948568406945856,,,0.16473747012834897,LUAD,AAH,spot_weighted
4,LUAD,GENE_TNF,0.0991864151945298,,,AAH,0.04779592242731209,,,0.0513904927672177,LUAD,AAH,spot_weighted
4,LUAD,HALLMARK_E2F_TARGETS,0.2680319720526662,,,AAH,0.10098029265044609,,,0.16705167940222013,LUAD,AAH,spot_weighted
4,LUAD,HALLMARK_G2M_CHECKPOINT,0.297135088922858,,,AAH,0.10717305077807104,,,0.18996203814478696,LUAD,AAH,spot_weighted
4,LUAD,HALLMARK_GLYCOLYSIS,0.3877476279066456,,,AAH,0.13998534972378743,,,0.24776227818285815,LUAD,AAH,spot_weighted
4,LUAD,HALLMARK_HYPOXIA,0.4611792464825988,,,AAH,0.21257991196971018,,,0.2485993345128886,LUAD,AAH,spot_weighted
4,LUAD,HALLMARK_IL6_JAK_STAT3_SIGNALING,0.4505713888181836,,,AAH,0.2246842788020187,,,0.2258871100161649,LUAD,AAH,spot_weighted
4,LUAD,HALLMARK_INFLAMMATORY_RESPONSE,0.3350580322212044,,,AAH,0.18700985399354447,,,0.14804817822765992,LUAD,AAH,spot_weighted
4,LUAD,HALLMARK_INTERFERON_GAMMA_RESPONSE,0.5770581911881616,,,AAH,0.2721440096966953,,,0.3049141814914663,LUAD,AAH,spot_weighted
4,LUAD,HALLMARK_OXIDATIVE_PHOSPHORYLATION,0.5236795145620652,,,AAH,0.18215081127036428,,,0.34152870329170093,LUAD,AAH,spot_weighted
4,LUAD,HALLMARK_P53_PATHWAY,0.505591758625755,,,AAH,0.22563958123549074,,,0.27995217739026423,LUAD,AAH,spot_weighted
4,LUAD,HALLMARK_TGF_BETA_SIGNALING,0.6016946708472428,,,AAH,0.25367487975644976,,,0.34801979109079306,LUAD,AAH,spot_weighted
4,LUAD,HALLMARK_TNFA_SIGNALING_VIA_NFKB,0.5153117857276175,,,AAH,0.2227478581950182,,,0.2925639275325993,LUAD,AAH,spot_weighted
4,LUAD,HALLMARK_WNT_BETA_CATENIN_SIGNALING,0.3029280780582239,,,AAH,0.1211401576608218,,,0.1817879203974021,LUAD,AAH,spot_weighted
4,LUAD,REACTOME_EXTRACELLULAR_MATRIX_ORGANIZATION,0.4530033434614529,,,AAH,0.23988617376079635,,,0.21311716970065653,LUAD,AAH,spot_weighted
6,LUAD,GENE_AGER,1.4184315983752327,,,AAH,0.088278296200263,,,1.3301533021749696,LUAD,AAH,spot_weighted
6,LUAD,GENE_AQP5,0.1583081209743432,,,AAH,0.0012363747983675,,,0.15707174617597572,LUAD,AAH,spot_weighted
6,LUAD,GENE_AREG,0.2350953028189749,,,AAH,0.0008319960565271,,,0.2342633067624478,LUAD,AAH,spot_weighted
6,LUAD,GENE_C1QA,1.592880513664816,,,AAH,0.0133243237058279,,,1.5795561899589883,LUAD,AAH,spot_weighted
6,LUAD,GENE_CCL2,0.3535822749904771,,,AAH,0.0008102757468909001,,,0.3527719992435862,LUAD,AAH,spot_weighted
6,LUAD,GENE_CD3D,0.22930332066194206,,,AAH,0.0013808090359786,,,0.22792251162596347,LUAD,AAH,spot_weighted
6,LUAD,GENE_CD8A,0.1467245372280343,,,AAH,5.1299439734903975,,,-4.983219436262363,LUAD,AAH,spot_weighted
6,LUAD,GENE_CLDN4,0.7305164637410496,,,AAH,0.0055925243654741,,,0.7249239393755755,LUAD,AAH,spot_weighted
6,LUAD,GENE_COL1A1,2.077371911750945,,,AAH,0.0130078392782716,,,2.064364072472673,LUAD,AAH,spot_weighted
6,LUAD,GENE_CXCL12,0.8006923987606167,,,AAH,0.0097259755989841,,,0.7909664231616326,LUAD,AAH,spot_weighted
6,LUAD,GENE_FGF10,0.05798611501280889,,,AAH,0.0006252168638884,,,0.05736089814892049,LUAD,AAH,spot_weighted
6,LUAD,GENE_FGF7,0.4210330639612765,,,AAH,0.0020334591766293,,,0.4189996047846472,LUAD,AAH,spot_weighted
6,LUAD,GENE_HBEGF,0.2183886220911342,,,AAH,0.0008618639259606,,,0.21752675816517358,LUAD,AAH,spot_weighted
6,LUAD,GENE_IFNG,0.0397864480401594,,,AAH,0.0002557980183165,,,0.039530650021842896,LUAD,AAH,spot_weighted
6,LUAD,GENE_IL1A,0.0386383851205673,,,AAH,0.0001987572792505,,,0.038439627841316805,LUAD,AAH,spot_weighted
6,LUAD,GENE_IL1B,0.1211446746853483,,,AAH,0.0005169154817274,,,0.1206277592036209,LUAD,AAH,spot_weighted
6,LUAD,GENE_IL1R1,1.1082360044995925,,,AAH,0.0086765990637515,,,1.099559405435841,LUAD,AAH,spot_weighted
6,LUAD,GENE_IL1R2,0.0334924598793162,,,AAH,0.0002040586292296,,,0.0332884012500866,LUAD,AAH,spot_weighted
6,LUAD,GENE_IL1RAP,0.1742911843164399,,,AAH,0.0010765060112514,,,0.1732146783051885,LUAD,AAH,spot_weighted
6,LUAD,GENE_IL1RN,0.0913610735723635,,,AAH,0.0005191931306531,,,0.0908418804417104,LUAD,AAH,spot_weighted
6,LUAD,GENE_KRT17,0.21912017640197107,,,AAH,0.0009177691112452,,,0.21820240729072587,LUAD,AAH,spot_weighted
6,LUAD,GENE_KRT5,0.09874414399435871,,,AAH,5.478930614238582,,,-5.380186470244223,LUAD,AAH,spot_weighted
6,LUAD,GENE_KRT8,1.157528095026314,,,AAH,0.0096894375115356,,,1.1478386575147785,LUAD,AAH,spot_weighted
6,LUAD,GENE_SFTPC,3.079980472371944,,,AAH,0.6776383675893983,,,2.4023421047825457,LUAD,AAH,spot_weighted
6,LUAD,GENE_SIGIRR,0.600081169790377,,,AAH,0.006673564327154899,,,0.593407605463222,LUAD,AAH,spot_weighted
6,LUAD,GENE_TGFB1,0.3433428840453966,,,AAH,0.0021373008667222,,,0.3412055831786744,LUAD,AAH,spot_weighted
6,LUAD,GENE_TNF,0.09913288421647831,,,AAH,0.0006095302156689,,,0.09852335400080942,LUAD,AAH,spot_weighted
6,LUAD,HALLMARK_E2F_TARGETS,0.2345270423245711,,,AAH,0.027180726448206297,,,0.20734631587636482,LUAD,AAH,spot_weighted
6,LUAD,HALLMARK_G2M_CHECKPOINT,0.2813313475262767,,,AAH,0.002513930980061,,,0.2788174165462157,LUAD,AAH,spot_weighted
6,LUAD,HALLMARK_GLYCOLYSIS,0.3394088357464703,,,AAH,0.024558241711047795,,,0.3148505940354225,LUAD,AAH,spot_weighted
6,LUAD,HALLMARK_HYPOXIA,0.5074568356873629,,,AAH,0.0340080935263445,,,0.4734487421610184,LUAD,AAH,spot_weighted
6,LUAD,HALLMARK_IL6_JAK_STAT3_SIGNALING,0.4535029620488444,,,AAH,0.0806442819721116,,,0.3728586800767328,LUAD,AAH,spot_weighted
6,LUAD,HALLMARK_INFLAMMATORY_RESPONSE,0.358953199658572,,,AAH,0.0972394075201282,,,0.26171379213844376,LUAD,AAH,spot_weighted
6,LUAD,HALLMARK_INTERFERON_GAMMA_RESPONSE,0.560173839855687,,,AAH,0.0600407556607407,,,0.5001330841949463,LUAD,AAH,spot_weighted
6,LUAD,HALLMARK_OXIDATIVE_PHOSPHORYLATION,0.4549616943645158,,,AAH,0.0040910722879994,,,0.4508706220765164,LUAD,AAH,spot_weighted
6,LUAD,HALLMARK_P53_PATHWAY,0.5076923824895903,,,AAH,0.0521770909112594,,,0.45551529157833087,LUAD,AAH,spot_weighted
6,LUAD,HALLMARK_TGF_BETA_SIGNALING,0.652020064340623,,,AAH,0.006715397778822,,,0.645304666561801,LUAD,AAH,spot_weighted
6,LUAD,HALLMARK_TNFA_SIGNALING_VIA_NFKB,0.619682828808952,,,AAH,0.0055633688065948,,,0.6141194600023572,LUAD,AAH,spot_weighted
6,LUAD,HALLMARK_WNT_BETA_CATENIN_SIGNALING,0.3169804758416981,,,AAH,0.0028934577336319003,,,0.31408701810806616,LUAD,AAH,spot_weighted
6,LUAD,REACTOME_EXTRACELLULAR_MATRIX_ORGANIZATION,0.4872979646225073,,,AAH,0.0866442563472371,,,0.4006537082752702,LUAD,AAH,spot_weighted
9,LUAD,GENE_AGER,0.0379714474842268,,,AAH,0.1021066434713713,,,-0.0641351959871445,LUAD,AAH,spot_weighted
9,LUAD,GENE_AQP5,0.0027584562157243996,,,AAH,0.0007450550319488,,,0.0020134011837755995,LUAD,AAH,spot_weighted
9,LUAD,GENE_AREG,0.0071278081664312,,,AAH,0.0012317124208104,,,0.0058960957456208,LUAD,AAH,spot_weighted
9,LUAD,GENE_C1QA,0.0066837507741897,,,AAH,0.00850222590124,,,-0.0018184751270503,LUAD,AAH,spot_weighted
9,LUAD,GENE_CCL2,0.006772449959129401,,,AAH,0.0012744400287883,,,0.005498009930341101,LUAD,AAH,spot_weighted
9,LUAD,GENE_CD3D,0.000969980418447,,,AAH,0.0011497067139773,,,-0.00017972629553029995,LUAD,AAH,spot_weighted
9,LUAD,GENE_CD8A,4.9131098916107145,,,AAH,5.1958298142321055,,,-0.282719922621391,LUAD,AAH,spot_weighted
9,LUAD,GENE_CLDN4,0.011153647324767799,,,AAH,0.0032277115720575,,,0.007925935752710299,LUAD,AAH,spot_weighted
9,LUAD,GENE_COL1A1,0.0230254963320472,,,AAH,0.0079109927406105,,,0.015114503591436701,LUAD,AAH,spot_weighted
9,LUAD,GENE_CXCL12,0.01000515475173,,,AAH,0.0082433565476934,,,0.0017617982040366003,LUAD,AAH,spot_weighted
9,LUAD,GENE_FGF10,0.0005527151426326,,,AAH,0.0005895538697886,,,-3.683872715599999e-05,LUAD,AAH,spot_weighted
9,LUAD,GENE_FGF7,0.0033221567324343,,,AAH,0.0016049610069244,,,0.0017171957255099,LUAD,AAH,spot_weighted
9,LUAD,GENE_HBEGF,0.0017960025045618002,,,AAH,0.0014330089257548,,,0.0003629935788070002,LUAD,AAH,spot_weighted
9,LUAD,GENE_IFNG,0.0001877477761352,,,AAH,0.0003084546032937,,,-0.0001207068271585,LUAD,AAH,spot_weighted
9,LUAD,GENE_IL1A,0.0002130494817487,,,AAH,0.0001743627052109,,,3.868677653780001e-05,LUAD,AAH,spot_weighted
9,LUAD,GENE_IL1B,0.0006631198605210002,,,AAH,0.000659240995894,,,3.878864627000116e-06,LUAD,AAH,spot_weighted
9,LUAD,GENE_IL1R1,0.0120256686388807,,,AAH,0.014630296343977,,,-0.0026046277050963008,LUAD,AAH,spot_weighted
9,LUAD,GENE_IL1R2,0.0002999057190174,,,AAH,0.00012101720573390002,,,0.00017888851328349994,LUAD,AAH,spot_weighted
9,LUAD,GENE_IL1RAP,0.002024834325231,,,AAH,0.0009944395951988,,,0.0010303947300322003,LUAD,AAH,spot_weighted
9,LUAD,GENE_IL1RN,0.0011959919280148,,,AAH,0.00038900180950730004,,,0.0008069901185074999,LUAD,AAH,spot_weighted
9,LUAD,GENE_KRT17,0.0085903199037055,,,AAH,0.0001535805129281,,,0.0084367393907774,LUAD,AAH,spot_weighted
9,LUAD,GENE_KRT5,6.917595178655027,,,AAH,6.464827092843767,,,0.45276808581126016,LUAD,AAH,spot_weighted
9,LUAD,GENE_KRT8,0.0220016166048259,,,AAH,0.0047173451953011,,,0.0172842714095248,LUAD,AAH,spot_weighted
9,LUAD,GENE_SFTPC,0.2758759153419179,,,AAH,0.5559721535269941,,,-0.28009623818507623,LUAD,AAH,spot_weighted
9,LUAD,GENE_SIGIRR,0.0049983620023997,,,AAH,0.0044309369766043,,,0.0005674250257954004,LUAD,AAH,spot_weighted
9,LUAD,GENE_TGFB1,0.0016767837907103,,,AAH,0.0013717886627682,,,0.0003049951279421,LUAD,AAH,spot_weighted
9,LUAD,GENE_TNF,0.0003191179275303,,,AAH,0.00045393304456919995,,,-0.00013481511703889994,LUAD,AAH,spot_weighted
9,LUAD,HALLMARK_E2F_TARGETS,0.028070688446871703,,,AAH,0.023513124054279,,,0.0045575643925927015,LUAD,AAH,spot_weighted
9,LUAD,HALLMARK_G2M_CHECKPOINT,0.0029316116620707,,,AAH,0.0020841189123428,,,0.0008474927497279,LUAD,AAH,spot_weighted
9,LUAD,HALLMARK_GLYCOLYSIS,0.0258205414700154,,,AAH,0.0218569812694398,,,0.003963560200575599,LUAD,AAH,spot_weighted
9,LUAD,HALLMARK_HYPOXIA,0.0343859320587738,,,AAH,0.0344270490990761,,,-4.11170403023034e-05,LUAD,AAH,spot_weighted
9,LUAD,HALLMARK_IL6_JAK_STAT3_SIGNALING,0.0724678238981421,,,AAH,0.0702887490147234,,,0.0021790748834187024,LUAD,AAH,spot_weighted
9,LUAD,HALLMARK_INFLAMMATORY_RESPONSE,0.0876120949913014,,,AAH,0.0906690455569086,,,-0.0030569505656072027,LUAD,AAH,spot_weighted
9,LUAD,HALLMARK_INTERFERON_GAMMA_RESPONSE,0.0560783150235141,,,AAH,0.0551160684264692,,,0.0009622465970448996,LUAD,AAH,spot_weighted
9,LUAD,HALLMARK_OXIDATIVE_PHOSPHORYLATION,0.0041917952650187,,,AAH,0.0034577286269134,,,0.0007340666381052997,LUAD,AAH,spot_weighted
9,LUAD,HALLMARK_P53_PATHWAY,0.0546417680058691,,,AAH,0.0461995823747812,,,0.008442185631087895,LUAD,AAH,spot_weighted
9,LUAD,HALLMARK_TGF_BETA_SIGNALING,0.0078260978561381,,,AAH,0.006176464828364701,,,0.0016496330277733992,LUAD,AAH,spot_weighted
9,LUAD,HALLMARK_TNFA_SIGNALING_VIA_NFKB,0.0106891825346629,,,AAH,0.0067938011060714,,,0.003895381428591499,LUAD,AAH,spot_weighted
9,LUAD,HALLMARK_WNT_BETA_CATENIN_SIGNALING,0.0029733066768149997,,,AAH,0.0022771802680533,,,0.0006961264087616999,LUAD,AAH,spot_weighted
9,LUAD,REACTOME_EXTRACELLULAR_MATRIX_ORGANIZATION,0.082652852738381,,,AAH,0.0836816129947101,,,-0.0010287602563291004,LUAD,AAH,spot_weighted
11,LUAD,GENE_AGER,0.06136370022757061,,,AAH,0.0914059378297769,,,-0.030042237602206298,LUAD,AAH,spot_weighted
11,LUAD,GENE_AQP5,0.0036541552275716,,,AAH,0.0020340188596647,,,0.0016201363679069001,LUAD,AAH,spot_weighted
11,LUAD,GENE_AREG,0.0086190187107269,,,AAH,0.0037109803503109,,,0.004908038360416,LUAD,AAH,spot_weighted
11,LUAD,GENE_C1QA,0.0330193256169254,,,AAH,0.0166910117678064,,,0.016328313849119,LUAD,AAH,spot_weighted
11,LUAD,GENE_CCL2,0.0106243037182218,,,AAH,0.0034218219606741,,,0.0072024817575477,LUAD,AAH,spot_weighted
11,LUAD,GENE_CD3D,0.00550096013877,,,AAH,0.0014371843974162,,,0.0040637757413538,LUAD,AAH,spot_weighted
11,LUAD,GENE_CD8A,5.739564259151325,,,AAH,5.134988023044154,,,0.6045762361071709,LUAD,AAH,spot_weighted
11,LUAD,GENE_CLDN4,0.028726514101125398,,,AAH,0.0099013191238781,,,0.0188251949772473,LUAD,AAH,spot_weighted
11,LUAD,GENE_COL1A1,0.45530812913174,,,AAH,0.0253687638910804,,,0.4299393652406596,LUAD,AAH,spot_weighted
11,LUAD,GENE_CXCL12,0.0108691610381457,,,AAH,0.0082312526094052,,,0.002637908428740501,LUAD,AAH,spot_weighted
11,LUAD,GENE_FGF10,0.00038866739375689995,,,AAH,0.0006062706805265,,,-0.0002176032867696,LUAD,AAH,spot_weighted
11,LUAD,GENE_FGF7,0.0076880102052198,,,AAH,0.0033033808043488005,,,0.004384629400870999,LUAD,AAH,spot_weighted
11,LUAD,GENE_HBEGF,0.0059383001309482,,,AAH,0.00232956226886,,,0.0036087378620881998,LUAD,AAH,spot_weighted
11,LUAD,GENE_IFNG,0.0008122464088259,,,AAH,0.0002638364296315,,,0.0005484099791944,LUAD,AAH,spot_weighted
11,LUAD,GENE_IL1A,0.0005725319333425,,,AAH,0.0003734984672275999,,,0.00019903346611490009,LUAD,AAH,spot_weighted
11,LUAD,GENE_IL1B,0.0025791148354013,,,AAH,0.0012778779413161,,,0.0013012368940852003,LUAD,AAH,spot_weighted
11,LUAD,GENE_IL1R1,0.0195039041877425,,,AAH,0.0103142387544332,,,0.009189665433309301,LUAD,AAH,spot_weighted
11,LUAD,GENE_IL1R2,0.0004897468071604,,,AAH,0.0003031968732689,,,0.00018654993389150004,LUAD,AAH,spot_weighted
11,LUAD,GENE_IL1RAP,0.0021867677475136,,,AAH,0.0015598205438683997,,,0.0006269472036452004,LUAD,AAH,spot_weighted
11,LUAD,GENE_IL1RN,0.004117363178765,,,AAH,0.0015316962384203,,,0.0025856669403447,LUAD,AAH,spot_weighted
11,LUAD,GENE_KRT17,0.0053514396125476,,,AAH,0.0021678515977715,,,0.0031835880147761,LUAD,AAH,spot_weighted
11,LUAD,GENE_KRT5,6.250862863389603,,,AAH,6.132555482107138,,,0.11830738128246487,LUAD,AAH,spot_weighted
11,LUAD,GENE_KRT8,0.0549914685611865,,,AAH,0.0198152208728073,,,0.0351762476883792,LUAD,AAH,spot_weighted
11,LUAD,GENE_SFTPC,0.3232289382443394,,,AAH,0.9542066759486292,,,-0.6309777377042898,LUAD,AAH,spot_weighted
11,LUAD,GENE_SIGIRR,0.0117579477668195,,,AAH,0.0076440647166666,,,0.0041138830501529,LUAD,AAH,spot_weighted
11,LUAD,GENE_TGFB1,0.0036458338860486995,,,AAH,0.0024704122423715,,,0.0011754216436771995,LUAD,AAH,spot_weighted
11,LUAD,GENE_TNF,0.0009109471750155,,,AAH,0.0004624337175911,,,0.0004485134574244,LUAD,AAH,spot_weighted
11,LUAD,HALLMARK_E2F_TARGETS,0.0350224247833379,,,AAH,0.027314122425991,,,0.007708302357346899,LUAD,AAH,spot_weighted
11,LUAD,HALLMARK_G2M_CHECKPOINT,0.007227494367126399,,,AAH,0.0036054233984195005,,,0.0036220709687068984,LUAD,AAH,spot_weighted
11,LUAD,HALLMARK_GLYCOLYSIS,0.0329271640104402,,,AAH,0.0280101134045002,,,0.004917050605939999,LUAD,AAH,spot_weighted
11,LUAD,HALLMARK_HYPOXIA,0.0431819965131429,,,AAH,0.0377303644728908,,,0.005451632040252105,LUAD,AAH,spot_weighted
11,LUAD,HALLMARK_IL6_JAK_STAT3_SIGNALING,0.0808145896455012,,,AAH,0.0772939981143854,,,0.0035205915311157937,LUAD,AAH,spot_weighted
11,LUAD,HALLMARK_INFLAMMATORY_RESPONSE,0.0993733413269643,,,AAH,0.0962279198902394,,,0.0031454214367249017,LUAD,AAH,spot_weighted
11,LUAD,HALLMARK_INTERFERON_GAMMA_RESPONSE,0.0760655013311775,,,AAH,0.05986991857954389,,,0.016195582751633603,LUAD,AAH,spot_weighted
11,LUAD,HALLMARK_OXIDATIVE_PHOSPHORYLATION,0.0099990955132028,,,AAH,0.0059713293221071,,,0.0040277661910956995,LUAD,AAH,spot_weighted
11,LUAD,HALLMARK_P53_PATHWAY,0.0673632717573649,,,AAH,0.0557559705917069,,,0.011607301165657995,LUAD,AAH,spot_weighted
11,LUAD,HALLMARK_TGF_BETA_SIGNALING,0.0160893214839221,,,AAH,0.0089008852924585,,,0.0071884361914636,LUAD,AAH,spot_weighted
11,LUAD,HALLMARK_TNFA_SIGNALING_VIA_NFKB,0.0218557137626695,,,AAH,0.0098642722332095,,,0.011991441529459999,LUAD,AAH,spot_weighted
11,LUAD,HALLMARK_WNT_BETA_CATENIN_SIGNALING,0.0067930357784865,,,AAH,0.0041766903659626,,,0.0026163454125239004,LUAD,AAH,spot_weighted
11,LUAD,REACTOME_EXTRACELLULAR_MATRIX_ORGANIZATION,0.09571078115547602,,,AAH,0.089509476872192,,,0.006201304283284012,LUAD,AAH,spot_weighted
20,LUAD,GENE_AGER,0.15378502626515572,,,AAH,0.35088852764529865,,,-0.19710350138014293,LUAD,AAH,spot_weighted
20,LUAD,GENE_AQP5,0.0034228306520179,,,AAH,0.0048636997086899,,,-0.001440869056672,LUAD,AAH,spot_weighted
20,LUAD,GENE_AREG,0.0049419784691305,,,AAH,0.0027548243974051,,,0.0021871540717253997,LUAD,AAH,spot_weighted
20,LUAD,GENE_C1QA,0.1127408473724481,,,AAH,0.1450168099464847,,,-0.03227596257403659,LUAD,AAH,spot_weighted
20,LUAD,GENE_CCL2,0.0192833220958473,,,AAH,0.0102580799052383,,,0.009025242190609,LUAD,AAH,spot_weighted
20,LUAD,GENE_CD3D,0.0120968759323571,,,AAH,0.0118650154765611,,,0.0002318604557960003,LUAD,AAH,spot_weighted
20,LUAD,GENE_CD8A,4.846099617709847,,,AAH,4.868740055754521,,,-0.022640438044673417,LUAD,AAH,spot_weighted
20,LUAD,GENE_CLDN4,0.0605560874335528,,,AAH,0.030952251320582096,,,0.029603836112970704,LUAD,AAH,spot_weighted
20,LUAD,GENE_COL1A1,0.902159480114996,,,AAH,0.0687448868658522,,,0.8334145932491438,LUAD,AAH,spot_weighted
20,LUAD,GENE_CXCL12,0.048210147204565,,,AAH,0.0766128562591542,,,-0.028402709054589206,LUAD,AAH,spot_weighted
20,LUAD,GENE_FGF10,0.0009332820420850998,,,AAH,0.0024262122972586,,,-0.0014929302551735003,LUAD,AAH,spot_weighted
20,LUAD,GENE_FGF7,0.0166304155509191,,,AAH,0.0101807759269175,,,0.0064496396240016005,LUAD,AAH,spot_weighted
20,LUAD,GENE_HBEGF,0.0057010423444049,,,AAH,0.0069181286792825,,,-0.0012170863348775996,LUAD,AAH,spot_weighted
20,LUAD,GENE_IFNG,0.0023828452046001,,,AAH,0.0022278824332529,,,0.0001549627713471999,LUAD,AAH,spot_weighted
20,LUAD,GENE_IL1A,0.0020067647890579,,,AAH,0.0011940700600878,,,0.0008126947289701001,LUAD,AAH,spot_weighted
20,LUAD,GENE_IL1B,0.0091625139359092,,,AAH,0.0044399728852566,,,0.0047225410506525995,LUAD,AAH,spot_weighted
20,LUAD,GENE_IL1R1,0.0746798187478922,,,AAH,0.0598313610248912,,,0.014848457723001002,LUAD,AAH,spot_weighted
20,LUAD,GENE_IL1R2,0.0028981068371896,,,AAH,0.0005166599183523,,,0.0023814469188373,LUAD,AAH,spot_weighted
20,LUAD,GENE_IL1RAP,0.00803583158352,,,AAH,0.0047000754501513,,,0.0033357561333687002,LUAD,AAH,spot_weighted
20,LUAD,GENE_IL1RN,0.0065390543724305,,,AAH,0.0024283702441953,,,0.0041106841282352,LUAD,AAH,spot_weighted
20,LUAD,GENE_KRT17,0.0453918728287078,,,AAH,0.0033308875537041,,,0.042060985275003696,LUAD,AAH,spot_weighted
20,LUAD,GENE_KRT5,5.404773132182589,,,AAH,5.135122681723962,,,0.26965045045862723,LUAD,AAH,spot_weighted
20,LUAD,GENE_KRT8,0.1252553889102,,,AAH,0.0426026763193544,,,0.08265271259084558,LUAD,AAH,spot_weighted
20,LUAD,GENE_SFTPC,0.9260258713581556,,,AAH,1.7729300782064097,,,-0.8469042068482541,LUAD,AAH,spot_weighted
20,LUAD,GENE_SIGIRR,0.0327726231574033,,,AAH,0.0403828548210799,,,-0.007610231663676602,LUAD,AAH,spot_weighted
20,LUAD,GENE_TGFB1,0.018917084416312603,,,AAH,0.0193021816937605,,,-0.00038509727744789543,LUAD,AAH,spot_weighted
20,LUAD,GENE_TNF,0.0048340218011967,,,AAH,0.0044244982344357,,,0.0004095235667610003,LUAD,AAH,spot_weighted
20,LUAD,HALLMARK_E2F_TARGETS,0.0404585270150633,,,AAH,0.0340854210824316,,,0.006373105932631698,LUAD,AAH,spot_weighted
20,LUAD,HALLMARK_G2M_CHECKPOINT,0.0201239564505031,,,AAH,0.0153989824873026,,,0.004724973963200499,LUAD,AAH,spot_weighted
20,LUAD,HALLMARK_GLYCOLYSIS,0.0535220926199484,,,AAH,0.0403256022248996,,,0.013196490395048797,LUAD,AAH,spot_weighted
20,LUAD,HALLMARK_HYPOXIA,0.076083098427592,,,AAH,0.067395587242189,,,0.008687511185403007,LUAD,AAH,spot_weighted
20,LUAD,HALLMARK_IL6_JAK_STAT3_SIGNALING,0.1048791065458815,,,AAH,0.09937265334353101,,,0.005506453202350492,LUAD,AAH,spot_weighted
20,LUAD,HALLMARK_INFLAMMATORY_RESPONSE,0.11648422311688342,,,AAH,0.11169444216176051,,,0.004789780955122905,LUAD,AAH,spot_weighted
20,LUAD,HALLMARK_INTERFERON_GAMMA_RESPONSE,0.10825956617539692,,,AAH,0.0996977414213499,,,0.008561824754047015,LUAD,AAH,spot_weighted
20,LUAD,HALLMARK_OXIDATIVE_PHOSPHORYLATION,0.029184548512923,,,AAH,0.0251583453008463,,,0.004026203212076699,LUAD,AAH,spot_weighted
20,LUAD,HALLMARK_P53_PATHWAY,0.0908643082708576,,,AAH,0.0803015801351657,,,0.01056272813569191,LUAD,AAH,spot_weighted
20,LUAD,HALLMARK_TGF_BETA_SIGNALING,0.0531188616976792,,,AAH,0.047082257033595,,,0.006036604664084205,LUAD,AAH,spot_weighted
20,LUAD,HALLMARK_TNFA_SIGNALING_VIA_NFKB,0.0595904037456877,,,AAH,0.0460711909496786,,,0.013519212796009102,LUAD,AAH,spot_weighted
20,LUAD,HALLMARK_WNT_BETA_CATENIN_SIGNALING,0.0198356943057315,,,AAH,0.0180611227554868,,,0.0017745715502446996,LUAD,AAH,spot_weighted
20,LUAD,REACTOME_EXTRACELLULAR_MATRIX_ORGANIZATION,0.1421491010666796,,,AAH,0.1145794803530702,,,0.02756962071360941,LUAD,AAH,spot_weighted
22,LUAD,GENE_AGER,0.3038515905689986,,,AAH,0.1802993780831088,,,0.12355221248588977,LUAD,AAH,spot_weighted
22,LUAD,GENE_AQP5,0.0042918323402362,,,AAH,0.002350648568196,,,0.0019411837720402,LUAD,AAH,spot_weighted
22,LUAD,GENE_AREG,0.0079724746601477,,,AAH,0.0019780442137784,,,0.005994430446369301,LUAD,AAH,spot_weighted
22,LUAD,GENE_C1QA,0.0938816504595408,,,AAH,0.05662768928958311,,,0.037253961169957696,LUAD,AAH,spot_weighted
22,LUAD,GENE_CCL2,0.0067512467357505,,,AAH,0.0024296019561355,,,0.0043216447796150005,LUAD,AAH,spot_weighted
22,LUAD,GENE_CD3D,0.0061181038358382,,,AAH,0.0026342362459557,,,0.0034838675898824995,LUAD,AAH,spot_weighted
22,LUAD,GENE_CD8A,5.184732198166524,,,AAH,4.987717546484019,,,0.19701465168250554,LUAD,AAH,spot_weighted
22,LUAD,GENE_CLDN4,0.0268971090379534,,,AAH,0.0091481285566337,,,0.0177489804813197,LUAD,AAH,spot_weighted
22,LUAD,GENE_COL1A1,0.0321314520603265,,,AAH,0.01574973352475,,,0.0163817185355765,LUAD,AAH,spot_weighted
22,LUAD,GENE_CXCL12,0.0370541983238774,,,AAH,0.0173192598405896,,,0.0197349384832878,LUAD,AAH,spot_weighted
22,LUAD,GENE_FGF10,0.0024235453953828,,,AAH,0.0012867382781897,,,0.0011368071171931,LUAD,AAH,spot_weighted
22,LUAD,GENE_FGF7,0.0098675550496697,,,AAH,0.0048015173388302,,,0.005066037710839501,LUAD,AAH,spot_weighted
22,LUAD,GENE_HBEGF,0.0051604683472247,,,AAH,0.0032015562004519,,,0.0019589121467728002,LUAD,AAH,spot_weighted
22,LUAD,GENE_IFNG,0.0012205518599126,,,AAH,0.0002451306402224,,,0.0009754212196902,LUAD,AAH,spot_weighted
22,LUAD,GENE_IL1A,0.0015335395873022,,,AAH,0.0005909737737417,,,0.0009425658135604999,LUAD,AAH,spot_weighted
22,LUAD,GENE_IL1B,0.0041268862031147,,,AAH,0.001307836504229,,,0.0028190496988857,LUAD,AAH,spot_weighted
22,LUAD,GENE_IL1R1,0.074502383382989,,,AAH,0.0342354754950001,,,0.040266907887988895,LUAD,AAH,spot_weighted
22,LUAD,GENE_IL1R2,0.0013159254688208002,,,AAH,0.0004423527363929,,,0.0008735727324279002,LUAD,AAH,spot_weighted
22,LUAD,GENE_IL1RAP,0.0077351335676292,,,AAH,0.0036189701848594,,,0.004116163382769799,LUAD,AAH,spot_weighted
22,LUAD,GENE_IL1RN,0.0040788466897783,,,AAH,0.001442353647887,,,0.0026364930418913,LUAD,AAH,spot_weighted
22,LUAD,GENE_KRT17,0.0049468006434817,,,AAH,0.003003152734851,,,0.0019436479086306995,LUAD,AAH,spot_weighted
22,LUAD,GENE_KRT5,5.084655590530136,,,AAH,6.116725411573568,,,-1.0320698210434323,LUAD,AAH,spot_weighted
22,LUAD,GENE_KRT8,0.041634547207622,,,AAH,0.01670155735451,,,0.024932989853111997,LUAD,AAH,spot_weighted
22,LUAD,GENE_SFTPC,1.5852673602870084,,,AAH,1.0471414169199695,,,0.5381259433670389,LUAD,AAH,spot_weighted
22,LUAD,GENE_SIGIRR,0.023589215570199395,,,AAH,0.0095137537288929,,,0.014075461841306494,LUAD,AAH,spot_weighted
22,LUAD,GENE_TGFB1,0.0101706249979615,,,AAH,0.0058391000574299,,,0.0043315249405315994,LUAD,AAH,spot_weighted
22,LUAD,GENE_TNF,0.0017469469788619998,,,AAH,0.0005256111252301,,,0.0012213358536318998,LUAD,AAH,spot_weighted
22,LUAD,HALLMARK_E2F_TARGETS,0.0330710997007082,,,AAH,0.0288556097200547,,,0.004215489980653499,LUAD,AAH,spot_weighted
22,LUAD,HALLMARK_G2M_CHECKPOINT,0.0142309744454731,,,AAH,0.0060300520402196,,,0.0082009224052535,LUAD,AAH,spot_weighted
22,LUAD,HALLMARK_GLYCOLYSIS,0.039506809395686,,,AAH,0.0296116962924459,,,0.009895113103240101,LUAD,AAH,spot_weighted
22,LUAD,HALLMARK_HYPOXIA,0.062611612290229,,,AAH,0.0446601442640117,,,0.017951468026217304,LUAD,AAH,spot_weighted
22,LUAD,HALLMARK_IL6_JAK_STAT3_SIGNALING,0.09573337220088618,,,AAH,0.07611403093338219,,,0.01961934126750399,LUAD,AAH,spot_weighted
22,LUAD,HALLMARK_INFLAMMATORY_RESPONSE,0.1105542360513046,,,AAH,0.0954168174784929,,,0.0151374185728117,LUAD,AAH,spot_weighted
22,LUAD,HALLMARK_INTERFERON_GAMMA_RESPONSE,0.0838453882598252,,,AAH,0.0663341998061364,,,0.017511188453688792,LUAD,AAH,spot_weighted
22,LUAD,HALLMARK_OXIDATIVE_PHOSPHORYLATION,0.0216632804880875,,,AAH,0.009620913857551,,,0.0120423666305365,LUAD,AAH,spot_weighted
22,LUAD,HALLMARK_P53_PATHWAY,0.0749612641309784,,,AAH,0.060076173561631,,,0.014885090569347392,LUAD,AAH,spot_weighted
22,LUAD,HALLMARK_TGF_BETA_SIGNALING,0.0372927212380031,,,AAH,0.0175036637584239,,,0.019789057479579198,LUAD,AAH,spot_weighted
22,LUAD,HALLMARK_TNFA_SIGNALING_VIA_NFKB,0.0359902784964853,,,AAH,0.0163165179656546,,,0.019673760530830697,LUAD,AAH,spot_weighted
22,LUAD,HALLMARK_WNT_BETA_CATENIN_SIGNALING,0.0133344754567989,,,AAH,0.0061586163691856,,,0.007175859087613299,LUAD,AAH,spot_weighted
22,LUAD,REACTOME_EXTRACELLULAR_MATRIX_ORGANIZATION,0.1118422705487233,,,AAH,0.0942487300254626,,,0.017593540523260703,LUAD,AAH,spot_weighted
24,LUAD,GENE_AGER,0.0240882811619428,,,AAH,0.0780960810391241,,,-0.05400779987718131,LUAD,AAH,spot_weighted
24,LUAD,GENE_AQP5,0.0009387128658722,,,AAH,0.0023556228116936,,,-0.0014169099458214,LUAD,AAH,spot_weighted
24,LUAD,GENE_AREG,0.0399875044373639,,,AAH,0.020201506823329,,,0.019785997614034902,LUAD,AAH,spot_weighted
24,LUAD,GENE_C1QA,0.1318019447793487,,,AAH,0.0328784983598354,,,0.09892344641951331,LUAD,AAH,spot_weighted
24,LUAD,GENE_CCL2,0.0124995094578197,,,AAH,0.0708762803629119,,,-0.0583767709050922,LUAD,AAH,spot_weighted
24,LUAD,GENE_CD3D,0.0099159708078044,,,AAH,0.001685351248059,,,0.008230619559745399,LUAD,AAH,spot_weighted
24,LUAD,GENE_CD8A,5.2240858242120645,,,AAH,4.803151118377175,,,0.4209347058348891,LUAD,AAH,spot_weighted
24,LUAD,GENE_CLDN4,0.0550559408964275,,,AAH,0.007258323480118801,,,0.047797617416308696,LUAD,AAH,spot_weighted
24,LUAD,GENE_COL1A1,0.3873227231778711,,,AAH,0.0166217317769549,,,0.37070099140091617,LUAD,AAH,spot_weighted
24,LUAD,GENE_CXCL12,0.016751633492506,,,AAH,0.012054553549825,,,0.004697079942680999,LUAD,AAH,spot_weighted
24,LUAD,GENE_FGF10,0.0002096669850804,,,AAH,0.0003240599498267,,,-0.00011439296474630002,LUAD,AAH,spot_weighted
24,LUAD,GENE_FGF7,0.0095332144368179,,,AAH,0.0039152631505811,,,0.005617951286236799,LUAD,AAH,spot_weighted
24,LUAD,GENE_HBEGF,0.0038003073876954,,,AAH,0.0045426119422757,,,-0.0007423045545803006,LUAD,AAH,spot_weighted
24,LUAD,GENE_IFNG,0.0009111598889573,,,AAH,0.0001928425614224,,,0.0007183173275348999,LUAD,AAH,spot_weighted
24,LUAD,GENE_IL1A,0.0003748617260403,,,AAH,0.0016391110281828002,,,-0.0012642493021425,LUAD,AAH,spot_weighted
24,LUAD,GENE_IL1B,0.0032420741982319002,,,AAH,0.0056327064512066,,,-0.0023906322529747,LUAD,AAH,spot_weighted
24,LUAD,GENE_IL1R1,0.0390060374458662,,,AAH,0.0451142384445725,,,-0.006108200998706299,LUAD,AAH,spot_weighted
24,LUAD,GENE_IL1R2,0.0021237892516436,,,AAH,0.003504455969872,,,-0.0013806667182284,LUAD,AAH,spot_weighted
24,LUAD,GENE_IL1RAP,0.007707348743876699,,,AAH,0.0076179741756352,,,8.93745682414987e-05,LUAD,AAH,spot_weighted
24,LUAD,GENE_IL1RN,0.0040874500890281,,,AAH,0.0043052714061867,,,-0.00021782131715859972,LUAD,AAH,spot_weighted
24,LUAD,GENE_KRT17,0.0031196724871979005,,,AAH,0.0015737804980237,,,0.0015458919891742004,LUAD,AAH,spot_weighted
24,LUAD,GENE_KRT5,5.240917114384383,,,AAH,5.035307376862002,,,0.20560973752238176,LUAD,AAH,spot_weighted
24,LUAD,GENE_KRT8,0.1301318374525848,,,AAH,0.0341059688325452,,,0.0960258686200396,LUAD,AAH,spot_weighted
24,LUAD,GENE_SFTPC,0.2234217274983636,,,AAH,0.9163211504790891,,,-0.6928994229807255,LUAD,AAH,spot_weighted
24,LUAD,GENE_SIGIRR,0.0133507184699305,,,AAH,0.0059371051798381,,,0.0074136132900924,LUAD,AAH,spot_weighted
24,LUAD,GENE_TGFB1,0.005469724513926701,,,AAH,0.001956895938914,,,0.003512828575012701,LUAD,AAH,spot_weighted
24,LUAD,GENE_TNF,0.000869926135054,,,AAH,0.0006322958651853001,,,0.00023763026986869994,LUAD,AAH,spot_weighted
24,LUAD,HALLMARK_E2F_TARGETS,0.0386848038445121,,,AAH,0.021918643443285,,,0.016766160401227102,LUAD,AAH,spot_weighted
24,LUAD,HALLMARK_G2M_CHECKPOINT,0.014880289469620799,,,AAH,0.0055016120456118,,,0.009378677424008998,LUAD,AAH,spot_weighted
24,LUAD,HALLMARK_GLYCOLYSIS,0.046291728501624496,,,AAH,0.0291161995310782,,,0.017175528970546295,LUAD,AAH,spot_weighted
24,LUAD,HALLMARK_HYPOXIA,0.0546377859582471,,,AAH,0.0403509055403419,,,0.014286880417905198,LUAD,AAH,spot_weighted
24,LUAD,HALLMARK_IL6_JAK_STAT3_SIGNALING,0.0808291811972268,,,AAH,0.0698705529953516,,,0.010958628201875209,LUAD,AAH,spot_weighted
24,LUAD,HALLMARK_INFLAMMATORY_RESPONSE,0.1056816406083338,,,AAH,0.09330168590809192,,,0.012379954700241877,LUAD,AAH,spot_weighted
24,LUAD,HALLMARK_INTERFERON_GAMMA_RESPONSE,0.0911000882108419,,,AAH,0.0646078164134229,,,0.02649227179741899,LUAD,AAH,spot_weighted
24,LUAD,HALLMARK_OXIDATIVE_PHOSPHORYLATION,0.0215872416319252,,,AAH,0.007832515543536,,,0.0137547260883892,LUAD,AAH,spot_weighted
24,LUAD,HALLMARK_P53_PATHWAY,0.0779276343058985,,,AAH,0.0528640747184666,,,0.025063559587431894,LUAD,AAH,spot_weighted
24,LUAD,HALLMARK_TGF_BETA_SIGNALING,0.025234549168574205,,,AAH,0.016231891890096,,,0.009002657278478206,LUAD,AAH,spot_weighted
24,LUAD,HALLMARK_TNFA_SIGNALING_VIA_NFKB,0.0300665199465406,,,AAH,0.0240396697866565,,,0.006026850159884099,LUAD,AAH,spot_weighted
24,LUAD,HALLMARK_WNT_BETA_CATENIN_SIGNALING,0.0092626625670919,,,AAH,0.0042248469250406,,,0.005037815642051301,LUAD,AAH,spot_weighted
24,LUAD,REACTOME_EXTRACELLULAR_MATRIX_ORGANIZATION,0.1096654472187217,,,AAH,0.09493146122318818,,,0.014733985995533522,LUAD,AAH,spot_weighted
25,LUAD,GENE_AGER,0.0262771125648719,,,AAH,0.0505892249943948,,,-0.024312112429522897,LUAD,AAH,spot_weighted
25,LUAD,GENE_AQP5,0.0138458522744536,,,AAH,0.0006899090209191,,,0.013155943253534499,LUAD,AAH,spot_weighted
25,LUAD,GENE_AREG,0.0041854352264367,,,AAH,0.0046955896238165,,,-0.0005101543973798006,LUAD,AAH,spot_weighted
25,LUAD,GENE_C1QA,0.0888905080436562,,,AAH,0.0248949430537381,,,0.0639955649899181,LUAD,AAH,spot_weighted
25,LUAD,GENE_CCL2,0.0257050242979352,,,AAH,0.0174695242440678,,,0.0082355000538674,LUAD,AAH,spot_weighted
25,LUAD,GENE_CD3D,0.0094301562612375,,,AAH,0.0015895373350665,,,0.007840618926171002,LUAD,AAH,spot_weighted
25,LUAD,GENE_CD8A,5.938983812846363,,,AAH,5.461416729076625,,,0.47756708376973833,LUAD,AAH,spot_weighted
25,LUAD,GENE_CLDN4,0.033423119470361,,,AAH,0.0028857767890982,,,0.0305373426812628,LUAD,AAH,spot_weighted
25,LUAD,GENE_COL1A1,0.2980414868156565,,,AAH,0.0398369866918595,,,0.25820450012379703,LUAD,AAH,spot_weighted
25,LUAD,GENE_CXCL12,0.0256286469647059,,,AAH,0.0178239571149869,,,0.007804689849719,LUAD,AAH,spot_weighted
25,LUAD,GENE_FGF10,0.0002379676244181,,,AAH,0.0001463609170957,,,9.16067073224e-05,LUAD,AAH,spot_weighted
25,LUAD,GENE_FGF7,0.0083922874290875,,,AAH,0.0026294797362707,,,0.0057628076928168005,LUAD,AAH,spot_weighted
25,LUAD,GENE_HBEGF,0.0034022260299634,,,AAH,0.002408989106295,,,0.0009932369236684002,LUAD,AAH,spot_weighted
25,LUAD,GENE_IFNG,0.0020524662796554,,,AAH,0.0003407432900985,,,0.0017117229895569001,LUAD,AAH,spot_weighted
25,LUAD,GENE_IL1A,0.0003830995424651,,,AAH,0.0002612180195599,,,0.0001218815229052,LUAD,AAH,spot_weighted
25,LUAD,GENE_IL1B,0.0030096354611955996,,,AAH,0.0006038489164473,,,0.0024057865447482995,LUAD,AAH,spot_weighted
25,LUAD,GENE_IL1R1,0.0465898216924855,,,AAH,0.0213125747392879,,,0.025277246953197604,LUAD,AAH,spot_weighted
25,LUAD,GENE_IL1R2,0.0012794900526165,,,AAH,0.0010437899982746,,,0.00023570005434190005,LUAD,AAH,spot_weighted
25,LUAD,GENE_IL1RAP,0.0159613392241344,,,AAH,0.0027635589035013,,,0.0131977803206331,LUAD,AAH,spot_weighted
25,LUAD,GENE_IL1RN,0.0023864257879758,,,AAH,0.0015237834734279,,,0.0008626423145478997,LUAD,AAH,spot_weighted
25,LUAD,GENE_KRT17,0.0048117586144412,,,AAH,0.0010054710008434,,,0.0038062876135978004,LUAD,AAH,spot_weighted
25,LUAD,GENE_KRT5,4.680815933500997,,,AAH,5.815747358411596,,,-1.134931424910599,LUAD,AAH,spot_weighted
25,LUAD,GENE_KRT8,0.0484888017552142,,,AAH,0.0085011053909169,,,0.039987696364297304,LUAD,AAH,spot_weighted
25,LUAD,GENE_SFTPC,0.08004505194609471,,,AAH,0.3994202052803242,,,-0.3193751533342295,LUAD,AAH,spot_weighted
25,LUAD,GENE_SIGIRR,0.0132742932470173,,,AAH,0.0041793754346787,,,0.0090949178123386,LUAD,AAH,spot_weighted
25,LUAD,GENE_TGFB1,0.0061423956825392,,,AAH,0.0019268120790344003,,,0.004215583603504799,LUAD,AAH,spot_weighted
25,LUAD,GENE_TNF,0.0008975553629559,,,AAH,0.0001937687691702,,,0.0007037865937856999,LUAD,AAH,spot_weighted
25,LUAD,HALLMARK_E2F_TARGETS,0.0417949726022519,,,AAH,0.0221362013834281,,,0.0196587712188238,LUAD,AAH,spot_weighted
25,LUAD,HALLMARK_G2M_CHECKPOINT,0.0178223623274006,,,AAH,0.0030438364856703,,,0.0147785258417303,LUAD,AAH,spot_weighted
25,LUAD,HALLMARK_GLYCOLYSIS,0.043747991743543,,,AAH,0.0246610552109496,,,0.0190869365325934,LUAD,AAH,spot_weighted
25,LUAD,HALLMARK_HYPOXIA,0.0532452203602065,,,AAH,0.0365899321739184,,,0.0166552881862881,LUAD,AAH,spot_weighted
25,LUAD,HALLMARK_IL6_JAK_STAT3_SIGNALING,0.0796592123402031,,,AAH,0.0630492954142414,,,0.0166099169259617,LUAD,AAH,spot_weighted
25,LUAD,HALLMARK_INFLAMMATORY_RESPONSE,0.1011498128132008,,,AAH,0.086135680257155,,,0.015014132556045806,LUAD,AAH,spot_weighted
25,LUAD,HALLMARK_INTERFERON_GAMMA_RESPONSE,0.0877121467152909,,,AAH,0.059829025068605594,,,0.027883121646685306,LUAD,AAH,spot_weighted
25,LUAD,HALLMARK_OXIDATIVE_PHOSPHORYLATION,0.021919301408835,,,AAH,0.0047468079510117,,,0.017172493457823297,LUAD,AAH,spot_weighted
25,LUAD,HALLMARK_P53_PATHWAY,0.07271246540719421,,,AAH,0.0485027400082113,,,0.02420972539898291,LUAD,AAH,spot_weighted
25,LUAD,HALLMARK_TGF_BETA_SIGNALING,0.0261400911654672,,,AAH,0.0109578221176426,,,0.0151822690478246,LUAD,AAH,spot_weighted
25,LUAD,HALLMARK_TNFA_SIGNALING_VIA_NFKB,0.0304605729364155,,,AAH,0.015176157932357099,,,0.0152844150040584,LUAD,AAH,spot_weighted
25,LUAD,HALLMARK_WNT_BETA_CATENIN_SIGNALING,0.0110121367731064,,,AAH,0.0028195980088654,,,0.008192538764241,LUAD,AAH,spot_weighted
25,LUAD,REACTOME_EXTRACELLULAR_MATRIX_ORGANIZATION,0.1044439512254742,,,AAH,0.0887465581593299,,,0.015697393066144302,LUAD,AAH,spot_weighted
3,LUAD,GENE_AGER,1.850828531547288,1.0,13925.0,AIS,1.7801701205837637,1.0,9852.0,0.07065841096352443,LUAD,AIS,equal_sections
3,LUAD,GENE_AQP5,0.1302320531314837,1.0,13925.0,AIS,0.4003070132365415,1.0,9852.0,-0.2700749601050578,LUAD,AIS,equal_sections
3,LUAD,GENE_AREG,0.982955542423014,1.0,13925.0,AIS,0.6182113584739926,1.0,9852.0,0.3647441839490214,LUAD,AIS,equal_sections
3,LUAD,GENE_C1QA,0.9407867020555472,1.0,13925.0,AIS,1.1873549016808624,1.0,9852.0,-0.2465681996253153,LUAD,AIS,equal_sections
3,LUAD,GENE_CCL2,1.5120249996790416,1.0,13925.0,AIS,2.1331648388827418,1.0,9852.0,-0.6211398392037002,LUAD,AIS,equal_sections
3,LUAD,GENE_CD3D,0.094930620093924,1.0,13925.0,AIS,0.0796510525683094,1.0,9852.0,0.015279567525614601,LUAD,AIS,equal_sections
3,LUAD,GENE_CD8A,0.0890206542935378,1.0,13925.0,AIS,0.1002917883692807,1.0,9852.0,-0.0112711340757429,LUAD,AIS,equal_sections
3,LUAD,GENE_CLDN4,1.0308101240959642,1.0,13925.0,AIS,0.96387028702625,1.0,9852.0,0.06693983706971418,LUAD,AIS,equal_sections
3,LUAD,GENE_COL1A1,1.4667188128445456,1.0,13925.0,AIS,1.700645888255246,1.0,9852.0,-0.23392707541070035,LUAD,AIS,equal_sections
3,LUAD,GENE_CXCL12,0.5977671279913217,1.0,13925.0,AIS,0.6941458996023636,1.0,9852.0,-0.09637877161104191,LUAD,AIS,equal_sections
3,LUAD,GENE_FGF10,0.0619235182667367,1.0,13925.0,AIS,0.0331857534728914,1.0,9852.0,0.0287377647938453,LUAD,AIS,equal_sections
3,LUAD,GENE_FGF7,0.5009665494583101,1.0,13925.0,AIS,0.7587313262160651,1.0,9852.0,-0.257764776757755,LUAD,AIS,equal_sections
3,LUAD,GENE_HBEGF,0.6753935999594269,1.0,13925.0,AIS,0.7052580242133851,1.0,9852.0,-0.02986442425395819,LUAD,AIS,equal_sections
3,LUAD,GENE_IFNG,0.02513694393203,1.0,13925.0,AIS,0.0285410330305256,1.0,9852.0,-0.0034040890984955996,LUAD,AIS,equal_sections
3,LUAD,GENE_IL1A,0.0372266840516622,1.0,13925.0,AIS,0.0406497800460298,1.0,9852.0,-0.003423095994367603,LUAD,AIS,equal_sections
3,LUAD,GENE_IL1B,0.2445480470103421,1.0,13925.0,AIS,0.3749299192373429,1.0,9852.0,-0.13038187222700082,LUAD,AIS,equal_sections
3,LUAD,GENE_IL1R1,1.1790417680408274,1.0,13925.0,AIS,1.6241986668162598,1.0,9852.0,-0.4451568987754324,LUAD,AIS,equal_sections
3,LUAD,GENE_IL1R2,0.0322619204130025,1.0,13925.0,AIS,0.0495669332276918,1.0,9852.0,-0.017305012814689304,LUAD,AIS,equal_sections
3,LUAD,GENE_IL1RAP,0.1965631883577112,1.0,13925.0,AIS,0.213927332660308,1.0,9852.0,-0.017364144302596807,LUAD,AIS,equal_sections
3,LUAD,GENE_IL1RN,0.1753411500721683,1.0,13925.0,AIS,0.3211015312700073,1.0,9852.0,-0.145760381197839,LUAD,AIS,equal_sections
3,LUAD,GENE_KRT17,0.2249859874134987,1.0,13925.0,AIS,0.5254053705224397,1.0,9852.0,-0.300419383108941,LUAD,AIS,equal_sections
3,LUAD,GENE_KRT5,0.0993174886469872,1.0,13925.0,AIS,0.0429979180664595,1.0,9852.0,0.056319570580527695,LUAD,AIS,equal_sections
3,LUAD,GENE_KRT8,1.7736284259449926,1.0,13925.0,AIS,1.5635779963210088,1.0,9852.0,0.2100504296239838,LUAD,AIS,equal_sections
3,LUAD,GENE_SFTPC,3.5856407910537365,1.0,13925.0,AIS,4.887565488094257,1.0,9852.0,-1.3019246970405205,LUAD,AIS,equal_sections
3,LUAD,GENE_SIGIRR,0.4846856782166158,1.0,13925.0,AIS,0.402947810329389,1.0,9852.0,0.08173786788722681,LUAD,AIS,equal_sections
3,LUAD,GENE_TGFB1,0.2322604184805982,1.0,13925.0,AIS,0.2800444508872965,1.0,9852.0,-0.04778403240669832,LUAD,AIS,equal_sections
3,LUAD,GENE_TNF,0.0487540656180771,1.0,13925.0,AIS,0.0684334328238745,1.0,9852.0,-0.019679367205797396,LUAD,AIS,equal_sections
3,LUAD,HALLMARK_E2F_TARGETS,0.224856999255844,1.0,13925.0,AIS,0.2261713663270061,1.0,9852.0,-0.0013143670711621147,LUAD,AIS,equal_sections
3,LUAD,HALLMARK_G2M_CHECKPOINT,0.2880812566063513,1.0,13925.0,AIS,0.2955321509537441,1.0,9852.0,-0.007450894347392767,LUAD,AIS,equal_sections
3,LUAD,HALLMARK_GLYCOLYSIS,0.33627602517178,1.0,13925.0,AIS,0.3557247826498262,1.0,9852.0,-0.019448757478046197,LUAD,AIS,equal_sections
3,LUAD,HALLMARK_HYPOXIA,0.5711706771382657,1.0,13925.0,AIS,0.6160620090259675,1.0,9852.0,-0.04489133188770178,LUAD,AIS,equal_sections
3,LUAD,HALLMARK_IL6_JAK_STAT3_SIGNALING,0.5013650935113205,1.0,13925.0,AIS,0.559845185273774,1.0,9852.0,-0.0584800917624535,LUAD,AIS,equal_sections
3,LUAD,HALLMARK_INFLAMMATORY_RESPONSE,0.4052318131616795,1.0,13925.0,AIS,0.4803535585270768,1.0,9852.0,-0.07512174536539729,LUAD,AIS,equal_sections
3,LUAD,HALLMARK_INTERFERON_GAMMA_RESPONSE,0.5110746781429671,1.0,13925.0,AIS,0.5594360299876753,1.0,9852.0,-0.048361351844708134,LUAD,AIS,equal_sections
3,LUAD,HALLMARK_OXIDATIVE_PHOSPHORYLATION,0.4372759071831867,1.0,13925.0,AIS,0.4270832993508,1.0,9852.0,0.01019260783238668,LUAD,AIS,equal_sections
3,LUAD,HALLMARK_P53_PATHWAY,0.5255546355783204,1.0,13925.0,AIS,0.5562025126257956,1.0,9852.0,-0.03064787704747518,LUAD,AIS,equal_sections
3,LUAD,HALLMARK_TGF_BETA_SIGNALING,0.7827281318413091,1.0,13925.0,AIS,0.7761913408720669,1.0,9852.0,0.006536790969242201,LUAD,AIS,equal_sections
3,LUAD,HALLMARK_TNFA_SIGNALING_VIA_NFKB,0.8262365949615001,1.0,13925.0,AIS,0.9473561288309014,1.0,9852.0,-0.12111953386940122,LUAD,AIS,equal_sections
3,LUAD,HALLMARK_WNT_BETA_CATENIN_SIGNALING,0.3448748189652088,1.0,13925.0,AIS,0.3481929728914575,1.0,9852.0,-0.0033181539262487347,LUAD,AIS,equal_sections
3,LUAD,REACTOME_EXTRACELLULAR_MATRIX_ORGANIZATION,0.5029019552186135,1.0,13925.0,AIS,0.5531849232376563,1.0,9852.0,-0.05028296801904286,LUAD,AIS,equal_sections
5,LUAD,GENE_AGER,0.1659001954190058,1.0,12081.0,AIS,2.8320904760206607,1.0,9635.0,-2.666190280601655,LUAD,AIS,equal_sections
5,LUAD,GENE_AQP5,0.0224565262765203,1.0,12081.0,AIS,0.2304416570037121,1.0,9635.0,-0.2079851307271918,LUAD,AIS,equal_sections
5,LUAD,GENE_AREG,0.947572460449308,1.0,12081.0,AIS,0.0664023922972351,1.0,9635.0,0.8811700681520729,LUAD,AIS,equal_sections
5,LUAD,GENE_C1QA,1.5044852833594058,1.0,12081.0,AIS,0.996586547618886,1.0,9635.0,0.5078987357405198,LUAD,AIS,equal_sections
5,LUAD,GENE_CCL2,0.3068816960292749,1.0,12081.0,AIS,0.1547420134996646,1.0,9635.0,0.1521396825296103,LUAD,AIS,equal_sections
5,LUAD,GENE_CD3D,0.3033454960026536,1.0,12081.0,AIS,0.094605822828525,1.0,9635.0,0.2087396731741286,LUAD,AIS,equal_sections
5,LUAD,GENE_CD8A,0.1564538219022836,1.0,12081.0,AIS,0.0688543383773606,1.0,9635.0,0.087599483524923,LUAD,AIS,equal_sections
5,LUAD,GENE_CLDN4,0.9933661640714488,1.0,12081.0,AIS,0.6446422624618415,1.0,9635.0,0.3487239016096073,LUAD,AIS,equal_sections
5,LUAD,GENE_COL1A1,3.1955813488533718,1.0,12081.0,AIS,0.9287304137341944,1.0,9635.0,2.2668509351191775,LUAD,AIS,equal_sections
5,LUAD,GENE_CXCL12,0.4112657839494436,1.0,12081.0,AIS,0.6176247889795224,1.0,9635.0,-0.20635900503007887,LUAD,AIS,equal_sections
5,LUAD,GENE_FGF10,0.019032813327636,1.0,12081.0,AIS,0.0507332898614038,1.0,9635.0,-0.0317004765337678,LUAD,AIS,equal_sections
5,LUAD,GENE_FGF7,0.303301035540669,1.0,12081.0,AIS,0.2330340429319306,1.0,9635.0,0.0702669926087384,LUAD,AIS,equal_sections
5,LUAD,GENE_HBEGF,0.2197432449005503,1.0,12081.0,AIS,0.1012512208183163,1.0,9635.0,0.118492024082234,LUAD,AIS,equal_sections
5,LUAD,GENE_IFNG,0.0366571778504498,1.0,12081.0,AIS,0.0336015120311746,1.0,9635.0,0.0030556658192752023,LUAD,AIS,equal_sections
5,LUAD,GENE_IL1A,0.0233519408720523,1.0,12081.0,AIS,0.0334741540181821,1.0,9635.0,-0.0101222131461298,LUAD,AIS,equal_sections
5,LUAD,GENE_IL1B,0.0892465299899059,1.0,12081.0,AIS,0.0697979812180307,1.0,9635.0,0.0194485487718752,LUAD,AIS,equal_sections
5,LUAD,GENE_IL1R1,0.7676602609883689,1.0,12081.0,AIS,0.6859667375978415,1.0,9635.0,0.08169352339052738,LUAD,AIS,equal_sections
5,LUAD,GENE_IL1R2,0.035452983653193,1.0,12081.0,AIS,0.0256473755297254,1.0,9635.0,0.009805608123467601,LUAD,AIS,equal_sections
5,LUAD,GENE_IL1RAP,0.2721673383858232,1.0,12081.0,AIS,0.1206885013177009,1.0,9635.0,0.1514788370681223,LUAD,AIS,equal_sections
5,LUAD,GENE_IL1RN,0.1805504113924076,1.0,12081.0,AIS,0.0619714455831278,1.0,9635.0,0.11857896580927979,LUAD,AIS,equal_sections
5,LUAD,GENE_KRT17,0.0237092305765291,1.0,12081.0,AIS,0.069117192845212,1.0,9635.0,-0.045407962268682905,LUAD,AIS,equal_sections
5,LUAD,GENE_KRT5,0.0183521452310309,1.0,12081.0,AIS,0.0578496220783429,1.0,9635.0,-0.039497476847312,LUAD,AIS,equal_sections
5,LUAD,GENE_KRT8,1.7809467768724538,1.0,12081.0,AIS,0.8725998803192354,1.0,9635.0,0.9083468965532184,LUAD,AIS,equal_sections
5,LUAD,GENE_SFTPC,0.0676996685311003,1.0,12081.0,AIS,4.645867028545334,1.0,9635.0,-4.578167360014234,LUAD,AIS,equal_sections
5,LUAD,GENE_SIGIRR,0.4787959007950373,1.0,12081.0,AIS,0.4585597728061172,1.0,9635.0,0.020236127988920105,LUAD,AIS,equal_sections
5,LUAD,GENE_TGFB1,0.3889807162093441,1.0,12081.0,AIS,0.1922362659764414,1.0,9635.0,0.1967444502329027,LUAD,AIS,equal_sections
5,LUAD,GENE_TNF,0.0612042995127459,1.0,12081.0,AIS,0.0449352539660079,1.0,9635.0,0.016269045546737998,LUAD,AIS,equal_sections
5,LUAD,HALLMARK_E2F_TARGETS,0.3446585379872702,1.0,12081.0,AIS,0.1613022781028866,1.0,9635.0,0.1833562598843836,LUAD,AIS,equal_sections
5,LUAD,HALLMARK_G2M_CHECKPOINT,0.3667995075472071,1.0,12081.0,AIS,0.2009260155307469,1.0,9635.0,0.16587349201646018,LUAD,AIS,equal_sections
5,LUAD,HALLMARK_GLYCOLYSIS,0.4445685244579859,1.0,12081.0,AIS,0.239866386760795,1.0,9635.0,0.2047021376971909,LUAD,AIS,equal_sections
5,LUAD,HALLMARK_HYPOXIA,0.5110944070461493,1.0,12081.0,AIS,0.3805070037198211,1.0,9635.0,0.13058740332632818,LUAD,AIS,equal_sections
5,LUAD,HALLMARK_IL6_JAK_STAT3_SIGNALING,0.450945579859213,1.0,12081.0,AIS,0.3214921074725643,1.0,9635.0,0.12945347238664873,LUAD,AIS,equal_sections
5,LUAD,HALLMARK_INFLAMMATORY_RESPONSE,0.3856728060233027,1.0,12081.0,AIS,0.2492137968573453,1.0,9635.0,0.13645900916595738,LUAD,AIS,equal_sections
5,LUAD,HALLMARK_INTERFERON_GAMMA_RESPONSE,0.5964697174896363,1.0,12081.0,AIS,0.3592522838467548,1.0,9635.0,0.2372174336428815,LUAD,AIS,equal_sections
5,LUAD,HALLMARK_OXIDATIVE_PHOSPHORYLATION,0.5712531048393339,1.0,12081.0,AIS,0.3230042101288666,1.0,9635.0,0.2482488947104673,LUAD,AIS,equal_sections
5,LUAD,HALLMARK_P53_PATHWAY,0.547395877657295,1.0,12081.0,AIS,0.3730362562043947,1.0,9635.0,0.17435962145290035,LUAD,AIS,equal_sections
5,LUAD,HALLMARK_TGF_BETA_SIGNALING,0.6172579360635246,1.0,12081.0,AIS,0.4967993086594352,1.0,9635.0,0.12045862740408941,LUAD,AIS,equal_sections
5,LUAD,HALLMARK_TNFA_SIGNALING_VIA_NFKB,0.5566588500999715,1.0,12081.0,AIS,0.4121446281028484,1.0,9635.0,0.1445142219971231,LUAD,AIS,equal_sections
5,LUAD,HALLMARK_WNT_BETA_CATENIN_SIGNALING,0.3098650039253572,1.0,12081.0,AIS,0.2421556061631637,1.0,9635.0,0.06770939776219351,LUAD,AIS,equal_sections
5,LUAD,REACTOME_EXTRACELLULAR_MATRIX_ORGANIZATION,0.5103369433791581,1.0,12081.0,AIS,0.371597902645241,1.0,9635.0,0.13873904073391713,LUAD,AIS,equal_sections
8,LUAD,GENE_AGER,0.0352318477100104,1.0,11807.0,AIS,0.052246417873009,1.0,4950.0,-0.0170145701629986,LUAD,AIS,equal_sections
8,LUAD,GENE_AQP5,0.0006721423616427,1.0,11807.0,AIS,0.0003651785847092,1.0,4950.0,0.00030696377693349995,LUAD,AIS,equal_sections
8,LUAD,GENE_AREG,0.003230470843673,1.0,11807.0,AIS,0.0042318805322435,1.0,4950.0,-0.0010014096885704996,LUAD,AIS,equal_sections
8,LUAD,GENE_C1QA,0.0090232781740235,1.0,11807.0,AIS,0.0068816184882741,1.0,4950.0,0.0021416596857493997,LUAD,AIS,equal_sections
8,LUAD,GENE_CCL2,0.0026709747026259,1.0,11807.0,AIS,0.0029458451778531,1.0,4950.0,-0.0002748704752272,LUAD,AIS,equal_sections
8,LUAD,GENE_CD3D,0.0006352546325606,1.0,11807.0,AIS,0.0006870589289338,1.0,4950.0,-5.180429637320009e-05,LUAD,AIS,equal_sections
8,LUAD,GENE_CD8A,4.919552827012544,1.0,11807.0,AIS,5.174110681560235,1.0,4950.0,-0.25455785454769053,LUAD,AIS,equal_sections
8,LUAD,GENE_CLDN4,0.0204414500471462,1.0,11807.0,AIS,0.0049868606195499,1.0,4950.0,0.0154545894275963,LUAD,AIS,equal_sections
8,LUAD,GENE_COL1A1,0.0591404229680285,1.0,11807.0,AIS,0.025624344203282,1.0,4950.0,0.03351607876474651,LUAD,AIS,equal_sections
8,LUAD,GENE_CXCL12,0.0029935814396014,1.0,11807.0,AIS,0.0036993146273867,1.0,4950.0,-0.0007057331877853,LUAD,AIS,equal_sections
8,LUAD,GENE_FGF10,0.0002707897360748,1.0,11807.0,AIS,0.0003480214939847,1.0,4950.0,-7.723175790990002e-05,LUAD,AIS,equal_sections
8,LUAD,GENE_FGF7,0.0017428236575871,1.0,11807.0,AIS,0.0013192498814988,1.0,4950.0,0.00042357377608829997,LUAD,AIS,equal_sections
8,LUAD,GENE_HBEGF,0.0016663903085128,1.0,11807.0,AIS,0.0023787155876255,1.0,4950.0,-0.0007123252791127,LUAD,AIS,equal_sections
8,LUAD,GENE_IFNG,6.444166201235194e-05,1.0,11807.0,AIS,0.000147511114746,1.0,4950.0,-8.306945273364806e-05,LUAD,AIS,equal_sections
8,LUAD,GENE_IL1A,0.0006595131340157,1.0,11807.0,AIS,0.0002265472039447,1.0,4950.0,0.00043296593007100003,LUAD,AIS,equal_sections
8,LUAD,GENE_IL1B,0.0005548293585944,1.0,11807.0,AIS,0.0005136512739452,1.0,4950.0,4.117808464919998e-05,LUAD,AIS,equal_sections
8,LUAD,GENE_IL1R1,0.0084647052947404,1.0,11807.0,AIS,0.0100027489157728,1.0,4950.0,-0.0015380436210324002,LUAD,AIS,equal_sections
8,LUAD,GENE_IL1R2,0.0001733227749906,1.0,11807.0,AIS,0.0003214373363546,1.0,4950.0,-0.000148114561364,LUAD,AIS,equal_sections
8,LUAD,GENE_IL1RAP,0.0016155988527701,1.0,11807.0,AIS,0.0013244026364757,1.0,4950.0,0.0002911962162944,LUAD,AIS,equal_sections
8,LUAD,GENE_IL1RN,0.0009020903209228,1.0,11807.0,AIS,0.0005668697029696,1.0,4950.0,0.0003352206179532,LUAD,AIS,equal_sections
8,LUAD,GENE_KRT17,0.0012507380884872,1.0,11807.0,AIS,0.0002493321013288,1.0,4950.0,0.0010014059871583999,LUAD,AIS,equal_sections
8,LUAD,GENE_KRT5,6.291843289341746,1.0,11807.0,AIS,6.527345614164,1.0,4950.0,-0.23550232482225386,LUAD,AIS,equal_sections
8,LUAD,GENE_KRT8,0.0324971837460034,1.0,11807.0,AIS,0.0134396368103472,1.0,4950.0,0.019057546935656196,LUAD,AIS,equal_sections
8,LUAD,GENE_SFTPC,0.261673473888908,1.0,11807.0,AIS,0.4724609975344441,1.0,4950.0,-0.2107875236455361,LUAD,AIS,equal_sections
8,LUAD,GENE_SIGIRR,0.0045503442622607,1.0,11807.0,AIS,0.0031308591056171,1.0,4950.0,0.0014194851566435998,LUAD,AIS,equal_sections
8,LUAD,GENE_TGFB1,0.0023415906837785,1.0,11807.0,AIS,0.001409973666924,1.0,4950.0,0.0009316170168545,LUAD,AIS,equal_sections
8,LUAD,GENE_TNF,0.0001851684679883,1.0,11807.0,AIS,0.0001398987856235,1.0,4950.0,4.5269682364800016e-05,LUAD,AIS,equal_sections
8,LUAD,HALLMARK_E2F_TARGETS,0.0294689287921131,1.0,11807.0,AIS,0.0271758301303666,1.0,4950.0,0.0022930986617464982,LUAD,AIS,equal_sections
8,LUAD,HALLMARK_G2M_CHECKPOINT,0.0031106467632894,1.0,11807.0,AIS,0.0019476622691953,1.0,4950.0,0.0011629844940941,LUAD,AIS,equal_sections
8,LUAD,HALLMARK_GLYCOLYSIS,0.0276600691284609,1.0,11807.0,AIS,0.0265827900636766,1.0,4950.0,0.0010772790647842999,LUAD,AIS,equal_sections
8,LUAD,HALLMARK_HYPOXIA,0.0353535750521079,1.0,11807.0,AIS,0.0350777760393707,1.0,4950.0,0.00027579901273720037,LUAD,AIS,equal_sections
8,LUAD,HALLMARK_IL6_JAK_STAT3_SIGNALING,0.0723912340315424,1.0,11807.0,AIS,0.0721563168517144,1.0,4950.0,0.00023491717982800087,LUAD,AIS,equal_sections
8,LUAD,HALLMARK_INFLAMMATORY_RESPONSE,0.0940488902663291,1.0,11807.0,AIS,0.0915488317572705,1.0,4950.0,0.0025000585090586003,LUAD,AIS,equal_sections
8,LUAD,HALLMARK_INTERFERON_GAMMA_RESPONSE,0.0603190729391927,1.0,11807.0,AIS,0.0566538058557509,1.0,4950.0,0.003665267083441795,LUAD,AIS,equal_sections
8,LUAD,HALLMARK_OXIDATIVE_PHOSPHORYLATION,0.0047089444307878,1.0,11807.0,AIS,0.0027164407885661,1.0,4950.0,0.0019925036422217,LUAD,AIS,equal_sections
8,LUAD,HALLMARK_P53_PATHWAY,0.0570822472088362,1.0,11807.0,AIS,0.054580565923509,1.0,4950.0,0.002501681285327198,LUAD,AIS,equal_sections
8,LUAD,HALLMARK_TGF_BETA_SIGNALING,0.00788066787219,1.0,11807.0,AIS,0.0056342707111055,1.0,4950.0,0.0022463971610844997,LUAD,AIS,equal_sections
8,LUAD,HALLMARK_TNFA_SIGNALING_VIA_NFKB,0.0085096253502293,1.0,11807.0,AIS,0.007509896511166,1.0,4950.0,0.0009997288390632998,LUAD,AIS,equal_sections
8,LUAD,HALLMARK_WNT_BETA_CATENIN_SIGNALING,0.0030305067681483,1.0,11807.0,AIS,0.0019829396276168,1.0,4950.0,0.0010475671405314997,LUAD,AIS,equal_sections
8,LUAD,REACTOME_EXTRACELLULAR_MATRIX_ORGANIZATION,0.0857238688335343,1.0,11807.0,AIS,0.0846380198242966,1.0,4950.0,0.0010858490092377077,LUAD,AIS,equal_sections
9,LUAD,GENE_AGER,0.0379714474842268,1.0,12066.0,AIS,0.1043446267592064,1.0,10515.0,-0.0663731792749796,LUAD,AIS,equal_sections
9,LUAD,GENE_AQP5,0.0027584562157244,1.0,12066.0,AIS,0.0007935241893112,1.0,10515.0,0.0019649320264132,LUAD,AIS,equal_sections
9,LUAD,GENE_AREG,0.0071278081664312,1.0,12066.0,AIS,0.0025969386906259,1.0,10515.0,0.0045308694758052995,LUAD,AIS,equal_sections
9,LUAD,GENE_C1QA,0.0066837507741897,1.0,12066.0,AIS,0.0045675357146803,1.0,10515.0,0.0021162150595093994,LUAD,AIS,equal_sections
9,LUAD,GENE_CCL2,0.0067724499591294,1.0,12066.0,AIS,0.0025199426252502,1.0,10515.0,0.0042525073338791994,LUAD,AIS,equal_sections
9,LUAD,GENE_CD3D,0.000969980418447,1.0,12066.0,AIS,0.0015691643374146,1.0,10515.0,-0.0005991839189676,LUAD,AIS,equal_sections
9,LUAD,GENE_CD8A,4.9131098916107145,1.0,12066.0,AIS,5.292350456791613,1.0,10515.0,-0.37924056518089877,LUAD,AIS,equal_sections
9,LUAD,GENE_CLDN4,0.0111536473247678,1.0,12066.0,AIS,0.0044874479430046,1.0,10515.0,0.0066661993817632,LUAD,AIS,equal_sections
9,LUAD,GENE_COL1A1,0.0230254963320472,1.0,12066.0,AIS,0.0074613808776671,1.0,10515.0,0.015564115454380103,LUAD,AIS,equal_sections
9,LUAD,GENE_CXCL12,0.01000515475173,1.0,12066.0,AIS,0.0094924098866816,1.0,10515.0,0.0005127448650484,LUAD,AIS,equal_sections
9,LUAD,GENE_FGF10,0.0005527151426326,1.0,12066.0,AIS,0.000669046285634,1.0,10515.0,-0.00011633114300140001,LUAD,AIS,equal_sections
9,LUAD,GENE_FGF7,0.0033221567324343,1.0,12066.0,AIS,0.0022013591756211,1.0,10515.0,0.0011207975568132,LUAD,AIS,equal_sections
9,LUAD,GENE_HBEGF,0.0017960025045618,1.0,12066.0,AIS,0.001916179028723,1.0,10515.0,-0.00012017652416119995,LUAD,AIS,equal_sections
9,LUAD,GENE_IFNG,0.0001877477761352,1.0,12066.0,AIS,0.0003028520740229,1.0,10515.0,-0.00011510429788770001,LUAD,AIS,equal_sections
9,LUAD,GENE_IL1A,0.0002130494817487,1.0,12066.0,AIS,0.0001351552832995,1.0,10515.0,7.789419844920001e-05,LUAD,AIS,equal_sections
9,LUAD,GENE_IL1B,0.000663119860521,1.0,12066.0,AIS,0.0008416527697863,1.0,10515.0,-0.0001785329092653,LUAD,AIS,equal_sections
9,LUAD,GENE_IL1R1,0.0120256686388807,1.0,12066.0,AIS,0.0182344838634846,1.0,10515.0,-0.006208815224603899,LUAD,AIS,equal_sections
9,LUAD,GENE_IL1R2,0.0002999057190174,1.0,12066.0,AIS,0.0001395494200578,1.0,10515.0,0.00016035629895959998,LUAD,AIS,equal_sections
9,LUAD,GENE_IL1RAP,0.002024834325231,1.0,12066.0,AIS,0.0012213934420934,1.0,10515.0,0.0008034408831376003,LUAD,AIS,equal_sections
9,LUAD,GENE_IL1RN,0.0011959919280148,1.0,12066.0,AIS,0.000270748629813,1.0,10515.0,0.0009252432982017999,LUAD,AIS,equal_sections
9,LUAD,GENE_KRT17,0.0085903199037055,1.0,12066.0,AIS,0.0007346863704837,1.0,10515.0,0.0078556335332218,LUAD,AIS,equal_sections
9,LUAD,GENE_KRT5,6.917595178655028,1.0,12066.0,AIS,6.238968230104074,1.0,10515.0,0.6786269485509537,LUAD,AIS,equal_sections
9,LUAD,GENE_KRT8,0.0220016166048259,1.0,12066.0,AIS,0.0056865724013465,1.0,10515.0,0.0163150442034794,LUAD,AIS,equal_sections
9,LUAD,GENE_SFTPC,0.2758759153419179,1.0,12066.0,AIS,0.5629169522320632,1.0,10515.0,-0.28704103689014526,LUAD,AIS,equal_sections
9,LUAD,GENE_SIGIRR,0.0049983620023997,1.0,12066.0,AIS,0.0059135795854206,1.0,10515.0,-0.0009152175830209001,LUAD,AIS,equal_sections
9,LUAD,GENE_TGFB1,0.0016767837907103,1.0,12066.0,AIS,0.0014740271494328,1.0,10515.0,0.00020275664127749997,LUAD,AIS,equal_sections
9,LUAD,GENE_TNF,0.0003191179275303,1.0,12066.0,AIS,0.00042696591256,1.0,10515.0,-0.0001078479850297,LUAD,AIS,equal_sections
9,LUAD,HALLMARK_E2F_TARGETS,0.0280706884468717,1.0,12066.0,AIS,0.0229902511978646,1.0,10515.0,0.0050804372490071,LUAD,AIS,equal_sections
9,LUAD,HALLMARK_G2M_CHECKPOINT,0.0029316116620707,1.0,12066.0,AIS,0.0025290356572221,1.0,10515.0,0.00040257600484860023,LUAD,AIS,equal_sections
9,LUAD,HALLMARK_GLYCOLYSIS,0.0258205414700154,1.0,12066.0,AIS,0.0232742910935669,1.0,10515.0,0.0025462503764485007,LUAD,AIS,equal_sections
9,LUAD,HALLMARK_HYPOXIA,0.0343859320587738,1.0,12066.0,AIS,0.0348594231382082,1.0,10515.0,-0.000473491079434403,LUAD,AIS,equal_sections
9,LUAD,HALLMARK_IL6_JAK_STAT3_SIGNALING,0.0724678238981421,1.0,12066.0,AIS,0.0698913327580727,1.0,10515.0,0.0025764911400694007,LUAD,AIS,equal_sections
9,LUAD,HALLMARK_INFLAMMATORY_RESPONSE,0.0876120949913014,1.0,12066.0,AIS,0.0898055769151151,1.0,10515.0,-0.002193481923813703,LUAD,AIS,equal_sections
9,LUAD,HALLMARK_INTERFERON_GAMMA_RESPONSE,0.0560783150235141,1.0,12066.0,AIS,0.0542026344527308,1.0,10515.0,0.0018756805707833002,LUAD,AIS,equal_sections
9,LUAD,HALLMARK_OXIDATIVE_PHOSPHORYLATION,0.0041917952650187,1.0,12066.0,AIS,0.0039312090331071,1.0,10515.0,0.00026058623191159945,LUAD,AIS,equal_sections
9,LUAD,HALLMARK_P53_PATHWAY,0.0546417680058691,1.0,12066.0,AIS,0.0468448280040703,1.0,10515.0,0.007796940001798799,LUAD,AIS,equal_sections
9,LUAD,HALLMARK_TGF_BETA_SIGNALING,0.0078260978561381,1.0,12066.0,AIS,0.0070290059564821,1.0,10515.0,0.0007970918996560005,LUAD,AIS,equal_sections
9,LUAD,HALLMARK_TNFA_SIGNALING_VIA_NFKB,0.0106891825346629,1.0,12066.0,AIS,0.0071037962482868,1.0,10515.0,0.0035853862863760994,LUAD,AIS,equal_sections
9,LUAD,HALLMARK_WNT_BETA_CATENIN_SIGNALING,0.002973306676815,1.0,12066.0,AIS,0.0026671506326214,1.0,10515.0,0.0003061560441936003,LUAD,AIS,equal_sections
9,LUAD,REACTOME_EXTRACELLULAR_MATRIX_ORGANIZATION,0.082652852738381,1.0,12066.0,AIS,0.0839694165468046,1.0,10515.0,-0.0013165638084236125,LUAD,AIS,equal_sections
12,LUAD,GENE_AGER,0.0592365383909174,1.0,13818.0,AIS,0.0782296446179759,1.0,12163.0,-0.018993106227058493,LUAD,AIS,equal_sections
12,LUAD,GENE_AQP5,0.0039451023035987,1.0,13818.0,AIS,0.0016319845978531,1.0,12163.0,0.0023131177057456,LUAD,AIS,equal_sections
12,LUAD,GENE_AREG,0.0098963437903364,1.0,13818.0,AIS,0.0052780712733239,1.0,12163.0,0.004618272517012501,LUAD,AIS,equal_sections
12,LUAD,GENE_C1QA,0.0287893240578223,1.0,13818.0,AIS,0.0279627028477981,1.0,12163.0,0.000826621210024199,LUAD,AIS,equal_sections
12,LUAD,GENE_CCL2,0.0131758739071835,1.0,13818.0,AIS,0.0040084557760285,1.0,12163.0,0.009167418131155,LUAD,AIS,equal_sections
12,LUAD,GENE_CD3D,0.0012850041879808,1.0,13818.0,AIS,0.0021459618295513,1.0,12163.0,-0.0008609576415705002,LUAD,AIS,equal_sections
12,LUAD,GENE_CD8A,4.824619859888059,1.0,13818.0,AIS,5.229851755102899,1.0,12163.0,-0.4052318952148406,LUAD,AIS,equal_sections
12,LUAD,GENE_CLDN4,0.0279306427178224,1.0,13818.0,AIS,0.0241953346016251,1.0,12163.0,0.0037353081161973015,LUAD,AIS,equal_sections
12,LUAD,GENE_COL1A1,0.0730073109340263,1.0,13818.0,AIS,0.0297803271966509,1.0,12163.0,0.04322698373737541,LUAD,AIS,equal_sections
12,LUAD,GENE_CXCL12,0.0066867009560781,1.0,13818.0,AIS,0.0067664631001449,1.0,12163.0,-7.976214406679987e-05,LUAD,AIS,equal_sections
12,LUAD,GENE_FGF10,0.0004332746158657,1.0,13818.0,AIS,0.0003704725665679,1.0,12163.0,6.280204929779999e-05,LUAD,AIS,equal_sections
12,LUAD,GENE_FGF7,0.0059955184308477,1.0,13818.0,AIS,0.0026740690611971,1.0,12163.0,0.0033214493696506002,LUAD,AIS,equal_sections
12,LUAD,GENE_HBEGF,0.0052581520498141,1.0,13818.0,AIS,0.0024783397893611,1.0,12163.0,0.0027798122604530003,LUAD,AIS,equal_sections
12,LUAD,GENE_IFNG,0.0002044662697595,1.0,13818.0,AIS,0.0002544628719589,1.0,12163.0,-4.9996602199400006e-05,LUAD,AIS,equal_sections
12,LUAD,GENE_IL1A,0.000399027507016,1.0,13818.0,AIS,0.0003696469968754,1.0,12163.0,2.938051014060003e-05,LUAD,AIS,equal_sections
12,LUAD,GENE_IL1B,0.0021331296636972,1.0,13818.0,AIS,0.0010073696349305,1.0,12163.0,0.0011257600287667001,LUAD,AIS,equal_sections
12,LUAD,GENE_IL1R1,0.0165997945913774,1.0,13818.0,AIS,0.013356516502372,1.0,12163.0,0.003243278089005399,LUAD,AIS,equal_sections
12,LUAD,GENE_IL1R2,0.0001140452339797,1.0,13818.0,AIS,7.015722208008292e-05,1.0,12163.0,4.3888011899617085e-05,LUAD,AIS,equal_sections
12,LUAD,GENE_IL1RAP,0.0027489149886152,1.0,13818.0,AIS,0.0020825204561406,1.0,12163.0,0.0006663945324745998,LUAD,AIS,equal_sections
12,LUAD,GENE_IL1RN,0.002812800106668,1.0,13818.0,AIS,0.0016431784319756,1.0,12163.0,0.0011696216746923999,LUAD,AIS,equal_sections
12,LUAD,GENE_KRT17,0.0027047935364914,1.0,13818.0,AIS,0.0013218691058593,1.0,12163.0,0.0013829244306320999,LUAD,AIS,equal_sections
12,LUAD,GENE_KRT5,6.87339521785503,1.0,13818.0,AIS,6.633633915342007,1.0,12163.0,0.2397613025130232,LUAD,AIS,equal_sections
12,LUAD,GENE_KRT8,0.0414479366057099,1.0,13818.0,AIS,0.0384117442082082,1.0,12163.0,0.0030361923975016983,LUAD,AIS,equal_sections
12,LUAD,GENE_SFTPC,0.7523958043732568,1.0,13818.0,AIS,0.8775924050511057,1.0,12163.0,-0.12519660067784888,LUAD,AIS,equal_sections
12,LUAD,GENE_SIGIRR,0.0133579900456914,1.0,13818.0,AIS,0.0088875725940409,1.0,12163.0,0.004470417451650501,LUAD,AIS,equal_sections
12,LUAD,GENE_TGFB1,0.0038699287650164,1.0,13818.0,AIS,0.0031745605557505,1.0,12163.0,0.0006953682092658998,LUAD,AIS,equal_sections
12,LUAD,GENE_TNF,0.0005097082017276,1.0,13818.0,AIS,0.0006675966023733,1.0,12163.0,-0.0001578884006457,LUAD,AIS,equal_sections
12,LUAD,HALLMARK_E2F_TARGETS,0.0294462141851741,1.0,13818.0,AIS,0.0289297401975342,1.0,12163.0,0.0005164739876399004,LUAD,AIS,equal_sections
12,LUAD,HALLMARK_G2M_CHECKPOINT,0.0042417533669897,1.0,13818.0,AIS,0.0043325615030289,1.0,12163.0,-9.080813603920025e-05,LUAD,AIS,equal_sections
12,LUAD,HALLMARK_GLYCOLYSIS,0.0307944657830499,1.0,13818.0,AIS,0.0321145896719613,1.0,12163.0,-0.0013201238889113988,LUAD,AIS,equal_sections
12,LUAD,HALLMARK_HYPOXIA,0.0390461366614168,1.0,13818.0,AIS,0.0388549599465942,1.0,12163.0,0.00019117671482259818,LUAD,AIS,equal_sections
12,LUAD,HALLMARK_IL6_JAK_STAT3_SIGNALING,0.0751602477442779,1.0,13818.0,AIS,0.077288765822945,1.0,12163.0,-0.0021285180786670965,LUAD,AIS,equal_sections
12,LUAD,HALLMARK_INFLAMMATORY_RESPONSE,0.0943050744493473,1.0,13818.0,AIS,0.0969902720690854,1.0,12163.0,-0.0026851976197381083,LUAD,AIS,equal_sections
12,LUAD,HALLMARK_INTERFERON_GAMMA_RESPONSE,0.0648121561321718,1.0,13818.0,AIS,0.0674165438255261,1.0,12163.0,-0.002604387693354304,LUAD,AIS,equal_sections
12,LUAD,HALLMARK_OXIDATIVE_PHOSPHORYLATION,0.0080300424345667,1.0,13818.0,AIS,0.0084358214147847,1.0,12163.0,-0.0004057789802179995,LUAD,AIS,equal_sections
12,LUAD,HALLMARK_P53_PATHWAY,0.0617115160184459,1.0,13818.0,AIS,0.0620615735396168,1.0,12163.0,-0.00035005752117089894,LUAD,AIS,equal_sections
12,LUAD,HALLMARK_TGF_BETA_SIGNALING,0.0122084362899053,1.0,13818.0,AIS,0.0101346665934329,1.0,12163.0,0.0020737696964724,LUAD,AIS,equal_sections
12,LUAD,HALLMARK_TNFA_SIGNALING_VIA_NFKB,0.0158973248434741,1.0,13818.0,AIS,0.0120092635081556,1.0,12163.0,0.0038880613353185003,LUAD,AIS,equal_sections
12,LUAD,HALLMARK_WNT_BETA_CATENIN_SIGNALING,0.0044415799299251,1.0,13818.0,AIS,0.0044951302097761,1.0,12163.0,-5.355027985100031e-05,LUAD,AIS,equal_sections
12,LUAD,REACTOME_EXTRACELLULAR_MATRIX_ORGANIZATION,0.089679297945756,1.0,13818.0,AIS,0.0896804118782007,1.0,12163.0,-1.1139324446879373e-06,LUAD,AIS,equal_sections
14,LUAD,GENE_AGER,0.0814128368538144,1.0,11477.0,AIS,0.1043936553836525,1.0,12328.0,-0.022980818529838104,LUAD,AIS,equal_sections
14,LUAD,GENE_AQP5,0.0031503419364921,1.0,11477.0,AIS,0.0020661817378552,1.0,12328.0,0.0010841601986369001,LUAD,AIS,equal_sections
14,LUAD,GENE_AREG,0.0149712698046125,1.0,11477.0,AIS,0.000855173625564,1.0,12328.0,0.0141160961790485,LUAD,AIS,equal_sections
14,LUAD,GENE_C1QA,0.0237740971231996,1.0,11477.0,AIS,0.0237492439094026,1.0,12328.0,2.485321379699923e-05,LUAD,AIS,equal_sections
14,LUAD,GENE_CCL2,0.0024195624453902,1.0,11477.0,AIS,0.001282422546644,1.0,12328.0,0.0011371398987462,LUAD,AIS,equal_sections
14,LUAD,GENE_CD3D,0.0014158772338694,1.0,11477.0,AIS,0.0011807251655115,1.0,12328.0,0.00023515206835790004,LUAD,AIS,equal_sections
14,LUAD,GENE_CD8A,5.246154365608807,1.0,11477.0,AIS,5.156660043134403,1.0,12328.0,0.08949432247440381,LUAD,AIS,equal_sections
14,LUAD,GENE_CLDN4,0.0205552804121495,1.0,11477.0,AIS,0.007368480042958,1.0,12328.0,0.0131868003691915,LUAD,AIS,equal_sections
14,LUAD,GENE_COL1A1,0.0475568094628274,1.0,11477.0,AIS,0.0093079523416665,1.0,12328.0,0.0382488571211609,LUAD,AIS,equal_sections
14,LUAD,GENE_CXCL12,0.0039862837643645,1.0,11477.0,AIS,0.006394347170941,1.0,12328.0,-0.0024080634065765,LUAD,AIS,equal_sections
14,LUAD,GENE_FGF10,0.0002601215117896,1.0,11477.0,AIS,0.0003058402145038,1.0,12328.0,-4.571870271420002e-05,LUAD,AIS,equal_sections
14,LUAD,GENE_FGF7,0.0014571032431238,1.0,11477.0,AIS,0.0016694612897739,1.0,12328.0,-0.00021235804665010018,LUAD,AIS,equal_sections
14,LUAD,GENE_HBEGF,0.0037205045953422,1.0,11477.0,AIS,0.0028159124117222,1.0,12328.0,0.0009045921836199999,LUAD,AIS,equal_sections
14,LUAD,GENE_IFNG,0.0001033288242149,1.0,11477.0,AIS,0.0002456575277397,1.0,12328.0,-0.00014232870352480002,LUAD,AIS,equal_sections
14,LUAD,GENE_IL1A,0.0003429094162197,1.0,11477.0,AIS,0.0004885188965902,1.0,12328.0,-0.00014560948037050005,LUAD,AIS,equal_sections
14,LUAD,GENE_IL1B,0.0006385729337726,1.0,11477.0,AIS,0.0010913896796159,1.0,12328.0,-0.00045281674584329986,LUAD,AIS,equal_sections
14,LUAD,GENE_IL1R1,0.0077915721545284,1.0,11477.0,AIS,0.0082646645611499,1.0,12328.0,-0.00047309240662150084,LUAD,AIS,equal_sections
14,LUAD,GENE_IL1R2,0.0001295196373452,1.0,11477.0,AIS,0.0001342032111012,1.0,12328.0,-4.683573755999995e-06,LUAD,AIS,equal_sections
14,LUAD,GENE_IL1RAP,0.0021548106015271,1.0,11477.0,AIS,0.0013980668159507,1.0,12328.0,0.0007567437855764,LUAD,AIS,equal_sections
14,LUAD,GENE_IL1RN,0.0012114307518844,1.0,11477.0,AIS,0.0008131637813305,1.0,12328.0,0.00039826697055389993,LUAD,AIS,equal_sections
14,LUAD,GENE_KRT17,0.0002272878059578,1.0,11477.0,AIS,0.0002837698530172,1.0,12328.0,-5.648204705940003e-05,LUAD,AIS,equal_sections
14,LUAD,GENE_KRT5,6.657077161123138,1.0,11477.0,AIS,6.661855870138982,1.0,12328.0,-0.004778709015844207,LUAD,AIS,equal_sections
14,LUAD,GENE_KRT8,0.0507362081136276,1.0,11477.0,AIS,0.0130327451843231,1.0,12328.0,0.0377034629293045,LUAD,AIS,equal_sections
14,LUAD,GENE_SFTPC,0.591440281815022,1.0,11477.0,AIS,0.738742540015268,1.0,12328.0,-0.147302258200246,LUAD,AIS,equal_sections
14,LUAD,GENE_SIGIRR,0.0084323165866529,1.0,11477.0,AIS,0.0052152018989883,1.0,12328.0,0.0032171146876646007,LUAD,AIS,equal_sections
14,LUAD,GENE_TGFB1,0.0024482291205649,1.0,11477.0,AIS,0.0031868942692499,1.0,12328.0,-0.000738665148685,LUAD,AIS,equal_sections
14,LUAD,GENE_TNF,0.0004056887488703,1.0,11477.0,AIS,0.0005094520859264,1.0,12328.0,-0.00010376333705609998,LUAD,AIS,equal_sections
14,LUAD,HALLMARK_E2F_TARGETS,0.0321624888622969,1.0,11477.0,AIS,0.0273481762779585,1.0,12328.0,0.004814312584338398,LUAD,AIS,equal_sections
14,LUAD,HALLMARK_G2M_CHECKPOINT,0.0043850618376277,1.0,11477.0,AIS,0.002651036863852,1.0,12328.0,0.0017340249737756996,LUAD,AIS,equal_sections
14,LUAD,HALLMARK_GLYCOLYSIS,0.0311672765660482,1.0,11477.0,AIS,0.0264615146005175,1.0,12328.0,0.0047057619655307,LUAD,AIS,equal_sections
14,LUAD,HALLMARK_HYPOXIA,0.036060823899817,1.0,11477.0,AIS,0.0332771310105697,1.0,12328.0,0.002783692889247298,LUAD,AIS,equal_sections
14,LUAD,HALLMARK_IL6_JAK_STAT3_SIGNALING,0.0714752227789092,1.0,11477.0,AIS,0.0713070861126053,1.0,12328.0,0.00016813666630390023,LUAD,AIS,equal_sections
14,LUAD,HALLMARK_INFLAMMATORY_RESPONSE,0.0941623297137188,1.0,11477.0,AIS,0.0927820218974945,1.0,12328.0,0.0013803078162242938,LUAD,AIS,equal_sections
14,LUAD,HALLMARK_INTERFERON_GAMMA_RESPONSE,0.0644398523894202,1.0,11477.0,AIS,0.0618417511356876,1.0,12328.0,0.002598101253732596,LUAD,AIS,equal_sections
14,LUAD,HALLMARK_OXIDATIVE_PHOSPHORYLATION,0.0086181602189473,1.0,11477.0,AIS,0.0047546211645514,1.0,12328.0,0.0038635390543958993,LUAD,AIS,equal_sections
14,LUAD,HALLMARK_P53_PATHWAY,0.0636157600542538,1.0,11477.0,AIS,0.0552907344760708,1.0,12328.0,0.008325025578183001,LUAD,AIS,equal_sections
14,LUAD,HALLMARK_TGF_BETA_SIGNALING,0.0097859769874303,1.0,11477.0,AIS,0.0076276715859469,1.0,12328.0,0.0021583054014834005,LUAD,AIS,equal_sections
14,LUAD,HALLMARK_TNFA_SIGNALING_VIA_NFKB,0.0102182493865703,1.0,11477.0,AIS,0.0075456832222153,1.0,12328.0,0.0026725661643550004,LUAD,AIS,equal_sections
14,LUAD,HALLMARK_WNT_BETA_CATENIN_SIGNALING,0.0045409043729387,1.0,11477.0,AIS,0.0031242575427066,1.0,12328.0,0.0014166468302321002,LUAD,AIS,equal_sections
14,LUAD,REACTOME_EXTRACELLULAR_MATRIX_ORGANIZATION,0.0934345618153391,1.0,11477.0,AIS,0.0875197750932025,1.0,12328.0,0.005914786722136606,LUAD,AIS,equal_sections
16,LUAD,GENE_AGER,0.0408001506249991,1.0,7592.0,AIS,0.0683715354140733,1.0,12688.0,-0.0275713847890742,LUAD,AIS,equal_sections
16,LUAD,GENE_AQP5,0.0184231092077301,1.0,7592.0,AIS,0.0019779140996285,1.0,12688.0,0.0164451951081016,LUAD,AIS,equal_sections
16,LUAD,GENE_AREG,0.0282075059290723,1.0,7592.0,AIS,0.0163679586168367,1.0,12688.0,0.011839547312235597,LUAD,AIS,equal_sections
16,LUAD,GENE_C1QA,0.0262394739759211,1.0,7592.0,AIS,0.0121531743668776,1.0,12688.0,0.0140862996090435,LUAD,AIS,equal_sections
16,LUAD,GENE_CCL2,0.0361803944526589,1.0,7592.0,AIS,0.0112398458987961,1.0,12688.0,0.024940548553862803,LUAD,AIS,equal_sections
16,LUAD,GENE_CD3D,0.0037566900573471,1.0,7592.0,AIS,0.0009570085625699,1.0,12688.0,0.0027996814947772,LUAD,AIS,equal_sections
16,LUAD,GENE_CD8A,4.938871543306674,1.0,7592.0,AIS,5.126890149703861,1.0,12688.0,-0.18801860639718715,LUAD,AIS,equal_sections
16,LUAD,GENE_CLDN4,0.0840241279358242,1.0,7592.0,AIS,0.0073261336982073,1.0,12688.0,0.0766979942376169,LUAD,AIS,equal_sections
16,LUAD,GENE_COL1A1,0.0779537164090563,1.0,7592.0,AIS,0.0121736154965156,1.0,12688.0,0.06578010091254069,LUAD,AIS,equal_sections
16,LUAD,GENE_CXCL12,0.0092381927364532,1.0,7592.0,AIS,0.0036811434038383,1.0,12688.0,0.0055570493326149,LUAD,AIS,equal_sections
16,LUAD,GENE_FGF10,0.0004787626544528,1.0,7592.0,AIS,0.0002991394306864,1.0,12688.0,0.0001796232237664,LUAD,AIS,equal_sections
16,LUAD,GENE_FGF7,0.0069224888374185,1.0,7592.0,AIS,0.0009616703954623,1.0,12688.0,0.0059608184419562005,LUAD,AIS,equal_sections
16,LUAD,GENE_HBEGF,0.0100803585285591,1.0,7592.0,AIS,0.003375181311497,1.0,12688.0,0.006705177217062101,LUAD,AIS,equal_sections
16,LUAD,GENE_IFNG,0.0006382440469403,1.0,7592.0,AIS,0.0002072004351894,1.0,12688.0,0.00043104361175090003,LUAD,AIS,equal_sections
16,LUAD,GENE_IL1A,0.000507674375383,1.0,7592.0,AIS,0.0002831218053577,1.0,12688.0,0.0002245525700253,LUAD,AIS,equal_sections
16,LUAD,GENE_IL1B,0.0026790406124912,1.0,7592.0,AIS,0.0009591594732741,1.0,12688.0,0.0017198811392170998,LUAD,AIS,equal_sections
16,LUAD,GENE_IL1R1,0.0246638907118338,1.0,7592.0,AIS,0.0086689188239545,1.0,12688.0,0.0159949718878793,LUAD,AIS,equal_sections
16,LUAD,GENE_IL1R2,0.0007529813271536,1.0,7592.0,AIS,8.046536800077487e-05,1.0,12688.0,0.0006725159591528251,LUAD,AIS,equal_sections
16,LUAD,GENE_IL1RAP,0.0039713102151889,1.0,7592.0,AIS,0.0012186856438447,1.0,12688.0,0.0027526245713442,LUAD,AIS,equal_sections
16,LUAD,GENE_IL1RN,0.0111734870314944,1.0,7592.0,AIS,0.0013084645453863,1.0,12688.0,0.0098650224861081,LUAD,AIS,equal_sections
16,LUAD,GENE_KRT17,0.0625514899005416,1.0,7592.0,AIS,0.0005857382031658,1.0,12688.0,0.0619657516973758,LUAD,AIS,equal_sections
16,LUAD,GENE_KRT5,6.507255191154565,1.0,7592.0,AIS,6.239567391371995,1.0,12688.0,0.2676877997825695,LUAD,AIS,equal_sections
16,LUAD,GENE_KRT8,0.1567259691775507,1.0,7592.0,AIS,0.0146233834531598,1.0,12688.0,0.14210258572439088,LUAD,AIS,equal_sections
16,LUAD,GENE_SFTPC,0.3064068550370317,1.0,7592.0,AIS,0.5924997426634652,1.0,12688.0,-0.2860928876264335,LUAD,AIS,equal_sections
16,LUAD,GENE_SIGIRR,0.0147769897565141,1.0,7592.0,AIS,0.0037638654868063,1.0,12688.0,0.0110131242697078,LUAD,AIS,equal_sections
16,LUAD,GENE_TGFB1,0.0050555528660045,1.0,7592.0,AIS,0.0017081237146497,1.0,12688.0,0.0033474291513548,LUAD,AIS,equal_sections
16,LUAD,GENE_TNF,0.0006822748515815,1.0,7592.0,AIS,0.0003373695780077,1.0,12688.0,0.00034490527357380007,LUAD,AIS,equal_sections
16,LUAD,HALLMARK_E2F_TARGETS,0.0335727440928254,1.0,7592.0,AIS,0.0243341025435684,1.0,12688.0,0.009238641549257003,LUAD,AIS,equal_sections
16,LUAD,HALLMARK_G2M_CHECKPOINT,0.0098228833964235,1.0,7592.0,AIS,0.002024828953265,1.0,12688.0,0.007798054443158499,LUAD,AIS,equal_sections
16,LUAD,HALLMARK_GLYCOLYSIS,0.039212370386335,1.0,7592.0,AIS,0.0253536594219539,1.0,12688.0,0.013858710964381103,LUAD,AIS,equal_sections
16,LUAD,HALLMARK_HYPOXIA,0.0506483602655819,1.0,7592.0,AIS,0.0330828468106647,1.0,12688.0,0.0175655134549172,LUAD,AIS,equal_sections
16,LUAD,HALLMARK_IL6_JAK_STAT3_SIGNALING,0.0863930335050935,1.0,7592.0,AIS,0.0724226248795985,1.0,12688.0,0.013970408625495007,LUAD,AIS,equal_sections
16,LUAD,HALLMARK_INFLAMMATORY_RESPONSE,0.100026859223713,1.0,7592.0,AIS,0.0935385932076678,1.0,12688.0,0.006488266016045199,LUAD,AIS,equal_sections
16,LUAD,HALLMARK_INTERFERON_GAMMA_RESPONSE,0.0696905929875563,1.0,7592.0,AIS,0.0614524882219855,1.0,12688.0,0.008238104765570797,LUAD,AIS,equal_sections
16,LUAD,HALLMARK_OXIDATIVE_PHOSPHORYLATION,0.0151175769002985,1.0,7592.0,AIS,0.0034920890564691,1.0,12688.0,0.011625487843829399,LUAD,AIS,equal_sections
16,LUAD,HALLMARK_P53_PATHWAY,0.0732146895000017,1.0,7592.0,AIS,0.0510963175867835,1.0,12688.0,0.022118371913218207,LUAD,AIS,equal_sections
16,LUAD,HALLMARK_TGF_BETA_SIGNALING,0.0247924825735501,1.0,7592.0,AIS,0.0061304301703011,1.0,12688.0,0.018662052403249002,LUAD,AIS,equal_sections
16,LUAD,HALLMARK_TNFA_SIGNALING_VIA_NFKB,0.0355449188445859,1.0,7592.0,AIS,0.0105061873160029,1.0,12688.0,0.025038731528583005,LUAD,AIS,equal_sections
16,LUAD,HALLMARK_WNT_BETA_CATENIN_SIGNALING,0.0091461935986564,1.0,7592.0,AIS,0.0021708289022874,1.0,12688.0,0.006975364696368999,LUAD,AIS,equal_sections
16,LUAD,REACTOME_EXTRACELLULAR_MATRIX_ORGANIZATION,0.0942511529909067,1.0,7592.0,AIS,0.081732204887157,1.0,12688.0,0.012518948103749691,LUAD,AIS,equal_sections
17,LUAD,GENE_AGER,0.0049233316538262,1.0,13510.0,AIS,0.0401685138349675,1.0,13460.0,-0.0352451821811413,LUAD,AIS,equal_sections
17,LUAD,GENE_AQP5,0.01093929895235,1.0,13510.0,AIS,0.0040571068195239,1.0,13460.0,0.0068821921328261,LUAD,AIS,equal_sections
17,LUAD,GENE_AREG,0.0066181582314644,1.0,13510.0,AIS,0.0028772586685427,1.0,13460.0,0.0037408995629216995,LUAD,AIS,equal_sections
17,LUAD,GENE_C1QA,0.0270253689308414,1.0,13510.0,AIS,0.0090437797475527,1.0,13460.0,0.017981589183288703,LUAD,AIS,equal_sections
17,LUAD,GENE_CCL2,0.0109550862210531,1.0,13510.0,AIS,0.0006679133366132,1.0,13460.0,0.0102871728844399,LUAD,AIS,equal_sections
17,LUAD,GENE_CD3D,0.0046078120863733,1.0,13510.0,AIS,0.0007308876102096,1.0,13460.0,0.0038769244761637,LUAD,AIS,equal_sections
17,LUAD,GENE_CD8A,5.763380971619669,1.0,13510.0,AIS,5.124087563184692,1.0,13460.0,0.6392934084349768,LUAD,AIS,equal_sections
17,LUAD,GENE_CLDN4,0.0141478233206931,1.0,13510.0,AIS,0.0044212381569195,1.0,13460.0,0.009726585163773598,LUAD,AIS,equal_sections
17,LUAD,GENE_COL1A1,0.081676002310808,1.0,13510.0,AIS,0.0165710924978858,1.0,13460.0,0.0651049098129222,LUAD,AIS,equal_sections
17,LUAD,GENE_CXCL12,0.0208858874489775,1.0,13510.0,AIS,0.0039360783207141,1.0,13460.0,0.0169498091282634,LUAD,AIS,equal_sections
17,LUAD,GENE_FGF10,0.000510867866213,1.0,13510.0,AIS,0.0001923737402648,1.0,13460.0,0.0003184941259482,LUAD,AIS,equal_sections
17,LUAD,GENE_FGF7,0.011276592480518,1.0,13510.0,AIS,0.0010141106782271,1.0,13460.0,0.0102624818022909,LUAD,AIS,equal_sections
17,LUAD,GENE_HBEGF,0.0036396030796679,1.0,13510.0,AIS,0.0006865958550721,1.0,13460.0,0.0029530072245958,LUAD,AIS,equal_sections
17,LUAD,GENE_IFNG,0.0002835444408013,1.0,13510.0,AIS,7.137110597975903e-05,1.0,13460.0,0.000212173334821541,LUAD,AIS,equal_sections
17,LUAD,GENE_IL1A,0.0002074784288926,1.0,13510.0,AIS,7.227444794405119e-05,1.0,13460.0,0.00013520398094854882,LUAD,AIS,equal_sections
17,LUAD,GENE_IL1B,0.002500387189156,1.0,13510.0,AIS,0.0001616020685838,1.0,13460.0,0.0023387851205722,LUAD,AIS,equal_sections
17,LUAD,GENE_IL1R1,0.017166990409941,1.0,13510.0,AIS,0.0038054644034215,1.0,13460.0,0.013361526006519502,LUAD,AIS,equal_sections
17,LUAD,GENE_IL1R2,0.0002908891574416,1.0,13510.0,AIS,6.14447760419061e-05,1.0,13460.0,0.00022944438139969393,LUAD,AIS,equal_sections
17,LUAD,GENE_IL1RAP,0.0032875522665827,1.0,13510.0,AIS,0.0006650858494552,1.0,13460.0,0.0026224664171275,LUAD,AIS,equal_sections
17,LUAD,GENE_IL1RN,0.001894912825578,1.0,13510.0,AIS,0.0005678850964886,1.0,13460.0,0.0013270277290894001,LUAD,AIS,equal_sections
17,LUAD,GENE_KRT17,0.0059666972310316,1.0,13510.0,AIS,0.0005820304827467,1.0,13460.0,0.0053846667482849,LUAD,AIS,equal_sections
17,LUAD,GENE_KRT5,6.380116377178602,1.0,13510.0,AIS,6.70450315927157,1.0,13460.0,-0.3243867820929678,LUAD,AIS,equal_sections
17,LUAD,GENE_KRT8,0.0310451498631263,1.0,13510.0,AIS,0.0101619662864823,1.0,13460.0,0.020883183576644003,LUAD,AIS,equal_sections
17,LUAD,GENE_SFTPC,0.0239012083409392,1.0,13510.0,AIS,0.5089128079120724,1.0,13460.0,-0.48501159957113316,LUAD,AIS,equal_sections
17,LUAD,GENE_SIGIRR,0.0097448240921856,1.0,13510.0,AIS,0.003806878700416,1.0,13460.0,0.0059379453917696,LUAD,AIS,equal_sections
17,LUAD,GENE_TGFB1,0.0048287420582077,1.0,13510.0,AIS,0.0011858034213986,1.0,13460.0,0.0036429386368091003,LUAD,AIS,equal_sections
17,LUAD,GENE_TNF,0.0004942987642152,1.0,13510.0,AIS,0.0001444069087532,1.0,13460.0,0.000349891855462,LUAD,AIS,equal_sections
17,LUAD,HALLMARK_E2F_TARGETS,0.0336821250390976,1.0,13510.0,AIS,0.0277690233621243,1.0,13460.0,0.005913101676973301,LUAD,AIS,equal_sections
17,LUAD,HALLMARK_G2M_CHECKPOINT,0.0058153487887542,1.0,13510.0,AIS,0.0016072031671662,1.0,13460.0,0.004208145621588,LUAD,AIS,equal_sections
17,LUAD,HALLMARK_GLYCOLYSIS,0.0311081623567227,1.0,13510.0,AIS,0.0251088133382225,1.0,13460.0,0.005999349018500202,LUAD,AIS,equal_sections
17,LUAD,HALLMARK_HYPOXIA,0.0415673148131787,1.0,13510.0,AIS,0.0311723550009386,1.0,13460.0,0.0103949598122401,LUAD,AIS,equal_sections
17,LUAD,HALLMARK_IL6_JAK_STAT3_SIGNALING,0.0784417263086886,1.0,13510.0,AIS,0.0661792856428132,1.0,13460.0,0.01226244066587541,LUAD,AIS,equal_sections
17,LUAD,HALLMARK_INFLAMMATORY_RESPONSE,0.0940138167907354,1.0,13510.0,AIS,0.0872044880688188,1.0,13460.0,0.006809328721916599,LUAD,AIS,equal_sections
17,LUAD,HALLMARK_INTERFERON_GAMMA_RESPONSE,0.0648678815348115,1.0,13510.0,AIS,0.0562410407459201,1.0,13460.0,0.0086268407888914,LUAD,AIS,equal_sections
17,LUAD,HALLMARK_OXIDATIVE_PHOSPHORYLATION,0.0088055810758418,1.0,13510.0,AIS,0.0027479696995358,1.0,13460.0,0.0060576113763059995,LUAD,AIS,equal_sections
17,LUAD,HALLMARK_P53_PATHWAY,0.0651411691745306,1.0,13510.0,AIS,0.053146161443676,1.0,13460.0,0.011995007730854594,LUAD,AIS,equal_sections
17,LUAD,HALLMARK_TGF_BETA_SIGNALING,0.0136036189601505,1.0,13510.0,AIS,0.0038581597346994,1.0,13460.0,0.0097454592254511,LUAD,AIS,equal_sections
17,LUAD,HALLMARK_TNFA_SIGNALING_VIA_NFKB,0.0173571981569573,1.0,13510.0,AIS,0.0036676121484804,1.0,13460.0,0.013689586008476898,LUAD,AIS,equal_sections
17,LUAD,HALLMARK_WNT_BETA_CATENIN_SIGNALING,0.0057255981168666,1.0,13510.0,AIS,0.0017458728259163,1.0,13460.0,0.0039797252909503,LUAD,AIS,equal_sections
17,LUAD,REACTOME_EXTRACELLULAR_MATRIX_ORGANIZATION,0.0934725534112607,1.0,13510.0,AIS,0.085701862707178,1.0,13460.0,0.007770690704082706,LUAD,AIS,equal_sections
19,LUAD,GENE_AGER,0.1314791477638363,1.0,12561.0,AIS,0.2681890333833201,1.0,13880.0,-0.13670988561948383,LUAD,AIS,equal_sections
19,LUAD,GENE_AQP5,0.012045051767789,1.0,12561.0,AIS,0.0036548022693325,1.0,13880.0,0.0083902494984565,LUAD,AIS,equal_sections
19,LUAD,GENE_AREG,0.0162987804282569,1.0,12561.0,AIS,0.0075257997463974,1.0,13880.0,0.0087729806818595,LUAD,AIS,equal_sections
19,LUAD,GENE_C1QA,0.0570894100231986,1.0,12561.0,AIS,0.0472361833746408,1.0,13880.0,0.009853226648557804,LUAD,AIS,equal_sections
19,LUAD,GENE_CCL2,0.0259408411407739,1.0,12561.0,AIS,0.0139304376712919,1.0,13880.0,0.012010403469482,LUAD,AIS,equal_sections
19,LUAD,GENE_CD3D,0.0038168397996594,1.0,12561.0,AIS,0.0041251546330702,1.0,13880.0,-0.0003083148334108001,LUAD,AIS,equal_sections
19,LUAD,GENE_CD8A,5.308166548286471,1.0,12561.0,AIS,5.291766857915297,1.0,13880.0,0.01639969037117428,LUAD,AIS,equal_sections
19,LUAD,GENE_CLDN4,0.0509083199993017,1.0,12561.0,AIS,0.0236341096521636,1.0,13880.0,0.027274210347138096,LUAD,AIS,equal_sections
19,LUAD,GENE_COL1A1,0.0739871752644458,1.0,12561.0,AIS,0.0478724510906665,1.0,13880.0,0.026114724173779302,LUAD,AIS,equal_sections
19,LUAD,GENE_CXCL12,0.0260302794138027,1.0,12561.0,AIS,0.0310106680368413,1.0,13880.0,-0.004980388623038599,LUAD,AIS,equal_sections
19,LUAD,GENE_FGF10,0.0007255518088098,1.0,12561.0,AIS,0.00075517083555,1.0,13880.0,-2.961902674019994e-05,LUAD,AIS,equal_sections
19,LUAD,GENE_FGF7,0.0063511773588986,1.0,12561.0,AIS,0.0044025118287073,1.0,13880.0,0.0019486655301912993,LUAD,AIS,equal_sections
19,LUAD,GENE_HBEGF,0.0036219760489306,1.0,12561.0,AIS,0.0043417129697595,1.0,13880.0,-0.0007197369208289004,LUAD,AIS,equal_sections
19,LUAD,GENE_IFNG,0.0005802702232092,1.0,12561.0,AIS,0.0008478218507624,1.0,13880.0,-0.00026755162755320004,LUAD,AIS,equal_sections
19,LUAD,GENE_IL1A,0.0005815395586355,1.0,12561.0,AIS,0.0006537815811236,1.0,13880.0,-7.224202248809995e-05,LUAD,AIS,equal_sections
19,LUAD,GENE_IL1B,0.0036781713995703,1.0,12561.0,AIS,0.0027725229932922,1.0,13880.0,0.0009056484062780999,LUAD,AIS,equal_sections
19,LUAD,GENE_IL1R1,0.0513577103791208,1.0,12561.0,AIS,0.0418440714178261,1.0,13880.0,0.009513638961294701,LUAD,AIS,equal_sections
19,LUAD,GENE_IL1R2,0.0003927986615446,1.0,12561.0,AIS,0.0003992079227874,1.0,13880.0,-6.409261242799988e-06,LUAD,AIS,equal_sections
19,LUAD,GENE_IL1RAP,0.0066572361180356,1.0,12561.0,AIS,0.0038502009501006,1.0,13880.0,0.002807035167935,LUAD,AIS,equal_sections
19,LUAD,GENE_IL1RN,0.0025050621729966,1.0,12561.0,AIS,0.0012027678845086,1.0,13880.0,0.0013022942884879998,LUAD,AIS,equal_sections
19,LUAD,GENE_KRT17,0.0116182016124816,1.0,12561.0,AIS,0.0025455402136169,1.0,13880.0,0.009072661398864701,LUAD,AIS,equal_sections
19,LUAD,GENE_KRT5,6.204024676564253,1.0,12561.0,AIS,5.662906299099905,1.0,13880.0,0.5411183774643478,LUAD,AIS,equal_sections
19,LUAD,GENE_KRT8,0.0644479827759169,1.0,12561.0,AIS,0.0333554190444067,1.0,13880.0,0.031092563731510203,LUAD,AIS,equal_sections
19,LUAD,GENE_SFTPC,0.8795565453758744,1.0,12561.0,AIS,1.287827558501576,1.0,13880.0,-0.4082710131257016,LUAD,AIS,equal_sections
19,LUAD,GENE_SIGIRR,0.0188915532945526,1.0,12561.0,AIS,0.0202086376893415,1.0,13880.0,-0.001317084394788899,LUAD,AIS,equal_sections
19,LUAD,GENE_TGFB1,0.006017029524701,1.0,12561.0,AIS,0.0064436282142666,1.0,13880.0,-0.0004265986895656002,LUAD,AIS,equal_sections
19,LUAD,GENE_TNF,0.0014801175456641,1.0,12561.0,AIS,0.0015865328267242,1.0,13880.0,-0.0001064152810601,LUAD,AIS,equal_sections
19,LUAD,HALLMARK_E2F_TARGETS,0.0355851488390758,1.0,12561.0,AIS,0.0318124473229866,1.0,13880.0,0.0037727015160891955,LUAD,AIS,equal_sections
19,LUAD,HALLMARK_G2M_CHECKPOINT,0.0116696506682837,1.0,12561.0,AIS,0.0101170835283825,1.0,13880.0,0.0015525671399011995,LUAD,AIS,equal_sections
19,LUAD,HALLMARK_GLYCOLYSIS,0.0384445305696725,1.0,12561.0,AIS,0.0350123863057271,1.0,13880.0,0.0034321442639453983,LUAD,AIS,equal_sections
19,LUAD,HALLMARK_HYPOXIA,0.0524039509344635,1.0,12561.0,AIS,0.0522094629474099,1.0,13880.0,0.0001944879870535987,LUAD,AIS,equal_sections
19,LUAD,HALLMARK_IL6_JAK_STAT3_SIGNALING,0.0855365882878859,1.0,12561.0,AIS,0.0879780262565291,1.0,13880.0,-0.002441437968643198,LUAD,AIS,equal_sections
19,LUAD,HALLMARK_INFLAMMATORY_RESPONSE,0.1040630094750121,1.0,12561.0,AIS,0.1053794707522578,1.0,13880.0,-0.0013164612772457035,LUAD,AIS,equal_sections
19,LUAD,HALLMARK_INTERFERON_GAMMA_RESPONSE,0.0812323153820543,1.0,12561.0,AIS,0.0750660957169128,1.0,13880.0,0.006166219665141498,LUAD,AIS,equal_sections
19,LUAD,HALLMARK_OXIDATIVE_PHOSPHORYLATION,0.018574798146602,1.0,12561.0,AIS,0.0151339861353165,1.0,13880.0,0.0034408120112855017,LUAD,AIS,equal_sections
19,LUAD,HALLMARK_P53_PATHWAY,0.0738730284105472,1.0,12561.0,AIS,0.0686361936792585,1.0,13880.0,0.005236834731288706,LUAD,AIS,equal_sections
19,LUAD,HALLMARK_TGF_BETA_SIGNALING,0.0261760395353869,1.0,12561.0,AIS,0.0262882785685665,1.0,13880.0,-0.00011223903317960152,LUAD,AIS,equal_sections
19,LUAD,HALLMARK_TNFA_SIGNALING_VIA_NFKB,0.0278747870617838,1.0,12561.0,AIS,0.0257119364366689,1.0,13880.0,0.0021628506251148982,LUAD,AIS,equal_sections
19,LUAD,HALLMARK_WNT_BETA_CATENIN_SIGNALING,0.010553003645731,1.0,12561.0,AIS,0.009592778229133,1.0,13880.0,0.0009602254165979995,LUAD,AIS,equal_sections
19,LUAD,REACTOME_EXTRACELLULAR_MATRIX_ORGANIZATION,0.105906073907061,1.0,12561.0,AIS,0.1037380820797489,1.0,13880.0,0.002167991827312102,LUAD,AIS,equal_sections
21,LUAD,GENE_AGER,0.0209593764453571,1.0,13312.0,AIS,0.16752252718613075,2.0,26273.0,-0.14656315074077364,LUAD,AIS,equal_sections
21,LUAD,GENE_AQP5,0.0728259795772729,1.0,13312.0,AIS,0.00441962477410555,2.0,26273.0,0.06840635480316734,LUAD,AIS,equal_sections
21,LUAD,GENE_AREG,0.0030499348057306,1.0,13312.0,AIS,0.00187137199386145,2.0,26273.0,0.00117856281186915,LUAD,AIS,equal_sections
21,LUAD,GENE_C1QA,0.0570785672806945,1.0,13312.0,AIS,0.091159230980995,2.0,26273.0,-0.0340806637003005,LUAD,AIS,equal_sections
21,LUAD,GENE_CCL2,0.0247249480996291,1.0,13312.0,AIS,0.0082194563255174,2.0,26273.0,0.016505491774111702,LUAD,AIS,equal_sections
21,LUAD,GENE_CD3D,0.0068223846265229,1.0,13312.0,AIS,0.00316376695655135,2.0,26273.0,0.0036586176699715503,LUAD,AIS,equal_sections
21,LUAD,GENE_CD8A,4.960888064154885,1.0,13312.0,AIS,5.079607637696942,2.0,26273.0,-0.11871957354205698,LUAD,AIS,equal_sections
21,LUAD,GENE_CLDN4,0.0516431528710404,1.0,13312.0,AIS,0.01236352774837725,2.0,26273.0,0.03927962512266315,LUAD,AIS,equal_sections
21,LUAD,GENE_COL1A1,0.2726220600021346,1.0,13312.0,AIS,0.0276934289237233,2.0,26273.0,0.24492863107841134,LUAD,AIS,equal_sections
21,LUAD,GENE_CXCL12,0.0182895534835249,1.0,13312.0,AIS,0.0247740312057889,2.0,26273.0,-0.006484477722264001,LUAD,AIS,equal_sections
21,LUAD,GENE_FGF10,0.0003304995932432,1.0,13312.0,AIS,0.0010763279858211,2.0,26273.0,-0.0007458283925779001,LUAD,AIS,equal_sections
21,LUAD,GENE_FGF7,0.0178420374197024,1.0,13312.0,AIS,0.0055314383273083,2.0,26273.0,0.0123105990923941,LUAD,AIS,equal_sections
21,LUAD,GENE_HBEGF,0.0043084257282946,1.0,13312.0,AIS,0.00450158315641025,2.0,26273.0,-0.00019315742811564993,LUAD,AIS,equal_sections
21,LUAD,GENE_IFNG,0.0005934766087859,1.0,13312.0,AIS,0.00016633067896625,2.0,26273.0,0.00042714592981964996,LUAD,AIS,equal_sections
21,LUAD,GENE_IL1A,0.0023660935756083,1.0,13312.0,AIS,0.0014765920549153,2.0,26273.0,0.0008895015206929998,LUAD,AIS,equal_sections
21,LUAD,GENE_IL1B,0.0049673568903942,1.0,13312.0,AIS,0.0028088195301055,2.0,26273.0,0.0021585373602887002,LUAD,AIS,equal_sections
21,LUAD,GENE_IL1R1,0.112447454643024,1.0,13312.0,AIS,0.05339084438817275,2.0,26273.0,0.05905661025485125,LUAD,AIS,equal_sections
21,LUAD,GENE_IL1R2,0.0041439587477103,1.0,13312.0,AIS,0.00042961671063850005,2.0,26273.0,0.0037143420370717994,LUAD,AIS,equal_sections
21,LUAD,GENE_IL1RAP,0.0054027674611524,1.0,13312.0,AIS,0.0039370456468937,2.0,26273.0,0.0014657218142587,LUAD,AIS,equal_sections
21,LUAD,GENE_IL1RN,0.0054542714706449,1.0,13312.0,AIS,0.0027916742247801503,2.0,26273.0,0.0026625972458647496,LUAD,AIS,equal_sections
21,LUAD,GENE_KRT17,0.0440000358848758,1.0,13312.0,AIS,0.0010160709748631,2.0,26273.0,0.0429839649100127,LUAD,AIS,equal_sections
21,LUAD,GENE_KRT5,5.822452013682445,1.0,13312.0,AIS,5.666761400457736,2.0,26273.0,0.15569061322470912,LUAD,AIS,equal_sections
21,LUAD,GENE_KRT8,0.2370355191417067,1.0,13312.0,AIS,0.019435789732025602,2.0,26273.0,0.2175997294096811,LUAD,AIS,equal_sections
21,LUAD,GENE_SFTPC,0.1078575106701175,1.0,13312.0,AIS,1.1874726677481617,2.0,26273.0,-1.0796151570780443,LUAD,AIS,equal_sections
21,LUAD,GENE_SIGIRR,0.0201088740411783,1.0,13312.0,AIS,0.012963849379677851,2.0,26273.0,0.007145024661500448,LUAD,AIS,equal_sections
21,LUAD,GENE_TGFB1,0.0070690168722259,1.0,13312.0,AIS,0.0059461348723667,2.0,26273.0,0.0011228819998591998,LUAD,AIS,equal_sections
21,LUAD,GENE_TNF,0.0006019916475474,1.0,13312.0,AIS,0.0007400572819487501,2.0,26273.0,-0.00013806563440135007,LUAD,AIS,equal_sections
21,LUAD,HALLMARK_E2F_TARGETS,0.0392731967151794,1.0,13312.0,AIS,0.03046094069312405,2.0,26273.0,0.008812256022055348,LUAD,AIS,equal_sections
21,LUAD,HALLMARK_G2M_CHECKPOINT,0.0192378055099911,1.0,13312.0,AIS,0.00751953858395185,2.0,26273.0,0.011718266926039252,LUAD,AIS,equal_sections
21,LUAD,HALLMARK_GLYCOLYSIS,0.0543037692185434,1.0,13312.0,AIS,0.03173841631700565,2.0,26273.0,0.02256535290153775,LUAD,AIS,equal_sections
21,LUAD,HALLMARK_HYPOXIA,0.0609363071033825,1.0,13312.0,AIS,0.0446255288326916,2.0,26273.0,0.016310778270690898,LUAD,AIS,equal_sections
21,LUAD,HALLMARK_IL6_JAK_STAT3_SIGNALING,0.0876205709879322,1.0,13312.0,AIS,0.07833194079992535,2.0,26273.0,0.009288630188006852,LUAD,AIS,equal_sections
21,LUAD,HALLMARK_INFLAMMATORY_RESPONSE,0.1033973441961735,1.0,13312.0,AIS,0.09503484847676799,2.0,26273.0,0.008362495719405505,LUAD,AIS,equal_sections
21,LUAD,HALLMARK_INTERFERON_GAMMA_RESPONSE,0.0816129653073184,1.0,13312.0,AIS,0.07098399413625506,2.0,26273.0,0.010628971171063345,LUAD,AIS,equal_sections
21,LUAD,HALLMARK_OXIDATIVE_PHOSPHORYLATION,0.0298930733866357,1.0,13312.0,AIS,0.0133973465059792,2.0,26273.0,0.016495726880656498,LUAD,AIS,equal_sections
21,LUAD,HALLMARK_P53_PATHWAY,0.0860034392586424,1.0,13312.0,AIS,0.06421615030302874,2.0,26273.0,0.02178728895561366,LUAD,AIS,equal_sections
21,LUAD,HALLMARK_TGF_BETA_SIGNALING,0.0410757535213368,1.0,13312.0,AIS,0.01982267338798335,2.0,26273.0,0.02125308013335345,LUAD,AIS,equal_sections
21,LUAD,HALLMARK_TNFA_SIGNALING_VIA_NFKB,0.0390051009283379,1.0,13312.0,AIS,0.01913535898067465,2.0,26273.0,0.01986974194766325,LUAD,AIS,equal_sections
21,LUAD,HALLMARK_WNT_BETA_CATENIN_SIGNALING,0.0141034461631198,1.0,13312.0,AIS,0.0074182507138323,2.0,26273.0,0.006685195449287499,LUAD,AIS,equal_sections
21,LUAD,REACTOME_EXTRACELLULAR_MATRIX_ORGANIZATION,0.1142293092684733,1.0,13312.0,AIS,0.0955731878663791,2.0,26273.0,0.018656121402094203,LUAD,AIS,equal_sections
22,LUAD,GENE_AGER,0.3038515905689986,1.0,12226.0,AIS,0.1602190594244456,1.0,12815.0,0.143632531144553,LUAD,AIS,equal_sections
22,LUAD,GENE_AQP5,0.0042918323402362,1.0,12226.0,AIS,0.0009573123780136,1.0,12815.0,0.0033345199622226,LUAD,AIS,equal_sections
22,LUAD,GENE_AREG,0.0079724746601477,1.0,12226.0,AIS,0.0038638695377604,1.0,12815.0,0.004108605122387301,LUAD,AIS,equal_sections
22,LUAD,GENE_C1QA,0.0938816504595408,1.0,12226.0,AIS,0.0557251122388159,1.0,12815.0,0.03815653822072491,LUAD,AIS,equal_sections
22,LUAD,GENE_CCL2,0.0067512467357505,1.0,12226.0,AIS,0.0059137225812331,1.0,12815.0,0.0008375241545174007,LUAD,AIS,equal_sections
22,LUAD,GENE_CD3D,0.0061181038358382,1.0,12226.0,AIS,0.0025015902560996,1.0,12815.0,0.0036165135797385996,LUAD,AIS,equal_sections
22,LUAD,GENE_CD8A,5.184732198166524,1.0,12226.0,AIS,5.025756945503408,1.0,12815.0,0.15897525266311607,LUAD,AIS,equal_sections
22,LUAD,GENE_CLDN4,0.0268971090379534,1.0,12226.0,AIS,0.0080731829275806,1.0,12815.0,0.0188239261103728,LUAD,AIS,equal_sections
22,LUAD,GENE_COL1A1,0.0321314520603265,1.0,12226.0,AIS,0.0197551590669138,1.0,12815.0,0.0123762929934127,LUAD,AIS,equal_sections
22,LUAD,GENE_CXCL12,0.0370541983238774,1.0,12226.0,AIS,0.0171074591754632,1.0,12815.0,0.0199467391484142,LUAD,AIS,equal_sections
22,LUAD,GENE_FGF10,0.0024235453953828,1.0,12226.0,AIS,0.0014756876921426,1.0,12815.0,0.0009478577032401999,LUAD,AIS,equal_sections
22,LUAD,GENE_FGF7,0.0098675550496697,1.0,12226.0,AIS,0.0047208994531315,1.0,12815.0,0.005146655596538201,LUAD,AIS,equal_sections
22,LUAD,GENE_HBEGF,0.0051604683472247,1.0,12226.0,AIS,0.0045366049326491,1.0,12815.0,0.0006238634145756001,LUAD,AIS,equal_sections
22,LUAD,GENE_IFNG,0.0012205518599126,1.0,12226.0,AIS,0.0003029188149071,1.0,12815.0,0.0009176330450054999,LUAD,AIS,equal_sections
22,LUAD,GENE_IL1A,0.0015335395873022,1.0,12226.0,AIS,0.0015446172818778,1.0,12815.0,-1.1077694575600122e-05,LUAD,AIS,equal_sections
22,LUAD,GENE_IL1B,0.0041268862031147,1.0,12226.0,AIS,0.0026952608213097,1.0,12815.0,0.0014316253818050001,LUAD,AIS,equal_sections
22,LUAD,GENE_IL1R1,0.074502383382989,1.0,12226.0,AIS,0.0398767825087516,1.0,12815.0,0.03462560087423739,LUAD,AIS,equal_sections
22,LUAD,GENE_IL1R2,0.0013159254688208,1.0,12226.0,AIS,0.0005466182094456,1.0,12815.0,0.0007693072593752,LUAD,AIS,equal_sections
22,LUAD,GENE_IL1RAP,0.0077351335676292,1.0,12226.0,AIS,0.004255855692994,1.0,12815.0,0.0034792778746351996,LUAD,AIS,equal_sections
22,LUAD,GENE_IL1RN,0.0040788466897783,1.0,12226.0,AIS,0.0025204739185115,1.0,12815.0,0.0015583727712668001,LUAD,AIS,equal_sections
22,LUAD,GENE_KRT17,0.0049468006434817,1.0,12226.0,AIS,0.000970594511305,1.0,12815.0,0.0039762061321767,LUAD,AIS,equal_sections
22,LUAD,GENE_KRT5,5.084655590530136,1.0,12226.0,AIS,6.074694288955913,1.0,12815.0,-0.990038698425777,LUAD,AIS,equal_sections
22,LUAD,GENE_KRT8,0.041634547207622,1.0,12226.0,AIS,0.0137661942183258,1.0,12815.0,0.027868352989296196,LUAD,AIS,equal_sections
22,LUAD,GENE_SFTPC,1.5852673602870084,1.0,12226.0,AIS,0.9655138088274228,1.0,12815.0,0.6197535514595857,LUAD,AIS,equal_sections
22,LUAD,GENE_SIGIRR,0.0235892155701994,1.0,12226.0,AIS,0.0090434058539755,1.0,12815.0,0.014545809716223898,LUAD,AIS,equal_sections
22,LUAD,GENE_TGFB1,0.0101706249979615,1.0,12226.0,AIS,0.0054393927187767,1.0,12815.0,0.0047312322791847996,LUAD,AIS,equal_sections
22,LUAD,GENE_TNF,0.001746946978862,1.0,12226.0,AIS,0.0012394293294063,1.0,12815.0,0.0005075176494557,LUAD,AIS,equal_sections
22,LUAD,HALLMARK_E2F_TARGETS,0.0330710997007082,1.0,12226.0,AIS,0.0311508583100671,1.0,12815.0,0.001920241390641099,LUAD,AIS,equal_sections
22,LUAD,HALLMARK_G2M_CHECKPOINT,0.0142309744454731,1.0,12226.0,AIS,0.0062540995547384,1.0,12815.0,0.0079768748907347,LUAD,AIS,equal_sections
22,LUAD,HALLMARK_GLYCOLYSIS,0.039506809395686,1.0,12226.0,AIS,0.0300802487954153,1.0,12815.0,0.009426560600270702,LUAD,AIS,equal_sections
22,LUAD,HALLMARK_HYPOXIA,0.062611612290229,1.0,12226.0,AIS,0.0446968273495386,1.0,12815.0,0.017914784940690404,LUAD,AIS,equal_sections
22,LUAD,HALLMARK_IL6_JAK_STAT3_SIGNALING,0.0957333722008862,1.0,12226.0,AIS,0.0784345023176106,1.0,12815.0,0.0172988698832756,LUAD,AIS,equal_sections
22,LUAD,HALLMARK_INFLAMMATORY_RESPONSE,0.1105542360513046,1.0,12226.0,AIS,0.0963477888847242,1.0,12815.0,0.0142064471665804,LUAD,AIS,equal_sections
22,LUAD,HALLMARK_INTERFERON_GAMMA_RESPONSE,0.0838453882598252,1.0,12226.0,AIS,0.0686748567203549,1.0,12815.0,0.015170531539470303,LUAD,AIS,equal_sections
22,LUAD,HALLMARK_OXIDATIVE_PHOSPHORYLATION,0.0216632804880875,1.0,12226.0,AIS,0.009731811166025,1.0,12815.0,0.011931469322062502,LUAD,AIS,equal_sections
22,LUAD,HALLMARK_P53_PATHWAY,0.0749612641309784,1.0,12226.0,AIS,0.0633771740022657,1.0,12815.0,0.011584090128712698,LUAD,AIS,equal_sections
22,LUAD,HALLMARK_TGF_BETA_SIGNALING,0.0372927212380031,1.0,12226.0,AIS,0.0185310837481691,1.0,12815.0,0.018761637489833997,LUAD,AIS,equal_sections
22,LUAD,HALLMARK_TNFA_SIGNALING_VIA_NFKB,0.0359902784964853,1.0,12226.0,AIS,0.0189866461172858,1.0,12815.0,0.0170036323791995,LUAD,AIS,equal_sections
22,LUAD,HALLMARK_WNT_BETA_CATENIN_SIGNALING,0.0133344754567989,1.0,12226.0,AIS,0.0061196795926962,1.0,12815.0,0.0072147958641026995,LUAD,AIS,equal_sections
22,LUAD,REACTOME_EXTRACELLULAR_MATRIX_ORGANIZATION,0.1118422705487233,1.0,12226.0,AIS,0.0972919480824359,1.0,12815.0,0.014550322466287402,LUAD,AIS,equal_sections
23,LUAD,GENE_AGER,0.0850168446815985,1.0,10882.0,AIS,0.17735186432586805,2.0,20777.0,-0.09233501964426956,LUAD,AIS,equal_sections
23,LUAD,GENE_AQP5,0.0339540567814633,1.0,10882.0,AIS,0.0023435485785405,2.0,20777.0,0.0316105082029228,LUAD,AIS,equal_sections
23,LUAD,GENE_AREG,0.0129363706870059,1.0,10882.0,AIS,0.011806926282819749,2.0,20777.0,0.00112944440418615,LUAD,AIS,equal_sections
23,LUAD,GENE_C1QA,0.0343840316197794,1.0,10882.0,AIS,0.029719353387267847,2.0,20777.0,0.00466467823251155,LUAD,AIS,equal_sections
23,LUAD,GENE_CCL2,0.0043099993301869,1.0,10882.0,AIS,0.005317209976470699,2.0,20777.0,-0.0010072106462837996,LUAD,AIS,equal_sections
23,LUAD,GENE_CD3D,0.0021653945711544,1.0,10882.0,AIS,0.00291040662765475,2.0,20777.0,-0.0007450120565003502,LUAD,AIS,equal_sections
23,LUAD,GENE_CD8A,4.675263827937088,1.0,10882.0,AIS,4.888559066994924,2.0,20777.0,-0.2132952390578362,LUAD,AIS,equal_sections
23,LUAD,GENE_CLDN4,0.065310971859461,1.0,10882.0,AIS,0.00842593013338945,2.0,20777.0,0.05688504172607155,LUAD,AIS,equal_sections
23,LUAD,GENE_COL1A1,0.1596227130538346,1.0,10882.0,AIS,0.0169324944665904,2.0,20777.0,0.1426902185872442,LUAD,AIS,equal_sections
23,LUAD,GENE_CXCL12,0.0122124304749762,1.0,10882.0,AIS,0.012530910897757,2.0,20777.0,-0.0003184804227807994,LUAD,AIS,equal_sections
23,LUAD,GENE_FGF10,0.0005079978202712,1.0,10882.0,AIS,0.000855227202299,2.0,20777.0,-0.0003472293820278,LUAD,AIS,equal_sections
23,LUAD,GENE_FGF7,0.0092266700269915,1.0,10882.0,AIS,0.00277172584866285,2.0,20777.0,0.00645494417832865,LUAD,AIS,equal_sections
23,LUAD,GENE_HBEGF,0.0039863243333715,1.0,10882.0,AIS,0.00501056754975945,2.0,20777.0,-0.0010242432163879503,LUAD,AIS,equal_sections
23,LUAD,GENE_IFNG,0.0006243151051058,1.0,10882.0,AIS,0.0006153393589404,2.0,20777.0,8.975746165400017e-06,LUAD,AIS,equal_sections
23,LUAD,GENE_IL1A,0.0001133439221085,1.0,10882.0,AIS,0.00018496441601770003,2.0,20777.0,-7.162049390920002e-05,LUAD,AIS,equal_sections
23,LUAD,GENE_IL1B,0.0011289039646011,1.0,10882.0,AIS,0.00205583911134125,2.0,20777.0,-0.0009269351467401498,LUAD,AIS,equal_sections
23,LUAD,GENE_IL1R1,0.0277602750347822,1.0,10882.0,AIS,0.03089344714608625,2.0,20777.0,-0.003133172111304053,LUAD,AIS,equal_sections
23,LUAD,GENE_IL1R2,0.000226056930249,1.0,10882.0,AIS,0.00025999969563805,2.0,20777.0,-3.394276538905001e-05,LUAD,AIS,equal_sections
23,LUAD,GENE_IL1RAP,0.0038877626574172,1.0,10882.0,AIS,0.0015956762757954,2.0,20777.0,0.0022920863816217997,LUAD,AIS,equal_sections
23,LUAD,GENE_IL1RN,0.001323417751769,1.0,10882.0,AIS,0.00055684050357985,2.0,20777.0,0.0007665772481891501,LUAD,AIS,equal_sections
23,LUAD,GENE_KRT17,0.00668026681915,1.0,10882.0,AIS,0.0008895099763942501,2.0,20777.0,0.00579075684275575,LUAD,AIS,equal_sections
23,LUAD,GENE_KRT5,6.474193098798208,1.0,10882.0,AIS,6.152360202350856,2.0,20777.0,0.32183289644735247,LUAD,AIS,equal_sections
23,LUAD,GENE_KRT8,0.0878937782488989,1.0,10882.0,AIS,0.0194857406786017,2.0,20777.0,0.06840803757029719,LUAD,AIS,equal_sections
23,LUAD,GENE_SFTPC,0.4679072198966822,1.0,10882.0,AIS,1.079715079041767,2.0,20777.0,-0.6118078591450846,LUAD,AIS,equal_sections
23,LUAD,GENE_SIGIRR,0.0114021752002702,1.0,10882.0,AIS,0.0096044623499151,2.0,20777.0,0.0017977128503551005,LUAD,AIS,equal_sections
23,LUAD,GENE_TGFB1,0.0051576954363544,1.0,10882.0,AIS,0.00380608802727515,2.0,20777.0,0.00135160740907925,LUAD,AIS,equal_sections
23,LUAD,GENE_TNF,0.0005701627585005,1.0,10882.0,AIS,0.00061501342530865,2.0,20777.0,-4.485066680815007e-05,LUAD,AIS,equal_sections
23,LUAD,HALLMARK_E2F_TARGETS,0.0323165172275615,1.0,10882.0,AIS,0.028632928155141,2.0,20777.0,0.003683589072420501,LUAD,AIS,equal_sections
23,LUAD,HALLMARK_G2M_CHECKPOINT,0.0071265515645301,1.0,10882.0,AIS,0.0050835552064667,2.0,20777.0,0.0020429963580634,LUAD,AIS,equal_sections
23,LUAD,HALLMARK_GLYCOLYSIS,0.0369916301922611,1.0,10882.0,AIS,0.03077366760797645,2.0,20777.0,0.006217962584284649,LUAD,AIS,equal_sections
23,LUAD,HALLMARK_HYPOXIA,0.0455744945562077,1.0,10882.0,AIS,0.0429300180255913,2.0,20777.0,0.002644476530616398,LUAD,AIS,equal_sections
23,LUAD,HALLMARK_IL6_JAK_STAT3_SIGNALING,0.0760991052660268,1.0,10882.0,AIS,0.07525090351542925,2.0,20777.0,0.0008482017505975492,LUAD,AIS,equal_sections
23,LUAD,HALLMARK_INFLAMMATORY_RESPONSE,0.0966783157960878,1.0,10882.0,AIS,0.0960268761605994,2.0,20777.0,0.0006514396354883878,LUAD,AIS,equal_sections
23,LUAD,HALLMARK_INTERFERON_GAMMA_RESPONSE,0.0672022344736288,1.0,10882.0,AIS,0.0671139860729089,2.0,20777.0,8.824840071990081e-05,LUAD,AIS,equal_sections
23,LUAD,HALLMARK_OXIDATIVE_PHOSPHORYLATION,0.0125942061801387,1.0,10882.0,AIS,0.008187864102752549,2.0,20777.0,0.00440634207738615,LUAD,AIS,equal_sections
23,LUAD,HALLMARK_P53_PATHWAY,0.0699759447867828,1.0,10882.0,AIS,0.061865242426303396,2.0,20777.0,0.008110702360479408,LUAD,AIS,equal_sections
23,LUAD,HALLMARK_TGF_BETA_SIGNALING,0.0182591627552162,1.0,10882.0,AIS,0.01558841081152745,2.0,20777.0,0.002670751943688751,LUAD,AIS,equal_sections
23,LUAD,HALLMARK_TNFA_SIGNALING_VIA_NFKB,0.0213270586049758,1.0,10882.0,AIS,0.01814670354794375,2.0,20777.0,0.003180355057032052,LUAD,AIS,equal_sections
23,LUAD,HALLMARK_WNT_BETA_CATENIN_SIGNALING,0.0076535645863459,1.0,10882.0,AIS,0.00505007906377785,2.0,20777.0,0.0026034855225680496,LUAD,AIS,equal_sections
23,LUAD,REACTOME_EXTRACELLULAR_MATRIX_ORGANIZATION,0.0992455186050449,1.0,10882.0,AIS,0.09348097130712335,2.0,20777.0,0.005764547297921543,LUAD,AIS,equal_sections
3,LUAD,GENE_AGER,1.850828531547288,,,AIS,1.7801701205837637,,,0.07065841096352443,LUAD,AIS,spot_weighted
3,LUAD,GENE_AQP5,0.1302320531314837,,,AIS,0.4003070132365415,,,-0.2700749601050578,LUAD,AIS,spot_weighted
3,LUAD,GENE_AREG,0.9829555424230139,,,AIS,0.6182113584739926,,,0.3647441839490213,LUAD,AIS,spot_weighted
3,LUAD,GENE_C1QA,0.9407867020555472,,,AIS,1.1873549016808624,,,-0.2465681996253153,LUAD,AIS,spot_weighted
3,LUAD,GENE_CCL2,1.5120249996790416,,,AIS,2.1331648388827418,,,-0.6211398392037002,LUAD,AIS,spot_weighted
3,LUAD,GENE_CD3D,0.09493062009392401,,,AIS,0.0796510525683094,,,0.015279567525614615,LUAD,AIS,spot_weighted
3,LUAD,GENE_CD8A,0.0890206542935378,,,AIS,0.1002917883692807,,,-0.0112711340757429,LUAD,AIS,spot_weighted
3,LUAD,GENE_CLDN4,1.0308101240959642,,,AIS,0.96387028702625,,,0.06693983706971418,LUAD,AIS,spot_weighted
3,LUAD,GENE_COL1A1,1.4667188128445456,,,AIS,1.700645888255246,,,-0.23392707541070035,LUAD,AIS,spot_weighted
3,LUAD,GENE_CXCL12,0.5977671279913216,,,AIS,0.6941458996023636,,,-0.09637877161104202,LUAD,AIS,spot_weighted
3,LUAD,GENE_FGF10,0.0619235182667367,,,AIS,0.0331857534728914,,,0.0287377647938453,LUAD,AIS,spot_weighted
3,LUAD,GENE_FGF7,0.5009665494583101,,,AIS,0.7587313262160651,,,-0.257764776757755,LUAD,AIS,spot_weighted
3,LUAD,GENE_HBEGF,0.6753935999594268,,,AIS,0.7052580242133851,,,-0.0298644242539583,LUAD,AIS,spot_weighted
3,LUAD,GENE_IFNG,0.02513694393203,,,AIS,0.0285410330305256,,,-0.0034040890984955996,LUAD,AIS,spot_weighted
3,LUAD,GENE_IL1A,0.0372266840516622,,,AIS,0.0406497800460298,,,-0.003423095994367603,LUAD,AIS,spot_weighted
3,LUAD,GENE_IL1B,0.2445480470103421,,,AIS,0.3749299192373429,,,-0.13038187222700082,LUAD,AIS,spot_weighted
3,LUAD,GENE_IL1R1,1.1790417680408274,,,AIS,1.6241986668162598,,,-0.4451568987754324,LUAD,AIS,spot_weighted
3,LUAD,GENE_IL1R2,0.0322619204130025,,,AIS,0.0495669332276918,,,-0.017305012814689304,LUAD,AIS,spot_weighted
3,LUAD,GENE_IL1RAP,0.1965631883577112,,,AIS,0.21392733266030797,,,-0.01736414430259678,LUAD,AIS,spot_weighted
3,LUAD,GENE_IL1RN,0.1753411500721683,,,AIS,0.3211015312700073,,,-0.145760381197839,LUAD,AIS,spot_weighted
3,LUAD,GENE_KRT17,0.2249859874134987,,,AIS,0.5254053705224397,,,-0.300419383108941,LUAD,AIS,spot_weighted
3,LUAD,GENE_KRT5,0.0993174886469872,,,AIS,0.0429979180664595,,,0.056319570580527695,LUAD,AIS,spot_weighted
3,LUAD,GENE_KRT8,1.7736284259449926,,,AIS,1.5635779963210088,,,0.2100504296239838,LUAD,AIS,spot_weighted
3,LUAD,GENE_SFTPC,3.5856407910537365,,,AIS,4.887565488094257,,,-1.3019246970405205,LUAD,AIS,spot_weighted
3,LUAD,GENE_SIGIRR,0.4846856782166158,,,AIS,0.402947810329389,,,0.08173786788722681,LUAD,AIS,spot_weighted
3,LUAD,GENE_TGFB1,0.2322604184805982,,,AIS,0.2800444508872965,,,-0.04778403240669832,LUAD,AIS,spot_weighted
3,LUAD,GENE_TNF,0.0487540656180771,,,AIS,0.0684334328238745,,,-0.019679367205797396,LUAD,AIS,spot_weighted
3,LUAD,HALLMARK_E2F_TARGETS,0.224856999255844,,,AIS,0.2261713663270061,,,-0.0013143670711621147,LUAD,AIS,spot_weighted
3,LUAD,HALLMARK_G2M_CHECKPOINT,0.2880812566063513,,,AIS,0.2955321509537441,,,-0.007450894347392767,LUAD,AIS,spot_weighted
3,LUAD,HALLMARK_GLYCOLYSIS,0.33627602517178,,,AIS,0.3557247826498262,,,-0.019448757478046197,LUAD,AIS,spot_weighted
3,LUAD,HALLMARK_HYPOXIA,0.5711706771382657,,,AIS,0.6160620090259675,,,-0.04489133188770178,LUAD,AIS,spot_weighted
3,LUAD,HALLMARK_IL6_JAK_STAT3_SIGNALING,0.5013650935113205,,,AIS,0.559845185273774,,,-0.0584800917624535,LUAD,AIS,spot_weighted
3,LUAD,HALLMARK_INFLAMMATORY_RESPONSE,0.4052318131616795,,,AIS,0.4803535585270768,,,-0.07512174536539729,LUAD,AIS,spot_weighted
3,LUAD,HALLMARK_INTERFERON_GAMMA_RESPONSE,0.5110746781429671,,,AIS,0.5594360299876753,,,-0.048361351844708134,LUAD,AIS,spot_weighted
3,LUAD,HALLMARK_OXIDATIVE_PHOSPHORYLATION,0.4372759071831867,,,AIS,0.4270832993508,,,0.01019260783238668,LUAD,AIS,spot_weighted
3,LUAD,HALLMARK_P53_PATHWAY,0.5255546355783204,,,AIS,0.5562025126257956,,,-0.03064787704747518,LUAD,AIS,spot_weighted
3,LUAD,HALLMARK_TGF_BETA_SIGNALING,0.7827281318413091,,,AIS,0.7761913408720669,,,0.006536790969242201,LUAD,AIS,spot_weighted
3,LUAD,HALLMARK_TNFA_SIGNALING_VIA_NFKB,0.8262365949615001,,,AIS,0.9473561288309013,,,-0.12111953386940111,LUAD,AIS,spot_weighted
3,LUAD,HALLMARK_WNT_BETA_CATENIN_SIGNALING,0.3448748189652088,,,AIS,0.3481929728914575,,,-0.0033181539262487347,LUAD,AIS,spot_weighted
3,LUAD,REACTOME_EXTRACELLULAR_MATRIX_ORGANIZATION,0.5029019552186135,,,AIS,0.5531849232376563,,,-0.05028296801904286,LUAD,AIS,spot_weighted
5,LUAD,GENE_AGER,0.1659001954190058,,,AIS,2.8320904760206607,,,-2.666190280601655,LUAD,AIS,spot_weighted
5,LUAD,GENE_AQP5,0.022456526276520297,,,AIS,0.2304416570037121,,,-0.20798513072719182,LUAD,AIS,spot_weighted
5,LUAD,GENE_AREG,0.947572460449308,,,AIS,0.0664023922972351,,,0.8811700681520729,LUAD,AIS,spot_weighted
5,LUAD,GENE_C1QA,1.5044852833594058,,,AIS,0.996586547618886,,,0.5078987357405198,LUAD,AIS,spot_weighted
5,LUAD,GENE_CCL2,0.3068816960292749,,,AIS,0.1547420134996646,,,0.1521396825296103,LUAD,AIS,spot_weighted
5,LUAD,GENE_CD3D,0.3033454960026536,,,AIS,0.094605822828525,,,0.2087396731741286,LUAD,AIS,spot_weighted
5,LUAD,GENE_CD8A,0.1564538219022836,,,AIS,0.0688543383773606,,,0.087599483524923,LUAD,AIS,spot_weighted
5,LUAD,GENE_CLDN4,0.9933661640714488,,,AIS,0.6446422624618415,,,0.3487239016096073,LUAD,AIS,spot_weighted
5,LUAD,GENE_COL1A1,3.1955813488533718,,,AIS,0.9287304137341944,,,2.2668509351191775,LUAD,AIS,spot_weighted
5,LUAD,GENE_CXCL12,0.4112657839494436,,,AIS,0.6176247889795224,,,-0.20635900503007887,LUAD,AIS,spot_weighted
5,LUAD,GENE_FGF10,0.019032813327636,,,AIS,0.0507332898614038,,,-0.0317004765337678,LUAD,AIS,spot_weighted
5,LUAD,GENE_FGF7,0.303301035540669,,,AIS,0.2330340429319306,,,0.0702669926087384,LUAD,AIS,spot_weighted
5,LUAD,GENE_HBEGF,0.2197432449005503,,,AIS,0.1012512208183163,,,0.118492024082234,LUAD,AIS,spot_weighted
5,LUAD,GENE_IFNG,0.0366571778504498,,,AIS,0.0336015120311746,,,0.0030556658192752023,LUAD,AIS,spot_weighted
5,LUAD,GENE_IL1A,0.0233519408720523,,,AIS,0.0334741540181821,,,-0.0101222131461298,LUAD,AIS,spot_weighted
5,LUAD,GENE_IL1B,0.08924652998990588,,,AIS,0.0697979812180307,,,0.019448548771875185,LUAD,AIS,spot_weighted
5,LUAD,GENE_IL1R1,0.7676602609883689,,,AIS,0.6859667375978415,,,0.08169352339052738,LUAD,AIS,spot_weighted
5,LUAD,GENE_IL1R2,0.035452983653193,,,AIS,0.0256473755297254,,,0.009805608123467601,LUAD,AIS,spot_weighted
5,LUAD,GENE_IL1RAP,0.2721673383858232,,,AIS,0.12068850131770088,,,0.15147883706812232,LUAD,AIS,spot_weighted
5,LUAD,GENE_IL1RN,0.1805504113924076,,,AIS,0.061971445583127796,,,0.1185789658092798,LUAD,AIS,spot_weighted
5,LUAD,GENE_KRT17,0.0237092305765291,,,AIS,0.069117192845212,,,-0.045407962268682905,LUAD,AIS,spot_weighted
5,LUAD,GENE_KRT5,0.0183521452310309,,,AIS,0.05784962207834289,,,-0.03949747684731199,LUAD,AIS,spot_weighted
5,LUAD,GENE_KRT8,1.780946776872454,,,AIS,0.8725998803192354,,,0.9083468965532187,LUAD,AIS,spot_weighted
5,LUAD,GENE_SFTPC,0.0676996685311003,,,AIS,4.645867028545334,,,-4.578167360014234,LUAD,AIS,spot_weighted
5,LUAD,GENE_SIGIRR,0.4787959007950373,,,AIS,0.45855977280611726,,,0.02023612798892005,LUAD,AIS,spot_weighted
5,LUAD,GENE_TGFB1,0.38898071620934416,,,AIS,0.1922362659764414,,,0.19674445023290277,LUAD,AIS,spot_weighted
5,LUAD,GENE_TNF,0.0612042995127459,,,AIS,0.0449352539660079,,,0.016269045546737998,LUAD,AIS,spot_weighted
5,LUAD,HALLMARK_E2F_TARGETS,0.3446585379872702,,,AIS,0.1613022781028866,,,0.1833562598843836,LUAD,AIS,spot_weighted
5,LUAD,HALLMARK_G2M_CHECKPOINT,0.3667995075472071,,,AIS,0.2009260155307469,,,0.16587349201646018,LUAD,AIS,spot_weighted
5,LUAD,HALLMARK_GLYCOLYSIS,0.4445685244579859,,,AIS,0.239866386760795,,,0.2047021376971909,LUAD,AIS,spot_weighted
5,LUAD,HALLMARK_HYPOXIA,0.5110944070461493,,,AIS,0.3805070037198211,,,0.13058740332632818,LUAD,AIS,spot_weighted
5,LUAD,HALLMARK_IL6_JAK_STAT3_SIGNALING,0.450945579859213,,,AIS,0.3214921074725643,,,0.12945347238664873,LUAD,AIS,spot_weighted
5,LUAD,HALLMARK_INFLAMMATORY_RESPONSE,0.3856728060233027,,,AIS,0.24921379685734532,,,0.13645900916595735,LUAD,AIS,spot_weighted
5,LUAD,HALLMARK_INTERFERON_GAMMA_RESPONSE,0.5964697174896363,,,AIS,0.3592522838467548,,,0.2372174336428815,LUAD,AIS,spot_weighted
5,LUAD,HALLMARK_OXIDATIVE_PHOSPHORYLATION,0.5712531048393339,,,AIS,0.3230042101288666,,,0.2482488947104673,LUAD,AIS,spot_weighted
5,LUAD,HALLMARK_P53_PATHWAY,0.547395877657295,,,AIS,0.3730362562043947,,,0.17435962145290035,LUAD,AIS,spot_weighted
5,LUAD,HALLMARK_TGF_BETA_SIGNALING,0.6172579360635246,,,AIS,0.49679930865943517,,,0.12045862740408947,LUAD,AIS,spot_weighted
5,LUAD,HALLMARK_TNFA_SIGNALING_VIA_NFKB,0.5566588500999715,,,AIS,0.4121446281028484,,,0.1445142219971231,LUAD,AIS,spot_weighted
5,LUAD,HALLMARK_WNT_BETA_CATENIN_SIGNALING,0.3098650039253572,,,AIS,0.2421556061631637,,,0.06770939776219351,LUAD,AIS,spot_weighted
5,LUAD,REACTOME_EXTRACELLULAR_MATRIX_ORGANIZATION,0.5103369433791581,,,AIS,0.371597902645241,,,0.13873904073391713,LUAD,AIS,spot_weighted
8,LUAD,GENE_AGER,0.0352318477100104,,,AIS,0.052246417873008995,,,-0.017014570162998593,LUAD,AIS,spot_weighted
8,LUAD,GENE_AQP5,0.0006721423616427,,,AIS,0.0003651785847092,,,0.00030696377693349995,LUAD,AIS,spot_weighted
8,LUAD,GENE_AREG,0.003230470843673,,,AIS,0.0042318805322435,,,-0.0010014096885704996,LUAD,AIS,spot_weighted
8,LUAD,GENE_C1QA,0.0090232781740235,,,AIS,0.0068816184882741,,,0.0021416596857493997,LUAD,AIS,spot_weighted
8,LUAD,GENE_CCL2,0.0026709747026259,,,AIS,0.0029458451778531,,,-0.0002748704752272,LUAD,AIS,spot_weighted
8,LUAD,GENE_CD3D,0.0006352546325606,,,AIS,0.0006870589289338,,,-5.180429637320009e-05,LUAD,AIS,spot_weighted
8,LUAD,GENE_CD8A,4.919552827012544,,,AIS,5.174110681560235,,,-0.25455785454769053,LUAD,AIS,spot_weighted
8,LUAD,GENE_CLDN4,0.0204414500471462,,,AIS,0.0049868606195499,,,0.0154545894275963,LUAD,AIS,spot_weighted
8,LUAD,GENE_COL1A1,0.059140422968028496,,,AIS,0.025624344203282,,,0.03351607876474649,LUAD,AIS,spot_weighted
8,LUAD,GENE_CXCL12,0.0029935814396013995,,,AIS,0.0036993146273867,,,-0.0007057331877853004,LUAD,AIS,spot_weighted
8,LUAD,GENE_FGF10,0.0002707897360748,,,AIS,0.0003480214939847,,,-7.723175790990002e-05,LUAD,AIS,spot_weighted
8,LUAD,GENE_FGF7,0.0017428236575871,,,AIS,0.0013192498814988,,,0.00042357377608829997,LUAD,AIS,spot_weighted
8,LUAD,GENE_HBEGF,0.0016663903085128,,,AIS,0.0023787155876255,,,-0.0007123252791127,LUAD,AIS,spot_weighted
8,LUAD,GENE_IFNG,6.444166201235194e-05,,,AIS,0.000147511114746,,,-8.306945273364806e-05,LUAD,AIS,spot_weighted
8,LUAD,GENE_IL1A,0.0006595131340157,,,AIS,0.00022654720394470003,,,0.00043296593007100003,LUAD,AIS,spot_weighted
8,LUAD,GENE_IL1B,0.0005548293585944,,,AIS,0.0005136512739452,,,4.117808464919998e-05,LUAD,AIS,spot_weighted
8,LUAD,GENE_IL1R1,0.0084647052947404,,,AIS,0.0100027489157728,,,-0.0015380436210324002,LUAD,AIS,spot_weighted
8,LUAD,GENE_IL1R2,0.0001733227749906,,,AIS,0.0003214373363546,,,-0.000148114561364,LUAD,AIS,spot_weighted
8,LUAD,GENE_IL1RAP,0.0016155988527701002,,,AIS,0.0013244026364757,,,0.0002911962162944002,LUAD,AIS,spot_weighted
8,LUAD,GENE_IL1RN,0.0009020903209228001,,,AIS,0.0005668697029696,,,0.0003352206179532001,LUAD,AIS,spot_weighted
8,LUAD,GENE_KRT17,0.0012507380884872,,,AIS,0.0002493321013288,,,0.0010014059871583999,LUAD,AIS,spot_weighted
8,LUAD,GENE_KRT5,6.291843289341746,,,AIS,6.527345614164,,,-0.23550232482225386,LUAD,AIS,spot_weighted
8,LUAD,GENE_KRT8,0.0324971837460034,,,AIS,0.0134396368103472,,,0.019057546935656196,LUAD,AIS,spot_weighted
8,LUAD,GENE_SFTPC,0.261673473888908,,,AIS,0.47246099753444415,,,-0.21078752364553616,LUAD,AIS,spot_weighted
8,LUAD,GENE_SIGIRR,0.0045503442622607,,,AIS,0.0031308591056171,,,0.0014194851566435998,LUAD,AIS,spot_weighted
8,LUAD,GENE_TGFB1,0.0023415906837785,,,AIS,0.001409973666924,,,0.0009316170168545,LUAD,AIS,spot_weighted
8,LUAD,GENE_TNF,0.0001851684679883,,,AIS,0.0001398987856235,,,4.5269682364800016e-05,LUAD,AIS,spot_weighted
8,LUAD,HALLMARK_E2F_TARGETS,0.0294689287921131,,,AIS,0.0271758301303666,,,0.0022930986617464982,LUAD,AIS,spot_weighted
8,LUAD,HALLMARK_G2M_CHECKPOINT,0.0031106467632894003,,,AIS,0.0019476622691953001,,,0.0011629844940941002,LUAD,AIS,spot_weighted
8,LUAD,HALLMARK_GLYCOLYSIS,0.0276600691284609,,,AIS,0.0265827900636766,,,0.0010772790647842999,LUAD,AIS,spot_weighted
8,LUAD,HALLMARK_HYPOXIA,0.0353535750521079,,,AIS,0.0350777760393707,,,0.00027579901273720037,LUAD,AIS,spot_weighted
8,LUAD,HALLMARK_IL6_JAK_STAT3_SIGNALING,0.0723912340315424,,,AIS,0.0721563168517144,,,0.00023491717982800087,LUAD,AIS,spot_weighted
8,LUAD,HALLMARK_INFLAMMATORY_RESPONSE,0.0940488902663291,,,AIS,0.0915488317572705,,,0.0025000585090586003,LUAD,AIS,spot_weighted
8,LUAD,HALLMARK_INTERFERON_GAMMA_RESPONSE,0.0603190729391927,,,AIS,0.05665380585575091,,,0.003665267083441788,LUAD,AIS,spot_weighted
8,LUAD,HALLMARK_OXIDATIVE_PHOSPHORYLATION,0.0047089444307878,,,AIS,0.0027164407885661,,,0.0019925036422217,LUAD,AIS,spot_weighted
8,LUAD,HALLMARK_P53_PATHWAY,0.0570822472088362,,,AIS,0.054580565923509,,,0.002501681285327198,LUAD,AIS,spot_weighted
8,LUAD,HALLMARK_TGF_BETA_SIGNALING,0.00788066787219,,,AIS,0.0056342707111055,,,0.0022463971610844997,LUAD,AIS,spot_weighted
8,LUAD,HALLMARK_TNFA_SIGNALING_VIA_NFKB,0.0085096253502293,,,AIS,0.007509896511166001,,,0.000999728839063299,LUAD,AIS,spot_weighted
8,LUAD,HALLMARK_WNT_BETA_CATENIN_SIGNALING,0.0030305067681483,,,AIS,0.0019829396276168,,,0.0010475671405314997,LUAD,AIS,spot_weighted
8,LUAD,REACTOME_EXTRACELLULAR_MATRIX_ORGANIZATION,0.0857238688335343,,,AIS,0.0846380198242966,,,0.0010858490092377077,LUAD,AIS,spot_weighted
9,LUAD,GENE_AGER,0.0379714474842268,,,AIS,0.1043446267592064,,,-0.0663731792749796,LUAD,AIS,spot_weighted
9,LUAD,GENE_AQP5,0.0027584562157243996,,,AIS,0.0007935241893111998,,,0.0019649320264131997,LUAD,AIS,spot_weighted
9,LUAD,GENE_AREG,0.0071278081664312,,,AIS,0.0025969386906259,,,0.0045308694758052995,LUAD,AIS,spot_weighted
9,LUAD,GENE_C1QA,0.0066837507741897,,,AIS,0.0045675357146803,,,0.0021162150595093994,LUAD,AIS,spot_weighted
9,LUAD,GENE_CCL2,0.006772449959129401,,,AIS,0.0025199426252502,,,0.004252507333879201,LUAD,AIS,spot_weighted
9,LUAD,GENE_CD3D,0.000969980418447,,,AIS,0.0015691643374146002,,,-0.0005991839189676002,LUAD,AIS,spot_weighted
9,LUAD,GENE_CD8A,4.9131098916107145,,,AIS,5.292350456791613,,,-0.37924056518089877,LUAD,AIS,spot_weighted
9,LUAD,GENE_CLDN4,0.011153647324767799,,,AIS,0.0044874479430046,,,0.006666199381763199,LUAD,AIS,spot_weighted
9,LUAD,GENE_COL1A1,0.0230254963320472,,,AIS,0.007461380877667099,,,0.015564115454380103,LUAD,AIS,spot_weighted
9,LUAD,GENE_CXCL12,0.01000515475173,,,AIS,0.0094924098866816,,,0.0005127448650484,LUAD,AIS,spot_weighted
9,LUAD,GENE_FGF10,0.0005527151426326,,,AIS,0.000669046285634,,,-0.00011633114300140001,LUAD,AIS,spot_weighted
9,LUAD,GENE_FGF7,0.0033221567324343,,,AIS,0.0022013591756211,,,0.0011207975568132,LUAD,AIS,spot_weighted
9,LUAD,GENE_HBEGF,0.0017960025045618002,,,AIS,0.001916179028723,,,-0.00012017652416119974,LUAD,AIS,spot_weighted
9,LUAD,GENE_IFNG,0.0001877477761352,,,AIS,0.0003028520740229,,,-0.00011510429788770001,LUAD,AIS,spot_weighted
9,LUAD,GENE_IL1A,0.0002130494817487,,,AIS,0.0001351552832995,,,7.789419844920001e-05,LUAD,AIS,spot_weighted
9,LUAD,GENE_IL1B,0.0006631198605210002,,,AIS,0.0008416527697863,,,-0.0001785329092652999,LUAD,AIS,spot_weighted
9,LUAD,GENE_IL1R1,0.0120256686388807,,,AIS,0.0182344838634846,,,-0.006208815224603899,LUAD,AIS,spot_weighted
9,LUAD,GENE_IL1R2,0.0002999057190174,,,AIS,0.0001395494200578,,,0.00016035629895959998,LUAD,AIS,spot_weighted
9,LUAD,GENE_IL1RAP,0.002024834325231,,,AIS,0.0012213934420934,,,0.0008034408831376003,LUAD,AIS,spot_weighted
9,LUAD,GENE_IL1RN,0.0011959919280148,,,AIS,0.000270748629813,,,0.0009252432982017999,LUAD,AIS,spot_weighted
9,LUAD,GENE_KRT17,0.0085903199037055,,,AIS,0.0007346863704837,,,0.0078556335332218,LUAD,AIS,spot_weighted
9,LUAD,GENE_KRT5,6.917595178655027,,,AIS,6.238968230104075,,,0.678626948550952,LUAD,AIS,spot_weighted
9,LUAD,GENE_KRT8,0.0220016166048259,,,AIS,0.0056865724013465,,,0.0163150442034794,LUAD,AIS,spot_weighted
9,LUAD,GENE_SFTPC,0.2758759153419179,,,AIS,0.5629169522320632,,,-0.28704103689014526,LUAD,AIS,spot_weighted
9,LUAD,GENE_SIGIRR,0.0049983620023997,,,AIS,0.0059135795854206,,,-0.0009152175830209001,LUAD,AIS,spot_weighted
9,LUAD,GENE_TGFB1,0.0016767837907103,,,AIS,0.0014740271494328,,,0.00020275664127749997,LUAD,AIS,spot_weighted
9,LUAD,GENE_TNF,0.0003191179275303,,,AIS,0.00042696591256,,,-0.0001078479850297,LUAD,AIS,spot_weighted
9,LUAD,HALLMARK_E2F_TARGETS,0.028070688446871703,,,AIS,0.0229902511978646,,,0.005080437249007103,LUAD,AIS,spot_weighted
9,LUAD,HALLMARK_G2M_CHECKPOINT,0.0029316116620707,,,AIS,0.0025290356572221,,,0.00040257600484860023,LUAD,AIS,spot_weighted
9,LUAD,HALLMARK_GLYCOLYSIS,0.0258205414700154,,,AIS,0.0232742910935669,,,0.0025462503764485007,LUAD,AIS,spot_weighted
9,LUAD,HALLMARK_HYPOXIA,0.0343859320587738,,,AIS,0.0348594231382082,,,-0.000473491079434403,LUAD,AIS,spot_weighted
9,LUAD,HALLMARK_IL6_JAK_STAT3_SIGNALING,0.0724678238981421,,,AIS,0.0698913327580727,,,0.0025764911400694007,LUAD,AIS,spot_weighted
9,LUAD,HALLMARK_INFLAMMATORY_RESPONSE,0.0876120949913014,,,AIS,0.0898055769151151,,,-0.002193481923813703,LUAD,AIS,spot_weighted
9,LUAD,HALLMARK_INTERFERON_GAMMA_RESPONSE,0.0560783150235141,,,AIS,0.05420263445273079,,,0.0018756805707833071,LUAD,AIS,spot_weighted
9,LUAD,HALLMARK_OXIDATIVE_PHOSPHORYLATION,0.0041917952650187,,,AIS,0.0039312090331071,,,0.00026058623191159945,LUAD,AIS,spot_weighted
9,LUAD,HALLMARK_P53_PATHWAY,0.0546417680058691,,,AIS,0.0468448280040703,,,0.007796940001798799,LUAD,AIS,spot_weighted
9,LUAD,HALLMARK_TGF_BETA_SIGNALING,0.0078260978561381,,,AIS,0.007029005956482099,,,0.0007970918996560014,LUAD,AIS,spot_weighted
9,LUAD,HALLMARK_TNFA_SIGNALING_VIA_NFKB,0.0106891825346629,,,AIS,0.0071037962482868,,,0.0035853862863760994,LUAD,AIS,spot_weighted
9,LUAD,HALLMARK_WNT_BETA_CATENIN_SIGNALING,0.0029733066768149997,,,AIS,0.0026671506326214,,,0.00030615604419359987,LUAD,AIS,spot_weighted
9,LUAD,REACTOME_EXTRACELLULAR_MATRIX_ORGANIZATION,0.082652852738381,,,AIS,0.0839694165468046,,,-0.0013165638084236125,LUAD,AIS,spot_weighted
12,LUAD,GENE_AGER,0.0592365383909174,,,AIS,0.0782296446179759,,,-0.018993106227058493,LUAD,AIS,spot_weighted
12,LUAD,GENE_AQP5,0.0039451023035987,,,AIS,0.0016319845978530999,,,0.0023131177057456,LUAD,AIS,spot_weighted
12,LUAD,GENE_AREG,0.0098963437903364,,,AIS,0.005278071273323899,,,0.004618272517012502,LUAD,AIS,spot_weighted
12,LUAD,GENE_C1QA,0.0287893240578223,,,AIS,0.0279627028477981,,,0.000826621210024199,LUAD,AIS,spot_weighted
12,LUAD,GENE_CCL2,0.0131758739071835,,,AIS,0.0040084557760285,,,0.009167418131155,LUAD,AIS,spot_weighted
12,LUAD,GENE_CD3D,0.0012850041879808,,,AIS,0.0021459618295513,,,-0.0008609576415705002,LUAD,AIS,spot_weighted
12,LUAD,GENE_CD8A,4.824619859888058,,,AIS,5.229851755102899,,,-0.4052318952148415,LUAD,AIS,spot_weighted
12,LUAD,GENE_CLDN4,0.027930642717822404,,,AIS,0.0241953346016251,,,0.003735308116197305,LUAD,AIS,spot_weighted
12,LUAD,GENE_COL1A1,0.0730073109340263,,,AIS,0.0297803271966509,,,0.04322698373737541,LUAD,AIS,spot_weighted
12,LUAD,GENE_CXCL12,0.0066867009560781,,,AIS,0.0067664631001449005,,,-7.976214406680074e-05,LUAD,AIS,spot_weighted
12,LUAD,GENE_FGF10,0.0004332746158657,,,AIS,0.00037047256656789996,,,6.280204929780004e-05,LUAD,AIS,spot_weighted
12,LUAD,GENE_FGF7,0.0059955184308476996,,,AIS,0.0026740690611971,,,0.0033214493696505994,LUAD,AIS,spot_weighted
12,LUAD,GENE_HBEGF,0.005258152049814101,,,AIS,0.0024783397893611,,,0.002779812260453001,LUAD,AIS,spot_weighted
12,LUAD,GENE_IFNG,0.0002044662697595,,,AIS,0.0002544628719589,,,-4.9996602199400006e-05,LUAD,AIS,spot_weighted
12,LUAD,GENE_IL1A,0.000399027507016,,,AIS,0.0003696469968754,,,2.938051014060003e-05,LUAD,AIS,spot_weighted
12,LUAD,GENE_IL1B,0.0021331296636972,,,AIS,0.0010073696349305,,,0.0011257600287667001,LUAD,AIS,spot_weighted
12,LUAD,GENE_IL1R1,0.0165997945913774,,,AIS,0.013356516502372,,,0.003243278089005399,LUAD,AIS,spot_weighted
12,LUAD,GENE_IL1R2,0.00011404523397969999,,,AIS,7.015722208008292e-05,,,4.388801189961707e-05,LUAD,AIS,spot_weighted
12,LUAD,GENE_IL1RAP,0.0027489149886152,,,AIS,0.0020825204561406,,,0.0006663945324745998,LUAD,AIS,spot_weighted
12,LUAD,GENE_IL1RN,0.002812800106668,,,AIS,0.0016431784319756,,,0.0011696216746923999,LUAD,AIS,spot_weighted
12,LUAD,GENE_KRT17,0.0027047935364914,,,AIS,0.0013218691058593,,,0.0013829244306320999,LUAD,AIS,spot_weighted
12,LUAD,GENE_KRT5,6.87339521785503,,,AIS,6.633633915342007,,,0.2397613025130232,LUAD,AIS,spot_weighted
12,LUAD,GENE_KRT8,0.0414479366057099,,,AIS,0.0384117442082082,,,0.0030361923975016983,LUAD,AIS,spot_weighted
12,LUAD,GENE_SFTPC,0.7523958043732567,,,AIS,0.8775924050511057,,,-0.125196600677849,LUAD,AIS,spot_weighted
12,LUAD,GENE_SIGIRR,0.0133579900456914,,,AIS,0.0088875725940409,,,0.004470417451650501,LUAD,AIS,spot_weighted
12,LUAD,GENE_TGFB1,0.0038699287650164004,,,AIS,0.0031745605557505,,,0.0006953682092659002,LUAD,AIS,spot_weighted
12,LUAD,GENE_TNF,0.0005097082017276,,,AIS,0.0006675966023733001,,,-0.00015788840064570012,LUAD,AIS,spot_weighted
12,LUAD,HALLMARK_E2F_TARGETS,0.0294462141851741,,,AIS,0.0289297401975342,,,0.0005164739876399004,LUAD,AIS,spot_weighted
12,LUAD,HALLMARK_G2M_CHECKPOINT,0.0042417533669897,,,AIS,0.0043325615030289,,,-9.080813603920025e-05,LUAD,AIS,spot_weighted
12,LUAD,HALLMARK_GLYCOLYSIS,0.0307944657830499,,,AIS,0.0321145896719613,,,-0.0013201238889113988,LUAD,AIS,spot_weighted
12,LUAD,HALLMARK_HYPOXIA,0.0390461366614168,,,AIS,0.0388549599465942,,,0.00019117671482259818,LUAD,AIS,spot_weighted
12,LUAD,HALLMARK_IL6_JAK_STAT3_SIGNALING,0.0751602477442779,,,AIS,0.077288765822945,,,-0.0021285180786670965,LUAD,AIS,spot_weighted
12,LUAD,HALLMARK_INFLAMMATORY_RESPONSE,0.09430507444934728,,,AIS,0.0969902720690854,,,-0.002685197619738122,LUAD,AIS,spot_weighted
12,LUAD,HALLMARK_INTERFERON_GAMMA_RESPONSE,0.0648121561321718,,,AIS,0.0674165438255261,,,-0.002604387693354304,LUAD,AIS,spot_weighted
12,LUAD,HALLMARK_OXIDATIVE_PHOSPHORYLATION,0.0080300424345667,,,AIS,0.0084358214147847,,,-0.0004057789802179995,LUAD,AIS,spot_weighted
12,LUAD,HALLMARK_P53_PATHWAY,0.0617115160184459,,,AIS,0.0620615735396168,,,-0.00035005752117089894,LUAD,AIS,spot_weighted
12,LUAD,HALLMARK_TGF_BETA_SIGNALING,0.0122084362899053,,,AIS,0.0101346665934329,,,0.0020737696964724,LUAD,AIS,spot_weighted
12,LUAD,HALLMARK_TNFA_SIGNALING_VIA_NFKB,0.0158973248434741,,,AIS,0.0120092635081556,,,0.0038880613353185003,LUAD,AIS,spot_weighted
12,LUAD,HALLMARK_WNT_BETA_CATENIN_SIGNALING,0.0044415799299251,,,AIS,0.0044951302097761,,,-5.355027985100031e-05,LUAD,AIS,spot_weighted
12,LUAD,REACTOME_EXTRACELLULAR_MATRIX_ORGANIZATION,0.089679297945756,,,AIS,0.0896804118782007,,,-1.1139324446879373e-06,LUAD,AIS,spot_weighted
14,LUAD,GENE_AGER,0.0814128368538144,,,AIS,0.1043936553836525,,,-0.022980818529838104,LUAD,AIS,spot_weighted
14,LUAD,GENE_AQP5,0.0031503419364921,,,AIS,0.0020661817378552,,,0.0010841601986369001,LUAD,AIS,spot_weighted
14,LUAD,GENE_AREG,0.0149712698046125,,,AIS,0.000855173625564,,,0.0141160961790485,LUAD,AIS,spot_weighted
14,LUAD,GENE_C1QA,0.0237740971231996,,,AIS,0.0237492439094026,,,2.485321379699923e-05,LUAD,AIS,spot_weighted
14,LUAD,GENE_CCL2,0.0024195624453902,,,AIS,0.001282422546644,,,0.0011371398987462,LUAD,AIS,spot_weighted
14,LUAD,GENE_CD3D,0.0014158772338694,,,AIS,0.0011807251655115,,,0.00023515206835790004,LUAD,AIS,spot_weighted
14,LUAD,GENE_CD8A,5.246154365608807,,,AIS,5.156660043134403,,,0.08949432247440381,LUAD,AIS,spot_weighted
14,LUAD,GENE_CLDN4,0.0205552804121495,,,AIS,0.007368480042958,,,0.0131868003691915,LUAD,AIS,spot_weighted
14,LUAD,GENE_COL1A1,0.04755680946282741,,,AIS,0.0093079523416665,,,0.038248857121160905,LUAD,AIS,spot_weighted
14,LUAD,GENE_CXCL12,0.0039862837643645,,,AIS,0.006394347170940999,,,-0.0024080634065764992,LUAD,AIS,spot_weighted
14,LUAD,GENE_FGF10,0.0002601215117896,,,AIS,0.0003058402145038,,,-4.571870271420002e-05,LUAD,AIS,spot_weighted
14,LUAD,GENE_FGF7,0.0014571032431238,,,AIS,0.0016694612897739,,,-0.00021235804665010018,LUAD,AIS,spot_weighted
14,LUAD,GENE_HBEGF,0.0037205045953421995,,,AIS,0.0028159124117222,,,0.0009045921836199995,LUAD,AIS,spot_weighted
14,LUAD,GENE_IFNG,0.0001033288242149,,,AIS,0.0002456575277397,,,-0.00014232870352480002,LUAD,AIS,spot_weighted
14,LUAD,GENE_IL1A,0.0003429094162197,,,AIS,0.0004885188965902,,,-0.00014560948037050005,LUAD,AIS,spot_weighted
14,LUAD,GENE_IL1B,0.0006385729337726,,,AIS,0.0010913896796159,,,-0.00045281674584329986,LUAD,AIS,spot_weighted
14,LUAD,GENE_IL1R1,0.0077915721545284,,,AIS,0.0082646645611499,,,-0.00047309240662150084,LUAD,AIS,spot_weighted
14,LUAD,GENE_IL1R2,0.0001295196373452,,,AIS,0.0001342032111012,,,-4.683573755999995e-06,LUAD,AIS,spot_weighted
14,LUAD,GENE_IL1RAP,0.0021548106015271,,,AIS,0.0013980668159507,,,0.0007567437855764,LUAD,AIS,spot_weighted
14,LUAD,GENE_IL1RN,0.0012114307518844,,,AIS,0.0008131637813305,,,0.00039826697055389993,LUAD,AIS,spot_weighted
14,LUAD,GENE_KRT17,0.0002272878059578,,,AIS,0.0002837698530172,,,-5.648204705940003e-05,LUAD,AIS,spot_weighted
14,LUAD,GENE_KRT5,6.657077161123138,,,AIS,6.661855870138982,,,-0.004778709015844207,LUAD,AIS,spot_weighted
14,LUAD,GENE_KRT8,0.0507362081136276,,,AIS,0.0130327451843231,,,0.0377034629293045,LUAD,AIS,spot_weighted
14,LUAD,GENE_SFTPC,0.591440281815022,,,AIS,0.738742540015268,,,-0.147302258200246,LUAD,AIS,spot_weighted
14,LUAD,GENE_SIGIRR,0.0084323165866529,,,AIS,0.0052152018989883,,,0.0032171146876646007,LUAD,AIS,spot_weighted
14,LUAD,GENE_TGFB1,0.0024482291205649,,,AIS,0.0031868942692499,,,-0.000738665148685,LUAD,AIS,spot_weighted
14,LUAD,GENE_TNF,0.0004056887488703,,,AIS,0.0005094520859264,,,-0.00010376333705609998,LUAD,AIS,spot_weighted
14,LUAD,HALLMARK_E2F_TARGETS,0.0321624888622969,,,AIS,0.0273481762779585,,,0.004814312584338398,LUAD,AIS,spot_weighted
14,LUAD,HALLMARK_G2M_CHECKPOINT,0.0043850618376277,,,AIS,0.002651036863852,,,0.0017340249737756996,LUAD,AIS,spot_weighted
14,LUAD,HALLMARK_GLYCOLYSIS,0.0311672765660482,,,AIS,0.026461514600517502,,,0.004705761965530696,LUAD,AIS,spot_weighted
14,LUAD,HALLMARK_HYPOXIA,0.036060823899817,,,AIS,0.0332771310105697,,,0.002783692889247298,LUAD,AIS,spot_weighted
14,LUAD,HALLMARK_IL6_JAK_STAT3_SIGNALING,0.0714752227789092,,,AIS,0.0713070861126053,,,0.00016813666630390023,LUAD,AIS,spot_weighted
14,LUAD,HALLMARK_INFLAMMATORY_RESPONSE,0.0941623297137188,,,AIS,0.0927820218974945,,,0.0013803078162242938,LUAD,AIS,spot_weighted
14,LUAD,HALLMARK_INTERFERON_GAMMA_RESPONSE,0.0644398523894202,,,AIS,0.0618417511356876,,,0.002598101253732596,LUAD,AIS,spot_weighted
14,LUAD,HALLMARK_OXIDATIVE_PHOSPHORYLATION,0.0086181602189473,,,AIS,0.0047546211645514,,,0.0038635390543958993,LUAD,AIS,spot_weighted
14,LUAD,HALLMARK_P53_PATHWAY,0.0636157600542538,,,AIS,0.0552907344760708,,,0.008325025578183001,LUAD,AIS,spot_weighted
14,LUAD,HALLMARK_TGF_BETA_SIGNALING,0.0097859769874303,,,AIS,0.007627671585946901,,,0.0021583054014833996,LUAD,AIS,spot_weighted
14,LUAD,HALLMARK_TNFA_SIGNALING_VIA_NFKB,0.0102182493865703,,,AIS,0.0075456832222153,,,0.0026725661643550004,LUAD,AIS,spot_weighted
14,LUAD,HALLMARK_WNT_BETA_CATENIN_SIGNALING,0.0045409043729387,,,AIS,0.0031242575427066,,,0.0014166468302321002,LUAD,AIS,spot_weighted
14,LUAD,REACTOME_EXTRACELLULAR_MATRIX_ORGANIZATION,0.0934345618153391,,,AIS,0.0875197750932025,,,0.005914786722136606,LUAD,AIS,spot_weighted
16,LUAD,GENE_AGER,0.0408001506249991,,,AIS,0.0683715354140733,,,-0.0275713847890742,LUAD,AIS,spot_weighted
16,LUAD,GENE_AQP5,0.0184231092077301,,,AIS,0.0019779140996285,,,0.0164451951081016,LUAD,AIS,spot_weighted
16,LUAD,GENE_AREG,0.0282075059290723,,,AIS,0.0163679586168367,,,0.011839547312235597,LUAD,AIS,spot_weighted
16,LUAD,GENE_C1QA,0.0262394739759211,,,AIS,0.0121531743668776,,,0.0140862996090435,LUAD,AIS,spot_weighted
16,LUAD,GENE_CCL2,0.0361803944526589,,,AIS,0.011239845898796098,,,0.024940548553862803,LUAD,AIS,spot_weighted
16,LUAD,GENE_CD3D,0.0037566900573471,,,AIS,0.0009570085625699,,,0.0027996814947772,LUAD,AIS,spot_weighted
16,LUAD,GENE_CD8A,4.938871543306675,,,AIS,5.126890149703861,,,-0.18801860639718626,LUAD,AIS,spot_weighted
16,LUAD,GENE_CLDN4,0.0840241279358242,,,AIS,0.0073261336982073,,,0.0766979942376169,LUAD,AIS,spot_weighted
16,LUAD,GENE_COL1A1,0.0779537164090563,,,AIS,0.0121736154965156,,,0.06578010091254069,LUAD,AIS,spot_weighted
16,LUAD,GENE_CXCL12,0.0092381927364532,,,AIS,0.0036811434038383005,,,0.005557049332614899,LUAD,AIS,spot_weighted
16,LUAD,GENE_FGF10,0.0004787626544528,,,AIS,0.0002991394306864,,,0.0001796232237664,LUAD,AIS,spot_weighted
16,LUAD,GENE_FGF7,0.006922488837418499,,,AIS,0.0009616703954623001,,,0.005960818441956199,LUAD,AIS,spot_weighted
16,LUAD,GENE_HBEGF,0.0100803585285591,,,AIS,0.003375181311497,,,0.006705177217062101,LUAD,AIS,spot_weighted
16,LUAD,GENE_IFNG,0.0006382440469403,,,AIS,0.0002072004351894,,,0.00043104361175090003,LUAD,AIS,spot_weighted
16,LUAD,GENE_IL1A,0.000507674375383,,,AIS,0.0002831218053577,,,0.0002245525700253,LUAD,AIS,spot_weighted
16,LUAD,GENE_IL1B,0.0026790406124912,,,AIS,0.0009591594732740999,,,0.0017198811392171,LUAD,AIS,spot_weighted
16,LUAD,GENE_IL1R1,0.0246638907118338,,,AIS,0.0086689188239545,,,0.0159949718878793,LUAD,AIS,spot_weighted
16,LUAD,GENE_IL1R2,0.0007529813271536,,,AIS,8.046536800077487e-05,,,0.0006725159591528251,LUAD,AIS,spot_weighted
16,LUAD,GENE_IL1RAP,0.0039713102151889,,,AIS,0.0012186856438447,,,0.0027526245713442,LUAD,AIS,spot_weighted
16,LUAD,GENE_IL1RN,0.011173487031494402,,,AIS,0.0013084645453863,,,0.009865022486108103,LUAD,AIS,spot_weighted
16,LUAD,GENE_KRT17,0.0625514899005416,,,AIS,0.0005857382031658,,,0.0619657516973758,LUAD,AIS,spot_weighted
16,LUAD,GENE_KRT5,6.507255191154565,,,AIS,6.239567391371995,,,0.2676877997825695,LUAD,AIS,spot_weighted
16,LUAD,GENE_KRT8,0.1567259691775507,,,AIS,0.0146233834531598,,,0.14210258572439088,LUAD,AIS,spot_weighted
16,LUAD,GENE_SFTPC,0.3064068550370317,,,AIS,0.5924997426634652,,,-0.2860928876264335,LUAD,AIS,spot_weighted
16,LUAD,GENE_SIGIRR,0.0147769897565141,,,AIS,0.0037638654868063,,,0.0110131242697078,LUAD,AIS,spot_weighted
16,LUAD,GENE_TGFB1,0.0050555528660045,,,AIS,0.0017081237146497,,,0.0033474291513548,LUAD,AIS,spot_weighted
16,LUAD,GENE_TNF,0.0006822748515815,,,AIS,0.0003373695780077,,,0.00034490527357380007,LUAD,AIS,spot_weighted
16,LUAD,HALLMARK_E2F_TARGETS,0.0335727440928254,,,AIS,0.024334102543568395,,,0.009238641549257007,LUAD,AIS,spot_weighted
16,LUAD,HALLMARK_G2M_CHECKPOINT,0.0098228833964235,,,AIS,0.002024828953265,,,0.007798054443158499,LUAD,AIS,spot_weighted
16,LUAD,HALLMARK_GLYCOLYSIS,0.039212370386335,,,AIS,0.0253536594219539,,,0.013858710964381103,LUAD,AIS,spot_weighted
16,LUAD,HALLMARK_HYPOXIA,0.0506483602655819,,,AIS,0.0330828468106647,,,0.0175655134549172,LUAD,AIS,spot_weighted
16,LUAD,HALLMARK_IL6_JAK_STAT3_SIGNALING,0.0863930335050935,,,AIS,0.0724226248795985,,,0.013970408625495007,LUAD,AIS,spot_weighted
16,LUAD,HALLMARK_INFLAMMATORY_RESPONSE,0.100026859223713,,,AIS,0.0935385932076678,,,0.006488266016045199,LUAD,AIS,spot_weighted
16,LUAD,HALLMARK_INTERFERON_GAMMA_RESPONSE,0.0696905929875563,,,AIS,0.0614524882219855,,,0.008238104765570797,LUAD,AIS,spot_weighted
16,LUAD,HALLMARK_OXIDATIVE_PHOSPHORYLATION,0.0151175769002985,,,AIS,0.0034920890564691005,,,0.011625487843829399,LUAD,AIS,spot_weighted
16,LUAD,HALLMARK_P53_PATHWAY,0.0732146895000017,,,AIS,0.051096317586783506,,,0.0221183719132182,LUAD,AIS,spot_weighted
16,LUAD,HALLMARK_TGF_BETA_SIGNALING,0.0247924825735501,,,AIS,0.0061304301703011,,,0.018662052403249002,LUAD,AIS,spot_weighted
16,LUAD,HALLMARK_TNFA_SIGNALING_VIA_NFKB,0.0355449188445859,,,AIS,0.0105061873160029,,,0.025038731528583005,LUAD,AIS,spot_weighted
16,LUAD,HALLMARK_WNT_BETA_CATENIN_SIGNALING,0.0091461935986564,,,AIS,0.0021708289022874,,,0.006975364696368999,LUAD,AIS,spot_weighted
16,LUAD,REACTOME_EXTRACELLULAR_MATRIX_ORGANIZATION,0.0942511529909067,,,AIS,0.081732204887157,,,0.012518948103749691,LUAD,AIS,spot_weighted
17,LUAD,GENE_AGER,0.004923331653826199,,,AIS,0.04016851383496751,,,-0.03524518218114131,LUAD,AIS,spot_weighted
17,LUAD,GENE_AQP5,0.01093929895235,,,AIS,0.0040571068195239,,,0.0068821921328261,LUAD,AIS,spot_weighted
17,LUAD,GENE_AREG,0.0066181582314644,,,AIS,0.0028772586685427,,,0.0037408995629216995,LUAD,AIS,spot_weighted
17,LUAD,GENE_C1QA,0.027025368930841405,,,AIS,0.0090437797475527,,,0.017981589183288703,LUAD,AIS,spot_weighted
17,LUAD,GENE_CCL2,0.0109550862210531,,,AIS,0.0006679133366132,,,0.0102871728844399,LUAD,AIS,spot_weighted
17,LUAD,GENE_CD3D,0.0046078120863733,,,AIS,0.0007308876102096,,,0.0038769244761637,LUAD,AIS,spot_weighted
17,LUAD,GENE_CD8A,5.76338097161967,,,AIS,5.124087563184692,,,0.6392934084349777,LUAD,AIS,spot_weighted
17,LUAD,GENE_CLDN4,0.0141478233206931,,,AIS,0.0044212381569195,,,0.009726585163773598,LUAD,AIS,spot_weighted
17,LUAD,GENE_COL1A1,0.081676002310808,,,AIS,0.0165710924978858,,,0.0651049098129222,LUAD,AIS,spot_weighted
17,LUAD,GENE_CXCL12,0.020885887448977503,,,AIS,0.0039360783207141,,,0.016949809128263403,LUAD,AIS,spot_weighted
17,LUAD,GENE_FGF10,0.000510867866213,,,AIS,0.0001923737402648,,,0.0003184941259482,LUAD,AIS,spot_weighted
17,LUAD,GENE_FGF7,0.011276592480517999,,,AIS,0.0010141106782271,,,0.010262481802290899,LUAD,AIS,spot_weighted
17,LUAD,GENE_HBEGF,0.0036396030796679,,,AIS,0.0006865958550721,,,0.0029530072245958,LUAD,AIS,spot_weighted
17,LUAD,GENE_IFNG,0.0002835444408013,,,AIS,7.137110597975903e-05,,,0.000212173334821541,LUAD,AIS,spot_weighted
17,LUAD,GENE_IL1A,0.0002074784288926,,,AIS,7.227444794405119e-05,,,0.00013520398094854882,LUAD,AIS,spot_weighted
17,LUAD,GENE_IL1B,0.002500387189156,,,AIS,0.0001616020685838,,,0.0023387851205722,LUAD,AIS,spot_weighted
17,LUAD,GENE_IL1R1,0.017166990409941,,,AIS,0.0038054644034215,,,0.013361526006519502,LUAD,AIS,spot_weighted
17,LUAD,GENE_IL1R2,0.0002908891574416,,,AIS,6.14447760419061e-05,,,0.00022944438139969393,LUAD,AIS,spot_weighted
17,LUAD,GENE_IL1RAP,0.0032875522665827,,,AIS,0.0006650858494552,,,0.0026224664171275,LUAD,AIS,spot_weighted
17,LUAD,GENE_IL1RN,0.001894912825578,,,AIS,0.0005678850964886,,,0.0013270277290894001,LUAD,AIS,spot_weighted
17,LUAD,GENE_KRT17,0.005966697231031599,,,AIS,0.0005820304827467,,,0.005384666748284899,LUAD,AIS,spot_weighted
17,LUAD,GENE_KRT5,6.380116377178602,,,AIS,6.70450315927157,,,-0.3243867820929678,LUAD,AIS,spot_weighted
17,LUAD,GENE_KRT8,0.0310451498631263,,,AIS,0.0101619662864823,,,0.020883183576644003,LUAD,AIS,spot_weighted
17,LUAD,GENE_SFTPC,0.0239012083409392,,,AIS,0.5089128079120724,,,-0.48501159957113316,LUAD,AIS,spot_weighted
17,LUAD,GENE_SIGIRR,0.0097448240921856,,,AIS,0.003806878700416,,,0.0059379453917696,LUAD,AIS,spot_weighted
17,LUAD,GENE_TGFB1,0.0048287420582077,,,AIS,0.0011858034213986,,,0.0036429386368091003,LUAD,AIS,spot_weighted
17,LUAD,GENE_TNF,0.0004942987642152,,,AIS,0.0001444069087532,,,0.000349891855462,LUAD,AIS,spot_weighted
17,LUAD,HALLMARK_E2F_TARGETS,0.0336821250390976,,,AIS,0.0277690233621243,,,0.005913101676973301,LUAD,AIS,spot_weighted
17,LUAD,HALLMARK_G2M_CHECKPOINT,0.0058153487887542,,,AIS,0.0016072031671662,,,0.004208145621588,LUAD,AIS,spot_weighted
17,LUAD,HALLMARK_GLYCOLYSIS,0.0311081623567227,,,AIS,0.0251088133382225,,,0.005999349018500202,LUAD,AIS,spot_weighted
17,LUAD,HALLMARK_HYPOXIA,0.041567314813178706,,,AIS,0.0311723550009386,,,0.010394959812240107,LUAD,AIS,spot_weighted
17,LUAD,HALLMARK_IL6_JAK_STAT3_SIGNALING,0.07844172630868859,,,AIS,0.0661792856428132,,,0.012262440665875396,LUAD,AIS,spot_weighted
17,LUAD,HALLMARK_INFLAMMATORY_RESPONSE,0.0940138167907354,,,AIS,0.0872044880688188,,,0.006809328721916599,LUAD,AIS,spot_weighted
17,LUAD,HALLMARK_INTERFERON_GAMMA_RESPONSE,0.0648678815348115,,,AIS,0.0562410407459201,,,0.0086268407888914,LUAD,AIS,spot_weighted
17,LUAD,HALLMARK_OXIDATIVE_PHOSPHORYLATION,0.0088055810758418,,,AIS,0.0027479696995358,,,0.0060576113763059995,LUAD,AIS,spot_weighted
17,LUAD,HALLMARK_P53_PATHWAY,0.0651411691745306,,,AIS,0.053146161443676,,,0.011995007730854594,LUAD,AIS,spot_weighted
17,LUAD,HALLMARK_TGF_BETA_SIGNALING,0.013603618960150502,,,AIS,0.0038581597346994006,,,0.009745459225451102,LUAD,AIS,spot_weighted
17,LUAD,HALLMARK_TNFA_SIGNALING_VIA_NFKB,0.0173571981569573,,,AIS,0.0036676121484804,,,0.013689586008476898,LUAD,AIS,spot_weighted
17,LUAD,HALLMARK_WNT_BETA_CATENIN_SIGNALING,0.0057255981168666,,,AIS,0.0017458728259163,,,0.0039797252909503,LUAD,AIS,spot_weighted
17,LUAD,REACTOME_EXTRACELLULAR_MATRIX_ORGANIZATION,0.0934725534112607,,,AIS,0.085701862707178,,,0.007770690704082706,LUAD,AIS,spot_weighted
19,LUAD,GENE_AGER,0.1314791477638363,,,AIS,0.2681890333833201,,,-0.13670988561948383,LUAD,AIS,spot_weighted
19,LUAD,GENE_AQP5,0.012045051767789,,,AIS,0.0036548022693325003,,,0.0083902494984565,LUAD,AIS,spot_weighted
19,LUAD,GENE_AREG,0.0162987804282569,,,AIS,0.0075257997463974,,,0.0087729806818595,LUAD,AIS,spot_weighted
19,LUAD,GENE_C1QA,0.0570894100231986,,,AIS,0.0472361833746408,,,0.009853226648557804,LUAD,AIS,spot_weighted
19,LUAD,GENE_CCL2,0.0259408411407739,,,AIS,0.0139304376712919,,,0.012010403469482,LUAD,AIS,spot_weighted
19,LUAD,GENE_CD3D,0.0038168397996594,,,AIS,0.0041251546330702,,,-0.0003083148334108001,LUAD,AIS,spot_weighted
19,LUAD,GENE_CD8A,5.308166548286471,,,AIS,5.291766857915296,,,0.01639969037117517,LUAD,AIS,spot_weighted
19,LUAD,GENE_CLDN4,0.0509083199993017,,,AIS,0.0236341096521636,,,0.027274210347138096,LUAD,AIS,spot_weighted
19,LUAD,GENE_COL1A1,0.0739871752644458,,,AIS,0.0478724510906665,,,0.026114724173779302,LUAD,AIS,spot_weighted
19,LUAD,GENE_CXCL12,0.0260302794138027,,,AIS,0.0310106680368413,,,-0.004980388623038599,LUAD,AIS,spot_weighted
19,LUAD,GENE_FGF10,0.0007255518088098001,,,AIS,0.00075517083555,,,-2.9619026740199833e-05,LUAD,AIS,spot_weighted
19,LUAD,GENE_FGF7,0.0063511773588986,,,AIS,0.0044025118287073,,,0.0019486655301912993,LUAD,AIS,spot_weighted
19,LUAD,GENE_HBEGF,0.0036219760489306,,,AIS,0.0043417129697595,,,-0.0007197369208289004,LUAD,AIS,spot_weighted
19,LUAD,GENE_IFNG,0.0005802702232092,,,AIS,0.0008478218507624,,,-0.00026755162755320004,LUAD,AIS,spot_weighted
19,LUAD,GENE_IL1A,0.0005815395586355,,,AIS,0.0006537815811236,,,-7.224202248809995e-05,LUAD,AIS,spot_weighted
19,LUAD,GENE_IL1B,0.0036781713995702996,,,AIS,0.0027725229932922,,,0.0009056484062780995,LUAD,AIS,spot_weighted
19,LUAD,GENE_IL1R1,0.0513577103791208,,,AIS,0.0418440714178261,,,0.009513638961294701,LUAD,AIS,spot_weighted
19,LUAD,GENE_IL1R2,0.0003927986615446,,,AIS,0.0003992079227874,,,-6.409261242799988e-06,LUAD,AIS,spot_weighted
19,LUAD,GENE_IL1RAP,0.0066572361180356,,,AIS,0.0038502009501006,,,0.002807035167935,LUAD,AIS,spot_weighted
19,LUAD,GENE_IL1RN,0.0025050621729966,,,AIS,0.0012027678845086002,,,0.0013022942884879996,LUAD,AIS,spot_weighted
19,LUAD,GENE_KRT17,0.0116182016124816,,,AIS,0.0025455402136169,,,0.009072661398864701,LUAD,AIS,spot_weighted
19,LUAD,GENE_KRT5,6.204024676564253,,,AIS,5.662906299099905,,,0.5411183774643478,LUAD,AIS,spot_weighted
19,LUAD,GENE_KRT8,0.0644479827759169,,,AIS,0.0333554190444067,,,0.031092563731510203,LUAD,AIS,spot_weighted
19,LUAD,GENE_SFTPC,0.8795565453758744,,,AIS,1.287827558501576,,,-0.4082710131257016,LUAD,AIS,spot_weighted
19,LUAD,GENE_SIGIRR,0.0188915532945526,,,AIS,0.0202086376893415,,,-0.001317084394788899,LUAD,AIS,spot_weighted
19,LUAD,GENE_TGFB1,0.006017029524701001,,,AIS,0.006443628214266599,,,-0.00042659868956559845,LUAD,AIS,spot_weighted
19,LUAD,GENE_TNF,0.0014801175456640998,,,AIS,0.0015865328267242,,,-0.00010641528106010022,LUAD,AIS,spot_weighted
19,LUAD,HALLMARK_E2F_TARGETS,0.0355851488390758,,,AIS,0.0318124473229866,,,0.0037727015160891955,LUAD,AIS,spot_weighted
19,LUAD,HALLMARK_G2M_CHECKPOINT,0.0116696506682837,,,AIS,0.0101170835283825,,,0.0015525671399011995,LUAD,AIS,spot_weighted
19,LUAD,HALLMARK_GLYCOLYSIS,0.0384445305696725,,,AIS,0.0350123863057271,,,0.0034321442639453983,LUAD,AIS,spot_weighted
19,LUAD,HALLMARK_HYPOXIA,0.0524039509344635,,,AIS,0.0522094629474099,,,0.0001944879870535987,LUAD,AIS,spot_weighted
19,LUAD,HALLMARK_IL6_JAK_STAT3_SIGNALING,0.0855365882878859,,,AIS,0.0879780262565291,,,-0.002441437968643198,LUAD,AIS,spot_weighted
19,LUAD,HALLMARK_INFLAMMATORY_RESPONSE,0.1040630094750121,,,AIS,0.1053794707522578,,,-0.0013164612772457035,LUAD,AIS,spot_weighted
19,LUAD,HALLMARK_INTERFERON_GAMMA_RESPONSE,0.0812323153820543,,,AIS,0.0750660957169128,,,0.006166219665141498,LUAD,AIS,spot_weighted
19,LUAD,HALLMARK_OXIDATIVE_PHOSPHORYLATION,0.018574798146602,,,AIS,0.0151339861353165,,,0.0034408120112855017,LUAD,AIS,spot_weighted
19,LUAD,HALLMARK_P53_PATHWAY,0.0738730284105472,,,AIS,0.0686361936792585,,,0.005236834731288706,LUAD,AIS,spot_weighted
19,LUAD,HALLMARK_TGF_BETA_SIGNALING,0.026176039535386903,,,AIS,0.0262882785685665,,,-0.00011223903317959805,LUAD,AIS,spot_weighted
19,LUAD,HALLMARK_TNFA_SIGNALING_VIA_NFKB,0.0278747870617838,,,AIS,0.0257119364366689,,,0.0021628506251148982,LUAD,AIS,spot_weighted
19,LUAD,HALLMARK_WNT_BETA_CATENIN_SIGNALING,0.010553003645731,,,AIS,0.009592778229133,,,0.0009602254165979995,LUAD,AIS,spot_weighted
19,LUAD,REACTOME_EXTRACELLULAR_MATRIX_ORGANIZATION,0.105906073907061,,,AIS,0.1037380820797489,,,0.002167991827312102,LUAD,AIS,spot_weighted
21,LUAD,GENE_AGER,0.0209593764453571,,,AIS,0.1675134447779971,,,-0.14655406833264,LUAD,AIS,spot_weighted
21,LUAD,GENE_AQP5,0.0728259795772729,,,AIS,0.004435834111631465,,,0.06839014546564143,LUAD,AIS,spot_weighted
21,LUAD,GENE_AREG,0.0030499348057306,,,AIS,0.0018814574844529456,,,0.0011684773212776545,LUAD,AIS,spot_weighted
21,LUAD,GENE_C1QA,0.0570785672806945,,,AIS,0.09155360274284564,,,-0.034475035462151145,LUAD,AIS,spot_weighted
21,LUAD,GENE_CCL2,0.0247249480996291,,,AIS,0.008233867296955888,,,0.01649108080267321,LUAD,AIS,spot_weighted
21,LUAD,GENE_CD3D,0.0068223846265229,,,AIS,0.003159471640448046,,,0.0036629129860748545,LUAD,AIS,spot_weighted
21,LUAD,GENE_CD8A,4.960888064154885,,,AIS,5.079370288513495,,,-0.11848222435861011,LUAD,AIS,spot_weighted
21,LUAD,GENE_CLDN4,0.05164315287104039,,,AIS,0.012401601123933405,,,0.03924155174710699,LUAD,AIS,spot_weighted
21,LUAD,GENE_COL1A1,0.2726220600021346,,,AIS,0.027802273244209117,,,0.2448197867579255,LUAD,AIS,spot_weighted
21,LUAD,GENE_CXCL12,0.0182895534835249,,,AIS,0.024821770049991712,,,-0.006532216566466811,LUAD,AIS,spot_weighted
21,LUAD,GENE_FGF10,0.0003304995932432,,,AIS,0.001078696322800468,,,-0.0007481967295572681,LUAD,AIS,spot_weighted
21,LUAD,GENE_FGF7,0.0178420374197024,,,AIS,0.005541111262152534,,,0.012300926157549866,LUAD,AIS,spot_weighted
21,LUAD,GENE_HBEGF,0.0043084257282946,,,AIS,0.004508831998863312,,,-0.00020040627056871173,LUAD,AIS,spot_weighted
21,LUAD,GENE_IFNG,0.0005934766087859,,,AIS,0.0001665312964167874,,,0.00042694531236911254,LUAD,AIS,spot_weighted
21,LUAD,GENE_IL1A,0.0023660935756083,,,AIS,0.001476650198575938,,,0.0008894433770323619,LUAD,AIS,spot_weighted
21,LUAD,GENE_IL1B,0.0049673568903942,,,AIS,0.0028164896264715766,,,0.0021508672639226237,LUAD,AIS,spot_weighted
21,LUAD,GENE_IL1R1,0.112447454643024,,,AIS,0.05339025318037193,,,0.059057201462652066,LUAD,AIS,spot_weighted
21,LUAD,GENE_IL1R2,0.0041439587477103,,,AIS,0.0004301145731496976,,,0.003713844174560602,LUAD,AIS,spot_weighted
21,LUAD,GENE_IL1RAP,0.0054027674611524,,,AIS,0.003947888817597489,,,0.0014548786435549113,LUAD,AIS,spot_weighted
21,LUAD,GENE_IL1RN,0.0054542714706449,,,AIS,0.0028042557131591063,,,0.0026500157574857936,LUAD,AIS,spot_weighted
21,LUAD,GENE_KRT17,0.04400003588487579,,,AIS,0.0010226582216043654,,,0.04297737766327143,LUAD,AIS,spot_weighted
21,LUAD,GENE_KRT5,5.822452013682445,,,AIS,5.668904717178969,,,0.15354729650347565,LUAD,AIS,spot_weighted
21,LUAD,GENE_KRT8,0.23703551914170667,,,AIS,0.019502628391382323,,,0.21753289075032434,LUAD,AIS,spot_weighted
21,LUAD,GENE_SFTPC,0.10785751067011749,,,AIS,1.188298457007239,,,-1.0804409463371216,LUAD,AIS,spot_weighted
21,LUAD,GENE_SIGIRR,0.0201088740411783,,,AIS,0.012973690776094206,,,0.007135183265084093,LUAD,AIS,spot_weighted
21,LUAD,GENE_TGFB1,0.0070690168722259,,,AIS,0.005937735213863483,,,0.0011312816583624171,LUAD,AIS,spot_weighted
21,LUAD,GENE_TNF,0.0006019916475474,,,AIS,0.0007394335850723491,,,-0.00013744193752494914,LUAD,AIS,spot_weighted
21,LUAD,HALLMARK_E2F_TARGETS,0.0392731967151794,,,AIS,0.030482555159015223,,,0.008790641556164176,LUAD,AIS,spot_weighted
21,LUAD,HALLMARK_G2M_CHECKPOINT,0.0192378055099911,,,AIS,0.007530582755739122,,,0.01170722275425198,LUAD,AIS,spot_weighted
21,LUAD,HALLMARK_GLYCOLYSIS,0.0543037692185434,,,AIS,0.03176928929826287,,,0.02253447992028053,LUAD,AIS,spot_weighted
21,LUAD,HALLMARK_HYPOXIA,0.0609363071033825,,,AIS,0.04465027485994831,,,0.01628603224343419,LUAD,AIS,spot_weighted
21,LUAD,HALLMARK_IL6_JAK_STAT3_SIGNALING,0.0876205709879322,,,AIS,0.07834635819561298,,,0.009274212792319228,LUAD,AIS,spot_weighted
21,LUAD,HALLMARK_INFLAMMATORY_RESPONSE,0.1033973441961735,,,AIS,0.0950494075851558,,,0.008347936611017695,LUAD,AIS,spot_weighted
21,LUAD,HALLMARK_INTERFERON_GAMMA_RESPONSE,0.0816129653073184,,,AIS,0.07100632065902884,,,0.01060664464828956,LUAD,AIS,spot_weighted
21,LUAD,HALLMARK_OXIDATIVE_PHOSPHORYLATION,0.0298930733866357,,,AIS,0.013418308208295107,,,0.01647476517834059,LUAD,AIS,spot_weighted
21,LUAD,HALLMARK_P53_PATHWAY,0.0860034392586424,,,AIS,0.06426475979450261,,,0.021738679464139793,LUAD,AIS,spot_weighted
21,LUAD,HALLMARK_TGF_BETA_SIGNALING,0.04107575352133681,,,AIS,0.01983764065540944,,,0.021238112865927368,LUAD,AIS,spot_weighted
21,LUAD,HALLMARK_TNFA_SIGNALING_VIA_NFKB,0.0390051009283379,,,AIS,0.019151383602830765,,,0.019853717325507135,LUAD,AIS,spot_weighted
21,LUAD,HALLMARK_WNT_BETA_CATENIN_SIGNALING,0.0141034461631198,,,AIS,0.007426974427252876,,,0.006676471735866924,LUAD,AIS,spot_weighted
21,LUAD,REACTOME_EXTRACELLULAR_MATRIX_ORGANIZATION,0.11422930926847331,,,AIS,0.09561759112468098,,,0.01861171814379234,LUAD,AIS,spot_weighted
22,LUAD,GENE_AGER,0.3038515905689986,,,AIS,0.16021905942444556,,,0.14363253114455302,LUAD,AIS,spot_weighted
22,LUAD,GENE_AQP5,0.0042918323402362,,,AIS,0.0009573123780136,,,0.0033345199622226,LUAD,AIS,spot_weighted
22,LUAD,GENE_AREG,0.0079724746601477,,,AIS,0.0038638695377604,,,0.004108605122387301,LUAD,AIS,spot_weighted
22,LUAD,GENE_C1QA,0.0938816504595408,,,AIS,0.0557251122388159,,,0.03815653822072491,LUAD,AIS,spot_weighted
22,LUAD,GENE_CCL2,0.0067512467357505,,,AIS,0.0059137225812331,,,0.0008375241545174007,LUAD,AIS,spot_weighted
22,LUAD,GENE_CD3D,0.0061181038358382,,,AIS,0.0025015902560996,,,0.0036165135797385996,LUAD,AIS,spot_weighted
22,LUAD,GENE_CD8A,5.184732198166524,,,AIS,5.025756945503408,,,0.15897525266311607,LUAD,AIS,spot_weighted
22,LUAD,GENE_CLDN4,0.0268971090379534,,,AIS,0.0080731829275806,,,0.0188239261103728,LUAD,AIS,spot_weighted
22,LUAD,GENE_COL1A1,0.0321314520603265,,,AIS,0.0197551590669138,,,0.0123762929934127,LUAD,AIS,spot_weighted
22,LUAD,GENE_CXCL12,0.0370541983238774,,,AIS,0.0171074591754632,,,0.0199467391484142,LUAD,AIS,spot_weighted
22,LUAD,GENE_FGF10,0.0024235453953828,,,AIS,0.0014756876921426,,,0.0009478577032401999,LUAD,AIS,spot_weighted
22,LUAD,GENE_FGF7,0.0098675550496697,,,AIS,0.0047208994531315,,,0.005146655596538201,LUAD,AIS,spot_weighted
22,LUAD,GENE_HBEGF,0.0051604683472247,,,AIS,0.0045366049326491,,,0.0006238634145756001,LUAD,AIS,spot_weighted
22,LUAD,GENE_IFNG,0.0012205518599126,,,AIS,0.0003029188149071,,,0.0009176330450054999,LUAD,AIS,spot_weighted
22,LUAD,GENE_IL1A,0.0015335395873022,,,AIS,0.0015446172818777998,,,-1.1077694575599905e-05,LUAD,AIS,spot_weighted
22,LUAD,GENE_IL1B,0.0041268862031147,,,AIS,0.0026952608213097005,,,0.0014316253818049997,LUAD,AIS,spot_weighted
22,LUAD,GENE_IL1R1,0.074502383382989,,,AIS,0.0398767825087516,,,0.03462560087423739,LUAD,AIS,spot_weighted
22,LUAD,GENE_IL1R2,0.0013159254688208002,,,AIS,0.0005466182094456,,,0.0007693072593752002,LUAD,AIS,spot_weighted
22,LUAD,GENE_IL1RAP,0.0077351335676292,,,AIS,0.004255855692994,,,0.0034792778746351996,LUAD,AIS,spot_weighted
22,LUAD,GENE_IL1RN,0.0040788466897783,,,AIS,0.0025204739185114996,,,0.0015583727712668006,LUAD,AIS,spot_weighted
22,LUAD,GENE_KRT17,0.0049468006434817,,,AIS,0.000970594511305,,,0.0039762061321767,LUAD,AIS,spot_weighted
22,LUAD,GENE_KRT5,5.084655590530136,,,AIS,6.074694288955913,,,-0.990038698425777,LUAD,AIS,spot_weighted
22,LUAD,GENE_KRT8,0.041634547207622,,,AIS,0.0137661942183258,,,0.027868352989296196,LUAD,AIS,spot_weighted
22,LUAD,GENE_SFTPC,1.5852673602870084,,,AIS,0.9655138088274228,,,0.6197535514595857,LUAD,AIS,spot_weighted
22,LUAD,GENE_SIGIRR,0.023589215570199395,,,AIS,0.0090434058539755,,,0.014545809716223894,LUAD,AIS,spot_weighted
22,LUAD,GENE_TGFB1,0.0101706249979615,,,AIS,0.0054393927187767,,,0.0047312322791847996,LUAD,AIS,spot_weighted
22,LUAD,GENE_TNF,0.0017469469788619998,,,AIS,0.0012394293294063,,,0.0005075176494556998,LUAD,AIS,spot_weighted
22,LUAD,HALLMARK_E2F_TARGETS,0.0330710997007082,,,AIS,0.0311508583100671,,,0.001920241390641099,LUAD,AIS,spot_weighted
22,LUAD,HALLMARK_G2M_CHECKPOINT,0.0142309744454731,,,AIS,0.0062540995547384,,,0.0079768748907347,LUAD,AIS,spot_weighted
22,LUAD,HALLMARK_GLYCOLYSIS,0.039506809395686,,,AIS,0.0300802487954153,,,0.009426560600270702,LUAD,AIS,spot_weighted
22,LUAD,HALLMARK_HYPOXIA,0.062611612290229,,,AIS,0.0446968273495386,,,0.017914784940690404,LUAD,AIS,spot_weighted
22,LUAD,HALLMARK_IL6_JAK_STAT3_SIGNALING,0.09573337220088618,,,AIS,0.0784345023176106,,,0.017298869883275586,LUAD,AIS,spot_weighted
22,LUAD,HALLMARK_INFLAMMATORY_RESPONSE,0.1105542360513046,,,AIS,0.0963477888847242,,,0.0142064471665804,LUAD,AIS,spot_weighted
22,LUAD,HALLMARK_INTERFERON_GAMMA_RESPONSE,0.0838453882598252,,,AIS,0.0686748567203549,,,0.015170531539470303,LUAD,AIS,spot_weighted
22,LUAD,HALLMARK_OXIDATIVE_PHOSPHORYLATION,0.0216632804880875,,,AIS,0.009731811166025,,,0.011931469322062502,LUAD,AIS,spot_weighted
22,LUAD,HALLMARK_P53_PATHWAY,0.0749612641309784,,,AIS,0.0633771740022657,,,0.011584090128712698,LUAD,AIS,spot_weighted
22,LUAD,HALLMARK_TGF_BETA_SIGNALING,0.0372927212380031,,,AIS,0.0185310837481691,,,0.018761637489833997,LUAD,AIS,spot_weighted
22,LUAD,HALLMARK_TNFA_SIGNALING_VIA_NFKB,0.0359902784964853,,,AIS,0.0189866461172858,,,0.0170036323791995,LUAD,AIS,spot_weighted
22,LUAD,HALLMARK_WNT_BETA_CATENIN_SIGNALING,0.0133344754567989,,,AIS,0.0061196795926962,,,0.0072147958641026995,LUAD,AIS,spot_weighted
22,LUAD,REACTOME_EXTRACELLULAR_MATRIX_ORGANIZATION,0.1118422705487233,,,AIS,0.0972919480824359,,,0.014550322466287402,LUAD,AIS,spot_weighted
23,LUAD,GENE_AGER,0.0850168446815985,,,AIS,0.17794963565787605,,,-0.09293279097627756,LUAD,AIS,spot_weighted
23,LUAD,GENE_AQP5,0.0339540567814633,,,AIS,0.002349575193865798,,,0.0316044815875975,LUAD,AIS,spot_weighted
23,LUAD,GENE_AREG,0.0129363706870059,,,AIS,0.011717715800305105,,,0.001218654886700794,LUAD,AIS,spot_weighted
23,LUAD,GENE_C1QA,0.0343840316197794,,,AIS,0.029771974099670806,,,0.004612057520108591,LUAD,AIS,spot_weighted
23,LUAD,GENE_CCL2,0.0043099993301869,,,AIS,0.005288810820006204,,,-0.0009788114898193045,LUAD,AIS,spot_weighted
23,LUAD,GENE_CD3D,0.0021653945711544,,,AIS,0.002947521447911207,,,-0.0007821268767568071,LUAD,AIS,spot_weighted
23,LUAD,GENE_CD8A,4.675263827937088,,,AIS,4.890390680451876,,,-0.21512685251478825,LUAD,AIS,spot_weighted
23,LUAD,GENE_CLDN4,0.065310971859461,,,AIS,0.008438277961021218,,,0.05687269389843978,LUAD,AIS,spot_weighted
23,LUAD,GENE_COL1A1,0.1596227130538346,,,AIS,0.01694891864927869,,,0.1426737944045559,LUAD,AIS,spot_weighted
23,LUAD,GENE_CXCL12,0.0122124304749762,,,AIS,0.012596860082834584,,,-0.0003844296078583838,LUAD,AIS,spot_weighted
23,LUAD,GENE_FGF10,0.0005079978202712,,,AIS,0.0008604571506968026,,,-0.00035245933042560263,LUAD,AIS,spot_weighted
23,LUAD,GENE_FGF7,0.0092266700269915,,,AIS,0.002793415208651691,,,0.006433254818339809,LUAD,AIS,spot_weighted
23,LUAD,GENE_HBEGF,0.0039863243333715,,,AIS,0.005051964288554154,,,-0.0010656399551826536,LUAD,AIS,spot_weighted
23,LUAD,GENE_IFNG,0.0006243151051058,,,AIS,0.0006211400690634967,,,3.175036042303266e-06,LUAD,AIS,spot_weighted
23,LUAD,GENE_IL1A,0.00011334392210850002,,,AIS,0.00018765355795060597,,,-7.430963584210595e-05,LUAD,AIS,spot_weighted
23,LUAD,GENE_IL1B,0.0011289039646011,,,AIS,0.0020904472166445275,,,-0.0009615432520434274,LUAD,AIS,spot_weighted
23,LUAD,GENE_IL1R1,0.0277602750347822,,,AIS,0.030880030927818828,,,-0.003119755893036629,LUAD,AIS,spot_weighted
23,LUAD,GENE_IL1R2,0.000226056930249,,,AIS,0.00026064851960772977,,,-3.459158935872978e-05,LUAD,AIS,spot_weighted
23,LUAD,GENE_IL1RAP,0.0038877626574172,,,AIS,0.001598095350789422,,,0.0022896673066277783,LUAD,AIS,spot_weighted
23,LUAD,GENE_IL1RN,0.001323417751769,,,AIS,0.000563263032738581,,,0.000760154719030419,LUAD,AIS,spot_weighted
23,LUAD,GENE_KRT17,0.006680266819150001,,,AIS,0.0009083107855348101,,,0.005771956033615191,LUAD,AIS,spot_weighted
23,LUAD,GENE_KRT5,6.474193098798208,,,AIS,6.143207092660439,,,0.33098600613776963,LUAD,AIS,spot_weighted
23,LUAD,GENE_KRT8,0.0878937782488989,,,AIS,0.01948663259492385,,,0.06840714565397504,LUAD,AIS,spot_weighted
23,LUAD,GENE_SFTPC,0.46790721989668216,,,AIS,1.08007198565786,,,-0.6121647657611778,LUAD,AIS,spot_weighted
23,LUAD,GENE_SIGIRR,0.0114021752002702,,,AIS,0.00964947241381266,,,0.0017527027864575398,LUAD,AIS,spot_weighted
23,LUAD,GENE_TGFB1,0.0051576954363544,,,AIS,0.0038247689960064783,,,0.0013329264403479217,LUAD,AIS,spot_weighted
23,LUAD,GENE_TNF,0.0005701627585005,,,AIS,0.0006194073669770702,,,-4.924460847657028e-05,LUAD,AIS,spot_weighted
23,LUAD,HALLMARK_E2F_TARGETS,0.0323165172275615,,,AIS,0.02861809308462288,,,0.0036984241429386215,LUAD,AIS,spot_weighted
23,LUAD,HALLMARK_G2M_CHECKPOINT,0.0071265515645301,,,AIS,0.005091052818691467,,,0.002035498745838633,LUAD,AIS,spot_weighted
23,LUAD,HALLMARK_GLYCOLYSIS,0.0369916301922611,,,AIS,0.03077499783098712,,,0.006216632361273979,LUAD,AIS,spot_weighted
23,LUAD,HALLMARK_HYPOXIA,0.0455744945562077,,,AIS,0.04297505872902336,,,0.002599435827184339,LUAD,AIS,spot_weighted
23,LUAD,HALLMARK_IL6_JAK_STAT3_SIGNALING,0.0760991052660268,,,AIS,0.07533890780229986,,,0.000760197463726936,LUAD,AIS,spot_weighted
23,LUAD,HALLMARK_INFLAMMATORY_RESPONSE,0.09667831579608781,,,AIS,0.09611554283385089,,,0.0005627729622369182,LUAD,AIS,spot_weighted
23,LUAD,HALLMARK_INTERFERON_GAMMA_RESPONSE,0.0672022344736288,,,AIS,0.06719005285335503,,,1.2181620273776783e-05,LUAD,AIS,spot_weighted
23,LUAD,HALLMARK_OXIDATIVE_PHOSPHORYLATION,0.012594206180138701,,,AIS,0.008202858995070972,,,0.004391347185067729,LUAD,AIS,spot_weighted
23,LUAD,HALLMARK_P53_PATHWAY,0.0699759447867828,,,AIS,0.061864160896421404,,,0.0081117838903614,LUAD,AIS,spot_weighted
23,LUAD,HALLMARK_TGF_BETA_SIGNALING,0.0182591627552162,,,AIS,0.015609583922645526,,,0.0026495788325706753,LUAD,AIS,spot_weighted
23,LUAD,HALLMARK_TNFA_SIGNALING_VIA_NFKB,0.0213270586049758,,,AIS,0.018197599995630163,,,0.003129458609345638,LUAD,AIS,spot_weighted
23,LUAD,HALLMARK_WNT_BETA_CATENIN_SIGNALING,0.0076535645863459005,,,AIS,0.005065869241276125,,,0.002587695345069776,LUAD,AIS,spot_weighted
23,LUAD,REACTOME_EXTRACELLULAR_MATRIX_ORGANIZATION,0.0992455186050449,,,AIS,0.09352180417255126,,,0.005723714432493629,LUAD,AIS,spot_weighted
10,LUAD,GENE_AGER,0.0712342105357071,1.0,13439.0,MIA,0.0974657453178581,1.0,11970.0,-0.026231534782150998,LUAD,MIA,equal_sections
10,LUAD,GENE_AQP5,0.013678188304154,1.0,13439.0,MIA,0.0044603443050268,1.0,11970.0,0.009217843999127201,LUAD,MIA,equal_sections
10,LUAD,GENE_AREG,0.0063740121613123,1.0,13439.0,MIA,0.0056317453481778,1.0,11970.0,0.0007422668131345008,LUAD,MIA,equal_sections
10,LUAD,GENE_C1QA,0.0626672255903129,1.0,13439.0,MIA,0.0082568326314578,1.0,11970.0,0.0544103929588551,LUAD,MIA,equal_sections
10,LUAD,GENE_CCL2,0.0131429969422979,1.0,13439.0,MIA,0.0048408029841826,1.0,11970.0,0.0083021939581153,LUAD,MIA,equal_sections
10,LUAD,GENE_CD3D,0.0122685636836767,1.0,13439.0,MIA,0.00143367535082,1.0,11970.0,0.0108348883328567,LUAD,MIA,equal_sections
10,LUAD,GENE_CD8A,5.475098817303216,1.0,13439.0,MIA,5.498884330173889,1.0,11970.0,-0.02378551287067232,LUAD,MIA,equal_sections
10,LUAD,GENE_CLDN4,0.0851442454583585,1.0,13439.0,MIA,0.006120897707992,1.0,11970.0,0.0790233477503665,LUAD,MIA,equal_sections
10,LUAD,GENE_COL1A1,0.1127959919772752,1.0,13439.0,MIA,0.024005231698757,1.0,11970.0,0.0887907602785182,LUAD,MIA,equal_sections
10,LUAD,GENE_CXCL12,0.015799429152771,1.0,13439.0,MIA,0.007490425071588,1.0,11970.0,0.008309004081183001,LUAD,MIA,equal_sections
10,LUAD,GENE_FGF10,0.0010858430228018,1.0,13439.0,MIA,0.0011234438414434,1.0,11970.0,-3.7600818641600085e-05,LUAD,MIA,equal_sections
10,LUAD,GENE_FGF7,0.0096419581768857,1.0,13439.0,MIA,0.0036352055194675,1.0,11970.0,0.0060067526574181995,LUAD,MIA,equal_sections
10,LUAD,GENE_HBEGF,0.0048272293821818,1.0,13439.0,MIA,0.0037364159207364,1.0,11970.0,0.0010908134614453996,LUAD,MIA,equal_sections
10,LUAD,GENE_IFNG,0.0014016075290121,1.0,13439.0,MIA,0.0002657671943252,1.0,11970.0,0.0011358403346869,LUAD,MIA,equal_sections
10,LUAD,GENE_IL1A,0.0020356339591105,1.0,13439.0,MIA,0.0002057579568501,1.0,11970.0,0.0018298760022604,LUAD,MIA,equal_sections
10,LUAD,GENE_IL1B,0.0024552684784121,1.0,13439.0,MIA,0.0014717132157661,1.0,11970.0,0.0009835552626459999,LUAD,MIA,equal_sections
10,LUAD,GENE_IL1R1,0.0497445824273495,1.0,13439.0,MIA,0.01668160446159,1.0,11970.0,0.033062977965759494,LUAD,MIA,equal_sections
10,LUAD,GENE_IL1R2,0.0197544976845885,1.0,13439.0,MIA,0.0002057145287137,1.0,11970.0,0.0195487831558748,LUAD,MIA,equal_sections
10,LUAD,GENE_IL1RAP,0.0273128803005931,1.0,13439.0,MIA,0.0013923344276104,1.0,11970.0,0.0259205458729827,LUAD,MIA,equal_sections
10,LUAD,GENE_IL1RN,0.0221057851683646,1.0,13439.0,MIA,0.0012126876664937,1.0,11970.0,0.0208930975018709,LUAD,MIA,equal_sections
10,LUAD,GENE_KRT17,0.0174498112878301,1.0,13439.0,MIA,0.0046954835775052,1.0,11970.0,0.012754327710324899,LUAD,MIA,equal_sections
10,LUAD,GENE_KRT5,6.520721278548456,1.0,13439.0,MIA,6.464598964568699,1.0,11970.0,0.05612231397975709,LUAD,MIA,equal_sections
10,LUAD,GENE_KRT8,0.2502436125384521,1.0,13439.0,MIA,0.0123501993164688,1.0,11970.0,0.23789341322198332,LUAD,MIA,equal_sections
10,LUAD,GENE_SFTPC,0.2533403165756888,1.0,13439.0,MIA,0.4746838517126068,1.0,11970.0,-0.221343535136918,LUAD,MIA,equal_sections
10,LUAD,GENE_SIGIRR,0.0330644862076423,1.0,13439.0,MIA,0.0062062578500748,1.0,11970.0,0.0268582283575675,LUAD,MIA,equal_sections
10,LUAD,GENE_TGFB1,0.0116495882373142,1.0,13439.0,MIA,0.0021351809080637,1.0,11970.0,0.009514407329250501,LUAD,MIA,equal_sections
10,LUAD,GENE_TNF,0.0015610923499807,1.0,13439.0,MIA,0.0003909298102278,1.0,11970.0,0.0011701625397529001,LUAD,MIA,equal_sections
10,LUAD,HALLMARK_E2F_TARGETS,0.0505587328392477,1.0,13439.0,MIA,0.0277962134588301,1.0,11970.0,0.022762519380417602,LUAD,MIA,equal_sections
10,LUAD,HALLMARK_G2M_CHECKPOINT,0.0234059905281637,1.0,13439.0,MIA,0.0031400952829101,1.0,11970.0,0.020265895245253598,LUAD,MIA,equal_sections
10,LUAD,HALLMARK_GLYCOLYSIS,0.0571914786565921,1.0,13439.0,MIA,0.0235300516755765,1.0,11970.0,0.033661426981015596,LUAD,MIA,equal_sections
10,LUAD,HALLMARK_HYPOXIA,0.0643417008787312,1.0,13439.0,MIA,0.0374149640711243,1.0,11970.0,0.026926736807606898,LUAD,MIA,equal_sections
10,LUAD,HALLMARK_IL6_JAK_STAT3_SIGNALING,0.0992181952486126,1.0,13439.0,MIA,0.0748059511009941,1.0,11970.0,0.0244122441476185,LUAD,MIA,equal_sections
10,LUAD,HALLMARK_INFLAMMATORY_RESPONSE,0.110339236683527,1.0,13439.0,MIA,0.092473411768031,1.0,11970.0,0.017865824915496,LUAD,MIA,equal_sections
10,LUAD,HALLMARK_INTERFERON_GAMMA_RESPONSE,0.0954471674077326,1.0,13439.0,MIA,0.0570811085799944,1.0,11970.0,0.0383660588277382,LUAD,MIA,equal_sections
10,LUAD,HALLMARK_OXIDATIVE_PHOSPHORYLATION,0.0368181034969276,1.0,13439.0,MIA,0.0042749221630991,1.0,11970.0,0.032543181333828504,LUAD,MIA,equal_sections
10,LUAD,HALLMARK_P53_PATHWAY,0.0919197789202046,1.0,13439.0,MIA,0.0524422386675696,1.0,11970.0,0.039477540252635,LUAD,MIA,equal_sections
10,LUAD,HALLMARK_TGF_BETA_SIGNALING,0.0408705438640416,1.0,13439.0,MIA,0.0087384074113418,1.0,11970.0,0.0321321364526998,LUAD,MIA,equal_sections
10,LUAD,HALLMARK_TNFA_SIGNALING_VIA_NFKB,0.0340479598755807,1.0,13439.0,MIA,0.0111450106948647,1.0,11970.0,0.022902949180716,LUAD,MIA,equal_sections
10,LUAD,HALLMARK_WNT_BETA_CATENIN_SIGNALING,0.0241595571302675,1.0,13439.0,MIA,0.0034963452014856,1.0,11970.0,0.0206632119287819,LUAD,MIA,equal_sections
10,LUAD,REACTOME_EXTRACELLULAR_MATRIX_ORGANIZATION,0.1110253390240335,1.0,13439.0,MIA,0.08445199519135,1.0,11970.0,0.026573343832683505,LUAD,MIA,equal_sections
13,LUAD,GENE_AGER,0.0427221164025165,1.0,4860.0,MIA,0.0897599820751493,1.0,13514.0,-0.04703786567263281,LUAD,MIA,equal_sections
13,LUAD,GENE_AQP5,0.001146906164989,1.0,4860.0,MIA,0.0020035105597226,1.0,13514.0,-0.0008566043947335999,LUAD,MIA,equal_sections
13,LUAD,GENE_AREG,0.0046470387781691,1.0,4860.0,MIA,0.0052070064003693,1.0,13514.0,-0.0005599676222002,LUAD,MIA,equal_sections
13,LUAD,GENE_C1QA,0.0302124707265418,1.0,4860.0,MIA,0.0186414965036925,1.0,13514.0,0.0115709742228493,LUAD,MIA,equal_sections
13,LUAD,GENE_CCL2,0.0092429513005092,1.0,4860.0,MIA,0.0031469475247262,1.0,13514.0,0.0060960037757829995,LUAD,MIA,equal_sections
13,LUAD,GENE_CD3D,0.0041022073580567,1.0,4860.0,MIA,0.001810284823854,1.0,13514.0,0.0022919225342026995,LUAD,MIA,equal_sections
13,LUAD,GENE_CD8A,4.902397993055648,1.0,4860.0,MIA,4.59669111174616,1.0,13514.0,0.3057068813094883,LUAD,MIA,equal_sections
13,LUAD,GENE_CLDN4,0.0089683827339238,1.0,4860.0,MIA,0.0124382127564294,1.0,13514.0,-0.0034698300225056,LUAD,MIA,equal_sections
13,LUAD,GENE_COL1A1,0.3011941665092375,1.0,4860.0,MIA,0.0514271168554128,1.0,13514.0,0.24976704965382474,LUAD,MIA,equal_sections
13,LUAD,GENE_CXCL12,0.0229736176141301,1.0,4860.0,MIA,0.0094359634479761,1.0,13514.0,0.013537654166154,LUAD,MIA,equal_sections
13,LUAD,GENE_FGF10,0.0005428479193987,1.0,4860.0,MIA,0.0004291360354134,1.0,13514.0,0.00011371188398530001,LUAD,MIA,equal_sections
13,LUAD,GENE_FGF7,0.0101587395945738,1.0,4860.0,MIA,0.0028015140553978,1.0,13514.0,0.007357225539176,LUAD,MIA,equal_sections
13,LUAD,GENE_HBEGF,0.0035170915674669,1.0,4860.0,MIA,0.0026478297089977,1.0,13514.0,0.0008692618584691999,LUAD,MIA,equal_sections
13,LUAD,GENE_IFNG,0.0003215190661228,1.0,4860.0,MIA,0.0003034834905925,1.0,13514.0,1.803557553029997e-05,LUAD,MIA,equal_sections
13,LUAD,GENE_IL1A,0.0003532614425889,1.0,4860.0,MIA,0.0003726983907899,1.0,13514.0,-1.9436948200999985e-05,LUAD,MIA,equal_sections
13,LUAD,GENE_IL1B,0.0017455954856045,1.0,4860.0,MIA,0.0013749207703069,1.0,13514.0,0.0003706747152975999,LUAD,MIA,equal_sections
13,LUAD,GENE_IL1R1,0.0163993180679054,1.0,4860.0,MIA,0.0107692984678174,1.0,13514.0,0.005630019600088,LUAD,MIA,equal_sections
13,LUAD,GENE_IL1R2,0.0003299719751084,1.0,4860.0,MIA,0.0002007814847816,1.0,13514.0,0.00012919049032679997,LUAD,MIA,equal_sections
13,LUAD,GENE_IL1RAP,0.0015779358297951,1.0,4860.0,MIA,0.0014267316697045,1.0,13514.0,0.0001512041600905999,LUAD,MIA,equal_sections
13,LUAD,GENE_IL1RN,0.0015474151012031,1.0,4860.0,MIA,0.0010308633871681,1.0,13514.0,0.000516551714035,LUAD,MIA,equal_sections
13,LUAD,GENE_KRT17,0.0019437655720997,1.0,4860.0,MIA,0.0039306616232338,1.0,13514.0,-0.0019868960511340997,LUAD,MIA,equal_sections
13,LUAD,GENE_KRT5,5.1170368552441,1.0,4860.0,MIA,6.363609770059991,1.0,13514.0,-1.246572914815891,LUAD,MIA,equal_sections
13,LUAD,GENE_KRT8,0.0191690766329554,1.0,4860.0,MIA,0.0163056647067021,1.0,13514.0,0.0028634119262532995,LUAD,MIA,equal_sections
13,LUAD,GENE_SFTPC,0.3266487268137832,1.0,4860.0,MIA,0.4864096833429,1.0,13514.0,-0.15976095652911682,LUAD,MIA,equal_sections
13,LUAD,GENE_SIGIRR,0.00866715769377,1.0,4860.0,MIA,0.0087978120461128,1.0,13514.0,-0.00013065435234279991,LUAD,MIA,equal_sections
13,LUAD,GENE_TGFB1,0.0047258593057265,1.0,4860.0,MIA,0.0030294445287881,1.0,13514.0,0.0016964147769384002,LUAD,MIA,equal_sections
13,LUAD,GENE_TNF,0.001334499516808,1.0,4860.0,MIA,0.0009163367979645,1.0,13514.0,0.00041816271884350005,LUAD,MIA,equal_sections
13,LUAD,HALLMARK_E2F_TARGETS,0.0308192513207428,1.0,4860.0,MIA,0.0295847692503566,1.0,13514.0,0.001234482070386199,LUAD,MIA,equal_sections
13,LUAD,HALLMARK_G2M_CHECKPOINT,0.004886278584176,1.0,4860.0,MIA,0.0040952842727313,1.0,13514.0,0.0007909943114447005,LUAD,MIA,equal_sections
13,LUAD,HALLMARK_GLYCOLYSIS,0.0286417226121974,1.0,4860.0,MIA,0.0280073905470228,1.0,13514.0,0.0006343320651745997,LUAD,MIA,equal_sections
13,LUAD,HALLMARK_HYPOXIA,0.0389297788534165,1.0,4860.0,MIA,0.0367009787236214,1.0,13514.0,0.0022288001297951013,LUAD,MIA,equal_sections
13,LUAD,HALLMARK_IL6_JAK_STAT3_SIGNALING,0.0770736485597539,1.0,4860.0,MIA,0.0730013049390207,1.0,13514.0,0.004072343620733207,LUAD,MIA,equal_sections
13,LUAD,HALLMARK_INFLAMMATORY_RESPONSE,0.0905832045158806,1.0,4860.0,MIA,0.0896704571223413,1.0,13514.0,0.0009127473935393038,LUAD,MIA,equal_sections
13,LUAD,HALLMARK_INTERFERON_GAMMA_RESPONSE,0.0615009188813271,1.0,4860.0,MIA,0.0585091185065955,1.0,13514.0,0.0029918003747316027,LUAD,MIA,equal_sections
13,LUAD,HALLMARK_OXIDATIVE_PHOSPHORYLATION,0.0072353906034514,1.0,4860.0,MIA,0.0062422049091835,1.0,13514.0,0.0009931856942679007,LUAD,MIA,equal_sections
13,LUAD,HALLMARK_P53_PATHWAY,0.0612304952364485,1.0,4860.0,MIA,0.0592187166955644,1.0,13514.0,0.0020117785408841,LUAD,MIA,equal_sections
13,LUAD,HALLMARK_TGF_BETA_SIGNALING,0.0134409294381044,1.0,4860.0,MIA,0.011088632177189,1.0,13514.0,0.0023522972609154,LUAD,MIA,equal_sections
13,LUAD,HALLMARK_TNFA_SIGNALING_VIA_NFKB,0.0167744624576136,1.0,4860.0,MIA,0.0126981111316851,1.0,13514.0,0.0040763513259285,LUAD,MIA,equal_sections
13,LUAD,HALLMARK_WNT_BETA_CATENIN_SIGNALING,0.0052986476894412,1.0,4860.0,MIA,0.0045609083740891,1.0,13514.0,0.0007377393153521006,LUAD,MIA,equal_sections
13,LUAD,REACTOME_EXTRACELLULAR_MATRIX_ORGANIZATION,0.0896241290336834,1.0,4860.0,MIA,0.0834323579727083,1.0,13514.0,0.006191771060975099,LUAD,MIA,equal_sections
15,LUAD,GENE_AGER,0.0888200295855769,1.0,14205.0,MIA,0.1099938192025005,1.0,13170.0,-0.021173789616923594,LUAD,MIA,equal_sections
15,LUAD,GENE_AQP5,0.011972880328012,1.0,14205.0,MIA,0.004100137018602,1.0,13170.0,0.007872743309409999,LUAD,MIA,equal_sections
15,LUAD,GENE_AREG,0.0025711312460798,1.0,14205.0,MIA,0.0017330153424568,1.0,13170.0,0.0008381159036230002,LUAD,MIA,equal_sections
15,LUAD,GENE_C1QA,0.0178709260656962,1.0,14205.0,MIA,0.0171849195327364,1.0,13170.0,0.0006860065329598007,LUAD,MIA,equal_sections
15,LUAD,GENE_CCL2,0.0050846922310292,1.0,14205.0,MIA,0.0033752178291788,1.0,13170.0,0.0017094744018504,LUAD,MIA,equal_sections
15,LUAD,GENE_CD3D,0.0033167367423621,1.0,14205.0,MIA,0.0032158434846224,1.0,13170.0,0.00010089325773970014,LUAD,MIA,equal_sections
15,LUAD,GENE_CD8A,4.817830018917624,1.0,14205.0,MIA,4.794623639041967,1.0,13170.0,0.023206379875656324,LUAD,MIA,equal_sections
15,LUAD,GENE_CLDN4,0.041022999072896,1.0,14205.0,MIA,0.0074196245711991,1.0,13170.0,0.0336033745016969,LUAD,MIA,equal_sections
15,LUAD,GENE_COL1A1,0.158233867193446,1.0,14205.0,MIA,0.0397998021740306,1.0,13170.0,0.11843406501941542,LUAD,MIA,equal_sections
15,LUAD,GENE_CXCL12,0.010115668306472,1.0,14205.0,MIA,0.0098438584843666,1.0,13170.0,0.0002718098221054007,LUAD,MIA,equal_sections
15,LUAD,GENE_FGF10,0.0007560157345642,1.0,14205.0,MIA,0.0010173483699335,1.0,13170.0,-0.0002613326353693,LUAD,MIA,equal_sections
15,LUAD,GENE_FGF7,0.0052880355249558,1.0,14205.0,MIA,0.0039900967940259,1.0,13170.0,0.0012979387309299002,LUAD,MIA,equal_sections
15,LUAD,GENE_HBEGF,0.0021502324883197,1.0,14205.0,MIA,0.0018131290082229,1.0,13170.0,0.00033710348009680004,LUAD,MIA,equal_sections
15,LUAD,GENE_IFNG,0.0001903740958443,1.0,14205.0,MIA,0.0003000895053829,1.0,13170.0,-0.0001097154095386,LUAD,MIA,equal_sections
15,LUAD,GENE_IL1A,0.0007190435128519,1.0,14205.0,MIA,0.0002679150774218,1.0,13170.0,0.0004511284354301,LUAD,MIA,equal_sections
15,LUAD,GENE_IL1B,0.0014638821582389,1.0,14205.0,MIA,0.0008720464375746,1.0,13170.0,0.0005918357206642999,LUAD,MIA,equal_sections
15,LUAD,GENE_IL1R1,0.0260514245654775,1.0,14205.0,MIA,0.0180131639574823,1.0,13170.0,0.008038260607995198,LUAD,MIA,equal_sections
15,LUAD,GENE_IL1R2,0.0003709191650805,1.0,14205.0,MIA,0.0001084587435307,1.0,13170.0,0.0002624604215498,LUAD,MIA,equal_sections
15,LUAD,GENE_IL1RAP,0.0109972296319393,1.0,14205.0,MIA,0.001678828803115,1.0,13170.0,0.0093184008288243,LUAD,MIA,equal_sections
15,LUAD,GENE_IL1RN,0.0028306757316018,1.0,14205.0,MIA,0.0006700093888384,1.0,13170.0,0.0021606663427634,LUAD,MIA,equal_sections
15,LUAD,GENE_KRT17,0.0018179015393549,1.0,14205.0,MIA,0.0013237764937458,1.0,13170.0,0.0004941250456091,LUAD,MIA,equal_sections
15,LUAD,GENE_KRT5,6.475510627743327,1.0,14205.0,MIA,6.387988635408048,1.0,13170.0,0.08752199233527946,LUAD,MIA,equal_sections
15,LUAD,GENE_KRT8,0.049871354999456,1.0,14205.0,MIA,0.0172718186020334,1.0,13170.0,0.03259953639742259,LUAD,MIA,equal_sections
15,LUAD,GENE_SFTPC,0.4465901130814993,1.0,14205.0,MIA,0.4624186170102463,1.0,13170.0,-0.015828503928746962,LUAD,MIA,equal_sections
15,LUAD,GENE_SIGIRR,0.0136842734207333,1.0,14205.0,MIA,0.0086120282541661,1.0,13170.0,0.005072245166567199,LUAD,MIA,equal_sections
15,LUAD,GENE_TGFB1,0.0039655524892869,1.0,14205.0,MIA,0.0036858444906335,1.0,13170.0,0.0002797079986533997,LUAD,MIA,equal_sections
15,LUAD,GENE_TNF,0.0005679949019444,1.0,14205.0,MIA,0.0009456921427474,1.0,13170.0,-0.000377697240803,LUAD,MIA,equal_sections
15,LUAD,HALLMARK_E2F_TARGETS,0.0373964462038831,1.0,14205.0,MIA,0.0300632432696207,1.0,13170.0,0.007333202934262397,LUAD,MIA,equal_sections
15,LUAD,HALLMARK_G2M_CHECKPOINT,0.0084458543899335,1.0,14205.0,MIA,0.0041292858585974,1.0,13170.0,0.0043165685313361,LUAD,MIA,equal_sections
15,LUAD,HALLMARK_GLYCOLYSIS,0.0367812940295464,1.0,14205.0,MIA,0.0293142695944196,1.0,13170.0,0.007467024435126798,LUAD,MIA,equal_sections
15,LUAD,HALLMARK_HYPOXIA,0.0435923784573088,1.0,14205.0,MIA,0.0384517135603517,1.0,13170.0,0.005140664896957102,LUAD,MIA,equal_sections
15,LUAD,HALLMARK_IL6_JAK_STAT3_SIGNALING,0.0786965505799903,1.0,14205.0,MIA,0.0741940565720995,1.0,13170.0,0.004502494007890795,LUAD,MIA,equal_sections
15,LUAD,HALLMARK_INFLAMMATORY_RESPONSE,0.0955948571324654,1.0,14205.0,MIA,0.0929510455311346,1.0,13170.0,0.0026438116013308005,LUAD,MIA,equal_sections
15,LUAD,HALLMARK_INTERFERON_GAMMA_RESPONSE,0.0653017568314877,1.0,14205.0,MIA,0.0619081757853712,1.0,13170.0,0.003393581046116499,LUAD,MIA,equal_sections
15,LUAD,HALLMARK_OXIDATIVE_PHOSPHORYLATION,0.0136490931946415,1.0,14205.0,MIA,0.0064150768117033,1.0,13170.0,0.0072340163829382005,LUAD,MIA,equal_sections
15,LUAD,HALLMARK_P53_PATHWAY,0.0701531730580867,1.0,14205.0,MIA,0.0610277197436305,1.0,13170.0,0.009125453314456203,LUAD,MIA,equal_sections
15,LUAD,HALLMARK_TGF_BETA_SIGNALING,0.0169591363021046,1.0,14205.0,MIA,0.0117611254803403,1.0,13170.0,0.005198010821764302,LUAD,MIA,equal_sections
15,LUAD,HALLMARK_TNFA_SIGNALING_VIA_NFKB,0.0156115352244655,1.0,14205.0,MIA,0.0113618883990475,1.0,13170.0,0.004249646825417999,LUAD,MIA,equal_sections
15,LUAD,HALLMARK_WNT_BETA_CATENIN_SIGNALING,0.0078285790884252,1.0,14205.0,MIA,0.0046460383487442,1.0,13170.0,0.003182540739681,LUAD,MIA,equal_sections
15,LUAD,REACTOME_EXTRACELLULAR_MATRIX_ORGANIZATION,0.09492174961573,1.0,14205.0,MIA,0.0862781615852179,1.0,13170.0,0.0086435880305121,LUAD,MIA,equal_sections
18,LUAD,GENE_AGER,0.1608624872240547,1.0,11970.0,MIA,0.1120287241692386,1.0,12689.0,0.048833763054816084,LUAD,MIA,equal_sections
18,LUAD,GENE_AQP5,0.0024995311135829,1.0,11970.0,MIA,0.0013041646864777,1.0,12689.0,0.0011953664271052002,LUAD,MIA,equal_sections
18,LUAD,GENE_AREG,0.0399560610813261,1.0,11970.0,MIA,0.016321453437592,1.0,12689.0,0.0236346076437341,LUAD,MIA,equal_sections
18,LUAD,GENE_C1QA,0.0669957840677182,1.0,11970.0,MIA,0.0185912525204277,1.0,12689.0,0.04840453154729049,LUAD,MIA,equal_sections
18,LUAD,GENE_CCL2,0.1429761304684165,1.0,11970.0,MIA,0.0150804547234846,1.0,12689.0,0.1278956757449319,LUAD,MIA,equal_sections
18,LUAD,GENE_CD3D,0.0052990080648904,1.0,11970.0,MIA,0.0014511937964152,1.0,12689.0,0.0038478142684752,LUAD,MIA,equal_sections
18,LUAD,GENE_CD8A,5.29970078232149,1.0,11970.0,MIA,5.352211781954308,1.0,12689.0,-0.052510999632818134,LUAD,MIA,equal_sections
18,LUAD,GENE_CLDN4,0.0305927859852397,1.0,11970.0,MIA,0.0102848712568765,1.0,12689.0,0.0203079147283632,LUAD,MIA,equal_sections
18,LUAD,GENE_COL1A1,0.0828206813427861,1.0,11970.0,MIA,0.0246195973065894,1.0,12689.0,0.0582010840361967,LUAD,MIA,equal_sections
18,LUAD,GENE_CXCL12,0.0273793928123242,1.0,11970.0,MIA,0.008032899949652,1.0,12689.0,0.019346492862672197,LUAD,MIA,equal_sections
18,LUAD,GENE_FGF10,0.0012669882344784,1.0,11970.0,MIA,0.0005392635575589,1.0,12689.0,0.0007277246769195,LUAD,MIA,equal_sections
18,LUAD,GENE_FGF7,0.0205674556086249,1.0,11970.0,MIA,0.0024509018602243,1.0,12689.0,0.0181165537484006,LUAD,MIA,equal_sections
18,LUAD,GENE_HBEGF,0.0249687302558757,1.0,11970.0,MIA,0.0034064590794012,1.0,12689.0,0.0215622711764745,LUAD,MIA,equal_sections
18,LUAD,GENE_IFNG,0.0004239147716563,1.0,11970.0,MIA,0.0002006201513949,1.0,12689.0,0.00022329462026140002,LUAD,MIA,equal_sections
18,LUAD,GENE_IL1A,0.0019156123035066,1.0,11970.0,MIA,0.0005850796116031,1.0,12689.0,0.0013305326919035,LUAD,MIA,equal_sections
18,LUAD,GENE_IL1B,0.013554236634327,1.0,11970.0,MIA,0.0031273849905616,1.0,12689.0,0.0104268516437654,LUAD,MIA,equal_sections
18,LUAD,GENE_IL1R1,0.0996884153494455,1.0,11970.0,MIA,0.0265528091202426,1.0,12689.0,0.0731356062292029,LUAD,MIA,equal_sections
18,LUAD,GENE_IL1R2,0.0008443032809241,1.0,11970.0,MIA,0.0002398428694557,1.0,12689.0,0.0006044604114684,LUAD,MIA,equal_sections
18,LUAD,GENE_IL1RAP,0.0120313856181499,1.0,11970.0,MIA,0.0024561238688067,1.0,12689.0,0.0095752617493432,LUAD,MIA,equal_sections
18,LUAD,GENE_IL1RN,0.0158577996941075,1.0,11970.0,MIA,0.0015075703727593,1.0,12689.0,0.014350229321348199,LUAD,MIA,equal_sections
18,LUAD,GENE_KRT17,0.0080167618422217,1.0,11970.0,MIA,0.0004514327710038,1.0,12689.0,0.0075653290712179,LUAD,MIA,equal_sections
18,LUAD,GENE_KRT5,6.087155961788316,1.0,11970.0,MIA,5.765703893371397,1.0,12689.0,0.3214520684169191,LUAD,MIA,equal_sections
18,LUAD,GENE_KRT8,0.100137721480089,1.0,11970.0,MIA,0.0227193989837098,1.0,12689.0,0.0774183224963792,LUAD,MIA,equal_sections
18,LUAD,GENE_SFTPC,0.6324225188241072,1.0,11970.0,MIA,0.6185085788170592,1.0,12689.0,0.013913940007047931,LUAD,MIA,equal_sections
18,LUAD,GENE_SIGIRR,0.0155745576320801,1.0,11970.0,MIA,0.0074033163601265,1.0,12689.0,0.0081712412719536,LUAD,MIA,equal_sections
18,LUAD,GENE_TGFB1,0.011658767091366,1.0,11970.0,MIA,0.0047802725060476,1.0,12689.0,0.0068784945853184,LUAD,MIA,equal_sections
18,LUAD,GENE_TNF,0.0018806085899054,1.0,11970.0,MIA,0.0007150050552205,1.0,12689.0,0.0011656035346849,LUAD,MIA,equal_sections
18,LUAD,HALLMARK_E2F_TARGETS,0.0337935397974379,1.0,11970.0,MIA,0.025896507306995,1.0,12689.0,0.007897032490442896,LUAD,MIA,equal_sections
18,LUAD,HALLMARK_G2M_CHECKPOINT,0.0122779173065208,1.0,11970.0,MIA,0.0039189702891052,1.0,12689.0,0.008358947017415599,LUAD,MIA,equal_sections
18,LUAD,HALLMARK_GLYCOLYSIS,0.0370305537252432,1.0,11970.0,MIA,0.0271603758505103,1.0,12689.0,0.009870177874732898,LUAD,MIA,equal_sections
18,LUAD,HALLMARK_HYPOXIA,0.065679517633058,1.0,11970.0,MIA,0.0391744111447642,1.0,12689.0,0.0265051064882938,LUAD,MIA,equal_sections
18,LUAD,HALLMARK_IL6_JAK_STAT3_SIGNALING,0.0949566962953629,1.0,11970.0,MIA,0.0727964163339791,1.0,12689.0,0.022160279961383797,LUAD,MIA,equal_sections
18,LUAD,HALLMARK_INFLAMMATORY_RESPONSE,0.1111162643656223,1.0,11970.0,MIA,0.0962335208460481,1.0,12689.0,0.014882743519574207,LUAD,MIA,equal_sections
18,LUAD,HALLMARK_INTERFERON_GAMMA_RESPONSE,0.082902153192134,1.0,11970.0,MIA,0.0622308267065294,1.0,12689.0,0.020671326485604595,LUAD,MIA,equal_sections
18,LUAD,HALLMARK_OXIDATIVE_PHOSPHORYLATION,0.0159473469916344,1.0,11970.0,MIA,0.005677477142551,1.0,12689.0,0.010269869849083402,LUAD,MIA,equal_sections
18,LUAD,HALLMARK_P53_PATHWAY,0.0751786962949417,1.0,11970.0,MIA,0.0542659136325847,1.0,12689.0,0.020912782662357,LUAD,MIA,equal_sections
18,LUAD,HALLMARK_TGF_BETA_SIGNALING,0.0441390912692694,1.0,11970.0,MIA,0.0127095679799514,1.0,12689.0,0.031429523289318,LUAD,MIA,equal_sections
18,LUAD,HALLMARK_TNFA_SIGNALING_VIA_NFKB,0.058245923485689,1.0,11970.0,MIA,0.0136175652951906,1.0,12689.0,0.0446283581904984,LUAD,MIA,equal_sections
18,LUAD,HALLMARK_WNT_BETA_CATENIN_SIGNALING,0.0111202220881522,1.0,11970.0,MIA,0.0037229963526351,1.0,12689.0,0.0073972257355171,LUAD,MIA,equal_sections
18,LUAD,REACTOME_EXTRACELLULAR_MATRIX_ORGANIZATION,0.1103381051336867,1.0,11970.0,MIA,0.090843148996691,1.0,12689.0,0.0194949561369957,LUAD,MIA,equal_sections
10,LUAD,GENE_AGER,0.0712342105357071,,,MIA,0.0974657453178581,,,-0.026231534782150998,LUAD,MIA,spot_weighted
10,LUAD,GENE_AQP5,0.013678188304154,,,MIA,0.0044603443050268,,,0.009217843999127201,LUAD,MIA,spot_weighted
10,LUAD,GENE_AREG,0.0063740121613123,,,MIA,0.0056317453481778,,,0.0007422668131345008,LUAD,MIA,spot_weighted
10,LUAD,GENE_C1QA,0.0626672255903129,,,MIA,0.0082568326314578,,,0.0544103929588551,LUAD,MIA,spot_weighted
10,LUAD,GENE_CCL2,0.0131429969422979,,,MIA,0.0048408029841826,,,0.0083021939581153,LUAD,MIA,spot_weighted
10,LUAD,GENE_CD3D,0.012268563683676702,,,MIA,0.0014336753508200001,,,0.010834888332856701,LUAD,MIA,spot_weighted
10,LUAD,GENE_CD8A,5.475098817303216,,,MIA,5.4988843301738894,,,-0.02378551287067321,LUAD,MIA,spot_weighted
10,LUAD,GENE_CLDN4,0.0851442454583585,,,MIA,0.006120897707992,,,0.0790233477503665,LUAD,MIA,spot_weighted
10,LUAD,GENE_COL1A1,0.1127959919772752,,,MIA,0.024005231698757,,,0.0887907602785182,LUAD,MIA,spot_weighted
10,LUAD,GENE_CXCL12,0.015799429152771,,,MIA,0.007490425071588,,,0.008309004081183001,LUAD,MIA,spot_weighted
10,LUAD,GENE_FGF10,0.0010858430228018,,,MIA,0.0011234438414434,,,-3.7600818641600085e-05,LUAD,MIA,spot_weighted
10,LUAD,GENE_FGF7,0.0096419581768857,,,MIA,0.0036352055194675,,,0.0060067526574181995,LUAD,MIA,spot_weighted
10,LUAD,GENE_HBEGF,0.0048272293821818,,,MIA,0.0037364159207364,,,0.0010908134614453996,LUAD,MIA,spot_weighted
10,LUAD,GENE_IFNG,0.0014016075290121,,,MIA,0.0002657671943252,,,0.0011358403346869,LUAD,MIA,spot_weighted
10,LUAD,GENE_IL1A,0.0020356339591105,,,MIA,0.00020575795685010004,,,0.0018298760022604,LUAD,MIA,spot_weighted
10,LUAD,GENE_IL1B,0.0024552684784121003,,,MIA,0.0014717132157661,,,0.0009835552626460003,LUAD,MIA,spot_weighted
10,LUAD,GENE_IL1R1,0.04974458242734949,,,MIA,0.01668160446159,,,0.033062977965759494,LUAD,MIA,spot_weighted
10,LUAD,GENE_IL1R2,0.0197544976845885,,,MIA,0.00020571452871370003,,,0.0195487831558748,LUAD,MIA,spot_weighted
10,LUAD,GENE_IL1RAP,0.027312880300593104,,,MIA,0.0013923344276103998,,,0.025920545872982703,LUAD,MIA,spot_weighted
10,LUAD,GENE_IL1RN,0.0221057851683646,,,MIA,0.0012126876664937,,,0.0208930975018709,LUAD,MIA,spot_weighted
10,LUAD,GENE_KRT17,0.0174498112878301,,,MIA,0.0046954835775052,,,0.012754327710324899,LUAD,MIA,spot_weighted
10,LUAD,GENE_KRT5,6.520721278548456,,,MIA,6.4645989645687,,,0.0561223139797562,LUAD,MIA,spot_weighted
10,LUAD,GENE_KRT8,0.2502436125384521,,,MIA,0.012350199316468798,,,0.23789341322198332,LUAD,MIA,spot_weighted
10,LUAD,GENE_SFTPC,0.2533403165756888,,,MIA,0.4746838517126068,,,-0.221343535136918,LUAD,MIA,spot_weighted
10,LUAD,GENE_SIGIRR,0.0330644862076423,,,MIA,0.0062062578500748,,,0.0268582283575675,LUAD,MIA,spot_weighted
10,LUAD,GENE_TGFB1,0.0116495882373142,,,MIA,0.0021351809080637,,,0.009514407329250501,LUAD,MIA,spot_weighted
10,LUAD,GENE_TNF,0.0015610923499807,,,MIA,0.00039092981022780004,,,0.0011701625397529001,LUAD,MIA,spot_weighted
10,LUAD,HALLMARK_E2F_TARGETS,0.0505587328392477,,,MIA,0.027796213458830103,,,0.0227625193804176,LUAD,MIA,spot_weighted
10,LUAD,HALLMARK_G2M_CHECKPOINT,0.0234059905281637,,,MIA,0.0031400952829101,,,0.020265895245253598,LUAD,MIA,spot_weighted
10,LUAD,HALLMARK_GLYCOLYSIS,0.0571914786565921,,,MIA,0.0235300516755765,,,0.033661426981015596,LUAD,MIA,spot_weighted
10,LUAD,HALLMARK_HYPOXIA,0.0643417008787312,,,MIA,0.0374149640711243,,,0.026926736807606898,LUAD,MIA,spot_weighted
10,LUAD,HALLMARK_IL6_JAK_STAT3_SIGNALING,0.09921819524861258,,,MIA,0.0748059511009941,,,0.024412244147618486,LUAD,MIA,spot_weighted
10,LUAD,HALLMARK_INFLAMMATORY_RESPONSE,0.110339236683527,,,MIA,0.092473411768031,,,0.017865824915496,LUAD,MIA,spot_weighted
10,LUAD,HALLMARK_INTERFERON_GAMMA_RESPONSE,0.0954471674077326,,,MIA,0.057081108579994405,,,0.03836605882773819,LUAD,MIA,spot_weighted
10,LUAD,HALLMARK_OXIDATIVE_PHOSPHORYLATION,0.0368181034969276,,,MIA,0.0042749221630991,,,0.032543181333828504,LUAD,MIA,spot_weighted
10,LUAD,HALLMARK_P53_PATHWAY,0.09191977892020461,,,MIA,0.0524422386675696,,,0.039477540252635016,LUAD,MIA,spot_weighted
10,LUAD,HALLMARK_TGF_BETA_SIGNALING,0.0408705438640416,,,MIA,0.0087384074113418,,,0.0321321364526998,LUAD,MIA,spot_weighted
10,LUAD,HALLMARK_TNFA_SIGNALING_VIA_NFKB,0.0340479598755807,,,MIA,0.011145010694864703,,,0.022902949180715997,LUAD,MIA,spot_weighted
10,LUAD,HALLMARK_WNT_BETA_CATENIN_SIGNALING,0.0241595571302675,,,MIA,0.0034963452014856,,,0.0206632119287819,LUAD,MIA,spot_weighted
10,LUAD,REACTOME_EXTRACELLULAR_MATRIX_ORGANIZATION,0.11102533902403348,,,MIA,0.08445199519135,,,0.02657334383268349,LUAD,MIA,spot_weighted
13,LUAD,GENE_AGER,0.0427221164025165,,,MIA,0.0897599820751493,,,-0.04703786567263281,LUAD,MIA,spot_weighted
13,LUAD,GENE_AQP5,0.001146906164989,,,MIA,0.0020035105597226,,,-0.0008566043947335999,LUAD,MIA,spot_weighted
13,LUAD,GENE_AREG,0.0046470387781691,,,MIA,0.0052070064003693,,,-0.0005599676222002,LUAD,MIA,spot_weighted
13,LUAD,GENE_C1QA,0.0302124707265418,,,MIA,0.0186414965036925,,,0.0115709742228493,LUAD,MIA,spot_weighted
13,LUAD,GENE_CCL2,0.0092429513005092,,,MIA,0.0031469475247262,,,0.0060960037757829995,LUAD,MIA,spot_weighted
13,LUAD,GENE_CD3D,0.0041022073580567,,,MIA,0.001810284823854,,,0.0022919225342026995,LUAD,MIA,spot_weighted
13,LUAD,GENE_CD8A,4.902397993055648,,,MIA,4.59669111174616,,,0.3057068813094883,LUAD,MIA,spot_weighted
13,LUAD,GENE_CLDN4,0.0089683827339238,,,MIA,0.0124382127564294,,,-0.0034698300225056,LUAD,MIA,spot_weighted
13,LUAD,GENE_COL1A1,0.3011941665092375,,,MIA,0.051427116855412805,,,0.24976704965382474,LUAD,MIA,spot_weighted
13,LUAD,GENE_CXCL12,0.0229736176141301,,,MIA,0.0094359634479761,,,0.013537654166154,LUAD,MIA,spot_weighted
13,LUAD,GENE_FGF10,0.0005428479193987,,,MIA,0.0004291360354134,,,0.00011371188398530001,LUAD,MIA,spot_weighted
13,LUAD,GENE_FGF7,0.0101587395945738,,,MIA,0.0028015140553978,,,0.007357225539176,LUAD,MIA,spot_weighted
13,LUAD,GENE_HBEGF,0.0035170915674669003,,,MIA,0.0026478297089977,,,0.0008692618584692003,LUAD,MIA,spot_weighted
13,LUAD,GENE_IFNG,0.0003215190661228,,,MIA,0.0003034834905925,,,1.803557553029997e-05,LUAD,MIA,spot_weighted
13,LUAD,GENE_IL1A,0.0003532614425889,,,MIA,0.0003726983907899,,,-1.9436948200999985e-05,LUAD,MIA,spot_weighted
13,LUAD,GENE_IL1B,0.0017455954856045,,,MIA,0.0013749207703068998,,,0.0003706747152976001,LUAD,MIA,spot_weighted
13,LUAD,GENE_IL1R1,0.0163993180679054,,,MIA,0.0107692984678174,,,0.005630019600088,LUAD,MIA,spot_weighted
13,LUAD,GENE_IL1R2,0.0003299719751084,,,MIA,0.0002007814847816,,,0.00012919049032679997,LUAD,MIA,spot_weighted
13,LUAD,GENE_IL1RAP,0.0015779358297951,,,MIA,0.0014267316697045,,,0.0001512041600905999,LUAD,MIA,spot_weighted
13,LUAD,GENE_IL1RN,0.0015474151012031,,,MIA,0.0010308633871681,,,0.000516551714035,LUAD,MIA,spot_weighted
13,LUAD,GENE_KRT17,0.0019437655720997,,,MIA,0.0039306616232338,,,-0.0019868960511340997,LUAD,MIA,spot_weighted
13,LUAD,GENE_KRT5,5.1170368552441,,,MIA,6.363609770059991,,,-1.246572914815891,LUAD,MIA,spot_weighted
13,LUAD,GENE_KRT8,0.0191690766329554,,,MIA,0.0163056647067021,,,0.0028634119262532995,LUAD,MIA,spot_weighted
13,LUAD,GENE_SFTPC,0.3266487268137832,,,MIA,0.4864096833429,,,-0.15976095652911682,LUAD,MIA,spot_weighted
13,LUAD,GENE_SIGIRR,0.00866715769377,,,MIA,0.0087978120461128,,,-0.00013065435234279991,LUAD,MIA,spot_weighted
13,LUAD,GENE_TGFB1,0.0047258593057265,,,MIA,0.0030294445287880997,,,0.0016964147769384006,LUAD,MIA,spot_weighted
13,LUAD,GENE_TNF,0.001334499516808,,,MIA,0.0009163367979645,,,0.00041816271884350005,LUAD,MIA,spot_weighted
13,LUAD,HALLMARK_E2F_TARGETS,0.030819251320742803,,,MIA,0.0295847692503566,,,0.0012344820703862024,LUAD,MIA,spot_weighted
13,LUAD,HALLMARK_G2M_CHECKPOINT,0.004886278584176,,,MIA,0.0040952842727313,,,0.0007909943114447005,LUAD,MIA,spot_weighted
13,LUAD,HALLMARK_GLYCOLYSIS,0.0286417226121974,,,MIA,0.0280073905470228,,,0.0006343320651745997,LUAD,MIA,spot_weighted
13,LUAD,HALLMARK_HYPOXIA,0.0389297788534165,,,MIA,0.0367009787236214,,,0.0022288001297951013,LUAD,MIA,spot_weighted
13,LUAD,HALLMARK_IL6_JAK_STAT3_SIGNALING,0.0770736485597539,,,MIA,0.0730013049390207,,,0.004072343620733207,LUAD,MIA,spot_weighted
13,LUAD,HALLMARK_INFLAMMATORY_RESPONSE,0.0905832045158806,,,MIA,0.0896704571223413,,,0.0009127473935393038,LUAD,MIA,spot_weighted
13,LUAD,HALLMARK_INTERFERON_GAMMA_RESPONSE,0.06150091888132711,,,MIA,0.0585091185065955,,,0.0029918003747316096,LUAD,MIA,spot_weighted
13,LUAD,HALLMARK_OXIDATIVE_PHOSPHORYLATION,0.007235390603451401,,,MIA,0.0062422049091835,,,0.0009931856942679016,LUAD,MIA,spot_weighted
13,LUAD,HALLMARK_P53_PATHWAY,0.061230495236448496,,,MIA,0.0592187166955644,,,0.0020117785408840932,LUAD,MIA,spot_weighted
13,LUAD,HALLMARK_TGF_BETA_SIGNALING,0.013440929438104399,,,MIA,0.011088632177188999,,,0.0023522972609154,LUAD,MIA,spot_weighted
13,LUAD,HALLMARK_TNFA_SIGNALING_VIA_NFKB,0.0167744624576136,,,MIA,0.0126981111316851,,,0.0040763513259285,LUAD,MIA,spot_weighted
13,LUAD,HALLMARK_WNT_BETA_CATENIN_SIGNALING,0.0052986476894412,,,MIA,0.0045609083740891,,,0.0007377393153521006,LUAD,MIA,spot_weighted
13,LUAD,REACTOME_EXTRACELLULAR_MATRIX_ORGANIZATION,0.0896241290336834,,,MIA,0.0834323579727083,,,0.006191771060975099,LUAD,MIA,spot_weighted
15,LUAD,GENE_AGER,0.0888200295855769,,,MIA,0.10999381920250048,,,-0.02117378961692358,LUAD,MIA,spot_weighted
15,LUAD,GENE_AQP5,0.011972880328012,,,MIA,0.004100137018602,,,0.007872743309409999,LUAD,MIA,spot_weighted
15,LUAD,GENE_AREG,0.0025711312460798,,,MIA,0.0017330153424568,,,0.0008381159036230002,LUAD,MIA,spot_weighted
15,LUAD,GENE_C1QA,0.0178709260656962,,,MIA,0.0171849195327364,,,0.0006860065329598007,LUAD,MIA,spot_weighted
15,LUAD,GENE_CCL2,0.0050846922310292,,,MIA,0.0033752178291788,,,0.0017094744018504,LUAD,MIA,spot_weighted
15,LUAD,GENE_CD3D,0.0033167367423621,,,MIA,0.0032158434846224,,,0.00010089325773970014,LUAD,MIA,spot_weighted
15,LUAD,GENE_CD8A,4.817830018917624,,,MIA,4.794623639041967,,,0.023206379875656324,LUAD,MIA,spot_weighted
15,LUAD,GENE_CLDN4,0.041022999072896,,,MIA,0.0074196245711991,,,0.0336033745016969,LUAD,MIA,spot_weighted
15,LUAD,GENE_COL1A1,0.158233867193446,,,MIA,0.0397998021740306,,,0.11843406501941542,LUAD,MIA,spot_weighted
15,LUAD,GENE_CXCL12,0.010115668306471998,,,MIA,0.009843858484366601,,,0.00027180982210539724,LUAD,MIA,spot_weighted
15,LUAD,GENE_FGF10,0.0007560157345642,,,MIA,0.0010173483699335,,,-0.0002613326353693,LUAD,MIA,spot_weighted
15,LUAD,GENE_FGF7,0.0052880355249558,,,MIA,0.0039900967940259,,,0.0012979387309299002,LUAD,MIA,spot_weighted
15,LUAD,GENE_HBEGF,0.0021502324883197,,,MIA,0.0018131290082229,,,0.00033710348009680004,LUAD,MIA,spot_weighted
15,LUAD,GENE_IFNG,0.00019037409584430002,,,MIA,0.0003000895053829,,,-0.00010971540953859998,LUAD,MIA,spot_weighted
15,LUAD,GENE_IL1A,0.0007190435128519,,,MIA,0.0002679150774218,,,0.0004511284354301,LUAD,MIA,spot_weighted
15,LUAD,GENE_IL1B,0.0014638821582389,,,MIA,0.0008720464375746,,,0.0005918357206642999,LUAD,MIA,spot_weighted
15,LUAD,GENE_IL1R1,0.0260514245654775,,,MIA,0.0180131639574823,,,0.008038260607995198,LUAD,MIA,spot_weighted
15,LUAD,GENE_IL1R2,0.00037091916508049993,,,MIA,0.0001084587435307,,,0.0002624604215497999,LUAD,MIA,spot_weighted
15,LUAD,GENE_IL1RAP,0.0109972296319393,,,MIA,0.0016788288031150001,,,0.0093184008288243,LUAD,MIA,spot_weighted
15,LUAD,GENE_IL1RN,0.0028306757316018,,,MIA,0.0006700093888384,,,0.0021606663427634,LUAD,MIA,spot_weighted
15,LUAD,GENE_KRT17,0.0018179015393549,,,MIA,0.0013237764937458,,,0.0004941250456091,LUAD,MIA,spot_weighted
15,LUAD,GENE_KRT5,6.475510627743327,,,MIA,6.387988635408048,,,0.08752199233527946,LUAD,MIA,spot_weighted
15,LUAD,GENE_KRT8,0.049871354999456,,,MIA,0.0172718186020334,,,0.03259953639742259,LUAD,MIA,spot_weighted
15,LUAD,GENE_SFTPC,0.4465901130814993,,,MIA,0.46241861701024634,,,-0.015828503928747018,LUAD,MIA,spot_weighted
15,LUAD,GENE_SIGIRR,0.0136842734207333,,,MIA,0.0086120282541661,,,0.005072245166567199,LUAD,MIA,spot_weighted
15,LUAD,GENE_TGFB1,0.0039655524892869,,,MIA,0.0036858444906335,,,0.0002797079986533997,LUAD,MIA,spot_weighted
15,LUAD,GENE_TNF,0.0005679949019444,,,MIA,0.0009456921427474,,,-0.000377697240803,LUAD,MIA,spot_weighted
15,LUAD,HALLMARK_E2F_TARGETS,0.0373964462038831,,,MIA,0.0300632432696207,,,0.007333202934262397,LUAD,MIA,spot_weighted
15,LUAD,HALLMARK_G2M_CHECKPOINT,0.0084458543899335,,,MIA,0.0041292858585974,,,0.0043165685313361,LUAD,MIA,spot_weighted
15,LUAD,HALLMARK_GLYCOLYSIS,0.0367812940295464,,,MIA,0.029314269594419604,,,0.007467024435126795,LUAD,MIA,spot_weighted
15,LUAD,HALLMARK_HYPOXIA,0.0435923784573088,,,MIA,0.0384517135603517,,,0.005140664896957102,LUAD,MIA,spot_weighted
15,LUAD,HALLMARK_IL6_JAK_STAT3_SIGNALING,0.0786965505799903,,,MIA,0.0741940565720995,,,0.004502494007890795,LUAD,MIA,spot_weighted
15,LUAD,HALLMARK_INFLAMMATORY_RESPONSE,0.0955948571324654,,,MIA,0.0929510455311346,,,0.0026438116013308005,LUAD,MIA,spot_weighted
15,LUAD,HALLMARK_INTERFERON_GAMMA_RESPONSE,0.0653017568314877,,,MIA,0.0619081757853712,,,0.003393581046116499,LUAD,MIA,spot_weighted
15,LUAD,HALLMARK_OXIDATIVE_PHOSPHORYLATION,0.0136490931946415,,,MIA,0.0064150768117033,,,0.0072340163829382005,LUAD,MIA,spot_weighted
15,LUAD,HALLMARK_P53_PATHWAY,0.0701531730580867,,,MIA,0.06102771974363049,,,0.00912545331445621,LUAD,MIA,spot_weighted
15,LUAD,HALLMARK_TGF_BETA_SIGNALING,0.0169591363021046,,,MIA,0.0117611254803403,,,0.005198010821764302,LUAD,MIA,spot_weighted
15,LUAD,HALLMARK_TNFA_SIGNALING_VIA_NFKB,0.0156115352244655,,,MIA,0.0113618883990475,,,0.004249646825417999,LUAD,MIA,spot_weighted
15,LUAD,HALLMARK_WNT_BETA_CATENIN_SIGNALING,0.0078285790884252,,,MIA,0.0046460383487442,,,0.003182540739681,LUAD,MIA,spot_weighted
15,LUAD,REACTOME_EXTRACELLULAR_MATRIX_ORGANIZATION,0.09492174961573,,,MIA,0.0862781615852179,,,0.0086435880305121,LUAD,MIA,spot_weighted
18,LUAD,GENE_AGER,0.1608624872240547,,,MIA,0.11202872416923862,,,0.04883376305481607,LUAD,MIA,spot_weighted
18,LUAD,GENE_AQP5,0.0024995311135829,,,MIA,0.0013041646864777,,,0.0011953664271052002,LUAD,MIA,spot_weighted
18,LUAD,GENE_AREG,0.0399560610813261,,,MIA,0.016321453437592,,,0.0236346076437341,LUAD,MIA,spot_weighted
18,LUAD,GENE_C1QA,0.0669957840677182,,,MIA,0.0185912525204277,,,0.04840453154729049,LUAD,MIA,spot_weighted
18,LUAD,GENE_CCL2,0.1429761304684165,,,MIA,0.0150804547234846,,,0.1278956757449319,LUAD,MIA,spot_weighted
18,LUAD,GENE_CD3D,0.0052990080648904,,,MIA,0.0014511937964152,,,0.0038478142684752,LUAD,MIA,spot_weighted
18,LUAD,GENE_CD8A,5.29970078232149,,,MIA,5.352211781954308,,,-0.052510999632818134,LUAD,MIA,spot_weighted
18,LUAD,GENE_CLDN4,0.030592785985239703,,,MIA,0.0102848712568765,,,0.020307914728363203,LUAD,MIA,spot_weighted
18,LUAD,GENE_COL1A1,0.0828206813427861,,,MIA,0.0246195973065894,,,0.0582010840361967,LUAD,MIA,spot_weighted
18,LUAD,GENE_CXCL12,0.0273793928123242,,,MIA,0.008032899949652,,,0.019346492862672197,LUAD,MIA,spot_weighted
18,LUAD,GENE_FGF10,0.0012669882344784,,,MIA,0.0005392635575589,,,0.0007277246769195,LUAD,MIA,spot_weighted
18,LUAD,GENE_FGF7,0.0205674556086249,,,MIA,0.0024509018602243,,,0.0181165537484006,LUAD,MIA,spot_weighted
18,LUAD,GENE_HBEGF,0.0249687302558757,,,MIA,0.0034064590794012,,,0.0215622711764745,LUAD,MIA,spot_weighted
18,LUAD,GENE_IFNG,0.0004239147716563,,,MIA,0.0002006201513949,,,0.00022329462026140002,LUAD,MIA,spot_weighted
18,LUAD,GENE_IL1A,0.0019156123035066,,,MIA,0.0005850796116031,,,0.0013305326919035,LUAD,MIA,spot_weighted
18,LUAD,GENE_IL1B,0.013554236634327,,,MIA,0.0031273849905616,,,0.0104268516437654,LUAD,MIA,spot_weighted
18,LUAD,GENE_IL1R1,0.0996884153494455,,,MIA,0.0265528091202426,,,0.0731356062292029,LUAD,MIA,spot_weighted
18,LUAD,GENE_IL1R2,0.0008443032809241,,,MIA,0.00023984286945570002,,,0.0006044604114684,LUAD,MIA,spot_weighted
18,LUAD,GENE_IL1RAP,0.012031385618149901,,,MIA,0.0024561238688067,,,0.009575261749343202,LUAD,MIA,spot_weighted
18,LUAD,GENE_IL1RN,0.0158577996941075,,,MIA,0.0015075703727592997,,,0.0143502293213482,LUAD,MIA,spot_weighted
18,LUAD,GENE_KRT17,0.0080167618422217,,,MIA,0.0004514327710038,,,0.0075653290712179,LUAD,MIA,spot_weighted
18,LUAD,GENE_KRT5,6.087155961788316,,,MIA,5.765703893371397,,,0.3214520684169191,LUAD,MIA,spot_weighted
18,LUAD,GENE_KRT8,0.10013772148008901,,,MIA,0.0227193989837098,,,0.07741832249637921,LUAD,MIA,spot_weighted
18,LUAD,GENE_SFTPC,0.6324225188241072,,,MIA,0.6185085788170592,,,0.013913940007047931,LUAD,MIA,spot_weighted
18,LUAD,GENE_SIGIRR,0.015574557632080101,,,MIA,0.0074033163601265,,,0.008171241271953601,LUAD,MIA,spot_weighted
18,LUAD,GENE_TGFB1,0.011658767091366,,,MIA,0.0047802725060476,,,0.0068784945853184,LUAD,MIA,spot_weighted
18,LUAD,GENE_TNF,0.0018806085899054,,,MIA,0.0007150050552205,,,0.0011656035346849,LUAD,MIA,spot_weighted
18,LUAD,HALLMARK_E2F_TARGETS,0.0337935397974379,,,MIA,0.025896507306995,,,0.007897032490442896,LUAD,MIA,spot_weighted
18,LUAD,HALLMARK_G2M_CHECKPOINT,0.0122779173065208,,,MIA,0.0039189702891052,,,0.008358947017415599,LUAD,MIA,spot_weighted
18,LUAD,HALLMARK_GLYCOLYSIS,0.0370305537252432,,,MIA,0.0271603758505103,,,0.009870177874732898,LUAD,MIA,spot_weighted
18,LUAD,HALLMARK_HYPOXIA,0.065679517633058,,,MIA,0.0391744111447642,,,0.0265051064882938,LUAD,MIA,spot_weighted
18,LUAD,HALLMARK_IL6_JAK_STAT3_SIGNALING,0.0949566962953629,,,MIA,0.0727964163339791,,,0.022160279961383797,LUAD,MIA,spot_weighted
18,LUAD,HALLMARK_INFLAMMATORY_RESPONSE,0.11111626436562232,,,MIA,0.0962335208460481,,,0.01488274351957422,LUAD,MIA,spot_weighted
18,LUAD,HALLMARK_INTERFERON_GAMMA_RESPONSE,0.082902153192134,,,MIA,0.0622308267065294,,,0.020671326485604595,LUAD,MIA,spot_weighted
18,LUAD,HALLMARK_OXIDATIVE_PHOSPHORYLATION,0.0159473469916344,,,MIA,0.005677477142551,,,0.010269869849083402,LUAD,MIA,spot_weighted
18,LUAD,HALLMARK_P53_PATHWAY,0.0751786962949417,,,MIA,0.0542659136325847,,,0.020912782662357,LUAD,MIA,spot_weighted
18,LUAD,HALLMARK_TGF_BETA_SIGNALING,0.04413909126926939,,,MIA,0.0127095679799514,,,0.03142952328931799,LUAD,MIA,spot_weighted
18,LUAD,HALLMARK_TNFA_SIGNALING_VIA_NFKB,0.058245923485689,,,MIA,0.013617565295190601,,,0.0446283581904984,LUAD,MIA,spot_weighted
18,LUAD,HALLMARK_WNT_BETA_CATENIN_SIGNALING,0.011120222088152198,,,MIA,0.0037229963526351,,,0.007397225735517098,LUAD,MIA,spot_weighted
18,LUAD,REACTOME_EXTRACELLULAR_MATRIX_ORGANIZATION,0.1103381051336867,,,MIA,0.09084314899669099,,,0.019494956136995714,LUAD,MIA,spot_weighted
