patient,histology,config,source,target
3,AIS,all_cells_primary,AT2,Alveolar fibroblasts
3,AIS,all_cells_primary,Alveolar fibroblasts,AT2
3,AIS,cap500_seed1,AT2,Alveolar fibroblasts
3,AIS,cap500_seed1,Alveolar fibroblasts,AT2
3,AIS,cap500_seed2,AT2,Alveolar fibroblasts
3,AIS,cap500_seed2,Alveolar fibroblasts,AT2
3,AIS,floor30,AT2,Alveolar fibroblasts
3,AIS,floor30,Alveolar fibroblasts,AT2
3,AIS,floor30,Alveolar fibroblasts,Monocyte-derived Mph
3,AIS,floor30,Monocyte-derived Mph,AT2
3,AIS,floor30,Monocyte-derived Mph,Alveolar fibroblasts
3,AIS,floor100,AT2,Alveolar fibroblasts
3,AIS,floor100,Alveolar fibroblasts,AT2
3,AIS,expression005,AT2,Alveolar fibroblasts
3,AIS,expression005,Alveolar fibroblasts,AT2
3,AIS,expression020,AT2,Alveolar fibroblasts
3,AIS,expression020,Alveolar fibroblasts,AT2
3,AIS,uncertainty030,AT2,Alveolar fibroblasts
3,AIS,uncertainty030,Alveolar fibroblasts,AT2
3,AIS,uncertainty030,Alveolar fibroblasts,Monocyte-derived Mph
3,AIS,uncertainty030,Monocyte-derived Mph,AT2
3,AIS,uncertainty030,Monocyte-derived Mph,Alveolar fibroblasts
3,AIS,largest_library,AT2,Alveolar fibroblasts
3,AIS,largest_library,Alveolar fibroblasts,AT2
3,LUAD,all_cells_primary,AT2,Alveolar fibroblasts
3,LUAD,all_cells_primary,Alveolar fibroblasts,AT2
3,LUAD,cap500_seed1,AT2,Alveolar fibroblasts
3,LUAD,cap500_seed1,Alveolar fibroblasts,AT2
3,LUAD,cap500_seed2,AT2,Alveolar fibroblasts
3,LUAD,cap500_seed2,Alveolar fibroblasts,AT2
3,LUAD,floor30,AT2,Alveolar fibroblasts
3,LUAD,floor30,Alveolar fibroblasts,AT2
3,LUAD,expression005,AT2,Alveolar fibroblasts
3,LUAD,expression005,Alveolar fibroblasts,AT2
3,LUAD,expression020,AT2,Alveolar fibroblasts
3,LUAD,expression020,Alveolar fibroblasts,AT2
3,LUAD,uncertainty030,AT2,Alveolar fibroblasts
3,LUAD,uncertainty030,Alveolar fibroblasts,AT2
3,LUAD,uncertainty030,Alveolar fibroblasts,Monocyte-derived Mph
3,LUAD,uncertainty030,Monocyte-derived Mph,AT2
3,LUAD,uncertainty030,Monocyte-derived Mph,Alveolar fibroblasts
3,LUAD,largest_library,AT2,Alveolar fibroblasts
3,LUAD,largest_library,Alveolar fibroblasts,AT2
3,normal,all_cells_primary,AT2,Alveolar fibroblasts
3,normal,all_cells_primary,Alveolar fibroblasts,AT2
3,normal,cap500_seed1,AT2,Alveolar fibroblasts
3,normal,cap500_seed1,Alveolar fibroblasts,AT2
3,normal,cap500_seed2,AT2,Alveolar fibroblasts
3,normal,cap500_seed2,Alveolar fibroblasts,AT2
3,normal,floor30,AT2,Alveolar fibroblasts
3,normal,floor30,Alveolar fibroblasts,AT2
3,normal,floor100,AT2,Alveolar fibroblasts
3,normal,floor100,Alveolar fibroblasts,AT2
3,normal,expression005,AT2,Alveolar fibroblasts
3,normal,expression005,Alveolar fibroblasts,AT2
3,normal,expression020,AT2,Alveolar fibroblasts
3,normal,expression020,Alveolar fibroblasts,AT2
3,normal,uncertainty030,AT2,Alveolar fibroblasts
3,normal,uncertainty030,Alveolar fibroblasts,AT2
3,normal,uncertainty030,Alveolar fibroblasts,Monocyte-derived Mph
3,normal,uncertainty030,Monocyte-derived Mph,AT2
3,normal,uncertainty030,Monocyte-derived Mph,Alveolar fibroblasts
3,normal,largest_library,AT2,Alveolar fibroblasts
3,normal,largest_library,Alveolar fibroblasts,AT2
4,AAH,all_cells_primary,AT2,Adventitial fibroblasts
4,AAH,all_cells_primary,AT2,Alveolar fibroblasts
4,AAH,all_cells_primary,Adventitial fibroblasts,AT2
4,AAH,all_cells_primary,Adventitial fibroblasts,Alveolar macrophages
4,AAH,all_cells_primary,Adventitial fibroblasts,Interstitial Mph perivascular
4,AAH,all_cells_primary,Alveolar fibroblasts,AT2
4,AAH,all_cells_primary,Alveolar fibroblasts,Alveolar macrophages
4,AAH,all_cells_primary,Alveolar fibroblasts,Interstitial Mph perivascular
4,AAH,all_cells_primary,Alveolar macrophages,AT2
4,AAH,all_cells_primary,Alveolar macrophages,Adventitial fibroblasts
4,AAH,all_cells_primary,Alveolar macrophages,Alveolar fibroblasts
4,AAH,all_cells_primary,Interstitial Mph perivascular,AT2
4,AAH,all_cells_primary,Interstitial Mph perivascular,Adventitial fibroblasts
4,AAH,all_cells_primary,Interstitial Mph perivascular,Alveolar fibroblasts
4,AAH,cap500_seed1,AT2,Adventitial fibroblasts
4,AAH,cap500_seed1,AT2,Alveolar fibroblasts
4,AAH,cap500_seed1,Adventitial fibroblasts,AT2
4,AAH,cap500_seed1,Adventitial fibroblasts,Alveolar macrophages
4,AAH,cap500_seed1,Adventitial fibroblasts,Interstitial Mph perivascular
4,AAH,cap500_seed1,Alveolar fibroblasts,AT2
4,AAH,cap500_seed1,Alveolar fibroblasts,Alveolar macrophages
4,AAH,cap500_seed1,Alveolar fibroblasts,Interstitial Mph perivascular
4,AAH,cap500_seed1,Alveolar macrophages,AT2
4,AAH,cap500_seed1,Alveolar macrophages,Adventitial fibroblasts
4,AAH,cap500_seed1,Alveolar macrophages,Alveolar fibroblasts
4,AAH,cap500_seed1,Interstitial Mph perivascular,AT2
4,AAH,cap500_seed1,Interstitial Mph perivascular,Adventitial fibroblasts
4,AAH,cap500_seed1,Interstitial Mph perivascular,Alveolar fibroblasts
4,AAH,cap500_seed2,AT2,Adventitial fibroblasts
4,AAH,cap500_seed2,AT2,Alveolar fibroblasts
4,AAH,cap500_seed2,Adventitial fibroblasts,AT2
4,AAH,cap500_seed2,Adventitial fibroblasts,Alveolar macrophages
4,AAH,cap500_seed2,Adventitial fibroblasts,Interstitial Mph perivascular
4,AAH,cap500_seed2,Alveolar fibroblasts,AT2
4,AAH,cap500_seed2,Alveolar fibroblasts,Alveolar macrophages
4,AAH,cap500_seed2,Alveolar fibroblasts,Interstitial Mph perivascular
4,AAH,cap500_seed2,Alveolar macrophages,AT2
4,AAH,cap500_seed2,Alveolar macrophages,Adventitial fibroblasts
4,AAH,cap500_seed2,Alveolar macrophages,Alveolar fibroblasts
4,AAH,cap500_seed2,Interstitial Mph perivascular,AT2
4,AAH,cap500_seed2,Interstitial Mph perivascular,Adventitial fibroblasts
4,AAH,cap500_seed2,Interstitial Mph perivascular,Alveolar fibroblasts
4,AAH,floor30,AT2,Adventitial fibroblasts
4,AAH,floor30,AT2,Alveolar fibroblasts
4,AAH,floor30,Adventitial fibroblasts,AT2
4,AAH,floor30,Adventitial fibroblasts,Alveolar macrophages
4,AAH,floor30,Adventitial fibroblasts,Interstitial Mph perivascular
4,AAH,floor30,Adventitial fibroblasts,Monocyte-derived Mph
4,AAH,floor30,Alveolar fibroblasts,AT2
4,AAH,floor30,Alveolar fibroblasts,Alveolar macrophages
4,AAH,floor30,Alveolar fibroblasts,Interstitial Mph perivascular
4,AAH,floor30,Alveolar fibroblasts,Monocyte-derived Mph
4,AAH,floor30,Alveolar macrophages,AT2
4,AAH,floor30,Alveolar macrophages,Adventitial fibroblasts
4,AAH,floor30,Alveolar macrophages,Alveolar fibroblasts
4,AAH,floor30,Interstitial Mph perivascular,AT2
4,AAH,floor30,Interstitial Mph perivascular,Adventitial fibroblasts
4,AAH,floor30,Interstitial Mph perivascular,Alveolar fibroblasts
4,AAH,floor30,Monocyte-derived Mph,AT2
4,AAH,floor30,Monocyte-derived Mph,Adventitial fibroblasts
4,AAH,floor30,Monocyte-derived Mph,Alveolar fibroblasts
4,AAH,floor100,AT2,Alveolar fibroblasts
4,AAH,floor100,Alveolar fibroblasts,AT2
4,AAH,floor100,Alveolar fibroblasts,Alveolar macrophages
4,AAH,floor100,Alveolar macrophages,AT2
4,AAH,floor100,Alveolar macrophages,Alveolar fibroblasts
4,AAH,expression005,AT2,Adventitial fibroblasts
4,AAH,expression005,AT2,Alveolar fibroblasts
4,AAH,expression005,Adventitial fibroblasts,AT2
4,AAH,expression005,Adventitial fibroblasts,Alveolar macrophages
4,AAH,expression005,Adventitial fibroblasts,Interstitial Mph perivascular
4,AAH,expression005,Alveolar fibroblasts,AT2
4,AAH,expression005,Alveolar fibroblasts,Alveolar macrophages
4,AAH,expression005,Alveolar fibroblasts,Interstitial Mph perivascular
4,AAH,expression005,Alveolar macrophages,AT2
4,AAH,expression005,Alveolar macrophages,Adventitial fibroblasts
4,AAH,expression005,Alveolar macrophages,Alveolar fibroblasts
4,AAH,expression005,Interstitial Mph perivascular,AT2
4,AAH,expression005,Interstitial Mph perivascular,Adventitial fibroblasts
4,AAH,expression005,Interstitial Mph perivascular,Alveolar fibroblasts
4,AAH,expression020,AT2,Adventitial fibroblasts
4,AAH,expression020,AT2,Alveolar fibroblasts
4,AAH,expression020,Adventitial fibroblasts,AT2
4,AAH,expression020,Adventitial fibroblasts,Alveolar macrophages
4,AAH,expression020,Adventitial fibroblasts,Interstitial Mph perivascular
4,AAH,expression020,Alveolar fibroblasts,AT2
4,AAH,expression020,Alveolar fibroblasts,Alveolar macrophages
4,AAH,expression020,Alveolar fibroblasts,Interstitial Mph perivascular
4,AAH,expression020,Alveolar macrophages,AT2
4,AAH,expression020,Alveolar macrophages,Adventitial fibroblasts
4,AAH,expression020,Alveolar macrophages,Alveolar fibroblasts
4,AAH,expression020,Interstitial Mph perivascular,AT2
4,AAH,expression020,Interstitial Mph perivascular,Adventitial fibroblasts
4,AAH,expression020,Interstitial Mph perivascular,Alveolar fibroblasts
4,AAH,uncertainty030,AT2,Adventitial fibroblasts
4,AAH,uncertainty030,AT2,Alveolar fibroblasts
4,AAH,uncertainty030,Adventitial fibroblasts,AT2
4,AAH,uncertainty030,Adventitial fibroblasts,Alveolar macrophages
4,AAH,uncertainty030,Adventitial fibroblasts,Interstitial Mph perivascular
4,AAH,uncertainty030,Adventitial fibroblasts,Monocyte-derived Mph
4,AAH,uncertainty030,Alveolar fibroblasts,AT2
4,AAH,uncertainty030,Alveolar fibroblasts,Alveolar macrophages
4,AAH,uncertainty030,Alveolar fibroblasts,Interstitial Mph perivascular
4,AAH,uncertainty030,Alveolar fibroblasts,Monocyte-derived Mph
4,AAH,uncertainty030,Alveolar macrophages,AT2
4,AAH,uncertainty030,Alveolar macrophages,Adventitial fibroblasts
4,AAH,uncertainty030,Alveolar macrophages,Alveolar fibroblasts
4,AAH,uncertainty030,Interstitial Mph perivascular,AT2
4,AAH,uncertainty030,Interstitial Mph perivascular,Adventitial fibroblasts
4,AAH,uncertainty030,Interstitial Mph perivascular,Alveolar fibroblasts
4,AAH,uncertainty030,Monocyte-derived Mph,AT2
4,AAH,uncertainty030,Monocyte-derived Mph,Adventitial fibroblasts
4,AAH,uncertainty030,Monocyte-derived Mph,Alveolar fibroblasts
4,AAH,largest_library,AT2,Alveolar fibroblasts
4,AAH,largest_library,Alveolar fibroblasts,AT2
4,AAH,largest_library,Alveolar fibroblasts,Alveolar macrophages
4,AAH,largest_library,Alveolar macrophages,AT2
4,AAH,largest_library,Alveolar macrophages,Alveolar fibroblasts
4,LUAD,all_cells_primary,AT2,Adventitial fibroblasts
4,LUAD,all_cells_primary,AT2,Alveolar fibroblasts
4,LUAD,all_cells_primary,Adventitial fibroblasts,AT2
4,LUAD,all_cells_primary,Adventitial fibroblasts,Alveolar macrophages
4,LUAD,all_cells_primary,Adventitial fibroblasts,Interstitial Mph perivascular
4,LUAD,all_cells_primary,Adventitial fibroblasts,Monocyte-derived Mph
4,LUAD,all_cells_primary,Alveolar fibroblasts,AT2
4,LUAD,all_cells_primary,Alveolar fibroblasts,Alveolar macrophages
4,LUAD,all_cells_primary,Alveolar fibroblasts,Interstitial Mph perivascular
4,LUAD,all_cells_primary,Alveolar fibroblasts,Monocyte-derived Mph
4,LUAD,all_cells_primary,Alveolar macrophages,AT2
4,LUAD,all_cells_primary,Alveolar macrophages,Adventitial fibroblasts
4,LUAD,all_cells_primary,Alveolar macrophages,Alveolar fibroblasts
4,LUAD,all_cells_primary,Interstitial Mph perivascular,AT2
4,LUAD,all_cells_primary,Interstitial Mph perivascular,Adventitial fibroblasts
4,LUAD,all_cells_primary,Interstitial Mph perivascular,Alveolar fibroblasts
4,LUAD,all_cells_primary,Monocyte-derived Mph,AT2
4,LUAD,all_cells_primary,Monocyte-derived Mph,Adventitial fibroblasts
4,LUAD,all_cells_primary,Monocyte-derived Mph,Alveolar fibroblasts
4,LUAD,cap500_seed1,AT2,Adventitial fibroblasts
4,LUAD,cap500_seed1,AT2,Alveolar fibroblasts
4,LUAD,cap500_seed1,Adventitial fibroblasts,AT2
4,LUAD,cap500_seed1,Adventitial fibroblasts,Alveolar macrophages
4,LUAD,cap500_seed1,Adventitial fibroblasts,Interstitial Mph perivascular
4,LUAD,cap500_seed1,Adventitial fibroblasts,Monocyte-derived Mph
4,LUAD,cap500_seed1,Alveolar fibroblasts,AT2
4,LUAD,cap500_seed1,Alveolar fibroblasts,Alveolar macrophages
4,LUAD,cap500_seed1,Alveolar fibroblasts,Interstitial Mph perivascular
4,LUAD,cap500_seed1,Alveolar fibroblasts,Monocyte-derived Mph
4,LUAD,cap500_seed1,Alveolar macrophages,AT2
4,LUAD,cap500_seed1,Alveolar macrophages,Adventitial fibroblasts
4,LUAD,cap500_seed1,Alveolar macrophages,Alveolar fibroblasts
4,LUAD,cap500_seed1,Interstitial Mph perivascular,AT2
4,LUAD,cap500_seed1,Interstitial Mph perivascular,Adventitial fibroblasts
4,LUAD,cap500_seed1,Interstitial Mph perivascular,Alveolar fibroblasts
4,LUAD,cap500_seed1,Monocyte-derived Mph,AT2
4,LUAD,cap500_seed1,Monocyte-derived Mph,Adventitial fibroblasts
4,LUAD,cap500_seed1,Monocyte-derived Mph,Alveolar fibroblasts
4,LUAD,cap500_seed2,AT2,Adventitial fibroblasts
4,LUAD,cap500_seed2,AT2,Alveolar fibroblasts
4,LUAD,cap500_seed2,Adventitial fibroblasts,AT2
4,LUAD,cap500_seed2,Adventitial fibroblasts,Alveolar macrophages
4,LUAD,cap500_seed2,Adventitial fibroblasts,Interstitial Mph perivascular
4,LUAD,cap500_seed2,Adventitial fibroblasts,Monocyte-derived Mph
4,LUAD,cap500_seed2,Alveolar fibroblasts,AT2
4,LUAD,cap500_seed2,Alveolar fibroblasts,Alveolar macrophages
4,LUAD,cap500_seed2,Alveolar fibroblasts,Interstitial Mph perivascular
4,LUAD,cap500_seed2,Alveolar fibroblasts,Monocyte-derived Mph
4,LUAD,cap500_seed2,Alveolar macrophages,AT2
4,LUAD,cap500_seed2,Alveolar macrophages,Adventitial fibroblasts
4,LUAD,cap500_seed2,Alveolar macrophages,Alveolar fibroblasts
4,LUAD,cap500_seed2,Interstitial Mph perivascular,AT2
4,LUAD,cap500_seed2,Interstitial Mph perivascular,Adventitial fibroblasts
4,LUAD,cap500_seed2,Interstitial Mph perivascular,Alveolar fibroblasts
4,LUAD,cap500_seed2,Monocyte-derived Mph,AT2
4,LUAD,cap500_seed2,Monocyte-derived Mph,Adventitial fibroblasts
4,LUAD,cap500_seed2,Monocyte-derived Mph,Alveolar fibroblasts
4,LUAD,floor30,AT2,Adventitial fibroblasts
4,LUAD,floor30,AT2,Alveolar fibroblasts
4,LUAD,floor30,AT2,Peribronchial fibroblasts
4,LUAD,floor30,AT2 proliferating,Adventitial fibroblasts
4,LUAD,floor30,AT2 proliferating,Alveolar fibroblasts
4,LUAD,floor30,AT2 proliferating,Peribronchial fibroblasts
4,LUAD,floor30,Adventitial fibroblasts,AT2
4,LUAD,floor30,Adventitial fibroblasts,AT2 proliferating
4,LUAD,floor30,Adventitial fibroblasts,Alveolar macrophages
4,LUAD,floor30,Adventitial fibroblasts,Interstitial Mph perivascular
4,LUAD,floor30,Adventitial fibroblasts,Monocyte-derived Mph
4,LUAD,floor30,Alveolar fibroblasts,AT2
4,LUAD,floor30,Alveolar fibroblasts,AT2 proliferating
4,LUAD,floor30,Alveolar fibroblasts,Alveolar macrophages
4,LUAD,floor30,Alveolar fibroblasts,Interstitial Mph perivascular
4,LUAD,floor30,Alveolar fibroblasts,Monocyte-derived Mph
4,LUAD,floor30,Alveolar macrophages,AT2
4,LUAD,floor30,Alveolar macrophages,AT2 proliferating
4,LUAD,floor30,Alveolar macrophages,Adventitial fibroblasts
4,LUAD,floor30,Alveolar macrophages,Alveolar fibroblasts
4,LUAD,floor30,Alveolar macrophages,Peribronchial fibroblasts
4,LUAD,floor30,Interstitial Mph perivascular,AT2
4,LUAD,floor30,Interstitial Mph perivascular,AT2 proliferating
4,LUAD,floor30,Interstitial Mph perivascular,Adventitial fibroblasts
4,LUAD,floor30,Interstitial Mph perivascular,Alveolar fibroblasts
4,LUAD,floor30,Interstitial Mph perivascular,Peribronchial fibroblasts
4,LUAD,floor30,Monocyte-derived Mph,AT2
4,LUAD,floor30,Monocyte-derived Mph,AT2 proliferating
4,LUAD,floor30,Monocyte-derived Mph,Adventitial fibroblasts
4,LUAD,floor30,Monocyte-derived Mph,Alveolar fibroblasts
4,LUAD,floor30,Monocyte-derived Mph,Peribronchial fibroblasts
4,LUAD,floor30,Peribronchial fibroblasts,AT2
4,LUAD,floor30,Peribronchial fibroblasts,AT2 proliferating
4,LUAD,floor30,Peribronchial fibroblasts,Alveolar macrophages
4,LUAD,floor30,Peribronchial fibroblasts,Interstitial Mph perivascular
4,LUAD,floor30,Peribronchial fibroblasts,Monocyte-derived Mph
4,LUAD,floor100,AT2,Alveolar fibroblasts
4,LUAD,floor100,Alveolar fibroblasts,AT2
4,LUAD,floor100,Alveolar fibroblasts,Alveolar macrophages
4,LUAD,floor100,Alveolar fibroblasts,Interstitial Mph perivascular
4,LUAD,floor100,Alveolar macrophages,AT2
4,LUAD,floor100,Alveolar macrophages,Alveolar fibroblasts
4,LUAD,floor100,Interstitial Mph perivascular,AT2
4,LUAD,floor100,Interstitial Mph perivascular,Alveolar fibroblasts
4,LUAD,expression005,AT2,Adventitial fibroblasts
4,LUAD,expression005,AT2,Alveolar fibroblasts
4,LUAD,expression005,Adventitial fibroblasts,AT2
4,LUAD,expression005,Adventitial fibroblasts,Alveolar macrophages
4,LUAD,expression005,Adventitial fibroblasts,Interstitial Mph perivascular
4,LUAD,expression005,Adventitial fibroblasts,Monocyte-derived Mph
4,LUAD,expression005,Alveolar fibroblasts,AT2
4,LUAD,expression005,Alveolar fibroblasts,Alveolar macrophages
4,LUAD,expression005,Alveolar fibroblasts,Interstitial Mph perivascular
4,LUAD,expression005,Alveolar fibroblasts,Monocyte-derived Mph
4,LUAD,expression005,Alveolar macrophages,AT2
4,LUAD,expression005,Alveolar macrophages,Adventitial fibroblasts
4,LUAD,expression005,Alveolar macrophages,Alveolar fibroblasts
4,LUAD,expression005,Interstitial Mph perivascular,AT2
4,LUAD,expression005,Interstitial Mph perivascular,Adventitial fibroblasts
4,LUAD,expression005,Interstitial Mph perivascular,Alveolar fibroblasts
4,LUAD,expression005,Monocyte-derived Mph,AT2
4,LUAD,expression005,Monocyte-derived Mph,Adventitial fibroblasts
4,LUAD,expression005,Monocyte-derived Mph,Alveolar fibroblasts
4,LUAD,expression020,AT2,Adventitial fibroblasts
4,LUAD,expression020,AT2,Alveolar fibroblasts
4,LUAD,expression020,Adventitial fibroblasts,AT2
4,LUAD,expression020,Adventitial fibroblasts,Alveolar macrophages
4,LUAD,expression020,Adventitial fibroblasts,Interstitial Mph perivascular
4,LUAD,expression020,Adventitial fibroblasts,Monocyte-derived Mph
4,LUAD,expression020,Alveolar fibroblasts,AT2
4,LUAD,expression020,Alveolar fibroblasts,Alveolar macrophages
4,LUAD,expression020,Alveolar fibroblasts,Interstitial Mph perivascular
4,LUAD,expression020,Alveolar fibroblasts,Monocyte-derived Mph
4,LUAD,expression020,Alveolar macrophages,AT2
4,LUAD,expression020,Alveolar macrophages,Adventitial fibroblasts
4,LUAD,expression020,Alveolar macrophages,Alveolar fibroblasts
4,LUAD,expression020,Interstitial Mph perivascular,AT2
4,LUAD,expression020,Interstitial Mph perivascular,Adventitial fibroblasts
4,LUAD,expression020,Interstitial Mph perivascular,Alveolar fibroblasts
4,LUAD,expression020,Monocyte-derived Mph,AT2
4,LUAD,expression020,Monocyte-derived Mph,Adventitial fibroblasts
4,LUAD,expression020,Monocyte-derived Mph,Alveolar fibroblasts
4,LUAD,uncertainty030,AT2,Adventitial fibroblasts
4,LUAD,uncertainty030,AT2,Alveolar fibroblasts
4,LUAD,uncertainty030,AT2,Peribronchial fibroblasts
4,LUAD,uncertainty030,AT2 proliferating,Adventitial fibroblasts
4,LUAD,uncertainty030,AT2 proliferating,Alveolar fibroblasts
4,LUAD,uncertainty030,AT2 proliferating,Peribronchial fibroblasts
4,LUAD,uncertainty030,Adventitial fibroblasts,AT2
4,LUAD,uncertainty030,Adventitial fibroblasts,AT2 proliferating
4,LUAD,uncertainty030,Adventitial fibroblasts,Alveolar macrophages
4,LUAD,uncertainty030,Adventitial fibroblasts,Interstitial Mph perivascular
4,LUAD,uncertainty030,Adventitial fibroblasts,Monocyte-derived Mph
4,LUAD,uncertainty030,Alveolar fibroblasts,AT2
4,LUAD,uncertainty030,Alveolar fibroblasts,AT2 proliferating
4,LUAD,uncertainty030,Alveolar fibroblasts,Alveolar macrophages
4,LUAD,uncertainty030,Alveolar fibroblasts,Interstitial Mph perivascular
4,LUAD,uncertainty030,Alveolar fibroblasts,Monocyte-derived Mph
4,LUAD,uncertainty030,Alveolar macrophages,AT2
4,LUAD,uncertainty030,Alveolar macrophages,AT2 proliferating
4,LUAD,uncertainty030,Alveolar macrophages,Adventitial fibroblasts
4,LUAD,uncertainty030,Alveolar macrophages,Alveolar fibroblasts
4,LUAD,uncertainty030,Alveolar macrophages,Peribronchial fibroblasts
4,LUAD,uncertainty030,Interstitial Mph perivascular,AT2
4,LUAD,uncertainty030,Interstitial Mph perivascular,AT2 proliferating
4,LUAD,uncertainty030,Interstitial Mph perivascular,Adventitial fibroblasts
4,LUAD,uncertainty030,Interstitial Mph perivascular,Alveolar fibroblasts
4,LUAD,uncertainty030,Interstitial Mph perivascular,Peribronchial fibroblasts
4,LUAD,uncertainty030,Monocyte-derived Mph,AT2
4,LUAD,uncertainty030,Monocyte-derived Mph,AT2 proliferating
4,LUAD,uncertainty030,Monocyte-derived Mph,Adventitial fibroblasts
4,LUAD,uncertainty030,Monocyte-derived Mph,Alveolar fibroblasts
4,LUAD,uncertainty030,Monocyte-derived Mph,Peribronchial fibroblasts
4,LUAD,uncertainty030,Peribronchial fibroblasts,AT2
4,LUAD,uncertainty030,Peribronchial fibroblasts,AT2 proliferating
4,LUAD,uncertainty030,Peribronchial fibroblasts,Alveolar macrophages
4,LUAD,uncertainty030,Peribronchial fibroblasts,Interstitial Mph perivascular
4,LUAD,uncertainty030,Peribronchial fibroblasts,Monocyte-derived Mph
4,LUAD,largest_library,AT2,Adventitial fibroblasts
4,LUAD,largest_library,AT2,Alveolar fibroblasts
4,LUAD,largest_library,Adventitial fibroblasts,AT2
4,LUAD,largest_library,Adventitial fibroblasts,Alveolar macrophages
4,LUAD,largest_library,Adventitial fibroblasts,Interstitial Mph perivascular
4,LUAD,largest_library,Adventitial fibroblasts,Monocyte-derived Mph
4,LUAD,largest_library,Alveolar fibroblasts,AT2
4,LUAD,largest_library,Alveolar fibroblasts,Alveolar macrophages
4,LUAD,largest_library,Alveolar fibroblasts,Interstitial Mph perivascular
4,LUAD,largest_library,Alveolar fibroblasts,Monocyte-derived Mph
4,LUAD,largest_library,Alveolar macrophages,AT2
4,LUAD,largest_library,Alveolar macrophages,Adventitial fibroblasts
4,LUAD,largest_library,Alveolar macrophages,Alveolar fibroblasts
4,LUAD,largest_library,Interstitial Mph perivascular,AT2
4,LUAD,largest_library,Interstitial Mph perivascular,Adventitial fibroblasts
4,LUAD,largest_library,Interstitial Mph perivascular,Alveolar fibroblasts
4,LUAD,largest_library,Monocyte-derived Mph,AT2
4,LUAD,largest_library,Monocyte-derived Mph,Adventitial fibroblasts
4,LUAD,largest_library,Monocyte-derived Mph,Alveolar fibroblasts
4,normal,all_cells_primary,AT2,Adventitial fibroblasts
4,normal,all_cells_primary,AT2,Alveolar fibroblasts
4,normal,all_cells_primary,Adventitial fibroblasts,AT2
4,normal,all_cells_primary,Adventitial fibroblasts,Alveolar macrophages
4,normal,all_cells_primary,Adventitial fibroblasts,Interstitial Mph perivascular
4,normal,all_cells_primary,Adventitial fibroblasts,Monocyte-derived Mph
4,normal,all_cells_primary,Alveolar fibroblasts,AT2
4,normal,all_cells_primary,Alveolar fibroblasts,Alveolar macrophages
4,normal,all_cells_primary,Alveolar fibroblasts,Interstitial Mph perivascular
4,normal,all_cells_primary,Alveolar fibroblasts,Monocyte-derived Mph
4,normal,all_cells_primary,Alveolar macrophages,AT2
4,normal,all_cells_primary,Alveolar macrophages,Adventitial fibroblasts
4,normal,all_cells_primary,Alveolar macrophages,Alveolar fibroblasts
4,normal,all_cells_primary,Interstitial Mph perivascular,AT2
4,normal,all_cells_primary,Interstitial Mph perivascular,Adventitial fibroblasts
4,normal,all_cells_primary,Interstitial Mph perivascular,Alveolar fibroblasts
4,normal,all_cells_primary,Monocyte-derived Mph,AT2
4,normal,all_cells_primary,Monocyte-derived Mph,Adventitial fibroblasts
4,normal,all_cells_primary,Monocyte-derived Mph,Alveolar fibroblasts
4,normal,cap500_seed1,AT2,Adventitial fibroblasts
4,normal,cap500_seed1,AT2,Alveolar fibroblasts
4,normal,cap500_seed1,Adventitial fibroblasts,AT2
4,normal,cap500_seed1,Adventitial fibroblasts,Alveolar macrophages
4,normal,cap500_seed1,Adventitial fibroblasts,Interstitial Mph perivascular
4,normal,cap500_seed1,Adventitial fibroblasts,Monocyte-derived Mph
4,normal,cap500_seed1,Alveolar fibroblasts,AT2
4,normal,cap500_seed1,Alveolar fibroblasts,Alveolar macrophages
4,normal,cap500_seed1,Alveolar fibroblasts,Interstitial Mph perivascular
4,normal,cap500_seed1,Alveolar fibroblasts,Monocyte-derived Mph
4,normal,cap500_seed1,Alveolar macrophages,AT2
4,normal,cap500_seed1,Alveolar macrophages,Adventitial fibroblasts
4,normal,cap500_seed1,Alveolar macrophages,Alveolar fibroblasts
4,normal,cap500_seed1,Interstitial Mph perivascular,AT2
4,normal,cap500_seed1,Interstitial Mph perivascular,Adventitial fibroblasts
4,normal,cap500_seed1,Interstitial Mph perivascular,Alveolar fibroblasts
4,normal,cap500_seed1,Monocyte-derived Mph,AT2
4,normal,cap500_seed1,Monocyte-derived Mph,Adventitial fibroblasts
4,normal,cap500_seed1,Monocyte-derived Mph,Alveolar fibroblasts
4,normal,cap500_seed2,AT2,Adventitial fibroblasts
4,normal,cap500_seed2,AT2,Alveolar fibroblasts
4,normal,cap500_seed2,Adventitial fibroblasts,AT2
4,normal,cap500_seed2,Adventitial fibroblasts,Alveolar macrophages
4,normal,cap500_seed2,Adventitial fibroblasts,Interstitial Mph perivascular
4,normal,cap500_seed2,Adventitial fibroblasts,Monocyte-derived Mph
4,normal,cap500_seed2,Alveolar fibroblasts,AT2
4,normal,cap500_seed2,Alveolar fibroblasts,Alveolar macrophages
4,normal,cap500_seed2,Alveolar fibroblasts,Interstitial Mph perivascular
4,normal,cap500_seed2,Alveolar fibroblasts,Monocyte-derived Mph
4,normal,cap500_seed2,Alveolar macrophages,AT2
4,normal,cap500_seed2,Alveolar macrophages,Adventitial fibroblasts
4,normal,cap500_seed2,Alveolar macrophages,Alveolar fibroblasts
4,normal,cap500_seed2,Interstitial Mph perivascular,AT2
4,normal,cap500_seed2,Interstitial Mph perivascular,Adventitial fibroblasts
4,normal,cap500_seed2,Interstitial Mph perivascular,Alveolar fibroblasts
4,normal,cap500_seed2,Monocyte-derived Mph,AT2
4,normal,cap500_seed2,Monocyte-derived Mph,Adventitial fibroblasts
4,normal,cap500_seed2,Monocyte-derived Mph,Alveolar fibroblasts
4,normal,floor30,AT2,Adventitial fibroblasts
4,normal,floor30,AT2,Alveolar fibroblasts
4,normal,floor30,Adventitial fibroblasts,AT2
4,normal,floor30,Adventitial fibroblasts,Alveolar macrophages
4,normal,floor30,Adventitial fibroblasts,Interstitial Mph perivascular
4,normal,floor30,Adventitial fibroblasts,Monocyte-derived Mph
4,normal,floor30,Alveolar fibroblasts,AT2
4,normal,floor30,Alveolar fibroblasts,Alveolar macrophages
4,normal,floor30,Alveolar fibroblasts,Interstitial Mph perivascular
4,normal,floor30,Alveolar fibroblasts,Monocyte-derived Mph
4,normal,floor30,Alveolar macrophages,AT2
4,normal,floor30,Alveolar macrophages,Adventitial fibroblasts
4,normal,floor30,Alveolar macrophages,Alveolar fibroblasts
4,normal,floor30,Interstitial Mph perivascular,AT2
4,normal,floor30,Interstitial Mph perivascular,Adventitial fibroblasts
4,normal,floor30,Interstitial Mph perivascular,Alveolar fibroblasts
4,normal,floor30,Monocyte-derived Mph,AT2
4,normal,floor30,Monocyte-derived Mph,Adventitial fibroblasts
4,normal,floor30,Monocyte-derived Mph,Alveolar fibroblasts
4,normal,floor100,AT2,Adventitial fibroblasts
4,normal,floor100,AT2,Alveolar fibroblasts
4,normal,floor100,Adventitial fibroblasts,AT2
4,normal,floor100,Adventitial fibroblasts,Alveolar macrophages
4,normal,floor100,Adventitial fibroblasts,Interstitial Mph perivascular
4,normal,floor100,Adventitial fibroblasts,Monocyte-derived Mph
4,normal,floor100,Alveolar fibroblasts,AT2
4,normal,floor100,Alveolar fibroblasts,Alveolar macrophages
4,normal,floor100,Alveolar fibroblasts,Interstitial Mph perivascular
4,normal,floor100,Alveolar fibroblasts,Monocyte-derived Mph
4,normal,floor100,Alveolar macrophages,AT2
4,normal,floor100,Alveolar macrophages,Adventitial fibroblasts
4,normal,floor100,Alveolar macrophages,Alveolar fibroblasts
4,normal,floor100,Interstitial Mph perivascular,AT2
4,normal,floor100,Interstitial Mph perivascular,Adventitial fibroblasts
4,normal,floor100,Interstitial Mph perivascular,Alveolar fibroblasts
4,normal,floor100,Monocyte-derived Mph,AT2
4,normal,floor100,Monocyte-derived Mph,Adventitial fibroblasts
4,normal,floor100,Monocyte-derived Mph,Alveolar fibroblasts
4,normal,expression005,AT2,Adventitial fibroblasts
4,normal,expression005,AT2,Alveolar fibroblasts
4,normal,expression005,Adventitial fibroblasts,AT2
4,normal,expression005,Adventitial fibroblasts,Alveolar macrophages
4,normal,expression005,Adventitial fibroblasts,Interstitial Mph perivascular
4,normal,expression005,Adventitial fibroblasts,Monocyte-derived Mph
4,normal,expression005,Alveolar fibroblasts,AT2
4,normal,expression005,Alveolar fibroblasts,Alveolar macrophages
4,normal,expression005,Alveolar fibroblasts,Interstitial Mph perivascular
4,normal,expression005,Alveolar fibroblasts,Monocyte-derived Mph
4,normal,expression005,Alveolar macrophages,AT2
4,normal,expression005,Alveolar macrophages,Adventitial fibroblasts
4,normal,expression005,Alveolar macrophages,Alveolar fibroblasts
4,normal,expression005,Interstitial Mph perivascular,AT2
4,normal,expression005,Interstitial Mph perivascular,Adventitial fibroblasts
4,normal,expression005,Interstitial Mph perivascular,Alveolar fibroblasts
4,normal,expression005,Monocyte-derived Mph,AT2
4,normal,expression005,Monocyte-derived Mph,Adventitial fibroblasts
4,normal,expression005,Monocyte-derived Mph,Alveolar fibroblasts
4,normal,expression020,AT2,Adventitial fibroblasts
4,normal,expression020,AT2,Alveolar fibroblasts
4,normal,expression020,Adventitial fibroblasts,AT2
4,normal,expression020,Adventitial fibroblasts,Alveolar macrophages
4,normal,expression020,Adventitial fibroblasts,Interstitial Mph perivascular
4,normal,expression020,Adventitial fibroblasts,Monocyte-derived Mph
4,normal,expression020,Alveolar fibroblasts,AT2
4,normal,expression020,Alveolar fibroblasts,Alveolar macrophages
4,normal,expression020,Alveolar fibroblasts,Interstitial Mph perivascular
4,normal,expression020,Alveolar fibroblasts,Monocyte-derived Mph
4,normal,expression020,Alveolar macrophages,AT2
4,normal,expression020,Alveolar macrophages,Adventitial fibroblasts
4,normal,expression020,Alveolar macrophages,Alveolar fibroblasts
4,normal,expression020,Interstitial Mph perivascular,AT2
4,normal,expression020,Interstitial Mph perivascular,Adventitial fibroblasts
4,normal,expression020,Interstitial Mph perivascular,Alveolar fibroblasts
4,normal,expression020,Monocyte-derived Mph,AT2
4,normal,expression020,Monocyte-derived Mph,Adventitial fibroblasts
4,normal,expression020,Monocyte-derived Mph,Alveolar fibroblasts
4,normal,uncertainty030,AT2,Adventitial fibroblasts
4,normal,uncertainty030,AT2,Alveolar fibroblasts
4,normal,uncertainty030,Adventitial fibroblasts,AT2
4,normal,uncertainty030,Adventitial fibroblasts,Alveolar macrophages
4,normal,uncertainty030,Adventitial fibroblasts,Interstitial Mph perivascular
4,normal,uncertainty030,Adventitial fibroblasts,Monocyte-derived Mph
4,normal,uncertainty030,Alveolar fibroblasts,AT2
4,normal,uncertainty030,Alveolar fibroblasts,Alveolar macrophages
4,normal,uncertainty030,Alveolar fibroblasts,Interstitial Mph perivascular
4,normal,uncertainty030,Alveolar fibroblasts,Monocyte-derived Mph
4,normal,uncertainty030,Alveolar macrophages,AT2
4,normal,uncertainty030,Alveolar macrophages,Adventitial fibroblasts
4,normal,uncertainty030,Alveolar macrophages,Alveolar fibroblasts
4,normal,uncertainty030,Interstitial Mph perivascular,AT2
4,normal,uncertainty030,Interstitial Mph perivascular,Adventitial fibroblasts
4,normal,uncertainty030,Interstitial Mph perivascular,Alveolar fibroblasts
4,normal,uncertainty030,Monocyte-derived Mph,AT2
4,normal,uncertainty030,Monocyte-derived Mph,Adventitial fibroblasts
4,normal,uncertainty030,Monocyte-derived Mph,Alveolar fibroblasts
4,normal,largest_library,AT2,Adventitial fibroblasts
4,normal,largest_library,AT2,Alveolar fibroblasts
4,normal,largest_library,Adventitial fibroblasts,AT2
4,normal,largest_library,Adventitial fibroblasts,Alveolar macrophages
4,normal,largest_library,Adventitial fibroblasts,Interstitial Mph perivascular
4,normal,largest_library,Adventitial fibroblasts,Monocyte-derived Mph
4,normal,largest_library,Alveolar fibroblasts,AT2
4,normal,largest_library,Alveolar fibroblasts,Alveolar macrophages
4,normal,largest_library,Alveolar fibroblasts,Interstitial Mph perivascular
4,normal,largest_library,Alveolar fibroblasts,Monocyte-derived Mph
4,normal,largest_library,Alveolar macrophages,AT2
4,normal,largest_library,Alveolar macrophages,Adventitial fibroblasts
4,normal,largest_library,Alveolar macrophages,Alveolar fibroblasts
4,normal,largest_library,Interstitial Mph perivascular,AT2
4,normal,largest_library,Interstitial Mph perivascular,Adventitial fibroblasts
4,normal,largest_library,Interstitial Mph perivascular,Alveolar fibroblasts
4,normal,largest_library,Monocyte-derived Mph,AT2
4,normal,largest_library,Monocyte-derived Mph,Adventitial fibroblasts
4,normal,largest_library,Monocyte-derived Mph,Alveolar fibroblasts
5,AIS,all_cells_primary,AT2,Alveolar fibroblasts
5,AIS,all_cells_primary,Alveolar fibroblasts,AT2
5,AIS,cap500_seed1,AT2,Alveolar fibroblasts
5,AIS,cap500_seed1,Alveolar fibroblasts,AT2
5,AIS,cap500_seed2,AT2,Alveolar fibroblasts
5,AIS,cap500_seed2,Alveolar fibroblasts,AT2
5,AIS,floor30,AT2,Alveolar fibroblasts
5,AIS,floor30,Alveolar fibroblasts,AT2
5,AIS,floor30,Alveolar fibroblasts,Alveolar macrophages
5,AIS,floor30,Alveolar macrophages,AT2
5,AIS,floor30,Alveolar macrophages,Alveolar fibroblasts
5,AIS,floor100,AT2,Alveolar fibroblasts
5,AIS,floor100,Alveolar fibroblasts,AT2
5,AIS,expression005,AT2,Alveolar fibroblasts
5,AIS,expression005,Alveolar fibroblasts,AT2
5,AIS,expression020,AT2,Alveolar fibroblasts
5,AIS,expression020,Alveolar fibroblasts,AT2
5,AIS,uncertainty030,AT2,Alveolar fibroblasts
5,AIS,uncertainty030,Alveolar fibroblasts,AT2
5,AIS,largest_library,AT2,Alveolar fibroblasts
5,AIS,largest_library,Alveolar fibroblasts,AT2
5,LUAD,all_cells_primary,AT2,Alveolar fibroblasts
5,LUAD,all_cells_primary,AT2,Peribronchial fibroblasts
5,LUAD,all_cells_primary,Alveolar fibroblasts,AT2
5,LUAD,all_cells_primary,Alveolar fibroblasts,Alveolar macrophages
5,LUAD,all_cells_primary,Alveolar fibroblasts,Interstitial Mph perivascular
5,LUAD,all_cells_primary,Alveolar fibroblasts,Monocyte-derived Mph
5,LUAD,all_cells_primary,Alveolar macrophages,AT2
5,LUAD,all_cells_primary,Alveolar macrophages,Alveolar fibroblasts
5,LUAD,all_cells_primary,Alveolar macrophages,Peribronchial fibroblasts
5,LUAD,all_cells_primary,Interstitial Mph perivascular,AT2
5,LUAD,all_cells_primary,Interstitial Mph perivascular,Alveolar fibroblasts
5,LUAD,all_cells_primary,Interstitial Mph perivascular,Peribronchial fibroblasts
5,LUAD,all_cells_primary,Monocyte-derived Mph,AT2
5,LUAD,all_cells_primary,Monocyte-derived Mph,Alveolar fibroblasts
5,LUAD,all_cells_primary,Monocyte-derived Mph,Peribronchial fibroblasts
5,LUAD,all_cells_primary,Peribronchial fibroblasts,AT2
5,LUAD,all_cells_primary,Peribronchial fibroblasts,Alveolar macrophages
5,LUAD,all_cells_primary,Peribronchial fibroblasts,Interstitial Mph perivascular
5,LUAD,all_cells_primary,Peribronchial fibroblasts,Monocyte-derived Mph
5,LUAD,cap500_seed1,AT2,Alveolar fibroblasts
5,LUAD,cap500_seed1,AT2,Peribronchial fibroblasts
5,LUAD,cap500_seed1,Alveolar fibroblasts,AT2
5,LUAD,cap500_seed1,Alveolar fibroblasts,Alveolar macrophages
5,LUAD,cap500_seed1,Alveolar fibroblasts,Interstitial Mph perivascular
5,LUAD,cap500_seed1,Alveolar fibroblasts,Monocyte-derived Mph
5,LUAD,cap500_seed1,Alveolar macrophages,AT2
5,LUAD,cap500_seed1,Alveolar macrophages,Alveolar fibroblasts
5,LUAD,cap500_seed1,Alveolar macrophages,Peribronchial fibroblasts
5,LUAD,cap500_seed1,Interstitial Mph perivascular,AT2
5,LUAD,cap500_seed1,Interstitial Mph perivascular,Alveolar fibroblasts
5,LUAD,cap500_seed1,Interstitial Mph perivascular,Peribronchial fibroblasts
5,LUAD,cap500_seed1,Monocyte-derived Mph,AT2
5,LUAD,cap500_seed1,Monocyte-derived Mph,Alveolar fibroblasts
5,LUAD,cap500_seed1,Monocyte-derived Mph,Peribronchial fibroblasts
5,LUAD,cap500_seed1,Peribronchial fibroblasts,AT2
5,LUAD,cap500_seed1,Peribronchial fibroblasts,Alveolar macrophages
5,LUAD,cap500_seed1,Peribronchial fibroblasts,Interstitial Mph perivascular
5,LUAD,cap500_seed1,Peribronchial fibroblasts,Monocyte-derived Mph
5,LUAD,cap500_seed2,AT2,Alveolar fibroblasts
5,LUAD,cap500_seed2,AT2,Peribronchial fibroblasts
5,LUAD,cap500_seed2,Alveolar fibroblasts,AT2
5,LUAD,cap500_seed2,Alveolar fibroblasts,Alveolar macrophages
5,LUAD,cap500_seed2,Alveolar fibroblasts,Interstitial Mph perivascular
5,LUAD,cap500_seed2,Alveolar fibroblasts,Monocyte-derived Mph
5,LUAD,cap500_seed2,Alveolar macrophages,AT2
5,LUAD,cap500_seed2,Alveolar macrophages,Alveolar fibroblasts
5,LUAD,cap500_seed2,Alveolar macrophages,Peribronchial fibroblasts
5,LUAD,cap500_seed2,Interstitial Mph perivascular,AT2
5,LUAD,cap500_seed2,Interstitial Mph perivascular,Alveolar fibroblasts
5,LUAD,cap500_seed2,Interstitial Mph perivascular,Peribronchial fibroblasts
5,LUAD,cap500_seed2,Monocyte-derived Mph,AT2
5,LUAD,cap500_seed2,Monocyte-derived Mph,Alveolar fibroblasts
5,LUAD,cap500_seed2,Monocyte-derived Mph,Peribronchial fibroblasts
5,LUAD,cap500_seed2,Peribronchial fibroblasts,AT2
5,LUAD,cap500_seed2,Peribronchial fibroblasts,Alveolar macrophages
5,LUAD,cap500_seed2,Peribronchial fibroblasts,Interstitial Mph perivascular
5,LUAD,cap500_seed2,Peribronchial fibroblasts,Monocyte-derived Mph
5,LUAD,floor30,AT2,Alveolar fibroblasts
5,LUAD,floor30,AT2,Peribronchial fibroblasts
5,LUAD,floor30,Alveolar fibroblasts,AT2
5,LUAD,floor30,Alveolar fibroblasts,Alveolar macrophages
5,LUAD,floor30,Alveolar fibroblasts,Interstitial Mph perivascular
5,LUAD,floor30,Alveolar fibroblasts,Monocyte-derived Mph
5,LUAD,floor30,Alveolar macrophages,AT2
5,LUAD,floor30,Alveolar macrophages,Alveolar fibroblasts
5,LUAD,floor30,Alveolar macrophages,Peribronchial fibroblasts
5,LUAD,floor30,Interstitial Mph perivascular,AT2
5,LUAD,floor30,Interstitial Mph perivascular,Alveolar fibroblasts
5,LUAD,floor30,Interstitial Mph perivascular,Peribronchial fibroblasts
5,LUAD,floor30,Monocyte-derived Mph,AT2
5,LUAD,floor30,Monocyte-derived Mph,Alveolar fibroblasts
5,LUAD,floor30,Monocyte-derived Mph,Peribronchial fibroblasts
5,LUAD,floor30,Peribronchial fibroblasts,AT2
5,LUAD,floor30,Peribronchial fibroblasts,Alveolar macrophages
5,LUAD,floor30,Peribronchial fibroblasts,Interstitial Mph perivascular
5,LUAD,floor30,Peribronchial fibroblasts,Monocyte-derived Mph
5,LUAD,floor100,AT2,Alveolar fibroblasts
5,LUAD,floor100,AT2,Peribronchial fibroblasts
5,LUAD,floor100,Alveolar fibroblasts,AT2
5,LUAD,floor100,Alveolar fibroblasts,Alveolar macrophages
5,LUAD,floor100,Alveolar macrophages,AT2
5,LUAD,floor100,Alveolar macrophages,Alveolar fibroblasts
5,LUAD,floor100,Alveolar macrophages,Peribronchial fibroblasts
5,LUAD,floor100,Peribronchial fibroblasts,AT2
5,LUAD,floor100,Peribronchial fibroblasts,Alveolar macrophages
5,LUAD,expression005,AT2,Alveolar fibroblasts
5,LUAD,expression005,AT2,Peribronchial fibroblasts
5,LUAD,expression005,Alveolar fibroblasts,AT2
5,LUAD,expression005,Alveolar fibroblasts,Alveolar macrophages
5,LUAD,expression005,Alveolar fibroblasts,Interstitial Mph perivascular
5,LUAD,expression005,Alveolar fibroblasts,Monocyte-derived Mph
5,LUAD,expression005,Alveolar macrophages,AT2
5,LUAD,expression005,Alveolar macrophages,Alveolar fibroblasts
5,LUAD,expression005,Alveolar macrophages,Peribronchial fibroblasts
5,LUAD,expression005,Interstitial Mph perivascular,AT2
5,LUAD,expression005,Interstitial Mph perivascular,Alveolar fibroblasts
5,LUAD,expression005,Interstitial Mph perivascular,Peribronchial fibroblasts
5,LUAD,expression005,Monocyte-derived Mph,AT2
5,LUAD,expression005,Monocyte-derived Mph,Alveolar fibroblasts
5,LUAD,expression005,Monocyte-derived Mph,Peribronchial fibroblasts
5,LUAD,expression005,Peribronchial fibroblasts,AT2
5,LUAD,expression005,Peribronchial fibroblasts,Alveolar macrophages
5,LUAD,expression005,Peribronchial fibroblasts,Interstitial Mph perivascular
5,LUAD,expression005,Peribronchial fibroblasts,Monocyte-derived Mph
5,LUAD,expression020,AT2,Alveolar fibroblasts
5,LUAD,expression020,AT2,Peribronchial fibroblasts
5,LUAD,expression020,Alveolar fibroblasts,AT2
5,LUAD,expression020,Alveolar fibroblasts,Alveolar macrophages
5,LUAD,expression020,Alveolar fibroblasts,Interstitial Mph perivascular
5,LUAD,expression020,Alveolar fibroblasts,Monocyte-derived Mph
5,LUAD,expression020,Alveolar macrophages,AT2
5,LUAD,expression020,Alveolar macrophages,Alveolar fibroblasts
5,LUAD,expression020,Alveolar macrophages,Peribronchial fibroblasts
5,LUAD,expression020,Interstitial Mph perivascular,AT2
5,LUAD,expression020,Interstitial Mph perivascular,Alveolar fibroblasts
5,LUAD,expression020,Interstitial Mph perivascular,Peribronchial fibroblasts
5,LUAD,expression020,Monocyte-derived Mph,AT2
5,LUAD,expression020,Monocyte-derived Mph,Alveolar fibroblasts
5,LUAD,expression020,Monocyte-derived Mph,Peribronchial fibroblasts
5,LUAD,expression020,Peribronchial fibroblasts,AT2
5,LUAD,expression020,Peribronchial fibroblasts,Alveolar macrophages
5,LUAD,expression020,Peribronchial fibroblasts,Interstitial Mph perivascular
5,LUAD,expression020,Peribronchial fibroblasts,Monocyte-derived Mph
5,LUAD,uncertainty030,AT2,Alveolar fibroblasts
5,LUAD,uncertainty030,AT2,Peribronchial fibroblasts
5,LUAD,uncertainty030,AT2 proliferating,Alveolar fibroblasts
5,LUAD,uncertainty030,AT2 proliferating,Peribronchial fibroblasts
5,LUAD,uncertainty030,Alveolar fibroblasts,AT2
5,LUAD,uncertainty030,Alveolar fibroblasts,AT2 proliferating
5,LUAD,uncertainty030,Alveolar fibroblasts,Alveolar macrophages
5,LUAD,uncertainty030,Alveolar fibroblasts,Interstitial Mph perivascular
5,LUAD,uncertainty030,Alveolar fibroblasts,Monocyte-derived Mph
5,LUAD,uncertainty030,Alveolar macrophages,AT2
5,LUAD,uncertainty030,Alveolar macrophages,AT2 proliferating
5,LUAD,uncertainty030,Alveolar macrophages,Alveolar fibroblasts
5,LUAD,uncertainty030,Alveolar macrophages,Peribronchial fibroblasts
5,LUAD,uncertainty030,Interstitial Mph perivascular,AT2
5,LUAD,uncertainty030,Interstitial Mph perivascular,AT2 proliferating
5,LUAD,uncertainty030,Interstitial Mph perivascular,Alveolar fibroblasts
5,LUAD,uncertainty030,Interstitial Mph perivascular,Peribronchial fibroblasts
5,LUAD,uncertainty030,Monocyte-derived Mph,AT2
5,LUAD,uncertainty030,Monocyte-derived Mph,AT2 proliferating
5,LUAD,uncertainty030,Monocyte-derived Mph,Alveolar fibroblasts
5,LUAD,uncertainty030,Monocyte-derived Mph,Peribronchial fibroblasts
5,LUAD,uncertainty030,Peribronchial fibroblasts,AT2
5,LUAD,uncertainty030,Peribronchial fibroblasts,AT2 proliferating
5,LUAD,uncertainty030,Peribronchial fibroblasts,Alveolar macrophages
5,LUAD,uncertainty030,Peribronchial fibroblasts,Interstitial Mph perivascular
5,LUAD,uncertainty030,Peribronchial fibroblasts,Monocyte-derived Mph
5,LUAD,largest_library,AT2,Alveolar fibroblasts
5,LUAD,largest_library,AT2,Peribronchial fibroblasts
5,LUAD,largest_library,Alveolar fibroblasts,AT2
5,LUAD,largest_library,Alveolar fibroblasts,Alveolar macrophages
5,LUAD,largest_library,Alveolar fibroblasts,Interstitial Mph perivascular
5,LUAD,largest_library,Alveolar fibroblasts,Monocyte-derived Mph
5,LUAD,largest_library,Alveolar macrophages,AT2
5,LUAD,largest_library,Alveolar macrophages,Alveolar fibroblasts
5,LUAD,largest_library,Alveolar macrophages,Peribronchial fibroblasts
5,LUAD,largest_library,Interstitial Mph perivascular,AT2
5,LUAD,largest_library,Interstitial Mph perivascular,Alveolar fibroblasts
5,LUAD,largest_library,Interstitial Mph perivascular,Peribronchial fibroblasts
5,LUAD,largest_library,Monocyte-derived Mph,AT2
5,LUAD,largest_library,Monocyte-derived Mph,Alveolar fibroblasts
5,LUAD,largest_library,Monocyte-derived Mph,Peribronchial fibroblasts
5,LUAD,largest_library,Peribronchial fibroblasts,AT2
5,LUAD,largest_library,Peribronchial fibroblasts,Alveolar macrophages
5,LUAD,largest_library,Peribronchial fibroblasts,Interstitial Mph perivascular
5,LUAD,largest_library,Peribronchial fibroblasts,Monocyte-derived Mph
5,normal,all_cells_primary,AT2,Alveolar fibroblasts
5,normal,all_cells_primary,Alveolar fibroblasts,AT2
5,normal,all_cells_primary,Alveolar fibroblasts,Alveolar macrophages
5,normal,all_cells_primary,Alveolar macrophages,AT2
5,normal,all_cells_primary,Alveolar macrophages,Alveolar fibroblasts
5,normal,cap500_seed1,AT2,Alveolar fibroblasts
5,normal,cap500_seed1,Alveolar fibroblasts,AT2
5,normal,cap500_seed1,Alveolar fibroblasts,Alveolar macrophages
5,normal,cap500_seed1,Alveolar macrophages,AT2
5,normal,cap500_seed1,Alveolar macrophages,Alveolar fibroblasts
5,normal,cap500_seed2,AT2,Alveolar fibroblasts
5,normal,cap500_seed2,Alveolar fibroblasts,AT2
5,normal,cap500_seed2,Alveolar fibroblasts,Alveolar macrophages
5,normal,cap500_seed2,Alveolar macrophages,AT2
5,normal,cap500_seed2,Alveolar macrophages,Alveolar fibroblasts
5,normal,floor30,AT2,Alveolar fibroblasts
5,normal,floor30,Alveolar fibroblasts,AT2
5,normal,floor30,Alveolar fibroblasts,Alveolar macrophages
5,normal,floor30,Alveolar macrophages,AT2
5,normal,floor30,Alveolar macrophages,Alveolar fibroblasts
5,normal,floor100,AT2,Alveolar fibroblasts
5,normal,floor100,Alveolar fibroblasts,AT2
5,normal,floor100,Alveolar fibroblasts,Alveolar macrophages
5,normal,floor100,Alveolar macrophages,AT2
5,normal,floor100,Alveolar macrophages,Alveolar fibroblasts
5,normal,expression005,AT2,Alveolar fibroblasts
5,normal,expression005,Alveolar fibroblasts,AT2
5,normal,expression005,Alveolar fibroblasts,Alveolar macrophages
5,normal,expression005,Alveolar macrophages,AT2
5,normal,expression005,Alveolar macrophages,Alveolar fibroblasts
5,normal,expression020,AT2,Alveolar fibroblasts
5,normal,expression020,Alveolar fibroblasts,AT2
5,normal,expression020,Alveolar fibroblasts,Alveolar macrophages
5,normal,expression020,Alveolar macrophages,AT2
5,normal,expression020,Alveolar macrophages,Alveolar fibroblasts
5,normal,uncertainty030,AT2,Alveolar fibroblasts
5,normal,uncertainty030,Alveolar fibroblasts,AT2
5,normal,uncertainty030,Alveolar fibroblasts,Alveolar macrophages
5,normal,uncertainty030,Alveolar macrophages,AT2
5,normal,uncertainty030,Alveolar macrophages,Alveolar fibroblasts
5,normal,largest_library,AT2,Alveolar fibroblasts
5,normal,largest_library,Alveolar fibroblasts,AT2
5,normal,largest_library,Alveolar fibroblasts,Alveolar macrophages
5,normal,largest_library,Alveolar macrophages,AT2
5,normal,largest_library,Alveolar macrophages,Alveolar fibroblasts
6,AAH,all_cells_primary,AT2,Alveolar fibroblasts
6,AAH,all_cells_primary,Alveolar fibroblasts,AT2
6,AAH,all_cells_primary,Alveolar fibroblasts,Alveolar macrophages
6,AAH,all_cells_primary,Alveolar macrophages,AT2
6,AAH,all_cells_primary,Alveolar macrophages,Alveolar fibroblasts
6,AAH,cap500_seed1,AT2,Alveolar fibroblasts
6,AAH,cap500_seed1,Alveolar fibroblasts,AT2
6,AAH,cap500_seed1,Alveolar fibroblasts,Alveolar macrophages
6,AAH,cap500_seed1,Alveolar macrophages,AT2
6,AAH,cap500_seed1,Alveolar macrophages,Alveolar fibroblasts
6,AAH,cap500_seed2,AT2,Alveolar fibroblasts
6,AAH,cap500_seed2,Alveolar fibroblasts,AT2
6,AAH,cap500_seed2,Alveolar fibroblasts,Alveolar macrophages
6,AAH,cap500_seed2,Alveolar macrophages,AT2
6,AAH,cap500_seed2,Alveolar macrophages,Alveolar fibroblasts
6,AAH,floor30,AT2,Adventitial fibroblasts
6,AAH,floor30,AT2,Alveolar fibroblasts
6,AAH,floor30,Adventitial fibroblasts,AT2
6,AAH,floor30,Adventitial fibroblasts,Alveolar macrophages
6,AAH,floor30,Alveolar fibroblasts,AT2
6,AAH,floor30,Alveolar fibroblasts,Alveolar macrophages
6,AAH,floor30,Alveolar macrophages,AT2
6,AAH,floor30,Alveolar macrophages,Adventitial fibroblasts
6,AAH,floor30,Alveolar macrophages,Alveolar fibroblasts
6,AAH,floor100,AT2,Alveolar fibroblasts
6,AAH,floor100,Alveolar fibroblasts,AT2
6,AAH,expression005,AT2,Alveolar fibroblasts
6,AAH,expression005,Alveolar fibroblasts,AT2
6,AAH,expression005,Alveolar fibroblasts,Alveolar macrophages
6,AAH,expression005,Alveolar macrophages,AT2
6,AAH,expression005,Alveolar macrophages,Alveolar fibroblasts
6,AAH,expression020,AT2,Alveolar fibroblasts
6,AAH,expression020,Alveolar fibroblasts,AT2
6,AAH,expression020,Alveolar fibroblasts,Alveolar macrophages
6,AAH,expression020,Alveolar macrophages,AT2
6,AAH,expression020,Alveolar macrophages,Alveolar fibroblasts
6,AAH,uncertainty030,AT2,Alveolar fibroblasts
6,AAH,uncertainty030,Alveolar fibroblasts,AT2
6,AAH,uncertainty030,Alveolar fibroblasts,Alveolar macrophages
6,AAH,uncertainty030,Alveolar macrophages,AT2
6,AAH,uncertainty030,Alveolar macrophages,Alveolar fibroblasts
6,AAH,largest_library,AT2,Alveolar fibroblasts
6,AAH,largest_library,Alveolar fibroblasts,AT2
6,AAH,largest_library,Alveolar fibroblasts,Alveolar macrophages
6,AAH,largest_library,Alveolar macrophages,AT2
6,AAH,largest_library,Alveolar macrophages,Alveolar fibroblasts
6,LUAD,all_cells_primary,AT2,Alveolar fibroblasts
6,LUAD,all_cells_primary,Alveolar fibroblasts,AT2
6,LUAD,all_cells_primary,Alveolar fibroblasts,Alveolar macrophages
6,LUAD,all_cells_primary,Alveolar macrophages,AT2
6,LUAD,all_cells_primary,Alveolar macrophages,Alveolar fibroblasts
6,LUAD,cap500_seed1,AT2,Alveolar fibroblasts
6,LUAD,cap500_seed1,Alveolar fibroblasts,AT2
6,LUAD,cap500_seed1,Alveolar fibroblasts,Alveolar macrophages
6,LUAD,cap500_seed1,Alveolar macrophages,AT2
6,LUAD,cap500_seed1,Alveolar macrophages,Alveolar fibroblasts
6,LUAD,cap500_seed2,AT2,Alveolar fibroblasts
6,LUAD,cap500_seed2,Alveolar fibroblasts,AT2
6,LUAD,cap500_seed2,Alveolar fibroblasts,Alveolar macrophages
6,LUAD,cap500_seed2,Alveolar macrophages,AT2
6,LUAD,cap500_seed2,Alveolar macrophages,Alveolar fibroblasts
6,LUAD,floor30,AT2,Alveolar fibroblasts
6,LUAD,floor30,AT2,Peribronchial fibroblasts
6,LUAD,floor30,Alveolar fibroblasts,AT2
6,LUAD,floor30,Alveolar fibroblasts,Alveolar macrophages
6,LUAD,floor30,Alveolar fibroblasts,Interstitial Mph perivascular
6,LUAD,floor30,Alveolar macrophages,AT2
6,LUAD,floor30,Alveolar macrophages,Alveolar fibroblasts
6,LUAD,floor30,Alveolar macrophages,Peribronchial fibroblasts
6,LUAD,floor30,Interstitial Mph perivascular,AT2
6,LUAD,floor30,Interstitial Mph perivascular,Alveolar fibroblasts
6,LUAD,floor30,Interstitial Mph perivascular,Peribronchial fibroblasts
6,LUAD,floor30,Peribronchial fibroblasts,AT2
6,LUAD,floor30,Peribronchial fibroblasts,Alveolar macrophages
6,LUAD,floor30,Peribronchial fibroblasts,Interstitial Mph perivascular
6,LUAD,floor100,AT2,Alveolar fibroblasts
6,LUAD,floor100,Alveolar fibroblasts,AT2
6,LUAD,floor100,Alveolar fibroblasts,Alveolar macrophages
6,LUAD,floor100,Alveolar macrophages,AT2
6,LUAD,floor100,Alveolar macrophages,Alveolar fibroblasts
6,LUAD,expression005,AT2,Alveolar fibroblasts
6,LUAD,expression005,Alveolar fibroblasts,AT2
6,LUAD,expression005,Alveolar fibroblasts,Alveolar macrophages
6,LUAD,expression005,Alveolar macrophages,AT2
6,LUAD,expression005,Alveolar macrophages,Alveolar fibroblasts
6,LUAD,expression020,AT2,Alveolar fibroblasts
6,LUAD,expression020,Alveolar fibroblasts,AT2
6,LUAD,expression020,Alveolar fibroblasts,Alveolar macrophages
6,LUAD,expression020,Alveolar macrophages,AT2
6,LUAD,expression020,Alveolar macrophages,Alveolar fibroblasts
6,LUAD,uncertainty030,AT2,Alveolar fibroblasts
6,LUAD,uncertainty030,AT2,Peribronchial fibroblasts
6,LUAD,uncertainty030,Alveolar fibroblasts,AT2
6,LUAD,uncertainty030,Alveolar fibroblasts,Alveolar macrophages
6,LUAD,uncertainty030,Alveolar fibroblasts,Interstitial Mph perivascular
6,LUAD,uncertainty030,Alveolar macrophages,AT2
6,LUAD,uncertainty030,Alveolar macrophages,Alveolar fibroblasts
6,LUAD,uncertainty030,Alveolar macrophages,Peribronchial fibroblasts
6,LUAD,uncertainty030,Interstitial Mph perivascular,AT2
6,LUAD,uncertainty030,Interstitial Mph perivascular,Alveolar fibroblasts
6,LUAD,uncertainty030,Interstitial Mph perivascular,Peribronchial fibroblasts
6,LUAD,uncertainty030,Peribronchial fibroblasts,AT2
6,LUAD,uncertainty030,Peribronchial fibroblasts,Alveolar macrophages
6,LUAD,uncertainty030,Peribronchial fibroblasts,Interstitial Mph perivascular
6,LUAD,largest_library,AT2,Alveolar fibroblasts
6,LUAD,largest_library,Alveolar fibroblasts,AT2
6,LUAD,largest_library,Alveolar fibroblasts,Alveolar macrophages
6,LUAD,largest_library,Alveolar macrophages,AT2
6,LUAD,largest_library,Alveolar macrophages,Alveolar fibroblasts
6,normal,all_cells_primary,AT2,Alveolar fibroblasts
6,normal,all_cells_primary,Alveolar fibroblasts,AT2
6,normal,all_cells_primary,Alveolar fibroblasts,Alveolar macrophages
6,normal,all_cells_primary,Alveolar macrophages,AT2
6,normal,all_cells_primary,Alveolar macrophages,Alveolar fibroblasts
6,normal,cap500_seed1,AT2,Alveolar fibroblasts
6,normal,cap500_seed1,Alveolar fibroblasts,AT2
6,normal,cap500_seed1,Alveolar fibroblasts,Alveolar macrophages
6,normal,cap500_seed1,Alveolar macrophages,AT2
6,normal,cap500_seed1,Alveolar macrophages,Alveolar fibroblasts
6,normal,cap500_seed2,AT2,Alveolar fibroblasts
6,normal,cap500_seed2,Alveolar fibroblasts,AT2
6,normal,cap500_seed2,Alveolar fibroblasts,Alveolar macrophages
6,normal,cap500_seed2,Alveolar macrophages,AT2
6,normal,cap500_seed2,Alveolar macrophages,Alveolar fibroblasts
6,normal,floor30,AT2,Alveolar fibroblasts
6,normal,floor30,Alveolar fibroblasts,AT2
6,normal,floor30,Alveolar fibroblasts,Alveolar macrophages
6,normal,floor30,Alveolar macrophages,AT2
6,normal,floor30,Alveolar macrophages,Alveolar fibroblasts
6,normal,floor100,AT2,Alveolar fibroblasts
6,normal,floor100,Alveolar fibroblasts,AT2
6,normal,expression005,AT2,Alveolar fibroblasts
6,normal,expression005,Alveolar fibroblasts,AT2
6,normal,expression005,Alveolar fibroblasts,Alveolar macrophages
6,normal,expression005,Alveolar macrophages,AT2
6,normal,expression005,Alveolar macrophages,Alveolar fibroblasts
6,normal,expression020,AT2,Alveolar fibroblasts
6,normal,expression020,Alveolar fibroblasts,AT2
6,normal,expression020,Alveolar fibroblasts,Alveolar macrophages
6,normal,expression020,Alveolar macrophages,AT2
6,normal,expression020,Alveolar macrophages,Alveolar fibroblasts
6,normal,uncertainty030,AT2,Alveolar fibroblasts
6,normal,uncertainty030,Alveolar fibroblasts,AT2
6,normal,uncertainty030,Alveolar fibroblasts,Alveolar macrophages
6,normal,uncertainty030,Alveolar macrophages,AT2
6,normal,uncertainty030,Alveolar macrophages,Alveolar fibroblasts
6,normal,largest_library,AT2,Alveolar fibroblasts
6,normal,largest_library,Alveolar fibroblasts,AT2
6,normal,largest_library,Alveolar fibroblasts,Alveolar macrophages
6,normal,largest_library,Alveolar macrophages,AT2
6,normal,largest_library,Alveolar macrophages,Alveolar fibroblasts
7,LUAD,all_cells_primary,AT2,Adventitial fibroblasts
7,LUAD,all_cells_primary,AT2,Alveolar fibroblasts
7,LUAD,all_cells_primary,Adventitial fibroblasts,AT2
7,LUAD,all_cells_primary,Adventitial fibroblasts,Alveolar macrophages
7,LUAD,all_cells_primary,Adventitial fibroblasts,Interstitial Mph perivascular
7,LUAD,all_cells_primary,Alveolar fibroblasts,AT2
7,LUAD,all_cells_primary,Alveolar fibroblasts,Alveolar macrophages
7,LUAD,all_cells_primary,Alveolar fibroblasts,Interstitial Mph perivascular
7,LUAD,all_cells_primary,Alveolar macrophages,AT2
7,LUAD,all_cells_primary,Alveolar macrophages,Adventitial fibroblasts
7,LUAD,all_cells_primary,Alveolar macrophages,Alveolar fibroblasts
7,LUAD,all_cells_primary,Interstitial Mph perivascular,AT2
7,LUAD,all_cells_primary,Interstitial Mph perivascular,Adventitial fibroblasts
7,LUAD,all_cells_primary,Interstitial Mph perivascular,Alveolar fibroblasts
7,LUAD,cap500_seed1,AT2,Adventitial fibroblasts
7,LUAD,cap500_seed1,AT2,Alveolar fibroblasts
7,LUAD,cap500_seed1,Adventitial fibroblasts,AT2
7,LUAD,cap500_seed1,Adventitial fibroblasts,Alveolar macrophages
7,LUAD,cap500_seed1,Adventitial fibroblasts,Interstitial Mph perivascular
7,LUAD,cap500_seed1,Alveolar fibroblasts,AT2
7,LUAD,cap500_seed1,Alveolar fibroblasts,Alveolar macrophages
7,LUAD,cap500_seed1,Alveolar fibroblasts,Interstitial Mph perivascular
7,LUAD,cap500_seed1,Alveolar macrophages,AT2
7,LUAD,cap500_seed1,Alveolar macrophages,Adventitial fibroblasts
7,LUAD,cap500_seed1,Alveolar macrophages,Alveolar fibroblasts
7,LUAD,cap500_seed1,Interstitial Mph perivascular,AT2
7,LUAD,cap500_seed1,Interstitial Mph perivascular,Adventitial fibroblasts
7,LUAD,cap500_seed1,Interstitial Mph perivascular,Alveolar fibroblasts
7,LUAD,cap500_seed2,AT2,Adventitial fibroblasts
7,LUAD,cap500_seed2,AT2,Alveolar fibroblasts
7,LUAD,cap500_seed2,Adventitial fibroblasts,AT2
7,LUAD,cap500_seed2,Adventitial fibroblasts,Alveolar macrophages
7,LUAD,cap500_seed2,Adventitial fibroblasts,Interstitial Mph perivascular
7,LUAD,cap500_seed2,Alveolar fibroblasts,AT2
7,LUAD,cap500_seed2,Alveolar fibroblasts,Alveolar macrophages
7,LUAD,cap500_seed2,Alveolar fibroblasts,Interstitial Mph perivascular
7,LUAD,cap500_seed2,Alveolar macrophages,AT2
7,LUAD,cap500_seed2,Alveolar macrophages,Adventitial fibroblasts
7,LUAD,cap500_seed2,Alveolar macrophages,Alveolar fibroblasts
7,LUAD,cap500_seed2,Interstitial Mph perivascular,AT2
7,LUAD,cap500_seed2,Interstitial Mph perivascular,Adventitial fibroblasts
7,LUAD,cap500_seed2,Interstitial Mph perivascular,Alveolar fibroblasts
7,LUAD,floor30,AT2,Adventitial fibroblasts
7,LUAD,floor30,AT2,Alveolar fibroblasts
7,LUAD,floor30,Adventitial fibroblasts,AT2
7,LUAD,floor30,Adventitial fibroblasts,Alveolar macrophages
7,LUAD,floor30,Adventitial fibroblasts,Interstitial Mph perivascular
7,LUAD,floor30,Adventitial fibroblasts,Monocyte-derived Mph
7,LUAD,floor30,Alveolar fibroblasts,AT2
7,LUAD,floor30,Alveolar fibroblasts,Alveolar macrophages
7,LUAD,floor30,Alveolar fibroblasts,Interstitial Mph perivascular
7,LUAD,floor30,Alveolar fibroblasts,Monocyte-derived Mph
7,LUAD,floor30,Alveolar macrophages,AT2
7,LUAD,floor30,Alveolar macrophages,Adventitial fibroblasts
7,LUAD,floor30,Alveolar macrophages,Alveolar fibroblasts
7,LUAD,floor30,Interstitial Mph perivascular,AT2
7,LUAD,floor30,Interstitial Mph perivascular,Adventitial fibroblasts
7,LUAD,floor30,Interstitial Mph perivascular,Alveolar fibroblasts
7,LUAD,floor30,Monocyte-derived Mph,AT2
7,LUAD,floor30,Monocyte-derived Mph,Adventitial fibroblasts
7,LUAD,floor30,Monocyte-derived Mph,Alveolar fibroblasts
7,LUAD,floor100,AT2,Adventitial fibroblasts
7,LUAD,floor100,AT2,Alveolar fibroblasts
7,LUAD,floor100,Adventitial fibroblasts,AT2
7,LUAD,floor100,Adventitial fibroblasts,Alveolar macrophages
7,LUAD,floor100,Alveolar fibroblasts,AT2
7,LUAD,floor100,Alveolar fibroblasts,Alveolar macrophages
7,LUAD,floor100,Alveolar macrophages,AT2
7,LUAD,floor100,Alveolar macrophages,Adventitial fibroblasts
7,LUAD,floor100,Alveolar macrophages,Alveolar fibroblasts
7,LUAD,expression005,AT2,Adventitial fibroblasts
7,LUAD,expression005,AT2,Alveolar fibroblasts
7,LUAD,expression005,Adventitial fibroblasts,AT2
7,LUAD,expression005,Adventitial fibroblasts,Alveolar macrophages
7,LUAD,expression005,Adventitial fibroblasts,Interstitial Mph perivascular
7,LUAD,expression005,Alveolar fibroblasts,AT2
7,LUAD,expression005,Alveolar fibroblasts,Alveolar macrophages
7,LUAD,expression005,Alveolar fibroblasts,Interstitial Mph perivascular
7,LUAD,expression005,Alveolar macrophages,AT2
7,LUAD,expression005,Alveolar macrophages,Adventitial fibroblasts
7,LUAD,expression005,Alveolar macrophages,Alveolar fibroblasts
7,LUAD,expression005,Interstitial Mph perivascular,AT2
7,LUAD,expression005,Interstitial Mph perivascular,Adventitial fibroblasts
7,LUAD,expression005,Interstitial Mph perivascular,Alveolar fibroblasts
7,LUAD,expression020,AT2,Adventitial fibroblasts
7,LUAD,expression020,AT2,Alveolar fibroblasts
7,LUAD,expression020,Adventitial fibroblasts,AT2
7,LUAD,expression020,Adventitial fibroblasts,Alveolar macrophages
7,LUAD,expression020,Adventitial fibroblasts,Interstitial Mph perivascular
7,LUAD,expression020,Alveolar fibroblasts,AT2
7,LUAD,expression020,Alveolar fibroblasts,Alveolar macrophages
7,LUAD,expression020,Alveolar fibroblasts,Interstitial Mph perivascular
7,LUAD,expression020,Alveolar macrophages,AT2
7,LUAD,expression020,Alveolar macrophages,Adventitial fibroblasts
7,LUAD,expression020,Alveolar macrophages,Alveolar fibroblasts
7,LUAD,expression020,Interstitial Mph perivascular,AT2
7,LUAD,expression020,Interstitial Mph perivascular,Adventitial fibroblasts
7,LUAD,expression020,Interstitial Mph perivascular,Alveolar fibroblasts
7,LUAD,uncertainty030,AT2,Adventitial fibroblasts
7,LUAD,uncertainty030,AT2,Alveolar fibroblasts
7,LUAD,uncertainty030,Adventitial fibroblasts,AT2
7,LUAD,uncertainty030,Adventitial fibroblasts,Alveolar macrophages
7,LUAD,uncertainty030,Adventitial fibroblasts,Interstitial Mph perivascular
7,LUAD,uncertainty030,Adventitial fibroblasts,Monocyte-derived Mph
7,LUAD,uncertainty030,Alveolar fibroblasts,AT2
7,LUAD,uncertainty030,Alveolar fibroblasts,Alveolar macrophages
7,LUAD,uncertainty030,Alveolar fibroblasts,Interstitial Mph perivascular
7,LUAD,uncertainty030,Alveolar fibroblasts,Monocyte-derived Mph
7,LUAD,uncertainty030,Alveolar macrophages,AT2
7,LUAD,uncertainty030,Alveolar macrophages,Adventitial fibroblasts
7,LUAD,uncertainty030,Alveolar macrophages,Alveolar fibroblasts
7,LUAD,uncertainty030,Interstitial Mph perivascular,AT2
7,LUAD,uncertainty030,Interstitial Mph perivascular,Adventitial fibroblasts
7,LUAD,uncertainty030,Interstitial Mph perivascular,Alveolar fibroblasts
7,LUAD,uncertainty030,Monocyte-derived Mph,AT2
7,LUAD,uncertainty030,Monocyte-derived Mph,Adventitial fibroblasts
7,LUAD,uncertainty030,Monocyte-derived Mph,Alveolar fibroblasts
7,LUAD,largest_library,AT2,Alveolar fibroblasts
7,LUAD,largest_library,Alveolar fibroblasts,AT2
7,LUAD,largest_library,Alveolar fibroblasts,Alveolar macrophages
7,LUAD,largest_library,Alveolar macrophages,AT2
7,LUAD,largest_library,Alveolar macrophages,Alveolar fibroblasts
7,normal,all_cells_primary,AT2,Alveolar fibroblasts
7,normal,all_cells_primary,Alveolar fibroblasts,AT2
7,normal,all_cells_primary,Alveolar fibroblasts,Alveolar macrophages
7,normal,all_cells_primary,Alveolar macrophages,AT2
7,normal,all_cells_primary,Alveolar macrophages,Alveolar fibroblasts
7,normal,cap500_seed1,AT2,Alveolar fibroblasts
7,normal,cap500_seed1,Alveolar fibroblasts,AT2
7,normal,cap500_seed1,Alveolar fibroblasts,Alveolar macrophages
7,normal,cap500_seed1,Alveolar macrophages,AT2
7,normal,cap500_seed1,Alveolar macrophages,Alveolar fibroblasts
7,normal,cap500_seed2,AT2,Alveolar fibroblasts
7,normal,cap500_seed2,Alveolar fibroblasts,AT2
7,normal,cap500_seed2,Alveolar fibroblasts,Alveolar macrophages
7,normal,cap500_seed2,Alveolar macrophages,AT2
7,normal,cap500_seed2,Alveolar macrophages,Alveolar fibroblasts
7,normal,floor30,AT2,Alveolar fibroblasts
7,normal,floor30,Alveolar fibroblasts,AT2
7,normal,floor30,Alveolar fibroblasts,Alveolar macrophages
7,normal,floor30,Alveolar macrophages,AT2
7,normal,floor30,Alveolar macrophages,Alveolar fibroblasts
7,normal,floor100,AT2,Alveolar fibroblasts
7,normal,floor100,Alveolar fibroblasts,AT2
7,normal,expression005,AT2,Alveolar fibroblasts
7,normal,expression005,Alveolar fibroblasts,AT2
7,normal,expression005,Alveolar fibroblasts,Alveolar macrophages
7,normal,expression005,Alveolar macrophages,AT2
7,normal,expression005,Alveolar macrophages,Alveolar fibroblasts
7,normal,expression020,AT2,Alveolar fibroblasts
7,normal,expression020,Alveolar fibroblasts,AT2
7,normal,expression020,Alveolar fibroblasts,Alveolar macrophages
7,normal,expression020,Alveolar macrophages,AT2
7,normal,expression020,Alveolar macrophages,Alveolar fibroblasts
7,normal,uncertainty030,AT2,Alveolar fibroblasts
7,normal,uncertainty030,Alveolar fibroblasts,AT2
7,normal,uncertainty030,Alveolar fibroblasts,Alveolar macrophages
7,normal,uncertainty030,Alveolar macrophages,AT2
7,normal,uncertainty030,Alveolar macrophages,Alveolar fibroblasts
7,normal,largest_library,AT2,Alveolar fibroblasts
7,normal,largest_library,Alveolar fibroblasts,AT2
7,normal,largest_library,Alveolar fibroblasts,Alveolar macrophages
7,normal,largest_library,Alveolar macrophages,AT2
7,normal,largest_library,Alveolar macrophages,Alveolar fibroblasts
8,LUAD,all_cells_primary,Alveolar macrophages,AT2
8,LUAD,cap500_seed1,Alveolar macrophages,AT2
8,LUAD,cap500_seed2,Alveolar macrophages,AT2
8,LUAD,floor30,AT2,Adventitial fibroblasts
8,LUAD,floor30,AT2,Alveolar fibroblasts
8,LUAD,floor30,AT2,Peribronchial fibroblasts
8,LUAD,floor30,Adventitial fibroblasts,AT2
8,LUAD,floor30,Adventitial fibroblasts,Alveolar macrophages
8,LUAD,floor30,Adventitial fibroblasts,Monocyte-derived Mph
8,LUAD,floor30,Alveolar fibroblasts,AT2
8,LUAD,floor30,Alveolar fibroblasts,Alveolar macrophages
8,LUAD,floor30,Alveolar fibroblasts,Monocyte-derived Mph
8,LUAD,floor30,Alveolar macrophages,AT2
8,LUAD,floor30,Alveolar macrophages,Adventitial fibroblasts
8,LUAD,floor30,Alveolar macrophages,Alveolar fibroblasts
8,LUAD,floor30,Alveolar macrophages,Peribronchial fibroblasts
8,LUAD,floor30,Monocyte-derived Mph,AT2
8,LUAD,floor30,Monocyte-derived Mph,Adventitial fibroblasts
8,LUAD,floor30,Monocyte-derived Mph,Alveolar fibroblasts
8,LUAD,floor30,Monocyte-derived Mph,Peribronchial fibroblasts
8,LUAD,floor30,Peribronchial fibroblasts,AT2
8,LUAD,floor30,Peribronchial fibroblasts,Alveolar macrophages
8,LUAD,floor30,Peribronchial fibroblasts,Monocyte-derived Mph
8,LUAD,expression005,Alveolar macrophages,AT2
8,LUAD,expression020,Alveolar macrophages,AT2
8,LUAD,uncertainty030,AT2,Alveolar fibroblasts
8,LUAD,uncertainty030,AT2,Peribronchial fibroblasts
8,LUAD,uncertainty030,Alveolar fibroblasts,AT2
8,LUAD,uncertainty030,Alveolar fibroblasts,Alveolar macrophages
8,LUAD,uncertainty030,Alveolar fibroblasts,Monocyte-derived Mph
8,LUAD,uncertainty030,Alveolar macrophages,AT2
8,LUAD,uncertainty030,Alveolar macrophages,Alveolar fibroblasts
8,LUAD,uncertainty030,Alveolar macrophages,Peribronchial fibroblasts
8,LUAD,uncertainty030,Monocyte-derived Mph,AT2
8,LUAD,uncertainty030,Monocyte-derived Mph,Alveolar fibroblasts
8,LUAD,uncertainty030,Monocyte-derived Mph,Peribronchial fibroblasts
8,LUAD,uncertainty030,Peribronchial fibroblasts,AT2
8,LUAD,uncertainty030,Peribronchial fibroblasts,Alveolar macrophages
8,LUAD,uncertainty030,Peribronchial fibroblasts,Monocyte-derived Mph
8,LUAD,largest_library,Alveolar macrophages,AT2
9,AAH,all_cells_primary,AT2,Alveolar fibroblasts
9,AAH,all_cells_primary,Alveolar fibroblasts,AT2
9,AAH,all_cells_primary,Alveolar fibroblasts,Alveolar macrophages
9,AAH,all_cells_primary,Alveolar macrophages,AT2
9,AAH,all_cells_primary,Alveolar macrophages,Alveolar fibroblasts
9,AAH,cap500_seed1,AT2,Alveolar fibroblasts
9,AAH,cap500_seed1,Alveolar fibroblasts,AT2
9,AAH,cap500_seed1,Alveolar fibroblasts,Alveolar macrophages
9,AAH,cap500_seed1,Alveolar macrophages,AT2
9,AAH,cap500_seed1,Alveolar macrophages,Alveolar fibroblasts
9,AAH,cap500_seed2,AT2,Alveolar fibroblasts
9,AAH,cap500_seed2,Alveolar fibroblasts,AT2
9,AAH,cap500_seed2,Alveolar fibroblasts,Alveolar macrophages
9,AAH,cap500_seed2,Alveolar macrophages,AT2
9,AAH,cap500_seed2,Alveolar macrophages,Alveolar fibroblasts
9,AAH,floor30,AT2,Alveolar fibroblasts
9,AAH,floor30,Alveolar fibroblasts,AT2
9,AAH,floor30,Alveolar fibroblasts,Alveolar macrophages
9,AAH,floor30,Alveolar macrophages,AT2
9,AAH,floor30,Alveolar macrophages,Alveolar fibroblasts
9,AAH,floor100,AT2,Alveolar fibroblasts
9,AAH,floor100,Alveolar fibroblasts,AT2
9,AAH,expression005,AT2,Alveolar fibroblasts
9,AAH,expression005,Alveolar fibroblasts,AT2
9,AAH,expression005,Alveolar fibroblasts,Alveolar macrophages
9,AAH,expression005,Alveolar macrophages,AT2
9,AAH,expression005,Alveolar macrophages,Alveolar fibroblasts
9,AAH,expression020,AT2,Alveolar fibroblasts
9,AAH,expression020,Alveolar fibroblasts,AT2
9,AAH,expression020,Alveolar fibroblasts,Alveolar macrophages
9,AAH,expression020,Alveolar macrophages,AT2
9,AAH,expression020,Alveolar macrophages,Alveolar fibroblasts
9,AAH,uncertainty030,AT2,Alveolar fibroblasts
9,AAH,uncertainty030,Alveolar fibroblasts,AT2
9,AAH,uncertainty030,Alveolar fibroblasts,Alveolar macrophages
9,AAH,uncertainty030,Alveolar macrophages,AT2
9,AAH,uncertainty030,Alveolar macrophages,Alveolar fibroblasts
9,AAH,largest_library,AT2,Alveolar fibroblasts
9,AAH,largest_library,Alveolar fibroblasts,AT2
9,AAH,largest_library,Alveolar fibroblasts,Alveolar macrophages
9,AAH,largest_library,Alveolar macrophages,AT2
9,AAH,largest_library,Alveolar macrophages,Alveolar fibroblasts
9,AIS,all_cells_primary,AT2,Alveolar fibroblasts
9,AIS,all_cells_primary,Alveolar fibroblasts,AT2
9,AIS,cap500_seed1,AT2,Alveolar fibroblasts
9,AIS,cap500_seed1,Alveolar fibroblasts,AT2
9,AIS,cap500_seed2,AT2,Alveolar fibroblasts
9,AIS,cap500_seed2,Alveolar fibroblasts,AT2
9,AIS,floor30,AT2,Alveolar fibroblasts
9,AIS,floor30,Alveolar fibroblasts,AT2
9,AIS,floor30,Alveolar fibroblasts,Alveolar macrophages
9,AIS,floor30,Alveolar macrophages,AT2
9,AIS,floor30,Alveolar macrophages,Alveolar fibroblasts
9,AIS,floor100,AT2,Alveolar fibroblasts
9,AIS,floor100,Alveolar fibroblasts,AT2
9,AIS,expression005,AT2,Alveolar fibroblasts
9,AIS,expression005,Alveolar fibroblasts,AT2
9,AIS,expression020,AT2,Alveolar fibroblasts
9,AIS,expression020,Alveolar fibroblasts,AT2
9,AIS,uncertainty030,AT2,Alveolar fibroblasts
9,AIS,uncertainty030,Alveolar fibroblasts,AT2
9,AIS,largest_library,AT2,Alveolar fibroblasts
9,AIS,largest_library,Alveolar fibroblasts,AT2
9,LUAD,all_cells_primary,AT2,Adventitial fibroblasts
9,LUAD,all_cells_primary,AT2,Alveolar fibroblasts
9,LUAD,all_cells_primary,Adventitial fibroblasts,AT2
9,LUAD,all_cells_primary,Alveolar fibroblasts,AT2
9,LUAD,cap500_seed1,AT2,Adventitial fibroblasts
9,LUAD,cap500_seed1,AT2,Alveolar fibroblasts
9,LUAD,cap500_seed1,Adventitial fibroblasts,AT2
9,LUAD,cap500_seed1,Alveolar fibroblasts,AT2
9,LUAD,cap500_seed2,AT2,Adventitial fibroblasts
9,LUAD,cap500_seed2,AT2,Alveolar fibroblasts
9,LUAD,cap500_seed2,Adventitial fibroblasts,AT2
9,LUAD,cap500_seed2,Alveolar fibroblasts,AT2
9,LUAD,floor30,AT2,Adventitial fibroblasts
9,LUAD,floor30,AT2,Alveolar fibroblasts
9,LUAD,floor30,Adventitial fibroblasts,AT2
9,LUAD,floor30,Adventitial fibroblasts,Alveolar macrophages
9,LUAD,floor30,Adventitial fibroblasts,Interstitial Mph perivascular
9,LUAD,floor30,Alveolar fibroblasts,AT2
9,LUAD,floor30,Alveolar fibroblasts,Alveolar macrophages
9,LUAD,floor30,Alveolar fibroblasts,Interstitial Mph perivascular
9,LUAD,floor30,Alveolar macrophages,AT2
9,LUAD,floor30,Alveolar macrophages,Adventitial fibroblasts
9,LUAD,floor30,Alveolar macrophages,Alveolar fibroblasts
9,LUAD,floor30,Interstitial Mph perivascular,AT2
9,LUAD,floor30,Interstitial Mph perivascular,Adventitial fibroblasts
9,LUAD,floor30,Interstitial Mph perivascular,Alveolar fibroblasts
9,LUAD,floor100,AT2,Adventitial fibroblasts
9,LUAD,floor100,AT2,Alveolar fibroblasts
9,LUAD,floor100,Adventitial fibroblasts,AT2
9,LUAD,floor100,Alveolar fibroblasts,AT2
9,LUAD,expression005,AT2,Adventitial fibroblasts
9,LUAD,expression005,AT2,Alveolar fibroblasts
9,LUAD,expression005,Adventitial fibroblasts,AT2
9,LUAD,expression005,Alveolar fibroblasts,AT2
9,LUAD,expression020,AT2,Adventitial fibroblasts
9,LUAD,expression020,AT2,Alveolar fibroblasts
9,LUAD,expression020,Adventitial fibroblasts,AT2
9,LUAD,expression020,Alveolar fibroblasts,AT2
9,LUAD,uncertainty030,AT2,Adventitial fibroblasts
9,LUAD,uncertainty030,AT2,Alveolar fibroblasts
9,LUAD,uncertainty030,Adventitial fibroblasts,AT2
9,LUAD,uncertainty030,Adventitial fibroblasts,Monocyte-derived Mph
9,LUAD,uncertainty030,Alveolar fibroblasts,AT2
9,LUAD,uncertainty030,Alveolar fibroblasts,Monocyte-derived Mph
9,LUAD,uncertainty030,Monocyte-derived Mph,AT2
9,LUAD,uncertainty030,Monocyte-derived Mph,Adventitial fibroblasts
9,LUAD,uncertainty030,Monocyte-derived Mph,Alveolar fibroblasts
9,LUAD,largest_library,AT2,Adventitial fibroblasts
9,LUAD,largest_library,AT2,Alveolar fibroblasts
9,LUAD,largest_library,Adventitial fibroblasts,AT2
9,LUAD,largest_library,Alveolar fibroblasts,AT2
9,normal,all_cells_primary,AT2,Alveolar fibroblasts
9,normal,all_cells_primary,Alveolar fibroblasts,AT2
9,normal,cap500_seed1,AT2,Alveolar fibroblasts
9,normal,cap500_seed1,Alveolar fibroblasts,AT2
9,normal,cap500_seed2,AT2,Alveolar fibroblasts
9,normal,cap500_seed2,Alveolar fibroblasts,AT2
9,normal,floor30,AT2,Alveolar fibroblasts
9,normal,floor30,Alveolar fibroblasts,AT2
9,normal,floor30,Alveolar fibroblasts,Alveolar macrophages
9,normal,floor30,Alveolar macrophages,AT2
9,normal,floor30,Alveolar macrophages,Alveolar fibroblasts
9,normal,floor100,AT2,Alveolar fibroblasts
9,normal,floor100,Alveolar fibroblasts,AT2
9,normal,expression005,AT2,Alveolar fibroblasts
9,normal,expression005,Alveolar fibroblasts,AT2
9,normal,expression020,AT2,Alveolar fibroblasts
9,normal,expression020,Alveolar fibroblasts,AT2
9,normal,uncertainty030,AT2,Alveolar fibroblasts
9,normal,uncertainty030,Alveolar fibroblasts,AT2
9,normal,largest_library,AT2,Alveolar fibroblasts
9,normal,largest_library,Alveolar fibroblasts,AT2
10,LUAD,all_cells_primary,AT2,Alveolar fibroblasts
10,LUAD,all_cells_primary,AT2,Peribronchial fibroblasts
10,LUAD,all_cells_primary,Alveolar fibroblasts,AT2
10,LUAD,all_cells_primary,Alveolar fibroblasts,Alveolar macrophages
10,LUAD,all_cells_primary,Alveolar macrophages,AT2
10,LUAD,all_cells_primary,Alveolar macrophages,Alveolar fibroblasts
10,LUAD,all_cells_primary,Alveolar macrophages,Peribronchial fibroblasts
10,LUAD,all_cells_primary,Peribronchial fibroblasts,AT2
10,LUAD,all_cells_primary,Peribronchial fibroblasts,Alveolar macrophages
10,LUAD,cap500_seed1,AT2,Alveolar fibroblasts
10,LUAD,cap500_seed1,AT2,Peribronchial fibroblasts
10,LUAD,cap500_seed1,Alveolar fibroblasts,AT2
10,LUAD,cap500_seed1,Alveolar fibroblasts,Alveolar macrophages
10,LUAD,cap500_seed1,Alveolar macrophages,AT2
10,LUAD,cap500_seed1,Alveolar macrophages,Alveolar fibroblasts
10,LUAD,cap500_seed1,Alveolar macrophages,Peribronchial fibroblasts
10,LUAD,cap500_seed1,Peribronchial fibroblasts,AT2
10,LUAD,cap500_seed1,Peribronchial fibroblasts,Alveolar macrophages
10,LUAD,cap500_seed2,AT2,Alveolar fibroblasts
10,LUAD,cap500_seed2,AT2,Peribronchial fibroblasts
10,LUAD,cap500_seed2,Alveolar fibroblasts,AT2
10,LUAD,cap500_seed2,Alveolar fibroblasts,Alveolar macrophages
10,LUAD,cap500_seed2,Alveolar macrophages,AT2
10,LUAD,cap500_seed2,Alveolar macrophages,Alveolar fibroblasts
10,LUAD,cap500_seed2,Alveolar macrophages,Peribronchial fibroblasts
10,LUAD,cap500_seed2,Peribronchial fibroblasts,AT2
10,LUAD,cap500_seed2,Peribronchial fibroblasts,Alveolar macrophages
10,LUAD,floor30,AT2,Alveolar fibroblasts
10,LUAD,floor30,AT2,Peribronchial fibroblasts
10,LUAD,floor30,Alveolar fibroblasts,AT2
10,LUAD,floor30,Alveolar fibroblasts,Alveolar macrophages
10,LUAD,floor30,Alveolar fibroblasts,Interstitial Mph perivascular
10,LUAD,floor30,Alveolar macrophages,AT2
10,LUAD,floor30,Alveolar macrophages,Alveolar fibroblasts
10,LUAD,floor30,Alveolar macrophages,Peribronchial fibroblasts
10,LUAD,floor30,Interstitial Mph perivascular,AT2
10,LUAD,floor30,Interstitial Mph perivascular,Alveolar fibroblasts
10,LUAD,floor30,Interstitial Mph perivascular,Peribronchial fibroblasts
10,LUAD,floor30,Peribronchial fibroblasts,AT2
10,LUAD,floor30,Peribronchial fibroblasts,Alveolar macrophages
10,LUAD,floor30,Peribronchial fibroblasts,Interstitial Mph perivascular
10,LUAD,floor100,AT2,Alveolar fibroblasts
10,LUAD,floor100,Alveolar fibroblasts,AT2
10,LUAD,floor100,Alveolar fibroblasts,Alveolar macrophages
10,LUAD,floor100,Alveolar macrophages,AT2
10,LUAD,floor100,Alveolar macrophages,Alveolar fibroblasts
10,LUAD,expression005,AT2,Alveolar fibroblasts
10,LUAD,expression005,AT2,Peribronchial fibroblasts
10,LUAD,expression005,Alveolar fibroblasts,AT2
10,LUAD,expression005,Alveolar fibroblasts,Alveolar macrophages
10,LUAD,expression005,Alveolar macrophages,AT2
10,LUAD,expression005,Alveolar macrophages,Alveolar fibroblasts
10,LUAD,expression005,Alveolar macrophages,Peribronchial fibroblasts
10,LUAD,expression005,Peribronchial fibroblasts,AT2
10,LUAD,expression005,Peribronchial fibroblasts,Alveolar macrophages
10,LUAD,expression020,AT2,Alveolar fibroblasts
10,LUAD,expression020,AT2,Peribronchial fibroblasts
10,LUAD,expression020,Alveolar fibroblasts,AT2
10,LUAD,expression020,Alveolar fibroblasts,Alveolar macrophages
10,LUAD,expression020,Alveolar macrophages,AT2
10,LUAD,expression020,Alveolar macrophages,Alveolar fibroblasts
10,LUAD,expression020,Alveolar macrophages,Peribronchial fibroblasts
10,LUAD,expression020,Peribronchial fibroblasts,AT2
10,LUAD,expression020,Peribronchial fibroblasts,Alveolar macrophages
10,LUAD,uncertainty030,AT2,Alveolar fibroblasts
10,LUAD,uncertainty030,AT2,Peribronchial fibroblasts
10,LUAD,uncertainty030,Alveolar fibroblasts,AT2
10,LUAD,uncertainty030,Alveolar fibroblasts,Alveolar macrophages
10,LUAD,uncertainty030,Alveolar fibroblasts,Interstitial Mph perivascular
10,LUAD,uncertainty030,Alveolar fibroblasts,Monocyte-derived Mph
10,LUAD,uncertainty030,Alveolar macrophages,AT2
10,LUAD,uncertainty030,Alveolar macrophages,Alveolar fibroblasts
10,LUAD,uncertainty030,Alveolar macrophages,Peribronchial fibroblasts
10,LUAD,uncertainty030,Interstitial Mph perivascular,AT2
10,LUAD,uncertainty030,Interstitial Mph perivascular,Alveolar fibroblasts
10,LUAD,uncertainty030,Interstitial Mph perivascular,Peribronchial fibroblasts
10,LUAD,uncertainty030,Monocyte-derived Mph,AT2
10,LUAD,uncertainty030,Monocyte-derived Mph,Alveolar fibroblasts
10,LUAD,uncertainty030,Monocyte-derived Mph,Peribronchial fibroblasts
10,LUAD,uncertainty030,Peribronchial fibroblasts,AT2
10,LUAD,uncertainty030,Peribronchial fibroblasts,Alveolar macrophages
10,LUAD,uncertainty030,Peribronchial fibroblasts,Interstitial Mph perivascular
10,LUAD,uncertainty030,Peribronchial fibroblasts,Monocyte-derived Mph
10,LUAD,largest_library,AT2,Alveolar fibroblasts
10,LUAD,largest_library,AT2,Peribronchial fibroblasts
10,LUAD,largest_library,Alveolar fibroblasts,AT2
10,LUAD,largest_library,Alveolar fibroblasts,Alveolar macrophages
10,LUAD,largest_library,Alveolar macrophages,AT2
10,LUAD,largest_library,Alveolar macrophages,Alveolar fibroblasts
10,LUAD,largest_library,Alveolar macrophages,Peribronchial fibroblasts
10,LUAD,largest_library,Peribronchial fibroblasts,AT2
10,LUAD,largest_library,Peribronchial fibroblasts,Alveolar macrophages
10,MIA,all_cells_primary,AT2,Alveolar fibroblasts
10,MIA,all_cells_primary,Alveolar fibroblasts,AT2
10,MIA,cap500_seed1,AT2,Alveolar fibroblasts
10,MIA,cap500_seed1,Alveolar fibroblasts,AT2
10,MIA,cap500_seed2,AT2,Alveolar fibroblasts
10,MIA,cap500_seed2,Alveolar fibroblasts,AT2
10,MIA,floor30,AT2,Alveolar fibroblasts
10,MIA,floor30,Alveolar fibroblasts,AT2
10,MIA,floor100,AT2,Alveolar fibroblasts
10,MIA,floor100,Alveolar fibroblasts,AT2
10,MIA,expression005,AT2,Alveolar fibroblasts
10,MIA,expression005,Alveolar fibroblasts,AT2
10,MIA,expression020,AT2,Alveolar fibroblasts
10,MIA,expression020,Alveolar fibroblasts,AT2
10,MIA,uncertainty030,AT2,Alveolar fibroblasts
10,MIA,uncertainty030,Alveolar fibroblasts,AT2
10,MIA,largest_library,AT2,Alveolar fibroblasts
10,MIA,largest_library,Alveolar fibroblasts,AT2
10,normal,all_cells_primary,AT2,Alveolar fibroblasts
10,normal,all_cells_primary,Alveolar fibroblasts,AT2
10,normal,cap500_seed1,AT2,Alveolar fibroblasts
10,normal,cap500_seed1,Alveolar fibroblasts,AT2
10,normal,cap500_seed2,AT2,Alveolar fibroblasts
10,normal,cap500_seed2,Alveolar fibroblasts,AT2
10,normal,floor30,AT2,Alveolar fibroblasts
10,normal,floor30,Alveolar fibroblasts,AT2
10,normal,floor100,AT2,Alveolar fibroblasts
10,normal,floor100,Alveolar fibroblasts,AT2
10,normal,expression005,AT2,Alveolar fibroblasts
10,normal,expression005,Alveolar fibroblasts,AT2
10,normal,expression020,AT2,Alveolar fibroblasts
10,normal,expression020,Alveolar fibroblasts,AT2
10,normal,uncertainty030,AT2,Alveolar fibroblasts
10,normal,uncertainty030,Alveolar fibroblasts,AT2
10,normal,largest_library,AT2,Alveolar fibroblasts
10,normal,largest_library,Alveolar fibroblasts,AT2
11,AAH,all_cells_primary,AT2,Alveolar fibroblasts
11,AAH,all_cells_primary,Alveolar fibroblasts,AT2
11,AAH,all_cells_primary,Alveolar fibroblasts,Alveolar macrophages
11,AAH,all_cells_primary,Alveolar macrophages,AT2
11,AAH,all_cells_primary,Alveolar macrophages,Alveolar fibroblasts
11,AAH,cap500_seed1,AT2,Alveolar fibroblasts
11,AAH,cap500_seed1,Alveolar fibroblasts,AT2
11,AAH,cap500_seed1,Alveolar fibroblasts,Alveolar macrophages
11,AAH,cap500_seed1,Alveolar macrophages,AT2
11,AAH,cap500_seed1,Alveolar macrophages,Alveolar fibroblasts
11,AAH,cap500_seed2,AT2,Alveolar fibroblasts
11,AAH,cap500_seed2,Alveolar fibroblasts,AT2
11,AAH,cap500_seed2,Alveolar fibroblasts,Alveolar macrophages
11,AAH,cap500_seed2,Alveolar macrophages,AT2
11,AAH,cap500_seed2,Alveolar macrophages,Alveolar fibroblasts
11,AAH,floor30,AT2,Adventitial fibroblasts
11,AAH,floor30,AT2,Alveolar fibroblasts
11,AAH,floor30,Adventitial fibroblasts,AT2
11,AAH,floor30,Adventitial fibroblasts,Alveolar macrophages
11,AAH,floor30,Alveolar fibroblasts,AT2
11,AAH,floor30,Alveolar fibroblasts,Alveolar macrophages
11,AAH,floor30,Alveolar macrophages,AT2
11,AAH,floor30,Alveolar macrophages,Adventitial fibroblasts
11,AAH,floor30,Alveolar macrophages,Alveolar fibroblasts
11,AAH,floor100,AT2,Alveolar fibroblasts
11,AAH,floor100,Alveolar fibroblasts,AT2
11,AAH,expression005,AT2,Alveolar fibroblasts
11,AAH,expression005,Alveolar fibroblasts,AT2
11,AAH,expression005,Alveolar fibroblasts,Alveolar macrophages
11,AAH,expression005,Alveolar macrophages,AT2
11,AAH,expression005,Alveolar macrophages,Alveolar fibroblasts
11,AAH,expression020,AT2,Alveolar fibroblasts
11,AAH,expression020,Alveolar fibroblasts,AT2
11,AAH,expression020,Alveolar fibroblasts,Alveolar macrophages
11,AAH,expression020,Alveolar macrophages,AT2
11,AAH,expression020,Alveolar macrophages,Alveolar fibroblasts
11,AAH,uncertainty030,AT2,Adventitial fibroblasts
11,AAH,uncertainty030,AT2,Alveolar fibroblasts
11,AAH,uncertainty030,Adventitial fibroblasts,AT2
11,AAH,uncertainty030,Adventitial fibroblasts,Alveolar macrophages
11,AAH,uncertainty030,Alveolar fibroblasts,AT2
11,AAH,uncertainty030,Alveolar fibroblasts,Alveolar macrophages
11,AAH,uncertainty030,Alveolar macrophages,AT2
11,AAH,uncertainty030,Alveolar macrophages,Adventitial fibroblasts
11,AAH,uncertainty030,Alveolar macrophages,Alveolar fibroblasts
11,AAH,largest_library,AT2,Alveolar fibroblasts
11,AAH,largest_library,Alveolar fibroblasts,AT2
11,AAH,largest_library,Alveolar fibroblasts,Alveolar macrophages
11,AAH,largest_library,Alveolar macrophages,AT2
11,AAH,largest_library,Alveolar macrophages,Alveolar fibroblasts
11,LUAD,all_cells_primary,AT2,Alveolar fibroblasts
11,LUAD,all_cells_primary,AT2,Peribronchial fibroblasts
11,LUAD,all_cells_primary,Alveolar fibroblasts,AT2
11,LUAD,all_cells_primary,Alveolar fibroblasts,Alveolar macrophages
11,LUAD,all_cells_primary,Alveolar macrophages,AT2
11,LUAD,all_cells_primary,Alveolar macrophages,Alveolar fibroblasts
11,LUAD,all_cells_primary,Alveolar macrophages,Peribronchial fibroblasts
11,LUAD,all_cells_primary,Peribronchial fibroblasts,AT2
11,LUAD,all_cells_primary,Peribronchial fibroblasts,Alveolar macrophages
11,LUAD,cap500_seed1,AT2,Alveolar fibroblasts
11,LUAD,cap500_seed1,AT2,Peribronchial fibroblasts
11,LUAD,cap500_seed1,Alveolar fibroblasts,AT2
11,LUAD,cap500_seed1,Alveolar fibroblasts,Alveolar macrophages
11,LUAD,cap500_seed1,Alveolar macrophages,AT2
11,LUAD,cap500_seed1,Alveolar macrophages,Alveolar fibroblasts
11,LUAD,cap500_seed1,Alveolar macrophages,Peribronchial fibroblasts
11,LUAD,cap500_seed1,Peribronchial fibroblasts,AT2
11,LUAD,cap500_seed1,Peribronchial fibroblasts,Alveolar macrophages
11,LUAD,cap500_seed2,AT2,Alveolar fibroblasts
11,LUAD,cap500_seed2,AT2,Peribronchial fibroblasts
11,LUAD,cap500_seed2,Alveolar fibroblasts,AT2
11,LUAD,cap500_seed2,Alveolar fibroblasts,Alveolar macrophages
11,LUAD,cap500_seed2,Alveolar macrophages,AT2
11,LUAD,cap500_seed2,Alveolar macrophages,Alveolar fibroblasts
11,LUAD,cap500_seed2,Alveolar macrophages,Peribronchial fibroblasts
11,LUAD,cap500_seed2,Peribronchial fibroblasts,AT2
11,LUAD,cap500_seed2,Peribronchial fibroblasts,Alveolar macrophages
11,LUAD,floor30,AT2,Alveolar fibroblasts
11,LUAD,floor30,AT2,Peribronchial fibroblasts
11,LUAD,floor30,Alveolar fibroblasts,AT2
11,LUAD,floor30,Alveolar fibroblasts,Alveolar macrophages
11,LUAD,floor30,Alveolar fibroblasts,Interstitial Mph perivascular
11,LUAD,floor30,Alveolar macrophages,AT2
11,LUAD,floor30,Alveolar macrophages,Alveolar fibroblasts
11,LUAD,floor30,Alveolar macrophages,Peribronchial fibroblasts
11,LUAD,floor30,Interstitial Mph perivascular,AT2
11,LUAD,floor30,Interstitial Mph perivascular,Alveolar fibroblasts
11,LUAD,floor30,Interstitial Mph perivascular,Peribronchial fibroblasts
11,LUAD,floor30,Peribronchial fibroblasts,AT2
11,LUAD,floor30,Peribronchial fibroblasts,Alveolar macrophages
11,LUAD,floor30,Peribronchial fibroblasts,Interstitial Mph perivascular
11,LUAD,floor100,AT2,Alveolar fibroblasts
11,LUAD,floor100,AT2,Peribronchial fibroblasts
11,LUAD,floor100,Alveolar fibroblasts,AT2
11,LUAD,floor100,Alveolar fibroblasts,Alveolar macrophages
11,LUAD,floor100,Alveolar macrophages,AT2
11,LUAD,floor100,Alveolar macrophages,Alveolar fibroblasts
11,LUAD,floor100,Alveolar macrophages,Peribronchial fibroblasts
11,LUAD,floor100,Peribronchial fibroblasts,AT2
11,LUAD,floor100,Peribronchial fibroblasts,Alveolar macrophages
11,LUAD,expression005,AT2,Alveolar fibroblasts
11,LUAD,expression005,AT2,Peribronchial fibroblasts
11,LUAD,expression005,Alveolar fibroblasts,AT2
11,LUAD,expression005,Alveolar fibroblasts,Alveolar macrophages
11,LUAD,expression005,Alveolar macrophages,AT2
11,LUAD,expression005,Alveolar macrophages,Alveolar fibroblasts
11,LUAD,expression005,Alveolar macrophages,Peribronchial fibroblasts
11,LUAD,expression005,Peribronchial fibroblasts,AT2
11,LUAD,expression005,Peribronchial fibroblasts,Alveolar macrophages
11,LUAD,expression020,AT2,Alveolar fibroblasts
11,LUAD,expression020,AT2,Peribronchial fibroblasts
11,LUAD,expression020,Alveolar fibroblasts,AT2
11,LUAD,expression020,Alveolar fibroblasts,Alveolar macrophages
11,LUAD,expression020,Alveolar macrophages,AT2
11,LUAD,expression020,Alveolar macrophages,Alveolar fibroblasts
11,LUAD,expression020,Alveolar macrophages,Peribronchial fibroblasts
11,LUAD,expression020,Peribronchial fibroblasts,AT2
11,LUAD,expression020,Peribronchial fibroblasts,Alveolar macrophages
11,LUAD,uncertainty030,AT2,Alveolar fibroblasts
11,LUAD,uncertainty030,AT2,Peribronchial fibroblasts
11,LUAD,uncertainty030,Alveolar fibroblasts,AT2
11,LUAD,uncertainty030,Alveolar fibroblasts,Alveolar macrophages
11,LUAD,uncertainty030,Alveolar fibroblasts,Interstitial Mph perivascular
11,LUAD,uncertainty030,Alveolar fibroblasts,Monocyte-derived Mph
11,LUAD,uncertainty030,Alveolar macrophages,AT2
11,LUAD,uncertainty030,Alveolar macrophages,Alveolar fibroblasts
11,LUAD,uncertainty030,Alveolar macrophages,Peribronchial fibroblasts
11,LUAD,uncertainty030,Interstitial Mph perivascular,AT2
11,LUAD,uncertainty030,Interstitial Mph perivascular,Alveolar fibroblasts
11,LUAD,uncertainty030,Interstitial Mph perivascular,Peribronchial fibroblasts
11,LUAD,uncertainty030,Monocyte-derived Mph,AT2
11,LUAD,uncertainty030,Monocyte-derived Mph,Alveolar fibroblasts
11,LUAD,uncertainty030,Monocyte-derived Mph,Peribronchial fibroblasts
11,LUAD,uncertainty030,Peribronchial fibroblasts,AT2
11,LUAD,uncertainty030,Peribronchial fibroblasts,Alveolar macrophages
11,LUAD,uncertainty030,Peribronchial fibroblasts,Interstitial Mph perivascular
11,LUAD,uncertainty030,Peribronchial fibroblasts,Monocyte-derived Mph
11,LUAD,largest_library,AT2,Alveolar fibroblasts
11,LUAD,largest_library,AT2,Peribronchial fibroblasts
11,LUAD,largest_library,Alveolar fibroblasts,AT2
11,LUAD,largest_library,Alveolar fibroblasts,Alveolar macrophages
11,LUAD,largest_library,Alveolar macrophages,AT2
11,LUAD,largest_library,Alveolar macrophages,Alveolar fibroblasts
11,LUAD,largest_library,Alveolar macrophages,Peribronchial fibroblasts
11,LUAD,largest_library,Peribronchial fibroblasts,AT2
11,LUAD,largest_library,Peribronchial fibroblasts,Alveolar macrophages
11,normal,all_cells_primary,AT2,Alveolar fibroblasts
11,normal,all_cells_primary,Alveolar fibroblasts,AT2
11,normal,cap500_seed1,AT2,Alveolar fibroblasts
11,normal,cap500_seed1,Alveolar fibroblasts,AT2
11,normal,cap500_seed2,AT2,Alveolar fibroblasts
11,normal,cap500_seed2,Alveolar fibroblasts,AT2
11,normal,floor30,AT2,Alveolar fibroblasts
11,normal,floor30,Alveolar fibroblasts,AT2
11,normal,floor100,AT2,Alveolar fibroblasts
11,normal,floor100,Alveolar fibroblasts,AT2
11,normal,expression005,AT2,Alveolar fibroblasts
11,normal,expression005,Alveolar fibroblasts,AT2
11,normal,expression020,AT2,Alveolar fibroblasts
11,normal,expression020,Alveolar fibroblasts,AT2
11,normal,uncertainty030,AT2,Alveolar fibroblasts
11,normal,uncertainty030,Alveolar fibroblasts,AT2
11,normal,largest_library,AT2,Alveolar fibroblasts
11,normal,largest_library,Alveolar fibroblasts,AT2
12,AIS,all_cells_primary,AT2,Alveolar fibroblasts
12,AIS,all_cells_primary,Alveolar fibroblasts,AT2
12,AIS,cap500_seed1,AT2,Alveolar fibroblasts
12,AIS,cap500_seed1,Alveolar fibroblasts,AT2
12,AIS,cap500_seed2,AT2,Alveolar fibroblasts
12,AIS,cap500_seed2,Alveolar fibroblasts,AT2
12,AIS,floor30,AT2,Alveolar fibroblasts
12,AIS,floor30,Alveolar fibroblasts,AT2
12,AIS,floor30,Alveolar fibroblasts,Alveolar macrophages
12,AIS,floor30,Alveolar macrophages,AT2
12,AIS,floor30,Alveolar macrophages,Alveolar fibroblasts
12,AIS,floor100,AT2,Alveolar fibroblasts
12,AIS,floor100,Alveolar fibroblasts,AT2
12,AIS,expression005,AT2,Alveolar fibroblasts
12,AIS,expression005,Alveolar fibroblasts,AT2
12,AIS,expression020,AT2,Alveolar fibroblasts
12,AIS,expression020,Alveolar fibroblasts,AT2
12,AIS,uncertainty030,AT2,Alveolar fibroblasts
12,AIS,uncertainty030,Alveolar fibroblasts,AT2
12,AIS,largest_library,AT2,Alveolar fibroblasts
12,AIS,largest_library,Alveolar fibroblasts,AT2
12,LUAD,all_cells_primary,AT2,Alveolar fibroblasts
12,LUAD,all_cells_primary,Alveolar fibroblasts,AT2
12,LUAD,cap500_seed1,AT2,Alveolar fibroblasts
12,LUAD,cap500_seed1,Alveolar fibroblasts,AT2
12,LUAD,cap500_seed2,AT2,Alveolar fibroblasts
12,LUAD,cap500_seed2,Alveolar fibroblasts,AT2
12,LUAD,floor30,AT2,Alveolar fibroblasts
12,LUAD,floor30,Alveolar fibroblasts,AT2
12,LUAD,floor30,Alveolar fibroblasts,Alveolar macrophages
12,LUAD,floor30,Alveolar macrophages,AT2
12,LUAD,floor30,Alveolar macrophages,Alveolar fibroblasts
12,LUAD,floor100,AT2,Alveolar fibroblasts
12,LUAD,floor100,Alveolar fibroblasts,AT2
12,LUAD,expression005,AT2,Alveolar fibroblasts
12,LUAD,expression005,Alveolar fibroblasts,AT2
12,LUAD,expression020,AT2,Alveolar fibroblasts
12,LUAD,expression020,Alveolar fibroblasts,AT2
12,LUAD,uncertainty030,AT2,Alveolar fibroblasts
12,LUAD,uncertainty030,Alveolar fibroblasts,AT2
12,LUAD,uncertainty030,Alveolar fibroblasts,Alveolar macrophages
12,LUAD,uncertainty030,Alveolar macrophages,AT2
12,LUAD,uncertainty030,Alveolar macrophages,Alveolar fibroblasts
12,LUAD,largest_library,AT2,Alveolar fibroblasts
12,LUAD,largest_library,Alveolar fibroblasts,AT2
12,normal,all_cells_primary,AT2,Alveolar fibroblasts
12,normal,all_cells_primary,Alveolar fibroblasts,AT2
12,normal,cap500_seed1,AT2,Alveolar fibroblasts
12,normal,cap500_seed1,Alveolar fibroblasts,AT2
12,normal,cap500_seed2,AT2,Alveolar fibroblasts
12,normal,cap500_seed2,Alveolar fibroblasts,AT2
12,normal,floor30,AT2,Alveolar fibroblasts
12,normal,floor30,Alveolar fibroblasts,AT2
12,normal,floor30,Alveolar fibroblasts,Alveolar macrophages
12,normal,floor30,Alveolar macrophages,AT2
12,normal,floor30,Alveolar macrophages,Alveolar fibroblasts
12,normal,floor100,AT2,Alveolar fibroblasts
12,normal,floor100,Alveolar fibroblasts,AT2
12,normal,expression005,AT2,Alveolar fibroblasts
12,normal,expression005,Alveolar fibroblasts,AT2
12,normal,expression020,AT2,Alveolar fibroblasts
12,normal,expression020,Alveolar fibroblasts,AT2
12,normal,uncertainty030,AT2,Alveolar fibroblasts
12,normal,uncertainty030,Alveolar fibroblasts,AT2
12,normal,largest_library,AT2,Alveolar fibroblasts
12,normal,largest_library,Alveolar fibroblasts,AT2
13,LUAD,all_cells_primary,AT2,Alveolar fibroblasts
13,LUAD,all_cells_primary,Alveolar fibroblasts,AT2
13,LUAD,cap500_seed1,AT2,Alveolar fibroblasts
13,LUAD,cap500_seed1,Alveolar fibroblasts,AT2
13,LUAD,cap500_seed2,AT2,Alveolar fibroblasts
13,LUAD,cap500_seed2,Alveolar fibroblasts,AT2
13,LUAD,floor30,AT2,Alveolar fibroblasts
13,LUAD,floor30,AT2,Peribronchial fibroblasts
13,LUAD,floor30,Alveolar fibroblasts,AT2
13,LUAD,floor30,Alveolar fibroblasts,Alveolar macrophages
13,LUAD,floor30,Alveolar fibroblasts,Interstitial Mph perivascular
13,LUAD,floor30,Alveolar macrophages,AT2
13,LUAD,floor30,Alveolar macrophages,Alveolar fibroblasts
13,LUAD,floor30,Alveolar macrophages,Peribronchial fibroblasts
13,LUAD,floor30,Interstitial Mph perivascular,AT2
13,LUAD,floor30,Interstitial Mph perivascular,Alveolar fibroblasts
13,LUAD,floor30,Interstitial Mph perivascular,Peribronchial fibroblasts
13,LUAD,floor30,Peribronchial fibroblasts,AT2
13,LUAD,floor30,Peribronchial fibroblasts,Alveolar macrophages
13,LUAD,floor30,Peribronchial fibroblasts,Interstitial Mph perivascular
13,LUAD,floor100,AT2,Alveolar fibroblasts
13,LUAD,floor100,Alveolar fibroblasts,AT2
13,LUAD,expression005,AT2,Alveolar fibroblasts
13,LUAD,expression005,Alveolar fibroblasts,AT2
13,LUAD,expression020,AT2,Alveolar fibroblasts
13,LUAD,expression020,Alveolar fibroblasts,AT2
13,LUAD,uncertainty030,AT2,Alveolar fibroblasts
13,LUAD,uncertainty030,AT2,Peribronchial fibroblasts
13,LUAD,uncertainty030,Alveolar fibroblasts,AT2
13,LUAD,uncertainty030,Alveolar fibroblasts,Interstitial Mph perivascular
13,LUAD,uncertainty030,Interstitial Mph perivascular,AT2
13,LUAD,uncertainty030,Interstitial Mph perivascular,Alveolar fibroblasts
13,LUAD,uncertainty030,Interstitial Mph perivascular,Peribronchial fibroblasts
13,LUAD,uncertainty030,Peribronchial fibroblasts,AT2
13,LUAD,uncertainty030,Peribronchial fibroblasts,Interstitial Mph perivascular
13,LUAD,largest_library,AT2,Alveolar fibroblasts
13,LUAD,largest_library,Alveolar fibroblasts,AT2
13,MIA,all_cells_primary,AT2,Alveolar fibroblasts
13,MIA,all_cells_primary,Alveolar fibroblasts,AT2
13,MIA,all_cells_primary,Alveolar fibroblasts,Alveolar macrophages
13,MIA,all_cells_primary,Alveolar macrophages,AT2
13,MIA,all_cells_primary,Alveolar macrophages,Alveolar fibroblasts
13,MIA,cap500_seed1,AT2,Alveolar fibroblasts
13,MIA,cap500_seed1,Alveolar fibroblasts,AT2
13,MIA,cap500_seed1,Alveolar fibroblasts,Alveolar macrophages
13,MIA,cap500_seed1,Alveolar macrophages,AT2
13,MIA,cap500_seed1,Alveolar macrophages,Alveolar fibroblasts
13,MIA,cap500_seed2,AT2,Alveolar fibroblasts
13,MIA,cap500_seed2,Alveolar fibroblasts,AT2
13,MIA,cap500_seed2,Alveolar fibroblasts,Alveolar macrophages
13,MIA,cap500_seed2,Alveolar macrophages,AT2
13,MIA,cap500_seed2,Alveolar macrophages,Alveolar fibroblasts
13,MIA,floor30,AT2,Alveolar fibroblasts
13,MIA,floor30,Alveolar fibroblasts,AT2
13,MIA,floor30,Alveolar fibroblasts,Alveolar macrophages
13,MIA,floor30,Alveolar macrophages,AT2
13,MIA,floor30,Alveolar macrophages,Alveolar fibroblasts
13,MIA,floor100,AT2,Alveolar fibroblasts
13,MIA,floor100,Alveolar fibroblasts,AT2
13,MIA,expression005,AT2,Alveolar fibroblasts
13,MIA,expression005,Alveolar fibroblasts,AT2
13,MIA,expression005,Alveolar fibroblasts,Alveolar macrophages
13,MIA,expression005,Alveolar macrophages,AT2
13,MIA,expression005,Alveolar macrophages,Alveolar fibroblasts
13,MIA,expression020,AT2,Alveolar fibroblasts
13,MIA,expression020,Alveolar fibroblasts,AT2
13,MIA,expression020,Alveolar fibroblasts,Alveolar macrophages
13,MIA,expression020,Alveolar macrophages,AT2
13,MIA,expression020,Alveolar macrophages,Alveolar fibroblasts
13,MIA,uncertainty030,AT2,Alveolar fibroblasts
13,MIA,uncertainty030,Alveolar fibroblasts,AT2
13,MIA,uncertainty030,Alveolar fibroblasts,Alveolar macrophages
13,MIA,uncertainty030,Alveolar macrophages,AT2
13,MIA,uncertainty030,Alveolar macrophages,Alveolar fibroblasts
13,MIA,largest_library,AT2,Alveolar fibroblasts
13,MIA,largest_library,Alveolar fibroblasts,AT2
13,MIA,largest_library,Alveolar fibroblasts,Alveolar macrophages
13,MIA,largest_library,Alveolar macrophages,AT2
13,MIA,largest_library,Alveolar macrophages,Alveolar fibroblasts
13,normal,all_cells_primary,AT2,Alveolar fibroblasts
13,normal,all_cells_primary,Alveolar fibroblasts,AT2
13,normal,cap500_seed1,AT2,Alveolar fibroblasts
13,normal,cap500_seed1,Alveolar fibroblasts,AT2
13,normal,cap500_seed2,AT2,Alveolar fibroblasts
13,normal,cap500_seed2,Alveolar fibroblasts,AT2
13,normal,floor30,AT2,Alveolar fibroblasts
13,normal,floor30,Alveolar fibroblasts,AT2
13,normal,expression005,AT2,Alveolar fibroblasts
13,normal,expression005,Alveolar fibroblasts,AT2
13,normal,expression020,AT2,Alveolar fibroblasts
13,normal,expression020,Alveolar fibroblasts,AT2
13,normal,uncertainty030,AT2,Alveolar fibroblasts
13,normal,uncertainty030,Alveolar fibroblasts,AT2
13,normal,largest_library,AT2,Alveolar fibroblasts
13,normal,largest_library,Alveolar fibroblasts,AT2
14,AIS,all_cells_primary,AT2,Alveolar fibroblasts
14,AIS,all_cells_primary,Alveolar fibroblasts,AT2
14,AIS,all_cells_primary,Alveolar fibroblasts,Alveolar macrophages
14,AIS,all_cells_primary,Alveolar macrophages,AT2
14,AIS,all_cells_primary,Alveolar macrophages,Alveolar fibroblasts
14,AIS,cap500_seed1,AT2,Alveolar fibroblasts
14,AIS,cap500_seed1,Alveolar fibroblasts,AT2
14,AIS,cap500_seed1,Alveolar fibroblasts,Alveolar macrophages
14,AIS,cap500_seed1,Alveolar macrophages,AT2
14,AIS,cap500_seed1,Alveolar macrophages,Alveolar fibroblasts
14,AIS,cap500_seed2,AT2,Alveolar fibroblasts
14,AIS,cap500_seed2,Alveolar fibroblasts,AT2
14,AIS,cap500_seed2,Alveolar fibroblasts,Alveolar macrophages
14,AIS,cap500_seed2,Alveolar macrophages,AT2
14,AIS,cap500_seed2,Alveolar macrophages,Alveolar fibroblasts
14,AIS,floor30,AT2,Alveolar fibroblasts
14,AIS,floor30,Alveolar fibroblasts,AT2
14,AIS,floor30,Alveolar fibroblasts,Alveolar macrophages
14,AIS,floor30,Alveolar macrophages,AT2
14,AIS,floor30,Alveolar macrophages,Alveolar fibroblasts
14,AIS,floor100,AT2,Alveolar fibroblasts
14,AIS,floor100,Alveolar fibroblasts,AT2
14,AIS,floor100,Alveolar fibroblasts,Alveolar macrophages
14,AIS,floor100,Alveolar macrophages,AT2
14,AIS,floor100,Alveolar macrophages,Alveolar fibroblasts
14,AIS,expression005,AT2,Alveolar fibroblasts
14,AIS,expression005,Alveolar fibroblasts,AT2
14,AIS,expression005,Alveolar fibroblasts,Alveolar macrophages
14,AIS,expression005,Alveolar macrophages,AT2
14,AIS,expression005,Alveolar macrophages,Alveolar fibroblasts
14,AIS,expression020,AT2,Alveolar fibroblasts
14,AIS,expression020,Alveolar fibroblasts,AT2
14,AIS,expression020,Alveolar fibroblasts,Alveolar macrophages
14,AIS,expression020,Alveolar macrophages,AT2
14,AIS,expression020,Alveolar macrophages,Alveolar fibroblasts
14,AIS,uncertainty030,AT2,Alveolar fibroblasts
14,AIS,uncertainty030,Alveolar fibroblasts,AT2
14,AIS,uncertainty030,Alveolar fibroblasts,Alveolar macrophages
14,AIS,uncertainty030,Alveolar macrophages,AT2
14,AIS,uncertainty030,Alveolar macrophages,Alveolar fibroblasts
14,AIS,largest_library,AT2,Alveolar fibroblasts
14,AIS,largest_library,Alveolar fibroblasts,AT2
14,AIS,largest_library,Alveolar fibroblasts,Alveolar macrophages
14,AIS,largest_library,Alveolar macrophages,AT2
14,AIS,largest_library,Alveolar macrophages,Alveolar fibroblasts
14,LUAD,all_cells_primary,AT2,Alveolar fibroblasts
14,LUAD,all_cells_primary,Alveolar fibroblasts,AT2
14,LUAD,all_cells_primary,Alveolar fibroblasts,Alveolar macrophages
14,LUAD,all_cells_primary,Alveolar macrophages,AT2
14,LUAD,all_cells_primary,Alveolar macrophages,Alveolar fibroblasts
14,LUAD,cap500_seed1,AT2,Alveolar fibroblasts
14,LUAD,cap500_seed1,Alveolar fibroblasts,AT2
14,LUAD,cap500_seed1,Alveolar fibroblasts,Alveolar macrophages
14,LUAD,cap500_seed1,Alveolar macrophages,AT2
14,LUAD,cap500_seed1,Alveolar macrophages,Alveolar fibroblasts
14,LUAD,cap500_seed2,AT2,Alveolar fibroblasts
14,LUAD,cap500_seed2,Alveolar fibroblasts,AT2
14,LUAD,cap500_seed2,Alveolar fibroblasts,Alveolar macrophages
14,LUAD,cap500_seed2,Alveolar macrophages,AT2
14,LUAD,cap500_seed2,Alveolar macrophages,Alveolar fibroblasts
14,LUAD,floor30,AT2,Alveolar fibroblasts
14,LUAD,floor30,Alveolar fibroblasts,AT2
14,LUAD,floor30,Alveolar fibroblasts,Alveolar macrophages
14,LUAD,floor30,Alveolar macrophages,AT2
14,LUAD,floor30,Alveolar macrophages,Alveolar fibroblasts
14,LUAD,floor100,AT2,Alveolar fibroblasts
14,LUAD,floor100,Alveolar fibroblasts,AT2
14,LUAD,expression005,AT2,Alveolar fibroblasts
14,LUAD,expression005,Alveolar fibroblasts,AT2
14,LUAD,expression005,Alveolar fibroblasts,Alveolar macrophages
14,LUAD,expression005,Alveolar macrophages,AT2
14,LUAD,expression005,Alveolar macrophages,Alveolar fibroblasts
14,LUAD,expression020,AT2,Alveolar fibroblasts
14,LUAD,expression020,Alveolar fibroblasts,AT2
14,LUAD,expression020,Alveolar fibroblasts,Alveolar macrophages
14,LUAD,expression020,Alveolar macrophages,AT2
14,LUAD,expression020,Alveolar macrophages,Alveolar fibroblasts
14,LUAD,uncertainty030,AT2,Alveolar fibroblasts
14,LUAD,uncertainty030,Alveolar fibroblasts,AT2
14,LUAD,uncertainty030,Alveolar fibroblasts,Alveolar macrophages
14,LUAD,uncertainty030,Alveolar macrophages,AT2
14,LUAD,uncertainty030,Alveolar macrophages,Alveolar fibroblasts
14,LUAD,largest_library,AT2,Alveolar fibroblasts
14,LUAD,largest_library,Alveolar fibroblasts,AT2
14,LUAD,largest_library,Alveolar fibroblasts,Alveolar macrophages
14,LUAD,largest_library,Alveolar macrophages,AT2
14,LUAD,largest_library,Alveolar macrophages,Alveolar fibroblasts
14,normal,all_cells_primary,AT2,Alveolar fibroblasts
14,normal,all_cells_primary,Alveolar fibroblasts,AT2
14,normal,all_cells_primary,Alveolar fibroblasts,Alveolar macrophages
14,normal,all_cells_primary,Alveolar macrophages,AT2
14,normal,all_cells_primary,Alveolar macrophages,Alveolar fibroblasts
14,normal,cap500_seed1,AT2,Alveolar fibroblasts
14,normal,cap500_seed1,Alveolar fibroblasts,AT2
14,normal,cap500_seed1,Alveolar fibroblasts,Alveolar macrophages
14,normal,cap500_seed1,Alveolar macrophages,AT2
14,normal,cap500_seed1,Alveolar macrophages,Alveolar fibroblasts
14,normal,cap500_seed2,AT2,Alveolar fibroblasts
14,normal,cap500_seed2,Alveolar fibroblasts,AT2
14,normal,cap500_seed2,Alveolar fibroblasts,Alveolar macrophages
14,normal,cap500_seed2,Alveolar macrophages,AT2
14,normal,cap500_seed2,Alveolar macrophages,Alveolar fibroblasts
14,normal,floor30,AT2,Alveolar fibroblasts
14,normal,floor30,Alveolar fibroblasts,AT2
14,normal,floor30,Alveolar fibroblasts,Alveolar macrophages
14,normal,floor30,Alveolar macrophages,AT2
14,normal,floor30,Alveolar macrophages,Alveolar fibroblasts
14,normal,expression005,AT2,Alveolar fibroblasts
14,normal,expression005,Alveolar fibroblasts,AT2
14,normal,expression005,Alveolar fibroblasts,Alveolar macrophages
14,normal,expression005,Alveolar macrophages,AT2
14,normal,expression005,Alveolar macrophages,Alveolar fibroblasts
14,normal,expression020,AT2,Alveolar fibroblasts
14,normal,expression020,Alveolar fibroblasts,AT2
14,normal,expression020,Alveolar fibroblasts,Alveolar macrophages
14,normal,expression020,Alveolar macrophages,AT2
14,normal,expression020,Alveolar macrophages,Alveolar fibroblasts
14,normal,uncertainty030,AT2,Alveolar fibroblasts
14,normal,uncertainty030,Alveolar fibroblasts,AT2
14,normal,uncertainty030,Alveolar fibroblasts,Alveolar macrophages
14,normal,uncertainty030,Alveolar macrophages,AT2
14,normal,uncertainty030,Alveolar macrophages,Alveolar fibroblasts
14,normal,largest_library,AT2,Alveolar fibroblasts
14,normal,largest_library,Alveolar fibroblasts,AT2
14,normal,largest_library,Alveolar fibroblasts,Alveolar macrophages
14,normal,largest_library,Alveolar macrophages,AT2
14,normal,largest_library,Alveolar macrophages,Alveolar fibroblasts
15,LUAD,all_cells_primary,AT2,Alveolar fibroblasts
15,LUAD,all_cells_primary,AT2,Peribronchial fibroblasts
15,LUAD,all_cells_primary,Alveolar fibroblasts,AT2
15,LUAD,all_cells_primary,Alveolar fibroblasts,Alveolar macrophages
15,LUAD,all_cells_primary,Alveolar fibroblasts,Monocyte-derived Mph
15,LUAD,all_cells_primary,Alveolar macrophages,AT2
15,LUAD,all_cells_primary,Alveolar macrophages,Alveolar fibroblasts
15,LUAD,all_cells_primary,Alveolar macrophages,Peribronchial fibroblasts
15,LUAD,all_cells_primary,Monocyte-derived Mph,AT2
15,LUAD,all_cells_primary,Monocyte-derived Mph,Alveolar fibroblasts
15,LUAD,all_cells_primary,Monocyte-derived Mph,Peribronchial fibroblasts
15,LUAD,all_cells_primary,Peribronchial fibroblasts,AT2
15,LUAD,all_cells_primary,Peribronchial fibroblasts,Alveolar macrophages
15,LUAD,all_cells_primary,Peribronchial fibroblasts,Monocyte-derived Mph
15,LUAD,cap500_seed1,AT2,Alveolar fibroblasts
15,LUAD,cap500_seed1,AT2,Peribronchial fibroblasts
15,LUAD,cap500_seed1,Alveolar fibroblasts,AT2
15,LUAD,cap500_seed1,Alveolar fibroblasts,Alveolar macrophages
15,LUAD,cap500_seed1,Alveolar fibroblasts,Monocyte-derived Mph
15,LUAD,cap500_seed1,Alveolar macrophages,AT2
15,LUAD,cap500_seed1,Alveolar macrophages,Alveolar fibroblasts
15,LUAD,cap500_seed1,Alveolar macrophages,Peribronchial fibroblasts
15,LUAD,cap500_seed1,Monocyte-derived Mph,AT2
15,LUAD,cap500_seed1,Monocyte-derived Mph,Alveolar fibroblasts
15,LUAD,cap500_seed1,Monocyte-derived Mph,Peribronchial fibroblasts
15,LUAD,cap500_seed1,Peribronchial fibroblasts,AT2
15,LUAD,cap500_seed1,Peribronchial fibroblasts,Alveolar macrophages
15,LUAD,cap500_seed1,Peribronchial fibroblasts,Monocyte-derived Mph
15,LUAD,cap500_seed2,AT2,Alveolar fibroblasts
15,LUAD,cap500_seed2,AT2,Peribronchial fibroblasts
15,LUAD,cap500_seed2,Alveolar fibroblasts,AT2
15,LUAD,cap500_seed2,Alveolar fibroblasts,Alveolar macrophages
15,LUAD,cap500_seed2,Alveolar fibroblasts,Monocyte-derived Mph
15,LUAD,cap500_seed2,Alveolar macrophages,AT2
15,LUAD,cap500_seed2,Alveolar macrophages,Alveolar fibroblasts
15,LUAD,cap500_seed2,Alveolar macrophages,Peribronchial fibroblasts
15,LUAD,cap500_seed2,Monocyte-derived Mph,AT2
15,LUAD,cap500_seed2,Monocyte-derived Mph,Alveolar fibroblasts
15,LUAD,cap500_seed2,Monocyte-derived Mph,Peribronchial fibroblasts
15,LUAD,cap500_seed2,Peribronchial fibroblasts,AT2
15,LUAD,cap500_seed2,Peribronchial fibroblasts,Alveolar macrophages
15,LUAD,cap500_seed2,Peribronchial fibroblasts,Monocyte-derived Mph
15,LUAD,floor30,AT2,Adventitial fibroblasts
15,LUAD,floor30,AT2,Alveolar fibroblasts
15,LUAD,floor30,AT2,Peribronchial fibroblasts
15,LUAD,floor30,Adventitial fibroblasts,AT2
15,LUAD,floor30,Adventitial fibroblasts,Alveolar macrophages
15,LUAD,floor30,Adventitial fibroblasts,Monocyte-derived Mph
15,LUAD,floor30,Alveolar fibroblasts,AT2
15,LUAD,floor30,Alveolar fibroblasts,Alveolar macrophages
15,LUAD,floor30,Alveolar fibroblasts,Monocyte-derived Mph
15,LUAD,floor30,Alveolar macrophages,AT2
15,LUAD,floor30,Alveolar macrophages,Adventitial fibroblasts
15,LUAD,floor30,Alveolar macrophages,Alveolar fibroblasts
15,LUAD,floor30,Alveolar macrophages,Peribronchial fibroblasts
15,LUAD,floor30,Monocyte-derived Mph,AT2
15,LUAD,floor30,Monocyte-derived Mph,Adventitial fibroblasts
15,LUAD,floor30,Monocyte-derived Mph,Alveolar fibroblasts
15,LUAD,floor30,Monocyte-derived Mph,Peribronchial fibroblasts
15,LUAD,floor30,Peribronchial fibroblasts,AT2
15,LUAD,floor30,Peribronchial fibroblasts,Alveolar macrophages
15,LUAD,floor30,Peribronchial fibroblasts,Monocyte-derived Mph
15,LUAD,floor100,AT2,Alveolar fibroblasts
15,LUAD,floor100,AT2,Peribronchial fibroblasts
15,LUAD,floor100,Alveolar fibroblasts,AT2
15,LUAD,floor100,Peribronchial fibroblasts,AT2
15,LUAD,expression005,AT2,Alveolar fibroblasts
15,LUAD,expression005,AT2,Peribronchial fibroblasts
15,LUAD,expression005,Alveolar fibroblasts,AT2
15,LUAD,expression005,Alveolar fibroblasts,Alveolar macrophages
15,LUAD,expression005,Alveolar fibroblasts,Monocyte-derived Mph
15,LUAD,expression005,Alveolar macrophages,AT2
15,LUAD,expression005,Alveolar macrophages,Alveolar fibroblasts
15,LUAD,expression005,Alveolar macrophages,Peribronchial fibroblasts
15,LUAD,expression005,Monocyte-derived Mph,AT2
15,LUAD,expression005,Monocyte-derived Mph,Alveolar fibroblasts
15,LUAD,expression005,Monocyte-derived Mph,Peribronchial fibroblasts
15,LUAD,expression005,Peribronchial fibroblasts,AT2
15,LUAD,expression005,Peribronchial fibroblasts,Alveolar macrophages
15,LUAD,expression005,Peribronchial fibroblasts,Monocyte-derived Mph
15,LUAD,expression020,AT2,Alveolar fibroblasts
15,LUAD,expression020,AT2,Peribronchial fibroblasts
15,LUAD,expression020,Alveolar fibroblasts,AT2
15,LUAD,expression020,Alveolar fibroblasts,Alveolar macrophages
15,LUAD,expression020,Alveolar fibroblasts,Monocyte-derived Mph
15,LUAD,expression020,Alveolar macrophages,AT2
15,LUAD,expression020,Alveolar macrophages,Alveolar fibroblasts
15,LUAD,expression020,Alveolar macrophages,Peribronchial fibroblasts
15,LUAD,expression020,Monocyte-derived Mph,AT2
15,LUAD,expression020,Monocyte-derived Mph,Alveolar fibroblasts
15,LUAD,expression020,Monocyte-derived Mph,Peribronchial fibroblasts
15,LUAD,expression020,Peribronchial fibroblasts,AT2
15,LUAD,expression020,Peribronchial fibroblasts,Alveolar macrophages
15,LUAD,expression020,Peribronchial fibroblasts,Monocyte-derived Mph
15,LUAD,uncertainty030,AT2,Alveolar fibroblasts
15,LUAD,uncertainty030,AT2,Peribronchial fibroblasts
15,LUAD,uncertainty030,Alveolar fibroblasts,AT2
15,LUAD,uncertainty030,Alveolar fibroblasts,Alveolar macrophages
15,LUAD,uncertainty030,Alveolar fibroblasts,Monocyte-derived Mph
15,LUAD,uncertainty030,Alveolar macrophages,AT2
15,LUAD,uncertainty030,Alveolar macrophages,Alveolar fibroblasts
15,LUAD,uncertainty030,Alveolar macrophages,Peribronchial fibroblasts
15,LUAD,uncertainty030,Monocyte-derived Mph,AT2
15,LUAD,uncertainty030,Monocyte-derived Mph,Alveolar fibroblasts
15,LUAD,uncertainty030,Monocyte-derived Mph,Peribronchial fibroblasts
15,LUAD,uncertainty030,Peribronchial fibroblasts,AT2
15,LUAD,uncertainty030,Peribronchial fibroblasts,Alveolar macrophages
15,LUAD,uncertainty030,Peribronchial fibroblasts,Monocyte-derived Mph
15,LUAD,largest_library,AT2,Alveolar fibroblasts
15,LUAD,largest_library,AT2,Peribronchial fibroblasts
15,LUAD,largest_library,Alveolar fibroblasts,AT2
15,LUAD,largest_library,Alveolar fibroblasts,Alveolar macrophages
15,LUAD,largest_library,Alveolar fibroblasts,Monocyte-derived Mph
15,LUAD,largest_library,Alveolar macrophages,AT2
15,LUAD,largest_library,Alveolar macrophages,Alveolar fibroblasts
15,LUAD,largest_library,Alveolar macrophages,Peribronchial fibroblasts
15,LUAD,largest_library,Monocyte-derived Mph,AT2
15,LUAD,largest_library,Monocyte-derived Mph,Alveolar fibroblasts
15,LUAD,largest_library,Monocyte-derived Mph,Peribronchial fibroblasts
15,LUAD,largest_library,Peribronchial fibroblasts,AT2
15,LUAD,largest_library,Peribronchial fibroblasts,Alveolar macrophages
15,LUAD,largest_library,Peribronchial fibroblasts,Monocyte-derived Mph
15,MIA,all_cells_primary,AT2,Alveolar fibroblasts
15,MIA,all_cells_primary,Alveolar fibroblasts,AT2
15,MIA,all_cells_primary,Alveolar fibroblasts,Alveolar macrophages
15,MIA,all_cells_primary,Alveolar macrophages,AT2
15,MIA,all_cells_primary,Alveolar macrophages,Alveolar fibroblasts
15,MIA,cap500_seed1,AT2,Alveolar fibroblasts
15,MIA,cap500_seed1,Alveolar fibroblasts,AT2
15,MIA,cap500_seed1,Alveolar fibroblasts,Alveolar macrophages
15,MIA,cap500_seed1,Alveolar macrophages,AT2
15,MIA,cap500_seed1,Alveolar macrophages,Alveolar fibroblasts
15,MIA,cap500_seed2,AT2,Alveolar fibroblasts
15,MIA,cap500_seed2,Alveolar fibroblasts,AT2
15,MIA,cap500_seed2,Alveolar fibroblasts,Alveolar macrophages
15,MIA,cap500_seed2,Alveolar macrophages,AT2
15,MIA,cap500_seed2,Alveolar macrophages,Alveolar fibroblasts
15,MIA,floor30,AT2,Alveolar fibroblasts
15,MIA,floor30,Alveolar fibroblasts,AT2
15,MIA,floor30,Alveolar fibroblasts,Alveolar macrophages
15,MIA,floor30,Alveolar macrophages,AT2
15,MIA,floor30,Alveolar macrophages,Alveolar fibroblasts
15,MIA,floor100,AT2,Alveolar fibroblasts
15,MIA,floor100,Alveolar fibroblasts,AT2
15,MIA,expression005,AT2,Alveolar fibroblasts
15,MIA,expression005,Alveolar fibroblasts,AT2
15,MIA,expression005,Alveolar fibroblasts,Alveolar macrophages
15,MIA,expression005,Alveolar macrophages,AT2
15,MIA,expression005,Alveolar macrophages,Alveolar fibroblasts
15,MIA,expression020,AT2,Alveolar fibroblasts
15,MIA,expression020,Alveolar fibroblasts,AT2
15,MIA,expression020,Alveolar fibroblasts,Alveolar macrophages
15,MIA,expression020,Alveolar macrophages,AT2
15,MIA,expression020,Alveolar macrophages,Alveolar fibroblasts
15,MIA,uncertainty030,AT2,Alveolar fibroblasts
15,MIA,uncertainty030,Alveolar fibroblasts,AT2
15,MIA,uncertainty030,Alveolar fibroblasts,Alveolar macrophages
15,MIA,uncertainty030,Alveolar macrophages,AT2
15,MIA,uncertainty030,Alveolar macrophages,Alveolar fibroblasts
15,MIA,largest_library,AT2,Alveolar fibroblasts
15,MIA,largest_library,Alveolar fibroblasts,AT2
15,MIA,largest_library,Alveolar fibroblasts,Alveolar macrophages
15,MIA,largest_library,Alveolar macrophages,AT2
15,MIA,largest_library,Alveolar macrophages,Alveolar fibroblasts
15,normal,all_cells_primary,AT2,Alveolar fibroblasts
15,normal,all_cells_primary,Alveolar fibroblasts,AT2
15,normal,cap500_seed1,AT2,Alveolar fibroblasts
15,normal,cap500_seed1,Alveolar fibroblasts,AT2
15,normal,cap500_seed2,AT2,Alveolar fibroblasts
15,normal,cap500_seed2,Alveolar fibroblasts,AT2
15,normal,floor30,AT2,Alveolar fibroblasts
15,normal,floor30,Alveolar fibroblasts,AT2
15,normal,floor30,Alveolar fibroblasts,Alveolar macrophages
15,normal,floor30,Alveolar macrophages,AT2
15,normal,floor30,Alveolar macrophages,Alveolar fibroblasts
15,normal,floor100,AT2,Alveolar fibroblasts
15,normal,floor100,Alveolar fibroblasts,AT2
15,normal,expression005,AT2,Alveolar fibroblasts
15,normal,expression005,Alveolar fibroblasts,AT2
15,normal,expression020,AT2,Alveolar fibroblasts
15,normal,expression020,Alveolar fibroblasts,AT2
15,normal,uncertainty030,AT2,Alveolar fibroblasts
15,normal,uncertainty030,Alveolar fibroblasts,AT2
15,normal,largest_library,AT2,Alveolar fibroblasts
15,normal,largest_library,Alveolar fibroblasts,AT2
16,AIS,all_cells_primary,AT2,Alveolar fibroblasts
16,AIS,all_cells_primary,Alveolar fibroblasts,AT2
16,AIS,cap500_seed1,AT2,Alveolar fibroblasts
16,AIS,cap500_seed1,Alveolar fibroblasts,AT2
16,AIS,cap500_seed2,AT2,Alveolar fibroblasts
16,AIS,cap500_seed2,Alveolar fibroblasts,AT2
16,AIS,floor30,AT2,Alveolar fibroblasts
16,AIS,floor30,Alveolar fibroblasts,AT2
16,AIS,floor30,Alveolar fibroblasts,Alveolar macrophages
16,AIS,floor30,Alveolar macrophages,AT2
16,AIS,floor30,Alveolar macrophages,Alveolar fibroblasts
16,AIS,floor100,AT2,Alveolar fibroblasts
16,AIS,floor100,Alveolar fibroblasts,AT2
16,AIS,expression005,AT2,Alveolar fibroblasts
16,AIS,expression005,Alveolar fibroblasts,AT2
16,AIS,expression020,AT2,Alveolar fibroblasts
16,AIS,expression020,Alveolar fibroblasts,AT2
16,AIS,uncertainty030,AT2,Alveolar fibroblasts
16,AIS,uncertainty030,Alveolar fibroblasts,AT2
16,AIS,uncertainty030,Alveolar fibroblasts,Alveolar macrophages
16,AIS,uncertainty030,Alveolar macrophages,AT2
16,AIS,uncertainty030,Alveolar macrophages,Alveolar fibroblasts
16,AIS,largest_library,AT2,Alveolar fibroblasts
16,AIS,largest_library,Alveolar fibroblasts,AT2
16,LUAD,all_cells_primary,AT2,Alveolar fibroblasts
16,LUAD,all_cells_primary,Alveolar fibroblasts,AT2
16,LUAD,cap500_seed1,AT2,Alveolar fibroblasts
16,LUAD,cap500_seed1,Alveolar fibroblasts,AT2
16,LUAD,cap500_seed2,AT2,Alveolar fibroblasts
16,LUAD,cap500_seed2,Alveolar fibroblasts,AT2
16,LUAD,floor30,AT2,Alveolar fibroblasts
16,LUAD,floor30,Alveolar fibroblasts,AT2
16,LUAD,floor100,AT2,Alveolar fibroblasts
16,LUAD,floor100,Alveolar fibroblasts,AT2
16,LUAD,expression005,AT2,Alveolar fibroblasts
16,LUAD,expression005,Alveolar fibroblasts,AT2
16,LUAD,expression020,AT2,Alveolar fibroblasts
16,LUAD,expression020,Alveolar fibroblasts,AT2
16,LUAD,uncertainty030,AT2,Alveolar fibroblasts
16,LUAD,uncertainty030,Alveolar fibroblasts,AT2
16,LUAD,uncertainty030,Alveolar fibroblasts,Monocyte-derived Mph
16,LUAD,uncertainty030,Monocyte-derived Mph,AT2
16,LUAD,uncertainty030,Monocyte-derived Mph,Alveolar fibroblasts
16,LUAD,largest_library,AT2,Alveolar fibroblasts
16,LUAD,largest_library,Alveolar fibroblasts,AT2
16,normal,all_cells_primary,AT2,Alveolar fibroblasts
16,normal,all_cells_primary,Alveolar fibroblasts,AT2
16,normal,cap500_seed1,AT2,Alveolar fibroblasts
16,normal,cap500_seed1,Alveolar fibroblasts,AT2
16,normal,cap500_seed2,AT2,Alveolar fibroblasts
16,normal,cap500_seed2,Alveolar fibroblasts,AT2
16,normal,floor30,AT2,Alveolar fibroblasts
16,normal,floor30,Alveolar fibroblasts,AT2
16,normal,floor30,Alveolar fibroblasts,Alveolar macrophages
16,normal,floor30,Alveolar macrophages,AT2
16,normal,floor30,Alveolar macrophages,Alveolar fibroblasts
16,normal,floor100,AT2,Alveolar fibroblasts
16,normal,floor100,Alveolar fibroblasts,AT2
16,normal,expression005,AT2,Alveolar fibroblasts
16,normal,expression005,Alveolar fibroblasts,AT2
16,normal,expression020,AT2,Alveolar fibroblasts
16,normal,expression020,Alveolar fibroblasts,AT2
16,normal,uncertainty030,AT2,Alveolar fibroblasts
16,normal,uncertainty030,Alveolar fibroblasts,AT2
16,normal,largest_library,AT2,Alveolar fibroblasts
16,normal,largest_library,Alveolar fibroblasts,AT2
17,AIS,all_cells_primary,AT2,Alveolar fibroblasts
17,AIS,all_cells_primary,Alveolar fibroblasts,AT2
17,AIS,all_cells_primary,Alveolar fibroblasts,Alveolar macrophages
17,AIS,all_cells_primary,Alveolar fibroblasts,Interstitial Mph perivascular
17,AIS,all_cells_primary,Alveolar macrophages,AT2
17,AIS,all_cells_primary,Alveolar macrophages,Alveolar fibroblasts
17,AIS,all_cells_primary,Interstitial Mph perivascular,AT2
17,AIS,all_cells_primary,Interstitial Mph perivascular,Alveolar fibroblasts
17,AIS,cap500_seed1,AT2,Alveolar fibroblasts
17,AIS,cap500_seed1,Alveolar fibroblasts,AT2
17,AIS,cap500_seed1,Alveolar fibroblasts,Alveolar macrophages
17,AIS,cap500_seed1,Alveolar fibroblasts,Interstitial Mph perivascular
17,AIS,cap500_seed1,Alveolar macrophages,AT2
17,AIS,cap500_seed1,Alveolar macrophages,Alveolar fibroblasts
17,AIS,cap500_seed1,Interstitial Mph perivascular,AT2
17,AIS,cap500_seed1,Interstitial Mph perivascular,Alveolar fibroblasts
17,AIS,cap500_seed2,AT2,Alveolar fibroblasts
17,AIS,cap500_seed2,Alveolar fibroblasts,AT2
17,AIS,cap500_seed2,Alveolar fibroblasts,Alveolar macrophages
17,AIS,cap500_seed2,Alveolar fibroblasts,Interstitial Mph perivascular
17,AIS,cap500_seed2,Alveolar macrophages,AT2
17,AIS,cap500_seed2,Alveolar macrophages,Alveolar fibroblasts
17,AIS,cap500_seed2,Interstitial Mph perivascular,AT2
17,AIS,cap500_seed2,Interstitial Mph perivascular,Alveolar fibroblasts
17,AIS,floor30,AT2,Adventitial fibroblasts
17,AIS,floor30,AT2,Alveolar fibroblasts
17,AIS,floor30,Adventitial fibroblasts,AT2
17,AIS,floor30,Adventitial fibroblasts,Alveolar macrophages
17,AIS,floor30,Adventitial fibroblasts,Interstitial Mph perivascular
17,AIS,floor30,Alveolar fibroblasts,AT2
17,AIS,floor30,Alveolar fibroblasts,Alveolar macrophages
17,AIS,floor30,Alveolar fibroblasts,Interstitial Mph perivascular
17,AIS,floor30,Alveolar macrophages,AT2
17,AIS,floor30,Alveolar macrophages,Adventitial fibroblasts
17,AIS,floor30,Alveolar macrophages,Alveolar fibroblasts
17,AIS,floor30,Interstitial Mph perivascular,AT2
17,AIS,floor30,Interstitial Mph perivascular,Adventitial fibroblasts
17,AIS,floor30,Interstitial Mph perivascular,Alveolar fibroblasts
17,AIS,floor100,AT2,Alveolar fibroblasts
17,AIS,floor100,Alveolar fibroblasts,AT2
17,AIS,floor100,Alveolar fibroblasts,Alveolar macrophages
17,AIS,floor100,Alveolar macrophages,AT2
17,AIS,floor100,Alveolar macrophages,Alveolar fibroblasts
17,AIS,expression005,AT2,Alveolar fibroblasts
17,AIS,expression005,Alveolar fibroblasts,AT2
17,AIS,expression005,Alveolar fibroblasts,Alveolar macrophages
17,AIS,expression005,Alveolar fibroblasts,Interstitial Mph perivascular
17,AIS,expression005,Alveolar macrophages,AT2
17,AIS,expression005,Alveolar macrophages,Alveolar fibroblasts
17,AIS,expression005,Interstitial Mph perivascular,AT2
17,AIS,expression005,Interstitial Mph perivascular,Alveolar fibroblasts
17,AIS,expression020,AT2,Alveolar fibroblasts
17,AIS,expression020,Alveolar fibroblasts,AT2
17,AIS,expression020,Alveolar fibroblasts,Alveolar macrophages
17,AIS,expression020,Alveolar fibroblasts,Interstitial Mph perivascular
17,AIS,expression020,Alveolar macrophages,AT2
17,AIS,expression020,Alveolar macrophages,Alveolar fibroblasts
17,AIS,expression020,Interstitial Mph perivascular,AT2
17,AIS,expression020,Interstitial Mph perivascular,Alveolar fibroblasts
17,AIS,uncertainty030,AT2,Adventitial fibroblasts
17,AIS,uncertainty030,AT2,Alveolar fibroblasts
17,AIS,uncertainty030,Adventitial fibroblasts,AT2
17,AIS,uncertainty030,Adventitial fibroblasts,Alveolar macrophages
17,AIS,uncertainty030,Adventitial fibroblasts,Interstitial Mph perivascular
17,AIS,uncertainty030,Alveolar fibroblasts,AT2
17,AIS,uncertainty030,Alveolar fibroblasts,Alveolar macrophages
17,AIS,uncertainty030,Alveolar fibroblasts,Interstitial Mph perivascular
17,AIS,uncertainty030,Alveolar macrophages,AT2
17,AIS,uncertainty030,Alveolar macrophages,Adventitial fibroblasts
17,AIS,uncertainty030,Alveolar macrophages,Alveolar fibroblasts
17,AIS,uncertainty030,Interstitial Mph perivascular,AT2
17,AIS,uncertainty030,Interstitial Mph perivascular,Adventitial fibroblasts
17,AIS,uncertainty030,Interstitial Mph perivascular,Alveolar fibroblasts
17,AIS,largest_library,AT2,Alveolar fibroblasts
17,AIS,largest_library,Alveolar fibroblasts,AT2
17,AIS,largest_library,Alveolar fibroblasts,Alveolar macrophages
17,AIS,largest_library,Alveolar fibroblasts,Interstitial Mph perivascular
17,AIS,largest_library,Alveolar macrophages,AT2
17,AIS,largest_library,Alveolar macrophages,Alveolar fibroblasts
17,AIS,largest_library,Interstitial Mph perivascular,AT2
17,AIS,largest_library,Interstitial Mph perivascular,Alveolar fibroblasts
17,LUAD,all_cells_primary,AT2,Adventitial fibroblasts
17,LUAD,all_cells_primary,AT2,Alveolar fibroblasts
17,LUAD,all_cells_primary,Adventitial fibroblasts,AT2
17,LUAD,all_cells_primary,Adventitial fibroblasts,Alveolar macrophages
17,LUAD,all_cells_primary,Adventitial fibroblasts,Interstitial Mph perivascular
17,LUAD,all_cells_primary,Adventitial fibroblasts,Monocyte-derived Mph
17,LUAD,all_cells_primary,Alveolar fibroblasts,AT2
17,LUAD,all_cells_primary,Alveolar fibroblasts,Alveolar macrophages
17,LUAD,all_cells_primary,Alveolar fibroblasts,Interstitial Mph perivascular
17,LUAD,all_cells_primary,Alveolar fibroblasts,Monocyte-derived Mph
17,LUAD,all_cells_primary,Alveolar macrophages,AT2
17,LUAD,all_cells_primary,Alveolar macrophages,Adventitial fibroblasts
17,LUAD,all_cells_primary,Alveolar macrophages,Alveolar fibroblasts
17,LUAD,all_cells_primary,Interstitial Mph perivascular,AT2
17,LUAD,all_cells_primary,Interstitial Mph perivascular,Adventitial fibroblasts
17,LUAD,all_cells_primary,Interstitial Mph perivascular,Alveolar fibroblasts
17,LUAD,all_cells_primary,Monocyte-derived Mph,AT2
17,LUAD,all_cells_primary,Monocyte-derived Mph,Adventitial fibroblasts
17,LUAD,all_cells_primary,Monocyte-derived Mph,Alveolar fibroblasts
17,LUAD,cap500_seed1,AT2,Adventitial fibroblasts
17,LUAD,cap500_seed1,AT2,Alveolar fibroblasts
17,LUAD,cap500_seed1,Adventitial fibroblasts,AT2
17,LUAD,cap500_seed1,Adventitial fibroblasts,Alveolar macrophages
17,LUAD,cap500_seed1,Adventitial fibroblasts,Interstitial Mph perivascular
17,LUAD,cap500_seed1,Adventitial fibroblasts,Monocyte-derived Mph
17,LUAD,cap500_seed1,Alveolar fibroblasts,AT2
17,LUAD,cap500_seed1,Alveolar fibroblasts,Alveolar macrophages
17,LUAD,cap500_seed1,Alveolar fibroblasts,Interstitial Mph perivascular
17,LUAD,cap500_seed1,Alveolar fibroblasts,Monocyte-derived Mph
17,LUAD,cap500_seed1,Alveolar macrophages,AT2
17,LUAD,cap500_seed1,Alveolar macrophages,Adventitial fibroblasts
17,LUAD,cap500_seed1,Alveolar macrophages,Alveolar fibroblasts
17,LUAD,cap500_seed1,Interstitial Mph perivascular,AT2
17,LUAD,cap500_seed1,Interstitial Mph perivascular,Adventitial fibroblasts
17,LUAD,cap500_seed1,Interstitial Mph perivascular,Alveolar fibroblasts
17,LUAD,cap500_seed1,Monocyte-derived Mph,AT2
17,LUAD,cap500_seed1,Monocyte-derived Mph,Adventitial fibroblasts
17,LUAD,cap500_seed1,Monocyte-derived Mph,Alveolar fibroblasts
17,LUAD,cap500_seed2,AT2,Adventitial fibroblasts
17,LUAD,cap500_seed2,AT2,Alveolar fibroblasts
17,LUAD,cap500_seed2,Adventitial fibroblasts,AT2
17,LUAD,cap500_seed2,Adventitial fibroblasts,Alveolar macrophages
17,LUAD,cap500_seed2,Adventitial fibroblasts,Interstitial Mph perivascular
17,LUAD,cap500_seed2,Adventitial fibroblasts,Monocyte-derived Mph
17,LUAD,cap500_seed2,Alveolar fibroblasts,AT2
17,LUAD,cap500_seed2,Alveolar fibroblasts,Alveolar macrophages
17,LUAD,cap500_seed2,Alveolar fibroblasts,Interstitial Mph perivascular
17,LUAD,cap500_seed2,Alveolar fibroblasts,Monocyte-derived Mph
17,LUAD,cap500_seed2,Alveolar macrophages,AT2
17,LUAD,cap500_seed2,Alveolar macrophages,Adventitial fibroblasts
17,LUAD,cap500_seed2,Alveolar macrophages,Alveolar fibroblasts
17,LUAD,cap500_seed2,Interstitial Mph perivascular,AT2
17,LUAD,cap500_seed2,Interstitial Mph perivascular,Adventitial fibroblasts
17,LUAD,cap500_seed2,Interstitial Mph perivascular,Alveolar fibroblasts
17,LUAD,cap500_seed2,Monocyte-derived Mph,AT2
17,LUAD,cap500_seed2,Monocyte-derived Mph,Adventitial fibroblasts
17,LUAD,cap500_seed2,Monocyte-derived Mph,Alveolar fibroblasts
17,LUAD,floor30,AT2,Adventitial fibroblasts
17,LUAD,floor30,AT2,Alveolar fibroblasts
17,LUAD,floor30,AT2,Peribronchial fibroblasts
17,LUAD,floor30,Adventitial fibroblasts,AT2
17,LUAD,floor30,Adventitial fibroblasts,Alveolar macrophages
17,LUAD,floor30,Adventitial fibroblasts,Interstitial Mph perivascular
17,LUAD,floor30,Adventitial fibroblasts,Monocyte-derived Mph
17,LUAD,floor30,Alveolar fibroblasts,AT2
17,LUAD,floor30,Alveolar fibroblasts,Alveolar macrophages
17,LUAD,floor30,Alveolar fibroblasts,Interstitial Mph perivascular
17,LUAD,floor30,Alveolar fibroblasts,Monocyte-derived Mph
17,LUAD,floor30,Alveolar macrophages,AT2
17,LUAD,floor30,Alveolar macrophages,Adventitial fibroblasts
17,LUAD,floor30,Alveolar macrophages,Alveolar fibroblasts
17,LUAD,floor30,Alveolar macrophages,Peribronchial fibroblasts
17,LUAD,floor30,Interstitial Mph perivascular,AT2
17,LUAD,floor30,Interstitial Mph perivascular,Adventitial fibroblasts
17,LUAD,floor30,Interstitial Mph perivascular,Alveolar fibroblasts
17,LUAD,floor30,Interstitial Mph perivascular,Peribronchial fibroblasts
17,LUAD,floor30,Monocyte-derived Mph,AT2
17,LUAD,floor30,Monocyte-derived Mph,Adventitial fibroblasts
17,LUAD,floor30,Monocyte-derived Mph,Alveolar fibroblasts
17,LUAD,floor30,Monocyte-derived Mph,Peribronchial fibroblasts
17,LUAD,floor30,Peribronchial fibroblasts,AT2
17,LUAD,floor30,Peribronchial fibroblasts,Alveolar macrophages
17,LUAD,floor30,Peribronchial fibroblasts,Interstitial Mph perivascular
17,LUAD,floor30,Peribronchial fibroblasts,Monocyte-derived Mph
17,LUAD,floor100,AT2,Adventitial fibroblasts
17,LUAD,floor100,AT2,Alveolar fibroblasts
17,LUAD,floor100,Adventitial fibroblasts,AT2
17,LUAD,floor100,Adventitial fibroblasts,Interstitial Mph perivascular
17,LUAD,floor100,Alveolar fibroblasts,AT2
17,LUAD,floor100,Alveolar fibroblasts,Interstitial Mph perivascular
17,LUAD,floor100,Interstitial Mph perivascular,AT2
17,LUAD,floor100,Interstitial Mph perivascular,Adventitial fibroblasts
17,LUAD,floor100,Interstitial Mph perivascular,Alveolar fibroblasts
17,LUAD,expression005,AT2,Adventitial fibroblasts
17,LUAD,expression005,AT2,Alveolar fibroblasts
17,LUAD,expression005,Adventitial fibroblasts,AT2
17,LUAD,expression005,Adventitial fibroblasts,Alveolar macrophages
17,LUAD,expression005,Adventitial fibroblasts,Interstitial Mph perivascular
17,LUAD,expression005,Adventitial fibroblasts,Monocyte-derived Mph
17,LUAD,expression005,Alveolar fibroblasts,AT2
17,LUAD,expression005,Alveolar fibroblasts,Alveolar macrophages
17,LUAD,expression005,Alveolar fibroblasts,Interstitial Mph perivascular
17,LUAD,expression005,Alveolar fibroblasts,Monocyte-derived Mph
17,LUAD,expression005,Alveolar macrophages,AT2
17,LUAD,expression005,Alveolar macrophages,Adventitial fibroblasts
17,LUAD,expression005,Alveolar macrophages,Alveolar fibroblasts
17,LUAD,expression005,Interstitial Mph perivascular,AT2
17,LUAD,expression005,Interstitial Mph perivascular,Adventitial fibroblasts
17,LUAD,expression005,Interstitial Mph perivascular,Alveolar fibroblasts
17,LUAD,expression005,Monocyte-derived Mph,AT2
17,LUAD,expression005,Monocyte-derived Mph,Adventitial fibroblasts
17,LUAD,expression005,Monocyte-derived Mph,Alveolar fibroblasts
17,LUAD,expression020,AT2,Adventitial fibroblasts
17,LUAD,expression020,AT2,Alveolar fibroblasts
17,LUAD,expression020,Adventitial fibroblasts,AT2
17,LUAD,expression020,Adventitial fibroblasts,Alveolar macrophages
17,LUAD,expression020,Adventitial fibroblasts,Interstitial Mph perivascular
17,LUAD,expression020,Adventitial fibroblasts,Monocyte-derived Mph
17,LUAD,expression020,Alveolar fibroblasts,AT2
17,LUAD,expression020,Alveolar fibroblasts,Alveolar macrophages
17,LUAD,expression020,Alveolar fibroblasts,Interstitial Mph perivascular
17,LUAD,expression020,Alveolar fibroblasts,Monocyte-derived Mph
17,LUAD,expression020,Alveolar macrophages,AT2
17,LUAD,expression020,Alveolar macrophages,Adventitial fibroblasts
17,LUAD,expression020,Alveolar macrophages,Alveolar fibroblasts
17,LUAD,expression020,Interstitial Mph perivascular,AT2
17,LUAD,expression020,Interstitial Mph perivascular,Adventitial fibroblasts
17,LUAD,expression020,Interstitial Mph perivascular,Alveolar fibroblasts
17,LUAD,expression020,Monocyte-derived Mph,AT2
17,LUAD,expression020,Monocyte-derived Mph,Adventitial fibroblasts
17,LUAD,expression020,Monocyte-derived Mph,Alveolar fibroblasts
17,LUAD,uncertainty030,AT2,Adventitial fibroblasts
17,LUAD,uncertainty030,AT2,Alveolar fibroblasts
17,LUAD,uncertainty030,AT2,Peribronchial fibroblasts
17,LUAD,uncertainty030,Adventitial fibroblasts,AT2
17,LUAD,uncertainty030,Adventitial fibroblasts,Alveolar macrophages
17,LUAD,uncertainty030,Adventitial fibroblasts,Interstitial Mph perivascular
17,LUAD,uncertainty030,Adventitial fibroblasts,Monocyte-derived Mph
17,LUAD,uncertainty030,Alveolar fibroblasts,AT2
17,LUAD,uncertainty030,Alveolar fibroblasts,Alveolar macrophages
17,LUAD,uncertainty030,Alveolar fibroblasts,Interstitial Mph perivascular
17,LUAD,uncertainty030,Alveolar fibroblasts,Monocyte-derived Mph
17,LUAD,uncertainty030,Alveolar macrophages,AT2
17,LUAD,uncertainty030,Alveolar macrophages,Adventitial fibroblasts
17,LUAD,uncertainty030,Alveolar macrophages,Alveolar fibroblasts
17,LUAD,uncertainty030,Alveolar macrophages,Peribronchial fibroblasts
17,LUAD,uncertainty030,Interstitial Mph perivascular,AT2
17,LUAD,uncertainty030,Interstitial Mph perivascular,Adventitial fibroblasts
17,LUAD,uncertainty030,Interstitial Mph perivascular,Alveolar fibroblasts
17,LUAD,uncertainty030,Interstitial Mph perivascular,Peribronchial fibroblasts
17,LUAD,uncertainty030,Monocyte-derived Mph,AT2
17,LUAD,uncertainty030,Monocyte-derived Mph,Adventitial fibroblasts
17,LUAD,uncertainty030,Monocyte-derived Mph,Alveolar fibroblasts
17,LUAD,uncertainty030,Monocyte-derived Mph,Peribronchial fibroblasts
17,LUAD,uncertainty030,Peribronchial fibroblasts,AT2
17,LUAD,uncertainty030,Peribronchial fibroblasts,Alveolar macrophages
17,LUAD,uncertainty030,Peribronchial fibroblasts,Interstitial Mph perivascular
17,LUAD,uncertainty030,Peribronchial fibroblasts,Monocyte-derived Mph
17,LUAD,largest_library,AT2,Adventitial fibroblasts
17,LUAD,largest_library,AT2,Alveolar fibroblasts
17,LUAD,largest_library,Adventitial fibroblasts,AT2
17,LUAD,largest_library,Adventitial fibroblasts,Alveolar macrophages
17,LUAD,largest_library,Adventitial fibroblasts,Interstitial Mph perivascular
17,LUAD,largest_library,Adventitial fibroblasts,Monocyte-derived Mph
17,LUAD,largest_library,Alveolar fibroblasts,AT2
17,LUAD,largest_library,Alveolar fibroblasts,Alveolar macrophages
17,LUAD,largest_library,Alveolar fibroblasts,Interstitial Mph perivascular
17,LUAD,largest_library,Alveolar fibroblasts,Monocyte-derived Mph
17,LUAD,largest_library,Alveolar macrophages,AT2
17,LUAD,largest_library,Alveolar macrophages,Adventitial fibroblasts
17,LUAD,largest_library,Alveolar macrophages,Alveolar fibroblasts
17,LUAD,largest_library,Interstitial Mph perivascular,AT2
17,LUAD,largest_library,Interstitial Mph perivascular,Adventitial fibroblasts
17,LUAD,largest_library,Interstitial Mph perivascular,Alveolar fibroblasts
17,LUAD,largest_library,Monocyte-derived Mph,AT2
17,LUAD,largest_library,Monocyte-derived Mph,Adventitial fibroblasts
17,LUAD,largest_library,Monocyte-derived Mph,Alveolar fibroblasts
17,normal,all_cells_primary,AT2,Adventitial fibroblasts
17,normal,all_cells_primary,AT2,Alveolar fibroblasts
17,normal,all_cells_primary,Adventitial fibroblasts,AT2
17,normal,all_cells_primary,Adventitial fibroblasts,Alveolar macrophages
17,normal,all_cells_primary,Adventitial fibroblasts,Interstitial Mph perivascular
17,normal,all_cells_primary,Alveolar fibroblasts,AT2
17,normal,all_cells_primary,Alveolar fibroblasts,Alveolar macrophages
17,normal,all_cells_primary,Alveolar fibroblasts,Interstitial Mph perivascular
17,normal,all_cells_primary,Alveolar macrophages,AT2
17,normal,all_cells_primary,Alveolar macrophages,Adventitial fibroblasts
17,normal,all_cells_primary,Alveolar macrophages,Alveolar fibroblasts
17,normal,all_cells_primary,Interstitial Mph perivascular,AT2
17,normal,all_cells_primary,Interstitial Mph perivascular,Adventitial fibroblasts
17,normal,all_cells_primary,Interstitial Mph perivascular,Alveolar fibroblasts
17,normal,cap500_seed1,AT2,Adventitial fibroblasts
17,normal,cap500_seed1,AT2,Alveolar fibroblasts
17,normal,cap500_seed1,Adventitial fibroblasts,AT2
17,normal,cap500_seed1,Adventitial fibroblasts,Alveolar macrophages
17,normal,cap500_seed1,Adventitial fibroblasts,Interstitial Mph perivascular
17,normal,cap500_seed1,Alveolar fibroblasts,AT2
17,normal,cap500_seed1,Alveolar fibroblasts,Alveolar macrophages
17,normal,cap500_seed1,Alveolar fibroblasts,Interstitial Mph perivascular
17,normal,cap500_seed1,Alveolar macrophages,AT2
17,normal,cap500_seed1,Alveolar macrophages,Adventitial fibroblasts
17,normal,cap500_seed1,Alveolar macrophages,Alveolar fibroblasts
17,normal,cap500_seed1,Interstitial Mph perivascular,AT2
17,normal,cap500_seed1,Interstitial Mph perivascular,Adventitial fibroblasts
17,normal,cap500_seed1,Interstitial Mph perivascular,Alveolar fibroblasts
17,normal,cap500_seed2,AT2,Adventitial fibroblasts
17,normal,cap500_seed2,AT2,Alveolar fibroblasts
17,normal,cap500_seed2,Adventitial fibroblasts,AT2
17,normal,cap500_seed2,Adventitial fibroblasts,Alveolar macrophages
17,normal,cap500_seed2,Adventitial fibroblasts,Interstitial Mph perivascular
17,normal,cap500_seed2,Alveolar fibroblasts,AT2
17,normal,cap500_seed2,Alveolar fibroblasts,Alveolar macrophages
17,normal,cap500_seed2,Alveolar fibroblasts,Interstitial Mph perivascular
17,normal,cap500_seed2,Alveolar macrophages,AT2
17,normal,cap500_seed2,Alveolar macrophages,Adventitial fibroblasts
17,normal,cap500_seed2,Alveolar macrophages,Alveolar fibroblasts
17,normal,cap500_seed2,Interstitial Mph perivascular,AT2
17,normal,cap500_seed2,Interstitial Mph perivascular,Adventitial fibroblasts
17,normal,cap500_seed2,Interstitial Mph perivascular,Alveolar fibroblasts
17,normal,floor30,AT2,Adventitial fibroblasts
17,normal,floor30,AT2,Alveolar fibroblasts
17,normal,floor30,Adventitial fibroblasts,AT2
17,normal,floor30,Adventitial fibroblasts,Alveolar macrophages
17,normal,floor30,Adventitial fibroblasts,Interstitial Mph perivascular
17,normal,floor30,Alveolar fibroblasts,AT2
17,normal,floor30,Alveolar fibroblasts,Alveolar macrophages
17,normal,floor30,Alveolar fibroblasts,Interstitial Mph perivascular
17,normal,floor30,Alveolar macrophages,AT2
17,normal,floor30,Alveolar macrophages,Adventitial fibroblasts
17,normal,floor30,Alveolar macrophages,Alveolar fibroblasts
17,normal,floor30,Interstitial Mph perivascular,AT2
17,normal,floor30,Interstitial Mph perivascular,Adventitial fibroblasts
17,normal,floor30,Interstitial Mph perivascular,Alveolar fibroblasts
17,normal,floor100,AT2,Alveolar fibroblasts
17,normal,floor100,Alveolar fibroblasts,AT2
17,normal,expression005,AT2,Adventitial fibroblasts
17,normal,expression005,AT2,Alveolar fibroblasts
17,normal,expression005,Adventitial fibroblasts,AT2
17,normal,expression005,Adventitial fibroblasts,Alveolar macrophages
17,normal,expression005,Adventitial fibroblasts,Interstitial Mph perivascular
17,normal,expression005,Alveolar fibroblasts,AT2
17,normal,expression005,Alveolar fibroblasts,Alveolar macrophages
17,normal,expression005,Alveolar fibroblasts,Interstitial Mph perivascular
17,normal,expression005,Alveolar macrophages,AT2
17,normal,expression005,Alveolar macrophages,Adventitial fibroblasts
17,normal,expression005,Alveolar macrophages,Alveolar fibroblasts
17,normal,expression005,Interstitial Mph perivascular,AT2
17,normal,expression005,Interstitial Mph perivascular,Adventitial fibroblasts
17,normal,expression005,Interstitial Mph perivascular,Alveolar fibroblasts
17,normal,expression020,AT2,Adventitial fibroblasts
17,normal,expression020,AT2,Alveolar fibroblasts
17,normal,expression020,Adventitial fibroblasts,AT2
17,normal,expression020,Adventitial fibroblasts,Alveolar macrophages
17,normal,expression020,Adventitial fibroblasts,Interstitial Mph perivascular
17,normal,expression020,Alveolar fibroblasts,AT2
17,normal,expression020,Alveolar fibroblasts,Alveolar macrophages
17,normal,expression020,Alveolar fibroblasts,Interstitial Mph perivascular
17,normal,expression020,Alveolar macrophages,AT2
17,normal,expression020,Alveolar macrophages,Adventitial fibroblasts
17,normal,expression020,Alveolar macrophages,Alveolar fibroblasts
17,normal,expression020,Interstitial Mph perivascular,AT2
17,normal,expression020,Interstitial Mph perivascular,Adventitial fibroblasts
17,normal,expression020,Interstitial Mph perivascular,Alveolar fibroblasts
17,normal,uncertainty030,AT2,Adventitial fibroblasts
17,normal,uncertainty030,AT2,Alveolar fibroblasts
17,normal,uncertainty030,Adventitial fibroblasts,AT2
17,normal,uncertainty030,Adventitial fibroblasts,Alveolar macrophages
17,normal,uncertainty030,Adventitial fibroblasts,Interstitial Mph perivascular
17,normal,uncertainty030,Alveolar fibroblasts,AT2
17,normal,uncertainty030,Alveolar fibroblasts,Alveolar macrophages
17,normal,uncertainty030,Alveolar fibroblasts,Interstitial Mph perivascular
17,normal,uncertainty030,Alveolar macrophages,AT2
17,normal,uncertainty030,Alveolar macrophages,Adventitial fibroblasts
17,normal,uncertainty030,Alveolar macrophages,Alveolar fibroblasts
17,normal,uncertainty030,Interstitial Mph perivascular,AT2
17,normal,uncertainty030,Interstitial Mph perivascular,Adventitial fibroblasts
17,normal,uncertainty030,Interstitial Mph perivascular,Alveolar fibroblasts
17,normal,largest_library,AT2,Adventitial fibroblasts
17,normal,largest_library,AT2,Alveolar fibroblasts
17,normal,largest_library,Adventitial fibroblasts,AT2
17,normal,largest_library,Adventitial fibroblasts,Alveolar macrophages
17,normal,largest_library,Adventitial fibroblasts,Interstitial Mph perivascular
17,normal,largest_library,Alveolar fibroblasts,AT2
17,normal,largest_library,Alveolar fibroblasts,Alveolar macrophages
17,normal,largest_library,Alveolar fibroblasts,Interstitial Mph perivascular
17,normal,largest_library,Alveolar macrophages,AT2
17,normal,largest_library,Alveolar macrophages,Adventitial fibroblasts
17,normal,largest_library,Alveolar macrophages,Alveolar fibroblasts
17,normal,largest_library,Interstitial Mph perivascular,AT2
17,normal,largest_library,Interstitial Mph perivascular,Adventitial fibroblasts
17,normal,largest_library,Interstitial Mph perivascular,Alveolar fibroblasts
18,LUAD,all_cells_primary,AT2,Adventitial fibroblasts
18,LUAD,all_cells_primary,AT2,Alveolar fibroblasts
18,LUAD,all_cells_primary,AT2,Myofibroblasts
18,LUAD,all_cells_primary,Adventitial fibroblasts,AT2
18,LUAD,all_cells_primary,Adventitial fibroblasts,Alveolar macrophages
18,LUAD,all_cells_primary,Adventitial fibroblasts,Monocyte-derived Mph
18,LUAD,all_cells_primary,Alveolar fibroblasts,AT2
18,LUAD,all_cells_primary,Alveolar fibroblasts,Alveolar macrophages
18,LUAD,all_cells_primary,Alveolar fibroblasts,Monocyte-derived Mph
18,LUAD,all_cells_primary,Alveolar macrophages,AT2
18,LUAD,all_cells_primary,Alveolar macrophages,Adventitial fibroblasts
18,LUAD,all_cells_primary,Alveolar macrophages,Alveolar fibroblasts
18,LUAD,all_cells_primary,Alveolar macrophages,Myofibroblasts
18,LUAD,all_cells_primary,Monocyte-derived Mph,AT2
18,LUAD,all_cells_primary,Monocyte-derived Mph,Adventitial fibroblasts
18,LUAD,all_cells_primary,Monocyte-derived Mph,Alveolar fibroblasts
18,LUAD,all_cells_primary,Monocyte-derived Mph,Myofibroblasts
18,LUAD,all_cells_primary,Myofibroblasts,AT2
18,LUAD,all_cells_primary,Myofibroblasts,Alveolar macrophages
18,LUAD,all_cells_primary,Myofibroblasts,Monocyte-derived Mph
18,LUAD,cap500_seed1,AT2,Adventitial fibroblasts
18,LUAD,cap500_seed1,AT2,Alveolar fibroblasts
18,LUAD,cap500_seed1,AT2,Myofibroblasts
18,LUAD,cap500_seed1,Adventitial fibroblasts,AT2
18,LUAD,cap500_seed1,Adventitial fibroblasts,Alveolar macrophages
18,LUAD,cap500_seed1,Adventitial fibroblasts,Monocyte-derived Mph
18,LUAD,cap500_seed1,Alveolar fibroblasts,AT2
18,LUAD,cap500_seed1,Alveolar fibroblasts,Alveolar macrophages
18,LUAD,cap500_seed1,Alveolar fibroblasts,Monocyte-derived Mph
18,LUAD,cap500_seed1,Alveolar macrophages,AT2
18,LUAD,cap500_seed1,Alveolar macrophages,Adventitial fibroblasts
18,LUAD,cap500_seed1,Alveolar macrophages,Alveolar fibroblasts
18,LUAD,cap500_seed1,Alveolar macrophages,Myofibroblasts
18,LUAD,cap500_seed1,Monocyte-derived Mph,AT2
18,LUAD,cap500_seed1,Monocyte-derived Mph,Adventitial fibroblasts
18,LUAD,cap500_seed1,Monocyte-derived Mph,Alveolar fibroblasts
18,LUAD,cap500_seed1,Monocyte-derived Mph,Myofibroblasts
18,LUAD,cap500_seed1,Myofibroblasts,AT2
18,LUAD,cap500_seed1,Myofibroblasts,Alveolar macrophages
18,LUAD,cap500_seed1,Myofibroblasts,Monocyte-derived Mph
18,LUAD,cap500_seed2,AT2,Adventitial fibroblasts
18,LUAD,cap500_seed2,AT2,Alveolar fibroblasts
18,LUAD,cap500_seed2,AT2,Myofibroblasts
18,LUAD,cap500_seed2,Adventitial fibroblasts,AT2
18,LUAD,cap500_seed2,Adventitial fibroblasts,Alveolar macrophages
18,LUAD,cap500_seed2,Adventitial fibroblasts,Monocyte-derived Mph
18,LUAD,cap500_seed2,Alveolar fibroblasts,AT2
18,LUAD,cap500_seed2,Alveolar fibroblasts,Alveolar macrophages
18,LUAD,cap500_seed2,Alveolar fibroblasts,Monocyte-derived Mph
18,LUAD,cap500_seed2,Alveolar macrophages,AT2
18,LUAD,cap500_seed2,Alveolar macrophages,Adventitial fibroblasts
18,LUAD,cap500_seed2,Alveolar macrophages,Alveolar fibroblasts
18,LUAD,cap500_seed2,Alveolar macrophages,Myofibroblasts
18,LUAD,cap500_seed2,Monocyte-derived Mph,AT2
18,LUAD,cap500_seed2,Monocyte-derived Mph,Adventitial fibroblasts
18,LUAD,cap500_seed2,Monocyte-derived Mph,Alveolar fibroblasts
18,LUAD,cap500_seed2,Monocyte-derived Mph,Myofibroblasts
18,LUAD,cap500_seed2,Myofibroblasts,AT2
18,LUAD,cap500_seed2,Myofibroblasts,Alveolar macrophages
18,LUAD,cap500_seed2,Myofibroblasts,Monocyte-derived Mph
18,LUAD,floor30,AT2,Adventitial fibroblasts
18,LUAD,floor30,AT2,Alveolar fibroblasts
18,LUAD,floor30,AT2,Myofibroblasts
18,LUAD,floor30,Adventitial fibroblasts,AT2
18,LUAD,floor30,Adventitial fibroblasts,Alveolar macrophages
18,LUAD,floor30,Adventitial fibroblasts,Monocyte-derived Mph
18,LUAD,floor30,Alveolar fibroblasts,AT2
18,LUAD,floor30,Alveolar fibroblasts,Alveolar macrophages
18,LUAD,floor30,Alveolar fibroblasts,Monocyte-derived Mph
18,LUAD,floor30,Alveolar macrophages,AT2
18,LUAD,floor30,Alveolar macrophages,Adventitial fibroblasts
18,LUAD,floor30,Alveolar macrophages,Alveolar fibroblasts
18,LUAD,floor30,Alveolar macrophages,Myofibroblasts
18,LUAD,floor30,Monocyte-derived Mph,AT2
18,LUAD,floor30,Monocyte-derived Mph,Adventitial fibroblasts
18,LUAD,floor30,Monocyte-derived Mph,Alveolar fibroblasts
18,LUAD,floor30,Monocyte-derived Mph,Myofibroblasts
18,LUAD,floor30,Myofibroblasts,AT2
18,LUAD,floor30,Myofibroblasts,Alveolar macrophages
18,LUAD,floor30,Myofibroblasts,Monocyte-derived Mph
18,LUAD,floor100,AT2,Adventitial fibroblasts
18,LUAD,floor100,AT2,Alveolar fibroblasts
18,LUAD,floor100,Adventitial fibroblasts,AT2
18,LUAD,floor100,Adventitial fibroblasts,Alveolar macrophages
18,LUAD,floor100,Alveolar fibroblasts,AT2
18,LUAD,floor100,Alveolar fibroblasts,Alveolar macrophages
18,LUAD,floor100,Alveolar macrophages,AT2
18,LUAD,floor100,Alveolar macrophages,Adventitial fibroblasts
18,LUAD,floor100,Alveolar macrophages,Alveolar fibroblasts
18,LUAD,expression005,AT2,Adventitial fibroblasts
18,LUAD,expression005,AT2,Alveolar fibroblasts
18,LUAD,expression005,AT2,Myofibroblasts
18,LUAD,expression005,Adventitial fibroblasts,AT2
18,LUAD,expression005,Adventitial fibroblasts,Alveolar macrophages
18,LUAD,expression005,Adventitial fibroblasts,Monocyte-derived Mph
18,LUAD,expression005,Alveolar fibroblasts,AT2
18,LUAD,expression005,Alveolar fibroblasts,Alveolar macrophages
18,LUAD,expression005,Alveolar fibroblasts,Monocyte-derived Mph
18,LUAD,expression005,Alveolar macrophages,AT2
18,LUAD,expression005,Alveolar macrophages,Adventitial fibroblasts
18,LUAD,expression005,Alveolar macrophages,Alveolar fibroblasts
18,LUAD,expression005,Alveolar macrophages,Myofibroblasts
18,LUAD,expression005,Monocyte-derived Mph,AT2
18,LUAD,expression005,Monocyte-derived Mph,Adventitial fibroblasts
18,LUAD,expression005,Monocyte-derived Mph,Alveolar fibroblasts
18,LUAD,expression005,Monocyte-derived Mph,Myofibroblasts
18,LUAD,expression005,Myofibroblasts,AT2
18,LUAD,expression005,Myofibroblasts,Alveolar macrophages
18,LUAD,expression005,Myofibroblasts,Monocyte-derived Mph
18,LUAD,expression020,AT2,Adventitial fibroblasts
18,LUAD,expression020,AT2,Alveolar fibroblasts
18,LUAD,expression020,AT2,Myofibroblasts
18,LUAD,expression020,Adventitial fibroblasts,AT2
18,LUAD,expression020,Adventitial fibroblasts,Alveolar macrophages
18,LUAD,expression020,Adventitial fibroblasts,Monocyte-derived Mph
18,LUAD,expression020,Alveolar fibroblasts,AT2
18,LUAD,expression020,Alveolar fibroblasts,Alveolar macrophages
18,LUAD,expression020,Alveolar fibroblasts,Monocyte-derived Mph
18,LUAD,expression020,Alveolar macrophages,AT2
18,LUAD,expression020,Alveolar macrophages,Adventitial fibroblasts
18,LUAD,expression020,Alveolar macrophages,Alveolar fibroblasts
18,LUAD,expression020,Alveolar macrophages,Myofibroblasts
18,LUAD,expression020,Monocyte-derived Mph,AT2
18,LUAD,expression020,Monocyte-derived Mph,Adventitial fibroblasts
18,LUAD,expression020,Monocyte-derived Mph,Alveolar fibroblasts
18,LUAD,expression020,Monocyte-derived Mph,Myofibroblasts
18,LUAD,expression020,Myofibroblasts,AT2
18,LUAD,expression020,Myofibroblasts,Alveolar macrophages
18,LUAD,expression020,Myofibroblasts,Monocyte-derived Mph
18,LUAD,uncertainty030,AT2,Adventitial fibroblasts
18,LUAD,uncertainty030,AT2,Alveolar fibroblasts
18,LUAD,uncertainty030,AT2,Myofibroblasts
18,LUAD,uncertainty030,Adventitial fibroblasts,AT2
18,LUAD,uncertainty030,Adventitial fibroblasts,Alveolar macrophages
18,LUAD,uncertainty030,Adventitial fibroblasts,Monocyte-derived Mph
18,LUAD,uncertainty030,Alveolar fibroblasts,AT2
18,LUAD,uncertainty030,Alveolar fibroblasts,Alveolar macrophages
18,LUAD,uncertainty030,Alveolar fibroblasts,Monocyte-derived Mph
18,LUAD,uncertainty030,Alveolar macrophages,AT2
18,LUAD,uncertainty030,Alveolar macrophages,Adventitial fibroblasts
18,LUAD,uncertainty030,Alveolar macrophages,Alveolar fibroblasts
18,LUAD,uncertainty030,Alveolar macrophages,Myofibroblasts
18,LUAD,uncertainty030,Monocyte-derived Mph,AT2
18,LUAD,uncertainty030,Monocyte-derived Mph,Adventitial fibroblasts
18,LUAD,uncertainty030,Monocyte-derived Mph,Alveolar fibroblasts
18,LUAD,uncertainty030,Monocyte-derived Mph,Myofibroblasts
18,LUAD,uncertainty030,Myofibroblasts,AT2
18,LUAD,uncertainty030,Myofibroblasts,Alveolar macrophages
18,LUAD,uncertainty030,Myofibroblasts,Monocyte-derived Mph
18,LUAD,largest_library,AT2,Adventitial fibroblasts
18,LUAD,largest_library,AT2,Alveolar fibroblasts
18,LUAD,largest_library,AT2,Myofibroblasts
18,LUAD,largest_library,Adventitial fibroblasts,AT2
18,LUAD,largest_library,Adventitial fibroblasts,Alveolar macrophages
18,LUAD,largest_library,Adventitial fibroblasts,Monocyte-derived Mph
18,LUAD,largest_library,Alveolar fibroblasts,AT2
18,LUAD,largest_library,Alveolar fibroblasts,Alveolar macrophages
18,LUAD,largest_library,Alveolar fibroblasts,Monocyte-derived Mph
18,LUAD,largest_library,Alveolar macrophages,AT2
18,LUAD,largest_library,Alveolar macrophages,Adventitial fibroblasts
18,LUAD,largest_library,Alveolar macrophages,Alveolar fibroblasts
18,LUAD,largest_library,Alveolar macrophages,Myofibroblasts
18,LUAD,largest_library,Monocyte-derived Mph,AT2
18,LUAD,largest_library,Monocyte-derived Mph,Adventitial fibroblasts
18,LUAD,largest_library,Monocyte-derived Mph,Alveolar fibroblasts
18,LUAD,largest_library,Monocyte-derived Mph,Myofibroblasts
18,LUAD,largest_library,Myofibroblasts,AT2
18,LUAD,largest_library,Myofibroblasts,Alveolar macrophages
18,LUAD,largest_library,Myofibroblasts,Monocyte-derived Mph
18,MIA,all_cells_primary,AT2,Alveolar fibroblasts
18,MIA,all_cells_primary,AT2,Myofibroblasts
18,MIA,all_cells_primary,Alveolar fibroblasts,AT2
18,MIA,all_cells_primary,Alveolar fibroblasts,Alveolar macrophages
18,MIA,all_cells_primary,Alveolar macrophages,AT2
18,MIA,all_cells_primary,Alveolar macrophages,Alveolar fibroblasts
18,MIA,all_cells_primary,Alveolar macrophages,Myofibroblasts
18,MIA,all_cells_primary,Myofibroblasts,AT2
18,MIA,all_cells_primary,Myofibroblasts,Alveolar macrophages
18,MIA,cap500_seed1,AT2,Alveolar fibroblasts
18,MIA,cap500_seed1,AT2,Myofibroblasts
18,MIA,cap500_seed1,Alveolar fibroblasts,AT2
18,MIA,cap500_seed1,Alveolar fibroblasts,Alveolar macrophages
18,MIA,cap500_seed1,Alveolar macrophages,AT2
18,MIA,cap500_seed1,Alveolar macrophages,Alveolar fibroblasts
18,MIA,cap500_seed1,Alveolar macrophages,Myofibroblasts
18,MIA,cap500_seed1,Myofibroblasts,AT2
18,MIA,cap500_seed1,Myofibroblasts,Alveolar macrophages
18,MIA,cap500_seed2,AT2,Alveolar fibroblasts
18,MIA,cap500_seed2,AT2,Myofibroblasts
18,MIA,cap500_seed2,Alveolar fibroblasts,AT2
18,MIA,cap500_seed2,Alveolar fibroblasts,Alveolar macrophages
18,MIA,cap500_seed2,Alveolar macrophages,AT2
18,MIA,cap500_seed2,Alveolar macrophages,Alveolar fibroblasts
18,MIA,cap500_seed2,Alveolar macrophages,Myofibroblasts
18,MIA,cap500_seed2,Myofibroblasts,AT2
18,MIA,cap500_seed2,Myofibroblasts,Alveolar macrophages
18,MIA,floor30,AT2,Adventitial fibroblasts
18,MIA,floor30,AT2,Alveolar fibroblasts
18,MIA,floor30,AT2,Myofibroblasts
18,MIA,floor30,Adventitial fibroblasts,AT2
18,MIA,floor30,Adventitial fibroblasts,Alveolar macrophages
18,MIA,floor30,Adventitial fibroblasts,Monocyte-derived Mph
18,MIA,floor30,Alveolar fibroblasts,AT2
18,MIA,floor30,Alveolar fibroblasts,Alveolar macrophages
18,MIA,floor30,Alveolar fibroblasts,Monocyte-derived Mph
18,MIA,floor30,Alveolar macrophages,AT2
18,MIA,floor30,Alveolar macrophages,Adventitial fibroblasts
18,MIA,floor30,Alveolar macrophages,Alveolar fibroblasts
18,MIA,floor30,Alveolar macrophages,Myofibroblasts
18,MIA,floor30,Monocyte-derived Mph,AT2
18,MIA,floor30,Monocyte-derived Mph,Adventitial fibroblasts
18,MIA,floor30,Monocyte-derived Mph,Alveolar fibroblasts
18,MIA,floor30,Monocyte-derived Mph,Myofibroblasts
18,MIA,floor30,Myofibroblasts,AT2
18,MIA,floor30,Myofibroblasts,Alveolar macrophages
18,MIA,floor30,Myofibroblasts,Monocyte-derived Mph
18,MIA,floor100,AT2,Alveolar fibroblasts
18,MIA,floor100,AT2,Myofibroblasts
18,MIA,floor100,Alveolar fibroblasts,AT2
18,MIA,floor100,Alveolar fibroblasts,Alveolar macrophages
18,MIA,floor100,Alveolar macrophages,AT2
18,MIA,floor100,Alveolar macrophages,Alveolar fibroblasts
18,MIA,floor100,Alveolar macrophages,Myofibroblasts
18,MIA,floor100,Myofibroblasts,AT2
18,MIA,floor100,Myofibroblasts,Alveolar macrophages
18,MIA,expression005,AT2,Alveolar fibroblasts
18,MIA,expression005,AT2,Myofibroblasts
18,MIA,expression005,Alveolar fibroblasts,AT2
18,MIA,expression005,Alveolar fibroblasts,Alveolar macrophages
18,MIA,expression005,Alveolar macrophages,AT2
18,MIA,expression005,Alveolar macrophages,Alveolar fibroblasts
18,MIA,expression005,Alveolar macrophages,Myofibroblasts
18,MIA,expression005,Myofibroblasts,AT2
18,MIA,expression005,Myofibroblasts,Alveolar macrophages
18,MIA,expression020,AT2,Alveolar fibroblasts
18,MIA,expression020,AT2,Myofibroblasts
18,MIA,expression020,Alveolar fibroblasts,AT2
18,MIA,expression020,Alveolar fibroblasts,Alveolar macrophages
18,MIA,expression020,Alveolar macrophages,AT2
18,MIA,expression020,Alveolar macrophages,Alveolar fibroblasts
18,MIA,expression020,Alveolar macrophages,Myofibroblasts
18,MIA,expression020,Myofibroblasts,AT2
18,MIA,expression020,Myofibroblasts,Alveolar macrophages
18,MIA,uncertainty030,AT2,Adventitial fibroblasts
18,MIA,uncertainty030,AT2,Alveolar fibroblasts
18,MIA,uncertainty030,AT2,Myofibroblasts
18,MIA,uncertainty030,Adventitial fibroblasts,AT2
18,MIA,uncertainty030,Adventitial fibroblasts,Alveolar macrophages
18,MIA,uncertainty030,Adventitial fibroblasts,Monocyte-derived Mph
18,MIA,uncertainty030,Alveolar fibroblasts,AT2
18,MIA,uncertainty030,Alveolar fibroblasts,Alveolar macrophages
18,MIA,uncertainty030,Alveolar fibroblasts,Monocyte-derived Mph
18,MIA,uncertainty030,Alveolar macrophages,AT2
18,MIA,uncertainty030,Alveolar macrophages,Adventitial fibroblasts
18,MIA,uncertainty030,Alveolar macrophages,Alveolar fibroblasts
18,MIA,uncertainty030,Alveolar macrophages,Myofibroblasts
18,MIA,uncertainty030,Monocyte-derived Mph,AT2
18,MIA,uncertainty030,Monocyte-derived Mph,Adventitial fibroblasts
18,MIA,uncertainty030,Monocyte-derived Mph,Alveolar fibroblasts
18,MIA,uncertainty030,Monocyte-derived Mph,Myofibroblasts
18,MIA,uncertainty030,Myofibroblasts,AT2
18,MIA,uncertainty030,Myofibroblasts,Alveolar macrophages
18,MIA,uncertainty030,Myofibroblasts,Monocyte-derived Mph
18,MIA,largest_library,AT2,Alveolar fibroblasts
18,MIA,largest_library,AT2,Myofibroblasts
18,MIA,largest_library,Alveolar fibroblasts,AT2
18,MIA,largest_library,Alveolar fibroblasts,Alveolar macrophages
18,MIA,largest_library,Alveolar macrophages,AT2
18,MIA,largest_library,Alveolar macrophages,Alveolar fibroblasts
18,MIA,largest_library,Alveolar macrophages,Myofibroblasts
18,MIA,largest_library,Myofibroblasts,AT2
18,MIA,largest_library,Myofibroblasts,Alveolar macrophages
18,normal,all_cells_primary,AT2,Alveolar fibroblasts
18,normal,all_cells_primary,Alveolar fibroblasts,AT2
18,normal,all_cells_primary,Alveolar fibroblasts,Alveolar macrophages
18,normal,all_cells_primary,Alveolar macrophages,AT2
18,normal,all_cells_primary,Alveolar macrophages,Alveolar fibroblasts
18,normal,cap500_seed1,AT2,Alveolar fibroblasts
18,normal,cap500_seed1,Alveolar fibroblasts,AT2
18,normal,cap500_seed1,Alveolar fibroblasts,Alveolar macrophages
18,normal,cap500_seed1,Alveolar macrophages,AT2
18,normal,cap500_seed1,Alveolar macrophages,Alveolar fibroblasts
18,normal,cap500_seed2,AT2,Alveolar fibroblasts
18,normal,cap500_seed2,Alveolar fibroblasts,AT2
18,normal,cap500_seed2,Alveolar fibroblasts,Alveolar macrophages
18,normal,cap500_seed2,Alveolar macrophages,AT2
18,normal,cap500_seed2,Alveolar macrophages,Alveolar fibroblasts
18,normal,floor30,AT2,Alveolar fibroblasts
18,normal,floor30,AT2,Myofibroblasts
18,normal,floor30,Alveolar fibroblasts,AT2
18,normal,floor30,Alveolar fibroblasts,Alveolar macrophages
18,normal,floor30,Alveolar macrophages,AT2
18,normal,floor30,Alveolar macrophages,Alveolar fibroblasts
18,normal,floor30,Alveolar macrophages,Myofibroblasts
18,normal,floor30,Myofibroblasts,AT2
18,normal,floor30,Myofibroblasts,Alveolar macrophages
18,normal,floor100,AT2,Alveolar fibroblasts
18,normal,floor100,Alveolar fibroblasts,AT2
18,normal,floor100,Alveolar fibroblasts,Alveolar macrophages
18,normal,floor100,Alveolar macrophages,AT2
18,normal,floor100,Alveolar macrophages,Alveolar fibroblasts
18,normal,expression005,AT2,Alveolar fibroblasts
18,normal,expression005,Alveolar fibroblasts,AT2
18,normal,expression005,Alveolar fibroblasts,Alveolar macrophages
18,normal,expression005,Alveolar macrophages,AT2
18,normal,expression005,Alveolar macrophages,Alveolar fibroblasts
18,normal,expression020,AT2,Alveolar fibroblasts
18,normal,expression020,Alveolar fibroblasts,AT2
18,normal,expression020,Alveolar fibroblasts,Alveolar macrophages
18,normal,expression020,Alveolar macrophages,AT2
18,normal,expression020,Alveolar macrophages,Alveolar fibroblasts
18,normal,uncertainty030,AT2,Alveolar fibroblasts
18,normal,uncertainty030,AT2,Myofibroblasts
18,normal,uncertainty030,Alveolar fibroblasts,AT2
18,normal,uncertainty030,Alveolar fibroblasts,Alveolar macrophages
18,normal,uncertainty030,Alveolar macrophages,AT2
18,normal,uncertainty030,Alveolar macrophages,Alveolar fibroblasts
18,normal,uncertainty030,Alveolar macrophages,Myofibroblasts
18,normal,uncertainty030,Myofibroblasts,AT2
18,normal,uncertainty030,Myofibroblasts,Alveolar macrophages
18,normal,largest_library,AT2,Alveolar fibroblasts
18,normal,largest_library,Alveolar fibroblasts,AT2
18,normal,largest_library,Alveolar fibroblasts,Alveolar macrophages
18,normal,largest_library,Alveolar macrophages,AT2
18,normal,largest_library,Alveolar macrophages,Alveolar fibroblasts
19,AIS,all_cells_primary,AT2,Adventitial fibroblasts
19,AIS,all_cells_primary,AT2,Alveolar fibroblasts
19,AIS,all_cells_primary,Adventitial fibroblasts,AT2
19,AIS,all_cells_primary,Adventitial fibroblasts,Alveolar macrophages
19,AIS,all_cells_primary,Adventitial fibroblasts,Interstitial Mph perivascular
19,AIS,all_cells_primary,Alveolar fibroblasts,AT2
19,AIS,all_cells_primary,Alveolar fibroblasts,Alveolar macrophages
19,AIS,all_cells_primary,Alveolar fibroblasts,Interstitial Mph perivascular
19,AIS,all_cells_primary,Alveolar macrophages,AT2
19,AIS,all_cells_primary,Alveolar macrophages,Adventitial fibroblasts
19,AIS,all_cells_primary,Alveolar macrophages,Alveolar fibroblasts
19,AIS,all_cells_primary,Interstitial Mph perivascular,AT2
19,AIS,all_cells_primary,Interstitial Mph perivascular,Adventitial fibroblasts
19,AIS,all_cells_primary,Interstitial Mph perivascular,Alveolar fibroblasts
19,AIS,cap500_seed1,AT2,Adventitial fibroblasts
19,AIS,cap500_seed1,AT2,Alveolar fibroblasts
19,AIS,cap500_seed1,Adventitial fibroblasts,AT2
19,AIS,cap500_seed1,Adventitial fibroblasts,Alveolar macrophages
19,AIS,cap500_seed1,Adventitial fibroblasts,Interstitial Mph perivascular
19,AIS,cap500_seed1,Alveolar fibroblasts,AT2
19,AIS,cap500_seed1,Alveolar fibroblasts,Alveolar macrophages
19,AIS,cap500_seed1,Alveolar fibroblasts,Interstitial Mph perivascular
19,AIS,cap500_seed1,Alveolar macrophages,AT2
19,AIS,cap500_seed1,Alveolar macrophages,Adventitial fibroblasts
19,AIS,cap500_seed1,Alveolar macrophages,Alveolar fibroblasts
19,AIS,cap500_seed1,Interstitial Mph perivascular,AT2
19,AIS,cap500_seed1,Interstitial Mph perivascular,Adventitial fibroblasts
19,AIS,cap500_seed1,Interstitial Mph perivascular,Alveolar fibroblasts
19,AIS,cap500_seed2,AT2,Adventitial fibroblasts
19,AIS,cap500_seed2,AT2,Alveolar fibroblasts
19,AIS,cap500_seed2,Adventitial fibroblasts,AT2
19,AIS,cap500_seed2,Adventitial fibroblasts,Alveolar macrophages
19,AIS,cap500_seed2,Adventitial fibroblasts,Interstitial Mph perivascular
19,AIS,cap500_seed2,Alveolar fibroblasts,AT2
19,AIS,cap500_seed2,Alveolar fibroblasts,Alveolar macrophages
19,AIS,cap500_seed2,Alveolar fibroblasts,Interstitial Mph perivascular
19,AIS,cap500_seed2,Alveolar macrophages,AT2
19,AIS,cap500_seed2,Alveolar macrophages,Adventitial fibroblasts
19,AIS,cap500_seed2,Alveolar macrophages,Alveolar fibroblasts
19,AIS,cap500_seed2,Interstitial Mph perivascular,AT2
19,AIS,cap500_seed2,Interstitial Mph perivascular,Adventitial fibroblasts
19,AIS,cap500_seed2,Interstitial Mph perivascular,Alveolar fibroblasts
19,AIS,floor30,AT2,Adventitial fibroblasts
19,AIS,floor30,AT2,Alveolar fibroblasts
19,AIS,floor30,Adventitial fibroblasts,AT2
19,AIS,floor30,Adventitial fibroblasts,Alveolar macrophages
19,AIS,floor30,Adventitial fibroblasts,Interstitial Mph perivascular
19,AIS,floor30,Alveolar fibroblasts,AT2
19,AIS,floor30,Alveolar fibroblasts,Alveolar macrophages
19,AIS,floor30,Alveolar fibroblasts,Interstitial Mph perivascular
19,AIS,floor30,Alveolar macrophages,AT2
19,AIS,floor30,Alveolar macrophages,Adventitial fibroblasts
19,AIS,floor30,Alveolar macrophages,Alveolar fibroblasts
19,AIS,floor30,Interstitial Mph perivascular,AT2
19,AIS,floor30,Interstitial Mph perivascular,Adventitial fibroblasts
19,AIS,floor30,Interstitial Mph perivascular,Alveolar fibroblasts
19,AIS,floor100,AT2,Adventitial fibroblasts
19,AIS,floor100,AT2,Alveolar fibroblasts
19,AIS,floor100,Adventitial fibroblasts,AT2
19,AIS,floor100,Adventitial fibroblasts,Alveolar macrophages
19,AIS,floor100,Alveolar fibroblasts,AT2
19,AIS,floor100,Alveolar fibroblasts,Alveolar macrophages
19,AIS,floor100,Alveolar macrophages,AT2
19,AIS,floor100,Alveolar macrophages,Adventitial fibroblasts
19,AIS,floor100,Alveolar macrophages,Alveolar fibroblasts
19,AIS,expression005,AT2,Adventitial fibroblasts
19,AIS,expression005,AT2,Alveolar fibroblasts
19,AIS,expression005,Adventitial fibroblasts,AT2
19,AIS,expression005,Adventitial fibroblasts,Alveolar macrophages
19,AIS,expression005,Adventitial fibroblasts,Interstitial Mph perivascular
19,AIS,expression005,Alveolar fibroblasts,AT2
19,AIS,expression005,Alveolar fibroblasts,Alveolar macrophages
19,AIS,expression005,Alveolar fibroblasts,Interstitial Mph perivascular
19,AIS,expression005,Alveolar macrophages,AT2
19,AIS,expression005,Alveolar macrophages,Adventitial fibroblasts
19,AIS,expression005,Alveolar macrophages,Alveolar fibroblasts
19,AIS,expression005,Interstitial Mph perivascular,AT2
19,AIS,expression005,Interstitial Mph perivascular,Adventitial fibroblasts
19,AIS,expression005,Interstitial Mph perivascular,Alveolar fibroblasts
19,AIS,expression020,AT2,Adventitial fibroblasts
19,AIS,expression020,AT2,Alveolar fibroblasts
19,AIS,expression020,Adventitial fibroblasts,AT2
19,AIS,expression020,Adventitial fibroblasts,Alveolar macrophages
19,AIS,expression020,Adventitial fibroblasts,Interstitial Mph perivascular
19,AIS,expression020,Alveolar fibroblasts,AT2
19,AIS,expression020,Alveolar fibroblasts,Alveolar macrophages
19,AIS,expression020,Alveolar fibroblasts,Interstitial Mph perivascular
19,AIS,expression020,Alveolar macrophages,AT2
19,AIS,expression020,Alveolar macrophages,Adventitial fibroblasts
19,AIS,expression020,Alveolar macrophages,Alveolar fibroblasts
19,AIS,expression020,Interstitial Mph perivascular,AT2
19,AIS,expression020,Interstitial Mph perivascular,Adventitial fibroblasts
19,AIS,expression020,Interstitial Mph perivascular,Alveolar fibroblasts
19,AIS,uncertainty030,AT2,Adventitial fibroblasts
19,AIS,uncertainty030,AT2,Alveolar fibroblasts
19,AIS,uncertainty030,Adventitial fibroblasts,AT2
19,AIS,uncertainty030,Adventitial fibroblasts,Alveolar macrophages
19,AIS,uncertainty030,Adventitial fibroblasts,Interstitial Mph perivascular
19,AIS,uncertainty030,Alveolar fibroblasts,AT2
19,AIS,uncertainty030,Alveolar fibroblasts,Alveolar macrophages
19,AIS,uncertainty030,Alveolar fibroblasts,Interstitial Mph perivascular
19,AIS,uncertainty030,Alveolar macrophages,AT2
19,AIS,uncertainty030,Alveolar macrophages,Adventitial fibroblasts
19,AIS,uncertainty030,Alveolar macrophages,Alveolar fibroblasts
19,AIS,uncertainty030,Interstitial Mph perivascular,AT2
19,AIS,uncertainty030,Interstitial Mph perivascular,Adventitial fibroblasts
19,AIS,uncertainty030,Interstitial Mph perivascular,Alveolar fibroblasts
19,AIS,largest_library,AT2,Adventitial fibroblasts
19,AIS,largest_library,AT2,Alveolar fibroblasts
19,AIS,largest_library,Adventitial fibroblasts,AT2
19,AIS,largest_library,Adventitial fibroblasts,Alveolar macrophages
19,AIS,largest_library,Adventitial fibroblasts,Interstitial Mph perivascular
19,AIS,largest_library,Alveolar fibroblasts,AT2
19,AIS,largest_library,Alveolar fibroblasts,Alveolar macrophages
19,AIS,largest_library,Alveolar fibroblasts,Interstitial Mph perivascular
19,AIS,largest_library,Alveolar macrophages,AT2
19,AIS,largest_library,Alveolar macrophages,Adventitial fibroblasts
19,AIS,largest_library,Alveolar macrophages,Alveolar fibroblasts
19,AIS,largest_library,Interstitial Mph perivascular,AT2
19,AIS,largest_library,Interstitial Mph perivascular,Adventitial fibroblasts
19,AIS,largest_library,Interstitial Mph perivascular,Alveolar fibroblasts
19,LUAD,all_cells_primary,AT2,Adventitial fibroblasts
19,LUAD,all_cells_primary,AT2,Alveolar fibroblasts
19,LUAD,all_cells_primary,Adventitial fibroblasts,AT2
19,LUAD,all_cells_primary,Adventitial fibroblasts,Alveolar macrophages
19,LUAD,all_cells_primary,Adventitial fibroblasts,Interstitial Mph perivascular
19,LUAD,all_cells_primary,Alveolar fibroblasts,AT2
19,LUAD,all_cells_primary,Alveolar fibroblasts,Alveolar macrophages
19,LUAD,all_cells_primary,Alveolar fibroblasts,Interstitial Mph perivascular
19,LUAD,all_cells_primary,Alveolar macrophages,AT2
19,LUAD,all_cells_primary,Alveolar macrophages,Adventitial fibroblasts
19,LUAD,all_cells_primary,Alveolar macrophages,Alveolar fibroblasts
19,LUAD,all_cells_primary,Interstitial Mph perivascular,AT2
19,LUAD,all_cells_primary,Interstitial Mph perivascular,Adventitial fibroblasts
19,LUAD,all_cells_primary,Interstitial Mph perivascular,Alveolar fibroblasts
19,LUAD,cap500_seed1,AT2,Adventitial fibroblasts
19,LUAD,cap500_seed1,AT2,Alveolar fibroblasts
19,LUAD,cap500_seed1,Adventitial fibroblasts,AT2
19,LUAD,cap500_seed1,Adventitial fibroblasts,Alveolar macrophages
19,LUAD,cap500_seed1,Adventitial fibroblasts,Interstitial Mph perivascular
19,LUAD,cap500_seed1,Alveolar fibroblasts,AT2
19,LUAD,cap500_seed1,Alveolar fibroblasts,Alveolar macrophages
19,LUAD,cap500_seed1,Alveolar fibroblasts,Interstitial Mph perivascular
19,LUAD,cap500_seed1,Alveolar macrophages,AT2
19,LUAD,cap500_seed1,Alveolar macrophages,Adventitial fibroblasts
19,LUAD,cap500_seed1,Alveolar macrophages,Alveolar fibroblasts
19,LUAD,cap500_seed1,Interstitial Mph perivascular,AT2
19,LUAD,cap500_seed1,Interstitial Mph perivascular,Adventitial fibroblasts
19,LUAD,cap500_seed1,Interstitial Mph perivascular,Alveolar fibroblasts
19,LUAD,cap500_seed2,AT2,Adventitial fibroblasts
19,LUAD,cap500_seed2,AT2,Alveolar fibroblasts
19,LUAD,cap500_seed2,Adventitial fibroblasts,AT2
19,LUAD,cap500_seed2,Adventitial fibroblasts,Alveolar macrophages
19,LUAD,cap500_seed2,Adventitial fibroblasts,Interstitial Mph perivascular
19,LUAD,cap500_seed2,Alveolar fibroblasts,AT2
19,LUAD,cap500_seed2,Alveolar fibroblasts,Alveolar macrophages
19,LUAD,cap500_seed2,Alveolar fibroblasts,Interstitial Mph perivascular
19,LUAD,cap500_seed2,Alveolar macrophages,AT2
19,LUAD,cap500_seed2,Alveolar macrophages,Adventitial fibroblasts
19,LUAD,cap500_seed2,Alveolar macrophages,Alveolar fibroblasts
19,LUAD,cap500_seed2,Interstitial Mph perivascular,AT2
19,LUAD,cap500_seed2,Interstitial Mph perivascular,Adventitial fibroblasts
19,LUAD,cap500_seed2,Interstitial Mph perivascular,Alveolar fibroblasts
19,LUAD,floor30,AT2,Adventitial fibroblasts
19,LUAD,floor30,AT2,Alveolar fibroblasts
19,LUAD,floor30,Adventitial fibroblasts,AT2
19,LUAD,floor30,Adventitial fibroblasts,Alveolar macrophages
19,LUAD,floor30,Adventitial fibroblasts,Interstitial Mph perivascular
19,LUAD,floor30,Alveolar fibroblasts,AT2
19,LUAD,floor30,Alveolar fibroblasts,Alveolar macrophages
19,LUAD,floor30,Alveolar fibroblasts,Interstitial Mph perivascular
19,LUAD,floor30,Alveolar macrophages,AT2
19,LUAD,floor30,Alveolar macrophages,Adventitial fibroblasts
19,LUAD,floor30,Alveolar macrophages,Alveolar fibroblasts
19,LUAD,floor30,Interstitial Mph perivascular,AT2
19,LUAD,floor30,Interstitial Mph perivascular,Adventitial fibroblasts
19,LUAD,floor30,Interstitial Mph perivascular,Alveolar fibroblasts
19,LUAD,floor100,AT2,Adventitial fibroblasts
19,LUAD,floor100,AT2,Alveolar fibroblasts
19,LUAD,floor100,Adventitial fibroblasts,AT2
19,LUAD,floor100,Adventitial fibroblasts,Alveolar macrophages
19,LUAD,floor100,Alveolar fibroblasts,AT2
19,LUAD,floor100,Alveolar fibroblasts,Alveolar macrophages
19,LUAD,floor100,Alveolar macrophages,AT2
19,LUAD,floor100,Alveolar macrophages,Adventitial fibroblasts
19,LUAD,floor100,Alveolar macrophages,Alveolar fibroblasts
19,LUAD,expression005,AT2,Adventitial fibroblasts
19,LUAD,expression005,AT2,Alveolar fibroblasts
19,LUAD,expression005,Adventitial fibroblasts,AT2
19,LUAD,expression005,Adventitial fibroblasts,Alveolar macrophages
19,LUAD,expression005,Adventitial fibroblasts,Interstitial Mph perivascular
19,LUAD,expression005,Alveolar fibroblasts,AT2
19,LUAD,expression005,Alveolar fibroblasts,Alveolar macrophages
19,LUAD,expression005,Alveolar fibroblasts,Interstitial Mph perivascular
19,LUAD,expression005,Alveolar macrophages,AT2
19,LUAD,expression005,Alveolar macrophages,Adventitial fibroblasts
19,LUAD,expression005,Alveolar macrophages,Alveolar fibroblasts
19,LUAD,expression005,Interstitial Mph perivascular,AT2
19,LUAD,expression005,Interstitial Mph perivascular,Adventitial fibroblasts
19,LUAD,expression005,Interstitial Mph perivascular,Alveolar fibroblasts
19,LUAD,expression020,AT2,Adventitial fibroblasts
19,LUAD,expression020,AT2,Alveolar fibroblasts
19,LUAD,expression020,Adventitial fibroblasts,AT2
19,LUAD,expression020,Adventitial fibroblasts,Alveolar macrophages
19,LUAD,expression020,Adventitial fibroblasts,Interstitial Mph perivascular
19,LUAD,expression020,Alveolar fibroblasts,AT2
19,LUAD,expression020,Alveolar fibroblasts,Alveolar macrophages
19,LUAD,expression020,Alveolar fibroblasts,Interstitial Mph perivascular
19,LUAD,expression020,Alveolar macrophages,AT2
19,LUAD,expression020,Alveolar macrophages,Adventitial fibroblasts
19,LUAD,expression020,Alveolar macrophages,Alveolar fibroblasts
19,LUAD,expression020,Interstitial Mph perivascular,AT2
19,LUAD,expression020,Interstitial Mph perivascular,Adventitial fibroblasts
19,LUAD,expression020,Interstitial Mph perivascular,Alveolar fibroblasts
19,LUAD,uncertainty030,AT2,Adventitial fibroblasts
19,LUAD,uncertainty030,AT2,Alveolar fibroblasts
19,LUAD,uncertainty030,Adventitial fibroblasts,AT2
19,LUAD,uncertainty030,Adventitial fibroblasts,Alveolar macrophages
19,LUAD,uncertainty030,Adventitial fibroblasts,Interstitial Mph perivascular
19,LUAD,uncertainty030,Adventitial fibroblasts,Monocyte-derived Mph
19,LUAD,uncertainty030,Alveolar fibroblasts,AT2
19,LUAD,uncertainty030,Alveolar fibroblasts,Alveolar macrophages
19,LUAD,uncertainty030,Alveolar fibroblasts,Interstitial Mph perivascular
19,LUAD,uncertainty030,Alveolar fibroblasts,Monocyte-derived Mph
19,LUAD,uncertainty030,Alveolar macrophages,AT2
19,LUAD,uncertainty030,Alveolar macrophages,Adventitial fibroblasts
19,LUAD,uncertainty030,Alveolar macrophages,Alveolar fibroblasts
19,LUAD,uncertainty030,Interstitial Mph perivascular,AT2
19,LUAD,uncertainty030,Interstitial Mph perivascular,Adventitial fibroblasts
19,LUAD,uncertainty030,Interstitial Mph perivascular,Alveolar fibroblasts
19,LUAD,uncertainty030,Monocyte-derived Mph,AT2
19,LUAD,uncertainty030,Monocyte-derived Mph,Adventitial fibroblasts
19,LUAD,uncertainty030,Monocyte-derived Mph,Alveolar fibroblasts
19,LUAD,largest_library,AT2,Adventitial fibroblasts
19,LUAD,largest_library,AT2,Alveolar fibroblasts
19,LUAD,largest_library,Adventitial fibroblasts,AT2
19,LUAD,largest_library,Adventitial fibroblasts,Alveolar macrophages
19,LUAD,largest_library,Adventitial fibroblasts,Interstitial Mph perivascular
19,LUAD,largest_library,Alveolar fibroblasts,AT2
19,LUAD,largest_library,Alveolar fibroblasts,Alveolar macrophages
19,LUAD,largest_library,Alveolar fibroblasts,Interstitial Mph perivascular
19,LUAD,largest_library,Alveolar macrophages,AT2
19,LUAD,largest_library,Alveolar macrophages,Adventitial fibroblasts
19,LUAD,largest_library,Alveolar macrophages,Alveolar fibroblasts
19,LUAD,largest_library,Interstitial Mph perivascular,AT2
19,LUAD,largest_library,Interstitial Mph perivascular,Adventitial fibroblasts
19,LUAD,largest_library,Interstitial Mph perivascular,Alveolar fibroblasts
19,normal,all_cells_primary,AT2,Alveolar fibroblasts
19,normal,all_cells_primary,Alveolar fibroblasts,AT2
19,normal,all_cells_primary,Alveolar fibroblasts,Alveolar macrophages
19,normal,all_cells_primary,Alveolar macrophages,AT2
19,normal,all_cells_primary,Alveolar macrophages,Alveolar fibroblasts
19,normal,cap500_seed1,AT2,Alveolar fibroblasts
19,normal,cap500_seed1,Alveolar fibroblasts,AT2
19,normal,cap500_seed1,Alveolar fibroblasts,Alveolar macrophages
19,normal,cap500_seed1,Alveolar macrophages,AT2
19,normal,cap500_seed1,Alveolar macrophages,Alveolar fibroblasts
19,normal,cap500_seed2,AT2,Alveolar fibroblasts
19,normal,cap500_seed2,Alveolar fibroblasts,AT2
19,normal,cap500_seed2,Alveolar fibroblasts,Alveolar macrophages
19,normal,cap500_seed2,Alveolar macrophages,AT2
19,normal,cap500_seed2,Alveolar macrophages,Alveolar fibroblasts
19,normal,floor30,AT2,Adventitial fibroblasts
19,normal,floor30,AT2,Alveolar fibroblasts
19,normal,floor30,Adventitial fibroblasts,AT2
19,normal,floor30,Adventitial fibroblasts,Alveolar macrophages
19,normal,floor30,Alveolar fibroblasts,AT2
19,normal,floor30,Alveolar fibroblasts,Alveolar macrophages
19,normal,floor30,Alveolar macrophages,AT2
19,normal,floor30,Alveolar macrophages,Adventitial fibroblasts
19,normal,floor30,Alveolar macrophages,Alveolar fibroblasts
19,normal,floor100,AT2,Alveolar fibroblasts
19,normal,floor100,Alveolar fibroblasts,AT2
19,normal,floor100,Alveolar fibroblasts,Alveolar macrophages
19,normal,floor100,Alveolar macrophages,AT2
19,normal,floor100,Alveolar macrophages,Alveolar fibroblasts
19,normal,expression005,AT2,Alveolar fibroblasts
19,normal,expression005,Alveolar fibroblasts,AT2
19,normal,expression005,Alveolar fibroblasts,Alveolar macrophages
19,normal,expression005,Alveolar macrophages,AT2
19,normal,expression005,Alveolar macrophages,Alveolar fibroblasts
19,normal,expression020,AT2,Alveolar fibroblasts
19,normal,expression020,Alveolar fibroblasts,AT2
19,normal,expression020,Alveolar fibroblasts,Alveolar macrophages
19,normal,expression020,Alveolar macrophages,AT2
19,normal,expression020,Alveolar macrophages,Alveolar fibroblasts
19,normal,uncertainty030,AT2,Adventitial fibroblasts
19,normal,uncertainty030,AT2,Alveolar fibroblasts
19,normal,uncertainty030,Adventitial fibroblasts,AT2
19,normal,uncertainty030,Adventitial fibroblasts,Alveolar macrophages
19,normal,uncertainty030,Alveolar fibroblasts,AT2
19,normal,uncertainty030,Alveolar fibroblasts,Alveolar macrophages
19,normal,uncertainty030,Alveolar macrophages,AT2
19,normal,uncertainty030,Alveolar macrophages,Adventitial fibroblasts
19,normal,uncertainty030,Alveolar macrophages,Alveolar fibroblasts
19,normal,largest_library,AT2,Alveolar fibroblasts
19,normal,largest_library,Alveolar fibroblasts,AT2
19,normal,largest_library,Alveolar fibroblasts,Alveolar macrophages
19,normal,largest_library,Alveolar macrophages,AT2
19,normal,largest_library,Alveolar macrophages,Alveolar fibroblasts
20,AAH,all_cells_primary,AT2,Adventitial fibroblasts
20,AAH,all_cells_primary,AT2,Alveolar fibroblasts
20,AAH,all_cells_primary,Adventitial fibroblasts,AT2
20,AAH,all_cells_primary,Adventitial fibroblasts,Alveolar macrophages
20,AAH,all_cells_primary,Adventitial fibroblasts,Interstitial Mph perivascular
20,AAH,all_cells_primary,Alveolar fibroblasts,AT2
20,AAH,all_cells_primary,Alveolar fibroblasts,Alveolar macrophages
20,AAH,all_cells_primary,Alveolar fibroblasts,Interstitial Mph perivascular
20,AAH,all_cells_primary,Alveolar macrophages,AT2
20,AAH,all_cells_primary,Alveolar macrophages,Adventitial fibroblasts
20,AAH,all_cells_primary,Alveolar macrophages,Alveolar fibroblasts
20,AAH,all_cells_primary,Interstitial Mph perivascular,AT2
20,AAH,all_cells_primary,Interstitial Mph perivascular,Adventitial fibroblasts
20,AAH,all_cells_primary,Interstitial Mph perivascular,Alveolar fibroblasts
20,AAH,cap500_seed1,AT2,Adventitial fibroblasts
20,AAH,cap500_seed1,AT2,Alveolar fibroblasts
20,AAH,cap500_seed1,Adventitial fibroblasts,AT2
20,AAH,cap500_seed1,Adventitial fibroblasts,Alveolar macrophages
20,AAH,cap500_seed1,Adventitial fibroblasts,Interstitial Mph perivascular
20,AAH,cap500_seed1,Alveolar fibroblasts,AT2
20,AAH,cap500_seed1,Alveolar fibroblasts,Alveolar macrophages
20,AAH,cap500_seed1,Alveolar fibroblasts,Interstitial Mph perivascular
20,AAH,cap500_seed1,Alveolar macrophages,AT2
20,AAH,cap500_seed1,Alveolar macrophages,Adventitial fibroblasts
20,AAH,cap500_seed1,Alveolar macrophages,Alveolar fibroblasts
20,AAH,cap500_seed1,Interstitial Mph perivascular,AT2
20,AAH,cap500_seed1,Interstitial Mph perivascular,Adventitial fibroblasts
20,AAH,cap500_seed1,Interstitial Mph perivascular,Alveolar fibroblasts
20,AAH,cap500_seed2,AT2,Adventitial fibroblasts
20,AAH,cap500_seed2,AT2,Alveolar fibroblasts
20,AAH,cap500_seed2,Adventitial fibroblasts,AT2
20,AAH,cap500_seed2,Adventitial fibroblasts,Alveolar macrophages
20,AAH,cap500_seed2,Adventitial fibroblasts,Interstitial Mph perivascular
20,AAH,cap500_seed2,Alveolar fibroblasts,AT2
20,AAH,cap500_seed2,Alveolar fibroblasts,Alveolar macrophages
20,AAH,cap500_seed2,Alveolar fibroblasts,Interstitial Mph perivascular
20,AAH,cap500_seed2,Alveolar macrophages,AT2
20,AAH,cap500_seed2,Alveolar macrophages,Adventitial fibroblasts
20,AAH,cap500_seed2,Alveolar macrophages,Alveolar fibroblasts
20,AAH,cap500_seed2,Interstitial Mph perivascular,AT2
20,AAH,cap500_seed2,Interstitial Mph perivascular,Adventitial fibroblasts
20,AAH,cap500_seed2,Interstitial Mph perivascular,Alveolar fibroblasts
20,AAH,floor30,AT2,Adventitial fibroblasts
20,AAH,floor30,AT2,Alveolar fibroblasts
20,AAH,floor30,Adventitial fibroblasts,AT2
20,AAH,floor30,Adventitial fibroblasts,Alveolar macrophages
20,AAH,floor30,Adventitial fibroblasts,Interstitial Mph perivascular
20,AAH,floor30,Alveolar fibroblasts,AT2
20,AAH,floor30,Alveolar fibroblasts,Alveolar macrophages
20,AAH,floor30,Alveolar fibroblasts,Interstitial Mph perivascular
20,AAH,floor30,Alveolar macrophages,AT2
20,AAH,floor30,Alveolar macrophages,Adventitial fibroblasts
20,AAH,floor30,Alveolar macrophages,Alveolar fibroblasts
20,AAH,floor30,Interstitial Mph perivascular,AT2
20,AAH,floor30,Interstitial Mph perivascular,Adventitial fibroblasts
20,AAH,floor30,Interstitial Mph perivascular,Alveolar fibroblasts
20,AAH,floor100,AT2,Adventitial fibroblasts
20,AAH,floor100,AT2,Alveolar fibroblasts
20,AAH,floor100,Adventitial fibroblasts,AT2
20,AAH,floor100,Adventitial fibroblasts,Alveolar macrophages
20,AAH,floor100,Alveolar fibroblasts,AT2
20,AAH,floor100,Alveolar fibroblasts,Alveolar macrophages
20,AAH,floor100,Alveolar macrophages,AT2
20,AAH,floor100,Alveolar macrophages,Adventitial fibroblasts
20,AAH,floor100,Alveolar macrophages,Alveolar fibroblasts
20,AAH,expression005,AT2,Adventitial fibroblasts
20,AAH,expression005,AT2,Alveolar fibroblasts
20,AAH,expression005,Adventitial fibroblasts,AT2
20,AAH,expression005,Adventitial fibroblasts,Alveolar macrophages
20,AAH,expression005,Adventitial fibroblasts,Interstitial Mph perivascular
20,AAH,expression005,Alveolar fibroblasts,AT2
20,AAH,expression005,Alveolar fibroblasts,Alveolar macrophages
20,AAH,expression005,Alveolar fibroblasts,Interstitial Mph perivascular
20,AAH,expression005,Alveolar macrophages,AT2
20,AAH,expression005,Alveolar macrophages,Adventitial fibroblasts
20,AAH,expression005,Alveolar macrophages,Alveolar fibroblasts
20,AAH,expression005,Interstitial Mph perivascular,AT2
20,AAH,expression005,Interstitial Mph perivascular,Adventitial fibroblasts
20,AAH,expression005,Interstitial Mph perivascular,Alveolar fibroblasts
20,AAH,expression020,AT2,Adventitial fibroblasts
20,AAH,expression020,AT2,Alveolar fibroblasts
20,AAH,expression020,Adventitial fibroblasts,AT2
20,AAH,expression020,Adventitial fibroblasts,Alveolar macrophages
20,AAH,expression020,Adventitial fibroblasts,Interstitial Mph perivascular
20,AAH,expression020,Alveolar fibroblasts,AT2
20,AAH,expression020,Alveolar fibroblasts,Alveolar macrophages
20,AAH,expression020,Alveolar fibroblasts,Interstitial Mph perivascular
20,AAH,expression020,Alveolar macrophages,AT2
20,AAH,expression020,Alveolar macrophages,Adventitial fibroblasts
20,AAH,expression020,Alveolar macrophages,Alveolar fibroblasts
20,AAH,expression020,Interstitial Mph perivascular,AT2
20,AAH,expression020,Interstitial Mph perivascular,Adventitial fibroblasts
20,AAH,expression020,Interstitial Mph perivascular,Alveolar fibroblasts
20,AAH,uncertainty030,AT2,Adventitial fibroblasts
20,AAH,uncertainty030,AT2,Alveolar fibroblasts
20,AAH,uncertainty030,Adventitial fibroblasts,AT2
20,AAH,uncertainty030,Adventitial fibroblasts,Alveolar macrophages
20,AAH,uncertainty030,Adventitial fibroblasts,Interstitial Mph perivascular
20,AAH,uncertainty030,Alveolar fibroblasts,AT2
20,AAH,uncertainty030,Alveolar fibroblasts,Alveolar macrophages
20,AAH,uncertainty030,Alveolar fibroblasts,Interstitial Mph perivascular
20,AAH,uncertainty030,Alveolar macrophages,AT2
20,AAH,uncertainty030,Alveolar macrophages,Adventitial fibroblasts
20,AAH,uncertainty030,Alveolar macrophages,Alveolar fibroblasts
20,AAH,uncertainty030,Interstitial Mph perivascular,AT2
20,AAH,uncertainty030,Interstitial Mph perivascular,Adventitial fibroblasts
20,AAH,uncertainty030,Interstitial Mph perivascular,Alveolar fibroblasts
20,AAH,largest_library,AT2,Adventitial fibroblasts
20,AAH,largest_library,AT2,Alveolar fibroblasts
20,AAH,largest_library,Adventitial fibroblasts,AT2
20,AAH,largest_library,Adventitial fibroblasts,Alveolar macrophages
20,AAH,largest_library,Adventitial fibroblasts,Interstitial Mph perivascular
20,AAH,largest_library,Alveolar fibroblasts,AT2
20,AAH,largest_library,Alveolar fibroblasts,Alveolar macrophages
20,AAH,largest_library,Alveolar fibroblasts,Interstitial Mph perivascular
20,AAH,largest_library,Alveolar macrophages,AT2
20,AAH,largest_library,Alveolar macrophages,Adventitial fibroblasts
20,AAH,largest_library,Alveolar macrophages,Alveolar fibroblasts
20,AAH,largest_library,Interstitial Mph perivascular,AT2
20,AAH,largest_library,Interstitial Mph perivascular,Adventitial fibroblasts
20,AAH,largest_library,Interstitial Mph perivascular,Alveolar fibroblasts
20,LUAD,all_cells_primary,AT2,Alveolar fibroblasts
20,LUAD,all_cells_primary,AT2,Peribronchial fibroblasts
20,LUAD,all_cells_primary,Alveolar fibroblasts,AT2
20,LUAD,all_cells_primary,Alveolar fibroblasts,Alveolar macrophages
20,LUAD,all_cells_primary,Alveolar macrophages,AT2
20,LUAD,all_cells_primary,Alveolar macrophages,Alveolar fibroblasts
20,LUAD,all_cells_primary,Alveolar macrophages,Peribronchial fibroblasts
20,LUAD,all_cells_primary,Peribronchial fibroblasts,AT2
20,LUAD,all_cells_primary,Peribronchial fibroblasts,Alveolar macrophages
20,LUAD,cap500_seed1,AT2,Alveolar fibroblasts
20,LUAD,cap500_seed1,AT2,Peribronchial fibroblasts
20,LUAD,cap500_seed1,Alveolar fibroblasts,AT2
20,LUAD,cap500_seed1,Alveolar fibroblasts,Alveolar macrophages
20,LUAD,cap500_seed1,Alveolar macrophages,AT2
20,LUAD,cap500_seed1,Alveolar macrophages,Alveolar fibroblasts
20,LUAD,cap500_seed1,Alveolar macrophages,Peribronchial fibroblasts
20,LUAD,cap500_seed1,Peribronchial fibroblasts,AT2
20,LUAD,cap500_seed1,Peribronchial fibroblasts,Alveolar macrophages
20,LUAD,cap500_seed2,AT2,Alveolar fibroblasts
20,LUAD,cap500_seed2,AT2,Peribronchial fibroblasts
20,LUAD,cap500_seed2,Alveolar fibroblasts,AT2
20,LUAD,cap500_seed2,Alveolar fibroblasts,Alveolar macrophages
20,LUAD,cap500_seed2,Alveolar macrophages,AT2
20,LUAD,cap500_seed2,Alveolar macrophages,Alveolar fibroblasts
20,LUAD,cap500_seed2,Alveolar macrophages,Peribronchial fibroblasts
20,LUAD,cap500_seed2,Peribronchial fibroblasts,AT2
20,LUAD,cap500_seed2,Peribronchial fibroblasts,Alveolar macrophages
20,LUAD,floor30,AT2,Alveolar fibroblasts
20,LUAD,floor30,AT2,Peribronchial fibroblasts
20,LUAD,floor30,Alveolar fibroblasts,AT2
20,LUAD,floor30,Alveolar fibroblasts,Alveolar macrophages
20,LUAD,floor30,Alveolar fibroblasts,Interstitial Mph perivascular
20,LUAD,floor30,Alveolar macrophages,AT2
20,LUAD,floor30,Alveolar macrophages,Alveolar fibroblasts
20,LUAD,floor30,Alveolar macrophages,Peribronchial fibroblasts
20,LUAD,floor30,Interstitial Mph perivascular,AT2
20,LUAD,floor30,Interstitial Mph perivascular,Alveolar fibroblasts
20,LUAD,floor30,Interstitial Mph perivascular,Peribronchial fibroblasts
20,LUAD,floor30,Peribronchial fibroblasts,AT2
20,LUAD,floor30,Peribronchial fibroblasts,Alveolar macrophages
20,LUAD,floor30,Peribronchial fibroblasts,Interstitial Mph perivascular
20,LUAD,floor100,AT2,Alveolar fibroblasts
20,LUAD,floor100,AT2,Peribronchial fibroblasts
20,LUAD,floor100,Alveolar fibroblasts,AT2
20,LUAD,floor100,Alveolar fibroblasts,Alveolar macrophages
20,LUAD,floor100,Alveolar macrophages,AT2
20,LUAD,floor100,Alveolar macrophages,Alveolar fibroblasts
20,LUAD,floor100,Alveolar macrophages,Peribronchial fibroblasts
20,LUAD,floor100,Peribronchial fibroblasts,AT2
20,LUAD,floor100,Peribronchial fibroblasts,Alveolar macrophages
20,LUAD,expression005,AT2,Alveolar fibroblasts
20,LUAD,expression005,AT2,Peribronchial fibroblasts
20,LUAD,expression005,Alveolar fibroblasts,AT2
20,LUAD,expression005,Alveolar fibroblasts,Alveolar macrophages
20,LUAD,expression005,Alveolar macrophages,AT2
20,LUAD,expression005,Alveolar macrophages,Alveolar fibroblasts
20,LUAD,expression005,Alveolar macrophages,Peribronchial fibroblasts
20,LUAD,expression005,Peribronchial fibroblasts,AT2
20,LUAD,expression005,Peribronchial fibroblasts,Alveolar macrophages
20,LUAD,expression020,AT2,Alveolar fibroblasts
20,LUAD,expression020,AT2,Peribronchial fibroblasts
20,LUAD,expression020,Alveolar fibroblasts,AT2
20,LUAD,expression020,Alveolar fibroblasts,Alveolar macrophages
20,LUAD,expression020,Alveolar macrophages,AT2
20,LUAD,expression020,Alveolar macrophages,Alveolar fibroblasts
20,LUAD,expression020,Alveolar macrophages,Peribronchial fibroblasts
20,LUAD,expression020,Peribronchial fibroblasts,AT2
20,LUAD,expression020,Peribronchial fibroblasts,Alveolar macrophages
20,LUAD,uncertainty030,AT2,Alveolar fibroblasts
20,LUAD,uncertainty030,AT2,Peribronchial fibroblasts
20,LUAD,uncertainty030,Alveolar fibroblasts,AT2
20,LUAD,uncertainty030,Alveolar fibroblasts,Alveolar macrophages
20,LUAD,uncertainty030,Alveolar fibroblasts,Interstitial Mph perivascular
20,LUAD,uncertainty030,Alveolar macrophages,AT2
20,LUAD,uncertainty030,Alveolar macrophages,Alveolar fibroblasts
20,LUAD,uncertainty030,Alveolar macrophages,Peribronchial fibroblasts
20,LUAD,uncertainty030,Interstitial Mph perivascular,AT2
20,LUAD,uncertainty030,Interstitial Mph perivascular,Alveolar fibroblasts
20,LUAD,uncertainty030,Interstitial Mph perivascular,Peribronchial fibroblasts
20,LUAD,uncertainty030,Peribronchial fibroblasts,AT2
20,LUAD,uncertainty030,Peribronchial fibroblasts,Alveolar macrophages
20,LUAD,uncertainty030,Peribronchial fibroblasts,Interstitial Mph perivascular
20,LUAD,largest_library,AT2,Alveolar fibroblasts
20,LUAD,largest_library,AT2,Peribronchial fibroblasts
20,LUAD,largest_library,Alveolar fibroblasts,AT2
20,LUAD,largest_library,Alveolar fibroblasts,Alveolar macrophages
20,LUAD,largest_library,Alveolar macrophages,AT2
20,LUAD,largest_library,Alveolar macrophages,Alveolar fibroblasts
20,LUAD,largest_library,Alveolar macrophages,Peribronchial fibroblasts
20,LUAD,largest_library,Peribronchial fibroblasts,AT2
20,LUAD,largest_library,Peribronchial fibroblasts,Alveolar macrophages
20,normal,all_cells_primary,AT2,Alveolar fibroblasts
20,normal,all_cells_primary,Alveolar fibroblasts,AT2
20,normal,cap500_seed1,AT2,Alveolar fibroblasts
20,normal,cap500_seed1,Alveolar fibroblasts,AT2
20,normal,cap500_seed2,AT2,Alveolar fibroblasts
20,normal,cap500_seed2,Alveolar fibroblasts,AT2
20,normal,floor30,AT2,Alveolar fibroblasts
20,normal,floor30,Alveolar fibroblasts,AT2
20,normal,floor100,AT2,Alveolar fibroblasts
20,normal,floor100,Alveolar fibroblasts,AT2
20,normal,expression005,AT2,Alveolar fibroblasts
20,normal,expression005,Alveolar fibroblasts,AT2
20,normal,expression020,AT2,Alveolar fibroblasts
20,normal,expression020,Alveolar fibroblasts,AT2
20,normal,uncertainty030,AT2,Alveolar fibroblasts
20,normal,uncertainty030,Alveolar fibroblasts,AT2
20,normal,largest_library,AT2,Alveolar fibroblasts
20,normal,largest_library,Alveolar fibroblasts,AT2
21,AIS,all_cells_primary,AT2,Adventitial fibroblasts
21,AIS,all_cells_primary,AT2,Alveolar fibroblasts
21,AIS,all_cells_primary,Adventitial fibroblasts,AT2
21,AIS,all_cells_primary,Adventitial fibroblasts,Alveolar macrophages
21,AIS,all_cells_primary,Adventitial fibroblasts,Interstitial Mph perivascular
21,AIS,all_cells_primary,Alveolar fibroblasts,AT2
21,AIS,all_cells_primary,Alveolar fibroblasts,Alveolar macrophages
21,AIS,all_cells_primary,Alveolar fibroblasts,Interstitial Mph perivascular
21,AIS,all_cells_primary,Alveolar macrophages,AT2
21,AIS,all_cells_primary,Alveolar macrophages,Adventitial fibroblasts
21,AIS,all_cells_primary,Alveolar macrophages,Alveolar fibroblasts
21,AIS,all_cells_primary,Interstitial Mph perivascular,AT2
21,AIS,all_cells_primary,Interstitial Mph perivascular,Adventitial fibroblasts
21,AIS,all_cells_primary,Interstitial Mph perivascular,Alveolar fibroblasts
21,AIS,cap500_seed1,AT2,Adventitial fibroblasts
21,AIS,cap500_seed1,AT2,Alveolar fibroblasts
21,AIS,cap500_seed1,Adventitial fibroblasts,AT2
21,AIS,cap500_seed1,Adventitial fibroblasts,Alveolar macrophages
21,AIS,cap500_seed1,Adventitial fibroblasts,Interstitial Mph perivascular
21,AIS,cap500_seed1,Alveolar fibroblasts,AT2
21,AIS,cap500_seed1,Alveolar fibroblasts,Alveolar macrophages
21,AIS,cap500_seed1,Alveolar fibroblasts,Interstitial Mph perivascular
21,AIS,cap500_seed1,Alveolar macrophages,AT2
21,AIS,cap500_seed1,Alveolar macrophages,Adventitial fibroblasts
21,AIS,cap500_seed1,Alveolar macrophages,Alveolar fibroblasts
21,AIS,cap500_seed1,Interstitial Mph perivascular,AT2
21,AIS,cap500_seed1,Interstitial Mph perivascular,Adventitial fibroblasts
21,AIS,cap500_seed1,Interstitial Mph perivascular,Alveolar fibroblasts
21,AIS,cap500_seed2,AT2,Adventitial fibroblasts
21,AIS,cap500_seed2,AT2,Alveolar fibroblasts
21,AIS,cap500_seed2,Adventitial fibroblasts,AT2
21,AIS,cap500_seed2,Adventitial fibroblasts,Alveolar macrophages
21,AIS,cap500_seed2,Adventitial fibroblasts,Interstitial Mph perivascular
21,AIS,cap500_seed2,Alveolar fibroblasts,AT2
21,AIS,cap500_seed2,Alveolar fibroblasts,Alveolar macrophages
21,AIS,cap500_seed2,Alveolar fibroblasts,Interstitial Mph perivascular
21,AIS,cap500_seed2,Alveolar macrophages,AT2
21,AIS,cap500_seed2,Alveolar macrophages,Adventitial fibroblasts
21,AIS,cap500_seed2,Alveolar macrophages,Alveolar fibroblasts
21,AIS,cap500_seed2,Interstitial Mph perivascular,AT2
21,AIS,cap500_seed2,Interstitial Mph perivascular,Adventitial fibroblasts
21,AIS,cap500_seed2,Interstitial Mph perivascular,Alveolar fibroblasts
21,AIS,floor30,AT2,Adventitial fibroblasts
21,AIS,floor30,AT2,Alveolar fibroblasts
21,AIS,floor30,AT2,Myofibroblasts
21,AIS,floor30,Adventitial fibroblasts,AT2
21,AIS,floor30,Adventitial fibroblasts,Alveolar macrophages
21,AIS,floor30,Adventitial fibroblasts,Interstitial Mph perivascular
21,AIS,floor30,Adventitial fibroblasts,Monocyte-derived Mph
21,AIS,floor30,Alveolar fibroblasts,AT2
21,AIS,floor30,Alveolar fibroblasts,Alveolar macrophages
21,AIS,floor30,Alveolar fibroblasts,Interstitial Mph perivascular
21,AIS,floor30,Alveolar fibroblasts,Monocyte-derived Mph
21,AIS,floor30,Alveolar macrophages,AT2
21,AIS,floor30,Alveolar macrophages,Adventitial fibroblasts
21,AIS,floor30,Alveolar macrophages,Alveolar fibroblasts
21,AIS,floor30,Alveolar macrophages,Myofibroblasts
21,AIS,floor30,Interstitial Mph perivascular,AT2
21,AIS,floor30,Interstitial Mph perivascular,Adventitial fibroblasts
21,AIS,floor30,Interstitial Mph perivascular,Alveolar fibroblasts
21,AIS,floor30,Interstitial Mph perivascular,Myofibroblasts
21,AIS,floor30,Monocyte-derived Mph,AT2
21,AIS,floor30,Monocyte-derived Mph,Adventitial fibroblasts
21,AIS,floor30,Monocyte-derived Mph,Alveolar fibroblasts
21,AIS,floor30,Monocyte-derived Mph,Myofibroblasts
21,AIS,floor30,Myofibroblasts,AT2
21,AIS,floor30,Myofibroblasts,Alveolar macrophages
21,AIS,floor30,Myofibroblasts,Interstitial Mph perivascular
21,AIS,floor30,Myofibroblasts,Monocyte-derived Mph
21,AIS,floor100,AT2,Alveolar fibroblasts
21,AIS,floor100,Alveolar fibroblasts,AT2
21,AIS,floor100,Alveolar fibroblasts,Alveolar macrophages
21,AIS,floor100,Alveolar macrophages,AT2
21,AIS,floor100,Alveolar macrophages,Alveolar fibroblasts
21,AIS,expression005,AT2,Adventitial fibroblasts
21,AIS,expression005,AT2,Alveolar fibroblasts
21,AIS,expression005,Adventitial fibroblasts,AT2
21,AIS,expression005,Adventitial fibroblasts,Alveolar macrophages
21,AIS,expression005,Adventitial fibroblasts,Interstitial Mph perivascular
21,AIS,expression005,Alveolar fibroblasts,AT2
21,AIS,expression005,Alveolar fibroblasts,Alveolar macrophages
21,AIS,expression005,Alveolar fibroblasts,Interstitial Mph perivascular
21,AIS,expression005,Alveolar macrophages,AT2
21,AIS,expression005,Alveolar macrophages,Adventitial fibroblasts
21,AIS,expression005,Alveolar macrophages,Alveolar fibroblasts
21,AIS,expression005,Interstitial Mph perivascular,AT2
21,AIS,expression005,Interstitial Mph perivascular,Adventitial fibroblasts
21,AIS,expression005,Interstitial Mph perivascular,Alveolar fibroblasts
21,AIS,expression020,AT2,Adventitial fibroblasts
21,AIS,expression020,AT2,Alveolar fibroblasts
21,AIS,expression020,Adventitial fibroblasts,AT2
21,AIS,expression020,Adventitial fibroblasts,Alveolar macrophages
21,AIS,expression020,Adventitial fibroblasts,Interstitial Mph perivascular
21,AIS,expression020,Alveolar fibroblasts,AT2
21,AIS,expression020,Alveolar fibroblasts,Alveolar macrophages
21,AIS,expression020,Alveolar fibroblasts,Interstitial Mph perivascular
21,AIS,expression020,Alveolar macrophages,AT2
21,AIS,expression020,Alveolar macrophages,Adventitial fibroblasts
21,AIS,expression020,Alveolar macrophages,Alveolar fibroblasts
21,AIS,expression020,Interstitial Mph perivascular,AT2
21,AIS,expression020,Interstitial Mph perivascular,Adventitial fibroblasts
21,AIS,expression020,Interstitial Mph perivascular,Alveolar fibroblasts
21,AIS,uncertainty030,AT2,Adventitial fibroblasts
21,AIS,uncertainty030,AT2,Alveolar fibroblasts
21,AIS,uncertainty030,AT2,Myofibroblasts
21,AIS,uncertainty030,Adventitial fibroblasts,AT2
21,AIS,uncertainty030,Adventitial fibroblasts,Alveolar macrophages
21,AIS,uncertainty030,Adventitial fibroblasts,Interstitial Mph perivascular
21,AIS,uncertainty030,Adventitial fibroblasts,Monocyte-derived Mph
21,AIS,uncertainty030,Alveolar fibroblasts,AT2
21,AIS,uncertainty030,Alveolar fibroblasts,Alveolar macrophages
21,AIS,uncertainty030,Alveolar fibroblasts,Interstitial Mph perivascular
21,AIS,uncertainty030,Alveolar fibroblasts,Monocyte-derived Mph
21,AIS,uncertainty030,Alveolar macrophages,AT2
21,AIS,uncertainty030,Alveolar macrophages,Adventitial fibroblasts
21,AIS,uncertainty030,Alveolar macrophages,Alveolar fibroblasts
21,AIS,uncertainty030,Alveolar macrophages,Myofibroblasts
21,AIS,uncertainty030,Interstitial Mph perivascular,AT2
21,AIS,uncertainty030,Interstitial Mph perivascular,Adventitial fibroblasts
21,AIS,uncertainty030,Interstitial Mph perivascular,Alveolar fibroblasts
21,AIS,uncertainty030,Interstitial Mph perivascular,Myofibroblasts
21,AIS,uncertainty030,Monocyte-derived Mph,AT2
21,AIS,uncertainty030,Monocyte-derived Mph,Adventitial fibroblasts
21,AIS,uncertainty030,Monocyte-derived Mph,Alveolar fibroblasts
21,AIS,uncertainty030,Monocyte-derived Mph,Myofibroblasts
21,AIS,uncertainty030,Myofibroblasts,AT2
21,AIS,uncertainty030,Myofibroblasts,Alveolar macrophages
21,AIS,uncertainty030,Myofibroblasts,Interstitial Mph perivascular
21,AIS,uncertainty030,Myofibroblasts,Monocyte-derived Mph
21,AIS,largest_library,AT2,Alveolar fibroblasts
21,AIS,largest_library,Alveolar fibroblasts,AT2
21,AIS,largest_library,Alveolar fibroblasts,Alveolar macrophages
21,AIS,largest_library,Alveolar macrophages,AT2
21,AIS,largest_library,Alveolar macrophages,Alveolar fibroblasts
21,LUAD,all_cells_primary,AT2,Alveolar fibroblasts
21,LUAD,all_cells_primary,AT2,Peribronchial fibroblasts
21,LUAD,all_cells_primary,Alveolar fibroblasts,AT2
21,LUAD,all_cells_primary,Peribronchial fibroblasts,AT2
21,LUAD,cap500_seed1,AT2,Alveolar fibroblasts
21,LUAD,cap500_seed1,AT2,Peribronchial fibroblasts
21,LUAD,cap500_seed1,Alveolar fibroblasts,AT2
21,LUAD,cap500_seed1,Peribronchial fibroblasts,AT2
21,LUAD,cap500_seed2,AT2,Alveolar fibroblasts
21,LUAD,cap500_seed2,AT2,Peribronchial fibroblasts
21,LUAD,cap500_seed2,Alveolar fibroblasts,AT2
21,LUAD,cap500_seed2,Peribronchial fibroblasts,AT2
21,LUAD,floor30,AT2,Alveolar fibroblasts
21,LUAD,floor30,AT2,Peribronchial fibroblasts
21,LUAD,floor30,Alveolar fibroblasts,AT2
21,LUAD,floor30,Alveolar fibroblasts,Monocyte-derived Mph
21,LUAD,floor30,Monocyte-derived Mph,AT2
21,LUAD,floor30,Monocyte-derived Mph,Alveolar fibroblasts
21,LUAD,floor30,Monocyte-derived Mph,Peribronchial fibroblasts
21,LUAD,floor30,Peribronchial fibroblasts,AT2
21,LUAD,floor30,Peribronchial fibroblasts,Monocyte-derived Mph
21,LUAD,expression005,AT2,Alveolar fibroblasts
21,LUAD,expression005,AT2,Peribronchial fibroblasts
21,LUAD,expression005,Alveolar fibroblasts,AT2
21,LUAD,expression005,Peribronchial fibroblasts,AT2
21,LUAD,expression020,AT2,Alveolar fibroblasts
21,LUAD,expression020,AT2,Peribronchial fibroblasts
21,LUAD,expression020,Alveolar fibroblasts,AT2
21,LUAD,expression020,Peribronchial fibroblasts,AT2
21,LUAD,uncertainty030,AT2,Alveolar fibroblasts
21,LUAD,uncertainty030,AT2,Peribronchial fibroblasts
21,LUAD,uncertainty030,Alveolar fibroblasts,AT2
21,LUAD,uncertainty030,Alveolar fibroblasts,Monocyte-derived Mph
21,LUAD,uncertainty030,Monocyte-derived Mph,AT2
21,LUAD,uncertainty030,Monocyte-derived Mph,Alveolar fibroblasts
21,LUAD,uncertainty030,Monocyte-derived Mph,Peribronchial fibroblasts
21,LUAD,uncertainty030,Peribronchial fibroblasts,AT2
21,LUAD,uncertainty030,Peribronchial fibroblasts,Monocyte-derived Mph
21,LUAD,largest_library,AT2,Alveolar fibroblasts
21,LUAD,largest_library,AT2,Peribronchial fibroblasts
21,LUAD,largest_library,Alveolar fibroblasts,AT2
21,LUAD,largest_library,Peribronchial fibroblasts,AT2
21,normal,all_cells_primary,AT2,Alveolar fibroblasts
21,normal,all_cells_primary,Alveolar fibroblasts,AT2
21,normal,all_cells_primary,Alveolar fibroblasts,Alveolar macrophages
21,normal,all_cells_primary,Alveolar macrophages,AT2
21,normal,all_cells_primary,Alveolar macrophages,Alveolar fibroblasts
21,normal,cap500_seed1,AT2,Alveolar fibroblasts
21,normal,cap500_seed1,Alveolar fibroblasts,AT2
21,normal,cap500_seed1,Alveolar fibroblasts,Alveolar macrophages
21,normal,cap500_seed1,Alveolar macrophages,AT2
21,normal,cap500_seed1,Alveolar macrophages,Alveolar fibroblasts
21,normal,cap500_seed2,AT2,Alveolar fibroblasts
21,normal,cap500_seed2,Alveolar fibroblasts,AT2
21,normal,cap500_seed2,Alveolar fibroblasts,Alveolar macrophages
21,normal,cap500_seed2,Alveolar macrophages,AT2
21,normal,cap500_seed2,Alveolar macrophages,Alveolar fibroblasts
21,normal,floor30,AT2,Alveolar fibroblasts
21,normal,floor30,Alveolar fibroblasts,AT2
21,normal,floor30,Alveolar fibroblasts,Alveolar macrophages
21,normal,floor30,Alveolar macrophages,AT2
21,normal,floor30,Alveolar macrophages,Alveolar fibroblasts
21,normal,floor100,AT2,Alveolar fibroblasts
21,normal,floor100,Alveolar fibroblasts,AT2
21,normal,floor100,Alveolar fibroblasts,Alveolar macrophages
21,normal,floor100,Alveolar macrophages,AT2
21,normal,floor100,Alveolar macrophages,Alveolar fibroblasts
21,normal,expression005,AT2,Alveolar fibroblasts
21,normal,expression005,Alveolar fibroblasts,AT2
21,normal,expression005,Alveolar fibroblasts,Alveolar macrophages
21,normal,expression005,Alveolar macrophages,AT2
21,normal,expression005,Alveolar macrophages,Alveolar fibroblasts
21,normal,expression020,AT2,Alveolar fibroblasts
21,normal,expression020,Alveolar fibroblasts,AT2
21,normal,expression020,Alveolar fibroblasts,Alveolar macrophages
21,normal,expression020,Alveolar macrophages,AT2
21,normal,expression020,Alveolar macrophages,Alveolar fibroblasts
21,normal,uncertainty030,AT2,Alveolar fibroblasts
21,normal,uncertainty030,Alveolar fibroblasts,AT2
21,normal,uncertainty030,Alveolar fibroblasts,Alveolar macrophages
21,normal,uncertainty030,Alveolar macrophages,AT2
21,normal,uncertainty030,Alveolar macrophages,Alveolar fibroblasts
21,normal,largest_library,AT2,Alveolar fibroblasts
21,normal,largest_library,Alveolar fibroblasts,AT2
21,normal,largest_library,Alveolar fibroblasts,Alveolar macrophages
21,normal,largest_library,Alveolar macrophages,AT2
21,normal,largest_library,Alveolar macrophages,Alveolar fibroblasts
22,AAH,all_cells_primary,AT2,Alveolar fibroblasts
22,AAH,all_cells_primary,Alveolar fibroblasts,AT2
22,AAH,all_cells_primary,Alveolar fibroblasts,Alveolar macrophages
22,AAH,all_cells_primary,Alveolar macrophages,AT2
22,AAH,all_cells_primary,Alveolar macrophages,Alveolar fibroblasts
22,AAH,cap500_seed1,AT2,Alveolar fibroblasts
22,AAH,cap500_seed1,Alveolar fibroblasts,AT2
22,AAH,cap500_seed1,Alveolar fibroblasts,Alveolar macrophages
22,AAH,cap500_seed1,Alveolar macrophages,AT2
22,AAH,cap500_seed1,Alveolar macrophages,Alveolar fibroblasts
22,AAH,cap500_seed2,AT2,Alveolar fibroblasts
22,AAH,cap500_seed2,Alveolar fibroblasts,AT2
22,AAH,cap500_seed2,Alveolar fibroblasts,Alveolar macrophages
22,AAH,cap500_seed2,Alveolar macrophages,AT2
22,AAH,cap500_seed2,Alveolar macrophages,Alveolar fibroblasts
22,AAH,floor30,AT2,Alveolar fibroblasts
22,AAH,floor30,Alveolar fibroblasts,AT2
22,AAH,floor30,Alveolar fibroblasts,Alveolar macrophages
22,AAH,floor30,Alveolar fibroblasts,Interstitial Mph perivascular
22,AAH,floor30,Alveolar macrophages,AT2
22,AAH,floor30,Alveolar macrophages,Alveolar fibroblasts
22,AAH,floor30,Interstitial Mph perivascular,AT2
22,AAH,floor30,Interstitial Mph perivascular,Alveolar fibroblasts
22,AAH,floor100,AT2,Alveolar fibroblasts
22,AAH,floor100,Alveolar fibroblasts,AT2
22,AAH,floor100,Alveolar fibroblasts,Alveolar macrophages
22,AAH,floor100,Alveolar macrophages,AT2
22,AAH,floor100,Alveolar macrophages,Alveolar fibroblasts
22,AAH,expression005,AT2,Alveolar fibroblasts
22,AAH,expression005,Alveolar fibroblasts,AT2
22,AAH,expression005,Alveolar fibroblasts,Alveolar macrophages
22,AAH,expression005,Alveolar macrophages,AT2
22,AAH,expression005,Alveolar macrophages,Alveolar fibroblasts
22,AAH,expression020,AT2,Alveolar fibroblasts
22,AAH,expression020,Alveolar fibroblasts,AT2
22,AAH,expression020,Alveolar fibroblasts,Alveolar macrophages
22,AAH,expression020,Alveolar macrophages,AT2
22,AAH,expression020,Alveolar macrophages,Alveolar fibroblasts
22,AAH,uncertainty030,AT2,Alveolar fibroblasts
22,AAH,uncertainty030,Alveolar fibroblasts,AT2
22,AAH,uncertainty030,Alveolar fibroblasts,Alveolar macrophages
22,AAH,uncertainty030,Alveolar fibroblasts,Interstitial Mph perivascular
22,AAH,uncertainty030,Alveolar macrophages,AT2
22,AAH,uncertainty030,Alveolar macrophages,Alveolar fibroblasts
22,AAH,uncertainty030,Interstitial Mph perivascular,AT2
22,AAH,uncertainty030,Interstitial Mph perivascular,Alveolar fibroblasts
22,AAH,largest_library,AT2,Alveolar fibroblasts
22,AAH,largest_library,Alveolar fibroblasts,AT2
22,AAH,largest_library,Alveolar fibroblasts,Alveolar macrophages
22,AAH,largest_library,Alveolar macrophages,AT2
22,AAH,largest_library,Alveolar macrophages,Alveolar fibroblasts
22,AIS,all_cells_primary,AT2,Adventitial fibroblasts
22,AIS,all_cells_primary,AT2,Alveolar fibroblasts
22,AIS,all_cells_primary,Adventitial fibroblasts,AT2
22,AIS,all_cells_primary,Adventitial fibroblasts,Alveolar macrophages
22,AIS,all_cells_primary,Alveolar fibroblasts,AT2
22,AIS,all_cells_primary,Alveolar fibroblasts,Alveolar macrophages
22,AIS,all_cells_primary,Alveolar macrophages,AT2
22,AIS,all_cells_primary,Alveolar macrophages,Adventitial fibroblasts
22,AIS,all_cells_primary,Alveolar macrophages,Alveolar fibroblasts
22,AIS,cap500_seed1,AT2,Adventitial fibroblasts
22,AIS,cap500_seed1,AT2,Alveolar fibroblasts
22,AIS,cap500_seed1,Adventitial fibroblasts,AT2
22,AIS,cap500_seed1,Adventitial fibroblasts,Alveolar macrophages
22,AIS,cap500_seed1,Alveolar fibroblasts,AT2
22,AIS,cap500_seed1,Alveolar fibroblasts,Alveolar macrophages
22,AIS,cap500_seed1,Alveolar macrophages,AT2
22,AIS,cap500_seed1,Alveolar macrophages,Adventitial fibroblasts
22,AIS,cap500_seed1,Alveolar macrophages,Alveolar fibroblasts
22,AIS,cap500_seed2,AT2,Adventitial fibroblasts
22,AIS,cap500_seed2,AT2,Alveolar fibroblasts
22,AIS,cap500_seed2,Adventitial fibroblasts,AT2
22,AIS,cap500_seed2,Adventitial fibroblasts,Alveolar macrophages
22,AIS,cap500_seed2,Alveolar fibroblasts,AT2
22,AIS,cap500_seed2,Alveolar fibroblasts,Alveolar macrophages
22,AIS,cap500_seed2,Alveolar macrophages,AT2
22,AIS,cap500_seed2,Alveolar macrophages,Adventitial fibroblasts
22,AIS,cap500_seed2,Alveolar macrophages,Alveolar fibroblasts
22,AIS,floor30,AT2,Adventitial fibroblasts
22,AIS,floor30,AT2,Alveolar fibroblasts
22,AIS,floor30,Adventitial fibroblasts,AT2
22,AIS,floor30,Adventitial fibroblasts,Alveolar macrophages
22,AIS,floor30,Adventitial fibroblasts,Interstitial Mph perivascular
22,AIS,floor30,Alveolar fibroblasts,AT2
22,AIS,floor30,Alveolar fibroblasts,Alveolar macrophages
22,AIS,floor30,Alveolar fibroblasts,Interstitial Mph perivascular
22,AIS,floor30,Alveolar macrophages,AT2
22,AIS,floor30,Alveolar macrophages,Adventitial fibroblasts
22,AIS,floor30,Alveolar macrophages,Alveolar fibroblasts
22,AIS,floor30,Interstitial Mph perivascular,AT2
22,AIS,floor30,Interstitial Mph perivascular,Adventitial fibroblasts
22,AIS,floor30,Interstitial Mph perivascular,Alveolar fibroblasts
22,AIS,floor100,AT2,Alveolar fibroblasts
22,AIS,floor100,Alveolar fibroblasts,AT2
22,AIS,floor100,Alveolar fibroblasts,Alveolar macrophages
22,AIS,floor100,Alveolar macrophages,AT2
22,AIS,floor100,Alveolar macrophages,Alveolar fibroblasts
22,AIS,expression005,AT2,Adventitial fibroblasts
22,AIS,expression005,AT2,Alveolar fibroblasts
22,AIS,expression005,Adventitial fibroblasts,AT2
22,AIS,expression005,Adventitial fibroblasts,Alveolar macrophages
22,AIS,expression005,Alveolar fibroblasts,AT2
22,AIS,expression005,Alveolar fibroblasts,Alveolar macrophages
22,AIS,expression005,Alveolar macrophages,AT2
22,AIS,expression005,Alveolar macrophages,Adventitial fibroblasts
22,AIS,expression005,Alveolar macrophages,Alveolar fibroblasts
22,AIS,expression020,AT2,Adventitial fibroblasts
22,AIS,expression020,AT2,Alveolar fibroblasts
22,AIS,expression020,Adventitial fibroblasts,AT2
22,AIS,expression020,Adventitial fibroblasts,Alveolar macrophages
22,AIS,expression020,Alveolar fibroblasts,AT2
22,AIS,expression020,Alveolar fibroblasts,Alveolar macrophages
22,AIS,expression020,Alveolar macrophages,AT2
22,AIS,expression020,Alveolar macrophages,Adventitial fibroblasts
22,AIS,expression020,Alveolar macrophages,Alveolar fibroblasts
22,AIS,uncertainty030,AT2,Adventitial fibroblasts
22,AIS,uncertainty030,AT2,Alveolar fibroblasts
22,AIS,uncertainty030,Adventitial fibroblasts,AT2
22,AIS,uncertainty030,Adventitial fibroblasts,Alveolar macrophages
22,AIS,uncertainty030,Adventitial fibroblasts,Interstitial Mph perivascular
22,AIS,uncertainty030,Alveolar fibroblasts,AT2
22,AIS,uncertainty030,Alveolar fibroblasts,Alveolar macrophages
22,AIS,uncertainty030,Alveolar fibroblasts,Interstitial Mph perivascular
22,AIS,uncertainty030,Alveolar macrophages,AT2
22,AIS,uncertainty030,Alveolar macrophages,Adventitial fibroblasts
22,AIS,uncertainty030,Alveolar macrophages,Alveolar fibroblasts
22,AIS,uncertainty030,Interstitial Mph perivascular,AT2
22,AIS,uncertainty030,Interstitial Mph perivascular,Adventitial fibroblasts
22,AIS,uncertainty030,Interstitial Mph perivascular,Alveolar fibroblasts
22,AIS,largest_library,AT2,Adventitial fibroblasts
22,AIS,largest_library,AT2,Alveolar fibroblasts
22,AIS,largest_library,Adventitial fibroblasts,AT2
22,AIS,largest_library,Adventitial fibroblasts,Alveolar macrophages
22,AIS,largest_library,Alveolar fibroblasts,AT2
22,AIS,largest_library,Alveolar fibroblasts,Alveolar macrophages
22,AIS,largest_library,Alveolar macrophages,AT2
22,AIS,largest_library,Alveolar macrophages,Adventitial fibroblasts
22,AIS,largest_library,Alveolar macrophages,Alveolar fibroblasts
22,LUAD,all_cells_primary,AT2,Adventitial fibroblasts
22,LUAD,all_cells_primary,AT2,Alveolar fibroblasts
22,LUAD,all_cells_primary,Adventitial fibroblasts,AT2
22,LUAD,all_cells_primary,Adventitial fibroblasts,Alveolar macrophages
22,LUAD,all_cells_primary,Adventitial fibroblasts,Interstitial Mph perivascular
22,LUAD,all_cells_primary,Alveolar fibroblasts,AT2
22,LUAD,all_cells_primary,Alveolar fibroblasts,Alveolar macrophages
22,LUAD,all_cells_primary,Alveolar fibroblasts,Interstitial Mph perivascular
22,LUAD,all_cells_primary,Alveolar macrophages,AT2
22,LUAD,all_cells_primary,Alveolar macrophages,Adventitial fibroblasts
22,LUAD,all_cells_primary,Alveolar macrophages,Alveolar fibroblasts
22,LUAD,all_cells_primary,Interstitial Mph perivascular,AT2
22,LUAD,all_cells_primary,Interstitial Mph perivascular,Adventitial fibroblasts
22,LUAD,all_cells_primary,Interstitial Mph perivascular,Alveolar fibroblasts
22,LUAD,cap500_seed1,AT2,Adventitial fibroblasts
22,LUAD,cap500_seed1,AT2,Alveolar fibroblasts
22,LUAD,cap500_seed1,Adventitial fibroblasts,AT2
22,LUAD,cap500_seed1,Adventitial fibroblasts,Alveolar macrophages
22,LUAD,cap500_seed1,Adventitial fibroblasts,Interstitial Mph perivascular
22,LUAD,cap500_seed1,Alveolar fibroblasts,AT2
22,LUAD,cap500_seed1,Alveolar fibroblasts,Alveolar macrophages
22,LUAD,cap500_seed1,Alveolar fibroblasts,Interstitial Mph perivascular
22,LUAD,cap500_seed1,Alveolar macrophages,AT2
22,LUAD,cap500_seed1,Alveolar macrophages,Adventitial fibroblasts
22,LUAD,cap500_seed1,Alveolar macrophages,Alveolar fibroblasts
22,LUAD,cap500_seed1,Interstitial Mph perivascular,AT2
22,LUAD,cap500_seed1,Interstitial Mph perivascular,Adventitial fibroblasts
22,LUAD,cap500_seed1,Interstitial Mph perivascular,Alveolar fibroblasts
22,LUAD,cap500_seed2,AT2,Adventitial fibroblasts
22,LUAD,cap500_seed2,AT2,Alveolar fibroblasts
22,LUAD,cap500_seed2,Adventitial fibroblasts,AT2
22,LUAD,cap500_seed2,Adventitial fibroblasts,Alveolar macrophages
22,LUAD,cap500_seed2,Adventitial fibroblasts,Interstitial Mph perivascular
22,LUAD,cap500_seed2,Alveolar fibroblasts,AT2
22,LUAD,cap500_seed2,Alveolar fibroblasts,Alveolar macrophages
22,LUAD,cap500_seed2,Alveolar fibroblasts,Interstitial Mph perivascular
22,LUAD,cap500_seed2,Alveolar macrophages,AT2
22,LUAD,cap500_seed2,Alveolar macrophages,Adventitial fibroblasts
22,LUAD,cap500_seed2,Alveolar macrophages,Alveolar fibroblasts
22,LUAD,cap500_seed2,Interstitial Mph perivascular,AT2
22,LUAD,cap500_seed2,Interstitial Mph perivascular,Adventitial fibroblasts
22,LUAD,cap500_seed2,Interstitial Mph perivascular,Alveolar fibroblasts
22,LUAD,floor30,AT2,Adventitial fibroblasts
22,LUAD,floor30,AT2,Alveolar fibroblasts
22,LUAD,floor30,Adventitial fibroblasts,AT2
22,LUAD,floor30,Adventitial fibroblasts,Alveolar macrophages
22,LUAD,floor30,Adventitial fibroblasts,Interstitial Mph perivascular
22,LUAD,floor30,Alveolar fibroblasts,AT2
22,LUAD,floor30,Alveolar fibroblasts,Alveolar macrophages
22,LUAD,floor30,Alveolar fibroblasts,Interstitial Mph perivascular
22,LUAD,floor30,Alveolar macrophages,AT2
22,LUAD,floor30,Alveolar macrophages,Adventitial fibroblasts
22,LUAD,floor30,Alveolar macrophages,Alveolar fibroblasts
22,LUAD,floor30,Interstitial Mph perivascular,AT2
22,LUAD,floor30,Interstitial Mph perivascular,Adventitial fibroblasts
22,LUAD,floor30,Interstitial Mph perivascular,Alveolar fibroblasts
22,LUAD,floor100,AT2,Alveolar fibroblasts
22,LUAD,floor100,Alveolar fibroblasts,AT2
22,LUAD,floor100,Alveolar fibroblasts,Alveolar macrophages
22,LUAD,floor100,Alveolar macrophages,AT2
22,LUAD,floor100,Alveolar macrophages,Alveolar fibroblasts
22,LUAD,expression005,AT2,Adventitial fibroblasts
22,LUAD,expression005,AT2,Alveolar fibroblasts
22,LUAD,expression005,Adventitial fibroblasts,AT2
22,LUAD,expression005,Adventitial fibroblasts,Alveolar macrophages
22,LUAD,expression005,Adventitial fibroblasts,Interstitial Mph perivascular
22,LUAD,expression005,Alveolar fibroblasts,AT2
22,LUAD,expression005,Alveolar fibroblasts,Alveolar macrophages
22,LUAD,expression005,Alveolar fibroblasts,Interstitial Mph perivascular
22,LUAD,expression005,Alveolar macrophages,AT2
22,LUAD,expression005,Alveolar macrophages,Adventitial fibroblasts
22,LUAD,expression005,Alveolar macrophages,Alveolar fibroblasts
22,LUAD,expression005,Interstitial Mph perivascular,AT2
22,LUAD,expression005,Interstitial Mph perivascular,Adventitial fibroblasts
22,LUAD,expression005,Interstitial Mph perivascular,Alveolar fibroblasts
22,LUAD,expression020,AT2,Adventitial fibroblasts
22,LUAD,expression020,AT2,Alveolar fibroblasts
22,LUAD,expression020,Adventitial fibroblasts,AT2
22,LUAD,expression020,Adventitial fibroblasts,Alveolar macrophages
22,LUAD,expression020,Adventitial fibroblasts,Interstitial Mph perivascular
22,LUAD,expression020,Alveolar fibroblasts,AT2
22,LUAD,expression020,Alveolar fibroblasts,Alveolar macrophages
22,LUAD,expression020,Alveolar fibroblasts,Interstitial Mph perivascular
22,LUAD,expression020,Alveolar macrophages,AT2
22,LUAD,expression020,Alveolar macrophages,Adventitial fibroblasts
22,LUAD,expression020,Alveolar macrophages,Alveolar fibroblasts
22,LUAD,expression020,Interstitial Mph perivascular,AT2
22,LUAD,expression020,Interstitial Mph perivascular,Adventitial fibroblasts
22,LUAD,expression020,Interstitial Mph perivascular,Alveolar fibroblasts
22,LUAD,uncertainty030,AT2,Adventitial fibroblasts
22,LUAD,uncertainty030,AT2,Alveolar fibroblasts
22,LUAD,uncertainty030,Adventitial fibroblasts,AT2
22,LUAD,uncertainty030,Adventitial fibroblasts,Alveolar macrophages
22,LUAD,uncertainty030,Adventitial fibroblasts,Interstitial Mph perivascular
22,LUAD,uncertainty030,Alveolar fibroblasts,AT2
22,LUAD,uncertainty030,Alveolar fibroblasts,Alveolar macrophages
22,LUAD,uncertainty030,Alveolar fibroblasts,Interstitial Mph perivascular
22,LUAD,uncertainty030,Alveolar macrophages,AT2
22,LUAD,uncertainty030,Alveolar macrophages,Adventitial fibroblasts
22,LUAD,uncertainty030,Alveolar macrophages,Alveolar fibroblasts
22,LUAD,uncertainty030,Interstitial Mph perivascular,AT2
22,LUAD,uncertainty030,Interstitial Mph perivascular,Adventitial fibroblasts
22,LUAD,uncertainty030,Interstitial Mph perivascular,Alveolar fibroblasts
22,LUAD,largest_library,AT2,Adventitial fibroblasts
22,LUAD,largest_library,AT2,Alveolar fibroblasts
22,LUAD,largest_library,Adventitial fibroblasts,AT2
22,LUAD,largest_library,Adventitial fibroblasts,Alveolar macrophages
22,LUAD,largest_library,Adventitial fibroblasts,Interstitial Mph perivascular
22,LUAD,largest_library,Alveolar fibroblasts,AT2
22,LUAD,largest_library,Alveolar fibroblasts,Alveolar macrophages
22,LUAD,largest_library,Alveolar fibroblasts,Interstitial Mph perivascular
22,LUAD,largest_library,Alveolar macrophages,AT2
22,LUAD,largest_library,Alveolar macrophages,Adventitial fibroblasts
22,LUAD,largest_library,Alveolar macrophages,Alveolar fibroblasts
22,LUAD,largest_library,Interstitial Mph perivascular,AT2
22,LUAD,largest_library,Interstitial Mph perivascular,Adventitial fibroblasts
22,LUAD,largest_library,Interstitial Mph perivascular,Alveolar fibroblasts
22,normal,all_cells_primary,AT2,Alveolar fibroblasts
22,normal,all_cells_primary,Alveolar fibroblasts,AT2
22,normal,all_cells_primary,Alveolar fibroblasts,Alveolar macrophages
22,normal,all_cells_primary,Alveolar macrophages,AT2
22,normal,all_cells_primary,Alveolar macrophages,Alveolar fibroblasts
22,normal,cap500_seed1,AT2,Alveolar fibroblasts
22,normal,cap500_seed1,Alveolar fibroblasts,AT2
22,normal,cap500_seed1,Alveolar fibroblasts,Alveolar macrophages
22,normal,cap500_seed1,Alveolar macrophages,AT2
22,normal,cap500_seed1,Alveolar macrophages,Alveolar fibroblasts
22,normal,cap500_seed2,AT2,Alveolar fibroblasts
22,normal,cap500_seed2,Alveolar fibroblasts,AT2
22,normal,cap500_seed2,Alveolar fibroblasts,Alveolar macrophages
22,normal,cap500_seed2,Alveolar macrophages,AT2
22,normal,cap500_seed2,Alveolar macrophages,Alveolar fibroblasts
22,normal,floor30,AT2,Alveolar fibroblasts
22,normal,floor30,Alveolar fibroblasts,AT2
22,normal,floor30,Alveolar fibroblasts,Alveolar macrophages
22,normal,floor30,Alveolar fibroblasts,Interstitial Mph perivascular
22,normal,floor30,Alveolar macrophages,AT2
22,normal,floor30,Alveolar macrophages,Alveolar fibroblasts
22,normal,floor30,Interstitial Mph perivascular,AT2
22,normal,floor30,Interstitial Mph perivascular,Alveolar fibroblasts
22,normal,floor100,AT2,Alveolar fibroblasts
22,normal,floor100,Alveolar fibroblasts,AT2
22,normal,floor100,Alveolar fibroblasts,Alveolar macrophages
22,normal,floor100,Alveolar macrophages,AT2
22,normal,floor100,Alveolar macrophages,Alveolar fibroblasts
22,normal,expression005,AT2,Alveolar fibroblasts
22,normal,expression005,Alveolar fibroblasts,AT2
22,normal,expression005,Alveolar fibroblasts,Alveolar macrophages
22,normal,expression005,Alveolar macrophages,AT2
22,normal,expression005,Alveolar macrophages,Alveolar fibroblasts
22,normal,expression020,AT2,Alveolar fibroblasts
22,normal,expression020,Alveolar fibroblasts,AT2
22,normal,expression020,Alveolar fibroblasts,Alveolar macrophages
22,normal,expression020,Alveolar macrophages,AT2
22,normal,expression020,Alveolar macrophages,Alveolar fibroblasts
22,normal,uncertainty030,AT2,Alveolar fibroblasts
22,normal,uncertainty030,Alveolar fibroblasts,AT2
22,normal,uncertainty030,Alveolar fibroblasts,Alveolar macrophages
22,normal,uncertainty030,Alveolar fibroblasts,Interstitial Mph perivascular
22,normal,uncertainty030,Alveolar macrophages,AT2
22,normal,uncertainty030,Alveolar macrophages,Alveolar fibroblasts
22,normal,uncertainty030,Interstitial Mph perivascular,AT2
22,normal,uncertainty030,Interstitial Mph perivascular,Alveolar fibroblasts
22,normal,largest_library,AT2,Alveolar fibroblasts
22,normal,largest_library,Alveolar fibroblasts,AT2
22,normal,largest_library,Alveolar fibroblasts,Alveolar macrophages
22,normal,largest_library,Alveolar macrophages,AT2
22,normal,largest_library,Alveolar macrophages,Alveolar fibroblasts
23,AIS,all_cells_primary,AT2,Adventitial fibroblasts
23,AIS,all_cells_primary,AT2,Alveolar fibroblasts
23,AIS,all_cells_primary,Adventitial fibroblasts,AT2
23,AIS,all_cells_primary,Adventitial fibroblasts,Alveolar macrophages
23,AIS,all_cells_primary,Adventitial fibroblasts,Interstitial Mph perivascular
23,AIS,all_cells_primary,Adventitial fibroblasts,Monocyte-derived Mph
23,AIS,all_cells_primary,Alveolar fibroblasts,AT2
23,AIS,all_cells_primary,Alveolar fibroblasts,Alveolar macrophages
23,AIS,all_cells_primary,Alveolar fibroblasts,Interstitial Mph perivascular
23,AIS,all_cells_primary,Alveolar fibroblasts,Monocyte-derived Mph
23,AIS,all_cells_primary,Alveolar macrophages,AT2
23,AIS,all_cells_primary,Alveolar macrophages,Adventitial fibroblasts
23,AIS,all_cells_primary,Alveolar macrophages,Alveolar fibroblasts
23,AIS,all_cells_primary,Interstitial Mph perivascular,AT2
23,AIS,all_cells_primary,Interstitial Mph perivascular,Adventitial fibroblasts
23,AIS,all_cells_primary,Interstitial Mph perivascular,Alveolar fibroblasts
23,AIS,all_cells_primary,Monocyte-derived Mph,AT2
23,AIS,all_cells_primary,Monocyte-derived Mph,Adventitial fibroblasts
23,AIS,all_cells_primary,Monocyte-derived Mph,Alveolar fibroblasts
23,AIS,cap500_seed1,AT2,Adventitial fibroblasts
23,AIS,cap500_seed1,AT2,Alveolar fibroblasts
23,AIS,cap500_seed1,Adventitial fibroblasts,AT2
23,AIS,cap500_seed1,Adventitial fibroblasts,Alveolar macrophages
23,AIS,cap500_seed1,Adventitial fibroblasts,Interstitial Mph perivascular
23,AIS,cap500_seed1,Adventitial fibroblasts,Monocyte-derived Mph
23,AIS,cap500_seed1,Alveolar fibroblasts,AT2
23,AIS,cap500_seed1,Alveolar fibroblasts,Alveolar macrophages
23,AIS,cap500_seed1,Alveolar fibroblasts,Interstitial Mph perivascular
23,AIS,cap500_seed1,Alveolar fibroblasts,Monocyte-derived Mph
23,AIS,cap500_seed1,Alveolar macrophages,AT2
23,AIS,cap500_seed1,Alveolar macrophages,Adventitial fibroblasts
23,AIS,cap500_seed1,Alveolar macrophages,Alveolar fibroblasts
23,AIS,cap500_seed1,Interstitial Mph perivascular,AT2
23,AIS,cap500_seed1,Interstitial Mph perivascular,Adventitial fibroblasts
23,AIS,cap500_seed1,Interstitial Mph perivascular,Alveolar fibroblasts
23,AIS,cap500_seed1,Monocyte-derived Mph,AT2
23,AIS,cap500_seed1,Monocyte-derived Mph,Adventitial fibroblasts
23,AIS,cap500_seed1,Monocyte-derived Mph,Alveolar fibroblasts
23,AIS,cap500_seed2,AT2,Adventitial fibroblasts
23,AIS,cap500_seed2,AT2,Alveolar fibroblasts
23,AIS,cap500_seed2,Adventitial fibroblasts,AT2
23,AIS,cap500_seed2,Adventitial fibroblasts,Alveolar macrophages
23,AIS,cap500_seed2,Adventitial fibroblasts,Interstitial Mph perivascular
23,AIS,cap500_seed2,Adventitial fibroblasts,Monocyte-derived Mph
23,AIS,cap500_seed2,Alveolar fibroblasts,AT2
23,AIS,cap500_seed2,Alveolar fibroblasts,Alveolar macrophages
23,AIS,cap500_seed2,Alveolar fibroblasts,Interstitial Mph perivascular
23,AIS,cap500_seed2,Alveolar fibroblasts,Monocyte-derived Mph
23,AIS,cap500_seed2,Alveolar macrophages,AT2
23,AIS,cap500_seed2,Alveolar macrophages,Adventitial fibroblasts
23,AIS,cap500_seed2,Alveolar macrophages,Alveolar fibroblasts
23,AIS,cap500_seed2,Interstitial Mph perivascular,AT2
23,AIS,cap500_seed2,Interstitial Mph perivascular,Adventitial fibroblasts
23,AIS,cap500_seed2,Interstitial Mph perivascular,Alveolar fibroblasts
23,AIS,cap500_seed2,Monocyte-derived Mph,AT2
23,AIS,cap500_seed2,Monocyte-derived Mph,Adventitial fibroblasts
23,AIS,cap500_seed2,Monocyte-derived Mph,Alveolar fibroblasts
23,AIS,floor30,AT2,Adventitial fibroblasts
23,AIS,floor30,AT2,Alveolar fibroblasts
23,AIS,floor30,Adventitial fibroblasts,AT2
23,AIS,floor30,Adventitial fibroblasts,Alveolar macrophages
23,AIS,floor30,Adventitial fibroblasts,Interstitial Mph perivascular
23,AIS,floor30,Adventitial fibroblasts,Monocyte-derived Mph
23,AIS,floor30,Alveolar fibroblasts,AT2
23,AIS,floor30,Alveolar fibroblasts,Alveolar macrophages
23,AIS,floor30,Alveolar fibroblasts,Interstitial Mph perivascular
23,AIS,floor30,Alveolar fibroblasts,Monocyte-derived Mph
23,AIS,floor30,Alveolar macrophages,AT2
23,AIS,floor30,Alveolar macrophages,Adventitial fibroblasts
23,AIS,floor30,Alveolar macrophages,Alveolar fibroblasts
23,AIS,floor30,Interstitial Mph perivascular,AT2
23,AIS,floor30,Interstitial Mph perivascular,Adventitial fibroblasts
23,AIS,floor30,Interstitial Mph perivascular,Alveolar fibroblasts
23,AIS,floor30,Monocyte-derived Mph,AT2
23,AIS,floor30,Monocyte-derived Mph,Adventitial fibroblasts
23,AIS,floor30,Monocyte-derived Mph,Alveolar fibroblasts
23,AIS,floor100,AT2,Adventitial fibroblasts
23,AIS,floor100,AT2,Alveolar fibroblasts
23,AIS,floor100,Adventitial fibroblasts,AT2
23,AIS,floor100,Adventitial fibroblasts,Alveolar macrophages
23,AIS,floor100,Adventitial fibroblasts,Monocyte-derived Mph
23,AIS,floor100,Alveolar fibroblasts,AT2
23,AIS,floor100,Alveolar fibroblasts,Alveolar macrophages
23,AIS,floor100,Alveolar fibroblasts,Monocyte-derived Mph
23,AIS,floor100,Alveolar macrophages,AT2
23,AIS,floor100,Alveolar macrophages,Adventitial fibroblasts
23,AIS,floor100,Alveolar macrophages,Alveolar fibroblasts
23,AIS,floor100,Monocyte-derived Mph,AT2
23,AIS,floor100,Monocyte-derived Mph,Adventitial fibroblasts
23,AIS,floor100,Monocyte-derived Mph,Alveolar fibroblasts
23,AIS,expression005,AT2,Adventitial fibroblasts
23,AIS,expression005,AT2,Alveolar fibroblasts
23,AIS,expression005,Adventitial fibroblasts,AT2
23,AIS,expression005,Adventitial fibroblasts,Alveolar macrophages
23,AIS,expression005,Adventitial fibroblasts,Interstitial Mph perivascular
23,AIS,expression005,Adventitial fibroblasts,Monocyte-derived Mph
23,AIS,expression005,Alveolar fibroblasts,AT2
23,AIS,expression005,Alveolar fibroblasts,Alveolar macrophages
23,AIS,expression005,Alveolar fibroblasts,Interstitial Mph perivascular
23,AIS,expression005,Alveolar fibroblasts,Monocyte-derived Mph
23,AIS,expression005,Alveolar macrophages,AT2
23,AIS,expression005,Alveolar macrophages,Adventitial fibroblasts
23,AIS,expression005,Alveolar macrophages,Alveolar fibroblasts
23,AIS,expression005,Interstitial Mph perivascular,AT2
23,AIS,expression005,Interstitial Mph perivascular,Adventitial fibroblasts
23,AIS,expression005,Interstitial Mph perivascular,Alveolar fibroblasts
23,AIS,expression005,Monocyte-derived Mph,AT2
23,AIS,expression005,Monocyte-derived Mph,Adventitial fibroblasts
23,AIS,expression005,Monocyte-derived Mph,Alveolar fibroblasts
23,AIS,expression020,AT2,Adventitial fibroblasts
23,AIS,expression020,AT2,Alveolar fibroblasts
23,AIS,expression020,Adventitial fibroblasts,AT2
23,AIS,expression020,Adventitial fibroblasts,Alveolar macrophages
23,AIS,expression020,Adventitial fibroblasts,Interstitial Mph perivascular
23,AIS,expression020,Adventitial fibroblasts,Monocyte-derived Mph
23,AIS,expression020,Alveolar fibroblasts,AT2
23,AIS,expression020,Alveolar fibroblasts,Alveolar macrophages
23,AIS,expression020,Alveolar fibroblasts,Interstitial Mph perivascular
23,AIS,expression020,Alveolar fibroblasts,Monocyte-derived Mph
23,AIS,expression020,Alveolar macrophages,AT2
23,AIS,expression020,Alveolar macrophages,Adventitial fibroblasts
23,AIS,expression020,Alveolar macrophages,Alveolar fibroblasts
23,AIS,expression020,Interstitial Mph perivascular,AT2
23,AIS,expression020,Interstitial Mph perivascular,Adventitial fibroblasts
23,AIS,expression020,Interstitial Mph perivascular,Alveolar fibroblasts
23,AIS,expression020,Monocyte-derived Mph,AT2
23,AIS,expression020,Monocyte-derived Mph,Adventitial fibroblasts
23,AIS,expression020,Monocyte-derived Mph,Alveolar fibroblasts
23,AIS,uncertainty030,AT2,Adventitial fibroblasts
23,AIS,uncertainty030,AT2,Alveolar fibroblasts
23,AIS,uncertainty030,Adventitial fibroblasts,AT2
23,AIS,uncertainty030,Adventitial fibroblasts,Alveolar macrophages
23,AIS,uncertainty030,Adventitial fibroblasts,Interstitial Mph perivascular
23,AIS,uncertainty030,Adventitial fibroblasts,Monocyte-derived Mph
23,AIS,uncertainty030,Alveolar fibroblasts,AT2
23,AIS,uncertainty030,Alveolar fibroblasts,Alveolar macrophages
23,AIS,uncertainty030,Alveolar fibroblasts,Interstitial Mph perivascular
23,AIS,uncertainty030,Alveolar fibroblasts,Monocyte-derived Mph
23,AIS,uncertainty030,Alveolar macrophages,AT2
23,AIS,uncertainty030,Alveolar macrophages,Adventitial fibroblasts
23,AIS,uncertainty030,Alveolar macrophages,Alveolar fibroblasts
23,AIS,uncertainty030,Interstitial Mph perivascular,AT2
23,AIS,uncertainty030,Interstitial Mph perivascular,Adventitial fibroblasts
23,AIS,uncertainty030,Interstitial Mph perivascular,Alveolar fibroblasts
23,AIS,uncertainty030,Monocyte-derived Mph,AT2
23,AIS,uncertainty030,Monocyte-derived Mph,Adventitial fibroblasts
23,AIS,uncertainty030,Monocyte-derived Mph,Alveolar fibroblasts
23,AIS,largest_library,AT2,Adventitial fibroblasts
23,AIS,largest_library,AT2,Alveolar fibroblasts
23,AIS,largest_library,Adventitial fibroblasts,AT2
23,AIS,largest_library,Adventitial fibroblasts,Alveolar macrophages
23,AIS,largest_library,Adventitial fibroblasts,Interstitial Mph perivascular
23,AIS,largest_library,Adventitial fibroblasts,Monocyte-derived Mph
23,AIS,largest_library,Alveolar fibroblasts,AT2
23,AIS,largest_library,Alveolar fibroblasts,Alveolar macrophages
23,AIS,largest_library,Alveolar fibroblasts,Interstitial Mph perivascular
23,AIS,largest_library,Alveolar fibroblasts,Monocyte-derived Mph
23,AIS,largest_library,Alveolar macrophages,AT2
23,AIS,largest_library,Alveolar macrophages,Adventitial fibroblasts
23,AIS,largest_library,Alveolar macrophages,Alveolar fibroblasts
23,AIS,largest_library,Interstitial Mph perivascular,AT2
23,AIS,largest_library,Interstitial Mph perivascular,Adventitial fibroblasts
23,AIS,largest_library,Interstitial Mph perivascular,Alveolar fibroblasts
23,AIS,largest_library,Monocyte-derived Mph,AT2
23,AIS,largest_library,Monocyte-derived Mph,Adventitial fibroblasts
23,AIS,largest_library,Monocyte-derived Mph,Alveolar fibroblasts
23,LUAD,all_cells_primary,AT2,Adventitial fibroblasts
23,LUAD,all_cells_primary,AT2,Alveolar fibroblasts
23,LUAD,all_cells_primary,Adventitial fibroblasts,AT2
23,LUAD,all_cells_primary,Adventitial fibroblasts,Alveolar macrophages
23,LUAD,all_cells_primary,Adventitial fibroblasts,Monocyte-derived Mph
23,LUAD,all_cells_primary,Alveolar fibroblasts,AT2
23,LUAD,all_cells_primary,Alveolar fibroblasts,Alveolar macrophages
23,LUAD,all_cells_primary,Alveolar fibroblasts,Monocyte-derived Mph
23,LUAD,all_cells_primary,Alveolar macrophages,AT2
23,LUAD,all_cells_primary,Alveolar macrophages,Adventitial fibroblasts
23,LUAD,all_cells_primary,Alveolar macrophages,Alveolar fibroblasts
23,LUAD,all_cells_primary,Monocyte-derived Mph,AT2
23,LUAD,all_cells_primary,Monocyte-derived Mph,Adventitial fibroblasts
23,LUAD,all_cells_primary,Monocyte-derived Mph,Alveolar fibroblasts
23,LUAD,cap500_seed1,AT2,Adventitial fibroblasts
23,LUAD,cap500_seed1,AT2,Alveolar fibroblasts
23,LUAD,cap500_seed1,Adventitial fibroblasts,AT2
23,LUAD,cap500_seed1,Adventitial fibroblasts,Alveolar macrophages
23,LUAD,cap500_seed1,Adventitial fibroblasts,Monocyte-derived Mph
23,LUAD,cap500_seed1,Alveolar fibroblasts,AT2
23,LUAD,cap500_seed1,Alveolar fibroblasts,Alveolar macrophages
23,LUAD,cap500_seed1,Alveolar fibroblasts,Monocyte-derived Mph
23,LUAD,cap500_seed1,Alveolar macrophages,AT2
23,LUAD,cap500_seed1,Alveolar macrophages,Adventitial fibroblasts
23,LUAD,cap500_seed1,Alveolar macrophages,Alveolar fibroblasts
23,LUAD,cap500_seed1,Monocyte-derived Mph,AT2
23,LUAD,cap500_seed1,Monocyte-derived Mph,Adventitial fibroblasts
23,LUAD,cap500_seed1,Monocyte-derived Mph,Alveolar fibroblasts
23,LUAD,cap500_seed2,AT2,Adventitial fibroblasts
23,LUAD,cap500_seed2,AT2,Alveolar fibroblasts
23,LUAD,cap500_seed2,Adventitial fibroblasts,AT2
23,LUAD,cap500_seed2,Adventitial fibroblasts,Alveolar macrophages
23,LUAD,cap500_seed2,Adventitial fibroblasts,Monocyte-derived Mph
23,LUAD,cap500_seed2,Alveolar fibroblasts,AT2
23,LUAD,cap500_seed2,Alveolar fibroblasts,Alveolar macrophages
23,LUAD,cap500_seed2,Alveolar fibroblasts,Monocyte-derived Mph
23,LUAD,cap500_seed2,Alveolar macrophages,AT2
23,LUAD,cap500_seed2,Alveolar macrophages,Adventitial fibroblasts
23,LUAD,cap500_seed2,Alveolar macrophages,Alveolar fibroblasts
23,LUAD,cap500_seed2,Monocyte-derived Mph,AT2
23,LUAD,cap500_seed2,Monocyte-derived Mph,Adventitial fibroblasts
23,LUAD,cap500_seed2,Monocyte-derived Mph,Alveolar fibroblasts
23,LUAD,floor30,AT2,Adventitial fibroblasts
23,LUAD,floor30,AT2,Alveolar fibroblasts
23,LUAD,floor30,Adventitial fibroblasts,AT2
23,LUAD,floor30,Adventitial fibroblasts,Alveolar macrophages
23,LUAD,floor30,Adventitial fibroblasts,Monocyte-derived Mph
23,LUAD,floor30,Alveolar fibroblasts,AT2
23,LUAD,floor30,Alveolar fibroblasts,Alveolar macrophages
23,LUAD,floor30,Alveolar fibroblasts,Monocyte-derived Mph
23,LUAD,floor30,Alveolar macrophages,AT2
23,LUAD,floor30,Alveolar macrophages,Adventitial fibroblasts
23,LUAD,floor30,Alveolar macrophages,Alveolar fibroblasts
23,LUAD,floor30,Monocyte-derived Mph,AT2
23,LUAD,floor30,Monocyte-derived Mph,Adventitial fibroblasts
23,LUAD,floor30,Monocyte-derived Mph,Alveolar fibroblasts
23,LUAD,floor100,AT2,Alveolar fibroblasts
23,LUAD,floor100,Alveolar fibroblasts,AT2
23,LUAD,floor100,Alveolar fibroblasts,Monocyte-derived Mph
23,LUAD,floor100,Monocyte-derived Mph,AT2
23,LUAD,floor100,Monocyte-derived Mph,Alveolar fibroblasts
23,LUAD,expression005,AT2,Adventitial fibroblasts
23,LUAD,expression005,AT2,Alveolar fibroblasts
23,LUAD,expression005,Adventitial fibroblasts,AT2
23,LUAD,expression005,Adventitial fibroblasts,Alveolar macrophages
23,LUAD,expression005,Adventitial fibroblasts,Monocyte-derived Mph
23,LUAD,expression005,Alveolar fibroblasts,AT2
23,LUAD,expression005,Alveolar fibroblasts,Alveolar macrophages
23,LUAD,expression005,Alveolar fibroblasts,Monocyte-derived Mph
23,LUAD,expression005,Alveolar macrophages,AT2
23,LUAD,expression005,Alveolar macrophages,Adventitial fibroblasts
23,LUAD,expression005,Alveolar macrophages,Alveolar fibroblasts
23,LUAD,expression005,Monocyte-derived Mph,AT2
23,LUAD,expression005,Monocyte-derived Mph,Adventitial fibroblasts
23,LUAD,expression005,Monocyte-derived Mph,Alveolar fibroblasts
23,LUAD,expression020,AT2,Adventitial fibroblasts
23,LUAD,expression020,AT2,Alveolar fibroblasts
23,LUAD,expression020,Adventitial fibroblasts,AT2
23,LUAD,expression020,Adventitial fibroblasts,Alveolar macrophages
23,LUAD,expression020,Adventitial fibroblasts,Monocyte-derived Mph
23,LUAD,expression020,Alveolar fibroblasts,AT2
23,LUAD,expression020,Alveolar fibroblasts,Alveolar macrophages
23,LUAD,expression020,Alveolar fibroblasts,Monocyte-derived Mph
23,LUAD,expression020,Alveolar macrophages,AT2
23,LUAD,expression020,Alveolar macrophages,Adventitial fibroblasts
23,LUAD,expression020,Alveolar macrophages,Alveolar fibroblasts
23,LUAD,expression020,Monocyte-derived Mph,AT2
23,LUAD,expression020,Monocyte-derived Mph,Adventitial fibroblasts
23,LUAD,expression020,Monocyte-derived Mph,Alveolar fibroblasts
23,LUAD,uncertainty030,AT2,Adventitial fibroblasts
23,LUAD,uncertainty030,AT2,Alveolar fibroblasts
23,LUAD,uncertainty030,AT2,Peribronchial fibroblasts
23,LUAD,uncertainty030,Adventitial fibroblasts,AT2
23,LUAD,uncertainty030,Adventitial fibroblasts,Alveolar macrophages
23,LUAD,uncertainty030,Adventitial fibroblasts,Interstitial Mph perivascular
23,LUAD,uncertainty030,Adventitial fibroblasts,Monocyte-derived Mph
23,LUAD,uncertainty030,Alveolar fibroblasts,AT2
23,LUAD,uncertainty030,Alveolar fibroblasts,Alveolar macrophages
23,LUAD,uncertainty030,Alveolar fibroblasts,Interstitial Mph perivascular
23,LUAD,uncertainty030,Alveolar fibroblasts,Monocyte-derived Mph
23,LUAD,uncertainty030,Alveolar macrophages,AT2
23,LUAD,uncertainty030,Alveolar macrophages,Adventitial fibroblasts
23,LUAD,uncertainty030,Alveolar macrophages,Alveolar fibroblasts
23,LUAD,uncertainty030,Alveolar macrophages,Peribronchial fibroblasts
23,LUAD,uncertainty030,Interstitial Mph perivascular,AT2
23,LUAD,uncertainty030,Interstitial Mph perivascular,Adventitial fibroblasts
23,LUAD,uncertainty030,Interstitial Mph perivascular,Alveolar fibroblasts
23,LUAD,uncertainty030,Interstitial Mph perivascular,Peribronchial fibroblasts
23,LUAD,uncertainty030,Monocyte-derived Mph,AT2
23,LUAD,uncertainty030,Monocyte-derived Mph,Adventitial fibroblasts
23,LUAD,uncertainty030,Monocyte-derived Mph,Alveolar fibroblasts
23,LUAD,uncertainty030,Monocyte-derived Mph,Peribronchial fibroblasts
23,LUAD,uncertainty030,Peribronchial fibroblasts,AT2
23,LUAD,uncertainty030,Peribronchial fibroblasts,Alveolar macrophages
23,LUAD,uncertainty030,Peribronchial fibroblasts,Interstitial Mph perivascular
23,LUAD,uncertainty030,Peribronchial fibroblasts,Monocyte-derived Mph
23,LUAD,largest_library,AT2,Adventitial fibroblasts
23,LUAD,largest_library,AT2,Alveolar fibroblasts
23,LUAD,largest_library,Adventitial fibroblasts,AT2
23,LUAD,largest_library,Adventitial fibroblasts,Alveolar macrophages
23,LUAD,largest_library,Adventitial fibroblasts,Monocyte-derived Mph
23,LUAD,largest_library,Alveolar fibroblasts,AT2
23,LUAD,largest_library,Alveolar fibroblasts,Alveolar macrophages
23,LUAD,largest_library,Alveolar fibroblasts,Monocyte-derived Mph
23,LUAD,largest_library,Alveolar macrophages,AT2
23,LUAD,largest_library,Alveolar macrophages,Adventitial fibroblasts
23,LUAD,largest_library,Alveolar macrophages,Alveolar fibroblasts
23,LUAD,largest_library,Monocyte-derived Mph,AT2
23,LUAD,largest_library,Monocyte-derived Mph,Adventitial fibroblasts
23,LUAD,largest_library,Monocyte-derived Mph,Alveolar fibroblasts
23,normal,all_cells_primary,AT2,Alveolar fibroblasts
23,normal,all_cells_primary,Alveolar fibroblasts,AT2
23,normal,cap500_seed1,AT2,Alveolar fibroblasts
23,normal,cap500_seed1,Alveolar fibroblasts,AT2
23,normal,cap500_seed2,AT2,Alveolar fibroblasts
23,normal,cap500_seed2,Alveolar fibroblasts,AT2
23,normal,floor30,AT2,Adventitial fibroblasts
23,normal,floor30,AT2,Alveolar fibroblasts
23,normal,floor30,Adventitial fibroblasts,AT2
23,normal,floor30,Alveolar fibroblasts,AT2
23,normal,floor100,AT2,Alveolar fibroblasts
23,normal,floor100,Alveolar fibroblasts,AT2
23,normal,expression005,AT2,Alveolar fibroblasts
23,normal,expression005,Alveolar fibroblasts,AT2
23,normal,expression020,AT2,Alveolar fibroblasts
23,normal,expression020,Alveolar fibroblasts,AT2
23,normal,uncertainty030,AT2,Alveolar fibroblasts
23,normal,uncertainty030,Alveolar fibroblasts,AT2
23,normal,uncertainty030,Alveolar fibroblasts,Alveolar macrophages
23,normal,uncertainty030,Alveolar fibroblasts,Monocyte-derived Mph
23,normal,uncertainty030,Alveolar macrophages,AT2
23,normal,uncertainty030,Alveolar macrophages,Alveolar fibroblasts
23,normal,uncertainty030,Monocyte-derived Mph,AT2
23,normal,uncertainty030,Monocyte-derived Mph,Alveolar fibroblasts
23,normal,largest_library,AT2,Alveolar fibroblasts
23,normal,largest_library,Alveolar fibroblasts,AT2
24,AAH,all_cells_primary,AT2,Adventitial fibroblasts
24,AAH,all_cells_primary,AT2,Alveolar fibroblasts
24,AAH,all_cells_primary,Adventitial fibroblasts,AT2
24,AAH,all_cells_primary,Adventitial fibroblasts,Monocyte-derived Mph
24,AAH,all_cells_primary,Alveolar fibroblasts,AT2
24,AAH,all_cells_primary,Alveolar fibroblasts,Monocyte-derived Mph
24,AAH,all_cells_primary,Monocyte-derived Mph,AT2
24,AAH,all_cells_primary,Monocyte-derived Mph,Adventitial fibroblasts
24,AAH,all_cells_primary,Monocyte-derived Mph,Alveolar fibroblasts
24,AAH,cap500_seed1,AT2,Adventitial fibroblasts
24,AAH,cap500_seed1,AT2,Alveolar fibroblasts
24,AAH,cap500_seed1,Adventitial fibroblasts,AT2
24,AAH,cap500_seed1,Adventitial fibroblasts,Monocyte-derived Mph
24,AAH,cap500_seed1,Alveolar fibroblasts,AT2
24,AAH,cap500_seed1,Alveolar fibroblasts,Monocyte-derived Mph
24,AAH,cap500_seed1,Monocyte-derived Mph,AT2
24,AAH,cap500_seed1,Monocyte-derived Mph,Adventitial fibroblasts
24,AAH,cap500_seed1,Monocyte-derived Mph,Alveolar fibroblasts
24,AAH,cap500_seed2,AT2,Adventitial fibroblasts
24,AAH,cap500_seed2,AT2,Alveolar fibroblasts
24,AAH,cap500_seed2,Adventitial fibroblasts,AT2
24,AAH,cap500_seed2,Adventitial fibroblasts,Monocyte-derived Mph
24,AAH,cap500_seed2,Alveolar fibroblasts,AT2
24,AAH,cap500_seed2,Alveolar fibroblasts,Monocyte-derived Mph
24,AAH,cap500_seed2,Monocyte-derived Mph,AT2
24,AAH,cap500_seed2,Monocyte-derived Mph,Adventitial fibroblasts
24,AAH,cap500_seed2,Monocyte-derived Mph,Alveolar fibroblasts
24,AAH,floor30,AT2,Adventitial fibroblasts
24,AAH,floor30,AT2,Alveolar fibroblasts
24,AAH,floor30,Adventitial fibroblasts,AT2
24,AAH,floor30,Adventitial fibroblasts,Monocyte-derived Mph
24,AAH,floor30,Alveolar fibroblasts,AT2
24,AAH,floor30,Alveolar fibroblasts,Monocyte-derived Mph
24,AAH,floor30,Monocyte-derived Mph,AT2
24,AAH,floor30,Monocyte-derived Mph,Adventitial fibroblasts
24,AAH,floor30,Monocyte-derived Mph,Alveolar fibroblasts
24,AAH,floor100,AT2,Alveolar fibroblasts
24,AAH,floor100,Alveolar fibroblasts,AT2
24,AAH,expression005,AT2,Adventitial fibroblasts
24,AAH,expression005,AT2,Alveolar fibroblasts
24,AAH,expression005,Adventitial fibroblasts,AT2
24,AAH,expression005,Adventitial fibroblasts,Monocyte-derived Mph
24,AAH,expression005,Alveolar fibroblasts,AT2
24,AAH,expression005,Alveolar fibroblasts,Monocyte-derived Mph
24,AAH,expression005,Monocyte-derived Mph,AT2
24,AAH,expression005,Monocyte-derived Mph,Adventitial fibroblasts
24,AAH,expression005,Monocyte-derived Mph,Alveolar fibroblasts
24,AAH,expression020,AT2,Adventitial fibroblasts
24,AAH,expression020,AT2,Alveolar fibroblasts
24,AAH,expression020,Adventitial fibroblasts,AT2
24,AAH,expression020,Adventitial fibroblasts,Monocyte-derived Mph
24,AAH,expression020,Alveolar fibroblasts,AT2
24,AAH,expression020,Alveolar fibroblasts,Monocyte-derived Mph
24,AAH,expression020,Monocyte-derived Mph,AT2
24,AAH,expression020,Monocyte-derived Mph,Adventitial fibroblasts
24,AAH,expression020,Monocyte-derived Mph,Alveolar fibroblasts
24,AAH,uncertainty030,AT2,Adventitial fibroblasts
24,AAH,uncertainty030,AT2,Alveolar fibroblasts
24,AAH,uncertainty030,Adventitial fibroblasts,AT2
24,AAH,uncertainty030,Adventitial fibroblasts,Monocyte-derived Mph
24,AAH,uncertainty030,Alveolar fibroblasts,AT2
24,AAH,uncertainty030,Alveolar fibroblasts,Monocyte-derived Mph
24,AAH,uncertainty030,Monocyte-derived Mph,AT2
24,AAH,uncertainty030,Monocyte-derived Mph,Adventitial fibroblasts
24,AAH,uncertainty030,Monocyte-derived Mph,Alveolar fibroblasts
24,AAH,largest_library,AT2,Adventitial fibroblasts
24,AAH,largest_library,AT2,Alveolar fibroblasts
24,AAH,largest_library,Adventitial fibroblasts,AT2
24,AAH,largest_library,Adventitial fibroblasts,Monocyte-derived Mph
24,AAH,largest_library,Alveolar fibroblasts,AT2
24,AAH,largest_library,Alveolar fibroblasts,Monocyte-derived Mph
24,AAH,largest_library,Monocyte-derived Mph,AT2
24,AAH,largest_library,Monocyte-derived Mph,Adventitial fibroblasts
24,AAH,largest_library,Monocyte-derived Mph,Alveolar fibroblasts
24,LUAD,all_cells_primary,AT2,Alveolar fibroblasts
24,LUAD,all_cells_primary,AT2,Peribronchial fibroblasts
24,LUAD,all_cells_primary,AT2 proliferating,Alveolar fibroblasts
24,LUAD,all_cells_primary,AT2 proliferating,Peribronchial fibroblasts
24,LUAD,all_cells_primary,Alveolar fibroblasts,AT2
24,LUAD,all_cells_primary,Alveolar fibroblasts,AT2 proliferating
24,LUAD,all_cells_primary,Alveolar fibroblasts,Alveolar macrophages
24,LUAD,all_cells_primary,Alveolar macrophages,AT2
24,LUAD,all_cells_primary,Alveolar macrophages,AT2 proliferating
24,LUAD,all_cells_primary,Alveolar macrophages,Alveolar fibroblasts
24,LUAD,all_cells_primary,Alveolar macrophages,Peribronchial fibroblasts
24,LUAD,all_cells_primary,Peribronchial fibroblasts,AT2
24,LUAD,all_cells_primary,Peribronchial fibroblasts,AT2 proliferating
24,LUAD,all_cells_primary,Peribronchial fibroblasts,Alveolar macrophages
24,LUAD,cap500_seed1,AT2,Alveolar fibroblasts
24,LUAD,cap500_seed1,AT2,Peribronchial fibroblasts
24,LUAD,cap500_seed1,AT2 proliferating,Alveolar fibroblasts
24,LUAD,cap500_seed1,AT2 proliferating,Peribronchial fibroblasts
24,LUAD,cap500_seed1,Alveolar fibroblasts,AT2
24,LUAD,cap500_seed1,Alveolar fibroblasts,AT2 proliferating
24,LUAD,cap500_seed1,Alveolar fibroblasts,Alveolar macrophages
24,LUAD,cap500_seed1,Alveolar macrophages,AT2
24,LUAD,cap500_seed1,Alveolar macrophages,AT2 proliferating
24,LUAD,cap500_seed1,Alveolar macrophages,Alveolar fibroblasts
24,LUAD,cap500_seed1,Alveolar macrophages,Peribronchial fibroblasts
24,LUAD,cap500_seed1,Peribronchial fibroblasts,AT2
24,LUAD,cap500_seed1,Peribronchial fibroblasts,AT2 proliferating
24,LUAD,cap500_seed1,Peribronchial fibroblasts,Alveolar macrophages
24,LUAD,cap500_seed2,AT2,Alveolar fibroblasts
24,LUAD,cap500_seed2,AT2,Peribronchial fibroblasts
24,LUAD,cap500_seed2,AT2 proliferating,Alveolar fibroblasts
24,LUAD,cap500_seed2,AT2 proliferating,Peribronchial fibroblasts
24,LUAD,cap500_seed2,Alveolar fibroblasts,AT2
24,LUAD,cap500_seed2,Alveolar fibroblasts,AT2 proliferating
24,LUAD,cap500_seed2,Alveolar fibroblasts,Alveolar macrophages
24,LUAD,cap500_seed2,Alveolar macrophages,AT2
24,LUAD,cap500_seed2,Alveolar macrophages,AT2 proliferating
24,LUAD,cap500_seed2,Alveolar macrophages,Alveolar fibroblasts
24,LUAD,cap500_seed2,Alveolar macrophages,Peribronchial fibroblasts
24,LUAD,cap500_seed2,Peribronchial fibroblasts,AT2
24,LUAD,cap500_seed2,Peribronchial fibroblasts,AT2 proliferating
24,LUAD,cap500_seed2,Peribronchial fibroblasts,Alveolar macrophages
24,LUAD,floor30,AT2,Alveolar fibroblasts
24,LUAD,floor30,AT2,Peribronchial fibroblasts
24,LUAD,floor30,AT2 proliferating,Alveolar fibroblasts
24,LUAD,floor30,AT2 proliferating,Peribronchial fibroblasts
24,LUAD,floor30,Alveolar fibroblasts,AT2
24,LUAD,floor30,Alveolar fibroblasts,AT2 proliferating
24,LUAD,floor30,Alveolar fibroblasts,Alveolar macrophages
24,LUAD,floor30,Alveolar fibroblasts,Monocyte-derived Mph
24,LUAD,floor30,Alveolar macrophages,AT2
24,LUAD,floor30,Alveolar macrophages,AT2 proliferating
24,LUAD,floor30,Alveolar macrophages,Alveolar fibroblasts
24,LUAD,floor30,Alveolar macrophages,Peribronchial fibroblasts
24,LUAD,floor30,Monocyte-derived Mph,AT2
24,LUAD,floor30,Monocyte-derived Mph,AT2 proliferating
24,LUAD,floor30,Monocyte-derived Mph,Alveolar fibroblasts
24,LUAD,floor30,Monocyte-derived Mph,Peribronchial fibroblasts
24,LUAD,floor30,Peribronchial fibroblasts,AT2
24,LUAD,floor30,Peribronchial fibroblasts,AT2 proliferating
24,LUAD,floor30,Peribronchial fibroblasts,Alveolar macrophages
24,LUAD,floor30,Peribronchial fibroblasts,Monocyte-derived Mph
24,LUAD,floor100,AT2,Alveolar fibroblasts
24,LUAD,floor100,AT2,Peribronchial fibroblasts
24,LUAD,floor100,Alveolar fibroblasts,AT2
24,LUAD,floor100,Alveolar fibroblasts,Alveolar macrophages
24,LUAD,floor100,Alveolar macrophages,AT2
24,LUAD,floor100,Alveolar macrophages,Alveolar fibroblasts
24,LUAD,floor100,Alveolar macrophages,Peribronchial fibroblasts
24,LUAD,floor100,Peribronchial fibroblasts,AT2
24,LUAD,floor100,Peribronchial fibroblasts,Alveolar macrophages
24,LUAD,expression005,AT2,Alveolar fibroblasts
24,LUAD,expression005,AT2,Peribronchial fibroblasts
24,LUAD,expression005,AT2 proliferating,Alveolar fibroblasts
24,LUAD,expression005,AT2 proliferating,Peribronchial fibroblasts
24,LUAD,expression005,Alveolar fibroblasts,AT2
24,LUAD,expression005,Alveolar fibroblasts,AT2 proliferating
24,LUAD,expression005,Alveolar fibroblasts,Alveolar macrophages
24,LUAD,expression005,Alveolar macrophages,AT2
24,LUAD,expression005,Alveolar macrophages,AT2 proliferating
24,LUAD,expression005,Alveolar macrophages,Alveolar fibroblasts
24,LUAD,expression005,Alveolar macrophages,Peribronchial fibroblasts
24,LUAD,expression005,Peribronchial fibroblasts,AT2
24,LUAD,expression005,Peribronchial fibroblasts,AT2 proliferating
24,LUAD,expression005,Peribronchial fibroblasts,Alveolar macrophages
24,LUAD,expression020,AT2,Alveolar fibroblasts
24,LUAD,expression020,AT2,Peribronchial fibroblasts
24,LUAD,expression020,AT2 proliferating,Alveolar fibroblasts
24,LUAD,expression020,AT2 proliferating,Peribronchial fibroblasts
24,LUAD,expression020,Alveolar fibroblasts,AT2
24,LUAD,expression020,Alveolar fibroblasts,AT2 proliferating
24,LUAD,expression020,Alveolar fibroblasts,Alveolar macrophages
24,LUAD,expression020,Alveolar macrophages,AT2
24,LUAD,expression020,Alveolar macrophages,AT2 proliferating
24,LUAD,expression020,Alveolar macrophages,Alveolar fibroblasts
24,LUAD,expression020,Alveolar macrophages,Peribronchial fibroblasts
24,LUAD,expression020,Peribronchial fibroblasts,AT2
24,LUAD,expression020,Peribronchial fibroblasts,AT2 proliferating
24,LUAD,expression020,Peribronchial fibroblasts,Alveolar macrophages
24,LUAD,uncertainty030,AT2,Alveolar fibroblasts
24,LUAD,uncertainty030,AT2,Peribronchial fibroblasts
24,LUAD,uncertainty030,AT2 proliferating,Alveolar fibroblasts
24,LUAD,uncertainty030,AT2 proliferating,Peribronchial fibroblasts
24,LUAD,uncertainty030,Alveolar fibroblasts,AT2
24,LUAD,uncertainty030,Alveolar fibroblasts,AT2 proliferating
24,LUAD,uncertainty030,Alveolar fibroblasts,Alveolar macrophages
24,LUAD,uncertainty030,Alveolar fibroblasts,Monocyte-derived Mph
24,LUAD,uncertainty030,Alveolar macrophages,AT2
24,LUAD,uncertainty030,Alveolar macrophages,AT2 proliferating
24,LUAD,uncertainty030,Alveolar macrophages,Alveolar fibroblasts
24,LUAD,uncertainty030,Alveolar macrophages,Peribronchial fibroblasts
24,LUAD,uncertainty030,Monocyte-derived Mph,AT2
24,LUAD,uncertainty030,Monocyte-derived Mph,AT2 proliferating
24,LUAD,uncertainty030,Monocyte-derived Mph,Alveolar fibroblasts
24,LUAD,uncertainty030,Monocyte-derived Mph,Peribronchial fibroblasts
24,LUAD,uncertainty030,Peribronchial fibroblasts,AT2
24,LUAD,uncertainty030,Peribronchial fibroblasts,AT2 proliferating
24,LUAD,uncertainty030,Peribronchial fibroblasts,Alveolar macrophages
24,LUAD,uncertainty030,Peribronchial fibroblasts,Monocyte-derived Mph
24,LUAD,largest_library,AT2,Alveolar fibroblasts
24,LUAD,largest_library,AT2,Peribronchial fibroblasts
24,LUAD,largest_library,AT2 proliferating,Alveolar fibroblasts
24,LUAD,largest_library,AT2 proliferating,Peribronchial fibroblasts
24,LUAD,largest_library,Alveolar fibroblasts,AT2
24,LUAD,largest_library,Alveolar fibroblasts,AT2 proliferating
24,LUAD,largest_library,Alveolar fibroblasts,Alveolar macrophages
24,LUAD,largest_library,Alveolar macrophages,AT2
24,LUAD,largest_library,Alveolar macrophages,AT2 proliferating
24,LUAD,largest_library,Alveolar macrophages,Alveolar fibroblasts
24,LUAD,largest_library,Alveolar macrophages,Peribronchial fibroblasts
24,LUAD,largest_library,Peribronchial fibroblasts,AT2
24,LUAD,largest_library,Peribronchial fibroblasts,AT2 proliferating
24,LUAD,largest_library,Peribronchial fibroblasts,Alveolar macrophages
24,normal,all_cells_primary,AT2,Alveolar fibroblasts
24,normal,all_cells_primary,Alveolar fibroblasts,AT2
24,normal,cap500_seed1,AT2,Alveolar fibroblasts
24,normal,cap500_seed1,Alveolar fibroblasts,AT2
24,normal,cap500_seed2,AT2,Alveolar fibroblasts
24,normal,cap500_seed2,Alveolar fibroblasts,AT2
24,normal,floor30,AT2,Alveolar fibroblasts
24,normal,floor30,Alveolar fibroblasts,AT2
24,normal,floor30,Alveolar fibroblasts,Monocyte-derived Mph
24,normal,floor30,Monocyte-derived Mph,AT2
24,normal,floor30,Monocyte-derived Mph,Alveolar fibroblasts
24,normal,floor100,AT2,Alveolar fibroblasts
24,normal,floor100,Alveolar fibroblasts,AT2
24,normal,expression005,AT2,Alveolar fibroblasts
24,normal,expression005,Alveolar fibroblasts,AT2
24,normal,expression020,AT2,Alveolar fibroblasts
24,normal,expression020,Alveolar fibroblasts,AT2
24,normal,uncertainty030,AT2,Alveolar fibroblasts
24,normal,uncertainty030,Alveolar fibroblasts,AT2
24,normal,uncertainty030,Alveolar fibroblasts,Alveolar macrophages
24,normal,uncertainty030,Alveolar fibroblasts,Monocyte-derived Mph
24,normal,uncertainty030,Alveolar macrophages,AT2
24,normal,uncertainty030,Alveolar macrophages,Alveolar fibroblasts
24,normal,uncertainty030,Monocyte-derived Mph,AT2
24,normal,uncertainty030,Monocyte-derived Mph,Alveolar fibroblasts
24,normal,largest_library,AT2,Alveolar fibroblasts
24,normal,largest_library,Alveolar fibroblasts,AT2
25,AAH,all_cells_primary,AT2,Alveolar fibroblasts
25,AAH,all_cells_primary,Alveolar fibroblasts,AT2
25,AAH,cap500_seed1,AT2,Alveolar fibroblasts
25,AAH,cap500_seed1,Alveolar fibroblasts,AT2
25,AAH,cap500_seed2,AT2,Alveolar fibroblasts
25,AAH,cap500_seed2,Alveolar fibroblasts,AT2
25,AAH,floor30,AT2,Alveolar fibroblasts
25,AAH,floor30,Alveolar fibroblasts,AT2
25,AAH,floor30,Alveolar fibroblasts,Alveolar macrophages
25,AAH,floor30,Alveolar macrophages,AT2
25,AAH,floor30,Alveolar macrophages,Alveolar fibroblasts
25,AAH,floor100,AT2,Alveolar fibroblasts
25,AAH,floor100,Alveolar fibroblasts,AT2
25,AAH,expression005,AT2,Alveolar fibroblasts
25,AAH,expression005,Alveolar fibroblasts,AT2
25,AAH,expression020,AT2,Alveolar fibroblasts
25,AAH,expression020,Alveolar fibroblasts,AT2
25,AAH,uncertainty030,AT2,Alveolar fibroblasts
25,AAH,uncertainty030,Alveolar fibroblasts,AT2
25,AAH,uncertainty030,Alveolar fibroblasts,Alveolar macrophages
25,AAH,uncertainty030,Alveolar macrophages,AT2
25,AAH,uncertainty030,Alveolar macrophages,Alveolar fibroblasts
25,AAH,largest_library,AT2,Alveolar fibroblasts
25,AAH,largest_library,Alveolar fibroblasts,AT2
25,LUAD,all_cells_primary,AT2,Alveolar fibroblasts
25,LUAD,all_cells_primary,AT2,Peribronchial fibroblasts
25,LUAD,all_cells_primary,Alveolar fibroblasts,AT2
25,LUAD,all_cells_primary,Alveolar fibroblasts,Alveolar macrophages
25,LUAD,all_cells_primary,Alveolar fibroblasts,Monocyte-derived Mph
25,LUAD,all_cells_primary,Alveolar macrophages,AT2
25,LUAD,all_cells_primary,Alveolar macrophages,Alveolar fibroblasts
25,LUAD,all_cells_primary,Alveolar macrophages,Peribronchial fibroblasts
25,LUAD,all_cells_primary,Monocyte-derived Mph,AT2
25,LUAD,all_cells_primary,Monocyte-derived Mph,Alveolar fibroblasts
25,LUAD,all_cells_primary,Monocyte-derived Mph,Peribronchial fibroblasts
25,LUAD,all_cells_primary,Peribronchial fibroblasts,AT2
25,LUAD,all_cells_primary,Peribronchial fibroblasts,Alveolar macrophages
25,LUAD,all_cells_primary,Peribronchial fibroblasts,Monocyte-derived Mph
25,LUAD,cap500_seed1,AT2,Alveolar fibroblasts
25,LUAD,cap500_seed1,AT2,Peribronchial fibroblasts
25,LUAD,cap500_seed1,Alveolar fibroblasts,AT2
25,LUAD,cap500_seed1,Alveolar fibroblasts,Alveolar macrophages
25,LUAD,cap500_seed1,Alveolar fibroblasts,Monocyte-derived Mph
25,LUAD,cap500_seed1,Alveolar macrophages,AT2
25,LUAD,cap500_seed1,Alveolar macrophages,Alveolar fibroblasts
25,LUAD,cap500_seed1,Alveolar macrophages,Peribronchial fibroblasts
25,LUAD,cap500_seed1,Monocyte-derived Mph,AT2
25,LUAD,cap500_seed1,Monocyte-derived Mph,Alveolar fibroblasts
25,LUAD,cap500_seed1,Monocyte-derived Mph,Peribronchial fibroblasts
25,LUAD,cap500_seed1,Peribronchial fibroblasts,AT2
25,LUAD,cap500_seed1,Peribronchial fibroblasts,Alveolar macrophages
25,LUAD,cap500_seed1,Peribronchial fibroblasts,Monocyte-derived Mph
25,LUAD,cap500_seed2,AT2,Alveolar fibroblasts
25,LUAD,cap500_seed2,AT2,Peribronchial fibroblasts
25,LUAD,cap500_seed2,Alveolar fibroblasts,AT2
25,LUAD,cap500_seed2,Alveolar fibroblasts,Alveolar macrophages
25,LUAD,cap500_seed2,Alveolar fibroblasts,Monocyte-derived Mph
25,LUAD,cap500_seed2,Alveolar macrophages,AT2
25,LUAD,cap500_seed2,Alveolar macrophages,Alveolar fibroblasts
25,LUAD,cap500_seed2,Alveolar macrophages,Peribronchial fibroblasts
25,LUAD,cap500_seed2,Monocyte-derived Mph,AT2
25,LUAD,cap500_seed2,Monocyte-derived Mph,Alveolar fibroblasts
25,LUAD,cap500_seed2,Monocyte-derived Mph,Peribronchial fibroblasts
25,LUAD,cap500_seed2,Peribronchial fibroblasts,AT2
25,LUAD,cap500_seed2,Peribronchial fibroblasts,Alveolar macrophages
25,LUAD,cap500_seed2,Peribronchial fibroblasts,Monocyte-derived Mph
25,LUAD,floor30,AT2,Alveolar fibroblasts
25,LUAD,floor30,AT2,Peribronchial fibroblasts
25,LUAD,floor30,Alveolar fibroblasts,AT2
25,LUAD,floor30,Alveolar fibroblasts,Alveolar macrophages
25,LUAD,floor30,Alveolar fibroblasts,Monocyte-derived Mph
25,LUAD,floor30,Alveolar macrophages,AT2
25,LUAD,floor30,Alveolar macrophages,Alveolar fibroblasts
25,LUAD,floor30,Alveolar macrophages,Peribronchial fibroblasts
25,LUAD,floor30,Monocyte-derived Mph,AT2
25,LUAD,floor30,Monocyte-derived Mph,Alveolar fibroblasts
25,LUAD,floor30,Monocyte-derived Mph,Peribronchial fibroblasts
25,LUAD,floor30,Peribronchial fibroblasts,AT2
25,LUAD,floor30,Peribronchial fibroblasts,Alveolar macrophages
25,LUAD,floor30,Peribronchial fibroblasts,Monocyte-derived Mph
25,LUAD,floor100,AT2,Alveolar fibroblasts
25,LUAD,floor100,AT2,Peribronchial fibroblasts
25,LUAD,floor100,Alveolar fibroblasts,AT2
25,LUAD,floor100,Alveolar fibroblasts,Alveolar macrophages
25,LUAD,floor100,Alveolar macrophages,AT2
25,LUAD,floor100,Alveolar macrophages,Alveolar fibroblasts
25,LUAD,floor100,Alveolar macrophages,Peribronchial fibroblasts
25,LUAD,floor100,Peribronchial fibroblasts,AT2
25,LUAD,floor100,Peribronchial fibroblasts,Alveolar macrophages
25,LUAD,expression005,AT2,Alveolar fibroblasts
25,LUAD,expression005,AT2,Peribronchial fibroblasts
25,LUAD,expression005,Alveolar fibroblasts,AT2
25,LUAD,expression005,Alveolar fibroblasts,Alveolar macrophages
25,LUAD,expression005,Alveolar fibroblasts,Monocyte-derived Mph
25,LUAD,expression005,Alveolar macrophages,AT2
25,LUAD,expression005,Alveolar macrophages,Alveolar fibroblasts
25,LUAD,expression005,Alveolar macrophages,Peribronchial fibroblasts
25,LUAD,expression005,Monocyte-derived Mph,AT2
25,LUAD,expression005,Monocyte-derived Mph,Alveolar fibroblasts
25,LUAD,expression005,Monocyte-derived Mph,Peribronchial fibroblasts
25,LUAD,expression005,Peribronchial fibroblasts,AT2
25,LUAD,expression005,Peribronchial fibroblasts,Alveolar macrophages
25,LUAD,expression005,Peribronchial fibroblasts,Monocyte-derived Mph
25,LUAD,expression020,AT2,Alveolar fibroblasts
25,LUAD,expression020,AT2,Peribronchial fibroblasts
25,LUAD,expression020,Alveolar fibroblasts,AT2
25,LUAD,expression020,Alveolar fibroblasts,Alveolar macrophages
25,LUAD,expression020,Alveolar fibroblasts,Monocyte-derived Mph
25,LUAD,expression020,Alveolar macrophages,AT2
25,LUAD,expression020,Alveolar macrophages,Alveolar fibroblasts
25,LUAD,expression020,Alveolar macrophages,Peribronchial fibroblasts
25,LUAD,expression020,Monocyte-derived Mph,AT2
25,LUAD,expression020,Monocyte-derived Mph,Alveolar fibroblasts
25,LUAD,expression020,Monocyte-derived Mph,Peribronchial fibroblasts
25,LUAD,expression020,Peribronchial fibroblasts,AT2
25,LUAD,expression020,Peribronchial fibroblasts,Alveolar macrophages
25,LUAD,expression020,Peribronchial fibroblasts,Monocyte-derived Mph
25,LUAD,uncertainty030,AT2,Alveolar fibroblasts
25,LUAD,uncertainty030,AT2,Peribronchial fibroblasts
25,LUAD,uncertainty030,Alveolar fibroblasts,AT2
25,LUAD,uncertainty030,Alveolar fibroblasts,Alveolar macrophages
25,LUAD,uncertainty030,Alveolar fibroblasts,Monocyte-derived Mph
25,LUAD,uncertainty030,Alveolar macrophages,AT2
25,LUAD,uncertainty030,Alveolar macrophages,Alveolar fibroblasts
25,LUAD,uncertainty030,Alveolar macrophages,Peribronchial fibroblasts
25,LUAD,uncertainty030,Monocyte-derived Mph,AT2
25,LUAD,uncertainty030,Monocyte-derived Mph,Alveolar fibroblasts
25,LUAD,uncertainty030,Monocyte-derived Mph,Peribronchial fibroblasts
25,LUAD,uncertainty030,Peribronchial fibroblasts,AT2
25,LUAD,uncertainty030,Peribronchial fibroblasts,Alveolar macrophages
25,LUAD,uncertainty030,Peribronchial fibroblasts,Monocyte-derived Mph
25,LUAD,largest_library,AT2,Alveolar fibroblasts
25,LUAD,largest_library,AT2,Peribronchial fibroblasts
25,LUAD,largest_library,Alveolar fibroblasts,AT2
25,LUAD,largest_library,Alveolar fibroblasts,Alveolar macrophages
25,LUAD,largest_library,Alveolar fibroblasts,Monocyte-derived Mph
25,LUAD,largest_library,Alveolar macrophages,AT2
25,LUAD,largest_library,Alveolar macrophages,Alveolar fibroblasts
25,LUAD,largest_library,Alveolar macrophages,Peribronchial fibroblasts
25,LUAD,largest_library,Monocyte-derived Mph,AT2
25,LUAD,largest_library,Monocyte-derived Mph,Alveolar fibroblasts
25,LUAD,largest_library,Monocyte-derived Mph,Peribronchial fibroblasts
25,LUAD,largest_library,Peribronchial fibroblasts,AT2
25,LUAD,largest_library,Peribronchial fibroblasts,Alveolar macrophages
25,LUAD,largest_library,Peribronchial fibroblasts,Monocyte-derived Mph
25,normal,all_cells_primary,AT2,Alveolar fibroblasts
25,normal,all_cells_primary,Alveolar fibroblasts,AT2
25,normal,all_cells_primary,Alveolar fibroblasts,Monocyte-derived Mph
25,normal,all_cells_primary,Monocyte-derived Mph,AT2
25,normal,all_cells_primary,Monocyte-derived Mph,Alveolar fibroblasts
25,normal,cap500_seed1,AT2,Alveolar fibroblasts
25,normal,cap500_seed1,Alveolar fibroblasts,AT2
25,normal,cap500_seed1,Alveolar fibroblasts,Monocyte-derived Mph
25,normal,cap500_seed1,Monocyte-derived Mph,AT2
25,normal,cap500_seed1,Monocyte-derived Mph,Alveolar fibroblasts
25,normal,cap500_seed2,AT2,Alveolar fibroblasts
25,normal,cap500_seed2,Alveolar fibroblasts,AT2
25,normal,cap500_seed2,Alveolar fibroblasts,Monocyte-derived Mph
25,normal,cap500_seed2,Monocyte-derived Mph,AT2
25,normal,cap500_seed2,Monocyte-derived Mph,Alveolar fibroblasts
25,normal,floor30,AT2,Alveolar fibroblasts
25,normal,floor30,Alveolar fibroblasts,AT2
25,normal,floor30,Alveolar fibroblasts,Alveolar macrophages
25,normal,floor30,Alveolar fibroblasts,Monocyte-derived Mph
25,normal,floor30,Alveolar macrophages,AT2
25,normal,floor30,Alveolar macrophages,Alveolar fibroblasts
25,normal,floor30,Monocyte-derived Mph,AT2
25,normal,floor30,Monocyte-derived Mph,Alveolar fibroblasts
25,normal,floor100,AT2,Alveolar fibroblasts
25,normal,floor100,Alveolar fibroblasts,AT2
25,normal,expression005,AT2,Alveolar fibroblasts
25,normal,expression005,Alveolar fibroblasts,AT2
25,normal,expression005,Alveolar fibroblasts,Monocyte-derived Mph
25,normal,expression005,Monocyte-derived Mph,AT2
25,normal,expression005,Monocyte-derived Mph,Alveolar fibroblasts
25,normal,expression020,AT2,Alveolar fibroblasts
25,normal,expression020,Alveolar fibroblasts,AT2
25,normal,expression020,Alveolar fibroblasts,Monocyte-derived Mph
25,normal,expression020,Monocyte-derived Mph,AT2
25,normal,expression020,Monocyte-derived Mph,Alveolar fibroblasts
25,normal,uncertainty030,AT2,Alveolar fibroblasts
25,normal,uncertainty030,Alveolar fibroblasts,AT2
25,normal,uncertainty030,Alveolar fibroblasts,Alveolar macrophages
25,normal,uncertainty030,Alveolar fibroblasts,Monocyte-derived Mph
25,normal,uncertainty030,Alveolar macrophages,AT2
25,normal,uncertainty030,Alveolar macrophages,Alveolar fibroblasts
25,normal,uncertainty030,Monocyte-derived Mph,AT2
25,normal,uncertainty030,Monocyte-derived Mph,Alveolar fibroblasts
25,normal,largest_library,AT2,Alveolar fibroblasts
25,normal,largest_library,Alveolar fibroblasts,AT2
25,normal,largest_library,Alveolar fibroblasts,Monocyte-derived Mph
25,normal,largest_library,Monocyte-derived Mph,AT2
25,normal,largest_library,Monocyte-derived Mph,Alveolar fibroblasts
