disease,label,gene,donors,mean_of_donor_expression,mean_of_donor_detection,cohort
IPF,ATII,ACKR1,3,0.08710490021769464,0.024287978728843865,GSE136831
IPF,ATII,ACKR2,3,0.0,0.0,GSE136831
IPF,ATII,ACKR3,3,0.012801360016488133,0.0062893081761006,GSE136831
IPF,ATII,ACKR4,3,0.0,0.0,GSE136831
IPF,ATII,ACVR1,3,0.33995128303195205,0.1534974689369535,GSE136831
IPF,ATII,ACVR1B,3,0.3612522336427797,0.15801503298051844,GSE136831
IPF,ATII,ACVR1C,3,0.058615500028025735,0.043155903257145765,GSE136831
IPF,ATII,ACVRL1,3,0.0,0.0,GSE136831
IPF,ATII,ADGRA2,3,0.0687099599386374,0.034156567980774134,GSE136831
IPF,ATII,ADRA2A,3,0.0,0.0,GSE136831
IPF,ATII,ADRB2,3,0.2144602705412936,0.12525694124865774,GSE136831
IPF,ATII,ANTXR1,3,0.27548327912372866,0.11847164698062074,GSE136831
IPF,ATII,APCDD1,3,0.009009450459088434,0.005420054200542,GSE136831
IPF,ATII,AREG,3,4.03775870461232,0.5777240885616404,GSE136831
IPF,ATII,ATP6AP2,3,0.4582825941628001,0.16765863885053942,GSE136831
IPF,ATII,AVPR1A,3,0.0,0.0,GSE136831
IPF,ATII,CASP1,3,0.12262513632572263,0.04637469959605253,GSE136831
IPF,ATII,CAV1,3,0.267479997663378,0.1298077414736411,GSE136831
IPF,ATII,CCL2,3,0.29516321398985956,0.10454824359564342,GSE136831
IPF,ATII,CCR1,3,0.0,0.0,GSE136831
IPF,ATII,CCR10,3,0.0,0.0,GSE136831
IPF,ATII,CCR2,3,0.0,0.0,GSE136831
IPF,ATII,CCR3,3,0.0,0.0,GSE136831
IPF,ATII,CCR4,3,0.0,0.0,GSE136831
IPF,ATII,CCR5,3,0.0,0.0,GSE136831
IPF,ATII,CD36,3,1.70913399136359,0.3034412230914762,GSE136831
IPF,ATII,CD4,3,0.021262028992902735,0.0062893081761006,GSE136831
IPF,ATII,CD44,3,4.293812886786455,0.6297566088868436,GSE136831
IPF,ATII,CD82,3,0.14917497874743235,0.06805491639822057,GSE136831
IPF,ATII,CD9,3,4.841647692260698,0.636385948765148,GSE136831
IPF,ATII,CSF1,3,0.05295380946663173,0.029109781663854334,GSE136831
IPF,ATII,CSF1R,3,0.0,0.0,GSE136831
IPF,ATII,CXCL1,3,1.5448411316973314,0.16838216495372496,GSE136831
IPF,ATII,CXCL12,3,0.009561125229706034,0.0062893081761006,GSE136831
IPF,ATII,CXCL2,3,16.659233914895797,0.8409341923607916,GSE136831
IPF,ATII,CXCR1,3,0.0037493457391685,0.002710027100271,GSE136831
IPF,ATII,CXCR2,3,0.0,0.0,GSE136831
IPF,ATII,CXCR3,3,0.0,0.0,GSE136831
IPF,ATII,CXCR4,3,0.10978539833191697,0.0676816485145983,GSE136831
IPF,ATII,DPP4,3,0.7649959848292199,0.23667229125121436,GSE136831
IPF,ATII,EGFR,3,1.2404740234736904,0.34953213683080225,GSE136831
IPF,ATII,ENG,3,0.08030223680440186,0.0515237510865674,GSE136831
IPF,ATII,EPHA7,3,0.0,0.0,GSE136831
IPF,ATII,EPHB2,3,0.056748729002742936,0.017264917932198132,GSE136831
IPF,ATII,ERBB2,3,0.2107789593436953,0.0660786419184946,GSE136831
IPF,ATII,ERBB3,3,0.3715633345446318,0.13871759472311698,GSE136831
IPF,ATII,ERBB4,3,6.685343108124144,0.7111801401032878,GSE136831
IPF,ATII,FGF10,3,0.0,0.0,GSE136831
IPF,ATII,FGF7,3,0.19455058625641833,0.07076494349849156,GSE136831
IPF,ATII,FGFR1,3,0.5747706184344678,0.1708646520427468,GSE136831
IPF,ATII,FGFR2,3,1.3262897367224442,0.28509229431916955,GSE136831
IPF,ATII,FGFR3,3,0.0245708283019123,0.020708697653014235,GSE136831
IPF,ATII,FGFR4,3,0.004219254398678166,0.002710027100271,GSE136831
IPF,ATII,FGFRL1,3,0.0068436164913029335,0.005420054200542,GSE136831
IPF,ATII,FLT1,3,0.04166413325099486,0.035997341105486504,GSE136831
IPF,ATII,FZD1,3,0.0017791669513333667,0.002710027100271,GSE136831
IPF,ATII,FZD10,3,0.0,0.0,GSE136831
IPF,ATII,FZD2,3,0.0,0.0,GSE136831
IPF,ATII,FZD3,3,0.0632582904002659,0.02341872475328523,GSE136831
IPF,ATII,FZD4,3,0.003002773060921733,0.0062893081761006,GSE136831
IPF,ATII,FZD5,3,0.10695605287085473,0.08220330316510707,GSE136831
IPF,ATII,FZD6,3,0.414702645739012,0.15707675001278312,GSE136831
IPF,ATII,FZD7,3,0.031472597928014996,0.0198394436774556,GSE136831
IPF,ATII,FZD8,3,0.02203499666669673,0.020708697653014235,GSE136831
IPF,ATII,FZD9,3,0.0,0.0,GSE136831
IPF,ATII,GPC1,3,0.09803316688424026,0.05965383238738043,GSE136831
IPF,ATII,GRIN2B,3,0.0430021823547625,0.027133507184128398,GSE136831
IPF,ATII,GRM7,3,0.10630250807370556,0.04697295086158404,GSE136831
IPF,ATII,GSDMD,3,0.17104395040185086,0.05092549982103591,GSE136831
IPF,ATII,HBEGF,3,0.6245367374802594,0.17263639617528248,GSE136831
IPF,ATII,IL1A,3,0.0626466385641196,0.018134171907756767,GSE136831
IPF,ATII,IL1B,3,0.0,0.0,GSE136831
IPF,ATII,IL1R1,3,1.9019400803739142,0.36389528046223857,GSE136831
IPF,ATII,IL1R2,3,0.003002773060921733,0.0062893081761006,GSE136831
IPF,ATII,IL1RAP,3,0.2272991659343254,0.0962826609398169,GSE136831
IPF,ATII,IL1RN,3,0.06023584845057423,0.017264917932198132,GSE136831
IPF,ATII,IL6,3,0.07655623995610467,0.0244234800838574,GSE136831
IPF,ATII,ITGA4,3,0.002389373214839533,0.0062893081761006,GSE136831
IPF,ATII,ITGA5,3,0.0056376681927834335,0.002710027100271,GSE136831
IPF,ATII,ITGA9,3,0.438708526086155,0.18233624789078082,GSE136831
IPF,ATII,ITGAV,3,1.271176276958276,0.26360126808815254,GSE136831
IPF,ATII,ITGB1,3,0.986347893803376,0.3290816587411157,GSE136831
IPF,ATII,ITGB3,3,0.0061055316727508,0.0062893081761006,GSE136831
IPF,ATII,ITGB5,3,0.1861927653771518,0.0731017027151403,GSE136831
IPF,ATII,ITGB6,3,2.4556869587964023,0.5211305414940942,GSE136831
IPF,ATII,ITGB8,3,0.11421397151570818,0.043529171140767965,GSE136831
IPF,ATII,KDR,3,0.0,0.0,GSE136831
IPF,ATII,KLRG2,3,0.0048245690212493,0.0062893081761006,GSE136831
IPF,ATII,LDLR,3,5.655841043479282,0.662333179935573,GSE136831
IPF,ATII,LGR5,3,0.05992838910022457,0.0062893081761006,GSE136831
IPF,ATII,LPP,3,6.891085696303182,0.732520325203252,GSE136831
IPF,ATII,LRP1,3,0.062094297217289325,0.028105026333282133,GSE136831
IPF,ATII,LRP2,3,1.850228661510057,0.3320856982154727,GSE136831
IPF,ATII,LRP5,3,0.20634809922725125,0.10860305772869046,GSE136831
IPF,ATII,LRP6,3,0.5889279446965526,0.19138160249527023,GSE136831
IPF,ATII,MCAM,3,0.0056376681927834335,0.002710027100271,GSE136831
IPF,ATII,MUSK,3,0.025017849258084132,0.017998670552743234,GSE136831
IPF,ATII,NLRP3,3,0.006012404097554766,0.0089993352763716,GSE136831
IPF,ATII,NOTCH1,3,0.18446493144152687,0.1075983023981183,GSE136831
IPF,ATII,NRP1,3,0.4334041363016938,0.1264994631078386,GSE136831
IPF,ATII,NRP2,3,0.5929121568329841,0.19910517973104255,GSE136831
IPF,ATII,PRLR,3,0.04214084929451647,0.020708697653014235,GSE136831
IPF,ATII,PTK7,3,0.5617889085632897,0.2180753694329396,GSE136831
IPF,ATII,PTPRK,3,4.879684761348056,0.69685023265327,GSE136831
IPF,ATII,PYCARD,3,0.18237293335883908,0.0797642787748632,GSE136831
IPF,ATII,RECK,3,0.11502961085530879,0.05165925244158096,GSE136831
IPF,ATII,RET,3,0.0,0.0,GSE136831
IPF,ATII,ROR1,3,1.382859608025167,0.27905864907705674,GSE136831
IPF,ATII,ROR2,3,0.05032505750448133,0.02157795162857287,GSE136831
IPF,ATII,RYK,3,0.34717743679890184,0.16691210308329496,GSE136831
IPF,ATII,SDC2,3,0.2911190005114462,0.11047706703482126,GSE136831
IPF,ATII,SDC4,3,4.475340363979432,0.5758730889195683,GSE136831
IPF,ATII,SIGIRR,3,0.25450176130051,0.06992892570435133,GSE136831
IPF,ATII,SIRPA,3,0.010229679525319333,0.008130081300813,GSE136831
IPF,ATII,SMO,3,0.0,0.0,GSE136831
IPF,ATII,SPP1,3,0.18493103820704648,0.08578258424093671,GSE136831
IPF,ATII,TGFB1,3,0.6685199103175484,0.17337014879582754,GSE136831
IPF,ATII,TGFBR1,3,0.14445406994523788,0.0731017027151403,GSE136831
IPF,ATII,TGFBR2,3,2.71734912414319,0.527499105179731,GSE136831
IPF,ATII,TGFBR3,3,0.10173975015989194,0.07066267832489644,GSE136831
IPF,ATII,TMED5,3,0.5619776337634835,0.21402055529989253,GSE136831
IPF,ATII,TNF,3,0.0,0.0,GSE136831
IPF,ATII,TYRO3,3,0.007634965221136567,0.0089993352763716,GSE136831
IPF,ATII,VANGL2,3,0.0011284256746631335,0.002710027100271,GSE136831
IPF,ATII,VASN,3,0.010710036002850268,0.014419389476913602,GSE136831
IPF,ATII,VEGFA,3,0.4002314702161162,0.15336196758193996,GSE136831
IPF,ATII,WNT1,3,0.0,0.0,GSE136831
IPF,ATII,WNT10A,3,0.0,0.0,GSE136831
IPF,ATII,WNT10B,3,0.0,0.0,GSE136831
IPF,ATII,WNT11,3,0.0,0.0,GSE136831
IPF,ATII,WNT16,3,0.0,0.0,GSE136831
IPF,ATII,WNT2,3,0.0,0.0,GSE136831
IPF,ATII,WNT2B,3,0.050235916887661526,0.0171294165771846,GSE136831
IPF,ATII,WNT3,3,0.0345772747534179,0.026998005829114866,GSE136831
IPF,ATII,WNT3A,3,0.0052524704994994335,0.0062893081761006,GSE136831
IPF,ATII,WNT4,3,0.022889356782623067,0.017998670552743234,GSE136831
IPF,ATII,WNT5A,3,0.037794249144043605,0.0171294165771846,GSE136831
IPF,ATII,WNT5B,3,0.023045169879468464,0.014419389476913602,GSE136831
IPF,ATII,WNT6,3,0.0,0.0,GSE136831
IPF,ATII,WNT7A,3,0.0,0.0,GSE136831
IPF,ATII,WNT7B,3,0.1792115354882363,0.05165925244158096,GSE136831
IPF,ATII,WNT8A,3,0.0,0.0,GSE136831
IPF,ATII,WNT8B,3,0.010685417488489333,0.015288643452472236,GSE136831
IPF,ATII,WNT9A,3,0.0012605363506539666,0.002710027100271,GSE136831
IPF,ATII,WNT9B,3,0.0,0.0,GSE136831
IPF,ATII,XCR1,3,0.0,0.0,GSE136831
IPF,Aberrant_Basaloid,ACKR1,2,0.0,0.0,GSE136831
IPF,Aberrant_Basaloid,ACKR2,2,0.020296897070013,0.0314258911819887,GSE136831
IPF,Aberrant_Basaloid,ACKR3,2,0.020165810481889,0.0436210131332082,GSE136831
IPF,Aberrant_Basaloid,ACKR4,2,0.0175131972389998,0.0186053783614759,GSE136831
IPF,Aberrant_Basaloid,ACVR1,2,0.7016946406449034,0.532051282051282,GSE136831
IPF,Aberrant_Basaloid,ACVR1B,2,0.15533336235846645,0.18058161350844276,GSE136831
IPF,Aberrant_Basaloid,ACVR1C,2,0.02599188094715345,0.04330831769856155,GSE136831
IPF,Aberrant_Basaloid,ACVRL1,2,0.0114179564533985,0.0128205128205128,GSE136831
IPF,Aberrant_Basaloid,ADGRA2,2,0.5836700385410202,0.23436522826766729,GSE136831
IPF,Aberrant_Basaloid,ADRA2A,2,0.0,0.0,GSE136831
IPF,Aberrant_Basaloid,ADRB2,2,0.1184164281527364,0.19981238273921198,GSE136831
IPF,Aberrant_Basaloid,ANTXR1,2,0.25389340716758557,0.2928392745465916,GSE136831
IPF,Aberrant_Basaloid,APCDD1,2,0.0687240763246617,0.10553470919324574,GSE136831
IPF,Aberrant_Basaloid,AREG,2,2.2369652164891036,0.6552532833020638,GSE136831
IPF,Aberrant_Basaloid,ATP6AP2,2,0.5456275366741747,0.4996873045653533,GSE136831
IPF,Aberrant_Basaloid,AVPR1A,2,0.0,0.0,GSE136831
IPF,Aberrant_Basaloid,CASP1,2,0.027752060901772048,0.0429956222639149,GSE136831
IPF,Aberrant_Basaloid,CAV1,2,0.5088174570146988,0.4079111944965603,GSE136831
IPF,Aberrant_Basaloid,CCL2,2,3.019678062060188,0.40056285178236395,GSE136831
IPF,Aberrant_Basaloid,CCR1,2,0.01180101567894515,0.0121951219512195,GSE136831
IPF,Aberrant_Basaloid,CCR10,2,0.012542810339830299,0.0186053783614759,GSE136831
IPF,Aberrant_Basaloid,CCR2,2,0.0,0.0,GSE136831
IPF,Aberrant_Basaloid,CCR3,2,0.02584441324432615,0.0372107567229518,GSE136831
IPF,Aberrant_Basaloid,CCR4,2,0.0,0.0,GSE136831
IPF,Aberrant_Basaloid,CCR5,2,0.0,0.0,GSE136831
IPF,Aberrant_Basaloid,CD36,2,0.0400055053413688,0.0625390869293308,GSE136831
IPF,Aberrant_Basaloid,CD4,2,0.03762534966889795,0.0436210131332082,GSE136831
IPF,Aberrant_Basaloid,CD44,2,1.754465437816748,0.7376485303314572,GSE136831
IPF,Aberrant_Basaloid,CD82,2,0.3975429846269516,0.4313633520950594,GSE136831
IPF,Aberrant_Basaloid,CD9,2,10.424740862728084,0.950281425891182,GSE136831
IPF,Aberrant_Basaloid,CSF1,2,0.03087403093435185,0.055816135084427704,GSE136831
IPF,Aberrant_Basaloid,CSF1R,2,0.0232268682950806,0.02532833020637895,GSE136831
IPF,Aberrant_Basaloid,CXCL1,2,1.2022381629455081,0.46028767979987495,GSE136831
IPF,Aberrant_Basaloid,CXCL12,2,0.07592682677347096,0.09974984365228265,GSE136831
IPF,Aberrant_Basaloid,CXCL2,2,3.7485227035798796,0.6375859912445279,GSE136831
IPF,Aberrant_Basaloid,CXCR1,2,0.0,0.0,GSE136831
IPF,Aberrant_Basaloid,CXCR2,2,0.00513695111677315,0.00609756097560975,GSE136831
IPF,Aberrant_Basaloid,CXCR3,2,0.0,0.0,GSE136831
IPF,Aberrant_Basaloid,CXCR4,2,0.12009512963505059,0.15587867417135703,GSE136831
IPF,Aberrant_Basaloid,DPP4,2,0.06350685007668355,0.11835522201375855,GSE136831
IPF,Aberrant_Basaloid,EGFR,2,0.6151751175166796,0.5253283302063789,GSE136831
IPF,Aberrant_Basaloid,ENG,2,0.112439529554598,0.1430581613508442,GSE136831
IPF,Aberrant_Basaloid,EPHA7,2,0.03337549474620845,0.0567542213883677,GSE136831
IPF,Aberrant_Basaloid,EPHB2,2,1.9295743647525725,0.8062851782363978,GSE136831
IPF,Aberrant_Basaloid,ERBB2,2,0.4700079317094753,0.4441838649155722,GSE136831
IPF,Aberrant_Basaloid,ERBB3,2,0.8409231391547002,0.6375859912445279,GSE136831
IPF,Aberrant_Basaloid,ERBB4,2,0.6186408658698929,0.3556910569105691,GSE136831
IPF,Aberrant_Basaloid,FGF10,2,0.0,0.0,GSE136831
IPF,Aberrant_Basaloid,FGF7,2,0.02087943519883585,0.0378361475922451,GSE136831
IPF,Aberrant_Basaloid,FGFR1,2,0.3153748747744311,0.274859287054409,GSE136831
IPF,Aberrant_Basaloid,FGFR2,2,0.6390358181011488,0.430737961225766,GSE136831
IPF,Aberrant_Basaloid,FGFR3,2,0.029913033000591747,0.04971857410881795,GSE136831
IPF,Aberrant_Basaloid,FGFR4,2,0.008463884859071449,0.02532833020637895,GSE136831
IPF,Aberrant_Basaloid,FGFRL1,2,0.0729406126737125,0.1318011257035647,GSE136831
IPF,Aberrant_Basaloid,FLT1,2,0.031885451700839396,0.04393370856785485,GSE136831
IPF,Aberrant_Basaloid,FZD1,2,0.043563807862693205,0.074108818011257,GSE136831
IPF,Aberrant_Basaloid,FZD10,2,0.0,0.0,GSE136831
IPF,Aberrant_Basaloid,FZD2,2,0.04757726118051415,0.0891181988742964,GSE136831
IPF,Aberrant_Basaloid,FZD3,2,0.1891849228832092,0.2754846779237023,GSE136831
IPF,Aberrant_Basaloid,FZD4,2,0.0176997376526343,0.0192307692307692,GSE136831
IPF,Aberrant_Basaloid,FZD5,2,0.07512113169325191,0.1375859912445278,GSE136831
IPF,Aberrant_Basaloid,FZD6,2,0.4713029399139102,0.4881175734834271,GSE136831
IPF,Aberrant_Basaloid,FZD7,2,0.01855862532931435,0.03111319574734205,GSE136831
IPF,Aberrant_Basaloid,FZD8,2,0.0030247528406937,0.0121951219512195,GSE136831
IPF,Aberrant_Basaloid,FZD9,2,0.0,0.0,GSE136831
IPF,Aberrant_Basaloid,GPC1,2,0.5246375536382196,0.4640400250156348,GSE136831
IPF,Aberrant_Basaloid,GRIN2B,2,0.029256587074303647,0.0436210131332082,GSE136831
IPF,Aberrant_Basaloid,GRM7,2,0.07166524653165965,0.11835522201375855,GSE136831
IPF,Aberrant_Basaloid,GSDMD,2,0.2705415575020505,0.34318323952470287,GSE136831
IPF,Aberrant_Basaloid,HBEGF,2,0.3019699514451756,0.34896810506566606,GSE136831
IPF,Aberrant_Basaloid,IL1A,2,0.0,0.0,GSE136831
IPF,Aberrant_Basaloid,IL1B,2,0.0191369273796893,0.025015634771732298,GSE136831
IPF,Aberrant_Basaloid,IL1R1,2,1.1725203190487143,0.4871794871794871,GSE136831
IPF,Aberrant_Basaloid,IL1R2,2,0.033389018582232755,0.050031269543464596,GSE136831
IPF,Aberrant_Basaloid,IL1RAP,2,0.17981988143817446,0.24218261413383363,GSE136831
IPF,Aberrant_Basaloid,IL1RN,2,0.1317431693772761,0.18605378361475922,GSE136831
IPF,Aberrant_Basaloid,IL6,2,0.0,0.0,GSE136831
IPF,Aberrant_Basaloid,ITGA4,2,0.033577108713732345,0.05644152595372105,GSE136831
IPF,Aberrant_Basaloid,ITGA5,2,0.0940639871199627,0.1375859912445278,GSE136831
IPF,Aberrant_Basaloid,ITGA9,2,0.2980580121281594,0.23733583489681045,GSE136831
IPF,Aberrant_Basaloid,ITGAV,2,2.759719120162167,0.8316135084427767,GSE136831
IPF,Aberrant_Basaloid,ITGB1,2,2.146482901104248,0.7931519699812383,GSE136831
IPF,Aberrant_Basaloid,ITGB3,2,0.1807431778364425,0.2342088805503439,GSE136831
IPF,Aberrant_Basaloid,ITGB5,2,0.5237946212532036,0.432614133833646,GSE136831
IPF,Aberrant_Basaloid,ITGB6,2,3.986995301994219,0.8700750469043153,GSE136831
IPF,Aberrant_Basaloid,ITGB8,2,9.75783056476771,0.9368355222013758,GSE136831
IPF,Aberrant_Basaloid,KDR,2,1.2277830015030298,0.5725453408380238,GSE136831
IPF,Aberrant_Basaloid,KLRG2,2,0.01512266198109165,0.02470293933708565,GSE136831
IPF,Aberrant_Basaloid,LDLR,2,2.341445855535007,0.7379612257661038,GSE136831
IPF,Aberrant_Basaloid,LGR5,2,0.1266309992716762,0.1485303314571607,GSE136831
IPF,Aberrant_Basaloid,LPP,2,11.729668716872803,0.9939024390243902,GSE136831
IPF,Aberrant_Basaloid,LRP1,2,0.2177843349036525,0.2675109443402126,GSE136831
IPF,Aberrant_Basaloid,LRP2,2,0.013700207343089101,0.02470293933708565,GSE136831
IPF,Aberrant_Basaloid,LRP5,2,0.4076863111403204,0.41275797373358347,GSE136831
IPF,Aberrant_Basaloid,LRP6,2,0.1888988562131773,0.2565666041275797,GSE136831
IPF,Aberrant_Basaloid,MCAM,2,0.0746851199344932,0.1308630393996247,GSE136831
IPF,Aberrant_Basaloid,MUSK,2,0.01466404264266615,0.01829268292682925,GSE136831
IPF,Aberrant_Basaloid,NLRP3,2,0.09292036322053171,0.0811444652908067,GSE136831
IPF,Aberrant_Basaloid,NOTCH1,2,0.17983186199085516,0.23186366479049403,GSE136831
IPF,Aberrant_Basaloid,NRP1,2,0.6142623810921688,0.4563789868667917,GSE136831
IPF,Aberrant_Basaloid,NRP2,2,0.6899212997386176,0.4124452782989368,GSE136831
IPF,Aberrant_Basaloid,PRLR,2,0.03293499565048525,0.050031269543464596,GSE136831
IPF,Aberrant_Basaloid,PTK7,2,0.7873322544839724,0.6375859912445279,GSE136831
IPF,Aberrant_Basaloid,PTPRK,2,9.027513297382601,0.9749843652282677,GSE136831
IPF,Aberrant_Basaloid,PYCARD,2,0.4412552320586691,0.4255784865540963,GSE136831
IPF,Aberrant_Basaloid,RECK,2,0.2994368730345758,0.2803314571607254,GSE136831
IPF,Aberrant_Basaloid,RET,2,0.00263052673667375,0.00609756097560975,GSE136831
IPF,Aberrant_Basaloid,ROR1,2,1.200506308063125,0.5933395872420262,GSE136831
IPF,Aberrant_Basaloid,ROR2,2,0.09956053960437194,0.1006879299562226,GSE136831
IPF,Aberrant_Basaloid,RYK,2,0.6940739835866225,0.5811444652908067,GSE136831
IPF,Aberrant_Basaloid,SDC2,2,0.20861526088799603,0.22545340838023759,GSE136831
IPF,Aberrant_Basaloid,SDC4,2,2.9964061028751625,0.8441213258286429,GSE136831
IPF,Aberrant_Basaloid,SIGIRR,2,0.2968418166648953,0.38039399624765474,GSE136831
IPF,Aberrant_Basaloid,SIRPA,2,0.07163146831910575,0.10616010006253905,GSE136831
IPF,Aberrant_Basaloid,SMO,2,0.0370355668172577,0.06316447779862411,GSE136831
IPF,Aberrant_Basaloid,SPP1,2,0.5576135864654466,0.4554409005628518,GSE136831
IPF,Aberrant_Basaloid,TGFB1,2,0.8406393245603262,0.6067854909318324,GSE136831
IPF,Aberrant_Basaloid,TGFBR1,2,1.0043033913093211,0.6067854909318324,GSE136831
IPF,Aberrant_Basaloid,TGFBR2,2,1.6813471218695635,0.7611006879299562,GSE136831
IPF,Aberrant_Basaloid,TGFBR3,2,0.49061800187506566,0.35662914321450906,GSE136831
IPF,Aberrant_Basaloid,TMED5,2,0.3616634846058746,0.3755472170106316,GSE136831
IPF,Aberrant_Basaloid,TNF,2,0.10088749770603014,0.08692933083176985,GSE136831
IPF,Aberrant_Basaloid,TYRO3,2,0.03165616576564705,0.0622263914946841,GSE136831
IPF,Aberrant_Basaloid,VANGL2,2,0.13303315359247558,0.18058161350844276,GSE136831
IPF,Aberrant_Basaloid,VASN,2,0.17648310674803797,0.2120075046904315,GSE136831
IPF,Aberrant_Basaloid,VEGFA,2,0.23830153421061684,0.2376485303314571,GSE136831
IPF,Aberrant_Basaloid,WNT1,2,0.0,0.0,GSE136831
IPF,Aberrant_Basaloid,WNT10A,2,0.25689256926896215,0.27454659161976236,GSE136831
IPF,Aberrant_Basaloid,WNT10B,2,0.0,0.0,GSE136831
IPF,Aberrant_Basaloid,WNT11,2,0.0035823496201276,0.0064102564102564,GSE136831
IPF,Aberrant_Basaloid,WNT16,2,0.01617447409394475,0.012507817385866149,GSE136831
IPF,Aberrant_Basaloid,WNT2,2,0.00494542231928435,0.0064102564102564,GSE136831
IPF,Aberrant_Basaloid,WNT2B,2,0.14218545838216395,0.1202313946216385,GSE136831
IPF,Aberrant_Basaloid,WNT3,2,0.0212412151211046,0.0308005003126954,GSE136831
IPF,Aberrant_Basaloid,WNT3A,2,0.00407284859918445,0.0064102564102564,GSE136831
IPF,Aberrant_Basaloid,WNT4,2,0.06292650714749125,0.0872420262664165,GSE136831
IPF,Aberrant_Basaloid,WNT5A,2,0.0543462264459583,0.06832395247029385,GSE136831
IPF,Aberrant_Basaloid,WNT5B,2,0.7117839644760113,0.5423702313946216,GSE136831
IPF,Aberrant_Basaloid,WNT6,2,0.008671207887927,0.0186053783614759,GSE136831
IPF,Aberrant_Basaloid,WNT7A,2,0.38905854911159743,0.4002501563477173,GSE136831
IPF,Aberrant_Basaloid,WNT7B,2,0.4456343585230079,0.42432770481550963,GSE136831
IPF,Aberrant_Basaloid,WNT8A,2,0.0,0.0,GSE136831
IPF,Aberrant_Basaloid,WNT8B,2,0.0042804920853701,0.00609756097560975,GSE136831
IPF,Aberrant_Basaloid,WNT9A,2,0.26803446150759713,0.23092557848655404,GSE136831
IPF,Aberrant_Basaloid,WNT9B,2,0.00284634625916095,0.0064102564102564,GSE136831
IPF,Aberrant_Basaloid,XCR1,2,0.0,0.0,GSE136831
IPF,B,ACKR1,22,0.013061863110074963,0.005317445937352786,GSE136831
IPF,B,ACKR2,22,0.005949892941813682,0.002254929975418568,GSE136831
IPF,B,ACKR3,22,0.01074694143884069,0.004051679712467654,GSE136831
IPF,B,ACKR4,22,0.0009159454960445636,0.0004752514040620773,GSE136831
IPF,B,ACVR1,22,0.07370941384563597,0.02418357224669374,GSE136831
IPF,B,ACVR1B,22,0.056289333910910185,0.016816865350839236,GSE136831
IPF,B,ACVR1C,22,0.04980192471102293,0.012987676580225005,GSE136831
IPF,B,ACVRL1,22,0.006595919177801605,0.002243063443855468,GSE136831
IPF,B,ADGRA2,22,0.01499288718998728,0.005585286160563182,GSE136831
IPF,B,ADRA2A,22,0.0,0.0,GSE136831
IPF,B,ADRB2,22,0.031261001382408504,0.011699802030191652,GSE136831
IPF,B,ANTXR1,22,0.023331030656890402,0.007800970167228227,GSE136831
IPF,B,APCDD1,22,0.004790072835263396,0.002318519270582541,GSE136831
IPF,B,AREG,22,1.0396128972411485,0.21613960450896796,GSE136831
IPF,B,ATP6AP2,22,0.25892812390202097,0.0870545504107891,GSE136831
IPF,B,AVPR1A,22,0.0,0.0,GSE136831
IPF,B,CASP1,22,0.13972647411037337,0.046921554948542214,GSE136831
IPF,B,CAV1,22,0.023301739928133048,0.006919894156140773,GSE136831
IPF,B,CCL2,22,0.0777803062924789,0.024322854456123165,GSE136831
IPF,B,CCR1,22,0.02281534193331082,0.01039609446425811,GSE136831
IPF,B,CCR10,22,0.012410608443607868,0.004404000398462073,GSE136831
IPF,B,CCR2,22,0.007311505915196223,0.0024298684818638543,GSE136831
IPF,B,CCR3,22,0.006666478591325528,0.0020693946828582274,GSE136831
IPF,B,CCR4,22,0.0010153893466382637,0.00038681843625168184,GSE136831
IPF,B,CCR5,22,0.0020259338622593452,0.0012010317089995455,GSE136831
IPF,B,CD36,22,0.09428997866756772,0.03054126491164658,GSE136831
IPF,B,CD4,22,0.03778225796815137,0.0125996241712734,GSE136831
IPF,B,CD44,22,4.778844321626547,0.6409447102560356,GSE136831
IPF,B,CD82,22,0.7320272518356028,0.20229839352102125,GSE136831
IPF,B,CD9,22,0.21031377414467656,0.07080829292035308,GSE136831
IPF,B,CSF1,22,0.02348766160299107,0.008369548529898274,GSE136831
IPF,B,CSF1R,22,0.02430678512189255,0.00974434184625145,GSE136831
IPF,B,CXCL1,22,0.032753028428529014,0.008343671084669518,GSE136831
IPF,B,CXCL12,22,0.004020782093151441,0.0018708410061323408,GSE136831
IPF,B,CXCL2,22,0.11190304679870651,0.03450985008475692,GSE136831
IPF,B,CXCR1,22,0.0,0.0,GSE136831
IPF,B,CXCR2,22,0.0028363624689445952,0.0011271851506072363,GSE136831
IPF,B,CXCR3,22,0.034042346582160314,0.013627630236369027,GSE136831
IPF,B,CXCR4,22,9.384444320477657,0.828838743793965,GSE136831
IPF,B,DPP4,22,0.0037425768700444857,0.0019437232940677862,GSE136831
IPF,B,EGFR,22,0.011555296444055414,0.0036265079904886682,GSE136831
IPF,B,ENG,22,0.10472494819496027,0.03453714126495769,GSE136831
IPF,B,EPHA7,22,0.01066333577428326,0.003491134821718991,GSE136831
IPF,B,EPHB2,22,0.0380697006197711,0.011796380565021124,GSE136831
IPF,B,ERBB2,22,0.016195226015884936,0.006473242618846477,GSE136831
IPF,B,ERBB3,22,0.008498330280743432,0.003771363702770618,GSE136831
IPF,B,ERBB4,22,0.23786788460564814,0.07552560399107672,GSE136831
IPF,B,FGF10,22,0.003040479549627882,0.001014051937874541,GSE136831
IPF,B,FGF7,22,0.0064845755091410585,0.0023358090660376726,GSE136831
IPF,B,FGFR1,22,0.09186807403683757,0.02882573829117342,GSE136831
IPF,B,FGFR2,22,0.029001472841842735,0.01141138718525639,GSE136831
IPF,B,FGFR3,22,0.0003035803906982454,8.843296781039545e-05,GSE136831
IPF,B,FGFR4,22,0.0031642801597939543,0.0006954275542231454,GSE136831
IPF,B,FGFRL1,22,0.007116648408827032,0.0034267416715259087,GSE136831
IPF,B,FLT1,22,0.07762492084667122,0.024396383703356995,GSE136831
IPF,B,FZD1,22,0.0010272213662044136,0.0006060606060606045,GSE136831
IPF,B,FZD10,22,0.0,0.0,GSE136831
IPF,B,FZD2,22,0.004177807486631014,0.0005347593582887681,GSE136831
IPF,B,FZD3,22,0.04061629736548121,0.013467729454037864,GSE136831
IPF,B,FZD4,22,0.00019428996557220452,0.00011449507671169999,GSE136831
IPF,B,FZD5,22,0.011011458157523758,0.0045674529665412,GSE136831
IPF,B,FZD6,22,0.05956718024057663,0.017003275549594427,GSE136831
IPF,B,FZD7,22,0.0020246833192820272,0.00032010243277848634,GSE136831
IPF,B,FZD8,22,0.001985144882516159,0.0011985707588755318,GSE136831
IPF,B,FZD9,22,0.0,0.0,GSE136831
IPF,B,GPC1,22,0.00020886388240528637,8.843296781039545e-05,GSE136831
IPF,B,GRIN2B,22,0.03164373550602359,0.012132720163855849,GSE136831
IPF,B,GRM7,22,0.07185520277326701,0.022896711497696474,GSE136831
IPF,B,GSDMD,22,0.24700765752790524,0.08845245570218789,GSE136831
IPF,B,HBEGF,22,0.030478898611558093,0.011444932973461204,GSE136831
IPF,B,IL1A,22,0.014375586440200592,0.0035391711638426363,GSE136831
IPF,B,IL1B,22,0.05168479195514852,0.013771221886021428,GSE136831
IPF,B,IL1R1,22,0.04828777783381341,0.01832197138369153,GSE136831
IPF,B,IL1R2,22,0.02643686380511433,0.00754731768248744,GSE136831
IPF,B,IL1RAP,22,0.22057926336282033,0.06495814625891223,GSE136831
IPF,B,IL1RN,22,0.05746436274803835,0.016821971236691338,GSE136831
IPF,B,IL6,22,0.16496667786780922,0.04126795511332467,GSE136831
IPF,B,ITGA4,22,0.636543234485463,0.17671017601842268,GSE136831
IPF,B,ITGA5,22,0.0221392485152337,0.005935695288120032,GSE136831
IPF,B,ITGA9,22,0.06906511804354884,0.02393129026133287,GSE136831
IPF,B,ITGAV,22,0.1895313730783512,0.05623271047066391,GSE136831
IPF,B,ITGB1,22,0.7405258633953498,0.16975536749035267,GSE136831
IPF,B,ITGB3,22,0.01278696723619382,0.0050664727248347415,GSE136831
IPF,B,ITGB5,22,0.03216491163533606,0.010519847078641559,GSE136831
IPF,B,ITGB6,22,0.01490291684427666,0.005869235212771423,GSE136831
IPF,B,ITGB8,22,0.03901698444167328,0.011431367577236905,GSE136831
IPF,B,KDR,22,0.0018079234576729045,0.000828024953856,GSE136831
IPF,B,KLRG2,22,0.01967405581993512,0.00657783579799456,GSE136831
IPF,B,LDLR,22,0.060696732677235105,0.020705252974905174,GSE136831
IPF,B,LGR5,22,0.00901910262643977,0.0015371861724475181,GSE136831
IPF,B,LPP,22,3.951133551316053,0.5484881907049084,GSE136831
IPF,B,LRP1,22,0.053952601503966635,0.017964187717711664,GSE136831
IPF,B,LRP2,22,0.013060481302177301,0.004176458976943891,GSE136831
IPF,B,LRP5,22,0.051172787181558314,0.01867809436190834,GSE136831
IPF,B,LRP6,22,0.07262998084454377,0.019737184412280565,GSE136831
IPF,B,MCAM,22,0.004054754043896068,0.0017300168178636319,GSE136831
IPF,B,MUSK,22,0.012814868295218428,0.004370691388468546,GSE136831
IPF,B,NLRP3,22,0.08253377900498847,0.026987031668085228,GSE136831
IPF,B,NOTCH1,22,0.11762996646958399,0.03227941322746369,GSE136831
IPF,B,NRP1,22,0.0450828615745825,0.015963340877178628,GSE136831
IPF,B,NRP2,22,0.05233926722260232,0.013899790173117287,GSE136831
IPF,B,PRLR,22,0.019140171470133957,0.006800300101901608,GSE136831
IPF,B,PTK7,22,0.03939331891847674,0.010481234330954636,GSE136831
IPF,B,PTPRK,22,0.615664463753153,0.158799689725414,GSE136831
IPF,B,PYCARD,22,0.283368888576847,0.09736402476496299,GSE136831
IPF,B,RECK,22,0.20640722608293396,0.05832299701637634,GSE136831
IPF,B,RET,22,0.0004956918430536499,0.0001578282828282818,GSE136831
IPF,B,ROR1,22,0.35402470048595674,0.06350677896401434,GSE136831
IPF,B,ROR2,22,0.08007090396415338,0.027601260404613335,GSE136831
IPF,B,RYK,22,0.4496735653246922,0.1251724660198698,GSE136831
IPF,B,SDC2,22,0.2385998480973097,0.07154861803565266,GSE136831
IPF,B,SDC4,22,0.05193999544760834,0.019255426732855782,GSE136831
IPF,B,SIGIRR,22,0.21789782478341327,0.06997840678583192,GSE136831
IPF,B,SIRPA,22,0.08815888020008082,0.029675874709689888,GSE136831
IPF,B,SMO,22,0.023966743221080052,0.006744018777141087,GSE136831
IPF,B,SPP1,22,0.6068317002701857,0.12784602637271664,GSE136831
IPF,B,TGFB1,22,2.641870858701003,0.42674645594954086,GSE136831
IPF,B,TGFBR1,22,0.5174481241960114,0.12936282105360208,GSE136831
IPF,B,TGFBR2,22,1.85174731863935,0.34790437970916444,GSE136831
IPF,B,TGFBR3,22,0.07100329277095872,0.02350461375364431,GSE136831
IPF,B,TMED5,22,0.6015370427671017,0.1673981529801614,GSE136831
IPF,B,TNF,22,0.24041787321886351,0.056600736583875655,GSE136831
IPF,B,TYRO3,22,0.002279357539903659,0.0012463702578159363,GSE136831
IPF,B,VANGL2,22,0.0029827372795482045,0.0011698201689549273,GSE136831
IPF,B,VASN,22,0.008377958008859791,0.00323076329724125,GSE136831
IPF,B,VEGFA,22,0.02909487505929326,0.008815569883439314,GSE136831
IPF,B,WNT1,22,0.0,0.0,GSE136831
IPF,B,WNT10A,22,0.022559995730544014,0.009422405793136286,GSE136831
IPF,B,WNT10B,22,0.00029906313091105453,8.843296781039545e-05,GSE136831
IPF,B,WNT11,22,0.001021178949478409,0.0008099336893111136,GSE136831
IPF,B,WNT16,22,0.08946017708442558,0.027821799789278033,GSE136831
IPF,B,WNT2,22,0.00928543667786717,0.0022760265025407317,GSE136831
IPF,B,WNT2B,22,0.03773720795733673,0.012392251825563317,GSE136831
IPF,B,WNT3,22,0.019459050047609363,0.005708845461784973,GSE136831
IPF,B,WNT3A,22,0.006922557658240096,0.00292441209586055,GSE136831
IPF,B,WNT4,22,0.0009723916614692318,0.0005224660397074181,GSE136831
IPF,B,WNT5A,22,0.0,0.0,GSE136831
IPF,B,WNT5B,22,0.11059717860309241,0.031083301097305383,GSE136831
IPF,B,WNT6,22,0.004530121711724782,0.0012130728849812863,GSE136831
IPF,B,WNT7A,22,0.0015229525958446045,0.0006501473471640045,GSE136831
IPF,B,WNT7B,22,0.0047069896499093685,0.0017453648699877408,GSE136831
IPF,B,WNT8A,22,0.0051501146897504,0.0020505477622890862,GSE136831
IPF,B,WNT8B,22,0.006433811143623195,0.0029783428204110496,GSE136831
IPF,B,WNT9A,22,0.00022371058364927725,0.00011449507671169999,GSE136831
IPF,B,WNT9B,22,0.011402747736493218,0.004406368935389764,GSE136831
IPF,B,XCR1,22,0.0,0.0,GSE136831
IPF,Basal,ACKR1,6,0.008519741521291816,0.006969715660272599,GSE136831
IPF,Basal,ACKR2,6,0.0018755967970514999,0.0009560229445506667,GSE136831
IPF,Basal,ACKR3,6,0.3030568957887777,0.12610892816303837,GSE136831
IPF,Basal,ACKR4,6,0.018564575499450266,0.011966073668102881,GSE136831
IPF,Basal,ACVR1,6,0.3073078878614707,0.17859942535207182,GSE136831
IPF,Basal,ACVR1B,6,0.5565415946827991,0.2616983650298777,GSE136831
IPF,Basal,ACVR1C,6,0.029768194411760734,0.021570427249511914,GSE136831
IPF,Basal,ACVRL1,6,0.0017615129797984499,0.0006373486297004333,GSE136831
IPF,Basal,ADGRA2,6,0.10498179601418049,0.057488404578743026,GSE136831
IPF,Basal,ADRA2A,6,0.0016564590122615831,0.002110789010190717,GSE136831
IPF,Basal,ADRB2,6,0.39917952610859503,0.22097758197675577,GSE136831
IPF,Basal,ANTXR1,6,0.6463983500432465,0.27245925490361406,GSE136831
IPF,Basal,APCDD1,6,0.16682103375250704,0.11992532357963603,GSE136831
IPF,Basal,AREG,6,1.270933132530302,0.3411287203746228,GSE136831
IPF,Basal,ATP6AP2,6,0.4433027637346983,0.25702421343500464,GSE136831
IPF,Basal,AVPR1A,6,0.0,0.0,GSE136831
IPF,Basal,CASP1,6,0.10334893210444646,0.08066448151532567,GSE136831
IPF,Basal,CAV1,6,0.644615877656299,0.23434975538477598,GSE136831
IPF,Basal,CCL2,6,0.5811628115863804,0.05218772444354088,GSE136831
IPF,Basal,CCR1,6,0.004592787451207933,0.005858967355143234,GSE136831
IPF,Basal,CCR10,6,0.004863670504214584,0.007680829703321383,GSE136831
IPF,Basal,CCR2,6,0.0,0.0,GSE136831
IPF,Basal,CCR3,6,0.0012986017319159334,0.002830331085840783,GSE136831
IPF,Basal,CCR4,6,0.0009279974223943499,0.00031867431485021666,GSE136831
IPF,Basal,CCR5,6,0.0,0.0,GSE136831
IPF,Basal,CD36,6,0.0672505295528159,0.04148366260836107,GSE136831
IPF,Basal,CD4,6,0.060793167979832384,0.035432232144827915,GSE136831
IPF,Basal,CD44,6,3.7095954887264235,0.7019070085501506,GSE136831
IPF,Basal,CD82,6,0.4329571969933532,0.2404984913066066,GSE136831
IPF,Basal,CD9,6,10.076781725196023,0.8466080281150709,GSE136831
IPF,Basal,CSF1,6,0.059467277588187394,0.05264580271145824,GSE136831
IPF,Basal,CSF1R,6,0.03267002712203415,0.027991904252466716,GSE136831
IPF,Basal,CXCL1,6,2.1365737809457452,0.29267354879984603,GSE136831
IPF,Basal,CXCL12,6,0.0048757659606775,0.005496275279782334,GSE136831
IPF,Basal,CXCL2,6,2.469134057539351,0.32169532860226974,GSE136831
IPF,Basal,CXCR1,6,0.0,0.0,GSE136831
IPF,Basal,CXCR2,6,0.0032143170550157332,0.005169172932330816,GSE136831
IPF,Basal,CXCR3,6,0.0,0.0,GSE136831
IPF,Basal,CXCR4,6,0.11756670658110248,0.09149721599623721,GSE136831
IPF,Basal,DPP4,6,0.033901253451370114,0.03265847125984537,GSE136831
IPF,Basal,EGFR,6,4.241719038336895,0.7930838211235764,GSE136831
IPF,Basal,ENG,6,0.153488536384558,0.08561741874763096,GSE136831
IPF,Basal,EPHA7,6,0.015883318401558367,0.008890937146446834,GSE136831
IPF,Basal,EPHB2,6,0.2883683822009669,0.1537726047103674,GSE136831
IPF,Basal,ERBB2,6,0.3493059997087536,0.22227665437094515,GSE136831
IPF,Basal,ERBB3,6,0.35359850892856604,0.2207866931674094,GSE136831
IPF,Basal,ERBB4,6,2.814696295198224,0.5762380958594929,GSE136831
IPF,Basal,FGF10,6,0.0,0.0,GSE136831
IPF,Basal,FGF7,6,0.007634793799889634,0.01031869300542585,GSE136831
IPF,Basal,FGFR1,6,0.31165761307051765,0.12463163758972512,GSE136831
IPF,Basal,FGFR2,6,2.104921052791503,0.5610574704516943,GSE136831
IPF,Basal,FGFR3,6,0.2856878348335722,0.18781887667897756,GSE136831
IPF,Basal,FGFR4,6,0.0,0.0,GSE136831
IPF,Basal,FGFRL1,6,0.03770559819738397,0.040294208751294816,GSE136831
IPF,Basal,FLT1,6,0.03113127307242775,0.030788904681037982,GSE136831
IPF,Basal,FZD1,6,0.039508065002969085,0.04086719566126925,GSE136831
IPF,Basal,FZD10,6,0.0006939454619694,0.0006373486297004333,GSE136831
IPF,Basal,FZD2,6,0.0028238430226657832,0.003520125508653217,GSE136831
IPF,Basal,FZD3,6,0.07714434159325166,0.05776194045074275,GSE136831
IPF,Basal,FZD4,6,0.021210815690184782,0.01366644152720625,GSE136831
IPF,Basal,FZD5,6,0.0773294296504491,0.06628893185335867,GSE136831
IPF,Basal,FZD6,6,0.8259938457545406,0.3841332542620008,GSE136831
IPF,Basal,FZD7,6,0.027174885922867167,0.020343081272622833,GSE136831
IPF,Basal,FZD8,6,0.0029476342089546,0.006867874030433617,GSE136831
IPF,Basal,FZD9,6,0.0,0.0,GSE136831
IPF,Basal,GPC1,6,0.49253128586469447,0.2675997877330385,GSE136831
IPF,Basal,GRIN2B,6,0.03175235884666112,0.02378193720720183,GSE136831
IPF,Basal,GRM7,6,0.07282300233745566,0.06229873463311051,GSE136831
IPF,Basal,GSDMD,6,0.21051064901219466,0.16146691072591177,GSE136831
IPF,Basal,HBEGF,6,0.8450654596180994,0.27343079415186106,GSE136831
IPF,Basal,IL1A,6,0.001954887118734967,0.0039029037055312165,GSE136831
IPF,Basal,IL1B,6,0.02465292448174487,0.020074726666374998,GSE136831
IPF,Basal,IL1R1,6,2.190914733432152,0.45359052628057034,GSE136831
IPF,Basal,IL1R2,6,0.06444988100244714,0.021556157141838835,GSE136831
IPF,Basal,IL1RAP,6,0.6728932379818424,0.29117029896906826,GSE136831
IPF,Basal,IL1RN,6,0.11597360251050336,0.0829315600642297,GSE136831
IPF,Basal,IL6,6,0.026879113881640066,0.01349577929795395,GSE136831
IPF,Basal,ITGA4,6,0.06421737573424567,0.0365324448090227,GSE136831
IPF,Basal,ITGA5,6,0.010471930336568633,0.013443153404912466,GSE136831
IPF,Basal,ITGA9,6,0.714934661102124,0.2636910651444959,GSE136831
IPF,Basal,ITGAV,6,1.4440229289110942,0.4237687498521072,GSE136831
IPF,Basal,ITGB1,6,1.8498382127140378,0.5323787203570565,GSE136831
IPF,Basal,ITGB3,6,0.14268553442390766,0.05500890599353655,GSE136831
IPF,Basal,ITGB5,6,1.0140130519828903,0.40886219989092276,GSE136831
IPF,Basal,ITGB6,6,2.0845323871510533,0.5129978605113893,GSE136831
IPF,Basal,ITGB8,6,2.479234063256534,0.6135163588802156,GSE136831
IPF,Basal,KDR,6,0.03845246187067231,0.016337588372781032,GSE136831
IPF,Basal,KLRG2,6,0.026199986429292485,0.0350766109679116,GSE136831
IPF,Basal,LDLR,6,3.865928086237441,0.6761088478984206,GSE136831
IPF,Basal,LGR5,6,0.04482843387376271,0.02568017231213915,GSE136831
IPF,Basal,LPP,6,7.993092047986626,0.9147144633713241,GSE136831
IPF,Basal,LRP1,6,0.23369829558317423,0.1715352687569995,GSE136831
IPF,Basal,LRP2,6,0.025935418775789264,0.016031800970219418,GSE136831
IPF,Basal,LRP5,6,0.7119197695477301,0.3354180150334227,GSE136831
IPF,Basal,LRP6,6,0.24915966756191144,0.14288994134468197,GSE136831
IPF,Basal,MCAM,6,0.03234206757696798,0.03417116556966154,GSE136831
IPF,Basal,MUSK,6,0.32155411334773454,0.13747978913501538,GSE136831
IPF,Basal,NLRP3,6,0.02056046062736973,0.022011137456751234,GSE136831
IPF,Basal,NOTCH1,6,0.4596192642089667,0.24684830792815124,GSE136831
IPF,Basal,NRP1,6,0.4794213308125707,0.2000671477937934,GSE136831
IPF,Basal,NRP2,6,1.733120070635734,0.4240463378396469,GSE136831
IPF,Basal,PRLR,6,0.026943167927793568,0.01809319414368315,GSE136831
IPF,Basal,PTK7,6,0.7804604623517069,0.3498089791864362,GSE136831
IPF,Basal,PTPRK,6,4.111877263146005,0.7975914715159863,GSE136831
IPF,Basal,PYCARD,6,0.4546670875802283,0.3058105324462406,GSE136831
IPF,Basal,RECK,6,0.10021310106099716,0.06946504248486572,GSE136831
IPF,Basal,RET,6,0.001213254545207,0.002110789010190717,GSE136831
IPF,Basal,ROR1,6,0.5807579293019088,0.20275186286403724,GSE136831
IPF,Basal,ROR2,6,0.31164775411444023,0.16235338777527955,GSE136831
IPF,Basal,RYK,6,0.7598944503974195,0.37868797219744477,GSE136831
IPF,Basal,SDC2,6,0.1266606218694941,0.09171995803987021,GSE136831
IPF,Basal,SDC4,6,3.0229834652916288,0.6397664681459444,GSE136831
IPF,Basal,SIGIRR,6,0.2051622788113975,0.14598376353242493,GSE136831
IPF,Basal,SIRPA,6,0.10314562828319691,0.06754259685066503,GSE136831
IPF,Basal,SMO,6,0.043380232486820235,0.025329138325694,GSE136831
IPF,Basal,SPP1,6,0.37144203395213365,0.16313284572158213,GSE136831
IPF,Basal,TGFB1,6,0.9819600937412605,0.3846761868019988,GSE136831
IPF,Basal,TGFBR1,6,0.5221537041308276,0.22025588694461462,GSE136831
IPF,Basal,TGFBR2,6,2.631142685959112,0.6096062808105532,GSE136831
IPF,Basal,TGFBR3,6,0.24168061608953886,0.13918669995676908,GSE136831
IPF,Basal,TMED5,6,0.583576514800528,0.2911389880209167,GSE136831
IPF,Basal,TNF,6,0.002759299857571533,0.002110789010190717,GSE136831
IPF,Basal,TYRO3,6,0.02649577992907053,0.018728876012383048,GSE136831
IPF,Basal,VANGL2,6,0.0599953252928648,0.06435879260780974,GSE136831
IPF,Basal,VASN,6,0.030883114344104,0.030859774510012917,GSE136831
IPF,Basal,VEGFA,6,0.24994247560103214,0.16022250454954715,GSE136831
IPF,Basal,WNT1,6,0.0,0.0,GSE136831
IPF,Basal,WNT10A,6,0.09661884382496416,0.06863372902820614,GSE136831
IPF,Basal,WNT10B,6,0.0032159883504037836,0.00219298245614035,GSE136831
IPF,Basal,WNT11,6,0.012474415412349199,0.0126987604937398,GSE136831
IPF,Basal,WNT16,6,0.008399518917144118,0.006814990299693901,GSE136831
IPF,Basal,WNT2,6,0.004163848266162,0.0032948647910406837,GSE136831
IPF,Basal,WNT2B,6,0.20791976954376382,0.11001335689991153,GSE136831
IPF,Basal,WNT3,6,0.032783889444307414,0.022409852522302848,GSE136831
IPF,Basal,WNT3A,6,0.18194985632940627,0.08787127502948461,GSE136831
IPF,Basal,WNT4,6,0.0864910593283193,0.06775765172393766,GSE136831
IPF,Basal,WNT5A,6,0.05987699325818622,0.03781465381420092,GSE136831
IPF,Basal,WNT5B,6,0.7625082410681779,0.31039420011143476,GSE136831
IPF,Basal,WNT6,6,0.024880687365199352,0.01815901278333145,GSE136831
IPF,Basal,WNT7A,6,0.07945059273894126,0.05760608973247786,GSE136831
IPF,Basal,WNT7B,6,0.5008487191353492,0.21771759531058432,GSE136831
IPF,Basal,WNT8A,6,0.0012049354154617168,0.0025641025641025502,GSE136831
IPF,Basal,WNT8B,6,0.017451415214906382,0.014584288786317965,GSE136831
IPF,Basal,WNT9A,6,0.21464598382693856,0.11983036317691415,GSE136831
IPF,Basal,WNT9B,6,0.010362446202481066,0.008277210528896134,GSE136831
IPF,Basal,XCR1,6,0.0,0.0,GSE136831
IPF,Ciliated,ACKR1,30,0.023311540202682435,0.008527563718760194,GSE136831
IPF,Ciliated,ACKR2,30,0.025867213174998613,0.018782841901070525,GSE136831
IPF,Ciliated,ACKR3,30,0.02184044256658561,0.013085967018792237,GSE136831
IPF,Ciliated,ACKR4,30,0.16131206449607025,0.10758013819423566,GSE136831
IPF,Ciliated,ACVR1,30,0.5592319503324822,0.2934661981503746,GSE136831
IPF,Ciliated,ACVR1B,30,0.47987588271207265,0.2756482171292202,GSE136831
IPF,Ciliated,ACVR1C,30,0.05062149433930405,0.031809474114726746,GSE136831
IPF,Ciliated,ACVRL1,30,0.00995555193001932,0.008191948588618386,GSE136831
IPF,Ciliated,ADGRA2,30,0.12120008420735995,0.05979193351369452,GSE136831
IPF,Ciliated,ADRA2A,30,0.00263529970185212,0.0028598857019687734,GSE136831
IPF,Ciliated,ADRB2,30,0.05822453406025023,0.045478773343178895,GSE136831
IPF,Ciliated,ANTXR1,30,0.39297812901349843,0.21959843541368207,GSE136831
IPF,Ciliated,APCDD1,30,0.2138206232128773,0.15399318662082084,GSE136831
IPF,Ciliated,AREG,30,0.3547943421465321,0.18277622155127823,GSE136831
IPF,Ciliated,ATP6AP2,30,0.44203107563552757,0.2796127551630199,GSE136831
IPF,Ciliated,AVPR1A,30,0.04055884232762642,0.03163134418312368,GSE136831
IPF,Ciliated,CASP1,30,0.03864925411477284,0.03314275897408262,GSE136831
IPF,Ciliated,CAV1,30,0.0566471105697739,0.03401709549009372,GSE136831
IPF,Ciliated,CCL2,30,0.07332630368552386,0.05149108138786553,GSE136831
IPF,Ciliated,CCR1,30,0.00540930833713535,0.004241586184236251,GSE136831
IPF,Ciliated,CCR10,30,0.050466456841588576,0.035346556796830124,GSE136831
IPF,Ciliated,CCR2,30,0.00039632229428985665,0.00045814878460722334,GSE136831
IPF,Ciliated,CCR3,30,0.010708226692199226,0.008302678542659097,GSE136831
IPF,Ciliated,CCR4,30,0.0030606045531937167,0.0028448783687492567,GSE136831
IPF,Ciliated,CCR5,30,0.0035820550601091835,0.0024237769419140965,GSE136831
IPF,Ciliated,CD36,30,0.08072052598836127,0.06174212470841007,GSE136831
IPF,Ciliated,CD4,30,0.30075240068441045,0.20229676479480158,GSE136831
IPF,Ciliated,CD44,30,0.19006137978189436,0.12399082806366045,GSE136831
IPF,Ciliated,CD82,30,0.17455568063443797,0.12731488795745222,GSE136831
IPF,Ciliated,CD9,30,2.862112538968641,0.7153102170121948,GSE136831
IPF,Ciliated,CSF1,30,0.013622869889652067,0.010588716853490474,GSE136831
IPF,Ciliated,CSF1R,30,0.046340931790403786,0.037382618303112757,GSE136831
IPF,Ciliated,CXCL1,30,0.04353008635131163,0.029865155339214286,GSE136831
IPF,Ciliated,CXCL12,30,0.005946087624819957,0.006258903897752593,GSE136831
IPF,Ciliated,CXCL2,30,0.14224023979664355,0.08693100840602495,GSE136831
IPF,Ciliated,CXCR1,30,0.00040399593551643335,0.00016515027316217333,GSE136831
IPF,Ciliated,CXCR2,30,0.003911685182379967,0.003082509490215283,GSE136831
IPF,Ciliated,CXCR3,30,5.565759447876333e-05,7.861635220125668e-05,GSE136831
IPF,Ciliated,CXCR4,30,0.11115031937672892,0.07711125649985154,GSE136831
IPF,Ciliated,DPP4,30,0.007468360666789456,0.0041925656549411825,GSE136831
IPF,Ciliated,EGFR,30,0.6270224739287645,0.32289268089307765,GSE136831
IPF,Ciliated,ENG,30,0.1286078518099287,0.08312668325962089,GSE136831
IPF,Ciliated,EPHA7,30,0.02333307553579687,0.019414787735567644,GSE136831
IPF,Ciliated,EPHB2,30,0.05316096640799908,0.039910610095063935,GSE136831
IPF,Ciliated,ERBB2,30,0.46772162086205266,0.2784152012584648,GSE136831
IPF,Ciliated,ERBB3,30,0.4526873279916052,0.2600767546515227,GSE136831
IPF,Ciliated,ERBB4,30,2.832530442453856,0.6704009476339388,GSE136831
IPF,Ciliated,FGF10,30,0.010964306123281796,0.010037671522470933,GSE136831
IPF,Ciliated,FGF7,30,0.021714773743691452,0.019874153480206394,GSE136831
IPF,Ciliated,FGFR1,30,0.03887752707219502,0.029014524826479763,GSE136831
IPF,Ciliated,FGFR2,30,0.40608480577087636,0.1975315151384513,GSE136831
IPF,Ciliated,FGFR3,30,0.0061795545805926,0.00620796395238428,GSE136831
IPF,Ciliated,FGFR4,30,0.012024290565153816,0.007689642672955947,GSE136831
IPF,Ciliated,FGFRL1,30,0.03199486821543982,0.023501617507078746,GSE136831
IPF,Ciliated,FLT1,30,0.0545974518131784,0.0410667045783723,GSE136831
IPF,Ciliated,FZD1,30,0.022945875968421608,0.0247551684478859,GSE136831
IPF,Ciliated,FZD10,30,0.00061930397272458,0.0005527181931676266,GSE136831
IPF,Ciliated,FZD2,30,0.00029363870786926666,0.00032347028262101,GSE136831
IPF,Ciliated,FZD3,30,0.27829351809847985,0.18034430711138386,GSE136831
IPF,Ciliated,FZD4,30,0.026952132241055828,0.018714590671350895,GSE136831
IPF,Ciliated,FZD5,30,0.014665142383209047,0.01110898155337269,GSE136831
IPF,Ciliated,FZD6,30,0.5699569580928241,0.312848498947247,GSE136831
IPF,Ciliated,FZD7,30,0.004473760017768094,0.0029327116451416967,GSE136831
IPF,Ciliated,FZD8,30,0.02921633931583427,0.024957917315988336,GSE136831
IPF,Ciliated,FZD9,30,0.00011412738373586333,0.00012484394506866333,GSE136831
IPF,Ciliated,GPC1,30,0.07329585999613578,0.047762134669113575,GSE136831
IPF,Ciliated,GRIN2B,30,0.050723215690193245,0.03842681581252862,GSE136831
IPF,Ciliated,GRM7,30,2.3623170855251656,0.5053843501252367,GSE136831
IPF,Ciliated,GSDMD,30,0.297772929935754,0.20384191987857941,GSE136831
IPF,Ciliated,HBEGF,30,0.055326051306437835,0.03868495876179412,GSE136831
IPF,Ciliated,IL1A,30,0.00482070949023223,0.0035730702203491,GSE136831
IPF,Ciliated,IL1B,30,0.04215581350397678,0.027263858831325743,GSE136831
IPF,Ciliated,IL1R1,30,0.4871197257380209,0.20421102160076118,GSE136831
IPF,Ciliated,IL1R2,30,0.021720327395798728,0.016151556040467436,GSE136831
IPF,Ciliated,IL1RAP,30,0.1191791368948122,0.08427879944545816,GSE136831
IPF,Ciliated,IL1RN,30,0.04369801487235244,0.031148192134300885,GSE136831
IPF,Ciliated,IL6,30,0.009527550968814035,0.00772752957996751,GSE136831
IPF,Ciliated,ITGA4,30,0.30946136684261655,0.19129100312132047,GSE136831
IPF,Ciliated,ITGA5,30,0.01637334931204259,0.011832526779787533,GSE136831
IPF,Ciliated,ITGA9,30,0.16083121374352388,0.10049863701973931,GSE136831
IPF,Ciliated,ITGAV,30,0.6139048422879297,0.31781954502986615,GSE136831
IPF,Ciliated,ITGB1,30,0.5391977206897548,0.285512511558433,GSE136831
IPF,Ciliated,ITGB3,30,0.04773918745558316,0.0340188413265523,GSE136831
IPF,Ciliated,ITGB5,30,0.4877803484987141,0.26786377350451807,GSE136831
IPF,Ciliated,ITGB6,30,0.2942441692198628,0.18983978466632975,GSE136831
IPF,Ciliated,ITGB8,30,1.8356157174640908,0.5928644750102605,GSE136831
IPF,Ciliated,KDR,30,0.017861143602664945,0.011009035424254689,GSE136831
IPF,Ciliated,KLRG2,30,0.022112770010761888,0.01739037172558602,GSE136831
IPF,Ciliated,LDLR,30,1.3510390361100937,0.37492545156691615,GSE136831
IPF,Ciliated,LGR5,30,0.024622620714149848,0.012577223888669465,GSE136831
IPF,Ciliated,LPP,30,2.2371772661770195,0.6254356471587285,GSE136831
IPF,Ciliated,LRP1,30,0.3550054498460783,0.2254101061525367,GSE136831
IPF,Ciliated,LRP2,30,0.2546800663470735,0.1215361228702712,GSE136831
IPF,Ciliated,LRP5,30,0.545229902524597,0.28930892725578033,GSE136831
IPF,Ciliated,LRP6,30,0.18144641139617868,0.11824823329681416,GSE136831
IPF,Ciliated,MCAM,30,0.00368252569547003,0.0025575960941609964,GSE136831
IPF,Ciliated,MUSK,30,0.09632824227219891,0.05817928653085404,GSE136831
IPF,Ciliated,NLRP3,30,0.050193284458365565,0.034428492273983584,GSE136831
IPF,Ciliated,NOTCH1,30,0.040102835381367496,0.028228132233546366,GSE136831
IPF,Ciliated,NRP1,30,0.11908378726384082,0.06902925417647791,GSE136831
IPF,Ciliated,NRP2,30,0.5054324591710071,0.27938968287464877,GSE136831
IPF,Ciliated,PRLR,30,0.022486943056715954,0.015208175603452953,GSE136831
IPF,Ciliated,PTK7,30,0.32650111215607913,0.2033486593071361,GSE136831
IPF,Ciliated,PTPRK,30,2.9680542891181494,0.7361293567496225,GSE136831
IPF,Ciliated,PYCARD,30,0.217831973033938,0.1516049064585944,GSE136831
IPF,Ciliated,RECK,30,0.09567333965451204,0.06904782758980108,GSE136831
IPF,Ciliated,RET,30,0.003907321102487027,0.003911832165716704,GSE136831
IPF,Ciliated,ROR1,30,0.045816010605545306,0.03469553101984292,GSE136831
IPF,Ciliated,ROR2,30,0.1539866862836277,0.10561154810692848,GSE136831
IPF,Ciliated,RYK,30,0.4058700875862181,0.2364943595751567,GSE136831
IPF,Ciliated,SDC2,30,0.1359828204609331,0.09177707976634901,GSE136831
IPF,Ciliated,SDC4,30,2.2219019803378837,0.6220320854223933,GSE136831
IPF,Ciliated,SIGIRR,30,0.5421007282957157,0.31753295354143535,GSE136831
IPF,Ciliated,SIRPA,30,0.045984218484117836,0.030266758546208743,GSE136831
IPF,Ciliated,SMO,30,0.030296538242451872,0.022238670839948144,GSE136831
IPF,Ciliated,SPP1,30,0.392271663637282,0.21283791436783564,GSE136831
IPF,Ciliated,TGFB1,30,0.26500358193922474,0.16029024882171494,GSE136831
IPF,Ciliated,TGFBR1,30,0.08960108584970625,0.06144980918501845,GSE136831
IPF,Ciliated,TGFBR2,30,0.6688555988286671,0.3174234975247911,GSE136831
IPF,Ciliated,TGFBR3,30,0.5318121651070467,0.27425824306005814,GSE136831
IPF,Ciliated,TMED5,30,0.3191812546812083,0.2032405718675508,GSE136831
IPF,Ciliated,TNF,30,0.008517225493879252,0.007662614711562634,GSE136831
IPF,Ciliated,TYRO3,30,0.01364045029564695,0.009347411195235172,GSE136831
IPF,Ciliated,VANGL2,30,0.015240927875279635,0.011460622783982913,GSE136831
IPF,Ciliated,VASN,30,0.011349931699729155,0.008199368069005427,GSE136831
IPF,Ciliated,VEGFA,30,0.029509406268913387,0.023861932383076358,GSE136831
IPF,Ciliated,WNT1,30,7.899508145024667e-05,5.868544600938667e-05,GSE136831
IPF,Ciliated,WNT10A,30,0.00054308010224321,0.00040348712085673,GSE136831
IPF,Ciliated,WNT10B,30,0.0012702053031994234,0.0013352237035368466,GSE136831
IPF,Ciliated,WNT11,30,0.00712914769285417,0.0054843844879669205,GSE136831
IPF,Ciliated,WNT16,30,0.026381497505484946,0.021324054211444673,GSE136831
IPF,Ciliated,WNT2,30,0.004598362520584909,0.003167603039008343,GSE136831
IPF,Ciliated,WNT2B,30,0.07383619814113841,0.052755333403582384,GSE136831
IPF,Ciliated,WNT3,30,0.04462859887670843,0.0346538367945309,GSE136831
IPF,Ciliated,WNT3A,30,0.00606743058563242,0.0051197499412219735,GSE136831
IPF,Ciliated,WNT4,30,0.0373317241457409,0.02859460159164277,GSE136831
IPF,Ciliated,WNT5A,30,0.007815429508394653,0.004883732884262733,GSE136831
IPF,Ciliated,WNT5B,30,0.9383040768954658,0.40687677802157124,GSE136831
IPF,Ciliated,WNT6,30,0.0010856686384046901,0.00103908468946415,GSE136831
IPF,Ciliated,WNT7A,30,0.00172916415783241,0.00203464256951141,GSE136831
IPF,Ciliated,WNT7B,30,0.16808834366365424,0.11645926550952705,GSE136831
IPF,Ciliated,WNT8A,30,0.0059896798559231435,0.005300765736758717,GSE136831
IPF,Ciliated,WNT8B,30,0.01330741853284983,0.009607988440276207,GSE136831
IPF,Ciliated,WNT9A,30,0.2942378052835854,0.1759984704061951,GSE136831
IPF,Ciliated,WNT9B,30,0.0145092514706397,0.012702365894040949,GSE136831
IPF,Ciliated,XCR1,30,0.0038747845297449003,0.0027575869313296504,GSE136831
IPF,Club,ACKR1,12,0.006770435710786717,0.00831369069689424,GSE136831
IPF,Club,ACKR2,12,0.036523057863785326,0.020516737878005124,GSE136831
IPF,Club,ACKR3,12,0.17969695356210383,0.0927799589565001,GSE136831
IPF,Club,ACKR4,12,0.007162445516191658,0.008305155671385534,GSE136831
IPF,Club,ACVR1,12,0.571827992491142,0.28177389377483164,GSE136831
IPF,Club,ACVR1B,12,0.35203650642349754,0.2122595609388194,GSE136831
IPF,Club,ACVR1C,12,0.03683389813739573,0.0225601036281264,GSE136831
IPF,Club,ACVRL1,12,0.015588946793690618,0.007964102563843334,GSE136831
IPF,Club,ADGRA2,12,0.6707567160486535,0.20133801356876346,GSE136831
IPF,Club,ADRA2A,12,0.037742387683443686,0.030820848449690266,GSE136831
IPF,Club,ADRB2,12,0.1930530743665386,0.1288003127223238,GSE136831
IPF,Club,ANTXR1,12,0.8531579470679181,0.35474161937544246,GSE136831
IPF,Club,APCDD1,12,0.04957695983981867,0.039357355153594654,GSE136831
IPF,Club,AREG,12,1.571829371481468,0.3847578414232815,GSE136831
IPF,Club,ATP6AP2,12,0.3106085592779542,0.20951193863434672,GSE136831
IPF,Club,AVPR1A,12,0.000279607154185225,0.0005081300813008083,GSE136831
IPF,Club,CASP1,12,0.04319781358814795,0.04451715490955043,GSE136831
IPF,Club,CAV1,12,1.807983162307159,0.3327847857206342,GSE136831
IPF,Club,CCL2,12,0.5404079778614753,0.10637424076071521,GSE136831
IPF,Club,CCR1,12,0.0055877071751450165,0.003933754066998583,GSE136831
IPF,Club,CCR10,12,0.00773873382973685,0.0035162605361882832,GSE136831
IPF,Club,CCR2,12,0.0004995972828024166,0.0008292978208232418,GSE136831
IPF,Club,CCR3,12,0.010934104944260559,0.010403147938269524,GSE136831
IPF,Club,CCR4,12,0.0006785681868001669,0.001633597883597875,GSE136831
IPF,Club,CCR5,12,0.0008058941843391917,0.0008602150537634334,GSE136831
IPF,Club,CD36,12,0.09719029013020147,0.0545126892285103,GSE136831
IPF,Club,CD4,12,0.0874752578575605,0.04995772047249908,GSE136831
IPF,Club,CD44,12,1.8098016288202785,0.5005725078886968,GSE136831
IPF,Club,CD82,12,0.4399496444994413,0.275760154943678,GSE136831
IPF,Club,CD9,12,6.164918124212101,0.815404935543465,GSE136831
IPF,Club,CSF1,12,0.10944777377225116,0.07836839853599896,GSE136831
IPF,Club,CSF1R,12,0.07409958086789377,0.04429175550103529,GSE136831
IPF,Club,CXCL1,12,2.138576121751461,0.32849425407004734,GSE136831
IPF,Club,CXCL12,12,0.003444265374241325,0.0044783810173202165,GSE136831
IPF,Club,CXCL2,12,3.593780957678128,0.5075021406176495,GSE136831
IPF,Club,CXCR1,12,0.0010196459269250751,0.0008292978208232418,GSE136831
IPF,Club,CXCR2,12,0.002321258134377033,0.0016666666666666583,GSE136831
IPF,Club,CXCR3,12,0.0005425719904743833,0.0009843205574912833,GSE136831
IPF,Club,CXCR4,12,0.12005485139415491,0.07449569137831807,GSE136831
IPF,Club,DPP4,12,0.07861375009460066,0.044181658830322074,GSE136831
IPF,Club,EGFR,12,1.0674377172196088,0.4259568142559906,GSE136831
IPF,Club,ENG,12,0.10660358506279971,0.07861866814417623,GSE136831
IPF,Club,EPHA7,12,0.01888806843211226,0.0155746585311968,GSE136831
IPF,Club,EPHB2,12,0.28954365016523975,0.1625463460208676,GSE136831
IPF,Club,ERBB2,12,0.5971654897236839,0.30708400859801105,GSE136831
IPF,Club,ERBB3,12,0.8563178345713096,0.39259374280560655,GSE136831
IPF,Club,ERBB4,12,4.7951739042462975,0.7154085812884149,GSE136831
IPF,Club,FGF10,12,0.002522857781082625,0.0017601126472094168,GSE136831
IPF,Club,FGF7,12,0.016030276000775726,0.012347474490484166,GSE136831
IPF,Club,FGFR1,12,0.16014749486231664,0.08264920771398258,GSE136831
IPF,Club,FGFR2,12,2.4505214779475195,0.588747915477141,GSE136831
IPF,Club,FGFR3,12,0.18976362738441588,0.12790280591757183,GSE136831
IPF,Club,FGFR4,12,0.006995951917183566,0.003127316855952217,GSE136831
IPF,Club,FGFRL1,12,0.02945644467411898,0.03141377727335598,GSE136831
IPF,Club,FLT1,12,0.08645775676650147,0.047013053937289405,GSE136831
IPF,Club,FZD1,12,0.02652139169499521,0.024231331333893782,GSE136831
IPF,Club,FZD10,12,0.0006662229412628917,0.0007371319222057249,GSE136831
IPF,Club,FZD2,12,0.004825241332471825,0.008514111133672326,GSE136831
IPF,Club,FZD3,12,0.10909472568046978,0.08237772351243929,GSE136831
IPF,Club,FZD4,12,0.015751345286455002,0.01418626221640794,GSE136831
IPF,Club,FZD5,12,0.07935106884887322,0.06358925050724638,GSE136831
IPF,Club,FZD6,12,0.5141669610339772,0.27651180233447087,GSE136831
IPF,Club,FZD7,12,0.017768728111140036,0.013402572609754458,GSE136831
IPF,Club,FZD8,12,0.013411048376228573,0.012570634643637509,GSE136831
IPF,Club,FZD9,12,0.0,0.0,GSE136831
IPF,Club,GPC1,12,0.18351162205231752,0.14172904398394884,GSE136831
IPF,Club,GRIN2B,12,0.0352213931602268,0.018838991121258277,GSE136831
IPF,Club,GRM7,12,0.09073265277578328,0.061709311958339015,GSE136831
IPF,Club,GSDMD,12,0.22735327669984282,0.17431403579646196,GSE136831
IPF,Club,HBEGF,12,0.2113222656327228,0.12344582887123894,GSE136831
IPF,Club,IL1A,12,0.005461515801194534,0.0048624055948931835,GSE136831
IPF,Club,IL1B,12,0.05167767097112259,0.03185672844032273,GSE136831
IPF,Club,IL1R1,12,3.565919289246743,0.5988004106351459,GSE136831
IPF,Club,IL1R2,12,0.029697837383303293,0.019168103117184674,GSE136831
IPF,Club,IL1RAP,12,0.17798513788905268,0.10386879285039761,GSE136831
IPF,Club,IL1RN,12,0.06791690588532669,0.04420337390645612,GSE136831
IPF,Club,IL6,12,0.02351150216700174,0.019227327699317332,GSE136831
IPF,Club,ITGA4,12,0.02562898226909424,0.01465246831101165,GSE136831
IPF,Club,ITGA5,12,0.03219784469606644,0.018265767906776118,GSE136831
IPF,Club,ITGA9,12,2.098777566656541,0.49871578221369384,GSE136831
IPF,Club,ITGAV,12,0.5561250055777921,0.2715984724869495,GSE136831
IPF,Club,ITGB1,12,1.0684681245981116,0.42021962332059787,GSE136831
IPF,Club,ITGB3,12,0.05312414848218939,0.033824494686043975,GSE136831
IPF,Club,ITGB5,12,0.39593864958967817,0.23658397693042535,GSE136831
IPF,Club,ITGB6,12,1.1713836188013922,0.38413089717484783,GSE136831
IPF,Club,ITGB8,12,1.413338543705662,0.3642629078734694,GSE136831
IPF,Club,KDR,12,0.4200863700230253,0.1617494228248945,GSE136831
IPF,Club,KLRG2,12,0.031176344864469862,0.02809361658606974,GSE136831
IPF,Club,LDLR,12,4.32695333007228,0.7180006589796054,GSE136831
IPF,Club,LGR5,12,0.010373444048089807,0.011453778590622141,GSE136831
IPF,Club,LPP,12,9.165064751970398,0.9269551129123604,GSE136831
IPF,Club,LRP1,12,0.14583639691213693,0.09437230400687628,GSE136831
IPF,Club,LRP2,12,0.17032457893587574,0.052324788828454295,GSE136831
IPF,Club,LRP5,12,0.7505925262967704,0.36957367084803133,GSE136831
IPF,Club,LRP6,12,0.3892515849413775,0.20933229388816002,GSE136831
IPF,Club,MCAM,12,0.00199654296774875,0.002998636213403375,GSE136831
IPF,Club,MUSK,12,0.13256265910949547,0.08610171894433503,GSE136831
IPF,Club,NLRP3,12,0.058902388215943895,0.03614114633589574,GSE136831
IPF,Club,NOTCH1,12,0.10311636392722455,0.0775186412633827,GSE136831
IPF,Club,NRP1,12,0.816894206638897,0.29678749092279477,GSE136831
IPF,Club,NRP2,12,1.313869105389622,0.3927265321983415,GSE136831
IPF,Club,PRLR,12,0.014644334383225032,0.009848619107405676,GSE136831
IPF,Club,PTK7,12,0.6891416824151926,0.330843879030899,GSE136831
IPF,Club,PTPRK,12,4.7427999635713425,0.8101059323926324,GSE136831
IPF,Club,PYCARD,12,0.1912357987633955,0.1403470721180045,GSE136831
IPF,Club,RECK,12,0.12211196555100912,0.07804663387378576,GSE136831
IPF,Club,RET,12,0.009736735701672826,0.005756338145329792,GSE136831
IPF,Club,ROR1,12,0.3308575367744948,0.1450364934034503,GSE136831
IPF,Club,ROR2,12,0.09099430125917467,0.07067538770780753,GSE136831
IPF,Club,RYK,12,0.6112267148903562,0.3175110432943155,GSE136831
IPF,Club,SDC2,12,0.12139277427737488,0.09091052761219232,GSE136831
IPF,Club,SDC4,12,3.5224767101811754,0.6888191066564019,GSE136831
IPF,Club,SIGIRR,12,0.20029594096572426,0.14476750399810312,GSE136831
IPF,Club,SIRPA,12,0.060654523663664785,0.031381526659544565,GSE136831
IPF,Club,SMO,12,0.019816438999623293,0.015039928670916634,GSE136831
IPF,Club,SPP1,12,0.4628174758887427,0.24437959050396976,GSE136831
IPF,Club,TGFB1,12,0.7407722649938765,0.29402999045168077,GSE136831
IPF,Club,TGFBR1,12,0.23541944710028692,0.14283571460018157,GSE136831
IPF,Club,TGFBR2,12,1.7562847127451926,0.5183884220377343,GSE136831
IPF,Club,TGFBR3,12,0.09350445554162705,0.06745480466769627,GSE136831
IPF,Club,TMED5,12,0.4856043794276003,0.2652780312582749,GSE136831
IPF,Club,TNF,12,0.006317410916787342,0.007032008258207034,GSE136831
IPF,Club,TYRO3,12,0.030600041133032774,0.026087239601844777,GSE136831
IPF,Club,VANGL2,12,0.044812026818614785,0.03363555516948601,GSE136831
IPF,Club,VASN,12,0.05913141622508658,0.04519258301456677,GSE136831
IPF,Club,VEGFA,12,0.378021135032576,0.21179033578951567,GSE136831
IPF,Club,WNT1,12,0.0,0.0,GSE136831
IPF,Club,WNT10A,12,0.01180056084310531,0.012650144561266284,GSE136831
IPF,Club,WNT10B,12,0.0027191093469779493,0.0015664297430289667,GSE136831
IPF,Club,WNT11,12,0.0011709097809952168,0.0010902392668384918,GSE136831
IPF,Club,WNT16,12,0.007021247401547134,0.0052951573550011075,GSE136831
IPF,Club,WNT2,12,0.007756261884710783,0.005381638524482407,GSE136831
IPF,Club,WNT2B,12,0.15868809376764367,0.10072827833057724,GSE136831
IPF,Club,WNT3,12,0.04245588954518879,0.031113286704006104,GSE136831
IPF,Club,WNT3A,12,0.04358847226234867,0.033323262138242944,GSE136831
IPF,Club,WNT4,12,0.09787842898891953,0.06738651664938074,GSE136831
IPF,Club,WNT5A,12,0.09383960831225095,0.08012208196977175,GSE136831
IPF,Club,WNT5B,12,0.5088947754194665,0.23102237711367513,GSE136831
IPF,Club,WNT6,12,0.0035736121602143165,0.0031572117167222753,GSE136831
IPF,Club,WNT7A,12,0.005255383605861308,0.0023256451901083,GSE136831
IPF,Club,WNT7B,12,0.4073061938860145,0.22216119513708063,GSE136831
IPF,Club,WNT8A,12,0.00011579910670715833,0.0003840245775729583,GSE136831
IPF,Club,WNT8B,12,0.0210210413168533,0.009802611894418167,GSE136831
IPF,Club,WNT9A,12,0.037379894381591255,0.03187983995879116,GSE136831
IPF,Club,WNT9B,12,0.005377005607164567,0.005983657080647066,GSE136831
IPF,Club,XCR1,12,0.0,0.0,GSE136831
IPF,Fibroblast,ACKR1,10,0.0633537116492037,0.044836706674035345,GSE136831
IPF,Fibroblast,ACKR2,10,0.08392411300114366,0.0559714580345282,GSE136831
IPF,Fibroblast,ACKR3,10,1.4471822181091611,0.4391437528627378,GSE136831
IPF,Fibroblast,ACKR4,10,0.13233414342107527,0.09733006211171648,GSE136831
IPF,Fibroblast,ACVR1,10,0.3737856011034507,0.21747602359256363,GSE136831
IPF,Fibroblast,ACVR1B,10,0.40532953653230674,0.2322898655869034,GSE136831
IPF,Fibroblast,ACVR1C,10,0.04035410819542964,0.0332597152384246,GSE136831
IPF,Fibroblast,ACVRL1,10,0.44585628150356404,0.2586871596877036,GSE136831
IPF,Fibroblast,ADGRA2,10,0.042613387080203416,0.03682722393967952,GSE136831
IPF,Fibroblast,ADRA2A,10,0.02314515607541006,0.014519154506175871,GSE136831
IPF,Fibroblast,ADRB2,10,0.0041991743244473995,0.00523824726634207,GSE136831
IPF,Fibroblast,ANTXR1,10,1.3152638573719295,0.5286392968165213,GSE136831
IPF,Fibroblast,APCDD1,10,0.250748328699834,0.1587797797775085,GSE136831
IPF,Fibroblast,AREG,10,0.2744916680910635,0.10440225240059187,GSE136831
IPF,Fibroblast,ATP6AP2,10,1.1356991997077102,0.5204179056354401,GSE136831
IPF,Fibroblast,AVPR1A,10,0.00167255405694712,0.00138888888888888,GSE136831
IPF,Fibroblast,CASP1,10,0.06909445841601258,0.05065374470210896,GSE136831
IPF,Fibroblast,CAV1,10,2.00211932325636,0.45265695541008555,GSE136831
IPF,Fibroblast,CCL2,10,6.068157595985232,0.41809218592056324,GSE136831
IPF,Fibroblast,CCR1,10,0.00509456453898083,0.00541537015765933,GSE136831
IPF,Fibroblast,CCR10,10,0.052676790867889775,0.042000288242462894,GSE136831
IPF,Fibroblast,CCR2,10,0.00037643444793161,0.0010695187165775401,GSE136831
IPF,Fibroblast,CCR3,10,0.00947171966979732,0.009042465923501889,GSE136831
IPF,Fibroblast,CCR4,10,0.0008754808088334599,0.0010695187165775401,GSE136831
IPF,Fibroblast,CCR5,10,0.0,0.0,GSE136831
IPF,Fibroblast,CD36,10,0.052518960660676475,0.04362953099311267,GSE136831
IPF,Fibroblast,CD4,10,0.12128458771877482,0.09110544362052164,GSE136831
IPF,Fibroblast,CD44,10,6.2568585396663945,0.8100052882515092,GSE136831
IPF,Fibroblast,CD82,10,0.10454770852312104,0.07771155211992899,GSE136831
IPF,Fibroblast,CD9,10,1.70532375976671,0.5080287853324842,GSE136831
IPF,Fibroblast,CSF1,10,0.6505832411179949,0.31979758928813207,GSE136831
IPF,Fibroblast,CSF1R,10,0.11750649199602499,0.05618963647592877,GSE136831
IPF,Fibroblast,CXCL1,10,0.7337400052308594,0.10768710004161579,GSE136831
IPF,Fibroblast,CXCL12,10,2.1574802644873663,0.4832294774006134,GSE136831
IPF,Fibroblast,CXCL2,10,1.9892041156781755,0.2908574636015755,GSE136831
IPF,Fibroblast,CXCR1,10,0.00110876770306476,0.00122920380273321,GSE136831
IPF,Fibroblast,CXCR2,10,0.0,0.0,GSE136831
IPF,Fibroblast,CXCR3,10,0.00284323950558961,0.0027086724017670303,GSE136831
IPF,Fibroblast,CXCR4,10,0.10746191169451172,0.08190033503542679,GSE136831
IPF,Fibroblast,DPP4,10,0.052060533946614154,0.04827895321501456,GSE136831
IPF,Fibroblast,EGFR,10,3.0504417224470584,0.7329775948784327,GSE136831
IPF,Fibroblast,ENG,10,0.8024435288078212,0.3978625452569511,GSE136831
IPF,Fibroblast,EPHA7,10,0.02858048698430763,0.01531169967355404,GSE136831
IPF,Fibroblast,EPHB2,10,0.2707531206154701,0.1737552315269229,GSE136831
IPF,Fibroblast,ERBB2,10,0.0944060869860442,0.08112423287968193,GSE136831
IPF,Fibroblast,ERBB3,10,0.015265476015142701,0.01204079964434201,GSE136831
IPF,Fibroblast,ERBB4,10,0.759587869361929,0.22238310467912137,GSE136831
IPF,Fibroblast,FGF10,10,0.06878247701596119,0.03471239092455259,GSE136831
IPF,Fibroblast,FGF7,10,1.9229498312381548,0.5224959807108526,GSE136831
IPF,Fibroblast,FGFR1,10,4.6254417543839885,0.8047453971816971,GSE136831
IPF,Fibroblast,FGFR2,10,0.01807636732417442,0.013581024983761911,GSE136831
IPF,Fibroblast,FGFR3,10,0.00349765253516911,0.00526996305768683,GSE136831
IPF,Fibroblast,FGFR4,10,0.00828362414286822,0.00935345005162158,GSE136831
IPF,Fibroblast,FGFRL1,10,0.06699307135062746,0.04948067180536543,GSE136831
IPF,Fibroblast,FLT1,10,0.04058303188671204,0.04457738251641175,GSE136831
IPF,Fibroblast,FZD1,10,0.10606833447168051,0.08094394052991408,GSE136831
IPF,Fibroblast,FZD10,10,0.00551140888874911,0.0054432383536861,GSE136831
IPF,Fibroblast,FZD2,10,0.0118717734159133,0.00952614890718488,GSE136831
IPF,Fibroblast,FZD3,10,0.02065058338188438,0.01737057303162197,GSE136831
IPF,Fibroblast,FZD4,10,0.12724900034812642,0.08193597746576135,GSE136831
IPF,Fibroblast,FZD5,10,0.036664023681886274,0.02163544007853469,GSE136831
IPF,Fibroblast,FZD6,10,0.1246695849887776,0.08475212835096596,GSE136831
IPF,Fibroblast,FZD7,10,0.20421561946301098,0.12412536961073048,GSE136831
IPF,Fibroblast,FZD8,10,0.02654235645963558,0.019651922033635562,GSE136831
IPF,Fibroblast,FZD9,10,0.0007885639304549601,0.00108695652173913,GSE136831
IPF,Fibroblast,GPC1,10,0.24532620169977615,0.15453866413050668,GSE136831
IPF,Fibroblast,GRIN2B,10,0.05313848067607983,0.03068141373181068,GSE136831
IPF,Fibroblast,GRM7,10,0.2090871804676438,0.09529232203584226,GSE136831
IPF,Fibroblast,GSDMD,10,0.27776666474310485,0.19878645811505485,GSE136831
IPF,Fibroblast,HBEGF,10,0.21201194968170492,0.10615652993119873,GSE136831
IPF,Fibroblast,IL1A,10,0.017591826963389113,0.015291972197152151,GSE136831
IPF,Fibroblast,IL1B,10,0.031156449419911518,0.02709859851269169,GSE136831
IPF,Fibroblast,IL1R1,10,6.47228826263518,0.7598362978862655,GSE136831
IPF,Fibroblast,IL1R2,10,0.05931663752841548,0.045563666615265994,GSE136831
IPF,Fibroblast,IL1RAP,10,0.4910133439705609,0.25035872379943264,GSE136831
IPF,Fibroblast,IL1RN,10,0.046200272569922554,0.039162357340631525,GSE136831
IPF,Fibroblast,IL6,10,1.1825229083509718,0.2240830615595378,GSE136831
IPF,Fibroblast,ITGA4,10,0.00738115131484232,0.009181710026940371,GSE136831
IPF,Fibroblast,ITGA5,10,0.9390216745043517,0.35553955899978346,GSE136831
IPF,Fibroblast,ITGA9,10,0.5737604746753359,0.2862988479881635,GSE136831
IPF,Fibroblast,ITGAV,10,2.5317091585162275,0.637635352018249,GSE136831
IPF,Fibroblast,ITGB1,10,1.638162274252251,0.5614093376202587,GSE136831
IPF,Fibroblast,ITGB3,10,0.14930258590598963,0.07876664410585274,GSE136831
IPF,Fibroblast,ITGB5,10,0.9925028143024617,0.4239661653488619,GSE136831
IPF,Fibroblast,ITGB6,10,0.14729308110378128,0.07846015371428584,GSE136831
IPF,Fibroblast,ITGB8,10,0.343652194714143,0.18967580037798,GSE136831
IPF,Fibroblast,KDR,10,0.00532268748227911,0.006660392334229009,GSE136831
IPF,Fibroblast,KLRG2,10,0.01739830329926563,0.0112759306621199,GSE136831
IPF,Fibroblast,LDLR,10,0.5494883239325976,0.2600148119758666,GSE136831
IPF,Fibroblast,LGR5,10,0.06928012208737527,0.02712202280082187,GSE136831
IPF,Fibroblast,LPP,10,5.7267770066021795,0.8690707233317552,GSE136831
IPF,Fibroblast,LRP1,10,3.250962097071599,0.7876232773188054,GSE136831
IPF,Fibroblast,LRP2,10,0.025293347984286858,0.0212344855661361,GSE136831
IPF,Fibroblast,LRP5,10,0.12941715662920367,0.07614413453393101,GSE136831
IPF,Fibroblast,LRP6,10,0.20807899728857976,0.13446521509710993,GSE136831
IPF,Fibroblast,MCAM,10,0.00419067320882721,0.00568627450980391,GSE136831
IPF,Fibroblast,MUSK,10,0.253643610867854,0.12564339309539135,GSE136831
IPF,Fibroblast,NLRP3,10,0.04507327690126784,0.04084831270234175,GSE136831
IPF,Fibroblast,NOTCH1,10,0.05579835097077633,0.045034441648700865,GSE136831
IPF,Fibroblast,NRP1,10,1.3930167188949214,0.44595916852315487,GSE136831
IPF,Fibroblast,NRP2,10,0.10951639819823959,0.06847931235060482,GSE136831
IPF,Fibroblast,PRLR,10,0.03066889650218583,0.02221916191225652,GSE136831
IPF,Fibroblast,PTK7,10,0.2379990744965415,0.1588343292168634,GSE136831
IPF,Fibroblast,PTPRK,10,0.6277349566382839,0.28115734049958385,GSE136831
IPF,Fibroblast,PYCARD,10,0.29709537227477634,0.20131056142984988,GSE136831
IPF,Fibroblast,RECK,10,0.7004863365693762,0.33196335608782646,GSE136831
IPF,Fibroblast,RET,10,0.00355472884578812,0.0023529411764705802,GSE136831
IPF,Fibroblast,ROR1,10,2.07619695470953,0.45613052964242984,GSE136831
IPF,Fibroblast,ROR2,10,1.2535904257014134,0.3902438822422504,GSE136831
IPF,Fibroblast,RYK,10,0.39971185796716774,0.23937489183399968,GSE136831
IPF,Fibroblast,SDC2,10,2.498387923505954,0.6011228570304037,GSE136831
IPF,Fibroblast,SDC4,10,0.5019732436627111,0.24840886156380293,GSE136831
IPF,Fibroblast,SIGIRR,10,0.29173345904256864,0.2169447354082045,GSE136831
IPF,Fibroblast,SIRPA,10,0.38051404621341967,0.24775490234636316,GSE136831
IPF,Fibroblast,SMO,10,0.029570859261580117,0.03085518553477668,GSE136831
IPF,Fibroblast,SPP1,10,0.360916222719026,0.2157705037727559,GSE136831
IPF,Fibroblast,TGFB1,10,0.4345115678072708,0.25115583473988057,GSE136831
IPF,Fibroblast,TGFBR1,10,0.6031359938738727,0.2905492878595237,GSE136831
IPF,Fibroblast,TGFBR2,10,2.3451788064446113,0.6388567242688897,GSE136831
IPF,Fibroblast,TGFBR3,10,4.0594964912686,0.7101705752056937,GSE136831
IPF,Fibroblast,TMED5,10,1.0173224034803325,0.47316776168104563,GSE136831
IPF,Fibroblast,TNF,10,0.00300324028297914,0.00598930481283422,GSE136831
IPF,Fibroblast,TYRO3,10,0.06794323568344955,0.056448985325431064,GSE136831
IPF,Fibroblast,VANGL2,10,0.03360614764766813,0.01902204759354429,GSE136831
IPF,Fibroblast,VASN,10,0.952708306780368,0.42587948430840744,GSE136831
IPF,Fibroblast,VEGFA,10,1.2121007043380572,0.4225447236658444,GSE136831
IPF,Fibroblast,WNT1,10,0.0,0.0,GSE136831
IPF,Fibroblast,WNT10A,10,0.0,0.0,GSE136831
IPF,Fibroblast,WNT10B,10,0.1298115238437814,0.08688264515806787,GSE136831
IPF,Fibroblast,WNT11,10,0.06061150296294652,0.03305317645967335,GSE136831
IPF,Fibroblast,WNT16,10,0.01134880782986588,0.0038762626262626105,GSE136831
IPF,Fibroblast,WNT2,10,0.2473031280575412,0.14478919297419504,GSE136831
IPF,Fibroblast,WNT2B,10,0.29460938300594447,0.1911976571099753,GSE136831
IPF,Fibroblast,WNT3,10,0.03110216250842615,0.023346864075048563,GSE136831
IPF,Fibroblast,WNT3A,10,0.00108792336544601,0.00128102801500518,GSE136831
IPF,Fibroblast,WNT4,10,0.00842436546582922,0.00824934123847165,GSE136831
IPF,Fibroblast,WNT5A,10,0.04373890299668008,0.030022048587151413,GSE136831
IPF,Fibroblast,WNT5B,10,0.2503703802066088,0.13683138848825754,GSE136831
IPF,Fibroblast,WNT6,10,0.00060432235521342,0.00098039215686274,GSE136831
IPF,Fibroblast,WNT7A,10,0.00032165976438422,0.0005347593582887701,GSE136831
IPF,Fibroblast,WNT7B,10,0.00320622491262032,0.0047034879080533,GSE136831
IPF,Fibroblast,WNT8A,10,0.007555577795589061,0.0023529411764705802,GSE136831
IPF,Fibroblast,WNT8B,10,0.012222979930196231,0.00940345114310643,GSE136831
IPF,Fibroblast,WNT9A,10,0.43397136760863086,0.18340901497971004,GSE136831
IPF,Fibroblast,WNT9B,10,0.0060272941926361,0.00511233985462903,GSE136831
IPF,Fibroblast,XCR1,10,0.0,0.0,GSE136831
IPF,Goblet,ACKR1,8,0.005116562698189188,0.008599767329910137,GSE136831
IPF,Goblet,ACKR2,8,0.07669984747652006,0.06768747007136594,GSE136831
IPF,Goblet,ACKR3,8,0.1669343887215184,0.11300172750671383,GSE136831
IPF,Goblet,ACKR4,8,0.005904129804955188,0.009900566633976237,GSE136831
IPF,Goblet,ACVR1,8,0.47791229172616745,0.34146030511375586,GSE136831
IPF,Goblet,ACVR1B,8,0.19035777209054072,0.187851451651578,GSE136831
IPF,Goblet,ACVR1C,8,0.027201519035521163,0.028322922397457036,GSE136831
IPF,Goblet,ACVRL1,8,0.007976920869519486,0.017392051771839313,GSE136831
IPF,Goblet,ADGRA2,8,0.1961478927151432,0.1274496042654851,GSE136831
IPF,Goblet,ADRA2A,8,0.06893071772722559,0.07040436034330999,GSE136831
IPF,Goblet,ADRB2,8,0.20195773523071386,0.19139873200117946,GSE136831
IPF,Goblet,ANTXR1,8,0.7727650495600495,0.41310868507956244,GSE136831
IPF,Goblet,APCDD1,8,0.041146487804026174,0.05999826892755482,GSE136831
IPF,Goblet,AREG,8,0.6569783218630946,0.3396688912571557,GSE136831
IPF,Goblet,ATP6AP2,8,0.4205921893065676,0.36817390570085906,GSE136831
IPF,Goblet,AVPR1A,8,0.0007069575938556875,0.0016447368421052624,GSE136831
IPF,Goblet,CASP1,8,0.06088824446946922,0.06524448195130146,GSE136831
IPF,Goblet,CAV1,8,0.15246337143335095,0.10084878230403324,GSE136831
IPF,Goblet,CCL2,8,0.9860565532936219,0.17074746719476538,GSE136831
IPF,Goblet,CCR1,8,0.008554965294365387,0.0177641369047619,GSE136831
IPF,Goblet,CCR10,8,0.0032253461657340498,0.0051078869047619,GSE136831
IPF,Goblet,CCR2,8,0.00173022589644185,0.0034563310450038123,GSE136831
IPF,Goblet,CCR3,8,0.006518244650322887,0.008766624690703426,GSE136831
IPF,Goblet,CCR4,8,0.0011707978659633125,0.0016447368421052624,GSE136831
IPF,Goblet,CCR5,8,0.00320184746633465,0.003311403508771925,GSE136831
IPF,Goblet,CD36,8,0.05250712780193291,0.06555879580417623,GSE136831
IPF,Goblet,CD4,8,0.06152330702461301,0.06526745563912136,GSE136831
IPF,Goblet,CD44,8,1.0457828608158433,0.47903260691067495,GSE136831
IPF,Goblet,CD82,8,0.7136815906715116,0.49309463883629867,GSE136831
IPF,Goblet,CD9,8,6.469487603855704,0.8867225095061861,GSE136831
IPF,Goblet,CSF1,8,0.08819159869007702,0.0963045910362701,GSE136831
IPF,Goblet,CSF1R,8,0.0444136813199318,0.05559859150503217,GSE136831
IPF,Goblet,CXCL1,8,6.543654415490717,0.7159491106925405,GSE136831
IPF,Goblet,CXCL12,8,0.0008761158211097626,0.001953125,GSE136831
IPF,Goblet,CXCL2,8,4.228747140116992,0.5945811548411476,GSE136831
IPF,Goblet,CXCR1,8,0.0,0.0,GSE136831
IPF,Goblet,CXCR2,8,0.0009645061728395,0.001953125,GSE136831
IPF,Goblet,CXCR3,8,0.0031824077402794622,0.005409456045003812,GSE136831
IPF,Goblet,CXCR4,8,0.10575071333136521,0.14718673928367815,GSE136831
IPF,Goblet,DPP4,8,0.01375597424453545,0.0209658352286469,GSE136831
IPF,Goblet,EGFR,8,0.83817446489289,0.4592089744836325,GSE136831
IPF,Goblet,ENG,8,0.08244917396092079,0.08667728323036883,GSE136831
IPF,Goblet,EPHA7,8,0.0298557056243623,0.033847147208601935,GSE136831
IPF,Goblet,EPHB2,8,0.21147271003642373,0.17274064557355154,GSE136831
IPF,Goblet,ERBB2,8,0.4646150921112416,0.3768170185100278,GSE136831
IPF,Goblet,ERBB3,8,0.6899455025268669,0.43428355346029823,GSE136831
IPF,Goblet,ERBB4,8,1.7801069992222018,0.6023368410472277,GSE136831
IPF,Goblet,FGF10,8,0.006963844184183512,0.007518796992481199,GSE136831
IPF,Goblet,FGF7,8,0.0036686782850464377,0.006647387955572913,GSE136831
IPF,Goblet,FGFR1,8,0.15990783720080304,0.12593275770056622,GSE136831
IPF,Goblet,FGFR2,8,1.802938646336735,0.6066833343734908,GSE136831
IPF,Goblet,FGFR3,8,0.11751281828399787,0.1109693395239158,GSE136831
IPF,Goblet,FGFR4,8,0.008601124420023,0.010554383581235687,GSE136831
IPF,Goblet,FGFRL1,8,0.08260774932687738,0.08542072638828205,GSE136831
IPF,Goblet,FLT1,8,0.030828793462287375,0.038589272438165775,GSE136831
IPF,Goblet,FZD1,8,0.02029038723146055,0.022964529563569563,GSE136831
IPF,Goblet,FZD10,8,0.003159281513832325,0.007526041666666663,GSE136831
IPF,Goblet,FZD2,8,0.0,0.0,GSE136831
IPF,Goblet,FZD3,8,0.10765532249419983,0.11116099985039411,GSE136831
IPF,Goblet,FZD4,8,0.025265850320221262,0.028425500015614315,GSE136831
IPF,Goblet,FZD5,8,0.022481286121472738,0.0316686200483099,GSE136831
IPF,Goblet,FZD6,8,0.3267299104475901,0.268003920980461,GSE136831
IPF,Goblet,FZD7,8,0.0042318993974151,0.010073497386759576,GSE136831
IPF,Goblet,FZD8,8,0.021721121833207326,0.026516396414219524,GSE136831
IPF,Goblet,FZD9,8,0.0,0.0,GSE136831
IPF,Goblet,GPC1,8,0.19456075036356835,0.18408284194797117,GSE136831
IPF,Goblet,GRIN2B,8,0.03484967136150864,0.03588474329879575,GSE136831
IPF,Goblet,GRM7,8,0.10618144137185016,0.08995636328298726,GSE136831
IPF,Goblet,GSDMD,8,0.2451311794454825,0.27981416098323164,GSE136831
IPF,Goblet,HBEGF,8,0.4491381100119638,0.26743342966565337,GSE136831
IPF,Goblet,IL1A,8,0.001215554822981175,0.00219298245614035,GSE136831
IPF,Goblet,IL1B,8,0.0233689688688275,0.0333980011501447,GSE136831
IPF,Goblet,IL1R1,8,3.193890534588066,0.7127762552142731,GSE136831
IPF,Goblet,IL1R2,8,0.023542786464829477,0.02358131909776281,GSE136831
IPF,Goblet,IL1RAP,8,0.2019976740363014,0.17052499618031766,GSE136831
IPF,Goblet,IL1RN,8,0.11419387562961976,0.0906750423920825,GSE136831
IPF,Goblet,IL6,8,0.22173566747396023,0.10617993305296576,GSE136831
IPF,Goblet,ITGA4,8,0.010312518160132537,0.012756410511963887,GSE136831
IPF,Goblet,ITGA5,8,0.020766883736149273,0.026991977474837663,GSE136831
IPF,Goblet,ITGA9,8,0.23670512043474978,0.16836946527344854,GSE136831
IPF,Goblet,ITGAV,8,0.531872396705057,0.36501758299682285,GSE136831
IPF,Goblet,ITGB1,8,0.8675858369663987,0.47959877993907923,GSE136831
IPF,Goblet,ITGB3,8,0.11575013846080652,0.10405242619676693,GSE136831
IPF,Goblet,ITGB5,8,0.39332400073926493,0.30942445442298316,GSE136831
IPF,Goblet,ITGB6,8,0.6140664258826407,0.35112598423896657,GSE136831
IPF,Goblet,ITGB8,8,2.1289767425383097,0.6423521325091739,GSE136831
IPF,Goblet,KDR,8,0.4513288177142965,0.22686193157372642,GSE136831
IPF,Goblet,KLRG2,8,0.023807470149132436,0.02422796826703555,GSE136831
IPF,Goblet,LDLR,8,5.1615978792324055,0.8775472352303609,GSE136831
IPF,Goblet,LGR5,8,0.00752846973618245,0.014114369051605676,GSE136831
IPF,Goblet,LPP,8,6.346216873376292,0.9395850122289802,GSE136831
IPF,Goblet,LRP1,8,0.0737612857152492,0.07310299957522608,GSE136831
IPF,Goblet,LRP2,8,0.0342386199113824,0.03537220002323395,GSE136831
IPF,Goblet,LRP5,8,0.5482281628134048,0.3682073007064219,GSE136831
IPF,Goblet,LRP6,8,0.2341656601093392,0.18855501088810755,GSE136831
IPF,Goblet,MCAM,8,0.00533958021758665,0.008682983182040463,GSE136831
IPF,Goblet,MUSK,8,0.11222221216284436,0.0892343303417847,GSE136831
IPF,Goblet,NLRP3,8,0.03429915377655194,0.045685823411591,GSE136831
IPF,Goblet,NOTCH1,8,0.08393554232029746,0.08345166972412987,GSE136831
IPF,Goblet,NRP1,8,0.5499027234951425,0.29975346125310554,GSE136831
IPF,Goblet,NRP2,8,1.7881642009143963,0.5961077199523807,GSE136831
IPF,Goblet,PRLR,8,0.014901334028522438,0.01876137561892535,GSE136831
IPF,Goblet,PTK7,8,0.28576652901585775,0.24092058232950042,GSE136831
IPF,Goblet,PTPRK,8,3.126261417271635,0.7830747221788553,GSE136831
IPF,Goblet,PYCARD,8,0.2472262501282067,0.23703094151075088,GSE136831
IPF,Goblet,RECK,8,0.057102045654140114,0.05309321058354765,GSE136831
IPF,Goblet,RET,8,0.0,0.0,GSE136831
IPF,Goblet,ROR1,8,0.1419853292677073,0.09021347775237624,GSE136831
IPF,Goblet,ROR2,8,0.06365469039997072,0.07481359814880742,GSE136831
IPF,Goblet,RYK,8,0.43460058476630914,0.3441989198639775,GSE136831
IPF,Goblet,SDC2,8,0.16611696381706106,0.14913712243269597,GSE136831
IPF,Goblet,SDC4,8,4.844876772936676,0.8590774463018325,GSE136831
IPF,Goblet,SIGIRR,8,0.18204759312256508,0.18227468178853745,GSE136831
IPF,Goblet,SIRPA,8,0.06601226331559387,0.059714864798618726,GSE136831
IPF,Goblet,SMO,8,0.02470143116537835,0.029317574573363397,GSE136831
IPF,Goblet,SPP1,8,0.4889097367065487,0.3688094286342012,GSE136831
IPF,Goblet,TGFB1,8,0.35334131119393525,0.27506225797440537,GSE136831
IPF,Goblet,TGFBR1,8,0.18781296179891424,0.19085391482440123,GSE136831
IPF,Goblet,TGFBR2,8,1.1563685669216337,0.5534332070101584,GSE136831
IPF,Goblet,TGFBR3,8,0.06076736138332738,0.0714635217046246,GSE136831
IPF,Goblet,TMED5,8,0.39069088994782747,0.31476728144969923,GSE136831
IPF,Goblet,TNF,8,0.005520355299250513,0.006239837398373975,GSE136831
IPF,Goblet,TYRO3,8,0.022228231115323325,0.024692998028940313,GSE136831
IPF,Goblet,VANGL2,8,0.05441765407913461,0.06008638840980736,GSE136831
IPF,Goblet,VASN,8,0.0759663826892825,0.07280079333678027,GSE136831
IPF,Goblet,VEGFA,8,0.3283479841937505,0.25575248862212163,GSE136831
IPF,Goblet,WNT1,8,0.0007719265743442375,0.0016666666666666624,GSE136831
IPF,Goblet,WNT10A,8,0.0017046758072853498,0.0036810776942355875,GSE136831
IPF,Goblet,WNT10B,8,0.0013638635089043875,0.0015243902439024376,GSE136831
IPF,Goblet,WNT11,8,0.000646730132450325,0.001953125,GSE136831
IPF,Goblet,WNT16,8,0.013510124966423363,0.020882193719983937,GSE136831
IPF,Goblet,WNT2,8,0.0001059376798292,0.0015243902439024376,GSE136831
IPF,Goblet,WNT2B,8,0.10764158360001126,0.10301087725694881,GSE136831
IPF,Goblet,WNT3,8,0.029888910092482245,0.02801602549088786,GSE136831
IPF,Goblet,WNT3A,8,0.015653467904496485,0.01919815209854419,GSE136831
IPF,Goblet,WNT4,8,0.10301138842522539,0.10099692386558105,GSE136831
IPF,Goblet,WNT5A,8,0.13272294849194693,0.12216743862989336,GSE136831
IPF,Goblet,WNT5B,8,0.6216958181884796,0.36006541813718945,GSE136831
IPF,Goblet,WNT6,8,0.001106719647549625,0.0014880952380952376,GSE136831
IPF,Goblet,WNT7A,8,0.00167026407293015,0.0031547619047619,GSE136831
IPF,Goblet,WNT7B,8,0.47471290573118563,0.35543032123905416,GSE136831
IPF,Goblet,WNT8A,8,0.00199239835742735,0.0034563310450038123,GSE136831
IPF,Goblet,WNT8B,8,0.008274906677398388,0.008573095413552289,GSE136831
IPF,Goblet,WNT9A,8,0.05600348151367375,0.05514569904617572,GSE136831
IPF,Goblet,WNT9B,8,0.0021189309789185875,0.003311403508771925,GSE136831
IPF,Goblet,XCR1,8,0.0,0.0,GSE136831
IPF,Lymphatic,ACKR1,3,0.09881788139019376,0.032299486193109433,GSE136831
IPF,Lymphatic,ACKR2,3,0.7768358220764976,0.30678367572284704,GSE136831
IPF,Lymphatic,ACKR3,3,2.1273483495125,0.3887826249565891,GSE136831
IPF,Lymphatic,ACKR4,3,0.004639898627494767,0.0040160642570281,GSE136831
IPF,Lymphatic,ACVR1,3,0.2800656439149789,0.131144533789259,GSE136831
IPF,Lymphatic,ACVR1B,3,0.33987391597708577,0.1150321908476478,GSE136831
IPF,Lymphatic,ACVR1C,3,0.005845751085809567,0.0080321285140562,GSE136831
IPF,Lymphatic,ACVRL1,3,0.3174291810105223,0.16583228701947475,GSE136831
IPF,Lymphatic,ADGRA2,3,0.1264525999406888,0.056566843872162674,GSE136831
IPF,Lymphatic,ADRA2A,3,0.0,0.0,GSE136831
IPF,Lymphatic,ADRB2,3,0.10339902348744053,0.04434767896419376,GSE136831
IPF,Lymphatic,ANTXR1,3,0.04362511890832516,0.016113233421490833,GSE136831
IPF,Lymphatic,APCDD1,3,0.027311277631088537,0.014141710968040634,GSE136831
IPF,Lymphatic,AREG,3,0.043291856193278,0.050359308631421434,GSE136831
IPF,Lymphatic,ATP6AP2,3,0.6837853637785264,0.3010908378525187,GSE136831
IPF,Lymphatic,AVPR1A,3,0.0,0.0,GSE136831
IPF,Lymphatic,CASP1,3,0.08063438460988737,0.040404634057293436,GSE136831
IPF,Lymphatic,CAV1,3,5.304912455119081,0.6825750897158479,GSE136831
IPF,Lymphatic,CCL2,3,1.5907765759388293,0.17162218719668024,GSE136831
IPF,Lymphatic,CCR1,3,0.0261061709920095,0.0161622098148692,GSE136831
IPF,Lymphatic,CCR10,3,0.016366746045384965,0.006060606060606034,GSE136831
IPF,Lymphatic,CCR2,3,0.0,0.0,GSE136831
IPF,Lymphatic,CCR3,3,0.006549354626595067,0.0040160642570281,GSE136831
IPF,Lymphatic,CCR4,3,0.0,0.0,GSE136831
IPF,Lymphatic,CCR5,3,0.0,0.0,GSE136831
IPF,Lymphatic,CD36,3,6.969881040128115,0.7619533566639062,GSE136831
IPF,Lymphatic,CD4,3,0.017221291267936065,0.0242183812856748,GSE136831
IPF,Lymphatic,CD44,3,0.2767710592439395,0.12299040953169656,GSE136831
IPF,Lymphatic,CD82,3,0.3333713485138036,0.17184391668670243,GSE136831
IPF,Lymphatic,CD9,3,11.825171192643396,0.8156911459585571,GSE136831
IPF,Lymphatic,CSF1,3,0.07430283066775187,0.050555214204935,GSE136831
IPF,Lymphatic,CSF1R,3,0.0264138072938558,0.018157775225068732,GSE136831
IPF,Lymphatic,CXCL1,3,0.06740076427252743,0.0342460752099306,GSE136831
IPF,Lymphatic,CXCL12,3,0.0022048990652330336,0.006060606060606034,GSE136831
IPF,Lymphatic,CXCL2,3,1.1975005574017528,0.25221239726088385,GSE136831
IPF,Lymphatic,CXCR1,3,0.0,0.0,GSE136831
IPF,Lymphatic,CXCR2,3,0.0,0.0,GSE136831
IPF,Lymphatic,CXCR3,3,0.0,0.0,GSE136831
IPF,Lymphatic,CXCR4,3,0.04485157266811266,0.05038335158817083,GSE136831
IPF,Lymphatic,DPP4,3,0.1760289960945437,0.09273546514216506,GSE136831
IPF,Lymphatic,EGFR,3,0.0769980851637794,0.024243314722303833,GSE136831
IPF,Lymphatic,ENG,3,1.3125818871121544,0.38820737495436286,GSE136831
IPF,Lymphatic,EPHA7,3,0.0,0.0,GSE136831
IPF,Lymphatic,EPHB2,3,0.1321180675583481,0.08085913498784493,GSE136831
IPF,Lymphatic,ERBB2,3,0.015246821719303166,0.0201533406352683,GSE136831
IPF,Lymphatic,ERBB3,3,0.029283750820266866,0.0161372763782402,GSE136831
IPF,Lymphatic,ERBB4,3,0.1915888846376502,0.1070241052903409,GSE136831
IPF,Lymphatic,FGF10,3,0.0062653108533979665,0.0040160642570281,GSE136831
IPF,Lymphatic,FGF7,3,0.0043077622073244325,0.010076670317634134,GSE136831
IPF,Lymphatic,FGFR1,3,1.15078847661122,0.379732677940142,GSE136831
IPF,Lymphatic,FGFR2,3,0.0,0.0,GSE136831
IPF,Lymphatic,FGFR3,3,0.014431362736096931,0.0161372763782402,GSE136831
IPF,Lymphatic,FGFR4,3,0.0,0.0,GSE136831
IPF,Lymphatic,FGFRL1,3,0.0028076511864010664,0.0040160642570281,GSE136831
IPF,Lymphatic,FLT1,3,0.07993541498632621,0.052354874041621,GSE136831
IPF,Lymphatic,FZD1,3,0.0036272335597452333,0.0040650406504065,GSE136831
IPF,Lymphatic,FZD10,3,0.08494452309756602,0.058513432888983835,GSE136831
IPF,Lymphatic,FZD2,3,0.0,0.0,GSE136831
IPF,Lymphatic,FZD3,3,0.0022361159560289998,0.0040160642570281,GSE136831
IPF,Lymphatic,FZD4,3,0.20126309152910773,0.11313279726444574,GSE136831
IPF,Lymphatic,FZD5,3,0.0316295598158216,0.016064257028112434,GSE136831
IPF,Lymphatic,FZD6,3,1.0486866630048242,0.3733051941691377,GSE136831
IPF,Lymphatic,FZD7,3,0.0,0.0,GSE136831
IPF,Lymphatic,FZD8,3,0.0144607802043059,0.010125646711012534,GSE136831
IPF,Lymphatic,FZD9,3,0.05169581548423486,0.0201533406352683,GSE136831
IPF,Lymphatic,GPC1,3,0.05844824928445064,0.040355657663915065,GSE136831
IPF,Lymphatic,GRIN2B,3,0.47845905867731936,0.18359647013775718,GSE136831
IPF,Lymphatic,GRM7,3,0.116816973171383,0.05245282682837776,GSE136831
IPF,Lymphatic,GSDMD,3,0.4530772264105365,0.24841806249387796,GSE136831
IPF,Lymphatic,HBEGF,3,0.0559452813372082,0.0382380965102093,GSE136831
IPF,Lymphatic,IL1A,3,0.0005355680660685333,0.0040160642570281,GSE136831
IPF,Lymphatic,IL1B,3,0.06500632887255826,0.022173839482096863,GSE136831
IPF,Lymphatic,IL1R1,3,0.40770534750232684,0.17743880177027394,GSE136831
IPF,Lymphatic,IL1R2,3,0.042035697347149466,0.0161372763782402,GSE136831
IPF,Lymphatic,IL1RAP,3,0.10301077826932288,0.042376156510743605,GSE136831
IPF,Lymphatic,IL1RN,3,0.03302137764300184,0.024267357679053202,GSE136831
IPF,Lymphatic,IL6,3,0.05865690972925439,0.056443957648776875,GSE136831
IPF,Lymphatic,ITGA4,3,0.003573667965477033,0.0080321285140562,GSE136831
IPF,Lymphatic,ITGA5,3,0.7032109934982618,0.2665509042823177,GSE136831
IPF,Lymphatic,ITGA9,3,4.582756820159555,0.6728163207152335,GSE136831
IPF,Lymphatic,ITGAV,3,1.5158889689578972,0.4182396993739926,GSE136831
IPF,Lymphatic,ITGB1,3,1.2343335954247874,0.43987568900880686,GSE136831
IPF,Lymphatic,ITGB3,3,0.05366720876799493,0.0283813747228381,GSE136831
IPF,Lymphatic,ITGB5,3,0.08486057682809407,0.026238880132503365,GSE136831
IPF,Lymphatic,ITGB6,3,0.09088248571340674,0.04033161470716563,GSE136831
IPF,Lymphatic,ITGB8,3,0.08044129265832962,0.044322745527564766,GSE136831
IPF,Lymphatic,KDR,3,0.4614380209063155,0.17408436406379393,GSE136831
IPF,Lymphatic,KLRG2,3,0.022345687939654035,0.018181818181818167,GSE136831
IPF,Lymphatic,LDLR,3,0.529127683028698,0.201584163705821,GSE136831
IPF,Lymphatic,LGR5,3,0.0048473919819289,0.0040160642570281,GSE136831
IPF,Lymphatic,LPP,3,5.598524927868152,0.8039617449843721,GSE136831
IPF,Lymphatic,LRP1,3,0.08063910249425343,0.040404634057293436,GSE136831
IPF,Lymphatic,LRP2,3,0.013257358468118166,0.018108798831690365,GSE136831
IPF,Lymphatic,LRP5,3,1.2819466405429043,0.38759383431731353,GSE136831
IPF,Lymphatic,LRP6,3,0.17322921344721834,0.07061060205344656,GSE136831
IPF,Lymphatic,MCAM,3,0.010119593354260633,0.0040650406504065,GSE136831
IPF,Lymphatic,MUSK,3,0.0153754374311949,0.0040160642570281,GSE136831
IPF,Lymphatic,NLRP3,3,0.0051151705007565,0.0080811049074346,GSE136831
IPF,Lymphatic,NOTCH1,3,0.3802014313093404,0.21801529844433162,GSE136831
IPF,Lymphatic,NRP1,3,0.056764552284137404,0.016113233421490833,GSE136831
IPF,Lymphatic,NRP2,3,2.490845440542414,0.543642418899545,GSE136831
IPF,Lymphatic,PRLR,3,0.017218194060469868,0.012146145557841099,GSE136831
IPF,Lymphatic,PTK7,3,0.1670531852495343,0.10502764940026177,GSE136831
IPF,Lymphatic,PTPRK,3,2.175259563362036,0.5067640851654956,GSE136831
IPF,Lymphatic,PYCARD,3,0.2273648828746632,0.13550343279993585,GSE136831
IPF,Lymphatic,RECK,3,0.951365616769985,0.32732882750514253,GSE136831
IPF,Lymphatic,RET,3,0.04345366066849097,0.018255728011825536,GSE136831
IPF,Lymphatic,ROR1,3,0.14680925143084192,0.0545712784619631,GSE136831
IPF,Lymphatic,ROR2,3,0.09436260340916398,0.06255443058264093,GSE136831
IPF,Lymphatic,RYK,3,0.5454510268456443,0.2158736943338765,GSE136831
IPF,Lymphatic,SDC2,3,0.11643202885562642,0.060484955342434,GSE136831
IPF,Lymphatic,SDC4,3,0.47723604488241533,0.20586915288649052,GSE136831
IPF,Lymphatic,SIGIRR,3,0.5723716285757758,0.25262736088478077,GSE136831
IPF,Lymphatic,SIRPA,3,0.45220947741811707,0.2223002876250011,GSE136831
IPF,Lymphatic,SMO,3,0.0,0.0,GSE136831
IPF,Lymphatic,SPP1,3,0.3463247191481331,0.14971905359798393,GSE136831
IPF,Lymphatic,TGFB1,3,1.0390986721327282,0.3535436646808965,GSE136831
IPF,Lymphatic,TGFBR1,3,0.2711981596026129,0.1411232513201364,GSE136831
IPF,Lymphatic,TGFBR2,3,5.411705442721079,0.7254160767237464,GSE136831
IPF,Lymphatic,TGFBR3,3,1.6184941357018687,0.37793390858333553,GSE136831
IPF,Lymphatic,TMED5,3,0.60969290925457,0.25019278889393487,GSE136831
IPF,Lymphatic,TNF,3,0.0,0.0,GSE136831
IPF,Lymphatic,TYRO3,3,0.0,0.0,GSE136831
IPF,Lymphatic,VANGL2,3,0.006886232388786933,0.0080811049074346,GSE136831
IPF,Lymphatic,VASN,3,0.007215648333913033,0.0080321285140562,GSE136831
IPF,Lymphatic,VEGFA,3,0.06117282226932247,0.0523308310848716,GSE136831
IPF,Lymphatic,WNT1,3,0.0,0.0,GSE136831
IPF,Lymphatic,WNT10A,3,0.006330275810117033,0.006060606060606034,GSE136831
IPF,Lymphatic,WNT10B,3,0.0,0.0,GSE136831
IPF,Lymphatic,WNT11,3,0.0,0.0,GSE136831
IPF,Lymphatic,WNT16,3,0.0110959466506885,0.006060606060606034,GSE136831
IPF,Lymphatic,WNT2,3,0.0163359657243579,0.0121212121212121,GSE136831
IPF,Lymphatic,WNT2B,3,0.407593095774863,0.16346806293911784,GSE136831
IPF,Lymphatic,WNT3,3,0.023540275391724097,0.0161622098148692,GSE136831
IPF,Lymphatic,WNT3A,3,0.013212449797026,0.0080321285140562,GSE136831
IPF,Lymphatic,WNT4,3,0.03578431769686933,0.03025494438953147,GSE136831
IPF,Lymphatic,WNT5A,3,0.11913629516721519,0.05875831485587579,GSE136831
IPF,Lymphatic,WNT5B,3,0.1155679496450611,0.04042956749392243,GSE136831
IPF,Lymphatic,WNT6,3,0.009436027507907367,0.0040650406504065,GSE136831
IPF,Lymphatic,WNT7A,3,0.0,0.0,GSE136831
IPF,Lymphatic,WNT7B,3,0.0,0.0,GSE136831
IPF,Lymphatic,WNT8A,3,0.0,0.0,GSE136831
IPF,Lymphatic,WNT8B,3,0.0,0.0,GSE136831
IPF,Lymphatic,WNT9A,3,0.0171317842787439,0.0121212121212121,GSE136831
IPF,Lymphatic,WNT9B,3,0.09194358728664632,0.0382870729035877,GSE136831
IPF,Lymphatic,XCR1,3,0.0,0.0,GSE136831
IPF,Macrophage,ACKR1,32,0.01219996603918025,0.008332507173801237,GSE136831
IPF,Macrophage,ACKR2,32,0.0035664517695036283,0.0024232618312178813,GSE136831
IPF,Macrophage,ACKR3,32,0.29409360677778573,0.09856769364956493,GSE136831
IPF,Macrophage,ACKR4,32,0.0028502392862919594,0.0017059652931577375,GSE136831
IPF,Macrophage,ACVR1,32,0.2708537238145795,0.15956068379407246,GSE136831
IPF,Macrophage,ACVR1B,32,0.2614465813889379,0.14942011605652125,GSE136831
IPF,Macrophage,ACVR1C,32,0.019866318024610977,0.01481467572564835,GSE136831
IPF,Macrophage,ACVRL1,32,0.10576113371588519,0.07704657393570208,GSE136831
IPF,Macrophage,ADGRA2,32,0.03796146760629546,0.02367472577424676,GSE136831
IPF,Macrophage,ADRA2A,32,0.0006228700719275062,0.0003098711928199406,GSE136831
IPF,Macrophage,ADRB2,32,0.04365474362427198,0.03082185629606262,GSE136831
IPF,Macrophage,ANTXR1,32,0.02129060685026592,0.014778839727906747,GSE136831
IPF,Macrophage,APCDD1,32,0.005075750406619381,0.0028847669582423093,GSE136831
IPF,Macrophage,AREG,32,4.975127517379799,0.49966651858367145,GSE136831
IPF,Macrophage,ATP6AP2,32,1.5097422876298967,0.5582358272721637,GSE136831
IPF,Macrophage,AVPR1A,32,0.001210803756234325,0.0008364835709109968,GSE136831
IPF,Macrophage,CASP1,32,0.2757304520479451,0.1692462842574346,GSE136831
IPF,Macrophage,CAV1,32,0.020468638898204952,0.012312665658811612,GSE136831
IPF,Macrophage,CCL2,32,3.2203670278297074,0.2114954392773937,GSE136831
IPF,Macrophage,CCR1,32,0.6082392045317506,0.2954875094993913,GSE136831
IPF,Macrophage,CCR10,32,0.009524492009646062,0.007840792976453334,GSE136831
IPF,Macrophage,CCR2,32,0.0329867346836218,0.01630836302521422,GSE136831
IPF,Macrophage,CCR3,32,0.04167875470885847,0.024126039037000384,GSE136831
IPF,Macrophage,CCR4,32,0.002123644048770441,0.0009514672195259219,GSE136831
IPF,Macrophage,CCR5,32,0.08303925736893529,0.05675679813988962,GSE136831
IPF,Macrophage,CD36,32,2.3548217378801284,0.40911764766326914,GSE136831
IPF,Macrophage,CD4,32,0.685068389617383,0.3299219484615229,GSE136831
IPF,Macrophage,CD44,32,9.424643167237232,0.912378453127293,GSE136831
IPF,Macrophage,CD82,32,0.41468114505798154,0.2199646883533693,GSE136831
IPF,Macrophage,CD9,32,4.3474003545711986,0.7211236113526979,GSE136831
IPF,Macrophage,CSF1,32,0.1700735473194965,0.09360690044379047,GSE136831
IPF,Macrophage,CSF1R,32,0.7176225356164313,0.32498485636053287,GSE136831
IPF,Macrophage,CXCL1,32,0.23466999322402693,0.08026260272366305,GSE136831
IPF,Macrophage,CXCL12,32,0.0062010217929177654,0.0032648006571261313,GSE136831
IPF,Macrophage,CXCL2,32,4.093401071552823,0.5167231184662576,GSE136831
IPF,Macrophage,CXCR1,32,0.0004854990159708625,0.000437654315008,GSE136831
IPF,Macrophage,CXCR2,32,0.006028547948362758,0.004712777121019803,GSE136831
IPF,Macrophage,CXCR3,32,0.0015690246939933437,0.001118036995032775,GSE136831
IPF,Macrophage,CXCR4,32,2.649459551734035,0.5888054965545234,GSE136831
IPF,Macrophage,DPP4,32,0.04226031121724191,0.027189664255871732,GSE136831
IPF,Macrophage,EGFR,32,0.011537258620854612,0.007379157017233415,GSE136831
IPF,Macrophage,ENG,32,1.021108840671206,0.43269110455045845,GSE136831
IPF,Macrophage,EPHA7,32,0.011975601551814373,0.007813913153177638,GSE136831
IPF,Macrophage,EPHB2,32,0.12220751057509811,0.07145477522549573,GSE136831
IPF,Macrophage,ERBB2,32,0.01822692184357412,0.013285279699844044,GSE136831
IPF,Macrophage,ERBB3,32,0.012000445966714141,0.00814116058685401,GSE136831
IPF,Macrophage,ERBB4,32,0.0918523150301948,0.06022842073485829,GSE136831
IPF,Macrophage,FGF10,32,0.003996378989924666,0.0027703071186473754,GSE136831
IPF,Macrophage,FGF7,32,0.004472962395139397,0.0035696317229025375,GSE136831
IPF,Macrophage,FGFR1,32,0.25678614084050716,0.11534689810205077,GSE136831
IPF,Macrophage,FGFR2,32,0.012765402553847265,0.009440754993602559,GSE136831
IPF,Macrophage,FGFR3,32,0.0012782314139129624,0.0008868557809810407,GSE136831
IPF,Macrophage,FGFR4,32,0.0019522520079433812,0.001473816933747625,GSE136831
IPF,Macrophage,FGFRL1,32,0.02303567189953074,0.017123153642546914,GSE136831
IPF,Macrophage,FLT1,32,0.5860502612780751,0.18593807966015322,GSE136831
IPF,Macrophage,FZD1,32,0.03315643412227443,0.026808846869512383,GSE136831
IPF,Macrophage,FZD10,32,0.00013335831544604063,4.9528910686625006e-05,GSE136831
IPF,Macrophage,FZD2,32,0.010777079959070722,0.006830098120232747,GSE136831
IPF,Macrophage,FZD3,32,0.011951761521990506,0.006941856762042112,GSE136831
IPF,Macrophage,FZD4,32,0.012049138772925856,0.009620422034345003,GSE136831
IPF,Macrophage,FZD5,32,0.03700031602331376,0.027923197067300953,GSE136831
IPF,Macrophage,FZD6,32,0.012089581962142578,0.008162975846980771,GSE136831
IPF,Macrophage,FZD7,32,0.011164009941358247,0.008666932556646675,GSE136831
IPF,Macrophage,FZD8,32,0.001262286271038025,0.0013951468425499876,GSE136831
IPF,Macrophage,FZD9,32,0.0005070626133341031,0.0002348901375567875,GSE136831
IPF,Macrophage,GPC1,32,0.005402670668022512,0.004418721686366094,GSE136831
IPF,Macrophage,GRIN2B,32,0.030483807652163433,0.019812266335407454,GSE136831
IPF,Macrophage,GRM7,32,0.1044333769209088,0.05391028840882393,GSE136831
IPF,Macrophage,GSDMD,32,0.2577334703626642,0.17691952260393504,GSE136831
IPF,Macrophage,HBEGF,32,1.0357389480067596,0.37250594146303445,GSE136831
IPF,Macrophage,IL1A,32,0.0703338077807096,0.029904695253403595,GSE136831
IPF,Macrophage,IL1B,32,1.4044094569748595,0.21320414702676893,GSE136831
IPF,Macrophage,IL1R1,32,0.5425253495727692,0.19956630006231676,GSE136831
IPF,Macrophage,IL1R2,32,0.8264124216456614,0.14876113186880227,GSE136831
IPF,Macrophage,IL1RAP,32,1.071306416839465,0.3513584635272695,GSE136831
IPF,Macrophage,IL1RN,32,1.6383173155759556,0.30181955842927377,GSE136831
IPF,Macrophage,IL6,32,0.1522706872779885,0.048526377542773315,GSE136831
IPF,Macrophage,ITGA4,32,0.09744331435964323,0.060858285522227135,GSE136831
IPF,Macrophage,ITGA5,32,0.37969768252383396,0.20211603374168158,GSE136831
IPF,Macrophage,ITGA9,32,0.08025870801820224,0.045744680810902834,GSE136831
IPF,Macrophage,ITGAV,32,1.342486044610737,0.4483000477987521,GSE136831
IPF,Macrophage,ITGB1,32,0.9904694728004086,0.42262088329799147,GSE136831
IPF,Macrophage,ITGB3,32,0.06705286437296165,0.03952793020434266,GSE136831
IPF,Macrophage,ITGB5,32,0.29862696731014,0.16936568127638454,GSE136831
IPF,Macrophage,ITGB6,32,0.06038994289118073,0.03973101037565831,GSE136831
IPF,Macrophage,ITGB8,32,0.6574615108960385,0.21064331919575063,GSE136831
IPF,Macrophage,KDR,32,0.0021694889615090406,0.0017964443128676876,GSE136831
IPF,Macrophage,KLRG2,32,0.01608153868416303,0.010610558123796746,GSE136831
IPF,Macrophage,LDLR,32,0.4035408665280534,0.17532349120444923,GSE136831
IPF,Macrophage,LGR5,32,0.00960362172913619,0.006157972375640394,GSE136831
IPF,Macrophage,LPP,32,4.319587983990948,0.8041527897772234,GSE136831
IPF,Macrophage,LRP1,32,1.057871873316647,0.45600522780221253,GSE136831
IPF,Macrophage,LRP2,32,0.014198531697348237,0.009329580573435229,GSE136831
IPF,Macrophage,LRP5,32,0.03942641404152522,0.02349101774283605,GSE136831
IPF,Macrophage,LRP6,32,0.03784228906076855,0.02217537675195225,GSE136831
IPF,Macrophage,MCAM,32,0.002422799196745047,0.0013404930773658844,GSE136831
IPF,Macrophage,MUSK,32,0.05373186250031579,0.028423742456666724,GSE136831
IPF,Macrophage,NLRP3,32,2.148382120119475,0.4617513158386897,GSE136831
IPF,Macrophage,NOTCH1,32,0.10639946120129586,0.05944240008710161,GSE136831
IPF,Macrophage,NRP1,32,1.174587886951872,0.38901150823352126,GSE136831
IPF,Macrophage,NRP2,32,0.7492795836748289,0.3066261706540235,GSE136831
IPF,Macrophage,PRLR,32,0.09241758247315361,0.042107515964942284,GSE136831
IPF,Macrophage,PTK7,32,0.028335207683884228,0.018880851793745244,GSE136831
IPF,Macrophage,PTPRK,32,0.04467421010139419,0.029296739110487368,GSE136831
IPF,Macrophage,PYCARD,32,1.428037748272355,0.5133860515696791,GSE136831
IPF,Macrophage,RECK,32,0.16864447323296614,0.09576348556985706,GSE136831
IPF,Macrophage,RET,32,0.0053337714537817875,0.003605415982400325,GSE136831
IPF,Macrophage,ROR1,32,0.03057125975857958,0.021645766018267457,GSE136831
IPF,Macrophage,ROR2,32,0.05994822833240558,0.0378148272549413,GSE136831
IPF,Macrophage,RYK,32,0.2744468202443436,0.15191346389048,GSE136831
IPF,Macrophage,SDC2,32,4.659257493229103,0.6792777616894804,GSE136831
IPF,Macrophage,SDC4,32,1.164006689577412,0.41255295808428516,GSE136831
IPF,Macrophage,SIGIRR,32,0.18639307144099898,0.12602333023457007,GSE136831
IPF,Macrophage,SIRPA,32,1.1735938190519541,0.48829705551523767,GSE136831
IPF,Macrophage,SMO,32,0.007619153714809909,0.005821886177212638,GSE136831
IPF,Macrophage,SPP1,32,18.427440324698875,0.504443530566172,GSE136831
IPF,Macrophage,TGFB1,32,2.217330010807666,0.6089943286612002,GSE136831
IPF,Macrophage,TGFBR1,32,0.4888615833552714,0.24999320875992317,GSE136831
IPF,Macrophage,TGFBR2,32,0.759170044319776,0.34667257708106597,GSE136831
IPF,Macrophage,TGFBR3,32,0.06010410100687652,0.03810087807084237,GSE136831
IPF,Macrophage,TMED5,32,1.122610594388195,0.47133263967662914,GSE136831
IPF,Macrophage,TNF,32,0.08106567857682283,0.03883197965171109,GSE136831
IPF,Macrophage,TYRO3,32,0.0214224477865151,0.013155313692803018,GSE136831
IPF,Macrophage,VANGL2,32,0.002485831444537116,0.001626440842869575,GSE136831
IPF,Macrophage,VASN,32,0.009071553740196234,0.005963645056456988,GSE136831
IPF,Macrophage,VEGFA,32,0.8277249324552096,0.2459059352362857,GSE136831
IPF,Macrophage,WNT1,32,0.00023871144634258438,0.00020421171270818125,GSE136831
IPF,Macrophage,WNT10A,32,0.0007579260377904718,0.0004977614101657312,GSE136831
IPF,Macrophage,WNT10B,32,0.001611299727561178,0.0013173224842141782,GSE136831
IPF,Macrophage,WNT11,32,0.0021856329434200624,0.00181964639995385,GSE136831
IPF,Macrophage,WNT16,32,0.0016175228406117906,0.0012276103702210219,GSE136831
IPF,Macrophage,WNT2,32,0.0027506258199848873,0.0018926145126172064,GSE136831
IPF,Macrophage,WNT2B,32,0.19519989278702274,0.10275326611853468,GSE136831
IPF,Macrophage,WNT3,32,0.012729891101928159,0.009655136182088225,GSE136831
IPF,Macrophage,WNT3A,32,0.005140060425778778,0.003798230762550447,GSE136831
IPF,Macrophage,WNT4,32,0.0045059107848274965,0.003361462682394525,GSE136831
IPF,Macrophage,WNT5A,32,0.01336547357582268,0.0076792237630730845,GSE136831
IPF,Macrophage,WNT5B,32,0.1635845992345259,0.07407545988919491,GSE136831
IPF,Macrophage,WNT6,32,0.0021503631084585375,0.001538450338884075,GSE136831
IPF,Macrophage,WNT7A,32,0.0010256395446819125,0.000741329682991025,GSE136831
IPF,Macrophage,WNT7B,32,0.004713457821312938,0.003173427974136928,GSE136831
IPF,Macrophage,WNT8A,32,0.00250280386852795,0.0019657590031942032,GSE136831
IPF,Macrophage,WNT8B,32,0.007449594705274712,0.004954995443082012,GSE136831
IPF,Macrophage,WNT9A,32,0.0026812952492381156,0.0014571453596074657,GSE136831
IPF,Macrophage,WNT9B,32,0.009059743396370484,0.006000729629205638,GSE136831
IPF,Macrophage,XCR1,32,0.0024896149243674374,0.001600978539700872,GSE136831
IPF,Macrophage_Alveolar,ACKR1,29,0.008604066034072724,0.009130081516342689,GSE136831
IPF,Macrophage_Alveolar,ACKR2,29,0.0034004365237812655,0.0035486132176541516,GSE136831
IPF,Macrophage_Alveolar,ACKR3,29,0.6031300464184405,0.2741622853443972,GSE136831
IPF,Macrophage_Alveolar,ACKR4,29,0.002321431297970993,0.0018911949107477792,GSE136831
IPF,Macrophage_Alveolar,ACVR1,29,0.21708166458177802,0.17574575175927365,GSE136831
IPF,Macrophage_Alveolar,ACVR1B,29,0.2178238020180571,0.17155743404173113,GSE136831
IPF,Macrophage_Alveolar,ACVR1C,29,0.0182042701356233,0.01926978963638895,GSE136831
IPF,Macrophage_Alveolar,ACVRL1,29,0.27406331413962903,0.2302743287390526,GSE136831
IPF,Macrophage_Alveolar,ADGRA2,29,0.03103361354302018,0.024571009990441525,GSE136831
IPF,Macrophage_Alveolar,ADRA2A,29,7.442826876013398e-05,4.834623788265172e-05,GSE136831
IPF,Macrophage_Alveolar,ADRB2,29,0.06887491950248402,0.06540391306812972,GSE136831
IPF,Macrophage_Alveolar,ANTXR1,29,0.01607817990506825,0.013563578586380413,GSE136831
IPF,Macrophage_Alveolar,APCDD1,29,0.0024577345030373067,0.002926465439087538,GSE136831
IPF,Macrophage_Alveolar,AREG,29,0.9331040879408969,0.3222222282418464,GSE136831
IPF,Macrophage_Alveolar,ATP6AP2,29,1.3716544950427543,0.6461936209481866,GSE136831
IPF,Macrophage_Alveolar,AVPR1A,29,0.001763083845180731,0.0016117894580812723,GSE136831
IPF,Macrophage_Alveolar,CASP1,29,0.5721602195531628,0.3955060223329458,GSE136831
IPF,Macrophage_Alveolar,CAV1,29,0.014640266780646408,0.01336359725102298,GSE136831
IPF,Macrophage_Alveolar,CCL2,29,0.18368514501898636,0.07392521528163493,GSE136831
IPF,Macrophage_Alveolar,CCR1,29,0.31001204494688533,0.21853657282483346,GSE136831
IPF,Macrophage_Alveolar,CCR10,29,0.011663258846375521,0.012019582585665049,GSE136831
IPF,Macrophage_Alveolar,CCR2,29,0.005133396774973444,0.0035552347496289,GSE136831
IPF,Macrophage_Alveolar,CCR3,29,0.01259920393004461,0.010981516146622468,GSE136831
IPF,Macrophage_Alveolar,CCR4,29,0.0008579800031623517,0.0006553127825505793,GSE136831
IPF,Macrophage_Alveolar,CCR5,29,0.02077253537566466,0.01556232452830171,GSE136831
IPF,Macrophage_Alveolar,CD36,29,2.2388144905123566,0.4035639424330858,GSE136831
IPF,Macrophage_Alveolar,CD4,29,0.961252106591245,0.5189862555381491,GSE136831
IPF,Macrophage_Alveolar,CD44,29,5.263353793302606,0.903055238928853,GSE136831
IPF,Macrophage_Alveolar,CD82,29,0.42879627479265514,0.2949716639602967,GSE136831
IPF,Macrophage_Alveolar,CD9,29,4.801273209237492,0.8503751778614581,GSE136831
IPF,Macrophage_Alveolar,CSF1,29,0.20938342049146233,0.12829864453568274,GSE136831
IPF,Macrophage_Alveolar,CSF1R,29,0.3624951906329604,0.25725262495560386,GSE136831
IPF,Macrophage_Alveolar,CXCL1,29,0.1071521174016098,0.06435397654675491,GSE136831
IPF,Macrophage_Alveolar,CXCL12,29,0.001055289042719231,0.0012144568059739207,GSE136831
IPF,Macrophage_Alveolar,CXCL2,29,2.481134600384193,0.5016015507245134,GSE136831
IPF,Macrophage_Alveolar,CXCR1,29,0.000496121961851262,0.0005980932610933448,GSE136831
IPF,Macrophage_Alveolar,CXCR2,29,0.016242740093858447,0.015470758705894143,GSE136831
IPF,Macrophage_Alveolar,CXCR3,29,0.0016291206982265516,0.0011619572183435827,GSE136831
IPF,Macrophage_Alveolar,CXCR4,29,1.255570437892654,0.49853034498854504,GSE136831
IPF,Macrophage_Alveolar,DPP4,29,0.0045856574312330865,0.0028577178802085654,GSE136831
IPF,Macrophage_Alveolar,EGFR,29,0.00938649418372615,0.008389450979289196,GSE136831
IPF,Macrophage_Alveolar,ENG,29,0.9230376551689585,0.5045349789235382,GSE136831
IPF,Macrophage_Alveolar,EPHA7,29,0.010248319443764269,0.009018230553309952,GSE136831
IPF,Macrophage_Alveolar,EPHB2,29,0.03435632232859074,0.026626914403942818,GSE136831
IPF,Macrophage_Alveolar,ERBB2,29,0.01616297190355232,0.014196824297891018,GSE136831
IPF,Macrophage_Alveolar,ERBB3,29,0.008451257386325873,0.008604906279336627,GSE136831
IPF,Macrophage_Alveolar,ERBB4,29,0.07261560687160666,0.07015592758768151,GSE136831
IPF,Macrophage_Alveolar,FGF10,29,0.04771009509804278,0.026772294634480692,GSE136831
IPF,Macrophage_Alveolar,FGF7,29,0.007826229225290075,0.00912407092945823,GSE136831
IPF,Macrophage_Alveolar,FGFR1,29,0.20784607911504038,0.1244766373564372,GSE136831
IPF,Macrophage_Alveolar,FGFR2,29,0.014442595788343216,0.013611536886615884,GSE136831
IPF,Macrophage_Alveolar,FGFR3,29,0.0010614377142252104,0.001098937594361369,GSE136831
IPF,Macrophage_Alveolar,FGFR4,29,0.0019307981311417275,0.0015545480834274967,GSE136831
IPF,Macrophage_Alveolar,FGFRL1,29,0.03406745531833309,0.034621996680407975,GSE136831
IPF,Macrophage_Alveolar,FLT1,29,0.2118818169781359,0.11999556314446574,GSE136831
IPF,Macrophage_Alveolar,FZD1,29,0.018753962562566447,0.020175773723575218,GSE136831
IPF,Macrophage_Alveolar,FZD10,29,9.887795758081379e-05,8.319331746382414e-05,GSE136831
IPF,Macrophage_Alveolar,FZD2,29,0.0037095514084431727,0.003824858366281817,GSE136831
IPF,Macrophage_Alveolar,FZD3,29,0.006555834926374366,0.007223388958686917,GSE136831
IPF,Macrophage_Alveolar,FZD4,29,0.018392706913246213,0.01871533139802233,GSE136831
IPF,Macrophage_Alveolar,FZD5,29,0.03686249323773374,0.03319062317779699,GSE136831
IPF,Macrophage_Alveolar,FZD6,29,0.01120060507206351,0.010685501866289322,GSE136831
IPF,Macrophage_Alveolar,FZD7,29,0.013629932700704056,0.012565944349004184,GSE136831
IPF,Macrophage_Alveolar,FZD8,29,0.0034168705628403965,0.003480046315188386,GSE136831
IPF,Macrophage_Alveolar,FZD9,29,0.00011960580566781724,8.602906748548965e-05,GSE136831
IPF,Macrophage_Alveolar,GPC1,29,0.006497832270917555,0.006049940238511889,GSE136831
IPF,Macrophage_Alveolar,GRIN2B,29,0.02355093037650161,0.02249815869489555,GSE136831
IPF,Macrophage_Alveolar,GRM7,29,0.05804081501841017,0.04660367106528749,GSE136831
IPF,Macrophage_Alveolar,GSDMD,29,0.4005511396581045,0.320157433425522,GSE136831
IPF,Macrophage_Alveolar,HBEGF,29,0.9009075998576139,0.4378685860742008,GSE136831
IPF,Macrophage_Alveolar,IL1A,29,0.3995195207696482,0.1867475460994829,GSE136831
IPF,Macrophage_Alveolar,IL1B,29,1.2444812985697078,0.3656397110357054,GSE136831
IPF,Macrophage_Alveolar,IL1R1,29,0.06045694387669331,0.04898506591325852,GSE136831
IPF,Macrophage_Alveolar,IL1R2,29,0.07939199043243984,0.03739576805706173,GSE136831
IPF,Macrophage_Alveolar,IL1RAP,29,1.6800858836735277,0.6168792065708497,GSE136831
IPF,Macrophage_Alveolar,IL1RN,29,0.8185961151647851,0.32834387566462,GSE136831
IPF,Macrophage_Alveolar,IL6,29,0.20852836359633176,0.09972547990479173,GSE136831
IPF,Macrophage_Alveolar,ITGA4,29,0.05890729851209339,0.05249565159218249,GSE136831
IPF,Macrophage_Alveolar,ITGA5,29,0.2485218770536699,0.19723426177767212,GSE136831
IPF,Macrophage_Alveolar,ITGA9,29,0.0377491450901384,0.035348881889628855,GSE136831
IPF,Macrophage_Alveolar,ITGAV,29,0.8650061149018747,0.4366334592082055,GSE136831
IPF,Macrophage_Alveolar,ITGB1,29,0.6787161192953901,0.4323868208898356,GSE136831
IPF,Macrophage_Alveolar,ITGB3,29,0.012052438673142738,0.009628783215667772,GSE136831
IPF,Macrophage_Alveolar,ITGB5,29,0.375084517194577,0.2711478191397999,GSE136831
IPF,Macrophage_Alveolar,ITGB6,29,0.042848247544622846,0.0394975570706471,GSE136831
IPF,Macrophage_Alveolar,ITGB8,29,1.8581871377819876,0.582214414592743,GSE136831
IPF,Macrophage_Alveolar,KDR,29,0.0027694727544200414,0.0028412800657679795,GSE136831
IPF,Macrophage_Alveolar,KLRG2,29,0.015716297576305428,0.014622597045878922,GSE136831
IPF,Macrophage_Alveolar,LDLR,29,0.381162028249017,0.1917256948171747,GSE136831
IPF,Macrophage_Alveolar,LGR5,29,0.005444891408932793,0.004874369764103117,GSE136831
IPF,Macrophage_Alveolar,LPP,29,4.3942616618412655,0.8836382203525897,GSE136831
IPF,Macrophage_Alveolar,LRP1,29,1.3589610460289483,0.6417803944109641,GSE136831
IPF,Macrophage_Alveolar,LRP2,29,0.016570280748358982,0.017334027840637235,GSE136831
IPF,Macrophage_Alveolar,LRP5,29,0.028324184043533564,0.025705448575352247,GSE136831
IPF,Macrophage_Alveolar,LRP6,29,0.020367552063670122,0.018200866426182696,GSE136831
IPF,Macrophage_Alveolar,MCAM,29,0.0010649801956020206,0.0011228537993192207,GSE136831
IPF,Macrophage_Alveolar,MUSK,29,0.03780476936190503,0.02617340894104174,GSE136831
IPF,Macrophage_Alveolar,NLRP3,29,0.37449925282123075,0.16833401770022746,GSE136831
IPF,Macrophage_Alveolar,NOTCH1,29,0.0949358910425811,0.0833124930554393,GSE136831
IPF,Macrophage_Alveolar,NRP1,29,1.759824716195177,0.5970660445917023,GSE136831
IPF,Macrophage_Alveolar,NRP2,29,0.38776230853552673,0.2356172579551878,GSE136831
IPF,Macrophage_Alveolar,PRLR,29,0.013391470009366007,0.01338881147951678,GSE136831
IPF,Macrophage_Alveolar,PTK7,29,0.023018094560952725,0.01958422720624054,GSE136831
IPF,Macrophage_Alveolar,PTPRK,29,0.03123454138642995,0.03214042727987327,GSE136831
IPF,Macrophage_Alveolar,PYCARD,29,2.576681727039665,0.7653132202108861,GSE136831
IPF,Macrophage_Alveolar,RECK,29,0.1860861977762273,0.14373105500592806,GSE136831
IPF,Macrophage_Alveolar,RET,29,0.0011200504854264,0.0009884759961855517,GSE136831
IPF,Macrophage_Alveolar,ROR1,29,0.02366138538780872,0.022030740768552163,GSE136831
IPF,Macrophage_Alveolar,ROR2,29,0.045545737347333415,0.03937303615053954,GSE136831
IPF,Macrophage_Alveolar,RYK,29,0.31490981849997046,0.2408604539618105,GSE136831
IPF,Macrophage_Alveolar,SDC2,29,1.901364501300335,0.5128789146854649,GSE136831
IPF,Macrophage_Alveolar,SDC4,29,0.9692238773684101,0.4239149787792581,GSE136831
IPF,Macrophage_Alveolar,SIGIRR,29,0.13043246646862702,0.1222231424135585,GSE136831
IPF,Macrophage_Alveolar,SIRPA,29,1.0926146815354023,0.5770549614934299,GSE136831
IPF,Macrophage_Alveolar,SMO,29,0.008163893227286913,0.006832999734626621,GSE136831
IPF,Macrophage_Alveolar,SPP1,29,0.8719566554999278,0.30588601305923574,GSE136831
IPF,Macrophage_Alveolar,TGFB1,29,1.4363719348088768,0.6353118085226434,GSE136831
IPF,Macrophage_Alveolar,TGFBR1,29,0.354144687311387,0.24849077689128757,GSE136831
IPF,Macrophage_Alveolar,TGFBR2,29,0.879891694112655,0.4931631324922201,GSE136831
IPF,Macrophage_Alveolar,TGFBR3,29,0.05086383517184401,0.043654558802160626,GSE136831
IPF,Macrophage_Alveolar,TMED5,29,1.6696054810536762,0.6868743350079534,GSE136831
IPF,Macrophage_Alveolar,TNF,29,0.16665706143485257,0.10033409568058065,GSE136831
IPF,Macrophage_Alveolar,TYRO3,29,0.013893271288488104,0.011104300376082914,GSE136831
IPF,Macrophage_Alveolar,VANGL2,29,0.000931779851860793,0.0009497257705454208,GSE136831
IPF,Macrophage_Alveolar,VASN,29,0.006720335976938321,0.00817241197106582,GSE136831
IPF,Macrophage_Alveolar,VEGFA,29,0.09554006774102496,0.06542644914655192,GSE136831
IPF,Macrophage_Alveolar,WNT1,29,3.731421640916897e-05,8.380876965595863e-05,GSE136831
IPF,Macrophage_Alveolar,WNT10A,29,0.00023579989166971725,0.00024656701957531034,GSE136831
IPF,Macrophage_Alveolar,WNT10B,29,0.0005689718390698207,0.0007027023891769965,GSE136831
IPF,Macrophage_Alveolar,WNT11,29,0.0017848075819625862,0.0019616936759966415,GSE136831
IPF,Macrophage_Alveolar,WNT16,29,0.001550998994394993,0.0012389535176987345,GSE136831
IPF,Macrophage_Alveolar,WNT2,29,0.003322732677987438,0.0031995482580708346,GSE136831
IPF,Macrophage_Alveolar,WNT2B,29,0.08284321094032494,0.0680675285118563,GSE136831
IPF,Macrophage_Alveolar,WNT3,29,0.010896269360817865,0.01009547223156321,GSE136831
IPF,Macrophage_Alveolar,WNT3A,29,0.002563361203362093,0.0023470638003230348,GSE136831
IPF,Macrophage_Alveolar,WNT4,29,0.0022692406287915345,0.002013595324222979,GSE136831
IPF,Macrophage_Alveolar,WNT5A,29,0.0170662495108362,0.014616964510567262,GSE136831
IPF,Macrophage_Alveolar,WNT5B,29,0.1461484992608192,0.10900104107192483,GSE136831
IPF,Macrophage_Alveolar,WNT6,29,0.000983180737101369,0.0009403616023295413,GSE136831
IPF,Macrophage_Alveolar,WNT7A,29,0.000900457472371369,0.0014108802618410863,GSE136831
IPF,Macrophage_Alveolar,WNT7B,29,0.0027822240888534895,0.0031814328145827863,GSE136831
IPF,Macrophage_Alveolar,WNT8A,29,0.0011409031976707207,0.001301740257098362,GSE136831
IPF,Macrophage_Alveolar,WNT8B,29,0.003700573955867531,0.0037494444222483654,GSE136831
IPF,Macrophage_Alveolar,WNT9A,29,0.0009444031634655104,0.0012303449665607724,GSE136831
IPF,Macrophage_Alveolar,WNT9B,29,0.007676723545374832,0.007348000452828476,GSE136831
IPF,Macrophage_Alveolar,XCR1,29,0.0006704880696511656,0.0009666092648316035,GSE136831
IPF,Mast,ACKR1,3,0.0,0.0,GSE136831
IPF,Mast,ACKR2,3,0.15451533284763078,0.0218637992831541,GSE136831
IPF,Mast,ACKR3,3,0.0,0.0,GSE136831
IPF,Mast,ACKR4,3,0.0,0.0,GSE136831
IPF,Mast,ACVR1,3,0.24561877313068506,0.0588154975251749,GSE136831
IPF,Mast,ACVR1B,3,0.7992559860100611,0.17077999658644816,GSE136831
IPF,Mast,ACVR1C,3,0.0,0.0,GSE136831
IPF,Mast,ACVRL1,3,0.0,0.0,GSE136831
IPF,Mast,ADGRA2,3,0.007950421173561666,0.005291005291005266,GSE136831
IPF,Mast,ADRA2A,3,0.025048911387292,0.008994708994708967,GSE136831
IPF,Mast,ADRB2,3,0.3459102447027019,0.06982420208226657,GSE136831
IPF,Mast,ANTXR1,3,0.02813366868666407,0.0053763440860215,GSE136831
IPF,Mast,APCDD1,3,0.0,0.0,GSE136831
IPF,Mast,AREG,3,21.174377150993188,0.7918074756784433,GSE136831
IPF,Mast,ATP6AP2,3,0.41714753748684874,0.11505376344086016,GSE136831
IPF,Mast,AVPR1A,3,0.0,0.0,GSE136831
IPF,Mast,CASP1,3,0.0652564530100222,0.03420378904249866,GSE136831
IPF,Mast,CAV1,3,0.0,0.0,GSE136831
IPF,Mast,CCL2,3,0.08890476323197943,0.030585424133811198,GSE136831
IPF,Mast,CCR1,3,0.0,0.0,GSE136831
IPF,Mast,CCR10,3,0.022147410775875367,0.010582010582010568,GSE136831
IPF,Mast,CCR2,3,0.0,0.0,GSE136831
IPF,Mast,CCR3,3,0.0,0.0,GSE136831
IPF,Mast,CCR4,3,0.0,0.0,GSE136831
IPF,Mast,CCR5,3,0.044322704748734565,0.0053763440860215,GSE136831
IPF,Mast,CD36,3,0.11234761868261678,0.026984126984126968,GSE136831
IPF,Mast,CD4,3,0.10294792996073539,0.028827444956477166,GSE136831
IPF,Mast,CD44,3,10.92127881362527,0.7853046594982079,GSE136831
IPF,Mast,CD82,3,1.9760810428421565,0.3285884963304318,GSE136831
IPF,Mast,CD9,3,4.643552163338664,0.5950332821300562,GSE136831
IPF,Mast,CSF1,3,1.9389095022217797,0.2938726745178358,GSE136831
IPF,Mast,CSF1R,3,0.04992673022139934,0.012698412698412667,GSE136831
IPF,Mast,CXCL1,3,0.0370738499995946,0.0161290322580645,GSE136831
IPF,Mast,CXCL12,3,0.0,0.0,GSE136831
IPF,Mast,CXCL2,3,0.5345232494206359,0.061273254821641865,GSE136831
IPF,Mast,CXCR1,3,0.0,0.0,GSE136831
IPF,Mast,CXCR2,3,0.0,0.0,GSE136831
IPF,Mast,CXCR3,3,0.0,0.0,GSE136831
IPF,Mast,CXCR4,3,0.59538981012953,0.10430107526881716,GSE136831
IPF,Mast,DPP4,3,0.049129525402987366,0.016043693463048264,GSE136831
IPF,Mast,EGFR,3,0.0072810727058796,0.0053763440860215,GSE136831
IPF,Mast,ENG,3,0.18006358014491697,0.03597883597883594,GSE136831
IPF,Mast,EPHA7,3,0.0,0.0,GSE136831
IPF,Mast,EPHB2,3,0.035137312417383264,0.010667349377026765,GSE136831
IPF,Mast,ERBB2,3,0.020350020350020332,0.005291005291005266,GSE136831
IPF,Mast,ERBB3,3,0.0,0.0,GSE136831
IPF,Mast,ERBB4,3,0.1345907976433238,0.03614951356886836,GSE136831
IPF,Mast,FGF10,3,0.0,0.0,GSE136831
IPF,Mast,FGF7,3,0.006908691963533133,0.0053763440860215,GSE136831
IPF,Mast,FGFR1,3,0.4135231486313918,0.07458610684417133,GSE136831
IPF,Mast,FGFR2,3,0.027988042635348667,0.0090800477897252,GSE136831
IPF,Mast,FGFR3,3,0.0,0.0,GSE136831
IPF,Mast,FGFR4,3,0.029677113010446333,0.0037037037037037,GSE136831
IPF,Mast,FGFRL1,3,0.004011598333100633,0.0053763440860215,GSE136831
IPF,Mast,FLT1,3,0.0357804850442078,0.0090800477897252,GSE136831
IPF,Mast,FZD1,3,0.0,0.0,GSE136831
IPF,Mast,FZD10,3,0.0,0.0,GSE136831
IPF,Mast,FZD2,3,0.029802350809431832,0.0053763440860215,GSE136831
IPF,Mast,FZD3,3,0.08840020983311814,0.014285714285714268,GSE136831
IPF,Mast,FZD4,3,0.0,0.0,GSE136831
IPF,Mast,FZD5,3,0.021773684325124634,0.005291005291005266,GSE136831
IPF,Mast,FZD6,3,0.0,0.0,GSE136831
IPF,Mast,FZD7,3,0.030797469679891068,0.005291005291005266,GSE136831
IPF,Mast,FZD8,3,0.0,0.0,GSE136831
IPF,Mast,FZD9,3,0.0,0.0,GSE136831
IPF,Mast,GPC1,3,0.0046435861858883,0.0053763440860215,GSE136831
IPF,Mast,GRIN2B,3,0.08802738595336428,0.0164874551971326,GSE136831
IPF,Mast,GRM7,3,0.014988413956012,0.0053763440860215,GSE136831
IPF,Mast,GSDMD,3,0.19643863755037036,0.06647892131763093,GSE136831
IPF,Mast,HBEGF,3,0.0,0.0,GSE136831
IPF,Mast,IL1A,3,0.0,0.0,GSE136831
IPF,Mast,IL1B,3,0.06855427571479754,0.023280423280423266,GSE136831
IPF,Mast,IL1R1,3,0.0513082379271268,0.010752688172043,GSE136831
IPF,Mast,IL1R2,3,0.07119952433125894,0.0111111111111111,GSE136831
IPF,Mast,IL1RAP,3,0.1852653221031236,0.038095238095238064,GSE136831
IPF,Mast,IL1RN,3,0.053372769376618966,0.0148148148148148,GSE136831
IPF,Mast,IL6,3,0.0,0.0,GSE136831
IPF,Mast,ITGA4,3,0.4160434548901814,0.09856630824372757,GSE136831
IPF,Mast,ITGA5,3,0.08719267522078804,0.030244068953746334,GSE136831
IPF,Mast,ITGA9,3,3.0798797605287827,0.4451612903225806,GSE136831
IPF,Mast,ITGAV,3,2.4152791842541896,0.33222392899812253,GSE136831
IPF,Mast,ITGB1,3,0.2802885113569504,0.07238436593275296,GSE136831
IPF,Mast,ITGB3,3,0.04891967771104827,0.010582010582010568,GSE136831
IPF,Mast,ITGB5,3,0.11673961369847785,0.025038402457757264,GSE136831
IPF,Mast,ITGB6,3,0.0,0.0,GSE136831
IPF,Mast,ITGB8,3,0.4346325388122903,0.057211128178870106,GSE136831
IPF,Mast,KDR,3,0.0,0.0,GSE136831
IPF,Mast,KLRG2,3,0.0,0.0,GSE136831
IPF,Mast,LDLR,3,0.48484917239726183,0.07962109575012798,GSE136831
IPF,Mast,LGR5,3,0.0080312770051689,0.005291005291005266,GSE136831
IPF,Mast,LPP,3,1.2625526872963369,0.20640040962621606,GSE136831
IPF,Mast,LRP1,3,0.06041487601077344,0.024953063662741068,GSE136831
IPF,Mast,LRP2,3,0.0,0.0,GSE136831
IPF,Mast,LRP5,3,0.0489801137052377,0.010667349377026765,GSE136831
IPF,Mast,LRP6,3,0.0543912507503024,0.008994708994708967,GSE136831
IPF,Mast,MCAM,3,0.0,0.0,GSE136831
IPF,Mast,MUSK,3,0.0,0.0,GSE136831
IPF,Mast,NLRP3,3,0.28174237877850256,0.061717016555726166,GSE136831
IPF,Mast,NOTCH1,3,0.06959339486908907,0.014285714285714268,GSE136831
IPF,Mast,NRP1,3,0.15309567551536507,0.037037037037037035,GSE136831
IPF,Mast,NRP2,3,0.06760028929797476,0.018074756784434164,GSE136831
IPF,Mast,PRLR,3,0.038678734431809365,0.0053763440860215,GSE136831
IPF,Mast,PTK7,3,0.0,0.0,GSE136831
IPF,Mast,PTPRK,3,0.0627142027801861,0.019747397166751963,GSE136831
IPF,Mast,PYCARD,3,1.033256700299971,0.24060419866871474,GSE136831
IPF,Mast,RECK,3,0.09756466059541015,0.028656767366444767,GSE136831
IPF,Mast,RET,3,0.0210235198278139,0.014371053080730466,GSE136831
IPF,Mast,ROR1,3,0.018201363002513436,0.0161290322580645,GSE136831
IPF,Mast,ROR2,3,0.7782213561675434,0.1571257893838539,GSE136831
IPF,Mast,RYK,3,0.29026103183617796,0.06497695852534556,GSE136831
IPF,Mast,SDC2,3,0.274215083186617,0.055811571940604134,GSE136831
IPF,Mast,SDC4,3,0.12411450390683543,0.032616487455197095,GSE136831
IPF,Mast,SIGIRR,3,0.3336055402811991,0.08789895886670078,GSE136831
IPF,Mast,SIRPA,3,0.20955307144648713,0.061273254821641865,GSE136831
IPF,Mast,SMO,3,0.0,0.0,GSE136831
IPF,Mast,SPP1,3,1.16621250157951,0.06594982078853044,GSE136831
IPF,Mast,TGFB1,3,0.9355761379198303,0.1795869602321215,GSE136831
IPF,Mast,TGFBR1,3,0.21174395551111358,0.05430960914831876,GSE136831
IPF,Mast,TGFBR2,3,0.6890549788182705,0.15067417648062809,GSE136831
IPF,Mast,TGFBR3,3,0.0200579916655033,0.0053763440860215,GSE136831
IPF,Mast,TMED5,3,0.5774359942960928,0.1245775729646697,GSE136831
IPF,Mast,TNF,3,0.06520290913162309,0.010752688172043,GSE136831
IPF,Mast,TYRO3,3,0.0,0.0,GSE136831
IPF,Mast,VANGL2,3,0.0,0.0,GSE136831
IPF,Mast,VASN,3,0.0,0.0,GSE136831
IPF,Mast,VEGFA,3,0.8435701201139244,0.14864311315924214,GSE136831
IPF,Mast,WNT1,3,0.0,0.0,GSE136831
IPF,Mast,WNT10A,3,0.0,0.0,GSE136831
IPF,Mast,WNT10B,3,0.0,0.0,GSE136831
IPF,Mast,WNT11,3,0.0,0.0,GSE136831
IPF,Mast,WNT16,3,0.0,0.0,GSE136831
IPF,Mast,WNT2,3,0.0,0.0,GSE136831
IPF,Mast,WNT2B,3,0.0814608981849154,0.01798941798941797,GSE136831
IPF,Mast,WNT3,3,0.0,0.0,GSE136831
IPF,Mast,WNT3A,3,0.0,0.0,GSE136831
IPF,Mast,WNT4,3,0.022774499619511463,0.010667349377026765,GSE136831
IPF,Mast,WNT5A,3,0.0,0.0,GSE136831
IPF,Mast,WNT5B,3,0.024551459288672098,0.010752688172043,GSE136831
IPF,Mast,WNT6,3,0.0,0.0,GSE136831
IPF,Mast,WNT7A,3,0.0,0.0,GSE136831
IPF,Mast,WNT7B,3,0.0,0.0,GSE136831
IPF,Mast,WNT8A,3,0.0,0.0,GSE136831
IPF,Mast,WNT8B,3,0.0,0.0,GSE136831
IPF,Mast,WNT9A,3,0.0072810727058796,0.0053763440860215,GSE136831
IPF,Mast,WNT9B,3,0.015039810378070733,0.005291005291005266,GSE136831
IPF,Mast,XCR1,3,0.0,0.0,GSE136831
IPF,Mesothelial,ACKR1,1,0.0768403258029814,0.0185185185185185,GSE136831
IPF,Mesothelial,ACKR2,1,0.0,0.0,GSE136831
IPF,Mesothelial,ACKR3,1,0.179963609841721,0.0555555555555555,GSE136831
IPF,Mesothelial,ACKR4,1,0.0,0.0,GSE136831
IPF,Mesothelial,ACVR1,1,0.1813940334703851,0.0925925925925925,GSE136831
IPF,Mesothelial,ACVR1B,1,1.219446242414335,0.3518518518518518,GSE136831
IPF,Mesothelial,ACVR1C,1,0.0,0.0,GSE136831
IPF,Mesothelial,ACVRL1,1,0.0,0.0,GSE136831
IPF,Mesothelial,ADGRA2,1,0.0,0.0,GSE136831
IPF,Mesothelial,ADRA2A,1,0.0,0.0,GSE136831
IPF,Mesothelial,ADRB2,1,0.1226391954868776,0.0185185185185185,GSE136831
IPF,Mesothelial,ANTXR1,1,0.4450926832633256,0.1296296296296296,GSE136831
IPF,Mesothelial,APCDD1,1,0.0201244495963035,0.0185185185185185,GSE136831
IPF,Mesothelial,AREG,1,2.496494931682079,0.3518518518518518,GSE136831
IPF,Mesothelial,ATP6AP2,1,0.2936294681252829,0.1851851851851851,GSE136831
IPF,Mesothelial,AVPR1A,1,0.0,0.0,GSE136831
IPF,Mesothelial,CASP1,1,0.1492634652126134,0.074074074074074,GSE136831
IPF,Mesothelial,CAV1,1,4.519747088805258,0.6481481481481481,GSE136831
IPF,Mesothelial,CCL2,1,19.63622272129824,0.8333333333333334,GSE136831
IPF,Mesothelial,CCR1,1,0.0,0.0,GSE136831
IPF,Mesothelial,CCR10,1,0.0,0.0,GSE136831
IPF,Mesothelial,CCR2,1,0.0,0.0,GSE136831
IPF,Mesothelial,CCR3,1,0.0,0.0,GSE136831
IPF,Mesothelial,CCR4,1,0.0,0.0,GSE136831
IPF,Mesothelial,CCR5,1,0.0,0.0,GSE136831
IPF,Mesothelial,CD36,1,0.1335497897116001,0.074074074074074,GSE136831
IPF,Mesothelial,CD4,1,0.1295907524039084,0.0185185185185185,GSE136831
IPF,Mesothelial,CD44,1,6.4120951167844975,0.6851851851851852,GSE136831
IPF,Mesothelial,CD82,1,0.0302738573132557,0.0185185185185185,GSE136831
IPF,Mesothelial,CD9,1,0.8895765169458703,0.3518518518518518,GSE136831
IPF,Mesothelial,CSF1,1,0.0413256731228433,0.037037037037037,GSE136831
IPF,Mesothelial,CSF1R,1,0.0,0.0,GSE136831
IPF,Mesothelial,CXCL1,1,1.157370930975035,0.1666666666666666,GSE136831
IPF,Mesothelial,CXCL12,1,0.0,0.0,GSE136831
IPF,Mesothelial,CXCL2,1,0.1505630919801041,0.037037037037037,GSE136831
IPF,Mesothelial,CXCR1,1,0.0,0.0,GSE136831
IPF,Mesothelial,CXCR2,1,0.0,0.0,GSE136831
IPF,Mesothelial,CXCR3,1,0.0,0.0,GSE136831
IPF,Mesothelial,CXCR4,1,0.1226391954868776,0.0185185185185185,GSE136831
IPF,Mesothelial,DPP4,1,0.2081453472492512,0.0925925925925925,GSE136831
IPF,Mesothelial,EGFR,1,2.894652700617777,0.6111111111111112,GSE136831
IPF,Mesothelial,ENG,1,0.4408778894843848,0.1296296296296296,GSE136831
IPF,Mesothelial,EPHA7,1,0.0,0.0,GSE136831
IPF,Mesothelial,EPHB2,1,0.3262386484520025,0.1111111111111111,GSE136831
IPF,Mesothelial,ERBB2,1,0.049359747895068,0.037037037037037,GSE136831
IPF,Mesothelial,ERBB3,1,0.0990315517579134,0.037037037037037,GSE136831
IPF,Mesothelial,ERBB4,1,1.1180443304786427,0.2777777777777778,GSE136831
IPF,Mesothelial,FGF10,1,0.0,0.0,GSE136831
IPF,Mesothelial,FGF7,1,0.0,0.0,GSE136831
IPF,Mesothelial,FGFR1,1,2.7735546770455857,0.3888888888888889,GSE136831
IPF,Mesothelial,FGFR2,1,0.1547704295002409,0.074074074074074,GSE136831
IPF,Mesothelial,FGFR3,1,0.0,0.0,GSE136831
IPF,Mesothelial,FGFR4,1,0.0,0.0,GSE136831
IPF,Mesothelial,FGFRL1,1,0.1639374006813858,0.0555555555555555,GSE136831
IPF,Mesothelial,FLT1,1,0.0,0.0,GSE136831
IPF,Mesothelial,FZD1,1,0.2070113462776674,0.0925925925925925,GSE136831
IPF,Mesothelial,FZD10,1,0.0,0.0,GSE136831
IPF,Mesothelial,FZD2,1,0.0,0.0,GSE136831
IPF,Mesothelial,FZD3,1,0.0472551104304645,0.0555555555555555,GSE136831
IPF,Mesothelial,FZD4,1,0.043851145072347,0.037037037037037,GSE136831
IPF,Mesothelial,FZD5,1,0.0750290570781823,0.037037037037037,GSE136831
IPF,Mesothelial,FZD6,1,0.1219625950691451,0.0925925925925925,GSE136831
IPF,Mesothelial,FZD7,1,0.0,0.0,GSE136831
IPF,Mesothelial,FZD8,1,0.0,0.0,GSE136831
IPF,Mesothelial,FZD9,1,0.0,0.0,GSE136831
IPF,Mesothelial,GPC1,1,0.4443713304990344,0.1851851851851851,GSE136831
IPF,Mesothelial,GRIN2B,1,0.0282682315959678,0.0185185185185185,GSE136831
IPF,Mesothelial,GRM7,1,0.045688838904258,0.037037037037037,GSE136831
IPF,Mesothelial,GSDMD,1,0.3103068300541247,0.1296296296296296,GSE136831
IPF,Mesothelial,HBEGF,1,0.0638626343085645,0.037037037037037,GSE136831
IPF,Mesothelial,IL1A,1,0.1226391954868776,0.0185185185185185,GSE136831
IPF,Mesothelial,IL1B,1,0.2241201957374655,0.037037037037037,GSE136831
IPF,Mesothelial,IL1R1,1,12.491262660203072,0.7962962962962963,GSE136831
IPF,Mesothelial,IL1R2,1,0.1226391954868776,0.0185185185185185,GSE136831
IPF,Mesothelial,IL1RAP,1,2.187009741506512,0.4814814814814814,GSE136831
IPF,Mesothelial,IL1RN,1,0.1073134515533821,0.037037037037037,GSE136831
IPF,Mesothelial,IL6,1,1.0823038535263791,0.2222222222222222,GSE136831
IPF,Mesothelial,ITGA4,1,0.0,0.0,GSE136831
IPF,Mesothelial,ITGA5,1,0.5635051786997441,0.1296296296296296,GSE136831
IPF,Mesothelial,ITGA9,1,0.0945529229639366,0.037037037037037,GSE136831
IPF,Mesothelial,ITGAV,1,1.651325558421315,0.3333333333333333,GSE136831
IPF,Mesothelial,ITGB1,1,1.6012469921726409,0.4444444444444444,GSE136831
IPF,Mesothelial,ITGB3,1,0.0,0.0,GSE136831
IPF,Mesothelial,ITGB5,1,0.2586425051223518,0.1481481481481481,GSE136831
IPF,Mesothelial,ITGB6,1,0.2635713056116266,0.1481481481481481,GSE136831
IPF,Mesothelial,ITGB8,1,0.1911240753009241,0.0925925925925925,GSE136831
IPF,Mesothelial,KDR,1,0.221434961291065,0.0555555555555555,GSE136831
IPF,Mesothelial,KLRG2,1,0.0,0.0,GSE136831
IPF,Mesothelial,LDLR,1,1.9319980289702257,0.4629629629629629,GSE136831
IPF,Mesothelial,LGR5,1,0.0,0.0,GSE136831
IPF,Mesothelial,LPP,1,9.696698490482069,0.8703703703703703,GSE136831
IPF,Mesothelial,LRP1,1,0.550438968859049,0.2037037037037037,GSE136831
IPF,Mesothelial,LRP2,1,0.1929767683734716,0.1111111111111111,GSE136831
IPF,Mesothelial,LRP5,1,0.4560525288005058,0.1296296296296296,GSE136831
IPF,Mesothelial,LRP6,1,0.2337648312271135,0.0925925925925925,GSE136831
IPF,Mesothelial,MCAM,1,0.0,0.0,GSE136831
IPF,Mesothelial,MUSK,1,0.0,0.0,GSE136831
IPF,Mesothelial,NLRP3,1,0.0,0.0,GSE136831
IPF,Mesothelial,NOTCH1,1,0.0101710982141585,0.0185185185185185,GSE136831
IPF,Mesothelial,NRP1,1,0.992915505224897,0.2962962962962963,GSE136831
IPF,Mesothelial,NRP2,1,0.6576118242792414,0.2037037037037037,GSE136831
IPF,Mesothelial,PRLR,1,0.0,0.0,GSE136831
IPF,Mesothelial,PTK7,1,0.1924832960642517,0.1111111111111111,GSE136831
IPF,Mesothelial,PTPRK,1,0.6871549971029807,0.1481481481481481,GSE136831
IPF,Mesothelial,PYCARD,1,0.2877102781270808,0.1851851851851851,GSE136831
IPF,Mesothelial,RECK,1,0.3671488245968498,0.1296296296296296,GSE136831
IPF,Mesothelial,RET,1,0.0,0.0,GSE136831
IPF,Mesothelial,ROR1,1,4.984289942876851,0.6111111111111112,GSE136831
IPF,Mesothelial,ROR2,1,4.722316758278176,0.6111111111111112,GSE136831
IPF,Mesothelial,RYK,1,0.3309656901157612,0.2037037037037037,GSE136831
IPF,Mesothelial,SDC2,1,0.161885275030871,0.0925925925925925,GSE136831
IPF,Mesothelial,SDC4,1,4.249014645919466,0.6481481481481481,GSE136831
IPF,Mesothelial,SIGIRR,1,0.2189214796877265,0.0925925925925925,GSE136831
IPF,Mesothelial,SIRPA,1,0.314567274148731,0.1111111111111111,GSE136831
IPF,Mesothelial,SMO,1,0.0,0.0,GSE136831
IPF,Mesothelial,SPP1,1,0.3859982152464732,0.0925925925925925,GSE136831
IPF,Mesothelial,TGFB1,1,0.3821831030950124,0.1481481481481481,GSE136831
IPF,Mesothelial,TGFBR1,1,0.2585597172478077,0.0555555555555555,GSE136831
IPF,Mesothelial,TGFBR2,1,1.257456850443793,0.4444444444444444,GSE136831
IPF,Mesothelial,TGFBR3,1,0.875708543928238,0.2037037037037037,GSE136831
IPF,Mesothelial,TMED5,1,1.1716850385436717,0.3703703703703703,GSE136831
IPF,Mesothelial,TNF,1,0.0101710982141585,0.0185185185185185,GSE136831
IPF,Mesothelial,TYRO3,1,0.0580927436927844,0.0555555555555555,GSE136831
IPF,Mesothelial,VANGL2,1,0.0,0.0,GSE136831
IPF,Mesothelial,VASN,1,0.0442129282635224,0.037037037037037,GSE136831
IPF,Mesothelial,VEGFA,1,0.5574552383811114,0.1481481481481481,GSE136831
IPF,Mesothelial,WNT1,1,0.0,0.0,GSE136831
IPF,Mesothelial,WNT10A,1,0.0,0.0,GSE136831
IPF,Mesothelial,WNT10B,1,0.0,0.0,GSE136831
IPF,Mesothelial,WNT11,1,0.0201244495963035,0.0185185185185185,GSE136831
IPF,Mesothelial,WNT16,1,0.0,0.0,GSE136831
IPF,Mesothelial,WNT2,1,0.0756166538118355,0.0185185185185185,GSE136831
IPF,Mesothelial,WNT2B,1,0.1590780326697332,0.037037037037037,GSE136831
IPF,Mesothelial,WNT3,1,0.0,0.0,GSE136831
IPF,Mesothelial,WNT3A,1,0.0,0.0,GSE136831
IPF,Mesothelial,WNT4,1,0.0,0.0,GSE136831
IPF,Mesothelial,WNT5A,1,0.0,0.0,GSE136831
IPF,Mesothelial,WNT5B,1,0.0836449930703135,0.037037037037037,GSE136831
IPF,Mesothelial,WNT6,1,0.0201244495963035,0.0185185185185185,GSE136831
IPF,Mesothelial,WNT7A,1,0.0,0.0,GSE136831
IPF,Mesothelial,WNT7B,1,0.0,0.0,GSE136831
IPF,Mesothelial,WNT8A,1,0.0,0.0,GSE136831
IPF,Mesothelial,WNT8B,1,0.0,0.0,GSE136831
IPF,Mesothelial,WNT9A,1,0.4257857327032059,0.1481481481481481,GSE136831
IPF,Mesothelial,WNT9B,1,0.0,0.0,GSE136831
IPF,Mesothelial,XCR1,1,0.0,0.0,GSE136831
IPF,Multiplet,ACKR1,20,0.19650703951805376,0.04019989281056108,GSE136831
IPF,Multiplet,ACKR2,20,0.020602243149239897,0.018205188929650708,GSE136831
IPF,Multiplet,ACKR3,20,0.2220276030958277,0.12240876384266024,GSE136831
IPF,Multiplet,ACKR4,20,0.02690588289825857,0.03566256051657522,GSE136831
IPF,Multiplet,ACVR1,20,0.3079889229652181,0.2339047871576328,GSE136831
IPF,Multiplet,ACVR1B,20,0.31152104910172856,0.23250197305167913,GSE136831
IPF,Multiplet,ACVR1C,20,0.025924759400299913,0.022966322643465095,GSE136831
IPF,Multiplet,ACVRL1,20,0.22563766497368984,0.1118912924642814,GSE136831
IPF,Multiplet,ADGRA2,20,0.08904636534212255,0.06411045489321557,GSE136831
IPF,Multiplet,ADRA2A,20,0.01845752123466615,0.021731376455428088,GSE136831
IPF,Multiplet,ADRB2,20,0.10236971766596473,0.08732951464216743,GSE136831
IPF,Multiplet,ANTXR1,20,0.3253592942069735,0.20130513964104363,GSE136831
IPF,Multiplet,APCDD1,20,0.06786244631662294,0.0707671153289475,GSE136831
IPF,Multiplet,AREG,20,3.321576127958072,0.5177067573770622,GSE136831
IPF,Multiplet,ATP6AP2,20,0.912101289317345,0.4889812685443031,GSE136831
IPF,Multiplet,AVPR1A,20,0.025131624128060637,0.01543753022079083,GSE136831
IPF,Multiplet,CASP1,20,0.23979315613605673,0.17090045736324433,GSE136831
IPF,Multiplet,CAV1,20,1.0209682735737506,0.1905053800459715,GSE136831
IPF,Multiplet,CCL2,20,1.7293005309709735,0.2269453333556925,GSE136831
IPF,Multiplet,CCR1,20,0.2167414718844125,0.1614005153431448,GSE136831
IPF,Multiplet,CCR10,20,0.01882652226098979,0.022500617331473835,GSE136831
IPF,Multiplet,CCR2,20,0.013569340814452735,0.010546522152125105,GSE136831
IPF,Multiplet,CCR3,20,0.017518264191650756,0.01829481238048375,GSE136831
IPF,Multiplet,CCR4,20,0.013914155683778809,0.0118467624918304,GSE136831
IPF,Multiplet,CCR5,20,0.04940215199617398,0.03998056157027494,GSE136831
IPF,Multiplet,CD36,20,1.1131210251636472,0.31762980406276864,GSE136831
IPF,Multiplet,CD4,20,0.5422396332140522,0.346987195172764,GSE136831
IPF,Multiplet,CD44,20,4.881486247107419,0.7838859392707036,GSE136831
IPF,Multiplet,CD82,20,0.37001180930013267,0.2764867141446976,GSE136831
IPF,Multiplet,CD9,20,3.454385167830714,0.7327288712423432,GSE136831
IPF,Multiplet,CSF1,20,0.16805327526946007,0.11566533181996035,GSE136831
IPF,Multiplet,CSF1R,20,0.3348124749815441,0.23226742934013878,GSE136831
IPF,Multiplet,CXCL1,20,0.41840191117266273,0.1405081982772996,GSE136831
IPF,Multiplet,CXCL12,20,0.11255591025877147,0.0539902976215174,GSE136831
IPF,Multiplet,CXCL2,20,1.9925275878630988,0.44677643721541715,GSE136831
IPF,Multiplet,CXCR1,20,0.002850988498173705,0.000997202238209425,GSE136831
IPF,Multiplet,CXCR2,20,0.020567021715317803,0.01268794749790939,GSE136831
IPF,Multiplet,CXCR3,20,0.030701915930458144,0.022597959848836016,GSE136831
IPF,Multiplet,CXCR4,20,2.5657777619236617,0.5812463540830132,GSE136831
IPF,Multiplet,DPP4,20,0.06716151578806161,0.04090380144377259,GSE136831
IPF,Multiplet,EGFR,20,0.43192437162099806,0.25004378728760507,GSE136831
IPF,Multiplet,ENG,20,0.884294955153511,0.37467754975340584,GSE136831
IPF,Multiplet,EPHA7,20,0.017634058461334683,0.021024827976143565,GSE136831
IPF,Multiplet,EPHB2,20,0.08879082396879814,0.07697110411556637,GSE136831
IPF,Multiplet,ERBB2,20,0.1549571750093489,0.14106579770186062,GSE136831
IPF,Multiplet,ERBB3,20,0.1500433820652263,0.12956693399757452,GSE136831
IPF,Multiplet,ERBB4,20,0.9375667165831292,0.35281179894536663,GSE136831
IPF,Multiplet,FGF10,20,0.015758814642302624,0.011601364831190215,GSE136831
IPF,Multiplet,FGF7,20,0.050903708702096526,0.03311647155279769,GSE136831
IPF,Multiplet,FGFR1,20,0.36887638861457184,0.1945131848908314,GSE136831
IPF,Multiplet,FGFR2,20,0.3660872997658663,0.17493098316500932,GSE136831
IPF,Multiplet,FGFR3,20,0.027148706566401677,0.028962984661901132,GSE136831
IPF,Multiplet,FGFR4,20,0.008964105492996114,0.007399341094277055,GSE136831
IPF,Multiplet,FGFRL1,20,0.025509339313193075,0.030317628962162863,GSE136831
IPF,Multiplet,FLT1,20,0.5101276609309624,0.18745474275163487,GSE136831
IPF,Multiplet,FZD1,20,0.026469093635701064,0.02925179005500697,GSE136831
IPF,Multiplet,FZD10,20,0.0040455685544508405,0.003941700419206,GSE136831
IPF,Multiplet,FZD2,20,0.00880038432554539,0.00571623757562931,GSE136831
IPF,Multiplet,FZD3,20,0.09342653649396737,0.08954319469731495,GSE136831
IPF,Multiplet,FZD4,20,0.08637626501027482,0.054370471440899404,GSE136831
IPF,Multiplet,FZD5,20,0.031389009802289605,0.03502100306992998,GSE136831
IPF,Multiplet,FZD6,20,0.21126635897891463,0.16573559065612425,GSE136831
IPF,Multiplet,FZD7,20,0.022013858911591182,0.016623203874598126,GSE136831
IPF,Multiplet,FZD8,20,0.00582321877225613,0.00912160926073633,GSE136831
IPF,Multiplet,FZD9,20,0.001853647107319675,0.002236905212671965,GSE136831
IPF,Multiplet,GPC1,20,0.045349785753256065,0.048651066500875625,GSE136831
IPF,Multiplet,GRIN2B,20,0.035928095939588275,0.0373729460741835,GSE136831
IPF,Multiplet,GRM7,20,0.47686794714027664,0.1962346627329073,GSE136831
IPF,Multiplet,GSDMD,20,0.34463546394861827,0.26495261148240395,GSE136831
IPF,Multiplet,HBEGF,20,0.6267676440587305,0.321219168610012,GSE136831
IPF,Multiplet,IL1A,20,0.07361106051695308,0.03887029341012217,GSE136831
IPF,Multiplet,IL1B,20,0.5833455879382103,0.17917945716768618,GSE136831
IPF,Multiplet,IL1R1,20,0.921876038008896,0.3457809737298173,GSE136831
IPF,Multiplet,IL1R2,20,0.5659036068550463,0.1401647351624066,GSE136831
IPF,Multiplet,IL1RAP,20,0.6190579456958204,0.32605624055117727,GSE136831
IPF,Multiplet,IL1RN,20,0.6245046480334753,0.20499548609852894,GSE136831
IPF,Multiplet,IL6,20,0.2407239053544116,0.08091602342255068,GSE136831
IPF,Multiplet,ITGA4,20,0.4239111700448806,0.2250043874059353,GSE136831
IPF,Multiplet,ITGA5,20,0.24385295022313708,0.16450672709863767,GSE136831
IPF,Multiplet,ITGA9,20,0.30525502785815484,0.1746396781897565,GSE136831
IPF,Multiplet,ITGAV,20,1.0486974506008975,0.4894092631215129,GSE136831
IPF,Multiplet,ITGB1,20,1.0324983425553174,0.5082231555242014,GSE136831
IPF,Multiplet,ITGB3,20,0.0405888978796704,0.03922379862762767,GSE136831
IPF,Multiplet,ITGB5,20,0.3709875919940758,0.27199749590070277,GSE136831
IPF,Multiplet,ITGB6,20,0.23017284293724263,0.14574567477182696,GSE136831
IPF,Multiplet,ITGB8,20,0.8348835582871315,0.34891608360481163,GSE136831
IPF,Multiplet,KDR,20,0.11253631693511208,0.07227567207710514,GSE136831
IPF,Multiplet,KLRG2,20,0.01915688506532236,0.02009455889426952,GSE136831
IPF,Multiplet,LDLR,20,1.2816401551502525,0.4270922626675443,GSE136831
IPF,Multiplet,LGR5,20,0.02095818433115093,0.012968072483198558,GSE136831
IPF,Multiplet,LPP,20,4.7025055626503125,0.8474971838543766,GSE136831
IPF,Multiplet,LRP1,20,0.628837296305002,0.37844656678149335,GSE136831
IPF,Multiplet,LRP2,20,0.0765528613227706,0.05404056105918346,GSE136831
IPF,Multiplet,LRP5,20,0.2124174872876722,0.17682089701929798,GSE136831
IPF,Multiplet,LRP6,20,0.0905685663248795,0.09120024547485908,GSE136831
IPF,Multiplet,MCAM,20,0.10407026869349698,0.04977839577024025,GSE136831
IPF,Multiplet,MUSK,20,0.06560759047952447,0.06149672943680575,GSE136831
IPF,Multiplet,NLRP3,20,0.9794246336050545,0.3223138779137716,GSE136831
IPF,Multiplet,NOTCH1,20,0.14594231427760168,0.11646940798218426,GSE136831
IPF,Multiplet,NRP1,20,0.8693044877308292,0.3762716337760163,GSE136831
IPF,Multiplet,NRP2,20,0.5196891153920008,0.3055693704492623,GSE136831
IPF,Multiplet,PRLR,20,0.036993063234410345,0.03474316952352892,GSE136831
IPF,Multiplet,PTK7,20,0.14568139402760408,0.13490325120824903,GSE136831
IPF,Multiplet,PTPRK,20,1.4194707633456016,0.45640532569250514,GSE136831
IPF,Multiplet,PYCARD,20,1.0072570778961396,0.46749172426449076,GSE136831
IPF,Multiplet,RECK,20,0.18915056671390096,0.14846983386535356,GSE136831
IPF,Multiplet,RET,20,0.005200782548946735,0.006671464578297451,GSE136831
IPF,Multiplet,ROR1,20,0.18479332181689037,0.09403984620743044,GSE136831
IPF,Multiplet,ROR2,20,0.13919649308547924,0.10497820140501195,GSE136831
IPF,Multiplet,RYK,20,0.38199040594141553,0.2833120686891816,GSE136831
IPF,Multiplet,SDC2,20,1.8726234492210885,0.4839738274323005,GSE136831
IPF,Multiplet,SDC4,20,1.6016546258701407,0.4898872994059757,GSE136831
IPF,Multiplet,SIGIRR,20,0.30854536809771316,0.24793481737627926,GSE136831
IPF,Multiplet,SIRPA,20,0.5119692723929292,0.3176096949496519,GSE136831
IPF,Multiplet,SMO,20,0.02458728882353125,0.020460089901771235,GSE136831
IPF,Multiplet,SPP1,20,7.187879374633113,0.4316031318633569,GSE136831
IPF,Multiplet,TGFB1,20,2.1024310811418068,0.597158285020114,GSE136831
IPF,Multiplet,TGFBR1,20,0.37096068094238654,0.2413460783224574,GSE136831
IPF,Multiplet,TGFBR2,20,1.4140485008099846,0.5834446153723784,GSE136831
IPF,Multiplet,TGFBR3,20,0.7171208932955325,0.2993768473616168,GSE136831
IPF,Multiplet,TMED5,20,0.8210834737259365,0.4567444440856108,GSE136831
IPF,Multiplet,TNF,20,0.12372722343874695,0.0732914525235162,GSE136831
IPF,Multiplet,TYRO3,20,0.020308318802688435,0.017169481459950044,GSE136831
IPF,Multiplet,VANGL2,20,0.02133075257654809,0.02113717997039986,GSE136831
IPF,Multiplet,VASN,20,0.03786282340249279,0.04076231404736598,GSE136831
IPF,Multiplet,VEGFA,20,0.39741333846857163,0.22402387483953481,GSE136831
IPF,Multiplet,WNT1,20,0.003698224852071005,0.001,GSE136831
IPF,Multiplet,WNT10A,20,0.00501158246137143,0.006719610390418296,GSE136831
IPF,Multiplet,WNT10B,20,0.004578478779971815,0.004745288004487355,GSE136831
IPF,Multiplet,WNT11,20,0.002078907450302355,0.003553759783568075,GSE136831
IPF,Multiplet,WNT16,20,0.01074582725549826,0.012335993358493894,GSE136831
IPF,Multiplet,WNT2,20,0.010383728781136881,0.0083809359212118,GSE136831
IPF,Multiplet,WNT2B,20,0.14482692337154482,0.11974853900505385,GSE136831
IPF,Multiplet,WNT3,20,0.016556026285051158,0.024366852197878545,GSE136831
IPF,Multiplet,WNT3A,20,0.01341503639731768,0.011699844761758955,GSE136831
IPF,Multiplet,WNT4,20,0.018495316003637515,0.026033953389282598,GSE136831
IPF,Multiplet,WNT5A,20,0.03391008421197062,0.035664058182206596,GSE136831
IPF,Multiplet,WNT5B,20,0.3248065963563952,0.22005885877128706,GSE136831
IPF,Multiplet,WNT6,20,0.00436069009876547,0.0024860226857403253,GSE136831
IPF,Multiplet,WNT7A,20,0.00570429222926641,0.00559618976752837,GSE136831
IPF,Multiplet,WNT7B,20,0.06993616540773533,0.07780697517457769,GSE136831
IPF,Multiplet,WNT8A,20,0.00334227480517973,0.00386000054194851,GSE136831
IPF,Multiplet,WNT8B,20,0.005804960950200845,0.006720053101360241,GSE136831
IPF,Multiplet,WNT9A,20,0.06283760753139556,0.06931999871961766,GSE136831
IPF,Multiplet,WNT9B,20,0.01200991475951138,0.0119055264142247,GSE136831
IPF,Multiplet,XCR1,20,0.0038625254744784504,0.00274130724044356,GSE136831
IPF,Myofibroblast,ACKR1,10,0.04975206443492966,0.03217541657911738,GSE136831
IPF,Myofibroblast,ACKR2,10,0.01139078737038533,0.00961689424844714,GSE136831
IPF,Myofibroblast,ACKR3,10,0.11529410243380198,0.0492494298857823,GSE136831
IPF,Myofibroblast,ACKR4,10,0.01543225577600538,0.00584749912296596,GSE136831
IPF,Myofibroblast,ACVR1,10,0.46520411279469975,0.24260039024992083,GSE136831
IPF,Myofibroblast,ACVR1B,10,0.32575120781729316,0.16860677689588202,GSE136831
IPF,Myofibroblast,ACVR1C,10,0.03243716814438226,0.02224087413937467,GSE136831
IPF,Myofibroblast,ACVRL1,10,0.17301525954136324,0.1127774082585028,GSE136831
IPF,Myofibroblast,ADGRA2,10,0.08547737033704286,0.06236328612656439,GSE136831
IPF,Myofibroblast,ADRA2A,10,0.11599516554044229,0.054303999132667036,GSE136831
IPF,Myofibroblast,ADRB2,10,0.00790335230798859,0.00752277129209101,GSE136831
IPF,Myofibroblast,ANTXR1,10,2.5627361964087383,0.6455779773464825,GSE136831
IPF,Myofibroblast,APCDD1,10,0.4469744742333683,0.19398776751204494,GSE136831
IPF,Myofibroblast,AREG,10,0.5052902554109272,0.1391303383847468,GSE136831
IPF,Myofibroblast,ATP6AP2,10,1.068544315536849,0.47092173169870727,GSE136831
IPF,Myofibroblast,AVPR1A,10,0.00015214093484214,0.00023866348448687002,GSE136831
IPF,Myofibroblast,CASP1,10,0.08389834085772913,0.06411046068645278,GSE136831
IPF,Myofibroblast,CAV1,10,2.5014259190751913,0.556576668115401,GSE136831
IPF,Myofibroblast,CCL2,10,8.340447335483791,0.5128790590059026,GSE136831
IPF,Myofibroblast,CCR1,10,0.02456796016327422,0.01926537512679319,GSE136831
IPF,Myofibroblast,CCR10,10,0.047731110872112036,0.03452911191850727,GSE136831
IPF,Myofibroblast,CCR2,10,0.0,0.0,GSE136831
IPF,Myofibroblast,CCR3,10,0.0077759379173595695,0.006597937241352871,GSE136831
IPF,Myofibroblast,CCR4,10,0.00219685693671893,0.0023209223209223,GSE136831
IPF,Myofibroblast,CCR5,10,0.00073749834533466,0.00088418315222438,GSE136831
IPF,Myofibroblast,CD36,10,0.10113843177334239,0.06342913329592323,GSE136831
IPF,Myofibroblast,CD4,10,0.48257713240770894,0.2681865136634211,GSE136831
IPF,Myofibroblast,CD44,10,4.981728296053073,0.732022900197899,GSE136831
IPF,Myofibroblast,CD82,10,0.6759560806685311,0.30175786830756474,GSE136831
IPF,Myofibroblast,CD9,10,1.8642858722784261,0.5084348965512198,GSE136831
IPF,Myofibroblast,CSF1,10,0.2440115843267967,0.14949161613659373,GSE136831
IPF,Myofibroblast,CSF1R,10,0.091287267533267,0.05881970003268525,GSE136831
IPF,Myofibroblast,CXCL1,10,0.2297294825770372,0.06562848434780255,GSE136831
IPF,Myofibroblast,CXCL12,10,1.4165316542712758,0.42215198934625064,GSE136831
IPF,Myofibroblast,CXCL2,10,0.5772796741915146,0.16012422868145093,GSE136831
IPF,Myofibroblast,CXCR1,10,0.0,0.0,GSE136831
IPF,Myofibroblast,CXCR2,10,0.0023006596822963596,0.00280059444443005,GSE136831
IPF,Myofibroblast,CXCR3,10,0.00117788030841025,0.00171350562538247,GSE136831
IPF,Myofibroblast,CXCR4,10,0.13454692448844294,0.07237071815275332,GSE136831
IPF,Myofibroblast,DPP4,10,0.024281432570566967,0.0199855356007426,GSE136831
IPF,Myofibroblast,EGFR,10,1.373864683168136,0.44806349542883606,GSE136831
IPF,Myofibroblast,ENG,10,0.9010349727167993,0.40879143626819603,GSE136831
IPF,Myofibroblast,EPHA7,10,0.01502011309978038,0.01203207100166219,GSE136831
IPF,Myofibroblast,EPHB2,10,0.18222771793525044,0.10960733440078303,GSE136831
IPF,Myofibroblast,ERBB2,10,0.14807225964064707,0.09504582305733353,GSE136831
IPF,Myofibroblast,ERBB3,10,0.02201674234439806,0.012933406904862572,GSE136831
IPF,Myofibroblast,ERBB4,10,0.4156201383909718,0.15235742240936975,GSE136831
IPF,Myofibroblast,FGF10,10,0.15394113381368602,0.06339447641607902,GSE136831
IPF,Myofibroblast,FGF7,10,1.7474791783257992,0.4853627047383588,GSE136831
IPF,Myofibroblast,FGFR1,10,2.1281321972520963,0.5564659144332371,GSE136831
IPF,Myofibroblast,FGFR2,10,0.1770914247980046,0.0951068362970892,GSE136831
IPF,Myofibroblast,FGFR3,10,0.00803078257146202,0.00656511967066666,GSE136831
IPF,Myofibroblast,FGFR4,10,0.19927520168267687,0.09072395128301038,GSE136831
IPF,Myofibroblast,FGFRL1,10,0.03762372330503678,0.028240433441954732,GSE136831
IPF,Myofibroblast,FLT1,10,0.05909642971142761,0.04652167979694209,GSE136831
IPF,Myofibroblast,FZD1,10,0.2967206916092485,0.1707043401408615,GSE136831
IPF,Myofibroblast,FZD10,10,0.014559982223563528,0.008521421842411999,GSE136831
IPF,Myofibroblast,FZD2,10,0.01948285712620473,0.01876061704744238,GSE136831
IPF,Myofibroblast,FZD3,10,0.045620115479125735,0.02744395421261181,GSE136831
IPF,Myofibroblast,FZD4,10,0.07933137963840249,0.049906281276002454,GSE136831
IPF,Myofibroblast,FZD5,10,0.00709076427029387,0.007286640376599379,GSE136831
IPF,Myofibroblast,FZD6,10,0.2868177610411483,0.14507719577070047,GSE136831
IPF,Myofibroblast,FZD7,10,0.22081921278772687,0.12084857084711036,GSE136831
IPF,Myofibroblast,FZD8,10,0.02578353009203488,0.018367890276784142,GSE136831
IPF,Myofibroblast,FZD9,10,0.0010163008290313901,0.00128359832319029,GSE136831
IPF,Myofibroblast,GPC1,10,0.4185991004681343,0.22071889590520763,GSE136831
IPF,Myofibroblast,GRIN2B,10,0.04480652685233148,0.02740667177454778,GSE136831
IPF,Myofibroblast,GRM7,10,0.20103055283837734,0.08991467921078851,GSE136831
IPF,Myofibroblast,GSDMD,10,0.32587104948167533,0.2087137599278678,GSE136831
IPF,Myofibroblast,HBEGF,10,0.1544210974217255,0.09020048743701663,GSE136831
IPF,Myofibroblast,IL1A,10,0.00360532209400926,0.00470197876971993,GSE136831
IPF,Myofibroblast,IL1B,10,0.034999218367652386,0.01851361131109176,GSE136831
IPF,Myofibroblast,IL1R1,10,5.6834743410794175,0.7160968919045402,GSE136831
IPF,Myofibroblast,IL1R2,10,0.05636496167576044,0.04061386550181008,GSE136831
IPF,Myofibroblast,IL1RAP,10,0.4005296284346791,0.1907701658385717,GSE136831
IPF,Myofibroblast,IL1RN,10,0.05415292516583172,0.02731631011192608,GSE136831
IPF,Myofibroblast,IL6,10,0.7326777290082568,0.12870754910587098,GSE136831
IPF,Myofibroblast,ITGA4,10,0.01802391273677342,0.01766119527823819,GSE136831
IPF,Myofibroblast,ITGA5,10,0.4678637513704748,0.21786340476572894,GSE136831
IPF,Myofibroblast,ITGA9,10,0.8881873949374816,0.2774545773473961,GSE136831
IPF,Myofibroblast,ITGAV,10,2.0200068090674503,0.5723165993513242,GSE136831
IPF,Myofibroblast,ITGB1,10,1.8679921301664826,0.586211457586341,GSE136831
IPF,Myofibroblast,ITGB3,10,0.03902087889758222,0.03227281399977794,GSE136831
IPF,Myofibroblast,ITGB5,10,1.2672723651026316,0.46544098299900566,GSE136831
IPF,Myofibroblast,ITGB6,10,0.11943994655604406,0.07387527372705228,GSE136831
IPF,Myofibroblast,ITGB8,10,0.694040243813791,0.2646052951787584,GSE136831
IPF,Myofibroblast,KDR,10,0.020290544359430736,0.012313305643156679,GSE136831
IPF,Myofibroblast,KLRG2,10,0.02769378940797302,0.02081420198520573,GSE136831
IPF,Myofibroblast,LDLR,10,0.6152709880770681,0.26327658051903946,GSE136831
IPF,Myofibroblast,LGR5,10,0.08951693373537285,0.03743252116736151,GSE136831
IPF,Myofibroblast,LPP,10,7.815268756623236,0.8865894038827346,GSE136831
IPF,Myofibroblast,LRP1,10,2.3796867546890046,0.6717284355140839,GSE136831
IPF,Myofibroblast,LRP2,10,0.03751838350726355,0.02240606379069969,GSE136831
IPF,Myofibroblast,LRP5,10,0.19194372549504285,0.11722631196764685,GSE136831
IPF,Myofibroblast,LRP6,10,0.26670521166783834,0.14679525636463628,GSE136831
IPF,Myofibroblast,MCAM,10,0.01048519669808152,0.00686569291263216,GSE136831
IPF,Myofibroblast,MUSK,10,0.6042702628690554,0.21753633648024046,GSE136831
IPF,Myofibroblast,NLRP3,10,0.03904299056607343,0.02881147530121338,GSE136831
IPF,Myofibroblast,NOTCH1,10,0.10233626832182426,0.06837569228493895,GSE136831
IPF,Myofibroblast,NRP1,10,2.1965024651824585,0.6099259134903309,GSE136831
IPF,Myofibroblast,NRP2,10,0.4946969200408165,0.23347978670120054,GSE136831
IPF,Myofibroblast,PRLR,10,0.0476802106095037,0.01933935622193677,GSE136831
IPF,Myofibroblast,PTK7,10,0.7979567469402576,0.35068076291095696,GSE136831
IPF,Myofibroblast,PTPRK,10,1.7538376694708653,0.4986119968915097,GSE136831
IPF,Myofibroblast,PYCARD,10,0.2564822861982291,0.16960217154509896,GSE136831
IPF,Myofibroblast,RECK,10,0.657714595759047,0.30649427024362885,GSE136831
IPF,Myofibroblast,RET,10,0.016789008978883198,0.01301489683416365,GSE136831
IPF,Myofibroblast,ROR1,10,2.392558597143301,0.5777046955539029,GSE136831
IPF,Myofibroblast,ROR2,10,2.695182188673502,0.6157737712634981,GSE136831
IPF,Myofibroblast,RYK,10,0.48611351612069925,0.2476851393271199,GSE136831
IPF,Myofibroblast,SDC2,10,1.313510718908917,0.4390657175072544,GSE136831
IPF,Myofibroblast,SDC4,10,0.5796217622685578,0.23916846544679368,GSE136831
IPF,Myofibroblast,SIGIRR,10,0.16097663368806794,0.10720374697980066,GSE136831
IPF,Myofibroblast,SIRPA,10,0.18615428761644554,0.12137898955074392,GSE136831
IPF,Myofibroblast,SMO,10,0.11722217079014259,0.08104224571899518,GSE136831
IPF,Myofibroblast,SPP1,10,0.3006002474142201,0.16677909072018368,GSE136831
IPF,Myofibroblast,TGFB1,10,0.8179842093859497,0.339665216431828,GSE136831
IPF,Myofibroblast,TGFBR1,10,0.5451458433372112,0.2475898135961972,GSE136831
IPF,Myofibroblast,TGFBR2,10,1.3537490241589776,0.4564714111982159,GSE136831
IPF,Myofibroblast,TGFBR3,10,2.105138489773451,0.5154557286164774,GSE136831
IPF,Myofibroblast,TMED5,10,0.6121011453765071,0.3073935485114089,GSE136831
IPF,Myofibroblast,TNF,10,0.009364154119406309,0.00640593919380127,GSE136831
IPF,Myofibroblast,TYRO3,10,0.16925304223669926,0.10041560062438155,GSE136831
IPF,Myofibroblast,VANGL2,10,0.07485609884878273,0.04376888799128892,GSE136831
IPF,Myofibroblast,VASN,10,0.483531115775904,0.26540056072418255,GSE136831
IPF,Myofibroblast,VEGFA,10,0.44629448164240637,0.21453961613505573,GSE136831
IPF,Myofibroblast,WNT1,10,0.00021687551779029,0.00054054054054054,GSE136831
IPF,Myofibroblast,WNT10A,10,0.00453251024582162,0.0024316563976790003,GSE136831
IPF,Myofibroblast,WNT10B,10,0.01090427608355389,0.00861570793110838,GSE136831
IPF,Myofibroblast,WNT11,10,0.02231410933032873,0.016084276829920828,GSE136831
IPF,Myofibroblast,WNT16,10,0.00610649988284815,0.0046197039351044,GSE136831
IPF,Myofibroblast,WNT2,10,0.4333350080114264,0.20544557857894685,GSE136831
IPF,Myofibroblast,WNT2B,10,0.269912936117347,0.14389012271560903,GSE136831
IPF,Myofibroblast,WNT3,10,0.02490728841521426,0.02248643484103218,GSE136831
IPF,Myofibroblast,WNT3A,10,0.011437930046769702,0.0046907209143513,GSE136831
IPF,Myofibroblast,WNT4,10,0.00916601315030753,0.00544088670433193,GSE136831
IPF,Myofibroblast,WNT5A,10,0.14450721654718093,0.06813817109079028,GSE136831
IPF,Myofibroblast,WNT5B,10,0.17844643528218937,0.10058583777674598,GSE136831
IPF,Myofibroblast,WNT6,10,0.002326948521668,0.00183697844492244,GSE136831
IPF,Myofibroblast,WNT7A,10,0.0017834280680680801,0.00103458185649965,GSE136831
IPF,Myofibroblast,WNT7B,10,0.011379619616746401,0.00716352042855382,GSE136831
IPF,Myofibroblast,WNT8A,10,0.00655560226074101,0.00219387043969381,GSE136831
IPF,Myofibroblast,WNT8B,10,0.01389405698984306,0.01049827650564864,GSE136831
IPF,Myofibroblast,WNT9A,10,0.06642979469478749,0.03827182203073505,GSE136831
IPF,Myofibroblast,WNT9B,10,0.00950580772918317,0.009873342410117409,GSE136831
IPF,Myofibroblast,XCR1,10,9.467921734371e-05,0.00017482517482517,GSE136831
IPF,NK,ACKR1,23,0.02224902939410189,0.005079378445651748,GSE136831
IPF,NK,ACKR2,23,0.004854693939848387,0.0011022438656833609,GSE136831
IPF,NK,ACKR3,23,0.018372774752087012,0.005306069625767265,GSE136831
IPF,NK,ACKR4,23,0.003470585253216396,0.0008355470341527086,GSE136831
IPF,NK,ACVR1,23,0.05079637185426438,0.01267686047721037,GSE136831
IPF,NK,ACVR1B,23,0.07532475847546215,0.017241727966868615,GSE136831
IPF,NK,ACVR1C,23,0.014571809627344801,0.004213943172964217,GSE136831
IPF,NK,ACVRL1,23,0.006368504236281647,0.0019095091076785087,GSE136831
IPF,NK,ADGRA2,23,0.013950543368297574,0.0037244480530658087,GSE136831
IPF,NK,ADRA2A,23,0.0,0.0,GSE136831
IPF,NK,ADRB2,23,0.3823870382912216,0.08424306294295719,GSE136831
IPF,NK,ANTXR1,23,0.02803046473252646,0.006121725007953217,GSE136831
IPF,NK,APCDD1,23,0.00026306171106806086,0.00017117425539198698,GSE136831
IPF,NK,AREG,23,9.605401450629438,0.6030317942608598,GSE136831
IPF,NK,ATP6AP2,23,0.6780230225258819,0.1547874454543061,GSE136831
IPF,NK,AVPR1A,23,0.0009391689031408783,0.00011119759813187827,GSE136831
IPF,NK,CASP1,23,0.29874946381597306,0.07316641442172697,GSE136831
IPF,NK,CAV1,23,0.017027839741222163,0.004229695630132091,GSE136831
IPF,NK,CCL2,23,0.12559512363583727,0.026935907942482126,GSE136831
IPF,NK,CCR1,23,0.01944172661425007,0.005653559171878138,GSE136831
IPF,NK,CCR10,23,0.00661663986745923,0.0019121274585904,GSE136831
IPF,NK,CCR2,23,0.0013958384532703955,0.0005587321760166521,GSE136831
IPF,NK,CCR3,23,0.014309461671875759,0.0030766688486201822,GSE136831
IPF,NK,CCR4,23,0.0012078133445257348,0.00012422360248446956,GSE136831
IPF,NK,CCR5,23,0.0005105155482104827,0.00016162922256343913,GSE136831
IPF,NK,CD36,23,0.10029271729296216,0.02546736868158034,GSE136831
IPF,NK,CD4,23,0.04220089312828511,0.011713781768127662,GSE136831
IPF,NK,CD44,23,2.360080905332679,0.33301687626234405,GSE136831
IPF,NK,CD82,23,0.057329895746743194,0.014181937559795596,GSE136831
IPF,NK,CD9,23,0.24112655461810134,0.05504168003239353,GSE136831
IPF,NK,CSF1,23,0.053163274199082844,0.009216846368551992,GSE136831
IPF,NK,CSF1R,23,0.04000923414190672,0.011351166085696456,GSE136831
IPF,NK,CXCL1,23,0.014175614613841469,0.004382719795349848,GSE136831
IPF,NK,CXCL12,23,0.0015415748955429783,0.0005588833796681044,GSE136831
IPF,NK,CXCL2,23,0.141111377619361,0.03513170012940093,GSE136831
IPF,NK,CXCR1,23,0.05615150096408741,0.014213820472676122,GSE136831
IPF,NK,CXCR2,23,0.2983447529331797,0.06762080173324289,GSE136831
IPF,NK,CXCR3,23,0.021001201012579566,0.006234868494106426,GSE136831
IPF,NK,CXCR4,23,6.381500483161562,0.6158708342924776,GSE136831
IPF,NK,DPP4,23,0.002356484478140052,0.0009966503391741956,GSE136831
IPF,NK,EGFR,23,0.009249642999676334,0.0025407663336229087,GSE136831
IPF,NK,ENG,23,0.1390490913427684,0.03468221593224372,GSE136831
IPF,NK,EPHA7,23,0.02387854532896438,0.005536387121480974,GSE136831
IPF,NK,EPHB2,23,0.021786452776245347,0.005792552967201661,GSE136831
IPF,NK,ERBB2,23,0.12150720821496937,0.030513723797838316,GSE136831
IPF,NK,ERBB3,23,0.027036693471180994,0.005890515171853122,GSE136831
IPF,NK,ERBB4,23,0.1606062993480546,0.041442327719725336,GSE136831
IPF,NK,FGF10,23,0.002919371075674609,0.0006157424828105174,GSE136831
IPF,NK,FGF7,23,0.015532366434810051,0.0044871309649641,GSE136831
IPF,NK,FGFR1,23,0.336835804349408,0.0668315841037996,GSE136831
IPF,NK,FGFR2,23,0.030482017317207184,0.007698196601947626,GSE136831
IPF,NK,FGFR3,23,0.00033170521357669134,0.00012422360248446956,GSE136831
IPF,NK,FGFR4,23,0.0011963897761795783,0.0003941332913846435,GSE136831
IPF,NK,FGFRL1,23,0.02127288620331856,0.003444385615409239,GSE136831
IPF,NK,FLT1,23,0.05909317295525637,0.011942988146004795,GSE136831
IPF,NK,FZD1,23,0.004932750872774826,0.0006846788694730043,GSE136831
IPF,NK,FZD10,23,0.0,0.0,GSE136831
IPF,NK,FZD2,23,0.003696049390645787,0.0010477445260053913,GSE136831
IPF,NK,FZD3,23,0.043108359702300626,0.010104877772039169,GSE136831
IPF,NK,FZD4,23,0.01588324139942799,0.0038569405697533262,GSE136831
IPF,NK,FZD5,23,0.002571726869455265,0.0008131658261466349,GSE136831
IPF,NK,FZD6,23,0.027302014651079568,0.006946112362790209,GSE136831
IPF,NK,FZD7,23,0.0008881452152952781,0.0002651113467656391,GSE136831
IPF,NK,FZD8,23,0.002033959019617913,0.0005218053914368653,GSE136831
IPF,NK,FZD9,23,0.0,0.0,GSE136831
IPF,NK,GPC1,23,0.0030923570486604698,0.001450928886696239,GSE136831
IPF,NK,GRIN2B,23,0.04384475663477534,0.012298691779009085,GSE136831
IPF,NK,GRM7,23,0.05700170772782263,0.014874511738894517,GSE136831
IPF,NK,GSDMD,23,0.4451131404608577,0.10312995296401327,GSE136831
IPF,NK,HBEGF,23,0.05621015383195924,0.016567219333192263,GSE136831
IPF,NK,IL1A,23,0.00724467725520156,0.0021987418866846174,GSE136831
IPF,NK,IL1B,23,0.039240731217973564,0.010027702429861948,GSE136831
IPF,NK,IL1R1,23,0.04255061389077102,0.010345580763664748,GSE136831
IPF,NK,IL1R2,23,0.029163014419515902,0.0072239747387197,GSE136831
IPF,NK,IL1RAP,23,0.14569954213996492,0.03474983719661951,GSE136831
IPF,NK,IL1RN,23,0.05912572775252983,0.013776746679097748,GSE136831
IPF,NK,IL6,23,0.0061131035737814945,0.0023078749055624958,GSE136831
IPF,NK,ITGA4,23,1.7717102200786636,0.3120527029489667,GSE136831
IPF,NK,ITGA5,23,0.13091759367319833,0.03400176152500574,GSE136831
IPF,NK,ITGA9,23,0.048332719144087856,0.012304327134145377,GSE136831
IPF,NK,ITGAV,23,0.40901362953760634,0.08227112761540145,GSE136831
IPF,NK,ITGB1,23,1.022577524860547,0.19596813008334013,GSE136831
IPF,NK,ITGB3,23,0.0040164016247789475,0.0015120063019748871,GSE136831
IPF,NK,ITGB5,23,0.051611153192864315,0.013092477414413379,GSE136831
IPF,NK,ITGB6,23,0.03706488603569805,0.009653768090413658,GSE136831
IPF,NK,ITGB8,23,0.02479778380482973,0.007708060470304614,GSE136831
IPF,NK,KDR,23,0.003901467882488743,0.0010694031866054522,GSE136831
IPF,NK,KLRG2,23,0.020882844433203304,0.005669386903724809,GSE136831
IPF,NK,LDLR,23,0.8127869212802258,0.13461528720257512,GSE136831
IPF,NK,LGR5,23,0.0029723210211405476,0.0007490788458235608,GSE136831
IPF,NK,LPP,23,4.7762279042733455,0.5760450963513929,GSE136831
IPF,NK,LRP1,23,0.04263099421507175,0.012131994194942078,GSE136831
IPF,NK,LRP2,23,0.011947013208421661,0.0037104565009919866,GSE136831
IPF,NK,LRP5,23,0.04023759920912761,0.009422372507965687,GSE136831
IPF,NK,LRP6,23,0.04364596225541719,0.010883248740890675,GSE136831
IPF,NK,MCAM,23,0.007200431964430031,0.0012512720539300216,GSE136831
IPF,NK,MUSK,23,0.012222142809284657,0.0031402246512961867,GSE136831
IPF,NK,NLRP3,23,0.11561695633504795,0.02843742017772889,GSE136831
IPF,NK,NOTCH1,23,0.25147109218357105,0.059706565118323375,GSE136831
IPF,NK,NRP1,23,0.06067389058014698,0.01565011935487768,GSE136831
IPF,NK,NRP2,23,0.02177941637392091,0.007329552660966548,GSE136831
IPF,NK,PRLR,23,0.010348869046041891,0.003383505893053213,GSE136831
IPF,NK,PTK7,23,0.04926514373504072,0.012043006860121313,GSE136831
IPF,NK,PTPRK,23,0.057080071847357125,0.015386866226931774,GSE136831
IPF,NK,PYCARD,23,0.4979654378397576,0.12290131804731623,GSE136831
IPF,NK,RECK,23,0.1838413087487305,0.03844464351891902,GSE136831
IPF,NK,RET,23,0.007147529537683127,0.0013613248765679043,GSE136831
IPF,NK,ROR1,23,0.02806754687594753,0.008101832730748808,GSE136831
IPF,NK,ROR2,23,0.10480255081276572,0.02501490897654626,GSE136831
IPF,NK,RYK,23,0.4982492432457269,0.10579890804987126,GSE136831
IPF,NK,SDC2,23,0.13228190137973897,0.02887395617844034,GSE136831
IPF,NK,SDC4,23,0.07880870434805046,0.020470941679470094,GSE136831
IPF,NK,SIGIRR,23,0.7552247533654226,0.16650035007457464,GSE136831
IPF,NK,SIRPA,23,0.050854428020075386,0.013885176004424822,GSE136831
IPF,NK,SMO,23,0.008480040855395143,0.002528967631454487,GSE136831
IPF,NK,SPP1,23,0.5437961580955557,0.09793591946157355,GSE136831
IPF,NK,TGFB1,23,7.3516656050900115,0.5819619018170175,GSE136831
IPF,NK,TGFBR1,23,0.8490125690499003,0.15939570172177395,GSE136831
IPF,NK,TGFBR2,23,2.4848124233655073,0.3724186522958147,GSE136831
IPF,NK,TGFBR3,23,3.4860602732129453,0.4264427377005489,GSE136831
IPF,NK,TMED5,23,0.796093752955661,0.17267021091930856,GSE136831
IPF,NK,TNF,23,0.5285207920268423,0.08180216731169644,GSE136831
IPF,NK,TYRO3,23,0.00789985926204008,0.0022469472062486783,GSE136831
IPF,NK,VANGL2,23,0.004054681989227013,0.0006731381739700869,GSE136831
IPF,NK,VASN,23,0.01031131672269714,0.0029865855676197476,GSE136831
IPF,NK,VEGFA,23,0.042361928589353566,0.011941076569282782,GSE136831
IPF,NK,WNT1,23,0.004092886933451452,0.0009305269225190131,GSE136831
IPF,NK,WNT10A,23,0.007074817384705856,0.0016290569637814128,GSE136831
IPF,NK,WNT10B,23,0.004418880056108579,0.001081006612160678,GSE136831
IPF,NK,WNT11,23,0.006123277574774127,0.001485904273031387,GSE136831
IPF,NK,WNT16,23,0.0017543976012446088,0.00038890069065416956,GSE136831
IPF,NK,WNT2,23,0.004338548638730635,0.0009383049609266086,GSE136831
IPF,NK,WNT2B,23,0.019981232121315792,0.005392837999988035,GSE136831
IPF,NK,WNT3,23,0.022973051420649725,0.0064218093593033,GSE136831
IPF,NK,WNT3A,23,0.011438835485214838,0.0025577426047837,GSE136831
IPF,NK,WNT4,23,0.0031481944932869395,0.0009702771778109739,GSE136831
IPF,NK,WNT5A,23,0.0012901714224965609,0.00029377203290246524,GSE136831
IPF,NK,WNT5B,23,0.12467890695700301,0.02985407900443006,GSE136831
IPF,NK,WNT6,23,0.0037286771270059606,0.0012734198084902433,GSE136831
IPF,NK,WNT7A,23,0.0006986255241437957,0.00029377203290246524,GSE136831
IPF,NK,WNT7B,23,0.0007237812067314522,0.00017117425539198698,GSE136831
IPF,NK,WNT8A,23,0.005566216117645686,0.0011252411135519173,GSE136831
IPF,NK,WNT8B,23,0.0023713425478522347,0.0009086020114532783,GSE136831
IPF,NK,WNT9A,23,0.0,0.0,GSE136831
IPF,NK,WNT9B,23,0.013804134349505486,0.003999122216850687,GSE136831
IPF,NK,XCR1,23,0.0,0.0,GSE136831
IPF,Pericyte,ACKR1,3,0.06751135469041526,0.019577487502015736,GSE136831
IPF,Pericyte,ACKR2,3,0.0,0.0,GSE136831
IPF,Pericyte,ACKR3,3,0.037255351329330964,0.014836316723109132,GSE136831
IPF,Pericyte,ACKR4,3,0.0047185146493365,0.0020964360587001998,GSE136831
IPF,Pericyte,ACVR1,3,0.26945185290043394,0.11777132720528943,GSE136831
IPF,Pericyte,ACVR1B,3,0.3970340441689231,0.14868569585550714,GSE136831
IPF,Pericyte,ACVR1C,3,0.021589485629940095,0.015223351072407633,GSE136831
IPF,Pericyte,ACVRL1,3,0.25561058325708985,0.12264150943396224,GSE136831
IPF,Pericyte,ADGRA2,3,0.22008521759774316,0.09188840509595224,GSE136831
IPF,Pericyte,ADRA2A,3,0.1785853421928867,0.06821480406386064,GSE136831
IPF,Pericyte,ADRB2,3,0.007529077296519133,0.004273504273504266,GSE136831
IPF,Pericyte,ANTXR1,3,0.9396720451839164,0.2998387356877923,GSE136831
IPF,Pericyte,APCDD1,3,0.16037415950295086,0.0436542493146266,GSE136831
IPF,Pericyte,AREG,3,0.2051925856614982,0.057877761651346504,GSE136831
IPF,Pericyte,ATP6AP2,3,1.3236463803968215,0.43578455087889045,GSE136831
IPF,Pericyte,AVPR1A,3,0.5863546787601593,0.16044186421544906,GSE136831
IPF,Pericyte,CASP1,3,0.0615145306662185,0.030914368650217666,GSE136831
IPF,Pericyte,CAV1,3,5.586755886478706,0.7340912756007096,GSE136831
IPF,Pericyte,CCL2,3,1.7206523638301086,0.17860022577003706,GSE136831
IPF,Pericyte,CCR1,3,0.0273742232735408,0.0093210772456055,GSE136831
IPF,Pericyte,CCR10,3,0.24190162674946614,0.10928882438316397,GSE136831
IPF,Pericyte,CCR2,3,0.0,0.0,GSE136831
IPF,Pericyte,CCR3,3,0.013776609521290367,0.004273504273504266,GSE136831
IPF,Pericyte,CCR4,3,0.0,0.0,GSE136831
IPF,Pericyte,CCR5,3,0.0,0.0,GSE136831
IPF,Pericyte,CD36,3,1.2643723605942452,0.2349943557490727,GSE136831
IPF,Pericyte,CD4,3,0.8035547160519861,0.3071278825995807,GSE136831
IPF,Pericyte,CD44,3,2.7717301609350975,0.5155942589904855,GSE136831
IPF,Pericyte,CD82,3,0.15764696836216743,0.06897274633123686,GSE136831
IPF,Pericyte,CD9,3,1.1231193504889463,0.30427350427350425,GSE136831
IPF,Pericyte,CSF1,3,0.28652713963143567,0.1053378487340751,GSE136831
IPF,Pericyte,CSF1R,3,0.3469033451631864,0.10043541364296081,GSE136831
IPF,Pericyte,CXCL1,3,0.03170008919253127,0.015223351072407633,GSE136831
IPF,Pericyte,CXCL12,3,0.2479576040343575,0.07202064183196254,GSE136831
IPF,Pericyte,CXCL2,3,0.3120534501284849,0.07930978874375097,GSE136831
IPF,Pericyte,CXCR1,3,0.0,0.0,GSE136831
IPF,Pericyte,CXCR2,3,0.0,0.0,GSE136831
IPF,Pericyte,CXCR3,3,0.0,0.0,GSE136831
IPF,Pericyte,CXCR4,3,0.1750886712407255,0.0688276084502499,GSE136831
IPF,Pericyte,DPP4,3,0.004127790583763334,0.004660538622802733,GSE136831
IPF,Pericyte,EGFR,3,1.3599589910927314,0.3745847443960651,GSE136831
IPF,Pericyte,ENG,3,0.6108126822014424,0.22860828898564742,GSE136831
IPF,Pericyte,EPHA7,3,0.0130698406876657,0.0068376068376067994,GSE136831
IPF,Pericyte,EPHB2,3,0.027945766060721838,0.015691017577809965,GSE136831
IPF,Pericyte,ERBB2,3,0.07128870316228593,0.03378487340751487,GSE136831
IPF,Pericyte,ERBB3,3,0.0025795800443687666,0.0025641025641025333,GSE136831
IPF,Pericyte,ERBB4,3,0.1424063508931944,0.05242702789872597,GSE136831
IPF,Pericyte,FGF10,3,0.12814585342784823,0.035574907273020435,GSE136831
IPF,Pericyte,FGF7,3,0.1687794722572096,0.0458313175294307,GSE136831
IPF,Pericyte,FGFR1,3,0.7480350626460152,0.2096758587324625,GSE136831
IPF,Pericyte,FGFR2,3,0.019331863357830967,0.0110304789550072,GSE136831
IPF,Pericyte,FGFR3,3,0.0,0.0,GSE136831
IPF,Pericyte,FGFR4,3,0.047796963302759336,0.029511369134010604,GSE136831
IPF,Pericyte,FGFRL1,3,0.055851817669034,0.028043863892920434,GSE136831
IPF,Pericyte,FLT1,3,0.2049997037104702,0.054765360425737736,GSE136831
IPF,Pericyte,FZD1,3,0.14421300198357387,0.0678922754394452,GSE136831
IPF,Pericyte,FZD10,3,0.030600781722755297,0.0093210772456055,GSE136831
IPF,Pericyte,FZD2,3,0.0031767191746810003,0.004660538622802733,GSE136831
IPF,Pericyte,FZD3,3,0.074455987405708,0.0377519754878245,GSE136831
IPF,Pericyte,FZD4,3,0.10930956351363164,0.05258829221093367,GSE136831
IPF,Pericyte,FZD5,3,0.01674419473525157,0.013675213675213634,GSE136831
IPF,Pericyte,FZD6,3,0.05205134174093933,0.0181744879858087,GSE136831
IPF,Pericyte,FZD7,3,0.051080703217185434,0.018803418803418768,GSE136831
IPF,Pericyte,FZD8,3,0.012311789002856835,0.006369940332204466,GSE136831
IPF,Pericyte,FZD9,3,0.0,0.0,GSE136831
IPF,Pericyte,GPC1,3,0.1291186268022921,0.07511691662635053,GSE136831
IPF,Pericyte,GRIN2B,3,0.051576837606284065,0.02517335913562323,GSE136831
IPF,Pericyte,GRM7,3,0.0723670405317797,0.03184970166102236,GSE136831
IPF,Pericyte,GSDMD,3,0.48358156947536574,0.21925495887760035,GSE136831
IPF,Pericyte,HBEGF,3,0.09132515907300003,0.026721496532817232,GSE136831
IPF,Pericyte,IL1A,3,0.0,0.0,GSE136831
IPF,Pericyte,IL1B,3,0.022064874250398936,0.011111111111111066,GSE136831
IPF,Pericyte,IL1R1,3,0.9635777726033693,0.2822931785195936,GSE136831
IPF,Pericyte,IL1R2,3,0.0077486410821141,0.004660538622802733,GSE136831
IPF,Pericyte,IL1RAP,3,0.13800594032574998,0.05515239477503623,GSE136831
IPF,Pericyte,IL1RN,3,0.0591943794328147,0.013594581519109765,GSE136831
IPF,Pericyte,IL6,3,1.4357153958658238,0.16563457506853732,GSE136831
IPF,Pericyte,ITGA4,3,0.22236395871507456,0.09048540557974516,GSE136831
IPF,Pericyte,ITGA5,3,0.0742681853126336,0.04334784712143197,GSE136831
IPF,Pericyte,ITGA9,3,0.2030576938294291,0.0750362844702467,GSE136831
IPF,Pericyte,ITGAV,3,0.5967388726839785,0.21562651185292692,GSE136831
IPF,Pericyte,ITGB1,3,1.8959891518169696,0.4902435091114336,GSE136831
IPF,Pericyte,ITGB3,3,0.0087792355520585,0.007224641186905301,GSE136831
IPF,Pericyte,ITGB5,3,0.8439291415457794,0.2530720851475568,GSE136831
IPF,Pericyte,ITGB6,3,0.06664830442574794,0.028817932591517433,GSE136831
IPF,Pericyte,ITGB8,3,0.05152533048811833,0.014062248024512133,GSE136831
IPF,Pericyte,KDR,3,0.0025334478451759334,0.0025641025641025333,GSE136831
IPF,Pericyte,KLRG2,3,0.037668230643082834,0.011498145460409566,GSE136831
IPF,Pericyte,LDLR,3,0.19839634655135904,0.099435574907273,GSE136831
IPF,Pericyte,LGR5,3,0.009520599721617633,0.0020964360587001998,GSE136831
IPF,Pericyte,LPP,3,15.527765308048366,0.9664408966295759,GSE136831
IPF,Pericyte,LRP1,3,0.5075404137612046,0.19791969037252055,GSE136831
IPF,Pericyte,LRP2,3,0.018486886854023565,0.0068376068376067994,GSE136831
IPF,Pericyte,LRP5,3,0.0859511086195836,0.0360425737784228,GSE136831
IPF,Pericyte,LRP6,3,0.19376308752322155,0.07045637800354777,GSE136831
IPF,Pericyte,MCAM,3,1.0036870443651749,0.33713917110143515,GSE136831
IPF,Pericyte,MUSK,3,0.18828787083892995,0.05397516529591997,GSE136831
IPF,Pericyte,NLRP3,3,0.07085846846681614,0.0177874536365102,GSE136831
IPF,Pericyte,NOTCH1,3,0.2028431442513462,0.08474439606515076,GSE136831
IPF,Pericyte,NRP1,3,1.3282049707817527,0.3064666989195291,GSE136831
IPF,Pericyte,NRP2,3,0.20310678403800408,0.09351717464925008,GSE136831
IPF,Pericyte,PRLR,3,0.05659675385835177,0.015303983228511467,GSE136831
IPF,Pericyte,PTK7,3,0.39795405487777796,0.1501532010965973,GSE136831
IPF,Pericyte,PTPRK,3,2.379948705609091,0.5034026769875827,GSE136831
IPF,Pericyte,PYCARD,3,0.2936147076382744,0.14571843251088532,GSE136831
IPF,Pericyte,RECK,3,0.34800922787600724,0.13484921786808574,GSE136831
IPF,Pericyte,RET,3,0.013605749449871333,0.007224641186905301,GSE136831
IPF,Pericyte,ROR1,3,0.07872605598406486,0.025560393484921732,GSE136831
IPF,Pericyte,ROR2,3,0.16319889589490752,0.06160296726334457,GSE136831
IPF,Pericyte,RYK,3,0.5449587298156768,0.19691985163683276,GSE136831
IPF,Pericyte,SDC2,3,2.2724604021739006,0.5227060151588453,GSE136831
IPF,Pericyte,SDC4,3,0.22902333816228337,0.0813255926463473,GSE136831
IPF,Pericyte,SIGIRR,3,0.37455806331414737,0.14728269633930005,GSE136831
IPF,Pericyte,SIRPA,3,0.011037732419996166,0.008466376390904666,GSE136831
IPF,Pericyte,SMO,3,0.014369889369889333,0.0068376068376067994,GSE136831
IPF,Pericyte,SPP1,3,0.32149280394673685,0.0919529108208353,GSE136831
IPF,Pericyte,TGFB1,3,0.6128713612389345,0.19380745041122394,GSE136831
IPF,Pericyte,TGFBR1,3,0.21882401455301306,0.0975004031607805,GSE136831
IPF,Pericyte,TGFBR2,3,0.8981461575527802,0.29411385260441864,GSE136831
IPF,Pericyte,TGFBR3,3,0.6487187540101363,0.19677471375584576,GSE136831
IPF,Pericyte,TMED5,3,0.5679744615121138,0.22435091114336392,GSE136831
IPF,Pericyte,TNF,3,0.005334101443941233,0.0025641025641025333,GSE136831
IPF,Pericyte,TYRO3,3,0.038120403345391164,0.015691017577809965,GSE136831
IPF,Pericyte,VANGL2,3,0.0142796410417846,0.007224641186905301,GSE136831
IPF,Pericyte,VASN,3,0.3041499224706663,0.145879696823093,GSE136831
IPF,Pericyte,VEGFA,3,0.11193128317788124,0.05920012901144974,GSE136831
IPF,Pericyte,WNT1,3,0.0,0.0,GSE136831
IPF,Pericyte,WNT10A,3,0.0,0.0,GSE136831
IPF,Pericyte,WNT10B,3,0.008588431211389634,0.0020964360587001998,GSE136831
IPF,Pericyte,WNT11,3,0.009586657954815834,0.0051282051282051004,GSE136831
IPF,Pericyte,WNT16,3,0.0,0.0,GSE136831
IPF,Pericyte,WNT2,3,0.017171179842398798,0.008466376390904666,GSE136831
IPF,Pericyte,WNT2B,3,0.07316272425984256,0.046218351878729164,GSE136831
IPF,Pericyte,WNT3,3,0.01566384920103357,0.006369940332204466,GSE136831
IPF,Pericyte,WNT3A,3,0.0493646466569318,0.016852120625705503,GSE136831
IPF,Pericyte,WNT4,3,0.023139510342096433,0.012578616352201234,GSE136831
IPF,Pericyte,WNT5A,3,0.04832788241118916,0.015610385421706134,GSE136831
IPF,Pericyte,WNT5B,3,0.10226525439486955,0.03821964199322683,GSE136831
IPF,Pericyte,WNT6,3,0.016750310940586297,0.0131269150137074,GSE136831
IPF,Pericyte,WNT7A,3,0.0021606060586418668,0.0020964360587001998,GSE136831
IPF,Pericyte,WNT7B,3,0.0,0.0,GSE136831
IPF,Pericyte,WNT8A,3,0.0,0.0,GSE136831
IPF,Pericyte,WNT8B,3,0.0024783497561179668,0.0020964360587001998,GSE136831
IPF,Pericyte,WNT9A,3,0.018061591634252232,0.004660538622802733,GSE136831
IPF,Pericyte,WNT9B,3,0.0,0.0,GSE136831
IPF,Pericyte,XCR1,3,0.0,0.0,GSE136831
IPF,SMC,ACKR1,5,0.02376099857686152,0.00602140945584298,GSE136831
IPF,SMC,ACKR2,5,0.0,0.0,GSE136831
IPF,SMC,ACKR3,5,0.164297393111653,0.0697394913099342,GSE136831
IPF,SMC,ACKR4,5,0.0006042230356407,0.00294117647058822,GSE136831
IPF,SMC,ACVR1,5,0.11908282175469467,0.05997424160450502,GSE136831
IPF,SMC,ACVR1B,5,0.22934839754657008,0.08323023504967686,GSE136831
IPF,SMC,ACVR1C,5,0.02478032677485096,0.01325523840950336,GSE136831
IPF,SMC,ACVRL1,5,0.07327703532985415,0.02622684989084878,GSE136831
IPF,SMC,ADGRA2,5,0.18148386250000423,0.07255102535982218,GSE136831
IPF,SMC,ADRA2A,5,0.03630533330410172,0.015139784408529842,GSE136831
IPF,SMC,ADRB2,5,0.06062182167691056,0.028202139991508703,GSE136831
IPF,SMC,ANTXR1,5,1.7194324887047252,0.43753084090411487,GSE136831
IPF,SMC,APCDD1,5,0.08597652168253259,0.01964469074216054,GSE136831
IPF,SMC,AREG,5,0.3182130438403978,0.08675603613182883,GSE136831
IPF,SMC,ATP6AP2,5,0.8769944961121224,0.326941791355845,GSE136831
IPF,SMC,AVPR1A,5,0.09716448322986766,0.044673853377995024,GSE136831
IPF,SMC,CASP1,5,0.019437404524198183,0.00830167803798632,GSE136831
IPF,SMC,CAV1,5,6.260115467416923,0.77158135723172,GSE136831
IPF,SMC,CCL2,5,4.061165814201173,0.25147332955760665,GSE136831
IPF,SMC,CCR1,5,0.0,0.0,GSE136831
IPF,SMC,CCR10,5,0.05828037646872012,0.035910769588610794,GSE136831
IPF,SMC,CCR2,5,0.0,0.0,GSE136831
IPF,SMC,CCR3,5,0.0,0.0,GSE136831
IPF,SMC,CCR4,5,0.0,0.0,GSE136831
IPF,SMC,CCR5,5,0.0014012824537016201,0.00172413793103448,GSE136831
IPF,SMC,CD36,5,0.07900532363572735,0.03769135260445356,GSE136831
IPF,SMC,CD4,5,0.35614852889563686,0.14527782927409813,GSE136831
IPF,SMC,CD44,5,1.3425692208845628,0.2836284365843239,GSE136831
IPF,SMC,CD82,5,0.7320873223782878,0.2571061226483887,GSE136831
IPF,SMC,CD9,5,2.7240690448959173,0.6231935195897211,GSE136831
IPF,SMC,CSF1,5,0.1926181401580999,0.08012123668591649,GSE136831
IPF,SMC,CSF1R,5,0.16020543218941946,0.07419798515688701,GSE136831
IPF,SMC,CXCL1,5,0.01342970021793686,0.00941123996431756,GSE136831
IPF,SMC,CXCL12,5,0.7487806951889787,0.22183878985054406,GSE136831
IPF,SMC,CXCL2,5,0.16306889794926854,0.08138179258627347,GSE136831
IPF,SMC,CXCR1,5,0.0,0.0,GSE136831
IPF,SMC,CXCR2,5,0.0,0.0,GSE136831
IPF,SMC,CXCR3,5,0.0027304313398909,0.00338983050847456,GSE136831
IPF,SMC,CXCR4,5,0.18611240759357525,0.06480891100004717,GSE136831
IPF,SMC,DPP4,5,0.0,0.0,GSE136831
IPF,SMC,EGFR,5,0.8674024396216489,0.3109865717153111,GSE136831
IPF,SMC,ENG,5,0.3698034460769347,0.12848989905386954,GSE136831
IPF,SMC,EPHA7,5,0.0067810189576494595,0.00344827586206896,GSE136831
IPF,SMC,EPHB2,5,0.0218715301259116,0.01937861057974398,GSE136831
IPF,SMC,ERBB2,5,0.1260927491913042,0.06970321176381757,GSE136831
IPF,SMC,ERBB3,5,0.01751465263159326,0.0062679425837320404,GSE136831
IPF,SMC,ERBB4,5,0.40298834047448884,0.11883494048460128,GSE136831
IPF,SMC,FGF10,5,0.030632199920988118,0.013627900328053921,GSE136831
IPF,SMC,FGF7,5,0.1525060378558886,0.03138984958998598,GSE136831
IPF,SMC,FGFR1,5,1.2903111789700765,0.34276111609076415,GSE136831
IPF,SMC,FGFR2,5,0.05074860210435426,0.0174442190669371,GSE136831
IPF,SMC,FGFR3,5,0.01227019076623232,0.01023806981957936,GSE136831
IPF,SMC,FGFR4,5,0.01558790529339126,0.0053605015673981,GSE136831
IPF,SMC,FGFRL1,5,0.036854900928422064,0.00830167803798632,GSE136831
IPF,SMC,FLT1,5,0.08702597148848301,0.031123945438062923,GSE136831
IPF,SMC,FZD1,5,0.061313599860443734,0.03786932717768156,GSE136831
IPF,SMC,FZD10,5,0.05966202550248869,0.0247002138280752,GSE136831
IPF,SMC,FZD2,5,0.00814668144497466,0.00557275541795664,GSE136831
IPF,SMC,FZD3,5,0.07661988288515274,0.040486872989347375,GSE136831
IPF,SMC,FZD4,5,0.02593293863393654,0.015540126033383062,GSE136831
IPF,SMC,FZD5,5,0.0393923909353844,0.016495879462750142,GSE136831
IPF,SMC,FZD6,5,0.1200911424776192,0.047838698061894135,GSE136831
IPF,SMC,FZD7,5,0.10693860376596676,0.0520339871328104,GSE136831
IPF,SMC,FZD8,5,0.00083669580459806,0.0036363636363636203,GSE136831
IPF,SMC,FZD9,5,0.0,0.0,GSE136831
IPF,SMC,GPC1,5,0.36757347586506756,0.14871088598583063,GSE136831
IPF,SMC,GRIN2B,5,0.01617668479534638,0.00946968531791194,GSE136831
IPF,SMC,GRM7,5,0.05596908023316218,0.02529062375651462,GSE136831
IPF,SMC,GSDMD,5,0.33039235931335253,0.15799630805652665,GSE136831
IPF,SMC,HBEGF,5,0.13942313201506665,0.07206055813749968,GSE136831
IPF,SMC,IL1A,5,0.00212279971809218,0.00172413793103448,GSE136831
IPF,SMC,IL1B,5,0.01282600764143256,0.00875033207587266,GSE136831
IPF,SMC,IL1R1,5,0.7841416430518585,0.22481919692169158,GSE136831
IPF,SMC,IL1R2,5,0.08923102798186877,0.030450924079765303,GSE136831
IPF,SMC,IL1RAP,5,0.22060705679280454,0.0816311204976063,GSE136831
IPF,SMC,IL1RN,5,0.0737065275516753,0.02297607589704072,GSE136831
IPF,SMC,IL6,5,1.695128767119897,0.1700742007602008,GSE136831
IPF,SMC,ITGA4,5,0.09298510479829833,0.04056948441920562,GSE136831
IPF,SMC,ITGA5,5,0.42949143324828853,0.1364760791047086,GSE136831
IPF,SMC,ITGA9,5,0.41689241776325836,0.15671176209039928,GSE136831
IPF,SMC,ITGAV,5,0.8278014768299691,0.30299237578470656,GSE136831
IPF,SMC,ITGB1,5,1.8710240031785066,0.531063662666513,GSE136831
IPF,SMC,ITGB3,5,0.029135124757783536,0.01816157204019024,GSE136831
IPF,SMC,ITGB5,5,0.7472262746535866,0.2797240928591884,GSE136831
IPF,SMC,ITGB6,5,0.11317124384687807,0.039250287415266136,GSE136831
IPF,SMC,ITGB8,5,0.08133588402888092,0.02009796382178326,GSE136831
IPF,SMC,KDR,5,0.0065770867451970805,0.00338983050847456,GSE136831
IPF,SMC,KLRG2,5,0.0083315512159835,0.0046653144016227,GSE136831
IPF,SMC,LDLR,5,0.6926490599632298,0.21860410518979273,GSE136831
IPF,SMC,LGR5,5,0.00083669580459806,0.0036363636363636203,GSE136831
IPF,SMC,LPP,5,24.932722217413897,0.9662444756145685,GSE136831
IPF,SMC,LRP1,5,0.4908758344969879,0.1857679033514865,GSE136831
IPF,SMC,LRP2,5,0.01394939896837354,0.00875033207587266,GSE136831
IPF,SMC,LRP5,5,0.1700134059820031,0.0853314433863892,GSE136831
IPF,SMC,LRP6,5,0.12530340234418264,0.06384700542819648,GSE136831
IPF,SMC,MCAM,5,2.045913019891585,0.5252045464003963,GSE136831
IPF,SMC,MUSK,5,0.032914257737174456,0.01995890730711674,GSE136831
IPF,SMC,NLRP3,5,0.05159612880837276,0.01974665345655818,GSE136831
IPF,SMC,NOTCH1,5,0.13903199600290042,0.07139966998854942,GSE136831
IPF,SMC,NRP1,5,0.8685269378600896,0.24841656354151534,GSE136831
IPF,SMC,NRP2,5,0.12243958187734261,0.05894049578701608,GSE136831
IPF,SMC,PRLR,5,0.019821827474284598,0.00946968531791194,GSE136831
IPF,SMC,PTK7,5,0.3084732700563252,0.09848762901199053,GSE136831
IPF,SMC,PTPRK,5,1.1888435178647878,0.33602379135485805,GSE136831
IPF,SMC,PYCARD,5,0.14819626772707997,0.08732259088104435,GSE136831
IPF,SMC,RECK,5,0.1809977716019296,0.07322738433766508,GSE136831
IPF,SMC,RET,5,0.02193548574059096,0.009720837487537359,GSE136831
IPF,SMC,ROR1,5,0.5618720159840731,0.1768372296079917,GSE136831
IPF,SMC,ROR2,5,0.1462129250303457,0.054670903968510196,GSE136831
IPF,SMC,RYK,5,0.43340383498589485,0.155315487294921,GSE136831
IPF,SMC,SDC2,5,2.395138189481312,0.5353527061119892,GSE136831
IPF,SMC,SDC4,5,0.8066462431327288,0.1904062585383595,GSE136831
IPF,SMC,SIGIRR,5,0.23389822382848915,0.11692651956685625,GSE136831
IPF,SMC,SIRPA,5,0.05261092465623988,0.02282226740007658,GSE136831
IPF,SMC,SMO,5,0.028094087978744343,0.01150342077216622,GSE136831
IPF,SMC,SPP1,5,0.366294624158167,0.11314160471892351,GSE136831
IPF,SMC,TGFB1,5,1.1259514864165072,0.2812964982301075,GSE136831
IPF,SMC,TGFBR1,5,0.40397893547799624,0.15018035811720093,GSE136831
IPF,SMC,TGFBR2,5,0.6837869632659618,0.2307827433390309,GSE136831
IPF,SMC,TGFBR3,5,0.907414221439794,0.2749295028624734,GSE136831
IPF,SMC,TMED5,5,0.636809185414992,0.24131012506121294,GSE136831
IPF,SMC,TNF,5,0.010545745746235879,0.00677966101694914,GSE136831
IPF,SMC,TYRO3,5,0.01121793768685552,0.013662179605384439,GSE136831
IPF,SMC,VANGL2,5,0.01172140563096326,0.00338983050847456,GSE136831
IPF,SMC,VASN,5,0.35492014215961654,0.1736627191515702,GSE136831
IPF,SMC,VEGFA,5,0.07377227794915896,0.05057023945487408,GSE136831
IPF,SMC,WNT1,5,0.0,0.0,GSE136831
IPF,SMC,WNT10A,5,0.0,0.0,GSE136831
IPF,SMC,WNT10B,5,0.00391371051066094,0.0026315789473684197,GSE136831
IPF,SMC,WNT11,5,0.01069999826481664,0.00511396843950904,GSE136831
IPF,SMC,WNT16,5,0.0,0.0,GSE136831
IPF,SMC,WNT2,5,0.0018302950435610198,0.00172413793103448,GSE136831
IPF,SMC,WNT2B,5,0.05462055952270428,0.02870462034125304,GSE136831
IPF,SMC,WNT3,5,0.011626703375354281,0.00830167803798632,GSE136831
IPF,SMC,WNT3A,5,0.047874727871415855,0.028826130090178183,GSE136831
IPF,SMC,WNT4,5,0.0036916988459749405,0.00294117647058822,GSE136831
IPF,SMC,WNT5A,5,0.01904504230952388,0.00805514491009726,GSE136831
IPF,SMC,WNT5B,5,0.06819838455094887,0.025854187972298198,GSE136831
IPF,SMC,WNT6,5,0.0,0.0,GSE136831
IPF,SMC,WNT7A,5,0.0,0.0,GSE136831
IPF,SMC,WNT7B,5,0.01738013834204752,0.01124285450857456,GSE136831
IPF,SMC,WNT8A,5,0.0,0.0,GSE136831
IPF,SMC,WNT8B,5,0.01236132597127866,0.0069872958257713195,GSE136831
IPF,SMC,WNT9A,5,0.006494842261320119,0.00977928284113174,GSE136831
IPF,SMC,WNT9B,5,0.0,0.0,GSE136831
IPF,SMC,XCR1,5,0.0,0.0,GSE136831
IPF,T,ACKR1,24,0.02179624067273468,0.006338389753613737,GSE136831
IPF,T,ACKR2,24,0.004454261935133308,0.0010191381335838041,GSE136831
IPF,T,ACKR3,24,0.016226072596458297,0.004125549661283362,GSE136831
IPF,T,ACKR4,24,0.0011859795429635292,0.0004583823210494875,GSE136831
IPF,T,ACVR1,24,0.17841159651941388,0.04419111671474682,GSE136831
IPF,T,ACVR1B,24,0.09694438991481628,0.02299320240980783,GSE136831
IPF,T,ACVR1C,24,0.06795030577687992,0.016696260298974284,GSE136831
IPF,T,ACVRL1,24,0.0020337443045517333,0.0007098857329101335,GSE136831
IPF,T,ADGRA2,24,0.02969338862447174,0.006978289085185312,GSE136831
IPF,T,ADRA2A,24,0.0003886272132319791,0.00020325203252032499,GSE136831
IPF,T,ADRB2,24,0.0507088646379672,0.013518643811762793,GSE136831
IPF,T,ANTXR1,24,0.01989900048476105,0.005508209036244449,GSE136831
IPF,T,APCDD1,24,0.0014489569352794376,0.0006413716174779291,GSE136831
IPF,T,AREG,24,2.0163308811456453,0.2458029814318774,GSE136831
IPF,T,ATP6AP2,24,0.4773191508005011,0.1193751878962665,GSE136831
IPF,T,AVPR1A,24,0.0,0.0,GSE136831
IPF,T,CASP1,24,0.18961907174704637,0.04946177433783089,GSE136831
IPF,T,CAV1,24,0.020344052895375424,0.00596429613244085,GSE136831
IPF,T,CCL2,24,0.06300173320942033,0.017897553211960224,GSE136831
IPF,T,CCR1,24,0.0046328989559633335,0.0014700762167277127,GSE136831
IPF,T,CCR10,24,0.0063110323470216,0.0016103234891399335,GSE136831
IPF,T,CCR2,24,0.02543145243351691,0.007260517152713167,GSE136831
IPF,T,CCR3,24,0.01118656734669666,0.003761533697615379,GSE136831
IPF,T,CCR4,24,0.24545519126827717,0.06239059485025935,GSE136831
IPF,T,CCR5,24,0.03951812991152824,0.010648852958349192,GSE136831
IPF,T,CD36,24,0.10452080709996414,0.026022411873794133,GSE136831
IPF,T,CD4,24,0.6356804523918707,0.13694055076165454,GSE136831
IPF,T,CD44,24,9.963538467196082,0.7813912653261156,GSE136831
IPF,T,CD82,24,0.3208189089739984,0.07459591385785451,GSE136831
IPF,T,CD9,24,0.24670936258020762,0.06495694886627282,GSE136831
IPF,T,CSF1,24,0.08143585938585195,0.015741609347542502,GSE136831
IPF,T,CSF1R,24,0.02925339139450898,0.009417367911570492,GSE136831
IPF,T,CXCL1,24,0.0355187284449579,0.009140229499703587,GSE136831
IPF,T,CXCL12,24,0.002344810042210292,0.0007703172036449333,GSE136831
IPF,T,CXCL2,24,0.1414146659515294,0.036961480721991825,GSE136831
IPF,T,CXCR1,24,0.0,0.0,GSE136831
IPF,T,CXCR2,24,0.0020618085806619123,0.0003595542388645792,GSE136831
IPF,T,CXCR3,24,0.21670331641393895,0.055605554505135525,GSE136831
IPF,T,CXCR4,24,11.314264372712259,0.8212900452018647,GSE136831
IPF,T,DPP4,24,0.6955449959553835,0.1385413423728906,GSE136831
IPF,T,EGFR,24,0.011674507768022846,0.003162870658311612,GSE136831
IPF,T,ENG,24,0.09166137899811,0.024380427150782383,GSE136831
IPF,T,EPHA7,24,0.01764271132405833,0.005111285576188171,GSE136831
IPF,T,EPHB2,24,0.021710727284698556,0.006292336431784825,GSE136831
IPF,T,ERBB2,24,0.0193942917379886,0.00567301689742435,GSE136831
IPF,T,ERBB3,24,0.0302457560888377,0.006172124654621358,GSE136831
IPF,T,ERBB4,24,0.1959856123286345,0.050044901364611934,GSE136831
IPF,T,FGF10,24,0.0018612766707678625,0.0006468148900414625,GSE136831
IPF,T,FGF7,24,0.008939764594411866,0.0023233640561961207,GSE136831
IPF,T,FGFR1,24,0.26388961838749503,0.05169079952887565,GSE136831
IPF,T,FGFR2,24,0.02936981153562314,0.006816349161241604,GSE136831
IPF,T,FGFR3,24,0.004837481665229016,0.0010619910241707,GSE136831
IPF,T,FGFR4,24,0.003926450347697051,0.0011256212777978917,GSE136831
IPF,T,FGFRL1,24,0.02371394854258116,0.004958686604781571,GSE136831
IPF,T,FLT1,24,0.07353124789892626,0.0183906921024434,GSE136831
IPF,T,FZD1,24,0.0019294825140089334,0.00115129022293395,GSE136831
IPF,T,FZD10,24,0.0,0.0,GSE136831
IPF,T,FZD2,24,0.0006203261311751792,0.0002731402672192875,GSE136831
IPF,T,FZD3,24,0.047682827280357616,0.011105916457198063,GSE136831
IPF,T,FZD4,24,0.0030989163067372126,0.0013121527843665624,GSE136831
IPF,T,FZD5,24,0.0024371605409620706,0.0007992425915405083,GSE136831
IPF,T,FZD6,24,0.03741409929965854,0.00951503492766507,GSE136831
IPF,T,FZD7,24,0.0056048126361960375,0.0015704793556736794,GSE136831
IPF,T,FZD8,24,0.0016057809570870416,0.0005339276280904,GSE136831
IPF,T,FZD9,24,0.0,0.0,GSE136831
IPF,T,GPC1,24,0.003144313524295213,0.0011811726262497958,GSE136831
IPF,T,GRIN2B,24,0.034492991350511544,0.008234523256339542,GSE136831
IPF,T,GRM7,24,0.06516081849508419,0.015922240416485996,GSE136831
IPF,T,GSDMD,24,0.3451519954415993,0.09250845676644552,GSE136831
IPF,T,HBEGF,24,0.08265382974772312,0.024656791839315944,GSE136831
IPF,T,IL1A,24,0.00552608287223385,0.0014373940451448167,GSE136831
IPF,T,IL1B,24,0.03583952925008265,0.009211052425089834,GSE136831
IPF,T,IL1R1,24,0.14762188816769103,0.02755253946234207,GSE136831
IPF,T,IL1R2,24,0.049963708107987274,0.012443424655391175,GSE136831
IPF,T,IL1RAP,24,0.14740287089476914,0.03531338795707939,GSE136831
IPF,T,IL1RN,24,0.056743845365901525,0.013236495330487508,GSE136831
IPF,T,IL6,24,0.020301131835799312,0.00534449136753445,GSE136831
IPF,T,ITGA4,24,1.4664634265005383,0.26697606862196527,GSE136831
IPF,T,ITGA5,24,0.055103414062412655,0.01618890286610588,GSE136831
IPF,T,ITGA9,24,0.05086600334485777,0.01544404493243748,GSE136831
IPF,T,ITGAV,24,0.42064868071590755,0.09433699116329014,GSE136831
IPF,T,ITGB1,24,1.9524606339212989,0.3357088300190852,GSE136831
IPF,T,ITGB3,24,0.011892142472064188,0.002909174960136854,GSE136831
IPF,T,ITGB5,24,0.03518974051504317,0.01026632589792302,GSE136831
IPF,T,ITGB6,24,0.04959502117711804,0.014907076462564117,GSE136831
IPF,T,ITGB8,24,0.037318417573040503,0.01082814330765361,GSE136831
IPF,T,KDR,24,0.0018374233400761375,0.0006267263097345291,GSE136831
IPF,T,KLRG2,24,0.018069246135085225,0.004757755709728446,GSE136831
IPF,T,LDLR,24,0.7590813606505803,0.14994378506541928,GSE136831
IPF,T,LGR5,24,0.0060711327200301994,0.0015137540995239249,GSE136831
IPF,T,LPP,24,3.470948311198933,0.4845451238027442,GSE136831
IPF,T,LRP1,24,0.05114523357297766,0.014619783873644378,GSE136831
IPF,T,LRP2,24,0.011930646284217224,0.003018796099619983,GSE136831
IPF,T,LRP5,24,0.04698115135834113,0.013291892360970054,GSE136831
IPF,T,LRP6,24,0.04450621711734445,0.013605895714060658,GSE136831
IPF,T,MCAM,24,0.10387456926196424,0.02490168841712354,GSE136831
IPF,T,MUSK,24,0.0051477612294984045,0.0015461204585790625,GSE136831
IPF,T,NLRP3,24,0.4372320854655453,0.08218187898430264,GSE136831
IPF,T,NOTCH1,24,0.26944500717844966,0.06180510178962692,GSE136831
IPF,T,NRP1,24,0.04789894302579314,0.012487383412827032,GSE136831
IPF,T,NRP2,24,0.01610399439235205,0.005434892129285883,GSE136831
IPF,T,PRLR,24,0.012749169414068203,0.0034760783668926626,GSE136831
IPF,T,PTK7,24,0.04193206560822149,0.010455406914579064,GSE136831
IPF,T,PTPRK,24,0.13053669937514503,0.030280984648685737,GSE136831
IPF,T,PYCARD,24,0.28259740826851004,0.08055758821498256,GSE136831
IPF,T,RECK,24,0.17744824691853112,0.046903746969771426,GSE136831
IPF,T,RET,24,0.0,0.0,GSE136831
IPF,T,ROR1,24,0.02774376177041216,0.008831978621376095,GSE136831
IPF,T,ROR2,24,0.08491890497657921,0.022303472157134685,GSE136831
IPF,T,RYK,24,0.3073556800831676,0.07085167809779704,GSE136831
IPF,T,SDC2,24,0.13850560153395206,0.03481827246077291,GSE136831
IPF,T,SDC4,24,0.15795102231292016,0.03415126816764929,GSE136831
IPF,T,SIGIRR,24,0.39086191246649565,0.09620946383321453,GSE136831
IPF,T,SIRPA,24,0.037036031862138406,0.011874492384102068,GSE136831
IPF,T,SMO,24,0.02222282682061039,0.006116881584100792,GSE136831
IPF,T,SPP1,24,0.46311734418505446,0.10101598299388516,GSE136831
IPF,T,TGFB1,24,6.244625134818797,0.5241446993220293,GSE136831
IPF,T,TGFBR1,24,0.23977800385296474,0.04780287084899812,GSE136831
IPF,T,TGFBR2,24,3.8655215980805253,0.5031239078617344,GSE136831
IPF,T,TGFBR3,24,1.243199136318005,0.2115810569805726,GSE136831
IPF,T,TMED5,24,0.827969930209838,0.17779027634769817,GSE136831
IPF,T,TNF,24,0.827387173169198,0.1251208531812117,GSE136831
IPF,T,TYRO3,24,0.01664144224234374,0.0037880446165944252,GSE136831
IPF,T,VANGL2,24,0.0007156202122822125,0.00025000523963076665,GSE136831
IPF,T,VASN,24,0.02768944264453424,0.008230673942150326,GSE136831
IPF,T,VEGFA,24,0.03396483976349337,0.009170266516810808,GSE136831
IPF,T,WNT1,24,0.0012594799148862082,0.0006285746377218375,GSE136831
IPF,T,WNT10A,24,0.01823727145222211,0.005856014247137425,GSE136831
IPF,T,WNT10B,24,0.012663699840956458,0.003453758480677617,GSE136831
IPF,T,WNT11,24,0.0017693476453786293,0.00051042955002065,GSE136831
IPF,T,WNT16,24,0.0,0.0,GSE136831
IPF,T,WNT2,24,0.0027991362201957998,0.0008738170159357083,GSE136831
IPF,T,WNT2B,24,0.022982389144288722,0.0067534785661863715,GSE136831
IPF,T,WNT3,24,0.017865983499843717,0.005535750086022925,GSE136831
IPF,T,WNT3A,24,0.008191928829469983,0.0024084932358599503,GSE136831
IPF,T,WNT4,24,0.011263531001938568,0.002579323684195296,GSE136831
IPF,T,WNT5A,24,0.0029740825326776328,0.0009578049999332334,GSE136831
IPF,T,WNT5B,24,0.09671302259036269,0.02504896269572575,GSE136831
IPF,T,WNT6,24,0.009761351147824436,0.00112778700265565,GSE136831
IPF,T,WNT7A,24,0.045025092336954085,0.012559976515409153,GSE136831
IPF,T,WNT7B,24,0.002664860762622529,0.0009054097861392958,GSE136831
IPF,T,WNT8A,24,0.004430022195140204,0.0010907855779380999,GSE136831
IPF,T,WNT8B,24,0.006767093971823876,0.0019321493865712416,GSE136831
IPF,T,WNT9A,24,0.018176290138424138,0.005030401204849425,GSE136831
IPF,T,WNT9B,24,0.012174246083327213,0.003216801865757809,GSE136831
IPF,T,XCR1,24,0.005299919628888366,0.001090133731271571,GSE136831
IPF,T_Cytotoxic,ACKR1,28,0.006819478523215711,0.0022641798481408963,GSE136831
IPF,T_Cytotoxic,ACKR2,28,0.0036805127568307608,0.001470446319973475,GSE136831
IPF,T_Cytotoxic,ACKR3,28,0.01359997224700889,0.004320734157903476,GSE136831
IPF,T_Cytotoxic,ACKR4,28,0.0009184240069573428,0.00034392971701140715,GSE136831
IPF,T_Cytotoxic,ACVR1,28,0.11897569151317389,0.029634591697689616,GSE136831
IPF,T_Cytotoxic,ACVR1B,28,0.06365655783238806,0.015727329909045542,GSE136831
IPF,T_Cytotoxic,ACVR1C,28,0.055932913925054846,0.012934606934253624,GSE136831
IPF,T_Cytotoxic,ACVRL1,28,0.005692906463882585,0.0021123352663201538,GSE136831
IPF,T_Cytotoxic,ADGRA2,28,0.012961070616348493,0.004392070342514967,GSE136831
IPF,T_Cytotoxic,ADRA2A,28,0.0,0.0,GSE136831
IPF,T_Cytotoxic,ADRB2,28,0.20871306980798954,0.05299110089406566,GSE136831
IPF,T_Cytotoxic,ANTXR1,28,0.010788280356249494,0.0030076318921349785,GSE136831
IPF,T_Cytotoxic,APCDD1,28,0.0011085625153206,0.00024810925951825,GSE136831
IPF,T_Cytotoxic,AREG,28,2.218857241103739,0.23320594218294602,GSE136831
IPF,T_Cytotoxic,ATP6AP2,28,0.5177171399593342,0.13448624134674592,GSE136831
IPF,T_Cytotoxic,AVPR1A,28,0.0017857946050488748,0.0006067993249701143,GSE136831
IPF,T_Cytotoxic,CASP1,28,0.302483884469923,0.07829855468189013,GSE136831
IPF,T_Cytotoxic,CAV1,28,0.029043984462561536,0.006881262475270346,GSE136831
IPF,T_Cytotoxic,CCL2,28,0.07953080470304486,0.020425428670211156,GSE136831
IPF,T_Cytotoxic,CCR1,28,0.037497992508116966,0.009272299050159428,GSE136831
IPF,T_Cytotoxic,CCR10,28,0.0031990463976114716,0.0005741481833147929,GSE136831
IPF,T_Cytotoxic,CCR2,28,0.022268974457760275,0.005511850478720646,GSE136831
IPF,T_Cytotoxic,CCR3,28,0.0257553338508659,0.006614826567692378,GSE136831
IPF,T_Cytotoxic,CCR4,28,0.023908802091280573,0.005597433756799221,GSE136831
IPF,T_Cytotoxic,CCR5,28,0.07820753351767448,0.019178031933430092,GSE136831
IPF,T_Cytotoxic,CD36,28,0.0989459243956775,0.028123606548627382,GSE136831
IPF,T_Cytotoxic,CD4,28,0.11413489326229116,0.02420126098848182,GSE136831
IPF,T_Cytotoxic,CD44,28,9.154630431192333,0.7486326761690221,GSE136831
IPF,T_Cytotoxic,CD82,28,0.25127884010007506,0.061121937094942125,GSE136831
IPF,T_Cytotoxic,CD9,28,0.29086531899912815,0.07622501976426647,GSE136831
IPF,T_Cytotoxic,CSF1,28,0.17052740012480003,0.036259970598929554,GSE136831
IPF,T_Cytotoxic,CSF1R,28,0.02423807051671231,0.007584859192614854,GSE136831
IPF,T_Cytotoxic,CXCL1,28,0.031671151458326746,0.00797027709946421,GSE136831
IPF,T_Cytotoxic,CXCL12,28,0.0029769237483866,0.0006723878931157714,GSE136831
IPF,T_Cytotoxic,CXCL2,28,0.13561716964288353,0.03273670968912844,GSE136831
IPF,T_Cytotoxic,CXCR1,28,0.005326526252054121,0.0016796374479262285,GSE136831
IPF,T_Cytotoxic,CXCR2,28,0.01435990896978068,0.0033624020521025753,GSE136831
IPF,T_Cytotoxic,CXCR3,28,0.32346645092013127,0.08151503087664684,GSE136831
IPF,T_Cytotoxic,CXCR4,28,11.542044625252547,0.8235435808124876,GSE136831
IPF,T_Cytotoxic,DPP4,28,0.15261925863784073,0.035387936612035195,GSE136831
IPF,T_Cytotoxic,EGFR,28,0.015303246966690633,0.003092983889293793,GSE136831
IPF,T_Cytotoxic,ENG,28,0.10664503672403233,0.02935296072426405,GSE136831
IPF,T_Cytotoxic,EPHA7,28,0.012686900249457967,0.0036898749068259287,GSE136831
IPF,T_Cytotoxic,EPHB2,28,0.019828807607420455,0.005296506199059336,GSE136831
IPF,T_Cytotoxic,ERBB2,28,0.028891939244534568,0.007033761492646971,GSE136831
IPF,T_Cytotoxic,ERBB3,28,0.024019192011355932,0.005433809370582754,GSE136831
IPF,T_Cytotoxic,ERBB4,28,0.13757319212899247,0.037882676232357526,GSE136831
IPF,T_Cytotoxic,FGF10,28,0.0013851638304863106,0.0004303250029584821,GSE136831
IPF,T_Cytotoxic,FGF7,28,0.008292878656632217,0.0025614043811430787,GSE136831
IPF,T_Cytotoxic,FGFR1,28,0.2801868945552656,0.058960361184717903,GSE136831
IPF,T_Cytotoxic,FGFR2,28,0.029869734290599533,0.00880753192193486,GSE136831
IPF,T_Cytotoxic,FGFR3,28,0.0028160458882000782,0.0009168310913053321,GSE136831
IPF,T_Cytotoxic,FGFR4,28,0.000351954809694575,0.0004194811727507893,GSE136831
IPF,T_Cytotoxic,FGFRL1,28,0.019710957888107655,0.006043197463558021,GSE136831
IPF,T_Cytotoxic,FLT1,28,0.045228168881043085,0.011547305175133292,GSE136831
IPF,T_Cytotoxic,FZD1,28,0.000158894420250825,6.589351607801786e-05,GSE136831
IPF,T_Cytotoxic,FZD10,28,0.0,0.0,GSE136831
IPF,T_Cytotoxic,FZD2,28,0.0027943701266184965,0.0005580357142857143,GSE136831
IPF,T_Cytotoxic,FZD3,28,0.04762674479876628,0.012677180365130497,GSE136831
IPF,T_Cytotoxic,FZD4,28,0.004127534801411792,0.001027383417671907,GSE136831
IPF,T_Cytotoxic,FZD5,28,0.011982701558523032,0.002536889975792239,GSE136831
IPF,T_Cytotoxic,FZD6,28,0.028257961195387756,0.006983078185076747,GSE136831
IPF,T_Cytotoxic,FZD7,28,0.0053482044027544995,0.001308821369901168,GSE136831
IPF,T_Cytotoxic,FZD8,28,4.1333280691264284e-05,6.589351607801786e-05,GSE136831
IPF,T_Cytotoxic,FZD9,28,0.0,0.0,GSE136831
IPF,T_Cytotoxic,GPC1,28,0.002968049215795975,0.0007882468029254071,GSE136831
IPF,T_Cytotoxic,GRIN2B,28,0.02211204728003246,0.00654528770655875,GSE136831
IPF,T_Cytotoxic,GRM7,28,0.049368344181181516,0.012465946476371725,GSE136831
IPF,T_Cytotoxic,GSDMD,28,0.44899448848344947,0.11645504142114517,GSE136831
IPF,T_Cytotoxic,HBEGF,28,0.04960795593314734,0.013897279301911121,GSE136831
IPF,T_Cytotoxic,IL1A,28,0.0051797527240475035,0.002135859259982325,GSE136831
IPF,T_Cytotoxic,IL1B,28,0.04097364799242121,0.012241442005818882,GSE136831
IPF,T_Cytotoxic,IL1R1,28,0.043058203396396655,0.012464327476126002,GSE136831
IPF,T_Cytotoxic,IL1R2,28,0.04625930530181895,0.009944907573812289,GSE136831
IPF,T_Cytotoxic,IL1RAP,28,0.14211418213154914,0.03569038535055495,GSE136831
IPF,T_Cytotoxic,IL1RN,28,0.03946014678023102,0.011919366010613957,GSE136831
IPF,T_Cytotoxic,IL6,28,0.017166145884001133,0.004275310215649361,GSE136831
IPF,T_Cytotoxic,ITGA4,28,2.040783110651757,0.3555759670364068,GSE136831
IPF,T_Cytotoxic,ITGA5,28,0.09378369482644025,0.025327453471486294,GSE136831
IPF,T_Cytotoxic,ITGA9,28,0.05488583370544275,0.015161012798395521,GSE136831
IPF,T_Cytotoxic,ITGAV,28,0.46133443722646017,0.09611481287861079,GSE136831
IPF,T_Cytotoxic,ITGB1,28,1.5862762237159846,0.28120220020255215,GSE136831
IPF,T_Cytotoxic,ITGB3,28,0.004760047265881628,0.0017058615732559893,GSE136831
IPF,T_Cytotoxic,ITGB5,28,0.03442738120174765,0.011089332762054604,GSE136831
IPF,T_Cytotoxic,ITGB6,28,0.04092086323310047,0.010175472053506602,GSE136831
IPF,T_Cytotoxic,ITGB8,28,0.03382976770235149,0.009474147601181346,GSE136831
IPF,T_Cytotoxic,KDR,28,0.0033722089140034747,0.0010846417905343716,GSE136831
IPF,T_Cytotoxic,KLRG2,28,0.028319910025723427,0.007792155056468851,GSE136831
IPF,T_Cytotoxic,LDLR,28,0.732488907644054,0.14325075492523304,GSE136831
IPF,T_Cytotoxic,LGR5,28,0.008167644114278297,0.002520411222002514,GSE136831
IPF,T_Cytotoxic,LPP,28,3.152084245732388,0.4574523062681607,GSE136831
IPF,T_Cytotoxic,LRP1,28,0.037768928764836895,0.012592159603904246,GSE136831
IPF,T_Cytotoxic,LRP2,28,0.013970354093964221,0.004903727678338689,GSE136831
IPF,T_Cytotoxic,LRP5,28,0.08035678102404657,0.019086235706780467,GSE136831
IPF,T_Cytotoxic,LRP6,28,0.04755448851477846,0.011578261325162145,GSE136831
IPF,T_Cytotoxic,MCAM,28,0.010057227975783479,0.003386956720710114,GSE136831
IPF,T_Cytotoxic,MUSK,28,0.011991974362104993,0.0035867581732264503,GSE136831
IPF,T_Cytotoxic,NLRP3,28,0.19548274755338785,0.04233780187171408,GSE136831
IPF,T_Cytotoxic,NOTCH1,28,0.2102537565176341,0.04984661166185018,GSE136831
IPF,T_Cytotoxic,NRP1,28,0.038081525819682015,0.011014721488082883,GSE136831
IPF,T_Cytotoxic,NRP2,28,0.018776556185333197,0.006259350784851325,GSE136831
IPF,T_Cytotoxic,PRLR,28,0.013452613729723879,0.0040066066404589,GSE136831
IPF,T_Cytotoxic,PTK7,28,0.05417748739542085,0.0130345455096349,GSE136831
IPF,T_Cytotoxic,PTPRK,28,0.23034365305291962,0.05055234834330718,GSE136831
IPF,T_Cytotoxic,PYCARD,28,0.3604882906771335,0.09853745037923363,GSE136831
IPF,T_Cytotoxic,RECK,28,0.14801814319906884,0.03864595720512211,GSE136831
IPF,T_Cytotoxic,RET,28,0.0004486077941028929,0.00017628609918328927,GSE136831
IPF,T_Cytotoxic,ROR1,28,0.03203584612198207,0.008723735400959654,GSE136831
IPF,T_Cytotoxic,ROR2,28,0.07356205287899449,0.020269870587008743,GSE136831
IPF,T_Cytotoxic,RYK,28,0.35266374940323747,0.08305750764504836,GSE136831
IPF,T_Cytotoxic,SDC2,28,0.11368170210285203,0.030117481658521482,GSE136831
IPF,T_Cytotoxic,SDC4,28,0.10750138709189763,0.02569561177120343,GSE136831
IPF,T_Cytotoxic,SIGIRR,28,0.4967466413989348,0.12330641755227124,GSE136831
IPF,T_Cytotoxic,SIRPA,28,0.04341557908239639,0.01269944392115265,GSE136831
IPF,T_Cytotoxic,SMO,28,0.0083262954568153,0.002230413700009786,GSE136831
IPF,T_Cytotoxic,SPP1,28,0.4558286662541634,0.10574853575414203,GSE136831
IPF,T_Cytotoxic,TGFB1,28,8.016433511907145,0.6053308293109801,GSE136831
IPF,T_Cytotoxic,TGFBR1,28,0.43596402876442536,0.09328979530823733,GSE136831
IPF,T_Cytotoxic,TGFBR2,28,2.9620119750472007,0.4209023962254026,GSE136831
IPF,T_Cytotoxic,TGFBR3,28,1.6837622267651824,0.2634326515307767,GSE136831
IPF,T_Cytotoxic,TMED5,28,0.9016330145421033,0.19158151309331048,GSE136831
IPF,T_Cytotoxic,TNF,28,0.806871145115027,0.1426530039663105,GSE136831
IPF,T_Cytotoxic,TYRO3,28,0.004986169086379726,0.0012448276491352785,GSE136831
IPF,T_Cytotoxic,VANGL2,28,0.002334798945685825,0.0007051073366101893,GSE136831
IPF,T_Cytotoxic,VASN,28,0.02115963041248974,0.005598914448055793,GSE136831
IPF,T_Cytotoxic,VEGFA,28,0.03349970476803545,0.008951595963583896,GSE136831
IPF,T_Cytotoxic,WNT1,28,0.005573841115656114,0.0013097671180779713,GSE136831
IPF,T_Cytotoxic,WNT10A,28,0.025545574532952087,0.0069227942231556965,GSE136831
IPF,T_Cytotoxic,WNT10B,28,0.009028865875625503,0.002284860360148325,GSE136831
IPF,T_Cytotoxic,WNT11,28,0.00407228569360025,0.001348761329961168,GSE136831
IPF,T_Cytotoxic,WNT16,28,0.0042859706162966535,0.0008911769411168464,GSE136831
IPF,T_Cytotoxic,WNT2,28,0.0014013130318980321,0.0004885315274045107,GSE136831
IPF,T_Cytotoxic,WNT2B,28,0.027370474950063405,0.007150836829018868,GSE136831
IPF,T_Cytotoxic,WNT3,28,0.025840760938689724,0.005842649111580783,GSE136831
IPF,T_Cytotoxic,WNT3A,28,0.0077313367630339035,0.001713520116647125,GSE136831
IPF,T_Cytotoxic,WNT4,28,0.003469960719956436,0.0009727431980229643,GSE136831
IPF,T_Cytotoxic,WNT5A,28,0.0,0.0,GSE136831
IPF,T_Cytotoxic,WNT5B,28,0.15748770560729858,0.038068064954550444,GSE136831
IPF,T_Cytotoxic,WNT6,28,0.004830237046265768,0.000922083646891032,GSE136831
IPF,T_Cytotoxic,WNT7A,28,0.0065759089676960605,0.0020942177120255607,GSE136831
IPF,T_Cytotoxic,WNT7B,28,0.009067604873380639,0.0019262399828151179,GSE136831
IPF,T_Cytotoxic,WNT8A,28,0.0015119990059155356,0.0005492922975641857,GSE136831
IPF,T_Cytotoxic,WNT8B,28,0.018061713793687432,0.004024871336701868,GSE136831
IPF,T_Cytotoxic,WNT9A,28,0.010799495355757678,0.0029905350783427857,GSE136831
IPF,T_Cytotoxic,WNT9B,28,0.004040749436224697,0.0015218822054098963,GSE136831
IPF,T_Cytotoxic,XCR1,28,0.011024734601638624,0.0023577147367768573,GSE136831
IPF,T_Regulatory,ACKR1,7,0.0034276062146613713,0.0018796992481203,GSE136831
IPF,T_Regulatory,ACKR2,7,0.028713280073541413,0.009816207184628228,GSE136831
IPF,T_Regulatory,ACKR3,7,0.004670732071862014,0.0026455026455026428,GSE136831
IPF,T_Regulatory,ACKR4,7,0.0012405639603763857,0.0019047619047619,GSE136831
IPF,T_Regulatory,ACVR1,7,0.2273744541873653,0.06337960285328702,GSE136831
IPF,T_Regulatory,ACVR1B,7,0.026962169533589844,0.0112087912087912,GSE136831
IPF,T_Regulatory,ACVR1C,7,0.034050557861863597,0.008148148148148142,GSE136831
IPF,T_Regulatory,ACVRL1,7,0.0064353251684730285,0.0052910052910052855,GSE136831
IPF,T_Regulatory,ADGRA2,7,0.04003800864138677,0.010264550264550257,GSE136831
IPF,T_Regulatory,ADRA2A,7,0.0,0.0,GSE136831
IPF,T_Regulatory,ADRB2,7,0.0031534122443213283,0.002747252747252743,GSE136831
IPF,T_Regulatory,ANTXR1,7,0.0062850488434815005,0.0037844611528821998,GSE136831
IPF,T_Regulatory,APCDD1,7,0.0,0.0,GSE136831
IPF,T_Regulatory,AREG,7,0.4498246005484569,0.1068481031638926,GSE136831
IPF,T_Regulatory,ATP6AP2,7,0.4574725467020731,0.1473859863333547,GSE136831
IPF,T_Regulatory,AVPR1A,7,0.0,0.0,GSE136831
IPF,T_Regulatory,CASP1,7,0.5445948532627254,0.15603003234582177,GSE136831
IPF,T_Regulatory,CAV1,7,0.04388785675963527,0.012486772486772471,GSE136831
IPF,T_Regulatory,CCL2,7,0.0885591423993952,0.0224814172182593,GSE136831
IPF,T_Regulatory,CCR1,7,0.026865406331335256,0.007936507936507929,GSE136831
IPF,T_Regulatory,CCR10,7,0.002968472447826114,0.0026455026455026428,GSE136831
IPF,T_Regulatory,CCR2,7,0.0321445690754602,0.009473684210526313,GSE136831
IPF,T_Regulatory,CCR3,7,0.014246067694880885,0.009100529100529085,GSE136831
IPF,T_Regulatory,CCR4,7,0.4643847520633923,0.12642225221172582,GSE136831
IPF,T_Regulatory,CCR5,7,0.07925478606599543,0.03050832208726943,GSE136831
IPF,T_Regulatory,CD36,7,0.06017960726593983,0.01722361459203563,GSE136831
IPF,T_Regulatory,CD4,7,1.3057568160385273,0.2977629972366814,GSE136831
IPF,T_Regulatory,CD44,7,8.092222697538478,0.795922284343337,GSE136831
IPF,T_Regulatory,CD82,7,0.7494755962886442,0.18824025876657452,GSE136831
IPF,T_Regulatory,CD9,7,0.1816396046401807,0.07167234325129059,GSE136831
IPF,T_Regulatory,CSF1,7,0.21972783563906023,0.056424608529871655,GSE136831
IPF,T_Regulatory,CSF1R,7,0.04707485887047689,0.012119186856028958,GSE136831
IPF,T_Regulatory,CXCL1,7,0.017996616636072413,0.0026455026455026428,GSE136831
IPF,T_Regulatory,CXCL12,7,0.0,0.0,GSE136831
IPF,T_Regulatory,CXCL2,7,0.07718698701910816,0.02885975622817726,GSE136831
IPF,T_Regulatory,CXCR1,7,0.0,0.0,GSE136831
IPF,T_Regulatory,CXCR2,7,0.0,0.0,GSE136831
IPF,T_Regulatory,CXCR3,7,0.24429906100504625,0.07635670372512474,GSE136831
IPF,T_Regulatory,CXCR4,7,4.865698660164681,0.636112717691665,GSE136831
IPF,T_Regulatory,DPP4,7,0.07109881016291017,0.016559561296403385,GSE136831
IPF,T_Regulatory,EGFR,7,0.007395869850440715,0.0026455026455026428,GSE136831
IPF,T_Regulatory,ENG,7,0.06776607392273279,0.01930681404365613,GSE136831
IPF,T_Regulatory,EPHA7,7,0.020315324403500312,0.006666666666666657,GSE136831
IPF,T_Regulatory,EPHB2,7,0.0,0.0,GSE136831
IPF,T_Regulatory,ERBB2,7,0.027330161029543172,0.013198380566801615,GSE136831
IPF,T_Regulatory,ERBB3,7,0.0,0.0,GSE136831
IPF,T_Regulatory,ERBB4,7,0.2253405022432487,0.07271833429728163,GSE136831
IPF,T_Regulatory,FGF10,7,0.005585943085943071,0.0026455026455026428,GSE136831
IPF,T_Regulatory,FGF7,7,0.0038645132568262716,0.0018796992481203,GSE136831
IPF,T_Regulatory,FGFR1,7,0.286309078049782,0.06880706038600772,GSE136831
IPF,T_Regulatory,FGFR2,7,0.0,0.0,GSE136831
IPF,T_Regulatory,FGFR3,7,0.0039128223187385,0.0019047619047619,GSE136831
IPF,T_Regulatory,FGFR4,7,0.0,0.0,GSE136831
IPF,T_Regulatory,FGFRL1,7,0.009522377912912999,0.004525201893622942,GSE136831
IPF,T_Regulatory,FLT1,7,0.4160471525411081,0.08099715099715096,GSE136831
IPF,T_Regulatory,FZD1,7,0.0,0.0,GSE136831
IPF,T_Regulatory,FZD10,7,0.0,0.0,GSE136831
IPF,T_Regulatory,FZD2,7,0.0,0.0,GSE136831
IPF,T_Regulatory,FZD3,7,0.06963469737737046,0.018337510442773586,GSE136831
IPF,T_Regulatory,FZD4,7,0.014017145772709171,0.0018796992481203,GSE136831
IPF,T_Regulatory,FZD5,7,0.0,0.0,GSE136831
IPF,T_Regulatory,FZD6,7,0.005708685218444686,0.0038095238095238,GSE136831
IPF,T_Regulatory,FZD7,7,0.0,0.0,GSE136831
IPF,T_Regulatory,FZD8,7,0.0,0.0,GSE136831
IPF,T_Regulatory,FZD9,7,0.0,0.0,GSE136831
IPF,T_Regulatory,GPC1,7,0.0,0.0,GSE136831
IPF,T_Regulatory,GRIN2B,7,0.07857217781255146,0.027599554441659683,GSE136831
IPF,T_Regulatory,GRM7,7,0.07610712682863348,0.027674742411584498,GSE136831
IPF,T_Regulatory,GSDMD,7,0.4540225224526481,0.14795385900649055,GSE136831
IPF,T_Regulatory,HBEGF,7,0.09121805724236672,0.031776663881927014,GSE136831
IPF,T_Regulatory,IL1A,7,0.009360009360009358,0.0019047619047619,GSE136831
IPF,T_Regulatory,IL1B,7,0.06378911515743194,0.015107212475633514,GSE136831
IPF,T_Regulatory,IL1R1,7,1.598739874494893,0.2561373519268256,GSE136831
IPF,T_Regulatory,IL1R2,7,0.9290439689559713,0.19086112717691658,GSE136831
IPF,T_Regulatory,IL1RAP,7,0.2861190140984661,0.07660304607673026,GSE136831
IPF,T_Regulatory,IL1RN,7,0.11074571263487053,0.03605552342394445,GSE136831
IPF,T_Regulatory,IL6,7,0.0,0.0,GSE136831
IPF,T_Regulatory,ITGA4,7,1.9486198188333148,0.34282586808902593,GSE136831
IPF,T_Regulatory,ITGA5,7,0.02541803789974943,0.011746031746031728,GSE136831
IPF,T_Regulatory,ITGA9,7,0.03195644342773028,0.014603174603174587,GSE136831
IPF,T_Regulatory,ITGAV,7,1.0119692667810043,0.23021956600903964,GSE136831
IPF,T_Regulatory,ITGB1,7,1.5037020079075187,0.31921384658226765,GSE136831
IPF,T_Regulatory,ITGB3,7,0.0,0.0,GSE136831
IPF,T_Regulatory,ITGB5,7,0.0390511095821024,0.011720969089390128,GSE136831
IPF,T_Regulatory,ITGB6,7,0.045638396370111176,0.013011803011803002,GSE136831
IPF,T_Regulatory,ITGB8,7,0.1666014764684555,0.04385300858985065,GSE136831
IPF,T_Regulatory,KDR,7,0.0,0.0,GSE136831
IPF,T_Regulatory,KLRG2,7,0.04854420454267943,0.014391534391534372,GSE136831
IPF,T_Regulatory,LDLR,7,0.6664407338312914,0.13112910481331527,GSE136831
IPF,T_Regulatory,LGR5,7,0.013343759550015143,0.007297517297517286,GSE136831
IPF,T_Regulatory,LPP,7,5.572282423154304,0.6727787417261101,GSE136831
IPF,T_Regulatory,LRP1,7,0.029391569478764097,0.011822719191140228,GSE136831
IPF,T_Regulatory,LRP2,7,0.015852583654083943,0.002747252747252743,GSE136831
IPF,T_Regulatory,LRP5,7,0.015612467369799486,0.0037844611528821998,GSE136831
IPF,T_Regulatory,LRP6,7,0.012346737990657613,0.004525201893622942,GSE136831
IPF,T_Regulatory,MCAM,7,0.039290991885622954,0.0093121693121693,GSE136831
IPF,T_Regulatory,MUSK,7,0.0,0.0,GSE136831
IPF,T_Regulatory,NLRP3,7,0.09816220938618367,0.020813358181779214,GSE136831
IPF,T_Regulatory,NOTCH1,7,0.1781806344120425,0.043981320823426054,GSE136831
IPF,T_Regulatory,NRP1,7,0.0886649735892656,0.024496069232911314,GSE136831
IPF,T_Regulatory,NRP2,7,0.04688339679395267,0.01637298374140477,GSE136831
IPF,T_Regulatory,PRLR,7,0.20821325587774792,0.03647880384722487,GSE136831
IPF,T_Regulatory,PTK7,7,0.016899485598915,0.010154660154660143,GSE136831
IPF,T_Regulatory,PTPRK,7,0.06589759986981643,0.026006683375104415,GSE136831
IPF,T_Regulatory,PYCARD,7,0.4530215077543876,0.1384274789537947,GSE136831
IPF,T_Regulatory,RECK,7,0.16941346988454437,0.05256902941113465,GSE136831
IPF,T_Regulatory,RET,7,0.0,0.0,GSE136831
IPF,T_Regulatory,ROR1,7,0.005647956117640143,0.0026455026455026428,GSE136831
IPF,T_Regulatory,ROR2,7,0.11033229621791492,0.028484030589293715,GSE136831
IPF,T_Regulatory,RYK,7,0.30735291195242126,0.07915086862455278,GSE136831
IPF,T_Regulatory,SDC2,7,0.20812140601504442,0.05367885525780258,GSE136831
IPF,T_Regulatory,SDC4,7,0.7160423738701324,0.14305143199880038,GSE136831
IPF,T_Regulatory,SIGIRR,7,0.3791898792646601,0.11732172311119675,GSE136831
IPF,T_Regulatory,SIRPA,7,0.005411173423779286,0.002747252747252743,GSE136831
IPF,T_Regulatory,SMO,7,0.005380318579423714,0.0026455026455026428,GSE136831
IPF,T_Regulatory,SPP1,7,0.8254719778469205,0.16680804575541414,GSE136831
IPF,T_Regulatory,TGFB1,7,1.4131728617975126,0.28775614249298453,GSE136831
IPF,T_Regulatory,TGFBR1,7,0.16292363034076904,0.04356468093310196,GSE136831
IPF,T_Regulatory,TGFBR2,7,1.3013985945932667,0.25410834779255825,GSE136831
IPF,T_Regulatory,TGFBR3,7,0.4363296328083514,0.10471777734935626,GSE136831
IPF,T_Regulatory,TMED5,7,0.6970599431494826,0.18739305528779207,GSE136831
IPF,T_Regulatory,TNF,7,0.21018059253844903,0.06376561060771582,GSE136831
IPF,T_Regulatory,TYRO3,7,0.019116272766427855,0.0074074074074074,GSE136831
IPF,T_Regulatory,VANGL2,7,0.0,0.0,GSE136831
IPF,T_Regulatory,VASN,7,0.03492322671391137,0.012936615041878185,GSE136831
IPF,T_Regulatory,VEGFA,7,0.023395810102684527,0.007936507936507927,GSE136831
IPF,T_Regulatory,WNT1,7,0.0,0.0,GSE136831
IPF,T_Regulatory,WNT10A,7,0.06594743475233787,0.03174196174196171,GSE136831
IPF,T_Regulatory,WNT10B,7,0.0,0.0,GSE136831
IPF,T_Regulatory,WNT11,7,0.0,0.0,GSE136831
IPF,T_Regulatory,WNT16,7,0.0,0.0,GSE136831
IPF,T_Regulatory,WNT2,7,0.0,0.0,GSE136831
IPF,T_Regulatory,WNT2B,7,0.11987608509067268,0.03036630036630033,GSE136831
IPF,T_Regulatory,WNT3,7,0.0,0.0,GSE136831
IPF,T_Regulatory,WNT3A,7,0.015473289234459014,0.0019047619047619,GSE136831
IPF,T_Regulatory,WNT4,7,0.0,0.0,GSE136831
IPF,T_Regulatory,WNT5A,7,0.00820056616708817,0.0026455026455026428,GSE136831
IPF,T_Regulatory,WNT5B,7,0.07051321590487528,0.022887774993038127,GSE136831
IPF,T_Regulatory,WNT6,7,0.02026587860945217,0.0052910052910052855,GSE136831
IPF,T_Regulatory,WNT7A,7,0.0,0.0,GSE136831
IPF,T_Regulatory,WNT7B,7,0.0,0.0,GSE136831
IPF,T_Regulatory,WNT8A,7,0.0,0.0,GSE136831
IPF,T_Regulatory,WNT8B,7,0.012605811308870158,0.004761904761904757,GSE136831
IPF,T_Regulatory,WNT9A,7,0.005456207117622186,0.0019047619047619,GSE136831
IPF,T_Regulatory,WNT9B,7,0.0,0.0,GSE136831
IPF,T_Regulatory,XCR1,7,0.0,0.0,GSE136831
IPF,VE_Capillary_B,ACKR1,3,1.4694999050178847,0.20473917790849208,GSE136831
IPF,VE_Capillary_B,ACKR2,3,0.0016711964446298334,0.0037453183520599,GSE136831
IPF,VE_Capillary_B,ACKR3,3,0.028404769969160998,0.019508334018213867,GSE136831
IPF,VE_Capillary_B,ACKR4,3,0.014072043110016032,0.005050505050505034,GSE136831
IPF,VE_Capillary_B,ACVR1,3,0.12112051445196607,0.05312129430688126,GSE136831
IPF,VE_Capillary_B,ACVR1B,3,0.36630601368841037,0.13245688187571178,GSE136831
IPF,VE_Capillary_B,ACVR1C,3,0.010507487028390834,0.007490636704119834,GSE136831
IPF,VE_Capillary_B,ACVRL1,3,2.1391348992861428,0.4963026232882877,GSE136831
IPF,VE_Capillary_B,ADGRA2,3,0.10271567564686944,0.0472009909243539,GSE136831
IPF,VE_Capillary_B,ADRA2A,3,0.0,0.0,GSE136831
IPF,VE_Capillary_B,ADRB2,3,0.21566970315808545,0.0780304008703853,GSE136831
IPF,VE_Capillary_B,ANTXR1,3,0.2950668420742466,0.10842148724752361,GSE136831
IPF,VE_Capillary_B,APCDD1,3,0.055902169102807396,0.03265804108500737,GSE136831
IPF,VE_Capillary_B,AREG,3,0.7307169014100321,0.12122386202200226,GSE136831
IPF,VE_Capillary_B,ATP6AP2,3,0.6685291924305149,0.2330472489325647,GSE136831
IPF,VE_Capillary_B,AVPR1A,3,0.0,0.0,GSE136831
IPF,VE_Capillary_B,CASP1,3,0.2093496880327452,0.095795224621261,GSE136831
IPF,VE_Capillary_B,CAV1,3,8.039746219309267,0.7510263424637698,GSE136831
IPF,VE_Capillary_B,CCL2,3,4.777989414184835,0.32587204865391617,GSE136831
IPF,VE_Capillary_B,CCR1,3,0.0015293255827112668,0.0037453183520599,GSE136831
IPF,VE_Capillary_B,CCR10,3,0.026829307773843635,0.018811712631937334,GSE136831
IPF,VE_Capillary_B,CCR2,3,0.0,0.0,GSE136831
IPF,VE_Capillary_B,CCR3,3,0.0,0.0,GSE136831
IPF,VE_Capillary_B,CCR4,3,0.0051556809417160334,0.0025252525252525,GSE136831
IPF,VE_Capillary_B,CCR5,3,0.0,0.0,GSE136831
IPF,VE_Capillary_B,CD36,3,2.915095976763107,0.35912593584038754,GSE136831
IPF,VE_Capillary_B,CD4,3,0.05129370540644307,0.019508334018213867,GSE136831
IPF,VE_Capillary_B,CD44,3,2.513163322958036,0.37378531537772136,GSE136831
IPF,VE_Capillary_B,CD82,3,0.586125338684723,0.20222468779229721,GSE136831
IPF,VE_Capillary_B,CD9,3,4.430268717748619,0.6694374977985982,GSE136831
IPF,VE_Capillary_B,CSF1,3,0.5380732784884851,0.1848913388045507,GSE136831
IPF,VE_Capillary_B,CSF1R,3,0.040426561748674435,0.025255460454995465,GSE136831
IPF,VE_Capillary_B,CXCL1,3,0.07239626139818546,0.010015889229372334,GSE136831
IPF,VE_Capillary_B,CXCL12,3,0.607106888667723,0.16599157009850538,GSE136831
IPF,VE_Capillary_B,CXCL2,3,1.4437747088116888,0.20743467217702005,GSE136831
IPF,VE_Capillary_B,CXCR1,3,0.0,0.0,GSE136831
IPF,VE_Capillary_B,CXCR2,3,0.0,0.0,GSE136831
IPF,VE_Capillary_B,CXCR3,3,0.0,0.0,GSE136831
IPF,VE_Capillary_B,CXCR4,3,0.11539417541588547,0.04937597595482133,GSE136831
IPF,VE_Capillary_B,DPP4,3,0.0024188242579046997,0.0025252525252525,GSE136831
IPF,VE_Capillary_B,EGFR,3,1.9834115452165193,0.40076178288111647,GSE136831
IPF,VE_Capillary_B,ENG,3,6.255047762187993,0.7739307057400819,GSE136831
IPF,VE_Capillary_B,EPHA7,3,0.08709931842101815,0.03379298604017703,GSE136831
IPF,VE_Capillary_B,EPHB2,3,0.0061621284236529,0.007490636704119834,GSE136831
IPF,VE_Capillary_B,ERBB2,3,0.0694779280826218,0.03257292021336963,GSE136831
IPF,VE_Capillary_B,ERBB3,3,0.007778469708463867,0.007490636704119834,GSE136831
IPF,VE_Capillary_B,ERBB4,3,0.12973107733376252,0.05974213267897884,GSE136831
IPF,VE_Capillary_B,FGF10,3,0.0,0.0,GSE136831
IPF,VE_Capillary_B,FGF7,3,0.024665823776191736,0.008795823402564934,GSE136831
IPF,VE_Capillary_B,FGFR1,3,1.1232137339480792,0.33624211898136735,GSE136831
IPF,VE_Capillary_B,FGFR2,3,0.013917194622940466,0.008795823402564934,GSE136831
IPF,VE_Capillary_B,FGFR3,3,0.0152232317772878,0.0175065259334922,GSE136831
IPF,VE_Capillary_B,FGFR4,3,0.0013833210217762335,0.0025252525252525,GSE136831
IPF,VE_Capillary_B,FGFRL1,3,0.013406783145394535,0.006270570877312399,GSE136831
IPF,VE_Capillary_B,FLT1,3,5.611160404206021,0.629544182624384,GSE136831
IPF,VE_Capillary_B,FZD1,3,0.010536453453141933,0.006270570877312399,GSE136831
IPF,VE_Capillary_B,FZD10,3,0.025033884346715232,0.013761207581432266,GSE136831
IPF,VE_Capillary_B,FZD2,3,0.0,0.0,GSE136831
IPF,VE_Capillary_B,FZD3,3,0.009554493095923267,0.0025252525252525,GSE136831
IPF,VE_Capillary_B,FZD4,3,0.7980525774588442,0.24323729350850617,GSE136831
IPF,VE_Capillary_B,FZD5,3,0.030162985976049033,0.0162864601066848,GSE136831
IPF,VE_Capillary_B,FZD6,3,0.25023321240979257,0.12392326989382392,GSE136831
IPF,VE_Capillary_B,FZD7,3,0.0,0.0,GSE136831
IPF,VE_Capillary_B,FZD8,3,0.04325496214582061,0.015066394279877401,GSE136831
IPF,VE_Capillary_B,FZD9,3,0.0,0.0,GSE136831
IPF,VE_Capillary_B,GPC1,3,0.0041465558706938,0.0025252525252525,GSE136831
IPF,VE_Capillary_B,GRIN2B,3,0.14085879453087247,0.05713175928208857,GSE136831
IPF,VE_Capillary_B,GRM7,3,0.0869906610598666,0.03587991499653643,GSE136831
IPF,VE_Capillary_B,GSDMD,3,0.6354248240060415,0.23774846488910803,GSE136831
IPF,VE_Capillary_B,HBEGF,3,0.43186784127025907,0.1671294502561453,GSE136831
IPF,VE_Capillary_B,IL1A,3,0.011003496911318399,0.0057471264367816,GSE136831
IPF,VE_Capillary_B,IL1B,3,0.04309906427445876,0.010015889229372334,GSE136831
IPF,VE_Capillary_B,IL1R1,3,1.217089039642496,0.22886360701161165,GSE136831
IPF,VE_Capillary_B,IL1R2,3,0.04810656017466617,0.013237763140901434,GSE136831
IPF,VE_Capillary_B,IL1RAP,3,1.555741210793675,0.3095004676755936,GSE136831
IPF,VE_Capillary_B,IL1RN,3,0.0598163214413211,0.013761207581432266,GSE136831
IPF,VE_Capillary_B,IL6,3,1.7717537938531651,0.19994403547290018,GSE136831
IPF,VE_Capillary_B,ITGA4,3,0.08374461685195721,0.03875837021904433,GSE136831
IPF,VE_Capillary_B,ITGA5,3,0.9104368504027874,0.29365624474109553,GSE136831
IPF,VE_Capillary_B,ITGA9,3,0.10683344200592688,0.049032557265800164,GSE136831
IPF,VE_Capillary_B,ITGAV,3,4.407138130989608,0.6161322641369135,GSE136831
IPF,VE_Capillary_B,ITGB1,3,1.768888283687008,0.4568671996994353,GSE136831
IPF,VE_Capillary_B,ITGB3,3,0.03984979324349763,0.0265606471534406,GSE136831
IPF,VE_Capillary_B,ITGB5,3,0.2425260466712299,0.08882803235767196,GSE136831
IPF,VE_Capillary_B,ITGB6,3,0.045644559824988995,0.02386221768244236,GSE136831
IPF,VE_Capillary_B,ITGB8,3,0.02911020829414863,0.015066394279877401,GSE136831
IPF,VE_Capillary_B,KDR,3,0.8382752894125297,0.24654037468837933,GSE136831
IPF,VE_Capillary_B,KLRG2,3,0.0,0.0,GSE136831
IPF,VE_Capillary_B,LDLR,3,2.232869585499444,0.45685741569120103,GSE136831
IPF,VE_Capillary_B,LGR5,3,0.011101861909659469,0.008795823402564934,GSE136831
IPF,VE_Capillary_B,LPP,3,6.589013701197554,0.780024186068355,GSE136831
IPF,VE_Capillary_B,LRP1,3,0.017875799389411334,0.012541141754624868,GSE136831
IPF,VE_Capillary_B,LRP2,3,0.024556401476945235,0.0094924447888415,GSE136831
IPF,VE_Capillary_B,LRP5,3,0.17687722512728046,0.09204990626920107,GSE136831
IPF,VE_Capillary_B,LRP6,3,0.40075973649616636,0.13228370492996602,GSE136831
IPF,VE_Capillary_B,MCAM,3,0.7673773401801262,0.2665750883495943,GSE136831
IPF,VE_Capillary_B,MUSK,3,0.0,0.0,GSE136831
IPF,VE_Capillary_B,NLRP3,3,0.08754723632581045,0.024558839068718932,GSE136831
IPF,VE_Capillary_B,NOTCH1,3,0.6540760533064397,0.22285524755497632,GSE136831
IPF,VE_Capillary_B,NRP1,3,2.187424274119292,0.43839890575651913,GSE136831
IPF,VE_Capillary_B,NRP2,3,0.11088015395541119,0.04519918283963223,GSE136831
IPF,VE_Capillary_B,PRLR,3,0.041597726757243464,0.0212518442855521,GSE136831
IPF,VE_Capillary_B,PTK7,3,0.0511337247676337,0.0327460971591153,GSE136831
IPF,VE_Capillary_B,PTPRK,3,5.647119644978216,0.7525047061079606,GSE136831
IPF,VE_Capillary_B,PYCARD,3,0.3259766046271078,0.12165631518595481,GSE136831
IPF,VE_Capillary_B,RECK,3,0.3406986969084196,0.1372520243113036,GSE136831
IPF,VE_Capillary_B,RET,3,0.004368737142260467,0.0037453183520599,GSE136831
IPF,VE_Capillary_B,ROR1,3,0.004988078398380533,0.008795823402564934,GSE136831
IPF,VE_Capillary_B,ROR2,3,0.05374327540971993,0.03587991499653643,GSE136831
IPF,VE_Capillary_B,RYK,3,0.5624244269886162,0.19333689471233054,GSE136831
IPF,VE_Capillary_B,SDC2,3,0.20514985450049125,0.0767252141719402,GSE136831
IPF,VE_Capillary_B,SDC4,3,0.19826005315194847,0.049556001706331,GSE136831
IPF,VE_Capillary_B,SIGIRR,3,0.5486071036334167,0.22111467249010833,GSE136831
IPF,VE_Capillary_B,SIRPA,3,0.08860484295417653,0.02403539462818807,GSE136831
IPF,VE_Capillary_B,SMO,3,0.009525224700050667,0.0037453183520599,GSE136831
IPF,VE_Capillary_B,SPP1,3,0.34744666731357926,0.13567582058477057,GSE136831
IPF,VE_Capillary_B,TGFB1,3,1.0631231841281383,0.2892240890109933,GSE136831
IPF,VE_Capillary_B,TGFBR1,3,0.3604735518254236,0.1238410842246564,GSE136831
IPF,VE_Capillary_B,TGFBR2,3,3.5483725489312525,0.5948843334546551,GSE136831
IPF,VE_Capillary_B,TGFBR3,3,1.2050464423021172,0.2864336898625934,GSE136831
IPF,VE_Capillary_B,TMED5,3,0.45079127658139734,0.174960570446816,GSE136831
IPF,VE_Capillary_B,TNF,3,0.0,0.0,GSE136831
IPF,VE_Capillary_B,TYRO3,3,0.046958384181404335,0.02089864158829673,GSE136831
IPF,VE_Capillary_B,VANGL2,3,0.17756496363373653,0.07306795189398826,GSE136831
IPF,VE_Capillary_B,VASN,3,0.03502734105664117,0.012017697314094,GSE136831
IPF,VE_Capillary_B,VEGFA,3,0.12510700929847526,0.0500725973410979,GSE136831
IPF,VE_Capillary_B,WNT1,3,0.0,0.0,GSE136831
IPF,VE_Capillary_B,WNT10A,3,0.0,0.0,GSE136831
IPF,VE_Capillary_B,WNT10B,3,0.0,0.0,GSE136831
IPF,VE_Capillary_B,WNT11,3,0.008622706148665267,0.007490636704119834,GSE136831
IPF,VE_Capillary_B,WNT16,3,0.0,0.0,GSE136831
IPF,VE_Capillary_B,WNT2,3,0.008485391549907666,0.0025252525252525,GSE136831
IPF,VE_Capillary_B,WNT2B,3,0.9431835933771678,0.24950395078252496,GSE136831
IPF,VE_Capillary_B,WNT3,3,0.022446689113355765,0.0025252525252525,GSE136831
IPF,VE_Capillary_B,WNT3A,3,0.0,0.0,GSE136831
IPF,VE_Capillary_B,WNT4,3,0.0259458123673016,0.012626262626262598,GSE136831
IPF,VE_Capillary_B,WNT5A,3,0.002202739723613433,0.0037453183520599,GSE136831
IPF,VE_Capillary_B,WNT5B,3,0.8600117896153477,0.20753642586265597,GSE136831
IPF,VE_Capillary_B,WNT6,3,0.0,0.0,GSE136831
IPF,VE_Capillary_B,WNT7A,3,0.0,0.0,GSE136831
IPF,VE_Capillary_B,WNT7B,3,0.0020722571190321,0.0025252525252525,GSE136831
IPF,VE_Capillary_B,WNT8A,3,0.0,0.0,GSE136831
IPF,VE_Capillary_B,WNT8B,3,0.0,0.0,GSE136831
IPF,VE_Capillary_B,WNT9A,3,0.013225942521516501,0.005050505050505034,GSE136831
IPF,VE_Capillary_B,WNT9B,3,0.0062447924698627,0.005050505050505034,GSE136831
IPF,VE_Capillary_B,XCR1,3,0.0,0.0,GSE136831
IPF,VE_Peribronchial,ACKR1,12,10.868777464345515,0.7150059938381098,GSE136831
IPF,VE_Peribronchial,ACKR2,12,0.010662205561756117,0.006606346003971117,GSE136831
IPF,VE_Peribronchial,ACKR3,12,0.3720144189531564,0.12806510517275302,GSE136831
IPF,VE_Peribronchial,ACKR4,12,0.003588777583800508,0.004181983130876925,GSE136831
IPF,VE_Peribronchial,ACVR1,12,0.20136201783213145,0.11789409361103205,GSE136831
IPF,VE_Peribronchial,ACVR1B,12,0.3547877590521123,0.19520953632595872,GSE136831
IPF,VE_Peribronchial,ACVR1C,12,0.015017269086676291,0.013596455424678841,GSE136831
IPF,VE_Peribronchial,ACVRL1,12,0.43452327983752875,0.2497039035788854,GSE136831
IPF,VE_Peribronchial,ADGRA2,12,0.04803343020446472,0.028372224952208966,GSE136831
IPF,VE_Peribronchial,ADRA2A,12,0.0036651758786938582,0.0025167881748761334,GSE136831
IPF,VE_Peribronchial,ADRB2,12,0.11751133144242924,0.08363424414560407,GSE136831
IPF,VE_Peribronchial,ANTXR1,12,0.024273824308311504,0.016337486214146532,GSE136831
IPF,VE_Peribronchial,APCDD1,12,0.030307512333220408,0.015966463507420894,GSE136831
IPF,VE_Peribronchial,AREG,12,0.1416498280394686,0.08901649569778404,GSE136831
IPF,VE_Peribronchial,ATP6AP2,12,0.43653598767816426,0.2555424833149562,GSE136831
IPF,VE_Peribronchial,AVPR1A,12,0.000132580952338525,0.0009920634920634918,GSE136831
IPF,VE_Peribronchial,CASP1,12,0.11699037259940413,0.09207579899674406,GSE136831
IPF,VE_Peribronchial,CAV1,12,5.460089885376456,0.7515512501072555,GSE136831
IPF,VE_Peribronchial,CCL2,12,2.638919302783764,0.3568434412667605,GSE136831
IPF,VE_Peribronchial,CCR1,12,0.012285002752482907,0.003557820102114733,GSE136831
IPF,VE_Peribronchial,CCR10,12,0.01380446855072625,0.005697773546098075,GSE136831
IPF,VE_Peribronchial,CCR2,12,0.000503038351643925,0.0006944444444444417,GSE136831
IPF,VE_Peribronchial,CCR3,12,0.01226681692362841,0.004454164543516725,GSE136831
IPF,VE_Peribronchial,CCR4,12,0.004574124866887258,0.0043336505740778,GSE136831
IPF,VE_Peribronchial,CCR5,12,0.0,0.0,GSE136831
IPF,VE_Peribronchial,CD36,12,0.4516322789874898,0.12352340524081824,GSE136831
IPF,VE_Peribronchial,CD4,12,0.05384808860508029,0.027424815590135588,GSE136831
IPF,VE_Peribronchial,CD44,12,0.16942684909278452,0.10223467027915316,GSE136831
IPF,VE_Peribronchial,CD82,12,0.07244641525109187,0.04980725754058469,GSE136831
IPF,VE_Peribronchial,CD9,12,3.167738252319174,0.658945469254291,GSE136831
IPF,VE_Peribronchial,CSF1,12,0.11763302081864573,0.07936266918711969,GSE136831
IPF,VE_Peribronchial,CSF1R,12,0.06675968904949658,0.03760884787549134,GSE136831
IPF,VE_Peribronchial,CXCL1,12,0.07851426115472004,0.04830321829418841,GSE136831
IPF,VE_Peribronchial,CXCL12,12,0.746772963465185,0.20875739118560854,GSE136831
IPF,VE_Peribronchial,CXCL2,12,2.214226477498947,0.36072403925875735,GSE136831
IPF,VE_Peribronchial,CXCR1,12,0.0001079843032289,0.0003840245775729583,GSE136831
IPF,VE_Peribronchial,CXCR2,12,0.005065706225342933,0.0033908221408221334,GSE136831
IPF,VE_Peribronchial,CXCR3,12,6.862665491119166e-05,0.0003501400560224083,GSE136831
IPF,VE_Peribronchial,CXCR4,12,0.09707712029679906,0.0693681186942766,GSE136831
IPF,VE_Peribronchial,DPP4,12,0.015106022557441333,0.012003445835335075,GSE136831
IPF,VE_Peribronchial,EGFR,12,0.37199445058705766,0.1765579226202226,GSE136831
IPF,VE_Peribronchial,ENG,12,3.29994525570083,0.7130842681766368,GSE136831
IPF,VE_Peribronchial,EPHA7,12,0.04962629833978525,0.04066235008740293,GSE136831
IPF,VE_Peribronchial,EPHB2,12,0.03490284935263764,0.019291038514465342,GSE136831
IPF,VE_Peribronchial,ERBB2,12,0.04752845537669246,0.03168413415867787,GSE136831
IPF,VE_Peribronchial,ERBB3,12,0.02367882087050976,0.011592869606447643,GSE136831
IPF,VE_Peribronchial,ERBB4,12,0.16498210676607594,0.10402467152842378,GSE136831
IPF,VE_Peribronchial,FGF10,12,0.000935000147611675,0.0031565656565656504,GSE136831
IPF,VE_Peribronchial,FGF7,12,0.008048339982443767,0.010061007546251834,GSE136831
IPF,VE_Peribronchial,FGFR1,12,1.0617914483546513,0.3810760189100793,GSE136831
IPF,VE_Peribronchial,FGFR2,12,0.02310388735931125,0.018789425498534542,GSE136831
IPF,VE_Peribronchial,FGFR3,12,0.024765498569626034,0.0175942342508196,GSE136831
IPF,VE_Peribronchial,FGFR4,12,0.007467451643403524,0.0050872611828245,GSE136831
IPF,VE_Peribronchial,FGFRL1,12,0.01365817845985305,0.0140152967111174,GSE136831
IPF,VE_Peribronchial,FLT1,12,5.233877625052315,0.7586283441693277,GSE136831
IPF,VE_Peribronchial,FZD1,12,0.008836738412338625,0.009190428805654108,GSE136831
IPF,VE_Peribronchial,FZD10,12,0.003921679357221067,0.00046040515653775004,GSE136831
IPF,VE_Peribronchial,FZD2,12,0.00020992868638551666,0.0003501400560224083,GSE136831
IPF,VE_Peribronchial,FZD3,12,0.015231688031074333,0.012576852163182224,GSE136831
IPF,VE_Peribronchial,FZD4,12,0.3955579459746283,0.21695480141822562,GSE136831
IPF,VE_Peribronchial,FZD5,12,0.029956420678303727,0.01973378309183196,GSE136831
IPF,VE_Peribronchial,FZD6,12,0.8276914254981532,0.3671310694973979,GSE136831
IPF,VE_Peribronchial,FZD7,12,0.0043502708985051,0.0017803677520728835,GSE136831
IPF,VE_Peribronchial,FZD8,12,0.010233028385600125,0.012689074228362926,GSE136831
IPF,VE_Peribronchial,FZD9,12,0.0,0.0,GSE136831
IPF,VE_Peribronchial,GPC1,12,0.012624490762426492,0.009167560145338283,GSE136831
IPF,VE_Peribronchial,GRIN2B,12,0.04647053844870002,0.03587368664290184,GSE136831
IPF,VE_Peribronchial,GRM7,12,0.11941871285430901,0.08461805874207957,GSE136831
IPF,VE_Peribronchial,GSDMD,12,0.41140736075053214,0.24137614610365743,GSE136831
IPF,VE_Peribronchial,HBEGF,12,0.572334988267374,0.2622759604715909,GSE136831
IPF,VE_Peribronchial,IL1A,12,0.0011041453062114249,0.0019832010813486166,GSE136831
IPF,VE_Peribronchial,IL1B,12,0.016562623490916174,0.011573518759639483,GSE136831
IPF,VE_Peribronchial,IL1R1,12,5.225493595959995,0.590310366796274,GSE136831
IPF,VE_Peribronchial,IL1R2,12,0.04712676817003266,0.030607192404154285,GSE136831
IPF,VE_Peribronchial,IL1RAP,12,0.652414541117345,0.2763635076092725,GSE136831
IPF,VE_Peribronchial,IL1RN,12,0.05216292651411455,0.026720381267022374,GSE136831
IPF,VE_Peribronchial,IL6,12,1.1875122727553389,0.20258742864509302,GSE136831
IPF,VE_Peribronchial,ITGA4,12,0.008764739838295267,0.005882102122529342,GSE136831
IPF,VE_Peribronchial,ITGA5,12,1.1092471166046813,0.4326651691234619,GSE136831
IPF,VE_Peribronchial,ITGA9,12,0.9161487609236763,0.31333639750644887,GSE136831
IPF,VE_Peribronchial,ITGAV,12,3.651441258937822,0.6560024413159031,GSE136831
IPF,VE_Peribronchial,ITGB1,12,1.4469527960705546,0.5311874991197932,GSE136831
IPF,VE_Peribronchial,ITGB3,12,0.31787387496195235,0.1518968029240953,GSE136831
IPF,VE_Peribronchial,ITGB5,12,0.1986879624896545,0.0990336798532137,GSE136831
IPF,VE_Peribronchial,ITGB6,12,0.13805533527798078,0.0685035627750309,GSE136831
IPF,VE_Peribronchial,ITGB8,12,0.04456436837258176,0.021211668559366067,GSE136831
IPF,VE_Peribronchial,KDR,12,0.6106427842266159,0.2690858879149602,GSE136831
IPF,VE_Peribronchial,KLRG2,12,0.01707055816990227,0.015079750406471226,GSE136831
IPF,VE_Peribronchial,LDLR,12,2.1321902999496523,0.5700670514749488,GSE136831
IPF,VE_Peribronchial,LGR5,12,0.04006442347295182,0.016628738746866992,GSE136831
IPF,VE_Peribronchial,LPP,12,6.516366923698103,0.8477668100326059,GSE136831
IPF,VE_Peribronchial,LRP1,12,0.040065131840465305,0.03341923924627618,GSE136831
IPF,VE_Peribronchial,LRP2,12,0.013694375154039476,0.013827608902205392,GSE136831
IPF,VE_Peribronchial,LRP5,12,0.43389010148690016,0.21658202751603103,GSE136831
IPF,VE_Peribronchial,LRP6,12,0.3032918964256443,0.17735497255468982,GSE136831
IPF,VE_Peribronchial,MCAM,12,0.8610156540306558,0.37451566901470307,GSE136831
IPF,VE_Peribronchial,MUSK,12,0.02094899378714081,0.012775478225453616,GSE136831
IPF,VE_Peribronchial,NLRP3,12,0.023145244008595457,0.021326380694055343,GSE136831
IPF,VE_Peribronchial,NOTCH1,12,0.4375580675070812,0.2355835713985908,GSE136831
IPF,VE_Peribronchial,NRP1,12,3.642392467517134,0.6677421033411433,GSE136831
IPF,VE_Peribronchial,NRP2,12,0.6112089835708387,0.27450541479398444,GSE136831
IPF,VE_Peribronchial,PRLR,12,0.0110065892772139,0.009291876429150183,GSE136831
IPF,VE_Peribronchial,PTK7,12,0.12974418530066248,0.08207069199643309,GSE136831
IPF,VE_Peribronchial,PTPRK,12,4.1750424816725795,0.7085349826810173,GSE136831
IPF,VE_Peribronchial,PYCARD,12,0.1513493221044073,0.11856782082466351,GSE136831
IPF,VE_Peribronchial,RECK,12,0.1798745087625373,0.09461980459153968,GSE136831
IPF,VE_Peribronchial,RET,12,0.0,0.0,GSE136831
IPF,VE_Peribronchial,ROR1,12,0.06572011907231318,0.0377137865006944,GSE136831
IPF,VE_Peribronchial,ROR2,12,0.09549197202250481,0.06737484932732808,GSE136831
IPF,VE_Peribronchial,RYK,12,0.7161525005352503,0.32272267752451317,GSE136831
IPF,VE_Peribronchial,SDC2,12,0.0781389503370749,0.045054949339461116,GSE136831
IPF,VE_Peribronchial,SDC4,12,0.11557872770878064,0.06631197026240208,GSE136831
IPF,VE_Peribronchial,SIGIRR,12,0.3400796960880524,0.2203876876150639,GSE136831
IPF,VE_Peribronchial,SIRPA,12,0.12286190441247907,0.06921556220015987,GSE136831
IPF,VE_Peribronchial,SMO,12,0.011721677260144408,0.01275765368402465,GSE136831
IPF,VE_Peribronchial,SPP1,12,1.2239120379950266,0.25622881415889237,GSE136831
IPF,VE_Peribronchial,TGFB1,12,0.6124778474032556,0.3106573067980412,GSE136831
IPF,VE_Peribronchial,TGFBR1,12,0.2539837443160446,0.13258708512399542,GSE136831
IPF,VE_Peribronchial,TGFBR2,12,5.025279128925123,0.7738527242527602,GSE136831
IPF,VE_Peribronchial,TGFBR3,12,4.128985030388235,0.6433732539700495,GSE136831
IPF,VE_Peribronchial,TMED5,12,0.5577611736167694,0.29609286157584574,GSE136831
IPF,VE_Peribronchial,TNF,12,0.0069089542899830915,0.005880041826174409,GSE136831
IPF,VE_Peribronchial,TYRO3,12,0.024170603987057174,0.020315419092224434,GSE136831
IPF,VE_Peribronchial,VANGL2,12,0.0012538653779200668,0.0018551297130270084,GSE136831
IPF,VE_Peribronchial,VASN,12,0.008142522481094766,0.003118899074781417,GSE136831
IPF,VE_Peribronchial,VEGFA,12,0.0643661612314635,0.04424598773009653,GSE136831
IPF,VE_Peribronchial,WNT1,12,0.0,0.0,GSE136831
IPF,VE_Peribronchial,WNT10A,12,0.001190773883947175,0.0003840245775729583,GSE136831
IPF,VE_Peribronchial,WNT10B,12,0.0008988776972623001,0.00046040515653775004,GSE136831
IPF,VE_Peribronchial,WNT11,12,0.00931543436041935,0.004784852946617633,GSE136831
IPF,VE_Peribronchial,WNT16,12,0.00395694590454495,0.0049758384317207666,GSE136831
IPF,VE_Peribronchial,WNT2,12,0.004092326480964909,0.0032634563466857,GSE136831
IPF,VE_Peribronchial,WNT2B,12,0.8313124265813715,0.3320043149182421,GSE136831
IPF,VE_Peribronchial,WNT3,12,0.024951564384448042,0.01977389139338615,GSE136831
IPF,VE_Peribronchial,WNT3A,12,0.006564194767825567,0.004090408502173191,GSE136831
IPF,VE_Peribronchial,WNT4,12,0.013545163157008199,0.00869498229572855,GSE136831
IPF,VE_Peribronchial,WNT5A,12,0.0024158659691292834,0.0032370534502638333,GSE136831
IPF,VE_Peribronchial,WNT5B,12,0.09606264266214486,0.06131209091137766,GSE136831
IPF,VE_Peribronchial,WNT6,12,0.0025597234679543084,0.0005411255411255333,GSE136831
IPF,VE_Peribronchial,WNT7A,12,0.0,0.0,GSE136831
IPF,VE_Peribronchial,WNT7B,12,0.013588602149879283,0.0070342693798326915,GSE136831
IPF,VE_Peribronchial,WNT8A,12,0.002636126714352808,0.0032094080601543086,GSE136831
IPF,VE_Peribronchial,WNT8B,12,0.016032237263453143,0.012698840272284568,GSE136831
IPF,VE_Peribronchial,WNT9A,12,0.010244569126003125,0.006203622498079625,GSE136831
IPF,VE_Peribronchial,WNT9B,12,0.03391419730309848,0.025941907511074693,GSE136831
IPF,VE_Peribronchial,XCR1,12,0.0,0.0,GSE136831
IPF,VE_Venous,ACKR1,2,13.887822278637948,0.8618509550712941,GSE136831
IPF,VE_Venous,ACKR2,2,0.0228338900282793,0.01694915254237285,GSE136831
IPF,VE_Venous,ACKR3,2,0.46439470612302264,0.18105999461931666,GSE136831
IPF,VE_Venous,ACKR4,2,0.00925677364411405,0.0084745762711864,GSE136831
IPF,VE_Venous,ACVR1,2,0.49818437549323485,0.14769975786924933,GSE136831
IPF,VE_Venous,ACVR1B,2,0.2726530743815647,0.15725047080979285,GSE136831
IPF,VE_Venous,ACVR1C,2,0.0099759579413613,0.0084745762711864,GSE136831
IPF,VE_Venous,ACVRL1,2,1.5726748055549935,0.48601022329835886,GSE136831
IPF,VE_Venous,ADGRA2,2,0.0254648553075534,0.02488566047888075,GSE136831
IPF,VE_Venous,ADRA2A,2,0.0,0.0,GSE136831
IPF,VE_Venous,ADRB2,2,0.3565063717084051,0.1329028786655905,GSE136831
IPF,VE_Venous,ANTXR1,2,0.0145732699862843,0.0254237288135593,GSE136831
IPF,VE_Venous,APCDD1,2,0.0,0.0,GSE136831
IPF,VE_Venous,AREG,2,0.01515271352094895,0.02488566047888075,GSE136831
IPF,VE_Venous,ATP6AP2,2,0.5607369766219943,0.24199623352165725,GSE136831
IPF,VE_Venous,AVPR1A,2,0.01291401820131665,0.0254237288135593,GSE136831
IPF,VE_Venous,CASP1,2,0.18097276593865105,0.10801721818670965,GSE136831
IPF,VE_Venous,CAV1,2,5.4117991129252605,0.6316922249125638,GSE136831
IPF,VE_Venous,CCL2,2,1.613882101591836,0.26849609900457355,GSE136831
IPF,VE_Venous,CCR1,2,0.0,0.0,GSE136831
IPF,VE_Venous,CCR10,2,0.00256548792758345,0.0084745762711864,GSE136831
IPF,VE_Venous,CCR2,2,0.0,0.0,GSE136831
IPF,VE_Venous,CCR3,2,0.0,0.0,GSE136831
IPF,VE_Venous,CCR4,2,0.0,0.0,GSE136831
IPF,VE_Venous,CCR5,2,0.0,0.0,GSE136831
IPF,VE_Venous,CD36,2,0.6549448038635592,0.0503093892924401,GSE136831
IPF,VE_Venous,CD4,2,0.12289670201765004,0.08259348937315035,GSE136831
IPF,VE_Venous,CD44,2,0.25867120276404804,0.1339790153349475,GSE136831
IPF,VE_Venous,CD82,2,0.5573687836791861,0.21388216303470536,GSE136831
IPF,VE_Venous,CD9,2,2.959199133547277,0.5024213075060533,GSE136831
IPF,VE_Venous,CSF1,2,0.1742956155005839,0.09322033898305085,GSE136831
IPF,VE_Venous,CSF1R,2,0.0638625838184222,0.024347592144202252,GSE136831
IPF,VE_Venous,CXCL1,2,0.06722849667379704,0.041296744686575154,GSE136831
IPF,VE_Venous,CXCL12,2,0.30005156913716924,0.12335216572504705,GSE136831
IPF,VE_Venous,CXCL2,2,3.141934414588976,0.38391175679311274,GSE136831
IPF,VE_Venous,CXCR1,2,0.0,0.0,GSE136831
IPF,VE_Venous,CXCR2,2,0.0,0.0,GSE136831
IPF,VE_Venous,CXCR3,2,0.0,0.0,GSE136831
IPF,VE_Venous,CXCR4,2,0.09088350517070005,0.0328221684153887,GSE136831
IPF,VE_Venous,DPP4,2,0.00619305486055715,0.0084745762711864,GSE136831
IPF,VE_Venous,EGFR,2,0.7447645473846013,0.23769168684422914,GSE136831
IPF,VE_Venous,ENG,2,5.481205037157544,0.8142319074522464,GSE136831
IPF,VE_Venous,EPHA7,2,0.0865142027264775,0.05084745762711865,GSE136831
IPF,VE_Venous,EPHB2,2,0.0,0.0,GSE136831
IPF,VE_Venous,ERBB2,2,0.1839949779534544,0.0497713209577616,GSE136831
IPF,VE_Venous,ERBB3,2,0.0,0.0,GSE136831
IPF,VE_Venous,ERBB4,2,0.0693394713193334,0.0497713209577616,GSE136831
IPF,VE_Venous,FGF10,2,0.00357645348858,0.0079365079365079,GSE136831
IPF,VE_Venous,FGF7,2,0.0308952835260169,0.0084745762711864,GSE136831
IPF,VE_Venous,FGFR1,2,0.9413421288857061,0.32929782082324455,GSE136831
IPF,VE_Venous,FGFR2,2,0.05910140331714245,0.02488566047888075,GSE136831
IPF,VE_Venous,FGFR3,2,0.05103295545818845,0.0254237288135593,GSE136831
IPF,VE_Venous,FGFR4,2,0.0,0.0,GSE136831
IPF,VE_Venous,FGFRL1,2,0.0,0.0,GSE136831
IPF,VE_Venous,FLT1,2,2.9957284388737975,0.536319612590799,GSE136831
IPF,VE_Venous,FZD1,2,0.01457232044909835,0.01694915254237285,GSE136831
IPF,VE_Venous,FZD10,2,0.0,0.0,GSE136831
IPF,VE_Venous,FZD2,2,0.00502078101261115,0.0084745762711864,GSE136831
IPF,VE_Venous,FZD3,2,0.0317073091173826,0.0164110842076943,GSE136831
IPF,VE_Venous,FZD4,2,0.860757970589207,0.27320419693301046,GSE136831
IPF,VE_Venous,FZD5,2,0.0146644337622191,0.0084745762711864,GSE136831
IPF,VE_Venous,FZD6,2,0.5153541687106877,0.2144202313693839,GSE136831
IPF,VE_Venous,FZD7,2,0.0,0.0,GSE136831
IPF,VE_Venous,FZD8,2,0.02288932162030085,0.01694915254237285,GSE136831
IPF,VE_Venous,FZD9,2,0.0,0.0,GSE136831
IPF,VE_Venous,GPC1,2,0.0,0.0,GSE136831
IPF,VE_Venous,GRIN2B,2,0.2010237046897368,0.06672047350013449,GSE136831
IPF,VE_Venous,GRM7,2,0.0131443476979042,0.0254237288135593,GSE136831
IPF,VE_Venous,GSDMD,2,0.4203355932208913,0.2335216572504708,GSE136831
IPF,VE_Venous,HBEGF,2,0.28216027437079083,0.16572504708097924,GSE136831
IPF,VE_Venous,IL1A,2,0.0,0.0,GSE136831
IPF,VE_Venous,IL1B,2,0.0069916477775649,0.0084745762711864,GSE136831
IPF,VE_Venous,IL1R1,2,22.3855166909977,0.9073177293516276,GSE136831
IPF,VE_Venous,IL1R2,2,0.054580504922870796,0.0322841000807102,GSE136831
IPF,VE_Venous,IL1RAP,2,0.512031208009123,0.26849609900457355,GSE136831
IPF,VE_Venous,IL1RN,2,0.08599267211947705,0.01694915254237285,GSE136831
IPF,VE_Venous,IL6,2,0.3306109693513216,0.1148775894538606,GSE136831
IPF,VE_Venous,ITGA4,2,0.02526615040928205,0.0254237288135593,GSE136831
IPF,VE_Venous,ITGA5,2,1.7309417604856352,0.4510357815442561,GSE136831
IPF,VE_Venous,ITGA9,2,0.40198600281079333,0.23190745224643528,GSE136831
IPF,VE_Venous,ITGAV,2,4.850860737244898,0.6099004573580844,GSE136831
IPF,VE_Venous,ITGB1,2,1.8688756408815794,0.53954802259887,GSE136831
IPF,VE_Venous,ITGB3,2,0.18677092415926894,0.08259348937315035,GSE136831
IPF,VE_Venous,ITGB5,2,0.08815084544102075,0.05770782889426955,GSE136831
IPF,VE_Venous,ITGB6,2,0.04335943319736845,0.0322841000807102,GSE136831
IPF,VE_Venous,ITGB8,2,0.0640641043780851,0.0503093892924401,GSE136831
IPF,VE_Venous,KDR,2,0.25327380119049625,0.12658057573311804,GSE136831
IPF,VE_Venous,KLRG2,2,0.0,0.0,GSE136831
IPF,VE_Venous,LDLR,2,1.2377642485778984,0.408259348937315,GSE136831
IPF,VE_Venous,LGR5,2,0.0,0.0,GSE136831
IPF,VE_Venous,LPP,2,5.005160936379259,0.7729351627656712,GSE136831
IPF,VE_Venous,LRP1,2,0.07688522188028854,0.04183481302125365,GSE136831
IPF,VE_Venous,LRP2,2,0.00966527215617655,0.0164110842076943,GSE136831
IPF,VE_Venous,LRP5,2,0.5437413507201242,0.20648372343287597,GSE136831
IPF,VE_Venous,LRP6,2,0.20776650050555678,0.1397632499327414,GSE136831
IPF,VE_Venous,MCAM,2,0.8365426053044368,0.2959375840731773,GSE136831
IPF,VE_Venous,MUSK,2,0.02223382616709075,0.0164110842076943,GSE136831
IPF,VE_Venous,NLRP3,2,0.051990808966148855,0.0328221684153887,GSE136831
IPF,VE_Venous,NOTCH1,2,0.2290211526996474,0.14985203120796337,GSE136831
IPF,VE_Venous,NRP1,2,3.0398908260575537,0.5754640839386602,GSE136831
IPF,VE_Venous,NRP2,2,0.2927120636593977,0.1440677966101695,GSE136831
IPF,VE_Venous,PRLR,2,0.00357645348858,0.0079365079365079,GSE136831
IPF,VE_Venous,PTK7,2,0.0391301689580415,0.04183481302125365,GSE136831
IPF,VE_Venous,PTPRK,2,1.7257706673163784,0.42251815980629537,GSE136831
IPF,VE_Venous,PYCARD,2,0.1527818333079394,0.0921442023136938,GSE136831
IPF,VE_Venous,RECK,2,0.49955493088963426,0.1752757600215227,GSE136831
IPF,VE_Venous,RET,2,0.0,0.0,GSE136831
IPF,VE_Venous,ROR1,2,0.021346175192329,0.0079365079365079,GSE136831
IPF,VE_Venous,ROR2,2,0.0563848965835126,0.01587301587301585,GSE136831
IPF,VE_Venous,RYK,2,0.5742294661573842,0.1958568738229755,GSE136831
IPF,VE_Venous,SDC2,2,0.12625953073632115,0.0926822706483723,GSE136831
IPF,VE_Venous,SDC4,2,0.1733459692510981,0.10008071025020174,GSE136831
IPF,VE_Venous,SIGIRR,2,0.31362125904046617,0.2181867097121334,GSE136831
IPF,VE_Venous,SIRPA,2,0.10760469713979184,0.0503093892924401,GSE136831
IPF,VE_Venous,SMO,2,0.0,0.0,GSE136831
IPF,VE_Venous,SPP1,2,0.6578338572382021,0.16518697874630073,GSE136831
IPF,VE_Venous,TGFB1,2,0.39977565420676425,0.1990852838310465,GSE136831
IPF,VE_Venous,TGFBR1,2,0.14092344143905575,0.08259348937315035,GSE136831
IPF,VE_Venous,TGFBR2,2,5.371822436408616,0.68348130212537,GSE136831
IPF,VE_Venous,TGFBR3,2,6.759314217554792,0.7532956685499058,GSE136831
IPF,VE_Venous,TMED5,2,0.4118708721410561,0.1990852838310465,GSE136831
IPF,VE_Venous,TNF,2,0.0095985686614412,0.0084745762711864,GSE136831
IPF,VE_Venous,TYRO3,2,0.0,0.0,GSE136831
IPF,VE_Venous,VANGL2,2,0.01740478416307675,0.0254237288135593,GSE136831
IPF,VE_Venous,VASN,2,0.0093255309724197,0.0084745762711864,GSE136831
IPF,VE_Venous,VEGFA,2,0.0784068750930616,0.06564433683077744,GSE136831
IPF,VE_Venous,WNT1,2,0.0,0.0,GSE136831
IPF,VE_Venous,WNT10A,2,0.0,0.0,GSE136831
IPF,VE_Venous,WNT10B,2,0.0,0.0,GSE136831
IPF,VE_Venous,WNT11,2,0.00292055562986745,0.0084745762711864,GSE136831
IPF,VE_Venous,WNT16,2,0.0206679894179894,0.0079365079365079,GSE136831
IPF,VE_Venous,WNT2,2,0.0134356855059936,0.01587301587301585,GSE136831
IPF,VE_Venous,WNT2B,2,0.7747663189951182,0.24670433145009416,GSE136831
IPF,VE_Venous,WNT3,2,0.0,0.0,GSE136831
IPF,VE_Venous,WNT3A,2,0.0,0.0,GSE136831
IPF,VE_Venous,WNT4,2,0.0,0.0,GSE136831
IPF,VE_Venous,WNT5A,2,0.0,0.0,GSE136831
IPF,VE_Venous,WNT5B,2,0.0904847732780744,0.07573311810599939,GSE136831
IPF,VE_Venous,WNT6,2,0.0,0.0,GSE136831
IPF,VE_Venous,WNT7A,2,0.0,0.0,GSE136831
IPF,VE_Venous,WNT7B,2,0.0,0.0,GSE136831
IPF,VE_Venous,WNT8A,2,0.0,0.0,GSE136831
IPF,VE_Venous,WNT8B,2,0.0,0.0,GSE136831
IPF,VE_Venous,WNT9A,2,0.0,0.0,GSE136831
IPF,VE_Venous,WNT9B,2,0.1404704999842232,0.09739036857680919,GSE136831
IPF,VE_Venous,XCR1,2,0.0,0.0,GSE136831
IPF,cDC2,ACKR1,22,0.007353938028210413,0.004642478080049005,GSE136831
IPF,cDC2,ACKR2,22,0.00404729814311755,0.0037558948628943684,GSE136831
IPF,cDC2,ACKR3,22,0.0439787264089001,0.024969189902257004,GSE136831
IPF,cDC2,ACKR4,22,0.0021847937737861003,0.001922805004060018,GSE136831
IPF,cDC2,ACVR1,22,0.1253314536211876,0.09156335509478007,GSE136831
IPF,cDC2,ACVR1B,22,0.06918661990642015,0.0545488628153568,GSE136831
IPF,cDC2,ACVR1C,22,0.011077249218886523,0.00888571826315534,GSE136831
IPF,cDC2,ACVRL1,22,0.016460485075509585,0.015107778177873425,GSE136831
IPF,cDC2,ADGRA2,22,0.033954807490472444,0.020608317450721187,GSE136831
IPF,cDC2,ADRA2A,22,0.001083936345368891,0.0013517040793496863,GSE136831
IPF,cDC2,ADRB2,22,0.029443913884363813,0.020147592168406867,GSE136831
IPF,cDC2,ANTXR1,22,0.03404684235358985,0.02730173166112941,GSE136831
IPF,cDC2,APCDD1,22,0.009658171966512119,0.007713945572581255,GSE136831
IPF,cDC2,AREG,22,22.241645263385234,0.8538435358218653,GSE136831
IPF,cDC2,ATP6AP2,22,1.172381690701363,0.551888167861658,GSE136831
IPF,cDC2,AVPR1A,22,0.0011123625043349592,0.0010047846889952134,GSE136831
IPF,cDC2,CASP1,22,0.3389016557571852,0.22117159298173325,GSE136831
IPF,cDC2,CAV1,22,0.009345931726127181,0.009742661469523045,GSE136831
IPF,cDC2,CCL2,22,0.14113585799643782,0.05677103544558281,GSE136831
IPF,cDC2,CCR1,22,0.10550469136129509,0.07355085189423531,GSE136831
IPF,cDC2,CCR10,22,0.007526812694412737,0.006529432671964281,GSE136831
IPF,cDC2,CCR2,22,0.04596246061642392,0.03478638829253794,GSE136831
IPF,cDC2,CCR3,22,0.011755389131648501,0.011365158853432188,GSE136831
IPF,cDC2,CCR4,22,0.0004971673132787318,0.0006917515890277364,GSE136831
IPF,cDC2,CCR5,22,0.04821706664068103,0.03817583942070468,GSE136831
IPF,cDC2,CD36,22,0.5072628260107757,0.1967889104894586,GSE136831
IPF,cDC2,CD4,22,0.7580584145056402,0.4046281170732175,GSE136831
IPF,cDC2,CD44,22,7.73691163990866,0.8542346204400272,GSE136831
IPF,cDC2,CD82,22,0.11170735887411638,0.07262381291458887,GSE136831
IPF,cDC2,CD9,22,2.5633679780403877,0.6235370594238456,GSE136831
IPF,cDC2,CSF1,22,0.04080083695757541,0.02266643528961199,GSE136831
IPF,cDC2,CSF1R,22,1.029826323900147,0.4779189641468784,GSE136831
IPF,cDC2,CXCL1,22,0.03355847318597391,0.020373274437693472,GSE136831
IPF,cDC2,CXCL12,22,0.0016298224456231635,0.0013807861304004137,GSE136831
IPF,cDC2,CXCL2,22,0.8336879169907424,0.1807187563926905,GSE136831
IPF,cDC2,CXCR1,22,0.001102160376774882,0.001011904761904759,GSE136831
IPF,cDC2,CXCR2,22,0.008105227570624677,0.007692281338667809,GSE136831
IPF,cDC2,CXCR3,22,0.06558052967607403,0.038309802185106705,GSE136831
IPF,cDC2,CXCR4,22,7.314980246362984,0.8716717305873147,GSE136831
IPF,cDC2,DPP4,22,0.015308079194153208,0.009130459890556768,GSE136831
IPF,cDC2,EGFR,22,0.012447648201351148,0.010033566389631373,GSE136831
IPF,cDC2,ENG,22,0.7822324774168338,0.39249037246893964,GSE136831
IPF,cDC2,EPHA7,22,0.008860752710064814,0.007906138321555713,GSE136831
IPF,cDC2,EPHB2,22,0.046107525209634966,0.032844660259772555,GSE136831
IPF,cDC2,ERBB2,22,0.01468099074270515,0.011682678609031587,GSE136831
IPF,cDC2,ERBB3,22,0.012571543738979929,0.009892766349712182,GSE136831
IPF,cDC2,ERBB4,22,0.11686282749307235,0.08811835008547526,GSE136831
IPF,cDC2,FGF10,22,0.00112896112278715,0.0009716769422668727,GSE136831
IPF,cDC2,FGF7,22,0.005159865168586959,0.004516686628512837,GSE136831
IPF,cDC2,FGFR1,22,0.0795468737925933,0.046773568544685215,GSE136831
IPF,cDC2,FGFR2,22,0.017160344711384865,0.011071922043657232,GSE136831
IPF,cDC2,FGFR3,22,0.0015761637759146138,0.001642264967736659,GSE136831
IPF,cDC2,FGFR4,22,0.0008893392763055908,0.00092515826378365,GSE136831
IPF,cDC2,FGFRL1,22,0.011381933778236514,0.011010352882664037,GSE136831
IPF,cDC2,FLT1,22,1.6974681120711068,0.34211705521242064,GSE136831
IPF,cDC2,FZD1,22,0.03864714349993257,0.03223105107909485,GSE136831
IPF,cDC2,FZD10,22,0.0,0.0,GSE136831
IPF,cDC2,FZD2,22,0.008953403663827004,0.008142282550949113,GSE136831
IPF,cDC2,FZD3,22,0.018818254201840908,0.009937885699298323,GSE136831
IPF,cDC2,FZD4,22,0.002684191012089518,0.0027305400440008633,GSE136831
IPF,cDC2,FZD5,22,0.014198757905869186,0.010730275571501463,GSE136831
IPF,cDC2,FZD6,22,0.017353913016063028,0.011796371763090709,GSE136831
IPF,cDC2,FZD7,22,0.0027311367016909544,0.0016407502130644366,GSE136831
IPF,cDC2,FZD8,22,0.003900231145063904,0.002207272306361359,GSE136831
IPF,cDC2,FZD9,22,0.0,0.0,GSE136831
IPF,cDC2,GPC1,22,0.004584252997036678,0.00578239927005395,GSE136831
IPF,cDC2,GRIN2B,22,0.024193059975454546,0.02214799835094661,GSE136831
IPF,cDC2,GRM7,22,0.15047006420588074,0.07614206358743979,GSE136831
IPF,cDC2,GSDMD,22,0.30027461045738585,0.2111119401324534,GSE136831
IPF,cDC2,HBEGF,22,1.3580418497910958,0.428820805378859,GSE136831
IPF,cDC2,IL1A,22,0.0313635760219092,0.02017418915223386,GSE136831
IPF,cDC2,IL1B,22,1.249391722572785,0.19712785128218024,GSE136831
IPF,cDC2,IL1R1,22,1.3667786805989648,0.4138082627695179,GSE136831
IPF,cDC2,IL1R2,22,4.306107814101934,0.5782393601942508,GSE136831
IPF,cDC2,IL1RAP,22,1.3918833195934175,0.470415414806674,GSE136831
IPF,cDC2,IL1RN,22,0.5437889592054056,0.1960874175982143,GSE136831
IPF,cDC2,IL6,22,0.021720157757900295,0.012845329359320744,GSE136831
IPF,cDC2,ITGA4,22,0.5446692295224611,0.2878758582456082,GSE136831
IPF,cDC2,ITGA5,22,0.2225298260942582,0.14805766978434184,GSE136831
IPF,cDC2,ITGA9,22,0.22113185217035972,0.11610977678580864,GSE136831
IPF,cDC2,ITGAV,22,1.2400775086210196,0.4585145392626159,GSE136831
IPF,cDC2,ITGB1,22,0.7061205624534078,0.380772021216157,GSE136831
IPF,cDC2,ITGB3,22,0.01831994079886759,0.01338458494347475,GSE136831
IPF,cDC2,ITGB5,22,0.11707137644137897,0.06851707892643184,GSE136831
IPF,cDC2,ITGB6,22,0.0534807974870051,0.03988888634625556,GSE136831
IPF,cDC2,ITGB8,22,0.18191898421139097,0.08624401790442625,GSE136831
IPF,cDC2,KDR,22,0.0008771834571105683,0.0012369334147378046,GSE136831
IPF,cDC2,KLRG2,22,0.016386652050364794,0.012148513536051526,GSE136831
IPF,cDC2,LDLR,22,0.28189253034732337,0.14814815609368975,GSE136831
IPF,cDC2,LGR5,22,0.00441936245654179,0.002630531619133791,GSE136831
IPF,cDC2,LPP,22,3.775524999424196,0.8197684111727059,GSE136831
IPF,cDC2,LRP1,22,0.25951521735397187,0.1672419957740328,GSE136831
IPF,cDC2,LRP2,22,0.013965654157197582,0.01216411952449417,GSE136831
IPF,cDC2,LRP5,22,0.06692342568569,0.04256256891173832,GSE136831
IPF,cDC2,LRP6,22,0.03587293180964867,0.02589104988364832,GSE136831
IPF,cDC2,MCAM,22,0.0027859294838939275,0.002740762845389859,GSE136831
IPF,cDC2,MUSK,22,0.05279756481215738,0.030256519700846776,GSE136831
IPF,cDC2,NLRP3,22,4.747207135873328,0.7471490606052567,GSE136831
IPF,cDC2,NOTCH1,22,0.10032544843501977,0.07007257878015045,GSE136831
IPF,cDC2,NRP1,22,0.2972328400419794,0.15188238103616536,GSE136831
IPF,cDC2,NRP2,22,0.22315954501231253,0.11617635418255427,GSE136831
IPF,cDC2,PRLR,22,0.030832352398230508,0.018385732728984052,GSE136831
IPF,cDC2,PTK7,22,0.029281075443034578,0.023272482266891402,GSE136831
IPF,cDC2,PTPRK,22,0.04459365372799254,0.032385153937118445,GSE136831
IPF,cDC2,PYCARD,22,1.6891345631349255,0.618127949825849,GSE136831
IPF,cDC2,RECK,22,0.12081583420480939,0.08301501748687778,GSE136831
IPF,cDC2,RET,22,0.003196325001177732,0.0026566060378086136,GSE136831
IPF,cDC2,ROR1,22,0.020190044414190447,0.015156659019740532,GSE136831
IPF,cDC2,ROR2,22,0.08782115005949133,0.06616336364171704,GSE136831
IPF,cDC2,RYK,22,0.11049080189784631,0.07165955889480807,GSE136831
IPF,cDC2,SDC2,22,1.3686337780667401,0.3840579813863927,GSE136831
IPF,cDC2,SDC4,22,0.39854035314693276,0.19385667872108153,GSE136831
IPF,cDC2,SIGIRR,22,0.2614293421451901,0.19646783695831235,GSE136831
IPF,cDC2,SIRPA,22,0.6462138657576458,0.3494797267936956,GSE136831
IPF,cDC2,SMO,22,0.019244142409002095,0.011854493200178985,GSE136831
IPF,cDC2,SPP1,22,2.0743541248025537,0.27454693781830947,GSE136831
IPF,cDC2,TGFB1,22,2.9869200424171565,0.6966310026176928,GSE136831
IPF,cDC2,TGFBR1,22,0.6266005681518176,0.3096741625331775,GSE136831
IPF,cDC2,TGFBR2,22,0.7964052554989902,0.3597845645750742,GSE136831
IPF,cDC2,TGFBR3,22,0.058531911302385047,0.044494962412637604,GSE136831
IPF,cDC2,TMED5,22,0.6141033037543399,0.3611552325989893,GSE136831
IPF,cDC2,TNF,22,0.09725233996075601,0.04604511271660165,GSE136831
IPF,cDC2,TYRO3,22,0.020640322040765782,0.017334228174214313,GSE136831
IPF,cDC2,VANGL2,22,0.001738648185460409,0.001745456785430668,GSE136831
IPF,cDC2,VASN,22,0.007139586933495928,0.005920675432407582,GSE136831
IPF,cDC2,VEGFA,22,1.0376624977155313,0.4298934620061903,GSE136831
IPF,cDC2,WNT1,22,0.0,0.0,GSE136831
IPF,cDC2,WNT10A,22,0.00018894401645475455,0.0002331002331002318,GSE136831
IPF,cDC2,WNT10B,22,0.005960017838170881,0.005415998602460627,GSE136831
IPF,cDC2,WNT11,22,0.0008069909668079182,0.0010138341202336454,GSE136831
IPF,cDC2,WNT16,22,0.0005206706237634045,0.00015620118712901816,GSE136831
IPF,cDC2,WNT2,22,0.0025167722600709453,0.00206972475812205,GSE136831
IPF,cDC2,WNT2B,22,0.30341587774574763,0.15966172410549392,GSE136831
IPF,cDC2,WNT3,22,0.013365592622532186,0.009073072688675405,GSE136831
IPF,cDC2,WNT3A,22,0.004299976412622341,0.0034920706378706815,GSE136831
IPF,cDC2,WNT4,22,0.0026319853767390183,0.0030513255312352504,GSE136831
IPF,cDC2,WNT5A,22,0.14084685961912366,0.08055333304631672,GSE136831
IPF,cDC2,WNT5B,22,0.07762566202697374,0.054210063425505536,GSE136831
IPF,cDC2,WNT6,22,0.0011042947247369818,0.0011498010161493319,GSE136831
IPF,cDC2,WNT7A,22,0.00015894286970206817,0.00013408420488066365,GSE136831
IPF,cDC2,WNT7B,22,0.0025568145088307,0.0016993176245907319,GSE136831
IPF,cDC2,WNT8A,22,0.0020306427762269274,0.0012141998380724636,GSE136831
IPF,cDC2,WNT8B,22,0.0033847548794131276,0.0028441573665894727,GSE136831
IPF,cDC2,WNT9A,22,0.005730459864217372,0.005117114893562164,GSE136831
IPF,cDC2,WNT9B,22,0.005898239701756327,0.004239508961600032,GSE136831
IPF,cDC2,XCR1,22,0.0009645422726544953,0.00103054839896945,GSE136831
IPF,cMonocyte,ACKR1,26,0.01211449055975858,0.005094574053743851,GSE136831
IPF,cMonocyte,ACKR2,26,0.0022223787507406577,0.000667738693176173,GSE136831
IPF,cMonocyte,ACKR3,26,0.35237298472677625,0.07104124991942963,GSE136831
IPF,cMonocyte,ACKR4,26,0.0010743588864894115,0.0005670611439842192,GSE136831
IPF,cMonocyte,ACVR1,26,0.11564557472722581,0.037384182670539313,GSE136831
IPF,cMonocyte,ACVR1B,26,0.5073639856574934,0.14711688943415627,GSE136831
IPF,cMonocyte,ACVR1C,26,0.01479142210967432,0.005220442101548173,GSE136831
IPF,cMonocyte,ACVRL1,26,0.013367287145843362,0.007010406501594773,GSE136831
IPF,cMonocyte,ADGRA2,26,0.014941412897154543,0.004733894735153358,GSE136831
IPF,cMonocyte,ADRA2A,26,0.0,0.0,GSE136831
IPF,cMonocyte,ADRB2,26,0.030606216959151104,0.013061181551654857,GSE136831
IPF,cMonocyte,ANTXR1,26,0.013729531609997018,0.0038568823258152956,GSE136831
IPF,cMonocyte,APCDD1,26,0.018508363331378973,0.006031207841791792,GSE136831
IPF,cMonocyte,AREG,26,17.516098770134438,0.76179451822693,GSE136831
IPF,cMonocyte,ATP6AP2,26,1.2922231001814224,0.3474717928379398,GSE136831
IPF,cMonocyte,AVPR1A,26,0.0,0.0,GSE136831
IPF,cMonocyte,CASP1,26,0.7528477166591317,0.22974819349952746,GSE136831
IPF,cMonocyte,CAV1,26,0.020483385849894065,0.007907001522811688,GSE136831
IPF,cMonocyte,CCL2,26,0.45714361584049307,0.04516652038512387,GSE136831
IPF,cMonocyte,CCR1,26,0.311616651712465,0.09601969142041894,GSE136831
IPF,cMonocyte,CCR10,26,0.006843379839450334,0.0027240340405420655,GSE136831
IPF,cMonocyte,CCR2,26,0.09952443687874288,0.030589124672806126,GSE136831
IPF,cMonocyte,CCR3,26,0.053381942591298547,0.015919611169743712,GSE136831
IPF,cMonocyte,CCR4,26,0.0019722750706700886,0.0004346860795288538,GSE136831
IPF,cMonocyte,CCR5,26,0.012296288083124293,0.005095720613205266,GSE136831
IPF,cMonocyte,CD36,26,1.4588725211282232,0.3150928792462894,GSE136831
IPF,cMonocyte,CD4,26,0.6385504649464253,0.19508282188350798,GSE136831
IPF,cMonocyte,CD44,26,7.825091223592385,0.7900862842431595,GSE136831
IPF,cMonocyte,CD82,26,0.3093827795270715,0.08862367412704424,GSE136831
IPF,cMonocyte,CD9,26,0.4973236340848099,0.13607819498049437,GSE136831
IPF,cMonocyte,CSF1,26,0.011979912276715495,0.00513435664214825,GSE136831
IPF,cMonocyte,CSF1R,26,0.3252153909112288,0.1143388852879354,GSE136831
IPF,cMonocyte,CXCL1,26,0.10007517525164548,0.024941085090257716,GSE136831
IPF,cMonocyte,CXCL12,26,0.005965222049810309,0.0023861006790334115,GSE136831
IPF,cMonocyte,CXCL2,26,2.5169882540517117,0.23821120061654488,GSE136831
IPF,cMonocyte,CXCR1,26,0.0006502857095293385,0.00019040365575018848,GSE136831
IPF,cMonocyte,CXCR2,26,0.006653788802871846,0.0017573508124369883,GSE136831
IPF,cMonocyte,CXCR3,26,0.0009541220248652846,0.0005785359597137115,GSE136831
IPF,cMonocyte,CXCR4,26,4.909010385267575,0.6186775258151079,GSE136831
IPF,cMonocyte,DPP4,26,0.001874119771081727,0.0008826144755890692,GSE136831
IPF,cMonocyte,EGFR,26,0.007486945576551145,0.0026419904525658076,GSE136831
IPF,cMonocyte,ENG,26,0.31213357877835,0.09978917623680579,GSE136831
IPF,cMonocyte,EPHA7,26,0.009382678884046296,0.004315150911503011,GSE136831
IPF,cMonocyte,EPHB2,26,0.058048295747215886,0.018115248435009265,GSE136831
IPF,cMonocyte,ERBB2,26,0.014575686645736016,0.006196639468322673,GSE136831
IPF,cMonocyte,ERBB3,26,0.01258639746320815,0.004583385210857458,GSE136831
IPF,cMonocyte,ERBB4,26,0.08124193005965544,0.028847302966343132,GSE136831
IPF,cMonocyte,FGF10,26,0.0038952403209787383,0.0009230708434246308,GSE136831
IPF,cMonocyte,FGF7,26,0.0014982970343070923,0.0006394681048146346,GSE136831
IPF,cMonocyte,FGFR1,26,0.10967145638130082,0.029581279718623867,GSE136831
IPF,cMonocyte,FGFR2,26,0.014517429337338359,0.005555429078754884,GSE136831
IPF,cMonocyte,FGFR3,26,0.0015552977659934425,0.00042629784009094236,GSE136831
IPF,cMonocyte,FGFR4,26,0.0005219440956118038,0.0002652519893899192,GSE136831
IPF,cMonocyte,FGFRL1,26,0.015068714609744151,0.00701077572472938,GSE136831
IPF,cMonocyte,FLT1,26,0.99816518258637,0.17050445441878678,GSE136831
IPF,cMonocyte,FZD1,26,0.03638297918202833,0.011629816503422069,GSE136831
IPF,cMonocyte,FZD10,26,0.0007331243928813616,0.0001025641025641,GSE136831
IPF,cMonocyte,FZD2,26,0.003633945233481196,0.0013208961571751232,GSE136831
IPF,cMonocyte,FZD3,26,0.007284834461185343,0.003643816957189689,GSE136831
IPF,cMonocyte,FZD4,26,0.002454975218495954,0.000903847536308427,GSE136831
IPF,cMonocyte,FZD5,26,0.020179231422067255,0.006860692117736501,GSE136831
IPF,cMonocyte,FZD6,26,0.006654166088470318,0.0023638654692162424,GSE136831
IPF,cMonocyte,FZD7,26,0.0012082298610465,0.0008775508365976309,GSE136831
IPF,cMonocyte,FZD8,26,0.0002492194446992,0.00019040365575018848,GSE136831
IPF,cMonocyte,FZD9,26,0.0,0.0,GSE136831
IPF,cMonocyte,GPC1,26,0.0010467931580403539,0.0005175773262132039,GSE136831
IPF,cMonocyte,GRIN2B,26,0.03433949793496826,0.012119175826077097,GSE136831
IPF,cMonocyte,GRM7,26,0.07646282878768638,0.023852572571248606,GSE136831
IPF,cMonocyte,GSDMD,26,0.3780527409169645,0.12997545524433513,GSE136831
IPF,cMonocyte,HBEGF,26,1.820909380924827,0.39517734820507644,GSE136831
IPF,cMonocyte,IL1A,26,0.10262778794536291,0.0199738389073851,GSE136831
IPF,cMonocyte,IL1B,26,4.013123848457749,0.2974620647191221,GSE136831
IPF,cMonocyte,IL1R1,26,0.8856774754096907,0.18182935719973126,GSE136831
IPF,cMonocyte,IL1R2,26,11.016086301756928,0.6381617939549665,GSE136831
IPF,cMonocyte,IL1RAP,26,4.241510071359317,0.5929488576889487,GSE136831
IPF,cMonocyte,IL1RN,26,0.7332585591724438,0.14848398377187194,GSE136831
IPF,cMonocyte,IL6,26,0.18520494122438763,0.028992319398417357,GSE136831
IPF,cMonocyte,ITGA4,26,0.2083493701386417,0.07478867256947416,GSE136831
IPF,cMonocyte,ITGA5,26,0.21128446868048834,0.06268309795114849,GSE136831
IPF,cMonocyte,ITGA9,26,0.06074954943495618,0.023488814857477922,GSE136831
IPF,cMonocyte,ITGAV,26,1.0132877038292931,0.21920387118511148,GSE136831
IPF,cMonocyte,ITGB1,26,1.2402730959175008,0.2926800735401373,GSE136831
IPF,cMonocyte,ITGB3,26,0.008802246944694616,0.0034626081067792654,GSE136831
IPF,cMonocyte,ITGB5,26,0.03279193204390654,0.013260611234342688,GSE136831
IPF,cMonocyte,ITGB6,26,0.061679585695429265,0.02220529919323612,GSE136831
IPF,cMonocyte,ITGB8,26,0.1778275720622965,0.05110086788487899,GSE136831
IPF,cMonocyte,KDR,26,0.0002764531066417846,0.0001025641025641,GSE136831
IPF,cMonocyte,KLRG2,26,0.013628537866984215,0.005333791867930746,GSE136831
IPF,cMonocyte,LDLR,26,0.7895791636243739,0.216773628396131,GSE136831
IPF,cMonocyte,LGR5,26,0.005899960072336142,0.0024275401269828463,GSE136831
IPF,cMonocyte,LPP,26,2.941853226320333,0.5358643215439642,GSE136831
IPF,cMonocyte,LRP1,26,0.5456578003761887,0.16606384974144964,GSE136831
IPF,cMonocyte,LRP2,26,0.004920797533404654,0.0024267883745499154,GSE136831
IPF,cMonocyte,LRP5,26,0.044170366021012576,0.0148001600432586,GSE136831
IPF,cMonocyte,LRP6,26,0.06457082694850022,0.017353745195965723,GSE136831
IPF,cMonocyte,MCAM,26,0.000503038098596473,0.0002652519893899192,GSE136831
IPF,cMonocyte,MUSK,26,0.03567887101004562,0.012318629963286835,GSE136831
IPF,cMonocyte,NLRP3,26,7.8443197029457,0.7482398413219861,GSE136831
IPF,cMonocyte,NOTCH1,26,0.16478793600532166,0.05375609560282908,GSE136831
IPF,cMonocyte,NRP1,26,0.12932321826989907,0.04024021467832518,GSE136831
IPF,cMonocyte,NRP2,26,0.052576500012497314,0.019360347558693237,GSE136831
IPF,cMonocyte,PRLR,26,0.2693567080166815,0.07378138683099608,GSE136831
IPF,cMonocyte,PTK7,26,0.02710605788603609,0.007356246446086793,GSE136831
IPF,cMonocyte,PTPRK,26,0.044839760829470596,0.015877909063706907,GSE136831
IPF,cMonocyte,PYCARD,26,1.958006333280637,0.4452455871301039,GSE136831
IPF,cMonocyte,RECK,26,0.15482356797706678,0.038977847175229965,GSE136831
IPF,cMonocyte,RET,26,0.0029856463525426,0.000948830904961454,GSE136831
IPF,cMonocyte,ROR1,26,0.0218698769843523,0.006602980698187719,GSE136831
IPF,cMonocyte,ROR2,26,0.05164758412709491,0.02115716699463675,GSE136831
IPF,cMonocyte,RYK,26,0.17204293997930847,0.05382288898219733,GSE136831
IPF,cMonocyte,SDC2,26,1.819580425107748,0.31157149793793704,GSE136831
IPF,cMonocyte,SDC4,26,0.6101981450292397,0.14326981386846846,GSE136831
IPF,cMonocyte,SIGIRR,26,0.31958696433199624,0.11103643480142344,GSE136831
IPF,cMonocyte,SIRPA,26,0.9793100856646096,0.27298505235676046,GSE136831
IPF,cMonocyte,SMO,26,0.006523916810352066,0.0021757823939820885,GSE136831
IPF,cMonocyte,SPP1,26,0.7644441628409695,0.14537199069445353,GSE136831
IPF,cMonocyte,TGFB1,26,1.7800681752331564,0.36900700459957236,GSE136831
IPF,cMonocyte,TGFBR1,26,0.32654603788907516,0.09896392161708177,GSE136831
IPF,cMonocyte,TGFBR2,26,0.9151661777545901,0.23382441922586272,GSE136831
IPF,cMonocyte,TGFBR3,26,0.08212952578868099,0.02543701755193291,GSE136831
IPF,cMonocyte,TMED5,26,0.8846128812499041,0.25090591375537663,GSE136831
IPF,cMonocyte,TNF,26,0.05749612692452377,0.01661793322111089,GSE136831
IPF,cMonocyte,TYRO3,26,0.025987918283095438,0.008915302679204123,GSE136831
IPF,cMonocyte,VANGL2,26,0.0012410088897494077,0.0005643821987635346,GSE136831
IPF,cMonocyte,VASN,26,0.017005201227907944,0.0054586150365717,GSE136831
IPF,cMonocyte,VEGFA,26,1.9005392316580563,0.35186642916866473,GSE136831
IPF,cMonocyte,WNT1,26,0.0003895036554918038,0.0001694340901389346,GSE136831
IPF,cMonocyte,WNT10A,26,0.0,0.0,GSE136831
IPF,cMonocyte,WNT10B,26,0.00046394678860056925,0.00019723865877711922,GSE136831
IPF,cMonocyte,WNT11,26,0.0035465428244681923,0.00091947324705945,GSE136831
IPF,cMonocyte,WNT16,26,0.0007596624629199422,0.00018545534924844996,GSE136831
IPF,cMonocyte,WNT2,26,0.001963470643277796,0.0009849389740694,GSE136831
IPF,cMonocyte,WNT2B,26,0.03631703001946962,0.013468718323009147,GSE136831
IPF,cMonocyte,WNT3,26,0.005351183953750916,0.002790205865229704,GSE136831
IPF,cMonocyte,WNT3A,26,0.004841327099423266,0.0014972540748402772,GSE136831
IPF,cMonocyte,WNT4,26,0.010111595885025233,0.0015129287517347155,GSE136831
IPF,cMonocyte,WNT5A,26,0.013276447983008545,0.004547429361268065,GSE136831
IPF,cMonocyte,WNT5B,26,0.0930022539990886,0.03323047008914786,GSE136831
IPF,cMonocyte,WNT6,26,0.00023528596844833846,8.289124668434999e-05,GSE136831
IPF,cMonocyte,WNT7A,26,0.0011438300746643307,0.0004952557815628268,GSE136831
IPF,cMonocyte,WNT7B,26,0.00041206951612736924,0.0001025641025641,GSE136831
IPF,cMonocyte,WNT8A,26,0.002080656081303404,0.0008845069482675155,GSE136831
IPF,cMonocyte,WNT8B,26,0.006047304869869458,0.003495309485674585,GSE136831
IPF,cMonocyte,WNT9A,26,0.003617547118310146,0.0015781011872152847,GSE136831
IPF,cMonocyte,WNT9B,26,0.01141793036519063,0.004354498813253627,GSE136831
IPF,cMonocyte,XCR1,26,0.0004329426026344538,0.0001025641025641,GSE136831
IPF,ncMonocyte,ACKR1,14,0.007367120999468364,0.0037755293948475645,GSE136831
IPF,ncMonocyte,ACKR2,14,0.0008664520176201643,0.00037993920972644285,GSE136831
IPF,ncMonocyte,ACKR3,14,0.25086816978303145,0.06219901459705255,GSE136831
IPF,ncMonocyte,ACKR4,14,0.004565235070442393,0.0026026604973973214,GSE136831
IPF,ncMonocyte,ACVR1,14,0.08363273201025549,0.035001734833781405,GSE136831
IPF,ncMonocyte,ACVR1B,14,0.5055193612037447,0.1746480529548869,GSE136831
IPF,ncMonocyte,ACVR1C,14,0.014844850063966072,0.008466465246151644,GSE136831
IPF,ncMonocyte,ACVRL1,14,0.01396574391396668,0.009060201851941865,GSE136831
IPF,ncMonocyte,ADGRA2,14,0.010344149719598586,0.005853239831349986,GSE136831
IPF,ncMonocyte,ADRA2A,14,0.0,0.0,GSE136831
IPF,ncMonocyte,ADRB2,14,0.0348770066992778,0.01806718487395717,GSE136831
IPF,ncMonocyte,ANTXR1,14,0.009293112756523534,0.004136610392392814,GSE136831
IPF,ncMonocyte,APCDD1,14,0.0032071580533654213,0.0012517006802721072,GSE136831
IPF,ncMonocyte,AREG,14,5.270475143012415,0.45140631527653435,GSE136831
IPF,ncMonocyte,ATP6AP2,14,1.1136454191236251,0.3882746716264051,GSE136831
IPF,ncMonocyte,AVPR1A,14,0.0,0.0,GSE136831
IPF,ncMonocyte,CASP1,14,1.0493506063864093,0.345034362814026,GSE136831
IPF,ncMonocyte,CAV1,14,0.011767640856216286,0.005509754723429965,GSE136831
IPF,ncMonocyte,CCL2,14,0.13523909422872618,0.032044683878556204,GSE136831
IPF,ncMonocyte,CCR1,14,0.12519218433392745,0.05084303261540851,GSE136831
IPF,ncMonocyte,CCR10,14,0.006445391660082714,0.003837847693002986,GSE136831
IPF,ncMonocyte,CCR2,14,0.0022534378447759858,0.0008116883116883071,GSE136831
IPF,ncMonocyte,CCR3,14,0.023478964234831166,0.008940753048640879,GSE136831
IPF,ncMonocyte,CCR4,14,0.0,0.0,GSE136831
IPF,ncMonocyte,CCR5,14,0.008169147842269464,0.004705482511317485,GSE136831
IPF,ncMonocyte,CD36,14,0.6355966315098832,0.17705884383473006,GSE136831
IPF,ncMonocyte,CD4,14,0.753282020989462,0.2639050356917657,GSE136831
IPF,ncMonocyte,CD44,14,3.9849110504321397,0.6930160730437912,GSE136831
IPF,ncMonocyte,CD82,14,0.08422236524143688,0.03810632539051605,GSE136831
IPF,ncMonocyte,CD9,14,0.37824409016856203,0.13061494761889783,GSE136831
IPF,ncMonocyte,CSF1,14,0.0170686717400817,0.0061074436223902935,GSE136831
IPF,ncMonocyte,CSF1R,14,0.6999698255760948,0.24872841365684487,GSE136831
IPF,ncMonocyte,CXCL1,14,0.019297950823698066,0.0090805179411363,GSE136831
IPF,ncMonocyte,CXCL12,14,0.015086511389164186,0.00698951681110505,GSE136831
IPF,ncMonocyte,CXCL2,14,0.47699526749177573,0.09908577815318577,GSE136831
IPF,ncMonocyte,CXCR1,14,0.0,0.0,GSE136831
IPF,ncMonocyte,CXCR2,14,0.0046489202155544146,0.0022038450808108427,GSE136831
IPF,ncMonocyte,CXCR3,14,0.0008930748298469143,0.0007518796992481144,GSE136831
IPF,ncMonocyte,CXCR4,14,6.170891928655904,0.8075619126591896,GSE136831
IPF,ncMonocyte,DPP4,14,0.002908349363977707,0.00119162752141475,GSE136831
IPF,ncMonocyte,EGFR,14,0.013836980593902672,0.005291555144658057,GSE136831
IPF,ncMonocyte,ENG,14,0.18669491948548447,0.08093807150717694,GSE136831
IPF,ncMonocyte,EPHA7,14,0.012199829691969378,0.0062129674829776,GSE136831
IPF,ncMonocyte,EPHB2,14,0.02990422483544865,0.012954561365246836,GSE136831
IPF,ncMonocyte,ERBB2,14,0.024495537942904152,0.01264104398614782,GSE136831
IPF,ncMonocyte,ERBB3,14,0.003938706855230357,0.002662920607885471,GSE136831
IPF,ncMonocyte,ERBB4,14,0.0994658878815649,0.04467796947367491,GSE136831
IPF,ncMonocyte,FGF10,14,0.00292022270253635,0.0012717086834733858,GSE136831
IPF,ncMonocyte,FGF7,14,0.0009264165835979785,0.0007518796992481144,GSE136831
IPF,ncMonocyte,FGFR1,14,0.052248286509471324,0.016824233944893144,GSE136831
IPF,ncMonocyte,FGFR2,14,0.009388367034700222,0.005619793986554686,GSE136831
IPF,ncMonocyte,FGFR3,14,0.0026460629010125005,0.0015058106575963643,GSE136831
IPF,ncMonocyte,FGFR4,14,0.0008596613209487071,0.0007002801120448144,GSE136831
IPF,ncMonocyte,FGFRL1,14,0.03003186888295579,0.008652003730324521,GSE136831
IPF,ncMonocyte,FLT1,14,0.5812200351279568,0.13408615179640113,GSE136831
IPF,ncMonocyte,FZD1,14,0.03701707494838992,0.01804977929773393,GSE136831
IPF,ncMonocyte,FZD10,14,0.0,0.0,GSE136831
IPF,ncMonocyte,FZD2,14,0.004360742950088878,0.0018839922332569287,GSE136831
IPF,ncMonocyte,FZD3,14,0.007138165937174572,0.003912213952913507,GSE136831
IPF,ncMonocyte,FZD4,14,0.0,0.0,GSE136831
IPF,ncMonocyte,FZD5,14,0.005837845668058708,0.0022417582417582358,GSE136831
IPF,ncMonocyte,FZD6,14,0.013654882394185145,0.006591149058638157,GSE136831
IPF,ncMonocyte,FZD7,14,0.0,0.0,GSE136831
IPF,ncMonocyte,FZD8,14,0.0,0.0,GSE136831
IPF,ncMonocyte,FZD9,14,0.0,0.0,GSE136831
IPF,ncMonocyte,GPC1,14,0.002630170767711271,0.0009513677811550143,GSE136831
IPF,ncMonocyte,GRIN2B,14,0.0242901263156487,0.012230560296987285,GSE136831
IPF,ncMonocyte,GRM7,14,0.05281112009973373,0.024248313265387157,GSE136831
IPF,ncMonocyte,GSDMD,14,0.4096014713421129,0.16962364774066296,GSE136831
IPF,ncMonocyte,HBEGF,14,0.814588958231739,0.2522984841480556,GSE136831
IPF,ncMonocyte,IL1A,14,0.0022926970890771283,0.0019008014931927858,GSE136831
IPF,ncMonocyte,IL1B,14,1.14099259765087,0.213841937643431,GSE136831
IPF,ncMonocyte,IL1R1,14,0.06316478035101272,0.02830909043111669,GSE136831
IPF,ncMonocyte,IL1R2,14,1.564686222011898,0.20056807747021788,GSE136831
IPF,ncMonocyte,IL1RAP,14,1.611343276172845,0.3742956978464645,GSE136831
IPF,ncMonocyte,IL1RN,14,0.13015615232703032,0.050697753336283714,GSE136831
IPF,ncMonocyte,IL6,14,0.04602813810302448,0.011027856151760329,GSE136831
IPF,ncMonocyte,ITGA4,14,0.8470490772377861,0.28349478486635266,GSE136831
IPF,ncMonocyte,ITGA5,14,0.050808477239367114,0.021413422366856442,GSE136831
IPF,ncMonocyte,ITGA9,14,0.05089657913969632,0.024531273421404595,GSE136831
IPF,ncMonocyte,ITGAV,14,0.3931235078032692,0.13416164836012826,GSE136831
IPF,ncMonocyte,ITGB1,14,0.965971659636211,0.30917292122184076,GSE136831
IPF,ncMonocyte,ITGB3,14,0.006800089467732786,0.0028619571917444142,GSE136831
IPF,ncMonocyte,ITGB5,14,0.04085694150899123,0.0214192545829547,GSE136831
IPF,ncMonocyte,ITGB6,14,0.05191036853034871,0.025145105486657538,GSE136831
IPF,ncMonocyte,ITGB8,14,0.18308148280750114,0.06470188120352276,GSE136831
IPF,ncMonocyte,KDR,14,0.0016195302390588572,0.00059031877213695,GSE136831
IPF,ncMonocyte,KLRG2,14,0.014539395802954864,0.007045356029748507,GSE136831
IPF,ncMonocyte,LDLR,14,0.5251008837129145,0.1589576298594742,GSE136831
IPF,ncMonocyte,LGR5,14,0.0026732167358017637,0.0019519807923169214,GSE136831
IPF,ncMonocyte,LPP,14,4.1502512521535735,0.7036692457601073,GSE136831
IPF,ncMonocyte,LRP1,14,0.3883158609578464,0.14868865770037762,GSE136831
IPF,ncMonocyte,LRP2,14,0.009628036079554893,0.004915210399888929,GSE136831
IPF,ncMonocyte,LRP5,14,0.028608152414684205,0.012882897852971486,GSE136831
IPF,ncMonocyte,LRP6,14,0.035859382931538855,0.012415264213012634,GSE136831
IPF,ncMonocyte,MCAM,14,0.0,0.0,GSE136831
IPF,ncMonocyte,MUSK,14,0.026039599826865895,0.008970330495452507,GSE136831
IPF,ncMonocyte,NLRP3,14,2.834252746526598,0.493895835448527,GSE136831
IPF,ncMonocyte,NOTCH1,14,0.0828795251738729,0.03453690425880172,GSE136831
IPF,ncMonocyte,NRP1,14,0.06236038413952792,0.0266089043131868,GSE136831
IPF,ncMonocyte,NRP2,14,0.04281702613133045,0.01777128204767291,GSE136831
IPF,ncMonocyte,PRLR,14,0.2947376112763283,0.09213088110270222,GSE136831
IPF,ncMonocyte,PTK7,14,0.03243878526581536,0.013470278424510264,GSE136831
IPF,ncMonocyte,PTPRK,14,0.055046996809460506,0.02459406036092976,GSE136831
IPF,ncMonocyte,PYCARD,14,2.3063740049788506,0.5707143965344751,GSE136831
IPF,ncMonocyte,RECK,14,0.1529932492027329,0.05520039379239937,GSE136831
IPF,ncMonocyte,RET,14,0.005703138302978429,0.0035654545771060357,GSE136831
IPF,ncMonocyte,ROR1,14,0.025720096953394122,0.009872311029724851,GSE136831
IPF,ncMonocyte,ROR2,14,0.05227435567839296,0.02032786318336632,GSE136831
IPF,ncMonocyte,RYK,14,0.3975895208191425,0.14745127572405442,GSE136831
IPF,ncMonocyte,SDC2,14,0.5882319504016547,0.1537672864610551,GSE136831
IPF,ncMonocyte,SDC4,14,0.15816010037924483,0.056488559561390386,GSE136831
IPF,ncMonocyte,SIGIRR,14,0.37264231504183754,0.1527970945585428,GSE136831
IPF,ncMonocyte,SIRPA,14,0.4498443306549748,0.15186258706295314,GSE136831
IPF,ncMonocyte,SMO,14,0.00833423589989307,0.005841000264829707,GSE136831
IPF,ncMonocyte,SPP1,14,0.5170776762158013,0.135201923533426,GSE136831
IPF,ncMonocyte,TGFB1,14,1.4121353540192605,0.36417665146950745,GSE136831
IPF,ncMonocyte,TGFBR1,14,0.30743288095045995,0.11350846413281938,GSE136831
IPF,ncMonocyte,TGFBR2,14,1.236202397485854,0.3434441101551725,GSE136831
IPF,ncMonocyte,TGFBR3,14,0.09158025072584093,0.039358213453588795,GSE136831
IPF,ncMonocyte,TMED5,14,0.8449329322180731,0.2896855362625281,GSE136831
IPF,ncMonocyte,TNF,14,0.09675863189237603,0.031426459547504136,GSE136831
IPF,ncMonocyte,TYRO3,14,0.0006940742714996428,0.00037202380952380717,GSE136831
IPF,ncMonocyte,VANGL2,14,0.0019108429825298212,0.0007170893719806715,GSE136831
IPF,ncMonocyte,VASN,14,0.006374547344254701,0.003086364363520007,GSE136831
IPF,ncMonocyte,VEGFA,14,0.10323226287402211,0.039514320518751964,GSE136831
IPF,ncMonocyte,WNT1,14,0.0,0.0,GSE136831
IPF,ncMonocyte,WNT10A,14,0.0,0.0,GSE136831
IPF,ncMonocyte,WNT10B,14,0.0008543188208486571,0.0008116883116883071,GSE136831
IPF,ncMonocyte,WNT11,14,0.002941444838347814,0.001894736842105257,GSE136831
IPF,ncMonocyte,WNT16,14,0.0,0.0,GSE136831
IPF,ncMonocyte,WNT2,14,0.0015459376294100072,0.001142857142857143,GSE136831
IPF,ncMonocyte,WNT2B,14,0.06860373874135084,0.02832661482739923,GSE136831
IPF,ncMonocyte,WNT3,14,0.015112612361996802,0.007111366342415415,GSE136831
IPF,ncMonocyte,WNT3A,14,0.0038284397010979574,0.0019545454545454497,GSE136831
IPF,ncMonocyte,WNT4,14,0.003550956947491093,0.0022208487704769068,GSE136831
IPF,ncMonocyte,WNT5A,14,0.0015391600803441499,0.0007518796992481144,GSE136831
IPF,ncMonocyte,WNT5B,14,0.11691591133744504,0.04148371586876396,GSE136831
IPF,ncMonocyte,WNT6,14,0.002966930161818686,0.0013422817913872,GSE136831
IPF,ncMonocyte,WNT7A,14,0.0,0.0,GSE136831
IPF,ncMonocyte,WNT7B,14,0.010095290972536336,0.0021948051948051856,GSE136831
IPF,ncMonocyte,WNT8A,14,0.0,0.0,GSE136831
IPF,ncMonocyte,WNT8B,14,0.0011966950499185,0.0011239035087719214,GSE136831
IPF,ncMonocyte,WNT9A,14,0.0031543228685730574,0.0021022871958700715,GSE136831
IPF,ncMonocyte,WNT9B,14,0.013083761217813615,0.004711708925994629,GSE136831
IPF,ncMonocyte,XCR1,14,0.0,0.0,GSE136831
IPF,pDC,ACKR1,1,0.0,0.0,GSE136831
IPF,pDC,ACKR2,1,0.0,0.0,GSE136831
IPF,pDC,ACKR3,1,0.0,0.0,GSE136831
IPF,pDC,ACKR4,1,0.0,0.0,GSE136831
IPF,pDC,ACVR1,1,0.2608757607040138,0.0967741935483871,GSE136831
IPF,pDC,ACVR1B,1,0.170690970614249,0.064516129032258,GSE136831
IPF,pDC,ACVR1C,1,0.0,0.0,GSE136831
IPF,pDC,ACVRL1,1,0.0190921309872922,0.0161290322580645,GSE136831
IPF,pDC,ADGRA2,1,0.0,0.0,GSE136831
IPF,pDC,ADRA2A,1,0.0,0.0,GSE136831
IPF,pDC,ADRB2,1,0.022966014891164,0.0161290322580645,GSE136831
IPF,pDC,ANTXR1,1,0.0,0.0,GSE136831
IPF,pDC,APCDD1,1,0.0367738993571922,0.0161290322580645,GSE136831
IPF,pDC,AREG,1,23.34190318659574,0.9193548387096774,GSE136831
IPF,pDC,ATP6AP2,1,0.3312496984268982,0.1935483870967742,GSE136831
IPF,pDC,AVPR1A,1,0.0,0.0,GSE136831
IPF,pDC,CASP1,1,0.0726354720182028,0.032258064516129,GSE136831
IPF,pDC,CAV1,1,0.0,0.0,GSE136831
IPF,pDC,CCL2,1,0.0987661452842196,0.0483870967741935,GSE136831
IPF,pDC,CCR1,1,0.0114390299702585,0.0161290322580645,GSE136831
IPF,pDC,CCR10,1,0.0605090764624786,0.032258064516129,GSE136831
IPF,pDC,CCR2,1,0.0504615524597993,0.032258064516129,GSE136831
IPF,pDC,CCR3,1,0.1770836826057359,0.032258064516129,GSE136831
IPF,pDC,CCR4,1,0.0,0.0,GSE136831
IPF,pDC,CCR5,1,0.0476626248760771,0.0161290322580645,GSE136831
IPF,pDC,CD36,1,0.640863191727923,0.2258064516129032,GSE136831
IPF,pDC,CD4,1,2.4033212210984503,0.6451612903225806,GSE136831
IPF,pDC,CD44,1,1.0832104523861896,0.3709677419354839,GSE136831
IPF,pDC,CD82,1,0.119760496589579,0.0806451612903225,GSE136831
IPF,pDC,CD9,1,1.3030489955927842,0.2741935483870967,GSE136831
IPF,pDC,CSF1,1,0.0,0.0,GSE136831
IPF,pDC,CSF1R,1,0.1389574901966006,0.064516129032258,GSE136831
IPF,pDC,CXCL1,1,0.0,0.0,GSE136831
IPF,pDC,CXCL12,1,0.0,0.0,GSE136831
IPF,pDC,CXCL2,1,0.1511690169733854,0.0483870967741935,GSE136831
IPF,pDC,CXCR1,1,0.0,0.0,GSE136831
IPF,pDC,CXCR2,1,0.0,0.0,GSE136831
IPF,pDC,CXCR3,1,3.930474123708705,0.7419354838709677,GSE136831
IPF,pDC,CXCR4,1,13.62152769011841,0.9838709677419356,GSE136831
IPF,pDC,DPP4,1,0.3922835389341372,0.1935483870967742,GSE136831
IPF,pDC,EGFR,1,0.0,0.0,GSE136831
IPF,pDC,ENG,1,0.1050074012563189,0.064516129032258,GSE136831
IPF,pDC,EPHA7,1,0.026445371795482,0.0161290322580645,GSE136831
IPF,pDC,EPHB2,1,0.0499466643693582,0.032258064516129,GSE136831
IPF,pDC,ERBB2,1,0.0,0.0,GSE136831
IPF,pDC,ERBB3,1,0.0302098375314937,0.0161290322580645,GSE136831
IPF,pDC,ERBB4,1,0.0492004607578065,0.032258064516129,GSE136831
IPF,pDC,FGF10,1,0.0,0.0,GSE136831
IPF,pDC,FGF7,1,0.0,0.0,GSE136831
IPF,pDC,FGFR1,1,0.0,0.0,GSE136831
IPF,pDC,FGFR2,1,0.023480902981605,0.0161290322580645,GSE136831
IPF,pDC,FGFR3,1,0.0,0.0,GSE136831
IPF,pDC,FGFR4,1,0.0,0.0,GSE136831
IPF,pDC,FGFRL1,1,0.0,0.0,GSE136831
IPF,pDC,FLT1,1,0.0420581458784563,0.032258064516129,GSE136831
IPF,pDC,FZD1,1,0.0,0.0,GSE136831
IPF,pDC,FZD10,1,0.0,0.0,GSE136831
IPF,pDC,FZD2,1,0.0504450240815274,0.032258064516129,GSE136831
IPF,pDC,FZD3,1,0.0681594399180318,0.0483870967741935,GSE136831
IPF,pDC,FZD4,1,0.0,0.0,GSE136831
IPF,pDC,FZD5,1,0.0,0.0,GSE136831
IPF,pDC,FZD6,1,0.024527117180755,0.0161290322580645,GSE136831
IPF,pDC,FZD7,1,0.0,0.0,GSE136831
IPF,pDC,FZD8,1,0.0,0.0,GSE136831
IPF,pDC,FZD9,1,0.0,0.0,GSE136831
IPF,pDC,GPC1,1,0.0,0.0,GSE136831
IPF,pDC,GRIN2B,1,0.0,0.0,GSE136831
IPF,pDC,GRM7,1,0.0249328060875939,0.0161290322580645,GSE136831
IPF,pDC,GSDMD,1,0.447240304833398,0.2096774193548387,GSE136831
IPF,pDC,HBEGF,1,0.1112871373100082,0.064516129032258,GSE136831
IPF,pDC,IL1A,1,0.0,0.0,GSE136831
IPF,pDC,IL1B,1,0.0,0.0,GSE136831
IPF,pDC,IL1R1,1,0.0572357425765241,0.0161290322580645,GSE136831
IPF,pDC,IL1R2,1,0.4636318519940055,0.0483870967741935,GSE136831
IPF,pDC,IL1RAP,1,0.0905329421143411,0.032258064516129,GSE136831
IPF,pDC,IL1RN,1,0.0114390299702585,0.0161290322580645,GSE136831
IPF,pDC,IL6,1,0.030845347596222,0.0161290322580645,GSE136831
IPF,pDC,ITGA4,1,0.2476272449511807,0.1290322580645161,GSE136831
IPF,pDC,ITGA5,1,0.0733284252994579,0.0483870967741935,GSE136831
IPF,pDC,ITGA9,1,0.0867779921143565,0.0483870967741935,GSE136831
IPF,pDC,ITGAV,1,0.367755101662216,0.1290322580645161,GSE136831
IPF,pDC,ITGB1,1,0.1670580759148836,0.0806451612903225,GSE136831
IPF,pDC,ITGB3,1,0.0208601037998765,0.0161290322580645,GSE136831
IPF,pDC,ITGB5,1,0.0354172864691798,0.0161290322580645,GSE136831
IPF,pDC,ITGB6,1,0.0,0.0,GSE136831
IPF,pDC,ITGB8,1,0.022966014891164,0.0161290322580645,GSE136831
IPF,pDC,KDR,1,0.0,0.0,GSE136831
IPF,pDC,KLRG2,1,0.0,0.0,GSE136831
IPF,pDC,LDLR,1,0.1060232294638267,0.064516129032258,GSE136831
IPF,pDC,LGR5,1,0.0265105724162796,0.0161290322580645,GSE136831
IPF,pDC,LPP,1,2.5447951654947136,0.6129032258064516,GSE136831
IPF,pDC,LRP1,1,0.0354172864691798,0.0161290322580645,GSE136831
IPF,pDC,LRP2,1,0.0,0.0,GSE136831
IPF,pDC,LRP5,1,0.2247587353768523,0.0967741935483871,GSE136831
IPF,pDC,LRP6,1,0.0627344700819312,0.0161290322580645,GSE136831
IPF,pDC,MCAM,1,0.0,0.0,GSE136831
IPF,pDC,MUSK,1,0.176273576590869,0.0161290322580645,GSE136831
IPF,pDC,NLRP3,1,0.1002493148396211,0.064516129032258,GSE136831
IPF,pDC,NOTCH1,1,0.065220164362597,0.032258064516129,GSE136831
IPF,pDC,NRP1,1,2.043331585602913,0.5,GSE136831
IPF,pDC,NRP2,1,0.0231772269838547,0.0161290322580645,GSE136831
IPF,pDC,PRLR,1,0.0,0.0,GSE136831
IPF,pDC,PTK7,1,0.6161398815446745,0.2580645161290322,GSE136831
IPF,pDC,PTPRK,1,0.0,0.0,GSE136831
IPF,pDC,PYCARD,1,1.0394484720035606,0.3870967741935484,GSE136831
IPF,pDC,RECK,1,0.0,0.0,GSE136831
IPF,pDC,RET,1,0.3222845816458609,0.0967741935483871,GSE136831
IPF,pDC,ROR1,1,0.0304378793320711,0.0161290322580645,GSE136831
IPF,pDC,ROR2,1,0.2873354063041565,0.0806451612903225,GSE136831
IPF,pDC,RYK,1,0.0,0.0,GSE136831
IPF,pDC,SDC2,1,0.3385384809658602,0.0967741935483871,GSE136831
IPF,pDC,SDC4,1,0.1707698584766458,0.0806451612903225,GSE136831
IPF,pDC,SIGIRR,1,0.1033429696586272,0.064516129032258,GSE136831
IPF,pDC,SIRPA,1,0.090309603359327,0.032258064516129,GSE136831
IPF,pDC,SMO,1,0.0,0.0,GSE136831
IPF,pDC,SPP1,1,0.3248527398113009,0.1451612903225806,GSE136831
IPF,pDC,TGFB1,1,3.867305455242559,0.7096774193548387,GSE136831
IPF,pDC,TGFBR1,1,3.418314578671698,0.6451612903225806,GSE136831
IPF,pDC,TGFBR2,1,2.037898662332789,0.532258064516129,GSE136831
IPF,pDC,TGFBR3,1,0.4456970525191432,0.1774193548387097,GSE136831
IPF,pDC,TMED5,1,0.9199887761680142,0.3225806451612903,GSE136831
IPF,pDC,TNF,1,0.0197393614711351,0.0161290322580645,GSE136831
IPF,pDC,TYRO3,1,0.0,0.0,GSE136831
IPF,pDC,VANGL2,1,0.0,0.0,GSE136831
IPF,pDC,VASN,1,0.0269806494781942,0.0161290322580645,GSE136831
IPF,pDC,VEGFA,1,0.022966014891164,0.0161290322580645,GSE136831
IPF,pDC,WNT1,1,0.0,0.0,GSE136831
IPF,pDC,WNT10A,1,0.1719805520891427,0.0806451612903225,GSE136831
IPF,pDC,WNT10B,1,0.0,0.0,GSE136831
IPF,pDC,WNT11,1,0.0,0.0,GSE136831
IPF,pDC,WNT16,1,0.0,0.0,GSE136831
IPF,pDC,WNT2,1,0.0,0.0,GSE136831
IPF,pDC,WNT2B,1,0.0672462822365886,0.032258064516129,GSE136831
IPF,pDC,WNT3,1,0.0,0.0,GSE136831
IPF,pDC,WNT3A,1,0.0567926052326348,0.032258064516129,GSE136831
IPF,pDC,WNT4,1,0.0,0.0,GSE136831
IPF,pDC,WNT5A,1,0.0,0.0,GSE136831
IPF,pDC,WNT5B,1,0.0856222812158272,0.0483870967741935,GSE136831
IPF,pDC,WNT6,1,0.0,0.0,GSE136831
IPF,pDC,WNT7A,1,0.0,0.0,GSE136831
IPF,pDC,WNT7B,1,0.0,0.0,GSE136831
IPF,pDC,WNT8A,1,0.0,0.0,GSE136831
IPF,pDC,WNT8B,1,0.0,0.0,GSE136831
IPF,pDC,WNT9A,1,0.0,0.0,GSE136831
IPF,pDC,WNT9B,1,0.0,0.0,GSE136831
IPF,pDC,XCR1,1,0.0,0.0,GSE136831
control,ATI,ACKR1,4,0.0071761750986724,0.003333333333333325,GSE136831
control,ATI,ACKR2,4,0.0,0.0,GSE136831
control,ATI,ACKR3,4,0.09327419560755858,0.028024914328054075,GSE136831
control,ATI,ACKR4,4,0.15705832074803178,0.048926553672316374,GSE136831
control,ATI,ACVR1,4,0.27384411744676285,0.060009261831990325,GSE136831
control,ATI,ACVR1B,4,0.031580592269176325,0.015141242937853076,GSE136831
control,ATI,ACVR1C,4,0.013729851443007375,0.0040983606557377,GSE136831
control,ATI,ACVRL1,4,0.0025046034611616,0.0021186440677966,GSE136831
control,ATI,ADGRA2,4,0.32791119947565117,0.09194915254237288,GSE136831
control,ATI,ADRA2A,4,0.0,0.0,GSE136831
control,ATI,ADRB2,4,1.2211476333174498,0.29481846809298873,GSE136831
control,ATI,ANTXR1,4,0.14294102044510448,0.05000694637399275,GSE136831
control,ATI,APCDD1,4,0.01355277994622255,0.0040983606557377,GSE136831
control,ATI,AREG,4,0.20705768044501413,0.06816384180790958,GSE136831
control,ATI,ATP6AP2,4,0.8973422627938997,0.19592479392423817,GSE136831
control,ATI,AVPR1A,4,0.0,0.0,GSE136831
control,ATI,CASP1,4,0.10543577200506182,0.04698434750393625,GSE136831
control,ATI,CAV1,4,28.37153079296268,0.9792303417616005,GSE136831
control,ATI,CCL2,4,0.36526973489728304,0.06271186440677966,GSE136831
control,ATI,CCR1,4,0.021491006150444674,0.005451977401129925,GSE136831
control,ATI,CCR10,4,0.0,0.0,GSE136831
control,ATI,CCR2,4,0.0,0.0,GSE136831
control,ATI,CCR3,4,0.0417505411628452,0.0090983606557377,GSE136831
control,ATI,CCR4,4,0.0,0.0,GSE136831
control,ATI,CCR5,4,0.0,0.0,GSE136831
control,ATI,CD36,4,0.0204047322127369,0.00968926553672315,GSE136831
control,ATI,CD4,4,0.0975912296020684,0.02878762619246085,GSE136831
control,ATI,CD44,4,1.6220045289159946,0.2790316754654071,GSE136831
control,ATI,CD82,4,0.09525130305207685,0.03923960359359077,GSE136831
control,ATI,CD9,4,8.255808405808953,0.8050930814115032,GSE136831
control,ATI,CSF1,4,0.018361132186028,0.011355932203389825,GSE136831
control,ATI,CSF1R,4,0.05065589837650355,0.01788367139020095,GSE136831
control,ATI,CXCL1,4,0.03950455059898333,0.016949152542372874,GSE136831
control,ATI,CXCL12,4,0.0,0.0,GSE136831
control,ATI,CXCL2,4,1.13474438373522,0.14034129850884502,GSE136831
control,ATI,CXCR1,4,0.0,0.0,GSE136831
control,ATI,CXCR2,4,0.0,0.0,GSE136831
control,ATI,CXCR3,4,0.0,0.0,GSE136831
control,ATI,CXCR4,4,0.15108131132556274,0.04469158099472075,GSE136831
control,ATI,DPP4,4,0.15706544692737556,0.047262202463647277,GSE136831
control,ATI,EGFR,4,2.4437229537545067,0.4641164212281189,GSE136831
control,ATI,ENG,4,0.054528670170716526,0.02090627026025745,GSE136831
control,ATI,EPHA7,4,0.00784313725490195,0.005,GSE136831
control,ATI,EPHB2,4,0.0756921046327968,0.03288367139020095,GSE136831
control,ATI,ERBB2,4,1.30244240133659,0.26916597202926734,GSE136831
control,ATI,ERBB3,4,1.4939073869924775,0.3318449569324812,GSE136831
control,ATI,ERBB4,4,0.5773317148227458,0.1281823654718903,GSE136831
control,ATI,FGF10,4,0.0,0.0,GSE136831
control,ATI,FGF7,4,0.11311841062006656,0.0393785310734463,GSE136831
control,ATI,FGFR1,4,0.03400346539637832,0.011668982124664225,GSE136831
control,ATI,FGFR2,4,0.46500754934616456,0.12564230804853196,GSE136831
control,ATI,FGFR3,4,0.045837243889278595,0.018926553672316375,GSE136831
control,ATI,FGFR4,4,0.0,0.0,GSE136831
control,ATI,FGFRL1,4,0.23210719523975298,0.06274937482634063,GSE136831
control,ATI,FLT1,4,0.08395941526295005,0.01986338797814205,GSE136831
control,ATI,FZD1,4,0.028206523177217925,0.01166666666666665,GSE136831
control,ATI,FZD10,4,0.0,0.0,GSE136831
control,ATI,FZD2,4,0.2406156865715054,0.06698666296193385,GSE136831
control,ATI,FZD3,4,0.1569650588113345,0.03486801889413722,GSE136831
control,ATI,FZD4,4,0.0268416136544797,0.0081967213114754,GSE136831
control,ATI,FZD5,4,0.604457479908143,0.1582129295174585,GSE136831
control,ATI,FZD6,4,1.2732135263551376,0.2999050662220987,GSE136831
control,ATI,FZD7,4,0.034813614615336,0.016355932203389826,GSE136831
control,ATI,FZD8,4,0.2375850894486067,0.06713022135778453,GSE136831
control,ATI,FZD9,4,0.0,0.0,GSE136831
control,ATI,GPC1,4,0.5398296100597121,0.1378975641381865,GSE136831
control,ATI,GRIN2B,4,0.0625740916574994,0.013196721311475399,GSE136831
control,ATI,GRM7,4,0.26360785623299515,0.06720061128091134,GSE136831
control,ATI,GSDMD,4,0.4659966824076683,0.14678892284893946,GSE136831
control,ATI,HBEGF,4,2.3373294999560663,0.37067472446049826,GSE136831
control,ATI,IL1A,4,0.0,0.0,GSE136831
control,ATI,IL1B,4,0.089560507530835,0.0254566083171251,GSE136831
control,ATI,IL1R1,4,1.0436370093350849,0.18317078818190236,GSE136831
control,ATI,IL1R2,4,0.04059438868172055,0.017431693989071025,GSE136831
control,ATI,IL1RAP,4,0.20154837864417557,0.04986570343613962,GSE136831
control,ATI,IL1RN,4,0.0863684923145341,0.02559322033898305,GSE136831
control,ATI,IL6,4,0.0261437908496732,0.003333333333333325,GSE136831
control,ATI,ITGA4,4,0.01355277994622255,0.0040983606557377,GSE136831
control,ATI,ITGA5,4,0.0205098565789141,0.007570621468926526,GSE136831
control,ATI,ITGA9,4,0.33735451044394127,0.08941835695100488,GSE136831
control,ATI,ITGAV,4,0.6044903993980618,0.16984208576456422,GSE136831
control,ATI,ITGB1,4,1.7112085553617722,0.35334213207372417,GSE136831
control,ATI,ITGB3,4,0.06034480414997036,0.013648698712605324,GSE136831
control,ATI,ITGB5,4,0.2159623333029565,0.05788830230619615,GSE136831
control,ATI,ITGB6,4,2.2917187061950335,0.41970501065110677,GSE136831
control,ATI,ITGB8,4,0.08416678806963597,0.023024914328054074,GSE136831
control,ATI,KDR,4,0.0,0.0,GSE136831
control,ATI,KLRG2,4,0.1984352983532254,0.0545549689728628,GSE136831
control,ATI,LDLR,4,3.321520640019636,0.48529128461609705,GSE136831
control,ATI,LGR5,4,0.013215396123408725,0.0062170047235343,GSE136831
control,ATI,LPP,4,7.189284100858782,0.8152852644253034,GSE136831
control,ATI,LRP1,4,0.12215445401202771,0.04122163563952948,GSE136831
control,ATI,LRP2,4,0.03038713655183035,0.011668982124664225,GSE136831
control,ATI,LRP5,4,0.842156922079879,0.23124015930351022,GSE136831
control,ATI,LRP6,4,0.6193770357485184,0.17592942484023338,GSE136831
control,ATI,MCAM,4,0.0,0.0,GSE136831
control,ATI,MUSK,4,0.0017302115702708,0.0021186440677966,GSE136831
control,ATI,NLRP3,4,0.039141966658283,0.012570621468926525,GSE136831
control,ATI,NOTCH1,4,0.27246669505992205,0.0986533296286005,GSE136831
control,ATI,NRP1,4,0.06891871298280332,0.025454292859127522,GSE136831
control,ATI,NRP2,4,0.42853979544137927,0.09851903306474018,GSE136831
control,ATI,PRLR,4,0.0,0.0,GSE136831
control,ATI,PTK7,4,0.5355775411397934,0.1374103917754932,GSE136831
control,ATI,PTPRK,4,2.0871882490240985,0.38561128091136426,GSE136831
control,ATI,PYCARD,4,0.23504463704969972,0.06677966101694915,GSE136831
control,ATI,RECK,4,0.11989282734459503,0.03788598684819855,GSE136831
control,ATI,RET,4,0.01210384127506705,0.0040983606557377,GSE136831
control,ATI,ROR1,4,6.120319623712898,0.7132893396313791,GSE136831
control,ATI,ROR2,4,0.08708986274544743,0.03910299157173285,GSE136831
control,ATI,RYK,4,0.5962289571917059,0.1700162082059831,GSE136831
control,ATI,SDC2,4,0.6172661804621857,0.178803834398444,GSE136831
control,ATI,SDC4,4,3.970795272855386,0.5817009354450311,GSE136831
control,ATI,SIGIRR,4,0.49912437576891977,0.12262202463647305,GSE136831
control,ATI,SIRPA,4,0.0657495993906773,0.0142372881355932,GSE136831
control,ATI,SMO,4,0.007504780545207275,0.0040983606557377,GSE136831
control,ATI,SPP1,4,0.04729211295137822,0.018926553672316375,GSE136831
control,ATI,TGFB1,4,0.08187272191487022,0.03180790960451975,GSE136831
control,ATI,TGFBR1,4,0.139201913604739,0.04635593220338982,GSE136831
control,ATI,TGFBR2,4,3.4188998931032555,0.5698670927109382,GSE136831
control,ATI,TGFBR3,4,0.1867854326073967,0.05927711401315175,GSE136831
control,ATI,TMED5,4,0.6106381579170292,0.17981152171899598,GSE136831
control,ATI,TNF,4,0.0,0.0,GSE136831
control,ATI,TYRO3,4,0.06789197814641917,0.020315365379272,GSE136831
control,ATI,VANGL2,4,0.0315573972264842,0.011530054644808725,GSE136831
control,ATI,VASN,4,0.09992843112141528,0.027885986848198548,GSE136831
control,ATI,VEGFA,4,5.561121491522098,0.7025595072705382,GSE136831
control,ATI,WNT1,4,0.03409617850031368,0.0040983606557377,GSE136831
control,ATI,WNT10A,4,0.0,0.0,GSE136831
control,ATI,WNT10B,4,0.0,0.0,GSE136831
control,ATI,WNT11,4,0.0,0.0,GSE136831
control,ATI,WNT16,4,0.0,0.0,GSE136831
control,ATI,WNT2,4,0.0,0.0,GSE136831
control,ATI,WNT2B,4,0.333762987991414,0.09545197740112993,GSE136831
control,ATI,WNT3,4,0.043519412533493604,0.010451977401129926,GSE136831
control,ATI,WNT3A,4,0.41786046587172404,0.10334722608131888,GSE136831
control,ATI,WNT4,4,0.0025692991363044,0.0021186440677966,GSE136831
control,ATI,WNT5A,4,0.21553945259805227,0.05820366768546815,GSE136831
control,ATI,WNT5B,4,0.221814505981716,0.055458923775122675,GSE136831
control,ATI,WNT6,4,0.0,0.0,GSE136831
control,ATI,WNT7A,4,0.4267973114000432,0.09122858201352224,GSE136831
control,ATI,WNT7B,4,0.025153850824709525,0.012572936926924124,GSE136831
control,ATI,WNT8A,4,0.0,0.0,GSE136831
control,ATI,WNT8B,4,0.00583056381552095,0.003333333333333325,GSE136831
control,ATI,WNT9A,4,0.7690969659759087,0.16217236269334073,GSE136831
control,ATI,WNT9B,4,0.008187996397281575,0.003333333333333325,GSE136831
control,ATI,XCR1,4,0.0,0.0,GSE136831
control,ATII,ACKR1,10,0.0029766348842270598,0.0050110067714053096,GSE136831
control,ATII,ACKR2,10,0.00377212778261575,0.0025767523167231,GSE136831
control,ATII,ACKR3,10,0.006646246882870729,0.00583595342786109,GSE136831
control,ATII,ACKR4,10,0.005921705695239731,0.005610064576345469,GSE136831
control,ATII,ACVR1,10,0.3237820405280449,0.1614117116429558,GSE136831
control,ATII,ACVR1B,10,0.2586985603402447,0.13805673254406522,GSE136831
control,ATII,ACVR1C,10,0.06587038827252059,0.03835696808601783,GSE136831
control,ATII,ACVRL1,10,0.00905267571754106,0.00680234885622206,GSE136831
control,ATII,ADGRA2,10,0.10290971180128383,0.04634126527994502,GSE136831
control,ATII,ADRA2A,10,0.0016753925889792301,0.00142156862745097,GSE136831
control,ATII,ADRB2,10,0.381659029471437,0.22410163663170984,GSE136831
control,ATII,ANTXR1,10,0.31147118011050984,0.15730797127726004,GSE136831
control,ATII,APCDD1,10,0.036497554833119186,0.02703932208267982,GSE136831
control,ATII,AREG,10,2.814499842713365,0.5094986735701104,GSE136831
control,ATII,ATP6AP2,10,0.2029450462186002,0.16468611746935008,GSE136831
control,ATII,AVPR1A,10,0.0,0.0,GSE136831
control,ATII,CASP1,10,0.04963368199497243,0.040183103193861945,GSE136831
control,ATII,CAV1,10,0.8728649512502165,0.2760881333777781,GSE136831
control,ATII,CCL2,10,0.258487395205225,0.09231231195547787,GSE136831
control,ATII,CCR1,10,0.0109354128006812,0.00887695857673664,GSE136831
control,ATII,CCR10,10,0.0062512249131442005,0.006411571200371319,GSE136831
control,ATII,CCR2,10,0.00225189035547937,0.00120241383451422,GSE136831
control,ATII,CCR3,10,0.00946756941702295,0.0050830980719499,GSE136831
control,ATII,CCR4,10,0.00082737622451681,0.00083333333333333,GSE136831
control,ATII,CCR5,10,0.00011084884024198,0.00013210039630117998,GSE136831
control,ATII,CD36,10,0.5290026995944103,0.24150342729462543,GSE136831
control,ATII,CD4,10,0.03791011219647527,0.026979886382263278,GSE136831
control,ATII,CD44,10,5.598439741068153,0.778230363187338,GSE136831
control,ATII,CD82,10,0.0807794220702844,0.06274095068805682,GSE136831
control,ATII,CD9,10,4.001716409459388,0.7138714777117714,GSE136831
control,ATII,CSF1,10,0.13216661303439511,0.07891031025344028,GSE136831
control,ATII,CSF1R,10,0.03912528158060356,0.027091222015321693,GSE136831
control,ATII,CXCL1,10,1.0947755999082123,0.26860247341001603,GSE136831
control,ATII,CXCL12,10,9.212542502126e-05,0.00013210039630117998,GSE136831
control,ATII,CXCL2,10,13.362101017473512,0.7640312396772097,GSE136831
control,ATII,CXCR1,10,0.00016330655269175,0.00075187969924812,GSE136831
control,ATII,CXCR2,10,0.004383355463513169,0.00319217525632432,GSE136831
control,ATII,CXCR3,10,0.00177094417743025,0.00089938353148392,GSE136831
control,ATII,CXCR4,10,0.097117643149121,0.06525969707006457,GSE136831
control,ATII,DPP4,10,1.1751124264822166,0.30558571978261884,GSE136831
control,ATII,EGFR,10,1.316304721637799,0.45763983187204627,GSE136831
control,ATII,ENG,10,0.176064835253586,0.1018447852562772,GSE136831
control,ATII,EPHA7,10,0.016975075945569858,0.0072237497260814396,GSE136831
control,ATII,EPHB2,10,0.19827400210494323,0.08629963479245562,GSE136831
control,ATII,ERBB2,10,0.1755248783967234,0.11906893367717827,GSE136831
control,ATII,ERBB3,10,0.4931537393595439,0.2626571014808666,GSE136831
control,ATII,ERBB4,10,6.663513025565497,0.7768525107020078,GSE136831
control,ATII,FGF10,10,0.00800369267199789,0.00431406692615798,GSE136831
control,ATII,FGF7,10,0.07669118221066688,0.07696653076995208,GSE136831
control,ATII,FGFR1,10,0.980688455197852,0.36231939071132346,GSE136831
control,ATII,FGFR2,10,1.0779952466402725,0.34377400040074496,GSE136831
control,ATII,FGFR3,10,0.05675058726482798,0.0389903412430637,GSE136831
control,ATII,FGFR4,10,0.00143734513358193,0.00194487306150993,GSE136831
control,ATII,FGFRL1,10,0.06666435887558504,0.05387783147112178,GSE136831
control,ATII,FLT1,10,0.03910720897087623,0.022076931188219108,GSE136831
control,ATII,FZD1,10,0.01977639248198857,0.02091419836873904,GSE136831
control,ATII,FZD10,10,0.0,0.0,GSE136831
control,ATII,FZD2,10,0.00197671624459401,0.0027558001577881997,GSE136831
control,ATII,FZD3,10,0.0667965089338534,0.046173546946307285,GSE136831
control,ATII,FZD4,10,0.00943021152196636,0.01127399071174015,GSE136831
control,ATII,FZD5,10,0.186801192684127,0.14309392381347838,GSE136831
control,ATII,FZD6,10,0.26356986193406673,0.16189120904074755,GSE136831
control,ATII,FZD7,10,0.041935621153652944,0.03937493627596494,GSE136831
control,ATII,FZD8,10,0.025596918135180242,0.022611089265527982,GSE136831
control,ATII,FZD9,10,0.0021202644888586504,0.00199691765741963,GSE136831
control,ATII,GPC1,10,0.061756352139001894,0.05515282304300913,GSE136831
control,ATII,GRIN2B,10,0.037292506452211806,0.024817282289422468,GSE136831
control,ATII,GRM7,10,0.07052887548093738,0.04433184201816373,GSE136831
control,ATII,GSDMD,10,0.13473139615463223,0.11280669965349321,GSE136831
control,ATII,HBEGF,10,0.4186514398732447,0.2135878407269341,GSE136831
control,ATII,IL1A,10,0.00547817132320854,0.00559368331548408,GSE136831
control,ATII,IL1B,10,0.0688706271730138,0.05731881372275571,GSE136831
control,ATII,IL1R1,10,4.8383023633150115,0.5643670865592172,GSE136831
control,ATII,IL1R2,10,0.06765363899132239,0.04374666055458716,GSE136831
control,ATII,IL1RAP,10,0.3529042132041719,0.16492954393869833,GSE136831
control,ATII,IL1RN,10,0.07240432152656388,0.05749828803845221,GSE136831
control,ATII,IL6,10,0.10815448541698394,0.06345702902466825,GSE136831
control,ATII,ITGA4,10,0.0048659890371737,0.00269624914935349,GSE136831
control,ATII,ITGA5,10,0.01967156224810125,0.02448267482688998,GSE136831
control,ATII,ITGA9,10,1.0627290915503174,0.3469317745377624,GSE136831
control,ATII,ITGAV,10,0.8718600623840362,0.33411492323046293,GSE136831
control,ATII,ITGB1,10,1.2692763720591889,0.4299022947071395,GSE136831
control,ATII,ITGB3,10,0.01993503863498171,0.01033162669202639,GSE136831
control,ATII,ITGB5,10,0.1402565308018701,0.08021701349060989,GSE136831
control,ATII,ITGB6,10,2.5727435911641834,0.6082149878476919,GSE136831
control,ATII,ITGB8,10,0.17229479691038144,0.07711119232042733,GSE136831
control,ATII,KDR,10,0.00145098500116804,0.00088495575221238,GSE136831
control,ATII,KLRG2,10,0.01998897683168365,0.01141649592277553,GSE136831
control,ATII,LDLR,10,5.9418097627651765,0.8408869281903446,GSE136831
control,ATII,LGR5,10,0.00886285324113413,0.0074011722135843006,GSE136831
control,ATII,LPP,10,6.036765954391528,0.8601591707967469,GSE136831
control,ATII,LRP1,10,0.07918245746517863,0.04789145918693879,GSE136831
control,ATII,LRP2,10,1.240937230811306,0.2896151721644866,GSE136831
control,ATII,LRP5,10,0.5953132326733043,0.25752744517793125,GSE136831
control,ATII,LRP6,10,0.851372202689122,0.33015383414061716,GSE136831
control,ATII,MCAM,10,0.0015219462800092,0.00225563909774436,GSE136831
control,ATII,MUSK,10,0.02641046467614581,0.015444751614103419,GSE136831
control,ATII,NLRP3,10,0.04865607529814841,0.030725948376231847,GSE136831
control,ATII,NOTCH1,10,0.20291878761160018,0.13626899570842327,GSE136831
control,ATII,NRP1,10,0.42584546731061235,0.1776348102184843,GSE136831
control,ATII,NRP2,10,0.5443364214738814,0.25071951274991056,GSE136831
control,ATII,PRLR,10,0.0461204311476382,0.01857266256757059,GSE136831
control,ATII,PTK7,10,0.7066344519164396,0.32142411883553407,GSE136831
control,ATII,PTPRK,10,4.210359130893858,0.7746663795506312,GSE136831
control,ATII,PYCARD,10,0.10988574530496524,0.098504758394403,GSE136831
control,ATII,RECK,10,0.050183605817300636,0.04112947628450321,GSE136831
control,ATII,RET,10,0.00033591144273329,0.0012815256836575,GSE136831
control,ATII,ROR1,10,1.4337748249004925,0.4088547166973212,GSE136831
control,ATII,ROR2,10,0.08138977456198274,0.040865697306895696,GSE136831
control,ATII,RYK,10,0.4822612063777635,0.23590155495899007,GSE136831
control,ATII,SDC2,10,0.5280132260085135,0.2624173821705763,GSE136831
control,ATII,SDC4,10,5.904259080934965,0.7348714636263288,GSE136831
control,ATII,SIGIRR,10,0.1583944845459482,0.12621937240368575,GSE136831
control,ATII,SIRPA,10,0.04655691589191682,0.03011027448483588,GSE136831
control,ATII,SMO,10,0.008826661785676319,0.007559087186912959,GSE136831
control,ATII,SPP1,10,0.05903193080003684,0.052166668448319145,GSE136831
control,ATII,TGFB1,10,0.4496577944861177,0.19124670587847292,GSE136831
control,ATII,TGFBR1,10,0.17047854557599457,0.08905167069372212,GSE136831
control,ATII,TGFBR2,10,2.788254016423507,0.6374077506305611,GSE136831
control,ATII,TGFBR3,10,0.18129833783209923,0.09522986644060254,GSE136831
control,ATII,TMED5,10,0.6069236116640698,0.3098598576136501,GSE136831
control,ATII,TNF,10,0.00744952862812136,0.00462595730058213,GSE136831
control,ATII,TYRO3,10,0.01767048660083442,0.01014373491225106,GSE136831
control,ATII,VANGL2,10,0.009184258278920911,0.00444308974981498,GSE136831
control,ATII,VASN,10,0.053832914893495266,0.06406854100345905,GSE136831
control,ATII,VEGFA,10,0.40873331960948417,0.22144472809516075,GSE136831
control,ATII,WNT1,10,0.0,0.0,GSE136831
control,ATII,WNT10A,10,0.0,0.0,GSE136831
control,ATII,WNT10B,10,7.838855702657e-05,6.605019815058999e-05,GSE136831
control,ATII,WNT11,10,0.0024629974121503097,0.00078638588856942,GSE136831
control,ATII,WNT16,10,0.00030899172045522,0.00019815059445178,GSE136831
control,ATII,WNT2,10,0.00410683245926689,0.00288914495329402,GSE136831
control,ATII,WNT2B,10,0.23685558216259994,0.10032371750096387,GSE136831
control,ATII,WNT3,10,0.030875790766204732,0.01843661528682709,GSE136831
control,ATII,WNT3A,10,0.01989393869574831,0.00894166612180319,GSE136831
control,ATII,WNT4,10,0.01908757531721337,0.01085695687981049,GSE136831
control,ATII,WNT5A,10,0.06948860174060527,0.05224992277091708,GSE136831
control,ATII,WNT5B,10,0.08502619633433756,0.05416502602820562,GSE136831
control,ATII,WNT6,10,0.0006340984094697899,0.0019897614218100995,GSE136831
control,ATII,WNT7A,10,0.00219319096301492,0.0015922158337018997,GSE136831
control,ATII,WNT7B,10,0.20159968246217125,0.10132756904810543,GSE136831
control,ATII,WNT8A,10,0.00130812197074648,0.00165826603185249,GSE136831
control,ATII,WNT8B,10,0.0053743687973155105,0.00590168501524226,GSE136831
control,ATII,WNT9A,10,0.03123069415839232,0.02213354694371279,GSE136831
control,ATII,WNT9B,10,0.023829483574465023,0.01117597553775289,GSE136831
control,ATII,XCR1,10,3.147345761488e-05,6.605019815058999e-05,GSE136831
control,B,ACKR1,7,0.009819777621315987,0.0006706908115358714,GSE136831
control,B,ACKR2,7,0.0068125621925205285,0.002182406608965943,GSE136831
control,B,ACKR3,7,0.02038068410259593,0.00861876290083353,GSE136831
control,B,ACKR4,7,0.0028359019515259145,0.0006706908115358714,GSE136831
control,B,ACVR1,7,0.07993691000200158,0.028366733332496286,GSE136831
control,B,ACVR1B,7,0.023738960109136915,0.005838032416793029,GSE136831
control,B,ACVR1C,7,0.06237304404814566,0.016448025786744258,GSE136831
control,B,ACVRL1,7,0.012884367615371014,0.005734406438631772,GSE136831
control,B,ADGRA2,7,0.014220219982622972,0.006722145039549429,GSE136831
control,B,ADRA2A,7,0.01307497188881043,0.0023809523809523716,GSE136831
control,B,ADRB2,7,0.024715006685354198,0.006226258676144143,GSE136831
control,B,ANTXR1,7,0.008144169281595542,0.0032136474899010143,GSE136831
control,B,APCDD1,7,0.0,0.0,GSE136831
control,B,AREG,7,1.0283037746922108,0.18041090869694476,GSE136831
control,B,ATP6AP2,7,0.22018189470588134,0.076767184454425,GSE136831
control,B,AVPR1A,7,0.0,0.0,GSE136831
control,B,CASP1,7,0.09879159661091795,0.03604869461351445,GSE136831
control,B,CAV1,7,0.021473431048582684,0.0068271938474111435,GSE136831
control,B,CCL2,7,0.10096379863724073,0.023015151364427302,GSE136831
control,B,CCR1,7,0.019075340054157428,0.006796033377819157,GSE136831
control,B,CCR10,7,0.004051707896170929,0.0009460737937559,GSE136831
control,B,CCR2,7,0.0089241495659744,0.0036287497785396,GSE136831
control,B,CCR3,7,0.008628709114875028,0.0036287497785396,GSE136831
control,B,CCR4,7,0.0,0.0,GSE136831
control,B,CCR5,7,0.0035005555446816143,0.003551912568306,GSE136831
control,B,CD36,7,0.1754468838995556,0.0336097458739081,GSE136831
control,B,CD4,7,0.019713362725323973,0.005745871021008957,GSE136831
control,B,CD44,7,4.681150482964471,0.6278842609023444,GSE136831
control,B,CD82,7,0.8709901696143658,0.2278535065953748,GSE136831
control,B,CD9,7,0.13350727334191134,0.04003273310422056,GSE136831
control,B,CSF1,7,0.007508518695418871,0.0027877247926454,GSE136831
control,B,CSF1R,7,0.014880339327024487,0.0073427539056182,GSE136831
control,B,CXCL1,7,0.024565562920731098,0.007207080035840657,GSE136831
control,B,CXCL12,7,0.0,0.0,GSE136831
control,B,CXCL2,7,0.2810836377509361,0.08331201187822893,GSE136831
control,B,CXCR1,7,0.0,0.0,GSE136831
control,B,CXCR2,7,0.0,0.0,GSE136831
control,B,CXCR3,7,0.15252267972831904,0.043171463285499985,GSE136831
control,B,CXCR4,7,10.721004139661554,0.8477446866794943,GSE136831
control,B,DPP4,7,0.0,0.0,GSE136831
control,B,EGFR,7,0.004324886862470629,0.001926818086068657,GSE136831
control,B,ENG,7,0.10768970881163809,0.03460864245921426,GSE136831
control,B,EPHA7,7,0.029954886157723012,0.010110717742102027,GSE136831
control,B,EPHB2,7,0.015687852963696798,0.006265290682389257,GSE136831
control,B,ERBB2,7,0.0071343589411745146,0.003594079279982757,GSE136831
control,B,ERBB3,7,0.0017268857635710285,0.0007558578987150285,GSE136831
control,B,ERBB4,7,0.14302364972841394,0.05004406614009783,GSE136831
control,B,FGF10,7,0.004173389406629985,0.0040828840734233,GSE136831
control,B,FGF7,7,0.0,0.0,GSE136831
control,B,FGFR1,7,0.17471631202694377,0.03565482697370863,GSE136831
control,B,FGFR2,7,0.013667512886594528,0.007700169269585743,GSE136831
control,B,FGFR3,7,0.0,0.0,GSE136831
control,B,FGFR4,7,0.004066660334251058,0.003551912568306,GSE136831
control,B,FGFRL1,7,0.014126799377762714,0.004426359745776215,GSE136831
control,B,FLT1,7,0.07313016460839568,0.025532688213451955,GSE136831
control,B,FZD1,7,0.039128223187385056,0.0023809523809523716,GSE136831
control,B,FZD10,7,0.0,0.0,GSE136831
control,B,FZD2,7,0.004019005071180586,0.0009460737937559,GSE136831
control,B,FZD3,7,0.07766647882074548,0.01989519614517726,GSE136831
control,B,FZD4,7,0.006238357498834343,0.0014265487102509,GSE136831
control,B,FZD5,7,0.017976852293232457,0.0035237882320377145,GSE136831
control,B,FZD6,7,0.026019805847886702,0.012972559682704613,GSE136831
control,B,FZD7,7,0.0026419002328175144,0.0013413816230717572,GSE136831
control,B,FZD8,7,0.0,0.0,GSE136831
control,B,FZD9,7,0.0,0.0,GSE136831
control,B,GPC1,7,0.0005374986468471429,0.0006706908115358714,GSE136831
control,B,GRIN2B,7,0.034597096548880886,0.009847589308947599,GSE136831
control,B,GRM7,7,0.0628319367632646,0.025357081212193128,GSE136831
control,B,GSDMD,7,0.1991906486277127,0.06319749067205822,GSE136831
control,B,HBEGF,7,0.0856885143556274,0.029298632675574615,GSE136831
control,B,IL1A,7,0.014004227158437842,0.004473907462434629,GSE136831
control,B,IL1B,7,0.0896214032471523,0.024468336967387528,GSE136831
control,B,IL1R1,7,0.041554844431518786,0.013216367552177458,GSE136831
control,B,IL1R2,7,0.08946078634535852,0.026087679498625286,GSE136831
control,B,IL1RAP,7,0.146994424102973,0.05332905231702583,GSE136831
control,B,IL1RN,7,0.03513962681847786,0.016241670123054396,GSE136831
control,B,IL6,7,0.31908712715818616,0.06320156239835094,GSE136831
control,B,ITGA4,7,0.7334336893907434,0.15675101803060904,GSE136831
control,B,ITGA5,7,0.01698036750297607,0.007335334759882015,GSE136831
control,B,ITGA9,7,0.08912976708973705,0.026363087509252543,GSE136831
control,B,ITGAV,7,0.22225820685246522,0.06636723621769028,GSE136831
control,B,ITGB1,7,0.8292780750709677,0.18413264913157382,GSE136831
control,B,ITGB3,7,0.008767775873892757,0.004563358989918315,GSE136831
control,B,ITGB5,7,0.03533289666058725,0.014847130968655172,GSE136831
control,B,ITGB6,7,0.036181300590433375,0.015235434295390014,GSE136831
control,B,ITGB8,7,0.060005339530481,0.01804729174586137,GSE136831
control,B,KDR,7,0.0,0.0,GSE136831
control,B,KLRG2,7,0.004038422436368571,0.002182406608965943,GSE136831
control,B,LDLR,7,0.07959028147218337,0.025345464887512232,GSE136831
control,B,LGR5,7,0.0037297847798659143,0.0014265487102509,GSE136831
control,B,LPP,7,2.3647277032172305,0.42399399943127325,GSE136831
control,B,LRP1,7,0.03913956031643863,0.016845662932369315,GSE136831
control,B,LRP2,7,0.010071014204048642,0.005205838203826115,GSE136831
control,B,LRP5,7,0.07006834092553946,0.02422515303108463,GSE136831
control,B,LRP6,7,0.0428017433606929,0.013898522946090513,GSE136831
control,B,MCAM,7,0.016996222220342843,0.006779407127089229,GSE136831
control,B,MUSK,7,0.008742718746687328,0.0029998110355253,GSE136831
control,B,NLRP3,7,0.09057497699184816,0.032873731360111014,GSE136831
control,B,NOTCH1,7,0.1593003759376317,0.031544614480080876,GSE136831
control,B,NRP1,7,0.06593708087652063,0.02614115070853626,GSE136831
control,B,NRP2,7,0.03745666994277847,0.012389297680331928,GSE136831
control,B,PRLR,7,0.012781560301563315,0.005734319177271943,GSE136831
control,B,PTK7,7,0.03372201637711426,0.016096034403978058,GSE136831
control,B,PTPRK,7,0.36291031949549357,0.0988594362758045,GSE136831
control,B,PYCARD,7,0.32844939409369545,0.10762605108287164,GSE136831
control,B,RECK,7,0.13467007478189588,0.03952255869145024,GSE136831
control,B,RET,7,0.0031514783269683856,0.0009460737937559,GSE136831
control,B,ROR1,7,0.3669246561651908,0.07308780076908876,GSE136831
control,B,ROR2,7,0.14660685751880256,0.05081902539878025,GSE136831
control,B,RYK,7,0.4452611099373861,0.1189302685146579,GSE136831
control,B,SDC2,7,0.17312344123229145,0.051273541554575496,GSE136831
control,B,SDC4,7,0.0760678625826705,0.02580185665977937,GSE136831
control,B,SIGIRR,7,0.17895428025015345,0.062206957333944116,GSE136831
control,B,SIRPA,7,0.13519161655814751,0.04088502664504814,GSE136831
control,B,SMO,7,0.014386345663474357,0.007219694353090728,GSE136831
control,B,SPP1,7,0.07902611232893487,0.026325136512335843,GSE136831
control,B,TGFB1,7,2.3141282597149018,0.40606517882182097,GSE136831
control,B,TGFBR1,7,0.5715423402008766,0.13935476546098013,GSE136831
control,B,TGFBR2,7,1.9906670837317166,0.36635913084370847,GSE136831
control,B,TGFBR3,7,0.0876978905232068,0.028691281579598573,GSE136831
control,B,TMED5,7,0.7114165779309164,0.1743133521442357,GSE136831
control,B,TNF,7,0.11079681000360778,0.031071537204597884,GSE136831
control,B,TYRO3,7,0.0138348458869359,0.0059939531368102565,GSE136831
control,B,VANGL2,7,0.0053846666167472424,0.0017019316924709285,GSE136831
control,B,VASN,7,0.0422423141256125,0.009994390185330871,GSE136831
control,B,VEGFA,7,0.043394433308865145,0.01177411933284287,GSE136831
control,B,WNT1,7,0.0,0.0,GSE136831
control,B,WNT10A,7,0.033354178791212254,0.014126587742257127,GSE136831
control,B,WNT10B,7,0.0,0.0,GSE136831
control,B,WNT11,7,0.0008044464652139571,0.0007558578987150285,GSE136831
control,B,WNT16,7,0.060579877126736466,0.02266576875247513,GSE136831
control,B,WNT2,7,0.0,0.0,GSE136831
control,B,WNT2B,7,0.05754083886982403,0.018190091999512915,GSE136831
control,B,WNT3,7,0.0111530022896034,0.006075074787348401,GSE136831
control,B,WNT3A,7,0.0018087051895550143,0.0007558578987150285,GSE136831
control,B,WNT4,7,0.0,0.0,GSE136831
control,B,WNT5A,7,0.0,0.0,GSE136831
control,B,WNT5B,7,0.11412352161021501,0.033014021296589056,GSE136831
control,B,WNT6,7,0.0036851143490982427,0.0006706908115358714,GSE136831
control,B,WNT7A,7,0.0,0.0,GSE136831
control,B,WNT7B,7,0.0,0.0,GSE136831
control,B,WNT8A,7,0.0,0.0,GSE136831
control,B,WNT8B,7,0.010935490562032071,0.0036705018470611713,GSE136831
control,B,WNT9A,7,0.0,0.0,GSE136831
control,B,WNT9B,7,0.02819838766309347,0.009628371849590244,GSE136831
control,B,XCR1,7,0.0,0.0,GSE136831
control,Ciliated,ACKR1,8,0.0029509492407575376,0.004421422101449276,GSE136831
control,Ciliated,ACKR2,8,0.013598977067756125,0.009846656906689788,GSE136831
control,Ciliated,ACKR3,8,0.025987421300072974,0.013976897197005875,GSE136831
control,Ciliated,ACKR4,8,0.08862357096360807,0.056869005606933164,GSE136831
control,Ciliated,ACVR1,8,0.43829232595465173,0.24926817459243328,GSE136831
control,Ciliated,ACVR1B,8,0.49684906004855967,0.2716061944400227,GSE136831
control,Ciliated,ACVR1C,8,0.06881995334791353,0.045728199444053264,GSE136831
control,Ciliated,ACVRL1,8,0.009339494860049837,0.007370364010989,GSE136831
control,Ciliated,ADGRA2,8,0.11274275804524918,0.06797725862079393,GSE136831
control,Ciliated,ADRA2A,8,0.01259361138293115,0.00699728260869565,GSE136831
control,Ciliated,ADRB2,8,0.11420500386090399,0.07389985090579905,GSE136831
control,Ciliated,ANTXR1,8,0.2390071107007195,0.14901352566445217,GSE136831
control,Ciliated,APCDD1,8,0.1497389122034994,0.11694786068511023,GSE136831
control,Ciliated,AREG,8,0.5856037990145291,0.22075843094249234,GSE136831
control,Ciliated,ATP6AP2,8,0.484017465636559,0.2865695698028674,GSE136831
control,Ciliated,AVPR1A,8,0.0757791145412888,0.0598360303820857,GSE136831
control,Ciliated,CASP1,8,0.015254721816730312,0.018537295909245223,GSE136831
control,Ciliated,CAV1,8,0.10361142018296515,0.0611638210841714,GSE136831
control,Ciliated,CCL2,8,0.350121384184194,0.07411140597103123,GSE136831
control,Ciliated,CCR1,8,0.0067422719925371005,0.005374313186813175,GSE136831
control,Ciliated,CCR10,8,0.03577877733567383,0.026957666427775098,GSE136831
control,Ciliated,CCR2,8,0.000901472373668975,0.0015625,GSE136831
control,Ciliated,CCR3,8,0.00634542171631685,0.006434643255295426,GSE136831
control,Ciliated,CCR4,8,0.0013709303641798,0.002764423076923075,GSE136831
control,Ciliated,CCR5,8,0.0019047909301475,0.001201923076923075,GSE136831
control,Ciliated,CD36,8,0.08909600220469374,0.056630162683678,GSE136831
control,Ciliated,CD4,8,0.2870294531583356,0.17768416896642278,GSE136831
control,Ciliated,CD44,8,0.33288097433323105,0.15728900998918147,GSE136831
control,Ciliated,CD82,8,0.25586902662571,0.1558758560008472,GSE136831
control,Ciliated,CD9,8,3.4668831671274325,0.7252501592709134,GSE136831
control,Ciliated,CSF1,8,0.018169616552933088,0.017573265472734786,GSE136831
control,Ciliated,CSF1R,8,0.05309198195516535,0.046066943214171416,GSE136831
control,Ciliated,CXCL1,8,0.2425894476941513,0.08402941248831833,GSE136831
control,Ciliated,CXCL12,8,0.0,0.0,GSE136831
control,Ciliated,CXCL2,8,0.6745444716405622,0.1930781172875237,GSE136831
control,Ciliated,CXCR1,8,0.002717346388325175,0.002764423076923075,GSE136831
control,Ciliated,CXCR2,8,0.006562655019379988,0.0043007026345127,GSE136831
control,Ciliated,CXCR3,8,0.003670826729254575,0.003920990566037725,GSE136831
control,Ciliated,CXCR4,8,0.09949902222271327,0.06680426709096603,GSE136831
control,Ciliated,DPP4,8,0.013458490278222525,0.009014423076923074,GSE136831
control,Ciliated,EGFR,8,0.6740094379932398,0.3073852451857739,GSE136831
control,Ciliated,ENG,8,0.1525176715290962,0.0923394276895819,GSE136831
control,Ciliated,EPHA7,8,0.018908311388870863,0.0128944526345127,GSE136831
control,Ciliated,EPHB2,8,0.0704924558997921,0.05154831204610801,GSE136831
control,Ciliated,ERBB2,8,0.43950924626185506,0.23872568206313172,GSE136831
control,Ciliated,ERBB3,8,0.6419190042576446,0.32308865062485437,GSE136831
control,Ciliated,ERBB4,8,1.7419714203169043,0.5184873733172024,GSE136831
control,Ciliated,FGF10,8,0.0003273334422699,0.000905797101449275,GSE136831
control,Ciliated,FGF7,8,0.011227824808979537,0.00932255911517925,GSE136831
control,Ciliated,FGFR1,8,0.0509601747890596,0.03262897630169792,GSE136831
control,Ciliated,FGFR2,8,0.48181510529776195,0.22230915360077796,GSE136831
control,Ciliated,FGFR3,8,0.010878745805346,0.01113688382133315,GSE136831
control,Ciliated,FGFR4,8,0.0034969315639988125,0.004872143255295425,GSE136831
control,Ciliated,FGFRL1,8,0.06137838474957304,0.0444667000826196,GSE136831
control,Ciliated,FLT1,8,0.047818340069809916,0.03298761083478319,GSE136831
control,Ciliated,FZD1,8,0.018167078530219476,0.017292447008146326,GSE136831
control,Ciliated,FZD10,8,0.0,0.0,GSE136831
control,Ciliated,FZD2,8,0.0,0.0,GSE136831
control,Ciliated,FZD3,8,0.2968267265149538,0.18458774647107135,GSE136831
control,Ciliated,FZD4,8,0.0491521309651689,0.0288751108461505,GSE136831
control,Ciliated,FZD5,8,0.03906672376122129,0.03455636823292847,GSE136831
control,Ciliated,FZD6,8,0.46375719333131715,0.2511749591873844,GSE136831
control,Ciliated,FZD7,8,0.019997202644731638,0.0146181059506531,GSE136831
control,Ciliated,FZD8,8,0.02943215296681046,0.024569284703187713,GSE136831
control,Ciliated,FZD9,8,0.0002839411946428125,0.001201923076923075,GSE136831
control,Ciliated,GPC1,8,0.08002494252665907,0.05509028493836263,GSE136831
control,Ciliated,GRIN2B,8,0.0523044693015099,0.04175982626313999,GSE136831
control,Ciliated,GRM7,8,1.3548702030438722,0.3526900211568471,GSE136831
control,Ciliated,GSDMD,8,0.35027807922927073,0.22152803759918424,GSE136831
control,Ciliated,HBEGF,8,0.09938968224548618,0.06030890581554613,GSE136831
control,Ciliated,IL1A,8,0.009921859263584226,0.010336538461538449,GSE136831
control,Ciliated,IL1B,8,0.10725781075665723,0.07800383801089457,GSE136831
control,Ciliated,IL1R1,8,0.9855134039719864,0.2944439066386386,GSE136831
control,Ciliated,IL1R2,8,0.14894120566675403,0.036831879436416,GSE136831
control,Ciliated,IL1RAP,8,0.19662284605035218,0.11091256635003058,GSE136831
control,Ciliated,IL1RN,8,0.10404054409864208,0.0494347769917592,GSE136831
control,Ciliated,IL6,8,0.0171524055507935,0.014867200153551651,GSE136831
control,Ciliated,ITGA4,8,0.3614297597948831,0.21046355344419368,GSE136831
control,Ciliated,ITGA5,8,0.033222234361537664,0.02177284873361385,GSE136831
control,Ciliated,ITGA9,8,0.23728516436711894,0.12767317343652562,GSE136831
control,Ciliated,ITGAV,8,0.5603935525134645,0.27086066758730054,GSE136831
control,Ciliated,ITGB1,8,0.6635730202495846,0.3138278610682382,GSE136831
control,Ciliated,ITGB3,8,0.04080678878674082,0.028568680708305885,GSE136831
control,Ciliated,ITGB5,8,0.5497829313403253,0.24713508225755038,GSE136831
control,Ciliated,ITGB6,8,0.16667070668761524,0.12505465837619698,GSE136831
control,Ciliated,ITGB8,8,2.2230259431748007,0.589498893085438,GSE136831
control,Ciliated,KDR,8,0.013689894040630464,0.012139423076923075,GSE136831
control,Ciliated,KLRG2,8,0.029069957344135325,0.01768870025010464,GSE136831
control,Ciliated,LDLR,8,2.1925046595299933,0.5190229071838546,GSE136831
control,Ciliated,LGR5,8,0.029961831215978337,0.013636967395811713,GSE136831
control,Ciliated,LPP,8,2.854027277957769,0.5964076496995351,GSE136831
control,Ciliated,LRP1,8,0.2990211517139426,0.187843538862004,GSE136831
control,Ciliated,LRP2,8,0.34717705774411306,0.13644909738970062,GSE136831
control,Ciliated,LRP5,8,0.7568711521488277,0.341177689678284,GSE136831
control,Ciliated,LRP6,8,0.24343258131269008,0.125005057281483,GSE136831
control,Ciliated,MCAM,8,0.0,0.0,GSE136831
control,Ciliated,MUSK,8,0.06278249661903892,0.03823515115039995,GSE136831
control,Ciliated,NLRP3,8,0.036627279792316836,0.029121003543557872,GSE136831
control,Ciliated,NOTCH1,8,0.06464969303560424,0.04740829777983085,GSE136831
control,Ciliated,NRP1,8,0.28180213819431577,0.12403452789137842,GSE136831
control,Ciliated,NRP2,8,0.39354303799713963,0.23103908397557674,GSE136831
control,Ciliated,PRLR,8,0.020436395541962915,0.012229691730371063,GSE136831
control,Ciliated,PTK7,8,0.3601108732736363,0.1985252510402378,GSE136831
control,Ciliated,PTPRK,8,3.1019582026808528,0.6933812015426178,GSE136831
control,Ciliated,PYCARD,8,0.16536435022030202,0.11446313651578224,GSE136831
control,Ciliated,RECK,8,0.09136126226238629,0.055665396028169084,GSE136831
control,Ciliated,RET,8,0.001507197883344325,0.0015625,GSE136831
control,Ciliated,ROR1,8,0.05857586807794937,0.04289142433230957,GSE136831
control,Ciliated,ROR2,8,0.1090392643276158,0.0735235637352713,GSE136831
control,Ciliated,RYK,8,0.4289621954003192,0.23899566191619642,GSE136831
control,Ciliated,SDC2,8,0.2513280680376437,0.11375703453947861,GSE136831
control,Ciliated,SDC4,8,2.7281060315125036,0.6311396284348864,GSE136831
control,Ciliated,SIGIRR,8,0.6719879866470104,0.3420214960527541,GSE136831
control,Ciliated,SIRPA,8,0.03199471190770908,0.026889793609390235,GSE136831
control,Ciliated,SMO,8,0.019352347159877263,0.015824446032672523,GSE136831
control,Ciliated,SPP1,8,0.35493728427312504,0.1261366268705856,GSE136831
control,Ciliated,TGFB1,8,0.4959415570093559,0.2552438847970837,GSE136831
control,Ciliated,TGFBR1,8,0.12927734077188252,0.0687065724694814,GSE136831
control,Ciliated,TGFBR2,8,0.6320108514024353,0.27430030708900965,GSE136831
control,Ciliated,TGFBR3,8,0.5334676835888719,0.2552679162281848,GSE136831
control,Ciliated,TMED5,8,0.3986141333921277,0.2284926204575615,GSE136831
control,Ciliated,TNF,8,0.006188867284905763,0.009389740566037724,GSE136831
control,Ciliated,TYRO3,8,0.009243112629414513,0.011888085744410075,GSE136831
control,Ciliated,VANGL2,8,0.03400597453970381,0.02363828169221325,GSE136831
control,Ciliated,VASN,8,0.015820208613403774,0.016375799186511414,GSE136831
control,Ciliated,VEGFA,8,0.11499754364088009,0.0676041915512024,GSE136831
control,Ciliated,WNT1,8,0.00057977091164105,0.001201923076923075,GSE136831
control,Ciliated,WNT10A,8,0.0025847808105872623,0.00078125,GSE136831
control,Ciliated,WNT10B,8,0.0017246136865342126,0.001953125,GSE136831
control,Ciliated,WNT11,8,0.014210366260399438,0.005232782389711725,GSE136831
control,Ciliated,WNT16,8,0.023649163082735576,0.0062947886429608,GSE136831
control,Ciliated,WNT2,8,0.007276053340634763,0.005498798076923075,GSE136831
control,Ciliated,WNT2B,8,0.1450270909792511,0.08244576847884601,GSE136831
control,Ciliated,WNT3,8,0.06845851922935117,0.0395835491887651,GSE136831
control,Ciliated,WNT3A,8,0.0083413756366495,0.0069105927444028,GSE136831
control,Ciliated,WNT4,8,0.024165182315278536,0.020768322236560163,GSE136831
control,Ciliated,WNT5A,8,0.00639593264078535,0.00859375,GSE136831
control,Ciliated,WNT5B,8,0.8118278694144391,0.34604877231364445,GSE136831
control,Ciliated,WNT6,8,0.0018114728789790624,0.0015625,GSE136831
control,Ciliated,WNT7A,8,0.0,0.0,GSE136831
control,Ciliated,WNT7B,8,0.2272514123777927,0.1295925798905788,GSE136831
control,Ciliated,WNT8A,8,0.013765082561123125,0.00926902109910115,GSE136831
control,Ciliated,WNT8B,8,0.0039273923237897745,0.004661279557589625,GSE136831
control,Ciliated,WNT9A,8,0.26001621430120786,0.17002970417856972,GSE136831
control,Ciliated,WNT9B,8,0.017544399145499837,0.016751116675626062,GSE136831
control,Ciliated,XCR1,8,0.0058130571766053,0.001468063186813175,GSE136831
control,Fibroblast,ACKR1,4,0.0148777571116488,0.015614867110380525,GSE136831
control,Fibroblast,ACKR2,4,0.16709309317902218,0.09839995187505285,GSE136831
control,Fibroblast,ACKR3,4,1.7054448888822575,0.4426998166240964,GSE136831
control,Fibroblast,ACKR4,4,0.1224619349853278,0.08943275673217423,GSE136831
control,Fibroblast,ACVR1,4,0.1871054348241519,0.13146803071109098,GSE136831
control,Fibroblast,ACVR1B,4,0.2976882714762895,0.18440473978727634,GSE136831
control,Fibroblast,ACVR1C,4,0.005822519691419699,0.00356804172593645,GSE136831
control,Fibroblast,ACVRL1,4,0.404491260054051,0.20117446380630508,GSE136831
control,Fibroblast,ADGRA2,4,0.059485792190517396,0.04827306841920888,GSE136831
control,Fibroblast,ADRA2A,4,0.0122013355711129,0.010324798482693201,GSE136831
control,Fibroblast,ADRB2,4,0.00103566198478405,0.002941176470588225,GSE136831
control,Fibroblast,ANTXR1,4,1.8498274911804307,0.5220898471016537,GSE136831
control,Fibroblast,APCDD1,4,0.36286102899484374,0.1842986332609568,GSE136831
control,Fibroblast,AREG,4,0.21290162531983794,0.09678179780242012,GSE136831
control,Fibroblast,ATP6AP2,4,0.8701514057873738,0.4406548727454431,GSE136831
control,Fibroblast,AVPR1A,4,0.011979445602170275,0.007445680975092725,GSE136831
control,Fibroblast,CASP1,4,0.053422537919636,0.0501883751306535,GSE136831
control,Fibroblast,CAV1,4,1.542463613643437,0.3974520251478849,GSE136831
control,Fibroblast,CCL2,4,4.6818515540984835,0.3554787392209337,GSE136831
control,Fibroblast,CCR1,4,0.04037647079557308,0.027332984451103725,GSE136831
control,Fibroblast,CCR10,4,0.047819007740782,0.036094454899880675,GSE136831
control,Fibroblast,CCR2,4,0.0,0.0,GSE136831
control,Fibroblast,CCR3,4,0.0110739331142755,0.012019914651493574,GSE136831
control,Fibroblast,CCR4,4,0.0,0.0,GSE136831
control,Fibroblast,CCR5,4,0.0,0.0,GSE136831
control,Fibroblast,CD36,4,0.08266763402771005,0.050141786589023775,GSE136831
control,Fibroblast,CD4,4,0.0933138004073064,0.06763781675362715,GSE136831
control,Fibroblast,CD44,4,6.862808944166408,0.7065202803159985,GSE136831
control,Fibroblast,CD82,4,0.20616572975807024,0.12477684301292419,GSE136831
control,Fibroblast,CD9,4,1.08227717544901,0.3874334559148538,GSE136831
control,Fibroblast,CSF1,4,0.9512948635976604,0.3705134123471217,GSE136831
control,Fibroblast,CSF1R,4,0.19501007595047318,0.10176993911579625,GSE136831
control,Fibroblast,CXCL1,4,1.2031264930879533,0.10863048597214518,GSE136831
control,Fibroblast,CXCL12,4,0.6242886685972859,0.2173931028157821,GSE136831
control,Fibroblast,CXCL2,4,4.117746892014674,0.35981266726137373,GSE136831
control,Fibroblast,CXCR1,4,0.0,0.0,GSE136831
control,Fibroblast,CXCR2,4,0.0010348997161477,0.00225225225225225,GSE136831
control,Fibroblast,CXCR3,4,0.0,0.0,GSE136831
control,Fibroblast,CXCR4,4,0.10901364760546076,0.055521392200827545,GSE136831
control,Fibroblast,DPP4,4,0.0377001995285699,0.027863209801605074,GSE136831
control,Fibroblast,EGFR,4,2.3340416241120563,0.6132652422060514,GSE136831
control,Fibroblast,ENG,4,0.9983188502776855,0.4216674774160213,GSE136831
control,Fibroblast,EPHA7,4,0.0068248582065637995,0.007921647575055726,GSE136831
control,Fibroblast,EPHB2,4,0.36041368691937686,0.22274251215060362,GSE136831
control,Fibroblast,ERBB2,4,0.08884553543280829,0.0704550053017807,GSE136831
control,Fibroblast,ERBB3,4,0.0145435767955986,0.01086282404564395,GSE136831
control,Fibroblast,ERBB4,4,0.22035899085280386,0.1036392718478041,GSE136831
control,Fibroblast,FGF10,4,0.05856974226855417,0.023269298316525,GSE136831
control,Fibroblast,FGF7,4,2.256717163874435,0.5263989799213077,GSE136831
control,Fibroblast,FGFR1,4,4.198606150253317,0.7280958215916499,GSE136831
control,Fibroblast,FGFR2,4,0.016524023674792374,0.011772376091261524,GSE136831
control,Fibroblast,FGFR3,4,0.007816971420685525,0.005359797799583675,GSE136831
control,Fibroblast,FGFR4,4,0.014322080486108025,0.005077111009314375,GSE136831
control,Fibroblast,FGFRL1,4,0.07243265532438573,0.06966584835346964,GSE136831
control,Fibroblast,FLT1,4,0.10083343324118166,0.0581297005143885,GSE136831
control,Fibroblast,FZD1,4,0.12018947654987665,0.0709737903406896,GSE136831
control,Fibroblast,FZD10,4,0.024606965242577074,0.00675675675675675,GSE136831
control,Fibroblast,FZD2,4,0.026739130558476952,0.023943319401681103,GSE136831
control,Fibroblast,FZD3,4,0.02385900782080565,0.0261680936328047,GSE136831
control,Fibroblast,FZD4,4,0.17842476465133122,0.09351191328811098,GSE136831
control,Fibroblast,FZD5,4,0.0905318982508175,0.0418181089732225,GSE136831
control,Fibroblast,FZD6,4,0.09859544544018563,0.07019966652909923,GSE136831
control,Fibroblast,FZD7,4,0.06689014536294174,0.05128340677351535,GSE136831
control,Fibroblast,FZD8,4,0.011655673342029525,0.012708838869829549,GSE136831
control,Fibroblast,FZD9,4,0.002437324207991475,0.00141242937853105,GSE136831
control,Fibroblast,GPC1,4,0.059637921919364026,0.059217061948341754,GSE136831
control,Fibroblast,GRIN2B,4,0.0526879568275306,0.0315278914323884,GSE136831
control,Fibroblast,GRM7,4,0.08846658064900588,0.0503666218036265,GSE136831
control,Fibroblast,GSDMD,4,0.20898434149533546,0.16004751274861992,GSE136831
control,Fibroblast,HBEGF,4,0.14700568669580388,0.0727649791261587,GSE136831
control,Fibroblast,IL1A,4,0.0077631386280006,0.00488383119962065,GSE136831
control,Fibroblast,IL1B,4,0.0257842208427491,0.0283582869220692,GSE136831
control,Fibroblast,IL1R1,4,5.319385732257601,0.6404776070082782,GSE136831
control,Fibroblast,IL1R2,4,0.1092554268240749,0.07601649768570055,GSE136831
control,Fibroblast,IL1RAP,4,0.28664074077126456,0.15223854278794713,GSE136831
control,Fibroblast,IL1RN,4,0.0653050662111706,0.04890357377370017,GSE136831
control,Fibroblast,IL6,4,3.017940729193029,0.3513193704803087,GSE136831
control,Fibroblast,ITGA4,4,0.000983400204547225,0.0013157894736842,GSE136831
control,Fibroblast,ITGA5,4,0.5914719209785826,0.3196617473326818,GSE136831
control,Fibroblast,ITGA9,4,0.4352178413805159,0.2385552564686216,GSE136831
control,Fibroblast,ITGAV,4,1.5686627786239147,0.4795386481617263,GSE136831
control,Fibroblast,ITGB1,4,1.3473436554177072,0.5182463160542081,GSE136831
control,Fibroblast,ITGB3,4,0.10802800725734628,0.06662382459071335,GSE136831
control,Fibroblast,ITGB5,4,0.9116231182478893,0.3890008140585356,GSE136831
control,Fibroblast,ITGB6,4,0.13855319654045456,0.0792438237681455,GSE136831
control,Fibroblast,ITGB8,4,0.3096617745510072,0.1311303878785644,GSE136831
control,Fibroblast,KDR,4,0.0061268707785269005,0.00272821885221525,GSE136831
control,Fibroblast,KLRG2,4,0.026055293772190125,0.0186257727528651,GSE136831
control,Fibroblast,LDLR,4,0.5361796323751509,0.2636788543804338,GSE136831
control,Fibroblast,LGR5,4,0.12714763562386264,0.03938748004445643,GSE136831
control,Fibroblast,LPP,4,4.478793586669126,0.8028174721922426,GSE136831
control,Fibroblast,LRP1,4,3.1447822541795394,0.7427756677809152,GSE136831
control,Fibroblast,LRP2,4,0.01506622997796905,0.0128054787746764,GSE136831
control,Fibroblast,LRP5,4,0.08086899822101783,0.05750993817977075,GSE136831
control,Fibroblast,LRP6,4,0.16245353117097588,0.10581035461656753,GSE136831
control,Fibroblast,MCAM,4,0.0,0.0,GSE136831
control,Fibroblast,MUSK,4,0.3397628890867632,0.15653267792639147,GSE136831
control,Fibroblast,NLRP3,4,0.02430620080170645,0.026830107118190175,GSE136831
control,Fibroblast,NOTCH1,4,0.0353034045574143,0.025893644339622122,GSE136831
control,Fibroblast,NRP1,4,1.3778338686466973,0.4169900800207249,GSE136831
control,Fibroblast,NRP2,4,0.13058846754822506,0.06328005079120153,GSE136831
control,Fibroblast,PRLR,4,0.019384403890034124,0.007921647575055726,GSE136831
control,Fibroblast,PTK7,4,0.18428380584134718,0.1151027477075648,GSE136831
control,Fibroblast,PTPRK,4,0.7701728647454398,0.297326288086901,GSE136831
control,Fibroblast,PYCARD,4,0.24629845730350045,0.17214798232140938,GSE136831
control,Fibroblast,RECK,4,0.5807068867966516,0.3018955698102468,GSE136831
control,Fibroblast,RET,4,0.010709380055460349,0.004256965944272425,GSE136831
control,Fibroblast,ROR1,4,0.5003493736966005,0.2363754516441193,GSE136831
control,Fibroblast,ROR2,4,1.1354203027708805,0.37835568685125276,GSE136831
control,Fibroblast,RYK,4,0.3925810296816484,0.21907011303689686,GSE136831
control,Fibroblast,SDC2,4,1.6517628631895767,0.49221890988958206,GSE136831
control,Fibroblast,SDC4,4,0.39506426683657,0.1851032724491296,GSE136831
control,Fibroblast,SIGIRR,4,0.3332232542509337,0.1976701001783648,GSE136831
control,Fibroblast,SIRPA,4,0.538951462950701,0.2859493236743066,GSE136831
control,Fibroblast,SMO,4,0.04005290573005437,0.02072712634973215,GSE136831
control,Fibroblast,SPP1,4,0.057973730639926224,0.0577538839148746,GSE136831
control,Fibroblast,TGFB1,4,0.6078083356935915,0.2859847319114255,GSE136831
control,Fibroblast,TGFBR1,4,0.6363569341203593,0.27576739908297865,GSE136831
control,Fibroblast,TGFBR2,4,3.3975684466532674,0.7061819283732491,GSE136831
control,Fibroblast,TGFBR3,4,7.510801537345097,0.8161049686407822,GSE136831
control,Fibroblast,TMED5,4,0.9656944888520225,0.4515031482130186,GSE136831
control,Fibroblast,TNF,4,0.0060430591898177,0.00272821885221525,GSE136831
control,Fibroblast,TYRO3,4,0.02378479955255775,0.024659024349426774,GSE136831
control,Fibroblast,VANGL2,4,0.005089796913576975,0.00675675675675675,GSE136831
control,Fibroblast,VASN,4,1.300223033634774,0.44395723450795077,GSE136831
control,Fibroblast,VEGFA,4,0.867841137719066,0.32289656634647973,GSE136831
control,Fibroblast,WNT1,4,0.0,0.0,GSE136831
control,Fibroblast,WNT10A,4,0.0,0.0,GSE136831
control,Fibroblast,WNT10B,4,0.06155267900692115,0.03716573135028292,GSE136831
control,Fibroblast,WNT11,4,0.03523855687187937,0.03205044657398118,GSE136831
control,Fibroblast,WNT16,4,0.0041379455599877,0.0045045045045045,GSE136831
control,Fibroblast,WNT2,4,0.11548201295966304,0.06725489723338277,GSE136831
control,Fibroblast,WNT2B,4,0.2764319546859158,0.1504420120388006,GSE136831
control,Fibroblast,WNT3,4,0.023125437655335902,0.0133780852794863,GSE136831
control,Fibroblast,WNT3A,4,0.00544561768374425,0.0036646816307833,GSE136831
control,Fibroblast,WNT4,4,0.00815616688170075,0.00272821885221525,GSE136831
control,Fibroblast,WNT5A,4,0.07603451795687663,0.033055456674074474,GSE136831
control,Fibroblast,WNT5B,4,0.29589742447768314,0.16548427264437127,GSE136831
control,Fibroblast,WNT6,4,0.008705583408877724,0.004353605849119275,GSE136831
control,Fibroblast,WNT7A,4,0.0,0.0,GSE136831
control,Fibroblast,WNT7B,4,0.001900725849187275,0.00141242937853105,GSE136831
control,Fibroblast,WNT8A,4,0.0,0.0,GSE136831
control,Fibroblast,WNT8B,4,0.007268325525533725,0.002824858757062125,GSE136831
control,Fibroblast,WNT9A,4,0.2506402204691618,0.12763654271892713,GSE136831
control,Fibroblast,WNT9B,4,0.0125147652444988,0.009520123839009274,GSE136831
control,Fibroblast,XCR1,4,0.0,0.0,GSE136831
control,Lymphatic,ACKR1,5,0.0017689753564042998,0.00123456790123456,GSE136831
control,Lymphatic,ACKR2,5,1.1263679899164176,0.31601075167994996,GSE136831
control,Lymphatic,ACKR3,5,1.119037090368078,0.2794924206907329,GSE136831
control,Lymphatic,ACKR4,5,0.048818989246775454,0.012533208313799022,GSE136831
control,Lymphatic,ACVR1,5,0.21635408244144338,0.08330851695577432,GSE136831
control,Lymphatic,ACVR1B,5,0.24181087155827746,0.0858714174089701,GSE136831
control,Lymphatic,ACVR1C,5,0.049261969004925577,0.015608188779496759,GSE136831
control,Lymphatic,ACVRL1,5,0.49337249588180765,0.18662353492733236,GSE136831
control,Lymphatic,ADGRA2,5,0.34252167876413914,0.08913392717612122,GSE136831
control,Lymphatic,ADRA2A,5,0.0,0.0,GSE136831
control,Lymphatic,ADRB2,5,0.11739773174279393,0.04635874355368022,GSE136831
control,Lymphatic,ANTXR1,5,0.03072383712099286,0.007766213470854801,GSE136831
control,Lymphatic,APCDD1,5,0.0,0.0,GSE136831
control,Lymphatic,AREG,5,0.23407786341625428,0.0658021565869667,GSE136831
control,Lymphatic,ATP6AP2,5,0.7305323170679392,0.2601967807469917,GSE136831
control,Lymphatic,AVPR1A,5,0.01257837871132102,0.0064,GSE136831
control,Lymphatic,CASP1,5,0.15432894597369579,0.05961306454133456,GSE136831
control,Lymphatic,CAV1,5,4.221982947774434,0.6522151586185341,GSE136831
control,Lymphatic,CCL2,5,3.3518035769536167,0.22014914830442253,GSE136831
control,Lymphatic,CCR1,5,0.00042558850911024,0.0016,GSE136831
control,Lymphatic,CCR10,5,0.02208284874470012,0.0110666041568995,GSE136831
control,Lymphatic,CCR2,5,0.0,0.0,GSE136831
control,Lymphatic,CCR3,5,0.0,0.0,GSE136831
control,Lymphatic,CCR4,5,0.00190885230255308,0.0016,GSE136831
control,Lymphatic,CCR5,5,0.0016432422484155,0.00123456790123456,GSE136831
control,Lymphatic,CD36,5,10.57488926562248,0.8038094702297235,GSE136831
control,Lymphatic,CD4,5,0.03443411361787732,0.01190448507579306,GSE136831
control,Lymphatic,CD44,5,0.30574677502450126,0.0978202844194405,GSE136831
control,Lymphatic,CD82,5,0.3482197298915357,0.11809507735583684,GSE136831
control,Lymphatic,CD9,5,10.077079065420495,0.8360317549617127,GSE136831
control,Lymphatic,CSF1,5,0.08310339186333174,0.03654646038443504,GSE136831
control,Lymphatic,CSF1R,5,0.04941855844343106,0.02100740740740738,GSE136831
control,Lymphatic,CXCL1,5,0.8023539849202328,0.05915386779184244,GSE136831
control,Lymphatic,CXCL12,5,0.0,0.0,GSE136831
control,Lymphatic,CXCL2,5,5.059496564910268,0.3419299265510236,GSE136831
control,Lymphatic,CXCR1,5,0.0,0.0,GSE136831
control,Lymphatic,CXCR2,5,0.0,0.0,GSE136831
control,Lymphatic,CXCR3,5,0.0,0.0,GSE136831
control,Lymphatic,CXCR4,5,0.059098844950945764,0.02504353805282074,GSE136831
control,Lymphatic,DPP4,5,0.14888399090706095,0.05395055477418346,GSE136831
control,Lymphatic,EGFR,5,0.02858224607966464,0.00930370370370368,GSE136831
control,Lymphatic,ENG,5,0.9389830444578069,0.27082756680731357,GSE136831
control,Lymphatic,EPHA7,5,0.00647170023921074,0.00410039068604468,GSE136831
control,Lymphatic,EPHB2,5,0.0357938540274909,0.01970370370370368,GSE136831
control,Lymphatic,ERBB2,5,0.01804531493012044,0.007835349273323921,GSE136831
control,Lymphatic,ERBB3,5,0.01346057688985502,0.0062040943897483805,GSE136831
control,Lymphatic,ERBB4,5,0.3493245340141461,0.10412001875293013,GSE136831
control,Lymphatic,FGF10,5,0.0,0.0,GSE136831
control,Lymphatic,FGF7,5,0.018420450601477296,0.00617283950617282,GSE136831
control,Lymphatic,FGFR1,5,0.7798674012135629,0.257018409126426,GSE136831
control,Lymphatic,FGFR2,5,0.021888896732872882,0.01053827160493826,GSE136831
control,Lymphatic,FGFR3,5,0.02084344070776698,0.01126913580246912,GSE136831
control,Lymphatic,FGFR4,5,0.0025866350982196003,0.00406913580246912,GSE136831
control,Lymphatic,FGFRL1,5,0.01905715638968494,0.009600000000000001,GSE136831
control,Lymphatic,FLT1,5,0.05704137325931576,0.01677362087826218,GSE136831
control,Lymphatic,FZD1,5,0.00794649161788942,0.00533495858727924,GSE136831
control,Lymphatic,FZD10,5,0.08316169543078586,0.03442300359431158,GSE136831
control,Lymphatic,FZD2,5,0.0,0.0,GSE136831
control,Lymphatic,FZD3,5,0.010193817014424419,0.00446582278481012,GSE136831
control,Lymphatic,FZD4,5,0.36322363765154453,0.1341329582747304,GSE136831
control,Lymphatic,FZD5,5,0.07930855024853418,0.02778434130332862,GSE136831
control,Lymphatic,FZD6,5,0.7244348195696559,0.2427681825285201,GSE136831
control,Lymphatic,FZD7,5,0.0,0.0,GSE136831
control,Lymphatic,FZD8,5,0.02558372993299548,0.00903866229098294,GSE136831
control,Lymphatic,FZD9,5,0.04925297176347892,0.014832817627754319,GSE136831
control,Lymphatic,GPC1,5,0.060001748372553676,0.018064072511329878,GSE136831
control,Lymphatic,GRIN2B,5,0.8127297027140694,0.2073523988123144,GSE136831
control,Lymphatic,GRM7,5,0.0227873384982551,0.0122074074074074,GSE136831
control,Lymphatic,GSDMD,5,0.564062728296645,0.22137233942803558,GSE136831
control,Lymphatic,HBEGF,5,0.1368696083352853,0.056393311454914795,GSE136831
control,Lymphatic,IL1A,5,0.00442286088333376,0.0012658227848101199,GSE136831
control,Lymphatic,IL1B,5,0.04351446680874828,0.02113905297702762,GSE136831
control,Lymphatic,IL1R1,5,0.39898662226089315,0.12299859353023908,GSE136831
control,Lymphatic,IL1R2,5,0.118015432141615,0.036281418971714295,GSE136831
control,Lymphatic,IL1RAP,5,0.1623544451772168,0.05791754961712764,GSE136831
control,Lymphatic,IL1RN,5,0.07535138901249316,0.02913905297702764,GSE136831
control,Lymphatic,IL6,5,0.3743681358963346,0.07567557430848566,GSE136831
control,Lymphatic,ITGA4,5,0.0,0.0,GSE136831
control,Lymphatic,ITGA5,5,0.5524719851090746,0.1849627754336615,GSE136831
control,Lymphatic,ITGA9,5,4.171738766913515,0.6107864353805282,GSE136831
control,Lymphatic,ITGAV,5,1.2060700006450313,0.30836830754805433,GSE136831
control,Lymphatic,ITGB1,5,2.0212965091170085,0.48905241443975617,GSE136831
control,Lymphatic,ITGB3,5,0.11134800544700214,0.043323394280356274,GSE136831
control,Lymphatic,ITGB5,5,0.0402178392387412,0.015369526488513802,GSE136831
control,Lymphatic,ITGB6,5,0.14463177770381783,0.045552117518362224,GSE136831
control,Lymphatic,ITGB8,5,0.3001191115407285,0.09273548992030003,GSE136831
control,Lymphatic,KDR,5,1.4185505559414147,0.3327808720112517,GSE136831
control,Lymphatic,KLRG2,5,0.00736124359381622,0.0049695264885138,GSE136831
control,Lymphatic,LDLR,5,0.4703194771081999,0.1468375683700578,GSE136831
control,Lymphatic,LGR5,5,0.0357304680749852,0.012566213470854801,GSE136831
control,Lymphatic,LPP,5,4.211290959670483,0.7003456790123457,GSE136831
control,Lymphatic,LRP1,5,0.0648086774683568,0.03325757149554614,GSE136831
control,Lymphatic,LRP2,5,0.01726059404895456,0.00810039068604468,GSE136831
control,Lymphatic,LRP5,5,1.274838226708801,0.3297027660571964,GSE136831
control,Lymphatic,LRP6,5,0.3130501461021894,0.10024503828723234,GSE136831
control,Lymphatic,MCAM,5,0.0,0.0,GSE136831
control,Lymphatic,MUSK,5,0.00149409161470962,0.00123456790123456,GSE136831
control,Lymphatic,NLRP3,5,0.06258255395078974,0.02444606969839034,GSE136831
control,Lymphatic,NOTCH1,5,0.5937004500216668,0.18976415064853883,GSE136831
control,Lymphatic,NRP1,5,0.07523526776189013,0.030511892483200458,GSE136831
control,Lymphatic,NRP2,5,3.799792951809797,0.6194305360212533,GSE136831
control,Lymphatic,PRLR,5,0.00794859685276334,0.00530370370370368,GSE136831
control,Lymphatic,PTK7,5,0.10244854131960794,0.03524763244256912,GSE136831
control,Lymphatic,PTPRK,5,1.728292008513098,0.41623116111892483,GSE136831
control,Lymphatic,PYCARD,5,0.19084814589718335,0.06882125332083136,GSE136831
control,Lymphatic,RECK,5,0.8117389643481451,0.24495414908579463,GSE136831
control,Lymphatic,RET,5,0.0150497272032652,0.0081695264885138,GSE136831
control,Lymphatic,ROR1,5,0.07735663496560805,0.01500409438974836,GSE136831
control,Lymphatic,ROR2,5,0.05991520625580301,0.02940897015158616,GSE136831
control,Lymphatic,RYK,5,0.4980740729847507,0.1829379590561025,GSE136831
control,Lymphatic,SDC2,5,0.07354022116605838,0.0284773245819659,GSE136831
control,Lymphatic,SDC4,5,0.9385901688147777,0.21151729957805906,GSE136831
control,Lymphatic,SIGIRR,5,0.40772977514541575,0.15648020003125485,GSE136831
control,Lymphatic,SIRPA,5,0.7591429077997236,0.24988091889357705,GSE136831
control,Lymphatic,SMO,5,0.02251806392798642,0.00493827160493826,GSE136831
control,Lymphatic,SPP1,5,0.06628387446736009,0.030235349273323935,GSE136831
control,Lymphatic,TGFB1,5,0.748124540144182,0.23200625097671512,GSE136831
control,Lymphatic,TGFBR1,5,0.16209789292011673,0.04808063759962492,GSE136831
control,Lymphatic,TGFBR2,5,8.043269520468588,0.8207644944522581,GSE136831
control,Lymphatic,TGFBR3,5,1.857330646899797,0.38381272073761524,GSE136831
control,Lymphatic,TMED5,5,0.6561979029178987,0.23392055008595092,GSE136831
control,Lymphatic,TNF,5,0.0,0.0,GSE136831
control,Lymphatic,TYRO3,5,0.01123701141950716,0.00566913580246912,GSE136831
control,Lymphatic,VANGL2,5,0.0,0.0,GSE136831
control,Lymphatic,VASN,5,0.00544439907445214,0.0012658227848101199,GSE136831
control,Lymphatic,VEGFA,5,0.15069995257961558,0.04978590404750738,GSE136831
control,Lymphatic,WNT1,5,0.0,0.0,GSE136831
control,Lymphatic,WNT10A,5,0.0,0.0,GSE136831
control,Lymphatic,WNT10B,5,0.00779711364688262,0.00373495858727924,GSE136831
control,Lymphatic,WNT11,5,0.0,0.0,GSE136831
control,Lymphatic,WNT16,5,0.013190453774680899,0.0106074074074074,GSE136831
control,Lymphatic,WNT2,5,0.04609658414845268,0.0172706985466479,GSE136831
control,Lymphatic,WNT2B,5,0.6482370775347847,0.18333464603844346,GSE136831
control,Lymphatic,WNT3,5,0.01056844580126292,0.00743866229098294,GSE136831
control,Lymphatic,WNT3A,5,0.00468476234200638,0.0012658227848101199,GSE136831
control,Lymphatic,WNT4,5,0.00770987858973632,0.0032,GSE136831
control,Lymphatic,WNT5A,5,0.036447241542632,0.00930370370370368,GSE136831
control,Lymphatic,WNT5B,5,0.13897354357762443,0.04184841381465852,GSE136831
control,Lymphatic,WNT6,5,0.0,0.0,GSE136831
control,Lymphatic,WNT7A,5,0.00443527223395396,0.00246913580246912,GSE136831
control,Lymphatic,WNT7B,5,0.01064114244879708,0.0049695264885138,GSE136831
control,Lymphatic,WNT8A,5,0.00249648931190512,0.0016,GSE136831
control,Lymphatic,WNT8B,5,0.007483421926679159,0.0049695264885138,GSE136831
control,Lymphatic,WNT9A,5,0.18474097405201126,0.06089213939678072,GSE136831
control,Lymphatic,WNT9B,5,0.09522182751502804,0.0336410064072511,GSE136831
control,Lymphatic,XCR1,5,0.0,0.0,GSE136831
control,Macrophage,ACKR1,27,0.00802083439639958,0.002560037745146667,GSE136831
control,Macrophage,ACKR2,27,0.0024855627468905405,0.0013810075176843555,GSE136831
control,Macrophage,ACKR3,27,0.4278864540856341,0.11845463391514857,GSE136831
control,Macrophage,ACKR4,27,0.003190614798237063,0.0021262451265878445,GSE136831
control,Macrophage,ACVR1,27,0.273947026454815,0.12397462672154252,GSE136831
control,Macrophage,ACVR1B,27,0.33522049409326476,0.14317176153290448,GSE136831
control,Macrophage,ACVR1C,27,0.036350128051681335,0.02063088462894452,GSE136831
control,Macrophage,ACVRL1,27,0.10053935488887147,0.05981191879331708,GSE136831
control,Macrophage,ADGRA2,27,0.03551655666350687,0.01894278413806361,GSE136831
control,Macrophage,ADRA2A,27,0.00010291246558659259,6.858203430264075e-05,GSE136831
control,Macrophage,ADRB2,27,0.034042387246193,0.023926614098741254,GSE136831
control,Macrophage,ANTXR1,27,0.019742361528252723,0.011438087398149697,GSE136831
control,Macrophage,APCDD1,27,0.0024034460696135814,0.0013652735296328445,GSE136831
control,Macrophage,AREG,27,6.133616180423723,0.5322138103566894,GSE136831
control,Macrophage,ATP6AP2,27,1.1586886209671812,0.4290775531912455,GSE136831
control,Macrophage,AVPR1A,27,0.002302225558883937,0.0012456245952473224,GSE136831
control,Macrophage,CASP1,27,0.32020112703746645,0.16130478377184337,GSE136831
control,Macrophage,CAV1,27,0.019073412634678925,0.00900295601569977,GSE136831
control,Macrophage,CCL2,27,2.1024821782503067,0.15393008857262538,GSE136831
control,Macrophage,CCR1,27,0.38432022541746175,0.17516536702853627,GSE136831
control,Macrophage,CCR10,27,0.007593519949406271,0.0050198719099047735,GSE136831
control,Macrophage,CCR2,27,0.03956129792670616,0.018665757465573796,GSE136831
control,Macrophage,CCR3,27,0.0330051079558376,0.016843239614580778,GSE136831
control,Macrophage,CCR4,27,0.001286798361873026,0.0008383843639808185,GSE136831
control,Macrophage,CCR5,27,0.060338944233280595,0.037169688410112096,GSE136831
control,Macrophage,CD36,27,1.2759441945729197,0.2448173766776337,GSE136831
control,Macrophage,CD4,27,0.5468085477507189,0.23431960162395557,GSE136831
control,Macrophage,CD44,27,10.492818789815953,0.8854726147515782,GSE136831
control,Macrophage,CD82,27,0.4907836741641908,0.1957047243013532,GSE136831
control,Macrophage,CD9,27,1.8508792361764987,0.43795639294327476,GSE136831
control,Macrophage,CSF1,27,0.03726250707489224,0.020124944471283362,GSE136831
control,Macrophage,CSF1R,27,0.7379712994620808,0.29534606757997384,GSE136831
control,Macrophage,CXCL1,27,0.5100248778406186,0.1101325368426905,GSE136831
control,Macrophage,CXCL12,27,0.009552356248370942,0.0034787452352605334,GSE136831
control,Macrophage,CXCL2,27,5.189432343406132,0.5641626780048998,GSE136831
control,Macrophage,CXCR1,27,0.0005876734497264962,0.00034455758082707405,GSE136831
control,Macrophage,CXCR2,27,0.009231281299511,0.004956565757177226,GSE136831
control,Macrophage,CXCR3,27,0.0005841996376741852,0.00040577953578024444,GSE136831
control,Macrophage,CXCR4,27,2.0687997209998708,0.44571218051124334,GSE136831
control,Macrophage,DPP4,27,0.01577196824031888,0.007353675460665977,GSE136831
control,Macrophage,EGFR,27,0.01062811563059682,0.005758672112459018,GSE136831
control,Macrophage,ENG,27,1.3899595124470874,0.4488462445409463,GSE136831
control,Macrophage,EPHA7,27,0.019605447640457487,0.010331823396750962,GSE136831
control,Macrophage,EPHB2,27,0.18341551035319661,0.08133441280081638,GSE136831
control,Macrophage,ERBB2,27,0.030910747923706596,0.016401453440691383,GSE136831
control,Macrophage,ERBB3,27,0.009909758519992894,0.006334792391295245,GSE136831
control,Macrophage,ERBB4,27,0.15048628752165139,0.07496759206936295,GSE136831
control,Macrophage,FGF10,27,0.0043193114793559405,0.002583523768581752,GSE136831
control,Macrophage,FGF7,27,0.004327998902614029,0.002217329363553248,GSE136831
control,Macrophage,FGFR1,27,0.29625537932647655,0.08851629971755186,GSE136831
control,Macrophage,FGFR2,27,0.021308000344823292,0.012182594741146675,GSE136831
control,Macrophage,FGFR3,27,0.0005832672635496963,0.0004796603849020815,GSE136831
control,Macrophage,FGFR4,27,0.0034000497328114665,0.0017926985832131443,GSE136831
control,Macrophage,FGFRL1,27,0.03278807857172973,0.018197966725753044,GSE136831
control,Macrophage,FLT1,27,0.8152566026024813,0.18064543095694358,GSE136831
control,Macrophage,FZD1,27,0.023070343161619527,0.013771713438028054,GSE136831
control,Macrophage,FZD10,27,4.3357365141055547e-05,6.379903991906667e-05,GSE136831
control,Macrophage,FZD2,27,0.029853520980059882,0.014860240215165256,GSE136831
control,Macrophage,FZD3,27,0.024701538560269576,0.01245396506614334,GSE136831
control,Macrophage,FZD4,27,0.024460353087711637,0.012878400516232447,GSE136831
control,Macrophage,FZD5,27,0.03711052770966178,0.023381687950542008,GSE136831
control,Macrophage,FZD6,27,0.009603578060521903,0.00468558291093494,GSE136831
control,Macrophage,FZD7,27,0.009287281135002422,0.006175639460567463,GSE136831
control,Macrophage,FZD8,27,0.0017016098310581556,0.0007798597168876926,GSE136831
control,Macrophage,FZD9,27,0.0006138262300369444,0.0003621861103625445,GSE136831
control,Macrophage,GPC1,27,0.003070870357620578,0.002194346303266874,GSE136831
control,Macrophage,GRIN2B,27,0.054023743600922096,0.02683133107400378,GSE136831
control,Macrophage,GRM7,27,0.09298666191473928,0.044393533860240045,GSE136831
control,Macrophage,GSDMD,27,0.2559192502794315,0.1416855398765005,GSE136831
control,Macrophage,HBEGF,27,1.2446076585495351,0.37747034689996894,GSE136831
control,Macrophage,IL1A,27,0.16021682000436624,0.0463605188119748,GSE136831
control,Macrophage,IL1B,27,2.6219891003163274,0.2827283354277827,GSE136831
control,Macrophage,IL1R1,27,0.6390676518087711,0.1967485142730803,GSE136831
control,Macrophage,IL1R2,27,2.5633042115725866,0.3077111421665407,GSE136831
control,Macrophage,IL1RAP,27,1.3967103651246064,0.3621421705404297,GSE136831
control,Macrophage,IL1RN,27,0.8979238615724697,0.19206083290380105,GSE136831
control,Macrophage,IL6,27,0.3523814995043408,0.08196346934223463,GSE136831
control,Macrophage,ITGA4,27,0.09831246430622137,0.051431566592989746,GSE136831
control,Macrophage,ITGA5,27,0.45576760075489403,0.18943441200012517,GSE136831
control,Macrophage,ITGA9,27,0.12362503343417028,0.05333546800212666,GSE136831
control,Macrophage,ITGAV,27,1.6512193539972915,0.43657175960259775,GSE136831
control,Macrophage,ITGB1,27,1.5646031258088973,0.4559057895165826,GSE136831
control,Macrophage,ITGB3,27,0.029716377845560332,0.014290931914179404,GSE136831
control,Macrophage,ITGB5,27,0.17594765700615891,0.08272048172215127,GSE136831
control,Macrophage,ITGB6,27,0.07841597634550554,0.043967111585084914,GSE136831
control,Macrophage,ITGB8,27,0.6464749467056238,0.16202235989289204,GSE136831
control,Macrophage,KDR,27,0.0018920350583201777,0.001350003076561385,GSE136831
control,Macrophage,KLRG2,27,0.03535997110915009,0.019763436258539515,GSE136831
control,Macrophage,LDLR,27,0.36338468441259686,0.13863884905701981,GSE136831
control,Macrophage,LGR5,27,0.011872170504116122,0.005301154303789274,GSE136831
control,Macrophage,LPP,27,5.03658642360946,0.7716007528619871,GSE136831
control,Macrophage,LRP1,27,1.3438845359914628,0.45302342015621877,GSE136831
control,Macrophage,LRP2,27,0.02517979527747492,0.012516687670943312,GSE136831
control,Macrophage,LRP5,27,0.0780875821550012,0.03623084132324071,GSE136831
control,Macrophage,LRP6,27,0.06234757240258463,0.02724952334285347,GSE136831
control,Macrophage,MCAM,27,0.0030198680720932296,0.0011133508134285482,GSE136831
control,Macrophage,MUSK,27,0.05083120947724323,0.023315861131108038,GSE136831
control,Macrophage,NLRP3,27,1.8352486587082366,0.37256320298459955,GSE136831
control,Macrophage,NOTCH1,27,0.20954846934093188,0.09711087639380649,GSE136831
control,Macrophage,NRP1,27,1.5219590287033748,0.35985611987390687,GSE136831
control,Macrophage,NRP2,27,0.672949600731839,0.22254606528017057,GSE136831
control,Macrophage,PRLR,27,0.13643086684025563,0.04536021517863417,GSE136831
control,Macrophage,PTK7,27,0.04170687127855487,0.0217101219631978,GSE136831
control,Macrophage,PTPRK,27,0.06088389617155249,0.03165414327957609,GSE136831
control,Macrophage,PYCARD,27,1.248227581111597,0.42141920636254004,GSE136831
control,Macrophage,RECK,27,0.1307994188900581,0.058839250488948586,GSE136831
control,Macrophage,RET,27,0.005771877288057281,0.0023353463842423114,GSE136831
control,Macrophage,ROR1,27,0.04666051214905457,0.02219171550343845,GSE136831
control,Macrophage,ROR2,27,0.08701270984110838,0.045896462477853006,GSE136831
control,Macrophage,RYK,27,0.35658347026096915,0.15235025194236596,GSE136831
control,Macrophage,SDC2,27,3.6585050279802753,0.5361417584347611,GSE136831
control,Macrophage,SDC4,27,1.1031437043117003,0.3319509091373097,GSE136831
control,Macrophage,SIGIRR,27,0.16454903742946628,0.09315710873723738,GSE136831
control,Macrophage,SIRPA,27,1.6908630640818982,0.5109634591951756,GSE136831
control,Macrophage,SMO,27,0.012741868899632232,0.006641850693238911,GSE136831
control,Macrophage,SPP1,27,2.6937461463255667,0.13315064254184844,GSE136831
control,Macrophage,TGFB1,27,2.118678885030696,0.5288338371634098,GSE136831
control,Macrophage,TGFBR1,27,0.4834376554353768,0.1972474533539238,GSE136831
control,Macrophage,TGFBR2,27,1.0005933615637173,0.3437311304801001,GSE136831
control,Macrophage,TGFBR3,27,0.07813309111633499,0.037851555691461584,GSE136831
control,Macrophage,TMED5,27,1.3240124867086047,0.44114341783992034,GSE136831
control,Macrophage,TNF,27,0.09404585654092003,0.03534538848132683,GSE136831
control,Macrophage,TYRO3,27,0.02803854280547291,0.015503278818535237,GSE136831
control,Macrophage,VANGL2,27,0.0009455182774270814,0.0005242314028037111,GSE136831
control,Macrophage,VASN,27,0.02412129067055219,0.010898047602169562,GSE136831
control,Macrophage,VEGFA,27,1.2960908018952313,0.32845371256764255,GSE136831
control,Macrophage,WNT1,27,6.345044894745926e-05,2.4460942374299997e-05,GSE136831
control,Macrophage,WNT10A,27,0.001120252005016137,0.0005547759278555185,GSE136831
control,Macrophage,WNT10B,27,0.0007464349525117593,0.0005249304962955148,GSE136831
control,Macrophage,WNT11,27,0.002096326512434267,0.0010610768845181482,GSE136831
control,Macrophage,WNT16,27,0.0017646237092976298,0.0008479461368022667,GSE136831
control,Macrophage,WNT2,27,0.005010652503571385,0.0028016745324384077,GSE136831
control,Macrophage,WNT2B,27,0.26837230310319893,0.11285805918494357,GSE136831
control,Macrophage,WNT3,27,0.021070924638792704,0.011509896031513577,GSE136831
control,Macrophage,WNT3A,27,0.009127564513671691,0.004307033167252745,GSE136831
control,Macrophage,WNT4,27,0.00371202469900327,0.0015764745808807112,GSE136831
control,Macrophage,WNT5A,27,0.02073477348057721,0.009785751208988917,GSE136831
control,Macrophage,WNT5B,27,0.11192189867151438,0.05565834061180611,GSE136831
control,Macrophage,WNT6,27,0.0006267773498437629,0.0005410607772609222,GSE136831
control,Macrophage,WNT7A,27,0.0014368102817112149,0.0006764078040869704,GSE136831
control,Macrophage,WNT7B,27,0.004575912800751611,0.002351184655829726,GSE136831
control,Macrophage,WNT8A,27,0.0025811852699865333,0.0011355596689751482,GSE136831
control,Macrophage,WNT8B,27,0.009879647961883427,0.005468452586980004,GSE136831
control,Macrophage,WNT9A,27,0.002551875568801526,0.0015869413510503111,GSE136831
control,Macrophage,WNT9B,27,0.013338179980665214,0.008503566874287397,GSE136831
control,Macrophage,XCR1,27,0.0033740977139280074,0.002040887048805915,GSE136831
control,Macrophage_Alveolar,ACKR1,26,0.004453244533921338,0.003970935038780577,GSE136831
control,Macrophage_Alveolar,ACKR2,26,0.006248591903450131,0.004911696092403911,GSE136831
control,Macrophage_Alveolar,ACKR3,26,0.6232279579052212,0.27763636416805093,GSE136831
control,Macrophage_Alveolar,ACKR4,26,0.005626843154227088,0.003355893357380915,GSE136831
control,Macrophage_Alveolar,ACVR1,26,0.2922782027633717,0.1774853284993213,GSE136831
control,Macrophage_Alveolar,ACVR1B,26,0.28215951614431156,0.18486348303452127,GSE136831
control,Macrophage_Alveolar,ACVR1C,26,0.049382122721590344,0.03655060591602049,GSE136831
control,Macrophage_Alveolar,ACVRL1,26,0.31654054231763473,0.21985955791606282,GSE136831
control,Macrophage_Alveolar,ADGRA2,26,0.04480716343524517,0.035096712402822715,GSE136831
control,Macrophage_Alveolar,ADRA2A,26,0.0,0.0,GSE136831
control,Macrophage_Alveolar,ADRB2,26,0.07917349371305435,0.06707971377600878,GSE136831
control,Macrophage_Alveolar,ANTXR1,26,0.018601572206053903,0.015493888103409558,GSE136831
control,Macrophage_Alveolar,APCDD1,26,0.002435951895663273,0.0022924074433746883,GSE136831
control,Macrophage_Alveolar,AREG,26,0.9476866808458069,0.2962189249475791,GSE136831
control,Macrophage_Alveolar,ATP6AP2,26,1.1119887027226878,0.5243138987230853,GSE136831
control,Macrophage_Alveolar,AVPR1A,26,0.0030462903776679426,0.002825500233167892,GSE136831
control,Macrophage_Alveolar,CASP1,26,0.5570591707037145,0.33997858016438137,GSE136831
control,Macrophage_Alveolar,CAV1,26,0.016021585918597592,0.01186714952466199,GSE136831
control,Macrophage_Alveolar,CCL2,26,0.09498765545903345,0.04323505151064051,GSE136831
control,Macrophage_Alveolar,CCR1,26,0.35012441413031353,0.2117457482269013,GSE136831
control,Macrophage_Alveolar,CCR10,26,0.01320719371491635,0.010710787964096385,GSE136831
control,Macrophage_Alveolar,CCR2,26,0.0030447496431878383,0.0012943752235518152,GSE136831
control,Macrophage_Alveolar,CCR3,26,0.013758258753996975,0.011803491941945243,GSE136831
control,Macrophage_Alveolar,CCR4,26,0.0011061305977111424,0.0010235760406249116,GSE136831
control,Macrophage_Alveolar,CCR5,26,0.007718750768579461,0.006739123895062484,GSE136831
control,Macrophage_Alveolar,CD36,26,1.6594036973532977,0.2911244156793377,GSE136831
control,Macrophage_Alveolar,CD4,26,0.79489940400593,0.4099822095582818,GSE136831
control,Macrophage_Alveolar,CD44,26,4.932766311965954,0.841340129867443,GSE136831
control,Macrophage_Alveolar,CD82,26,0.7831257273513876,0.3831026466236957,GSE136831
control,Macrophage_Alveolar,CD9,26,3.0250925026369377,0.7144653961180907,GSE136831
control,Macrophage_Alveolar,CSF1,26,0.19064102968691868,0.11107673091497136,GSE136831
control,Macrophage_Alveolar,CSF1R,26,0.31391447987752663,0.20900384515833745,GSE136831
control,Macrophage_Alveolar,CXCL1,26,0.16228863170183258,0.07163657406768947,GSE136831
control,Macrophage_Alveolar,CXCL12,26,0.00032801594808750767,0.0005521564684583923,GSE136831
control,Macrophage_Alveolar,CXCL2,26,2.537149787305678,0.5004044794929248,GSE136831
control,Macrophage_Alveolar,CXCR1,26,0.00031255040451026923,0.00034235305823686536,GSE136831
control,Macrophage_Alveolar,CXCR2,26,0.01654528258854683,0.013670802626081523,GSE136831
control,Macrophage_Alveolar,CXCR3,26,0.001675298623707777,0.00092684217747295,GSE136831
control,Macrophage_Alveolar,CXCR4,26,1.0043587593693881,0.3624981162912272,GSE136831
control,Macrophage_Alveolar,DPP4,26,0.003968680183472135,0.004130744846089862,GSE136831
control,Macrophage_Alveolar,EGFR,26,0.012904485831336973,0.009143869317194337,GSE136831
control,Macrophage_Alveolar,ENG,26,1.3441655959978163,0.5539047399443413,GSE136831
control,Macrophage_Alveolar,EPHA7,26,0.013479014517864754,0.011878910553974265,GSE136831
control,Macrophage_Alveolar,EPHB2,26,0.04857600359826537,0.033054695808095766,GSE136831
control,Macrophage_Alveolar,ERBB2,26,0.020517951756604855,0.018046682236953042,GSE136831
control,Macrophage_Alveolar,ERBB3,26,0.01217241858159606,0.010351170417362162,GSE136831
control,Macrophage_Alveolar,ERBB4,26,0.12194993066401708,0.08947758236197018,GSE136831
control,Macrophage_Alveolar,FGF10,26,0.0771878463365361,0.029907817372803108,GSE136831
control,Macrophage_Alveolar,FGF7,26,0.006045823309271896,0.005677822318981035,GSE136831
control,Macrophage_Alveolar,FGFR1,26,0.07919899592258697,0.05129597613768308,GSE136831
control,Macrophage_Alveolar,FGFR2,26,0.022304631817996294,0.01657059503062393,GSE136831
control,Macrophage_Alveolar,FGFR3,26,0.00022432197062715768,0.0002201011202664,GSE136831
control,Macrophage_Alveolar,FGFR4,26,0.003045419771377358,0.002397492296898973,GSE136831
control,Macrophage_Alveolar,FGFRL1,26,0.05016441467116076,0.044530377226391145,GSE136831
control,Macrophage_Alveolar,FLT1,26,0.2533989842617334,0.12717429747554132,GSE136831
control,Macrophage_Alveolar,FZD1,26,0.016241457848634327,0.014993831796826812,GSE136831
control,Macrophage_Alveolar,FZD10,26,3.123227802463846e-05,3.014227152158077e-05,GSE136831
control,Macrophage_Alveolar,FZD2,26,0.0029970579720986035,0.003082474151664777,GSE136831
control,Macrophage_Alveolar,FZD3,26,0.01184547246843515,0.00812452612832226,GSE136831
control,Macrophage_Alveolar,FZD4,26,0.03861796554749613,0.02645280664169175,GSE136831
control,Macrophage_Alveolar,FZD5,26,0.038595681628586447,0.035052188948963864,GSE136831
control,Macrophage_Alveolar,FZD6,26,0.010234867947179057,0.007285827572056804,GSE136831
control,Macrophage_Alveolar,FZD7,26,0.02129971640727302,0.017252559137571295,GSE136831
control,Macrophage_Alveolar,FZD8,26,0.006412808589966619,0.006420404838448992,GSE136831
control,Macrophage_Alveolar,FZD9,26,0.00015960444315718463,0.00015682962947800383,GSE136831
control,Macrophage_Alveolar,GPC1,26,0.011495541096826926,0.007485950514679197,GSE136831
control,Macrophage_Alveolar,GRIN2B,26,0.04909412344213331,0.03818283514313035,GSE136831
control,Macrophage_Alveolar,GRM7,26,0.08267168945656325,0.06302238555670267,GSE136831
control,Macrophage_Alveolar,GSDMD,26,0.34494146396823056,0.24956459409714998,GSE136831
control,Macrophage_Alveolar,HBEGF,26,0.9702417749066838,0.4302629899497631,GSE136831
control,Macrophage_Alveolar,IL1A,26,0.5387148494303898,0.21116369946953512,GSE136831
control,Macrophage_Alveolar,IL1B,26,1.7882862796176555,0.40569422838107816,GSE136831
control,Macrophage_Alveolar,IL1R1,26,0.08113711613023675,0.05659208370751438,GSE136831
control,Macrophage_Alveolar,IL1R2,26,0.1794226612079637,0.08138492854778358,GSE136831
control,Macrophage_Alveolar,IL1RAP,26,1.607250704334977,0.5318312432170559,GSE136831
control,Macrophage_Alveolar,IL1RN,26,0.4770055687469927,0.20621749305884995,GSE136831
control,Macrophage_Alveolar,IL6,26,0.2939378023944834,0.1149631014881736,GSE136831
control,Macrophage_Alveolar,ITGA4,26,0.047656760463458875,0.03771455107075674,GSE136831
control,Macrophage_Alveolar,ITGA5,26,0.3709879128522691,0.22944797059570396,GSE136831
control,Macrophage_Alveolar,ITGA9,26,0.06073991346802313,0.0484621396411753,GSE136831
control,Macrophage_Alveolar,ITGAV,26,1.1736690226880233,0.4287692638085876,GSE136831
control,Macrophage_Alveolar,ITGB1,26,0.7375008697292166,0.3902529378767298,GSE136831
control,Macrophage_Alveolar,ITGB3,26,0.007702605569467908,0.0060699296287672075,GSE136831
control,Macrophage_Alveolar,ITGB5,26,0.45746066199540586,0.272632126427773,GSE136831
control,Macrophage_Alveolar,ITGB6,26,0.050769805006895555,0.04013237106651815,GSE136831
control,Macrophage_Alveolar,ITGB8,26,2.1605794176956135,0.523294183735037,GSE136831
control,Macrophage_Alveolar,KDR,26,0.002857876361721196,0.0017686002939101345,GSE136831
control,Macrophage_Alveolar,KLRG2,26,0.04071750750587163,0.031681870849037126,GSE136831
control,Macrophage_Alveolar,LDLR,26,0.3267408718409046,0.15549578123927343,GSE136831
control,Macrophage_Alveolar,LGR5,26,0.008560721863421638,0.008517047926057755,GSE136831
control,Macrophage_Alveolar,LPP,26,5.320290908871481,0.8739421732640426,GSE136831
control,Macrophage_Alveolar,LRP1,26,1.6204906410508175,0.6180733875906544,GSE136831
control,Macrophage_Alveolar,LRP2,26,0.03062719628999431,0.024787278368282054,GSE136831
control,Macrophage_Alveolar,LRP5,26,0.04504676435259594,0.03307871915544526,GSE136831
control,Macrophage_Alveolar,LRP6,26,0.07232508487448386,0.035962667772524985,GSE136831
control,Macrophage_Alveolar,MCAM,26,0.0013013022083853308,0.0012359131376355576,GSE136831
control,Macrophage_Alveolar,MUSK,26,0.0439195602285471,0.031490054004045025,GSE136831
control,Macrophage_Alveolar,NLRP3,26,0.26734069061790505,0.13760169210778106,GSE136831
control,Macrophage_Alveolar,NOTCH1,26,0.1764497578662874,0.12806976867415473,GSE136831
control,Macrophage_Alveolar,NRP1,26,3.3244798906137984,0.6957516673921986,GSE136831
control,Macrophage_Alveolar,NRP2,26,0.6844394987633063,0.3246084130326021,GSE136831
control,Macrophage_Alveolar,PRLR,26,0.018254498658015025,0.012033489265902367,GSE136831
control,Macrophage_Alveolar,PTK7,26,0.034350857144753486,0.028643763344296896,GSE136831
control,Macrophage_Alveolar,PTPRK,26,0.048128725373907215,0.03858449187451218,GSE136831
control,Macrophage_Alveolar,PYCARD,26,1.8614913893424223,0.6059029848984177,GSE136831
control,Macrophage_Alveolar,RECK,26,0.1626703486599136,0.10550290172123354,GSE136831
control,Macrophage_Alveolar,RET,26,0.0017263980070317576,0.0014357481944190385,GSE136831
control,Macrophage_Alveolar,ROR1,26,0.04312567477998391,0.030564409089436414,GSE136831
control,Macrophage_Alveolar,ROR2,26,0.07363807450643371,0.05673822772227547,GSE136831
control,Macrophage_Alveolar,RYK,26,0.46571455603804196,0.27077824748947554,GSE136831
control,Macrophage_Alveolar,SDC2,26,1.4231131639773802,0.3464851460270796,GSE136831
control,Macrophage_Alveolar,SDC4,26,1.0726320730677688,0.42264359611175045,GSE136831
control,Macrophage_Alveolar,SIGIRR,26,0.11060981326775347,0.09051739473975896,GSE136831
control,Macrophage_Alveolar,SIRPA,26,1.4177529646561193,0.588498220419438,GSE136831
control,Macrophage_Alveolar,SMO,26,0.012694495803471446,0.009699575265776136,GSE136831
control,Macrophage_Alveolar,SPP1,26,0.09255485628264962,0.04799755695764125,GSE136831
control,Macrophage_Alveolar,TGFB1,26,1.76225874256752,0.6416653024759099,GSE136831
control,Macrophage_Alveolar,TGFBR1,26,0.32381916934863025,0.1968805008804632,GSE136831
control,Macrophage_Alveolar,TGFBR2,26,0.9501320389797949,0.45097957819990575,GSE136831
control,Macrophage_Alveolar,TGFBR3,26,0.06811860820915144,0.04948299445153231,GSE136831
control,Macrophage_Alveolar,TMED5,26,1.8662056396304374,0.6495116502483391,GSE136831
control,Macrophage_Alveolar,TNF,26,0.14799711806647473,0.08696322081351272,GSE136831
control,Macrophage_Alveolar,TYRO3,26,0.012263455995837965,0.010763410803150951,GSE136831
control,Macrophage_Alveolar,VANGL2,26,0.0010151155637845922,0.001077774764978727,GSE136831
control,Macrophage_Alveolar,VASN,26,0.015891251700159162,0.011987445603631923,GSE136831
control,Macrophage_Alveolar,VEGFA,26,0.1762007755265961,0.1093003489226953,GSE136831
control,Macrophage_Alveolar,WNT1,26,0.0001117842065243,0.00015013031839954615,GSE136831
control,Macrophage_Alveolar,WNT10A,26,0.0016038280333927923,0.00041230528345096926,GSE136831
control,Macrophage_Alveolar,WNT10B,26,0.0005524821592246,0.0007540741862822423,GSE136831
control,Macrophage_Alveolar,WNT11,26,0.002363815664412638,0.002025300641242404,GSE136831
control,Macrophage_Alveolar,WNT16,26,0.0017819569144431268,0.0015834552820096345,GSE136831
control,Macrophage_Alveolar,WNT2,26,0.006156167223117423,0.004185135920809562,GSE136831
control,Macrophage_Alveolar,WNT2B,26,0.17964360999215329,0.1158525595106384,GSE136831
control,Macrophage_Alveolar,WNT3,26,0.028541959327067254,0.022128338126035405,GSE136831
control,Macrophage_Alveolar,WNT3A,26,0.006626538377619989,0.005666997319952039,GSE136831
control,Macrophage_Alveolar,WNT4,26,0.002429934573144465,0.002067572770106469,GSE136831
control,Macrophage_Alveolar,WNT5A,26,0.00618524003962655,0.004804529473722569,GSE136831
control,Macrophage_Alveolar,WNT5B,26,0.14738201396897532,0.1043312917310485,GSE136831
control,Macrophage_Alveolar,WNT6,26,0.0013082018498485693,0.0010081572708316193,GSE136831
control,Macrophage_Alveolar,WNT7A,26,0.00080209829952615,0.0008177505460172038,GSE136831
control,Macrophage_Alveolar,WNT7B,26,0.005647792077018827,0.004681148271734719,GSE136831
control,Macrophage_Alveolar,WNT8A,26,0.0020542651475618924,0.0015284411518930422,GSE136831
control,Macrophage_Alveolar,WNT8B,26,0.009287521711442993,0.007943553361977673,GSE136831
control,Macrophage_Alveolar,WNT9A,26,0.0012415776473349769,0.0008412712827001923,GSE136831
control,Macrophage_Alveolar,WNT9B,26,0.008504557940064165,0.007329761612951216,GSE136831
control,Macrophage_Alveolar,XCR1,26,0.0004612146697854654,0.00040302347685954997,GSE136831
control,Multiplet,ACKR1,6,0.16264141884388783,0.020435362186126686,GSE136831
control,Multiplet,ACKR2,6,0.031115910592011548,0.02354422191960415,GSE136831
control,Multiplet,ACKR3,6,0.2602977523147228,0.11504384681754709,GSE136831
control,Multiplet,ACKR4,6,0.023851186635133567,0.0138519335193647,GSE136831
control,Multiplet,ACVR1,6,0.1602600996390299,0.13161667729328275,GSE136831
control,Multiplet,ACVR1B,6,0.23769641355888593,0.1572909803643748,GSE136831
control,Multiplet,ACVR1C,6,0.051405428000109304,0.035476891810989654,GSE136831
control,Multiplet,ACVRL1,6,0.1410515032642131,0.0846276590045703,GSE136831
control,Multiplet,ADGRA2,6,0.06637483137680189,0.046385474596483754,GSE136831
control,Multiplet,ADRA2A,6,0.00247703843178915,0.002252621231979017,GSE136831
control,Multiplet,ADRB2,6,0.18171958468031524,0.11413145834781917,GSE136831
control,Multiplet,ANTXR1,6,0.17644173217332712,0.10993680333894396,GSE136831
control,Multiplet,APCDD1,6,0.038712332815118315,0.031694881863077555,GSE136831
control,Multiplet,AREG,6,5.056298571662354,0.5704141308193296,GSE136831
control,Multiplet,ATP6AP2,6,0.7946042594352264,0.4302713269188804,GSE136831
control,Multiplet,AVPR1A,6,0.006119385105875184,0.007574669470693917,GSE136831
control,Multiplet,CASP1,6,0.22272521093497874,0.16115146601385127,GSE136831
control,Multiplet,CAV1,6,1.0484038692674658,0.24416175458988912,GSE136831
control,Multiplet,CCL2,6,0.9134528058027049,0.19197108642062766,GSE136831
control,Multiplet,CCR1,6,0.15724944813210126,0.09628593862538813,GSE136831
control,Multiplet,CCR10,6,0.010221971499018084,0.008939129168486949,GSE136831
control,Multiplet,CCR2,6,0.018606914058144235,0.01344849436592555,GSE136831
control,Multiplet,CCR3,6,0.029840474257489313,0.012415352770857332,GSE136831
control,Multiplet,CCR4,6,0.05195332453320031,0.025605974585332366,GSE136831
control,Multiplet,CCR5,6,0.021814596018655735,0.020061378000980415,GSE136831
control,Multiplet,CD36,6,1.0766877341669614,0.29362685533939353,GSE136831
control,Multiplet,CD4,6,0.3177861725476086,0.20519121130741924,GSE136831
control,Multiplet,CD44,6,5.862770330427369,0.7856897898335208,GSE136831
control,Multiplet,CD82,6,0.6295395239293103,0.25612218104955103,GSE136831
control,Multiplet,CD9,6,2.3336617278835,0.5366260324326073,GSE136831
control,Multiplet,CSF1,6,0.16186495888995622,0.10086788568822203,GSE136831
control,Multiplet,CSF1R,6,0.16609541255529212,0.1281148350185047,GSE136831
control,Multiplet,CXCL1,6,0.7197255866682962,0.20902818338215892,GSE136831
control,Multiplet,CXCL12,6,0.0277197287531226,0.018685113685113667,GSE136831
control,Multiplet,CXCL2,6,6.031128036081758,0.5290995823258821,GSE136831
control,Multiplet,CXCR1,6,0.0018462402002681333,0.0022660274953852835,GSE136831
control,Multiplet,CXCR2,6,0.0510776683090281,0.010043805273163049,GSE136831
control,Multiplet,CXCR3,6,0.05336947121079305,0.0317295615843016,GSE136831
control,Multiplet,CXCR4,6,3.3683458853182024,0.5486774225076977,GSE136831
control,Multiplet,DPP4,6,0.2505400693475756,0.10527047744555386,GSE136831
control,Multiplet,EGFR,6,0.3968373485937488,0.21053169431992058,GSE136831
control,Multiplet,ENG,6,0.8531731841177663,0.3618478914694511,GSE136831
control,Multiplet,EPHA7,6,0.010760515262483767,0.012927116719165632,GSE136831
control,Multiplet,EPHB2,6,0.10503391529412792,0.06947097763993786,GSE136831
control,Multiplet,ERBB2,6,0.09242107348965285,0.07375835370101422,GSE136831
control,Multiplet,ERBB3,6,0.14268776773261868,0.1176808711288833,GSE136831
control,Multiplet,ERBB4,6,0.8929674027420619,0.2858031852297907,GSE136831
control,Multiplet,FGF10,6,0.007751245413684784,0.011246113413544583,GSE136831
control,Multiplet,FGF7,6,0.08649342441326253,0.050890130519335365,GSE136831
control,Multiplet,FGFR1,6,0.5314049011830884,0.211200314009947,GSE136831
control,Multiplet,FGFR2,6,0.24878158074869272,0.1345166704493921,GSE136831
control,Multiplet,FGFR3,6,0.01958559092677605,0.023588758592581197,GSE136831
control,Multiplet,FGFR4,6,0.008057982738366883,0.006003895441968817,GSE136831
control,Multiplet,FGFRL1,6,0.059898635103709956,0.04368901667066802,GSE136831
control,Multiplet,FLT1,6,0.4868007975551727,0.15495021397544329,GSE136831
control,Multiplet,FZD1,6,0.02131288459167975,0.018794577670724434,GSE136831
control,Multiplet,FZD10,6,0.006334213273980617,0.006062610229276883,GSE136831
control,Multiplet,FZD2,6,0.016838579903683135,0.0132110430657831,GSE136831
control,Multiplet,FZD3,6,0.040573756542578165,0.02777817900906583,GSE136831
control,Multiplet,FZD4,6,0.10135239818440862,0.04751006959340289,GSE136831
control,Multiplet,FZD5,6,0.07077291341482987,0.06484999744174054,GSE136831
control,Multiplet,FZD6,6,0.18727482335514414,0.12910725163783263,GSE136831
control,Multiplet,FZD7,6,0.016350862640956348,0.015808567414071984,GSE136831
control,Multiplet,FZD8,6,0.006628038765502117,0.010206536812041382,GSE136831
control,Multiplet,FZD9,6,0.0048533302650101496,0.005339040985065433,GSE136831
control,Multiplet,GPC1,6,0.01772540957408743,0.01815234194439085,GSE136831
control,Multiplet,GRIN2B,6,0.0213656440533072,0.01710444881316438,GSE136831
control,Multiplet,GRM7,6,0.07728814345473257,0.059742664245722304,GSE136831
control,Multiplet,GSDMD,6,0.3075852526823429,0.20477481741243206,GSE136831
control,Multiplet,HBEGF,6,0.6006918790361374,0.300218655199542,GSE136831
control,Multiplet,IL1A,6,0.05515786498616471,0.03332602534819657,GSE136831
control,Multiplet,IL1B,6,0.9429285651404754,0.20987885712274088,GSE136831
control,Multiplet,IL1R1,6,2.1812642447174095,0.4261422852516124,GSE136831
control,Multiplet,IL1R2,6,7.799714915581467,0.2879382817723796,GSE136831
control,Multiplet,IL1RAP,6,0.9039501782866841,0.31338586074060076,GSE136831
control,Multiplet,IL1RN,6,0.30886896243816453,0.15841452636559664,GSE136831
control,Multiplet,IL6,6,0.37578468458276443,0.1378865043505716,GSE136831
control,Multiplet,ITGA4,6,0.5142107945074667,0.17628998100328372,GSE136831
control,Multiplet,ITGA5,6,0.25039894001704527,0.16995763238117978,GSE136831
control,Multiplet,ITGA9,6,0.33354102727618407,0.17662299094638542,GSE136831
control,Multiplet,ITGAV,6,0.8970800080068836,0.382043509214763,GSE136831
control,Multiplet,ITGB1,6,1.2028130656173126,0.4885634771949756,GSE136831
control,Multiplet,ITGB3,6,0.02898854929063982,0.024937756126594,GSE136831
control,Multiplet,ITGB5,6,0.27716154326208214,0.15851702729378567,GSE136831
control,Multiplet,ITGB6,6,0.41905510121231,0.19771473909470846,GSE136831
control,Multiplet,ITGB8,6,0.7522723570301374,0.26224243192515356,GSE136831
control,Multiplet,KDR,6,0.07986222659262135,0.04961066844476628,GSE136831
control,Multiplet,KLRG2,6,0.0308173283202297,0.02294016548221438,GSE136831
control,Multiplet,LDLR,6,1.336568217227421,0.39944742689391005,GSE136831
control,Multiplet,LGR5,6,0.009597454088602566,0.004841448591448584,GSE136831
control,Multiplet,LPP,6,3.829948177606845,0.7522408849434843,GSE136831
control,Multiplet,LRP1,6,0.650606181206565,0.3270667090200729,GSE136831
control,Multiplet,LRP2,6,0.14531664139825096,0.0723197268915923,GSE136831
control,Multiplet,LRP5,6,0.18950672822544345,0.1137289424636519,GSE136831
control,Multiplet,LRP6,6,0.17374946373689384,0.1029181573447628,GSE136831
control,Multiplet,MCAM,6,0.04893159256663118,0.028184494017827317,GSE136831
control,Multiplet,MUSK,6,0.041880386325617434,0.01665084044288935,GSE136831
control,Multiplet,NLRP3,6,1.021490972010939,0.2539433628692038,GSE136831
control,Multiplet,NOTCH1,6,0.21281613051370898,0.12328501885459069,GSE136831
control,Multiplet,NRP1,6,0.9889511490299036,0.35452932399415577,GSE136831
control,Multiplet,NRP2,6,0.47331407027766215,0.25308262937467824,GSE136831
control,Multiplet,PRLR,6,0.027738430082977685,0.023343375594904615,GSE136831
control,Multiplet,PTK7,6,0.16569908230042274,0.12254946241567033,GSE136831
control,Multiplet,PTPRK,6,0.9492519124091136,0.32524946746659283,GSE136831
control,Multiplet,PYCARD,6,0.6811290203033099,0.3397867056659105,GSE136831
control,Multiplet,RECK,6,0.1862239907151899,0.1019109520179856,GSE136831
control,Multiplet,RET,6,0.00288140760219055,0.0015015015015015,GSE136831
control,Multiplet,ROR1,6,0.3384738377143119,0.1238955245109679,GSE136831
control,Multiplet,ROR2,6,0.0946317468990645,0.059302060907565464,GSE136831
control,Multiplet,RYK,6,0.3748736779222302,0.24099423309285692,GSE136831
control,Multiplet,SDC2,6,1.653023666731487,0.4075518654303058,GSE136831
control,Multiplet,SDC4,6,2.0894649230403703,0.48072986376503196,GSE136831
control,Multiplet,SIGIRR,6,0.30212521138733844,0.2061305363904752,GSE136831
control,Multiplet,SIRPA,6,0.7618484253701374,0.32037768928823973,GSE136831
control,Multiplet,SMO,6,0.004822285470959617,0.003030553489269083,GSE136831
control,Multiplet,SPP1,6,0.8468992725870096,0.0910460422195896,GSE136831
control,Multiplet,TGFB1,6,2.2958205516474397,0.5994122147486062,GSE136831
control,Multiplet,TGFBR1,6,0.4130643669299227,0.1923348495940239,GSE136831
control,Multiplet,TGFBR2,6,2.012930299466417,0.6119353959682706,GSE136831
control,Multiplet,TGFBR3,6,1.2380828882844088,0.29905716222994505,GSE136831
control,Multiplet,TMED5,6,0.9135108706067356,0.4202550721319834,GSE136831
control,Multiplet,TNF,6,0.10921732330181717,0.05873532663288009,GSE136831
control,Multiplet,TYRO3,6,0.014611988969378367,0.014274583670608099,GSE136831
control,Multiplet,VANGL2,6,0.0032790665660986334,0.0038509457469702003,GSE136831
control,Multiplet,VASN,6,0.08811485240380236,0.061944643966815184,GSE136831
control,Multiplet,VEGFA,6,0.6350621919361786,0.29402645273058114,GSE136831
control,Multiplet,WNT1,6,0.0,0.0,GSE136831
control,Multiplet,WNT10A,6,0.01578731331502005,0.00185185185185185,GSE136831
control,Multiplet,WNT10B,6,0.0,0.0,GSE136831
control,Multiplet,WNT11,6,0.00025207754752341665,0.0007645259938837833,GSE136831
control,Multiplet,WNT16,6,0.004535492953658133,0.0014880952380952335,GSE136831
control,Multiplet,WNT2,6,0.013466942416245685,0.0089221364221364,GSE136831
control,Multiplet,WNT2B,6,0.20511120768443694,0.11600865336721601,GSE136831
control,Multiplet,WNT3,6,0.008113986377990733,0.013588943902399534,GSE136831
control,Multiplet,WNT3A,6,0.017305894417153616,0.012878780921594368,GSE136831
control,Multiplet,WNT4,6,0.005388288861077666,0.0052527757114913,GSE136831
control,Multiplet,WNT5A,6,0.015783568281805615,0.022824232598697414,GSE136831
control,Multiplet,WNT5B,6,0.17960085542593562,0.110005317134522,GSE136831
control,Multiplet,WNT6,6,0.0,0.0,GSE136831
control,Multiplet,WNT7A,6,0.005181065772114283,0.0053524472484717004,GSE136831
control,Multiplet,WNT7B,6,0.05606361086390634,0.06091161989862292,GSE136831
control,Multiplet,WNT8A,6,0.002540844068399517,0.0022222222222222166,GSE136831
control,Multiplet,WNT8B,6,0.00282961933957605,0.0037541227334805167,GSE136831
control,Multiplet,WNT9A,6,0.0902644010192667,0.05691087384894722,GSE136831
control,Multiplet,WNT9B,6,0.009980493023610183,0.006827136223160667,GSE136831
control,Multiplet,XCR1,6,0.00503702278954095,0.0037512742099898,GSE136831
control,Myofibroblast,ACKR1,1,0.0,0.0,GSE136831
control,Myofibroblast,ACKR2,1,0.0,0.0,GSE136831
control,Myofibroblast,ACKR3,1,0.0,0.0,GSE136831
control,Myofibroblast,ACKR4,1,0.0,0.0,GSE136831
control,Myofibroblast,ACVR1,1,0.0,0.0,GSE136831
control,Myofibroblast,ACVR1B,1,0.1931543757873815,0.0769230769230769,GSE136831
control,Myofibroblast,ACVR1C,1,0.0,0.0,GSE136831
control,Myofibroblast,ACVRL1,1,0.0,0.0,GSE136831
control,Myofibroblast,ADGRA2,1,0.0153846153846153,0.0192307692307692,GSE136831
control,Myofibroblast,ADRA2A,1,0.0332597184897427,0.0192307692307692,GSE136831
control,Myofibroblast,ADRB2,1,0.0,0.0,GSE136831
control,Myofibroblast,ANTXR1,1,2.540937018238893,0.4038461538461538,GSE136831
control,Myofibroblast,APCDD1,1,0.4297535800045305,0.1153846153846153,GSE136831
control,Myofibroblast,AREG,1,0.3142401026746669,0.0769230769230769,GSE136831
control,Myofibroblast,ATP6AP2,1,1.4965382045959486,0.3076923076923077,GSE136831
control,Myofibroblast,AVPR1A,1,0.0,0.0,GSE136831
control,Myofibroblast,CASP1,1,0.0,0.0,GSE136831
control,Myofibroblast,CAV1,1,1.5661427253859943,0.3269230769230769,GSE136831
control,Myofibroblast,CCL2,1,1.011511633733856,0.0576923076923076,GSE136831
control,Myofibroblast,CCR1,1,0.0,0.0,GSE136831
control,Myofibroblast,CCR10,1,0.0,0.0,GSE136831
control,Myofibroblast,CCR2,1,0.0,0.0,GSE136831
control,Myofibroblast,CCR3,1,0.0,0.0,GSE136831
control,Myofibroblast,CCR4,1,0.0,0.0,GSE136831
control,Myofibroblast,CCR5,1,0.0,0.0,GSE136831
control,Myofibroblast,CD36,1,0.2014161515436265,0.0576923076923076,GSE136831
control,Myofibroblast,CD4,1,0.5461835678127267,0.1538461538461538,GSE136831
control,Myofibroblast,CD44,1,0.9117678043740078,0.2307692307692307,GSE136831
control,Myofibroblast,CD82,1,1.5000243683602998,0.3269230769230769,GSE136831
control,Myofibroblast,CD9,1,0.9855464150858948,0.1153846153846153,GSE136831
control,Myofibroblast,CSF1,1,0.1271035639839341,0.0192307692307692,GSE136831
control,Myofibroblast,CSF1R,1,0.0414832368554293,0.0384615384615384,GSE136831
control,Myofibroblast,CXCL1,1,0.0,0.0,GSE136831
control,Myofibroblast,CXCL12,1,0.1351425614618543,0.0576923076923076,GSE136831
control,Myofibroblast,CXCL2,1,0.2579207678645622,0.0384615384615384,GSE136831
control,Myofibroblast,CXCR1,1,0.0,0.0,GSE136831
control,Myofibroblast,CXCR2,1,0.0,0.0,GSE136831
control,Myofibroblast,CXCR3,1,0.0,0.0,GSE136831
control,Myofibroblast,CXCR4,1,0.0702622185998145,0.0192307692307692,GSE136831
control,Myofibroblast,DPP4,1,0.0,0.0,GSE136831
control,Myofibroblast,EGFR,1,1.8174836755491173,0.3269230769230769,GSE136831
control,Myofibroblast,ENG,1,1.7820488360751283,0.3653846153846153,GSE136831
control,Myofibroblast,EPHA7,1,0.0464848180584221,0.0192307692307692,GSE136831
control,Myofibroblast,EPHB2,1,0.0,0.0,GSE136831
control,Myofibroblast,ERBB2,1,0.118331678801182,0.0384615384615384,GSE136831
control,Myofibroblast,ERBB3,1,0.2185469903347593,0.0384615384615384,GSE136831
control,Myofibroblast,ERBB4,1,0.2048737141336316,0.0384615384615384,GSE136831
control,Myofibroblast,FGF10,1,0.0656116316300553,0.0192307692307692,GSE136831
control,Myofibroblast,FGF7,1,1.117575086813249,0.25,GSE136831
control,Myofibroblast,FGFR1,1,1.206914662976402,0.2115384615384615,GSE136831
control,Myofibroblast,FGFR2,1,0.0151007218145027,0.0192307692307692,GSE136831
control,Myofibroblast,FGFR3,1,0.0,0.0,GSE136831
control,Myofibroblast,FGFR4,1,1.110761746613841,0.25,GSE136831
control,Myofibroblast,FGFRL1,1,0.1818530011803053,0.0384615384615384,GSE136831
control,Myofibroblast,FLT1,1,0.0,0.0,GSE136831
control,Myofibroblast,FZD1,1,0.5564330288528097,0.0961538461538461,GSE136831
control,Myofibroblast,FZD10,1,0.0,0.0,GSE136831
control,Myofibroblast,FZD2,1,0.0,0.0,GSE136831
control,Myofibroblast,FZD3,1,0.0,0.0,GSE136831
control,Myofibroblast,FZD4,1,0.0,0.0,GSE136831
control,Myofibroblast,FZD5,1,0.0,0.0,GSE136831
control,Myofibroblast,FZD6,1,0.0,0.0,GSE136831
control,Myofibroblast,FZD7,1,0.0427350427350427,0.0192307692307692,GSE136831
control,Myofibroblast,FZD8,1,0.0,0.0,GSE136831
control,Myofibroblast,FZD9,1,0.0,0.0,GSE136831
control,Myofibroblast,GPC1,1,0.0844937136677031,0.0192307692307692,GSE136831
control,Myofibroblast,GRIN2B,1,0.0153846153846153,0.0192307692307692,GSE136831
control,Myofibroblast,GRM7,1,0.0427350427350427,0.0192307692307692,GSE136831
control,Myofibroblast,GSDMD,1,0.1106674286580934,0.0384615384615384,GSE136831
control,Myofibroblast,HBEGF,1,0.4398610404238878,0.1153846153846153,GSE136831
control,Myofibroblast,IL1A,1,0.0,0.0,GSE136831
control,Myofibroblast,IL1B,1,0.1120674197597274,0.0192307692307692,GSE136831
control,Myofibroblast,IL1R1,1,1.9824219936991356,0.2884615384615384,GSE136831
control,Myofibroblast,IL1R2,1,0.0332597184897427,0.0192307692307692,GSE136831
control,Myofibroblast,IL1RAP,1,0.0648846648846648,0.0384615384615384,GSE136831
control,Myofibroblast,IL1RN,1,0.0,0.0,GSE136831
control,Myofibroblast,IL6,1,0.5626943762671173,0.0961538461538461,GSE136831
control,Myofibroblast,ITGA4,1,0.0,0.0,GSE136831
control,Myofibroblast,ITGA5,1,0.0151007218145027,0.0192307692307692,GSE136831
control,Myofibroblast,ITGA9,1,0.5728061959868267,0.173076923076923,GSE136831
control,Myofibroblast,ITGAV,1,0.5593075783421344,0.173076923076923,GSE136831
control,Myofibroblast,ITGB1,1,2.353050034223753,0.4423076923076923,GSE136831
control,Myofibroblast,ITGB3,1,0.0615855398729248,0.0384615384615384,GSE136831
control,Myofibroblast,ITGB5,1,1.422013585422369,0.3076923076923077,GSE136831
control,Myofibroblast,ITGB6,1,0.0820423943474203,0.0384615384615384,GSE136831
control,Myofibroblast,ITGB8,1,0.0759947612247854,0.0384615384615384,GSE136831
control,Myofibroblast,KDR,1,0.1148496895305125,0.0384615384615384,GSE136831
control,Myofibroblast,KLRG2,1,0.0,0.0,GSE136831
control,Myofibroblast,LDLR,1,0.5902909995394526,0.1538461538461538,GSE136831
control,Myofibroblast,LGR5,1,0.0,0.0,GSE136831
control,Myofibroblast,LPP,1,11.546632565726885,0.7692307692307693,GSE136831
control,Myofibroblast,LRP1,1,3.733668241304597,0.6346153846153846,GSE136831
control,Myofibroblast,LRP2,1,0.0153846153846153,0.0192307692307692,GSE136831
control,Myofibroblast,LRP5,1,0.1870214901193589,0.0384615384615384,GSE136831
control,Myofibroblast,LRP6,1,0.0461723150798781,0.0192307692307692,GSE136831
control,Myofibroblast,MCAM,1,0.0,0.0,GSE136831
control,Myofibroblast,MUSK,1,1.996780468341642,0.3653846153846153,GSE136831
control,Myofibroblast,NLRP3,1,0.0654998952001676,0.0192307692307692,GSE136831
control,Myofibroblast,NOTCH1,1,0.0332597184897427,0.0192307692307692,GSE136831
control,Myofibroblast,NRP1,1,3.547427750654344,0.5384615384615384,GSE136831
control,Myofibroblast,NRP2,1,1.3810600370680732,0.3076923076923077,GSE136831
control,Myofibroblast,PRLR,1,0.0,0.0,GSE136831
control,Myofibroblast,PTK7,1,0.3826964070563708,0.1153846153846153,GSE136831
control,Myofibroblast,PTPRK,1,1.34985970224827,0.2307692307692307,GSE136831
control,Myofibroblast,PYCARD,1,0.1048648716366685,0.0384615384615384,GSE136831
control,Myofibroblast,RECK,1,0.3757726413657465,0.1346153846153846,GSE136831
control,Myofibroblast,RET,1,0.0,0.0,GSE136831
control,Myofibroblast,ROR1,1,0.8762325226911412,0.173076923076923,GSE136831
control,Myofibroblast,ROR2,1,1.5454059781029843,0.3653846153846153,GSE136831
control,Myofibroblast,RYK,1,0.4959439388932931,0.1538461538461538,GSE136831
control,Myofibroblast,SDC2,1,0.9012660474710676,0.2307692307692307,GSE136831
control,Myofibroblast,SDC4,1,0.1321804810176903,0.0384615384615384,GSE136831
control,Myofibroblast,SIGIRR,1,0.162739982398102,0.0576923076923076,GSE136831
control,Myofibroblast,SIRPA,1,0.3999020808375028,0.1346153846153846,GSE136831
control,Myofibroblast,SMO,1,0.0459077804506307,0.0192307692307692,GSE136831
control,Myofibroblast,SPP1,1,0.0,0.0,GSE136831
control,Myofibroblast,TGFB1,1,0.2489541558570715,0.0769230769230769,GSE136831
control,Myofibroblast,TGFBR1,1,0.1118742551141962,0.0576923076923076,GSE136831
control,Myofibroblast,TGFBR2,1,1.2048867340839096,0.2307692307692307,GSE136831
control,Myofibroblast,TGFBR3,1,5.627836558285543,0.6153846153846154,GSE136831
control,Myofibroblast,TMED5,1,0.3482607200414061,0.1153846153846153,GSE136831
control,Myofibroblast,TNF,1,0.0,0.0,GSE136831
control,Myofibroblast,TYRO3,1,0.1240694789081885,0.0192307692307692,GSE136831
control,Myofibroblast,VANGL2,1,0.0,0.0,GSE136831
control,Myofibroblast,VASN,1,0.4951051881728951,0.1153846153846153,GSE136831
control,Myofibroblast,VEGFA,1,0.0,0.0,GSE136831
control,Myofibroblast,WNT1,1,0.0,0.0,GSE136831
control,Myofibroblast,WNT10A,1,0.0,0.0,GSE136831
control,Myofibroblast,WNT10B,1,0.0,0.0,GSE136831
control,Myofibroblast,WNT11,1,0.0,0.0,GSE136831
control,Myofibroblast,WNT16,1,0.0,0.0,GSE136831
control,Myofibroblast,WNT2,1,0.2995380599847936,0.1153846153846153,GSE136831
control,Myofibroblast,WNT2B,1,0.2135149171908362,0.0384615384615384,GSE136831
control,Myofibroblast,WNT3,1,0.0,0.0,GSE136831
control,Myofibroblast,WNT3A,1,0.0702622185998145,0.0192307692307692,GSE136831
control,Myofibroblast,WNT4,1,0.0,0.0,GSE136831
control,Myofibroblast,WNT5A,1,0.0,0.0,GSE136831
control,Myofibroblast,WNT5B,1,0.0711197086936731,0.0192307692307692,GSE136831
control,Myofibroblast,WNT6,1,0.0,0.0,GSE136831
control,Myofibroblast,WNT7A,1,0.0,0.0,GSE136831
control,Myofibroblast,WNT7B,1,0.0,0.0,GSE136831
control,Myofibroblast,WNT8A,1,0.0,0.0,GSE136831
control,Myofibroblast,WNT8B,1,0.0834306691139663,0.0192307692307692,GSE136831
control,Myofibroblast,WNT9A,1,0.0,0.0,GSE136831
control,Myofibroblast,WNT9B,1,0.0,0.0,GSE136831
control,Myofibroblast,XCR1,1,0.0,0.0,GSE136831
control,NK,ACKR1,15,0.009349545853323668,0.0014690255152682802,GSE136831
control,NK,ACKR2,15,0.0036933508152439667,0.0015121682670100132,GSE136831
control,NK,ACKR3,15,0.03682696511338215,0.009031125324307027,GSE136831
control,NK,ACKR4,15,0.008000970571125787,0.00114065141886212,GSE136831
control,NK,ACVR1,15,0.047210373419364605,0.012428363025252413,GSE136831
control,NK,ACVR1B,15,0.10856855614188274,0.020786679978315705,GSE136831
control,NK,ACVR1C,15,0.015426370664704793,0.00402417769948984,GSE136831
control,NK,ACVRL1,15,0.018004966228332902,0.004508704504464806,GSE136831
control,NK,ADGRA2,15,0.020677592837313467,0.004695929236482594,GSE136831
control,NK,ADRA2A,15,0.0013956928917361,0.0005847953216374266,GSE136831
control,NK,ADRB2,15,0.2453229769751495,0.05537231385482017,GSE136831
control,NK,ANTXR1,15,0.014115784148736632,0.0035381817938952603,GSE136831
control,NK,APCDD1,15,0.007096728408203814,0.0010928961748633867,GSE136831
control,NK,AREG,15,12.743460520537266,0.6478827111667772,GSE136831
control,NK,ATP6AP2,15,0.5826238621260713,0.14037666551318656,GSE136831
control,NK,AVPR1A,15,0.0,0.0,GSE136831
control,NK,CASP1,15,0.2585864118628096,0.06193559551411374,GSE136831
control,NK,CAV1,15,0.02099461921744098,0.00576971816794212,GSE136831
control,NK,CCL2,15,0.06923590477418214,0.013851593347991008,GSE136831
control,NK,CCR1,15,0.01500315170454394,0.005006587395131939,GSE136831
control,NK,CCR10,15,0.008657199134193628,0.00261856226808176,GSE136831
control,NK,CCR2,15,0.0,0.0,GSE136831
control,NK,CCR3,15,0.01660516854395272,0.00382530527769264,GSE136831
control,NK,CCR4,15,0.0,0.0,GSE136831
control,NK,CCR5,15,0.004612999457043927,0.0013698630136986267,GSE136831
control,NK,CD36,15,0.11054896312249118,0.026082849692166912,GSE136831
control,NK,CD4,15,0.04769734723936571,0.011918654481822732,GSE136831
control,NK,CD44,15,2.3037018036888326,0.3238510562089523,GSE136831
control,NK,CD82,15,0.09891643742501027,0.020247460451883966,GSE136831
control,NK,CD9,15,0.17434367272607057,0.03619683847773293,GSE136831
control,NK,CSF1,15,0.020740825431567484,0.00474896324752672,GSE136831
control,NK,CSF1R,15,0.04054508249537262,0.009891572286060194,GSE136831
control,NK,CXCL1,15,0.026005787146537358,0.005997994887519126,GSE136831
control,NK,CXCL12,15,0.0014280716035101999,0.0004938271604938266,GSE136831
control,NK,CXCL2,15,0.24783382553513494,0.047956109816896283,GSE136831
control,NK,CXCR1,15,0.04005175536502933,0.01053571746996406,GSE136831
control,NK,CXCR2,15,0.2086493317421475,0.04198447257725479,GSE136831
control,NK,CXCR3,15,0.03339588469435157,0.00816255645525974,GSE136831
control,NK,CXCR4,15,9.069881427552174,0.68804986171203,GSE136831
control,NK,DPP4,15,0.00546042551441296,0.0008947356764777466,GSE136831
control,NK,EGFR,15,0.0125204934280152,0.002249672217423407,GSE136831
control,NK,ENG,15,0.1354406666906801,0.033988680074485314,GSE136831
control,NK,EPHA7,15,0.02344968634326526,0.005418513914908866,GSE136831
control,NK,EPHB2,15,0.025665057975033958,0.00689781563655348,GSE136831
control,NK,ERBB2,15,0.12802756219546826,0.025414504424106445,GSE136831
control,NK,ERBB3,15,0.022096161572145067,0.005489101716765393,GSE136831
control,NK,ERBB4,15,0.16155798085256112,0.03783757945655,GSE136831
control,NK,FGF10,15,0.007827116900947626,0.0021536921284218,GSE136831
control,NK,FGF7,15,0.012551118640570728,0.0034268790094392865,GSE136831
control,NK,FGFR1,15,0.28258904393483614,0.05482935675398814,GSE136831
control,NK,FGFR2,15,0.024739313036016144,0.005286272857381687,GSE136831
control,NK,FGFR3,15,0.00582320024024728,0.0015969945889260132,GSE136831
control,NK,FGFR4,15,0.0008447308645229066,0.00020898641588296666,GSE136831
control,NK,FGFRL1,15,0.021935795180587914,0.005675146189460921,GSE136831
control,NK,FLT1,15,0.061779158552865934,0.014109408694045554,GSE136831
control,NK,FZD1,15,0.0,0.0,GSE136831
control,NK,FZD10,15,0.0,0.0,GSE136831
control,NK,FZD2,15,0.006166035424408574,0.002239989850395167,GSE136831
control,NK,FZD3,15,0.0526385239012595,0.014180487850019333,GSE136831
control,NK,FZD4,15,0.011322149846073321,0.002421039824814347,GSE136831
control,NK,FZD5,15,0.01631049114991608,0.003093752283204133,GSE136831
control,NK,FZD6,15,0.029064283307626455,0.00695202065446186,GSE136831
control,NK,FZD7,15,0.0030768248974206397,0.0011695906432748532,GSE136831
control,NK,FZD8,15,0.00174792345860912,0.00070622822995558,GSE136831
control,NK,FZD9,15,0.0,0.0,GSE136831
control,NK,GPC1,15,0.0012243481587753265,0.00036429872495446,GSE136831
control,NK,GRIN2B,15,0.03350573393088693,0.008147072766956273,GSE136831
control,NK,GRM7,15,0.06912428134175183,0.015112402114787593,GSE136831
control,NK,GSDMD,15,0.37239224459453657,0.09015180621397857,GSE136831
control,NK,HBEGF,15,0.058505131312174365,0.015847183952503698,GSE136831
control,NK,IL1A,15,0.007731219069781833,0.0029398893241620937,GSE136831
control,NK,IL1B,15,0.11456222032149602,0.025894539127860054,GSE136831
control,NK,IL1R1,15,0.06432801707111085,0.012146679759047646,GSE136831
control,NK,IL1R2,15,0.12944773882077312,0.019032727749237796,GSE136831
control,NK,IL1RAP,15,0.20473922659102695,0.04606897780951656,GSE136831
control,NK,IL1RN,15,0.05800287854173238,0.01344082159390436,GSE136831
control,NK,IL6,15,0.03276575696300764,0.006609917613990447,GSE136831
control,NK,ITGA4,15,1.4933739288726258,0.26427003985320235,GSE136831
control,NK,ITGA5,15,0.09397474487640571,0.02199132490511637,GSE136831
control,NK,ITGA9,15,0.04457627704445865,0.012049172656440465,GSE136831
control,NK,ITGAV,15,0.2955104136123778,0.059322918336510176,GSE136831
control,NK,ITGB1,15,0.9437729422405667,0.185835727210045,GSE136831
control,NK,ITGB3,15,0.009880233685614173,0.00220691041264242,GSE136831
control,NK,ITGB5,15,0.049454321705851755,0.011676705464397573,GSE136831
control,NK,ITGB6,15,0.04805451351095175,0.0102215531396569,GSE136831
control,NK,ITGB8,15,0.03927132749780727,0.008593420080776746,GSE136831
control,NK,KDR,15,0.0007948771755788267,0.00012845215157353333,GSE136831
control,NK,KLRG2,15,0.023902071932879694,0.005448404321563274,GSE136831
control,NK,LDLR,15,0.2673186601270817,0.0538698164795983,GSE136831
control,NK,LGR5,15,0.0057075089536687,0.0010902376364804068,GSE136831
control,NK,LPP,15,4.010100425523228,0.5030866275400755,GSE136831
control,NK,LRP1,15,0.03760084355391755,0.00936945878623884,GSE136831
control,NK,LRP2,15,0.03287163403383061,0.006752323232314233,GSE136831
control,NK,LRP5,15,0.03835060374202946,0.009288951076149446,GSE136831
control,NK,LRP6,15,0.029661587824479117,0.008113817170144094,GSE136831
control,NK,MCAM,15,0.0030333407686339866,0.0007054673721340333,GSE136831
control,NK,MUSK,15,0.021852889954681314,0.00408480168847818,GSE136831
control,NK,NLRP3,15,0.09979822301360877,0.023715701075021425,GSE136831
control,NK,NOTCH1,15,0.2617217428270296,0.056736862901888584,GSE136831
control,NK,NRP1,15,0.09598834716519634,0.02346626502094942,GSE136831
control,NK,NRP2,15,0.0206133242870267,0.0058154675966693,GSE136831
control,NK,PRLR,15,0.009808812868091992,0.0024438332699891667,GSE136831
control,NK,PTK7,15,0.050785690277599,0.01102127244975372,GSE136831
control,NK,PTPRK,15,0.052058189439397946,0.01263769277425348,GSE136831
control,NK,PYCARD,15,0.39774777153647894,0.09740811289399422,GSE136831
control,NK,RECK,15,0.1750506983911509,0.03967151284644491,GSE136831
control,NK,RET,15,0.0003723920454079933,0.00020898641588296666,GSE136831
control,NK,ROR1,15,0.03396185386029747,0.00989946616329874,GSE136831
control,NK,ROR2,15,0.10796776891132856,0.02478423947500884,GSE136831
control,NK,RYK,15,0.6676478454252963,0.1372477543298135,GSE136831
control,NK,SDC2,15,0.09801278726175612,0.024257553070947978,GSE136831
control,NK,SDC4,15,0.14459227644470776,0.028364619541722598,GSE136831
control,NK,SIGIRR,15,0.7941567585880437,0.1719940294771757,GSE136831
control,NK,SIRPA,15,0.07583075862574838,0.018506343911638443,GSE136831
control,NK,SMO,15,0.022236821135032593,0.00493999454760102,GSE136831
control,NK,SPP1,15,0.11154178569920879,0.02066143800444172,GSE136831
control,NK,TGFB1,15,5.099958279647383,0.5457973226852226,GSE136831
control,NK,TGFBR1,15,0.8679459225525291,0.1526039520784888,GSE136831
control,NK,TGFBR2,15,2.0516198427830012,0.3070457057217481,GSE136831
control,NK,TGFBR3,15,4.257813677503564,0.48289444906412093,GSE136831
control,NK,TMED5,15,0.9742498512626344,0.19069934651622106,GSE136831
control,NK,TNF,15,0.17383976240759125,0.03360315075251628,GSE136831
control,NK,TYRO3,15,0.01894954466030518,0.00437475830916422,GSE136831
control,NK,VANGL2,15,0.0018550982738310534,0.0004938271604938266,GSE136831
control,NK,VASN,15,0.03640266372747081,0.007170934766242014,GSE136831
control,NK,VEGFA,15,0.08456786098437012,0.01808590184297349,GSE136831
control,NK,WNT1,15,0.0013266153531848,0.00045662100456620667,GSE136831
control,NK,WNT10A,15,0.0014156669129000265,0.00037131796820984,GSE136831
control,NK,WNT10B,15,0.0051295130294991675,0.0021161336099154004,GSE136831
control,NK,WNT11,15,0.00358730996325976,0.0010030459879056734,GSE136831
control,NK,WNT16,15,0.003996303080828006,0.0007940595720227067,GSE136831
control,NK,WNT2,15,0.00036795231043694666,0.00012845215157353333,GSE136831
control,NK,WNT2B,15,0.02497884489337555,0.00514938568409866,GSE136831
control,NK,WNT3,15,0.018006833978188534,0.003666203022304473,GSE136831
control,NK,WNT3A,15,0.006626255796242513,0.0011860670194003468,GSE136831
control,NK,WNT4,15,0.0028477887244788796,0.0009132420091324201,GSE136831
control,NK,WNT5A,15,0.0,0.0,GSE136831
control,NK,WNT5B,15,0.11029926842338247,0.0235983786177455,GSE136831
control,NK,WNT6,15,0.0,0.0,GSE136831
control,NK,WNT7A,15,0.0,0.0,GSE136831
control,NK,WNT7B,15,0.0008780941843822133,0.00020898641588296666,GSE136831
control,NK,WNT8A,15,0.0,0.0,GSE136831
control,NK,WNT8B,15,0.0128705599725256,0.003394466791689287,GSE136831
control,NK,WNT9A,15,0.0,0.0,GSE136831
control,NK,WNT9B,15,0.009069536657870065,0.0015969945889260132,GSE136831
control,NK,XCR1,15,0.0,0.0,GSE136831
control,T,ACKR1,10,0.0061571600863232,0.0012578660350077001,GSE136831
control,T,ACKR2,10,0.00517663948071661,0.00212441671992928,GSE136831
control,T,ACKR3,10,0.022138120297707307,0.00601966220250927,GSE136831
control,T,ACKR4,10,0.00795238960143898,0.0019301740749207903,GSE136831
control,T,ACVR1,10,0.26382006297251304,0.05908148223968575,GSE136831
control,T,ACVR1B,10,0.06470123972650124,0.016263265479052248,GSE136831
control,T,ACVR1C,10,0.06216915067369706,0.016268282599252882,GSE136831
control,T,ACVRL1,10,0.01563493050029181,0.00314244124232762,GSE136831
control,T,ADGRA2,10,0.04367498685791303,0.00892388690905552,GSE136831
control,T,ADRA2A,10,0.0,0.0,GSE136831
control,T,ADRB2,10,0.09188568871338218,0.02189106907389847,GSE136831
control,T,ANTXR1,10,0.01826960715521017,0.00429561452368433,GSE136831
control,T,APCDD1,10,0.0011868844520510498,0.0004950495049504901,GSE136831
control,T,AREG,10,1.4977722363282078,0.19490487765179076,GSE136831
control,T,ATP6AP2,10,0.41946884071118884,0.10904059388871876,GSE136831
control,T,AVPR1A,10,0.00059272395778382,0.00019305019305018999,GSE136831
control,T,CASP1,10,0.1541959676483366,0.0448088016122346,GSE136831
control,T,CAV1,10,0.00833828235197826,0.00239459281304547,GSE136831
control,T,CCL2,10,0.07452740562233569,0.017470477753387732,GSE136831
control,T,CCR1,10,0.01139902145453473,0.0031803009663586602,GSE136831
control,T,CCR10,10,0.00501246253878511,0.00125803733041067,GSE136831
control,T,CCR2,10,0.03298192486372467,0.00900598918452615,GSE136831
control,T,CCR3,10,0.026802521546866336,0.006085086617199529,GSE136831
control,T,CCR4,10,0.2598217445085581,0.05466971517675988,GSE136831
control,T,CCR5,10,0.08020353474860652,0.02305853161354883,GSE136831
control,T,CD36,10,0.0905641941627329,0.02344595387543056,GSE136831
control,T,CD4,10,0.5177063420862359,0.115858266548033,GSE136831
control,T,CD44,10,8.571168552321984,0.723879759885669,GSE136831
control,T,CD82,10,0.3164715904141774,0.08464307423955328,GSE136831
control,T,CD9,10,0.21108215695248203,0.048612382165906985,GSE136831
control,T,CSF1,10,0.04304602064055165,0.01104085927298725,GSE136831
control,T,CSF1R,10,0.027592441685281688,0.0076390672394097804,GSE136831
control,T,CXCL1,10,0.04349506800606033,0.01064077431157931,GSE136831
control,T,CXCL12,10,0.0015461169077170401,0.0007610391582486701,GSE136831
control,T,CXCL2,10,0.24295810880997282,0.06011519492142244,GSE136831
control,T,CXCR1,10,0.00066611379221912,7.293946024799e-05,GSE136831
control,T,CXCR2,10,0.00027753817547243,0.00014587892049598,GSE136831
control,T,CXCR3,10,0.20191462597211637,0.05005430391684888,GSE136831
control,T,CXCR4,10,12.241277135664202,0.7931285373492998,GSE136831
control,T,DPP4,10,0.7638786318429107,0.14368436436349413,GSE136831
control,T,EGFR,10,0.01713262886962478,0.004869307222281,GSE136831
control,T,ENG,10,0.17164396060771098,0.038089942298487375,GSE136831
control,T,EPHA7,10,0.0233668990158785,0.00739820807086623,GSE136831
control,T,EPHB2,10,0.04406645140925984,0.01188502958321781,GSE136831
control,T,ERBB2,10,0.023754330601270822,0.007233326194418769,GSE136831
control,T,ERBB3,10,0.03539942652373117,0.0074991716242955395,GSE136831
control,T,ERBB4,10,0.2290504670746732,0.05280122586828264,GSE136831
control,T,FGF10,10,0.00766907965156097,0.00160301119954606,GSE136831
control,T,FGF7,10,0.00498131017229301,0.0018223445766416698,GSE136831
control,T,FGFR1,10,0.29162971934150894,0.055279112956472476,GSE136831
control,T,FGFR2,10,0.01734677806165935,0.00432301150632213,GSE136831
control,T,FGFR3,10,0.00025682908538025997,7.293946024799e-05,GSE136831
control,T,FGFR4,10,0.00648347929984746,0.0012354549705895698,GSE136831
control,T,FGFRL1,10,0.012174972344267471,0.0029722437417294,GSE136831
control,T,FLT1,10,0.03610414260154129,0.009308276026127781,GSE136831
control,T,FZD1,10,0.00273276309676714,0.0008695652173913,GSE136831
control,T,FZD10,10,0.0,0.0,GSE136831
control,T,FZD2,10,0.004546127719567699,0.00078431372549019,GSE136831
control,T,FZD3,10,0.04034071689419901,0.00930818212171758,GSE136831
control,T,FZD4,10,0.00127892508179811,0.00043882921344626,GSE136831
control,T,FZD5,10,0.00791277236666747,0.00213570109975679,GSE136831
control,T,FZD6,10,0.03285647281186026,0.006734245107956299,GSE136831
control,T,FZD7,10,0.014410873951695779,0.00464639710660245,GSE136831
control,T,FZD8,10,0.0,0.0,GSE136831
control,T,FZD9,10,0.0,0.0,GSE136831
control,T,GPC1,10,0.01670838082375051,0.00401940178567178,GSE136831
control,T,GRIN2B,10,0.056741050810365366,0.01725965969333372,GSE136831
control,T,GRM7,10,0.05720374616819483,0.01611900874268403,GSE136831
control,T,GSDMD,10,0.2972891205174044,0.07791656927928173,GSE136831
control,T,HBEGF,10,0.11352531985731104,0.03167306932930493,GSE136831
control,T,IL1A,10,0.01048613425429863,0.00348784334375586,GSE136831
control,T,IL1B,10,0.10908518048470735,0.02833429576713143,GSE136831
control,T,IL1R1,10,0.19404964956524381,0.0345277249644219,GSE136831
control,T,IL1R2,10,0.11384738123671057,0.022456268186152158,GSE136831
control,T,IL1RAP,10,0.1943828324100114,0.03695765412325463,GSE136831
control,T,IL1RN,10,0.06480360440281344,0.01707089787602452,GSE136831
control,T,IL6,10,0.036596426075247615,0.00912595327179019,GSE136831
control,T,ITGA4,10,1.3583441951070245,0.23641099938722135,GSE136831
control,T,ITGA5,10,0.07539374098712939,0.02083350026997574,GSE136831
control,T,ITGA9,10,0.07165747573371548,0.018015819925190392,GSE136831
control,T,ITGAV,10,0.3409064110737812,0.06853159860945715,GSE136831
control,T,ITGB1,10,1.498668106278478,0.2526119422336034,GSE136831
control,T,ITGB3,10,0.01127608383430974,0.00443938743087194,GSE136831
control,T,ITGB5,10,0.03487126697790176,0.008623119012018749,GSE136831
control,T,ITGB6,10,0.06099161782749472,0.0159229107594627,GSE136831
control,T,ITGB8,10,0.03456649836100662,0.00771254352527385,GSE136831
control,T,KDR,10,0.00513213661000546,0.00153446174018457,GSE136831
control,T,KLRG2,10,0.03075505105407291,0.00757998393649586,GSE136831
control,T,LDLR,10,1.0870340431273113,0.17207324601381116,GSE136831
control,T,LGR5,10,0.010668372556170891,0.00353476302187371,GSE136831
control,T,LPP,10,2.534902799663223,0.36884230504722204,GSE136831
control,T,LRP1,10,0.057239119641880186,0.016032640765513508,GSE136831
control,T,LRP2,10,0.02348582414440406,0.00619288444600649,GSE136831
control,T,LRP5,10,0.11714912636570662,0.02448631226877987,GSE136831
control,T,LRP6,10,0.04703674094792047,0.01288640660677986,GSE136831
control,T,MCAM,10,0.08524235547230352,0.02032010639095104,GSE136831
control,T,MUSK,10,0.0051007925616347195,0.00139966857149514,GSE136831
control,T,NLRP3,10,0.19198448954523298,0.04003483116475219,GSE136831
control,T,NOTCH1,10,0.2719611736320454,0.06168892432253368,GSE136831
control,T,NRP1,10,0.10574719403180308,0.024736544839271183,GSE136831
control,T,NRP2,10,0.03700043867293134,0.00825190503965037,GSE136831
control,T,PRLR,10,0.00873470156677785,0.0025175484639921,GSE136831
control,T,PTK7,10,0.04177767000943974,0.011533671871624091,GSE136831
control,T,PTPRK,10,0.1617237740938704,0.03433348426764021,GSE136831
control,T,PYCARD,10,0.2878538669167509,0.07804348261191837,GSE136831
control,T,RECK,10,0.16499266852397124,0.03679320702024663,GSE136831
control,T,RET,10,0.00130656403471165,0.00027273966004818,GSE136831
control,T,ROR1,10,0.01632883061413377,0.00446623878383436,GSE136831
control,T,ROR2,10,0.11441742535793278,0.02663292938087069,GSE136831
control,T,RYK,10,0.4020517937591205,0.08245541331420353,GSE136831
control,T,SDC2,10,0.11333557154848184,0.02159027583412506,GSE136831
control,T,SDC4,10,0.14697586959995873,0.030293024453434993,GSE136831
control,T,SIGIRR,10,0.38058781889369814,0.09571490886830872,GSE136831
control,T,SIRPA,10,0.08468595549443256,0.01842173976793825,GSE136831
control,T,SMO,10,0.014882406803823092,0.00308649323863933,GSE136831
control,T,SPP1,10,0.18926786761288011,0.03485091259642748,GSE136831
control,T,TGFB1,10,6.189544245886511,0.5633075348978862,GSE136831
control,T,TGFBR1,10,0.20392114093923994,0.046356875404702694,GSE136831
control,T,TGFBR2,10,3.115307267190488,0.4086624793902054,GSE136831
control,T,TGFBR3,10,1.6283254768226119,0.23382643695318234,GSE136831
control,T,TMED5,10,0.9957766922165702,0.1982228577264705,GSE136831
control,T,TNF,10,0.4867412245017874,0.08355608363005189,GSE136831
control,T,TYRO3,10,0.03089213729669053,0.0071346922502064395,GSE136831
control,T,VANGL2,10,0.00030815150083647,7.293946024799e-05,GSE136831
control,T,VASN,10,0.03837969495108051,0.01097905485395274,GSE136831
control,T,VEGFA,10,0.07031027292215467,0.01551320104250907,GSE136831
control,T,WNT1,10,0.00497634168346163,0.00127775873735642,GSE136831
control,T,WNT10A,10,0.01902567612235144,0.00610438870490094,GSE136831
control,T,WNT10B,10,0.00569724108197657,0.00144334837989103,GSE136831
control,T,WNT11,10,0.00188677788642868,0.00046509632299307995,GSE136831
control,T,WNT16,10,0.00257861364691315,0.00063793588314116,GSE136831
control,T,WNT2,10,0.02172903596095098,0.00411690925753256,GSE136831
control,T,WNT2B,10,0.05179185411922767,0.01367991265342416,GSE136831
control,T,WNT3,10,0.026016999944642828,0.007042595923954301,GSE136831
control,T,WNT3A,10,0.009111545793983081,0.00244432765253168,GSE136831
control,T,WNT4,10,0.00545877808970532,0.00104240477753938,GSE136831
control,T,WNT5A,10,0.00034711639993085,9.990009990008999e-05,GSE136831
control,T,WNT5B,10,0.11596829609068242,0.030706763464785743,GSE136831
control,T,WNT6,10,0.00079183432503505,0.00026598965329818,GSE136831
control,T,WNT7A,10,0.03292574491745401,0.00897964567904634,GSE136831
control,T,WNT7B,10,0.00934950060152731,0.00304763274622699,GSE136831
control,T,WNT8A,10,0.00202328217033359,0.00096083935804886,GSE136831
control,T,WNT8B,10,0.020027982211788163,0.00474693676008335,GSE136831
control,T,WNT9A,10,0.029109649687779883,0.0062486926648984,GSE136831
control,T,WNT9B,10,0.00586047719310996,0.00181502860944763,GSE136831
control,T,XCR1,10,0.0032139252702361202,0.0008137679855945601,GSE136831
control,T_Cytotoxic,ACKR1,13,0.0031295916841320385,0.00043458299528938463,GSE136831
control,T_Cytotoxic,ACKR2,13,0.005161916307385138,0.0012402945242369152,GSE136831
control,T_Cytotoxic,ACKR3,13,0.02067207322038677,0.0058723179386213535,GSE136831
control,T_Cytotoxic,ACKR4,13,0.0011206696943758152,0.0003022082202969539,GSE136831
control,T_Cytotoxic,ACVR1,13,0.16061143426428648,0.035342988728862976,GSE136831
control,T_Cytotoxic,ACVR1B,13,0.07527315932363003,0.016698252477246576,GSE136831
control,T_Cytotoxic,ACVR1C,13,0.0650212732043382,0.01700908091205463,GSE136831
control,T_Cytotoxic,ACVRL1,13,0.011886490148524477,0.002708954861252731,GSE136831
control,T_Cytotoxic,ADGRA2,13,0.023591678437485337,0.007150502247942523,GSE136831
control,T_Cytotoxic,ADRA2A,13,0.0,0.0,GSE136831
control,T_Cytotoxic,ADRB2,13,0.23349313611221703,0.05587347534801062,GSE136831
control,T_Cytotoxic,ANTXR1,13,0.018652951998782308,0.005175858414544131,GSE136831
control,T_Cytotoxic,APCDD1,13,0.0,0.0,GSE136831
control,T_Cytotoxic,AREG,13,2.630296235954828,0.2535801114216279,GSE136831
control,T_Cytotoxic,ATP6AP2,13,0.5087116999624774,0.12953674434128024,GSE136831
control,T_Cytotoxic,AVPR1A,13,0.0,0.0,GSE136831
control,T_Cytotoxic,CASP1,13,0.300757711309518,0.07891559890364414,GSE136831
control,T_Cytotoxic,CAV1,13,0.01633794997486194,0.004621804671737415,GSE136831
control,T_Cytotoxic,CCL2,13,0.09716673924584224,0.014385154468698877,GSE136831
control,T_Cytotoxic,CCR1,13,0.03102581455888135,0.007524059251234992,GSE136831
control,T_Cytotoxic,CCR10,13,0.006733024330226585,0.0013896541298608,GSE136831
control,T_Cytotoxic,CCR2,13,0.030075440116086587,0.005908311737493939,GSE136831
control,T_Cytotoxic,CCR3,13,0.02718178458621536,0.006207402609827285,GSE136831
control,T_Cytotoxic,CCR4,13,0.014055593742526394,0.0037946109741041154,GSE136831
control,T_Cytotoxic,CCR5,13,0.08648607541515581,0.022392180418122076,GSE136831
control,T_Cytotoxic,CD36,13,0.0961587301538804,0.023939112734819763,GSE136831
control,T_Cytotoxic,CD4,13,0.11135459011253848,0.02472946599927154,GSE136831
control,T_Cytotoxic,CD44,13,7.8642233981127605,0.6889328491987056,GSE136831
control,T_Cytotoxic,CD82,13,0.17461348063398535,0.045028659900684054,GSE136831
control,T_Cytotoxic,CD9,13,0.22995693057613903,0.06137385727686722,GSE136831
control,T_Cytotoxic,CSF1,13,0.07977991363774388,0.017655261896041476,GSE136831
control,T_Cytotoxic,CSF1R,13,0.03275894579387434,0.009534709722596131,GSE136831
control,T_Cytotoxic,CXCL1,13,0.028345568143829086,0.006134926236416823,GSE136831
control,T_Cytotoxic,CXCL12,13,0.0,0.0,GSE136831
control,T_Cytotoxic,CXCL2,13,0.2243896749512967,0.05095742192836748,GSE136831
control,T_Cytotoxic,CXCR1,13,0.006288396325206008,0.0019086176980913768,GSE136831
control,T_Cytotoxic,CXCR2,13,0.024513969165904977,0.005679985359144939,GSE136831
control,T_Cytotoxic,CXCR3,13,0.25164052110205115,0.060016247320387114,GSE136831
control,T_Cytotoxic,CXCR4,13,12.784278883481354,0.8239921670353709,GSE136831
control,T_Cytotoxic,DPP4,13,0.18260312051133568,0.03956136354741629,GSE136831
control,T_Cytotoxic,EGFR,13,0.0173132607301519,0.004827568864846385,GSE136831
control,T_Cytotoxic,ENG,13,0.15735065488726224,0.032491259372089215,GSE136831
control,T_Cytotoxic,EPHA7,13,0.02090392694436841,0.006953835718419492,GSE136831
control,T_Cytotoxic,EPHB2,13,0.0271098678823288,0.006941735489516607,GSE136831
control,T_Cytotoxic,ERBB2,13,0.01687919526433233,0.0042836746107077234,GSE136831
control,T_Cytotoxic,ERBB3,13,0.031691867485341634,0.007190959082272547,GSE136831
control,T_Cytotoxic,ERBB4,13,0.1784115291419363,0.04403869576629533,GSE136831
control,T_Cytotoxic,FGF10,13,0.002975590654598938,0.0008125550218007539,GSE136831
control,T_Cytotoxic,FGF7,13,0.001491816974576946,0.0004910096894516154,GSE136831
control,T_Cytotoxic,FGFR1,13,0.2418078827653523,0.051700147042676455,GSE136831
control,T_Cytotoxic,FGFR2,13,0.0340276709802902,0.007834642128984992,GSE136831
control,T_Cytotoxic,FGFR3,13,0.00040402600602273075,0.00013126804935678461,GSE136831
control,T_Cytotoxic,FGFR4,13,0.005890529978459277,0.0016792548812860077,GSE136831
control,T_Cytotoxic,FGFRL1,13,0.03789446545574646,0.007925851204868247,GSE136831
control,T_Cytotoxic,FLT1,13,0.04703570088118595,0.012213450651539485,GSE136831
control,T_Cytotoxic,FZD1,13,0.0,0.0,GSE136831
control,T_Cytotoxic,FZD10,13,0.0,0.0,GSE136831
control,T_Cytotoxic,FZD2,13,0.0010841871306987538,0.0003076923076923077,GSE136831
control,T_Cytotoxic,FZD3,13,0.07327431273855302,0.018641750158143545,GSE136831
control,T_Cytotoxic,FZD4,13,0.002143494932874977,0.0005864341849962923,GSE136831
control,T_Cytotoxic,FZD5,13,0.013387337622166283,0.003620191262220854,GSE136831
control,T_Cytotoxic,FZD6,13,0.018646550573124306,0.004869787733247508,GSE136831
control,T_Cytotoxic,FZD7,13,0.0019449461693774076,0.0005339271186825153,GSE136831
control,T_Cytotoxic,FZD8,13,0.0016014964382719153,0.000809716599190277,GSE136831
control,T_Cytotoxic,FZD9,13,0.0,0.0,GSE136831
control,T_Cytotoxic,GPC1,13,0.0034691753380495845,0.0008875103511810538,GSE136831
control,T_Cytotoxic,GRIN2B,13,0.026844567504624068,0.006926565234625031,GSE136831
control,T_Cytotoxic,GRM7,13,0.06325653071462559,0.017115435211933563,GSE136831
control,T_Cytotoxic,GSDMD,13,0.2936873054838077,0.07652000536721619,GSE136831
control,T_Cytotoxic,HBEGF,13,0.07794159805073085,0.02053935462768584,GSE136831
control,T_Cytotoxic,IL1A,13,0.006243707038514531,0.001859663111085177,GSE136831
control,T_Cytotoxic,IL1B,13,0.10055105215980498,0.025932872352401406,GSE136831
control,T_Cytotoxic,IL1R1,13,0.025862338659690825,0.006828618729600746,GSE136831
control,T_Cytotoxic,IL1R2,13,0.08442606311756287,0.019586508705024094,GSE136831
control,T_Cytotoxic,IL1RAP,13,0.2002036312441702,0.04427944279354639,GSE136831
control,T_Cytotoxic,IL1RN,13,0.048085035058427275,0.013275600554172777,GSE136831
control,T_Cytotoxic,IL6,13,0.01657445765789029,0.004123624020562077,GSE136831
control,T_Cytotoxic,ITGA4,13,1.753257439281634,0.3075204975676213,GSE136831
control,T_Cytotoxic,ITGA5,13,0.0700485486827636,0.015834182859408692,GSE136831
control,T_Cytotoxic,ITGA9,13,0.057384157513724735,0.014997330508435908,GSE136831
control,T_Cytotoxic,ITGAV,13,0.3852211289734631,0.08732117633675696,GSE136831
control,T_Cytotoxic,ITGB1,13,1.7196074454046277,0.2846716582676784,GSE136831
control,T_Cytotoxic,ITGB3,13,0.005540294099013239,0.0018000375365310693,GSE136831
control,T_Cytotoxic,ITGB5,13,0.054198308000161004,0.013610024301092177,GSE136831
control,T_Cytotoxic,ITGB6,13,0.06596531888657328,0.01661909838197647,GSE136831
control,T_Cytotoxic,ITGB8,13,0.04686565755253901,0.012136579527123739,GSE136831
control,T_Cytotoxic,KDR,13,0.0,0.0,GSE136831
control,T_Cytotoxic,KLRG2,13,0.014485025613257622,0.003857290437238985,GSE136831
control,T_Cytotoxic,LDLR,13,0.5135619964734818,0.09622528394909513,GSE136831
control,T_Cytotoxic,LGR5,13,0.018429057866680715,0.004112748145268462,GSE136831
control,T_Cytotoxic,LPP,13,2.685360649906382,0.3915532898730906,GSE136831
control,T_Cytotoxic,LRP1,13,0.07551496685929657,0.02037688540592786,GSE136831
control,T_Cytotoxic,LRP2,13,0.014541814931475376,0.004295839387003316,GSE136831
control,T_Cytotoxic,LRP5,13,0.08651003205324058,0.021026024929016063,GSE136831
control,T_Cytotoxic,LRP6,13,0.03442389729527372,0.007904772252831208,GSE136831
control,T_Cytotoxic,MCAM,13,0.024498429337726706,0.006509541119001738,GSE136831
control,T_Cytotoxic,MUSK,13,0.01143894194901627,0.0033077561354384155,GSE136831
control,T_Cytotoxic,NLRP3,13,0.17901959057443778,0.037525966724052014,GSE136831
control,T_Cytotoxic,NOTCH1,13,0.22840320693639277,0.044473926184316157,GSE136831
control,T_Cytotoxic,NRP1,13,0.07811757182137417,0.015910093453025163,GSE136831
control,T_Cytotoxic,NRP2,13,0.0170052508333069,0.005436321924278285,GSE136831
control,T_Cytotoxic,PRLR,13,0.00746568194484133,0.001899892274121346,GSE136831
control,T_Cytotoxic,PTK7,13,0.04748557360806727,0.012072165832628,GSE136831
control,T_Cytotoxic,PTPRK,13,0.1467397317013088,0.03477530482962542,GSE136831
control,T_Cytotoxic,PYCARD,13,0.30253168218343596,0.07850559261485049,GSE136831
control,T_Cytotoxic,RECK,13,0.19826409165969638,0.04506641584851674,GSE136831
control,T_Cytotoxic,RET,13,0.0005974607916355461,0.0003076923076923077,GSE136831
control,T_Cytotoxic,ROR1,13,0.024936366711137862,0.007961477304621892,GSE136831
control,T_Cytotoxic,ROR2,13,0.11704706294825146,0.02979266533825714,GSE136831
control,T_Cytotoxic,RYK,13,0.5068270839953615,0.10826536270043277,GSE136831
control,T_Cytotoxic,SDC2,13,0.08006841687521428,0.020465326493083677,GSE136831
control,T_Cytotoxic,SDC4,13,0.10395659474278023,0.026134034538714015,GSE136831
control,T_Cytotoxic,SIGIRR,13,0.5311037808998886,0.13110382013166977,GSE136831
control,T_Cytotoxic,SIRPA,13,0.05111808376522709,0.013412570889012406,GSE136831
control,T_Cytotoxic,SMO,13,0.015357114331862869,0.004247184047995969,GSE136831
control,T_Cytotoxic,SPP1,13,0.07536669742742787,0.01935078465470039,GSE136831
control,T_Cytotoxic,TGFB1,13,6.7523545569396894,0.5918284892893972,GSE136831
control,T_Cytotoxic,TGFBR1,13,0.5147982059488841,0.09964294500940064,GSE136831
control,T_Cytotoxic,TGFBR2,13,2.0582319527572888,0.3198940160422557,GSE136831
control,T_Cytotoxic,TGFBR3,13,2.294207399025884,0.3070537251653315,GSE136831
control,T_Cytotoxic,TMED5,13,0.9468598677724108,0.20112874683231186,GSE136831
control,T_Cytotoxic,TNF,13,0.598915700497757,0.10365226373254204,GSE136831
control,T_Cytotoxic,TYRO3,13,0.01934285562099877,0.004272272658904884,GSE136831
control,T_Cytotoxic,VANGL2,13,0.0007413029229129462,0.0007616146230007615,GSE136831
control,T_Cytotoxic,VASN,13,0.03174770895530415,0.0060930651823144924,GSE136831
control,T_Cytotoxic,VEGFA,13,0.03431915442147664,0.010192102904154714,GSE136831
control,T_Cytotoxic,WNT1,13,0.003399380897320415,0.0006978105608242539,GSE136831
control,T_Cytotoxic,WNT10A,13,0.02254504483394467,0.005263257796748201,GSE136831
control,T_Cytotoxic,WNT10B,13,0.01189528906445093,0.0022633261258364233,GSE136831
control,T_Cytotoxic,WNT11,13,0.0061754398127614,0.0008565813846341845,GSE136831
control,T_Cytotoxic,WNT16,13,0.003266859920385423,0.0008860613071139384,GSE136831
control,T_Cytotoxic,WNT2,13,0.009671191398991145,0.0024408035961309307,GSE136831
control,T_Cytotoxic,WNT2B,13,0.04324627544337472,0.009824618872458162,GSE136831
control,T_Cytotoxic,WNT3,13,0.011442901600915224,0.003192968654917031,GSE136831
control,T_Cytotoxic,WNT3A,13,0.013418840672802582,0.002531904489019169,GSE136831
control,T_Cytotoxic,WNT4,13,0.0021776459633895385,0.00043684710351376155,GSE136831
control,T_Cytotoxic,WNT5A,13,0.0018023425045531616,0.0006930006930006924,GSE136831
control,T_Cytotoxic,WNT5B,13,0.1212271026735971,0.031280803889854825,GSE136831
control,T_Cytotoxic,WNT6,13,0.00032879432764025383,0.00017094017094016923,GSE136831
control,T_Cytotoxic,WNT7A,13,0.005997735239129316,0.0014083248449436384,GSE136831
control,T_Cytotoxic,WNT7B,13,0.0017257820286520848,0.0005105564045961308,GSE136831
control,T_Cytotoxic,WNT8A,13,0.0,0.0,GSE136831
control,T_Cytotoxic,WNT8B,13,0.023400880159027825,0.007202166715849523,GSE136831
control,T_Cytotoxic,WNT9A,13,0.013886824954731848,0.002853251672537908,GSE136831
control,T_Cytotoxic,WNT9B,13,0.016307269576657023,0.003806550370845946,GSE136831
control,T_Cytotoxic,XCR1,13,0.009623635221312323,0.002452458420719216,GSE136831
control,T_Regulatory,ACKR1,1,0.0,0.0,GSE136831
control,T_Regulatory,ACKR2,1,0.0,0.0,GSE136831
control,T_Regulatory,ACKR3,1,0.0,0.0,GSE136831
control,T_Regulatory,ACKR4,1,0.0,0.0,GSE136831
control,T_Regulatory,ACVR1,1,0.2845531527045725,0.0606060606060606,GSE136831
control,T_Regulatory,ACVR1B,1,0.0,0.0,GSE136831
control,T_Regulatory,ACVR1C,1,0.0,0.0,GSE136831
control,T_Regulatory,ACVRL1,1,0.0399249411107118,0.0151515151515151,GSE136831
control,T_Regulatory,ADGRA2,1,0.0761382670930409,0.0151515151515151,GSE136831
control,T_Regulatory,ADRA2A,1,0.0,0.0,GSE136831
control,T_Regulatory,ADRB2,1,0.0,0.0,GSE136831
control,T_Regulatory,ANTXR1,1,0.0,0.0,GSE136831
control,T_Regulatory,APCDD1,1,0.0,0.0,GSE136831
control,T_Regulatory,AREG,1,0.3792099967354481,0.0909090909090909,GSE136831
control,T_Regulatory,ATP6AP2,1,0.5683753952331679,0.106060606060606,GSE136831
control,T_Regulatory,AVPR1A,1,0.0,0.0,GSE136831
control,T_Regulatory,CASP1,1,0.3862440261472393,0.0757575757575757,GSE136831
control,T_Regulatory,CAV1,1,0.0596281588017125,0.0151515151515151,GSE136831
control,T_Regulatory,CCL2,1,0.1676958344660082,0.0303030303030303,GSE136831
control,T_Regulatory,CCR1,1,0.0,0.0,GSE136831
control,T_Regulatory,CCR10,1,0.0,0.0,GSE136831
control,T_Regulatory,CCR2,1,0.0700162437685543,0.0151515151515151,GSE136831
control,T_Regulatory,CCR3,1,0.148544266191325,0.0151515151515151,GSE136831
control,T_Regulatory,CCR4,1,0.6371422779491045,0.0757575757575757,GSE136831
control,T_Regulatory,CCR5,1,0.2761407912615722,0.0757575757575757,GSE136831
control,T_Regulatory,CD36,1,0.1320969062904546,0.0151515151515151,GSE136831
control,T_Regulatory,CD4,1,0.8872177379533639,0.1212121212121212,GSE136831
control,T_Regulatory,CD44,1,10.855802345628884,0.7424242424242424,GSE136831
control,T_Regulatory,CD82,1,0.4830101535625655,0.0909090909090909,GSE136831
control,T_Regulatory,CD9,1,0.4587292785198125,0.0757575757575757,GSE136831
control,T_Regulatory,CSF1,1,0.3270227959078502,0.0606060606060606,GSE136831
control,T_Regulatory,CSF1R,1,0.0,0.0,GSE136831
control,T_Regulatory,CXCL1,1,0.0661927267431854,0.0151515151515151,GSE136831
control,T_Regulatory,CXCL12,1,0.0,0.0,GSE136831
control,T_Regulatory,CXCL2,1,0.0426442869448779,0.0151515151515151,GSE136831
control,T_Regulatory,CXCR1,1,0.0,0.0,GSE136831
control,T_Regulatory,CXCR2,1,0.0,0.0,GSE136831
control,T_Regulatory,CXCR3,1,0.2743884232767589,0.0757575757575757,GSE136831
control,T_Regulatory,CXCR4,1,13.084584367962464,0.803030303030303,GSE136831
control,T_Regulatory,DPP4,1,0.0,0.0,GSE136831
control,T_Regulatory,EGFR,1,0.0,0.0,GSE136831
control,T_Regulatory,ENG,1,0.2041699487414295,0.0454545454545454,GSE136831
control,T_Regulatory,EPHA7,1,0.0,0.0,GSE136831
control,T_Regulatory,EPHB2,1,0.1161926008551775,0.0151515151515151,GSE136831
control,T_Regulatory,ERBB2,1,0.0,0.0,GSE136831
control,T_Regulatory,ERBB3,1,0.0,0.0,GSE136831
control,T_Regulatory,ERBB4,1,0.3925602969552227,0.0606060606060606,GSE136831
control,T_Regulatory,FGF10,1,0.0,0.0,GSE136831
control,T_Regulatory,FGF7,1,0.0,0.0,GSE136831
control,T_Regulatory,FGFR1,1,0.0654493095097846,0.0151515151515151,GSE136831
control,T_Regulatory,FGFR2,1,0.0658189189900745,0.0151515151515151,GSE136831
control,T_Regulatory,FGFR3,1,0.0,0.0,GSE136831
control,T_Regulatory,FGFR4,1,0.0,0.0,GSE136831
control,T_Regulatory,FGFRL1,1,0.0,0.0,GSE136831
control,T_Regulatory,FLT1,1,0.0590012272255262,0.0151515151515151,GSE136831
control,T_Regulatory,FZD1,1,0.0,0.0,GSE136831
control,T_Regulatory,FZD10,1,0.0,0.0,GSE136831
control,T_Regulatory,FZD2,1,0.0,0.0,GSE136831
control,T_Regulatory,FZD3,1,0.0,0.0,GSE136831
control,T_Regulatory,FZD4,1,0.0,0.0,GSE136831
control,T_Regulatory,FZD5,1,0.0,0.0,GSE136831
control,T_Regulatory,FZD6,1,0.0,0.0,GSE136831
control,T_Regulatory,FZD7,1,0.0,0.0,GSE136831
control,T_Regulatory,FZD8,1,0.0,0.0,GSE136831
control,T_Regulatory,FZD9,1,0.0,0.0,GSE136831
control,T_Regulatory,GPC1,1,0.0,0.0,GSE136831
control,T_Regulatory,GRIN2B,1,0.0,0.0,GSE136831
control,T_Regulatory,GRM7,1,0.0,0.0,GSE136831
control,T_Regulatory,GSDMD,1,0.3747713469644244,0.0909090909090909,GSE136831
control,T_Regulatory,HBEGF,1,0.0,0.0,GSE136831
control,T_Regulatory,IL1A,1,0.0,0.0,GSE136831
control,T_Regulatory,IL1B,1,0.0,0.0,GSE136831
control,T_Regulatory,IL1R1,1,6.809259703318771,0.5,GSE136831
control,T_Regulatory,IL1R2,1,1.5285742449266682,0.2424242424242424,GSE136831
control,T_Regulatory,IL1RAP,1,0.4298703179915463,0.0757575757575757,GSE136831
control,T_Regulatory,IL1RN,1,0.1426628328370855,0.0303030303030303,GSE136831
control,T_Regulatory,IL6,1,0.0,0.0,GSE136831
control,T_Regulatory,ITGA4,1,1.202721899365644,0.1515151515151515,GSE136831
control,T_Regulatory,ITGA5,1,0.0,0.0,GSE136831
control,T_Regulatory,ITGA9,1,0.0,0.0,GSE136831
control,T_Regulatory,ITGAV,1,1.5525480170848496,0.1818181818181818,GSE136831
control,T_Regulatory,ITGB1,1,1.840177738320353,0.303030303030303,GSE136831
control,T_Regulatory,ITGB3,1,0.0,0.0,GSE136831
control,T_Regulatory,ITGB5,1,0.0,0.0,GSE136831
control,T_Regulatory,ITGB6,1,0.0484228672148135,0.0151515151515151,GSE136831
control,T_Regulatory,ITGB8,1,0.2313114238681413,0.0454545454545454,GSE136831
control,T_Regulatory,KDR,1,0.0,0.0,GSE136831
control,T_Regulatory,KLRG2,1,0.0834334534775063,0.0151515151515151,GSE136831
control,T_Regulatory,LDLR,1,0.801972351967784,0.106060606060606,GSE136831
control,T_Regulatory,LGR5,1,0.0,0.0,GSE136831
control,T_Regulatory,LPP,1,4.461426193671123,0.4545454545454545,GSE136831
control,T_Regulatory,LRP1,1,0.1302795799786341,0.0151515151515151,GSE136831
control,T_Regulatory,LRP2,1,0.0690903563680581,0.0151515151515151,GSE136831
control,T_Regulatory,LRP5,1,0.1362546326575103,0.0151515151515151,GSE136831
control,T_Regulatory,LRP6,1,0.0,0.0,GSE136831
control,T_Regulatory,MCAM,1,0.221277187820077,0.0303030303030303,GSE136831
control,T_Regulatory,MUSK,1,0.0,0.0,GSE136831
control,T_Regulatory,NLRP3,1,0.0438158332895175,0.0151515151515151,GSE136831
control,T_Regulatory,NOTCH1,1,0.3157993285334536,0.0454545454545454,GSE136831
control,T_Regulatory,NRP1,1,0.2526341802297466,0.0454545454545454,GSE136831
control,T_Regulatory,NRP2,1,0.0,0.0,GSE136831
control,T_Regulatory,PRLR,1,0.0,0.0,GSE136831
control,T_Regulatory,PTK7,1,0.0819000819000819,0.0151515151515151,GSE136831
control,T_Regulatory,PTPRK,1,0.0,0.0,GSE136831
control,T_Regulatory,PYCARD,1,0.2109368472467656,0.0606060606060606,GSE136831
control,T_Regulatory,RECK,1,0.2061157233571026,0.0303030303030303,GSE136831
control,T_Regulatory,RET,1,0.0,0.0,GSE136831
control,T_Regulatory,ROR1,1,0.0374573922163539,0.0151515151515151,GSE136831
control,T_Regulatory,ROR2,1,0.0911095318792252,0.0151515151515151,GSE136831
control,T_Regulatory,RYK,1,0.4256861811492409,0.0606060606060606,GSE136831
control,T_Regulatory,SDC2,1,0.0,0.0,GSE136831
control,T_Regulatory,SDC4,1,0.1530224965384525,0.0454545454545454,GSE136831
control,T_Regulatory,SIGIRR,1,0.6638969099669001,0.1363636363636363,GSE136831
control,T_Regulatory,SIRPA,1,0.1122452241349167,0.0303030303030303,GSE136831
control,T_Regulatory,SMO,1,0.0,0.0,GSE136831
control,T_Regulatory,SPP1,1,0.0952925481227368,0.0151515151515151,GSE136831
control,T_Regulatory,TGFB1,1,1.691638347688908,0.1818181818181818,GSE136831
control,T_Regulatory,TGFBR1,1,0.1178723400945623,0.0303030303030303,GSE136831
control,T_Regulatory,TGFBR2,1,1.4306142126019177,0.2121212121212121,GSE136831
control,T_Regulatory,TGFBR3,1,1.052421110665012,0.106060606060606,GSE136831
control,T_Regulatory,TMED5,1,1.2474793735910208,0.2121212121212121,GSE136831
control,T_Regulatory,TNF,1,0.0761382670930409,0.0151515151515151,GSE136831
control,T_Regulatory,TYRO3,1,0.0,0.0,GSE136831
control,T_Regulatory,VANGL2,1,0.0,0.0,GSE136831
control,T_Regulatory,VASN,1,0.0,0.0,GSE136831
control,T_Regulatory,VEGFA,1,0.0,0.0,GSE136831
control,T_Regulatory,WNT1,1,0.0,0.0,GSE136831
control,T_Regulatory,WNT10A,1,0.0484228672148135,0.0151515151515151,GSE136831
control,T_Regulatory,WNT10B,1,0.0,0.0,GSE136831
control,T_Regulatory,WNT11,1,0.0,0.0,GSE136831
control,T_Regulatory,WNT16,1,0.0,0.0,GSE136831
control,T_Regulatory,WNT2,1,0.0,0.0,GSE136831
control,T_Regulatory,WNT2B,1,0.0,0.0,GSE136831
control,T_Regulatory,WNT3,1,0.0,0.0,GSE136831
control,T_Regulatory,WNT3A,1,0.0,0.0,GSE136831
control,T_Regulatory,WNT4,1,0.0,0.0,GSE136831
control,T_Regulatory,WNT5A,1,0.0,0.0,GSE136831
control,T_Regulatory,WNT5B,1,0.2907669124586612,0.0454545454545454,GSE136831
control,T_Regulatory,WNT6,1,0.0,0.0,GSE136831
control,T_Regulatory,WNT7A,1,0.0,0.0,GSE136831
control,T_Regulatory,WNT7B,1,0.0,0.0,GSE136831
control,T_Regulatory,WNT8A,1,0.0,0.0,GSE136831
control,T_Regulatory,WNT8B,1,0.0,0.0,GSE136831
control,T_Regulatory,WNT9A,1,0.0,0.0,GSE136831
control,T_Regulatory,WNT9B,1,0.0,0.0,GSE136831
control,T_Regulatory,XCR1,1,0.0,0.0,GSE136831
control,VE_Arterial,ACKR1,1,0.4582137190805705,0.0961538461538461,GSE136831
control,VE_Arterial,ACKR2,1,0.0047177021393835,0.0192307692307692,GSE136831
control,VE_Arterial,ACKR3,1,0.2782514138885971,0.0384615384615384,GSE136831
control,VE_Arterial,ACKR4,1,0.0,0.0,GSE136831
control,VE_Arterial,ACVR1,1,0.0969242710465669,0.0384615384615384,GSE136831
control,VE_Arterial,ACVR1B,1,0.7477228256679065,0.2115384615384615,GSE136831
control,VE_Arterial,ACVR1C,1,0.0,0.0,GSE136831
control,VE_Arterial,ACVRL1,1,1.3895773219559704,0.3653846153846153,GSE136831
control,VE_Arterial,ADGRA2,1,0.0,0.0,GSE136831
control,VE_Arterial,ADRA2A,1,0.0047177021393835,0.0192307692307692,GSE136831
control,VE_Arterial,ADRB2,1,0.2509451997233485,0.1153846153846153,GSE136831
control,VE_Arterial,ANTXR1,1,0.0,0.0,GSE136831
control,VE_Arterial,APCDD1,1,0.0,0.0,GSE136831
control,VE_Arterial,AREG,1,0.1890750351820642,0.0961538461538461,GSE136831
control,VE_Arterial,ATP6AP2,1,0.168718021904917,0.1153846153846153,GSE136831
control,VE_Arterial,AVPR1A,1,0.0,0.0,GSE136831
control,VE_Arterial,CASP1,1,0.1768258832565451,0.0961538461538461,GSE136831
control,VE_Arterial,CAV1,1,10.70428934966994,0.7884615384615384,GSE136831
control,VE_Arterial,CCL2,1,21.02019913964557,0.6538461538461539,GSE136831
control,VE_Arterial,CCR1,1,0.0,0.0,GSE136831
control,VE_Arterial,CCR10,1,0.0,0.0,GSE136831
control,VE_Arterial,CCR2,1,0.0,0.0,GSE136831
control,VE_Arterial,CCR3,1,0.0,0.0,GSE136831
control,VE_Arterial,CCR4,1,0.0,0.0,GSE136831
control,VE_Arterial,CCR5,1,0.0,0.0,GSE136831
control,VE_Arterial,CD36,1,0.0530197675663194,0.0576923076923076,GSE136831
control,VE_Arterial,CD4,1,0.0884694765202928,0.0576923076923076,GSE136831
control,VE_Arterial,CD44,1,0.6348186193006825,0.1923076923076923,GSE136831
control,VE_Arterial,CD82,1,0.7119484720397318,0.2307692307692307,GSE136831
control,VE_Arterial,CD9,1,2.466437331229961,0.5192307692307693,GSE136831
control,VE_Arterial,CSF1,1,0.1274522900936025,0.0769230769230769,GSE136831
control,VE_Arterial,CSF1R,1,0.0389593798129908,0.0384615384615384,GSE136831
control,VE_Arterial,CXCL1,1,8.29621686449213,0.4615384615384615,GSE136831
control,VE_Arterial,CXCL12,1,0.8809285602698268,0.25,GSE136831
control,VE_Arterial,CXCL2,1,35.41526697055324,0.8846153846153846,GSE136831
control,VE_Arterial,CXCR1,1,0.0,0.0,GSE136831
control,VE_Arterial,CXCR2,1,0.0,0.0,GSE136831
control,VE_Arterial,CXCR3,1,0.0,0.0,GSE136831
control,VE_Arterial,CXCR4,1,0.0047177021393835,0.0192307692307692,GSE136831
control,VE_Arterial,DPP4,1,0.1720104582358607,0.0192307692307692,GSE136831
control,VE_Arterial,EGFR,1,0.6686446749899155,0.2115384615384615,GSE136831
control,VE_Arterial,ENG,1,4.3695106595436055,0.6346153846153846,GSE136831
control,VE_Arterial,EPHA7,1,0.0455047576008636,0.0384615384615384,GSE136831
control,VE_Arterial,EPHB2,1,0.0,0.0,GSE136831
control,VE_Arterial,ERBB2,1,0.1614546061366839,0.0576923076923076,GSE136831
control,VE_Arterial,ERBB3,1,0.0,0.0,GSE136831
control,VE_Arterial,ERBB4,1,0.1836394069891468,0.0769230769230769,GSE136831
control,VE_Arterial,FGF10,1,0.0,0.0,GSE136831
control,VE_Arterial,FGF7,1,0.0,0.0,GSE136831
control,VE_Arterial,FGFR1,1,0.4356256701653457,0.1923076923076923,GSE136831
control,VE_Arterial,FGFR2,1,0.0125167724751166,0.0192307692307692,GSE136831
control,VE_Arterial,FGFR3,1,0.084249056305782,0.0384615384615384,GSE136831
control,VE_Arterial,FGFR4,1,0.0,0.0,GSE136831
control,VE_Arterial,FGFRL1,1,0.0375747737998617,0.0192307692307692,GSE136831
control,VE_Arterial,FLT1,1,5.570676499376495,0.6538461538461539,GSE136831
control,VE_Arterial,FZD1,1,0.0160216356167368,0.0192307692307692,GSE136831
control,VE_Arterial,FZD10,1,0.0,0.0,GSE136831
control,VE_Arterial,FZD2,1,0.0,0.0,GSE136831
control,VE_Arterial,FZD3,1,0.0096443175680888,0.0192307692307692,GSE136831
control,VE_Arterial,FZD4,1,0.2364636537440668,0.1346153846153846,GSE136831
control,VE_Arterial,FZD5,1,0.0368334978562904,0.0192307692307692,GSE136831
control,VE_Arterial,FZD6,1,0.1690089145976322,0.0961538461538461,GSE136831
control,VE_Arterial,FZD7,1,0.0,0.0,GSE136831
control,VE_Arterial,FZD8,1,0.0810740692696847,0.0192307692307692,GSE136831
control,VE_Arterial,FZD9,1,0.0,0.0,GSE136831
control,VE_Arterial,GPC1,1,0.0047177021393835,0.0192307692307692,GSE136831
control,VE_Arterial,GRIN2B,1,0.1772885603050842,0.0576923076923076,GSE136831
control,VE_Arterial,GRM7,1,0.2328345583992643,0.0769230769230769,GSE136831
control,VE_Arterial,GSDMD,1,0.3596594951365996,0.173076923076923,GSE136831
control,VE_Arterial,HBEGF,1,2.9125387409789267,0.6730769230769231,GSE136831
control,VE_Arterial,IL1A,1,0.0,0.0,GSE136831
control,VE_Arterial,IL1B,1,0.0,0.0,GSE136831
control,VE_Arterial,IL1R1,1,2.9357393639574987,0.5384615384615384,GSE136831
control,VE_Arterial,IL1R2,1,0.0881471469706763,0.0192307692307692,GSE136831
control,VE_Arterial,IL1RAP,1,0.7252787939923225,0.2692307692307692,GSE136831
control,VE_Arterial,IL1RN,1,0.0,0.0,GSE136831
control,VE_Arterial,IL6,1,12.6435434181303,0.6923076923076923,GSE136831
control,VE_Arterial,ITGA4,1,0.0,0.0,GSE136831
control,VE_Arterial,ITGA5,1,1.865501989664476,0.4230769230769231,GSE136831
control,VE_Arterial,ITGA9,1,0.4845601637020787,0.1153846153846153,GSE136831
control,VE_Arterial,ITGAV,1,3.0840368737406987,0.6730769230769231,GSE136831
control,VE_Arterial,ITGB1,1,2.208342293948303,0.5384615384615384,GSE136831
control,VE_Arterial,ITGB3,1,0.1345937873348185,0.0576923076923076,GSE136831
control,VE_Arterial,ITGB5,1,0.2478503023935447,0.1153846153846153,GSE136831
control,VE_Arterial,ITGB6,1,0.04729190898191,0.0384615384615384,GSE136831
control,VE_Arterial,ITGB8,1,0.0447539428223626,0.0192307692307692,GSE136831
control,VE_Arterial,KDR,1,0.3813466921620442,0.0576923076923076,GSE136831
control,VE_Arterial,KLRG2,1,0.0349269328564642,0.0192307692307692,GSE136831
control,VE_Arterial,LDLR,1,2.649207877764677,0.6346153846153846,GSE136831
control,VE_Arterial,LGR5,1,0.0,0.0,GSE136831
control,VE_Arterial,LPP,1,3.8747148998208,0.6346153846153846,GSE136831
control,VE_Arterial,LRP1,1,0.0293823823235587,0.0192307692307692,GSE136831
control,VE_Arterial,LRP2,1,0.0,0.0,GSE136831
control,VE_Arterial,LRP5,1,0.2346195476453246,0.1346153846153846,GSE136831
control,VE_Arterial,LRP6,1,0.0047177021393835,0.0192307692307692,GSE136831
control,VE_Arterial,MCAM,1,1.07163177973498,0.2692307692307692,GSE136831
control,VE_Arterial,MUSK,1,0.0366649556354036,0.0192307692307692,GSE136831
control,VE_Arterial,NLRP3,1,0.0,0.0,GSE136831
control,VE_Arterial,NOTCH1,1,0.4480276328210812,0.1538461538461538,GSE136831
control,VE_Arterial,NRP1,1,1.8560061965600092,0.4230769230769231,GSE136831
control,VE_Arterial,NRP2,1,0.0,0.0,GSE136831
control,VE_Arterial,PRLR,1,0.0,0.0,GSE136831
control,VE_Arterial,PTK7,1,0.0921261063403882,0.0384615384615384,GSE136831
control,VE_Arterial,PTPRK,1,3.2429722843722115,0.4807692307692308,GSE136831
control,VE_Arterial,PYCARD,1,0.19642693722065,0.0961538461538461,GSE136831
control,VE_Arterial,RECK,1,0.2211132542936553,0.0961538461538461,GSE136831
control,VE_Arterial,RET,1,0.0,0.0,GSE136831
control,VE_Arterial,ROR1,1,0.0528027710894267,0.0192307692307692,GSE136831
control,VE_Arterial,ROR2,1,0.2048280918865142,0.1153846153846153,GSE136831
control,VE_Arterial,RYK,1,0.2281209698439484,0.1153846153846153,GSE136831
control,VE_Arterial,SDC2,1,0.1595592674693562,0.0384615384615384,GSE136831
control,VE_Arterial,SDC4,1,0.2125449804274372,0.0961538461538461,GSE136831
control,VE_Arterial,SIGIRR,1,0.671008681287734,0.25,GSE136831
control,VE_Arterial,SIRPA,1,0.463819234869352,0.1153846153846153,GSE136831
control,VE_Arterial,SMO,1,0.0,0.0,GSE136831
control,VE_Arterial,SPP1,1,0.0,0.0,GSE136831
control,VE_Arterial,TGFB1,1,2.043267170589751,0.4615384615384615,GSE136831
control,VE_Arterial,TGFBR1,1,0.2655480801239966,0.0961538461538461,GSE136831
control,VE_Arterial,TGFBR2,1,2.1031814080777265,0.5576923076923077,GSE136831
control,VE_Arterial,TGFBR3,1,0.5348782395909423,0.1538461538461538,GSE136831
control,VE_Arterial,TMED5,1,0.7532365024964058,0.2884615384615384,GSE136831
control,VE_Arterial,TNF,1,0.0,0.0,GSE136831
control,VE_Arterial,TYRO3,1,0.0,0.0,GSE136831
control,VE_Arterial,VANGL2,1,0.1794256399356029,0.0576923076923076,GSE136831
control,VE_Arterial,VASN,1,0.0,0.0,GSE136831
control,VE_Arterial,VEGFA,1,0.818256275705578,0.3269230769230769,GSE136831
control,VE_Arterial,WNT1,1,0.0,0.0,GSE136831
control,VE_Arterial,WNT10A,1,0.0,0.0,GSE136831
control,VE_Arterial,WNT10B,1,0.0,0.0,GSE136831
control,VE_Arterial,WNT11,1,0.0,0.0,GSE136831
control,VE_Arterial,WNT16,1,0.0,0.0,GSE136831
control,VE_Arterial,WNT2,1,0.0,0.0,GSE136831
control,VE_Arterial,WNT2B,1,1.5204359349617924,0.25,GSE136831
control,VE_Arterial,WNT3,1,0.097707351847579,0.0576923076923076,GSE136831
control,VE_Arterial,WNT3A,1,0.0,0.0,GSE136831
control,VE_Arterial,WNT4,1,0.0,0.0,GSE136831
control,VE_Arterial,WNT5A,1,0.0,0.0,GSE136831
control,VE_Arterial,WNT5B,1,0.2320275778955816,0.0769230769230769,GSE136831
control,VE_Arterial,WNT6,1,0.0,0.0,GSE136831
control,VE_Arterial,WNT7A,1,0.0,0.0,GSE136831
control,VE_Arterial,WNT7B,1,0.0,0.0,GSE136831
control,VE_Arterial,WNT8A,1,0.0,0.0,GSE136831
control,VE_Arterial,WNT8B,1,0.0,0.0,GSE136831
control,VE_Arterial,WNT9A,1,0.0047177021393835,0.0192307692307692,GSE136831
control,VE_Arterial,WNT9B,1,0.0161223752773048,0.0192307692307692,GSE136831
control,VE_Arterial,XCR1,1,0.0,0.0,GSE136831
control,VE_Capillary_A,ACKR1,1,0.0778743419618104,0.0172413793103448,GSE136831
control,VE_Capillary_A,ACKR2,1,0.0,0.0,GSE136831
control,VE_Capillary_A,ACKR3,1,0.0,0.0,GSE136831
control,VE_Capillary_A,ACKR4,1,0.0733051841426225,0.0172413793103448,GSE136831
control,VE_Capillary_A,ACVR1,1,0.3910439393555075,0.0344827586206896,GSE136831
control,VE_Capillary_A,ACVR1B,1,0.0,0.0,GSE136831
control,VE_Capillary_A,ACVR1C,1,0.0,0.0,GSE136831
control,VE_Capillary_A,ACVRL1,1,1.6630540080275082,0.2586206896551724,GSE136831
control,VE_Capillary_A,ADGRA2,1,0.0778743419618104,0.0172413793103448,GSE136831
control,VE_Capillary_A,ADRA2A,1,0.0,0.0,GSE136831
control,VE_Capillary_A,ADRB2,1,0.4027165299139422,0.0862068965517241,GSE136831
control,VE_Capillary_A,ANTXR1,1,0.2745442565341532,0.0172413793103448,GSE136831
control,VE_Capillary_A,APCDD1,1,0.0280941491125058,0.0172413793103448,GSE136831
control,VE_Capillary_A,AREG,1,0.4494366480408837,0.0862068965517241,GSE136831
control,VE_Capillary_A,ATP6AP2,1,1.2548403016843397,0.1724137931034483,GSE136831
control,VE_Capillary_A,AVPR1A,1,0.0,0.0,GSE136831
control,VE_Capillary_A,CASP1,1,0.4123593255477602,0.0689655172413793,GSE136831
control,VE_Capillary_A,CAV1,1,6.854220701082803,0.5862068965517241,GSE136831
control,VE_Capillary_A,CCL2,1,0.294221489937625,0.0172413793103448,GSE136831
control,VE_Capillary_A,CCR1,1,0.0,0.0,GSE136831
control,VE_Capillary_A,CCR10,1,0.0,0.0,GSE136831
control,VE_Capillary_A,CCR2,1,0.0,0.0,GSE136831
control,VE_Capillary_A,CCR3,1,0.0,0.0,GSE136831
control,VE_Capillary_A,CCR4,1,0.0,0.0,GSE136831
control,VE_Capillary_A,CCR5,1,0.0,0.0,GSE136831
control,VE_Capillary_A,CD36,1,0.4306672213193053,0.0517241379310344,GSE136831
control,VE_Capillary_A,CD4,1,0.0,0.0,GSE136831
control,VE_Capillary_A,CD44,1,0.0,0.0,GSE136831
control,VE_Capillary_A,CD82,1,1.5779080606083542,0.1896551724137931,GSE136831
control,VE_Capillary_A,CD9,1,3.057654969825593,0.4655172413793103,GSE136831
control,VE_Capillary_A,CSF1,1,0.2996729120883372,0.0517241379310344,GSE136831
control,VE_Capillary_A,CSF1R,1,0.0,0.0,GSE136831
control,VE_Capillary_A,CXCL1,1,0.0,0.0,GSE136831
control,VE_Capillary_A,CXCL12,1,0.0280941491125058,0.0172413793103448,GSE136831
control,VE_Capillary_A,CXCL2,1,0.3372867249390512,0.0344827586206896,GSE136831
control,VE_Capillary_A,CXCR1,1,0.0,0.0,GSE136831
control,VE_Capillary_A,CXCR2,1,0.0,0.0,GSE136831
control,VE_Capillary_A,CXCR3,1,0.0,0.0,GSE136831
control,VE_Capillary_A,CXCR4,1,0.3522537636055442,0.0517241379310344,GSE136831
control,VE_Capillary_A,DPP4,1,0.0,0.0,GSE136831
control,VE_Capillary_A,EGFR,1,0.5943546230210589,0.0862068965517241,GSE136831
control,VE_Capillary_A,ENG,1,3.2529377688977354,0.3620689655172414,GSE136831
control,VE_Capillary_A,EPHA7,1,0.0,0.0,GSE136831
control,VE_Capillary_A,EPHB2,1,0.0,0.0,GSE136831
control,VE_Capillary_A,ERBB2,1,0.0,0.0,GSE136831
control,VE_Capillary_A,ERBB3,1,0.0,0.0,GSE136831
control,VE_Capillary_A,ERBB4,1,0.0,0.0,GSE136831
control,VE_Capillary_A,FGF10,1,0.0624461402040739,0.0172413793103448,GSE136831
control,VE_Capillary_A,FGF7,1,0.0735553724844062,0.0172413793103448,GSE136831
control,VE_Capillary_A,FGFR1,1,0.2373869699167257,0.0517241379310344,GSE136831
control,VE_Capillary_A,FGFR2,1,0.0,0.0,GSE136831
control,VE_Capillary_A,FGFR3,1,0.0,0.0,GSE136831
control,VE_Capillary_A,FGFR4,1,0.0,0.0,GSE136831
control,VE_Capillary_A,FGFRL1,1,0.0916120048371138,0.0172413793103448,GSE136831
control,VE_Capillary_A,FLT1,1,3.692230311952384,0.4137931034482758,GSE136831
control,VE_Capillary_A,FZD1,1,0.0,0.0,GSE136831
control,VE_Capillary_A,FZD10,1,0.1261256716192013,0.0172413793103448,GSE136831
control,VE_Capillary_A,FZD2,1,0.0,0.0,GSE136831
control,VE_Capillary_A,FZD3,1,0.1306165099268547,0.0172413793103448,GSE136831
control,VE_Capillary_A,FZD4,1,1.381420615595096,0.1896551724137931,GSE136831
control,VE_Capillary_A,FZD5,1,0.0735553724844062,0.0172413793103448,GSE136831
control,VE_Capillary_A,FZD6,1,0.1950268753320061,0.0344827586206896,GSE136831
control,VE_Capillary_A,FZD7,1,0.0,0.0,GSE136831
control,VE_Capillary_A,FZD8,1,0.1433198612663743,0.0172413793103448,GSE136831
control,VE_Capillary_A,FZD9,1,0.0,0.0,GSE136831
control,VE_Capillary_A,GPC1,1,0.0,0.0,GSE136831
control,VE_Capillary_A,GRIN2B,1,0.0,0.0,GSE136831
control,VE_Capillary_A,GRM7,1,0.0,0.0,GSE136831
control,VE_Capillary_A,GSDMD,1,1.403532944347232,0.2241379310344827,GSE136831
control,VE_Capillary_A,HBEGF,1,0.1895644381853075,0.0344827586206896,GSE136831
control,VE_Capillary_A,IL1A,1,0.0,0.0,GSE136831
control,VE_Capillary_A,IL1B,1,0.0,0.0,GSE136831
control,VE_Capillary_A,IL1R1,1,0.7044838819082849,0.1206896551724138,GSE136831
control,VE_Capillary_A,IL1R2,1,0.1078934875490915,0.0172413793103448,GSE136831
control,VE_Capillary_A,IL1RAP,1,0.4880263710635252,0.0689655172413793,GSE136831
control,VE_Capillary_A,IL1RN,1,0.0,0.0,GSE136831
control,VE_Capillary_A,IL6,1,0.0,0.0,GSE136831
control,VE_Capillary_A,ITGA4,1,0.7557653867809865,0.1379310344827586,GSE136831
control,VE_Capillary_A,ITGA5,1,0.8103090850520448,0.1034482758620689,GSE136831
control,VE_Capillary_A,ITGA9,1,0.0,0.0,GSE136831
control,VE_Capillary_A,ITGAV,1,0.8526049737761778,0.0862068965517241,GSE136831
control,VE_Capillary_A,ITGB1,1,1.8746452743411188,0.2413793103448276,GSE136831
control,VE_Capillary_A,ITGB3,1,0.0,0.0,GSE136831
control,VE_Capillary_A,ITGB5,1,0.7342465323919051,0.1034482758620689,GSE136831
control,VE_Capillary_A,ITGB6,1,0.1398327600190172,0.0172413793103448,GSE136831
control,VE_Capillary_A,ITGB8,1,0.0861207757759481,0.0172413793103448,GSE136831
control,VE_Capillary_A,KDR,1,1.4599652689733582,0.1896551724137931,GSE136831
control,VE_Capillary_A,KLRG2,1,0.1384849743802797,0.0172413793103448,GSE136831
control,VE_Capillary_A,LDLR,1,0.5494169593873648,0.0689655172413793,GSE136831
control,VE_Capillary_A,LGR5,1,0.1673920321392701,0.0172413793103448,GSE136831
control,VE_Capillary_A,LPP,1,1.5048152289369174,0.2413793103448276,GSE136831
control,VE_Capillary_A,LRP1,1,0.0,0.0,GSE136831
control,VE_Capillary_A,LRP2,1,0.0,0.0,GSE136831
control,VE_Capillary_A,LRP5,1,0.0960522524253193,0.0172413793103448,GSE136831
control,VE_Capillary_A,LRP6,1,0.0,0.0,GSE136831
control,VE_Capillary_A,MCAM,1,0.2739516867084025,0.0344827586206896,GSE136831
control,VE_Capillary_A,MUSK,1,0.0,0.0,GSE136831
control,VE_Capillary_A,NLRP3,1,0.0,0.0,GSE136831
control,VE_Capillary_A,NOTCH1,1,0.3969637346510021,0.0862068965517241,GSE136831
control,VE_Capillary_A,NRP1,1,6.690595112134879,0.5689655172413793,GSE136831
control,VE_Capillary_A,NRP2,1,0.0824946378485398,0.0172413793103448,GSE136831
control,VE_Capillary_A,PRLR,1,0.0,0.0,GSE136831
control,VE_Capillary_A,PTK7,1,0.0,0.0,GSE136831
control,VE_Capillary_A,PTPRK,1,1.2033369708316617,0.1551724137931034,GSE136831
control,VE_Capillary_A,PYCARD,1,0.3357147439923819,0.0517241379310344,GSE136831
control,VE_Capillary_A,RECK,1,0.270449269945872,0.0344827586206896,GSE136831
control,VE_Capillary_A,RET,1,0.0,0.0,GSE136831
control,VE_Capillary_A,ROR1,1,0.2461588030617614,0.0344827586206896,GSE136831
control,VE_Capillary_A,ROR2,1,0.1282840722495895,0.0172413793103448,GSE136831
control,VE_Capillary_A,RYK,1,0.5222234986828194,0.0862068965517241,GSE136831
control,VE_Capillary_A,SDC2,1,0.5110393206628424,0.0689655172413793,GSE136831
control,VE_Capillary_A,SDC4,1,0.2975216446996518,0.0172413793103448,GSE136831
control,VE_Capillary_A,SIGIRR,1,1.0782170502966422,0.1896551724137931,GSE136831
control,VE_Capillary_A,SIRPA,1,0.932487091013581,0.1034482758620689,GSE136831
control,VE_Capillary_A,SMO,1,0.0,0.0,GSE136831
control,VE_Capillary_A,SPP1,1,0.1260334744908247,0.0172413793103448,GSE136831
control,VE_Capillary_A,TGFB1,1,0.846856377349565,0.1379310344827586,GSE136831
control,VE_Capillary_A,TGFBR1,1,0.5554054201053342,0.0862068965517241,GSE136831
control,VE_Capillary_A,TGFBR2,1,1.1200511203233878,0.1896551724137931,GSE136831
control,VE_Capillary_A,TGFBR3,1,7.789153383558417,0.6379310344827587,GSE136831
control,VE_Capillary_A,TMED5,1,0.7546964662724123,0.0862068965517241,GSE136831
control,VE_Capillary_A,TNF,1,0.0,0.0,GSE136831
control,VE_Capillary_A,TYRO3,1,0.2750387809652944,0.0517241379310344,GSE136831
control,VE_Capillary_A,VANGL2,1,0.1306165099268547,0.0172413793103448,GSE136831
control,VE_Capillary_A,VASN,1,0.1713854802221155,0.0172413793103448,GSE136831
control,VE_Capillary_A,VEGFA,1,0.0749299405056272,0.0172413793103448,GSE136831
control,VE_Capillary_A,WNT1,1,0.0,0.0,GSE136831
control,VE_Capillary_A,WNT10A,1,0.0,0.0,GSE136831
control,VE_Capillary_A,WNT10B,1,0.0,0.0,GSE136831
control,VE_Capillary_A,WNT11,1,0.0,0.0,GSE136831
control,VE_Capillary_A,WNT16,1,0.0,0.0,GSE136831
control,VE_Capillary_A,WNT2,1,0.0280941491125058,0.0172413793103448,GSE136831
control,VE_Capillary_A,WNT2B,1,0.828595247190818,0.1551724137931034,GSE136831
control,VE_Capillary_A,WNT3,1,0.0,0.0,GSE136831
control,VE_Capillary_A,WNT3A,1,0.0,0.0,GSE136831
control,VE_Capillary_A,WNT4,1,0.0,0.0,GSE136831
control,VE_Capillary_A,WNT5A,1,0.0,0.0,GSE136831
control,VE_Capillary_A,WNT5B,1,0.1655852121934055,0.0344827586206896,GSE136831
control,VE_Capillary_A,WNT6,1,0.0,0.0,GSE136831
control,VE_Capillary_A,WNT7A,1,0.0,0.0,GSE136831
control,VE_Capillary_A,WNT7B,1,0.0,0.0,GSE136831
control,VE_Capillary_A,WNT8A,1,0.0,0.0,GSE136831
control,VE_Capillary_A,WNT8B,1,0.0,0.0,GSE136831
control,VE_Capillary_A,WNT9A,1,0.0,0.0,GSE136831
control,VE_Capillary_A,WNT9B,1,0.0,0.0,GSE136831
control,VE_Capillary_A,XCR1,1,0.0,0.0,GSE136831
control,VE_Capillary_B,ACKR1,2,1.0589869867618824,0.0782674772036474,GSE136831
control,VE_Capillary_B,ACKR2,2,0.0397355203763748,0.00595238095238095,GSE136831
control,VE_Capillary_B,ACKR3,2,0.0,0.0,GSE136831
control,VE_Capillary_B,ACKR4,2,0.02660876599186835,0.00595238095238095,GSE136831
control,VE_Capillary_B,ACVR1,2,0.24485930246533533,0.056864235055724396,GSE136831
control,VE_Capillary_B,ACVR1B,2,0.415958065712567,0.0782674772036474,GSE136831
control,VE_Capillary_B,ACVR1C,2,0.0296580973685027,0.00709219858156025,GSE136831
control,VE_Capillary_B,ACVRL1,2,2.0702592361316965,0.36284194528875374,GSE136831
control,VE_Capillary_B,ADGRA2,2,0.0,0.0,GSE136831
control,VE_Capillary_B,ADRA2A,2,0.0,0.0,GSE136831
control,VE_Capillary_B,ADRB2,2,0.2142638641952388,0.0521783181357649,GSE136831
control,VE_Capillary_B,ANTXR1,2,0.3825149384442917,0.060536980749746644,GSE136831
control,VE_Capillary_B,APCDD1,2,0.0206648858301675,0.00709219858156025,GSE136831
control,VE_Capillary_B,AREG,2,0.49409564632816205,0.10195035460992904,GSE136831
control,VE_Capillary_B,ATP6AP2,2,0.5234482994060945,0.13513171225937182,GSE136831
control,VE_Capillary_B,AVPR1A,2,0.0,0.0,GSE136831
control,VE_Capillary_B,CASP1,2,0.07353937386734435,0.0177304964539007,GSE136831
control,VE_Capillary_B,CAV1,2,5.346755006059858,0.5415400202634245,GSE136831
control,VE_Capillary_B,CCL2,2,0.35929630038490645,0.0510385005065856,GSE136831
control,VE_Capillary_B,CCR1,2,0.0,0.0,GSE136831
control,VE_Capillary_B,CCR10,2,0.01200033600940825,0.0035460992907801,GSE136831
control,VE_Capillary_B,CCR2,2,0.0,0.0,GSE136831
control,VE_Capillary_B,CCR3,2,0.0069928994099391,0.0035460992907801,GSE136831
control,VE_Capillary_B,CCR4,2,0.0,0.0,GSE136831
control,VE_Capillary_B,CCR5,2,0.0,0.0,GSE136831
control,VE_Capillary_B,CD36,2,9.173103543049764,0.5234295845997974,GSE136831
control,VE_Capillary_B,CD4,2,0.06680805250846825,0.020136778115501498,GSE136831
control,VE_Capillary_B,CD44,2,0.3451546127581187,0.08890577507598779,GSE136831
control,VE_Capillary_B,CD82,2,0.6198035097154373,0.1268996960486322,GSE136831
control,VE_Capillary_B,CD9,2,1.5053664612284454,0.2643110435663627,GSE136831
control,VE_Capillary_B,CSF1,2,0.22077546597583642,0.06281661600810534,GSE136831
control,VE_Capillary_B,CSF1R,2,0.05233553069804475,0.013044579533941201,GSE136831
control,VE_Capillary_B,CXCL1,2,0.0946660511341656,0.023682877406281652,GSE136831
control,VE_Capillary_B,CXCL12,2,0.22729268687171772,0.047365754812563304,GSE136831
control,VE_Capillary_B,CXCL2,2,0.29792422345722713,0.0592705167173252,GSE136831
control,VE_Capillary_B,CXCR1,2,0.0,0.0,GSE136831
control,VE_Capillary_B,CXCR2,2,0.0,0.0,GSE136831
control,VE_Capillary_B,CXCR3,2,0.0,0.0,GSE136831
control,VE_Capillary_B,CXCR4,2,0.04505049130265035,0.01899696048632215,GSE136831
control,VE_Capillary_B,DPP4,2,0.0152938873391083,0.00595238095238095,GSE136831
control,VE_Capillary_B,EGFR,2,1.5766450045435914,0.26203140830800403,GSE136831
control,VE_Capillary_B,ENG,2,7.137617328607682,0.6595744680851063,GSE136831
control,VE_Capillary_B,EPHA7,2,0.0686503543264039,0.0177304964539007,GSE136831
control,VE_Capillary_B,EPHB2,2,0.10457770293341564,0.01899696048632215,GSE136831
control,VE_Capillary_B,ERBB2,2,0.053609555757835645,0.013044579533941201,GSE136831
control,VE_Capillary_B,ERBB3,2,0.0,0.0,GSE136831
control,VE_Capillary_B,ERBB4,2,0.12246218280004001,0.023682877406281652,GSE136831
control,VE_Capillary_B,FGF10,2,0.0,0.0,GSE136831
control,VE_Capillary_B,FGF7,2,0.0,0.0,GSE136831
control,VE_Capillary_B,FGFR1,2,2.665262185738732,0.28774062816616003,GSE136831
control,VE_Capillary_B,FGFR2,2,0.0,0.0,GSE136831
control,VE_Capillary_B,FGFR3,2,0.14489008800724348,0.021403242147922948,GSE136831
control,VE_Capillary_B,FGFR4,2,0.00784882534479885,0.0035460992907801,GSE136831
control,VE_Capillary_B,FGFRL1,2,0.00318235599998215,0.0035460992907801,GSE136831
control,VE_Capillary_B,FLT1,2,5.47985327203385,0.5198834853090172,GSE136831
control,VE_Capillary_B,FZD1,2,0.00286021881818045,0.0035460992907801,GSE136831
control,VE_Capillary_B,FZD10,2,0.0,0.0,GSE136831
control,VE_Capillary_B,FZD2,2,0.0,0.0,GSE136831
control,VE_Capillary_B,FZD3,2,0.01433346520121315,0.0035460992907801,GSE136831
control,VE_Capillary_B,FZD4,2,1.0845494897467627,0.20896656534954405,GSE136831
control,VE_Capillary_B,FZD5,2,0.0135865873209967,0.0035460992907801,GSE136831
control,VE_Capillary_B,FZD6,2,0.5532644338344943,0.1066362715298885,GSE136831
control,VE_Capillary_B,FZD7,2,0.0,0.0,GSE136831
control,VE_Capillary_B,FZD8,2,0.02557668505596985,0.0106382978723404,GSE136831
control,VE_Capillary_B,FZD9,2,0.0,0.0,GSE136831
control,VE_Capillary_B,GPC1,2,0.0,0.0,GSE136831
control,VE_Capillary_B,GRIN2B,2,0.07320854735555274,0.020136778115501498,GSE136831
control,VE_Capillary_B,GRM7,2,0.0794471678005768,0.02608915906788245,GSE136831
control,VE_Capillary_B,GSDMD,2,0.6919009056008337,0.17907801418439712,GSE136831
control,VE_Capillary_B,HBEGF,2,0.24933594359259414,0.047492401215805446,GSE136831
control,VE_Capillary_B,IL1A,2,0.0,0.0,GSE136831
control,VE_Capillary_B,IL1B,2,0.0,0.0,GSE136831
control,VE_Capillary_B,IL1R1,2,1.8807503811359014,0.2879939209726443,GSE136831
control,VE_Capillary_B,IL1R2,2,0.12381009908114031,0.03432117527862205,GSE136831
control,VE_Capillary_B,IL1RAP,2,0.6077894935239674,0.12208713272543055,GSE136831
control,VE_Capillary_B,IL1RN,2,0.0,0.0,GSE136831
control,VE_Capillary_B,IL6,2,0.8750234553097,0.08080040526849035,GSE136831
control,VE_Capillary_B,ITGA4,2,0.13835388070212484,0.02849544072948325,GSE136831
control,VE_Capillary_B,ITGA5,2,0.6270955548024149,0.14121073961499492,GSE136831
control,VE_Capillary_B,ITGA9,2,0.097664693919038,0.023682877406281652,GSE136831
control,VE_Capillary_B,ITGAV,2,3.070628142340591,0.4313576494427558,GSE136831
control,VE_Capillary_B,ITGB1,2,2.3372698634528213,0.4137537993920972,GSE136831
control,VE_Capillary_B,ITGB3,2,0.02645851511518435,0.00709219858156025,GSE136831
control,VE_Capillary_B,ITGB5,2,0.5934467787166666,0.10790273556231,GSE136831
control,VE_Capillary_B,ITGB6,2,0.09110584100313635,0.0283687943262411,GSE136831
control,VE_Capillary_B,ITGB8,2,0.0171117980538945,0.00709219858156025,GSE136831
control,VE_Capillary_B,KDR,2,0.691838511664479,0.16831306990881456,GSE136831
control,VE_Capillary_B,KLRG2,2,0.00943111513505355,0.0035460992907801,GSE136831
control,VE_Capillary_B,LDLR,2,2.626228149417922,0.32712765957446804,GSE136831
control,VE_Capillary_B,LGR5,2,0.009261162942753,0.0035460992907801,GSE136831
control,VE_Capillary_B,LPP,2,4.264548720514055,0.5049392097264438,GSE136831
control,VE_Capillary_B,LRP1,2,0.01200033600940825,0.0035460992907801,GSE136831
control,VE_Capillary_B,LRP2,2,0.0794966689826888,0.013044579533941201,GSE136831
control,VE_Capillary_B,LRP5,2,0.30643067943232344,0.06522289766970615,GSE136831
control,VE_Capillary_B,LRP6,2,0.4179600065893307,0.09726443768996956,GSE136831
control,VE_Capillary_B,MCAM,2,0.31340087962418584,0.08194022289766964,GSE136831
control,VE_Capillary_B,MUSK,2,0.0074576220626291,0.0035460992907801,GSE136831
control,VE_Capillary_B,NLRP3,2,0.0500415205743705,0.01659067882472135,GSE136831
control,VE_Capillary_B,NOTCH1,2,0.6041058662015912,0.1341185410334346,GSE136831
control,VE_Capillary_B,NRP1,2,4.413754589477173,0.5113981762917934,GSE136831
control,VE_Capillary_B,NRP2,2,0.2346718048278614,0.03330800405268485,GSE136831
control,VE_Capillary_B,PRLR,2,0.02443442558575855,0.00709219858156025,GSE136831
control,VE_Capillary_B,PTK7,2,0.0276599455938403,0.0106382978723404,GSE136831
control,VE_Capillary_B,PTPRK,2,5.4506393379056775,0.5497720364741642,GSE136831
control,VE_Capillary_B,PYCARD,2,0.3118211127259748,0.07003546099290775,GSE136831
control,VE_Capillary_B,RECK,2,0.28095837335250595,0.06281661600810534,GSE136831
control,VE_Capillary_B,RET,2,0.0,0.0,GSE136831
control,VE_Capillary_B,ROR1,2,0.030577590426540104,0.00949848024316105,GSE136831
control,VE_Capillary_B,ROR2,2,0.0936247800353643,0.023682877406281652,GSE136831
control,VE_Capillary_B,RYK,2,0.7006588926286972,0.1694528875379939,GSE136831
control,VE_Capillary_B,SDC2,2,0.08605121326377009,0.023682877406281652,GSE136831
control,VE_Capillary_B,SDC4,2,0.0357606144456813,0.015450861195542,GSE136831
control,VE_Capillary_B,SIGIRR,2,0.3028449686321596,0.0794072948328267,GSE136831
control,VE_Capillary_B,SIRPA,2,0.028786441515343302,0.013044579533941201,GSE136831
control,VE_Capillary_B,SMO,2,0.009261162942753,0.0035460992907801,GSE136831
control,VE_Capillary_B,SPP1,2,0.0,0.0,GSE136831
control,VE_Capillary_B,TGFB1,2,0.6425870517050289,0.1303191489361702,GSE136831
control,VE_Capillary_B,TGFBR1,2,0.9026984394364032,0.12816616008105364,GSE136831
control,VE_Capillary_B,TGFBR2,2,6.600504205710943,0.589918946301925,GSE136831
control,VE_Capillary_B,TGFBR3,2,8.082767907484836,0.5411600810536981,GSE136831
control,VE_Capillary_B,TMED5,2,0.3608755111193681,0.10068389057750755,GSE136831
control,VE_Capillary_B,TNF,2,0.0286723552619506,0.00595238095238095,GSE136831
control,VE_Capillary_B,TYRO3,2,0.16303365660280655,0.055597771023302905,GSE136831
control,VE_Capillary_B,VANGL2,2,0.1537564158646476,0.040273556231002997,GSE136831
control,VE_Capillary_B,VASN,2,0.1071451768944873,0.015450861195542,GSE136831
control,VE_Capillary_B,VEGFA,2,0.11249837373735645,0.0225430597771023,GSE136831
control,VE_Capillary_B,WNT1,2,0.0,0.0,GSE136831
control,VE_Capillary_B,WNT10A,2,0.0,0.0,GSE136831
control,VE_Capillary_B,WNT10B,2,0.0,0.0,GSE136831
control,VE_Capillary_B,WNT11,2,0.0,0.0,GSE136831
control,VE_Capillary_B,WNT16,2,0.0,0.0,GSE136831
control,VE_Capillary_B,WNT2,2,0.00280138410786,0.00595238095238095,GSE136831
control,VE_Capillary_B,WNT2B,2,4.234094916354394,0.5535714285714285,GSE136831
control,VE_Capillary_B,WNT3,2,0.02950420879296805,0.0106382978723404,GSE136831
control,VE_Capillary_B,WNT3A,2,0.0,0.0,GSE136831
control,VE_Capillary_B,WNT4,2,0.01070035996010905,0.0035460992907801,GSE136831
control,VE_Capillary_B,WNT5A,2,0.0,0.0,GSE136831
control,VE_Capillary_B,WNT5B,2,0.38391244725190643,0.0735815602836879,GSE136831
control,VE_Capillary_B,WNT6,2,0.0,0.0,GSE136831
control,VE_Capillary_B,WNT7A,2,0.0,0.0,GSE136831
control,VE_Capillary_B,WNT7B,2,0.0,0.0,GSE136831
control,VE_Capillary_B,WNT8A,2,0.0,0.0,GSE136831
control,VE_Capillary_B,WNT8B,2,0.11194131374998005,0.02849544072948325,GSE136831
control,VE_Capillary_B,WNT9A,2,0.011520790418389,0.0035460992907801,GSE136831
control,VE_Capillary_B,WNT9B,2,0.0163879714288567,0.00949848024316105,GSE136831
control,VE_Capillary_B,XCR1,2,0.0,0.0,GSE136831
control,VE_Venous,ACKR1,1,13.616398653818424,0.835820895522388,GSE136831
control,VE_Venous,ACKR2,1,0.0,0.0,GSE136831
control,VE_Venous,ACKR3,1,0.962712994949558,0.2686567164179104,GSE136831
control,VE_Venous,ACKR4,1,0.0,0.0,GSE136831
control,VE_Venous,ACVR1,1,0.0787551867466724,0.044776119402985,GSE136831
control,VE_Venous,ACVR1B,1,0.8256163898782871,0.2388059701492537,GSE136831
control,VE_Venous,ACVR1C,1,0.0,0.0,GSE136831
control,VE_Venous,ACVRL1,1,0.8703006035434853,0.3283582089552239,GSE136831
control,VE_Venous,ADGRA2,1,0.0,0.0,GSE136831
control,VE_Venous,ADRA2A,1,0.0,0.0,GSE136831
control,VE_Venous,ADRB2,1,0.0,0.0,GSE136831
control,VE_Venous,ANTXR1,1,0.0,0.0,GSE136831
control,VE_Venous,APCDD1,1,0.0,0.0,GSE136831
control,VE_Venous,AREG,1,0.1429848166226341,0.044776119402985,GSE136831
control,VE_Venous,ATP6AP2,1,0.6827661421335125,0.2537313432835821,GSE136831
control,VE_Venous,AVPR1A,1,0.0,0.0,GSE136831
control,VE_Venous,CASP1,1,0.0867566028011342,0.044776119402985,GSE136831
control,VE_Venous,CAV1,1,4.466372549180701,0.7313432835820896,GSE136831
control,VE_Venous,CCL2,1,13.299576400582264,0.746268656716418,GSE136831
control,VE_Venous,CCR1,1,0.0,0.0,GSE136831
control,VE_Venous,CCR10,1,0.0,0.0,GSE136831
control,VE_Venous,CCR2,1,0.0,0.0,GSE136831
control,VE_Venous,CCR3,1,0.0,0.0,GSE136831
control,VE_Venous,CCR4,1,0.0,0.0,GSE136831
control,VE_Venous,CCR5,1,0.0,0.0,GSE136831
control,VE_Venous,CD36,1,0.3025138931925175,0.0895522388059701,GSE136831
control,VE_Venous,CD4,1,0.099164706998254,0.044776119402985,GSE136831
control,VE_Venous,CD44,1,0.2184592118385253,0.0746268656716417,GSE136831
control,VE_Venous,CD82,1,0.4568223263910023,0.1641791044776119,GSE136831
control,VE_Venous,CD9,1,2.1105745164797014,0.3582089552238806,GSE136831
control,VE_Venous,CSF1,1,0.0354269478621608,0.0149253731343283,GSE136831
control,VE_Venous,CSF1R,1,0.0355704793477796,0.0149253731343283,GSE136831
control,VE_Venous,CXCL1,1,1.4439953634514118,0.2537313432835821,GSE136831
control,VE_Venous,CXCL12,1,0.0763370352071606,0.044776119402985,GSE136831
control,VE_Venous,CXCL2,1,20.35398421049461,0.8656716417910447,GSE136831
control,VE_Venous,CXCR1,1,0.0,0.0,GSE136831
control,VE_Venous,CXCR2,1,0.0,0.0,GSE136831
control,VE_Venous,CXCR3,1,0.0,0.0,GSE136831
control,VE_Venous,CXCR4,1,0.0166132826517457,0.0149253731343283,GSE136831
control,VE_Venous,DPP4,1,0.0,0.0,GSE136831
control,VE_Venous,EGFR,1,0.2257839731691233,0.0895522388059701,GSE136831
control,VE_Venous,ENG,1,7.992918949706724,0.8656716417910447,GSE136831
control,VE_Venous,EPHA7,1,0.1389740015537633,0.044776119402985,GSE136831
control,VE_Venous,EPHB2,1,0.0,0.0,GSE136831
control,VE_Venous,ERBB2,1,0.0703127206852451,0.0298507462686567,GSE136831
control,VE_Venous,ERBB3,1,0.0446066142687637,0.0149253731343283,GSE136831
control,VE_Venous,ERBB4,1,0.2169198713780015,0.0597014925373134,GSE136831
control,VE_Venous,FGF10,1,0.0,0.0,GSE136831
control,VE_Venous,FGF7,1,0.0,0.0,GSE136831
control,VE_Venous,FGFR1,1,0.629031815643606,0.2388059701492537,GSE136831
control,VE_Venous,FGFR2,1,0.0381723098064663,0.0149253731343283,GSE136831
control,VE_Venous,FGFR3,1,0.1092201402699669,0.044776119402985,GSE136831
control,VE_Venous,FGFR4,1,0.0,0.0,GSE136831
control,VE_Venous,FGFRL1,1,0.0496121777175894,0.0298507462686567,GSE136831
control,VE_Venous,FLT1,1,4.757424298304152,0.6417910447761194,GSE136831
control,VE_Venous,FZD1,1,0.0394776697177169,0.0298507462686567,GSE136831
control,VE_Venous,FZD10,1,0.0,0.0,GSE136831
control,VE_Venous,FZD2,1,0.0,0.0,GSE136831
control,VE_Venous,FZD3,1,0.0,0.0,GSE136831
control,VE_Venous,FZD4,1,0.5632007164139501,0.1940298507462686,GSE136831
control,VE_Venous,FZD5,1,0.0195665615290093,0.0149253731343283,GSE136831
control,VE_Venous,FZD6,1,0.1736478592667557,0.1044776119402985,GSE136831
control,VE_Venous,FZD7,1,0.0,0.0,GSE136831
control,VE_Venous,FZD8,1,0.009478834709976,0.0149253731343283,GSE136831
control,VE_Venous,FZD9,1,0.0,0.0,GSE136831
control,VE_Venous,GPC1,1,0.0,0.0,GSE136831
control,VE_Venous,GRIN2B,1,0.0381723098064663,0.0149253731343283,GSE136831
control,VE_Venous,GRM7,1,0.3142203493109827,0.0746268656716417,GSE136831
control,VE_Venous,GSDMD,1,0.5939085841673097,0.208955223880597,GSE136831
control,VE_Venous,HBEGF,1,1.4351931696940186,0.3432835820895522,GSE136831
control,VE_Venous,IL1A,1,0.0,0.0,GSE136831
control,VE_Venous,IL1B,1,0.0327454434715409,0.0149253731343283,GSE136831
control,VE_Venous,IL1R1,1,29.56032294970431,0.9552238805970148,GSE136831
control,VE_Venous,IL1R2,1,0.1997112749049925,0.0746268656716417,GSE136831
control,VE_Venous,IL1RAP,1,1.640207321601777,0.2537313432835821,GSE136831
control,VE_Venous,IL1RN,1,0.0168667342460485,0.0149253731343283,GSE136831
control,VE_Venous,IL6,1,6.744980787326313,0.6119402985074627,GSE136831
control,VE_Venous,ITGA4,1,0.0,0.0,GSE136831
control,VE_Venous,ITGA5,1,1.1858279040416977,0.3432835820895522,GSE136831
control,VE_Venous,ITGA9,1,0.4544986311027468,0.1641791044776119,GSE136831
control,VE_Venous,ITGAV,1,4.233781572067346,0.6567164179104478,GSE136831
control,VE_Venous,ITGB1,1,1.8218306245106333,0.4925373134328358,GSE136831
control,VE_Venous,ITGB3,1,0.7166330781488366,0.1791044776119403,GSE136831
control,VE_Venous,ITGB5,1,0.0,0.0,GSE136831
control,VE_Venous,ITGB6,1,0.1738856582594983,0.0746268656716417,GSE136831
control,VE_Venous,ITGB8,1,0.1076959593834011,0.0597014925373134,GSE136831
control,VE_Venous,KDR,1,0.524830907995475,0.1343283582089552,GSE136831
control,VE_Venous,KLRG2,1,0.0,0.0,GSE136831
control,VE_Venous,LDLR,1,2.3136853114536517,0.5223880597014925,GSE136831
control,VE_Venous,LGR5,1,0.0454695297313887,0.0149253731343283,GSE136831
control,VE_Venous,LPP,1,5.795831438582395,0.7313432835820896,GSE136831
control,VE_Venous,LRP1,1,0.0,0.0,GSE136831
control,VE_Venous,LRP2,1,0.0,0.0,GSE136831
control,VE_Venous,LRP5,1,0.2245102396223181,0.1194029850746268,GSE136831
control,VE_Venous,LRP6,1,0.3376595783805735,0.0895522388059701,GSE136831
control,VE_Venous,MCAM,1,0.7417302706518085,0.2835820895522388,GSE136831
control,VE_Venous,MUSK,1,0.0,0.0,GSE136831
control,VE_Venous,NLRP3,1,0.0639475150518768,0.0298507462686567,GSE136831
control,VE_Venous,NOTCH1,1,0.7451945864139882,0.2388059701492537,GSE136831
control,VE_Venous,NRP1,1,2.0576797433073546,0.4328358208955223,GSE136831
control,VE_Venous,NRP2,1,0.1208143216551906,0.0746268656716417,GSE136831
control,VE_Venous,PRLR,1,0.0,0.0,GSE136831
control,VE_Venous,PTK7,1,0.0926466364638631,0.0149253731343283,GSE136831
control,VE_Venous,PTPRK,1,2.1418385910488142,0.3432835820895522,GSE136831
control,VE_Venous,PYCARD,1,0.1915216795741959,0.0746268656716417,GSE136831
control,VE_Venous,RECK,1,0.2353258397081321,0.1044776119402985,GSE136831
control,VE_Venous,RET,1,0.0,0.0,GSE136831
control,VE_Venous,ROR1,1,0.0869976532209301,0.044776119402985,GSE136831
control,VE_Venous,ROR2,1,0.1042205018854512,0.0597014925373134,GSE136831
control,VE_Venous,RYK,1,0.2028788418155611,0.1194029850746268,GSE136831
control,VE_Venous,SDC2,1,0.2144414006506654,0.044776119402985,GSE136831
control,VE_Venous,SDC4,1,0.1811048599595275,0.0746268656716417,GSE136831
control,VE_Venous,SIGIRR,1,0.4472041048032107,0.1343283582089552,GSE136831
control,VE_Venous,SIRPA,1,0.1296502123268485,0.044776119402985,GSE136831
control,VE_Venous,SMO,1,0.0320562137764784,0.0149253731343283,GSE136831
control,VE_Venous,SPP1,1,0.0,0.0,GSE136831
control,VE_Venous,TGFB1,1,0.5077558599177134,0.1791044776119403,GSE136831
control,VE_Venous,TGFBR1,1,0.1940578048918082,0.044776119402985,GSE136831
control,VE_Venous,TGFBR2,1,2.8769958003552816,0.5522388059701493,GSE136831
control,VE_Venous,TGFBR3,1,3.432500293791555,0.5522388059701493,GSE136831
control,VE_Venous,TMED5,1,0.4434496262576942,0.1641791044776119,GSE136831
control,VE_Venous,TNF,1,0.0,0.0,GSE136831
control,VE_Venous,TYRO3,1,0.0,0.0,GSE136831
control,VE_Venous,VANGL2,1,0.0,0.0,GSE136831
control,VE_Venous,VASN,1,0.0,0.0,GSE136831
control,VE_Venous,VEGFA,1,0.2642650268518274,0.0746268656716417,GSE136831
control,VE_Venous,WNT1,1,0.0,0.0,GSE136831
control,VE_Venous,WNT10A,1,0.0,0.0,GSE136831
control,VE_Venous,WNT10B,1,0.0,0.0,GSE136831
control,VE_Venous,WNT11,1,0.0,0.0,GSE136831
control,VE_Venous,WNT16,1,0.0,0.0,GSE136831
control,VE_Venous,WNT2,1,0.0,0.0,GSE136831
control,VE_Venous,WNT2B,1,1.83989906327424,0.3582089552238806,GSE136831
control,VE_Venous,WNT3,1,0.0,0.0,GSE136831
control,VE_Venous,WNT3A,1,0.0,0.0,GSE136831
control,VE_Venous,WNT4,1,0.0955529650085042,0.0149253731343283,GSE136831
control,VE_Venous,WNT5A,1,0.0,0.0,GSE136831
control,VE_Venous,WNT5B,1,0.2069282572885636,0.044776119402985,GSE136831
control,VE_Venous,WNT6,1,0.0,0.0,GSE136831
control,VE_Venous,WNT7A,1,0.0,0.0,GSE136831
control,VE_Venous,WNT7B,1,0.0,0.0,GSE136831
control,VE_Venous,WNT8A,1,0.0,0.0,GSE136831
control,VE_Venous,WNT8B,1,0.0,0.0,GSE136831
control,VE_Venous,WNT9A,1,0.0,0.0,GSE136831
control,VE_Venous,WNT9B,1,0.0764130813522731,0.0298507462686567,GSE136831
control,VE_Venous,XCR1,1,0.0,0.0,GSE136831
control,cDC2,ACKR1,9,0.0,0.0,GSE136831
control,cDC2,ACKR2,9,0.002598740690945,0.0028501784226975,GSE136831
control,cDC2,ACKR3,9,0.12335200567999273,0.042675471699237105,GSE136831
control,cDC2,ACKR4,9,0.015224492295567878,0.008353788092973822,GSE136831
control,cDC2,ACVR1,9,0.1731084338975197,0.11733931054232213,GSE136831
control,cDC2,ACVR1B,9,0.09304858806211448,0.061277404747011696,GSE136831
control,cDC2,ACVR1C,9,0.043579125350238904,0.029561831586563933,GSE136831
control,cDC2,ACVRL1,9,0.014035773707416333,0.016410639853109678,GSE136831
control,cDC2,ADGRA2,9,0.008503492178725067,0.009570377260180755,GSE136831
control,cDC2,ADRA2A,9,0.0007071951734212221,0.0006313131313131222,GSE136831
control,cDC2,ADRB2,9,0.02586106149719926,0.020087992438615587,GSE136831
control,cDC2,ANTXR1,9,0.03213132236384252,0.027796947378521158,GSE136831
control,cDC2,APCDD1,9,0.006414620613188122,0.005399539756009922,GSE136831
control,cDC2,AREG,9,28.604830338003847,0.8900809029786844,GSE136831
control,cDC2,ATP6AP2,9,0.9517464573867096,0.48939351957549626,GSE136831
control,cDC2,AVPR1A,9,0.0,0.0,GSE136831
control,cDC2,CASP1,9,0.4160314235290026,0.2628563781361931,GSE136831
control,cDC2,CAV1,9,0.014674980048261689,0.013240057869752067,GSE136831
control,cDC2,CCL2,9,0.16310743066417038,0.05998526106346316,GSE136831
control,cDC2,CCR1,9,0.05327715328857962,0.040394350790017505,GSE136831
control,cDC2,CCR10,9,0.016776305399768366,0.00865133812970961,GSE136831
control,cDC2,CCR2,9,0.04595711083802864,0.043847914818926255,GSE136831
control,cDC2,CCR3,9,0.008074941113052268,0.011487179435496268,GSE136831
control,cDC2,CCR4,9,0.0005846728480618777,0.0007880220646178,GSE136831
control,cDC2,CCR5,9,0.04484638200905536,0.0425013333283774,GSE136831
control,cDC2,CD36,9,0.258185114734798,0.13577816606451099,GSE136831
control,cDC2,CD4,9,0.4667573237295904,0.28374368988590454,GSE136831
control,cDC2,CD44,9,7.535098079358763,0.818578256472298,GSE136831
control,cDC2,CD82,9,0.09593585767162537,0.06994883431232142,GSE136831
control,cDC2,CD9,9,1.3462902856848205,0.45616817253889125,GSE136831
control,cDC2,CSF1,9,0.00900897906349231,0.005153787733574944,GSE136831
control,cDC2,CSF1R,9,0.622635368496043,0.35803360778613524,GSE136831
control,cDC2,CXCL1,9,0.05998362707435797,0.03734257383698994,GSE136831
control,cDC2,CXCL12,9,0.0,0.0,GSE136831
control,cDC2,CXCL2,9,2.0444206009817867,0.35052987526400764,GSE136831
control,cDC2,CXCR1,9,0.0,0.0,GSE136831
control,cDC2,CXCR2,9,0.0016841370942167779,0.0017890230656188002,GSE136831
control,cDC2,CXCR3,9,0.047865497260944634,0.0292832001871892,GSE136831
control,cDC2,CXCR4,9,6.6215692521028195,0.8423428077496318,GSE136831
control,cDC2,DPP4,9,0.016745494941441102,0.0112148496013744,GSE136831
control,cDC2,EGFR,9,0.002464459575832233,0.0036265432098765336,GSE136831
control,cDC2,ENG,9,0.7149190669867616,0.3858334901658618,GSE136831
control,cDC2,EPHA7,9,0.015149197503003987,0.013396990270399912,GSE136831
control,cDC2,EPHB2,9,0.0450127006823777,0.03015846099737349,GSE136831
control,cDC2,ERBB2,9,0.02018991530498762,0.015009692261287776,GSE136831
control,cDC2,ERBB3,9,0.002028841423489044,0.004258158868087933,GSE136831
control,cDC2,ERBB4,9,0.14423810407404347,0.10541182909516274,GSE136831
control,cDC2,FGF10,9,0.010763114924705667,0.007654232537385643,GSE136831
control,cDC2,FGF7,9,0.0007741661379111888,0.0008481764206955,GSE136831
control,cDC2,FGFR1,9,0.21212369152298152,0.08921438541508567,GSE136831
control,cDC2,FGFR2,9,0.005302133011738566,0.0060467082858940225,GSE136831
control,cDC2,FGFR3,9,0.0006982915946989889,0.0010010010010010001,GSE136831
control,cDC2,FGFR4,9,0.0028800735553711227,0.0023919753086419668,GSE136831
control,cDC2,FGFRL1,9,0.0061066065016625,0.005923725143583289,GSE136831
control,cDC2,FLT1,9,1.8240679826248152,0.4247146867963771,GSE136831
control,cDC2,FZD1,9,0.04104501545295111,0.03025333855103334,GSE136831
control,cDC2,FZD10,9,0.0,0.0,GSE136831
control,cDC2,FZD2,9,0.014188622202248412,0.013412265477779534,GSE136831
control,cDC2,FZD3,9,0.04150492890758812,0.027636532472969655,GSE136831
control,cDC2,FZD4,9,0.009852737928347588,0.006065320785266123,GSE136831
control,cDC2,FZD5,9,0.01398036282856039,0.011403710101939721,GSE136831
control,cDC2,FZD6,9,0.011740716846739588,0.011587618365722432,GSE136831
control,cDC2,FZD7,9,0.002587279784796822,0.0036105166903911113,GSE136831
control,cDC2,FZD8,9,0.0022643015404797003,0.002669670045467811,GSE136831
control,cDC2,FZD9,9,0.0,0.0,GSE136831
control,cDC2,GPC1,9,0.010389044782382222,0.009980485143692878,GSE136831
control,cDC2,GRIN2B,9,0.011937219189186435,0.009042109485371878,GSE136831
control,cDC2,GRM7,9,0.0719244073371467,0.047510163317967,GSE136831
control,cDC2,GSDMD,9,0.31931959439136565,0.20546271433569954,GSE136831
control,cDC2,HBEGF,9,1.2665428886187964,0.40232488054338167,GSE136831
control,cDC2,IL1A,9,0.05427191037336424,0.0309473151795831,GSE136831
control,cDC2,IL1B,9,2.6136574851074834,0.41766808334318456,GSE136831
control,cDC2,IL1R1,9,1.700085589653555,0.4733906892273918,GSE136831
control,cDC2,IL1R2,9,8.63616209113894,0.7232723533384061,GSE136831
control,cDC2,IL1RAP,9,1.1606645130610924,0.38890363874834655,GSE136831
control,cDC2,IL1RN,9,0.3655585374933599,0.1559245650558772,GSE136831
control,cDC2,IL6,9,0.07872242248612141,0.03982901457520063,GSE136831
control,cDC2,ITGA4,9,0.5429611240144946,0.26356482325916797,GSE136831
control,cDC2,ITGA5,9,0.23595608494782855,0.13611492553096627,GSE136831
control,cDC2,ITGA9,9,0.11877632099275331,0.07161797488917156,GSE136831
control,cDC2,ITGAV,9,1.1372034083346074,0.3988954333189448,GSE136831
control,cDC2,ITGB1,9,0.9603858238644788,0.4155403004331453,GSE136831
control,cDC2,ITGB3,9,0.01023770298034649,0.007311243437041178,GSE136831
control,cDC2,ITGB5,9,0.0871488011541259,0.06354920198120789,GSE136831
control,cDC2,ITGB6,9,0.09229686792383035,0.07097926400523688,GSE136831
control,cDC2,ITGB8,9,0.31814718308497697,0.1378735744457354,GSE136831
control,cDC2,KDR,9,0.0013593236005763445,0.0011111111111111111,GSE136831
control,cDC2,KLRG2,9,0.028125178468671835,0.0223592433800793,GSE136831
control,cDC2,LDLR,9,0.21537064361451805,0.12675639655871404,GSE136831
control,cDC2,LGR5,9,0.003273206324402867,0.003715058454244189,GSE136831
control,cDC2,LPP,9,4.157692407485824,0.8142250987756903,GSE136831
control,cDC2,LRP1,9,0.21540881335147688,0.16319353391836197,GSE136831
control,cDC2,LRP2,9,0.019622384671512325,0.012732378058793566,GSE136831
control,cDC2,LRP5,9,0.11293338724208847,0.07059506099355337,GSE136831
control,cDC2,LRP6,9,0.02888968139963081,0.02237671353788351,GSE136831
control,cDC2,MCAM,9,0.0077923488411159115,0.004641573391573367,GSE136831
control,cDC2,MUSK,9,0.047247202998569555,0.026922390995625822,GSE136831
control,cDC2,NLRP3,9,2.8894969015043106,0.5880135081697777,GSE136831
control,cDC2,NOTCH1,9,0.15946379732307892,0.107848226117194,GSE136831
control,cDC2,NRP1,9,0.4940827201152744,0.21712199409139604,GSE136831
control,cDC2,NRP2,9,0.41717200537053356,0.15276542550505454,GSE136831
control,cDC2,PRLR,9,0.02610741532613692,0.012910096457528112,GSE136831
control,cDC2,PTK7,9,0.07463481363935455,0.043441102699611364,GSE136831
control,cDC2,PTPRK,9,0.04207699123175439,0.036799485484950295,GSE136831
control,cDC2,PYCARD,9,1.1540578980753857,0.4926157144475403,GSE136831
control,cDC2,RECK,9,0.11315059352402507,0.06993871297241286,GSE136831
control,cDC2,RET,9,0.0056732496748005895,0.005596278096278078,GSE136831
control,cDC2,ROR1,9,0.024520365935557824,0.020706074438255156,GSE136831
control,cDC2,ROR2,9,0.08175130414839328,0.059111438335995886,GSE136831
control,cDC2,RYK,9,0.12257534410972776,0.07787954319914474,GSE136831
control,cDC2,SDC2,9,1.9335918195012864,0.4523898700996107,GSE136831
control,cDC2,SDC4,9,0.6320303200066026,0.24749657897560878,GSE136831
control,cDC2,SIGIRR,9,0.23143835197622023,0.17263737832581014,GSE136831
control,cDC2,SIRPA,9,1.1921281272803312,0.506987945474076,GSE136831
control,cDC2,SMO,9,0.024655211069394653,0.015893157878884692,GSE136831
control,cDC2,SPP1,9,0.5764991296389144,0.08394686383579025,GSE136831
control,cDC2,TGFB1,9,1.9003144040817546,0.5594745244833709,GSE136831
control,cDC2,TGFBR1,9,0.6660583356787391,0.32350786730200937,GSE136831
control,cDC2,TGFBR2,9,0.9183971422374917,0.37548452344121624,GSE136831
control,cDC2,TGFBR3,9,0.10951837856971489,0.0541737750110001,GSE136831
control,cDC2,TMED5,9,0.7093050802266081,0.36648626358389047,GSE136831
control,cDC2,TNF,9,0.09938812850432374,0.0610411205654979,GSE136831
control,cDC2,TYRO3,9,0.01683539565867748,0.013059549492522377,GSE136831
control,cDC2,VANGL2,9,0.0005275284941878445,0.0007880220646178,GSE136831
control,cDC2,VASN,9,0.010088907839557288,0.011187677184218255,GSE136831
control,cDC2,VEGFA,9,1.1255285841984188,0.4685026151509655,GSE136831
control,cDC2,WNT1,9,0.0,0.0,GSE136831
control,cDC2,WNT10A,9,0.0006633087325390555,0.0011574074074074,GSE136831
control,cDC2,WNT10B,9,0.005918840246748789,0.004845563648755122,GSE136831
control,cDC2,WNT11,9,0.004775398143351122,0.0040883281500329665,GSE136831
control,cDC2,WNT16,9,0.0016848495631522,0.0006313131313131222,GSE136831
control,cDC2,WNT2,9,0.0008437451484653889,0.0012345679012345666,GSE136831
control,cDC2,WNT2B,9,0.48763080791097974,0.22656977533971132,GSE136831
control,cDC2,WNT3,9,0.010742580361335812,0.009133601686793155,GSE136831
control,cDC2,WNT3A,9,0.005861248390065078,0.0042760724017829555,GSE136831
control,cDC2,WNT4,9,0.002985578432852322,0.002932604735883422,GSE136831
control,cDC2,WNT5A,9,0.08154480729819277,0.0535719919459383,GSE136831
control,cDC2,WNT5B,9,0.07743151145350251,0.051021449558417316,GSE136831
control,cDC2,WNT6,9,0.0006764014361355223,0.0012345679012345666,GSE136831
control,cDC2,WNT7A,9,0.0,0.0,GSE136831
control,cDC2,WNT7B,9,0.0016787150450286556,0.0016323141323141223,GSE136831
control,cDC2,WNT8A,9,0.0005044765483230222,0.0008481764206955,GSE136831
control,cDC2,WNT8B,9,0.012238226608592867,0.0066318962418253,GSE136831
control,cDC2,WNT9A,9,0.006161345527537911,0.0046559050991674894,GSE136831
control,cDC2,WNT9B,9,0.004336738951843212,0.0052879545055117445,GSE136831
control,cDC2,XCR1,9,0.0008692915795201778,0.0012345679012345666,GSE136831
control,cMonocyte,ACKR1,17,0.010392216177198694,0.0018468364811706234,GSE136831
control,cMonocyte,ACKR2,17,0.0020719525548005707,0.0008755990167924471,GSE136831
control,cMonocyte,ACKR3,17,0.4506003992960111,0.10455668492900494,GSE136831
control,cMonocyte,ACKR4,17,0.0009988529426110176,0.00039106407843804707,GSE136831
control,cMonocyte,ACVR1,17,0.13694009067795698,0.04762314168851825,GSE136831
control,cMonocyte,ACVR1B,17,0.541828420806525,0.14567353014062798,GSE136831
control,cMonocyte,ACVR1C,17,0.011635026536558348,0.006088826165724918,GSE136831
control,cMonocyte,ACVRL1,17,0.05237495067700526,0.018952632005941907,GSE136831
control,cMonocyte,ADGRA2,17,0.014221767743833212,0.0072525079076089525,GSE136831
control,cMonocyte,ADRA2A,17,0.0,0.0,GSE136831
control,cMonocyte,ADRB2,17,0.032759661137178736,0.013893196086672307,GSE136831
control,cMonocyte,ANTXR1,17,0.008920459394158411,0.004642802676346906,GSE136831
control,cMonocyte,APCDD1,17,0.011484617288914423,0.004355130339498564,GSE136831
control,cMonocyte,AREG,17,12.802711288344092,0.6972643648253887,GSE136831
control,cMonocyte,ATP6AP2,17,1.2995452046766534,0.3640142656532277,GSE136831
control,cMonocyte,AVPR1A,17,0.0,0.0,GSE136831
control,cMonocyte,CASP1,17,0.5603162986920941,0.1944652418561705,GSE136831
control,cMonocyte,CAV1,17,0.020404931693613154,0.008651294920075629,GSE136831
control,cMonocyte,CCL2,17,0.10850379730285521,0.023269868281954202,GSE136831
control,cMonocyte,CCR1,17,0.3103156993076923,0.10342900474701103,GSE136831
control,cMonocyte,CCR10,17,0.004703444778460577,0.0019562851149238646,GSE136831
control,cMonocyte,CCR2,17,0.10121917833354575,0.0322412205105108,GSE136831
control,cMonocyte,CCR3,17,0.048610793092291105,0.014727684505091477,GSE136831
control,cMonocyte,CCR4,17,0.0002153056345855353,0.00013838816146911765,GSE136831
control,cMonocyte,CCR5,17,0.033691404341103494,0.01356070860765337,GSE136831
control,cMonocyte,CD36,17,1.3468332606495146,0.29453284094489296,GSE136831
control,cMonocyte,CD4,17,0.5819365511716303,0.18296874171782052,GSE136831
control,cMonocyte,CD44,17,9.322806663724222,0.8021382993456667,GSE136831
control,cMonocyte,CD82,17,0.4806729529311744,0.13212365391935688,GSE136831
control,cMonocyte,CD9,17,0.3480979585444076,0.10432215491669614,GSE136831
control,cMonocyte,CSF1,17,0.008458205510247894,0.003689392258151823,GSE136831
control,cMonocyte,CSF1R,17,0.5323056438477378,0.17673344584689676,GSE136831
control,cMonocyte,CXCL1,17,0.1467002479174714,0.04230647832081598,GSE136831
control,cMonocyte,CXCL12,17,0.0010934109044318293,0.0002904760576330941,GSE136831
control,cMonocyte,CXCL2,17,3.4973470252247685,0.42757996901919304,GSE136831
control,cMonocyte,CXCR1,17,0.002221605796591647,0.0005793150565154882,GSE136831
control,cMonocyte,CXCR2,17,0.004926510804501253,0.0014992758452132882,GSE136831
control,cMonocyte,CXCR3,17,0.0002829787343191353,0.00021145325697301178,GSE136831
control,cMonocyte,CXCR4,17,2.1936484616019976,0.3934137832375865,GSE136831
control,cMonocyte,DPP4,17,0.001911796281467847,0.0008308942820585412,GSE136831
control,cMonocyte,EGFR,17,0.022138449688409435,0.005054990678648206,GSE136831
control,cMonocyte,ENG,17,0.44117061946193853,0.12913826298830447,GSE136831
control,cMonocyte,EPHA7,17,0.012710739669321318,0.00525186723234687,GSE136831
control,cMonocyte,EPHB2,17,0.06402283992339426,0.02679928336652864,GSE136831
control,cMonocyte,ERBB2,17,0.026268629174504,0.01030098145534863,GSE136831
control,cMonocyte,ERBB3,17,0.02149488568826602,0.005796463109950923,GSE136831
control,cMonocyte,ERBB4,17,0.08585597348901212,0.0363884611139866,GSE136831
control,cMonocyte,FGF10,17,0.002759331383495506,0.0011558561472802236,GSE136831
control,cMonocyte,FGF7,17,0.001275428333017806,0.000460730602057,GSE136831
control,cMonocyte,FGFR1,17,0.2574609579937286,0.05668932543835247,GSE136831
control,cMonocyte,FGFR2,17,0.018456063508480867,0.0045350876929783,GSE136831
control,cMonocyte,FGFR3,17,0.0,0.0,GSE136831
control,cMonocyte,FGFR4,17,0.002502203335751706,0.001289109281506394,GSE136831
control,cMonocyte,FGFRL1,17,0.027050302773282176,0.0116189355649903,GSE136831
control,cMonocyte,FLT1,17,1.8291150491531878,0.26524435851676886,GSE136831
control,cMonocyte,FZD1,17,0.02196052160308895,0.007886550399000242,GSE136831
control,cMonocyte,FZD10,17,0.0,0.0,GSE136831
control,cMonocyte,FZD2,17,0.024325442523305922,0.008323055724791164,GSE136831
control,cMonocyte,FZD3,17,0.024649370201353358,0.007348658084185053,GSE136831
control,cMonocyte,FZD4,17,0.006357866827644671,0.001955334492379753,GSE136831
control,cMonocyte,FZD5,17,0.022662187531534955,0.008052493411698546,GSE136831
control,cMonocyte,FZD6,17,0.007476994644595135,0.0034467510297306416,GSE136831
control,cMonocyte,FZD7,17,0.001685231193671553,0.0003193010255898647,GSE136831
control,cMonocyte,FZD8,17,0.0,0.0,GSE136831
control,cMonocyte,FZD9,17,0.0,0.0,GSE136831
control,cMonocyte,GPC1,17,0.0005621011488962471,0.00013523595248774706,GSE136831
control,cMonocyte,GRIN2B,17,0.026229060015262082,0.010711760576465201,GSE136831
control,cMonocyte,GRM7,17,0.04758554512502541,0.019925859673073438,GSE136831
control,cMonocyte,GSDMD,17,0.3494167337770135,0.11649654458314186,GSE136831
control,cMonocyte,HBEGF,17,2.0374668834589365,0.42638083433432294,GSE136831
control,cMonocyte,IL1A,17,0.025761393456251978,0.0069353580318575764,GSE136831
control,cMonocyte,IL1B,17,3.2540520198784457,0.35326167461958646,GSE136831
control,cMonocyte,IL1R1,17,0.9373942738059549,0.18666376769930665,GSE136831
control,cMonocyte,IL1R2,17,11.677264290141082,0.6483113188771977,GSE136831
control,cMonocyte,IL1RAP,17,2.584330249399579,0.43412654278088203,GSE136831
control,cMonocyte,IL1RN,17,0.44053760745726056,0.11257211536095857,GSE136831
control,cMonocyte,IL6,17,0.06861032671830011,0.026067127868312303,GSE136831
control,cMonocyte,ITGA4,17,0.17010810406647775,0.065880300156427,GSE136831
control,cMonocyte,ITGA5,17,0.22406256861869026,0.07047867994745007,GSE136831
control,cMonocyte,ITGA9,17,0.1395865332257884,0.050982902119615474,GSE136831
control,cMonocyte,ITGAV,17,0.7022704755807068,0.17762299309383614,GSE136831
control,cMonocyte,ITGB1,17,2.035915691279663,0.4237058620791781,GSE136831
control,cMonocyte,ITGB3,17,0.0050379902318942295,0.0023115351521429297,GSE136831
control,cMonocyte,ITGB5,17,0.06197024305627585,0.026844410091755345,GSE136831
control,cMonocyte,ITGB6,17,0.06804239739865242,0.029492086820573662,GSE136831
control,cMonocyte,ITGB8,17,0.2674434808036798,0.07427130791188748,GSE136831
control,cMonocyte,KDR,17,0.00503874174430747,0.001998422226321635,GSE136831
control,cMonocyte,KLRG2,17,0.044453261094239235,0.015237310810615539,GSE136831
control,cMonocyte,LDLR,17,0.6296024794201044,0.17531978008808602,GSE136831
control,cMonocyte,LGR5,17,0.004742243826123983,0.0016236766728935,GSE136831
control,cMonocyte,LPP,17,3.027821472839741,0.531017318079444,GSE136831
control,cMonocyte,LRP1,17,0.9869991617215678,0.2725570417868634,GSE136831
control,cMonocyte,LRP2,17,0.015278466800123361,0.005442422245308147,GSE136831
control,cMonocyte,LRP5,17,0.0392411856143849,0.01480565710001699,GSE136831
control,cMonocyte,LRP6,17,0.03997043656295592,0.012816246877963825,GSE136831
control,cMonocyte,MCAM,17,0.0021784179853811176,0.0008315663612515294,GSE136831
control,cMonocyte,MUSK,17,0.023555293333094057,0.009705099985608265,GSE136831
control,cMonocyte,NLRP3,17,4.315803080980594,0.5858801644789277,GSE136831
control,cMonocyte,NOTCH1,17,0.13657746492663023,0.044006217355051266,GSE136831
control,cMonocyte,NRP1,17,0.20648602486424825,0.06088691756819447,GSE136831
control,cMonocyte,NRP2,17,0.09745646909070445,0.03521971375252599,GSE136831
control,cMonocyte,PRLR,17,0.29956213407515986,0.07464768053394959,GSE136831
control,cMonocyte,PTK7,17,0.03181537161299074,0.014133463867596929,GSE136831
control,cMonocyte,PTPRK,17,0.057787210235702206,0.021788563583452453,GSE136831
control,cMonocyte,PYCARD,17,2.0900992437681936,0.4661177154803682,GSE136831
control,cMonocyte,RECK,17,0.14794220649730577,0.04752740632880165,GSE136831
control,cMonocyte,RET,17,0.0022010688660990528,0.0008923653733486647,GSE136831
control,cMonocyte,ROR1,17,0.025503557237188355,0.010235244693197282,GSE136831
control,cMonocyte,ROR2,17,0.07734743726775006,0.02839270406243174,GSE136831
control,cMonocyte,RYK,17,0.2010681812394534,0.06879918779565297,GSE136831
control,cMonocyte,SDC2,17,3.1745713263069986,0.42108444074179796,GSE136831
control,cMonocyte,SDC4,17,0.6626193419589941,0.1734855236727706,GSE136831
control,cMonocyte,SIGIRR,17,0.28820008908787326,0.09587956169180924,GSE136831
control,cMonocyte,SIRPA,17,1.7517925620182873,0.4074837205012613,GSE136831
control,cMonocyte,SMO,17,0.004522956667614523,0.0018409787869846765,GSE136831
control,cMonocyte,SPP1,17,0.12047008939937538,0.02323926482011804,GSE136831
control,cMonocyte,TGFB1,17,1.475696818316409,0.37053356759116424,GSE136831
control,cMonocyte,TGFBR1,17,0.3465434179142369,0.10011494714898762,GSE136831
control,cMonocyte,TGFBR2,17,1.310825933531954,0.3077567917706795,GSE136831
control,cMonocyte,TGFBR3,17,0.06612576879401319,0.023259535426777587,GSE136831
control,cMonocyte,TMED5,17,0.8565877906720714,0.24245976268335542,GSE136831
control,cMonocyte,TNF,17,0.04363373409959764,0.017706962861686073,GSE136831
control,cMonocyte,TYRO3,17,0.014689992658801084,0.006053335380352636,GSE136831
control,cMonocyte,VANGL2,17,0.0,0.0,GSE136831
control,cMonocyte,VASN,17,0.03305952638681161,0.01103366130923093,GSE136831
control,cMonocyte,VEGFA,17,1.5640746246926631,0.3360719002900301,GSE136831
control,cMonocyte,WNT1,17,0.0,0.0,GSE136831
control,cMonocyte,WNT10A,17,0.0008708301076630294,0.0003326930224019177,GSE136831
control,cMonocyte,WNT10B,17,8.284677422828824e-05,4.051207259762941e-05,GSE136831
control,cMonocyte,WNT11,17,0.001195827615834547,0.00043426732166772355,GSE136831
control,cMonocyte,WNT16,17,0.0010352542235181823,0.000619967885649753,GSE136831
control,cMonocyte,WNT2,17,0.0018582065555492826,0.0008505307866822235,GSE136831
control,cMonocyte,WNT2B,17,0.11201412350588938,0.035827172172710066,GSE136831
control,cMonocyte,WNT3,17,0.008901315894448389,0.004023669340760647,GSE136831
control,cMonocyte,WNT3A,17,0.0011930834180959883,0.0003682004305112647,GSE136831
control,cMonocyte,WNT4,17,0.002038234222199947,0.0013650075414781294,GSE136831
control,cMonocyte,WNT5A,17,0.012591573874167324,0.0039034543285065117,GSE136831
control,cMonocyte,WNT5B,17,0.0721650433534372,0.02919995017955293,GSE136831
control,cMonocyte,WNT6,17,0.00033866242363288825,9.472387989011764e-05,GSE136831
control,cMonocyte,WNT7A,17,0.0001665548611642765,0.00013042911177774705,GSE136831
control,cMonocyte,WNT7B,17,0.0017566310115855587,0.000983391042844459,GSE136831
control,cMonocyte,WNT8A,17,0.0005070477977938765,0.0001886821718715941,GSE136831
control,cMonocyte,WNT8B,17,0.01049576802959333,0.0030737258788280175,GSE136831
control,cMonocyte,WNT9A,17,0.0033631179841793653,0.0013652391601770883,GSE136831
control,cMonocyte,WNT9B,17,0.0038948708943904353,0.002439266424185447,GSE136831
control,cMonocyte,XCR1,17,0.0018259547204626237,0.0006124434805918883,GSE136831
control,ncMonocyte,ACKR1,5,0.00577990053792266,0.0034092300159138,GSE136831
control,ncMonocyte,ACKR2,5,0.0070870717636886595,0.0025641025641025598,GSE136831
control,ncMonocyte,ACKR3,5,0.7036811400808656,0.14913499332413843,GSE136831
control,ncMonocyte,ACKR4,5,0.0027759571079562,0.00154241645244214,GSE136831
control,ncMonocyte,ACVR1,5,0.11946074112559282,0.039838760271795434,GSE136831
control,ncMonocyte,ACVR1B,5,0.3113581930635528,0.1258508127160142,GSE136831
control,ncMonocyte,ACVR1C,5,0.004571570298927101,0.0030782413815832596,GSE136831
control,ncMonocyte,ACVRL1,5,0.03342166544235254,0.015504839006413959,GSE136831
control,ncMonocyte,ADGRA2,5,0.02930098476342154,0.009043032832815202,GSE136831
control,ncMonocyte,ADRA2A,5,0.0,0.0,GSE136831
control,ncMonocyte,ADRB2,5,0.0140625504285786,0.00615648276316654,GSE136831
control,ncMonocyte,ANTXR1,5,0.0,0.0,GSE136831
control,ncMonocyte,APCDD1,5,0.00216388391195588,0.0005141388174807,GSE136831
control,ncMonocyte,AREG,5,6.528637474903701,0.5057156899848525,GSE136831
control,ncMonocyte,ATP6AP2,5,0.9616763664190016,0.32607529827306064,GSE136831
control,ncMonocyte,AVPR1A,5,0.0,0.0,GSE136831
control,ncMonocyte,CASP1,5,0.7297461155339346,0.2240788733214237,GSE136831
control,ncMonocyte,CAV1,5,0.0374433930858528,0.0094265460332298,GSE136831
control,ncMonocyte,CCL2,5,0.05407845979132694,0.017729411807401542,GSE136831
control,ncMonocyte,CCR1,5,0.08158146573313861,0.022147845757679523,GSE136831
control,ncMonocyte,CCR10,5,0.00111045100967758,0.0005141388174807,GSE136831
control,ncMonocyte,CCR2,5,0.00421080112596822,0.0005141388174807,GSE136831
control,ncMonocyte,CCR3,5,0.04597952269076146,0.00853743514411892,GSE136831
control,ncMonocyte,CCR4,5,0.0126482213438735,0.0036363636363636203,GSE136831
control,ncMonocyte,CCR5,5,0.00250093188247112,0.00102827763496142,GSE136831
control,ncMonocyte,CD36,5,0.45699920149961615,0.12840476479239643,GSE136831
control,ncMonocyte,CD4,5,0.6755449987205446,0.23060097692234988,GSE136831
control,ncMonocyte,CD44,5,5.4274006731139695,0.725274973285763,GSE136831
control,ncMonocyte,CD82,5,0.1453226983306439,0.05414592479946036,GSE136831
control,ncMonocyte,CD9,5,0.25997000348976207,0.0785455312516393,GSE136831
control,ncMonocyte,CSF1,5,0.01315140555646884,0.0036363636363636203,GSE136831
control,ncMonocyte,CSF1R,5,0.6790694281864288,0.22564225737693272,GSE136831
control,ncMonocyte,CXCL1,5,0.01096164661724268,0.0056338028169014,GSE136831
control,ncMonocyte,CXCL12,5,0.01727645267693962,0.00494505494505494,GSE136831
control,ncMonocyte,CXCL2,5,1.800862490313298,0.26183374707289403,GSE136831
control,ncMonocyte,CXCR1,5,0.0,0.0,GSE136831
control,ncMonocyte,CXCR2,5,0.01204375906911486,0.0030782413815832596,GSE136831
control,ncMonocyte,CXCR3,5,0.00347861175562056,0.0005141388174807,GSE136831
control,ncMonocyte,CXCR4,5,3.503518178678044,0.5942304895702918,GSE136831
control,ncMonocyte,DPP4,5,0.0,0.0,GSE136831
control,ncMonocyte,EGFR,5,0.0,0.0,GSE136831
control,ncMonocyte,ENG,5,0.2769620847125213,0.09116973326828856,GSE136831
control,ncMonocyte,EPHA7,5,0.004910744093143319,0.00289509119843308,GSE136831
control,ncMonocyte,EPHB2,5,0.03685778437143164,0.015362486699247599,GSE136831
control,ncMonocyte,ERBB2,5,0.03199496141934464,0.01737165256988562,GSE136831
control,ncMonocyte,ERBB3,5,0.0,0.0,GSE136831
control,ncMonocyte,ERBB4,5,0.12991895042100468,0.040531537931154084,GSE136831
control,ncMonocyte,FGF10,5,0.00060458468659538,0.0005141388174807,GSE136831
control,ncMonocyte,FGF7,5,0.0,0.0,GSE136831
control,ncMonocyte,FGFR1,5,0.18788643114848896,0.04646035198734424,GSE136831
control,ncMonocyte,FGFR2,5,0.007601240438459519,0.0034092300159138,GSE136831
control,ncMonocyte,FGFR3,5,0.0,0.0,GSE136831
control,ncMonocyte,FGFR4,5,0.0,0.0,GSE136831
control,ncMonocyte,FGFRL1,5,0.01097070585144684,0.00616307428646758,GSE136831
control,ncMonocyte,FLT1,5,0.9869777045621747,0.20094490047167546,GSE136831
control,ncMonocyte,FZD1,5,0.02525389676889912,0.01749174561513888,GSE136831
control,ncMonocyte,FZD10,5,0.0,0.0,GSE136831
control,ncMonocyte,FZD2,5,0.0027420736932305,0.0005141388174807,GSE136831
control,ncMonocyte,FZD3,5,0.01922984471900388,0.0036363636363636203,GSE136831
control,ncMonocyte,FZD4,5,0.01198729690859458,0.00435931786089284,GSE136831
control,ncMonocyte,FZD5,5,0.0090080622464902,0.00671460501794688,GSE136831
control,ncMonocyte,FZD6,5,0.00102072427532404,0.0005141388174807,GSE136831
control,ncMonocyte,FZD7,5,0.0,0.0,GSE136831
control,ncMonocyte,FZD8,5,0.0,0.0,GSE136831
control,ncMonocyte,FZD9,5,0.0,0.0,GSE136831
control,ncMonocyte,GPC1,5,0.0,0.0,GSE136831
control,ncMonocyte,GRIN2B,5,0.038699874979778906,0.01436292927295496,GSE136831
control,ncMonocyte,GRM7,5,0.09556993175212777,0.02422347472819968,GSE136831
control,ncMonocyte,GSDMD,5,0.32135149908877764,0.1238551573581806,GSE136831
control,ncMonocyte,HBEGF,5,1.761522661578573,0.38822391229828135,GSE136831
control,ncMonocyte,IL1A,5,0.02455529156366844,0.00835428496096874,GSE136831
control,ncMonocyte,IL1B,5,1.9247864095337122,0.2941724612570769,GSE136831
control,ncMonocyte,IL1R1,5,0.3166165011496738,0.0836056200338035,GSE136831
control,ncMonocyte,IL1R2,5,4.373558261037518,0.37962019056772667,GSE136831
control,ncMonocyte,IL1RAP,5,1.3960190196352356,0.2764560365711747,GSE136831
control,ncMonocyte,IL1RN,5,0.11389633330661239,0.041370073859664305,GSE136831
control,ncMonocyte,IL6,5,0.0763733506884541,0.02385912396738272,GSE136831
control,ncMonocyte,ITGA4,5,0.5728212798877631,0.21167204918137245,GSE136831
control,ncMonocyte,ITGA5,5,0.06536386087512433,0.02845216697202644,GSE136831
control,ncMonocyte,ITGA9,5,0.21043781564321734,0.03988850378654494,GSE136831
control,ncMonocyte,ITGAV,5,0.6623193980095967,0.17055472063328972,GSE136831
control,ncMonocyte,ITGB1,5,1.6055718577079106,0.35179359761857315,GSE136831
control,ncMonocyte,ITGB3,5,0.0030823993656429,0.00154241645244214,GSE136831
control,ncMonocyte,ITGB5,5,0.0239620058741953,0.010357560177611561,GSE136831
control,ncMonocyte,ITGB6,5,0.058020615750709305,0.027423889337065,GSE136831
control,ncMonocyte,ITGB8,5,0.5064828860449595,0.12696471589045538,GSE136831
control,ncMonocyte,KDR,5,0.0007819601786779,0.0005141388174807,GSE136831
control,ncMonocyte,KLRG2,5,0.00934101329131876,0.0034092300159138,GSE136831
control,ncMonocyte,LDLR,5,0.3872402418606321,0.10361943438122875,GSE136831
control,ncMonocyte,LGR5,5,0.013330806218989919,0.00671460501794688,GSE136831
control,ncMonocyte,LPP,5,4.185345125001585,0.6365320791426009,GSE136831
control,ncMonocyte,LRP1,5,0.5595669039310666,0.19528331149642564,GSE136831
control,ncMonocyte,LRP2,5,0.01399026174878008,0.00462065783402542,GSE136831
control,ncMonocyte,LRP5,5,0.0275155277861256,0.011367519599171701,GSE136831
control,ncMonocyte,LRP6,5,0.029465490483960115,0.01130446246127478,GSE136831
control,ncMonocyte,MCAM,5,0.00075586418330008,0.0005141388174807,GSE136831
control,ncMonocyte,MUSK,5,0.0413474409344341,0.015738564150164818,GSE136831
control,ncMonocyte,NLRP3,5,2.8559924981497926,0.5005300649360898,GSE136831
control,ncMonocyte,NOTCH1,5,0.11198246318317054,0.0383554599087384,GSE136831
control,ncMonocyte,NRP1,5,0.13554131710848677,0.0422314393428481,GSE136831
control,ncMonocyte,NRP2,5,0.03884616587192274,0.01672285834782662,GSE136831
control,ncMonocyte,PRLR,5,0.4889882967035038,0.12084753944053697,GSE136831
control,ncMonocyte,PTK7,5,0.00934414810962108,0.00257069408740358,GSE136831
control,ncMonocyte,PTPRK,5,0.041399094239910984,0.021320686627178502,GSE136831
control,ncMonocyte,PYCARD,5,1.6014204989775465,0.3989993644430807,GSE136831
control,ncMonocyte,RECK,5,0.08094071460757438,0.036305496162116556,GSE136831
control,ncMonocyte,RET,5,0.00214046135504046,0.0005141388174807,GSE136831
control,ncMonocyte,ROR1,5,0.020334254682636242,0.00820644650978838,GSE136831
control,ncMonocyte,ROR2,5,0.0264324345523571,0.013305931429324718,GSE136831
control,ncMonocyte,RYK,5,0.4548498649789696,0.156103254192975,GSE136831
control,ncMonocyte,SDC2,5,2.6899352118667794,0.3685754822316609,GSE136831
control,ncMonocyte,SDC4,5,0.29994670642357485,0.08118838111813957,GSE136831
control,ncMonocyte,SIGIRR,5,0.19785668929308367,0.0908219352247014,GSE136831
control,ncMonocyte,SIRPA,5,1.8904467439436476,0.3887938628830768,GSE136831
control,ncMonocyte,SMO,5,0.01510259866364402,0.00545919376253564,GSE136831
control,ncMonocyte,SPP1,5,0.02458296430917482,0.01491251039895084,GSE136831
control,ncMonocyte,TGFB1,5,0.896012003029141,0.28694135257551745,GSE136831
control,ncMonocyte,TGFBR1,5,0.4357861088138442,0.13466455470257196,GSE136831
control,ncMonocyte,TGFBR2,5,1.743981212665097,0.4064330189284025,GSE136831
control,ncMonocyte,TGFBR3,5,0.07366034976651117,0.026997937794852944,GSE136831
control,ncMonocyte,TMED5,5,0.6587468962525143,0.22684070976876652,GSE136831
control,ncMonocyte,TNF,5,0.03425330658374346,0.01205821707650156,GSE136831
control,ncMonocyte,TYRO3,5,0.00937666243464208,0.00289509119843308,GSE136831
control,ncMonocyte,VANGL2,5,0.0,0.0,GSE136831
control,ncMonocyte,VASN,5,0.0240052191592527,0.0069234204249953996,GSE136831
control,ncMonocyte,VEGFA,5,0.17117962130511924,0.06972838330309632,GSE136831
control,ncMonocyte,WNT1,5,0.0,0.0,GSE136831
control,ncMonocyte,WNT10A,5,0.0,0.0,GSE136831
control,ncMonocyte,WNT10B,5,0.0,0.0,GSE136831
control,ncMonocyte,WNT11,5,0.0003521739964934,0.0005141388174807,GSE136831
control,ncMonocyte,WNT16,5,0.0,0.0,GSE136831
control,ncMonocyte,WNT2,5,0.0,0.0,GSE136831
control,ncMonocyte,WNT2B,5,0.25103725405986516,0.0795051574540332,GSE136831
control,ncMonocyte,WNT3,5,0.0,0.0,GSE136831
control,ncMonocyte,WNT3A,5,0.0,0.0,GSE136831
control,ncMonocyte,WNT4,5,0.0,0.0,GSE136831
control,ncMonocyte,WNT5A,5,0.0,0.0,GSE136831
control,ncMonocyte,WNT5B,5,0.07348350660708639,0.0183283319381657,GSE136831
control,ncMonocyte,WNT6,5,0.0,0.0,GSE136831
control,ncMonocyte,WNT7A,5,0.0,0.0,GSE136831
control,ncMonocyte,WNT7B,5,0.00118903519306364,0.0005141388174807,GSE136831
control,ncMonocyte,WNT8A,5,0.0,0.0,GSE136831
control,ncMonocyte,WNT8B,5,0.00097875274601316,0.0005141388174807,GSE136831
control,ncMonocyte,WNT9A,5,0.0,0.0,GSE136831
control,ncMonocyte,WNT9B,5,0.00118821080998548,0.0005141388174807,GSE136831
control,ncMonocyte,XCR1,5,0.0,0.0,GSE136831
IPF,AT2,ACKR1,8,0.03087424297590875,0.007656307983766813,GSE135893
IPF,AT2,ACKR2,8,0.00059114561615655,0.0009804174642383374,GSE135893
IPF,AT2,ACKR3,8,0.000453094371999975,0.00042807348499485006,GSE135893
IPF,AT2,ACKR4,8,0.00926195554537515,0.005599503035770525,GSE135893
IPF,AT2,ACVR1,8,0.1033413935969951,0.06534976270731511,GSE135893
IPF,AT2,ACVR1B,8,0.2286283593024578,0.13298176411968454,GSE135893
IPF,AT2,ACVR1C,8,0.021271014887092925,0.010427681277207175,GSE135893
IPF,AT2,ACVRL1,8,0.005485158304787713,0.0020987519783066374,GSE135893
IPF,AT2,ADGRA2,8,0.004262461219646451,0.0029053272978585626,GSE135893
IPF,AT2,ADRA2A,8,0.010800795782669551,0.004419978388216401,GSE135893
IPF,AT2,ADRB2,8,0.37989854934895645,0.15634414221254656,GSE135893
IPF,AT2,ANTXR1,8,0.18153410519148416,0.10001755226701328,GSE135893
IPF,AT2,APCDD1,8,0.02904074205679869,0.01765459834062865,GSE135893
IPF,AT2,AREG,8,9.383114334194657,0.6928109589533186,GSE135893
IPF,AT2,ATP6AP2,8,0.5676302920571845,0.2742447396926248,GSE135893
IPF,AT2,AVPR1A,8,0.0005543497808909749,0.00042807348499485006,GSE135893
IPF,AT2,CASP1,8,0.10138589525788182,0.06067335518508474,GSE135893
IPF,AT2,CAV1,8,0.8496136060446167,0.2561019216673144,GSE135893
IPF,AT2,CCL2,8,0.6446120329625408,0.08170521825169638,GSE135893
IPF,AT2,CCR1,8,0.02252787560081865,0.01599682281109526,GSE135893
IPF,AT2,CCR10,8,0.0016739696476794875,0.0009965427473450626,GSE135893
IPF,AT2,CCR2,8,0.0,0.0,GSE135893
IPF,AT2,CCR3,8,0.0,0.0,GSE135893
IPF,AT2,CCR4,8,7.7733118201225e-05,6.800870511425e-05,GSE135893
IPF,AT2,CCR5,8,0.0,0.0,GSE135893
IPF,AT2,CD36,8,1.1646119670250754,0.3757686887174049,GSE135893
IPF,AT2,CD4,8,0.021054896124313712,0.008708497657680211,GSE135893
IPF,AT2,CD44,8,2.6616412907045834,0.6488278393721618,GSE135893
IPF,AT2,CD82,8,0.09128948840387043,0.06211826248710783,GSE135893
IPF,AT2,CD9,8,5.214121825170564,0.7778167133819474,GSE135893
IPF,AT2,CSF1,8,0.08774485384870336,0.0394610500161343,GSE135893
IPF,AT2,CSF1R,8,0.0,0.0,GSE135893
IPF,AT2,CXCL1,8,1.3484121676386147,0.13988409180762237,GSE135893
IPF,AT2,CXCL12,8,0.016617569688918473,0.005344451831557588,GSE135893
IPF,AT2,CXCL2,8,11.703887299077747,0.5430043117572915,GSE135893
IPF,AT2,CXCR1,8,0.0,0.0,GSE135893
IPF,AT2,CXCR2,8,0.0,0.0,GSE135893
IPF,AT2,CXCR3,8,0.000112466851520175,6.800870511425e-05,GSE135893
IPF,AT2,CXCR4,8,0.047195592250905395,0.0194864673064061,GSE135893
IPF,AT2,DPP4,8,0.8072535873603282,0.29897224848914467,GSE135893
IPF,AT2,EGFR,8,0.3932893250398694,0.19935161400969434,GSE135893
IPF,AT2,ENG,8,0.06518847509451081,0.03971553989269583,GSE135893
IPF,AT2,EPHA7,8,0.0,0.0,GSE135893
IPF,AT2,EPHB2,8,0.005144506557957024,0.0029314700030462124,GSE135893
IPF,AT2,ERBB2,8,0.3015942642788237,0.1567435118329285,GSE135893
IPF,AT2,ERBB3,8,0.4898683910744459,0.23768323897554228,GSE135893
IPF,AT2,ERBB4,8,0.1672370715175692,0.09589044336280614,GSE135893
IPF,AT2,FGF10,8,0.0,0.0,GSE135893
IPF,AT2,FGF7,8,0.1672962245971631,0.08227826117231359,GSE135893
IPF,AT2,FGFR1,8,0.3013052461672482,0.14593157388676212,GSE135893
IPF,AT2,FGFR2,8,0.38474953950769664,0.18448664051759486,GSE135893
IPF,AT2,FGFR3,8,0.12393825805311728,0.0706522374009839,GSE135893
IPF,AT2,FGFR4,8,0.011790578665007764,0.00387928396516325,GSE135893
IPF,AT2,FGFRL1,8,0.07490851913597782,0.04805222981480571,GSE135893
IPF,AT2,FLT1,8,0.0032513752140315125,0.0015068537707062875,GSE135893
IPF,AT2,FZD1,8,0.03859260083718372,0.0241148807699244,GSE135893
IPF,AT2,FZD10,8,0.0,0.0,GSE135893
IPF,AT2,FZD2,8,0.0018791968642217125,0.0010601730853324752,GSE135893
IPF,AT2,FZD3,8,0.05858753698526371,0.03707936909755005,GSE135893
IPF,AT2,FZD4,8,0.005035797071489038,0.0023452053323845,GSE135893
IPF,AT2,FZD5,8,0.29804960527688606,0.1515295035956453,GSE135893
IPF,AT2,FZD6,8,0.18656089185950678,0.09929132754564685,GSE135893
IPF,AT2,FZD7,8,0.055454781072465265,0.03966168734374596,GSE135893
IPF,AT2,FZD8,8,0.0419924359436335,0.025572540407934025,GSE135893
IPF,AT2,FZD9,8,9.15325775427375e-05,6.800870511425e-05,GSE135893
IPF,AT2,GPC1,8,0.08115551186707873,0.045248486923105846,GSE135893
IPF,AT2,GRIN2B,8,0.0,0.0,GSE135893
IPF,AT2,GRM7,8,6.2473548699475e-05,6.800870511425e-05,GSE135893
IPF,AT2,GSDMD,8,0.34844903892394213,0.17728047421305826,GSE135893
IPF,AT2,HBEGF,8,0.8503399084685787,0.2349792610475123,GSE135893
IPF,AT2,IL1A,8,0.0,0.0,GSE135893
IPF,AT2,IL1B,8,0.016302978277569477,0.008441118965257925,GSE135893
IPF,AT2,IL1R1,8,0.7068140549821371,0.2819515710155227,GSE135893
IPF,AT2,IL1R2,8,0.005173024562119899,0.001895537655031325,GSE135893
IPF,AT2,IL1RAP,8,0.0560903602617287,0.036717774858650735,GSE135893
IPF,AT2,IL1RN,8,0.0178549316071597,0.009742452159134612,GSE135893
IPF,AT2,IL6,8,0.13366456936939503,0.030763717198350738,GSE135893
IPF,AT2,ITGA4,8,0.00650089543030885,0.0028374887384468002,GSE135893
IPF,AT2,ITGA5,8,0.014067158090623588,0.007417546195191537,GSE135893
IPF,AT2,ITGA9,8,0.118964373148809,0.06295615844039769,GSE135893
IPF,AT2,ITGAV,8,0.19811712323723107,0.1049994584415645,GSE135893
IPF,AT2,ITGB1,8,1.1747291442946952,0.43782655459635156,GSE135893
IPF,AT2,ITGB3,8,0.0,0.0,GSE135893
IPF,AT2,ITGB5,8,0.06115410896616375,0.04103301773104414,GSE135893
IPF,AT2,ITGB6,8,2.2927542521325406,0.5949285722215726,GSE135893
IPF,AT2,ITGB8,8,0.0066918785640363125,0.004971478102312524,GSE135893
IPF,AT2,KDR,8,0.000637967623279,0.000476060935799775,GSE135893
IPF,AT2,KLRG2,8,3.25680993747e-05,6.800870511425e-05,GSE135893
IPF,AT2,LDLR,8,2.4824188847743773,0.5332246765278066,GSE135893
IPF,AT2,LGR5,8,0.0,0.0,GSE135893
IPF,AT2,LPP,8,0.6669748594735703,0.28289994397315044,GSE135893
IPF,AT2,LRP1,8,0.0534428779153387,0.033654734187896086,GSE135893
IPF,AT2,LRP2,8,0.30106516875301526,0.13091651837578752,GSE135893
IPF,AT2,LRP5,8,0.20107088980086657,0.10657683077097198,GSE135893
IPF,AT2,LRP6,8,0.26394502497532324,0.13897478090879611,GSE135893
IPF,AT2,MCAM,8,0.00360288227787675,0.00148824657032735,GSE135893
IPF,AT2,MTNR1A,8,0.0,0.0,GSE135893
IPF,AT2,MUSK,8,0.0,0.0,GSE135893
IPF,AT2,NLRP3,8,0.001148043729184825,0.0006329113924050625,GSE135893
IPF,AT2,NOTCH1,8,0.25814433471041726,0.12852461237316137,GSE135893
IPF,AT2,NRP1,8,0.07078578751326131,0.04520777507042241,GSE135893
IPF,AT2,NRP2,8,0.3641216712854652,0.14678724370690688,GSE135893
IPF,AT2,PRLR,8,0.013430986106113875,0.008845602420286662,GSE135893
IPF,AT2,PTK7,8,0.491819344383628,0.23502474156233022,GSE135893
IPF,AT2,PTPRK,8,0.48466474229552475,0.2318057729729557,GSE135893
IPF,AT2,PYCARD,8,0.23217739462631698,0.13174751384229225,GSE135893
IPF,AT2,RECK,8,0.023157166996832713,0.018581026164185475,GSE135893
IPF,AT2,RET,8,0.0,0.0,GSE135893
IPF,AT2,ROR1,8,0.0730464250546543,0.03673754688485071,GSE135893
IPF,AT2,ROR2,8,0.0032024282582193125,0.0030019338959212253,GSE135893
IPF,AT2,RYK,8,0.2201587082519223,0.10589197675492035,GSE135893
IPF,AT2,SDC2,8,0.291319037055302,0.15299344151594452,GSE135893
IPF,AT2,SDC4,8,5.366520038966967,0.7576315691224631,GSE135893
IPF,AT2,SIGIRR,8,0.39460849091657096,0.2036640909806733,GSE135893
IPF,AT2,SIRPA,8,0.0014194180264684377,0.0006320996003376125,GSE135893
IPF,AT2,SMO,8,0.0,0.0,GSE135893
IPF,AT2,SPP1,8,0.1539327152793741,0.05123303186745945,GSE135893
IPF,AT2,TGFB1,8,0.28566058180070936,0.13025727411570218,GSE135893
IPF,AT2,TGFBR1,8,0.11270153075889165,0.06371955333075817,GSE135893
IPF,AT2,TGFBR2,8,1.038137123387603,0.3901339839932426,GSE135893
IPF,AT2,TGFBR3,8,0.023860016089853588,0.01571714580584454,GSE135893
IPF,AT2,TMED5,8,0.7184188954959504,0.30775253483813636,GSE135893
IPF,AT2,TNF,8,0.0031782851009330626,0.002429595391879875,GSE135893
IPF,AT2,TYRO3,8,0.0014382474340806002,0.0006085117709688751,GSE135893
IPF,AT2,VANGL2,8,0.000829831015223125,0.000408052230685525,GSE135893
IPF,AT2,VASN,8,0.11947865534109306,0.06479643010492443,GSE135893
IPF,AT2,VEGFA,8,0.629947592078726,0.26110777828861786,GSE135893
IPF,AT2,WNT1,8,0.0,0.0,GSE135893
IPF,AT2,WNT10A,8,0.00013285545050645,6.800870511425e-05,GSE135893
IPF,AT2,WNT10B,8,0.0,0.0,GSE135893
IPF,AT2,WNT11,8,0.0018667642955596375,0.0016569379403214624,GSE135893
IPF,AT2,WNT16,8,0.0,0.0,GSE135893
IPF,AT2,WNT2,8,0.0001059820868228875,6.800870511425e-05,GSE135893
IPF,AT2,WNT2B,8,0.013549743921173949,0.006520178061386987,GSE135893
IPF,AT2,WNT3,8,0.03074873226027465,0.013512201919196387,GSE135893
IPF,AT2,WNT3A,8,0.000110278425675775,6.800870511425e-05,GSE135893
IPF,AT2,WNT4,8,0.0339283091347578,0.020674214979290388,GSE135893
IPF,AT2,WNT5A,8,0.1025132629008351,0.052017510927161385,GSE135893
IPF,AT2,WNT5B,8,0.007177290831589063,0.005240079902254875,GSE135893
IPF,AT2,WNT6,8,0.0,0.0,GSE135893
IPF,AT2,WNT7A,8,0.0,0.0,GSE135893
IPF,AT2,WNT7B,8,0.19642264438458729,0.09886162992394966,GSE135893
IPF,AT2,WNT8A,8,0.0,0.0,GSE135893
IPF,AT2,WNT8B,8,7.83962018608e-05,6.800870511425e-05,GSE135893
IPF,AT2,WNT9A,8,0.010304920689121411,0.004291391051169987,GSE135893
IPF,AT2,WNT9B,8,0.0,0.0,GSE135893
IPF,AT2,XCR1,8,0.0,0.0,GSE135893
IPF,B Cells,ACKR1,3,0.05141840082846544,0.018822181080842798,GSE135893
IPF,B Cells,ACKR2,3,0.0,0.0,GSE135893
IPF,B Cells,ACKR3,3,0.015560274489521768,0.0050251256281407,GSE135893
IPF,B Cells,ACKR4,3,0.007528278094592801,0.0016750418760469001,GSE135893
IPF,B Cells,ACVR1,3,0.056050364849323166,0.029360986217637868,GSE135893
IPF,B Cells,ACVR1B,3,0.03804891259109987,0.017634468639493733,GSE135893
IPF,B Cells,ACVR1C,3,0.006102055660510901,0.0046296296296296,GSE135893
IPF,B Cells,ACVRL1,3,0.019303242909593468,0.014802325467493367,GSE135893
IPF,B Cells,ADGRA2,3,0.0,0.0,GSE135893
IPF,B Cells,ADRA2A,3,0.0,0.0,GSE135893
IPF,B Cells,ADRB2,3,0.09766678900099307,0.0487011078785741,GSE135893
IPF,B Cells,ANTXR1,3,0.0,0.0,GSE135893
IPF,B Cells,APCDD1,3,0.0,0.0,GSE135893
IPF,B Cells,AREG,3,4.7223759981576015,0.3906986198046763,GSE135893
IPF,B Cells,ATP6AP2,3,1.1028323244737617,0.38397518782998813,GSE135893
IPF,B Cells,AVPR1A,3,0.0,0.0,GSE135893
IPF,B Cells,CASP1,3,0.3516736387228958,0.14850935966381615,GSE135893
IPF,B Cells,CAV1,3,0.0678087905518088,0.0165079784889359,GSE135893
IPF,B Cells,CCL2,3,2.826685543533125,0.19029969535788097,GSE135893
IPF,B Cells,CCR1,3,0.21840808180218266,0.09475251501170567,GSE135893
IPF,B Cells,CCR10,3,0.0017920636311617333,0.0016750418760469001,GSE135893
IPF,B Cells,CCR2,3,0.023906584188077836,0.006578947368421034,GSE135893
IPF,B Cells,CCR3,3,0.0,0.0,GSE135893
IPF,B Cells,CCR4,3,0.023059370147665636,0.0090155945419103,GSE135893
IPF,B Cells,CCR5,3,0.05329573286681499,0.027411668478846435,GSE135893
IPF,B Cells,CD36,3,0.2878757196780104,0.11695783988166952,GSE135893
IPF,B Cells,CD4,3,0.2982867024738412,0.1425720219028867,GSE135893
IPF,B Cells,CD44,3,4.769239863664462,0.7493069636682437,GSE135893
IPF,B Cells,CD82,3,2.581271770437013,0.531812326740917,GSE135893
IPF,B Cells,CD9,3,1.5508552447859685,0.2771324948328386,GSE135893
IPF,B Cells,CSF1,3,0.07696615120529343,0.04312743052494437,GSE135893
IPF,B Cells,CSF1R,3,0.49961910503389667,0.17077468237875534,GSE135893
IPF,B Cells,CXCL1,3,0.017824327719813102,0.008893149960327933,GSE135893
IPF,B Cells,CXCL12,3,0.0056436720891068,0.0016750418760469001,GSE135893
IPF,B Cells,CXCL2,3,1.3265973222485572,0.15865021991046846,GSE135893
IPF,B Cells,CXCR1,3,0.0,0.0,GSE135893
IPF,B Cells,CXCR2,3,0.004475547012825767,0.0033500837520938002,GSE135893
IPF,B Cells,CXCR3,3,0.23952564666380094,0.07072154143034858,GSE135893
IPF,B Cells,CXCR4,3,15.861937824247732,0.900768462194011,GSE135893
IPF,B Cells,DPP4,3,0.0074735818348172995,0.0043859649122807,GSE135893
IPF,B Cells,EGFR,3,0.0,0.0,GSE135893
IPF,B Cells,ENG,3,0.40003511585631796,0.1689478092215463,GSE135893
IPF,B Cells,EPHA7,3,0.0,0.0,GSE135893
IPF,B Cells,EPHB2,3,0.027299844973398036,0.017238972640982668,GSE135893
IPF,B Cells,ERBB2,3,0.006140182830083933,0.0016750418760469001,GSE135893
IPF,B Cells,ERBB3,3,0.010619769763391499,0.0021929824561403334,GSE135893
IPF,B Cells,ERBB4,3,0.0,0.0,GSE135893
IPF,B Cells,FGF10,3,0.0,0.0,GSE135893
IPF,B Cells,FGF7,3,0.0,0.0,GSE135893
IPF,B Cells,FGFR1,3,0.05470094528255733,0.0278071644773575,GSE135893
IPF,B Cells,FGFR2,3,0.0,0.0,GSE135893
IPF,B Cells,FGFR3,3,0.0,0.0,GSE135893
IPF,B Cells,FGFR4,3,0.0123757474951487,0.0021929824561403334,GSE135893
IPF,B Cells,FGFRL1,3,0.0037617063092619334,0.0038680243321872337,GSE135893
IPF,B Cells,FLT1,3,0.05660748990560143,0.017908744502238234,GSE135893
IPF,B Cells,FZD1,3,0.0273393456060402,0.0090155945419103,GSE135893
IPF,B Cells,FZD10,3,0.0,0.0,GSE135893
IPF,B Cells,FZD2,3,0.0,0.0,GSE135893
IPF,B Cells,FZD3,3,0.03158918017845813,0.009411090540421399,GSE135893
IPF,B Cells,FZD4,3,0.008091913673588266,0.005543066208234133,GSE135893
IPF,B Cells,FZD5,3,0.010183828152350867,0.0038680243321872337,GSE135893
IPF,B Cells,FZD6,3,0.04049554917289567,0.0150766013302379,GSE135893
IPF,B Cells,FZD7,3,0.0,0.0,GSE135893
IPF,B Cells,FZD8,3,0.007229356392088466,0.0016750418760469001,GSE135893
IPF,B Cells,FZD9,3,0.0,0.0,GSE135893
IPF,B Cells,GPC1,3,0.0203548806660929,0.006822612085769934,GSE135893
IPF,B Cells,GRIN2B,3,0.0,0.0,GSE135893
IPF,B Cells,GRM7,3,0.0,0.0,GSE135893
IPF,B Cells,GSDMD,3,0.4585643724216583,0.19900795400001958,GSE135893
IPF,B Cells,HBEGF,3,0.34986500152059175,0.13056877957036642,GSE135893
IPF,B Cells,IL1A,3,0.079988273551632,0.026558229745217304,GSE135893
IPF,B Cells,IL1B,3,0.5066524941391669,0.134712304211114,GSE135893
IPF,B Cells,IL1R1,3,0.06847150612282726,0.0311572482294513,GSE135893
IPF,B Cells,IL1R2,3,0.22721952247766183,0.05281034803647867,GSE135893
IPF,B Cells,IL1RAP,3,0.15686274264913447,0.07035543213141726,GSE135893
IPF,B Cells,IL1RN,3,0.4248515331578444,0.10020374778375303,GSE135893
IPF,B Cells,IL6,3,0.7432713167393846,0.12529754033324514,GSE135893
IPF,B Cells,ITGA4,3,1.2790268936785667,0.36061643500151824,GSE135893
IPF,B Cells,ITGA5,3,0.19392285440783297,0.09755527148412624,GSE135893
IPF,B Cells,ITGA9,3,0.002124339728658067,0.0016750418760469001,GSE135893
IPF,B Cells,ITGAV,3,0.190462231778861,0.08126034656714366,GSE135893
IPF,B Cells,ITGB1,3,1.8159944282559206,0.42463780892767927,GSE135893
IPF,B Cells,ITGB3,3,0.0,0.0,GSE135893
IPF,B Cells,ITGB5,3,0.011761730712189033,0.0079797133817234,GSE135893
IPF,B Cells,ITGB6,3,0.009584713532081934,0.0021929824561403334,GSE135893
IPF,B Cells,ITGB8,3,0.019700314778382567,0.015563930764935766,GSE135893
IPF,B Cells,KDR,3,0.0028860128808526667,0.0016750418760469001,GSE135893
IPF,B Cells,KLRG2,3,0.0,0.0,GSE135893
IPF,B Cells,LDLR,3,0.06577780741853634,0.04145238864889747,GSE135893
IPF,B Cells,LGR5,3,0.0,0.0,GSE135893
IPF,B Cells,LPP,3,0.534278813938152,0.1868871648691802,GSE135893
IPF,B Cells,LRP1,3,0.36763548515062766,0.13964682084888377,GSE135893
IPF,B Cells,LRP2,3,0.0,0.0,GSE135893
IPF,B Cells,LRP5,3,0.004945833234416667,0.0021929824561403334,GSE135893
IPF,B Cells,LRP6,3,0.005777998882535,0.0016750418760469001,GSE135893
IPF,B Cells,MCAM,3,0.0113255074845032,0.0038680243321872337,GSE135893
IPF,B Cells,MTNR1A,3,0.0,0.0,GSE135893
IPF,B Cells,MUSK,3,0.0,0.0,GSE135893
IPF,B Cells,NLRP3,3,0.2549267341881342,0.10041680135570637,GSE135893
IPF,B Cells,NOTCH1,3,0.19674595286105098,0.08314844201514393,GSE135893
IPF,B Cells,NRP1,3,0.08689636104614647,0.05470089237611053,GSE135893
IPF,B Cells,NRP2,3,0.20837981812168635,0.09846870806273077,GSE135893
IPF,B Cells,PRLR,3,0.0026854378774299,0.0016750418760469001,GSE135893
IPF,B Cells,PTK7,3,0.0,0.0,GSE135893
IPF,B Cells,PTPRK,3,0.2508608899782994,0.08710707533770211,GSE135893
IPF,B Cells,PYCARD,3,1.1634578972481213,0.3641783478797496,GSE135893
IPF,B Cells,RECK,3,0.1445761279186969,0.05899502385220443,GSE135893
IPF,B Cells,RET,3,0.0042689069890545,0.0046296296296296,GSE135893
IPF,B Cells,ROR1,3,0.004938213077968433,0.0016750418760469001,GSE135893
IPF,B Cells,ROR2,3,0.0,0.0,GSE135893
IPF,B Cells,RYK,3,0.09143028472640134,0.0409650592141996,GSE135893
IPF,B Cells,SDC2,3,0.28168064708477786,0.11701538883501324,GSE135893
IPF,B Cells,SDC4,3,0.18539050211768748,0.0769943773448137,GSE135893
IPF,B Cells,SIGIRR,3,0.815991778198311,0.30369072457805596,GSE135893
IPF,B Cells,SIRPA,3,0.2831147034285027,0.12271151077022537,GSE135893
IPF,B Cells,SMO,3,0.0,0.0,GSE135893
IPF,B Cells,SPP1,3,0.6601698805235113,0.12344372936808796,GSE135893
IPF,B Cells,TGFB1,3,0.8876417158606408,0.3112124952246613,GSE135893
IPF,B Cells,TGFBR1,3,0.19715775161697294,0.0811379019855613,GSE135893
IPF,B Cells,TGFBR2,3,1.1326343552682026,0.354581141575323,GSE135893
IPF,B Cells,TGFBR3,3,0.018568831312006134,0.0077360486643745,GSE135893
IPF,B Cells,TMED5,3,0.974012470908861,0.2885504520653952,GSE135893
IPF,B Cells,TNF,3,0.8674152214289864,0.2072937788356989,GSE135893
IPF,B Cells,TYRO3,3,0.0023135937514459667,0.0016750418760469001,GSE135893
IPF,B Cells,VANGL2,3,0.0,0.0,GSE135893
IPF,B Cells,VASN,3,0.014014840921491903,0.0038680243321872337,GSE135893
IPF,B Cells,VEGFA,3,0.15838979907943784,0.066793519253186,GSE135893
IPF,B Cells,WNT1,3,0.0047344315320715,0.0016750418760469001,GSE135893
IPF,B Cells,WNT10A,3,0.10662390100550434,0.04522980399071377,GSE135893
IPF,B Cells,WNT10B,3,0.0,0.0,GSE135893
IPF,B Cells,WNT11,3,0.0,0.0,GSE135893
IPF,B Cells,WNT16,3,0.0201827302626555,0.0087719298245614,GSE135893
IPF,B Cells,WNT2,3,0.0,0.0,GSE135893
IPF,B Cells,WNT2B,3,0.010814124855859133,0.0079797133817234,GSE135893
IPF,B Cells,WNT3,3,0.0212218667883376,0.009259259259259233,GSE135893
IPF,B Cells,WNT3A,3,0.0,0.0,GSE135893
IPF,B Cells,WNT4,3,0.0,0.0,GSE135893
IPF,B Cells,WNT5A,3,0.0,0.0,GSE135893
IPF,B Cells,WNT5B,3,0.0,0.0,GSE135893
IPF,B Cells,WNT6,3,0.007666218959479433,0.0046296296296296,GSE135893
IPF,B Cells,WNT7A,3,0.0,0.0,GSE135893
IPF,B Cells,WNT7B,3,0.0,0.0,GSE135893
IPF,B Cells,WNT8A,3,0.0,0.0,GSE135893
IPF,B Cells,WNT8B,3,0.0,0.0,GSE135893
IPF,B Cells,WNT9A,3,0.0,0.0,GSE135893
IPF,B Cells,WNT9B,3,0.0,0.0,GSE135893
IPF,B Cells,XCR1,3,0.0,0.0,GSE135893
IPF,Basal,ACKR1,6,0.03716491384611163,0.01124620248351705,GSE135893
IPF,Basal,ACKR2,6,0.00052979279168165,0.0019841269841269836,GSE135893
IPF,Basal,ACKR3,6,0.28625323956187215,0.14486547644447995,GSE135893
IPF,Basal,ACKR4,6,0.0026931034109609502,0.0030373580736557,GSE135893
IPF,Basal,ACVR1,6,0.1866420247872308,0.1308889138074498,GSE135893
IPF,Basal,ACVR1B,6,0.2781674724830148,0.16732495095541458,GSE135893
IPF,Basal,ACVR1C,6,0.007289376005484433,0.005527293724888984,GSE135893
IPF,Basal,ACVRL1,6,0.0035763330616145335,0.00269606607514955,GSE135893
IPF,Basal,ADGRA2,6,0.0008717835171347001,0.0013557114283067,GSE135893
IPF,Basal,ADRA2A,6,0.002869432385319767,0.0029147511849417335,GSE135893
IPF,Basal,ADRB2,6,0.6598632419583289,0.2665075989384184,GSE135893
IPF,Basal,ANTXR1,6,0.2527111175217738,0.15054081210149897,GSE135893
IPF,Basal,APCDD1,6,0.22696138433398275,0.14480767775404277,GSE135893
IPF,Basal,AREG,6,3.8983249543956333,0.3247425009022628,GSE135893
IPF,Basal,ATP6AP2,6,1.474868845004979,0.590207070303733,GSE135893
IPF,Basal,AVPR1A,6,0.0014088511354353834,0.00030248033877796666,GSE135893
IPF,Basal,CASP1,6,0.22526630966490194,0.15920877251669954,GSE135893
IPF,Basal,CAV1,6,2.6720299011113813,0.4508823695606483,GSE135893
IPF,Basal,CCL2,6,1.2969615950165951,0.07807013585938331,GSE135893
IPF,Basal,CCR1,6,0.006707943610467417,0.0032092047731366665,GSE135893
IPF,Basal,CCR10,6,0.015371490193571084,0.009632331343789118,GSE135893
IPF,Basal,CCR2,6,0.00020458653552178334,0.0003753753753753667,GSE135893
IPF,Basal,CCR3,6,0.0014231733368212833,0.0012565594178570335,GSE135893
IPF,Basal,CCR4,6,0.0,0.0,GSE135893
IPF,Basal,CCR5,6,0.0004892129043797167,0.00030248033877796666,GSE135893
IPF,Basal,CD36,6,0.015162007804720967,0.012162662541249617,GSE135893
IPF,Basal,CD4,6,0.0024001973852659335,0.0036655019356924834,GSE135893
IPF,Basal,CD44,6,2.3237242337132042,0.6469318472215896,GSE135893
IPF,Basal,CD82,6,0.9691036887000403,0.44638477469250487,GSE135893
IPF,Basal,CD9,6,20.067743346018606,0.9829031464452437,GSE135893
IPF,Basal,CSF1,6,0.2210143421027675,0.10191141101475014,GSE135893
IPF,Basal,CSF1R,6,0.0209911666426419,0.006120741455421749,GSE135893
IPF,Basal,CXCL1,6,3.5382827028592096,0.33588102752282917,GSE135893
IPF,Basal,CXCL12,6,0.011136393638256784,0.0051771956514003,GSE135893
IPF,Basal,CXCL2,6,3.21830832919698,0.2667165265903482,GSE135893
IPF,Basal,CXCR1,6,0.0,0.0,GSE135893
IPF,Basal,CXCR2,6,0.005839230376361466,0.0045517102856032,GSE135893
IPF,Basal,CXCR3,6,0.0,0.0,GSE135893
IPF,Basal,CXCR4,6,0.04777963846250632,0.015201546107044184,GSE135893
IPF,Basal,DPP4,6,0.07127993315048435,0.04433972371305295,GSE135893
IPF,Basal,EGFR,6,2.5904774084394577,0.6718788658814114,GSE135893
IPF,Basal,ENG,6,0.01991899932005658,0.013514863895786282,GSE135893
IPF,Basal,EPHA7,6,0.00910014317023825,0.006282656376000033,GSE135893
IPF,Basal,EPHB2,6,0.06548417578012289,0.0517670019066491,GSE135893
IPF,Basal,ERBB2,6,0.6199577930778274,0.3245717808702975,GSE135893
IPF,Basal,ERBB3,6,0.5765162358756352,0.3122372948881173,GSE135893
IPF,Basal,ERBB4,6,0.05965743257624782,0.04160636173752712,GSE135893
IPF,Basal,FGF10,6,0.0,0.0,GSE135893
IPF,Basal,FGF7,6,0.004080607673681683,0.0028915680004609166,GSE135893
IPF,Basal,FGFR1,6,0.06036864733237727,0.032941984723825334,GSE135893
IPF,Basal,FGFR2,6,0.5770523100035921,0.29435367338292023,GSE135893
IPF,Basal,FGFR3,6,0.5569932549607276,0.2971466293028911,GSE135893
IPF,Basal,FGFR4,6,0.007269428423646567,0.004483994414262949,GSE135893
IPF,Basal,FGFRL1,6,0.05232508817447918,0.04633467286431147,GSE135893
IPF,Basal,FLT1,6,0.012333213031077714,0.0025576060328355832,GSE135893
IPF,Basal,FZD1,6,0.08257954280544376,0.05384589854443072,GSE135893
IPF,Basal,FZD10,6,0.03396434863764181,0.015041358386540984,GSE135893
IPF,Basal,FZD2,6,0.004160243036406666,0.0038719040533922336,GSE135893
IPF,Basal,FZD3,6,0.1607963922880523,0.10480623991451905,GSE135893
IPF,Basal,FZD4,6,0.0390115675246935,0.019060790971682968,GSE135893
IPF,Basal,FZD5,6,0.07563420583207987,0.05100199710793818,GSE135893
IPF,Basal,FZD6,6,0.7368066744499355,0.3498482758307577,GSE135893
IPF,Basal,FZD7,6,0.05156326921617945,0.029408702460762964,GSE135893
IPF,Basal,FZD8,6,0.02120596798782892,0.01804333090917112,GSE135893
IPF,Basal,FZD9,6,0.017039509575296635,0.007936507936507934,GSE135893
IPF,Basal,GPC1,6,0.8903695788875451,0.403156211069178,GSE135893
IPF,Basal,GRIN2B,6,0.0,0.0,GSE135893
IPF,Basal,GRM7,6,0.0013179751604905502,0.0012565594178570335,GSE135893
IPF,Basal,GSDMD,6,0.471751999391719,0.27920106500417474,GSE135893
IPF,Basal,HBEGF,6,0.3359833813760153,0.14112829157142215,GSE135893
IPF,Basal,IL1A,6,0.0006168033009338834,0.00030248033877796666,GSE135893
IPF,Basal,IL1B,6,0.022312336373536263,0.005628350763658283,GSE135893
IPF,Basal,IL1R1,6,0.7946122429533832,0.2560932337487704,GSE135893
IPF,Basal,IL1R2,6,0.07944736667448273,0.0258965415145223,GSE135893
IPF,Basal,IL1RAP,6,0.4622699273065262,0.1689120179360233,GSE135893
IPF,Basal,IL1RN,6,0.09606046484404718,0.08343491441454508,GSE135893
IPF,Basal,IL6,6,0.003872084287885217,0.0019526453552796165,GSE135893
IPF,Basal,ITGA4,6,0.20455650520707339,0.0887218689602301,GSE135893
IPF,Basal,ITGA5,6,0.03677061765335423,0.010986399537088186,GSE135893
IPF,Basal,ITGA9,6,0.050244399443436234,0.025537249289768915,GSE135893
IPF,Basal,ITGAV,6,0.8440950028701505,0.30947407669695837,GSE135893
IPF,Basal,ITGB1,6,2.064110534884888,0.6225587259549937,GSE135893
IPF,Basal,ITGB3,6,0.037187719319252834,0.010695861129551334,GSE135893
IPF,Basal,ITGB5,6,0.2585677931995691,0.15445780270133355,GSE135893
IPF,Basal,ITGB6,6,0.9830592048755106,0.3122558764671222,GSE135893
IPF,Basal,ITGB8,6,0.5225005588870665,0.2662250666302903,GSE135893
IPF,Basal,KDR,6,0.048851261426007965,0.027175884782098165,GSE135893
IPF,Basal,KLRG2,6,0.04127344029196348,0.033001877699352845,GSE135893
IPF,Basal,LDLR,6,0.9413875193118847,0.30486747963096755,GSE135893
IPF,Basal,LGR5,6,0.006855578613780551,0.0047997261586190665,GSE135893
IPF,Basal,LPP,6,0.904200130206995,0.4290817619216929,GSE135893
IPF,Basal,LRP1,6,0.3540966500128003,0.18544047350244144,GSE135893
IPF,Basal,LRP2,6,0.00023587050746878333,0.00030248033877796666,GSE135893
IPF,Basal,LRP5,6,0.3117645873022781,0.17008292717047682,GSE135893
IPF,Basal,LRP6,6,0.19779603389670897,0.1154941045640845,GSE135893
IPF,Basal,MCAM,6,0.11034781204229167,0.05571905707864958,GSE135893
IPF,Basal,MTNR1A,6,0.0039307835148680165,0.003073451602863367,GSE135893
IPF,Basal,MUSK,6,0.0004514069451666833,0.0005787037037037,GSE135893
IPF,Basal,NLRP3,6,0.001487585948144767,0.0008811840424816666,GSE135893
IPF,Basal,NOTCH1,6,0.534431307031613,0.2860568934316056,GSE135893
IPF,Basal,NRP1,6,0.15885112141193777,0.0719074557162101,GSE135893
IPF,Basal,NRP2,6,1.4563217678859621,0.39792690917489026,GSE135893
IPF,Basal,PRLR,6,0.0022783610382035497,0.0005787037037037,GSE135893
IPF,Basal,PTK7,6,0.5981418162550017,0.3176543305738866,GSE135893
IPF,Basal,PTPRK,6,0.9351515047634779,0.3995543300144117,GSE135893
IPF,Basal,PYCARD,6,0.9733757070457482,0.45045013686387986,GSE135893
IPF,Basal,RECK,6,0.06317881938611279,0.03635614934836142,GSE135893
IPF,Basal,RET,6,0.00700168122912595,0.006932717005312267,GSE135893
IPF,Basal,ROR1,6,0.04875524644170903,0.03242289104102405,GSE135893
IPF,Basal,ROR2,6,0.045701107792762014,0.02326217850544482,GSE135893
IPF,Basal,RYK,6,0.31106738160993236,0.20706897768386276,GSE135893
IPF,Basal,SDC2,6,0.12289613516086624,0.06291610632605375,GSE135893
IPF,Basal,SDC4,6,2.070472874414903,0.5793049276806902,GSE135893
IPF,Basal,SIGIRR,6,0.558260569892656,0.31325300919189353,GSE135893
IPF,Basal,SIRPA,6,0.052408155409762465,0.04668919708859398,GSE135893
IPF,Basal,SMO,6,0.03827682256053788,0.02338188592818945,GSE135893
IPF,Basal,SPP1,6,0.038725074544057984,0.01941499331491595,GSE135893
IPF,Basal,TGFB1,6,0.3972354555977999,0.22614285456359537,GSE135893
IPF,Basal,TGFBR1,6,0.18948439467717892,0.11735047072957865,GSE135893
IPF,Basal,TGFBR2,6,1.2204319612957684,0.43225110265182476,GSE135893
IPF,Basal,TGFBR3,6,0.07813684220960941,0.04418428679236843,GSE135893
IPF,Basal,TMED5,6,0.41669123901470523,0.25417332139281074,GSE135893
IPF,Basal,TNF,6,0.0067556321444961496,0.0033003300330033,GSE135893
IPF,Basal,TYRO3,6,0.009704621016424483,0.010253853153127166,GSE135893
IPF,Basal,VANGL2,6,0.14941670714853586,0.09623881295146382,GSE135893
IPF,Basal,VASN,6,0.08061601593844407,0.03868406784106065,GSE135893
IPF,Basal,VEGFA,6,0.4735746012698712,0.2137387315061042,GSE135893
IPF,Basal,WNT1,6,0.0,0.0,GSE135893
IPF,Basal,WNT10A,6,0.21998313365542113,0.11519852997185927,GSE135893
IPF,Basal,WNT10B,6,0.00014786876162395,0.00030248033877796666,GSE135893
IPF,Basal,WNT11,6,0.004248320632248567,0.0017671803328897166,GSE135893
IPF,Basal,WNT16,6,0.00030278312189986666,0.0003753753753753667,GSE135893
IPF,Basal,WNT2,6,0.003254173636222433,0.0017886250588156167,GSE135893
IPF,Basal,WNT2B,6,0.03419784530333008,0.0260853867047819,GSE135893
IPF,Basal,WNT3,6,0.0132287560347774,0.013720910354635135,GSE135893
IPF,Basal,WNT3A,6,0.09742626208854215,0.05378712261463428,GSE135893
IPF,Basal,WNT4,6,0.1110765302318933,0.06899795809885223,GSE135893
IPF,Basal,WNT5A,6,0.04908128275515845,0.04140275639674597,GSE135893
IPF,Basal,WNT5B,6,0.07972517882940998,0.059026649759339,GSE135893
IPF,Basal,WNT6,6,0.005622713933917067,0.0029771016880016338,GSE135893
IPF,Basal,WNT7A,6,0.08304497094880292,0.0508695918534261,GSE135893
IPF,Basal,WNT7B,6,0.21301326908534102,0.14298557019100988,GSE135893
IPF,Basal,WNT8A,6,0.0,0.0,GSE135893
IPF,Basal,WNT8B,6,0.0,0.0,GSE135893
IPF,Basal,WNT9A,6,0.011142383504559684,0.011783562146538517,GSE135893
IPF,Basal,WNT9B,6,0.0,0.0,GSE135893
IPF,Basal,XCR1,6,0.0,0.0,GSE135893
IPF,Ciliated,ACKR1,12,0.024746947734793332,0.011008635153415968,GSE135893
IPF,Ciliated,ACKR2,12,0.02194830992404029,0.011453936195887185,GSE135893
IPF,Ciliated,ACKR3,12,0.018174835488003572,0.009157655055071058,GSE135893
IPF,Ciliated,ACKR4,12,0.20297497275501578,0.09305994792597823,GSE135893
IPF,Ciliated,ACVR1,12,0.28909668670726374,0.1533945804381695,GSE135893
IPF,Ciliated,ACVR1B,12,0.4628925486169175,0.21837694628926155,GSE135893
IPF,Ciliated,ACVR1C,12,0.0014615650137897917,0.00110978690743785,GSE135893
IPF,Ciliated,ACVRL1,12,0.0066176603773340165,0.0049218642671574496,GSE135893
IPF,Ciliated,ADGRA2,12,0.0025157160324764997,0.0010878361912241416,GSE135893
IPF,Ciliated,ADRA2A,12,0.02124110756418092,0.012944078929790477,GSE135893
IPF,Ciliated,ADRB2,12,0.21462370490261798,0.09713143311036698,GSE135893
IPF,Ciliated,ANTXR1,12,0.23219629531221866,0.11605527721949331,GSE135893
IPF,Ciliated,APCDD1,12,0.3205006958550783,0.1758155078581707,GSE135893
IPF,Ciliated,AREG,12,1.192234932078084,0.2741012952184643,GSE135893
IPF,Ciliated,ATP6AP2,12,1.19207645304464,0.4445713619054645,GSE135893
IPF,Ciliated,AVPR1A,12,0.12492700307791348,0.055393442573409814,GSE135893
IPF,Ciliated,CASP1,12,0.08700896916397464,0.055921684232034585,GSE135893
IPF,Ciliated,CAV1,12,0.21381485418981258,0.08005495780566803,GSE135893
IPF,Ciliated,CCL2,12,0.17820171121142003,0.058785561257276214,GSE135893
IPF,Ciliated,CCR1,12,0.004023125305266625,0.0011758988343591916,GSE135893
IPF,Ciliated,CCR10,12,0.028726722844942765,0.020412885501970884,GSE135893
IPF,Ciliated,CCR2,12,0.0,0.0,GSE135893
IPF,Ciliated,CCR3,12,0.0,0.0,GSE135893
IPF,Ciliated,CCR4,12,1.055406074875e-05,1.979414093428333e-05,GSE135893
IPF,Ciliated,CCR5,12,0.0010143452338792166,0.0007340634963455501,GSE135893
IPF,Ciliated,CD36,12,0.027212023161244426,0.009803616130102841,GSE135893
IPF,Ciliated,CD4,12,0.7435507229621284,0.3003031983569277,GSE135893
IPF,Ciliated,CD44,12,0.0877842045521554,0.03651102248607179,GSE135893
IPF,Ciliated,CD82,12,0.3491751236751812,0.18445617160648356,GSE135893
IPF,Ciliated,CD9,12,6.779915880327952,0.843650489760317,GSE135893
IPF,Ciliated,CSF1,12,0.02219909323283638,0.014289404489425575,GSE135893
IPF,Ciliated,CSF1R,12,0.00987698735584524,0.005894692264605925,GSE135893
IPF,Ciliated,CXCL1,12,0.16647123040183925,0.03435317214315909,GSE135893
IPF,Ciliated,CXCL12,12,0.025739626622607852,0.010118627323103375,GSE135893
IPF,Ciliated,CXCL2,12,0.22123160548617263,0.05248921154049981,GSE135893
IPF,Ciliated,CXCR1,12,4.125478138310834e-05,3.9223689391575e-05,GSE135893
IPF,Ciliated,CXCR2,12,0.003125768325718708,0.001098879520083575,GSE135893
IPF,Ciliated,CXCR3,12,0.0009189993281357084,0.0007340327263130083,GSE135893
IPF,Ciliated,CXCR4,12,0.038366865731288634,0.015187256592389092,GSE135893
IPF,Ciliated,DPP4,12,0.009133735608151892,0.0059940640221655996,GSE135893
IPF,Ciliated,EGFR,12,0.32242547475700783,0.15814829789003934,GSE135893
IPF,Ciliated,ENG,12,0.019483054444125833,0.010920655227969601,GSE135893
IPF,Ciliated,EPHA7,12,0.0026717931579287083,0.0010548375089815666,GSE135893
IPF,Ciliated,EPHB2,12,0.004378032400530041,0.002431335736201425,GSE135893
IPF,Ciliated,ERBB2,12,0.8925885412614282,0.3807769913624209,GSE135893
IPF,Ciliated,ERBB3,12,0.7165045573476257,0.2997662060606498,GSE135893
IPF,Ciliated,ERBB4,12,0.4900297896340005,0.22167192699431534,GSE135893
IPF,Ciliated,FGF10,12,1.7830953008091666e-05,1.979414093428333e-05,GSE135893
IPF,Ciliated,FGF7,12,0.006308388716948734,0.004404674279835167,GSE135893
IPF,Ciliated,FGFR1,12,0.017333367050482214,0.009587655393436293,GSE135893
IPF,Ciliated,FGFR2,12,0.11848363260993484,0.062169640011018414,GSE135893
IPF,Ciliated,FGFR3,12,0.006014572683815216,0.004599837790658942,GSE135893
IPF,Ciliated,FGFR4,12,0.003909023343744267,0.001922656706557233,GSE135893
IPF,Ciliated,FGFRL1,12,0.056331412594487006,0.029343548994017157,GSE135893
IPF,Ciliated,FLT1,12,0.003461227735865017,0.0017646697779971335,GSE135893
IPF,Ciliated,FZD1,12,0.07436473043030509,0.0432968163727421,GSE135893
IPF,Ciliated,FZD10,12,0.00042510326608539165,0.00033068783068782503,GSE135893
IPF,Ciliated,FZD2,12,0.00010103287266364999,0.000124686335710675,GSE135893
IPF,Ciliated,FZD3,12,0.41436198007918357,0.20123189471785707,GSE135893
IPF,Ciliated,FZD4,12,0.0639226054059807,0.03689629645089647,GSE135893
IPF,Ciliated,FZD5,12,0.019167843919409924,0.012084393339371209,GSE135893
IPF,Ciliated,FZD6,12,0.6941849724706142,0.31055315122196925,GSE135893
IPF,Ciliated,FZD7,12,0.010251772768569882,0.005912495004676825,GSE135893
IPF,Ciliated,FZD8,12,0.06152226340762626,0.03651280790246027,GSE135893
IPF,Ciliated,FZD9,12,0.0002458141823736667,0.00035011737914511667,GSE135893
IPF,Ciliated,GPC1,12,0.10351014724306383,0.05767643791909194,GSE135893
IPF,Ciliated,GRIN2B,12,1.4282232032700001e-05,1.9429548457291667e-05,GSE135893
IPF,Ciliated,GRM7,12,0.14610872199929872,0.07985655217348782,GSE135893
IPF,Ciliated,GSDMD,12,0.6811371252119834,0.3347784820731688,GSE135893
IPF,Ciliated,HBEGF,12,0.049032738953547955,0.025802635666003867,GSE135893
IPF,Ciliated,IL1A,12,0.000763983742993975,0.0003319091869609583,GSE135893
IPF,Ciliated,IL1B,12,0.043946480986192686,0.018491926639276676,GSE135893
IPF,Ciliated,IL1R1,12,0.24488919114827676,0.10730257060351615,GSE135893
IPF,Ciliated,IL1R2,12,0.012278712254970042,0.005917182281856242,GSE135893
IPF,Ciliated,IL1RAP,12,0.04067685057478724,0.020043024238581467,GSE135893
IPF,Ciliated,IL1RN,12,0.03386119802742725,0.012677636409703591,GSE135893
IPF,Ciliated,IL6,12,0.0058889232431771,0.0027166297540809664,GSE135893
IPF,Ciliated,ITGA4,12,0.011205020838599708,0.005767801541816317,GSE135893
IPF,Ciliated,ITGA5,12,0.016435817279766958,0.005808409397807583,GSE135893
IPF,Ciliated,ITGA9,12,0.03731720063707709,0.01761387635212425,GSE135893
IPF,Ciliated,ITGAV,12,0.4966858799513383,0.21637584469631022,GSE135893
IPF,Ciliated,ITGB1,12,1.3998296895295217,0.47845841157492036,GSE135893
IPF,Ciliated,ITGB3,12,0.010862651330219667,0.004990142003946725,GSE135893
IPF,Ciliated,ITGB5,12,0.2726914963835621,0.14550421529041294,GSE135893
IPF,Ciliated,ITGB6,12,0.10469454652159009,0.055854494205461395,GSE135893
IPF,Ciliated,ITGB8,12,1.151282099424894,0.4011884835489135,GSE135893
IPF,Ciliated,KDR,12,0.009265029579676133,0.00442271855038635,GSE135893
IPF,Ciliated,KLRG2,12,0.0029343267500663334,0.0021594318109357164,GSE135893
IPF,Ciliated,LDLR,12,0.48356006143087266,0.15170000234660178,GSE135893
IPF,Ciliated,LGR5,12,0.0,0.0,GSE135893
IPF,Ciliated,LPP,12,0.4185145695665775,0.19222130968865936,GSE135893
IPF,Ciliated,LRP1,12,0.23129420203943818,0.127354271709887,GSE135893
IPF,Ciliated,LRP2,12,0.17264360237183773,0.06738124277661277,GSE135893
IPF,Ciliated,LRP5,12,0.3328354980922318,0.16935133492454166,GSE135893
IPF,Ciliated,LRP6,12,0.16914271154568297,0.0825629380710191,GSE135893
IPF,Ciliated,MCAM,12,0.0034820099290593667,0.002053349029918733,GSE135893
IPF,Ciliated,MTNR1A,12,0.00031166751842843333,0.00016391002510225,GSE135893
IPF,Ciliated,MUSK,12,0.00014682228419296667,0.00033068783068782503,GSE135893
IPF,Ciliated,NLRP3,12,0.009130071737734167,0.00354857966210915,GSE135893
IPF,Ciliated,NOTCH1,12,0.05105976657310699,0.02280547944162094,GSE135893
IPF,Ciliated,NRP1,12,0.03321186938104766,0.015136884142945601,GSE135893
IPF,Ciliated,NRP2,12,0.757003754209836,0.3289365598624382,GSE135893
IPF,Ciliated,PRLR,12,0.00503577391047075,0.0020288209705011918,GSE135893
IPF,Ciliated,PTK7,12,0.246872238818121,0.1334077542354315,GSE135893
IPF,Ciliated,PTPRK,12,0.8878023963725877,0.32985284661190295,GSE135893
IPF,Ciliated,PYCARD,12,0.42873849399229486,0.22269839670615496,GSE135893
IPF,Ciliated,RECK,12,0.04886587090607544,0.026477275598939486,GSE135893
IPF,Ciliated,RET,12,0.0036346797168921668,0.002869701014578475,GSE135893
IPF,Ciliated,ROR1,12,0.0021479092362972,0.0008578930682600832,GSE135893
IPF,Ciliated,ROR2,12,0.002778520924459467,0.002355432534647142,GSE135893
IPF,Ciliated,RYK,12,0.2572680938204057,0.14904315005611096,GSE135893
IPF,Ciliated,SDC2,12,0.12480496321591161,0.06299958967846901,GSE135893
IPF,Ciliated,SDC4,12,2.567703938321252,0.6274460826326292,GSE135893
IPF,Ciliated,SIGIRR,12,1.3973785123395859,0.5077618075791327,GSE135893
IPF,Ciliated,SIRPA,12,0.006779056523855759,0.0029740339257636333,GSE135893
IPF,Ciliated,SMO,12,0.012874026059444566,0.007758467489717559,GSE135893
IPF,Ciliated,SPP1,12,0.23524028347450046,0.07760037943306229,GSE135893
IPF,Ciliated,TGFB1,12,0.0692014548044742,0.03990536890367106,GSE135893
IPF,Ciliated,TGFBR1,12,0.07657914197908573,0.044565399936615985,GSE135893
IPF,Ciliated,TGFBR2,12,0.4699477371196569,0.20307122900411503,GSE135893
IPF,Ciliated,TGFBR3,12,0.3053768739730664,0.14972210002494618,GSE135893
IPF,Ciliated,TMED5,12,0.4238158431933263,0.20499670376492354,GSE135893
IPF,Ciliated,TNF,12,0.0025850652542871583,0.0011428300512904166,GSE135893
IPF,Ciliated,TYRO3,12,0.003991040435610241,0.0020012676380692833,GSE135893
IPF,Ciliated,VANGL2,12,0.014411716174750575,0.0092595273325617,GSE135893
IPF,Ciliated,VASN,12,0.014849459033503485,0.006320592191148884,GSE135893
IPF,Ciliated,VEGFA,12,0.04065578082220635,0.019598258925417517,GSE135893
IPF,Ciliated,WNT1,12,0.0,0.0,GSE135893
IPF,Ciliated,WNT10A,12,0.0021453345116554915,0.0007044125784694332,GSE135893
IPF,Ciliated,WNT10B,12,0.00010113802519394167,9.751233476345833e-05,GSE135893
IPF,Ciliated,WNT11,12,0.014678512788542401,0.007047576815832942,GSE135893
IPF,Ciliated,WNT16,12,0.044962767983175354,0.022797753445320045,GSE135893
IPF,Ciliated,WNT2,12,6.295621948445937e-06,1.9429548457291667e-05,GSE135893
IPF,Ciliated,WNT2B,12,0.007296777016764941,0.005547079522195442,GSE135893
IPF,Ciliated,WNT3,12,0.00822987996913391,0.003463755932697958,GSE135893
IPF,Ciliated,WNT3A,12,0.0010747233774870833,0.00041388409308545,GSE135893
IPF,Ciliated,WNT4,12,0.02368444534974151,0.01538098893907175,GSE135893
IPF,Ciliated,WNT5A,12,0.009465684547894466,0.004447581887574274,GSE135893
IPF,Ciliated,WNT5B,12,0.1074817933489679,0.05930150693510925,GSE135893
IPF,Ciliated,WNT6,12,0.0,0.0,GSE135893
IPF,Ciliated,WNT7A,12,1.6019085215016667e-05,1.9429548457291667e-05,GSE135893
IPF,Ciliated,WNT7B,12,0.26705449214546,0.13372885509899723,GSE135893
IPF,Ciliated,WNT8A,12,0.0,0.0,GSE135893
IPF,Ciliated,WNT8B,12,0.0007331484777781584,0.00036521138624755835,GSE135893
IPF,Ciliated,WNT9A,12,0.16022631316938662,0.10372663711076474,GSE135893
IPF,Ciliated,WNT9B,12,0.0,0.0,GSE135893
IPF,Ciliated,XCR1,12,3.8390264578008336e-05,3.9223689391575e-05,GSE135893
IPF,Differentiating Ciliated,ACKR1,4,0.002965548218196075,0.003718157812985375,GSE135893
IPF,Differentiating Ciliated,ACKR2,4,0.01202988089795375,0.0201850249264042,GSE135893
IPF,Differentiating Ciliated,ACKR3,4,0.09195508309637945,0.13029551102826958,GSE135893
IPF,Differentiating Ciliated,ACKR4,4,0.0664546791952464,0.1052433098122753,GSE135893
IPF,Differentiating Ciliated,ACVR1,4,0.24675362446902266,0.29181977544046506,GSE135893
IPF,Differentiating Ciliated,ACVR1B,4,0.2727970969987584,0.31685450228553674,GSE135893
IPF,Differentiating Ciliated,ACVR1C,4,0.002572573496348475,0.005747755144306825,GSE135893
IPF,Differentiating Ciliated,ACVRL1,4,0.000731575217807725,0.001428571428571425,GSE135893
IPF,Differentiating Ciliated,ADGRA2,4,0.0068664338326454005,0.007873563218390774,GSE135893
IPF,Differentiating Ciliated,ADRA2A,4,0.10468348056931714,0.11949975221526943,GSE135893
IPF,Differentiating Ciliated,ADRB2,4,0.11551165110044923,0.14415300152369112,GSE135893
IPF,Differentiating Ciliated,ANTXR1,4,0.2573012701416844,0.2951093396352017,GSE135893
IPF,Differentiating Ciliated,APCDD1,4,0.20542030624085267,0.2570903045903046,GSE135893
IPF,Differentiating Ciliated,AREG,4,0.4456228581580895,0.30054344368999536,GSE135893
IPF,Differentiating Ciliated,ATP6AP2,4,0.8304846138054062,0.6380019120105327,GSE135893
IPF,Differentiating Ciliated,AVPR1A,4,0.03606155884960957,0.0570634365892986,GSE135893
IPF,Differentiating Ciliated,CASP1,4,0.0964881742072487,0.139111136999068,GSE135893
IPF,Differentiating Ciliated,CAV1,4,0.7141959515109717,0.3050129254870634,GSE135893
IPF,Differentiating Ciliated,CCL2,4,0.1183122499042985,0.047441141880797025,GSE135893
IPF,Differentiating Ciliated,CCR1,4,0.0008577544605805,0.00095785440613025,GSE135893
IPF,Differentiating Ciliated,CCR10,4,0.016943146115870025,0.0304279649107235,GSE135893
IPF,Differentiating Ciliated,CCR2,4,0.0,0.0,GSE135893
IPF,Differentiating Ciliated,CCR3,4,0.000368435402220925,0.0007142857142857,GSE135893
IPF,Differentiating Ciliated,CCR4,4,0.0,0.0,GSE135893
IPF,Differentiating Ciliated,CCR5,4,0.0,0.0,GSE135893
IPF,Differentiating Ciliated,CD36,4,0.0036983605398214,0.005503557744937025,GSE135893
IPF,Differentiating Ciliated,CD4,4,0.36948097481234077,0.36150544016923325,GSE135893
IPF,Differentiating Ciliated,CD44,4,0.391487423836682,0.30082536354088074,GSE135893
IPF,Differentiating Ciliated,CD82,4,0.6671619171401033,0.5694976257045222,GSE135893
IPF,Differentiating Ciliated,CD9,4,8.787070289103472,0.9574279205313689,GSE135893
IPF,Differentiating Ciliated,CSF1,4,0.06637641013965077,0.08405348082072216,GSE135893
IPF,Differentiating Ciliated,CSF1R,4,0.0,0.0,GSE135893
IPF,Differentiating Ciliated,CXCL1,4,1.7305846799731064,0.4442581436115919,GSE135893
IPF,Differentiating Ciliated,CXCL12,4,0.004782737234079275,0.004432443527271075,GSE135893
IPF,Differentiating Ciliated,CXCL2,4,0.6848493386662097,0.25540468424089113,GSE135893
IPF,Differentiating Ciliated,CXCR1,4,0.0,0.0,GSE135893
IPF,Differentiating Ciliated,CXCR2,4,0.0003092681478549,0.0007142857142857,GSE135893
IPF,Differentiating Ciliated,CXCR3,4,0.00017827727107415,0.0007142857142857,GSE135893
IPF,Differentiating Ciliated,CXCR4,4,0.019007013038943324,0.0162348925279959,GSE135893
IPF,Differentiating Ciliated,DPP4,4,0.023680982473043025,0.0232339605615467,GSE135893
IPF,Differentiating Ciliated,EGFR,4,0.4108403871373524,0.3876561413630379,GSE135893
IPF,Differentiating Ciliated,ENG,4,0.012163582172068775,0.015927325108359577,GSE135893
IPF,Differentiating Ciliated,EPHA7,4,0.0095986148420855,0.012209796002899401,GSE135893
IPF,Differentiating Ciliated,EPHB2,4,0.024064721865916225,0.03557532285980555,GSE135893
IPF,Differentiating Ciliated,ERBB2,4,0.8633090182247525,0.6514661644403024,GSE135893
IPF,Differentiating Ciliated,ERBB3,4,0.832896333451782,0.6199388674388674,GSE135893
IPF,Differentiating Ciliated,ERBB4,4,0.3723407249890453,0.36508589254278906,GSE135893
IPF,Differentiating Ciliated,FGF10,4,0.0,0.0,GSE135893
IPF,Differentiating Ciliated,FGF7,4,0.001116153315954175,0.0027603034068551,GSE135893
IPF,Differentiating Ciliated,FGFR1,4,0.0389909249261324,0.05502544416337515,GSE135893
IPF,Differentiating Ciliated,FGFR2,4,0.3818656005809888,0.39303547389754284,GSE135893
IPF,Differentiating Ciliated,FGFR3,4,0.18152422944815252,0.21697227399813604,GSE135893
IPF,Differentiating Ciliated,FGFR4,4,0.005944264512434825,0.008247440790544175,GSE135893
IPF,Differentiating Ciliated,FGFRL1,4,0.08216381542404998,0.11951491516146685,GSE135893
IPF,Differentiating Ciliated,FLT1,4,0.000570253263160225,0.00095785440613025,GSE135893
IPF,Differentiating Ciliated,FZD1,4,0.0705617997200754,0.0917339938460628,GSE135893
IPF,Differentiating Ciliated,FZD10,4,0.006581763962031975,0.006201423097974775,GSE135893
IPF,Differentiating Ciliated,FZD2,4,0.0058223973700163995,0.008768676311779699,GSE135893
IPF,Differentiating Ciliated,FZD3,4,0.2989956728472788,0.3513244093847542,GSE135893
IPF,Differentiating Ciliated,FZD4,4,0.029682999979263627,0.052785747570230274,GSE135893
IPF,Differentiating Ciliated,FZD5,4,0.050333979448438024,0.06971661932868828,GSE135893
IPF,Differentiating Ciliated,FZD6,4,0.3930787023939034,0.41006318510628853,GSE135893
IPF,Differentiating Ciliated,FZD7,4,0.010169200114581299,0.0160753117649669,GSE135893
IPF,Differentiating Ciliated,FZD8,4,0.0437406381600227,0.06918441840855627,GSE135893
IPF,Differentiating Ciliated,FZD9,4,0.000192451942440525,0.000844594594594575,GSE135893
IPF,Differentiating Ciliated,GPC1,4,0.22934948067552852,0.24682234574475953,GSE135893
IPF,Differentiating Ciliated,GRIN2B,4,0.0,0.0,GSE135893
IPF,Differentiating Ciliated,GRM7,4,0.07745773340119995,0.11156407639166255,GSE135893
IPF,Differentiating Ciliated,GSDMD,4,0.5976138607570853,0.5309525288835634,GSE135893
IPF,Differentiating Ciliated,HBEGF,4,0.06413230902519527,0.07304510791579753,GSE135893
IPF,Differentiating Ciliated,IL1A,4,0.0,0.0,GSE135893
IPF,Differentiating Ciliated,IL1B,4,0.001715508921161025,0.00095785440613025,GSE135893
IPF,Differentiating Ciliated,IL1R1,4,0.5191063514728664,0.4041091029453098,GSE135893
IPF,Differentiating Ciliated,IL1R2,4,0.0110413843791449,0.008491638189914025,GSE135893
IPF,Differentiating Ciliated,IL1RAP,4,0.04455037462737142,0.055250706371396,GSE135893
IPF,Differentiating Ciliated,IL1RN,4,0.0126185315610703,0.0146132709063743,GSE135893
IPF,Differentiating Ciliated,IL6,4,0.042918449093118254,0.031143508040059727,GSE135893
IPF,Differentiating Ciliated,ITGA4,4,0.008551909641776276,0.0124198952647228,GSE135893
IPF,Differentiating Ciliated,ITGA5,4,0.004671323183739075,0.00610458364768705,GSE135893
IPF,Differentiating Ciliated,ITGA9,4,0.059437525945497276,0.06523659743487326,GSE135893
IPF,Differentiating Ciliated,ITGAV,4,0.2441705049561962,0.28952410538617435,GSE135893
IPF,Differentiating Ciliated,ITGB1,4,1.1891585367801725,0.755679651326203,GSE135893
IPF,Differentiating Ciliated,ITGB3,4,0.0063626909004179,0.01175612804923145,GSE135893
IPF,Differentiating Ciliated,ITGB5,4,0.23796385621709693,0.3035199300285507,GSE135893
IPF,Differentiating Ciliated,ITGB6,4,0.17418951985666187,0.19142428142428142,GSE135893
IPF,Differentiating Ciliated,ITGB8,4,0.5077046922587902,0.48127488942144114,GSE135893
IPF,Differentiating Ciliated,KDR,4,0.17638306798309394,0.1644580541132265,GSE135893
IPF,Differentiating Ciliated,KLRG2,4,0.008060634477971075,0.0144829620260654,GSE135893
IPF,Differentiating Ciliated,LDLR,4,0.4376453859695446,0.3626984681726061,GSE135893
IPF,Differentiating Ciliated,LGR5,4,0.0,0.0,GSE135893
IPF,Differentiating Ciliated,LPP,4,0.5898731219321527,0.5221868481782275,GSE135893
IPF,Differentiating Ciliated,LRP1,4,0.15105672593001604,0.1947234981286705,GSE135893
IPF,Differentiating Ciliated,LRP2,4,0.017282278335966877,0.024792212162901776,GSE135893
IPF,Differentiating Ciliated,LRP5,4,0.26411135349561093,0.310344254352875,GSE135893
IPF,Differentiating Ciliated,LRP6,4,0.21320252927172922,0.23034702806254526,GSE135893
IPF,Differentiating Ciliated,MCAM,4,0.0061788129222652,0.008718157812985374,GSE135893
IPF,Differentiating Ciliated,MTNR1A,4,0.0208843223058111,0.0058445945945945505,GSE135893
IPF,Differentiating Ciliated,MUSK,4,0.0,0.0,GSE135893
IPF,Differentiating Ciliated,NLRP3,4,0.0,0.0,GSE135893
IPF,Differentiating Ciliated,NOTCH1,4,0.10224539243770653,0.1057729959023062,GSE135893
IPF,Differentiating Ciliated,NRP1,4,0.06349727506526302,0.09093189248361658,GSE135893
IPF,Differentiating Ciliated,NRP2,4,0.7608948840348538,0.60230619165964,GSE135893
IPF,Differentiating Ciliated,PRLR,4,0.00152509803525735,0.0025167347150105253,GSE135893
IPF,Differentiating Ciliated,PTK7,4,0.27941264218641937,0.3174279390227666,GSE135893
IPF,Differentiating Ciliated,PTPRK,4,0.4844471943579479,0.45778010769390076,GSE135893
IPF,Differentiating Ciliated,PYCARD,4,0.46810991102019917,0.4565963623722244,GSE135893
IPF,Differentiating Ciliated,RECK,4,0.031041855995569374,0.053827589905176075,GSE135893
IPF,Differentiating Ciliated,RET,4,0.004691486148853424,0.009012873711149526,GSE135893
IPF,Differentiating Ciliated,ROR1,4,0.005368565895233,0.009188874835426524,GSE135893
IPF,Differentiating Ciliated,ROR2,4,0.002766117025878925,0.004789900738176551,GSE135893
IPF,Differentiating Ciliated,RYK,4,0.33579683266664895,0.36895272119410044,GSE135893
IPF,Differentiating Ciliated,SDC2,4,0.07627645037531085,0.1032642309797482,GSE135893
IPF,Differentiating Ciliated,SDC4,4,1.5992029771725194,0.8060156030414651,GSE135893
IPF,Differentiating Ciliated,SIGIRR,4,0.8599115080483503,0.6329423142354177,GSE135893
IPF,Differentiating Ciliated,SIRPA,4,0.02033942958872345,0.024124876107634675,GSE135893
IPF,Differentiating Ciliated,SMO,4,0.01588600996400085,0.028058588144794998,GSE135893
IPF,Differentiating Ciliated,SPP1,4,0.06289290546017842,0.024646740336395474,GSE135893
IPF,Differentiating Ciliated,TGFB1,4,0.11755254887199983,0.14133378452343964,GSE135893
IPF,Differentiating Ciliated,TGFBR1,4,0.1056819496846364,0.13009763458039314,GSE135893
IPF,Differentiating Ciliated,TGFBR2,4,0.34902386668420293,0.37232984215742837,GSE135893
IPF,Differentiating Ciliated,TGFBR3,4,0.12673948113658504,0.173041705498602,GSE135893
IPF,Differentiating Ciliated,TMED5,4,0.3751450818785549,0.4176763339694374,GSE135893
IPF,Differentiating Ciliated,TNF,4,0.0,0.0,GSE135893
IPF,Differentiating Ciliated,TYRO3,4,0.014952997509041076,0.022827242266897377,GSE135893
IPF,Differentiating Ciliated,VANGL2,4,0.041545646053676874,0.06108182073699308,GSE135893
IPF,Differentiating Ciliated,VASN,4,0.03395935670232553,0.04562521265107468,GSE135893
IPF,Differentiating Ciliated,VEGFA,4,0.2980484040927728,0.27365743206260446,GSE135893
IPF,Differentiating Ciliated,WNT1,4,0.0,0.0,GSE135893
IPF,Differentiating Ciliated,WNT10A,4,0.0070968790241579755,0.01136457270077955,GSE135893
IPF,Differentiating Ciliated,WNT10B,4,0.00053673408046715,0.0007142857142857,GSE135893
IPF,Differentiating Ciliated,WNT11,4,0.0038579387439181,0.006348781047056875,GSE135893
IPF,Differentiating Ciliated,WNT16,4,0.01408492351946905,0.022634820781372453,GSE135893
IPF,Differentiating Ciliated,WNT2,4,0.0006929424915939,0.00095785440613025,GSE135893
IPF,Differentiating Ciliated,WNT2B,4,0.016024828760205275,0.024436641074572052,GSE135893
IPF,Differentiating Ciliated,WNT3,4,0.028215217417603727,0.026041213627420477,GSE135893
IPF,Differentiating Ciliated,WNT3A,4,0.010534965712657425,0.018003872098699625,GSE135893
IPF,Differentiating Ciliated,WNT4,4,0.07084976732661692,0.10459596295803189,GSE135893
IPF,Differentiating Ciliated,WNT5A,4,0.10266458356344862,0.11841452906108074,GSE135893
IPF,Differentiating Ciliated,WNT5B,4,0.1174829813700869,0.15495992914096357,GSE135893
IPF,Differentiating Ciliated,WNT6,4,0.000232742168226025,0.0007142857142857,GSE135893
IPF,Differentiating Ciliated,WNT7A,4,0.002190388466546625,0.0031007115489873754,GSE135893
IPF,Differentiating Ciliated,WNT7B,4,0.2568463474876985,0.31019752511131815,GSE135893
IPF,Differentiating Ciliated,WNT8A,4,0.0,0.0,GSE135893
IPF,Differentiating Ciliated,WNT8B,4,0.0034913429338238253,0.004416023166023125,GSE135893
IPF,Differentiating Ciliated,WNT9A,4,0.09168859415358155,0.1377520192606399,GSE135893
IPF,Differentiating Ciliated,WNT9B,4,0.0,0.0,GSE135893
IPF,Differentiating Ciliated,XCR1,4,0.0,0.0,GSE135893
IPF,Endothelial Cells,ACKR1,11,18.849442327005512,0.5646687357903367,GSE135893
IPF,Endothelial Cells,ACKR2,11,0.008896548472709726,0.003795200571292555,GSE135893
IPF,Endothelial Cells,ACKR3,11,0.4566729966869435,0.11035080024567909,GSE135893
IPF,Endothelial Cells,ACKR4,11,0.06697530962450288,0.027290733044676763,GSE135893
IPF,Endothelial Cells,ACVR1,11,0.1429031227907973,0.0642231055329333,GSE135893
IPF,Endothelial Cells,ACVR1B,11,0.16204785284235904,0.07442251838919231,GSE135893
IPF,Endothelial Cells,ACVR1C,11,0.0003580570204550363,0.0003860258637328636,GSE135893
IPF,Endothelial Cells,ACVRL1,11,2.81894457651512,0.5316223450884624,GSE135893
IPF,Endothelial Cells,ADGRA2,11,0.21377067502428843,0.0885434011972846,GSE135893
IPF,Endothelial Cells,ADRA2A,11,0.004266911207194982,0.002145716406675509,GSE135893
IPF,Endothelial Cells,ADRB2,11,0.40191574940988867,0.14919108473348033,GSE135893
IPF,Endothelial Cells,ANTXR1,11,0.08591969167058049,0.032099484733527535,GSE135893
IPF,Endothelial Cells,APCDD1,11,0.06800463486214865,0.0206991815626832,GSE135893
IPF,Endothelial Cells,AREG,11,0.47652563479820015,0.10665898698913048,GSE135893
IPF,Endothelial Cells,ATP6AP2,11,1.2971910889384763,0.43918666721861244,GSE135893
IPF,Endothelial Cells,AVPR1A,11,0.0032647717501130182,0.0023848279839247637,GSE135893
IPF,Endothelial Cells,CASP1,11,0.4079125078568946,0.17442171933269648,GSE135893
IPF,Endothelial Cells,CAV1,11,17.521451843043454,0.9577621361909405,GSE135893
IPF,Endothelial Cells,CCL2,11,5.310801742865151,0.3280658786428422,GSE135893
IPF,Endothelial Cells,CCR1,11,0.0028376089882375453,0.0013510905230650365,GSE135893
IPF,Endothelial Cells,CCR10,11,0.012105180211446675,0.004723479188445045,GSE135893
IPF,Endothelial Cells,CCR2,11,0.001242525559620882,0.0007720517274657364,GSE135893
IPF,Endothelial Cells,CCR3,11,0.0,0.0,GSE135893
IPF,Endothelial Cells,CCR4,11,0.0005343658135837,0.00019301293186642729,GSE135893
IPF,Endothelial Cells,CCR5,11,0.0021963024266029364,0.002320261840522027,GSE135893
IPF,Endothelial Cells,CD36,11,1.0083217275507717,0.14223047248899545,GSE135893
IPF,Endothelial Cells,CD4,11,0.016763489895456674,0.010425234580961,GSE135893
IPF,Endothelial Cells,CD44,11,0.35577126373105816,0.11958095407073589,GSE135893
IPF,Endothelial Cells,CD82,11,0.8603750078364925,0.195397466559905,GSE135893
IPF,Endothelial Cells,CD9,11,5.905393809397799,0.7179291681421174,GSE135893
IPF,Endothelial Cells,CSF1,11,0.31747440604018107,0.1200124887924523,GSE135893
IPF,Endothelial Cells,CSF1R,11,0.009395791641337328,0.0049530342953898,GSE135893
IPF,Endothelial Cells,CXCL1,11,0.08212933487496928,0.025128159722771163,GSE135893
IPF,Endothelial Cells,CXCL12,11,5.148573380271623,0.40839171478292785,GSE135893
IPF,Endothelial Cells,CXCL2,11,4.371854289102148,0.28988844858894813,GSE135893
IPF,Endothelial Cells,CXCR1,11,0.0,0.0,GSE135893
IPF,Endothelial Cells,CXCR2,11,0.00046429520747098184,0.0003860258637328636,GSE135893
IPF,Endothelial Cells,CXCR3,11,0.005027095710007837,0.0018192744381313817,GSE135893
IPF,Endothelial Cells,CXCR4,11,0.09296545011212642,0.03695142964470592,GSE135893
IPF,Endothelial Cells,DPP4,11,0.055658003543745796,0.02683458964541445,GSE135893
IPF,Endothelial Cells,EGFR,11,0.15908154773308675,0.06112778327141363,GSE135893
IPF,Endothelial Cells,ENG,11,10.967871425597254,0.9037393827510612,GSE135893
IPF,Endothelial Cells,EPHA7,11,0.05619454838290978,0.02248554139304238,GSE135893
IPF,Endothelial Cells,EPHB2,11,0.003250242621322373,0.0022115842441551184,GSE135893
IPF,Endothelial Cells,ERBB2,11,0.11914359325908287,0.05504435013220348,GSE135893
IPF,Endothelial Cells,ERBB3,11,0.023142542432686774,0.010192745481750965,GSE135893
IPF,Endothelial Cells,ERBB4,11,0.004996595310905309,0.0019631372156708638,GSE135893
IPF,Endothelial Cells,FGF10,11,0.00019103565202855456,6.447453255963637e-05,GSE135893
IPF,Endothelial Cells,FGF7,11,0.019005605259500066,0.006938266597633482,GSE135893
IPF,Endothelial Cells,FGFR1,11,0.450690321791328,0.19293519661189604,GSE135893
IPF,Endothelial Cells,FGFR2,11,0.00590076954893749,0.0027028856212154453,GSE135893
IPF,Endothelial Cells,FGFR3,11,0.12156064761350253,0.04642616109390587,GSE135893
IPF,Endothelial Cells,FGFR4,11,0.0003107309184872636,0.0001934235976789091,GSE135893
IPF,Endothelial Cells,FGFRL1,11,0.021015288468168344,0.011392895332723908,GSE135893
IPF,Endothelial Cells,FLT1,11,2.803734652609368,0.5379912985648982,GSE135893
IPF,Endothelial Cells,FZD1,11,0.016859862973290337,0.009792785330906264,GSE135893
IPF,Endothelial Cells,FZD10,11,0.010626098112561091,0.0036546879771963635,GSE135893
IPF,Endothelial Cells,FZD2,11,0.0029381668346444454,0.0014923265893913363,GSE135893
IPF,Endothelial Cells,FZD3,11,0.013431950298508383,0.005629386911733945,GSE135893
IPF,Endothelial Cells,FZD4,11,1.2950719909623212,0.3820731771163483,GSE135893
IPF,Endothelial Cells,FZD5,11,0.021483837547771775,0.011594861552397383,GSE135893
IPF,Endothelial Cells,FZD6,11,0.8240450416835645,0.2973152886654024,GSE135893
IPF,Endothelial Cells,FZD7,11,0.004424089376131073,0.003426151900368018,GSE135893
IPF,Endothelial Cells,FZD8,11,0.10136951972677079,0.044926168466003884,GSE135893
IPF,Endothelial Cells,FZD9,11,0.0,0.0,GSE135893
IPF,Endothelial Cells,GPC1,11,0.012854437546047464,0.0034399760448320634,GSE135893
IPF,Endothelial Cells,GRIN2B,11,0.002794100075752091,0.0008776610173210092,GSE135893
IPF,Endothelial Cells,GRM7,11,0.0,0.0,GSE135893
IPF,Endothelial Cells,GSDMD,11,0.969409799784567,0.3332629547873571,GSE135893
IPF,Endothelial Cells,HBEGF,11,0.8978778561940863,0.2437895818052221,GSE135893
IPF,Endothelial Cells,IL1A,11,0.0005498051019505273,0.0003860258637328636,GSE135893
IPF,Endothelial Cells,IL1B,11,0.0439436506247289,0.01892873549546902,GSE135893
IPF,Endothelial Cells,IL1R1,11,1.4276422856672562,0.30783501822898174,GSE135893
IPF,Endothelial Cells,IL1R2,11,0.02535401160650823,0.009766937529947391,GSE135893
IPF,Endothelial Cells,IL1RAP,11,0.14430173730286613,0.059537644485527834,GSE135893
IPF,Endothelial Cells,IL1RN,11,0.023389246344272564,0.0108488769375342,GSE135893
IPF,Endothelial Cells,IL6,11,1.3195604998525978,0.1713232127675536,GSE135893
IPF,Endothelial Cells,ITGA4,11,0.21187935047600479,0.057057566143386425,GSE135893
IPF,Endothelial Cells,ITGA5,11,2.368158447272632,0.5525467545868322,GSE135893
IPF,Endothelial Cells,ITGA9,11,0.12904547621821066,0.05820350791918418,GSE135893
IPF,Endothelial Cells,ITGAV,11,1.0893220816609632,0.3198108225817408,GSE135893
IPF,Endothelial Cells,ITGB1,11,5.3929522391835345,0.8258549492810108,GSE135893
IPF,Endothelial Cells,ITGB3,11,0.053692663088984544,0.023795913357666284,GSE135893
IPF,Endothelial Cells,ITGB5,11,0.12402825810655331,0.04557833891904759,GSE135893
IPF,Endothelial Cells,ITGB6,11,0.0220758569798617,0.011097245876231437,GSE135893
IPF,Endothelial Cells,ITGB8,11,0.019250215653981682,0.006795579514542418,GSE135893
IPF,Endothelial Cells,KDR,11,1.0629917821907482,0.29607767825680226,GSE135893
IPF,Endothelial Cells,KLRG2,11,0.0010137146066007637,0.0005899958616004455,GSE135893
IPF,Endothelial Cells,LDLR,11,1.0357523694499073,0.3052366654031788,GSE135893
IPF,Endothelial Cells,LGR5,11,0.0007001066690045909,0.0001934235976789091,GSE135893
IPF,Endothelial Cells,LPP,11,1.094283636280923,0.3565653937657495,GSE135893
IPF,Endothelial Cells,LRP1,11,0.038955063572742074,0.018001298980686344,GSE135893
IPF,Endothelial Cells,LRP2,11,0.0015562683143171003,0.00048181214725601817,GSE135893
IPF,Endothelial Cells,LRP5,11,0.31656234465508937,0.1389172312704772,GSE135893
IPF,Endothelial Cells,LRP6,11,0.40727843040711403,0.15432086690811667,GSE135893
IPF,Endothelial Cells,MCAM,11,1.9493918332722926,0.47614657028845636,GSE135893
IPF,Endothelial Cells,MTNR1A,11,0.0001650653675361909,6.447453255963637e-05,GSE135893
IPF,Endothelial Cells,MUSK,11,0.0,0.0,GSE135893
IPF,Endothelial Cells,NLRP3,11,0.015080259461332663,0.004102921527044009,GSE135893
IPF,Endothelial Cells,NOTCH1,11,0.7360584596744514,0.25905284233244474,GSE135893
IPF,Endothelial Cells,NRP1,11,2.2145951508452004,0.48322379393156256,GSE135893
IPF,Endothelial Cells,NRP2,11,0.6757420878668042,0.2230312680411232,GSE135893
IPF,Endothelial Cells,PRLR,11,0.0128881056152626,0.0043069313862477004,GSE135893
IPF,Endothelial Cells,PTK7,11,0.10343681471235242,0.047476004975882065,GSE135893
IPF,Endothelial Cells,PTPRK,11,0.8983103784385222,0.3095871372302838,GSE135893
IPF,Endothelial Cells,PYCARD,11,0.4646211488031671,0.18875436870497408,GSE135893
IPF,Endothelial Cells,RECK,11,0.20336577660729063,0.09295037138459782,GSE135893
IPF,Endothelial Cells,RET,11,0.0,0.0,GSE135893
IPF,Endothelial Cells,ROR1,11,0.012251235289046173,0.004605032961314855,GSE135893
IPF,Endothelial Cells,ROR2,11,0.00013250900000289092,0.00012894906511927274,GSE135893
IPF,Endothelial Cells,RYK,11,0.26605601620033703,0.12470975321404955,GSE135893
IPF,Endothelial Cells,SDC2,11,0.03021140657151341,0.015943733768014882,GSE135893
IPF,Endothelial Cells,SDC4,11,0.11711591287796189,0.05164393734913202,GSE135893
IPF,Endothelial Cells,SIGIRR,11,1.2834659632960537,0.43700666353760664,GSE135893
IPF,Endothelial Cells,SIRPA,11,0.2158981213888593,0.09381964946721641,GSE135893
IPF,Endothelial Cells,SMO,11,0.0016587919518003637,0.0011358718756036181,GSE135893
IPF,Endothelial Cells,SPP1,11,0.7726829574863391,0.13196391447463274,GSE135893
IPF,Endothelial Cells,TGFB1,11,0.8039666414732362,0.2976561601956942,GSE135893
IPF,Endothelial Cells,TGFBR1,11,0.18944917995145205,0.07694091736847769,GSE135893
IPF,Endothelial Cells,TGFBR2,11,4.047348478280115,0.6943687860205646,GSE135893
IPF,Endothelial Cells,TGFBR3,11,1.6687209628439696,0.4135890842836912,GSE135893
IPF,Endothelial Cells,TMED5,11,0.4931257962560011,0.2094047747840655,GSE135893
IPF,Endothelial Cells,TNF,11,0.006704155473857445,0.002616830733181336,GSE135893
IPF,Endothelial Cells,TYRO3,11,0.03472964070470388,0.01861020069227902,GSE135893
IPF,Endothelial Cells,VANGL2,11,0.07641663598482007,0.02672041054971741,GSE135893
IPF,Endothelial Cells,VASN,11,0.038549898911530135,0.013092877726028363,GSE135893
IPF,Endothelial Cells,VEGFA,11,0.22712263220884188,0.07813963616133014,GSE135893
IPF,Endothelial Cells,WNT1,11,0.0,0.0,GSE135893
IPF,Endothelial Cells,WNT10A,11,0.0,0.0,GSE135893
IPF,Endothelial Cells,WNT10B,11,0.00017573789662790907,0.00019301293186642729,GSE135893
IPF,Endothelial Cells,WNT11,11,0.0028917910626620816,0.003223726627981936,GSE135893
IPF,Endothelial Cells,WNT16,11,0.0,0.0,GSE135893
IPF,Endothelial Cells,WNT2,11,0.0005561651743828091,0.0004784688995215273,GSE135893
IPF,Endothelial Cells,WNT2B,11,0.16614042579051877,0.06170059024774095,GSE135893
IPF,Endothelial Cells,WNT3,11,0.006354522233269964,0.002850170567539891,GSE135893
IPF,Endothelial Cells,WNT3A,11,9.859998862155454e-05,6.447453255963637e-05,GSE135893
IPF,Endothelial Cells,WNT4,11,0.003998976217195254,0.0021499668214996636,GSE135893
IPF,Endothelial Cells,WNT5A,11,0.012869809629562391,0.005048439799070691,GSE135893
IPF,Endothelial Cells,WNT5B,11,0.02349654455302673,0.008772536089281472,GSE135893
IPF,Endothelial Cells,WNT6,11,0.0,0.0,GSE135893
IPF,Endothelial Cells,WNT7A,11,9.859998862155454e-05,6.447453255963637e-05,GSE135893
IPF,Endothelial Cells,WNT7B,11,0.0029229577209027276,0.0008780716831335001,GSE135893
IPF,Endothelial Cells,WNT8A,11,0.0,0.0,GSE135893
IPF,Endothelial Cells,WNT8B,11,0.0,0.0,GSE135893
IPF,Endothelial Cells,WNT9A,11,0.0015789342404402727,0.0009866660632904182,GSE135893
IPF,Endothelial Cells,WNT9B,11,0.005565751539541418,0.002545368812856609,GSE135893
IPF,Endothelial Cells,XCR1,11,0.0,0.0,GSE135893
IPF,HAS1 High Fibroblasts,ACKR1,1,0.0236588784903139,0.0335195530726257,GSE135893
IPF,HAS1 High Fibroblasts,ACKR2,1,0.0082903149557181,0.0111731843575419,GSE135893
IPF,HAS1 High Fibroblasts,ACKR3,1,1.9674949269998032,0.6759776536312849,GSE135893
IPF,HAS1 High Fibroblasts,ACKR4,1,0.1970060987718058,0.1675977653631284,GSE135893
IPF,HAS1 High Fibroblasts,ACVR1,1,0.3485001479349922,0.3631284916201117,GSE135893
IPF,HAS1 High Fibroblasts,ACVR1B,1,0.156389201608357,0.1787709497206704,GSE135893
IPF,HAS1 High Fibroblasts,ACVR1C,1,0.0,0.0,GSE135893
IPF,HAS1 High Fibroblasts,ACVRL1,1,0.2952418679717084,0.3128491620111732,GSE135893
IPF,HAS1 High Fibroblasts,ADGRA2,1,0.2628060053341679,0.2960893854748603,GSE135893
IPF,HAS1 High Fibroblasts,ADRA2A,1,0.0110375191080867,0.0167597765363128,GSE135893
IPF,HAS1 High Fibroblasts,ADRB2,1,0.0107687455625653,0.0167597765363128,GSE135893
IPF,HAS1 High Fibroblasts,ANTXR1,1,1.6679753027852051,0.8044692737430168,GSE135893
IPF,HAS1 High Fibroblasts,APCDD1,1,0.2251701047001034,0.2346368715083799,GSE135893
IPF,HAS1 High Fibroblasts,AREG,1,0.5736108635859263,0.1508379888268156,GSE135893
IPF,HAS1 High Fibroblasts,ATP6AP2,1,1.6116533306344007,0.8547486033519553,GSE135893
IPF,HAS1 High Fibroblasts,AVPR1A,1,0.0,0.0,GSE135893
IPF,HAS1 High Fibroblasts,CASP1,1,0.0846047140456247,0.1284916201117318,GSE135893
IPF,HAS1 High Fibroblasts,CAV1,1,3.436254167137592,0.8268156424581006,GSE135893
IPF,HAS1 High Fibroblasts,CCL2,1,26.18714412903508,0.8435754189944135,GSE135893
IPF,HAS1 High Fibroblasts,CCR1,1,0.0127463102096253,0.0111731843575419,GSE135893
IPF,HAS1 High Fibroblasts,CCR10,1,0.0141770058898463,0.0223463687150838,GSE135893
IPF,HAS1 High Fibroblasts,CCR2,1,0.0,0.0,GSE135893
IPF,HAS1 High Fibroblasts,CCR3,1,0.0,0.0,GSE135893
IPF,HAS1 High Fibroblasts,CCR4,1,0.0,0.0,GSE135893
IPF,HAS1 High Fibroblasts,CCR5,1,0.0028364095139982,0.0055865921787709,GSE135893
IPF,HAS1 High Fibroblasts,CD36,1,0.0,0.0,GSE135893
IPF,HAS1 High Fibroblasts,CD4,1,0.0602428374283238,0.0782122905027933,GSE135893
IPF,HAS1 High Fibroblasts,CD44,1,4.886166165641689,0.9664804469273744,GSE135893
IPF,HAS1 High Fibroblasts,CD82,1,0.0124372721030994,0.0223463687150838,GSE135893
IPF,HAS1 High Fibroblasts,CD9,1,0.7848751362742622,0.3519553072625698,GSE135893
IPF,HAS1 High Fibroblasts,CSF1,1,0.6679292469082047,0.4804469273743016,GSE135893
IPF,HAS1 High Fibroblasts,CSF1R,1,0.007560117490471,0.0111731843575419,GSE135893
IPF,HAS1 High Fibroblasts,CXCL1,1,10.05227237829301,0.5083798882681564,GSE135893
IPF,HAS1 High Fibroblasts,CXCL12,1,6.48565248225696,0.9273743016759776,GSE135893
IPF,HAS1 High Fibroblasts,CXCL2,1,20.665795789372734,0.8268156424581006,GSE135893
IPF,HAS1 High Fibroblasts,CXCR1,1,0.0,0.0,GSE135893
IPF,HAS1 High Fibroblasts,CXCR2,1,0.0,0.0,GSE135893
IPF,HAS1 High Fibroblasts,CXCR3,1,0.0472416342049356,0.0335195530726257,GSE135893
IPF,HAS1 High Fibroblasts,CXCR4,1,0.0231440352469872,0.0167597765363128,GSE135893
IPF,HAS1 High Fibroblasts,DPP4,1,0.24753119710579,0.2402234636871508,GSE135893
IPF,HAS1 High Fibroblasts,EGFR,1,1.0417341314129855,0.6089385474860335,GSE135893
IPF,HAS1 High Fibroblasts,ENG,1,1.0190048775774347,0.659217877094972,GSE135893
IPF,HAS1 High Fibroblasts,EPHA7,1,0.0,0.0,GSE135893
IPF,HAS1 High Fibroblasts,EPHB2,1,0.3429558732371622,0.3072625698324022,GSE135893
IPF,HAS1 High Fibroblasts,ERBB2,1,0.094679249805656,0.1229050279329608,GSE135893
IPF,HAS1 High Fibroblasts,ERBB3,1,0.0,0.0,GSE135893
IPF,HAS1 High Fibroblasts,ERBB4,1,0.017239863953166,0.0223463687150838,GSE135893
IPF,HAS1 High Fibroblasts,FGF10,1,0.210389348867722,0.1452513966480447,GSE135893
IPF,HAS1 High Fibroblasts,FGF7,1,5.632324638122122,0.8379888268156425,GSE135893
IPF,HAS1 High Fibroblasts,FGFR1,1,2.241787322474011,0.8435754189944135,GSE135893
IPF,HAS1 High Fibroblasts,FGFR2,1,0.0069536870534863,0.0055865921787709,GSE135893
IPF,HAS1 High Fibroblasts,FGFR3,1,0.0,0.0,GSE135893
IPF,HAS1 High Fibroblasts,FGFR4,1,0.0,0.0,GSE135893
IPF,HAS1 High Fibroblasts,FGFRL1,1,0.125496713068667,0.1452513966480447,GSE135893
IPF,HAS1 High Fibroblasts,FLT1,1,0.0208103667025003,0.0223463687150838,GSE135893
IPF,HAS1 High Fibroblasts,FZD1,1,0.1733314693982033,0.2122905027932961,GSE135893
IPF,HAS1 High Fibroblasts,FZD10,1,0.0143864701517021,0.0167597765363128,GSE135893
IPF,HAS1 High Fibroblasts,FZD2,1,0.0034070818922796,0.0055865921787709,GSE135893
IPF,HAS1 High Fibroblasts,FZD3,1,0.0,0.0,GSE135893
IPF,HAS1 High Fibroblasts,FZD4,1,0.2518196494397165,0.2793296089385474,GSE135893
IPF,HAS1 High Fibroblasts,FZD5,1,0.0097329306185021,0.0167597765363128,GSE135893
IPF,HAS1 High Fibroblasts,FZD6,1,0.090751036156924,0.1340782122905028,GSE135893
IPF,HAS1 High Fibroblasts,FZD7,1,0.1685778421154233,0.2067039106145251,GSE135893
IPF,HAS1 High Fibroblasts,FZD8,1,0.1001104476049675,0.1117318435754189,GSE135893
IPF,HAS1 High Fibroblasts,FZD9,1,0.0,0.0,GSE135893
IPF,HAS1 High Fibroblasts,GPC1,1,0.8145410712420428,0.5307262569832403,GSE135893
IPF,HAS1 High Fibroblasts,GRIN2B,1,0.0,0.0,GSE135893
IPF,HAS1 High Fibroblasts,GRM7,1,0.0034894392122242,0.0055865921787709,GSE135893
IPF,HAS1 High Fibroblasts,GSDMD,1,0.2818173135391511,0.3351955307262569,GSE135893
IPF,HAS1 High Fibroblasts,HBEGF,1,1.413620287940773,0.5307262569832403,GSE135893
IPF,HAS1 High Fibroblasts,IL1A,1,0.0290715442208262,0.0335195530726257,GSE135893
IPF,HAS1 High Fibroblasts,IL1B,1,0.0167590609666023,0.0279329608938547,GSE135893
IPF,HAS1 High Fibroblasts,IL1R1,1,5.361584933846651,0.9664804469273744,GSE135893
IPF,HAS1 High Fibroblasts,IL1R2,1,0.0710755646536416,0.0726256983240223,GSE135893
IPF,HAS1 High Fibroblasts,IL1RAP,1,0.1262969849929758,0.1452513966480447,GSE135893
IPF,HAS1 High Fibroblasts,IL1RN,1,0.0531432705601012,0.0111731843575419,GSE135893
IPF,HAS1 High Fibroblasts,IL6,1,3.40961187092041,0.4525139664804469,GSE135893
IPF,HAS1 High Fibroblasts,ITGA4,1,0.0262894878783026,0.0391061452513966,GSE135893
IPF,HAS1 High Fibroblasts,ITGA5,1,1.139028422737859,0.6145251396648045,GSE135893
IPF,HAS1 High Fibroblasts,ITGA9,1,0.0402366443030367,0.0614525139664804,GSE135893
IPF,HAS1 High Fibroblasts,ITGAV,1,1.8277447379039933,0.8268156424581006,GSE135893
IPF,HAS1 High Fibroblasts,ITGB1,1,10.149011711689706,0.994413407821229,GSE135893
IPF,HAS1 High Fibroblasts,ITGB3,1,0.1001751751612456,0.1173184357541899,GSE135893
IPF,HAS1 High Fibroblasts,ITGB5,1,0.3605588402323649,0.3240223463687151,GSE135893
IPF,HAS1 High Fibroblasts,ITGB6,1,0.019665378624212,0.0223463687150838,GSE135893
IPF,HAS1 High Fibroblasts,ITGB8,1,0.0770677070749479,0.0893854748603352,GSE135893
IPF,HAS1 High Fibroblasts,KDR,1,0.0081410699191637,0.0111731843575419,GSE135893
IPF,HAS1 High Fibroblasts,KLRG2,1,0.0,0.0,GSE135893
IPF,HAS1 High Fibroblasts,LDLR,1,0.4941341450797453,0.3519553072625698,GSE135893
IPF,HAS1 High Fibroblasts,LGR5,1,0.0037627750917834,0.0055865921787709,GSE135893
IPF,HAS1 High Fibroblasts,LPP,1,1.46209216909808,0.8324022346368715,GSE135893
IPF,HAS1 High Fibroblasts,LRP1,1,2.984281103634162,0.9217877094972068,GSE135893
IPF,HAS1 High Fibroblasts,LRP2,1,0.0,0.0,GSE135893
IPF,HAS1 High Fibroblasts,LRP5,1,0.0091400346134897,0.0167597765363128,GSE135893
IPF,HAS1 High Fibroblasts,LRP6,1,0.1598772443474438,0.1955307262569832,GSE135893
IPF,HAS1 High Fibroblasts,MCAM,1,0.0075812080048459,0.0055865921787709,GSE135893
IPF,HAS1 High Fibroblasts,MTNR1A,1,0.0074357482533685,0.0111731843575419,GSE135893
IPF,HAS1 High Fibroblasts,MUSK,1,0.0,0.0,GSE135893
IPF,HAS1 High Fibroblasts,NLRP3,1,0.0045053162732023,0.0055865921787709,GSE135893
IPF,HAS1 High Fibroblasts,NOTCH1,1,0.0182761320649384,0.0279329608938547,GSE135893
IPF,HAS1 High Fibroblasts,NRP1,1,0.4202059940405062,0.3519553072625698,GSE135893
IPF,HAS1 High Fibroblasts,NRP2,1,0.1049581998714003,0.1005586592178771,GSE135893
IPF,HAS1 High Fibroblasts,PRLR,1,0.0021032272339322,0.0055865921787709,GSE135893
IPF,HAS1 High Fibroblasts,PTK7,1,0.5025862423686267,0.4748603351955307,GSE135893
IPF,HAS1 High Fibroblasts,PTPRK,1,0.2778716530860904,0.2960893854748603,GSE135893
IPF,HAS1 High Fibroblasts,PYCARD,1,0.3560098786944667,0.3743016759776536,GSE135893
IPF,HAS1 High Fibroblasts,RECK,1,0.338840215644959,0.3463687150837989,GSE135893
IPF,HAS1 High Fibroblasts,RET,1,0.003318439072629,0.0055865921787709,GSE135893
IPF,HAS1 High Fibroblasts,ROR1,1,0.4973515568488459,0.4972067039106145,GSE135893
IPF,HAS1 High Fibroblasts,ROR2,1,0.3151725388088311,0.3463687150837989,GSE135893
IPF,HAS1 High Fibroblasts,RYK,1,0.139723624914638,0.1787709497206704,GSE135893
IPF,HAS1 High Fibroblasts,SDC2,1,2.7453984933178788,0.8659217877094972,GSE135893
IPF,HAS1 High Fibroblasts,SDC4,1,0.3129035115793579,0.2905027932960894,GSE135893
IPF,HAS1 High Fibroblasts,SIGIRR,1,0.569390742328268,0.5195530726256983,GSE135893
IPF,HAS1 High Fibroblasts,SIRPA,1,0.2577237753270505,0.3128491620111732,GSE135893
IPF,HAS1 High Fibroblasts,SMO,1,0.0257260402393545,0.0391061452513966,GSE135893
IPF,HAS1 High Fibroblasts,SPP1,1,0.0297700504319997,0.0111731843575419,GSE135893
IPF,HAS1 High Fibroblasts,TGFB1,1,0.2644233190264282,0.3072625698324022,GSE135893
IPF,HAS1 High Fibroblasts,TGFBR1,1,0.359601520838364,0.3463687150837989,GSE135893
IPF,HAS1 High Fibroblasts,TGFBR2,1,1.6604740872606922,0.776536312849162,GSE135893
IPF,HAS1 High Fibroblasts,TGFBR3,1,1.3274569573367097,0.6368715083798883,GSE135893
IPF,HAS1 High Fibroblasts,TMED5,1,2.0079777755759944,0.8715083798882681,GSE135893
IPF,HAS1 High Fibroblasts,TNF,1,0.0,0.0,GSE135893
IPF,HAS1 High Fibroblasts,TYRO3,1,0.0741861238338839,0.106145251396648,GSE135893
IPF,HAS1 High Fibroblasts,VANGL2,1,0.0618543133853653,0.0782122905027933,GSE135893
IPF,HAS1 High Fibroblasts,VASN,1,2.6678073601305794,0.8547486033519553,GSE135893
IPF,HAS1 High Fibroblasts,VEGFA,1,2.972165883496461,0.8547486033519553,GSE135893
IPF,HAS1 High Fibroblasts,WNT1,1,0.0038790391464872,0.0055865921787709,GSE135893
IPF,HAS1 High Fibroblasts,WNT10A,1,0.0,0.0,GSE135893
IPF,HAS1 High Fibroblasts,WNT10B,1,0.1062936086662625,0.1452513966480447,GSE135893
IPF,HAS1 High Fibroblasts,WNT11,1,0.0451062365379661,0.0502793296089385,GSE135893
IPF,HAS1 High Fibroblasts,WNT16,1,0.0,0.0,GSE135893
IPF,HAS1 High Fibroblasts,WNT2,1,0.6683201431875074,0.4078212290502793,GSE135893
IPF,HAS1 High Fibroblasts,WNT2B,1,0.1134119486898881,0.1452513966480447,GSE135893
IPF,HAS1 High Fibroblasts,WNT3,1,0.0086727192991469,0.0167597765363128,GSE135893
IPF,HAS1 High Fibroblasts,WNT3A,1,0.0,0.0,GSE135893
IPF,HAS1 High Fibroblasts,WNT4,1,0.0042737088270891,0.0055865921787709,GSE135893
IPF,HAS1 High Fibroblasts,WNT5A,1,0.0022743932657944,0.0055865921787709,GSE135893
IPF,HAS1 High Fibroblasts,WNT5B,1,0.0090234554250259,0.0111731843575419,GSE135893
IPF,HAS1 High Fibroblasts,WNT6,1,0.0,0.0,GSE135893
IPF,HAS1 High Fibroblasts,WNT7A,1,0.0,0.0,GSE135893
IPF,HAS1 High Fibroblasts,WNT7B,1,0.0,0.0,GSE135893
IPF,HAS1 High Fibroblasts,WNT8A,1,0.0,0.0,GSE135893
IPF,HAS1 High Fibroblasts,WNT8B,1,0.0,0.0,GSE135893
IPF,HAS1 High Fibroblasts,WNT9A,1,0.3105865601351957,0.2625698324022346,GSE135893
IPF,HAS1 High Fibroblasts,WNT9B,1,0.0,0.0,GSE135893
IPF,HAS1 High Fibroblasts,XCR1,1,0.0,0.0,GSE135893
IPF,KRT5-/KRT17+,ACKR1,3,0.0,0.0,GSE135893
IPF,KRT5-/KRT17+,ACKR2,3,0.0,0.0,GSE135893
IPF,KRT5-/KRT17+,ACKR3,3,0.03100761371226893,0.025622933496949166,GSE135893
IPF,KRT5-/KRT17+,ACKR4,3,0.08984321537827089,0.10230084875754164,GSE135893
IPF,KRT5-/KRT17+,ACVR1,3,0.4303007374182946,0.35095272181886356,GSE135893
IPF,KRT5-/KRT17+,ACVR1B,3,0.2243076792768854,0.19085796093670107,GSE135893
IPF,KRT5-/KRT17+,ACVR1C,3,0.0025257137301578332,0.006060606060606034,GSE135893
IPF,KRT5-/KRT17+,ACVRL1,3,0.0,0.0,GSE135893
IPF,KRT5-/KRT17+,ADGRA2,3,0.0,0.0,GSE135893
IPF,KRT5-/KRT17+,ADRA2A,3,0.0067292503319832,0.010389610389610334,GSE135893
IPF,KRT5-/KRT17+,ADRB2,3,0.3032590448153391,0.25641681153492174,GSE135893
IPF,KRT5-/KRT17+,ANTXR1,3,0.4116199272775321,0.3006817329651975,GSE135893
IPF,KRT5-/KRT17+,APCDD1,3,0.08664410804797158,0.09537444183113471,GSE135893
IPF,KRT5-/KRT17+,AREG,3,9.356674205158209,0.7279987728806626,GSE135893
IPF,KRT5-/KRT17+,ATP6AP2,3,1.5621731095625755,0.7278283396393633,GSE135893
IPF,KRT5-/KRT17+,AVPR1A,3,0.0146282021815886,0.012987012987012965,GSE135893
IPF,KRT5-/KRT17+,CASP1,3,0.15001098502592644,0.13566145140948285,GSE135893
IPF,KRT5-/KRT17+,CAV1,3,2.058758550939624,0.5809591982820329,GSE135893
IPF,KRT5-/KRT17+,CCL2,3,3.9441344638332363,0.29227255683948594,GSE135893
IPF,KRT5-/KRT17+,CCR1,3,0.049707516074871595,0.06190476190476187,GSE135893
IPF,KRT5-/KRT17+,CCR10,3,0.0,0.0,GSE135893
IPF,KRT5-/KRT17+,CCR2,3,0.0,0.0,GSE135893
IPF,KRT5-/KRT17+,CCR3,3,0.0245172449465335,0.02857142857142853,GSE135893
IPF,KRT5-/KRT17+,CCR4,3,0.0,0.0,GSE135893
IPF,KRT5-/KRT17+,CCR5,3,0.0,0.0,GSE135893
IPF,KRT5-/KRT17+,CD36,3,0.04861444462139503,0.029031598322936836,GSE135893
IPF,KRT5-/KRT17+,CD4,3,0.0013949744649924,0.003030303030303,GSE135893
IPF,KRT5-/KRT17+,CD44,3,1.3708971344697958,0.6307734260490167,GSE135893
IPF,KRT5-/KRT17+,CD82,3,0.8176221645689917,0.4936769267477929,GSE135893
IPF,KRT5-/KRT17+,CD9,3,16.939119114740983,0.9625796775403076,GSE135893
IPF,KRT5-/KRT17+,CSF1,3,0.12750713868957983,0.1163718171592187,GSE135893
IPF,KRT5-/KRT17+,CSF1R,3,0.004276710213950634,0.007359307359307299,GSE135893
IPF,KRT5-/KRT17+,CXCL1,3,2.8337592820608655,0.2921396189112724,GSE135893
IPF,KRT5-/KRT17+,CXCL12,3,0.0619262926593559,0.04862119507788793,GSE135893
IPF,KRT5-/KRT17+,CXCL2,3,9.68883513441441,0.7140914203906329,GSE135893
IPF,KRT5-/KRT17+,CXCR1,3,0.0,0.0,GSE135893
IPF,KRT5-/KRT17+,CXCR2,3,0.0,0.0,GSE135893
IPF,KRT5-/KRT17+,CXCR3,3,0.0,0.0,GSE135893
IPF,KRT5-/KRT17+,CXCR4,3,0.009447280792686167,0.008279646862323967,GSE135893
IPF,KRT5-/KRT17+,DPP4,3,0.2154824378176031,0.17126836418174998,GSE135893
IPF,KRT5-/KRT17+,EGFR,3,0.3906574614693306,0.3074172546613491,GSE135893
IPF,KRT5-/KRT17+,ENG,3,0.0347708719985931,0.04991989637658923,GSE135893
IPF,KRT5-/KRT17+,EPHA7,3,0.0,0.0,GSE135893
IPF,KRT5-/KRT17+,EPHB2,3,1.041161270264296,0.552745679517333,GSE135893
IPF,KRT5-/KRT17+,ERBB2,3,0.941213323613085,0.5771789889900126,GSE135893
IPF,KRT5-/KRT17+,ERBB3,3,1.2729361990518708,0.6855915737805502,GSE135893
IPF,KRT5-/KRT17+,ERBB4,3,0.059659101197455634,0.0598220676960834,GSE135893
IPF,KRT5-/KRT17+,FGF10,3,0.0,0.0,GSE135893
IPF,KRT5-/KRT17+,FGF7,3,0.0026375460482570665,0.0043290043290042995,GSE135893
IPF,KRT5-/KRT17+,FGFR1,3,0.15598008463983373,0.09561986569860582,GSE135893
IPF,KRT5-/KRT17+,FGFR2,3,0.3653086522792172,0.30565838361113945,GSE135893
IPF,KRT5-/KRT17+,FGFR3,3,0.1652493615071626,0.1574700889661519,GSE135893
IPF,KRT5-/KRT17+,FGFR4,3,0.012291132865894366,0.017748917748917698,GSE135893
IPF,KRT5-/KRT17+,FGFRL1,3,0.23093279479278853,0.22478781061458228,GSE135893
IPF,KRT5-/KRT17+,FLT1,3,0.0,0.0,GSE135893
IPF,KRT5-/KRT17+,FZD1,3,0.18690673896969026,0.1808194430241674,GSE135893
IPF,KRT5-/KRT17+,FZD10,3,0.0146057888413696,0.009983979275317767,GSE135893
IPF,KRT5-/KRT17+,FZD2,3,0.1417452673395132,0.14480689913760778,GSE135893
IPF,KRT5-/KRT17+,FZD3,3,0.26316163013191485,0.27511333810546407,GSE135893
IPF,KRT5-/KRT17+,FZD4,3,0.013790158352784833,0.02207792207792203,GSE135893
IPF,KRT5-/KRT17+,FZD5,3,0.25437119829135985,0.2255718035245594,GSE135893
IPF,KRT5-/KRT17+,FZD6,3,0.6149009959218886,0.45693492858847184,GSE135893
IPF,KRT5-/KRT17+,FZD7,3,0.034296683048041766,0.04507618365886077,GSE135893
IPF,KRT5-/KRT17+,FZD8,3,0.03543139665602004,0.03860994648396217,GSE135893
IPF,KRT5-/KRT17+,FZD9,3,0.004349446728628866,0.0043290043290042995,GSE135893
IPF,KRT5-/KRT17+,GPC1,3,0.6562527224498825,0.4538228176023451,GSE135893
IPF,KRT5-/KRT17+,GRIN2B,3,0.0,0.0,GSE135893
IPF,KRT5-/KRT17+,GRM7,3,0.0,0.0,GSE135893
IPF,KRT5-/KRT17+,GSDMD,3,0.4994206433287784,0.4341002829191805,GSE135893
IPF,KRT5-/KRT17+,HBEGF,3,1.0679702032485734,0.41389371783072565,GSE135893
IPF,KRT5-/KRT17+,IL1A,3,0.006640595687995567,0.0043290043290042995,GSE135893
IPF,KRT5-/KRT17+,IL1B,3,0.015189569782293902,0.012987012987012965,GSE135893
IPF,KRT5-/KRT17+,IL1R1,3,0.4486533654583546,0.31307563827248863,GSE135893
IPF,KRT5-/KRT17+,IL1R2,3,0.005587928242279633,0.009578348161025268,GSE135893
IPF,KRT5-/KRT17+,IL1RAP,3,0.18323792684248993,0.13671813750553904,GSE135893
IPF,KRT5-/KRT17+,IL1RN,3,0.11588584144069554,0.10403245048914335,GSE135893
IPF,KRT5-/KRT17+,IL6,3,0.0582713678058219,0.013528990694344966,GSE135893
IPF,KRT5-/KRT17+,ITGA4,3,0.010013492573798933,0.008685277976616501,GSE135893
IPF,KRT5-/KRT17+,ITGA5,3,0.0404399531432385,0.059416436581790875,GSE135893
IPF,KRT5-/KRT17+,ITGA9,3,0.0754389234342815,0.08319869107270673,GSE135893
IPF,KRT5-/KRT17+,ITGAV,3,3.193636863782844,0.8379793434911544,GSE135893
IPF,KRT5-/KRT17+,ITGB1,3,5.861563003918731,0.938146368067628,GSE135893
IPF,KRT5-/KRT17+,ITGB3,3,0.07102632328471917,0.06650645941984519,GSE135893
IPF,KRT5-/KRT17+,ITGB5,3,0.588478335701774,0.42149163172785215,GSE135893
IPF,KRT5-/KRT17+,ITGB6,3,6.860974951005431,0.9221290520503119,GSE135893
IPF,KRT5-/KRT17+,ITGB8,3,1.3224822051265621,0.5131881242117462,GSE135893
IPF,KRT5-/KRT17+,KDR,3,0.8383715043748282,0.3535808023997,GSE135893
IPF,KRT5-/KRT17+,KLRG2,3,0.010936926008792501,0.019047619047618997,GSE135893
IPF,KRT5-/KRT17+,LDLR,3,0.9284743982172917,0.4193850768653918,GSE135893
IPF,KRT5-/KRT17+,LGR5,3,0.056363359195359806,0.06166274670211672,GSE135893
IPF,KRT5-/KRT17+,LPP,3,2.6262064728857726,0.8179841156219109,GSE135893
IPF,KRT5-/KRT17+,LRP1,3,0.392613897105099,0.30925793366738247,GSE135893
IPF,KRT5-/KRT17+,LRP2,3,0.0013949744649924,0.003030303030303,GSE135893
IPF,KRT5-/KRT17+,LRP5,3,0.23483733625352668,0.23809864676006406,GSE135893
IPF,KRT5-/KRT17+,LRP6,3,0.2980897745776331,0.2670211678085694,GSE135893
IPF,KRT5-/KRT17+,MCAM,3,0.18583111842174896,0.14218563588642327,GSE135893
IPF,KRT5-/KRT17+,MTNR1A,3,0.0,0.0,GSE135893
IPF,KRT5-/KRT17+,MUSK,3,0.0,0.0,GSE135893
IPF,KRT5-/KRT17+,NLRP3,3,0.0037510409746175,0.007359307359307299,GSE135893
IPF,KRT5-/KRT17+,NOTCH1,3,0.3538739110889153,0.2536592016906978,GSE135893
IPF,KRT5-/KRT17+,NRP1,3,0.16451547571275293,0.14965061185533624,GSE135893
IPF,KRT5-/KRT17+,NRP2,3,0.6275608245916637,0.34367522241537984,GSE135893
IPF,KRT5-/KRT17+,PRLR,3,0.02509241764207043,0.018641987933326432,GSE135893
IPF,KRT5-/KRT17+,PTK7,3,1.1557753680228784,0.6315062889866039,GSE135893
IPF,KRT5-/KRT17+,PTPRK,3,1.6979096456437848,0.7382997579847973,GSE135893
IPF,KRT5-/KRT17+,PYCARD,3,0.7037344136129672,0.5099396666325801,GSE135893
IPF,KRT5-/KRT17+,RECK,3,0.10413709188218719,0.1373657838224767,GSE135893
IPF,KRT5-/KRT17+,RET,3,0.0,0.0,GSE135893
IPF,KRT5-/KRT17+,ROR1,3,0.1890687794911351,0.20996011862153593,GSE135893
IPF,KRT5-/KRT17+,ROR2,3,0.0017155839702009668,0.002624671916010467,GSE135893
IPF,KRT5-/KRT17+,RYK,3,0.4211308766935779,0.3490881821590483,GSE135893
IPF,KRT5-/KRT17+,SDC2,3,0.1232502361648332,0.11845451136789716,GSE135893
IPF,KRT5-/KRT17+,SDC4,3,3.0647073061990624,0.8048914340252923,GSE135893
IPF,KRT5-/KRT17+,SIGIRR,3,0.49467561826574347,0.410802058833555,GSE135893
IPF,KRT5-/KRT17+,SIRPA,3,0.004265926887238067,0.005654974946313468,GSE135893
IPF,KRT5-/KRT17+,SMO,3,0.0339779146850996,0.031683539557555235,GSE135893
IPF,KRT5-/KRT17+,SPP1,3,0.0,0.0,GSE135893
IPF,KRT5-/KRT17+,TGFB1,3,0.5841814229544907,0.421542761700242,GSE135893
IPF,KRT5-/KRT17+,TGFBR1,3,0.39313302967366553,0.34597607117292156,GSE135893
IPF,KRT5-/KRT17+,TGFBR2,3,0.9059615792715087,0.5267137062412653,GSE135893
IPF,KRT5-/KRT17+,TGFBR3,3,0.06284810199644804,0.06206837781640926,GSE135893
IPF,KRT5-/KRT17+,TMED5,3,0.7172424133035592,0.5164331731260865,GSE135893
IPF,KRT5-/KRT17+,TNF,3,0.11536090121394131,0.06090602311074747,GSE135893
IPF,KRT5-/KRT17+,TYRO3,3,0.019127397382752268,0.022998261580938668,GSE135893
IPF,KRT5-/KRT17+,VANGL2,3,0.1631044504712489,0.15362852370726385,GSE135893
IPF,KRT5-/KRT17+,VASN,3,0.34190158696923684,0.27641203940416537,GSE135893
IPF,KRT5-/KRT17+,VEGFA,3,0.7413880666082423,0.4299587551556055,GSE135893
IPF,KRT5-/KRT17+,WNT1,3,0.0,0.0,GSE135893
IPF,KRT5-/KRT17+,WNT10A,3,0.2802128884470109,0.211313358557453,GSE135893
IPF,KRT5-/KRT17+,WNT10B,3,0.0,0.0,GSE135893
IPF,KRT5-/KRT17+,WNT11,3,0.013186755800941932,0.008658008658008634,GSE135893
IPF,KRT5-/KRT17+,WNT16,3,0.0,0.0,GSE135893
IPF,KRT5-/KRT17+,WNT2,3,0.004006173344762433,0.005654974946313468,GSE135893
IPF,KRT5-/KRT17+,WNT2B,3,0.009188956165248266,0.013419913419913367,GSE135893
IPF,KRT5-/KRT17+,WNT3,3,0.0278599112255988,0.03430821147356573,GSE135893
IPF,KRT5-/KRT17+,WNT3A,3,0.0081836326591467,0.008279646862323967,GSE135893
IPF,KRT5-/KRT17+,WNT4,3,0.09961175767495963,0.10157139448478024,GSE135893
IPF,KRT5-/KRT17+,WNT5A,3,0.12016851828485216,0.09672768176705177,GSE135893
IPF,KRT5-/KRT17+,WNT5B,3,0.1482257123425275,0.11409823772028489,GSE135893
IPF,KRT5-/KRT17+,WNT6,3,0.0,0.0,GSE135893
IPF,KRT5-/KRT17+,WNT7A,3,0.4950462313429176,0.35947438388383274,GSE135893
IPF,KRT5-/KRT17+,WNT7B,3,0.5075962590115107,0.34064491938507685,GSE135893
IPF,KRT5-/KRT17+,WNT8A,3,0.0,0.0,GSE135893
IPF,KRT5-/KRT17+,WNT8B,3,0.0,0.0,GSE135893
IPF,KRT5-/KRT17+,WNT9A,3,0.07030025628454988,0.09629478133415137,GSE135893
IPF,KRT5-/KRT17+,WNT9B,3,0.0,0.0,GSE135893
IPF,KRT5-/KRT17+,XCR1,3,0.0,0.0,GSE135893
IPF,Lymphatic Endothelial Cells,ACKR1,1,0.0675737705092641,0.0230125523012552,GSE135893
IPF,Lymphatic Endothelial Cells,ACKR2,1,0.6285325405442096,0.2364016736401673,GSE135893
IPF,Lymphatic Endothelial Cells,ACKR3,1,1.3634561844243946,0.3556485355648535,GSE135893
IPF,Lymphatic Endothelial Cells,ACKR4,1,0.0617974326517382,0.0188284518828451,GSE135893
IPF,Lymphatic Endothelial Cells,ACVR1,1,0.1546598943586069,0.0606694560669456,GSE135893
IPF,Lymphatic Endothelial Cells,ACVR1B,1,0.0707563147655573,0.0334728033472803,GSE135893
IPF,Lymphatic Endothelial Cells,ACVR1C,1,0.0,0.0,GSE135893
IPF,Lymphatic Endothelial Cells,ACVRL1,1,0.6643628688844522,0.2175732217573222,GSE135893
IPF,Lymphatic Endothelial Cells,ADGRA2,1,0.6419829363396711,0.2322175732217573,GSE135893
IPF,Lymphatic Endothelial Cells,ADRA2A,1,0.0,0.0,GSE135893
IPF,Lymphatic Endothelial Cells,ADRB2,1,0.2843645295752339,0.1087866108786611,GSE135893
IPF,Lymphatic Endothelial Cells,ANTXR1,1,0.087331309297625,0.0334728033472803,GSE135893
IPF,Lymphatic Endothelial Cells,APCDD1,1,0.0122602640026968,0.006276150627615,GSE135893
IPF,Lymphatic Endothelial Cells,AREG,1,0.0832691851907464,0.0313807531380753,GSE135893
IPF,Lymphatic Endothelial Cells,ATP6AP2,1,2.0290273537870016,0.5690376569037657,GSE135893
IPF,Lymphatic Endothelial Cells,AVPR1A,1,0.0099906886781519,0.002092050209205,GSE135893
IPF,Lymphatic Endothelial Cells,CASP1,1,0.2758121697713311,0.1108786610878661,GSE135893
IPF,Lymphatic Endothelial Cells,CAV1,1,11.686018028611851,0.9184100418410042,GSE135893
IPF,Lymphatic Endothelial Cells,CCL2,1,0.5243465350980996,0.104602510460251,GSE135893
IPF,Lymphatic Endothelial Cells,CCR1,1,0.0,0.0,GSE135893
IPF,Lymphatic Endothelial Cells,CCR10,1,0.0265088101057123,0.0104602510460251,GSE135893
IPF,Lymphatic Endothelial Cells,CCR2,1,0.0,0.0,GSE135893
IPF,Lymphatic Endothelial Cells,CCR3,1,0.0,0.0,GSE135893
IPF,Lymphatic Endothelial Cells,CCR4,1,0.0,0.0,GSE135893
IPF,Lymphatic Endothelial Cells,CCR5,1,0.0,0.0,GSE135893
IPF,Lymphatic Endothelial Cells,CD36,1,5.175993993118158,0.7050209205020921,GSE135893
IPF,Lymphatic Endothelial Cells,CD4,1,0.0125792616873984,0.00418410041841,GSE135893
IPF,Lymphatic Endothelial Cells,CD44,1,0.1332421741809885,0.0523012552301255,GSE135893
IPF,Lymphatic Endothelial Cells,CD82,1,0.867948923055822,0.2677824267782426,GSE135893
IPF,Lymphatic Endothelial Cells,CD9,1,22.47598827689802,0.9811715481171548,GSE135893
IPF,Lymphatic Endothelial Cells,CSF1,1,0.1946083681278218,0.0753138075313807,GSE135893
IPF,Lymphatic Endothelial Cells,CSF1R,1,0.0,0.0,GSE135893
IPF,Lymphatic Endothelial Cells,CXCL1,1,0.0394643190287964,0.0125523012552301,GSE135893
IPF,Lymphatic Endothelial Cells,CXCL12,1,0.044663750068257,0.0167364016736401,GSE135893
IPF,Lymphatic Endothelial Cells,CXCL2,1,0.3768193663389168,0.0794979079497908,GSE135893
IPF,Lymphatic Endothelial Cells,CXCR1,1,0.0,0.0,GSE135893
IPF,Lymphatic Endothelial Cells,CXCR2,1,0.0,0.0,GSE135893
IPF,Lymphatic Endothelial Cells,CXCR3,1,0.0,0.0,GSE135893
IPF,Lymphatic Endothelial Cells,CXCR4,1,0.0,0.0,GSE135893
IPF,Lymphatic Endothelial Cells,DPP4,1,0.4604421700320037,0.1589958158995816,GSE135893
IPF,Lymphatic Endothelial Cells,EGFR,1,0.0137711849299196,0.00836820083682,GSE135893
IPF,Lymphatic Endothelial Cells,ENG,1,1.5142763244763382,0.4205020920502092,GSE135893
IPF,Lymphatic Endothelial Cells,EPHA7,1,0.0027625118304569,0.002092050209205,GSE135893
IPF,Lymphatic Endothelial Cells,EPHB2,1,0.0263598465126283,0.0146443514644351,GSE135893
IPF,Lymphatic Endothelial Cells,ERBB2,1,0.0133708511763951,0.006276150627615,GSE135893
IPF,Lymphatic Endothelial Cells,ERBB3,1,0.0089124399510938,0.00418410041841,GSE135893
IPF,Lymphatic Endothelial Cells,ERBB4,1,0.0142561264387018,0.006276150627615,GSE135893
IPF,Lymphatic Endothelial Cells,FGF10,1,0.0,0.0,GSE135893
IPF,Lymphatic Endothelial Cells,FGF7,1,0.0075145481652479,0.002092050209205,GSE135893
IPF,Lymphatic Endothelial Cells,FGFR1,1,0.5202260127725232,0.1903765690376569,GSE135893
IPF,Lymphatic Endothelial Cells,FGFR2,1,0.0325510723390578,0.0104602510460251,GSE135893
IPF,Lymphatic Endothelial Cells,FGFR3,1,0.0325034413036008,0.0146443514644351,GSE135893
IPF,Lymphatic Endothelial Cells,FGFR4,1,0.0051294132135141,0.00418410041841,GSE135893
IPF,Lymphatic Endothelial Cells,FGFRL1,1,0.0213360804782977,0.00836820083682,GSE135893
IPF,Lymphatic Endothelial Cells,FLT1,1,0.0466122666160097,0.0188284518828451,GSE135893
IPF,Lymphatic Endothelial Cells,FZD1,1,0.0080277555008542,0.00418410041841,GSE135893
IPF,Lymphatic Endothelial Cells,FZD10,1,0.1903701188499115,0.0815899581589958,GSE135893
IPF,Lymphatic Endothelial Cells,FZD2,1,0.0,0.0,GSE135893
IPF,Lymphatic Endothelial Cells,FZD3,1,0.0366771065110959,0.0125523012552301,GSE135893
IPF,Lymphatic Endothelial Cells,FZD4,1,0.5402946723312367,0.1966527196652719,GSE135893
IPF,Lymphatic Endothelial Cells,FZD5,1,0.0196115601963552,0.006276150627615,GSE135893
IPF,Lymphatic Endothelial Cells,FZD6,1,0.7953111876490275,0.2635983263598326,GSE135893
IPF,Lymphatic Endothelial Cells,FZD7,1,0.0,0.0,GSE135893
IPF,Lymphatic Endothelial Cells,FZD8,1,0.0060850791425393,0.002092050209205,GSE135893
IPF,Lymphatic Endothelial Cells,FZD9,1,0.1002821410286629,0.0460251046025104,GSE135893
IPF,Lymphatic Endothelial Cells,GPC1,1,0.0932494484635329,0.0397489539748954,GSE135893
IPF,Lymphatic Endothelial Cells,GRIN2B,1,0.1290056166918761,0.0439330543933054,GSE135893
IPF,Lymphatic Endothelial Cells,GRM7,1,0.0,0.0,GSE135893
IPF,Lymphatic Endothelial Cells,GSDMD,1,0.6553707452782828,0.2280334728033473,GSE135893
IPF,Lymphatic Endothelial Cells,HBEGF,1,0.0539086296852342,0.0209205020920502,GSE135893
IPF,Lymphatic Endothelial Cells,IL1A,1,0.0,0.0,GSE135893
IPF,Lymphatic Endothelial Cells,IL1B,1,0.0,0.0,GSE135893
IPF,Lymphatic Endothelial Cells,IL1R1,1,0.3208298590427276,0.1171548117154811,GSE135893
IPF,Lymphatic Endothelial Cells,IL1R2,1,0.0060921671788148,0.002092050209205,GSE135893
IPF,Lymphatic Endothelial Cells,IL1RAP,1,0.031447429907841,0.0146443514644351,GSE135893
IPF,Lymphatic Endothelial Cells,IL1RN,1,0.0095009266412171,0.00418410041841,GSE135893
IPF,Lymphatic Endothelial Cells,IL6,1,0.0754529625099797,0.0230125523012552,GSE135893
IPF,Lymphatic Endothelial Cells,ITGA4,1,0.0306381054803877,0.0104602510460251,GSE135893
IPF,Lymphatic Endothelial Cells,ITGA5,1,0.8208096322916518,0.2866108786610878,GSE135893
IPF,Lymphatic Endothelial Cells,ITGA9,1,1.387849286386942,0.3891213389121339,GSE135893
IPF,Lymphatic Endothelial Cells,ITGAV,1,0.5804612220310162,0.1966527196652719,GSE135893
IPF,Lymphatic Endothelial Cells,ITGB1,1,4.7513142370134895,0.801255230125523,GSE135893
IPF,Lymphatic Endothelial Cells,ITGB3,1,0.0161831090664268,0.006276150627615,GSE135893
IPF,Lymphatic Endothelial Cells,ITGB5,1,0.0030675223008871,0.002092050209205,GSE135893
IPF,Lymphatic Endothelial Cells,ITGB6,1,0.0364634084751593,0.0125523012552301,GSE135893
IPF,Lymphatic Endothelial Cells,ITGB8,1,0.0736687563492224,0.0251046025104602,GSE135893
IPF,Lymphatic Endothelial Cells,KDR,1,1.317417702153647,0.3577405857740586,GSE135893
IPF,Lymphatic Endothelial Cells,KLRG2,1,0.0,0.0,GSE135893
IPF,Lymphatic Endothelial Cells,LDLR,1,0.0376977314689931,0.0146443514644351,GSE135893
IPF,Lymphatic Endothelial Cells,LGR5,1,0.0,0.0,GSE135893
IPF,Lymphatic Endothelial Cells,LPP,1,1.163914543592811,0.3598326359832636,GSE135893
IPF,Lymphatic Endothelial Cells,LRP1,1,0.0288511092818777,0.0125523012552301,GSE135893
IPF,Lymphatic Endothelial Cells,LRP2,1,0.0,0.0,GSE135893
IPF,Lymphatic Endothelial Cells,LRP5,1,0.6935632212070749,0.2384937238493724,GSE135893
IPF,Lymphatic Endothelial Cells,LRP6,1,0.2473165353637777,0.0962343096234309,GSE135893
IPF,Lymphatic Endothelial Cells,MCAM,1,0.0378198871538871,0.0167364016736401,GSE135893
IPF,Lymphatic Endothelial Cells,MTNR1A,1,0.0,0.0,GSE135893
IPF,Lymphatic Endothelial Cells,MUSK,1,0.0,0.0,GSE135893
IPF,Lymphatic Endothelial Cells,NLRP3,1,0.0,0.0,GSE135893
IPF,Lymphatic Endothelial Cells,NOTCH1,1,0.5507400612536095,0.209205020920502,GSE135893
IPF,Lymphatic Endothelial Cells,NRP1,1,0.065080950301628,0.0271966527196652,GSE135893
IPF,Lymphatic Endothelial Cells,NRP2,1,5.470087572912199,0.8138075313807531,GSE135893
IPF,Lymphatic Endothelial Cells,PRLR,1,0.0056102177774336,0.002092050209205,GSE135893
IPF,Lymphatic Endothelial Cells,PTK7,1,0.0777634391214821,0.0334728033472803,GSE135893
IPF,Lymphatic Endothelial Cells,PTPRK,1,0.5291345959171201,0.200836820083682,GSE135893
IPF,Lymphatic Endothelial Cells,PYCARD,1,0.3719603573190566,0.1401673640167364,GSE135893
IPF,Lymphatic Endothelial Cells,RECK,1,0.9402957509981048,0.3138075313807531,GSE135893
IPF,Lymphatic Endothelial Cells,RET,1,0.0293877997986042,0.0125523012552301,GSE135893
IPF,Lymphatic Endothelial Cells,ROR1,1,0.0,0.0,GSE135893
IPF,Lymphatic Endothelial Cells,ROR2,1,0.0,0.0,GSE135893
IPF,Lymphatic Endothelial Cells,RYK,1,0.203362771588889,0.0857740585774058,GSE135893
IPF,Lymphatic Endothelial Cells,SDC2,1,0.0459821399354948,0.0167364016736401,GSE135893
IPF,Lymphatic Endothelial Cells,SDC4,1,0.3170724608505816,0.1276150627615062,GSE135893
IPF,Lymphatic Endothelial Cells,SIGIRR,1,1.2412246481370257,0.3807531380753138,GSE135893
IPF,Lymphatic Endothelial Cells,SIRPA,1,0.6557815395204946,0.2154811715481171,GSE135893
IPF,Lymphatic Endothelial Cells,SMO,1,0.0317114367146357,0.0146443514644351,GSE135893
IPF,Lymphatic Endothelial Cells,SPP1,1,0.0307798230585616,0.006276150627615,GSE135893
IPF,Lymphatic Endothelial Cells,TGFB1,1,0.651512666757745,0.2384937238493724,GSE135893
IPF,Lymphatic Endothelial Cells,TGFBR1,1,0.0717510222230534,0.0271966527196652,GSE135893
IPF,Lymphatic Endothelial Cells,TGFBR2,1,5.5974731901922805,0.8263598326359832,GSE135893
IPF,Lymphatic Endothelial Cells,TGFBR3,1,0.7737397538958841,0.2656903765690376,GSE135893
IPF,Lymphatic Endothelial Cells,TMED5,1,0.3606171309699103,0.1422594142259414,GSE135893
IPF,Lymphatic Endothelial Cells,TNF,1,0.0,0.0,GSE135893
IPF,Lymphatic Endothelial Cells,TYRO3,1,0.0,0.0,GSE135893
IPF,Lymphatic Endothelial Cells,VANGL2,1,0.0016923234178976,0.002092050209205,GSE135893
IPF,Lymphatic Endothelial Cells,VASN,1,0.0052157821221765,0.002092050209205,GSE135893
IPF,Lymphatic Endothelial Cells,VEGFA,1,0.1192241958588279,0.0439330543933054,GSE135893
IPF,Lymphatic Endothelial Cells,WNT1,1,0.0,0.0,GSE135893
IPF,Lymphatic Endothelial Cells,WNT10A,1,0.0052144820767822,0.002092050209205,GSE135893
IPF,Lymphatic Endothelial Cells,WNT10B,1,0.0086398165003811,0.00418410041841,GSE135893
IPF,Lymphatic Endothelial Cells,WNT11,1,0.0,0.0,GSE135893
IPF,Lymphatic Endothelial Cells,WNT16,1,0.0,0.0,GSE135893
IPF,Lymphatic Endothelial Cells,WNT2,1,0.0735132757064067,0.0292887029288702,GSE135893
IPF,Lymphatic Endothelial Cells,WNT2B,1,0.0168810395972969,0.006276150627615,GSE135893
IPF,Lymphatic Endothelial Cells,WNT3,1,0.0,0.0,GSE135893
IPF,Lymphatic Endothelial Cells,WNT3A,1,0.0064153640270009,0.002092050209205,GSE135893
IPF,Lymphatic Endothelial Cells,WNT4,1,0.0095807300981508,0.00418410041841,GSE135893
IPF,Lymphatic Endothelial Cells,WNT5A,1,0.0609999719799652,0.0209205020920502,GSE135893
IPF,Lymphatic Endothelial Cells,WNT5B,1,0.0212634731150117,0.00836820083682,GSE135893
IPF,Lymphatic Endothelial Cells,WNT6,1,0.0,0.0,GSE135893
IPF,Lymphatic Endothelial Cells,WNT7A,1,0.0,0.0,GSE135893
IPF,Lymphatic Endothelial Cells,WNT7B,1,0.0,0.0,GSE135893
IPF,Lymphatic Endothelial Cells,WNT8A,1,0.0,0.0,GSE135893
IPF,Lymphatic Endothelial Cells,WNT8B,1,0.0,0.0,GSE135893
IPF,Lymphatic Endothelial Cells,WNT9A,1,0.0144373781213836,0.006276150627615,GSE135893
IPF,Lymphatic Endothelial Cells,WNT9B,1,0.0262066843140871,0.0104602510460251,GSE135893
IPF,Lymphatic Endothelial Cells,XCR1,1,0.0,0.0,GSE135893
IPF,MUC5B+,ACKR1,6,0.011770669060175884,0.006378521955247767,GSE135893
IPF,MUC5B+,ACKR2,6,0.03731503201281803,0.025427269513827316,GSE135893
IPF,MUC5B+,ACKR3,6,0.16088478196555944,0.09677441710103185,GSE135893
IPF,MUC5B+,ACKR4,6,0.005285263982890534,0.007024752533275583,GSE135893
IPF,MUC5B+,ACVR1,6,0.20742372964858605,0.16577030786717983,GSE135893
IPF,MUC5B+,ACVR1B,6,0.15318374086787565,0.11899746619423061,GSE135893
IPF,MUC5B+,ACVR1C,6,0.0017144435107600165,0.0016777778781892668,GSE135893
IPF,MUC5B+,ACVRL1,6,0.009452020833734984,0.004054607961416284,GSE135893
IPF,MUC5B+,ADGRA2,6,0.00124340815017435,0.0008650519031141833,GSE135893
IPF,MUC5B+,ADRA2A,6,0.1108697534674301,0.07514591643508237,GSE135893
IPF,MUC5B+,ADRB2,6,0.20790173183048974,0.12759549509445936,GSE135893
IPF,MUC5B+,ANTXR1,6,0.3329164796541794,0.22305789104017582,GSE135893
IPF,MUC5B+,APCDD1,6,0.058290351369014094,0.03953386191039555,GSE135893
IPF,MUC5B+,AREG,6,1.0033401128586463,0.2225936892131312,GSE135893
IPF,MUC5B+,ATP6AP2,6,0.8290946836054629,0.4793052744545614,GSE135893
IPF,MUC5B+,AVPR1A,6,0.0029961950191066664,0.00065304793561135,GSE135893
IPF,MUC5B+,CASP1,6,0.0977747700744126,0.08888294497925309,GSE135893
IPF,MUC5B+,CAV1,6,0.2698440801711362,0.1461578223716159,GSE135893
IPF,MUC5B+,CCL2,6,0.2591560665927514,0.057634956056394536,GSE135893
IPF,MUC5B+,CCR1,6,0.0,0.0,GSE135893
IPF,MUC5B+,CCR10,6,0.00030471376346971667,0.0002883506343713833,GSE135893
IPF,MUC5B+,CCR2,6,0.0,0.0,GSE135893
IPF,MUC5B+,CCR3,6,0.005599466575058083,0.0042361834053860495,GSE135893
IPF,MUC5B+,CCR4,6,0.0,0.0,GSE135893
IPF,MUC5B+,CCR5,6,0.0,0.0,GSE135893
IPF,MUC5B+,CD36,6,0.007485002123759383,0.006789684078887266,GSE135893
IPF,MUC5B+,CD4,6,0.005095121742575933,0.006042633878482983,GSE135893
IPF,MUC5B+,CD44,6,0.428655798035763,0.23150020987903552,GSE135893
IPF,MUC5B+,CD82,6,1.5778071785813241,0.6692857566789582,GSE135893
IPF,MUC5B+,CD9,6,11.495379384069041,0.9614745244496582,GSE135893
IPF,MUC5B+,CSF1,6,0.11330793461208631,0.07666772922800846,GSE135893
IPF,MUC5B+,CSF1R,6,0.0,0.0,GSE135893
IPF,MUC5B+,CXCL1,6,7.7707300628385525,0.6448016560178936,GSE135893
IPF,MUC5B+,CXCL12,6,0.0018744889081961002,0.002695523115040583,GSE135893
IPF,MUC5B+,CXCL2,6,3.2724479050885473,0.3559666629814862,GSE135893
IPF,MUC5B+,CXCR1,6,0.0004430297029264167,0.0006435006435006333,GSE135893
IPF,MUC5B+,CXCR2,6,0.0,0.0,GSE135893
IPF,MUC5B+,CXCR3,6,0.00023483234332713333,0.0002883506343713833,GSE135893
IPF,MUC5B+,CXCR4,6,0.0090568459068201,0.007966151103258332,GSE135893
IPF,MUC5B+,DPP4,6,0.030453921664630335,0.025294069171566264,GSE135893
IPF,MUC5B+,EGFR,6,0.33971475944982205,0.24098398896522907,GSE135893
IPF,MUC5B+,ENG,6,0.00294497970014425,0.003979961815657733,GSE135893
IPF,MUC5B+,EPHA7,6,0.0013296751434488834,0.0014657739106864332,GSE135893
IPF,MUC5B+,EPHB2,6,0.03447683612584735,0.028090149179854484,GSE135893
IPF,MUC5B+,ERBB2,6,0.8002935041044882,0.4491020823549243,GSE135893
IPF,MUC5B+,ERBB3,6,0.944947152163532,0.4994205817038137,GSE135893
IPF,MUC5B+,ERBB4,6,0.05376050589812745,0.0496154986429101,GSE135893
IPF,MUC5B+,FGF10,6,0.0,0.0,GSE135893
IPF,MUC5B+,FGF7,6,0.0030658466941774665,0.0032626770916726502,GSE135893
IPF,MUC5B+,FGFR1,6,0.041478142368465414,0.031715289612926564,GSE135893
IPF,MUC5B+,FGFR2,6,0.5266312468314921,0.33250797949454364,GSE135893
IPF,MUC5B+,FGFR3,6,0.24763565618300584,0.17187924657554313,GSE135893
IPF,MUC5B+,FGFR4,6,0.0036568646435083,0.0038810333962568003,GSE135893
IPF,MUC5B+,FGFRL1,6,0.1456050958486248,0.1102654802274905,GSE135893
IPF,MUC5B+,FLT1,6,0.0047063709074309,0.0038810333962568003,GSE135893
IPF,MUC5B+,FZD1,6,0.03392067661299444,0.03253835785365584,GSE135893
IPF,MUC5B+,FZD10,6,0.002765643539403567,0.002471409269042917,GSE135893
IPF,MUC5B+,FZD2,6,0.007767339309998133,0.008011548772480967,GSE135893
IPF,MUC5B+,FZD3,6,0.15854576904794052,0.12573302246670803,GSE135893
IPF,MUC5B+,FZD4,6,0.022326505488206083,0.025633234658442767,GSE135893
IPF,MUC5B+,FZD5,6,0.042686179606611196,0.03843312198807162,GSE135893
IPF,MUC5B+,FZD6,6,0.2127948646427764,0.16432749304911018,GSE135893
IPF,MUC5B+,FZD7,6,0.005729554023158317,0.0077417970233602,GSE135893
IPF,MUC5B+,FZD8,6,0.0616834767346969,0.0421389664241498,GSE135893
IPF,MUC5B+,FZD9,6,9.340674655258334e-05,0.0003646973012399667,GSE135893
IPF,MUC5B+,GPC1,6,0.29240189730915855,0.19666132415104273,GSE135893
IPF,MUC5B+,GRIN2B,6,0.0,0.0,GSE135893
IPF,MUC5B+,GRM7,6,0.00117299956355925,0.0023238411080740667,GSE135893
IPF,MUC5B+,GSDMD,6,0.4029064246536455,0.29909444229374843,GSE135893
IPF,MUC5B+,HBEGF,6,0.12047071918873586,0.08616945067878871,GSE135893
IPF,MUC5B+,IL1A,6,0.0,0.0,GSE135893
IPF,MUC5B+,IL1B,6,0.0085739846894413,0.006289308176100617,GSE135893
IPF,MUC5B+,IL1R1,6,1.078730976010867,0.44814631865953264,GSE135893
IPF,MUC5B+,IL1R2,6,0.00946437069114705,0.008362788800085917,GSE135893
IPF,MUC5B+,IL1RAP,6,0.07051252137154411,0.05112020368267977,GSE135893
IPF,MUC5B+,IL1RN,6,0.06400455616168774,0.04057085615696722,GSE135893
IPF,MUC5B+,IL6,6,0.3710532330313611,0.07367446269768245,GSE135893
IPF,MUC5B+,ITGA4,6,0.003258787232798067,0.00298131116302785,GSE135893
IPF,MUC5B+,ITGA5,6,0.005272833139036767,0.00421362295376615,GSE135893
IPF,MUC5B+,ITGA9,6,0.015208518269426983,0.015232411503669585,GSE135893
IPF,MUC5B+,ITGAV,6,0.20804560740956232,0.14626438585495535,GSE135893
IPF,MUC5B+,ITGB1,6,1.1000215532984674,0.536189596403707,GSE135893
IPF,MUC5B+,ITGB3,6,0.022087769686317333,0.013038840988648534,GSE135893
IPF,MUC5B+,ITGB5,6,0.14770868264066048,0.11395085786534065,GSE135893
IPF,MUC5B+,ITGB6,6,0.2164716228050103,0.13523966159476872,GSE135893
IPF,MUC5B+,ITGB8,6,0.42151913013200276,0.22521233577384658,GSE135893
IPF,MUC5B+,KDR,6,0.36287980244445545,0.17167054829613582,GSE135893
IPF,MUC5B+,KLRG2,6,0.028343721138164815,0.021404612921779784,GSE135893
IPF,MUC5B+,LDLR,6,0.5694324990386402,0.29939277570231204,GSE135893
IPF,MUC5B+,LGR5,6,0.0,0.0,GSE135893
IPF,MUC5B+,LPP,6,0.7276866823839407,0.4312497444202598,GSE135893
IPF,MUC5B+,LRP1,6,0.06482202910668781,0.053211612042249334,GSE135893
IPF,MUC5B+,LRP2,6,0.006801174185190533,0.0050274512280158,GSE135893
IPF,MUC5B+,LRP5,6,0.28228453672755854,0.2010018093915835,GSE135893
IPF,MUC5B+,LRP6,6,0.20033330143667769,0.1422482873924534,GSE135893
IPF,MUC5B+,MCAM,6,0.006022479461279884,0.005315362610326501,GSE135893
IPF,MUC5B+,MTNR1A,6,0.011115115858669316,0.005346807306943267,GSE135893
IPF,MUC5B+,MUSK,6,9.267331619951666e-05,0.0003646973012399667,GSE135893
IPF,MUC5B+,NLRP3,6,0.0,0.0,GSE135893
IPF,MUC5B+,NOTCH1,6,0.07750729941149982,0.06456753965280905,GSE135893
IPF,MUC5B+,NRP1,6,0.13284186579447077,0.0829504490309291,GSE135893
IPF,MUC5B+,NRP2,6,1.1661685979212275,0.4761597643909044,GSE135893
IPF,MUC5B+,PRLR,6,0.0020082754276757836,0.0013060958712227168,GSE135893
IPF,MUC5B+,PTK7,6,0.21357125347413383,0.17243564380960238,GSE135893
IPF,MUC5B+,PTPRK,6,0.5332913336456948,0.33847081370891713,GSE135893
IPF,MUC5B+,PYCARD,6,0.34297395271918113,0.24789467505990448,GSE135893
IPF,MUC5B+,RECK,6,0.03265305413589167,0.02792604068475357,GSE135893
IPF,MUC5B+,RET,6,0.00028022023965778333,0.0003646973012399667,GSE135893
IPF,MUC5B+,ROR1,6,0.011487969142588135,0.012785581231053084,GSE135893
IPF,MUC5B+,ROR2,6,0.006662173753731483,0.004655329968988534,GSE135893
IPF,MUC5B+,RYK,6,0.2508567206462844,0.18278373979975135,GSE135893
IPF,MUC5B+,SDC2,6,0.05999136819097728,0.05544492716400725,GSE135893
IPF,MUC5B+,SDC4,6,1.8180515400500197,0.6675022915492436,GSE135893
IPF,MUC5B+,SIGIRR,6,0.40199146659053914,0.2968065973343011,GSE135893
IPF,MUC5B+,SIRPA,6,0.03143521280543688,0.0221987696488115,GSE135893
IPF,MUC5B+,SMO,6,0.027910635281703604,0.024540215374716682,GSE135893
IPF,MUC5B+,SPP1,6,0.04314583845963558,0.02000053191848245,GSE135893
IPF,MUC5B+,TGFB1,6,0.0679267807149787,0.05813667015092048,GSE135893
IPF,MUC5B+,TGFBR1,6,0.08939532704939009,0.0757548689525184,GSE135893
IPF,MUC5B+,TGFBR2,6,0.5157110230080713,0.3085565760072575,GSE135893
IPF,MUC5B+,TGFBR3,6,0.006411066679593783,0.00775254080131535,GSE135893
IPF,MUC5B+,TMED5,6,0.41435455816278505,0.28501464770622437,GSE135893
IPF,MUC5B+,TNF,6,0.0007894950732857666,0.00065304793561135,GSE135893
IPF,MUC5B+,TYRO3,6,0.0203707289804992,0.019430836656378684,GSE135893
IPF,MUC5B+,VANGL2,6,0.07424170180433941,0.055276755142275306,GSE135893
IPF,MUC5B+,VASN,6,0.11315145555936396,0.08254782070402567,GSE135893
IPF,MUC5B+,VEGFA,6,0.558047308425306,0.30457530195972243,GSE135893
IPF,MUC5B+,WNT1,6,0.0,0.0,GSE135893
IPF,MUC5B+,WNT10A,6,0.00847147764048955,0.006089236369844833,GSE135893
IPF,MUC5B+,WNT10B,6,0.0009724975158734833,0.0007363793082064999,GSE135893
IPF,MUC5B+,WNT11,6,0.0,0.0,GSE135893
IPF,MUC5B+,WNT16,6,0.0,0.0,GSE135893
IPF,MUC5B+,WNT2,6,0.0003196083289419,0.0002883506343713833,GSE135893
IPF,MUC5B+,WNT2B,6,0.012876378997740634,0.011983862835298282,GSE135893
IPF,MUC5B+,WNT3,6,0.014220684883879633,0.00863785437103045,GSE135893
IPF,MUC5B+,WNT3A,6,0.012321547694611301,0.011680176688934034,GSE135893
IPF,MUC5B+,WNT4,6,0.0939110656288344,0.06846543566428324,GSE135893
IPF,MUC5B+,WNT5A,6,0.13418674734321867,0.10765191654675421,GSE135893
IPF,MUC5B+,WNT5B,6,0.08849920753268571,0.0821298224754296,GSE135893
IPF,MUC5B+,WNT6,6,0.0,0.0,GSE135893
IPF,MUC5B+,WNT7A,6,0.0015642890352543168,0.0015085525466148166,GSE135893
IPF,MUC5B+,WNT7B,6,0.3837010814910668,0.24320306990023355,GSE135893
IPF,MUC5B+,WNT8A,6,0.0,0.0,GSE135893
IPF,MUC5B+,WNT8B,6,0.0,0.0,GSE135893
IPF,MUC5B+,WNT9A,6,0.007851929608999832,0.00639189310279195,GSE135893
IPF,MUC5B+,WNT9B,6,0.0,0.0,GSE135893
IPF,MUC5B+,XCR1,6,0.0,0.0,GSE135893
IPF,Macrophages,ACKR1,12,0.01727682800939565,0.00958773303290165,GSE135893
IPF,Macrophages,ACKR2,12,0.0013036203521365416,0.0010198176345646583,GSE135893
IPF,Macrophages,ACKR3,12,0.08887320726097091,0.051019835502836175,GSE135893
IPF,Macrophages,ACKR4,12,0.0008814733231879416,0.0008056693639402167,GSE135893
IPF,Macrophages,ACVR1,12,0.10031180582011051,0.0731491317498618,GSE135893
IPF,Macrophages,ACVR1B,12,0.10217338486570537,0.07951652040452273,GSE135893
IPF,Macrophages,ACVR1C,12,0.0002972120366524083,9.264406151565e-05,GSE135893
IPF,Macrophages,ACVRL1,12,0.1666484284844917,0.12936898045358608,GSE135893
IPF,Macrophages,ADGRA2,12,0.009425920525778808,0.006977330435289742,GSE135893
IPF,Macrophages,ADRA2A,12,8.346041083863334e-05,8.072885707215834e-05,GSE135893
IPF,Macrophages,ADRB2,12,0.12901244774339068,0.08799951889183776,GSE135893
IPF,Macrophages,ANTXR1,12,0.013169020871317424,0.006878534899908608,GSE135893
IPF,Macrophages,APCDD1,12,0.0017922314714852166,0.0016261900697599916,GSE135893
IPF,Macrophages,AREG,12,8.43041238759774,0.45918804500459953,GSE135893
IPF,Macrophages,ATP6AP2,12,2.4729549580057313,0.7116761495329209,GSE135893
IPF,Macrophages,AVPR1A,12,0.000731688150738175,0.00041758106084085,GSE135893
IPF,Macrophages,CASP1,12,0.6442232694927078,0.34391180736722027,GSE135893
IPF,Macrophages,CAV1,12,0.038479878906847134,0.02250972760192566,GSE135893
IPF,Macrophages,CCL2,12,11.744668246363538,0.3114141179995591,GSE135893
IPF,Macrophages,CCR1,12,0.776387102315922,0.36108152296804735,GSE135893
IPF,Macrophages,CCR10,12,0.008207342988471042,0.0080681566660568,GSE135893
IPF,Macrophages,CCR2,12,0.10107824367986436,0.04977283204845936,GSE135893
IPF,Macrophages,CCR3,12,0.0019415425778865165,0.000871744722479125,GSE135893
IPF,Macrophages,CCR4,12,0.00020035710545375832,0.00024409992605936665,GSE135893
IPF,Macrophages,CCR5,12,0.1846026829977577,0.11547800762445827,GSE135893
IPF,Macrophages,CD36,12,1.2438554592600204,0.36281721339733947,GSE135893
IPF,Macrophages,CD4,12,0.9658771837664798,0.43910643949631956,GSE135893
IPF,Macrophages,CD44,12,6.382341609970947,0.898237407759292,GSE135893
IPF,Macrophages,CD82,12,0.4568242434500951,0.27277842111443634,GSE135893
IPF,Macrophages,CD9,12,8.543060336788935,0.8087915299981349,GSE135893
IPF,Macrophages,CSF1,12,0.4090062251052249,0.1550510568714859,GSE135893
IPF,Macrophages,CSF1R,12,1.7211783161518135,0.5316681884201921,GSE135893
IPF,Macrophages,CXCL1,12,0.4911534330153044,0.06339335381055893,GSE135893
IPF,Macrophages,CXCL12,12,0.05391172992865423,0.018354327111110392,GSE135893
IPF,Macrophages,CXCL2,12,7.880013993468992,0.4792282101833532,GSE135893
IPF,Macrophages,CXCR1,12,0.00064143599607885,0.0006253786208831751,GSE135893
IPF,Macrophages,CXCR2,12,0.022955452047781617,0.01718020617909076,GSE135893
IPF,Macrophages,CXCR3,12,0.00611694360031415,0.003839250597178283,GSE135893
IPF,Macrophages,CXCR4,12,2.0839800812857887,0.46234883008658123,GSE135893
IPF,Macrophages,DPP4,12,0.021704387198054582,0.012829543338963577,GSE135893
IPF,Macrophages,EGFR,12,0.0035206258864479583,0.0021056909162385,GSE135893
IPF,Macrophages,ENG,12,1.1996447999960684,0.5101179053767085,GSE135893
IPF,Macrophages,EPHA7,12,2.0175223592316665e-05,3.440682631433333e-05,GSE135893
IPF,Macrophages,EPHB2,12,0.05050353480967945,0.033333065890490114,GSE135893
IPF,Macrophages,ERBB2,12,0.0088300438600704,0.0067816578643797336,GSE135893
IPF,Macrophages,ERBB3,12,0.0062039063448470835,0.003821055956719942,GSE135893
IPF,Macrophages,ERBB4,12,0.0016729461397010416,0.00132069807303995,GSE135893
IPF,Macrophages,FGF10,12,0.003366533531323683,0.003694528617305459,GSE135893
IPF,Macrophages,FGF7,12,0.0066574443360163,0.003414483991960825,GSE135893
IPF,Macrophages,FGFR1,12,0.12076748985747436,0.060700038850915954,GSE135893
IPF,Macrophages,FGFR2,12,0.0019006308421439498,0.0014029767095547832,GSE135893
IPF,Macrophages,FGFR3,12,0.002056228227346242,0.0009282979828392166,GSE135893
IPF,Macrophages,FGFR4,12,0.00163637351112755,0.0006722019186275749,GSE135893
IPF,Macrophages,FGFRL1,12,0.029105399230948976,0.023785094504399012,GSE135893
IPF,Macrophages,FLT1,12,0.23528433934099216,0.10629461028614035,GSE135893
IPF,Macrophages,FZD1,12,0.061678184725661465,0.043779929297293484,GSE135893
IPF,Macrophages,FZD10,12,1.3003827171975001e-05,3.440682631433333e-05,GSE135893
IPF,Macrophages,FZD2,12,0.016322395627241543,0.013006208506135966,GSE135893
IPF,Macrophages,FZD3,12,0.0038304768546780915,0.0026786659093013913,GSE135893
IPF,Macrophages,FZD4,12,0.005392558712888534,0.005523436908135858,GSE135893
IPF,Macrophages,FZD5,12,0.033582821396242406,0.027156303926771125,GSE135893
IPF,Macrophages,FZD6,12,0.006255899592422775,0.003792068753025483,GSE135893
IPF,Macrophages,FZD7,12,0.014688938451761134,0.011171323888199518,GSE135893
IPF,Macrophages,FZD8,12,0.002157713247941333,0.0015926561033285083,GSE135893
IPF,Macrophages,FZD9,12,0.0014688340924349835,0.000510586221269175,GSE135893
IPF,Macrophages,GPC1,12,0.003016790477262442,0.0021732921769549002,GSE135893
IPF,Macrophages,GRIN2B,12,0.0,0.0,GSE135893
IPF,Macrophages,GRM7,12,0.0002131946710635,0.00025032331386918335,GSE135893
IPF,Macrophages,GSDMD,12,0.35728882116246113,0.2484846034095518,GSE135893
IPF,Macrophages,HBEGF,12,2.376361003046575,0.5170637681189295,GSE135893
IPF,Macrophages,IL1A,12,0.07456363229181279,0.03831278098414288,GSE135893
IPF,Macrophages,IL1B,12,2.1413936612721494,0.27778445235185195,GSE135893
IPF,Macrophages,IL1R1,12,0.16566272489359604,0.09244204949043842,GSE135893
IPF,Macrophages,IL1R2,12,0.2917823813784849,0.07639019256937211,GSE135893
IPF,Macrophages,IL1RAP,12,0.44125130648355787,0.21806128142217243,GSE135893
IPF,Macrophages,IL1RN,12,3.440903401818566,0.44687424216136556,GSE135893
IPF,Macrophages,IL6,12,0.09105692558223553,0.035038199440519655,GSE135893
IPF,Macrophages,ITGA4,12,0.4045653728537572,0.20037372199407832,GSE135893
IPF,Macrophages,ITGA5,12,0.6666843787368805,0.34337897893899666,GSE135893
IPF,Macrophages,ITGA9,12,0.02330408306057906,0.012713430320499083,GSE135893
IPF,Macrophages,ITGAV,12,0.4545230121428008,0.23750354422593614,GSE135893
IPF,Macrophages,ITGB1,12,2.1502099377909736,0.7138375430162003,GSE135893
IPF,Macrophages,ITGB3,12,0.014317345754770333,0.0112019678724272,GSE135893
IPF,Macrophages,ITGB5,12,0.17840781084320947,0.12009916111027132,GSE135893
IPF,Macrophages,ITGB6,12,0.0062306881352253,0.003645000936338142,GSE135893
IPF,Macrophages,ITGB8,12,0.14041259878023518,0.08736081518142318,GSE135893
IPF,Macrophages,KDR,12,0.0018312029618680998,0.0015308823670436417,GSE135893
IPF,Macrophages,KLRG2,12,9.359243832654167e-05,0.000130863789138975,GSE135893
IPF,Macrophages,LDLR,12,0.1550446131649371,0.08031281298165623,GSE135893
IPF,Macrophages,LGR5,12,0.0,0.0,GSE135893
IPF,Macrophages,LPP,12,0.4797234451463131,0.2726139229366707,GSE135893
IPF,Macrophages,LRP1,12,1.57792171169167,0.5932096257187907,GSE135893
IPF,Macrophages,LRP2,12,0.001004297594352975,0.0009006687826445,GSE135893
IPF,Macrophages,LRP5,12,0.0072855687754956175,0.005214517490317167,GSE135893
IPF,Macrophages,LRP6,12,0.003942678079854709,0.002175759931403067,GSE135893
IPF,Macrophages,MCAM,12,0.002770697020195417,0.001604741677026558,GSE135893
IPF,Macrophages,MTNR1A,12,0.0,0.0,GSE135893
IPF,Macrophages,MUSK,12,0.0,0.0,GSE135893
IPF,Macrophages,NLRP3,12,0.7397576562162059,0.21214110363556782,GSE135893
IPF,Macrophages,NOTCH1,12,0.1195354135681949,0.08276889558333068,GSE135893
IPF,Macrophages,NRP1,12,0.6766061746182791,0.3097640816618805,GSE135893
IPF,Macrophages,NRP2,12,0.8294999970871775,0.34902099133143016,GSE135893
IPF,Macrophages,PRLR,12,0.0253071108424141,0.013927514745398792,GSE135893
IPF,Macrophages,PTK7,12,0.0017110191413564084,0.001278871740268975,GSE135893
IPF,Macrophages,PTPRK,12,0.0047754193033877415,0.0027445981522141085,GSE135893
IPF,Macrophages,PYCARD,12,3.1071403110438465,0.7433750516257084,GSE135893
IPF,Macrophages,RECK,12,0.10123678495220535,0.0772791311430819,GSE135893
IPF,Macrophages,RET,12,0.0027682648542049913,0.002565084363030342,GSE135893
IPF,Macrophages,ROR1,12,0.001743559641291,0.0013920375779332,GSE135893
IPF,Macrophages,ROR2,12,0.00106086316675645,0.000586129792342275,GSE135893
IPF,Macrophages,RYK,12,0.082872381859092,0.06326683425492725,GSE135893
IPF,Macrophages,SDC2,12,1.4874538445128838,0.38149448966223537,GSE135893
IPF,Macrophages,SDC4,12,0.7388142366239198,0.3380490155352338,GSE135893
IPF,Macrophages,SIGIRR,12,0.38129503642159474,0.2423677357484302,GSE135893
IPF,Macrophages,SIRPA,12,1.051501470317936,0.5010614232411739,GSE135893
IPF,Macrophages,SMO,12,0.00013008004437723333,0.00034312535859890004,GSE135893
IPF,Macrophages,SPP1,12,29.72882442457488,0.4152286742693873,GSE135893
IPF,Macrophages,TGFB1,12,1.2263637126290206,0.5428670456588679,GSE135893
IPF,Macrophages,TGFBR1,12,0.3367037572295947,0.2114830958258658,GSE135893
IPF,Macrophages,TGFBR2,12,0.5832676881281565,0.3215908138211528,GSE135893
IPF,Macrophages,TGFBR3,12,0.007439054589974025,0.004287246150883659,GSE135893
IPF,Macrophages,TMED5,12,1.3075076156627687,0.5588796823689912,GSE135893
IPF,Macrophages,TNF,12,0.43617216851850005,0.13652676409554795,GSE135893
IPF,Macrophages,TYRO3,12,0.005988223865355292,0.004392645532659525,GSE135893
IPF,Macrophages,VANGL2,12,0.0008948578076756417,0.0005082403145417583,GSE135893
IPF,Macrophages,VASN,12,0.0032642978309250664,0.0023285298661345,GSE135893
IPF,Macrophages,VEGFA,12,0.6809120647924433,0.20518324012695247,GSE135893
IPF,Macrophages,WNT1,12,0.0003307568924916366,0.00039281067138018333,GSE135893
IPF,Macrophages,WNT10A,12,0.00036061246780699167,0.00024388435443446665,GSE135893
IPF,Macrophages,WNT10B,12,0.0004597596110911583,0.0004856544237088666,GSE135893
IPF,Macrophages,WNT11,12,0.0010075715806068918,0.0005939880202406083,GSE135893
IPF,Macrophages,WNT16,12,0.0002130316687567917,0.00020605117921511666,GSE135893
IPF,Macrophages,WNT2,12,0.0005708568095880833,0.000285420340794075,GSE135893
IPF,Macrophages,WNT2B,12,0.021317330407669106,0.013622353683608257,GSE135893
IPF,Macrophages,WNT3,12,0.00022371322613174167,0.00011246063877642499,GSE135893
IPF,Macrophages,WNT3A,12,0.0004609047638612083,0.0001883628076468,GSE135893
IPF,Macrophages,WNT4,12,0.0,0.0,GSE135893
IPF,Macrophages,WNT5A,12,0.015226147208914602,0.009495033562970758,GSE135893
IPF,Macrophages,WNT5B,12,0.008424085568721517,0.006633664835329858,GSE135893
IPF,Macrophages,WNT6,12,0.0010746896002788834,0.001057103284471175,GSE135893
IPF,Macrophages,WNT7A,12,0.0002788081948130417,6.18345648854e-05,GSE135893
IPF,Macrophages,WNT7B,12,0.0015306493516704666,0.000960522548704775,GSE135893
IPF,Macrophages,WNT8A,12,0.0,0.0,GSE135893
IPF,Macrophages,WNT8B,12,0.0,0.0,GSE135893
IPF,Macrophages,WNT9A,12,0.00049127372413175,0.00036010162828381667,GSE135893
IPF,Macrophages,WNT9B,12,0.0,0.0,GSE135893
IPF,Macrophages,XCR1,12,0.002913270837697909,0.0018748881507408665,GSE135893
IPF,Mast Cells,ACKR1,3,0.04718820286961273,0.013583724569640033,GSE135893
IPF,Mast Cells,ACKR2,3,0.12001593681263352,0.04020464668351987,GSE135893
IPF,Mast Cells,ACKR3,3,0.0,0.0,GSE135893
IPF,Mast Cells,ACKR4,3,0.0,0.0,GSE135893
IPF,Mast Cells,ACVR1,3,0.24522913220902365,0.08886481280847473,GSE135893
IPF,Mast Cells,ACVR1B,3,0.7181199806986376,0.225725291922475,GSE135893
IPF,Mast Cells,ACVR1C,3,0.0,0.0,GSE135893
IPF,Mast Cells,ACVRL1,3,0.0249901861538571,0.013583724569640033,GSE135893
IPF,Mast Cells,ADGRA2,3,0.0,0.0,GSE135893
IPF,Mast Cells,ADRA2A,3,0.0181980309730487,0.0051282051282051004,GSE135893
IPF,Mast Cells,ADRB2,3,2.4726928346045796,0.41886120139641264,GSE135893
IPF,Mast Cells,ANTXR1,3,0.0,0.0,GSE135893
IPF,Mast Cells,APCDD1,3,0.0,0.0,GSE135893
IPF,Mast Cells,AREG,3,62.44337775196848,0.8267581557722402,GSE135893
IPF,Mast Cells,ATP6AP2,3,1.0175802449268339,0.355435175153485,GSE135893
IPF,Mast Cells,AVPR1A,3,0.0,0.0,GSE135893
IPF,Mast Cells,CASP1,3,0.21268726745867775,0.09547369688214753,GSE135893
IPF,Mast Cells,CAV1,3,0.05343295994829067,0.0257541832189719,GSE135893
IPF,Mast Cells,CCL2,3,0.45918552698830317,0.09966775009028528,GSE135893
IPF,Mast Cells,CCR1,3,0.03968853956961483,0.019646081617912568,GSE135893
IPF,Mast Cells,CCR10,3,0.0,0.0,GSE135893
IPF,Mast Cells,CCR2,3,0.010474275180157533,0.0051282051282051004,GSE135893
IPF,Mast Cells,CCR3,3,0.0,0.0,GSE135893
IPF,Mast Cells,CCR4,3,0.0,0.0,GSE135893
IPF,Mast Cells,CCR5,3,0.0017259156241273335,0.0023474178403755665,GSE135893
IPF,Mast Cells,CD36,3,0.11737548098685043,0.0387913807632117,GSE135893
IPF,Mast Cells,CD4,3,0.2083041375748265,0.07256771397616463,GSE135893
IPF,Mast Cells,CD44,3,13.553261732802639,0.9799205489346335,GSE135893
IPF,Mast Cells,CD82,3,5.248967830773482,0.7796051522812086,GSE135893
IPF,Mast Cells,CD9,3,12.056953414921304,0.9412664018297822,GSE135893
IPF,Mast Cells,CSF1,3,1.7166243379023645,0.2764174792343806,GSE135893
IPF,Mast Cells,CSF1R,3,0.08841744004048828,0.031315757794630965,GSE135893
IPF,Mast Cells,CXCL1,3,0.0999420592785011,0.021492716985674665,GSE135893
IPF,Mast Cells,CXCL12,3,0.0,0.0,GSE135893
IPF,Mast Cells,CXCL2,3,1.175202750937508,0.11117611652822917,GSE135893
IPF,Mast Cells,CXCR1,3,0.0,0.0,GSE135893
IPF,Mast Cells,CXCR2,3,0.010018855486024667,0.0023474178403755665,GSE135893
IPF,Mast Cells,CXCR3,3,0.007819219641879734,0.004444444444444433,GSE135893
IPF,Mast Cells,CXCR4,3,0.5748777110292913,0.13638377272180088,GSE135893
IPF,Mast Cells,DPP4,3,0.059286214780173464,0.025070422535211263,GSE135893
IPF,Mast Cells,EGFR,3,0.0,0.0,GSE135893
IPF,Mast Cells,ENG,3,0.25072821607926726,0.09727458769712287,GSE135893
IPF,Mast Cells,EPHA7,3,0.0,0.0,GSE135893
IPF,Mast Cells,EPHB2,3,0.0,0.0,GSE135893
IPF,Mast Cells,ERBB2,3,0.0,0.0,GSE135893
IPF,Mast Cells,ERBB3,3,0.0,0.0,GSE135893
IPF,Mast Cells,ERBB4,3,0.011116669445833999,0.004444444444444433,GSE135893
IPF,Mast Cells,FGF10,3,0.0,0.0,GSE135893
IPF,Mast Cells,FGF7,3,0.0,0.0,GSE135893
IPF,Mast Cells,FGFR1,3,0.14426437071220707,0.05953051643192486,GSE135893
IPF,Mast Cells,FGFR2,3,0.0,0.0,GSE135893
IPF,Mast Cells,FGFR3,3,0.0,0.0,GSE135893
IPF,Mast Cells,FGFR4,3,0.0,0.0,GSE135893
IPF,Mast Cells,FGFRL1,3,0.0093784172607894,0.0023474178403755665,GSE135893
IPF,Mast Cells,FLT1,3,0.03516617916867976,0.019395690381605834,GSE135893
IPF,Mast Cells,FZD1,3,0.08208238176800857,0.030381605874563566,GSE135893
IPF,Mast Cells,FZD10,3,0.0,0.0,GSE135893
IPF,Mast Cells,FZD2,3,0.013311323097708667,0.004694835680751167,GSE135893
IPF,Mast Cells,FZD3,3,0.013006861119240399,0.004444444444444433,GSE135893
IPF,Mast Cells,FZD4,3,0.0,0.0,GSE135893
IPF,Mast Cells,FZD5,3,0.0,0.0,GSE135893
IPF,Mast Cells,FZD6,3,0.034398229811988534,0.010256410256410234,GSE135893
IPF,Mast Cells,FZD7,3,0.056872287066799004,0.025253400746358432,GSE135893
IPF,Mast Cells,FZD8,3,0.0,0.0,GSE135893
IPF,Mast Cells,FZD9,3,0.0,0.0,GSE135893
IPF,Mast Cells,GPC1,3,0.0094926194883478,0.004444444444444433,GSE135893
IPF,Mast Cells,GRIN2B,3,0.0,0.0,GSE135893
IPF,Mast Cells,GRM7,3,0.0,0.0,GSE135893
IPF,Mast Cells,GSDMD,3,0.38103671430119906,0.16428072709762842,GSE135893
IPF,Mast Cells,HBEGF,3,0.12009278265339612,0.03576020223907544,GSE135893
IPF,Mast Cells,IL1A,3,0.052493717757796675,0.016181533646322365,GSE135893
IPF,Mast Cells,IL1B,3,0.22120387448087517,0.027417840375586835,GSE135893
IPF,Mast Cells,IL1R1,3,0.05940943221244654,0.022973395931142365,GSE135893
IPF,Mast Cells,IL1R2,3,0.048072938999356635,0.011737089201877932,GSE135893
IPF,Mast Cells,IL1RAP,3,0.15883239425314702,0.06156013001083419,GSE135893
IPF,Mast Cells,IL1RN,3,0.26516571897779384,0.05378837125315997,GSE135893
IPF,Mast Cells,IL6,3,0.030511982294852632,0.011236306729264433,GSE135893
IPF,Mast Cells,ITGA4,3,0.9871140565300901,0.3095100517635729,GSE135893
IPF,Mast Cells,ITGA5,3,0.19575976436207088,0.07065366558324303,GSE135893
IPF,Mast Cells,ITGA9,3,0.2320381232851556,0.07682918020946188,GSE135893
IPF,Mast Cells,ITGAV,3,1.3097981677375816,0.33981702178885276,GSE135893
IPF,Mast Cells,ITGB1,3,0.6224118751051968,0.23689659323462142,GSE135893
IPF,Mast Cells,ITGB3,3,0.009424515653226299,0.008888888888888866,GSE135893
IPF,Mast Cells,ITGB5,3,0.0123081846350777,0.0051282051282051004,GSE135893
IPF,Mast Cells,ITGB6,3,0.0,0.0,GSE135893
IPF,Mast Cells,ITGB8,3,0.24984638632766698,0.06721078608402549,GSE135893
IPF,Mast Cells,KDR,3,0.006966213862765566,0.004444444444444433,GSE135893
IPF,Mast Cells,KLRG2,3,0.0,0.0,GSE135893
IPF,Mast Cells,LDLR,3,0.29223604226677163,0.07329721921271214,GSE135893
IPF,Mast Cells,LGR5,3,0.0,0.0,GSE135893
IPF,Mast Cells,LPP,3,0.164208997312323,0.07405080052967374,GSE135893
IPF,Mast Cells,LRP1,3,0.06938552520949827,0.03224990971469843,GSE135893
IPF,Mast Cells,LRP2,3,0.0,0.0,GSE135893
IPF,Mast Cells,LRP5,3,0.0116323976232685,0.0023474178403755665,GSE135893
IPF,Mast Cells,LRP6,3,0.03947398315913003,0.013583724569640033,GSE135893
IPF,Mast Cells,MCAM,3,0.0054692866737548335,0.0023474178403755665,GSE135893
IPF,Mast Cells,MTNR1A,3,0.0,0.0,GSE135893
IPF,Mast Cells,MUSK,3,0.0,0.0,GSE135893
IPF,Mast Cells,NLRP3,3,0.12537782543575685,0.03742385939569034,GSE135893
IPF,Mast Cells,NOTCH1,3,0.042162860328171126,0.02087636932707353,GSE135893
IPF,Mast Cells,NRP1,3,0.06845881878066924,0.02828457927049473,GSE135893
IPF,Mast Cells,NRP2,3,0.1795206777100313,0.0657084386661851,GSE135893
IPF,Mast Cells,PRLR,3,0.0039441663807146,0.0051282051282051004,GSE135893
IPF,Mast Cells,PTK7,3,0.0,0.0,GSE135893
IPF,Mast Cells,PTPRK,3,0.0,0.0,GSE135893
IPF,Mast Cells,PYCARD,3,1.637343065609561,0.4734031539665342,GSE135893
IPF,Mast Cells,RECK,3,0.2324427637635186,0.07459732755507399,GSE135893
IPF,Mast Cells,RET,3,0.12218005672358827,0.049093535572408774,GSE135893
IPF,Mast Cells,ROR1,3,0.0,0.0,GSE135893
IPF,Mast Cells,ROR2,3,0.0,0.0,GSE135893
IPF,Mast Cells,RYK,3,0.14336044846586934,0.05219212712170457,GSE135893
IPF,Mast Cells,SDC2,3,0.15207117784423232,0.044853737811484266,GSE135893
IPF,Mast Cells,SDC4,3,0.1386868248344387,0.07183820873961717,GSE135893
IPF,Mast Cells,SIGIRR,3,0.4742731416222699,0.1924064042373901,GSE135893
IPF,Mast Cells,SIRPA,3,0.3161650128332979,0.12147827133742624,GSE135893
IPF,Mast Cells,SMO,3,0.0,0.0,GSE135893
IPF,Mast Cells,SPP1,3,7.621921957810045,0.14372456964006255,GSE135893
IPF,Mast Cells,TGFB1,3,1.3127019626777976,0.40897074756229684,GSE135893
IPF,Mast Cells,TGFBR1,3,0.12494223917833534,0.04897797038642104,GSE135893
IPF,Mast Cells,TGFBR2,3,1.137422668949257,0.3062958950282894,GSE135893
IPF,Mast Cells,TGFBR3,3,0.0131961694094146,0.00679186228482,GSE135893
IPF,Mast Cells,TMED5,3,1.1491945693300225,0.38716022631515584,GSE135893
IPF,Mast Cells,TNF,3,0.288992835612321,0.08079451065366557,GSE135893
IPF,Mast Cells,TYRO3,3,0.0,0.0,GSE135893
IPF,Mast Cells,VANGL2,3,0.0031170068256215332,0.0023474178403755665,GSE135893
IPF,Mast Cells,VASN,3,0.0,0.0,GSE135893
IPF,Mast Cells,VEGFA,3,0.7054060306904782,0.22353677621283255,GSE135893
IPF,Mast Cells,WNT1,3,0.007858780851608899,0.0023474178403755665,GSE135893
IPF,Mast Cells,WNT10A,3,0.0,0.0,GSE135893
IPF,Mast Cells,WNT10B,3,0.0,0.0,GSE135893
IPF,Mast Cells,WNT11,3,0.008623386445699967,0.00679186228482,GSE135893
IPF,Mast Cells,WNT16,3,0.0,0.0,GSE135893
IPF,Mast Cells,WNT2,3,0.0,0.0,GSE135893
IPF,Mast Cells,WNT2B,3,0.0,0.0,GSE135893
IPF,Mast Cells,WNT3,3,0.0,0.0,GSE135893
IPF,Mast Cells,WNT3A,3,0.0034154195262266333,0.0023474178403755665,GSE135893
IPF,Mast Cells,WNT4,3,0.0,0.0,GSE135893
IPF,Mast Cells,WNT5A,3,0.0,0.0,GSE135893
IPF,Mast Cells,WNT5B,3,0.0,0.0,GSE135893
IPF,Mast Cells,WNT6,3,0.0,0.0,GSE135893
IPF,Mast Cells,WNT7A,3,0.0,0.0,GSE135893
IPF,Mast Cells,WNT7B,3,0.0,0.0,GSE135893
IPF,Mast Cells,WNT8A,3,0.0,0.0,GSE135893
IPF,Mast Cells,WNT8B,3,0.0,0.0,GSE135893
IPF,Mast Cells,WNT9A,3,0.0,0.0,GSE135893
IPF,Mast Cells,WNT9B,3,0.0,0.0,GSE135893
IPF,Mast Cells,XCR1,3,0.0,0.0,GSE135893
IPF,Monocytes,ACKR1,6,0.012670674356068517,0.0056420301667849835,GSE135893
IPF,Monocytes,ACKR2,6,0.00025493913990875,0.00015994881637874998,GSE135893
IPF,Monocytes,ACKR3,6,0.05879341571965812,0.02533030697441037,GSE135893
IPF,Monocytes,ACKR4,6,0.00013001854688566666,0.00015994881637874998,GSE135893
IPF,Monocytes,ACVR1,6,0.045041205945363115,0.0240104669819888,GSE135893
IPF,Monocytes,ACVR1B,6,0.19482091965947645,0.08561236968658913,GSE135893
IPF,Monocytes,ACVR1C,6,0.00011614058697266668,0.00015994881637874998,GSE135893
IPF,Monocytes,ACVRL1,6,0.0357220478625207,0.017411806198740765,GSE135893
IPF,Monocytes,ADGRA2,6,0.013400786841156217,0.007481483614465617,GSE135893
IPF,Monocytes,ADRA2A,6,0.0,0.0,GSE135893
IPF,Monocytes,ADRB2,6,0.15422424604590565,0.06468672848574318,GSE135893
IPF,Monocytes,ANTXR1,6,0.007703681296149766,0.004121242019348083,GSE135893
IPF,Monocytes,APCDD1,6,0.008573337132520616,0.0047926035786480334,GSE135893
IPF,Monocytes,AREG,6,26.56066161294724,0.6741171664262486,GSE135893
IPF,Monocytes,ATP6AP2,6,2.042625490816543,0.6320434548403239,GSE135893
IPF,Monocytes,AVPR1A,6,0.00046823423998465003,0.00015994881637874998,GSE135893
IPF,Monocytes,CASP1,6,2.092993621245328,0.5830030730544752,GSE135893
IPF,Monocytes,CAV1,6,0.04907405641757856,0.021580090912177,GSE135893
IPF,Monocytes,CCL2,6,1.0152540657855411,0.0854683330918637,GSE135893
IPF,Monocytes,CCR1,6,0.6654422517214088,0.25977539249884146,GSE135893
IPF,Monocytes,CCR10,6,0.006373117390112617,0.00343537096310665,GSE135893
IPF,Monocytes,CCR2,6,0.29653519092724295,0.11640211928129279,GSE135893
IPF,Monocytes,CCR3,6,0.0032966883017983496,0.0022696534577289497,GSE135893
IPF,Monocytes,CCR4,6,0.0,0.0,GSE135893
IPF,Monocytes,CCR5,6,0.06485713095987812,0.04184609118984933,GSE135893
IPF,Monocytes,CD36,6,2.418850640614581,0.5136585892464746,GSE135893
IPF,Monocytes,CD4,6,1.0725480514522177,0.4117415520677439,GSE135893
IPF,Monocytes,CD44,6,5.82709696494727,0.8284393927682075,GSE135893
IPF,Monocytes,CD82,6,0.3934612244611942,0.15607195464887783,GSE135893
IPF,Monocytes,CD9,6,0.5807993965393305,0.15770389303937607,GSE135893
IPF,Monocytes,CSF1,6,0.00812339436211445,0.0042496591253217,GSE135893
IPF,Monocytes,CSF1R,6,1.7053759061917304,0.4635367460597841,GSE135893
IPF,Monocytes,CXCL1,6,0.31074245615869206,0.04206858443665462,GSE135893
IPF,Monocytes,CXCL12,6,0.012230715762550933,0.0052954879231475,GSE135893
IPF,Monocytes,CXCL2,6,8.078779115250786,0.4750694378567671,GSE135893
IPF,Monocytes,CXCR1,6,0.0028368192838411498,0.0017031586929219498,GSE135893
IPF,Monocytes,CXCR2,6,0.015365235450291616,0.007637053697871266,GSE135893
IPF,Monocytes,CXCR3,6,0.0025543887862737166,0.0013256663217564501,GSE135893
IPF,Monocytes,CXCR4,6,3.987021127938109,0.6705198481109099,GSE135893
IPF,Monocytes,DPP4,6,0.0036972143909972497,0.0015316909288615999,GSE135893
IPF,Monocytes,EGFR,6,0.00309879604072545,0.0008603639529414332,GSE135893
IPF,Monocytes,ENG,6,0.37268739672881823,0.1514805294820726,GSE135893
IPF,Monocytes,EPHA7,6,0.0,0.0,GSE135893
IPF,Monocytes,EPHB2,6,0.03841921371175795,0.01852233536630323,GSE135893
IPF,Monocytes,ERBB2,6,0.00078082024983185,0.00031989763275751666,GSE135893
IPF,Monocytes,ERBB3,6,0.00685632942646935,0.0023525377229080833,GSE135893
IPF,Monocytes,ERBB4,6,0.0010746046422060833,0.0003805175038051666,GSE135893
IPF,Monocytes,FGF10,6,0.0,0.0,GSE135893
IPF,Monocytes,FGF7,6,0.009552322589495,0.003383279490480733,GSE135893
IPF,Monocytes,FGFR1,6,0.03504588936035162,0.013736699019265499,GSE135893
IPF,Monocytes,FGFR2,6,0.0014426747777926833,0.00076103500761035,GSE135893
IPF,Monocytes,FGFR3,6,0.0007426454599174666,0.00031989763275751666,GSE135893
IPF,Monocytes,FGFR4,6,0.0,0.0,GSE135893
IPF,Monocytes,FGFRL1,6,0.062220493632826064,0.029443604744003832,GSE135893
IPF,Monocytes,FLT1,6,0.6667745231373905,0.15109396643367654,GSE135893
IPF,Monocytes,FZD1,6,0.08740618714334013,0.05025434119311376,GSE135893
IPF,Monocytes,FZD10,6,0.0002254705615714,0.00015994881637874998,GSE135893
IPF,Monocytes,FZD2,6,0.0271966953581407,0.015804371219408517,GSE135893
IPF,Monocytes,FZD3,6,0.00343165910652155,0.0014008302731253832,GSE135893
IPF,Monocytes,FZD4,6,0.0023781032079281997,0.0010809326403678667,GSE135893
IPF,Monocytes,FZD5,6,0.016322152388881683,0.009516303603474515,GSE135893
IPF,Monocytes,FZD6,6,0.0040259599453303,0.0019865642994241835,GSE135893
IPF,Monocytes,FZD7,6,0.005759734059113966,0.002171486194376633,GSE135893
IPF,Monocytes,FZD8,6,0.0,0.0,GSE135893
IPF,Monocytes,FZD9,6,0.0009403222597222666,0.0006858710562414167,GSE135893
IPF,Monocytes,GPC1,6,0.0,0.0,GSE135893
IPF,Monocytes,GRIN2B,6,0.0,0.0,GSE135893
IPF,Monocytes,GRM7,6,0.0,0.0,GSE135893
IPF,Monocytes,GSDMD,6,0.5926549094041419,0.25796867828079006,GSE135893
IPF,Monocytes,HBEGF,6,2.810829351022239,0.4980430711323607,GSE135893
IPF,Monocytes,IL1A,6,0.05883743685696507,0.023902623441912397,GSE135893
IPF,Monocytes,IL1B,6,7.804515916762187,0.5382918311546372,GSE135893
IPF,Monocytes,IL1R1,6,0.29082768994173264,0.09136612487449042,GSE135893
IPF,Monocytes,IL1R2,6,3.186289718782241,0.35677684021344885,GSE135893
IPF,Monocytes,IL1RAP,6,0.863625627662259,0.27618546803705585,GSE135893
IPF,Monocytes,IL1RN,6,1.7867150922351351,0.2914917131604369,GSE135893
IPF,Monocytes,IL6,6,0.22260685741455463,0.0595247494081109,GSE135893
IPF,Monocytes,ITGA4,6,1.4610903287936337,0.40873024439552214,GSE135893
IPF,Monocytes,ITGA5,6,0.4309961933257232,0.1820203708977041,GSE135893
IPF,Monocytes,ITGA9,6,0.015908531878554403,0.00495744097832735,GSE135893
IPF,Monocytes,ITGAV,6,0.2939287037497605,0.10991006995899061,GSE135893
IPF,Monocytes,ITGB1,6,1.8788227239702584,0.5465670288518062,GSE135893
IPF,Monocytes,ITGB3,6,0.0031750759719740666,0.0019237273803483666,GSE135893
IPF,Monocytes,ITGB5,6,0.028414312963335103,0.012897084181109483,GSE135893
IPF,Monocytes,ITGB6,6,0.00767717776400025,0.0030529528594707665,GSE135893
IPF,Monocytes,ITGB8,6,0.05142133029258123,0.02420658732686003,GSE135893
IPF,Monocytes,KDR,6,0.0029844802652106337,0.0014469060638517665,GSE135893
IPF,Monocytes,KLRG2,6,0.0,0.0,GSE135893
IPF,Monocytes,LDLR,6,0.6170843111750856,0.2046591536709733,GSE135893
IPF,Monocytes,LGR5,6,0.0,0.0,GSE135893
IPF,Monocytes,LPP,6,0.4895211384621958,0.20815460783498962,GSE135893
IPF,Monocytes,LRP1,6,1.4621672835292605,0.46132392384672566,GSE135893
IPF,Monocytes,LRP2,6,0.0,0.0,GSE135893
IPF,Monocytes,LRP5,6,0.0100671334410621,0.0065708916395591,GSE135893
IPF,Monocytes,LRP6,6,0.000296366159679,0.00015994881637874998,GSE135893
IPF,Monocytes,MCAM,6,0.005088694503437667,0.0025635226458634,GSE135893
IPF,Monocytes,MTNR1A,6,0.0,0.0,GSE135893
IPF,Monocytes,MUSK,6,0.0,0.0,GSE135893
IPF,Monocytes,NLRP3,6,3.3753156339463692,0.5539781751836813,GSE135893
IPF,Monocytes,NOTCH1,6,0.16159056898493296,0.07490313185959767,GSE135893
IPF,Monocytes,NRP1,6,0.13862569620542822,0.04975060868837138,GSE135893
IPF,Monocytes,NRP2,6,0.09310647403200906,0.043976174912952117,GSE135893
IPF,Monocytes,PRLR,6,0.10655855118171097,0.042636073392593794,GSE135893
IPF,Monocytes,PTK7,6,0.0006786118641440666,0.00015994881637874998,GSE135893
IPF,Monocytes,PTPRK,6,0.0006720549343079667,0.0003805175038051666,GSE135893
IPF,Monocytes,PYCARD,6,3.846537359356263,0.7555448657986195,GSE135893
IPF,Monocytes,RECK,6,0.12064078500331021,0.06283520332926974,GSE135893
IPF,Monocytes,RET,6,0.01832091558801498,0.008792568706730983,GSE135893
IPF,Monocytes,ROR1,6,0.0,0.0,GSE135893
IPF,Monocytes,ROR2,6,0.0,0.0,GSE135893
IPF,Monocytes,RYK,6,0.08227144632535309,0.03961753647685862,GSE135893
IPF,Monocytes,SDC2,6,0.26600512946802934,0.09788277614433967,GSE135893
IPF,Monocytes,SDC4,6,0.3595317960064224,0.131377169424945,GSE135893
IPF,Monocytes,SIGIRR,6,0.6323829451919961,0.2775668159811736,GSE135893
IPF,Monocytes,SIRPA,6,0.7379832878726513,0.30871145147192375,GSE135893
IPF,Monocytes,SMO,6,0.0,0.0,GSE135893
IPF,Monocytes,SPP1,6,0.2700273173527907,0.04529238170560792,GSE135893
IPF,Monocytes,TGFB1,6,1.4112549057328245,0.487451790046079,GSE135893
IPF,Monocytes,TGFBR1,6,0.1284994481316993,0.06727835167538322,GSE135893
IPF,Monocytes,TGFBR2,6,0.7896492372106919,0.3031709222305331,GSE135893
IPF,Monocytes,TGFBR3,6,0.005927750679304,0.0017668036966092832,GSE135893
IPF,Monocytes,TMED5,6,1.2211046163139452,0.42810028615895485,GSE135893
IPF,Monocytes,TNF,6,0.3453596405610502,0.11337631731740305,GSE135893
IPF,Monocytes,TYRO3,6,0.0022297086700474003,0.0018274235676569335,GSE135893
IPF,Monocytes,VANGL2,6,0.0,0.0,GSE135893
IPF,Monocytes,VASN,6,0.006413525124979683,0.0027234714622421503,GSE135893
IPF,Monocytes,VEGFA,6,0.9720331734358872,0.23444650436294354,GSE135893
IPF,Monocytes,WNT1,6,0.0014351769329178166,0.0006858710562414167,GSE135893
IPF,Monocytes,WNT10A,6,0.0009754936619664,0.0005404663201839167,GSE135893
IPF,Monocytes,WNT10B,6,0.0014351769329178166,0.0006858710562414167,GSE135893
IPF,Monocytes,WNT11,6,8.452614087551667e-05,0.00015994881637874998,GSE135893
IPF,Monocytes,WNT16,6,0.0,0.0,GSE135893
IPF,Monocytes,WNT2,6,0.0,0.0,GSE135893
IPF,Monocytes,WNT2B,6,0.009230180880834833,0.0034438993615283826,GSE135893
IPF,Monocytes,WNT3,6,0.0,0.0,GSE135893
IPF,Monocytes,WNT3A,6,0.0,0.0,GSE135893
IPF,Monocytes,WNT4,6,0.0,0.0,GSE135893
IPF,Monocytes,WNT5A,6,0.004860198110225533,0.0018419676479782168,GSE135893
IPF,Monocytes,WNT5B,6,0.010835777098881868,0.0070057176640183835,GSE135893
IPF,Monocytes,WNT6,6,0.0003560121559318,0.00031989763275751666,GSE135893
IPF,Monocytes,WNT7A,6,0.0004532411912121167,0.00015994881637874998,GSE135893
IPF,Monocytes,WNT7B,6,0.0007302197348017167,0.0003805175038051666,GSE135893
IPF,Monocytes,WNT8A,6,0.0,0.0,GSE135893
IPF,Monocytes,WNT8B,6,0.0,0.0,GSE135893
IPF,Monocytes,WNT9A,6,0.0,0.0,GSE135893
IPF,Monocytes,WNT9B,6,0.0,0.0,GSE135893
IPF,Monocytes,XCR1,6,0.0025515885118075833,0.0024035738294846333,GSE135893
IPF,Myofibroblasts,ACKR1,5,0.032604573574575704,0.01420308743003774,GSE135893
IPF,Myofibroblasts,ACKR2,5,0.00674577208734424,0.00377358490566036,GSE135893
IPF,Myofibroblasts,ACKR3,5,0.2767378041452741,0.08586783264958023,GSE135893
IPF,Myofibroblasts,ACKR4,5,0.02154595677400238,0.01139247539956756,GSE135893
IPF,Myofibroblasts,ACVR1,5,0.36508474513111844,0.19084752592714582,GSE135893
IPF,Myofibroblasts,ACVR1B,5,0.155593458929344,0.08646187052115056,GSE135893
IPF,Myofibroblasts,ACVR1C,5,0.00822310940435906,0.00377358490566036,GSE135893
IPF,Myofibroblasts,ACVRL1,5,0.21808389989174787,0.11220763218622172,GSE135893
IPF,Myofibroblasts,ADGRA2,5,0.3152918084479386,0.16497767080197154,GSE135893
IPF,Myofibroblasts,ADRA2A,5,0.06172857215673479,0.035877239734459,GSE135893
IPF,Myofibroblasts,ADRB2,5,0.02583257256060132,0.014541875919502002,GSE135893
IPF,Myofibroblasts,ANTXR1,5,2.8774690784662873,0.6371627698270278,GSE135893
IPF,Myofibroblasts,APCDD1,5,1.0129605746789099,0.27895906745766236,GSE135893
IPF,Myofibroblasts,AREG,5,0.7283731805168691,0.11477070540365064,GSE135893
IPF,Myofibroblasts,ATP6AP2,5,2.2564890740514083,0.5925006090301153,GSE135893
IPF,Myofibroblasts,AVPR1A,5,0.0026413519495818603,0.00061728395061728,GSE135893
IPF,Myofibroblasts,CASP1,5,0.14826883358275794,0.07693200745856969,GSE135893
IPF,Myofibroblasts,CAV1,5,5.524645045629329,0.7508819594795776,GSE135893
IPF,Myofibroblasts,CCL2,5,15.582308159570019,0.6316092539028442,GSE135893
IPF,Myofibroblasts,CCR1,5,0.03381976836702312,0.01544321189711258,GSE135893
IPF,Myofibroblasts,CCR10,5,0.04202579497776262,0.02530931867543664,GSE135893
IPF,Myofibroblasts,CCR2,5,0.0,0.0,GSE135893
IPF,Myofibroblasts,CCR3,5,0.00585051923358198,0.00377358490566036,GSE135893
IPF,Myofibroblasts,CCR4,5,0.0071146020091636,0.0019230769230769201,GSE135893
IPF,Myofibroblasts,CCR5,5,0.00135718541459978,0.00212765957446808,GSE135893
IPF,Myofibroblasts,CD36,5,0.051584382041888685,0.0196929744802085,GSE135893
IPF,Myofibroblasts,CD4,5,0.8128726476973475,0.301649156336029,GSE135893
IPF,Myofibroblasts,CD44,5,1.7429535818767825,0.4945182810063045,GSE135893
IPF,Myofibroblasts,CD82,5,2.7555773266892616,0.5455615715150038,GSE135893
IPF,Myofibroblasts,CD9,5,4.463298847340564,0.6052329125592875,GSE135893
IPF,Myofibroblasts,CSF1,5,0.47197407679555914,0.1851234339157529,GSE135893
IPF,Myofibroblasts,CSF1R,5,0.01572154874097026,0.007887797781414779,GSE135893
IPF,Myofibroblasts,CXCL1,5,0.7075572280962608,0.10252222340406465,GSE135893
IPF,Myofibroblasts,CXCL12,5,3.0773460238507298,0.5130617516506717,GSE135893
IPF,Myofibroblasts,CXCL2,5,0.81744651949908,0.11798630816428216,GSE135893
IPF,Myofibroblasts,CXCR1,5,0.0,0.0,GSE135893
IPF,Myofibroblasts,CXCR2,5,0.0045758384763477196,0.00274494352508536,GSE135893
IPF,Myofibroblasts,CXCR3,5,0.0,0.0,GSE135893
IPF,Myofibroblasts,CXCR4,5,0.06399780320478628,0.02313063972370806,GSE135893
IPF,Myofibroblasts,DPP4,5,0.01317158327248566,0.008234830575256081,GSE135893
IPF,Myofibroblasts,EGFR,5,0.7235630179383749,0.2537172186442894,GSE135893
IPF,Myofibroblasts,ENG,5,1.844394084479249,0.4941185418503764,GSE135893
IPF,Myofibroblasts,EPHA7,5,0.0028956684908519,0.00274494352508536,GSE135893
IPF,Myofibroblasts,EPHB2,5,0.10593064491143105,0.05725081327918204,GSE135893
IPF,Myofibroblasts,ERBB2,5,0.21783157702752737,0.10737037952011852,GSE135893
IPF,Myofibroblasts,ERBB3,5,0.009236888490604781,0.00493827160493826,GSE135893
IPF,Myofibroblasts,ERBB4,5,0.00507829143439442,0.0056254367575122,GSE135893
IPF,Myofibroblasts,FGF10,5,0.2265149589587005,0.1094349153629228,GSE135893
IPF,Myofibroblasts,FGF7,5,2.7892298590597777,0.5126278153108074,GSE135893
IPF,Myofibroblasts,FGFR1,5,1.5879278847838636,0.48837374853365756,GSE135893
IPF,Myofibroblasts,FGFR2,5,0.12045425698610183,0.07561393857392781,GSE135893
IPF,Myofibroblasts,FGFR3,5,0.0050055997878822,0.00397951142631992,GSE135893
IPF,Myofibroblasts,FGFR4,5,0.8731272836469606,0.233344303500198,GSE135893
IPF,Myofibroblasts,FGFRL1,5,0.05793574114642108,0.025105584281952482,GSE135893
IPF,Myofibroblasts,FLT1,5,0.00445688030127246,0.00274494352508536,GSE135893
IPF,Myofibroblasts,FZD1,5,0.5822852182026625,0.2473126998886399,GSE135893
IPF,Myofibroblasts,FZD10,5,0.0531759074673997,0.026479914587100417,GSE135893
IPF,Myofibroblasts,FZD2,5,0.04260574084531772,0.02084807300584092,GSE135893
IPF,Myofibroblasts,FZD3,5,0.03455411533253584,0.021401032320341802,GSE135893
IPF,Myofibroblasts,FZD4,5,0.3785471341868277,0.16251543543461108,GSE135893
IPF,Myofibroblasts,FZD5,5,0.00659241472547144,0.00397951142631992,GSE135893
IPF,Myofibroblasts,FZD6,5,0.20262701809574887,0.09539126229545067,GSE135893
IPF,Myofibroblasts,FZD7,5,0.2392132284353806,0.11181782431949697,GSE135893
IPF,Myofibroblasts,FZD8,5,0.024742324144813598,0.014888908713343302,GSE135893
IPF,Myofibroblasts,FZD9,5,0.0,0.0,GSE135893
IPF,Myofibroblasts,GPC1,5,0.43954597419236663,0.18388801775661132,GSE135893
IPF,Myofibroblasts,GRIN2B,5,0.0,0.0,GSE135893
IPF,Myofibroblasts,GRM7,5,0.02642736737447544,0.0061783960720130805,GSE135893
IPF,Myofibroblasts,GSDMD,5,0.48610378406724786,0.22360062225912616,GSE135893
IPF,Myofibroblasts,HBEGF,5,0.13706945580449661,0.05926146091742233,GSE135893
IPF,Myofibroblasts,IL1A,5,0.01234141284494248,0.00212765957446808,GSE135893
IPF,Myofibroblasts,IL1B,5,0.05021754400701882,0.024295326422985965,GSE135893
IPF,Myofibroblasts,IL1R1,5,1.9347044899504429,0.4837139723898723,GSE135893
IPF,Myofibroblasts,IL1R2,5,0.01262687089919998,0.00912236568264934,GSE135893
IPF,Myofibroblasts,IL1RAP,5,0.23224858208543422,0.10268519376307413,GSE135893
IPF,Myofibroblasts,IL1RN,5,0.06105236191525661,0.02983269685397342,GSE135893
IPF,Myofibroblasts,IL6,5,0.24855672426501196,0.07597023548783212,GSE135893
IPF,Myofibroblasts,ITGA4,5,0.04715038794788048,0.027862984807986785,GSE135893
IPF,Myofibroblasts,ITGA5,5,0.6373337265193375,0.197449755492041,GSE135893
IPF,Myofibroblasts,ITGA9,5,0.252338609079179,0.12479745697998068,GSE135893
IPF,Myofibroblasts,ITGAV,5,1.3991794764648622,0.41925107023461095,GSE135893
IPF,Myofibroblasts,ITGB1,5,7.383630075926488,0.8846104952186847,GSE135893
IPF,Myofibroblasts,ITGB3,5,0.04924567696103682,0.02263425635230796,GSE135893
IPF,Myofibroblasts,ITGB5,5,0.6008071307529026,0.24246853725644035,GSE135893
IPF,Myofibroblasts,ITGB6,5,0.0211761080867439,0.01056370836245048,GSE135893
IPF,Myofibroblasts,ITGB8,5,0.24546665668858939,0.11384429339735103,GSE135893
IPF,Myofibroblasts,KDR,5,0.05297211577978463,0.0230642945181952,GSE135893
IPF,Myofibroblasts,KLRG2,5,0.0,0.0,GSE135893
IPF,Myofibroblasts,LDLR,5,0.32673819046044394,0.1416990243699731,GSE135893
IPF,Myofibroblasts,LGR5,5,0.23585535447706932,0.060799295316891946,GSE135893
IPF,Myofibroblasts,LPP,5,2.0143876938609275,0.5361267133380073,GSE135893
IPF,Myofibroblasts,LRP1,5,4.78743422341479,0.7719968906105665,GSE135893
IPF,Myofibroblasts,LRP2,5,0.0070523800961100796,0.00816445376193802,GSE135893
IPF,Myofibroblasts,LRP5,5,0.10375015382990146,0.06230241785908848,GSE135893
IPF,Myofibroblasts,LRP6,5,0.3095540847424993,0.15167071543024974,GSE135893
IPF,Myofibroblasts,MCAM,5,0.05747760201533462,0.022225091049525643,GSE135893
IPF,Myofibroblasts,MTNR1A,5,0.0,0.0,GSE135893
IPF,Myofibroblasts,MUSK,5,0.13822433445210908,0.057640621145906804,GSE135893
IPF,Myofibroblasts,NLRP3,5,0.01454452157355412,0.00810147299509,GSE135893
IPF,Myofibroblasts,NOTCH1,5,0.05451957242331862,0.02991386274538952,GSE135893
IPF,Myofibroblasts,NRP1,5,1.223967025583668,0.38041182826075104,GSE135893
IPF,Myofibroblasts,NRP2,5,1.1441534005471188,0.3226949115581525,GSE135893
IPF,Myofibroblasts,PRLR,5,0.018393937894940877,0.00870966438342322,GSE135893
IPF,Myofibroblasts,PTK7,5,0.9512643845134487,0.36797269791381926,GSE135893
IPF,Myofibroblasts,PTPRK,5,0.6901859144795359,0.27706305853970775,GSE135893
IPF,Myofibroblasts,PYCARD,5,0.48813356616664744,0.21413340637882317,GSE135893
IPF,Myofibroblasts,RECK,5,0.8700745763208992,0.32413441475732385,GSE135893
IPF,Myofibroblasts,RET,5,0.025655140678730058,0.014687013800488941,GSE135893
IPF,Myofibroblasts,ROR1,5,0.32477519850937353,0.16951654636653965,GSE135893
IPF,Myofibroblasts,ROR2,5,0.4320462945255361,0.2058923615995742,GSE135893
IPF,Myofibroblasts,RYK,5,0.33988759629814713,0.16707638476673664,GSE135893
IPF,Myofibroblasts,SDC2,5,1.3233966932853871,0.4129782411362767,GSE135893
IPF,Myofibroblasts,SDC4,5,0.6303878149937027,0.2207863217364087,GSE135893
IPF,Myofibroblasts,SIGIRR,5,0.5210889601825813,0.24246669777581054,GSE135893
IPF,Myofibroblasts,SIRPA,5,0.22867377602451805,0.1295810025302866,GSE135893
IPF,Myofibroblasts,SMO,5,0.06634617180593085,0.037092945810997424,GSE135893
IPF,Myofibroblasts,SPP1,5,0.14283873394728314,0.038483764724899415,GSE135893
IPF,Myofibroblasts,TGFB1,5,0.5832331802674426,0.26580900167478516,GSE135893
IPF,Myofibroblasts,TGFBR1,5,0.5151186139457398,0.1671714944931859,GSE135893
IPF,Myofibroblasts,TGFBR2,5,1.6395115348619407,0.4826420603250524,GSE135893
IPF,Myofibroblasts,TGFBR3,5,1.1723070244927083,0.3467681659672827,GSE135893
IPF,Myofibroblasts,TMED5,5,0.7543709123564214,0.32741094912244384,GSE135893
IPF,Myofibroblasts,TNF,5,0.0175599952718726,0.00851063829787234,GSE135893
IPF,Myofibroblasts,TYRO3,5,0.11389627368801003,0.07415458232733751,GSE135893
IPF,Myofibroblasts,VANGL2,5,0.0488973235630785,0.02600692025956306,GSE135893
IPF,Myofibroblasts,VASN,5,1.2802801450730423,0.3867766409215626,GSE135893
IPF,Myofibroblasts,VEGFA,5,0.3434340852133701,0.14530963891662402,GSE135893
IPF,Myofibroblasts,WNT1,5,0.0,0.0,GSE135893
IPF,Myofibroblasts,WNT10A,5,0.0059649079654775,0.00487260309955344,GSE135893
IPF,Myofibroblasts,WNT10B,5,0.01383174718801774,0.00761064618953014,GSE135893
IPF,Myofibroblasts,WNT11,5,0.1431572639361523,0.0719868354185228,GSE135893
IPF,Myofibroblasts,WNT16,5,0.00885497932928,0.00597381342062192,GSE135893
IPF,Myofibroblasts,WNT2,5,0.7731536987197721,0.18714684354654915,GSE135893
IPF,Myofibroblasts,WNT2B,5,0.2812053830291049,0.12022054324342557,GSE135893
IPF,Myofibroblasts,WNT3,5,0.00790790836361518,0.0059012444801284395,GSE135893
IPF,Myofibroblasts,WNT3A,5,0.00197910853035358,0.00061728395061728,GSE135893
IPF,Myofibroblasts,WNT4,5,0.00242128758299088,0.00123456790123456,GSE135893
IPF,Myofibroblasts,WNT5A,5,0.6995896370024378,0.18846882013615585,GSE135893
IPF,Myofibroblasts,WNT5B,5,0.018211989579988243,0.01008668242710794,GSE135893
IPF,Myofibroblasts,WNT6,5,0.0013323686983956798,0.00212765957446808,GSE135893
IPF,Myofibroblasts,WNT7A,5,0.0,0.0,GSE135893
IPF,Myofibroblasts,WNT7B,5,0.0,0.0,GSE135893
IPF,Myofibroblasts,WNT8A,5,0.0,0.0,GSE135893
IPF,Myofibroblasts,WNT8B,5,0.0,0.0,GSE135893
IPF,Myofibroblasts,WNT9A,5,0.035582082548334136,0.028685699667902242,GSE135893
IPF,Myofibroblasts,WNT9B,5,0.0,0.0,GSE135893
IPF,Myofibroblasts,XCR1,5,0.0,0.0,GSE135893
IPF,NK Cells,ACKR1,4,0.01793573116410625,0.005537255792821425,GSE135893
IPF,NK Cells,ACKR2,4,0.0,0.0,GSE135893
IPF,NK Cells,ACKR3,4,0.0020584137738106,0.0008431703204047,GSE135893
IPF,NK Cells,ACKR4,4,0.0,0.0,GSE135893
IPF,NK Cells,ACVR1,4,0.012304776062345101,0.0089099370744403,GSE135893
IPF,NK Cells,ACVR1B,4,0.0666859431404484,0.0298296549059801,GSE135893
IPF,NK Cells,ACVR1C,4,0.0,0.0,GSE135893
IPF,NK Cells,ACVRL1,4,0.003361314950163575,0.001686340640809425,GSE135893
IPF,NK Cells,ADGRA2,4,0.0,0.0,GSE135893
IPF,NK Cells,ADRA2A,4,0.0,0.0,GSE135893
IPF,NK Cells,ADRB2,4,0.9482250793090871,0.307908867307489,GSE135893
IPF,NK Cells,ANTXR1,4,0.0060839399525993,0.0021079258010118,GSE135893
IPF,NK Cells,APCDD1,4,0.0,0.0,GSE135893
IPF,NK Cells,AREG,4,11.339300313005618,0.62826648838936,GSE135893
IPF,NK Cells,ATP6AP2,4,1.185589451631762,0.3811389692709248,GSE135893
IPF,NK Cells,AVPR1A,4,0.0,0.0,GSE135893
IPF,NK Cells,CASP1,4,0.7427624199925876,0.2826177411539186,GSE135893
IPF,NK Cells,CAV1,4,0.12438077171920683,0.037952445619261,GSE135893
IPF,NK Cells,CCL2,4,0.015959023343852977,0.0081468440722101,GSE135893
IPF,NK Cells,CCR1,4,0.08787235230871653,0.03693079746912635,GSE135893
IPF,NK Cells,CCR10,4,0.002619654147354075,0.001264755480607075,GSE135893
IPF,NK Cells,CCR2,4,0.02230843612928995,0.01018896471292805,GSE135893
IPF,NK Cells,CCR3,4,0.0,0.0,GSE135893
IPF,NK Cells,CCR4,4,0.0073632810872842,0.0067007456790989,GSE135893
IPF,NK Cells,CCR5,4,0.052030989237866726,0.04016676301555455,GSE135893
IPF,NK Cells,CD36,4,0.015420068074729749,0.007543915999503625,GSE135893
IPF,NK Cells,CD4,4,0.0651368886876338,0.04834650452132432,GSE135893
IPF,NK Cells,CD44,4,2.3496602177461514,0.5149234012199048,GSE135893
IPF,NK Cells,CD82,4,0.2505491075970693,0.10178556344275677,GSE135893
IPF,NK Cells,CD9,4,0.2139130235996318,0.0756583679166695,GSE135893
IPF,NK Cells,CSF1,4,0.054058948617841274,0.0326345664666301,GSE135893
IPF,NK Cells,CSF1R,4,0.027715662355927224,0.02021522208220555,GSE135893
IPF,NK Cells,CXCL1,4,0.039231552537456874,0.012946998471261274,GSE135893
IPF,NK Cells,CXCL12,4,0.007522913086198275,0.00252951096121415,GSE135893
IPF,NK Cells,CXCL2,4,0.025610906122123002,0.00998163019196405,GSE135893
IPF,NK Cells,CXCR1,4,0.1562339715543558,0.0504921413813752,GSE135893
IPF,NK Cells,CXCR2,4,0.2719418005868966,0.10471756348763855,GSE135893
IPF,NK Cells,CXCR3,4,0.35839596144568364,0.16503855705058432,GSE135893
IPF,NK Cells,CXCR4,4,7.736600650594276,0.739816402058804,GSE135893
IPF,NK Cells,DPP4,4,0.055100370826590875,0.03610401209257185,GSE135893
IPF,NK Cells,EGFR,4,0.0,0.0,GSE135893
IPF,NK Cells,ENG,4,0.10954581984072756,0.0537916511699193,GSE135893
IPF,NK Cells,EPHA7,4,0.0,0.0,GSE135893
IPF,NK Cells,EPHB2,4,0.0,0.0,GSE135893
IPF,NK Cells,ERBB2,4,0.1447665994475993,0.054371150634642026,GSE135893
IPF,NK Cells,ERBB3,4,0.0102626498201361,0.003179618918535525,GSE135893
IPF,NK Cells,ERBB4,4,0.010472651717305425,0.002336448598130825,GSE135893
IPF,NK Cells,FGF10,4,0.0,0.0,GSE135893
IPF,NK Cells,FGF7,4,0.001093039046415225,0.00042158516020235,GSE135893
IPF,NK Cells,FGFR1,4,0.018303368616209827,0.006891557417178875,GSE135893
IPF,NK Cells,FGFR2,4,0.0,0.0,GSE135893
IPF,NK Cells,FGFR3,4,0.0,0.0,GSE135893
IPF,NK Cells,FGFR4,4,0.0,0.0,GSE135893
IPF,NK Cells,FGFRL1,4,0.02357661048612405,0.014675715664380775,GSE135893
IPF,NK Cells,FLT1,4,0.00121634495153595,0.00042158516020235,GSE135893
IPF,NK Cells,FZD1,4,0.001624192800896525,0.001264755480607075,GSE135893
IPF,NK Cells,FZD10,4,0.0,0.0,GSE135893
IPF,NK Cells,FZD2,4,0.000643444994203825,0.00042158516020235,GSE135893
IPF,NK Cells,FZD3,4,0.0347481801470244,0.01113340062766235,GSE135893
IPF,NK Cells,FZD4,4,0.006682342362854975,0.0052074674013728,GSE135893
IPF,NK Cells,FZD5,4,0.000694653419348075,0.00042158516020235,GSE135893
IPF,NK Cells,FZD6,4,0.02970419427155615,0.0110533233094878,GSE135893
IPF,NK Cells,FZD7,4,0.0019615837304034,0.0008431703204047,GSE135893
IPF,NK Cells,FZD8,4,0.0,0.0,GSE135893
IPF,NK Cells,FZD9,4,0.0,0.0,GSE135893
IPF,NK Cells,GPC1,4,0.00220064994986105,0.0024377141924604,GSE135893
IPF,NK Cells,GRIN2B,4,0.0,0.0,GSE135893
IPF,NK Cells,GRM7,4,0.0,0.0,GSE135893
IPF,NK Cells,GSDMD,4,0.6358936652102638,0.23664271603660345,GSE135893
IPF,NK Cells,HBEGF,4,0.025905936293812073,0.0111663083543966,GSE135893
IPF,NK Cells,IL1A,4,0.00114530062537995,0.00042158516020235,GSE135893
IPF,NK Cells,IL1B,4,0.0025250416296637,0.003942711920765726,GSE135893
IPF,NK Cells,IL1R1,4,0.0263079021636977,0.013161249110499627,GSE135893
IPF,NK Cells,IL1R2,4,0.030702354914675625,0.0116796902833527,GSE135893
IPF,NK Cells,IL1RAP,4,0.06356220539033428,0.03172077736045203,GSE135893
IPF,NK Cells,IL1RN,4,0.021629258257885826,0.007496736114888726,GSE135893
IPF,NK Cells,IL6,4,0.000535958759474125,0.00042158516020235,GSE135893
IPF,NK Cells,ITGA4,4,2.003909603314539,0.5373661378908327,GSE135893
IPF,NK Cells,ITGA5,4,0.28961614576032607,0.12631277672036337,GSE135893
IPF,NK Cells,ITGA9,4,0.0,0.0,GSE135893
IPF,NK Cells,ITGAV,4,0.1042780096970007,0.04146441592972125,GSE135893
IPF,NK Cells,ITGB1,4,2.231671512688991,0.5204499386852595,GSE135893
IPF,NK Cells,ITGB3,4,0.0,0.0,GSE135893
IPF,NK Cells,ITGB5,4,0.0013316929459038,0.0008431703204047,GSE135893
IPF,NK Cells,ITGB6,4,0.04336538398402305,0.01157617406401975,GSE135893
IPF,NK Cells,ITGB8,4,0.0,0.0,GSE135893
IPF,NK Cells,KDR,4,0.000856010477568225,0.00042158516020235,GSE135893
IPF,NK Cells,KLRG2,4,0.0,0.0,GSE135893
IPF,NK Cells,LDLR,4,0.23568605345251994,0.09654955172562257,GSE135893
IPF,NK Cells,LGR5,4,0.0,0.0,GSE135893
IPF,NK Cells,LPP,4,0.5819418824321179,0.20974838676596047,GSE135893
IPF,NK Cells,LRP1,4,0.0089920681354481,0.008307009001733826,GSE135893
IPF,NK Cells,LRP2,4,0.0,0.0,GSE135893
IPF,NK Cells,LRP5,4,0.001058461361291375,0.00042158516020235,GSE135893
IPF,NK Cells,LRP6,4,0.0,0.0,GSE135893
IPF,NK Cells,MCAM,4,0.011169781295822174,0.0063237774030354,GSE135893
IPF,NK Cells,MTNR1A,4,0.0,0.0,GSE135893
IPF,NK Cells,MUSK,4,0.0,0.0,GSE135893
IPF,NK Cells,NLRP3,4,0.0280090173934011,0.025067211565968025,GSE135893
IPF,NK Cells,NOTCH1,4,0.16844669340811477,0.06797741351332783,GSE135893
IPF,NK Cells,NRP1,4,0.012617214380228699,0.0067007456790989,GSE135893
IPF,NK Cells,NRP2,4,0.0119976116026091,0.00402278923894025,GSE135893
IPF,NK Cells,PRLR,4,0.0040642305041521,0.003942711920765726,GSE135893
IPF,NK Cells,PTK7,4,0.008126777732629,0.002336448598130825,GSE135893
IPF,NK Cells,PTPRK,4,0.00900349444951955,0.003702469673067475,GSE135893
IPF,NK Cells,PYCARD,4,1.20622168525982,0.3961416127192733,GSE135893
IPF,NK Cells,RECK,4,0.09115787030378428,0.04460632378921778,GSE135893
IPF,NK Cells,RET,4,0.000298319530287525,0.00042158516020235,GSE135893
IPF,NK Cells,ROR1,4,0.007342704582435075,0.002336448598130825,GSE135893
IPF,NK Cells,ROR2,4,0.0,0.0,GSE135893
IPF,NK Cells,RYK,4,0.0830399551457068,0.0392646933599557,GSE135893
IPF,NK Cells,SDC2,4,0.007334954117868325,0.003794266441821225,GSE135893
IPF,NK Cells,SDC4,4,0.03542378529481913,0.014960574796217851,GSE135893
IPF,NK Cells,SIGIRR,4,1.7322044852119487,0.48311889828217547,GSE135893
IPF,NK Cells,SIRPA,4,0.008558982490109775,0.0085801486829917,GSE135893
IPF,NK Cells,SMO,4,0.0,0.0,GSE135893
IPF,NK Cells,SPP1,4,0.09052825596844352,0.019042253077177648,GSE135893
IPF,NK Cells,TGFB1,4,1.5881509929183086,0.45105948845564436,GSE135893
IPF,NK Cells,TGFBR1,4,0.22123630772412253,0.09760454752382337,GSE135893
IPF,NK Cells,TGFBR2,4,0.8207373229135203,0.284622335565211,GSE135893
IPF,NK Cells,TGFBR3,4,0.8334393415033017,0.272713518320143,GSE135893
IPF,NK Cells,TMED5,4,0.7435781536583254,0.27510450284249505,GSE135893
IPF,NK Cells,TNF,4,1.9165254536739025,0.31321439644071397,GSE135893
IPF,NK Cells,TYRO3,4,0.00421453139281505,0.004364297080968076,GSE135893
IPF,NK Cells,VANGL2,4,0.0,0.0,GSE135893
IPF,NK Cells,VASN,4,0.00333630486886985,0.00201612903225805,GSE135893
IPF,NK Cells,VEGFA,4,0.014720660774187325,0.006973885360356775,GSE135893
IPF,NK Cells,WNT1,4,0.008580187958172125,0.003280884512865125,GSE135893
IPF,NK Cells,WNT10A,4,0.026539300180589226,0.011496096745845225,GSE135893
IPF,NK Cells,WNT10B,4,0.007807382730941925,0.005629052561575175,GSE135893
IPF,NK Cells,WNT11,4,0.003931145205496675,0.003521126760563375,GSE135893
IPF,NK Cells,WNT16,4,0.0,0.0,GSE135893
IPF,NK Cells,WNT2,4,0.001098736409179975,0.00042158516020235,GSE135893
IPF,NK Cells,WNT2B,4,0.0,0.0,GSE135893
IPF,NK Cells,WNT3,4,0.0,0.0,GSE135893
IPF,NK Cells,WNT3A,4,0.0,0.0,GSE135893
IPF,NK Cells,WNT4,4,0.0,0.0,GSE135893
IPF,NK Cells,WNT5A,4,0.0002417623352462,0.00042158516020235,GSE135893
IPF,NK Cells,WNT5B,4,0.00233679386592855,0.001264755480607075,GSE135893
IPF,NK Cells,WNT6,4,0.000483524670492425,0.00042158516020235,GSE135893
IPF,NK Cells,WNT7A,4,0.0,0.0,GSE135893
IPF,NK Cells,WNT7B,4,0.0,0.0,GSE135893
IPF,NK Cells,WNT8A,4,0.0,0.0,GSE135893
IPF,NK Cells,WNT8B,4,0.0,0.0,GSE135893
IPF,NK Cells,WNT9A,4,0.000528500890312575,0.00042158516020235,GSE135893
IPF,NK Cells,WNT9B,4,0.0,0.0,GSE135893
IPF,NK Cells,XCR1,4,0.0,0.0,GSE135893
IPF,PLIN2+ Fibroblasts,ACKR1,2,0.01703059181757305,0.0128192771084337,GSE135893
IPF,PLIN2+ Fibroblasts,ACKR2,2,0.0363868979322489,0.026433734939759,GSE135893
IPF,PLIN2+ Fibroblasts,ACKR3,2,2.465099600859129,0.5182650602409639,GSE135893
IPF,PLIN2+ Fibroblasts,ACKR4,2,0.22947163162369386,0.13224096385542164,GSE135893
IPF,PLIN2+ Fibroblasts,ACVR1,2,0.31465811016407264,0.1831566265060241,GSE135893
IPF,PLIN2+ Fibroblasts,ACVR1B,2,0.2048156766151696,0.12414457831325301,GSE135893
IPF,PLIN2+ Fibroblasts,ACVR1C,2,0.00153323909023725,0.0006024096385542,GSE135893
IPF,PLIN2+ Fibroblasts,ACVRL1,2,0.4160318963424179,0.23248192771084336,GSE135893
IPF,PLIN2+ Fibroblasts,ADGRA2,2,0.3938959437461743,0.2226024096385542,GSE135893
IPF,PLIN2+ Fibroblasts,ADRA2A,2,0.0030110543001663,0.00301204819277105,GSE135893
IPF,PLIN2+ Fibroblasts,ADRB2,2,0.0087975308274087,0.00580722891566265,GSE135893
IPF,PLIN2+ Fibroblasts,ANTXR1,2,0.8947016012775465,0.4065783132530121,GSE135893
IPF,PLIN2+ Fibroblasts,APCDD1,2,0.44017370875517986,0.2006746987951807,GSE135893
IPF,PLIN2+ Fibroblasts,AREG,2,0.5284788616569994,0.08534939759036145,GSE135893
IPF,PLIN2+ Fibroblasts,ATP6AP2,2,1.8627726286674928,0.659710843373494,GSE135893
IPF,PLIN2+ Fibroblasts,AVPR1A,2,0.00385876905267215,0.002,GSE135893
IPF,PLIN2+ Fibroblasts,CASP1,2,0.08151654602291225,0.0528433734939759,GSE135893
IPF,PLIN2+ Fibroblasts,CAV1,2,1.8488529766564819,0.42134939759036144,GSE135893
IPF,PLIN2+ Fibroblasts,CCL2,2,20.61716234318564,0.6219036144578314,GSE135893
IPF,PLIN2+ Fibroblasts,CCR1,2,0.01625382218666655,0.0076144578313253,GSE135893
IPF,PLIN2+ Fibroblasts,CCR10,2,0.0330852301266984,0.02363855421686745,GSE135893
IPF,PLIN2+ Fibroblasts,CCR2,2,0.0,0.0,GSE135893
IPF,PLIN2+ Fibroblasts,CCR3,2,0.0,0.0,GSE135893
IPF,PLIN2+ Fibroblasts,CCR4,2,0.00135665186847955,0.0012048192771084,GSE135893
IPF,PLIN2+ Fibroblasts,CCR5,2,0.0,0.0,GSE135893
IPF,PLIN2+ Fibroblasts,CD36,2,0.0428882490172468,0.01580722891566265,GSE135893
IPF,PLIN2+ Fibroblasts,CD4,2,0.1868811674813294,0.10534939759036145,GSE135893
IPF,PLIN2+ Fibroblasts,CD44,2,2.6485796738865828,0.6612048192771085,GSE135893
IPF,PLIN2+ Fibroblasts,CD82,2,0.07572760571900815,0.04465060240963855,GSE135893
IPF,PLIN2+ Fibroblasts,CD9,2,1.2574541365361513,0.3937349397590362,GSE135893
IPF,PLIN2+ Fibroblasts,CSF1,2,0.7779648005021707,0.36465060240963854,GSE135893
IPF,PLIN2+ Fibroblasts,CSF1R,2,0.00329617393865195,0.00180722891566265,GSE135893
IPF,PLIN2+ Fibroblasts,CXCL1,2,3.7656802225578647,0.21795180722891566,GSE135893
IPF,PLIN2+ Fibroblasts,CXCL12,2,7.907925534583927,0.8470843373493976,GSE135893
IPF,PLIN2+ Fibroblasts,CXCL2,2,6.652102687878507,0.38260240963855424,GSE135893
IPF,PLIN2+ Fibroblasts,CXCR1,2,0.00050129786015995,0.0006024096385542,GSE135893
IPF,PLIN2+ Fibroblasts,CXCR2,2,0.00143947400490435,0.0012048192771084,GSE135893
IPF,PLIN2+ Fibroblasts,CXCR3,2,0.00436299607186835,0.00240963855421685,GSE135893
IPF,PLIN2+ Fibroblasts,CXCR4,2,0.00754029079447905,0.0042168674698795,GSE135893
IPF,PLIN2+ Fibroblasts,DPP4,2,0.23220785512213732,0.12780722891566265,GSE135893
IPF,PLIN2+ Fibroblasts,EGFR,2,1.3137115299461057,0.5115662650602409,GSE135893
IPF,PLIN2+ Fibroblasts,ENG,2,0.9749297717102766,0.44137349397590364,GSE135893
IPF,PLIN2+ Fibroblasts,EPHA7,2,0.0,0.0,GSE135893
IPF,PLIN2+ Fibroblasts,EPHB2,2,0.1048716031387125,0.06515662650602409,GSE135893
IPF,PLIN2+ Fibroblasts,ERBB2,2,0.09785576907475305,0.0637590361445783,GSE135893
IPF,PLIN2+ Fibroblasts,ERBB3,2,0.00543330616680245,0.002,GSE135893
IPF,PLIN2+ Fibroblasts,ERBB4,2,0.018119958273747502,0.00942168674698795,GSE135893
IPF,PLIN2+ Fibroblasts,FGF10,2,0.10996018501483025,0.05293975903614455,GSE135893
IPF,PLIN2+ Fibroblasts,FGF7,2,9.65294244370676,0.8765301204819278,GSE135893
IPF,PLIN2+ Fibroblasts,FGFR1,2,2.004027304113314,0.6626746987951807,GSE135893
IPF,PLIN2+ Fibroblasts,FGFR2,2,0.0026364708907304,0.0026024096385542,GSE135893
IPF,PLIN2+ Fibroblasts,FGFR3,2,0.0056899004267425,0.002,GSE135893
IPF,PLIN2+ Fibroblasts,FGFR4,2,0.034117234834433546,0.01580722891566265,GSE135893
IPF,PLIN2+ Fibroblasts,FGFRL1,2,0.15844502111830056,0.08296385542168674,GSE135893
IPF,PLIN2+ Fibroblasts,FLT1,2,0.00661091452263285,0.00380722891566265,GSE135893
IPF,PLIN2+ Fibroblasts,FZD1,2,0.08586777285657285,0.0619759036144578,GSE135893
IPF,PLIN2+ Fibroblasts,FZD10,2,0.00471755103755605,0.00301204819277105,GSE135893
IPF,PLIN2+ Fibroblasts,FZD2,2,0.0018272671908341,0.00180722891566265,GSE135893
IPF,PLIN2+ Fibroblasts,FZD3,2,0.01617317970670845,0.00942168674698795,GSE135893
IPF,PLIN2+ Fibroblasts,FZD4,2,0.36739257843461304,0.19766265060240962,GSE135893
IPF,PLIN2+ Fibroblasts,FZD5,2,0.00882995274762715,0.0076144578313253,GSE135893
IPF,PLIN2+ Fibroblasts,FZD6,2,0.0340569034166606,0.02125301204819275,GSE135893
IPF,PLIN2+ Fibroblasts,FZD7,2,0.1413863326355597,0.088433734939759,GSE135893
IPF,PLIN2+ Fibroblasts,FZD8,2,0.06201851113092625,0.0403614457831325,GSE135893
IPF,PLIN2+ Fibroblasts,FZD9,2,0.00061817305136395,0.0006024096385542,GSE135893
IPF,PLIN2+ Fibroblasts,GPC1,2,0.5549361868541672,0.2670602409638554,GSE135893
IPF,PLIN2+ Fibroblasts,GRIN2B,2,0.0,0.0,GSE135893
IPF,PLIN2+ Fibroblasts,GRM7,2,0.0010655409071323,0.0012048192771084,GSE135893
IPF,PLIN2+ Fibroblasts,GSDMD,2,0.2619402289360315,0.16395180722891564,GSE135893
IPF,PLIN2+ Fibroblasts,HBEGF,2,0.3972622206798198,0.16214457831325302,GSE135893
IPF,PLIN2+ Fibroblasts,IL1A,2,0.0303210855102862,0.01342168674698795,GSE135893
IPF,PLIN2+ Fibroblasts,IL1B,2,0.11742736952270655,0.035879518072289146,GSE135893
IPF,PLIN2+ Fibroblasts,IL1R1,2,3.369522483126777,0.7125060240963855,GSE135893
IPF,PLIN2+ Fibroblasts,IL1R2,2,0.02707081850726795,0.01665060240963855,GSE135893
IPF,PLIN2+ Fibroblasts,IL1RAP,2,0.15113678629224442,0.09202409638554215,GSE135893
IPF,PLIN2+ Fibroblasts,IL1RN,2,0.0081721380443611,0.00602409638554215,GSE135893
IPF,PLIN2+ Fibroblasts,IL6,2,1.199049785429892,0.2274698795180723,GSE135893
IPF,PLIN2+ Fibroblasts,ITGA4,2,0.015894233515504348,0.0068192771084337,GSE135893
IPF,PLIN2+ Fibroblasts,ITGA5,2,2.2095740707872813,0.6140240963855421,GSE135893
IPF,PLIN2+ Fibroblasts,ITGA9,2,0.05291139536079105,0.03303614457831325,GSE135893
IPF,PLIN2+ Fibroblasts,ITGAV,2,1.1677289428298332,0.46667469879518075,GSE135893
IPF,PLIN2+ Fibroblasts,ITGB1,2,5.327425709982933,0.894867469879518,GSE135893
IPF,PLIN2+ Fibroblasts,ITGB3,2,0.0990266631982519,0.05631325301204815,GSE135893
IPF,PLIN2+ Fibroblasts,ITGB5,2,0.2691615175082511,0.15549397590361447,GSE135893
IPF,PLIN2+ Fibroblasts,ITGB6,2,0.0322037653014259,0.0192048192771084,GSE135893
IPF,PLIN2+ Fibroblasts,ITGB8,2,0.05212084802339555,0.0316626506024096,GSE135893
IPF,PLIN2+ Fibroblasts,KDR,2,0.0199980078487528,0.01040963855421685,GSE135893
IPF,PLIN2+ Fibroblasts,KLRG2,2,0.0,0.0,GSE135893
IPF,PLIN2+ Fibroblasts,LDLR,2,0.5644210323232084,0.226289156626506,GSE135893
IPF,PLIN2+ Fibroblasts,LGR5,2,0.0004156269066884,0.0006024096385542,GSE135893
IPF,PLIN2+ Fibroblasts,LPP,2,1.3238840497249327,0.5387228915662651,GSE135893
IPF,PLIN2+ Fibroblasts,LRP1,2,4.391602243066504,0.8868433734939759,GSE135893
IPF,PLIN2+ Fibroblasts,LRP2,2,0.0,0.0,GSE135893
IPF,PLIN2+ Fibroblasts,LRP5,2,0.033645848794927546,0.02585542168674695,GSE135893
IPF,PLIN2+ Fibroblasts,LRP6,2,0.1793373397727922,0.1114457831325301,GSE135893
IPF,PLIN2+ Fibroblasts,MCAM,2,0.00958828435615365,0.0046024096385542,GSE135893
IPF,PLIN2+ Fibroblasts,MTNR1A,2,0.0022245634842028,0.00180722891566265,GSE135893
IPF,PLIN2+ Fibroblasts,MUSK,2,0.0011457011003313,0.0006024096385542,GSE135893
IPF,PLIN2+ Fibroblasts,NLRP3,2,0.0059383354962161,0.0042168674698795,GSE135893
IPF,PLIN2+ Fibroblasts,NOTCH1,2,0.07902400370953336,0.050072289156626495,GSE135893
IPF,PLIN2+ Fibroblasts,NRP1,2,0.3144023293666529,0.15975903614457831,GSE135893
IPF,PLIN2+ Fibroblasts,NRP2,2,0.09277236763822284,0.034265060240963846,GSE135893
IPF,PLIN2+ Fibroblasts,PRLR,2,0.00199973188703405,0.00180722891566265,GSE135893
IPF,PLIN2+ Fibroblasts,PTK7,2,0.3007688091156029,0.1826024096385542,GSE135893
IPF,PLIN2+ Fibroblasts,PTPRK,2,0.1687730843508033,0.08640963855421685,GSE135893
IPF,PLIN2+ Fibroblasts,PYCARD,2,0.34011273522554586,0.2049879518072289,GSE135893
IPF,PLIN2+ Fibroblasts,RECK,2,0.5985549163161075,0.2930361445783133,GSE135893
IPF,PLIN2+ Fibroblasts,RET,2,0.0025226854638547,0.0026024096385542,GSE135893
IPF,PLIN2+ Fibroblasts,ROR1,2,0.329439582423673,0.1932289156626506,GSE135893
IPF,PLIN2+ Fibroblasts,ROR2,2,0.2661400050216754,0.15040963855421685,GSE135893
IPF,PLIN2+ Fibroblasts,RYK,2,0.17151795315268814,0.1132289156626506,GSE135893
IPF,PLIN2+ Fibroblasts,SDC2,2,1.5649883376905889,0.5362650602409639,GSE135893
IPF,PLIN2+ Fibroblasts,SDC4,2,0.7503728059680518,0.3203373493975904,GSE135893
IPF,PLIN2+ Fibroblasts,SIGIRR,2,0.6449126946244121,0.31669879518072286,GSE135893
IPF,PLIN2+ Fibroblasts,SIRPA,2,0.33069407553472996,0.2029156626506024,GSE135893
IPF,PLIN2+ Fibroblasts,SMO,2,0.03198605925044645,0.02465060240963855,GSE135893
IPF,PLIN2+ Fibroblasts,SPP1,2,0.00832762161193165,0.0048192771084337,GSE135893
IPF,PLIN2+ Fibroblasts,TGFB1,2,0.22999726117158814,0.13486746987951806,GSE135893
IPF,PLIN2+ Fibroblasts,TGFBR1,2,0.2337647218346059,0.13532530120481925,GSE135893
IPF,PLIN2+ Fibroblasts,TGFBR2,2,1.9344792798889343,0.6377590361445783,GSE135893
IPF,PLIN2+ Fibroblasts,TGFBR3,2,2.0670771378489246,0.6043614457831326,GSE135893
IPF,PLIN2+ Fibroblasts,TMED5,2,1.7331047747515678,0.5966265060240964,GSE135893
IPF,PLIN2+ Fibroblasts,TNF,2,0.0,0.0,GSE135893
IPF,PLIN2+ Fibroblasts,TYRO3,2,0.06696738600991615,0.043325301204819255,GSE135893
IPF,PLIN2+ Fibroblasts,VANGL2,2,0.03561572354639455,0.02265060240963855,GSE135893
IPF,PLIN2+ Fibroblasts,VASN,2,3.1041939016504596,0.6819759036144579,GSE135893
IPF,PLIN2+ Fibroblasts,VEGFA,2,2.2644065295998983,0.6292048192771085,GSE135893
IPF,PLIN2+ Fibroblasts,WNT1,2,0.0,0.0,GSE135893
IPF,PLIN2+ Fibroblasts,WNT10A,2,0.00180521707735355,0.002,GSE135893
IPF,PLIN2+ Fibroblasts,WNT10B,2,0.1282741732733558,0.0753734939759036,GSE135893
IPF,PLIN2+ Fibroblasts,WNT11,2,0.12638775725995716,0.062144578313253,GSE135893
IPF,PLIN2+ Fibroblasts,WNT16,2,0.0009978633591161,0.0012048192771084,GSE135893
IPF,PLIN2+ Fibroblasts,WNT2,2,0.33789774177227644,0.1409879518072289,GSE135893
IPF,PLIN2+ Fibroblasts,WNT2B,2,0.14579267727864187,0.08313253012048191,GSE135893
IPF,PLIN2+ Fibroblasts,WNT3,2,0.0059814131283104,0.0056144578313253,GSE135893
IPF,PLIN2+ Fibroblasts,WNT3A,2,0.0,0.0,GSE135893
IPF,PLIN2+ Fibroblasts,WNT4,2,0.00511492121672165,0.0032048192771084,GSE135893
IPF,PLIN2+ Fibroblasts,WNT5A,2,0.07279814768850365,0.03749397590361445,GSE135893
IPF,PLIN2+ Fibroblasts,WNT5B,2,0.012984148742017,0.00901204819277105,GSE135893
IPF,PLIN2+ Fibroblasts,WNT6,2,0.0,0.0,GSE135893
IPF,PLIN2+ Fibroblasts,WNT7A,2,0.0030427506465845,0.002,GSE135893
IPF,PLIN2+ Fibroblasts,WNT7B,2,0.0033096144299189,0.002,GSE135893
IPF,PLIN2+ Fibroblasts,WNT8A,2,0.0,0.0,GSE135893
IPF,PLIN2+ Fibroblasts,WNT8B,2,0.0,0.0,GSE135893
IPF,PLIN2+ Fibroblasts,WNT9A,2,0.2185824956807693,0.10812048192771084,GSE135893
IPF,PLIN2+ Fibroblasts,WNT9B,2,0.0,0.0,GSE135893
IPF,PLIN2+ Fibroblasts,XCR1,2,0.0,0.0,GSE135893
IPF,Plasma Cells,ACKR1,2,0.035033127920846,0.03430451127819545,GSE135893
IPF,Plasma Cells,ACKR2,2,0.0,0.0,GSE135893
IPF,Plasma Cells,ACKR3,2,0.0036770329579818,0.0037593984962406,GSE135893
IPF,Plasma Cells,ACKR4,2,0.0,0.0,GSE135893
IPF,Plasma Cells,ACVR1,2,0.03151461460430655,0.05357142857142855,GSE135893
IPF,Plasma Cells,ACVR1B,2,0.00274042277050165,0.0089285714285714,GSE135893
IPF,Plasma Cells,ACVR1C,2,0.01817069447579695,0.02161654135338345,GSE135893
IPF,Plasma Cells,ACVRL1,2,0.0080673787472974,0.0037593984962406,GSE135893
IPF,Plasma Cells,ADGRA2,2,0.0,0.0,GSE135893
IPF,Plasma Cells,ADRA2A,2,0.0,0.0,GSE135893
IPF,Plasma Cells,ADRB2,2,0.08609870622811885,0.1094924812030075,GSE135893
IPF,Plasma Cells,ANTXR1,2,0.0,0.0,GSE135893
IPF,Plasma Cells,APCDD1,2,0.0,0.0,GSE135893
IPF,Plasma Cells,AREG,2,3.058068857735058,0.3735902255639097,GSE135893
IPF,Plasma Cells,ATP6AP2,2,0.24148733023798055,0.3190789473684211,GSE135893
IPF,Plasma Cells,AVPR1A,2,0.0,0.0,GSE135893
IPF,Plasma Cells,CASP1,2,0.03911375246290505,0.07236842105263155,GSE135893
IPF,Plasma Cells,CAV1,2,0.42818726546064617,0.3322368421052631,GSE135893
IPF,Plasma Cells,CCL2,2,0.21219362512777867,0.11560150375939844,GSE135893
IPF,Plasma Cells,CCR1,2,0.036723855620422505,0.04041353383458645,GSE135893
IPF,Plasma Cells,CCR10,2,0.42858425847624765,0.3341165413533834,GSE135893
IPF,Plasma Cells,CCR2,2,0.20983734906381404,0.13956766917293228,GSE135893
IPF,Plasma Cells,CCR3,2,0.0,0.0,GSE135893
IPF,Plasma Cells,CCR4,2,0.00242996477037075,0.0037593984962406,GSE135893
IPF,Plasma Cells,CCR5,2,0.0078859194556424,0.0164473684210526,GSE135893
IPF,Plasma Cells,CD36,2,0.0405011676671036,0.02913533834586465,GSE135893
IPF,Plasma Cells,CD4,2,0.06252832683450835,0.0596804511278195,GSE135893
IPF,Plasma Cells,CD44,2,1.2432096326647677,0.6311090225563909,GSE135893
IPF,Plasma Cells,CD82,2,0.124852144063028,0.13063909774436083,GSE135893
IPF,Plasma Cells,CD9,2,0.38274587743770744,0.23778195488721798,GSE135893
IPF,Plasma Cells,CSF1,2,0.08610185535979654,0.0277255639097744,GSE135893
IPF,Plasma Cells,CSF1R,2,0.09688876261600765,0.062030075187969894,GSE135893
IPF,Plasma Cells,CXCL1,2,0.0050926557792476,0.0037593984962406,GSE135893
IPF,Plasma Cells,CXCL12,2,0.0,0.0,GSE135893
IPF,Plasma Cells,CXCL2,2,0.11699120306029184,0.07988721804511274,GSE135893
IPF,Plasma Cells,CXCR1,2,0.0,0.0,GSE135893
IPF,Plasma Cells,CXCR2,2,0.0,0.0,GSE135893
IPF,Plasma Cells,CXCR3,2,0.076714878761291,0.05686090225563905,GSE135893
IPF,Plasma Cells,CXCR4,2,0.45808542340771186,0.3515037593984962,GSE135893
IPF,Plasma Cells,DPP4,2,0.0,0.0,GSE135893
IPF,Plasma Cells,EGFR,2,0.00726804929191025,0.0037593984962406,GSE135893
IPF,Plasma Cells,ENG,2,0.075390109121225,0.07236842105263155,GSE135893
IPF,Plasma Cells,EPHA7,2,0.0,0.0,GSE135893
IPF,Plasma Cells,EPHB2,2,0.0,0.0,GSE135893
IPF,Plasma Cells,ERBB2,2,0.009667164404371001,0.0164473684210526,GSE135893
IPF,Plasma Cells,ERBB3,2,0.00279218545472415,0.0037593984962406,GSE135893
IPF,Plasma Cells,ERBB4,2,0.0,0.0,GSE135893
IPF,Plasma Cells,FGF10,2,0.0,0.0,GSE135893
IPF,Plasma Cells,FGF7,2,0.0,0.0,GSE135893
IPF,Plasma Cells,FGFR1,2,0.0082699626603785,0.0075187969924812,GSE135893
IPF,Plasma Cells,FGFR2,2,0.0,0.0,GSE135893
IPF,Plasma Cells,FGFR3,2,0.0,0.0,GSE135893
IPF,Plasma Cells,FGFR4,2,0.0,0.0,GSE135893
IPF,Plasma Cells,FGFRL1,2,0.0,0.0,GSE135893
IPF,Plasma Cells,FLT1,2,0.02129945823224305,0.02913533834586465,GSE135893
IPF,Plasma Cells,FZD1,2,0.0125322047759317,0.01785714285714285,GSE135893
IPF,Plasma Cells,FZD10,2,0.0,0.0,GSE135893
IPF,Plasma Cells,FZD2,2,0.0,0.0,GSE135893
IPF,Plasma Cells,FZD3,2,0.01814670847949245,0.03289473684210525,GSE135893
IPF,Plasma Cells,FZD4,2,0.02653364466143065,0.0089285714285714,GSE135893
IPF,Plasma Cells,FZD5,2,0.0,0.0,GSE135893
IPF,Plasma Cells,FZD6,2,0.10401842569142165,0.125,GSE135893
IPF,Plasma Cells,FZD7,2,0.0042508909867508,0.0089285714285714,GSE135893
IPF,Plasma Cells,FZD8,2,0.0,0.0,GSE135893
IPF,Plasma Cells,FZD9,2,0.0,0.0,GSE135893
IPF,Plasma Cells,GPC1,2,0.0,0.0,GSE135893
IPF,Plasma Cells,GRIN2B,2,0.0,0.0,GSE135893
IPF,Plasma Cells,GRM7,2,0.0,0.0,GSE135893
IPF,Plasma Cells,GSDMD,2,0.09614192045475345,0.1475563909774436,GSE135893
IPF,Plasma Cells,HBEGF,2,0.12135586030167325,0.11513157894736839,GSE135893
IPF,Plasma Cells,IL1A,2,0.0,0.0,GSE135893
IPF,Plasma Cells,IL1B,2,0.18099598446869475,0.1015037593984962,GSE135893
IPF,Plasma Cells,IL1R1,2,0.0060639894163259,0.0075187969924812,GSE135893
IPF,Plasma Cells,IL1R2,2,0.0434078032455287,0.0263157894736842,GSE135893
IPF,Plasma Cells,IL1RAP,2,0.02032239790253185,0.0202067669172932,GSE135893
IPF,Plasma Cells,IL1RN,2,0.16194542211004434,0.07565789473684205,GSE135893
IPF,Plasma Cells,IL6,2,0.01609036866625895,0.01785714285714285,GSE135893
IPF,Plasma Cells,ITGA4,2,0.42765509145046937,0.3355263157894737,GSE135893
IPF,Plasma Cells,ITGA5,2,0.0113825821915154,0.0164473684210526,GSE135893
IPF,Plasma Cells,ITGA9,2,0.0,0.0,GSE135893
IPF,Plasma Cells,ITGAV,2,0.0533574312904999,0.08364661654135334,GSE135893
IPF,Plasma Cells,ITGB1,2,0.7593281703243294,0.49436090225563906,GSE135893
IPF,Plasma Cells,ITGB3,2,0.0,0.0,GSE135893
IPF,Plasma Cells,ITGB5,2,0.0,0.0,GSE135893
IPF,Plasma Cells,ITGB6,2,0.0036340246459551,0.0037593984962406,GSE135893
IPF,Plasma Cells,ITGB8,2,0.0166943885016789,0.0202067669172932,GSE135893
IPF,Plasma Cells,KDR,2,0.0,0.0,GSE135893
IPF,Plasma Cells,KLRG2,2,0.0,0.0,GSE135893
IPF,Plasma Cells,LDLR,2,0.10719886517906704,0.13298872180451124,GSE135893
IPF,Plasma Cells,LGR5,2,0.0,0.0,GSE135893
IPF,Plasma Cells,LPP,2,0.12945250650313556,0.11043233082706765,GSE135893
IPF,Plasma Cells,LRP1,2,0.0441525014113492,0.047932330827067646,GSE135893
IPF,Plasma Cells,LRP2,2,0.0,0.0,GSE135893
IPF,Plasma Cells,LRP5,2,0.0150740089564055,0.02913533834586465,GSE135893
IPF,Plasma Cells,LRP6,2,0.0,0.0,GSE135893
IPF,Plasma Cells,MCAM,2,0.01384603177839915,0.01785714285714285,GSE135893
IPF,Plasma Cells,MTNR1A,2,0.0,0.0,GSE135893
IPF,Plasma Cells,MUSK,2,0.0,0.0,GSE135893
IPF,Plasma Cells,NLRP3,2,0.00845427365243495,0.0075187969924812,GSE135893
IPF,Plasma Cells,NOTCH1,2,0.0150881915553682,0.02913533834586465,GSE135893
IPF,Plasma Cells,NRP1,2,0.0318012986739214,0.0150375939849624,GSE135893
IPF,Plasma Cells,NRP2,2,0.0368480033267411,0.0225563909774436,GSE135893
IPF,Plasma Cells,PRLR,2,0.0,0.0,GSE135893
IPF,Plasma Cells,PTK7,2,0.0097824577055441,0.0037593984962406,GSE135893
IPF,Plasma Cells,PTPRK,2,0.00386384430871185,0.0089285714285714,GSE135893
IPF,Plasma Cells,PYCARD,2,0.7501102000161803,0.4830827067669173,GSE135893
IPF,Plasma Cells,RECK,2,0.07963003266894915,0.0770676691729323,GSE135893
IPF,Plasma Cells,RET,2,0.00228340530626855,0.0089285714285714,GSE135893
IPF,Plasma Cells,ROR1,2,0.0,0.0,GSE135893
IPF,Plasma Cells,ROR2,2,0.00336596977628415,0.0089285714285714,GSE135893
IPF,Plasma Cells,RYK,2,0.01391738752469315,0.023966165413533802,GSE135893
IPF,Plasma Cells,SDC2,2,0.06075012475173535,0.0338345864661654,GSE135893
IPF,Plasma Cells,SDC4,2,0.1314190841169429,0.047932330827067646,GSE135893
IPF,Plasma Cells,SIGIRR,2,0.1828238810693867,0.20347744360902248,GSE135893
IPF,Plasma Cells,SIRPA,2,0.058126452307656395,0.08740601503759395,GSE135893
IPF,Plasma Cells,SMO,2,0.0,0.0,GSE135893
IPF,Plasma Cells,SPP1,2,1.230674226120389,0.07800751879699244,GSE135893
IPF,Plasma Cells,TGFB1,2,0.20206130523877908,0.25516917293233077,GSE135893
IPF,Plasma Cells,TGFBR1,2,0.0213879418130448,0.0446428571428571,GSE135893
IPF,Plasma Cells,TGFBR2,2,0.1636733717100553,0.1738721804511278,GSE135893
IPF,Plasma Cells,TGFBR3,2,0.00477687229509605,0.0037593984962406,GSE135893
IPF,Plasma Cells,TMED5,2,0.7423385942392089,0.5554511278195489,GSE135893
IPF,Plasma Cells,TNF,2,0.10419667179255955,0.0432330827067669,GSE135893
IPF,Plasma Cells,TYRO3,2,0.00277672879134545,0.0089285714285714,GSE135893
IPF,Plasma Cells,VANGL2,2,0.0,0.0,GSE135893
IPF,Plasma Cells,VASN,2,0.00353830998992285,0.0089285714285714,GSE135893
IPF,Plasma Cells,VEGFA,2,0.0747970252853982,0.10667293233082704,GSE135893
IPF,Plasma Cells,WNT1,2,0.0,0.0,GSE135893
IPF,Plasma Cells,WNT10A,2,0.1461260003401722,0.1287593984962406,GSE135893
IPF,Plasma Cells,WNT10B,2,0.0,0.0,GSE135893
IPF,Plasma Cells,WNT11,2,0.0,0.0,GSE135893
IPF,Plasma Cells,WNT16,2,0.0,0.0,GSE135893
IPF,Plasma Cells,WNT2,2,0.0,0.0,GSE135893
IPF,Plasma Cells,WNT2B,2,0.00233860798569145,0.0089285714285714,GSE135893
IPF,Plasma Cells,WNT3,2,0.0,0.0,GSE135893
IPF,Plasma Cells,WNT3A,2,0.0,0.0,GSE135893
IPF,Plasma Cells,WNT4,2,0.0,0.0,GSE135893
IPF,Plasma Cells,WNT5A,2,0.00287657701143205,0.0037593984962406,GSE135893
IPF,Plasma Cells,WNT5B,2,0.00722221549874005,0.012687969924812,GSE135893
IPF,Plasma Cells,WNT6,2,0.01862447106502175,0.0089285714285714,GSE135893
IPF,Plasma Cells,WNT7A,2,0.0,0.0,GSE135893
IPF,Plasma Cells,WNT7B,2,0.00279218545472415,0.0037593984962406,GSE135893
IPF,Plasma Cells,WNT8A,2,0.0,0.0,GSE135893
IPF,Plasma Cells,WNT8B,2,0.0,0.0,GSE135893
IPF,Plasma Cells,WNT9A,2,0.0,0.0,GSE135893
IPF,Plasma Cells,WNT9B,2,0.0,0.0,GSE135893
IPF,Plasma Cells,XCR1,2,0.0168383998044377,0.02161654135338345,GSE135893
IPF,Proliferating Epithelial Cells,ACKR1,1,0.0262020175553517,0.0098039215686274,GSE135893
IPF,Proliferating Epithelial Cells,ACKR2,1,0.0037557162000564,0.0098039215686274,GSE135893
IPF,Proliferating Epithelial Cells,ACKR3,1,0.083436261294564,0.0588235294117647,GSE135893
IPF,Proliferating Epithelial Cells,ACKR4,1,0.0586205437983661,0.0294117647058823,GSE135893
IPF,Proliferating Epithelial Cells,ACVR1,1,0.1525415166586086,0.1470588235294117,GSE135893
IPF,Proliferating Epithelial Cells,ACVR1B,1,0.1631274138593164,0.1666666666666666,GSE135893
IPF,Proliferating Epithelial Cells,ACVR1C,1,0.0254493924679214,0.0196078431372549,GSE135893
IPF,Proliferating Epithelial Cells,ACVRL1,1,0.3245278860393457,0.088235294117647,GSE135893
IPF,Proliferating Epithelial Cells,ADGRA2,1,0.0778041799666173,0.0490196078431372,GSE135893
IPF,Proliferating Epithelial Cells,ADRA2A,1,0.0272588024881594,0.0294117647058823,GSE135893
IPF,Proliferating Epithelial Cells,ADRB2,1,0.4059068459875686,0.2647058823529412,GSE135893
IPF,Proliferating Epithelial Cells,ANTXR1,1,0.2096631415277602,0.1568627450980392,GSE135893
IPF,Proliferating Epithelial Cells,APCDD1,1,0.0714783294383598,0.0588235294117647,GSE135893
IPF,Proliferating Epithelial Cells,AREG,1,3.352190856599209,0.5490196078431373,GSE135893
IPF,Proliferating Epithelial Cells,ATP6AP2,1,0.7799682095719143,0.5294117647058824,GSE135893
IPF,Proliferating Epithelial Cells,AVPR1A,1,0.0,0.0,GSE135893
IPF,Proliferating Epithelial Cells,CASP1,1,0.1267328901443946,0.1274509803921568,GSE135893
IPF,Proliferating Epithelial Cells,CAV1,1,4.630887741746124,0.6176470588235294,GSE135893
IPF,Proliferating Epithelial Cells,CCL2,1,0.3829679290829745,0.1274509803921568,GSE135893
IPF,Proliferating Epithelial Cells,CCR1,1,0.0,0.0,GSE135893
IPF,Proliferating Epithelial Cells,CCR10,1,0.0041784603710639,0.0098039215686274,GSE135893
IPF,Proliferating Epithelial Cells,CCR2,1,0.0,0.0,GSE135893
IPF,Proliferating Epithelial Cells,CCR3,1,0.0,0.0,GSE135893
IPF,Proliferating Epithelial Cells,CCR4,1,0.0104408110422017,0.0098039215686274,GSE135893
IPF,Proliferating Epithelial Cells,CCR5,1,0.0,0.0,GSE135893
IPF,Proliferating Epithelial Cells,CD36,1,0.5644441767055126,0.2549019607843137,GSE135893
IPF,Proliferating Epithelial Cells,CD4,1,0.0337294133909873,0.0294117647058823,GSE135893
IPF,Proliferating Epithelial Cells,CD44,1,1.975556653131956,0.7450980392156863,GSE135893
IPF,Proliferating Epithelial Cells,CD82,1,0.4396813273329885,0.2647058823529412,GSE135893
IPF,Proliferating Epithelial Cells,CD9,1,11.11021642761939,0.9509803921568628,GSE135893
IPF,Proliferating Epithelial Cells,CSF1,1,0.0825176674527393,0.0588235294117647,GSE135893
IPF,Proliferating Epithelial Cells,CSF1R,1,0.0,0.0,GSE135893
IPF,Proliferating Epithelial Cells,CXCL1,1,0.2910484937442907,0.1078431372549019,GSE135893
IPF,Proliferating Epithelial Cells,CXCL12,1,0.2840798724868868,0.0490196078431372,GSE135893
IPF,Proliferating Epithelial Cells,CXCL2,1,1.3752976754343735,0.4019607843137255,GSE135893
IPF,Proliferating Epithelial Cells,CXCR1,1,0.0,0.0,GSE135893
IPF,Proliferating Epithelial Cells,CXCR2,1,0.0,0.0,GSE135893
IPF,Proliferating Epithelial Cells,CXCR3,1,0.0,0.0,GSE135893
IPF,Proliferating Epithelial Cells,CXCR4,1,0.0082740497667545,0.0098039215686274,GSE135893
IPF,Proliferating Epithelial Cells,DPP4,1,0.4029514457838415,0.2549019607843137,GSE135893
IPF,Proliferating Epithelial Cells,EGFR,1,0.5622928813546376,0.3529411764705882,GSE135893
IPF,Proliferating Epithelial Cells,ENG,1,0.6241486931384528,0.1372549019607843,GSE135893
IPF,Proliferating Epithelial Cells,EPHA7,1,0.0,0.0,GSE135893
IPF,Proliferating Epithelial Cells,EPHB2,1,0.0683594904993125,0.0490196078431372,GSE135893
IPF,Proliferating Epithelial Cells,ERBB2,1,0.5765562826077693,0.3529411764705882,GSE135893
IPF,Proliferating Epithelial Cells,ERBB3,1,0.7508658603319855,0.4509803921568627,GSE135893
IPF,Proliferating Epithelial Cells,ERBB4,1,0.0523778260545351,0.0392156862745098,GSE135893
IPF,Proliferating Epithelial Cells,FGF10,1,0.0,0.0,GSE135893
IPF,Proliferating Epithelial Cells,FGF7,1,0.0198219257503193,0.0196078431372549,GSE135893
IPF,Proliferating Epithelial Cells,FGFR1,1,0.2282170458726558,0.1568627450980392,GSE135893
IPF,Proliferating Epithelial Cells,FGFR2,1,0.535464480559613,0.3823529411764705,GSE135893
IPF,Proliferating Epithelial Cells,FGFR3,1,0.1497268053117011,0.1372549019607843,GSE135893
IPF,Proliferating Epithelial Cells,FGFR4,1,0.0149472809401241,0.0098039215686274,GSE135893
IPF,Proliferating Epithelial Cells,FGFRL1,1,0.1183988630003533,0.088235294117647,GSE135893
IPF,Proliferating Epithelial Cells,FLT1,1,0.080855005327467,0.0490196078431372,GSE135893
IPF,Proliferating Epithelial Cells,FZD1,1,0.0922380190059632,0.0980392156862745,GSE135893
IPF,Proliferating Epithelial Cells,FZD10,1,0.0058124868492485,0.0098039215686274,GSE135893
IPF,Proliferating Epithelial Cells,FZD2,1,0.0,0.0,GSE135893
IPF,Proliferating Epithelial Cells,FZD3,1,0.0622941151700759,0.0588235294117647,GSE135893
IPF,Proliferating Epithelial Cells,FZD4,1,0.1255635152717901,0.0588235294117647,GSE135893
IPF,Proliferating Epithelial Cells,FZD5,1,0.329231568928954,0.2647058823529412,GSE135893
IPF,Proliferating Epithelial Cells,FZD6,1,0.2677638008758857,0.2352941176470588,GSE135893
IPF,Proliferating Epithelial Cells,FZD7,1,0.0256167249457171,0.0392156862745098,GSE135893
IPF,Proliferating Epithelial Cells,FZD8,1,0.0077839790143925,0.0098039215686274,GSE135893
IPF,Proliferating Epithelial Cells,FZD9,1,0.0,0.0,GSE135893
IPF,Proliferating Epithelial Cells,GPC1,1,0.2856774135513655,0.196078431372549,GSE135893
IPF,Proliferating Epithelial Cells,GRIN2B,1,0.0,0.0,GSE135893
IPF,Proliferating Epithelial Cells,GRM7,1,0.0,0.0,GSE135893
IPF,Proliferating Epithelial Cells,GSDMD,1,0.784541083434343,0.4019607843137255,GSE135893
IPF,Proliferating Epithelial Cells,HBEGF,1,0.158208269647159,0.0980392156862745,GSE135893
IPF,Proliferating Epithelial Cells,IL1A,1,0.0,0.0,GSE135893
IPF,Proliferating Epithelial Cells,IL1B,1,0.0,0.0,GSE135893
IPF,Proliferating Epithelial Cells,IL1R1,1,0.3294179818408017,0.2156862745098039,GSE135893
IPF,Proliferating Epithelial Cells,IL1R2,1,0.0,0.0,GSE135893
IPF,Proliferating Epithelial Cells,IL1RAP,1,0.143777806738712,0.0980392156862745,GSE135893
IPF,Proliferating Epithelial Cells,IL1RN,1,0.0508169936887704,0.0392156862745098,GSE135893
IPF,Proliferating Epithelial Cells,IL6,1,0.0193945035976804,0.0098039215686274,GSE135893
IPF,Proliferating Epithelial Cells,ITGA4,1,0.0379992053684518,0.0294117647058823,GSE135893
IPF,Proliferating Epithelial Cells,ITGA5,1,0.1949300776436562,0.0686274509803921,GSE135893
IPF,Proliferating Epithelial Cells,ITGA9,1,0.0409137533107696,0.0490196078431372,GSE135893
IPF,Proliferating Epithelial Cells,ITGAV,1,0.2431512781907345,0.2058823529411764,GSE135893
IPF,Proliferating Epithelial Cells,ITGB1,1,2.549480503889072,0.803921568627451,GSE135893
IPF,Proliferating Epithelial Cells,ITGB3,1,0.0,0.0,GSE135893
IPF,Proliferating Epithelial Cells,ITGB5,1,0.2018961247535022,0.1764705882352941,GSE135893
IPF,Proliferating Epithelial Cells,ITGB6,1,0.8972293400535263,0.4705882352941176,GSE135893
IPF,Proliferating Epithelial Cells,ITGB8,1,0.0986383341181923,0.0980392156862745,GSE135893
IPF,Proliferating Epithelial Cells,KDR,1,0.296895265517744,0.1274509803921568,GSE135893
IPF,Proliferating Epithelial Cells,KLRG2,1,0.0256280555763774,0.0196078431372549,GSE135893
IPF,Proliferating Epithelial Cells,LDLR,1,0.652324980576481,0.3235294117647059,GSE135893
IPF,Proliferating Epithelial Cells,LGR5,1,0.0,0.0,GSE135893
IPF,Proliferating Epithelial Cells,LPP,1,0.96961012812077,0.5392156862745098,GSE135893
IPF,Proliferating Epithelial Cells,LRP1,1,0.056991946315027,0.0686274509803921,GSE135893
IPF,Proliferating Epithelial Cells,LRP2,1,0.0367487915850422,0.0294117647058823,GSE135893
IPF,Proliferating Epithelial Cells,LRP5,1,0.2578912527662851,0.196078431372549,GSE135893
IPF,Proliferating Epithelial Cells,LRP6,1,0.2873208760617968,0.2352941176470588,GSE135893
IPF,Proliferating Epithelial Cells,MCAM,1,0.2835858705267926,0.0980392156862745,GSE135893
IPF,Proliferating Epithelial Cells,MTNR1A,1,0.0,0.0,GSE135893
IPF,Proliferating Epithelial Cells,MUSK,1,0.0,0.0,GSE135893
IPF,Proliferating Epithelial Cells,NLRP3,1,0.0,0.0,GSE135893
IPF,Proliferating Epithelial Cells,NOTCH1,1,0.1296087308244807,0.1470588235294117,GSE135893
IPF,Proliferating Epithelial Cells,NRP1,1,0.2848444672332804,0.1862745098039215,GSE135893
IPF,Proliferating Epithelial Cells,NRP2,1,1.1342149831176551,0.5294117647058824,GSE135893
IPF,Proliferating Epithelial Cells,PRLR,1,0.0458341354307033,0.0098039215686274,GSE135893
IPF,Proliferating Epithelial Cells,PTK7,1,0.7764459283321871,0.4509803921568627,GSE135893
IPF,Proliferating Epithelial Cells,PTPRK,1,0.6293408806540278,0.4215686274509804,GSE135893
IPF,Proliferating Epithelial Cells,PYCARD,1,0.6077191618492276,0.4117647058823529,GSE135893
IPF,Proliferating Epithelial Cells,RECK,1,0.0797096632991719,0.0588235294117647,GSE135893
IPF,Proliferating Epithelial Cells,RET,1,0.0087340058517839,0.0098039215686274,GSE135893
IPF,Proliferating Epithelial Cells,ROR1,1,0.0691831528995397,0.0392156862745098,GSE135893
IPF,Proliferating Epithelial Cells,ROR2,1,0.0,0.0,GSE135893
IPF,Proliferating Epithelial Cells,RYK,1,0.2448462858818653,0.1764705882352941,GSE135893
IPF,Proliferating Epithelial Cells,SDC2,1,0.290220578753243,0.1862745098039215,GSE135893
IPF,Proliferating Epithelial Cells,SDC4,1,2.199502062718752,0.7450980392156863,GSE135893
IPF,Proliferating Epithelial Cells,SIGIRR,1,0.4775309171281592,0.3529411764705882,GSE135893
IPF,Proliferating Epithelial Cells,SIRPA,1,0.0141983957047395,0.0196078431372549,GSE135893
IPF,Proliferating Epithelial Cells,SMO,1,0.0,0.0,GSE135893
IPF,Proliferating Epithelial Cells,SPP1,1,0.0145157263379144,0.0098039215686274,GSE135893
IPF,Proliferating Epithelial Cells,TGFB1,1,0.2638846864583255,0.196078431372549,GSE135893
IPF,Proliferating Epithelial Cells,TGFBR1,1,0.1084795403249029,0.1176470588235294,GSE135893
IPF,Proliferating Epithelial Cells,TGFBR2,1,1.0125793243149417,0.5196078431372549,GSE135893
IPF,Proliferating Epithelial Cells,TGFBR3,1,0.1339044244848468,0.0784313725490196,GSE135893
IPF,Proliferating Epithelial Cells,TMED5,1,0.5832995836523891,0.4117647058823529,GSE135893
IPF,Proliferating Epithelial Cells,TNF,1,0.0,0.0,GSE135893
IPF,Proliferating Epithelial Cells,TYRO3,1,0.0423470555828248,0.0490196078431372,GSE135893
IPF,Proliferating Epithelial Cells,VANGL2,1,0.0760702540347872,0.0490196078431372,GSE135893
IPF,Proliferating Epithelial Cells,VASN,1,0.146064239057865,0.1176470588235294,GSE135893
IPF,Proliferating Epithelial Cells,VEGFA,1,0.3758286192023319,0.2352941176470588,GSE135893
IPF,Proliferating Epithelial Cells,WNT1,1,0.0,0.0,GSE135893
IPF,Proliferating Epithelial Cells,WNT10A,1,0.0,0.0,GSE135893
IPF,Proliferating Epithelial Cells,WNT10B,1,0.0,0.0,GSE135893
IPF,Proliferating Epithelial Cells,WNT11,1,0.0,0.0,GSE135893
IPF,Proliferating Epithelial Cells,WNT16,1,0.0,0.0,GSE135893
IPF,Proliferating Epithelial Cells,WNT2,1,0.0037557162000564,0.0098039215686274,GSE135893
IPF,Proliferating Epithelial Cells,WNT2B,1,0.0,0.0,GSE135893
IPF,Proliferating Epithelial Cells,WNT3,1,0.0115394557069532,0.0098039215686274,GSE135893
IPF,Proliferating Epithelial Cells,WNT3A,1,0.0258230192305545,0.0196078431372549,GSE135893
IPF,Proliferating Epithelial Cells,WNT4,1,0.0514759911400279,0.0686274509803921,GSE135893
IPF,Proliferating Epithelial Cells,WNT5A,1,0.2020851713732699,0.1274509803921568,GSE135893
IPF,Proliferating Epithelial Cells,WNT5B,1,0.0305694668734724,0.0392156862745098,GSE135893
IPF,Proliferating Epithelial Cells,WNT6,1,0.0,0.0,GSE135893
IPF,Proliferating Epithelial Cells,WNT7A,1,0.0,0.0,GSE135893
IPF,Proliferating Epithelial Cells,WNT7B,1,0.1461498160094229,0.1372549019607843,GSE135893
IPF,Proliferating Epithelial Cells,WNT8A,1,0.0,0.0,GSE135893
IPF,Proliferating Epithelial Cells,WNT8B,1,0.0,0.0,GSE135893
IPF,Proliferating Epithelial Cells,WNT9A,1,0.0188586799302009,0.0196078431372549,GSE135893
IPF,Proliferating Epithelial Cells,WNT9B,1,0.0,0.0,GSE135893
IPF,Proliferating Epithelial Cells,XCR1,1,0.0,0.0,GSE135893
IPF,Proliferating Macrophages,ACKR1,3,0.004122646951325466,0.004944195085040133,GSE135893
IPF,Proliferating Macrophages,ACKR2,3,0.0032429130440003663,0.007206638523954167,GSE135893
IPF,Proliferating Macrophages,ACKR3,3,0.09779263112152357,0.09832802749124203,GSE135893
IPF,Proliferating Macrophages,ACKR4,3,0.0032377013485997332,0.006535947712418301,GSE135893
IPF,Proliferating Macrophages,ACVR1,3,0.03762260685404803,0.05272105230680207,GSE135893
IPF,Proliferating Macrophages,ACVR1B,3,0.05812017267484391,0.07006645200514293,GSE135893
IPF,Proliferating Macrophages,ACVR1C,3,0.0,0.0,GSE135893
IPF,Proliferating Macrophages,ACVRL1,3,0.1615074442332882,0.2004166780471668,GSE135893
IPF,Proliferating Macrophages,ADGRA2,3,0.022573358590262733,0.03587538301705657,GSE135893
IPF,Proliferating Macrophages,ADRA2A,3,0.0,0.0,GSE135893
IPF,Proliferating Macrophages,ADRB2,3,0.0814372762394141,0.10821742926133977,GSE135893
IPF,Proliferating Macrophages,ANTXR1,3,0.0038835277248025,0.004944195085040133,GSE135893
IPF,Proliferating Macrophages,APCDD1,3,0.0,0.0,GSE135893
IPF,Proliferating Macrophages,AREG,3,4.531551714218842,0.3607846172054954,GSE135893
IPF,Proliferating Macrophages,ATP6AP2,3,1.755004042344149,0.7413996295520736,GSE135893
IPF,Proliferating Macrophages,AVPR1A,3,0.0,0.0,GSE135893
IPF,Proliferating Macrophages,CASP1,3,0.7467970916164317,0.49636987333756183,GSE135893
IPF,Proliferating Macrophages,CAV1,3,0.04005001829294827,0.042067386723558996,GSE135893
IPF,Proliferating Macrophages,CCL2,3,1.4086157489618103,0.1820925553319919,GSE135893
IPF,Proliferating Macrophages,CCR1,3,0.4060028963988977,0.3600314809925414,GSE135893
IPF,Proliferating Macrophages,CCR10,3,0.021317110371005133,0.031929637149189734,GSE135893
IPF,Proliferating Macrophages,CCR2,3,0.0342766540700191,0.043239831143725066,GSE135893
IPF,Proliferating Macrophages,CCR3,3,0.0,0.0,GSE135893
IPF,Proliferating Macrophages,CCR4,3,0.0,0.0,GSE135893
IPF,Proliferating Macrophages,CCR5,3,0.0354715907039175,0.039805954884662396,GSE135893
IPF,Proliferating Macrophages,CD36,3,0.7602428611310875,0.3622215950302114,GSE135893
IPF,Proliferating Macrophages,CD4,3,0.6729847444508389,0.5134345540310744,GSE135893
IPF,Proliferating Macrophages,CD44,3,3.566709014299473,0.9370658339175324,GSE135893
IPF,Proliferating Macrophages,CD82,3,0.43493652979011016,0.41796227338895103,GSE135893
IPF,Proliferating Macrophages,CD9,3,5.002062306308799,0.7968767861062807,GSE135893
IPF,Proliferating Macrophages,CSF1,3,0.1574019538946827,0.1587402747303327,GSE135893
IPF,Proliferating Macrophages,CSF1R,3,0.797208531916526,0.46368659417540936,GSE135893
IPF,Proliferating Macrophages,CXCL1,3,0.053480084265152494,0.033191608170895635,GSE135893
IPF,Proliferating Macrophages,CXCL12,3,0.0,0.0,GSE135893
IPF,Proliferating Macrophages,CXCL2,3,1.8785943804742986,0.4323214298359286,GSE135893
IPF,Proliferating Macrophages,CXCR1,3,0.0003149966238661667,0.0006706908115358667,GSE135893
IPF,Proliferating Macrophages,CXCR2,3,0.038248370806180404,0.0688960307850117,GSE135893
IPF,Proliferating Macrophages,CXCR3,3,0.019493372350425767,0.021619915571862533,GSE135893
IPF,Proliferating Macrophages,CXCR4,3,1.34892564669751,0.4505636129496941,GSE135893
IPF,Proliferating Macrophages,DPP4,3,0.022229600202570397,0.03712116843848407,GSE135893
IPF,Proliferating Macrophages,EGFR,3,0.0006235504012047666,0.0006706908115358667,GSE135893
IPF,Proliferating Macrophages,ENG,3,0.554663804548282,0.46315499836626595,GSE135893
IPF,Proliferating Macrophages,EPHA7,3,0.0,0.0,GSE135893
IPF,Proliferating Macrophages,EPHB2,3,0.010358751242600666,0.010309721577327199,GSE135893
IPF,Proliferating Macrophages,ERBB2,3,0.002127010395690667,0.004024144869215267,GSE135893
IPF,Proliferating Macrophages,ERBB3,3,0.0009483145307813,0.0020120724346076335,GSE135893
IPF,Proliferating Macrophages,ERBB4,3,0.005572943138146567,0.006535947712418301,GSE135893
IPF,Proliferating Macrophages,FGF10,3,0.0029966727401330665,0.006036217303822933,GSE135893
IPF,Proliferating Macrophages,FGF7,3,0.0008874403637134,0.0013413816230717333,GSE135893
IPF,Proliferating Macrophages,FGFR1,3,0.05717974691177324,0.06092614004792957,GSE135893
IPF,Proliferating Macrophages,FGFR2,3,0.00031177520060236667,0.0006706908115358667,GSE135893
IPF,Proliferating Macrophages,FGFR3,3,0.008056614637909099,0.011480142797458433,GSE135893
IPF,Proliferating Macrophages,FGFR4,3,0.0,0.0,GSE135893
IPF,Proliferating Macrophages,FGFRL1,3,0.026161175358316666,0.036546073828592464,GSE135893
IPF,Proliferating Macrophages,FLT1,3,0.09410338261245971,0.0998904437181156,GSE135893
IPF,Proliferating Macrophages,FZD1,3,0.04567944749102947,0.055059871547029765,GSE135893
IPF,Proliferating Macrophages,FZD10,3,0.0,0.0,GSE135893
IPF,Proliferating Macrophages,FZD2,3,0.011409920253470299,0.017095028694034467,GSE135893
IPF,Proliferating Macrophages,FZD3,3,0.0026235088959251332,0.006535947712418301,GSE135893
IPF,Proliferating Macrophages,FZD4,3,0.004545281815345533,0.005365526492287033,GSE135893
IPF,Proliferating Macrophages,FZD5,3,0.024760612232554,0.031680277744900766,GSE135893
IPF,Proliferating Macrophages,FZD6,3,0.004071280545117467,0.008548020147025935,GSE135893
IPF,Proliferating Macrophages,FZD7,3,0.011731393885896202,0.008968339954255432,GSE135893
IPF,Proliferating Macrophages,FZD8,3,0.012569741652999766,0.007206638523954167,GSE135893
IPF,Proliferating Macrophages,FZD9,3,0.0,0.0,GSE135893
IPF,Proliferating Macrophages,GPC1,3,0.011477613866762734,0.0161739668781922,GSE135893
IPF,Proliferating Macrophages,GRIN2B,3,0.0,0.0,GSE135893
IPF,Proliferating Macrophages,GRM7,3,0.0,0.0,GSE135893
IPF,Proliferating Macrophages,GSDMD,3,0.40405435377086213,0.39668832502303913,GSE135893
IPF,Proliferating Macrophages,HBEGF,3,1.4267016806773178,0.508335584143372,GSE135893
IPF,Proliferating Macrophages,IL1A,3,0.04465373285081963,0.0442655935613682,GSE135893
IPF,Proliferating Macrophages,IL1B,3,0.7975682822714553,0.29361032965009765,GSE135893
IPF,Proliferating Macrophages,IL1R1,3,0.028239335573862063,0.0292468739030462,GSE135893
IPF,Proliferating Macrophages,IL1R2,3,0.0655873513700576,0.05153646868642723,GSE135893
IPF,Proliferating Macrophages,IL1RAP,3,0.20671525608136032,0.22387669405067911,GSE135893
IPF,Proliferating Macrophages,IL1RN,3,0.9468815153158318,0.4074927190088747,GSE135893
IPF,Proliferating Macrophages,IL6,3,0.06918710197598774,0.051221861081016,GSE135893
IPF,Proliferating Macrophages,ITGA4,3,0.2976663196071377,0.28646590452721354,GSE135893
IPF,Proliferating Macrophages,ITGA5,3,0.32200562952897666,0.31387672439867964,GSE135893
IPF,Proliferating Macrophages,ITGA9,3,0.017313796739629767,0.011480142797458433,GSE135893
IPF,Proliferating Macrophages,ITGAV,3,0.21399465814856433,0.2582103986412188,GSE135893
IPF,Proliferating Macrophages,ITGB1,3,2.133947786044968,0.8633965684504209,GSE135893
IPF,Proliferating Macrophages,ITGB3,3,0.014148266376376234,0.01734539969834087,GSE135893
IPF,Proliferating Macrophages,ITGB5,3,0.19710920326729778,0.22225762822283116,GSE135893
IPF,Proliferating Macrophages,ITGB6,3,0.003837028782868433,0.0020120724346076335,GSE135893
IPF,Proliferating Macrophages,ITGB8,3,0.06390609215638014,0.08684687309376621,GSE135893
IPF,Proliferating Macrophages,KDR,3,0.004028567376983667,0.006535947712418301,GSE135893
IPF,Proliferating Macrophages,KLRG2,3,0.0,0.0,GSE135893
IPF,Proliferating Macrophages,LDLR,3,0.061822692979042804,0.0708276810182361,GSE135893
IPF,Proliferating Macrophages,LGR5,3,0.0,0.0,GSE135893
IPF,Proliferating Macrophages,LPP,3,0.3197719993648638,0.3337349385402409,GSE135893
IPF,Proliferating Macrophages,LRP1,3,0.8906923795136491,0.5752918718950202,GSE135893
IPF,Proliferating Macrophages,LRP2,3,0.0,0.0,GSE135893
IPF,Proliferating Macrophages,LRP5,3,0.0,0.0,GSE135893
IPF,Proliferating Macrophages,LRP6,3,0.0,0.0,GSE135893
IPF,Proliferating Macrophages,MCAM,3,0.0,0.0,GSE135893
IPF,Proliferating Macrophages,MTNR1A,3,0.0,0.0,GSE135893
IPF,Proliferating Macrophages,MUSK,3,0.0,0.0,GSE135893
IPF,Proliferating Macrophages,NLRP3,3,0.16021296715945796,0.1724656637664094,GSE135893
IPF,Proliferating Macrophages,NOTCH1,3,0.0789093165045364,0.1021670495572732,GSE135893
IPF,Proliferating Macrophages,NRP1,3,0.2828375422095042,0.3144518190085713,GSE135893
IPF,Proliferating Macrophages,NRP2,3,0.568322659042514,0.3728418778128802,GSE135893
IPF,Proliferating Macrophages,PRLR,3,0.005102728248467867,0.007877329335490034,GSE135893
IPF,Proliferating Macrophages,PTK7,3,0.0009648688803579,0.0013413816230717333,GSE135893
IPF,Proliferating Macrophages,PTPRK,3,0.0004829630672829667,0.0006706908115358667,GSE135893
IPF,Proliferating Macrophages,PYCARD,3,4.046858333124196,0.9264232959344807,GSE135893
IPF,Proliferating Macrophages,RECK,3,0.20139912172787774,0.2293818213453673,GSE135893
IPF,Proliferating Macrophages,RET,3,0.0042993000739479335,0.004273504273504266,GSE135893
IPF,Proliferating Macrophages,ROR1,3,0.00024148153364146664,0.0006706908115358667,GSE135893
IPF,Proliferating Macrophages,ROR2,3,0.004689820392374133,0.0092176993585444,GSE135893
IPF,Proliferating Macrophages,RYK,3,0.07507917838265714,0.08800313191365383,GSE135893
IPF,Proliferating Macrophages,SDC2,3,0.9115540646904207,0.31903082648733017,GSE135893
IPF,Proliferating Macrophages,SDC4,3,0.36822083858955196,0.3628852046416255,GSE135893
IPF,Proliferating Macrophages,SIGIRR,3,0.28088550636792736,0.3238283395698474,GSE135893
IPF,Proliferating Macrophages,SIRPA,3,0.7434146730456596,0.5840659846459348,GSE135893
IPF,Proliferating Macrophages,SMO,3,0.0046395333008599,0.007877329335490034,GSE135893
IPF,Proliferating Macrophages,SPP1,3,46.37404053696857,0.3992016452662683,GSE135893
IPF,Proliferating Macrophages,TGFB1,3,0.682637091329482,0.557840759994861,GSE135893
IPF,Proliferating Macrophages,TGFBR1,3,0.2825800309796585,0.32281977435250014,GSE135893
IPF,Proliferating Macrophages,TGFBR2,3,0.36766036858785284,0.3515942310474207,GSE135893
IPF,Proliferating Macrophages,TGFBR3,3,0.0016650432698226,0.0033534540576794,GSE135893
IPF,Proliferating Macrophages,TMED5,3,1.1237669289704948,0.6540641536499034,GSE135893
IPF,Proliferating Macrophages,TNF,3,0.6461606263247858,0.28324142947175257,GSE135893
IPF,Proliferating Macrophages,TYRO3,3,0.005833089072327001,0.013071895424836602,GSE135893
IPF,Proliferating Macrophages,VANGL2,3,0.0023040673008842,0.006535947712418301,GSE135893
IPF,Proliferating Macrophages,VASN,3,0.0055797130687125,0.0098894017700977,GSE135893
IPF,Proliferating Macrophages,VEGFA,3,0.07392366498830936,0.08045254938378381,GSE135893
IPF,Proliferating Macrophages,WNT1,3,0.0,0.0,GSE135893
IPF,Proliferating Macrophages,WNT10A,3,0.00024148153364146664,0.0006706908115358667,GSE135893
IPF,Proliferating Macrophages,WNT10B,3,0.00046280072559746663,0.0006706908115358667,GSE135893
IPF,Proliferating Macrophages,WNT11,3,0.0,0.0,GSE135893
IPF,Proliferating Macrophages,WNT16,3,0.0,0.0,GSE135893
IPF,Proliferating Macrophages,WNT2,3,0.0,0.0,GSE135893
IPF,Proliferating Macrophages,WNT2B,3,0.0009782695670143332,0.0020120724346076335,GSE135893
IPF,Proliferating Macrophages,WNT3,3,0.0,0.0,GSE135893
IPF,Proliferating Macrophages,WNT3A,3,0.0008444860381967667,0.0006706908115358667,GSE135893
IPF,Proliferating Macrophages,WNT4,3,0.0,0.0,GSE135893
IPF,Proliferating Macrophages,WNT5A,3,0.0117826116245933,0.0128215244205302,GSE135893
IPF,Proliferating Macrophages,WNT5B,3,0.010129689457859201,0.012321794011934834,GSE135893
IPF,Proliferating Macrophages,WNT6,3,0.0,0.0,GSE135893
IPF,Proliferating Macrophages,WNT7A,3,0.0,0.0,GSE135893
IPF,Proliferating Macrophages,WNT7B,3,0.00031177520060236667,0.0006706908115358667,GSE135893
IPF,Proliferating Macrophages,WNT8A,3,0.0,0.0,GSE135893
IPF,Proliferating Macrophages,WNT8B,3,0.0,0.0,GSE135893
IPF,Proliferating Macrophages,WNT9A,3,0.0,0.0,GSE135893
IPF,Proliferating Macrophages,WNT9B,3,0.0,0.0,GSE135893
IPF,Proliferating Macrophages,XCR1,3,0.015394467844035566,0.004273504273504266,GSE135893
IPF,SCGB3A2+,ACKR1,8,0.01771488013136469,0.009886688702651037,GSE135893
IPF,SCGB3A2+,ACKR2,8,0.02648437789030366,0.013259819157174925,GSE135893
IPF,SCGB3A2+,ACKR3,8,0.1336716923836697,0.061192629423196615,GSE135893
IPF,SCGB3A2+,ACKR4,8,0.001734068068943525,0.0012729969983112876,GSE135893
IPF,SCGB3A2+,ACVR1,8,0.19597157166342596,0.11544061049903437,GSE135893
IPF,SCGB3A2+,ACVR1B,8,0.20080001600993178,0.11006286263944846,GSE135893
IPF,SCGB3A2+,ACVR1C,8,0.0030185643781412376,0.0018114028694121624,GSE135893
IPF,SCGB3A2+,ACVRL1,8,0.0003459353408095375,0.000390015600624025,GSE135893
IPF,SCGB3A2+,ADGRA2,8,0.005768594972998312,0.00467812117065395,GSE135893
IPF,SCGB3A2+,ADRA2A,8,0.056370585560273585,0.030151612497509625,GSE135893
IPF,SCGB3A2+,ADRB2,8,0.35904245438066484,0.12367349320974962,GSE135893
IPF,SCGB3A2+,ANTXR1,8,0.3398475138427814,0.17843356070044059,GSE135893
IPF,SCGB3A2+,APCDD1,8,0.039406307095893725,0.02655787446728841,GSE135893
IPF,SCGB3A2+,AREG,8,4.72971959399286,0.4371347045773639,GSE135893
IPF,SCGB3A2+,ATP6AP2,8,0.8084456995428579,0.3551400396345981,GSE135893
IPF,SCGB3A2+,AVPR1A,8,0.0,0.0,GSE135893
IPF,SCGB3A2+,CASP1,8,0.12054331586997014,0.07075174540754169,GSE135893
IPF,SCGB3A2+,CAV1,8,4.065202276993546,0.4549558758816197,GSE135893
IPF,SCGB3A2+,CCL2,8,0.6264651851135521,0.14358394600581048,GSE135893
IPF,SCGB3A2+,CCR1,8,0.009318032843301174,0.004411181124274825,GSE135893
IPF,SCGB3A2+,CCR10,8,0.0010384295318818125,0.0011506342606645375,GSE135893
IPF,SCGB3A2+,CCR2,8,0.000468075912176975,0.0006038647342995125,GSE135893
IPF,SCGB3A2+,CCR3,8,0.004883745573585375,0.004502255849934513,GSE135893
IPF,SCGB3A2+,CCR4,8,0.0,0.0,GSE135893
IPF,SCGB3A2+,CCR5,8,0.0011111111111111,0.0006944444444444375,GSE135893
IPF,SCGB3A2+,CD36,8,0.03296880107487804,0.015016300676689987,GSE135893
IPF,SCGB3A2+,CD4,8,0.008886889498720475,0.003715469590650625,GSE135893
IPF,SCGB3A2+,CD44,8,1.5714303034099086,0.47548574818263,GSE135893
IPF,SCGB3A2+,CD82,8,0.8035479104967629,0.3521553429944569,GSE135893
IPF,SCGB3A2+,CD9,8,11.572548263667711,0.9246866914854655,GSE135893
IPF,SCGB3A2+,CSF1,8,0.23392083079361933,0.109914833925677,GSE135893
IPF,SCGB3A2+,CSF1R,8,0.005615441961897449,0.0046298845177974125,GSE135893
IPF,SCGB3A2+,CXCL1,8,2.737776299537493,0.2677261950283317,GSE135893
IPF,SCGB3A2+,CXCL12,8,0.018273751770788237,0.008022083931264124,GSE135893
IPF,SCGB3A2+,CXCL2,8,5.2998676589719915,0.43388668478242914,GSE135893
IPF,SCGB3A2+,CXCR1,8,0.0,0.0,GSE135893
IPF,SCGB3A2+,CXCR2,8,0.00218639305197295,0.001207729468599025,GSE135893
IPF,SCGB3A2+,CXCR3,8,0.0023663242292990003,0.0008829813976872626,GSE135893
IPF,SCGB3A2+,CXCR4,8,0.03032193147484296,0.016394570788349487,GSE135893
IPF,SCGB3A2+,DPP4,8,0.17414382924401628,0.08033110071855189,GSE135893
IPF,SCGB3A2+,EGFR,8,0.6892764389129703,0.30013481119018487,GSE135893
IPF,SCGB3A2+,ENG,8,0.021449872815435186,0.010601581535346488,GSE135893
IPF,SCGB3A2+,EPHA7,8,0.018473207329429052,0.009851537921651988,GSE135893
IPF,SCGB3A2+,EPHB2,8,0.12791019095450723,0.06595812097563156,GSE135893
IPF,SCGB3A2+,ERBB2,8,1.2180851496906506,0.4696197671655617,GSE135893
IPF,SCGB3A2+,ERBB3,8,1.4865401546800001,0.5372760633862991,GSE135893
IPF,SCGB3A2+,ERBB4,8,0.27123699429933124,0.12791508673778806,GSE135893
IPF,SCGB3A2+,FGF10,8,0.0001761862940312375,0.000188536953242825,GSE135893
IPF,SCGB3A2+,FGF7,8,0.0038160833790732,0.00177378561911,GSE135893
IPF,SCGB3A2+,FGFR1,8,0.09132363969991024,0.035035006847987264,GSE135893
IPF,SCGB3A2+,FGFR2,8,0.6610407770532751,0.29505995386576617,GSE135893
IPF,SCGB3A2+,FGFR3,8,0.25581694279720985,0.1342698761123033,GSE135893
IPF,SCGB3A2+,FGFR4,8,0.000699776561209225,0.0005319350240316875,GSE135893
IPF,SCGB3A2+,FGFRL1,8,0.07473261363283502,0.04956530154481755,GSE135893
IPF,SCGB3A2+,FLT1,8,0.00170101578520595,0.0011888881352355501,GSE135893
IPF,SCGB3A2+,FZD1,8,0.04975829988680794,0.030915963093712535,GSE135893
IPF,SCGB3A2+,FZD10,8,0.0011371031801893374,0.0011759464410971876,GSE135893
IPF,SCGB3A2+,FZD2,8,0.00834196486357645,0.007178076336982288,GSE135893
IPF,SCGB3A2+,FZD3,8,0.18833386867819243,0.1095855050680117,GSE135893
IPF,SCGB3A2+,FZD4,8,0.026417743120469288,0.015824479974705912,GSE135893
IPF,SCGB3A2+,FZD5,8,0.17814191808626648,0.09590401612467286,GSE135893
IPF,SCGB3A2+,FZD6,8,0.3381030086678295,0.1701168764597033,GSE135893
IPF,SCGB3A2+,FZD7,8,0.03958519588503001,0.022405514587648674,GSE135893
IPF,SCGB3A2+,FZD8,8,0.03636504211560181,0.01917954078778665,GSE135893
IPF,SCGB3A2+,FZD9,8,0.0016269209495770377,0.0006216652647219501,GSE135893
IPF,SCGB3A2+,GPC1,8,0.3785522335428011,0.17803100804952032,GSE135893
IPF,SCGB3A2+,GRIN2B,8,0.0,0.0,GSE135893
IPF,SCGB3A2+,GRM7,8,6.67903552803375e-05,0.0001950078003120125,GSE135893
IPF,SCGB3A2+,GSDMD,8,0.5107796917853435,0.27278020316416485,GSE135893
IPF,SCGB3A2+,HBEGF,8,0.21003327561367643,0.094794066156954,GSE135893
IPF,SCGB3A2+,IL1A,8,0.0005630965444792125,0.0006038647342995125,GSE135893
IPF,SCGB3A2+,IL1B,8,0.0310537320454205,0.013691384611906214,GSE135893
IPF,SCGB3A2+,IL1R1,8,1.5216504630838983,0.4376925412745154,GSE135893
IPF,SCGB3A2+,IL1R2,8,0.02516430066345415,0.0116368706871325,GSE135893
IPF,SCGB3A2+,IL1RAP,8,0.05341054989120037,0.03035802242801076,GSE135893
IPF,SCGB3A2+,IL1RN,8,0.05063493911421666,0.030475109082107127,GSE135893
IPF,SCGB3A2+,IL6,8,0.016476644245280676,0.009218035097841236,GSE135893
IPF,SCGB3A2+,ITGA4,8,0.012143216495260688,0.008653883821374974,GSE135893
IPF,SCGB3A2+,ITGA5,8,0.02789335811553084,0.016989835880764727,GSE135893
IPF,SCGB3A2+,ITGA9,8,0.21343203594657678,0.11525852169159305,GSE135893
IPF,SCGB3A2+,ITGAV,8,0.34215082000540986,0.15225745257951218,GSE135893
IPF,SCGB3A2+,ITGB1,8,1.766352979882792,0.5633479593910742,GSE135893
IPF,SCGB3A2+,ITGB3,8,0.01437372782689855,0.007405454772631512,GSE135893
IPF,SCGB3A2+,ITGB5,8,0.2246370566403118,0.11648486340522987,GSE135893
IPF,SCGB3A2+,ITGB6,8,0.9670898547748984,0.3046301259683029,GSE135893
IPF,SCGB3A2+,ITGB8,8,0.243074670205417,0.1030171169614142,GSE135893
IPF,SCGB3A2+,KDR,8,0.35854199165097866,0.12130961628734924,GSE135893
IPF,SCGB3A2+,KLRG2,8,0.027913042308466085,0.0151149951232358,GSE135893
IPF,SCGB3A2+,LDLR,8,1.5280478020775026,0.4079774001141666,GSE135893
IPF,SCGB3A2+,LGR5,8,0.000787358921028525,0.0008116883116883,GSE135893
IPF,SCGB3A2+,LPP,8,1.4111116556529242,0.48066827273919854,GSE135893
IPF,SCGB3A2+,LRP1,8,0.17409229239468257,0.09112010822036068,GSE135893
IPF,SCGB3A2+,LRP2,8,0.047690598104486635,0.0221150377356558,GSE135893
IPF,SCGB3A2+,LRP5,8,0.3850307762616879,0.2003047981754729,GSE135893
IPF,SCGB3A2+,LRP6,8,0.4249375763231747,0.1952221288389617,GSE135893
IPF,SCGB3A2+,MCAM,8,0.010102009293381063,0.005140195187214863,GSE135893
IPF,SCGB3A2+,MTNR1A,8,0.00524895900990585,0.002298534443675075,GSE135893
IPF,SCGB3A2+,MUSK,8,0.0,0.0,GSE135893
IPF,SCGB3A2+,NLRP3,8,0.004416544324756075,0.0022441881281808625,GSE135893
IPF,SCGB3A2+,NOTCH1,8,0.09647279989847085,0.04750524860591921,GSE135893
IPF,SCGB3A2+,NRP1,8,0.2836050046798018,0.1220417340727552,GSE135893
IPF,SCGB3A2+,NRP2,8,2.1251547128669337,0.5062986021854278,GSE135893
IPF,SCGB3A2+,PRLR,8,0.014463711695035075,0.008726224693614788,GSE135893
IPF,SCGB3A2+,PTK7,8,0.6746831859525141,0.3210410753308033,GSE135893
IPF,SCGB3A2+,PTPRK,8,1.1083845458535946,0.39239176738294235,GSE135893
IPF,SCGB3A2+,PYCARD,8,0.5709347441712943,0.27279235693704157,GSE135893
IPF,SCGB3A2+,RECK,8,0.05102253145087371,0.028864618067624036,GSE135893
IPF,SCGB3A2+,RET,8,0.023662099140214027,0.009247916525781538,GSE135893
IPF,SCGB3A2+,ROR1,8,0.043460850078629,0.022012063616646774,GSE135893
IPF,SCGB3A2+,ROR2,8,0.00518151221107605,0.0034965951294870625,GSE135893
IPF,SCGB3A2+,RYK,8,0.3287170725768235,0.16979214754974367,GSE135893
IPF,SCGB3A2+,SDC2,8,0.09360108003171481,0.04634573702741386,GSE135893
IPF,SCGB3A2+,SDC4,8,3.3098742883141714,0.7320788705034462,GSE135893
IPF,SCGB3A2+,SIGIRR,8,0.47893775832407603,0.24452316260080434,GSE135893
IPF,SCGB3A2+,SIRPA,8,0.012620317536759913,0.005428439801860975,GSE135893
IPF,SCGB3A2+,SMO,8,0.013576645680738488,0.008346671956303812,GSE135893
IPF,SCGB3A2+,SPP1,8,0.10232389538735322,0.04123213467691905,GSE135893
IPF,SCGB3A2+,TGFB1,8,0.23885887052954852,0.13761580855867706,GSE135893
IPF,SCGB3A2+,TGFBR1,8,0.11279774621986419,0.06701653051786076,GSE135893
IPF,SCGB3A2+,TGFBR2,8,1.0949225315984554,0.3815966191950718,GSE135893
IPF,SCGB3A2+,TGFBR3,8,0.014273059574459325,0.00834017186225805,GSE135893
IPF,SCGB3A2+,TMED5,8,0.6038870115201371,0.28748751493483204,GSE135893
IPF,SCGB3A2+,TNF,8,0.002894735883314175,0.001207729468599025,GSE135893
IPF,SCGB3A2+,TYRO3,8,0.0574640192940539,0.03359775737437379,GSE135893
IPF,SCGB3A2+,VANGL2,8,0.07044704664317816,0.04543446185531341,GSE135893
IPF,SCGB3A2+,VASN,8,0.20313702116457047,0.1057145334196754,GSE135893
IPF,SCGB3A2+,VEGFA,8,0.714920384637165,0.3005469935667993,GSE135893
IPF,SCGB3A2+,WNT1,8,0.0,0.0,GSE135893
IPF,SCGB3A2+,WNT10A,8,0.0477565248365225,0.020292949464365148,GSE135893
IPF,SCGB3A2+,WNT10B,8,0.0,0.0,GSE135893
IPF,SCGB3A2+,WNT11,8,0.0030407780499611876,0.00204918032786885,GSE135893
IPF,SCGB3A2+,WNT16,8,0.0,0.0,GSE135893
IPF,SCGB3A2+,WNT2,8,0.002037792784044725,0.0013371524886508,GSE135893
IPF,SCGB3A2+,WNT2B,8,0.016372082572635324,0.009761270093531112,GSE135893
IPF,SCGB3A2+,WNT3,8,0.018421359670422438,0.011880290707534723,GSE135893
IPF,SCGB3A2+,WNT3A,8,0.018816685184048814,0.01120485075748745,GSE135893
IPF,SCGB3A2+,WNT4,8,0.08306682514560984,0.04618371716832133,GSE135893
IPF,SCGB3A2+,WNT5A,8,0.20458637602008248,0.11101496912878277,GSE135893
IPF,SCGB3A2+,WNT5B,8,0.04935030275521288,0.03317446212673132,GSE135893
IPF,SCGB3A2+,WNT6,8,0.0,0.0,GSE135893
IPF,SCGB3A2+,WNT7A,8,0.006839652944652613,0.0037652358694392624,GSE135893
IPF,SCGB3A2+,WNT7B,8,0.3395912022537318,0.1781293187893169,GSE135893
IPF,SCGB3A2+,WNT8A,8,0.0,0.0,GSE135893
IPF,SCGB3A2+,WNT8B,8,0.0,0.0,GSE135893
IPF,SCGB3A2+,WNT9A,8,0.008090382413699963,0.005594942897410613,GSE135893
IPF,SCGB3A2+,WNT9B,8,0.0009044600735145125,0.0006944444444444375,GSE135893
IPF,SCGB3A2+,XCR1,8,0.0,0.0,GSE135893
IPF,SCGB3A2+ SCGB1A1+,ACKR1,5,0.03849545375159402,0.01332186996976278,GSE135893
IPF,SCGB3A2+ SCGB1A1+,ACKR2,5,0.02036515057585598,0.012660328284008798,GSE135893
IPF,SCGB3A2+ SCGB1A1+,ACKR3,5,0.19042919392129748,0.08673500540179083,GSE135893
IPF,SCGB3A2+ SCGB1A1+,ACKR4,5,0.00294121107307144,0.00344827586206896,GSE135893
IPF,SCGB3A2+ SCGB1A1+,ACVR1,5,0.15127181438719603,0.10875597606221843,GSE135893
IPF,SCGB3A2+ SCGB1A1+,ACVR1B,5,0.0943963965978258,0.06945023295203057,GSE135893
IPF,SCGB3A2+ SCGB1A1+,ACVR1C,5,0.0038639951004542,0.00392156862745098,GSE135893
IPF,SCGB3A2+ SCGB1A1+,ACVRL1,5,0.0038060439978686,0.00344827586206896,GSE135893
IPF,SCGB3A2+ SCGB1A1+,ADGRA2,5,0.0,0.0,GSE135893
IPF,SCGB3A2+ SCGB1A1+,ADRA2A,5,0.16560145849765479,0.09553866081931517,GSE135893
IPF,SCGB3A2+ SCGB1A1+,ADRB2,5,0.31464719562418625,0.12131459143524681,GSE135893
IPF,SCGB3A2+ SCGB1A1+,ANTXR1,5,0.21938232885074518,0.1352508818320439,GSE135893
IPF,SCGB3A2+ SCGB1A1+,APCDD1,5,0.002862458852154,0.00133333333333332,GSE135893
IPF,SCGB3A2+ SCGB1A1+,AREG,5,2.0408543645816706,0.25833094560513115,GSE135893
IPF,SCGB3A2+ SCGB1A1+,ATP6AP2,5,0.4175475573484098,0.21581730160385826,GSE135893
IPF,SCGB3A2+ SCGB1A1+,AVPR1A,5,0.0,0.0,GSE135893
IPF,SCGB3A2+ SCGB1A1+,CASP1,5,0.06380964666932268,0.036495640504620744,GSE135893
IPF,SCGB3A2+ SCGB1A1+,CAV1,5,0.9456686815999301,0.23762701953208007,GSE135893
IPF,SCGB3A2+ SCGB1A1+,CCL2,5,1.6037715960067445,0.1149266782809593,GSE135893
IPF,SCGB3A2+ SCGB1A1+,CCR1,5,0.008552757818298059,0.00257556935817804,GSE135893
IPF,SCGB3A2+ SCGB1A1+,CCR10,5,0.0,0.0,GSE135893
IPF,SCGB3A2+ SCGB1A1+,CCR2,5,0.0,0.0,GSE135893
IPF,SCGB3A2+ SCGB1A1+,CCR3,5,0.0,0.0,GSE135893
IPF,SCGB3A2+ SCGB1A1+,CCR4,5,0.0,0.0,GSE135893
IPF,SCGB3A2+ SCGB1A1+,CCR5,5,0.0,0.0,GSE135893
IPF,SCGB3A2+ SCGB1A1+,CD36,5,0.01374161116798372,0.00681206604819414,GSE135893
IPF,SCGB3A2+ SCGB1A1+,CD4,5,0.00409070478317204,0.00203045685279186,GSE135893
IPF,SCGB3A2+ SCGB1A1+,CD44,5,0.481397778966135,0.1990458484019944,GSE135893
IPF,SCGB3A2+ SCGB1A1+,CD82,5,0.672552149416088,0.3333853017184621,GSE135893
IPF,SCGB3A2+ SCGB1A1+,CD9,5,6.827825714819555,0.8361206415518513,GSE135893
IPF,SCGB3A2+ SCGB1A1+,CSF1,5,0.1228490709981023,0.06525880718728634,GSE135893
IPF,SCGB3A2+ SCGB1A1+,CSF1R,5,0.01408609420779806,0.00392156862745098,GSE135893
IPF,SCGB3A2+ SCGB1A1+,CXCL1,5,10.594225703966906,0.48299496704746636,GSE135893
IPF,SCGB3A2+ SCGB1A1+,CXCL12,5,0.016915763201678518,0.007911780150533839,GSE135893
IPF,SCGB3A2+ SCGB1A1+,CXCL2,5,11.235639818917857,0.5304735994413747,GSE135893
IPF,SCGB3A2+ SCGB1A1+,CXCR1,5,0.0,0.0,GSE135893
IPF,SCGB3A2+ SCGB1A1+,CXCR2,5,0.0,0.0,GSE135893
IPF,SCGB3A2+ SCGB1A1+,CXCR3,5,0.0,0.0,GSE135893
IPF,SCGB3A2+ SCGB1A1+,CXCR4,5,0.01356474793307152,0.00392156862745098,GSE135893
IPF,SCGB3A2+ SCGB1A1+,DPP4,5,0.024606227496739918,0.013863805630776698,GSE135893
IPF,SCGB3A2+ SCGB1A1+,EGFR,5,0.3021596882114746,0.14521097946100103,GSE135893
IPF,SCGB3A2+ SCGB1A1+,ENG,5,0.010098770966925541,0.00696725390663878,GSE135893
IPF,SCGB3A2+ SCGB1A1+,EPHA7,5,0.014259679246207402,0.01141148062661922,GSE135893
IPF,SCGB3A2+ SCGB1A1+,EPHB2,5,0.051942523499273176,0.02987070581929526,GSE135893
IPF,SCGB3A2+ SCGB1A1+,ERBB2,5,0.6414276837364865,0.29842169620304376,GSE135893
IPF,SCGB3A2+ SCGB1A1+,ERBB3,5,0.7302604093971405,0.33762696248599666,GSE135893
IPF,SCGB3A2+ SCGB1A1+,ERBB4,5,0.08391724209039275,0.0573864417874243,GSE135893
IPF,SCGB3A2+ SCGB1A1+,FGF10,5,0.0,0.0,GSE135893
IPF,SCGB3A2+ SCGB1A1+,FGF7,5,0.01397091247861364,0.00627013038718022,GSE135893
IPF,SCGB3A2+ SCGB1A1+,FGFR1,5,0.08739177909755705,0.04459726737748728,GSE135893
IPF,SCGB3A2+ SCGB1A1+,FGFR2,5,0.46110495688256814,0.2390479493862248,GSE135893
IPF,SCGB3A2+ SCGB1A1+,FGFR3,5,0.20083842063720633,0.11888725346834747,GSE135893
IPF,SCGB3A2+ SCGB1A1+,FGFR4,5,0.0,0.0,GSE135893
IPF,SCGB3A2+ SCGB1A1+,FGFRL1,5,0.048426815331593584,0.02685742552943976,GSE135893
IPF,SCGB3A2+ SCGB1A1+,FLT1,5,0.0,0.0,GSE135893
IPF,SCGB3A2+ SCGB1A1+,FZD1,5,0.020488312599408698,0.015053703025209619,GSE135893
IPF,SCGB3A2+ SCGB1A1+,FZD10,5,0.0,0.0,GSE135893
IPF,SCGB3A2+ SCGB1A1+,FZD2,5,0.00409031921460416,0.00203045685279186,GSE135893
IPF,SCGB3A2+ SCGB1A1+,FZD3,5,0.0985288461899102,0.06171858813160493,GSE135893
IPF,SCGB3A2+ SCGB1A1+,FZD4,5,0.029685757506745257,0.01425261272021496,GSE135893
IPF,SCGB3A2+ SCGB1A1+,FZD5,5,0.1055560571567975,0.051132412124356263,GSE135893
IPF,SCGB3A2+ SCGB1A1+,FZD6,5,0.1480857347324153,0.09034453715427829,GSE135893
IPF,SCGB3A2+ SCGB1A1+,FZD7,5,0.020253185980791462,0.012449163465871861,GSE135893
IPF,SCGB3A2+ SCGB1A1+,FZD8,5,0.03258722741927474,0.02086664137112006,GSE135893
IPF,SCGB3A2+ SCGB1A1+,FZD9,5,0.0,0.0,GSE135893
IPF,SCGB3A2+ SCGB1A1+,GPC1,5,0.09091762063941618,0.052340537661041894,GSE135893
IPF,SCGB3A2+ SCGB1A1+,GRIN2B,5,0.0,0.0,GSE135893
IPF,SCGB3A2+ SCGB1A1+,GRM7,5,0.0,0.0,GSE135893
IPF,SCGB3A2+ SCGB1A1+,GSDMD,5,0.29713105054615363,0.17109790453065063,GSE135893
IPF,SCGB3A2+ SCGB1A1+,HBEGF,5,0.1572509627455019,0.06675399441430159,GSE135893
IPF,SCGB3A2+ SCGB1A1+,IL1A,5,0.0,0.0,GSE135893
IPF,SCGB3A2+ SCGB1A1+,IL1B,5,0.004092145188917399,0.00257556935817804,GSE135893
IPF,SCGB3A2+ SCGB1A1+,IL1R1,5,1.2746083513193855,0.4109374709906489,GSE135893
IPF,SCGB3A2+ SCGB1A1+,IL1R2,5,0.030405914744792477,0.00784313725490196,GSE135893
IPF,SCGB3A2+ SCGB1A1+,IL1RAP,5,0.0396875005345097,0.027302865651165343,GSE135893
IPF,SCGB3A2+ SCGB1A1+,IL1RN,5,0.0190319108703454,0.00790890269151138,GSE135893
IPF,SCGB3A2+ SCGB1A1+,IL6,5,0.625982470124139,0.09394698734751547,GSE135893
IPF,SCGB3A2+ SCGB1A1+,ITGA4,5,0.0,0.0,GSE135893
IPF,SCGB3A2+ SCGB1A1+,ITGA5,5,0.0172518030452248,0.01440891813616286,GSE135893
IPF,SCGB3A2+ SCGB1A1+,ITGA9,5,0.10457841440868232,0.060044329837811085,GSE135893
IPF,SCGB3A2+ SCGB1A1+,ITGAV,5,0.08026676020272587,0.0585022566138762,GSE135893
IPF,SCGB3A2+ SCGB1A1+,ITGB1,5,0.7768549108653107,0.34523424829410143,GSE135893
IPF,SCGB3A2+ SCGB1A1+,ITGB3,5,0.023602276050224302,0.0169548612205862,GSE135893
IPF,SCGB3A2+ SCGB1A1+,ITGB5,5,0.0888008320362616,0.05709877842719212,GSE135893
IPF,SCGB3A2+ SCGB1A1+,ITGB6,5,0.24512831234713067,0.11415041768882224,GSE135893
IPF,SCGB3A2+ SCGB1A1+,ITGB8,5,0.18507781230780704,0.09145409413622752,GSE135893
IPF,SCGB3A2+ SCGB1A1+,KDR,5,0.40237887579531384,0.16425318851046683,GSE135893
IPF,SCGB3A2+ SCGB1A1+,KLRG2,5,0.0182955902782908,0.00852759483842088,GSE135893
IPF,SCGB3A2+ SCGB1A1+,LDLR,5,0.98030736241244,0.3542427022209579,GSE135893
IPF,SCGB3A2+ SCGB1A1+,LGR5,5,0.0,0.0,GSE135893
IPF,SCGB3A2+ SCGB1A1+,LPP,5,0.7208940268633819,0.2934275741453592,GSE135893
IPF,SCGB3A2+ SCGB1A1+,LRP1,5,0.044108327849060304,0.03167844947551388,GSE135893
IPF,SCGB3A2+ SCGB1A1+,LRP2,5,0.04911407713746132,0.02476035735491464,GSE135893
IPF,SCGB3A2+ SCGB1A1+,LRP5,5,0.26813481167478426,0.14549288790318823,GSE135893
IPF,SCGB3A2+ SCGB1A1+,LRP6,5,0.22875406683030355,0.12931645903363206,GSE135893
IPF,SCGB3A2+ SCGB1A1+,MCAM,5,0.01049277839896214,0.0033637901861251806,GSE135893
IPF,SCGB3A2+ SCGB1A1+,MTNR1A,5,0.0,0.0,GSE135893
IPF,SCGB3A2+ SCGB1A1+,MUSK,5,0.0,0.0,GSE135893
IPF,SCGB3A2+ SCGB1A1+,NLRP3,5,0.01899093439180534,0.009085373279746681,GSE135893
IPF,SCGB3A2+ SCGB1A1+,NOTCH1,5,0.06987148976770843,0.04094571798688802,GSE135893
IPF,SCGB3A2+ SCGB1A1+,NRP1,5,0.13179521899527297,0.06321325947101948,GSE135893
IPF,SCGB3A2+ SCGB1A1+,NRP2,5,0.5774820207503553,0.18036741318800137,GSE135893
IPF,SCGB3A2+ SCGB1A1+,PRLR,5,0.0043281986470051,0.00344827586206896,GSE135893
IPF,SCGB3A2+ SCGB1A1+,PTK7,5,0.19643166996304556,0.11111376896971466,GSE135893
IPF,SCGB3A2+ SCGB1A1+,PTPRK,5,0.49799767277045276,0.208349338191886,GSE135893
IPF,SCGB3A2+ SCGB1A1+,PYCARD,5,0.2757451038284951,0.14693165936760316,GSE135893
IPF,SCGB3A2+ SCGB1A1+,RECK,5,0.0214910313249397,0.014797725225601141,GSE135893
IPF,SCGB3A2+ SCGB1A1+,RET,5,0.0,0.0,GSE135893
IPF,SCGB3A2+ SCGB1A1+,ROR1,5,0.01869150788508036,0.00627013038718022,GSE135893
IPF,SCGB3A2+ SCGB1A1+,ROR2,5,0.0,0.0,GSE135893
IPF,SCGB3A2+ SCGB1A1+,RYK,5,0.2164288939865891,0.13083097712330538,GSE135893
IPF,SCGB3A2+ SCGB1A1+,SDC2,5,0.119535246286456,0.0829154844580013,GSE135893
IPF,SCGB3A2+ SCGB1A1+,SDC4,5,2.4776042747137543,0.58919203947913,GSE135893
IPF,SCGB3A2+ SCGB1A1+,SIGIRR,5,0.29016980676915627,0.18770337341247045,GSE135893
IPF,SCGB3A2+ SCGB1A1+,SIRPA,5,0.00470181778742552,0.0033637901861251806,GSE135893
IPF,SCGB3A2+ SCGB1A1+,SMO,5,0.00784995842478808,0.00837240697997626,GSE135893
IPF,SCGB3A2+ SCGB1A1+,SPP1,5,0.0477383606198684,0.0205193083192226,GSE135893
IPF,SCGB3A2+ SCGB1A1+,TGFB1,5,0.04750289231583544,0.02545778025972294,GSE135893
IPF,SCGB3A2+ SCGB1A1+,TGFBR1,5,0.07120583213519223,0.03951179825349874,GSE135893
IPF,SCGB3A2+ SCGB1A1+,TGFBR2,5,0.34756027240154336,0.15620154739419947,GSE135893
IPF,SCGB3A2+ SCGB1A1+,TGFBR3,5,0.0038060439978686,0.00344827586206896,GSE135893
IPF,SCGB3A2+ SCGB1A1+,TMED5,5,0.26419978682524037,0.15891872465848716,GSE135893
IPF,SCGB3A2+ SCGB1A1+,TNF,5,0.00385139767221524,0.0010152284263959198,GSE135893
IPF,SCGB3A2+ SCGB1A1+,TYRO3,5,0.028686888153684382,0.02024451443603792,GSE135893
IPF,SCGB3A2+ SCGB1A1+,VANGL2,5,0.04109565426703612,0.025502851184994856,GSE135893
IPF,SCGB3A2+ SCGB1A1+,VASN,5,0.0867998366751227,0.05633998033189178,GSE135893
IPF,SCGB3A2+ SCGB1A1+,VEGFA,5,0.7450290779900114,0.31997370917407825,GSE135893
IPF,SCGB3A2+ SCGB1A1+,WNT1,5,0.0,0.0,GSE135893
IPF,SCGB3A2+ SCGB1A1+,WNT10A,5,0.0,0.0,GSE135893
IPF,SCGB3A2+ SCGB1A1+,WNT10B,5,0.0,0.0,GSE135893
IPF,SCGB3A2+ SCGB1A1+,WNT11,5,0.0,0.0,GSE135893
IPF,SCGB3A2+ SCGB1A1+,WNT16,5,0.0,0.0,GSE135893
IPF,SCGB3A2+ SCGB1A1+,WNT2,5,0.0,0.0,GSE135893
IPF,SCGB3A2+ SCGB1A1+,WNT2B,5,0.00594683346877298,0.0046060262109699004,GSE135893
IPF,SCGB3A2+ SCGB1A1+,WNT3,5,0.00776154154704428,0.00234856175972924,GSE135893
IPF,SCGB3A2+ SCGB1A1+,WNT3A,5,0.01198522038532448,0.00469051188691368,GSE135893
IPF,SCGB3A2+ SCGB1A1+,WNT4,5,0.04810586379199684,0.03300431156259944,GSE135893
IPF,SCGB3A2+ SCGB1A1+,WNT5A,5,0.10738775137746168,0.06888640020731004,GSE135893
IPF,SCGB3A2+ SCGB1A1+,WNT5B,5,0.02702466144889252,0.02335429026518176,GSE135893
IPF,SCGB3A2+ SCGB1A1+,WNT6,5,0.0,0.0,GSE135893
IPF,SCGB3A2+ SCGB1A1+,WNT7A,5,0.0,0.0,GSE135893
IPF,SCGB3A2+ SCGB1A1+,WNT7B,5,0.32598127672732924,0.18197332797151305,GSE135893
IPF,SCGB3A2+ SCGB1A1+,WNT8A,5,0.0,0.0,GSE135893
IPF,SCGB3A2+ SCGB1A1+,WNT8B,5,0.0,0.0,GSE135893
IPF,SCGB3A2+ SCGB1A1+,WNT9A,5,0.00119893294967478,0.00133333333333332,GSE135893
IPF,SCGB3A2+ SCGB1A1+,WNT9B,5,0.0,0.0,GSE135893
IPF,SCGB3A2+ SCGB1A1+,XCR1,5,0.0,0.0,GSE135893
IPF,Smooth Muscle Cells,ACKR1,2,0.09401824729614405,0.0277298850574712,GSE135893
IPF,Smooth Muscle Cells,ACKR2,2,0.0,0.0,GSE135893
IPF,Smooth Muscle Cells,ACKR3,2,0.2121929968676875,0.06393678160919536,GSE135893
IPF,Smooth Muscle Cells,ACKR4,2,0.01306328902265695,0.0069444444444444,GSE135893
IPF,Smooth Muscle Cells,ACVR1,2,0.1539731084793319,0.055363984674329444,GSE135893
IPF,Smooth Muscle Cells,ACVR1B,2,0.1320241106771666,0.03290229885057465,GSE135893
IPF,Smooth Muscle Cells,ACVR1C,2,0.0,0.0,GSE135893
IPF,Smooth Muscle Cells,ACVRL1,2,0.19603951480501056,0.07102490421455934,GSE135893
IPF,Smooth Muscle Cells,ADGRA2,2,0.5043091240928758,0.153735632183908,GSE135893
IPF,Smooth Muscle Cells,ADRA2A,2,0.05891066935838045,0.0277298850574712,GSE135893
IPF,Smooth Muscle Cells,ADRB2,2,0.05403291883838645,0.01906130268199225,GSE135893
IPF,Smooth Muscle Cells,ANTXR1,2,1.544991797187404,0.37547892720306514,GSE135893
IPF,Smooth Muscle Cells,APCDD1,2,0.08078198269490544,0.02940613026819915,GSE135893
IPF,Smooth Muscle Cells,AREG,2,0.3448670853918597,0.12140804597701144,GSE135893
IPF,Smooth Muscle Cells,ATP6AP2,2,2.497652338820429,0.5622126436781609,GSE135893
IPF,Smooth Muscle Cells,AVPR1A,2,0.09092360195469866,0.022557471264367752,GSE135893
IPF,Smooth Muscle Cells,CASP1,2,0.0321081149714711,0.0156130268199233,GSE135893
IPF,Smooth Muscle Cells,CAV1,2,11.932554088059629,0.8995210727969349,GSE135893
IPF,Smooth Muscle Cells,CCL2,2,4.13853283742353,0.1664272030651341,GSE135893
IPF,Smooth Muscle Cells,CCR1,2,0.0,0.0,GSE135893
IPF,Smooth Muscle Cells,CCR10,2,0.1765624620146502,0.07274904214559386,GSE135893
IPF,Smooth Muscle Cells,CCR2,2,0.0,0.0,GSE135893
IPF,Smooth Muscle Cells,CCR3,2,0.0,0.0,GSE135893
IPF,Smooth Muscle Cells,CCR4,2,0.0,0.0,GSE135893
IPF,Smooth Muscle Cells,CCR5,2,0.0,0.0,GSE135893
IPF,Smooth Muscle Cells,CD36,2,0.4495301229384335,0.0693965517241379,GSE135893
IPF,Smooth Muscle Cells,CD4,2,1.0867883340233666,0.2612547892720306,GSE135893
IPF,Smooth Muscle Cells,CD44,2,0.9540239585505117,0.25287356321839083,GSE135893
IPF,Smooth Muscle Cells,CD82,2,1.2613472760021562,0.32159961685823757,GSE135893
IPF,Smooth Muscle Cells,CD9,2,5.098093111988565,0.6399904214559387,GSE135893
IPF,Smooth Muscle Cells,CSF1,2,0.2757939412758291,0.0987068965517241,GSE135893
IPF,Smooth Muscle Cells,CSF1R,2,0.00990083325412665,0.0069444444444444,GSE135893
IPF,Smooth Muscle Cells,CXCL1,2,0.02265972769113965,0.0051724137931034,GSE135893
IPF,Smooth Muscle Cells,CXCL12,2,2.2095199721997285,0.35258620689655173,GSE135893
IPF,Smooth Muscle Cells,CXCL2,2,0.328132230930493,0.0919540229885057,GSE135893
IPF,Smooth Muscle Cells,CXCR1,2,0.0,0.0,GSE135893
IPF,Smooth Muscle Cells,CXCR2,2,0.0,0.0,GSE135893
IPF,Smooth Muscle Cells,CXCR3,2,0.0,0.0,GSE135893
IPF,Smooth Muscle Cells,CXCR4,2,0.0536604269286612,0.01206896551724135,GSE135893
IPF,Smooth Muscle Cells,DPP4,2,0.02519715552437435,0.0068965517241379,GSE135893
IPF,Smooth Muscle Cells,EGFR,2,0.95892344911863,0.20809386973180075,GSE135893
IPF,Smooth Muscle Cells,ENG,2,0.6330209093470891,0.19018199233716476,GSE135893
IPF,Smooth Muscle Cells,EPHA7,2,0.02020495910516275,0.0069444444444444,GSE135893
IPF,Smooth Muscle Cells,EPHB2,2,0.0,0.0,GSE135893
IPF,Smooth Muscle Cells,ERBB2,2,0.1683528677532763,0.05531609195402295,GSE135893
IPF,Smooth Muscle Cells,ERBB3,2,0.0036497415982948,0.00172413793103445,GSE135893
IPF,Smooth Muscle Cells,ERBB4,2,0.00928953626634955,0.00172413793103445,GSE135893
IPF,Smooth Muscle Cells,FGF10,2,0.08704225898962686,0.03467432950191565,GSE135893
IPF,Smooth Muscle Cells,FGF7,2,0.4860722622178522,0.0433908045977011,GSE135893
IPF,Smooth Muscle Cells,FGFR1,2,0.37945635153340107,0.13160919540229882,GSE135893
IPF,Smooth Muscle Cells,FGFR2,2,0.0195199755817758,0.0051724137931034,GSE135893
IPF,Smooth Muscle Cells,FGFR3,2,0.01761208329810915,0.0069444444444444,GSE135893
IPF,Smooth Muscle Cells,FGFR4,2,0.14396007887498746,0.04152298850574705,GSE135893
IPF,Smooth Muscle Cells,FGFRL1,2,0.0082398885345663,0.00344827586206895,GSE135893
IPF,Smooth Muscle Cells,FLT1,2,0.027291602127186402,0.00866858237547885,GSE135893
IPF,Smooth Muscle Cells,FZD1,2,0.2207026126161088,0.0482758620689655,GSE135893
IPF,Smooth Muscle Cells,FZD10,2,0.0114436033342065,0.00344827586206895,GSE135893
IPF,Smooth Muscle Cells,FZD2,2,0.00713633249600365,0.00172413793103445,GSE135893
IPF,Smooth Muscle Cells,FZD3,2,0.10318126142242234,0.03448275862068965,GSE135893
IPF,Smooth Muscle Cells,FZD4,2,0.24753860853304077,0.0762452107279693,GSE135893
IPF,Smooth Muscle Cells,FZD5,2,0.00580322427140515,0.00172413793103445,GSE135893
IPF,Smooth Muscle Cells,FZD6,2,0.0413960097379227,0.015565134099616799,GSE135893
IPF,Smooth Muscle Cells,FZD7,2,0.11920022012419365,0.037978927203065053,GSE135893
IPF,Smooth Muscle Cells,FZD8,2,0.02708016639000635,0.00866858237547885,GSE135893
IPF,Smooth Muscle Cells,FZD9,2,0.0,0.0,GSE135893
IPF,Smooth Muscle Cells,GPC1,2,0.3420284418311805,0.1246647509578544,GSE135893
IPF,Smooth Muscle Cells,GRIN2B,2,0.0,0.0,GSE135893
IPF,Smooth Muscle Cells,GRM7,2,0.0,0.0,GSE135893
IPF,Smooth Muscle Cells,GSDMD,2,0.4826543539532279,0.1522030651340996,GSE135893
IPF,Smooth Muscle Cells,HBEGF,2,0.15094417277316646,0.0451149425287356,GSE135893
IPF,Smooth Muscle Cells,IL1A,2,0.0,0.0,GSE135893
IPF,Smooth Muscle Cells,IL1B,2,0.0975456486715152,0.0347222222222222,GSE135893
IPF,Smooth Muscle Cells,IL1R1,2,0.3573750736429776,0.09535440613026819,GSE135893
IPF,Smooth Muscle Cells,IL1R2,2,0.065092394294465,0.0208333333333333,GSE135893
IPF,Smooth Muscle Cells,IL1RAP,2,0.040282704205894,0.01728927203065125,GSE135893
IPF,Smooth Muscle Cells,IL1RN,2,0.0138584004079913,0.0069444444444444,GSE135893
IPF,Smooth Muscle Cells,IL6,2,0.3728244549640761,0.0502394636015325,GSE135893
IPF,Smooth Muscle Cells,ITGA4,2,0.5639483498544732,0.16417624521072793,GSE135893
IPF,Smooth Muscle Cells,ITGA5,2,0.5717073706180722,0.14741379310344827,GSE135893
IPF,Smooth Muscle Cells,ITGA9,2,0.05187364950865645,0.0189655172413793,GSE135893
IPF,Smooth Muscle Cells,ITGAV,2,0.8970007376944233,0.2525862068965517,GSE135893
IPF,Smooth Muscle Cells,ITGB1,2,7.162934242588514,0.8270114942528736,GSE135893
IPF,Smooth Muscle Cells,ITGB3,2,0.0185106590059928,0.0068965517241379,GSE135893
IPF,Smooth Muscle Cells,ITGB5,2,0.5314499417125069,0.160919540229885,GSE135893
IPF,Smooth Muscle Cells,ITGB6,2,0.03165261395530485,0.0086206896551724,GSE135893
IPF,Smooth Muscle Cells,ITGB8,2,0.0212042028663757,0.01039272030651335,GSE135893
IPF,Smooth Muscle Cells,KDR,2,0.0324700454498619,0.0086206896551724,GSE135893
IPF,Smooth Muscle Cells,KLRG2,2,0.0,0.0,GSE135893
IPF,Smooth Muscle Cells,LDLR,2,0.3055515488170844,0.0693965517241379,GSE135893
IPF,Smooth Muscle Cells,LGR5,2,0.0784239914674697,0.0069444444444444,GSE135893
IPF,Smooth Muscle Cells,LPP,2,7.0390838519388526,0.8169061302681992,GSE135893
IPF,Smooth Muscle Cells,LRP1,2,1.2932138022739719,0.30967432950191576,GSE135893
IPF,Smooth Muscle Cells,LRP2,2,0.0,0.0,GSE135893
IPF,Smooth Muscle Cells,LRP5,2,0.1271512427777246,0.036302681992337105,GSE135893
IPF,Smooth Muscle Cells,LRP6,2,0.1506203576793852,0.055363984674329444,GSE135893
IPF,Smooth Muscle Cells,MCAM,2,3.915387893099086,0.6437260536398468,GSE135893
IPF,Smooth Muscle Cells,MTNR1A,2,0.0,0.0,GSE135893
IPF,Smooth Muscle Cells,MUSK,2,0.0,0.0,GSE135893
IPF,Smooth Muscle Cells,NLRP3,2,0.0280130877145802,0.0069444444444444,GSE135893
IPF,Smooth Muscle Cells,NOTCH1,2,0.18269831318910465,0.062260536398467396,GSE135893
IPF,Smooth Muscle Cells,NRP1,2,0.44091039797342785,0.16293103448275859,GSE135893
IPF,Smooth Muscle Cells,NRP2,2,0.22356224922050794,0.06063218390804595,GSE135893
IPF,Smooth Muscle Cells,PRLR,2,0.02422695842520355,0.01039272030651335,GSE135893
IPF,Smooth Muscle Cells,PTK7,2,0.15188633602810095,0.051867816091953955,GSE135893
IPF,Smooth Muscle Cells,PTPRK,2,0.8189850779252472,0.23213601532567046,GSE135893
IPF,Smooth Muscle Cells,PYCARD,2,0.2332328190186459,0.07772988505747119,GSE135893
IPF,Smooth Muscle Cells,RECK,2,0.3786176317358499,0.11776819923371645,GSE135893
IPF,Smooth Muscle Cells,RET,2,0.00187896461533835,0.00172413793103445,GSE135893
IPF,Smooth Muscle Cells,ROR1,2,0.0850620191284147,0.03290229885057465,GSE135893
IPF,Smooth Muscle Cells,ROR2,2,0.02481062605776325,0.01388888888888885,GSE135893
IPF,Smooth Muscle Cells,RYK,2,0.19165647467582964,0.06920498084291185,GSE135893
IPF,Smooth Muscle Cells,SDC2,2,2.4070944355300172,0.49602490421455936,GSE135893
IPF,Smooth Muscle Cells,SDC4,2,0.9171533266297033,0.2011973180076628,GSE135893
IPF,Smooth Muscle Cells,SIGIRR,2,0.7543947345947993,0.24209770114942525,GSE135893
IPF,Smooth Muscle Cells,SIRPA,2,0.03387534618015565,0.01388888888888885,GSE135893
IPF,Smooth Muscle Cells,SMO,2,0.0036879955744053,0.00172413793103445,GSE135893
IPF,Smooth Muscle Cells,SPP1,2,0.15587677684485443,0.0260057471264367,GSE135893
IPF,Smooth Muscle Cells,TGFB1,2,0.3051649289921031,0.10555555555555556,GSE135893
IPF,Smooth Muscle Cells,TGFBR1,2,0.21504124352680948,0.08141762452107275,GSE135893
IPF,Smooth Muscle Cells,TGFBR2,2,0.9457678104110321,0.2875478927203065,GSE135893
IPF,Smooth Muscle Cells,TGFBR3,2,0.4588360165063332,0.13850574712643676,GSE135893
IPF,Smooth Muscle Cells,TMED5,2,0.647244725879465,0.2010057471264368,GSE135893
IPF,Smooth Muscle Cells,TNF,2,0.02207367057308715,0.00866858237547885,GSE135893
IPF,Smooth Muscle Cells,TYRO3,2,0.0,0.0,GSE135893
IPF,Smooth Muscle Cells,VANGL2,2,0.0082101806239737,0.00172413793103445,GSE135893
IPF,Smooth Muscle Cells,VASN,2,1.4943348769141092,0.33587164750957854,GSE135893
IPF,Smooth Muscle Cells,VEGFA,2,0.19047357667485204,0.055363984674329444,GSE135893
IPF,Smooth Muscle Cells,WNT1,2,0.0,0.0,GSE135893
IPF,Smooth Muscle Cells,WNT10A,2,0.0,0.0,GSE135893
IPF,Smooth Muscle Cells,WNT10B,2,0.0,0.0,GSE135893
IPF,Smooth Muscle Cells,WNT11,2,0.0312946692824757,0.012116858237547799,GSE135893
IPF,Smooth Muscle Cells,WNT16,2,0.0068040170916909,0.00172413793103445,GSE135893
IPF,Smooth Muscle Cells,WNT2,2,0.01237207276758315,0.0069444444444444,GSE135893
IPF,Smooth Muscle Cells,WNT2B,2,0.0494909536052358,0.01206896551724135,GSE135893
IPF,Smooth Muscle Cells,WNT3,2,0.0,0.0,GSE135893
IPF,Smooth Muscle Cells,WNT3A,2,0.07603200977370214,0.01901340996168575,GSE135893
IPF,Smooth Muscle Cells,WNT4,2,0.0,0.0,GSE135893
IPF,Smooth Muscle Cells,WNT5A,2,0.05854912361620345,0.0189655172413793,GSE135893
IPF,Smooth Muscle Cells,WNT5B,2,0.0,0.0,GSE135893
IPF,Smooth Muscle Cells,WNT6,2,0.0,0.0,GSE135893
IPF,Smooth Muscle Cells,WNT7A,2,0.0,0.0,GSE135893
IPF,Smooth Muscle Cells,WNT7B,2,0.0,0.0,GSE135893
IPF,Smooth Muscle Cells,WNT8A,2,0.0,0.0,GSE135893
IPF,Smooth Muscle Cells,WNT8B,2,0.0,0.0,GSE135893
IPF,Smooth Muscle Cells,WNT9A,2,0.0,0.0,GSE135893
IPF,Smooth Muscle Cells,WNT9B,2,0.0,0.0,GSE135893
IPF,Smooth Muscle Cells,XCR1,2,0.0,0.0,GSE135893
IPF,T Cells,ACKR1,6,0.0409085953555206,0.012177260136760765,GSE135893
IPF,T Cells,ACKR2,6,0.00346529228058035,0.0009414416845958167,GSE135893
IPF,T Cells,ACKR3,6,0.016557956404172316,0.0052346746460922,GSE135893
IPF,T Cells,ACKR4,6,0.0038130613619430666,0.0017956208882484667,GSE135893
IPF,T Cells,ACVR1,6,0.04115331491691703,0.01891281924777475,GSE135893
IPF,T Cells,ACVR1B,6,0.05126342321025263,0.0204654230218653,GSE135893
IPF,T Cells,ACVR1C,6,0.007206831670365367,0.0030253842462203834,GSE135893
IPF,T Cells,ACVRL1,6,0.010207028498591566,0.004551251879307583,GSE135893
IPF,T Cells,ADGRA2,6,0.002311754731108833,0.0007468387905619,GSE135893
IPF,T Cells,ADRA2A,6,0.0009783498861883,0.0005641591251109333,GSE135893
IPF,T Cells,ADRB2,6,0.6279920997371009,0.17714330222335262,GSE135893
IPF,T Cells,ANTXR1,6,0.005218476388385067,0.0015254588379899332,GSE135893
IPF,T Cells,APCDD1,6,0.0020884395680772667,0.0008090614886731333,GSE135893
IPF,T Cells,AREG,6,3.075155477619628,0.29235224582295355,GSE135893
IPF,T Cells,ATP6AP2,6,1.1855532267294544,0.36565473011584154,GSE135893
IPF,T Cells,AVPR1A,6,0.0,0.0,GSE135893
IPF,T Cells,CASP1,6,0.9001089472860389,0.28538929767291726,GSE135893
IPF,T Cells,CAV1,6,0.08770998157949349,0.02507444625141445,GSE135893
IPF,T Cells,CCL2,6,0.2979480930271727,0.03832188113850625,GSE135893
IPF,T Cells,CCR1,6,0.06367520450900606,0.028581792828872517,GSE135893
IPF,T Cells,CCR10,6,0.007534179036756217,0.0049667870602757335,GSE135893
IPF,T Cells,CCR2,6,0.13061586297632247,0.044383419683680085,GSE135893
IPF,T Cells,CCR3,6,0.0017566647762992332,0.00076249991867,GSE135893
IPF,T Cells,CCR4,6,0.29354608151387773,0.0847511823346358,GSE135893
IPF,T Cells,CCR5,6,0.3017046182204515,0.10624900651373927,GSE135893
IPF,T Cells,CD36,6,0.054457532374095306,0.020263296663279584,GSE135893
IPF,T Cells,CD4,6,0.823225031984831,0.23161222745024046,GSE135893
IPF,T Cells,CD44,6,4.649940481760131,0.7404336793636522,GSE135893
IPF,T Cells,CD82,6,1.2881632774029785,0.33969952221735306,GSE135893
IPF,T Cells,CD9,6,0.4888425692742577,0.14572493144899532,GSE135893
IPF,T Cells,CSF1,6,0.2454334609009178,0.07505423889946523,GSE135893
IPF,T Cells,CSF1R,6,0.04203186074053445,0.01761353121765605,GSE135893
IPF,T Cells,CXCL1,6,0.04441937981304323,0.012060309727160884,GSE135893
IPF,T Cells,CXCL12,6,0.00534825018457135,0.0016232006924924499,GSE135893
IPF,T Cells,CXCL2,6,0.1547552114999776,0.03650778209649053,GSE135893
IPF,T Cells,CXCR1,6,0.023434066699467033,0.008214517316017784,GSE135893
IPF,T Cells,CXCR2,6,0.0338796468577727,0.012774191081117567,GSE135893
IPF,T Cells,CXCR3,6,1.370610443998778,0.3285618721122935,GSE135893
IPF,T Cells,CXCR4,6,12.810638426513888,0.8679731605869243,GSE135893
IPF,T Cells,DPP4,6,0.5344763424499855,0.1610248434562549,GSE135893
IPF,T Cells,EGFR,6,0.0020204086939468336,0.0008792189864845833,GSE135893
IPF,T Cells,ENG,6,0.14227453355659594,0.0541150998706435,GSE135893
IPF,T Cells,EPHA7,6,0.0004172083073516833,0.00013238019592268333,GSE135893
IPF,T Cells,EPHB2,6,0.00047663697720975003,0.0009414416845958167,GSE135893
IPF,T Cells,ERBB2,6,0.03745940900577138,0.01383706812903855,GSE135893
IPF,T Cells,ERBB3,6,0.01135761857654815,0.0038913014208692164,GSE135893
IPF,T Cells,ERBB4,6,0.0,0.0,GSE135893
IPF,T Cells,FGF10,6,0.0028248396056071833,0.0006858710562414167,GSE135893
IPF,T Cells,FGF7,6,0.002870611174829417,0.00143918121142045,GSE135893
IPF,T Cells,FGFR1,6,0.055830775049482,0.019516222458852716,GSE135893
IPF,T Cells,FGFR2,6,0.012506508257361083,0.0029953516000725336,GSE135893
IPF,T Cells,FGFR3,6,0.00198202302660365,0.00117861771975015,GSE135893
IPF,T Cells,FGFR4,6,0.00173196521936725,0.00043177892918825,GSE135893
IPF,T Cells,FGFRL1,6,0.0177055495228894,0.009059001183622933,GSE135893
IPF,T Cells,FLT1,6,0.06458271070144699,0.013765283609536515,GSE135893
IPF,T Cells,FZD1,6,0.0006134339561921,0.0008182512521641001,GSE135893
IPF,T Cells,FZD10,6,0.0,0.0,GSE135893
IPF,T Cells,FZD2,6,0.0032776540432747667,0.0008289195169563166,GSE135893
IPF,T Cells,FZD3,6,0.028061424419626866,0.009599930774744884,GSE135893
IPF,T Cells,FZD4,6,0.0038087672586051835,0.0012260601047243832,GSE135893
IPF,T Cells,FZD5,6,0.005394295464806916,0.0020747527981335666,GSE135893
IPF,T Cells,FZD6,6,0.04709390004967323,0.014904779571518617,GSE135893
IPF,T Cells,FZD7,6,0.012902972819293116,0.004772454275658867,GSE135893
IPF,T Cells,FZD8,6,0.0005216571275332166,0.00026476039184536665,GSE135893
IPF,T Cells,FZD9,6,0.0,0.0,GSE135893
IPF,T Cells,GPC1,6,0.01939067624565295,0.0071468077175148165,GSE135893
IPF,T Cells,GRIN2B,6,0.0,0.0,GSE135893
IPF,T Cells,GRM7,6,0.0,0.0,GSE135893
IPF,T Cells,GSDMD,6,0.7164278850495044,0.24884959067972778,GSE135893
IPF,T Cells,HBEGF,6,0.08582547785149362,0.02994035689882588,GSE135893
IPF,T Cells,IL1A,6,0.014838762888490335,0.004405346334038649,GSE135893
IPF,T Cells,IL1B,6,0.12423168582257793,0.03495143425452638,GSE135893
IPF,T Cells,IL1R1,6,0.14847404715981843,0.041871724907850905,GSE135893
IPF,T Cells,IL1R2,6,0.15388536755092858,0.038405613140096766,GSE135893
IPF,T Cells,IL1RAP,6,0.07370854284981664,0.030167379943169318,GSE135893
IPF,T Cells,IL1RN,6,0.13034385777294852,0.033577296936054435,GSE135893
IPF,T Cells,IL6,6,0.023665684126364068,0.007310471402021933,GSE135893
IPF,T Cells,ITGA4,6,2.4962392788166885,0.5229429449748371,GSE135893
IPF,T Cells,ITGA5,6,0.16012131313711855,0.06486738140270708,GSE135893
IPF,T Cells,ITGA9,6,0.0005541238841468666,0.00013238019592268333,GSE135893
IPF,T Cells,ITGAV,6,0.17343820775330845,0.05852366470887185,GSE135893
IPF,T Cells,ITGB1,6,2.81672831256973,0.5626455664815582,GSE135893
IPF,T Cells,ITGB3,6,0.0,0.0,GSE135893
IPF,T Cells,ITGB5,6,0.004402887951801633,0.0018709601406086999,GSE135893
IPF,T Cells,ITGB6,6,0.0090722785333309,0.00314731971486135,GSE135893
IPF,T Cells,ITGB8,6,0.0110869137516164,0.005202075799031566,GSE135893
IPF,T Cells,KDR,6,0.0005045801751660167,0.00031505986137365,GSE135893
IPF,T Cells,KLRG2,6,0.0,0.0,GSE135893
IPF,T Cells,LDLR,6,0.2983290631722378,0.09521831203898622,GSE135893
IPF,T Cells,LGR5,6,0.0,0.0,GSE135893
IPF,T Cells,LPP,6,0.5067751159832121,0.16231718948853865,GSE135893
IPF,T Cells,LRP1,6,0.03364022427923463,0.017541795300494933,GSE135893
IPF,T Cells,LRP2,6,0.0,0.0,GSE135893
IPF,T Cells,LRP5,6,0.007832236124497034,0.00290496192515825,GSE135893
IPF,T Cells,LRP6,6,0.00187511489324745,0.00119427884785825,GSE135893
IPF,T Cells,MCAM,6,0.12526239822746607,0.04057054824079612,GSE135893
IPF,T Cells,MTNR1A,6,0.0,0.0,GSE135893
IPF,T Cells,MUSK,6,0.0,0.0,GSE135893
IPF,T Cells,NLRP3,6,0.08789647607880137,0.034073604484209916,GSE135893
IPF,T Cells,NOTCH1,6,0.15821019746854956,0.0586681051884802,GSE135893
IPF,T Cells,NRP1,6,0.014221129645165748,0.0066629676888560994,GSE135893
IPF,T Cells,NRP2,6,0.007150748021542916,0.0029235303433730836,GSE135893
IPF,T Cells,PRLR,6,0.00838181815526275,0.0031288015021992167,GSE135893
IPF,T Cells,PTK7,6,0.0036378485034394164,0.00150560080970675,GSE135893
IPF,T Cells,PTPRK,6,0.0159539273757426,0.0057912591476994004,GSE135893
IPF,T Cells,PYCARD,6,0.9175011794821288,0.29156701980037797,GSE135893
IPF,T Cells,RECK,6,0.150305256466611,0.05510690424954417,GSE135893
IPF,T Cells,RET,6,0.002554646499734767,0.0012565015459694666,GSE135893
IPF,T Cells,ROR1,6,0.0,0.0,GSE135893
IPF,T Cells,ROR2,6,0.0,0.0,GSE135893
IPF,T Cells,RYK,6,0.09718099960457022,0.039852250110165736,GSE135893
IPF,T Cells,SDC2,6,0.009959339348245166,0.005827611453560251,GSE135893
IPF,T Cells,SDC4,6,0.1180024157055624,0.04743446973679613,GSE135893
IPF,T Cells,SIGIRR,6,1.4387083389921547,0.41814157734563695,GSE135893
IPF,T Cells,SIRPA,6,0.034529261246055536,0.01825691810596153,GSE135893
IPF,T Cells,SMO,6,0.0,0.0,GSE135893
IPF,T Cells,SPP1,6,0.2346651672846951,0.038107525649302185,GSE135893
IPF,T Cells,TGFB1,6,1.1528663763766651,0.3457814139954694,GSE135893
IPF,T Cells,TGFBR1,6,0.19461692663360866,0.06760422694570366,GSE135893
IPF,T Cells,TGFBR2,6,1.215501866551994,0.3365712848185946,GSE135893
IPF,T Cells,TGFBR3,6,0.557209955848772,0.1584527645765408,GSE135893
IPF,T Cells,TMED5,6,0.9009530243602674,0.2762205830557323,GSE135893
IPF,T Cells,TNF,6,4.118515921350325,0.4127000037238309,GSE135893
IPF,T Cells,TYRO3,6,0.0055005363856583,0.002463382526925,GSE135893
IPF,T Cells,VANGL2,6,0.0,0.0,GSE135893
IPF,T Cells,VASN,6,0.002718083965932967,0.0006619009796134333,GSE135893
IPF,T Cells,VEGFA,6,0.025609613770669063,0.010754258595954283,GSE135893
IPF,T Cells,WNT1,6,0.036458156621160635,0.015379384245544817,GSE135893
IPF,T Cells,WNT10A,6,0.0753938042922709,0.03017623507585465,GSE135893
IPF,T Cells,WNT10B,6,0.0049471249035497504,0.0022215391583736335,GSE135893
IPF,T Cells,WNT11,6,0.0,0.0,GSE135893
IPF,T Cells,WNT16,6,0.0,0.0,GSE135893
IPF,T Cells,WNT2,6,0.0,0.0,GSE135893
IPF,T Cells,WNT2B,6,0.006691945411924717,0.0023155431133509833,GSE135893
IPF,T Cells,WNT3,6,0.0009088169420927167,0.00043177892918825,GSE135893
IPF,T Cells,WNT3A,6,0.0,0.0,GSE135893
IPF,T Cells,WNT4,6,0.0004047415593929833,0.00026476039184536665,GSE135893
IPF,T Cells,WNT5A,6,0.0050768860436167336,0.0012062020764412,GSE135893
IPF,T Cells,WNT5B,6,0.0007484400534960834,0.0003971405877680667,GSE135893
IPF,T Cells,WNT6,6,0.0027052325036443334,0.0017296602906120833,GSE135893
IPF,T Cells,WNT7A,6,0.0026913661119411666,0.0008445806450644001,GSE135893
IPF,T Cells,WNT7B,6,0.0006135701785166,0.0007468387905619,GSE135893
IPF,T Cells,WNT8A,6,0.0,0.0,GSE135893
IPF,T Cells,WNT8B,6,0.0,0.0,GSE135893
IPF,T Cells,WNT9A,6,0.00515733095263295,0.0017902192298353166,GSE135893
IPF,T Cells,WNT9B,6,0.0,0.0,GSE135893
IPF,T Cells,XCR1,6,0.0009772328206379,0.00031505986137365,GSE135893
IPF,Transitional AT2,ACKR1,1,0.0098646655002668,0.004,GSE135893
IPF,Transitional AT2,ACKR2,1,0.0,0.0,GSE135893
IPF,Transitional AT2,ACKR3,1,0.0162363603397235,0.01,GSE135893
IPF,Transitional AT2,ACKR4,1,0.0520720460620183,0.03,GSE135893
IPF,Transitional AT2,ACVR1,1,0.1207453635337307,0.088,GSE135893
IPF,Transitional AT2,ACVR1B,1,0.2244387151989357,0.134,GSE135893
IPF,Transitional AT2,ACVR1C,1,0.0054175668181186,0.004,GSE135893
IPF,Transitional AT2,ACVRL1,1,0.0,0.0,GSE135893
IPF,Transitional AT2,ADGRA2,1,0.0052247031727445,0.006,GSE135893
IPF,Transitional AT2,ADRA2A,1,0.0,0.0,GSE135893
IPF,Transitional AT2,ADRB2,1,0.2883679658626177,0.156,GSE135893
IPF,Transitional AT2,ANTXR1,1,0.182166242838473,0.12,GSE135893
IPF,Transitional AT2,APCDD1,1,0.0814345304807185,0.058,GSE135893
IPF,Transitional AT2,AREG,1,5.460523207685879,0.712,GSE135893
IPF,Transitional AT2,ATP6AP2,1,0.9104741862992448,0.448,GSE135893
IPF,Transitional AT2,AVPR1A,1,0.0,0.0,GSE135893
IPF,Transitional AT2,CASP1,1,0.1706479744729202,0.114,GSE135893
IPF,Transitional AT2,CAV1,1,18.110712372870744,0.908,GSE135893
IPF,Transitional AT2,CCL2,1,0.7967735670542807,0.146,GSE135893
IPF,Transitional AT2,CCR1,1,0.00659195781147,0.002,GSE135893
IPF,Transitional AT2,CCR10,1,0.0061061840538102,0.004,GSE135893
IPF,Transitional AT2,CCR2,1,0.0,0.0,GSE135893
IPF,Transitional AT2,CCR3,1,0.0136563990749054,0.008,GSE135893
IPF,Transitional AT2,CCR4,1,0.0,0.0,GSE135893
IPF,Transitional AT2,CCR5,1,0.0,0.0,GSE135893
IPF,Transitional AT2,CD36,1,0.1637958248664131,0.104,GSE135893
IPF,Transitional AT2,CD4,1,0.0038009305647458,0.004,GSE135893
IPF,Transitional AT2,CD44,1,3.053021963384692,0.792,GSE135893
IPF,Transitional AT2,CD82,1,0.1474528530781028,0.094,GSE135893
IPF,Transitional AT2,CD9,1,19.094163157449078,0.98,GSE135893
IPF,Transitional AT2,CSF1,1,0.0470693844643049,0.026,GSE135893
IPF,Transitional AT2,CSF1R,1,0.0,0.0,GSE135893
IPF,Transitional AT2,CXCL1,1,0.0355159672167898,0.018,GSE135893
IPF,Transitional AT2,CXCL12,1,0.024709479817405,0.01,GSE135893
IPF,Transitional AT2,CXCL2,1,1.1357778487168515,0.276,GSE135893
IPF,Transitional AT2,CXCR1,1,0.0,0.0,GSE135893
IPF,Transitional AT2,CXCR2,1,0.0,0.0,GSE135893
IPF,Transitional AT2,CXCR3,1,0.0,0.0,GSE135893
IPF,Transitional AT2,CXCR4,1,0.0024777006937561,0.002,GSE135893
IPF,Transitional AT2,DPP4,1,0.6799175172538029,0.334,GSE135893
IPF,Transitional AT2,EGFR,1,0.5399097768825344,0.3,GSE135893
IPF,Transitional AT2,ENG,1,0.0180807307198832,0.018,GSE135893
IPF,Transitional AT2,EPHA7,1,0.003630422944273,0.002,GSE135893
IPF,Transitional AT2,EPHB2,1,0.0609258593297648,0.036,GSE135893
IPF,Transitional AT2,ERBB2,1,0.8410444735898109,0.41,GSE135893
IPF,Transitional AT2,ERBB3,1,1.1296256350419418,0.492,GSE135893
IPF,Transitional AT2,ERBB4,1,0.0870879156142865,0.052,GSE135893
IPF,Transitional AT2,FGF10,1,0.0,0.0,GSE135893
IPF,Transitional AT2,FGF7,1,0.0799712938874505,0.06,GSE135893
IPF,Transitional AT2,FGFR1,1,0.0990135980666118,0.066,GSE135893
IPF,Transitional AT2,FGFR2,1,0.5171930422702583,0.278,GSE135893
IPF,Transitional AT2,FGFR3,1,0.1496102677361799,0.082,GSE135893
IPF,Transitional AT2,FGFR4,1,0.0026631158455392,0.002,GSE135893
IPF,Transitional AT2,FGFRL1,1,0.1622250282184042,0.09,GSE135893
IPF,Transitional AT2,FLT1,1,0.0022234574763757,0.002,GSE135893
IPF,Transitional AT2,FZD1,1,0.0440969926804959,0.038,GSE135893
IPF,Transitional AT2,FZD10,1,0.0,0.0,GSE135893
IPF,Transitional AT2,FZD2,1,0.0794984610802829,0.048,GSE135893
IPF,Transitional AT2,FZD3,1,0.0958024099624733,0.07,GSE135893
IPF,Transitional AT2,FZD4,1,0.0225346662870334,0.012,GSE135893
IPF,Transitional AT2,FZD5,1,0.4099296503457199,0.232,GSE135893
IPF,Transitional AT2,FZD6,1,0.5976205874313677,0.312,GSE135893
IPF,Transitional AT2,FZD7,1,0.0494322825777349,0.03,GSE135893
IPF,Transitional AT2,FZD8,1,0.0668164573651935,0.042,GSE135893
IPF,Transitional AT2,FZD9,1,0.0020792182139515,0.002,GSE135893
IPF,Transitional AT2,GPC1,1,0.3577416378761976,0.188,GSE135893
IPF,Transitional AT2,GRIN2B,1,0.0,0.0,GSE135893
IPF,Transitional AT2,GRM7,1,0.0,0.0,GSE135893
IPF,Transitional AT2,GSDMD,1,0.5593772645880017,0.298,GSE135893
IPF,Transitional AT2,HBEGF,1,0.176586964998846,0.104,GSE135893
IPF,Transitional AT2,IL1A,1,0.0,0.0,GSE135893
IPF,Transitional AT2,IL1B,1,0.0,0.0,GSE135893
IPF,Transitional AT2,IL1R1,1,0.2826882776094743,0.162,GSE135893
IPF,Transitional AT2,IL1R2,1,0.0,0.0,GSE135893
IPF,Transitional AT2,IL1RAP,1,0.0389938666810353,0.022,GSE135893
IPF,Transitional AT2,IL1RN,1,0.0282429253528203,0.02,GSE135893
IPF,Transitional AT2,IL6,1,0.0,0.0,GSE135893
IPF,Transitional AT2,ITGA4,1,0.0020872469213107,0.002,GSE135893
IPF,Transitional AT2,ITGA5,1,0.0313581468811865,0.022,GSE135893
IPF,Transitional AT2,ITGA9,1,0.1097504038514604,0.078,GSE135893
IPF,Transitional AT2,ITGAV,1,0.9597348090957668,0.36,GSE135893
IPF,Transitional AT2,ITGB1,1,3.042024527825741,0.788,GSE135893
IPF,Transitional AT2,ITGB3,1,0.0012970168612191,0.002,GSE135893
IPF,Transitional AT2,ITGB5,1,0.1784762496243269,0.12,GSE135893
IPF,Transitional AT2,ITGB6,1,3.0144866302515005,0.71,GSE135893
IPF,Transitional AT2,ITGB8,1,0.0599650151403777,0.042,GSE135893
IPF,Transitional AT2,KDR,1,0.0115458280255182,0.012,GSE135893
IPF,Transitional AT2,KLRG2,1,0.0044337781814309,0.006,GSE135893
IPF,Transitional AT2,LDLR,1,0.9118471233767128,0.392,GSE135893
IPF,Transitional AT2,LGR5,1,0.0,0.0,GSE135893
IPF,Transitional AT2,LPP,1,1.4943810456504358,0.564,GSE135893
IPF,Transitional AT2,LRP1,1,0.1618401509627665,0.102,GSE135893
IPF,Transitional AT2,LRP2,1,0.1007594296295816,0.054,GSE135893
IPF,Transitional AT2,LRP5,1,0.309922023191968,0.188,GSE135893
IPF,Transitional AT2,LRP6,1,0.5797275409462567,0.308,GSE135893
IPF,Transitional AT2,MCAM,1,0.011255473838715,0.01,GSE135893
IPF,Transitional AT2,MTNR1A,1,0.0,0.0,GSE135893
IPF,Transitional AT2,MUSK,1,0.0,0.0,GSE135893
IPF,Transitional AT2,NLRP3,1,0.0,0.0,GSE135893
IPF,Transitional AT2,NOTCH1,1,0.2315161971308835,0.146,GSE135893
IPF,Transitional AT2,NRP1,1,0.0502987152000867,0.03,GSE135893
IPF,Transitional AT2,NRP2,1,1.5729956821247677,0.538,GSE135893
IPF,Transitional AT2,PRLR,1,0.005510120395721,0.004,GSE135893
IPF,Transitional AT2,PTK7,1,0.9919698555987772,0.448,GSE135893
IPF,Transitional AT2,PTPRK,1,0.8920388007924877,0.414,GSE135893
IPF,Transitional AT2,PYCARD,1,0.7233914875295981,0.372,GSE135893
IPF,Transitional AT2,RECK,1,0.0751374356968287,0.056,GSE135893
IPF,Transitional AT2,RET,1,0.0,0.0,GSE135893
IPF,Transitional AT2,ROR1,1,0.1898106097081903,0.114,GSE135893
IPF,Transitional AT2,ROR2,1,0.0,0.0,GSE135893
IPF,Transitional AT2,RYK,1,0.2592960701337612,0.164,GSE135893
IPF,Transitional AT2,SDC2,1,0.2246036802178527,0.146,GSE135893
IPF,Transitional AT2,SDC4,1,3.294731716836768,0.798,GSE135893
IPF,Transitional AT2,SIGIRR,1,0.4437138224302016,0.26,GSE135893
IPF,Transitional AT2,SIRPA,1,0.0082091082780493,0.006,GSE135893
IPF,Transitional AT2,SMO,1,0.0061510270814312,0.006,GSE135893
IPF,Transitional AT2,SPP1,1,0.0108171068393746,0.006,GSE135893
IPF,Transitional AT2,TGFB1,1,0.3306670803024276,0.2,GSE135893
IPF,Transitional AT2,TGFBR1,1,0.1377050443747627,0.08,GSE135893
IPF,Transitional AT2,TGFBR2,1,1.933860087059442,0.654,GSE135893
IPF,Transitional AT2,TGFBR3,1,0.083804294261305,0.058,GSE135893
IPF,Transitional AT2,TMED5,1,0.703943827843259,0.354,GSE135893
IPF,Transitional AT2,TNF,1,0.0,0.0,GSE135893
IPF,Transitional AT2,TYRO3,1,0.0115319810101485,0.012,GSE135893
IPF,Transitional AT2,VANGL2,1,0.0489266194519478,0.022,GSE135893
IPF,Transitional AT2,VASN,1,0.0924955544791288,0.06,GSE135893
IPF,Transitional AT2,VEGFA,1,1.3931097426333987,0.51,GSE135893
IPF,Transitional AT2,WNT1,1,0.0,0.0,GSE135893
IPF,Transitional AT2,WNT10A,1,0.041385814571459,0.036,GSE135893
IPF,Transitional AT2,WNT10B,1,0.0,0.0,GSE135893
IPF,Transitional AT2,WNT11,1,0.0048569188367943,0.004,GSE135893
IPF,Transitional AT2,WNT16,1,0.0,0.0,GSE135893
IPF,Transitional AT2,WNT2,1,0.0,0.0,GSE135893
IPF,Transitional AT2,WNT2B,1,0.0103066220046379,0.002,GSE135893
IPF,Transitional AT2,WNT3,1,0.001596933886937,0.002,GSE135893
IPF,Transitional AT2,WNT3A,1,0.0064809842821092,0.008,GSE135893
IPF,Transitional AT2,WNT4,1,0.1051974933587225,0.07,GSE135893
IPF,Transitional AT2,WNT5A,1,0.1633139838362655,0.092,GSE135893
IPF,Transitional AT2,WNT5B,1,0.0332906648029634,0.022,GSE135893
IPF,Transitional AT2,WNT6,1,0.0,0.0,GSE135893
IPF,Transitional AT2,WNT7A,1,0.0963878475821845,0.056,GSE135893
IPF,Transitional AT2,WNT7B,1,0.1090468473774982,0.07,GSE135893
IPF,Transitional AT2,WNT8A,1,0.0,0.0,GSE135893
IPF,Transitional AT2,WNT8B,1,0.0,0.0,GSE135893
IPF,Transitional AT2,WNT9A,1,0.0380136772889686,0.024,GSE135893
IPF,Transitional AT2,WNT9B,1,0.0,0.0,GSE135893
IPF,Transitional AT2,XCR1,1,0.0,0.0,GSE135893
IPF,cDCs,ACKR1,8,0.00946196678916095,0.006436228959530537,GSE135893
IPF,cDCs,ACKR2,8,0.0022696270176223374,0.0038741171582883124,GSE135893
IPF,cDCs,ACKR3,8,0.010793115546022513,0.005665226962484938,GSE135893
IPF,cDCs,ACKR4,8,0.00887489148062785,0.004447200566973762,GSE135893
IPF,cDCs,ACVR1,8,0.038195274552434065,0.03621023040027655,GSE135893
IPF,cDCs,ACVR1B,8,0.032065074326295274,0.028171654048060688,GSE135893
IPF,cDCs,ACVR1C,8,0.0032180574269694753,0.00297661233167965,GSE135893
IPF,cDCs,ACVRL1,8,0.01694977894423696,0.016670783653107923,GSE135893
IPF,cDCs,ADGRA2,8,0.0020715599675179375,0.0015060240963855375,GSE135893
IPF,cDCs,ADRA2A,8,0.0014730062026713001,0.0025564442644527624,GSE135893
IPF,cDCs,ADRB2,8,0.09735943545928152,0.08929014905807467,GSE135893
IPF,cDCs,ANTXR1,8,0.020611473788271377,0.014673061196674362,GSE135893
IPF,cDCs,APCDD1,8,0.0012147598176888376,0.0014705882352941124,GSE135893
IPF,cDCs,AREG,8,25.026331287784714,0.6284765601600518,GSE135893
IPF,cDCs,ATP6AP2,8,1.7935908458592955,0.6418188162918274,GSE135893
IPF,cDCs,AVPR1A,8,0.0,0.0,GSE135893
IPF,cDCs,CASP1,8,0.6794001670959292,0.38203426832777554,GSE135893
IPF,cDCs,CAV1,8,0.040175949342778926,0.02006871563067946,GSE135893
IPF,cDCs,CCL2,8,0.21040019722123282,0.08050195897952118,GSE135893
IPF,cDCs,CCR1,8,0.17818195234168926,0.12024136955808695,GSE135893
IPF,cDCs,CCR10,8,0.004679871710561263,0.0032105695509309752,GSE135893
IPF,cDCs,CCR2,8,0.1090469180028883,0.07917257264351521,GSE135893
IPF,cDCs,CCR3,8,0.005885619865042225,0.0025862068965517124,GSE135893
IPF,cDCs,CCR4,8,0.002734757011370025,0.001050420168067225,GSE135893
IPF,cDCs,CCR5,8,0.09778372484438089,0.08484557690896004,GSE135893
IPF,cDCs,CD36,8,0.19047426054223324,0.11590536066663744,GSE135893
IPF,cDCs,CD4,8,1.2660533899463524,0.5543828776380998,GSE135893
IPF,cDCs,CD44,8,3.139684482983328,0.7173030881764441,GSE135893
IPF,cDCs,CD82,8,0.1851880273480559,0.11278805693236718,GSE135893
IPF,cDCs,CD9,8,3.117707859334482,0.5636547436927788,GSE135893
IPF,cDCs,CSF1,8,0.02156645100757209,0.016282042938204525,GSE135893
IPF,cDCs,CSF1R,8,2.2848866474205285,0.6099126949107478,GSE135893
IPF,cDCs,CXCL1,8,0.06281076561280739,0.017260071728795425,GSE135893
IPF,cDCs,CXCL12,8,0.007143033560518525,0.0030345471521942,GSE135893
IPF,cDCs,CXCL2,8,0.5133049889508189,0.1094450100002692,GSE135893
IPF,cDCs,CXCR1,8,0.0028956464180804,0.002562111801242225,GSE135893
IPF,cDCs,CXCR2,8,0.03799365916014647,0.027819361955990014,GSE135893
IPF,cDCs,CXCR3,8,0.19197472459019602,0.0968704452936889,GSE135893
IPF,cDCs,CXCR4,8,5.369668311231221,0.7335782447468697,GSE135893
IPF,cDCs,DPP4,8,0.047211486943445465,0.033490762131796824,GSE135893
IPF,cDCs,EGFR,8,0.004649267405508263,0.0028053462764416,GSE135893
IPF,cDCs,ENG,8,1.0378232875149522,0.43435480407812144,GSE135893
IPF,cDCs,EPHA7,8,0.0006038285629266625,0.001050420168067225,GSE135893
IPF,cDCs,EPHB2,8,0.021551896827399664,0.02321243328552171,GSE135893
IPF,cDCs,ERBB2,8,0.004840191591930937,0.005392578718234262,GSE135893
IPF,cDCs,ERBB3,8,0.0018255816319703625,0.0019124891335844624,GSE135893
IPF,cDCs,ERBB4,8,0.0,0.0,GSE135893
IPF,cDCs,FGF10,8,0.0018782363271366625,0.0016737572772055375,GSE135893
IPF,cDCs,FGF7,8,0.0,0.0,GSE135893
IPF,cDCs,FGFR1,8,0.008219607051514012,0.008160221825633937,GSE135893
IPF,cDCs,FGFR2,8,0.0031468843136142,0.0017045454545454375,GSE135893
IPF,cDCs,FGFR3,8,0.0,0.0,GSE135893
IPF,cDCs,FGFR4,8,0.0,0.0,GSE135893
IPF,cDCs,FGFRL1,8,0.017675203954714863,0.014080240246568813,GSE135893
IPF,cDCs,FLT1,8,0.41224582670615184,0.16868054601967805,GSE135893
IPF,cDCs,FZD1,8,0.09852318465236573,0.08490011186478329,GSE135893
IPF,cDCs,FZD10,8,0.0,0.0,GSE135893
IPF,cDCs,FZD2,8,0.021418061142691236,0.020648568601988198,GSE135893
IPF,cDCs,FZD3,8,0.007040665714064087,0.007142730189481063,GSE135893
IPF,cDCs,FZD4,8,0.005607139429150725,0.0035005749608007126,GSE135893
IPF,cDCs,FZD5,8,0.017430355182322024,0.014880149665335001,GSE135893
IPF,cDCs,FZD6,8,0.01359283607918045,0.012005469251485212,GSE135893
IPF,cDCs,FZD7,8,0.0068633441068606,0.0065479139497321495,GSE135893
IPF,cDCs,FZD8,8,0.014332983639734601,0.006390477877898124,GSE135893
IPF,cDCs,FZD9,8,0.0,0.0,GSE135893
IPF,cDCs,GPC1,8,0.0030019697033820247,0.0038386812971968874,GSE135893
IPF,cDCs,GRIN2B,8,0.0,0.0,GSE135893
IPF,cDCs,GRM7,8,0.0016010184201754375,0.00297661233167965,GSE135893
IPF,cDCs,GSDMD,8,0.4048197458269772,0.3040399652616312,GSE135893
IPF,cDCs,HBEGF,8,1.0198926207915777,0.2925077378619344,GSE135893
IPF,cDCs,IL1A,8,0.03392755325091814,0.021996955578696298,GSE135893
IPF,cDCs,IL1B,8,1.803209071141796,0.3090150607925517,GSE135893
IPF,cDCs,IL1R1,8,0.2274150643003945,0.15442024825407633,GSE135893
IPF,cDCs,IL1R2,8,1.7038093248506243,0.32054801391938276,GSE135893
IPF,cDCs,IL1RAP,8,0.48112453554004286,0.26940805420981523,GSE135893
IPF,cDCs,IL1RN,8,0.7832002376079774,0.19828997656669126,GSE135893
IPF,cDCs,IL6,8,0.030806991374041224,0.012612159340451798,GSE135893
IPF,cDCs,ITGA4,8,1.4883814828355038,0.5451976622648175,GSE135893
IPF,cDCs,ITGA5,8,0.3497142929811755,0.24605018713080953,GSE135893
IPF,cDCs,ITGA9,8,0.012243282837002701,0.014594304738387088,GSE135893
IPF,cDCs,ITGAV,8,0.323779256070319,0.18195424238364183,GSE135893
IPF,cDCs,ITGB1,8,1.3328839837014395,0.5964073043615394,GSE135893
IPF,cDCs,ITGB3,8,0.0015494585643536375,0.00233265720081135,GSE135893
IPF,cDCs,ITGB5,8,0.07585413091270259,0.04778615221391483,GSE135893
IPF,cDCs,ITGB6,8,0.008660617676175963,0.008117395338490638,GSE135893
IPF,cDCs,ITGB8,8,0.05286952296331332,0.025658555286587625,GSE135893
IPF,cDCs,KDR,8,0.00195418453442725,0.00077639751552795,GSE135893
IPF,cDCs,KLRG2,8,0.001244400199104025,0.0008928571428571375,GSE135893
IPF,cDCs,LDLR,8,0.1377545914299634,0.07687653952721495,GSE135893
IPF,cDCs,LGR5,8,0.0,0.0,GSE135893
IPF,cDCs,LPP,8,0.431765519973449,0.2741061754030376,GSE135893
IPF,cDCs,LRP1,8,0.18476841770744315,0.12885735524952766,GSE135893
IPF,cDCs,LRP2,8,0.0,0.0,GSE135893
IPF,cDCs,LRP5,8,0.003326302391652575,0.004731538440054025,GSE135893
IPF,cDCs,LRP6,8,0.0019822527784835375,0.0027958152958152747,GSE135893
IPF,cDCs,MCAM,8,0.00065803673424265,0.0008116883116883,GSE135893
IPF,cDCs,MTNR1A,8,0.0,0.0,GSE135893
IPF,cDCs,MUSK,8,0.0,0.0,GSE135893
IPF,cDCs,NLRP3,8,0.7749738001463836,0.3372268935717389,GSE135893
IPF,cDCs,NOTCH1,8,0.11794747237388226,0.09032719707218341,GSE135893
IPF,cDCs,NRP1,8,0.19028110763250763,0.11188165467499266,GSE135893
IPF,cDCs,NRP2,8,0.5944521079261307,0.16431664980869953,GSE135893
IPF,cDCs,PRLR,8,0.0,0.0,GSE135893
IPF,cDCs,PTK7,8,0.0061772733618390505,0.007928404960957036,GSE135893
IPF,cDCs,PTPRK,8,0.014480950522859238,0.012124063541185824,GSE135893
IPF,cDCs,PYCARD,8,3.196711761721668,0.7426839541788867,GSE135893
IPF,cDCs,RECK,8,0.12252249830566517,0.1027874511976388,GSE135893
IPF,cDCs,RET,8,0.0014933660850266499,0.001754926108374375,GSE135893
IPF,cDCs,ROR1,8,0.013093971251878975,0.014068878436884875,GSE135893
IPF,cDCs,ROR2,8,0.006107342111466463,0.005042946111568412,GSE135893
IPF,cDCs,RYK,8,0.05968711938469356,0.048879061936705215,GSE135893
IPF,cDCs,SDC2,8,0.21238169479479863,0.10802023843151885,GSE135893
IPF,cDCs,SDC4,8,0.2369918559308101,0.1223966249400511,GSE135893
IPF,cDCs,SIGIRR,8,0.5048240534030046,0.3465822861412385,GSE135893
IPF,cDCs,SIRPA,8,0.6268880967203811,0.38207761934088436,GSE135893
IPF,cDCs,SMO,8,0.0028957510331036503,0.0022822765469824122,GSE135893
IPF,cDCs,SPP1,8,1.7855633477149353,0.103930918272122,GSE135893
IPF,cDCs,TGFB1,8,1.0002502094239425,0.5013107138785972,GSE135893
IPF,cDCs,TGFBR1,8,0.2665333246376288,0.19171628799594756,GSE135893
IPF,cDCs,TGFBR2,8,0.6701151781114656,0.34957362155722355,GSE135893
IPF,cDCs,TGFBR3,8,0.0065980463146994,0.004798510313216175,GSE135893
IPF,cDCs,TMED5,8,0.6900383998555433,0.4267944323066744,GSE135893
IPF,cDCs,TNF,8,0.8319469738888194,0.21776466651262374,GSE135893
IPF,cDCs,TYRO3,8,0.0048760012216544375,0.005433428391436875,GSE135893
IPF,cDCs,VANGL2,8,0.0007778420793896625,0.0014705882352941124,GSE135893
IPF,cDCs,VASN,8,0.010294167787363213,0.005767013815383738,GSE135893
IPF,cDCs,VEGFA,8,0.6703492109346785,0.26162019460906866,GSE135893
IPF,cDCs,WNT1,8,0.000407306757382025,0.0008928571428571375,GSE135893
IPF,cDCs,WNT10A,8,0.0015390465397486124,0.001754926108374375,GSE135893
IPF,cDCs,WNT10B,8,0.020055160252619626,0.017433869281116253,GSE135893
IPF,cDCs,WNT11,8,0.0,0.0,GSE135893
IPF,cDCs,WNT16,8,0.0,0.0,GSE135893
IPF,cDCs,WNT2,8,0.0,0.0,GSE135893
IPF,cDCs,WNT2B,8,0.0093157460992237,0.006579943889781588,GSE135893
IPF,cDCs,WNT3,8,0.0,0.0,GSE135893
IPF,cDCs,WNT3A,8,0.0,0.0,GSE135893
IPF,cDCs,WNT4,8,0.0,0.0,GSE135893
IPF,cDCs,WNT5A,8,0.11950626543127191,0.07682544676345787,GSE135893
IPF,cDCs,WNT5B,8,0.021820635490995426,0.016360835983749513,GSE135893
IPF,cDCs,WNT6,8,0.00206297861103775,0.0008928571428571375,GSE135893
IPF,cDCs,WNT7A,8,0.0,0.0,GSE135893
IPF,cDCs,WNT7B,8,0.0,0.0,GSE135893
IPF,cDCs,WNT8A,8,0.0,0.0,GSE135893
IPF,cDCs,WNT8B,8,0.0,0.0,GSE135893
IPF,cDCs,WNT9A,8,0.0008223386653772375,0.0014705882352941124,GSE135893
IPF,cDCs,WNT9B,8,0.0,0.0,GSE135893
IPF,cDCs,XCR1,8,0.10220102775337142,0.042806009232184375,GSE135893
IPF,pDCs,ACKR1,1,0.0574506687759417,0.037037037037037,GSE135893
IPF,pDCs,ACKR2,1,0.0,0.0,GSE135893
IPF,pDCs,ACKR3,1,0.0,0.0,GSE135893
IPF,pDCs,ACKR4,1,0.0,0.0,GSE135893
IPF,pDCs,ACVR1,1,0.0846307034378771,0.0555555555555555,GSE135893
IPF,pDCs,ACVR1B,1,0.1449788789549447,0.0555555555555555,GSE135893
IPF,pDCs,ACVR1C,1,0.0,0.0,GSE135893
IPF,pDCs,ACVRL1,1,0.0,0.0,GSE135893
IPF,pDCs,ADGRA2,1,0.0,0.0,GSE135893
IPF,pDCs,ADRA2A,1,0.0,0.0,GSE135893
IPF,pDCs,ADRB2,1,0.3659892880068,0.1481481481481481,GSE135893
IPF,pDCs,ANTXR1,1,0.0,0.0,GSE135893
IPF,pDCs,APCDD1,1,0.0487329434697855,0.0185185185185185,GSE135893
IPF,pDCs,AREG,1,14.56785179661152,0.8333333333333334,GSE135893
IPF,pDCs,ATP6AP2,1,1.4687938754419645,0.5555555555555556,GSE135893
IPF,pDCs,AVPR1A,1,0.0,0.0,GSE135893
IPF,pDCs,CASP1,1,0.2944985838720574,0.1111111111111111,GSE135893
IPF,pDCs,CAV1,1,0.2136746234898201,0.0555555555555555,GSE135893
IPF,pDCs,CCL2,1,0.1259243758191468,0.074074074074074,GSE135893
IPF,pDCs,CCR1,1,0.0324601551595416,0.0185185185185185,GSE135893
IPF,pDCs,CCR10,1,0.0160778941817316,0.0185185185185185,GSE135893
IPF,pDCs,CCR2,1,1.270575951404199,0.3888888888888889,GSE135893
IPF,pDCs,CCR3,1,0.1089842028685157,0.037037037037037,GSE135893
IPF,pDCs,CCR4,1,0.0,0.0,GSE135893
IPF,pDCs,CCR5,1,0.3025153406951889,0.1111111111111111,GSE135893
IPF,pDCs,CD36,1,4.758982437581054,0.6851851851851852,GSE135893
IPF,pDCs,CD4,1,4.850134081780019,0.7962962962962963,GSE135893
IPF,pDCs,CD44,1,2.1532785411637336,0.6111111111111112,GSE135893
IPF,pDCs,CD82,1,1.241296030547669,0.4074074074074074,GSE135893
IPF,pDCs,CD9,1,3.437365012677408,0.5,GSE135893
IPF,pDCs,CSF1,1,0.0,0.0,GSE135893
IPF,pDCs,CSF1R,1,0.2054063718328018,0.1296296296296296,GSE135893
IPF,pDCs,CXCL1,1,0.0,0.0,GSE135893
IPF,pDCs,CXCL12,1,0.0,0.0,GSE135893
IPF,pDCs,CXCL2,1,0.456232970607699,0.1111111111111111,GSE135893
IPF,pDCs,CXCR1,1,0.0,0.0,GSE135893
IPF,pDCs,CXCR2,1,0.0506360010247569,0.037037037037037,GSE135893
IPF,pDCs,CXCR3,1,5.0074738685866285,0.7962962962962963,GSE135893
IPF,pDCs,CXCR4,1,35.142883627633616,1.0,GSE135893
IPF,pDCs,DPP4,1,0.7465554646741012,0.2962962962962963,GSE135893
IPF,pDCs,EGFR,1,0.0,0.0,GSE135893
IPF,pDCs,ENG,1,0.3906377282804866,0.1296296296296296,GSE135893
IPF,pDCs,EPHA7,1,0.0,0.0,GSE135893
IPF,pDCs,EPHB2,1,0.0,0.0,GSE135893
IPF,pDCs,ERBB2,1,0.0,0.0,GSE135893
IPF,pDCs,ERBB3,1,0.0,0.0,GSE135893
IPF,pDCs,ERBB4,1,0.0,0.0,GSE135893
IPF,pDCs,FGF10,1,0.0,0.0,GSE135893
IPF,pDCs,FGF7,1,0.0,0.0,GSE135893
IPF,pDCs,FGFR1,1,0.0,0.0,GSE135893
IPF,pDCs,FGFR2,1,0.0,0.0,GSE135893
IPF,pDCs,FGFR3,1,0.0,0.0,GSE135893
IPF,pDCs,FGFR4,1,0.0,0.0,GSE135893
IPF,pDCs,FGFRL1,1,0.0,0.0,GSE135893
IPF,pDCs,FLT1,1,0.0759111232568908,0.0185185185185185,GSE135893
IPF,pDCs,FZD1,1,0.1155066511411587,0.0555555555555555,GSE135893
IPF,pDCs,FZD10,1,0.0,0.0,GSE135893
IPF,pDCs,FZD2,1,0.0,0.0,GSE135893
IPF,pDCs,FZD3,1,0.4355359964314715,0.2222222222222222,GSE135893
IPF,pDCs,FZD4,1,0.0,0.0,GSE135893
IPF,pDCs,FZD5,1,0.0,0.0,GSE135893
IPF,pDCs,FZD6,1,0.0,0.0,GSE135893
IPF,pDCs,FZD7,1,0.0,0.0,GSE135893
IPF,pDCs,FZD8,1,0.0,0.0,GSE135893
IPF,pDCs,FZD9,1,0.0,0.0,GSE135893
IPF,pDCs,GPC1,1,0.0,0.0,GSE135893
IPF,pDCs,GRIN2B,1,0.0,0.0,GSE135893
IPF,pDCs,GRM7,1,0.0,0.0,GSE135893
IPF,pDCs,GSDMD,1,0.8851508918664985,0.3518518518518518,GSE135893
IPF,pDCs,HBEGF,1,0.306080089465932,0.1481481481481481,GSE135893
IPF,pDCs,IL1A,1,0.0,0.0,GSE135893
IPF,pDCs,IL1B,1,0.2119669075930474,0.1296296296296296,GSE135893
IPF,pDCs,IL1R1,1,0.0,0.0,GSE135893
IPF,pDCs,IL1R2,1,0.0291875357547313,0.0185185185185185,GSE135893
IPF,pDCs,IL1RAP,1,0.0,0.0,GSE135893
IPF,pDCs,IL1RN,1,0.2600064645686453,0.1111111111111111,GSE135893
IPF,pDCs,IL6,1,0.0,0.0,GSE135893
IPF,pDCs,ITGA4,1,2.709596820681085,0.6111111111111112,GSE135893
IPF,pDCs,ITGA5,1,0.0994860322358465,0.037037037037037,GSE135893
IPF,pDCs,ITGA9,1,0.0,0.0,GSE135893
IPF,pDCs,ITGAV,1,0.1701950431480159,0.074074074074074,GSE135893
IPF,pDCs,ITGB1,1,1.3877584817149848,0.4074074074074074,GSE135893
IPF,pDCs,ITGB3,1,0.0,0.0,GSE135893
IPF,pDCs,ITGB5,1,0.0,0.0,GSE135893
IPF,pDCs,ITGB6,1,0.0,0.0,GSE135893
IPF,pDCs,ITGB8,1,0.0,0.0,GSE135893
IPF,pDCs,KDR,1,0.0,0.0,GSE135893
IPF,pDCs,KLRG2,1,0.0,0.0,GSE135893
IPF,pDCs,LDLR,1,0.0797024569925153,0.0555555555555555,GSE135893
IPF,pDCs,LGR5,1,0.0,0.0,GSE135893
IPF,pDCs,LPP,1,0.454530671023251,0.2407407407407407,GSE135893
IPF,pDCs,LRP1,1,0.0,0.0,GSE135893
IPF,pDCs,LRP2,1,0.0,0.0,GSE135893
IPF,pDCs,LRP5,1,0.080831595454031,0.0185185185185185,GSE135893
IPF,pDCs,LRP6,1,0.0,0.0,GSE135893
IPF,pDCs,MCAM,1,0.0,0.0,GSE135893
IPF,pDCs,MTNR1A,1,0.0,0.0,GSE135893
IPF,pDCs,MUSK,1,0.0,0.0,GSE135893
IPF,pDCs,NLRP3,1,0.1034069149382278,0.0555555555555555,GSE135893
IPF,pDCs,NOTCH1,1,0.0,0.0,GSE135893
IPF,pDCs,NRP1,1,2.1813189802949635,0.4814814814814814,GSE135893
IPF,pDCs,NRP2,1,0.0242262147024051,0.0185185185185185,GSE135893
IPF,pDCs,PRLR,1,0.0,0.0,GSE135893
IPF,pDCs,PTK7,1,0.6168609987001601,0.2592592592592592,GSE135893
IPF,pDCs,PTPRK,1,0.0,0.0,GSE135893
IPF,pDCs,PYCARD,1,1.4437572026451313,0.4629629629629629,GSE135893
IPF,pDCs,RECK,1,0.1938623263254355,0.074074074074074,GSE135893
IPF,pDCs,RET,1,0.7948516410617499,0.1851851851851851,GSE135893
IPF,pDCs,ROR1,1,0.0,0.0,GSE135893
IPF,pDCs,ROR2,1,0.0271532529597045,0.0185185185185185,GSE135893
IPF,pDCs,RYK,1,0.0,0.0,GSE135893
IPF,pDCs,SDC2,1,0.0,0.0,GSE135893
IPF,pDCs,SDC4,1,0.0219778287663405,0.0185185185185185,GSE135893
IPF,pDCs,SIGIRR,1,0.1717573446444954,0.074074074074074,GSE135893
IPF,pDCs,SIRPA,1,0.0611172228333944,0.0185185185185185,GSE135893
IPF,pDCs,SMO,1,0.0,0.0,GSE135893
IPF,pDCs,SPP1,1,0.3186958146613387,0.1111111111111111,GSE135893
IPF,pDCs,TGFB1,1,1.1147461690320106,0.4074074074074074,GSE135893
IPF,pDCs,TGFBR1,1,0.9864873594599124,0.3703703703703703,GSE135893
IPF,pDCs,TGFBR2,1,5.600004122457409,0.8518518518518519,GSE135893
IPF,pDCs,TGFBR3,1,0.1117004474127949,0.037037037037037,GSE135893
IPF,pDCs,TMED5,1,1.527516243831509,0.5370370370370371,GSE135893
IPF,pDCs,TNF,1,0.2536550947883841,0.1111111111111111,GSE135893
IPF,pDCs,TYRO3,1,0.0,0.0,GSE135893
IPF,pDCs,VANGL2,1,0.0,0.0,GSE135893
IPF,pDCs,VASN,1,0.0562562081753221,0.037037037037037,GSE135893
IPF,pDCs,VEGFA,1,0.0404157977270155,0.0185185185185185,GSE135893
IPF,pDCs,WNT1,1,0.0,0.0,GSE135893
IPF,pDCs,WNT10A,1,0.922392925280815,0.2777777777777778,GSE135893
IPF,pDCs,WNT10B,1,0.0,0.0,GSE135893
IPF,pDCs,WNT11,1,0.0,0.0,GSE135893
IPF,pDCs,WNT16,1,0.0,0.0,GSE135893
IPF,pDCs,WNT2,1,0.0,0.0,GSE135893
IPF,pDCs,WNT2B,1,0.0153324379189588,0.0185185185185185,GSE135893
IPF,pDCs,WNT3,1,0.0,0.0,GSE135893
IPF,pDCs,WNT3A,1,0.0,0.0,GSE135893
IPF,pDCs,WNT4,1,0.0,0.0,GSE135893
IPF,pDCs,WNT5A,1,0.0,0.0,GSE135893
IPF,pDCs,WNT5B,1,0.0,0.0,GSE135893
IPF,pDCs,WNT6,1,0.0,0.0,GSE135893
IPF,pDCs,WNT7A,1,0.0,0.0,GSE135893
IPF,pDCs,WNT7B,1,0.0,0.0,GSE135893
IPF,pDCs,WNT8A,1,0.0,0.0,GSE135893
IPF,pDCs,WNT8B,1,0.0,0.0,GSE135893
IPF,pDCs,WNT9A,1,0.0,0.0,GSE135893
IPF,pDCs,WNT9B,1,0.0,0.0,GSE135893
IPF,pDCs,XCR1,1,0.0,0.0,GSE135893
control,AT1,ACKR1,3,0.0,0.0,GSE135893
control,AT1,ACKR2,3,0.0,0.0,GSE135893
control,AT1,ACKR3,3,0.026670311406914404,0.010952380952380934,GSE135893
control,AT1,ACKR4,3,0.4984171551176948,0.1638278388278388,GSE135893
control,AT1,ACVR1,3,0.18165789189685722,0.07399267399267394,GSE135893
control,AT1,ACVR1B,3,0.0875326737282124,0.040091575091575064,GSE135893
control,AT1,ACVR1C,3,0.0,0.0,GSE135893
control,AT1,ACVRL1,3,0.0031071339796172,0.0016666666666666668,GSE135893
control,AT1,ADGRA2,3,0.038818673746664735,0.016904761904761898,GSE135893
control,AT1,ADRA2A,3,0.0,0.0,GSE135893
control,AT1,ADRB2,3,2.687745773290967,0.5806959706959707,GSE135893
control,AT1,ANTXR1,3,0.11175087289174436,0.0505494505494505,GSE135893
control,AT1,APCDD1,3,0.0031071339796172,0.0016666666666666668,GSE135893
control,AT1,AREG,3,0.13700661497631103,0.054981684981684965,GSE135893
control,AT1,ATP6AP2,3,1.3329411964904618,0.42545787545787545,GSE135893
control,AT1,AVPR1A,3,0.0,0.0,GSE135893
control,AT1,CASP1,3,0.1776550968001719,0.06957875457875456,GSE135893
control,AT1,CAV1,3,67.54936485308929,1.0,GSE135893
control,AT1,CCL2,3,0.043009901789738174,0.012490842490842468,GSE135893
control,AT1,CCR1,3,0.0,0.0,GSE135893
control,AT1,CCR10,3,0.0323633479229101,0.012362637362637333,GSE135893
control,AT1,CCR2,3,0.0,0.0,GSE135893
control,AT1,CCR3,3,0.030082894885059736,0.013571428571428566,GSE135893
control,AT1,CCR4,3,0.004011231448054533,0.0016666666666666668,GSE135893
control,AT1,CCR5,3,0.0,0.0,GSE135893
control,AT1,CD36,3,0.03307444355518207,0.015695970695970667,GSE135893
control,AT1,CD4,3,0.023881830094349465,0.007619047619047601,GSE135893
control,AT1,CD44,3,0.8775625220932411,0.25613553113553117,GSE135893
control,AT1,CD82,3,0.22584871425291322,0.09038461538461535,GSE135893
control,AT1,CD9,3,18.22347167977794,0.9695604395604396,GSE135893
control,AT1,CSF1,3,0.16415386730204007,0.017490842490842467,GSE135893
control,AT1,CSF1R,3,0.0029661268315833,0.0016666666666666668,GSE135893
control,AT1,CXCL1,3,0.0199190217140248,0.0064102564102564005,GSE135893
control,AT1,CXCL12,3,0.0,0.0,GSE135893
control,AT1,CXCL2,3,0.9677566387964993,0.1679120879120879,GSE135893
control,AT1,CXCR1,3,0.0,0.0,GSE135893
control,AT1,CXCR2,3,0.0,0.0,GSE135893
control,AT1,CXCR3,3,0.0,0.0,GSE135893
control,AT1,CXCR4,3,0.047613402685533567,0.0178205128205128,GSE135893
control,AT1,DPP4,3,0.08929957088882519,0.0483150183150183,GSE135893
control,AT1,EGFR,3,1.7600185975519889,0.4613186813186813,GSE135893
control,AT1,ENG,3,0.0034940600978336667,0.0016666666666666668,GSE135893
control,AT1,EPHA7,3,0.0,0.0,GSE135893
control,AT1,EPHB2,3,0.03867799449995587,0.012490842490842468,GSE135893
control,AT1,ERBB2,3,1.8756605936338893,0.4834432234432235,GSE135893
control,AT1,ERBB3,3,1.8725737381776373,0.5470879120879121,GSE135893
control,AT1,ERBB4,3,0.0223072633796665,0.01807692307692307,GSE135893
control,AT1,FGF10,3,0.0,0.0,GSE135893
control,AT1,FGF7,3,0.0624844683212604,0.021025641025641,GSE135893
control,AT1,FGFR1,3,0.019018767621909367,0.0114102564102564,GSE135893
control,AT1,FGFR2,3,0.193737488856258,0.08661172161172155,GSE135893
control,AT1,FGFR3,3,0.0279698135407546,0.017362637362637334,GSE135893
control,AT1,FGFR4,3,0.005969838663002033,0.0033333333333333335,GSE135893
control,AT1,FGFRL1,3,0.08215638535140096,0.0351098901098901,GSE135893
control,AT1,FLT1,3,0.0,0.0,GSE135893
control,AT1,FZD1,3,0.06051280674505013,0.03344322344322343,GSE135893
control,AT1,FZD10,3,0.0,0.0,GSE135893
control,AT1,FZD2,3,0.3693600915526802,0.1367216117216117,GSE135893
control,AT1,FZD3,3,0.07019733356983719,0.03439560439560437,GSE135893
control,AT1,FZD4,3,0.0191831863152053,0.0114102564102564,GSE135893
control,AT1,FZD5,3,0.7652084973253751,0.25586080586080584,GSE135893
control,AT1,FZD6,3,1.4075527931092182,0.4037912087912088,GSE135893
control,AT1,FZD7,3,0.010683406778260233,0.008076923076923067,GSE135893
control,AT1,FZD8,3,0.2344323259735173,0.08247252747252744,GSE135893
control,AT1,FZD9,3,0.0030500298310345998,0.0033333333333333335,GSE135893
control,AT1,GPC1,3,0.3928697093705454,0.17250915750915752,GSE135893
control,AT1,GRIN2B,3,0.0,0.0,GSE135893
control,AT1,GRM7,3,0.0,0.0,GSE135893
control,AT1,GSDMD,3,0.7499271213806176,0.27016483516483514,GSE135893
control,AT1,HBEGF,3,0.8789628535596231,0.2407142857142857,GSE135893
control,AT1,IL1A,3,0.0,0.0,GSE135893
control,AT1,IL1B,3,0.0,0.0,GSE135893
control,AT1,IL1R1,3,0.1945322060858243,0.09659340659340658,GSE135893
control,AT1,IL1R2,3,0.02978152793402597,0.006538461538461534,GSE135893
control,AT1,IL1RAP,3,0.0085450509209687,0.005,GSE135893
control,AT1,IL1RN,3,0.023223287687790167,0.011904761904761899,GSE135893
control,AT1,IL6,3,0.0,0.0,GSE135893
control,AT1,ITGA4,3,0.04451259487300177,0.014157509157509135,GSE135893
control,AT1,ITGA5,3,0.0006105453390968667,0.0016666666666666668,GSE135893
control,AT1,ITGA9,3,0.1158408474781622,0.03818681318681317,GSE135893
control,AT1,ITGAV,3,0.6183396609809595,0.19232600732600727,GSE135893
control,AT1,ITGB1,3,4.862801484946519,0.7841208791208792,GSE135893
control,AT1,ITGB3,3,0.0,0.0,GSE135893
control,AT1,ITGB5,3,0.15145956243950712,0.06137362637362633,GSE135893
control,AT1,ITGB6,3,2.3554030797631573,0.5216117216117216,GSE135893
control,AT1,ITGB8,3,0.016710783134140764,0.005952380952380934,GSE135893
control,AT1,KDR,3,0.0028627046833848333,0.0016666666666666668,GSE135893
control,AT1,KLRG2,3,0.3089684691235686,0.11849816849816847,GSE135893
control,AT1,LDLR,3,1.3003345134526503,0.33551282051282055,GSE135893
control,AT1,LGR5,3,0.0,0.0,GSE135893
control,AT1,LPP,3,1.544664291426387,0.4639377289377289,GSE135893
control,AT1,LRP1,3,0.14420665329332508,0.0585347985347985,GSE135893
control,AT1,LRP2,3,0.005310521636364166,0.006538461538461534,GSE135893
control,AT1,LRP5,3,0.4717353383454861,0.1681318681318681,GSE135893
control,AT1,LRP6,3,0.6087151120978465,0.2235897435897436,GSE135893
control,AT1,MCAM,3,0.008266810472914466,0.0033333333333333335,GSE135893
control,AT1,MTNR1A,3,0.0,0.0,GSE135893
control,AT1,MUSK,3,0.0,0.0,GSE135893
control,AT1,NLRP3,3,0.011085427235820733,0.0096153846153846,GSE135893
control,AT1,NOTCH1,3,0.3644966095336441,0.1332051282051282,GSE135893
control,AT1,NRP1,3,0.0031071339796172,0.0016666666666666668,GSE135893
control,AT1,NRP2,3,0.32939446073587836,0.12069597069597067,GSE135893
control,AT1,PRLR,3,0.008604193339666,0.005952380952380934,GSE135893
control,AT1,PTK7,3,0.6613325820184849,0.2183150183150183,GSE135893
control,AT1,PTPRK,3,0.8143119232730095,0.26360805860805864,GSE135893
control,AT1,PYCARD,3,0.3984639457889416,0.15439560439560437,GSE135893
control,AT1,RECK,3,0.14266241120848092,0.05258241758241753,GSE135893
control,AT1,RET,3,0.0,0.0,GSE135893
control,AT1,ROR1,3,1.182614786698115,0.3528571428571428,GSE135893
control,AT1,ROR2,3,0.0,0.0,GSE135893
control,AT1,RYK,3,0.1939945411563813,0.09161172161172156,GSE135893
control,AT1,SDC2,3,0.6733646856930072,0.22304029304029302,GSE135893
control,AT1,SDC4,3,2.7479277203171146,0.5137179487179487,GSE135893
control,AT1,SIGIRR,3,0.6987617764978137,0.2757142857142857,GSE135893
control,AT1,SIRPA,3,0.01947806567253407,0.006538461538461534,GSE135893
control,AT1,SMO,3,0.0,0.0,GSE135893
control,AT1,SPP1,3,0.0164865240462954,0.007619047619047601,GSE135893
control,AT1,TGFB1,3,0.03790801051101103,0.010952380952380934,GSE135893
control,AT1,TGFBR1,3,0.21682150031620873,0.08076923076923077,GSE135893
control,AT1,TGFBR2,3,3.3037577514619323,0.6754945054945054,GSE135893
control,AT1,TGFBR3,3,0.4757931005170531,0.16824175824175822,GSE135893
control,AT1,TMED5,3,1.4314389314033988,0.4416300366300366,GSE135893
control,AT1,TNF,3,0.0140946710867555,0.0032051282051282002,GSE135893
control,AT1,TYRO3,3,0.0037784327061134997,0.0016666666666666668,GSE135893
control,AT1,VANGL2,3,0.0,0.0,GSE135893
control,AT1,VASN,3,0.09698211251738098,0.0465201465201465,GSE135893
control,AT1,VEGFA,3,3.345818112347818,0.6676556776556777,GSE135893
control,AT1,WNT1,3,0.0,0.0,GSE135893
control,AT1,WNT10A,3,0.0,0.0,GSE135893
control,AT1,WNT10B,3,0.0,0.0,GSE135893
control,AT1,WNT11,3,0.0028148398356133333,0.0016666666666666668,GSE135893
control,AT1,WNT16,3,0.0,0.0,GSE135893
control,AT1,WNT2,3,0.0031071339796172,0.0016666666666666668,GSE135893
control,AT1,WNT2B,3,0.0,0.0,GSE135893
control,AT1,WNT3,3,0.008312036843189466,0.0064102564102564005,GSE135893
control,AT1,WNT3A,3,0.5253620187404121,0.1694139194139194,GSE135893
control,AT1,WNT4,3,0.0,0.0,GSE135893
control,AT1,WNT5A,3,0.20223905886043148,0.0955128205128205,GSE135893
control,AT1,WNT5B,3,0.029411940566063267,0.019285714285714267,GSE135893
control,AT1,WNT6,3,0.0,0.0,GSE135893
control,AT1,WNT7A,3,0.6149223851068036,0.21989010989010985,GSE135893
control,AT1,WNT7B,3,0.010474981599866734,0.011538461538461534,GSE135893
control,AT1,WNT8A,3,0.0,0.0,GSE135893
control,AT1,WNT8B,3,0.0,0.0,GSE135893
control,AT1,WNT9A,3,0.27742556784921113,0.09664835164835163,GSE135893
control,AT1,WNT9B,3,0.0,0.0,GSE135893
control,AT1,XCR1,3,0.0,0.0,GSE135893
control,AT2,ACKR1,6,0.016153090644600965,0.0070646401034658675,GSE135893
control,AT2,ACKR2,6,0.0054211994062007,0.006334106148793384,GSE135893
control,AT2,ACKR3,6,0.006863521748861318,0.003000522171314933,GSE135893
control,AT2,ACKR4,6,0.003040856946001883,0.0037660836024036334,GSE135893
control,AT2,ACVR1,6,0.07638425039399219,0.0867369231024589,GSE135893
control,AT2,ACVR1B,6,0.15989566247387255,0.14415166960533146,GSE135893
control,AT2,ACVR1C,6,0.031930400189573264,0.03947095899462225,GSE135893
control,AT2,ACVRL1,6,0.02241270105468098,0.005410492741157733,GSE135893
control,AT2,ADGRA2,6,0.004139761402504984,0.00264315349181345,GSE135893
control,AT2,ADRA2A,6,0.0011161821551316333,0.0016667860289681167,GSE135893
control,AT2,ADRB2,6,0.28781729132023487,0.23402994412115252,GSE135893
control,AT2,ANTXR1,6,0.10285938876455421,0.1132619179135566,GSE135893
control,AT2,APCDD1,6,0.05566100712089511,0.06865627505123029,GSE135893
control,AT2,AREG,6,2.314361814338841,0.532621648064846,GSE135893
control,AT2,ATP6AP2,6,0.6587250355643826,0.4777970559830505,GSE135893
control,AT2,AVPR1A,6,0.0,0.0,GSE135893
control,AT2,CASP1,6,0.09278084024932727,0.09782505292564836,GSE135893
control,AT2,CAV1,6,0.7079675524508722,0.3584131662056736,GSE135893
control,AT2,CCL2,6,0.16928168489037987,0.0411027980782345,GSE135893
control,AT2,CCR1,6,8.368077591491667e-05,0.00014880952380951667,GSE135893
control,AT2,CCR10,6,0.0041738363180122496,0.006160408663373668,GSE135893
control,AT2,CCR2,6,0.00020676389201101667,0.0001596424010217,GSE135893
control,AT2,CCR3,6,0.00026501669393158334,0.00033068783068781663,GSE135893
control,AT2,CCR4,6,8.917157467013333e-05,0.00014880952380951667,GSE135893
control,AT2,CCR5,6,6.48565489231e-05,0.00013672409078478332,GSE135893
control,AT2,CD36,6,0.8918762272750292,0.47144750704723354,GSE135893
control,AT2,CD4,6,0.024086417635634433,0.0283507111437816,GSE135893
control,AT2,CD44,6,2.201986021893818,0.772051231616909,GSE135893
control,AT2,CD82,6,0.14943099749354202,0.1531840170282053,GSE135893
control,AT2,CD9,6,6.7171589020773546,0.9417477296980096,GSE135893
control,AT2,CSF1,6,0.044015846243428636,0.03407868377430743,GSE135893
control,AT2,CSF1R,6,0.0016940596225019835,0.0019409166149180334,GSE135893
control,AT2,CXCL1,6,0.6693716908271727,0.1310429354626516,GSE135893
control,AT2,CXCL12,6,0.0039800614839898005,0.0017006802721088333,GSE135893
control,AT2,CXCL2,6,11.644421907418915,0.6604810956428713,GSE135893
control,AT2,CXCR1,6,0.0,0.0,GSE135893
control,AT2,CXCR2,6,0.002755107104262883,0.0018494897959183498,GSE135893
control,AT2,CXCR3,6,0.00025196138924691664,0.00044642857142856664,GSE135893
control,AT2,CXCR4,6,0.0164909964728465,0.012883916320831449,GSE135893
control,AT2,DPP4,6,0.5067725508110922,0.3596526714249541,GSE135893
control,AT2,EGFR,6,0.5098786197970986,0.3845683449716016,GSE135893
control,AT2,ENG,6,0.019882599724326783,0.020545027937915235,GSE135893
control,AT2,EPHA7,6,3.8991097552600004e-05,0.00014880952380951667,GSE135893
control,AT2,EPHB2,6,0.0031011087338727165,0.0054297288532046,GSE135893
control,AT2,ERBB2,6,0.2624140233428438,0.24359047010452808,GSE135893
control,AT2,ERBB3,6,0.6361069451715023,0.44534566947582105,GSE135893
control,AT2,ERBB4,6,0.208201660485263,0.18886302872515962,GSE135893
control,AT2,FGF10,6,0.0019635926996993164,0.0027448341499014,GSE135893
control,AT2,FGF7,6,0.06954725422790103,0.06570237761777735,GSE135893
control,AT2,FGFR1,6,0.23029248455259863,0.214841251713918,GSE135893
control,AT2,FGFR2,6,0.4361865733954247,0.3541166791756476,GSE135893
control,AT2,FGFR3,6,0.15027683271677325,0.14929303197424235,GSE135893
control,AT2,FGFR4,6,0.007022474320988883,0.004774846330629134,GSE135893
control,AT2,FGFRL1,6,0.05485969024776032,0.058710600607949,GSE135893
control,AT2,FLT1,6,0.009428046707533501,0.004189309823546233,GSE135893
control,AT2,FZD1,6,0.04847846592866362,0.051186211971832096,GSE135893
control,AT2,FZD10,6,0.0,0.0,GSE135893
control,AT2,FZD2,6,4.9423602181900005e-05,0.00014880952380951667,GSE135893
control,AT2,FZD3,6,0.07756679303480202,0.08005329645826072,GSE135893
control,AT2,FZD4,6,0.018586312989885417,0.014528635304123282,GSE135893
control,AT2,FZD5,6,0.32067715365615795,0.27595375418793516,GSE135893
control,AT2,FZD6,6,0.15974082865233544,0.1506120489015087,GSE135893
control,AT2,FZD7,6,0.08331179131953344,0.08624937764670969,GSE135893
control,AT2,FZD8,6,0.03661654819843233,0.03972502301019855,GSE135893
control,AT2,FZD9,6,0.011129311069906818,0.013135132484981382,GSE135893
control,AT2,GPC1,6,0.06958882493608097,0.08346145362351216,GSE135893
control,AT2,GRIN2B,6,0.0,0.0,GSE135893
control,AT2,GRM7,6,0.0,0.0,GSE135893
control,AT2,GSDMD,6,0.2952967044557991,0.2629558086823291,GSE135893
control,AT2,HBEGF,6,0.17322569150518152,0.12821314741463444,GSE135893
control,AT2,IL1A,6,7.112585976938334e-05,0.00014880952380951667,GSE135893
control,AT2,IL1B,6,0.0068319872772735326,0.0049943198137379,GSE135893
control,AT2,IL1R1,6,0.45981274108646736,0.3347156212550783,GSE135893
control,AT2,IL1R2,6,0.0051561763337026,0.005430961331254084,GSE135893
control,AT2,IL1RAP,6,0.056185174352219515,0.052314906312049346,GSE135893
control,AT2,IL1RN,6,0.005123885637677517,0.002955471321477783,GSE135893
control,AT2,IL6,6,0.019980343914806284,0.011809729962062967,GSE135893
control,AT2,ITGA4,6,0.005957622263310034,0.004563086756687467,GSE135893
control,AT2,ITGA5,6,0.009370381182413316,0.0035952070329177666,GSE135893
control,AT2,ITGA9,6,0.06958662228183506,0.07220134932432036,GSE135893
control,AT2,ITGAV,6,0.15780895169421416,0.1546809164957839,GSE135893
control,AT2,ITGB1,6,1.0077046694089797,0.5836305180216899,GSE135893
control,AT2,ITGB3,6,0.00018686095422265,0.00033068783068781663,GSE135893
control,AT2,ITGB5,6,0.03200894436005277,0.03340554138995052,GSE135893
control,AT2,ITGB6,6,1.1100465926736305,0.5874537024873042,GSE135893
control,AT2,ITGB8,6,0.012842046750070368,0.0035818432395918333,GSE135893
control,AT2,KDR,6,0.008129049192827417,0.003977990247589516,GSE135893
control,AT2,KLRG2,6,0.007503088410911784,0.010410487027795567,GSE135893
control,AT2,LDLR,6,2.357294487643807,0.7064866660504436,GSE135893
control,AT2,LGR5,6,0.0,0.0,GSE135893
control,AT2,LPP,6,0.4275180435941403,0.3388077679987129,GSE135893
control,AT2,LRP1,6,0.023560860167772184,0.025897238989162116,GSE135893
control,AT2,LRP2,6,0.27245094165513717,0.2003186374392265,GSE135893
control,AT2,LRP5,6,0.1659369615566096,0.17340947130340936,GSE135893
control,AT2,LRP6,6,0.36618221508144844,0.3046231401315536,GSE135893
control,AT2,MCAM,6,0.00042857020408511667,0.0001596424010217,GSE135893
control,AT2,MTNR1A,6,0.0007615493639562833,0.0008057491289198334,GSE135893
control,AT2,MUSK,6,0.0,0.0,GSE135893
control,AT2,NLRP3,6,0.0019110777056812666,0.0019390939076732666,GSE135893
control,AT2,NOTCH1,6,0.24045302110754405,0.21530716056548216,GSE135893
control,AT2,NRP1,6,0.05140204773531038,0.05094931094474328,GSE135893
control,AT2,NRP2,6,0.3594833267036835,0.27242484680834955,GSE135893
control,AT2,PRLR,6,0.018010451751702,0.019683879788807,GSE135893
control,AT2,PTK7,6,0.3680776949537381,0.31128643653969557,GSE135893
control,AT2,PTPRK,6,0.49367117238643027,0.382706553302091,GSE135893
control,AT2,PYCARD,6,0.23026173093058486,0.1896431223107867,GSE135893
control,AT2,RECK,6,0.014166497543597167,0.017531957691068,GSE135893
control,AT2,RET,6,0.0005471906484912167,0.00117839075745145,GSE135893
control,AT2,ROR1,6,0.07712627513061415,0.08857233258965973,GSE135893
control,AT2,ROR2,6,0.00122085416499425,0.0012663063309614833,GSE135893
control,AT2,RYK,6,0.16672013617369238,0.1564914006998768,GSE135893
control,AT2,SDC2,6,0.3373637724572031,0.30338187356932145,GSE135893
control,AT2,SDC4,6,4.635074851576387,0.8801292427450201,GSE135893
control,AT2,SIGIRR,6,0.4213194629494669,0.35654730179288746,GSE135893
control,AT2,SIRPA,6,0.005079891093265283,0.0039778818830783335,GSE135893
control,AT2,SMO,6,0.0,0.0,GSE135893
control,AT2,SPP1,6,0.03342542671538895,0.0068678365432416665,GSE135893
control,AT2,TGFB1,6,0.03290146584984899,0.027712873481718265,GSE135893
control,AT2,TGFBR1,6,0.07628993831569926,0.0752256325015304,GSE135893
control,AT2,TGFBR2,6,1.2173181335602632,0.6175156986908256,GSE135893
control,AT2,TGFBR3,6,0.0383567992265045,0.0476241940060364,GSE135893
control,AT2,TMED5,6,0.9244021513559956,0.5738103310610855,GSE135893
control,AT2,TNF,6,0.00012231238939865,0.0002855336145943,GSE135893
control,AT2,TYRO3,6,0.00048738758131055003,0.0005819001064008,GSE135893
control,AT2,VANGL2,6,0.0016060134131588002,0.0016999670649849835,GSE135893
control,AT2,VASN,6,0.16372066011222472,0.15685050004670217,GSE135893
control,AT2,VEGFA,6,0.4357913545344492,0.3126612058199273,GSE135893
control,AT2,WNT1,6,0.0,0.0,GSE135893
control,AT2,WNT10A,6,0.0,0.0,GSE135893
control,AT2,WNT10B,6,0.0,0.0,GSE135893
control,AT2,WNT11,6,0.0006455483155924333,0.0007758638463038165,GSE135893
control,AT2,WNT16,6,0.0,0.0,GSE135893
control,AT2,WNT2,6,0.0,0.0,GSE135893
control,AT2,WNT2B,6,0.006082736858744849,0.004494979412060934,GSE135893
control,AT2,WNT3,6,0.019752972074707234,0.02392386646489313,GSE135893
control,AT2,WNT3A,6,0.0027077095692866833,0.0035594900825323002,GSE135893
control,AT2,WNT4,6,0.016116456576045015,0.021453594994937066,GSE135893
control,AT2,WNT5A,6,0.0851242409426461,0.08261547215144298,GSE135893
control,AT2,WNT5B,6,0.0132801156715689,0.015491556307690434,GSE135893
control,AT2,WNT6,6,0.0,0.0,GSE135893
control,AT2,WNT7A,6,0.0006792819134847668,0.0007765462506841666,GSE135893
control,AT2,WNT7B,6,0.1216733179751111,0.13214548640904586,GSE135893
control,AT2,WNT8A,6,0.0,0.0,GSE135893
control,AT2,WNT8B,6,9.937727812471666e-05,0.00033068783068781663,GSE135893
control,AT2,WNT9A,6,0.0036672414517748496,0.005584897346814467,GSE135893
control,AT2,WNT9B,6,0.0,0.0,GSE135893
control,AT2,XCR1,6,0.0,0.0,GSE135893
control,B Cells,ACKR1,1,0.0,0.0,GSE135893
control,B Cells,ACKR2,1,0.0,0.0,GSE135893
control,B Cells,ACKR3,1,0.0,0.0,GSE135893
control,B Cells,ACKR4,1,0.0,0.0,GSE135893
control,B Cells,ACVR1,1,0.0106048587220721,0.0172413793103448,GSE135893
control,B Cells,ACVR1B,1,0.0942122161120109,0.0517241379310344,GSE135893
control,B Cells,ACVR1C,1,0.0,0.0,GSE135893
control,B Cells,ACVRL1,1,0.0087099668150264,0.0172413793103448,GSE135893
control,B Cells,ADGRA2,1,0.0106048587220721,0.0172413793103448,GSE135893
control,B Cells,ADRA2A,1,0.0,0.0,GSE135893
control,B Cells,ADRB2,1,0.1323750579919861,0.0689655172413793,GSE135893
control,B Cells,ANTXR1,1,0.0,0.0,GSE135893
control,B Cells,APCDD1,1,0.0300477157726469,0.0172413793103448,GSE135893
control,B Cells,AREG,1,0.5458190477681742,0.1034482758620689,GSE135893
control,B Cells,ATP6AP2,1,0.7949527130084806,0.3448275862068966,GSE135893
control,B Cells,AVPR1A,1,0.0,0.0,GSE135893
control,B Cells,CASP1,1,0.4629915016368668,0.2068965517241379,GSE135893
control,B Cells,CAV1,1,0.2469312093885897,0.0689655172413793,GSE135893
control,B Cells,CCL2,1,0.03188124872475,0.0172413793103448,GSE135893
control,B Cells,CCR1,1,0.0469728356091672,0.0172413793103448,GSE135893
control,B Cells,CCR10,1,0.0,0.0,GSE135893
control,B Cells,CCR2,1,0.0,0.0,GSE135893
control,B Cells,CCR3,1,0.0,0.0,GSE135893
control,B Cells,CCR4,1,0.0,0.0,GSE135893
control,B Cells,CCR5,1,0.0732429027627222,0.0172413793103448,GSE135893
control,B Cells,CD36,1,0.0237615481123826,0.0172413793103448,GSE135893
control,B Cells,CD4,1,0.0106048587220721,0.0172413793103448,GSE135893
control,B Cells,CD44,1,2.0731019034631166,0.5862068965517241,GSE135893
control,B Cells,CD82,1,1.333326907329823,0.396551724137931,GSE135893
control,B Cells,CD9,1,0.3041076542725957,0.0862068965517241,GSE135893
control,B Cells,CSF1,1,0.0,0.0,GSE135893
control,B Cells,CSF1R,1,0.0517863404645075,0.0517241379310344,GSE135893
control,B Cells,CXCL1,1,0.0,0.0,GSE135893
control,B Cells,CXCL12,1,0.0,0.0,GSE135893
control,B Cells,CXCL2,1,0.3799781421320806,0.1034482758620689,GSE135893
control,B Cells,CXCR1,1,0.0,0.0,GSE135893
control,B Cells,CXCR2,1,0.0,0.0,GSE135893
control,B Cells,CXCR3,1,0.6132608374260214,0.2068965517241379,GSE135893
control,B Cells,CXCR4,1,5.411732884177928,0.7758620689655172,GSE135893
control,B Cells,DPP4,1,0.0,0.0,GSE135893
control,B Cells,EGFR,1,0.0643575188889317,0.0172413793103448,GSE135893
control,B Cells,ENG,1,0.1649140876897691,0.0862068965517241,GSE135893
control,B Cells,EPHA7,1,0.0,0.0,GSE135893
control,B Cells,EPHB2,1,0.0,0.0,GSE135893
control,B Cells,ERBB2,1,0.0,0.0,GSE135893
control,B Cells,ERBB3,1,0.0,0.0,GSE135893
control,B Cells,ERBB4,1,0.0,0.0,GSE135893
control,B Cells,FGF10,1,0.0,0.0,GSE135893
control,B Cells,FGF7,1,0.0217282663016317,0.0172413793103448,GSE135893
control,B Cells,FGFR1,1,0.0,0.0,GSE135893
control,B Cells,FGFR2,1,0.0,0.0,GSE135893
control,B Cells,FGFR3,1,0.0,0.0,GSE135893
control,B Cells,FGFR4,1,0.0,0.0,GSE135893
control,B Cells,FGFRL1,1,0.0,0.0,GSE135893
control,B Cells,FLT1,1,0.0,0.0,GSE135893
control,B Cells,FZD1,1,0.0106048587220721,0.0172413793103448,GSE135893
control,B Cells,FZD10,1,0.0,0.0,GSE135893
control,B Cells,FZD2,1,0.0,0.0,GSE135893
control,B Cells,FZD3,1,0.0,0.0,GSE135893
control,B Cells,FZD4,1,0.0,0.0,GSE135893
control,B Cells,FZD5,1,0.0,0.0,GSE135893
control,B Cells,FZD6,1,0.075233034482395,0.0344827586206896,GSE135893
control,B Cells,FZD7,1,0.0,0.0,GSE135893
control,B Cells,FZD8,1,0.0,0.0,GSE135893
control,B Cells,FZD9,1,0.0,0.0,GSE135893
control,B Cells,GPC1,1,0.0,0.0,GSE135893
control,B Cells,GRIN2B,1,0.0,0.0,GSE135893
control,B Cells,GRM7,1,0.0,0.0,GSE135893
control,B Cells,GSDMD,1,0.6653027996297473,0.2413793103448276,GSE135893
control,B Cells,HBEGF,1,0.1496532734497478,0.0517241379310344,GSE135893
control,B Cells,IL1A,1,0.0060912839817505,0.0172413793103448,GSE135893
control,B Cells,IL1B,1,0.0060912839817505,0.0172413793103448,GSE135893
control,B Cells,IL1R1,1,0.0732429027627222,0.0172413793103448,GSE135893
control,B Cells,IL1R2,1,0.1895421242834629,0.0344827586206896,GSE135893
control,B Cells,IL1RAP,1,0.13169789068954,0.0689655172413793,GSE135893
control,B Cells,IL1RN,1,0.0467474789056241,0.0517241379310344,GSE135893
control,B Cells,IL6,1,0.0,0.0,GSE135893
control,B Cells,ITGA4,1,0.7632304693487162,0.2413793103448276,GSE135893
control,B Cells,ITGA5,1,0.0,0.0,GSE135893
control,B Cells,ITGA9,1,0.0,0.0,GSE135893
control,B Cells,ITGAV,1,0.1531416462635754,0.0517241379310344,GSE135893
control,B Cells,ITGB1,1,1.4088352568456572,0.3793103448275862,GSE135893
control,B Cells,ITGB3,1,0.0,0.0,GSE135893
control,B Cells,ITGB5,1,0.0,0.0,GSE135893
control,B Cells,ITGB6,1,0.0,0.0,GSE135893
control,B Cells,ITGB8,1,0.0,0.0,GSE135893
control,B Cells,KDR,1,0.0,0.0,GSE135893
control,B Cells,KLRG2,1,0.0,0.0,GSE135893
control,B Cells,LDLR,1,0.03188124872475,0.0172413793103448,GSE135893
control,B Cells,LGR5,1,0.0,0.0,GSE135893
control,B Cells,LPP,1,0.3547541443190475,0.1896551724137931,GSE135893
control,B Cells,LRP1,1,0.087953586465463,0.0344827586206896,GSE135893
control,B Cells,LRP2,1,0.0,0.0,GSE135893
control,B Cells,LRP5,1,0.055153419646759,0.0344827586206896,GSE135893
control,B Cells,LRP6,1,0.0,0.0,GSE135893
control,B Cells,MCAM,1,0.03188124872475,0.0172413793103448,GSE135893
control,B Cells,MTNR1A,1,0.0,0.0,GSE135893
control,B Cells,MUSK,1,0.0,0.0,GSE135893
control,B Cells,NLRP3,1,0.1453566439886632,0.0344827586206896,GSE135893
control,B Cells,NOTCH1,1,0.0523567783376459,0.0344827586206896,GSE135893
control,B Cells,NRP1,1,0.0208925347785274,0.0344827586206896,GSE135893
control,B Cells,NRP2,1,0.0467438584764695,0.0517241379310344,GSE135893
control,B Cells,PRLR,1,0.0,0.0,GSE135893
control,B Cells,PTK7,1,0.0,0.0,GSE135893
control,B Cells,PTPRK,1,0.1188161449715783,0.0517241379310344,GSE135893
control,B Cells,PYCARD,1,1.3932991974243183,0.396551724137931,GSE135893
control,B Cells,RECK,1,0.0881643593249441,0.0344827586206896,GSE135893
control,B Cells,RET,1,0.0,0.0,GSE135893
control,B Cells,ROR1,1,0.0222096860882968,0.0172413793103448,GSE135893
control,B Cells,ROR2,1,0.0,0.0,GSE135893
control,B Cells,RYK,1,0.0306295599757413,0.0172413793103448,GSE135893
control,B Cells,SDC2,1,0.0,0.0,GSE135893
control,B Cells,SDC4,1,0.0235112176118033,0.0344827586206896,GSE135893
control,B Cells,SIGIRR,1,0.5349757914381005,0.1896551724137931,GSE135893
control,B Cells,SIRPA,1,0.0617988862131639,0.0517241379310344,GSE135893
control,B Cells,SMO,1,0.0,0.0,GSE135893
control,B Cells,SPP1,1,0.0,0.0,GSE135893
control,B Cells,TGFB1,1,0.4446751933707603,0.1724137931034483,GSE135893
control,B Cells,TGFBR1,1,0.0715965841425649,0.0689655172413793,GSE135893
control,B Cells,TGFBR2,1,0.915107195110242,0.293103448275862,GSE135893
control,B Cells,TGFBR3,1,0.0,0.0,GSE135893
control,B Cells,TMED5,1,0.6312796049467836,0.2413793103448276,GSE135893
control,B Cells,TNF,1,0.3811470078294664,0.0862068965517241,GSE135893
control,B Cells,TYRO3,1,0.0,0.0,GSE135893
control,B Cells,VANGL2,1,0.0,0.0,GSE135893
control,B Cells,VASN,1,0.0300477157726469,0.0172413793103448,GSE135893
control,B Cells,VEGFA,1,0.0106048587220721,0.0172413793103448,GSE135893
control,B Cells,WNT1,1,0.0,0.0,GSE135893
control,B Cells,WNT10A,1,0.0726870965866139,0.0172413793103448,GSE135893
control,B Cells,WNT10B,1,0.0,0.0,GSE135893
control,B Cells,WNT11,1,0.0,0.0,GSE135893
control,B Cells,WNT16,1,0.0903752443226881,0.0344827586206896,GSE135893
control,B Cells,WNT2,1,0.0,0.0,GSE135893
control,B Cells,WNT2B,1,0.0,0.0,GSE135893
control,B Cells,WNT3,1,0.0,0.0,GSE135893
control,B Cells,WNT3A,1,0.0,0.0,GSE135893
control,B Cells,WNT4,1,0.0,0.0,GSE135893
control,B Cells,WNT5A,1,0.0,0.0,GSE135893
control,B Cells,WNT5B,1,0.0,0.0,GSE135893
control,B Cells,WNT6,1,0.0,0.0,GSE135893
control,B Cells,WNT7A,1,0.0,0.0,GSE135893
control,B Cells,WNT7B,1,0.0,0.0,GSE135893
control,B Cells,WNT8A,1,0.0,0.0,GSE135893
control,B Cells,WNT8B,1,0.0,0.0,GSE135893
control,B Cells,WNT9A,1,0.0,0.0,GSE135893
control,B Cells,WNT9B,1,0.0,0.0,GSE135893
control,B Cells,XCR1,1,0.0,0.0,GSE135893
control,Ciliated,ACKR1,5,0.0025283685373272803,0.00203019376276478,GSE135893
control,Ciliated,ACKR2,5,0.02320117320382424,0.022773604913692617,GSE135893
control,Ciliated,ACKR3,5,0.013864374757807399,0.01062458241343964,GSE135893
control,Ciliated,ACKR4,5,0.1957644441108118,0.16499926247786265,GSE135893
control,Ciliated,ACVR1,5,0.26000631049183726,0.20728770979662955,GSE135893
control,Ciliated,ACVR1B,5,0.36764091681669125,0.2837109007072294,GSE135893
control,Ciliated,ACVR1C,5,0.00137428707689068,0.0006726457399103,GSE135893
control,Ciliated,ACVRL1,5,0.0030054867013796804,0.0028462349282958,GSE135893
control,Ciliated,ADGRA2,5,0.00348873320667364,0.0023871818712564797,GSE135893
control,Ciliated,ADRA2A,5,0.023685247553827237,0.01556802040458874,GSE135893
control,Ciliated,ADRB2,5,0.15405552656304627,0.10904796385997254,GSE135893
control,Ciliated,ANTXR1,5,0.18167087685858502,0.1461993280788826,GSE135893
control,Ciliated,APCDD1,5,0.3427066713982752,0.27677552250144916,GSE135893
control,Ciliated,AREG,5,0.3600071589323692,0.16425185961985528,GSE135893
control,Ciliated,ATP6AP2,5,1.0715433666930996,0.5769197332407832,GSE135893
control,Ciliated,AVPR1A,5,0.1549881926217216,0.11124929508631858,GSE135893
control,Ciliated,CASP1,5,0.08764699691184064,0.0835104019956947,GSE135893
control,Ciliated,CAV1,5,0.2231044658544678,0.09536489282628739,GSE135893
control,Ciliated,CCL2,5,0.059825649189313726,0.01069077236575022,GSE135893
control,Ciliated,CCR1,5,0.0,0.0,GSE135893
control,Ciliated,CCR10,5,0.04753066290464178,0.04094196748462162,GSE135893
control,Ciliated,CCR2,5,0.0,0.0,GSE135893
control,Ciliated,CCR3,5,0.0008885903225405,0.00097087378640776,GSE135893
control,Ciliated,CCR4,5,0.0,0.0,GSE135893
control,Ciliated,CCR5,5,0.0,0.0,GSE135893
control,Ciliated,CD36,5,0.01079169358329162,0.00781729929892268,GSE135893
control,Ciliated,CD4,5,0.9069094190779659,0.4580036385285314,GSE135893
control,Ciliated,CD44,5,0.038092608451667336,0.026769285236385644,GSE135893
control,Ciliated,CD82,5,0.37509876622509886,0.284461734785186,GSE135893
control,Ciliated,CD9,5,5.70664851874643,0.9081415922042654,GSE135893
control,Ciliated,CSF1,5,0.00668364813973962,0.0067229183364839,GSE135893
control,Ciliated,CSF1R,5,0.00813411958360016,0.00540859991509602,GSE135893
control,Ciliated,CXCL1,5,0.026480887973054902,0.0174775431834064,GSE135893
control,Ciliated,CXCL12,5,0.00196981911657656,0.00252430780588586,GSE135893
control,Ciliated,CXCL2,5,0.044746164737780356,0.01805419164952094,GSE135893
control,Ciliated,CXCR1,5,0.0,0.0,GSE135893
control,Ciliated,CXCR2,5,0.00334169483850316,0.00184403569704234,GSE135893
control,Ciliated,CXCR3,5,0.0,0.0,GSE135893
control,Ciliated,CXCR4,5,0.00790582873434338,0.00586465677730278,GSE135893
control,Ciliated,DPP4,5,0.0033760198552590603,0.00276459575950192,GSE135893
control,Ciliated,EGFR,5,0.27765172940340144,0.21524964922116901,GSE135893
control,Ciliated,ENG,5,0.012594080467389222,0.01115880804832972,GSE135893
control,Ciliated,EPHA7,5,0.00097019673145982,0.0008938647917145,GSE135893
control,Ciliated,EPHB2,5,0.0024727636457200003,0.004417375634021279,GSE135893
control,Ciliated,ERBB2,5,0.845784099009116,0.5001651040665002,GSE135893
control,Ciliated,ERBB3,5,0.7045235358142781,0.41455170433957383,GSE135893
control,Ciliated,ERBB4,5,0.7085850424323873,0.3774473298005624,GSE135893
control,Ciliated,FGF10,5,0.0,0.0,GSE135893
control,Ciliated,FGF7,5,0.00582685349382002,0.0058189732274552194,GSE135893
control,Ciliated,FGFR1,5,0.01584799301424944,0.01865480247266858,GSE135893
control,Ciliated,FGFR2,5,0.15849562659213157,0.12211327373460297,GSE135893
control,Ciliated,FGFR3,5,0.00357258397074812,0.00396431496664708,GSE135893
control,Ciliated,FGFR4,5,0.01208957983874756,0.009696198882095,GSE135893
control,Ciliated,FGFRL1,5,0.04739069885522102,0.04292200471218992,GSE135893
control,Ciliated,FLT1,5,0.00205798047233394,0.0006696495450777201,GSE135893
control,Ciliated,FZD1,5,0.0552709499359889,0.05709379170622638,GSE135893
control,Ciliated,FZD10,5,0.0,0.0,GSE135893
control,Ciliated,FZD2,5,0.00330610881945944,0.0016228166452381403,GSE135893
control,Ciliated,FZD3,5,0.3842824606794662,0.2816059432253177,GSE135893
control,Ciliated,FZD4,5,0.0666637747637288,0.05964117853286079,GSE135893
control,Ciliated,FZD5,5,0.00832607817312296,0.0096466245045503,GSE135893
control,Ciliated,FZD6,5,0.633420683116765,0.3952597428822858,GSE135893
control,Ciliated,FZD7,5,0.00626205873665404,0.00394361208556716,GSE135893
control,Ciliated,FZD8,5,0.03287775906199924,0.03704917336054472,GSE135893
control,Ciliated,FZD9,5,7.693622709972001e-05,0.00022421524663676003,GSE135893
control,Ciliated,GPC1,5,0.1400341517067289,0.11437804421659026,GSE135893
control,Ciliated,GRIN2B,5,0.0,0.0,GSE135893
control,Ciliated,GRM7,5,0.2901877109280543,0.1756010204518317,GSE135893
control,Ciliated,GSDMD,5,0.7135862148907162,0.4519607928562876,GSE135893
control,Ciliated,HBEGF,5,0.016306351268228818,0.013060044491850059,GSE135893
control,Ciliated,IL1A,5,0.0,0.0,GSE135893
control,Ciliated,IL1B,5,0.013849603800340778,0.0072172222396437394,GSE135893
control,Ciliated,IL1R1,5,0.11418505424178875,0.09688275301409238,GSE135893
control,Ciliated,IL1R2,5,0.00775062840832276,0.0071552761227781595,GSE135893
control,Ciliated,IL1RAP,5,0.013914420859990681,0.0157750731137204,GSE135893
control,Ciliated,IL1RN,5,0.00919366533673958,0.0048654537408819,GSE135893
control,Ciliated,IL6,5,0.0025971952003693197,0.00229546238514846,GSE135893
control,Ciliated,ITGA4,5,0.014347107922991282,0.008571231821214,GSE135893
control,Ciliated,ITGA5,5,0.00328487044467482,0.0022407902508031997,GSE135893
control,Ciliated,ITGA9,5,0.00640692608372718,0.00659314166946154,GSE135893
control,Ciliated,ITGAV,5,0.41905656179991535,0.2843968920203904,GSE135893
control,Ciliated,ITGB1,5,1.0918142092453555,0.5662387600343539,GSE135893
control,Ciliated,ITGB3,5,0.0053815953293254995,0.0036407538649690803,GSE135893
control,Ciliated,ITGB5,5,0.25302188852473045,0.20374491476109827,GSE135893
control,Ciliated,ITGB6,5,0.06691475659363047,0.0672038204383,GSE135893
control,Ciliated,ITGB8,5,0.8661172750751185,0.48189579967017143,GSE135893
control,Ciliated,KDR,5,0.0046843855655146205,0.0038149271513612595,GSE135893
control,Ciliated,KLRG2,5,0.0019206757995235998,0.00164052333148548,GSE135893
control,Ciliated,LDLR,5,0.22536361402968205,0.15306647411017993,GSE135893
control,Ciliated,LGR5,5,0.0,0.0,GSE135893
control,Ciliated,LPP,5,0.3360235342374132,0.23224087904690416,GSE135893
control,Ciliated,LRP1,5,0.2953975499341584,0.22734136599747243,GSE135893
control,Ciliated,LRP2,5,0.14495420840217052,0.10388770441995283,GSE135893
control,Ciliated,LRP5,5,0.2476000971749039,0.19492416325268697,GSE135893
control,Ciliated,LRP6,5,0.21173343064439937,0.1502177110261812,GSE135893
control,Ciliated,MCAM,5,0.00040950644645048,0.00068027210884352,GSE135893
control,Ciliated,MTNR1A,5,0.0012044150840287802,0.0018470318918749201,GSE135893
control,Ciliated,MUSK,5,0.0,0.0,GSE135893
control,Ciliated,NLRP3,5,0.0008393065468499,0.00119508903304452,GSE135893
control,Ciliated,NOTCH1,5,0.02096192253905504,0.021732264008621542,GSE135893
control,Ciliated,NRP1,5,0.005401533816468239,0.00469953159487448,GSE135893
control,Ciliated,NRP2,5,0.7178079164224617,0.45348147868639765,GSE135893
control,Ciliated,PRLR,5,0.001245307978438,0.00134529147982062,GSE135893
control,Ciliated,PTK7,5,0.20042557829589244,0.17747582049618668,GSE135893
control,Ciliated,PTPRK,5,0.7573818728497488,0.38749754050763446,GSE135893
control,Ciliated,PYCARD,5,0.5219723262851842,0.3480590613813245,GSE135893
control,Ciliated,RECK,5,0.049407317231920524,0.04023336612576498,GSE135893
control,Ciliated,RET,5,0.0037576105645915,0.00524539624126002,GSE135893
control,Ciliated,ROR1,5,0.00057727921379188,0.00022421524663676003,GSE135893
control,Ciliated,ROR2,5,0.00466747333112948,0.005416301569116019,GSE135893
control,Ciliated,RYK,5,0.2373858977325515,0.1955140457100713,GSE135893
control,Ciliated,SDC2,5,0.2049655877370345,0.12966496204035355,GSE135893
control,Ciliated,SDC4,5,2.2244003820513214,0.7546304742755632,GSE135893
control,Ciliated,SIGIRR,5,1.2615180198645306,0.6451554557490657,GSE135893
control,Ciliated,SIRPA,5,0.01051262628416882,0.0043860501891755796,GSE135893
control,Ciliated,SMO,5,0.00635899289277376,0.006559911762599719,GSE135893
control,Ciliated,SPP1,5,0.0645890153673372,0.03619616214202569,GSE135893
control,Ciliated,TGFB1,5,0.06630741492513335,0.06054000668897512,GSE135893
control,Ciliated,TGFBR1,5,0.06325050861431666,0.0640940428244636,GSE135893
control,Ciliated,TGFBR2,5,0.2601724787490717,0.20036142167689466,GSE135893
control,Ciliated,TGFBR3,5,0.21560813679785334,0.16041578341770685,GSE135893
control,Ciliated,TMED5,5,0.3988650753643391,0.29427965464366573,GSE135893
control,Ciliated,TNF,5,0.00040313217797064,0.00044843049327354,GSE135893
control,Ciliated,TYRO3,5,0.00074047308598936,0.0008908685968819399,GSE135893
control,Ciliated,VANGL2,5,0.01632185362819144,0.016799799065360582,GSE135893
control,Ciliated,VASN,5,0.0027253832132255996,0.00209957638852482,GSE135893
control,Ciliated,VEGFA,5,0.01413045937406282,0.011160367363846041,GSE135893
control,Ciliated,WNT1,5,0.00100431756119556,0.00097087378640776,GSE135893
control,Ciliated,WNT10A,5,0.0,0.0,GSE135893
control,Ciliated,WNT10B,5,0.0,0.0,GSE135893
control,Ciliated,WNT11,5,0.01686091887600638,0.007428171114095039,GSE135893
control,Ciliated,WNT16,5,0.029038023161717157,0.017053897539904238,GSE135893
control,Ciliated,WNT2,5,0.00021267064026330001,0.00044843049327354,GSE135893
control,Ciliated,WNT2B,5,0.012672302823394899,0.00807338223685682,GSE135893
control,Ciliated,WNT3,5,0.0015048677093152199,0.002019571198999,GSE135893
control,Ciliated,WNT3A,5,0.00134934551208806,0.00164052333148548,GSE135893
control,Ciliated,WNT4,5,0.0195799483681806,0.018682244329730223,GSE135893
control,Ciliated,WNT5A,5,0.00749416477508742,0.00624316239836464,GSE135893
control,Ciliated,WNT5B,5,0.08770358111961837,0.08198432983190386,GSE135893
control,Ciliated,WNT6,5,0.0,0.0,GSE135893
control,Ciliated,WNT7A,5,0.0,0.0,GSE135893
control,Ciliated,WNT7B,5,0.20042565294054387,0.16098561014482288,GSE135893
control,Ciliated,WNT8A,5,0.0,0.0,GSE135893
control,Ciliated,WNT8B,5,0.00282346931056976,0.00268159437514354,GSE135893
control,Ciliated,WNT9A,5,0.17057564631273,0.15636984207706112,GSE135893
control,Ciliated,WNT9B,5,0.0,0.0,GSE135893
control,Ciliated,XCR1,5,0.00037748854605378003,0.00068027210884352,GSE135893
control,Differentiating Ciliated,ACKR1,2,0.01023521199512255,0.0063291139240506,GSE135893
control,Differentiating Ciliated,ACKR2,2,0.027191155626016553,0.07755526166635175,GSE135893
control,Differentiating Ciliated,ACKR3,2,0.10973872450490729,0.20460986208199505,GSE135893
control,Differentiating Ciliated,ACKR4,2,0.07860345129160624,0.11033440392971844,GSE135893
control,Differentiating Ciliated,ACVR1,2,0.14837611304222725,0.28103155110523326,GSE135893
control,Differentiating Ciliated,ACVR1B,2,0.13425163144870744,0.2385225769884753,GSE135893
control,Differentiating Ciliated,ACVR1C,2,0.0,0.0,GSE135893
control,Differentiating Ciliated,ACVRL1,2,0.00163117288834065,0.0063291139240506,GSE135893
control,Differentiating Ciliated,ADGRA2,2,0.00273188365016805,0.00746268656716415,GSE135893
control,Differentiating Ciliated,ADRA2A,2,0.14836793579148305,0.2269979217834876,GSE135893
control,Differentiating Ciliated,ADRB2,2,0.15336553568238034,0.22520309843189112,GSE135893
control,Differentiating Ciliated,ANTXR1,2,0.08074519801435875,0.13272246363121099,GSE135893
control,Differentiating Ciliated,APCDD1,2,0.10919849741771209,0.2333270357075382,GSE135893
control,Differentiating Ciliated,AREG,2,0.17235938311058346,0.26771207254864915,GSE135893
control,Differentiating Ciliated,ATP6AP2,2,0.561259028325742,0.6746646514264123,GSE135893
control,Differentiating Ciliated,AVPR1A,2,0.12683036389744215,0.2034762894388815,GSE135893
control,Differentiating Ciliated,CASP1,2,0.0637350931312628,0.16729642924617416,GSE135893
control,Differentiating Ciliated,CAV1,2,0.2105184888951772,0.2050821840166257,GSE135893
control,Differentiating Ciliated,CCL2,2,0.4450576169006331,0.11194029850746265,GSE135893
control,Differentiating Ciliated,CCR1,2,0.0,0.0,GSE135893
control,Differentiating Ciliated,CCR10,2,0.0059440263635588495,0.01379180049121475,GSE135893
control,Differentiating Ciliated,CCR2,2,0.0,0.0,GSE135893
control,Differentiating Ciliated,CCR3,2,0.0,0.0,GSE135893
control,Differentiating Ciliated,CCR4,2,0.0,0.0,GSE135893
control,Differentiating Ciliated,CCR5,2,0.0,0.0,GSE135893
control,Differentiating Ciliated,CD36,2,0.0134487856285773,0.02125448705837895,GSE135893
control,Differentiating Ciliated,CD4,2,0.320300320015038,0.3809748724730776,GSE135893
control,Differentiating Ciliated,CD44,2,0.07332243715036316,0.17523143774796895,GSE135893
control,Differentiating Ciliated,CD82,2,0.7972087137131743,0.7201020215378802,GSE135893
control,Differentiating Ciliated,CD9,2,4.126795195930314,0.890799168713395,GSE135893
control,Differentiating Ciliated,CSF1,2,0.07261442871804685,0.11826941243151325,GSE135893
control,Differentiating Ciliated,CSF1R,2,0.0,0.0,GSE135893
control,Differentiating Ciliated,CXCL1,2,4.493447144376267,0.5998488569809182,GSE135893
control,Differentiating Ciliated,CXCL12,2,0.00363846733202105,0.0063291139240506,GSE135893
control,Differentiating Ciliated,CXCL2,2,4.379887456584059,0.5169091252597771,GSE135893
control,Differentiating Ciliated,CXCR1,2,0.0,0.0,GSE135893
control,Differentiating Ciliated,CXCR2,2,0.0,0.0,GSE135893
control,Differentiating Ciliated,CXCR3,2,0.0,0.0,GSE135893
control,Differentiating Ciliated,CXCR4,2,0.01402591932454245,0.028717173625543102,GSE135893
control,Differentiating Ciliated,DPP4,2,0.01242044017488455,0.04543737011146795,GSE135893
control,Differentiating Ciliated,EGFR,2,0.3180639982359318,0.46098620819950875,GSE135893
control,Differentiating Ciliated,ENG,2,0.00682347466341505,0.0063291139240506,GSE135893
control,Differentiating Ciliated,EPHA7,2,0.010762774790435,0.028717173625543102,GSE135893
control,Differentiating Ciliated,EPHB2,2,0.01005271451326015,0.03164556962025315,GSE135893
control,Differentiating Ciliated,ERBB2,2,0.551330630637332,0.6545437370111469,GSE135893
control,Differentiating Ciliated,ERBB3,2,0.6596217411663764,0.7011146797657284,GSE135893
control,Differentiating Ciliated,ERBB4,2,0.23058289136180227,0.33912714906480257,GSE135893
control,Differentiating Ciliated,FGF10,2,0.00234852925703805,0.00746268656716415,GSE135893
control,Differentiating Ciliated,FGF7,2,0.00159226997510645,0.0063291139240506,GSE135893
control,Differentiating Ciliated,FGFR1,2,0.0452347963538551,0.07075382580767045,GSE135893
control,Differentiating Ciliated,FGFR2,2,0.3494228922351683,0.4965048176837332,GSE135893
control,Differentiating Ciliated,FGFR3,2,0.09092899298893231,0.1815605516720196,GSE135893
control,Differentiating Ciliated,FGFR4,2,0.0,0.0,GSE135893
control,Differentiating Ciliated,FGFRL1,2,0.04651020797524795,0.114396372567542,GSE135893
control,Differentiating Ciliated,FLT1,2,0.0,0.0,GSE135893
control,Differentiating Ciliated,FZD1,2,0.0642696585821724,0.1442471188361987,GSE135893
control,Differentiating Ciliated,FZD10,2,0.0,0.0,GSE135893
control,Differentiating Ciliated,FZD2,2,0.0,0.0,GSE135893
control,Differentiating Ciliated,FZD3,2,0.22463991167017625,0.4173436614396373,GSE135893
control,Differentiating Ciliated,FZD4,2,0.025967663858514452,0.0644247118836198,GSE135893
control,Differentiating Ciliated,FZD5,2,0.0274264341180794,0.06262988853202335,GSE135893
control,Differentiating Ciliated,FZD6,2,0.29541508445293274,0.4535235216323446,GSE135893
control,Differentiating Ciliated,FZD7,2,0.00171912047046135,0.0063291139240506,GSE135893
control,Differentiating Ciliated,FZD8,2,0.04346594242553195,0.10806725864349136,GSE135893
control,Differentiating Ciliated,FZD9,2,0.0,0.0,GSE135893
control,Differentiating Ciliated,GPC1,2,0.0555073108372904,0.12705460041564326,GSE135893
control,Differentiating Ciliated,GRIN2B,2,0.0,0.0,GSE135893
control,Differentiating Ciliated,GRM7,2,0.0586841685686256,0.1603060646136406,GSE135893
control,Differentiating Ciliated,GSDMD,2,0.534903329683622,0.6511430190818062,GSE135893
control,Differentiating Ciliated,HBEGF,2,0.0333822351463427,0.0671641791044776,GSE135893
control,Differentiating Ciliated,IL1A,2,0.0,0.0,GSE135893
control,Differentiating Ciliated,IL1B,2,0.0,0.0,GSE135893
control,Differentiating Ciliated,IL1R1,2,0.18847230546900512,0.26950689590024557,GSE135893
control,Differentiating Ciliated,IL1R2,2,0.03084263813671085,0.035046287549593755,GSE135893
control,Differentiating Ciliated,IL1RAP,2,0.0742038043950996,0.135650859625921,GSE135893
control,Differentiating Ciliated,IL1RN,2,0.00459157482751745,0.00746268656716415,GSE135893
control,Differentiating Ciliated,IL6,2,0.2916649218326894,0.1234649537124504,GSE135893
control,Differentiating Ciliated,ITGA4,2,0.0,0.0,GSE135893
control,Differentiating Ciliated,ITGA5,2,0.0,0.0,GSE135893
control,Differentiating Ciliated,ITGA9,2,0.018006092118174902,0.0275836009824296,GSE135893
control,Differentiating Ciliated,ITGAV,2,0.18117231237369394,0.33912714906480257,GSE135893
control,Differentiating Ciliated,ITGB1,2,0.7708536608822845,0.7092386170413754,GSE135893
control,Differentiating Ciliated,ITGB3,2,0.00231335718558815,0.0063291139240506,GSE135893
control,Differentiating Ciliated,ITGB5,2,0.21205545932601327,0.33572643113546197,GSE135893
control,Differentiating Ciliated,ITGB6,2,0.06472977922022835,0.14878140940865292,GSE135893
control,Differentiating Ciliated,ITGB8,2,0.3154325974970321,0.4729831853391271,GSE135893
control,Differentiating Ciliated,KDR,2,0.0894250466287151,0.13092764027961454,GSE135893
control,Differentiating Ciliated,KLRG2,2,0.00603813827494335,0.01265822784810125,GSE135893
control,Differentiating Ciliated,LDLR,2,0.40338087758182084,0.49584356697525034,GSE135893
control,Differentiating Ciliated,LGR5,2,0.0,0.0,GSE135893
control,Differentiating Ciliated,LPP,2,0.3831501917452923,0.5138862648781408,GSE135893
control,Differentiating Ciliated,LRP1,2,0.14826826982468055,0.26723975061401845,GSE135893
control,Differentiating Ciliated,LRP2,2,0.059126264119014296,0.08275080294728884,GSE135893
control,Differentiating Ciliated,LRP5,2,0.23434280570789662,0.37870772718685053,GSE135893
control,Differentiating Ciliated,LRP6,2,0.1590306587479054,0.23285471377290756,GSE135893
control,Differentiating Ciliated,MCAM,2,0.0034117373317075,0.0063291139240506,GSE135893
control,Differentiating Ciliated,MTNR1A,2,0.00339807541484205,0.01265822784810125,GSE135893
control,Differentiating Ciliated,MUSK,2,0.0,0.0,GSE135893
control,Differentiating Ciliated,NLRP3,2,0.0,0.0,GSE135893
control,Differentiating Ciliated,NOTCH1,2,0.0545463974571999,0.11212922728131489,GSE135893
control,Differentiating Ciliated,NRP1,2,0.05091718738046895,0.0924806348006801,GSE135893
control,Differentiating Ciliated,NRP2,2,0.3669994219178614,0.5062346495371245,GSE135893
control,Differentiating Ciliated,PRLR,2,0.0,0.0,GSE135893
control,Differentiating Ciliated,PTK7,2,0.16084972670144523,0.27016814660872845,GSE135893
control,Differentiating Ciliated,PTPRK,2,0.34883247938613804,0.5367466465142641,GSE135893
control,Differentiating Ciliated,PYCARD,2,0.4407030426428723,0.5356130738711506,GSE135893
control,Differentiating Ciliated,RECK,2,0.0432167202177417,0.09200831286604945,GSE135893
control,Differentiating Ciliated,RET,2,0.0,0.0,GSE135893
control,Differentiating Ciliated,ROR1,2,0.0021359050769609,0.0063291139240506,GSE135893
control,Differentiating Ciliated,ROR2,2,0.00109605160561695,0.00746268656716415,GSE135893
control,Differentiating Ciliated,RYK,2,0.22198566975307849,0.38390326846778766,GSE135893
control,Differentiating Ciliated,SDC2,2,0.09429489829441126,0.16370678254298127,GSE135893
control,Differentiating Ciliated,SDC4,2,1.961157884091066,0.7682788588702059,GSE135893
control,Differentiating Ciliated,SIGIRR,2,0.6515263004847556,0.7033818250519555,GSE135893
control,Differentiating Ciliated,SIRPA,2,0.0100367396045467,0.020120914415265402,GSE135893
control,Differentiating Ciliated,SMO,2,0.00691665635050655,0.01379180049121475,GSE135893
control,Differentiating Ciliated,SPP1,2,0.0020305797183261,0.0063291139240506,GSE135893
control,Differentiating Ciliated,TGFB1,2,0.0458687050748081,0.08275080294728884,GSE135893
control,Differentiating Ciliated,TGFBR1,2,0.050264243387968255,0.10513886264878139,GSE135893
control,Differentiating Ciliated,TGFBR2,2,0.15520208926804704,0.27243529189495563,GSE135893
control,Differentiating Ciliated,TGFBR3,2,0.07846176277317174,0.11666351785376905,GSE135893
control,Differentiating Ciliated,TMED5,2,0.31310364720503375,0.45059512563763454,GSE135893
control,Differentiating Ciliated,TNF,2,0.0064289377589305,0.01492537313432835,GSE135893
control,Differentiating Ciliated,TYRO3,2,0.014588550925799599,0.047704515397695005,GSE135893
control,Differentiating Ciliated,VANGL2,2,0.02950689206355665,0.08567919894199881,GSE135893
control,Differentiating Ciliated,VASN,2,0.01819813928987055,0.036179860192707296,GSE135893
control,Differentiating Ciliated,VEGFA,2,0.528096527191927,0.3911770262610995,GSE135893
control,Differentiating Ciliated,WNT1,2,0.0,0.0,GSE135893
control,Differentiating Ciliated,WNT10A,2,0.0,0.0,GSE135893
control,Differentiating Ciliated,WNT10B,2,0.0,0.0,GSE135893
control,Differentiating Ciliated,WNT11,2,0.0167677065971473,0.020120914415265402,GSE135893
control,Differentiating Ciliated,WNT16,2,0.00572580461043065,0.01379180049121475,GSE135893
control,Differentiating Ciliated,WNT2,2,0.0,0.0,GSE135893
control,Differentiating Ciliated,WNT2B,2,0.020751143487772697,0.039108256187417305,GSE135893
control,Differentiating Ciliated,WNT3,2,0.00651208251648715,0.0223880597014925,GSE135893
control,Differentiating Ciliated,WNT3A,2,0.00306023397324865,0.00746268656716415,GSE135893
control,Differentiating Ciliated,WNT4,2,0.061154457958664,0.111467976572832,GSE135893
control,Differentiating Ciliated,WNT5A,2,0.14886674250331233,0.2080105800113357,GSE135893
control,Differentiating Ciliated,WNT5B,2,0.0983001555863216,0.20980540336293213,GSE135893
control,Differentiating Ciliated,WNT6,2,0.0,0.0,GSE135893
control,Differentiating Ciliated,WNT7A,2,0.0,0.0,GSE135893
control,Differentiating Ciliated,WNT7B,2,0.14292280124178952,0.22747024371811825,GSE135893
control,Differentiating Ciliated,WNT8A,2,0.0,0.0,GSE135893
control,Differentiating Ciliated,WNT8B,2,0.001410422514631,0.00746268656716415,GSE135893
control,Differentiating Ciliated,WNT9A,2,0.06011258207321505,0.10806725864349136,GSE135893
control,Differentiating Ciliated,WNT9B,2,0.0,0.0,GSE135893
control,Differentiating Ciliated,XCR1,2,0.0,0.0,GSE135893
control,Endothelial Cells,ACKR1,8,8.668037129585048,0.27500955382696446,GSE135893
control,Endothelial Cells,ACKR2,8,0.028946389937151724,0.016162430183997562,GSE135893
control,Endothelial Cells,ACKR3,8,0.2027687684625053,0.06316343221752925,GSE135893
control,Endothelial Cells,ACKR4,8,0.14575472049944518,0.050790304251304826,GSE135893
control,Endothelial Cells,ACVR1,8,0.14175451164427752,0.05579215251843676,GSE135893
control,Endothelial Cells,ACVR1B,8,0.20142693174811951,0.062362971969253625,GSE135893
control,Endothelial Cells,ACVR1C,8,0.00211114003540745,0.00058523518530065,GSE135893
control,Endothelial Cells,ACVRL1,8,4.515130550662849,0.7097048504502984,GSE135893
control,Endothelial Cells,ADGRA2,8,0.1349031165447433,0.051186968396054286,GSE135893
control,Endothelial Cells,ADRA2A,8,0.001288052574394575,0.00058523518530065,GSE135893
control,Endothelial Cells,ADRB2,8,0.9603366273783078,0.22259646903009422,GSE135893
control,Endothelial Cells,ANTXR1,8,0.03943220926871956,0.010703159495615275,GSE135893
control,Endothelial Cells,APCDD1,8,0.025013027946646088,0.009825884431896262,GSE135893
control,Endothelial Cells,AREG,8,0.15689723937541175,0.030147342856189713,GSE135893
control,Endothelial Cells,ATP6AP2,8,1.671335801020437,0.45363000727992886,GSE135893
control,Endothelial Cells,AVPR1A,8,0.006403052572684287,0.001697692810755725,GSE135893
control,Endothelial Cells,CASP1,8,0.4492309405831619,0.15606283362680962,GSE135893
control,Endothelial Cells,CAV1,8,16.484047524102383,0.9428170460324139,GSE135893
control,Endothelial Cells,CCL2,8,3.45117439714717,0.12192841780037154,GSE135893
control,Endothelial Cells,CCR1,8,0.0035365191884601374,0.000938841974551,GSE135893
control,Endothelial Cells,CCR10,8,0.013248138499524012,0.003962995430483225,GSE135893
control,Endothelial Cells,CCR2,8,0.0,0.0,GSE135893
control,Endothelial Cells,CCR3,8,0.0,0.0,GSE135893
control,Endothelial Cells,CCR4,8,0.0,0.0,GSE135893
control,Endothelial Cells,CCR5,8,0.0017633549450115375,0.00035919540229885,GSE135893
control,Endothelial Cells,CD36,8,2.986165912325842,0.2973186243214086,GSE135893
control,Endothelial Cells,CD4,8,0.028623475451378624,0.009231861892845363,GSE135893
control,Endothelial Cells,CD44,8,0.29110195146253454,0.08051349501333217,GSE135893
control,Endothelial Cells,CD82,8,2.383486866729897,0.4611618388791572,GSE135893
control,Endothelial Cells,CD9,8,4.432280882843141,0.5856001833001324,GSE135893
control,Endothelial Cells,CSF1,8,0.8705829967478816,0.16847428710146278,GSE135893
control,Endothelial Cells,CSF1R,8,0.01691128664343825,0.006875002485303237,GSE135893
control,Endothelial Cells,CXCL1,8,0.22048862905485977,0.03930269327287361,GSE135893
control,Endothelial Cells,CXCL12,8,1.9469385627846254,0.23342811103112623,GSE135893
control,Endothelial Cells,CXCL2,8,8.20169114156178,0.3150471431141781,GSE135893
control,Endothelial Cells,CXCR1,8,0.0025994274218053876,0.0006288829606287875,GSE135893
control,Endothelial Cells,CXCR2,8,0.004913140524569037,0.0017469291991323499,GSE135893
control,Endothelial Cells,CXCR3,8,0.0,0.0,GSE135893
control,Endothelial Cells,CXCR4,8,0.11386847090134299,0.02575417329773106,GSE135893
control,Endothelial Cells,DPP4,8,0.027324251437403413,0.009371765345509325,GSE135893
control,Endothelial Cells,EGFR,8,0.5467836827883865,0.15607550421277033,GSE135893
control,Endothelial Cells,ENG,8,12.579397492366166,0.8735146938335685,GSE135893
control,Endothelial Cells,EPHA7,8,0.04028973647953142,0.014904427337946813,GSE135893
control,Endothelial Cells,EPHB2,8,0.0,0.0,GSE135893
control,Endothelial Cells,ERBB2,8,0.19417686334398424,0.06541656372601837,GSE135893
control,Endothelial Cells,ERBB3,8,0.015853931634143812,0.006878136995736287,GSE135893
control,Endothelial Cells,ERBB4,8,0.004451470767675125,0.0027863866234660874,GSE135893
control,Endothelial Cells,FGF10,8,0.0,0.0,GSE135893
control,Endothelial Cells,FGF7,8,0.0030737626858632627,0.00099182004869205,GSE135893
control,Endothelial Cells,FGFR1,8,0.4045462073932826,0.12568749518470915,GSE135893
control,Endothelial Cells,FGFR2,8,0.002842964912817775,0.0010222181269508375,GSE135893
control,Endothelial Cells,FGFR3,8,0.15722911016799576,0.06267269889021128,GSE135893
control,Endothelial Cells,FGFR4,8,0.004151995005489162,0.001562970929527325,GSE135893
control,Endothelial Cells,FGFRL1,8,0.008165714831470662,0.003419878628058937,GSE135893
control,Endothelial Cells,FLT1,8,2.447905072226279,0.45395094085719906,GSE135893
control,Endothelial Cells,FZD1,8,0.04659040205710691,0.017910513426700563,GSE135893
control,Endothelial Cells,FZD10,8,0.038924233768783276,0.009184686953818674,GSE135893
control,Endothelial Cells,FZD2,8,0.007506503325739725,0.0025802410847965123,GSE135893
control,Endothelial Cells,FZD3,8,0.0186850559369295,0.00500738500531555,GSE135893
control,Endothelial Cells,FZD4,8,2.286623596551243,0.45498551723207975,GSE135893
control,Endothelial Cells,FZD5,8,0.021098468885085337,0.008960850597118711,GSE135893
control,Endothelial Cells,FZD6,8,0.5471784732463161,0.17313883556129375,GSE135893
control,Endothelial Cells,FZD7,8,0.0,0.0,GSE135893
control,Endothelial Cells,FZD8,8,0.09639664121227962,0.02837993265395215,GSE135893
control,Endothelial Cells,FZD9,8,0.0022755856450375625,0.0022951468894009124,GSE135893
control,Endothelial Cells,GPC1,8,0.0,0.0,GSE135893
control,Endothelial Cells,GRIN2B,8,0.00464304639830165,0.0024660849908429002,GSE135893
control,Endothelial Cells,GRM7,8,0.0,0.0,GSE135893
control,Endothelial Cells,GSDMD,8,1.4330909917373167,0.3780858613185694,GSE135893
control,Endothelial Cells,HBEGF,8,0.4494167282567522,0.14242074652253203,GSE135893
control,Endothelial Cells,IL1A,8,0.010591694416906038,0.001344086021505375,GSE135893
control,Endothelial Cells,IL1B,8,0.03207470722410929,0.010645374575682737,GSE135893
control,Endothelial Cells,IL1R1,8,1.5630050095984802,0.3177093201088763,GSE135893
control,Endothelial Cells,IL1R2,8,0.03230171091875094,0.011514076851661099,GSE135893
control,Endothelial Cells,IL1RAP,8,0.1383364281440774,0.046551948402172263,GSE135893
control,Endothelial Cells,IL1RN,8,0.007578852671718712,0.00215225490212035,GSE135893
control,Endothelial Cells,IL6,8,1.2517145358993054,0.1548250871889691,GSE135893
control,Endothelial Cells,ITGA4,8,0.25748440111288184,0.05062658529848856,GSE135893
control,Endothelial Cells,ITGA5,8,2.241466434666668,0.4710958925295713,GSE135893
control,Endothelial Cells,ITGA9,8,0.09301422757637334,0.037253809650683346,GSE135893
control,Endothelial Cells,ITGAV,8,1.2259613496694475,0.3243400724248571,GSE135893
control,Endothelial Cells,ITGB1,8,5.72051880964974,0.7760009559225582,GSE135893
control,Endothelial Cells,ITGB3,8,0.010247977754172763,0.005006205896363951,GSE135893
control,Endothelial Cells,ITGB5,8,0.23076420947412288,0.07749166603193773,GSE135893
control,Endothelial Cells,ITGB6,8,0.0008989098640664875,0.00035360678925035,GSE135893
control,Endothelial Cells,ITGB8,8,0.006288548278670113,0.0016413015473992374,GSE135893
control,Endothelial Cells,KDR,8,1.4274136426523327,0.287434688482972,GSE135893
control,Endothelial Cells,KLRG2,8,0.0,0.0,GSE135893
control,Endothelial Cells,LDLR,8,0.761672210512994,0.2016702469516806,GSE135893
control,Endothelial Cells,LGR5,8,0.028078279461850212,0.00664607851980875,GSE135893
control,Endothelial Cells,LPP,8,1.0691251432602633,0.28515182526478555,GSE135893
control,Endothelial Cells,LRP1,8,0.058266406380594785,0.022771006308637636,GSE135893
control,Endothelial Cells,LRP2,8,0.0005100034109028,0.00035919540229885,GSE135893
control,Endothelial Cells,LRP5,8,0.2853639082612652,0.11458463618321346,GSE135893
control,Endothelial Cells,LRP6,8,0.3486218232299002,0.09872732857753336,GSE135893
control,Endothelial Cells,MCAM,8,1.298305782842788,0.27909736604993196,GSE135893
control,Endothelial Cells,MTNR1A,8,0.0,0.0,GSE135893
control,Endothelial Cells,MUSK,8,0.0,0.0,GSE135893
control,Endothelial Cells,NLRP3,8,0.005035526330475513,0.0027723023190007125,GSE135893
control,Endothelial Cells,NOTCH1,8,0.9894520242093993,0.29053438657045455,GSE135893
control,Endothelial Cells,NRP1,8,1.8163619605352919,0.3898034738466065,GSE135893
control,Endothelial Cells,NRP2,8,0.35619078421585904,0.08227036699397526,GSE135893
control,Endothelial Cells,PRLR,8,0.014679694180916275,0.0037562304481631374,GSE135893
control,Endothelial Cells,PTK7,8,0.05176186139326284,0.01950326594596425,GSE135893
control,Endothelial Cells,PTPRK,8,0.8641678332137621,0.2197849270474872,GSE135893
control,Endothelial Cells,PYCARD,8,0.4085554848712897,0.14476303005358185,GSE135893
control,Endothelial Cells,RECK,8,0.3143505049371195,0.10349389160110517,GSE135893
control,Endothelial Cells,RET,8,0.0,0.0,GSE135893
control,Endothelial Cells,ROR1,8,0.0198523695899483,0.009292433946953936,GSE135893
control,Endothelial Cells,ROR2,8,0.0,0.0,GSE135893
control,Endothelial Cells,RYK,8,0.22446765434421023,0.08730963182864894,GSE135893
control,Endothelial Cells,SDC2,8,0.05196590248135913,0.012773224772680287,GSE135893
control,Endothelial Cells,SDC4,8,0.14136681956861671,0.04829467016499524,GSE135893
control,Endothelial Cells,SIGIRR,8,1.4813377254829154,0.407130159284836,GSE135893
control,Endothelial Cells,SIRPA,8,0.29159043137650503,0.07817452910236619,GSE135893
control,Endothelial Cells,SMO,8,0.0008284045986837999,0.000535998796924025,GSE135893
control,Endothelial Cells,SPP1,8,0.0288585709756993,0.005259586807735787,GSE135893
control,Endothelial Cells,TGFB1,8,0.9004135859457842,0.2878673493731273,GSE135893
control,Endothelial Cells,TGFBR1,8,0.16608384666634854,0.04547073048923622,GSE135893
control,Endothelial Cells,TGFBR2,8,3.9858554812878593,0.6435733534983281,GSE135893
control,Endothelial Cells,TGFBR3,8,2.2633888097336667,0.39512908339335845,GSE135893
control,Endothelial Cells,TMED5,8,0.5536016259951785,0.18719460977415456,GSE135893
control,Endothelial Cells,TNF,8,0.003169144263812275,0.000938841974551,GSE135893
control,Endothelial Cells,TYRO3,8,0.06193205351278111,0.016578780345479525,GSE135893
control,Endothelial Cells,VANGL2,8,0.1372271986405198,0.043611748618175385,GSE135893
control,Endothelial Cells,VASN,8,0.22313841646507485,0.05294681985096785,GSE135893
control,Endothelial Cells,VEGFA,8,0.5009911263542806,0.12658218964444423,GSE135893
control,Endothelial Cells,WNT1,8,0.0,0.0,GSE135893
control,Endothelial Cells,WNT10A,8,0.0,0.0,GSE135893
control,Endothelial Cells,WNT10B,8,0.0,0.0,GSE135893
control,Endothelial Cells,WNT11,8,0.00442058388888935,0.0019046042611521,GSE135893
control,Endothelial Cells,WNT16,8,0.0,0.0,GSE135893
control,Endothelial Cells,WNT2,8,0.014315696301817837,0.0051292803855139376,GSE135893
control,Endothelial Cells,WNT2B,8,0.3607721193196612,0.08967254979128089,GSE135893
control,Endothelial Cells,WNT3,8,0.0113921041045957,0.004297458015579487,GSE135893
control,Endothelial Cells,WNT3A,8,0.0002977662292123375,0.00035919540229885,GSE135893
control,Endothelial Cells,WNT4,8,0.0,0.0,GSE135893
control,Endothelial Cells,WNT5A,8,0.0001181758191475,0.00035919540229885,GSE135893
control,Endothelial Cells,WNT5B,8,0.012674701629777525,0.004532266633230825,GSE135893
control,Endothelial Cells,WNT6,8,0.0,0.0,GSE135893
control,Endothelial Cells,WNT7A,8,0.0,0.0,GSE135893
control,Endothelial Cells,WNT7B,8,0.0021399593233350127,0.0007572845742733625,GSE135893
control,Endothelial Cells,WNT8A,8,0.0,0.0,GSE135893
control,Endothelial Cells,WNT8B,8,0.0,0.0,GSE135893
control,Endothelial Cells,WNT9A,8,0.0018289618549578,0.0008056863552539624,GSE135893
control,Endothelial Cells,WNT9B,8,0.024921921225659612,0.009607064682641525,GSE135893
control,Endothelial Cells,XCR1,8,0.0,0.0,GSE135893
control,Fibroblasts,ACKR1,1,0.0,0.0,GSE135893
control,Fibroblasts,ACKR2,1,0.0314639361307078,0.0526315789473684,GSE135893
control,Fibroblasts,ACKR3,1,1.3830412852869307,0.4561403508771929,GSE135893
control,Fibroblasts,ACKR4,1,1.3786971126546868,0.4385964912280701,GSE135893
control,Fibroblasts,ACVR1,1,0.3539963846036082,0.2631578947368421,GSE135893
control,Fibroblasts,ACVR1B,1,0.0535514179972,0.0701754385964912,GSE135893
control,Fibroblasts,ACVR1C,1,0.0,0.0,GSE135893
control,Fibroblasts,ACVRL1,1,0.372599752421261,0.2280701754385964,GSE135893
control,Fibroblasts,ADGRA2,1,0.2768482967427109,0.175438596491228,GSE135893
control,Fibroblasts,ADRA2A,1,0.0988402498795465,0.0526315789473684,GSE135893
control,Fibroblasts,ADRB2,1,0.0,0.0,GSE135893
control,Fibroblasts,ANTXR1,1,0.6461819585433805,0.3684210526315789,GSE135893
control,Fibroblasts,APCDD1,1,0.2266510253128227,0.1403508771929824,GSE135893
control,Fibroblasts,AREG,1,0.0108805877258265,0.0175438596491228,GSE135893
control,Fibroblasts,ATP6AP2,1,1.9206462767777035,0.7543859649122807,GSE135893
control,Fibroblasts,AVPR1A,1,0.0,0.0,GSE135893
control,Fibroblasts,CASP1,1,0.1093670020437585,0.087719298245614,GSE135893
control,Fibroblasts,CAV1,1,2.083632843654512,0.5614035087719298,GSE135893
control,Fibroblasts,CCL2,1,4.031984625837304,0.1929824561403508,GSE135893
control,Fibroblasts,CCR1,1,0.0250376190225814,0.0175438596491228,GSE135893
control,Fibroblasts,CCR10,1,0.1436191861395011,0.1228070175438596,GSE135893
control,Fibroblasts,CCR2,1,0.0,0.0,GSE135893
control,Fibroblasts,CCR3,1,0.0,0.0,GSE135893
control,Fibroblasts,CCR4,1,0.0,0.0,GSE135893
control,Fibroblasts,CCR5,1,0.0,0.0,GSE135893
control,Fibroblasts,CD36,1,0.0,0.0,GSE135893
control,Fibroblasts,CD4,1,0.1696412139667737,0.1228070175438596,GSE135893
control,Fibroblasts,CD44,1,1.0710560433160026,0.5087719298245614,GSE135893
control,Fibroblasts,CD82,1,0.2410023709900525,0.087719298245614,GSE135893
control,Fibroblasts,CD9,1,5.03322140174164,0.8771929824561403,GSE135893
control,Fibroblasts,CSF1,1,0.9302808857403868,0.4736842105263157,GSE135893
control,Fibroblasts,CSF1R,1,0.0,0.0,GSE135893
control,Fibroblasts,CXCL1,1,0.0185229317427102,0.0350877192982456,GSE135893
control,Fibroblasts,CXCL12,1,1.7583835514244135,0.543859649122807,GSE135893
control,Fibroblasts,CXCL2,1,0.2878969835480873,0.1403508771929824,GSE135893
control,Fibroblasts,CXCR1,1,0.0,0.0,GSE135893
control,Fibroblasts,CXCR2,1,0.0,0.0,GSE135893
control,Fibroblasts,CXCR3,1,0.0,0.0,GSE135893
control,Fibroblasts,CXCR4,1,0.0,0.0,GSE135893
control,Fibroblasts,DPP4,1,0.0,0.0,GSE135893
control,Fibroblasts,EGFR,1,0.4382153622752752,0.2456140350877192,GSE135893
control,Fibroblasts,ENG,1,1.2005120990008542,0.5263157894736842,GSE135893
control,Fibroblasts,EPHA7,1,0.033020627986303,0.0175438596491228,GSE135893
control,Fibroblasts,EPHB2,1,0.0884707715369497,0.0701754385964912,GSE135893
control,Fibroblasts,ERBB2,1,0.1457640143638328,0.1403508771929824,GSE135893
control,Fibroblasts,ERBB3,1,0.0136220666582209,0.0175438596491228,GSE135893
control,Fibroblasts,ERBB4,1,0.0334870388416163,0.0175438596491228,GSE135893
control,Fibroblasts,FGF10,1,0.0372797697601419,0.0175438596491228,GSE135893
control,Fibroblasts,FGF7,1,1.885198585827852,0.5789473684210527,GSE135893
control,Fibroblasts,FGFR1,1,1.050510823276985,0.5263157894736842,GSE135893
control,Fibroblasts,FGFR2,1,0.0,0.0,GSE135893
control,Fibroblasts,FGFR3,1,0.0,0.0,GSE135893
control,Fibroblasts,FGFR4,1,0.0,0.0,GSE135893
control,Fibroblasts,FGFRL1,1,0.1003851976282461,0.0350877192982456,GSE135893
control,Fibroblasts,FLT1,1,0.0139713782345487,0.0175438596491228,GSE135893
control,Fibroblasts,FZD1,1,0.3551890199730098,0.2456140350877192,GSE135893
control,Fibroblasts,FZD10,1,0.0,0.0,GSE135893
control,Fibroblasts,FZD2,1,0.0189152125597011,0.0175438596491228,GSE135893
control,Fibroblasts,FZD3,1,0.0729171223986816,0.0175438596491228,GSE135893
control,Fibroblasts,FZD4,1,0.5827868066064599,0.3333333333333333,GSE135893
control,Fibroblasts,FZD5,1,0.0,0.0,GSE135893
control,Fibroblasts,FZD6,1,0.0378304251194022,0.0175438596491228,GSE135893
control,Fibroblasts,FZD7,1,0.241356146328657,0.1578947368421052,GSE135893
control,Fibroblasts,FZD8,1,0.0547703818588707,0.0350877192982456,GSE135893
control,Fibroblasts,FZD9,1,0.0,0.0,GSE135893
control,Fibroblasts,GPC1,1,0.0913677863358077,0.0526315789473684,GSE135893
control,Fibroblasts,GRIN2B,1,0.0,0.0,GSE135893
control,Fibroblasts,GRM7,1,0.0,0.0,GSE135893
control,Fibroblasts,GSDMD,1,0.4565656567375365,0.3333333333333333,GSE135893
control,Fibroblasts,HBEGF,1,0.0,0.0,GSE135893
control,Fibroblasts,IL1A,1,0.0,0.0,GSE135893
control,Fibroblasts,IL1B,1,0.0,0.0,GSE135893
control,Fibroblasts,IL1R1,1,0.4319402800049086,0.2456140350877192,GSE135893
control,Fibroblasts,IL1R2,1,0.0,0.0,GSE135893
control,Fibroblasts,IL1RAP,1,0.0861374988172573,0.0701754385964912,GSE135893
control,Fibroblasts,IL1RN,1,0.0,0.0,GSE135893
control,Fibroblasts,IL6,1,0.0,0.0,GSE135893
control,Fibroblasts,ITGA4,1,0.0334870388416163,0.0175438596491228,GSE135893
control,Fibroblasts,ITGA5,1,0.2037313116057151,0.175438596491228,GSE135893
control,Fibroblasts,ITGA9,1,0.1199273321188937,0.0701754385964912,GSE135893
control,Fibroblasts,ITGAV,1,0.4361688507441756,0.2631578947368421,GSE135893
control,Fibroblasts,ITGB1,1,2.2906044368864102,0.7368421052631579,GSE135893
control,Fibroblasts,ITGB3,1,0.0,0.0,GSE135893
control,Fibroblasts,ITGB5,1,0.3802728984397881,0.3157894736842105,GSE135893
control,Fibroblasts,ITGB6,1,0.0179092074817505,0.0175438596491228,GSE135893
control,Fibroblasts,ITGB8,1,0.2113889031961768,0.1052631578947368,GSE135893
control,Fibroblasts,KDR,1,0.0510488363427645,0.0350877192982456,GSE135893
control,Fibroblasts,KLRG2,1,0.0,0.0,GSE135893
control,Fibroblasts,LDLR,1,0.0832833271478815,0.0350877192982456,GSE135893
control,Fibroblasts,LGR5,1,0.0372797697601419,0.0175438596491228,GSE135893
control,Fibroblasts,LPP,1,0.396784544120231,0.2456140350877192,GSE135893
control,Fibroblasts,LRP1,1,3.7592471596555272,0.8421052631578947,GSE135893
control,Fibroblasts,LRP2,1,0.0,0.0,GSE135893
control,Fibroblasts,LRP5,1,0.0976638323962259,0.0701754385964912,GSE135893
control,Fibroblasts,LRP6,1,0.2164875824964416,0.1578947368421052,GSE135893
control,Fibroblasts,MCAM,1,0.0,0.0,GSE135893
control,Fibroblasts,MTNR1A,1,0.0,0.0,GSE135893
control,Fibroblasts,MUSK,1,0.0,0.0,GSE135893
control,Fibroblasts,NLRP3,1,0.0,0.0,GSE135893
control,Fibroblasts,NOTCH1,1,0.0295899133903235,0.0175438596491228,GSE135893
control,Fibroblasts,NRP1,1,0.7965027283934167,0.3508771929824561,GSE135893
control,Fibroblasts,NRP2,1,0.0,0.0,GSE135893
control,Fibroblasts,PRLR,1,0.0,0.0,GSE135893
control,Fibroblasts,PTK7,1,0.0507913072968365,0.0526315789473684,GSE135893
control,Fibroblasts,PTPRK,1,0.2228674404077713,0.1403508771929824,GSE135893
control,Fibroblasts,PYCARD,1,0.2728374557746299,0.1929824561403508,GSE135893
control,Fibroblasts,RECK,1,1.0539474376925555,0.4210526315789473,GSE135893
control,Fibroblasts,RET,1,0.0,0.0,GSE135893
control,Fibroblasts,ROR1,1,0.1142623533648573,0.0701754385964912,GSE135893
control,Fibroblasts,ROR2,1,0.1289654447606838,0.087719298245614,GSE135893
control,Fibroblasts,RYK,1,0.1450806269575476,0.1228070175438596,GSE135893
control,Fibroblasts,SDC2,1,1.049194131095569,0.5263157894736842,GSE135893
control,Fibroblasts,SDC4,1,0.1039511017665984,0.087719298245614,GSE135893
control,Fibroblasts,SIGIRR,1,0.5442482658908013,0.3508771929824561,GSE135893
control,Fibroblasts,SIRPA,1,0.0458411120316852,0.0526315789473684,GSE135893
control,Fibroblasts,SMO,1,0.0,0.0,GSE135893
control,Fibroblasts,SPP1,1,0.0,0.0,GSE135893
control,Fibroblasts,TGFB1,1,0.2287618562756334,0.1929824561403508,GSE135893
control,Fibroblasts,TGFBR1,1,0.0598698002299405,0.0701754385964912,GSE135893
control,Fibroblasts,TGFBR2,1,1.232977890139344,0.543859649122807,GSE135893
control,Fibroblasts,TGFBR3,1,0.8445268522117083,0.3859649122807017,GSE135893
control,Fibroblasts,TMED5,1,0.390037689978309,0.2631578947368421,GSE135893
control,Fibroblasts,TNF,1,0.0,0.0,GSE135893
control,Fibroblasts,TYRO3,1,0.0142621410040832,0.0175438596491228,GSE135893
control,Fibroblasts,VANGL2,1,0.0,0.0,GSE135893
control,Fibroblasts,VASN,1,2.527905920697418,0.7017543859649122,GSE135893
control,Fibroblasts,VEGFA,1,0.9281008022753474,0.3508771929824561,GSE135893
control,Fibroblasts,WNT1,1,0.0,0.0,GSE135893
control,Fibroblasts,WNT10A,1,0.0,0.0,GSE135893
control,Fibroblasts,WNT10B,1,0.204906337120256,0.1578947368421052,GSE135893
control,Fibroblasts,WNT11,1,0.0454082793534734,0.0350877192982456,GSE135893
control,Fibroblasts,WNT16,1,0.0,0.0,GSE135893
control,Fibroblasts,WNT2,1,0.1594749693401525,0.0701754385964912,GSE135893
control,Fibroblasts,WNT2B,1,0.1884196480010509,0.1228070175438596,GSE135893
control,Fibroblasts,WNT3,1,0.0,0.0,GSE135893
control,Fibroblasts,WNT3A,1,0.0,0.0,GSE135893
control,Fibroblasts,WNT4,1,0.0,0.0,GSE135893
control,Fibroblasts,WNT5A,1,0.0599200312064796,0.0526315789473684,GSE135893
control,Fibroblasts,WNT5B,1,0.1253950879636766,0.1403508771929824,GSE135893
control,Fibroblasts,WNT6,1,0.0,0.0,GSE135893
control,Fibroblasts,WNT7A,1,0.0,0.0,GSE135893
control,Fibroblasts,WNT7B,1,0.0,0.0,GSE135893
control,Fibroblasts,WNT8A,1,0.0,0.0,GSE135893
control,Fibroblasts,WNT8B,1,0.0,0.0,GSE135893
control,Fibroblasts,WNT9A,1,0.0088825171632437,0.0175438596491228,GSE135893
control,Fibroblasts,WNT9B,1,0.0,0.0,GSE135893
control,Fibroblasts,XCR1,1,0.0,0.0,GSE135893
control,Lymphatic Endothelial Cells,ACKR1,2,0.0,0.0,GSE135893
control,Lymphatic Endothelial Cells,ACKR2,2,0.8217758746089261,0.31027128899469325,GSE135893
control,Lymphatic Endothelial Cells,ACKR3,2,0.5880581171881564,0.1734116946882904,GSE135893
control,Lymphatic Endothelial Cells,ACKR4,2,0.022210598675582,0.00349650349650345,GSE135893
control,Lymphatic Endothelial Cells,ACVR1,2,0.1368408905895843,0.05644001388682235,GSE135893
control,Lymphatic Endothelial Cells,ACVR1B,2,0.05015508637064185,0.0247730992411843,GSE135893
control,Lymphatic Endothelial Cells,ACVR1C,2,0.0,0.0,GSE135893
control,Lymphatic Endothelial Cells,ACVRL1,2,0.9810918401670367,0.3628676288250756,GSE135893
control,Lymphatic Endothelial Cells,ADGRA2,2,0.37287599812136096,0.16582353816396367,GSE135893
control,Lymphatic Endothelial Cells,ADRA2A,2,0.0,0.0,GSE135893
control,Lymphatic Endothelial Cells,ADRB2,2,0.6024396716757735,0.23295144571740314,GSE135893
control,Lymphatic Endothelial Cells,ANTXR1,2,0.0,0.0,GSE135893
control,Lymphatic Endothelial Cells,APCDD1,2,0.01148677442346175,0.00704260278728355,GSE135893
control,Lymphatic Endothelial Cells,AREG,2,0.0172615743860465,0.0106382978723404,GSE135893
control,Lymphatic Endothelial Cells,ATP6AP2,2,1.965858272280982,0.5808411446709318,GSE135893
control,Lymphatic Endothelial Cells,AVPR1A,2,0.0,0.0,GSE135893
control,Lymphatic Endothelial Cells,CASP1,2,0.3753477831953451,0.1724197788027575,GSE135893
control,Lymphatic Endothelial Cells,CAV1,2,5.380860595743214,0.7671477458711502,GSE135893
control,Lymphatic Endothelial Cells,CCL2,2,3.026453459552952,0.14424936765362295,GSE135893
control,Lymphatic Endothelial Cells,CCR1,2,0.0,0.0,GSE135893
control,Lymphatic Endothelial Cells,CCR10,2,0.0531864738853335,0.0210782125675742,GSE135893
control,Lymphatic Endothelial Cells,CCR2,2,0.00790246398912195,0.00709219858156025,GSE135893
control,Lymphatic Endothelial Cells,CCR3,2,0.0,0.0,GSE135893
control,Lymphatic Endothelial Cells,CCR4,2,0.0,0.0,GSE135893
control,Lymphatic Endothelial Cells,CCR5,2,0.0,0.0,GSE135893
control,Lymphatic Endothelial Cells,CD36,2,7.546656389584453,0.8127510787085255,GSE135893
control,Lymphatic Endothelial Cells,CD4,2,0.0191953357165514,0.00704260278728355,GSE135893
control,Lymphatic Endothelial Cells,CD44,2,0.1144901530207991,0.04944700689381535,GSE135893
control,Lymphatic Endothelial Cells,CD82,2,0.8423763078866691,0.28160491990279224,GSE135893
control,Lymphatic Endothelial Cells,CD9,2,11.296883209330648,0.9292763973615037,GSE135893
control,Lymphatic Endothelial Cells,CSF1,2,0.32997752796237967,0.1270148291424887,GSE135893
control,Lymphatic Endothelial Cells,CSF1R,2,0.01062660860287725,0.0035460992907801,GSE135893
control,Lymphatic Endothelial Cells,CXCL1,2,0.032393072207773196,0.01413480136884385,GSE135893
control,Lymphatic Endothelial Cells,CXCL12,2,0.0,0.0,GSE135893
control,Lymphatic Endothelial Cells,CXCL2,2,1.571015591431726,0.18695134652581455,GSE135893
control,Lymphatic Endothelial Cells,CXCR1,2,0.0,0.0,GSE135893
control,Lymphatic Endothelial Cells,CXCR2,2,0.0,0.0,GSE135893
control,Lymphatic Endothelial Cells,CXCR3,2,0.0,0.0,GSE135893
control,Lymphatic Endothelial Cells,CXCR4,2,0.0389020758663608,0.0177304964539007,GSE135893
control,Lymphatic Endothelial Cells,DPP4,2,0.44692582593294894,0.1519863115607796,GSE135893
control,Lymphatic Endothelial Cells,EGFR,2,0.0,0.0,GSE135893
control,Lymphatic Endothelial Cells,ENG,2,2.3920296066556874,0.5953727123939889,GSE135893
control,Lymphatic Endothelial Cells,EPHA7,2,0.0,0.0,GSE135893
control,Lymphatic Endothelial Cells,EPHB2,2,0.0,0.0,GSE135893
control,Lymphatic Endothelial Cells,ERBB2,2,0.0,0.0,GSE135893
control,Lymphatic Endothelial Cells,ERBB3,2,0.0167048423634088,0.00699300699300695,GSE135893
control,Lymphatic Endothelial Cells,ERBB4,2,0.01262881606158575,0.00709219858156025,GSE135893
control,Lymphatic Endothelial Cells,FGF10,2,0.0,0.0,GSE135893
control,Lymphatic Endothelial Cells,FGF7,2,0.0,0.0,GSE135893
control,Lymphatic Endothelial Cells,FGFR1,2,0.5891801363759538,0.2254624807816297,GSE135893
control,Lymphatic Endothelial Cells,FGFR2,2,0.0,0.0,GSE135893
control,Lymphatic Endothelial Cells,FGFR3,2,0.00468688777528435,0.0035460992907801,GSE135893
control,Lymphatic Endothelial Cells,FGFR4,2,0.00846230633809495,0.00704260278728355,GSE135893
control,Lymphatic Endothelial Cells,FGFRL1,2,0.01964568883453545,0.01418439716312055,GSE135893
control,Lymphatic Endothelial Cells,FLT1,2,0.0,0.0,GSE135893
control,Lymphatic Endothelial Cells,FZD1,2,0.02770361966785695,0.00709219858156025,GSE135893
control,Lymphatic Endothelial Cells,FZD10,2,0.0287844718840779,0.02112780836185085,GSE135893
control,Lymphatic Endothelial Cells,FZD2,2,0.0,0.0,GSE135893
control,Lymphatic Endothelial Cells,FZD3,2,0.01585310293211205,0.00699300699300695,GSE135893
control,Lymphatic Endothelial Cells,FZD4,2,0.5193196726959644,0.21142687100133906,GSE135893
control,Lymphatic Endothelial Cells,FZD5,2,0.00828555330924995,0.00349650349650345,GSE135893
control,Lymphatic Endothelial Cells,FZD6,2,0.6472289204732593,0.25782373654714075,GSE135893
control,Lymphatic Endothelial Cells,FZD7,2,0.0,0.0,GSE135893
control,Lymphatic Endothelial Cells,FZD8,2,0.01695754536695255,0.010539106283787049,GSE135893
control,Lymphatic Endothelial Cells,FZD9,2,0.0131225273467779,0.01413480136884385,GSE135893
control,Lymphatic Endothelial Cells,GPC1,2,0.0318756719267797,0.01403560978029055,GSE135893
control,Lymphatic Endothelial Cells,GRIN2B,2,0.034687807850470445,0.010539106283787049,GSE135893
control,Lymphatic Endothelial Cells,GRM7,2,0.0,0.0,GSE135893
control,Lymphatic Endothelial Cells,GSDMD,2,0.5689150415839346,0.2429945940584238,GSE135893
control,Lymphatic Endothelial Cells,HBEGF,2,0.04432310952813625,0.0175817090710707,GSE135893
control,Lymphatic Endothelial Cells,IL1A,2,0.0,0.0,GSE135893
control,Lymphatic Endothelial Cells,IL1B,2,0.0347453273133889,0.01418439716312055,GSE135893
control,Lymphatic Endothelial Cells,IL1R1,2,0.11605652488462505,0.0459009076030352,GSE135893
control,Lymphatic Endothelial Cells,IL1R2,2,0.0,0.0,GSE135893
control,Lymphatic Endothelial Cells,IL1RAP,2,0.0427612520369218,0.0175817090710707,GSE135893
control,Lymphatic Endothelial Cells,IL1RN,2,0.0,0.0,GSE135893
control,Lymphatic Endothelial Cells,IL6,2,0.00783442414632195,0.00349650349650345,GSE135893
control,Lymphatic Endothelial Cells,ITGA4,2,0.01620123745483615,0.00709219858156025,GSE135893
control,Lymphatic Endothelial Cells,ITGA5,2,0.7283467497334238,0.28884590586718245,GSE135893
control,Lymphatic Endothelial Cells,ITGA9,2,0.8064196430671147,0.27810841640628875,GSE135893
control,Lymphatic Endothelial Cells,ITGAV,2,0.5499419262592091,0.22256112681644594,GSE135893
control,Lymphatic Endothelial Cells,ITGB1,2,5.434888511982127,0.8485096463819868,GSE135893
control,Lymphatic Endothelial Cells,ITGB3,2,0.00292317145394455,0.0035460992907801,GSE135893
control,Lymphatic Endothelial Cells,ITGB5,2,0.04680811427329395,0.0210782125675742,GSE135893
control,Lymphatic Endothelial Cells,ITGB6,2,0.0,0.0,GSE135893
control,Lymphatic Endothelial Cells,ITGB8,2,0.18480908767711915,0.09170262361751719,GSE135893
control,Lymphatic Endothelial Cells,KDR,2,2.4670489174498282,0.6131528046421664,GSE135893
control,Lymphatic Endothelial Cells,KLRG2,2,0.0,0.0,GSE135893
control,Lymphatic Endothelial Cells,LDLR,2,0.05979503004167375,0.0247730992411843,GSE135893
control,Lymphatic Endothelial Cells,LGR5,2,0.02343443887642175,0.0035460992907801,GSE135893
control,Lymphatic Endothelial Cells,LPP,2,0.9191325337659634,0.32485245251202693,GSE135893
control,Lymphatic Endothelial Cells,LRP1,2,0.0056250056250056,0.00349650349650345,GSE135893
control,Lymphatic Endothelial Cells,LRP2,2,0.0,0.0,GSE135893
control,Lymphatic Endothelial Cells,LRP5,2,0.6624703544185527,0.24329216882408372,GSE135893
control,Lymphatic Endothelial Cells,LRP6,2,0.3477369739536289,0.15163914100084305,GSE135893
control,Lymphatic Endothelial Cells,MCAM,2,0.0373011846856256,0.0035460992907801,GSE135893
control,Lymphatic Endothelial Cells,MTNR1A,2,0.0,0.0,GSE135893
control,Lymphatic Endothelial Cells,MUSK,2,0.0,0.0,GSE135893
control,Lymphatic Endothelial Cells,NLRP3,2,0.0165296723516875,0.0106382978723404,GSE135893
control,Lymphatic Endothelial Cells,NOTCH1,2,0.6294782323871437,0.2504835589941973,GSE135893
control,Lymphatic Endothelial Cells,NRP1,2,0.023243017503569652,0.0105887020780637,GSE135893
control,Lymphatic Endothelial Cells,NRP2,2,9.29699601615424,0.9224817735456032,GSE135893
control,Lymphatic Endothelial Cells,PRLR,2,0.0,0.0,GSE135893
control,Lymphatic Endothelial Cells,PTK7,2,0.1751619427763903,0.07426970192927634,GSE135893
control,Lymphatic Endothelial Cells,PTPRK,2,0.8050989381992284,0.3033278777959629,GSE135893
control,Lymphatic Endothelial Cells,PYCARD,2,0.4649996529088791,0.20807915488766549,GSE135893
control,Lymphatic Endothelial Cells,RECK,2,1.1990150215816968,0.4050240539602241,GSE135893
control,Lymphatic Endothelial Cells,RET,2,0.03746389303029035,0.01413480136884385,GSE135893
control,Lymphatic Endothelial Cells,ROR1,2,0.0,0.0,GSE135893
control,Lymphatic Endothelial Cells,ROR2,2,0.0,0.0,GSE135893
control,Lymphatic Endothelial Cells,RYK,2,0.16868112958439874,0.07766701383722655,GSE135893
control,Lymphatic Endothelial Cells,SDC2,2,0.0215196700601231,0.0105887020780637,GSE135893
control,Lymphatic Endothelial Cells,SDC4,2,0.2380073748384084,0.1129296235679214,GSE135893
control,Lymphatic Endothelial Cells,SIGIRR,2,1.5439534498433791,0.4966274859891881,GSE135893
control,Lymphatic Endothelial Cells,SIRPA,2,1.264795622177585,0.43423597678916825,GSE135893
control,Lymphatic Endothelial Cells,SMO,2,0.0166206848411983,0.00709219858156025,GSE135893
control,Lymphatic Endothelial Cells,SPP1,2,0.0,0.0,GSE135893
control,Lymphatic Endothelial Cells,TGFB1,2,0.680733499010024,0.27166096315032484,GSE135893
control,Lymphatic Endothelial Cells,TGFBR1,2,0.0563774082300487,0.0282696027376878,GSE135893
control,Lymphatic Endothelial Cells,TGFBR2,2,9.549208264567788,0.8809204979417745,GSE135893
control,Lymphatic Endothelial Cells,TGFBR3,2,1.3555467811719777,0.40616475722858697,GSE135893
control,Lymphatic Endothelial Cells,TMED5,2,0.6154162009947226,0.24344095620691364,GSE135893
control,Lymphatic Endothelial Cells,TNF,2,0.0195259919841788,0.00709219858156025,GSE135893
control,Lymphatic Endothelial Cells,TYRO3,2,0.0,0.0,GSE135893
control,Lymphatic Endothelial Cells,VANGL2,2,0.00292317145394455,0.0035460992907801,GSE135893
control,Lymphatic Endothelial Cells,VASN,2,0.0069679224721074,0.00349650349650345,GSE135893
control,Lymphatic Endothelial Cells,VEGFA,2,0.07386008787271331,0.0175817090710707,GSE135893
control,Lymphatic Endothelial Cells,WNT1,2,0.0,0.0,GSE135893
control,Lymphatic Endothelial Cells,WNT10A,2,0.0,0.0,GSE135893
control,Lymphatic Endothelial Cells,WNT10B,2,0.0,0.0,GSE135893
control,Lymphatic Endothelial Cells,WNT11,2,0.0,0.0,GSE135893
control,Lymphatic Endothelial Cells,WNT16,2,0.0,0.0,GSE135893
control,Lymphatic Endothelial Cells,WNT2,2,0.05892105106946515,0.02102861677329755,GSE135893
control,Lymphatic Endothelial Cells,WNT2B,2,0.01755272839610185,0.00349650349650345,GSE135893
control,Lymphatic Endothelial Cells,WNT3,2,0.0,0.0,GSE135893
control,Lymphatic Endothelial Cells,WNT3A,2,0.0,0.0,GSE135893
control,Lymphatic Endothelial Cells,WNT4,2,0.0,0.0,GSE135893
control,Lymphatic Endothelial Cells,WNT5A,2,0.072556417157254,0.0352626097306948,GSE135893
control,Lymphatic Endothelial Cells,WNT5B,2,0.0,0.0,GSE135893
control,Lymphatic Endothelial Cells,WNT6,2,0.0,0.0,GSE135893
control,Lymphatic Endothelial Cells,WNT7A,2,0.0,0.0,GSE135893
control,Lymphatic Endothelial Cells,WNT7B,2,0.0,0.0,GSE135893
control,Lymphatic Endothelial Cells,WNT8A,2,0.0,0.0,GSE135893
control,Lymphatic Endothelial Cells,WNT8B,2,0.0,0.0,GSE135893
control,Lymphatic Endothelial Cells,WNT9A,2,0.01340345337860475,0.00704260278728355,GSE135893
control,Lymphatic Endothelial Cells,WNT9B,2,0.0,0.0,GSE135893
control,Lymphatic Endothelial Cells,XCR1,2,0.0,0.0,GSE135893
control,MUC5B+,ACKR1,2,0.0,0.0,GSE135893
control,MUC5B+,ACKR2,2,0.03736440102301985,0.06810344827586205,GSE135893
control,MUC5B+,ACKR3,2,0.21386715357558206,0.25201149425287356,GSE135893
control,MUC5B+,ACKR4,2,0.00442018646114565,0.0043103448275862,GSE135893
control,MUC5B+,ACVR1,2,0.11825994067659354,0.17413793103448275,GSE135893
control,MUC5B+,ACVR1B,2,0.08106777889617915,0.1318965517241379,GSE135893
control,MUC5B+,ACVR1C,2,0.00390863217268385,0.0086206896551724,GSE135893
control,MUC5B+,ACVRL1,2,0.0,0.0,GSE135893
control,MUC5B+,ADGRA2,2,0.0,0.0,GSE135893
control,MUC5B+,ADRA2A,2,0.3884209655394112,0.3278735632183908,GSE135893
control,MUC5B+,ADRB2,2,0.1126203933371864,0.14482758620689656,GSE135893
control,MUC5B+,ANTXR1,2,0.0816463344590153,0.1316091954022988,GSE135893
control,MUC5B+,APCDD1,2,0.01366428004931825,0.029310344827586203,GSE135893
control,MUC5B+,AREG,2,0.08013772924729624,0.07241379310344825,GSE135893
control,MUC5B+,ATP6AP2,2,0.6395561297301146,0.610919540229885,GSE135893
control,MUC5B+,AVPR1A,2,0.0,0.0,GSE135893
control,MUC5B+,CASP1,2,0.10259559108042385,0.1646551724137931,GSE135893
control,MUC5B+,CAV1,2,0.0897021891278969,0.10545977011494251,GSE135893
control,MUC5B+,CCL2,2,0.01143381794339465,0.0172413793103448,GSE135893
control,MUC5B+,CCR1,2,0.0,0.0,GSE135893
control,MUC5B+,CCR10,2,0.001600276527784,0.0043103448275862,GSE135893
control,MUC5B+,CCR2,2,0.00158918439242935,0.0043103448275862,GSE135893
control,MUC5B+,CCR3,2,0.0,0.0,GSE135893
control,MUC5B+,CCR4,2,0.0,0.0,GSE135893
control,MUC5B+,CCR5,2,0.0055429914416212,0.0083333333333333,GSE135893
control,MUC5B+,CD36,2,0.0,0.0,GSE135893
control,MUC5B+,CD4,2,0.00776800438610225,0.0086206896551724,GSE135893
control,MUC5B+,CD44,2,0.0880003926235329,0.1186781609195402,GSE135893
control,MUC5B+,CD82,2,1.834372758026101,0.860632183908046,GSE135893
control,MUC5B+,CD9,2,5.886066684893473,0.9364942528735631,GSE135893
control,MUC5B+,CSF1,2,0.0249091115719623,0.05517241379310345,GSE135893
control,MUC5B+,CSF1R,2,0.0,0.0,GSE135893
control,MUC5B+,CXCL1,2,5.047566164138319,0.7379310344827585,GSE135893
control,MUC5B+,CXCL12,2,0.0,0.0,GSE135893
control,MUC5B+,CXCL2,2,2.269415337336735,0.5270114942528735,GSE135893
control,MUC5B+,CXCR1,2,0.0,0.0,GSE135893
control,MUC5B+,CXCR2,2,0.0,0.0,GSE135893
control,MUC5B+,CXCR3,2,0.0,0.0,GSE135893
control,MUC5B+,CXCR4,2,0.024698012193976153,0.029310344827586203,GSE135893
control,MUC5B+,DPP4,2,0.1190836288216164,0.09712643678160915,GSE135893
control,MUC5B+,EGFR,2,0.35420184012714007,0.4068965517241379,GSE135893
control,MUC5B+,ENG,2,0.01234901234061455,0.0086206896551724,GSE135893
control,MUC5B+,EPHA7,2,0.00448173976376825,0.0086206896551724,GSE135893
control,MUC5B+,EPHB2,2,0.014391240929400199,0.03390804597701145,GSE135893
control,MUC5B+,ERBB2,2,0.535176334622436,0.5382183908045977,GSE135893
control,MUC5B+,ERBB3,2,0.7015612537729778,0.57816091954023,GSE135893
control,MUC5B+,ERBB4,2,0.0205714292928679,0.03821839080459765,GSE135893
control,MUC5B+,FGF10,2,0.0,0.0,GSE135893
control,MUC5B+,FGF7,2,0.0,0.0,GSE135893
control,MUC5B+,FGFR1,2,0.02562806077890875,0.03821839080459765,GSE135893
control,MUC5B+,FGFR2,2,0.47585922410355175,0.44655172413793104,GSE135893
control,MUC5B+,FGFR3,2,0.1720188292402284,0.23390804597701145,GSE135893
control,MUC5B+,FGFR4,2,0.0,0.0,GSE135893
control,MUC5B+,FGFRL1,2,0.0791428903718389,0.1227011494252873,GSE135893
control,MUC5B+,FLT1,2,0.0022375128880742,0.0043103448275862,GSE135893
control,MUC5B+,FZD1,2,0.0325937806689707,0.0511494252873563,GSE135893
control,MUC5B+,FZD10,2,0.0,0.0,GSE135893
control,MUC5B+,FZD2,2,0.00468146586653005,0.0086206896551724,GSE135893
control,MUC5B+,FZD3,2,0.09753538504421319,0.12701149425287356,GSE135893
control,MUC5B+,FZD4,2,0.053456365409957796,0.07241379310344825,GSE135893
control,MUC5B+,FZD5,2,0.04737185109450885,0.05948275862068965,GSE135893
control,MUC5B+,FZD6,2,0.1265367365882332,0.18275862068965515,GSE135893
control,MUC5B+,FZD7,2,0.00542555124378285,0.0129310344827586,GSE135893
control,MUC5B+,FZD8,2,0.03394335379818635,0.0341954022988505,GSE135893
control,MUC5B+,FZD9,2,0.0,0.0,GSE135893
control,MUC5B+,GPC1,2,0.1382616797558595,0.15603448275862064,GSE135893
control,MUC5B+,GRIN2B,2,0.0,0.0,GSE135893
control,MUC5B+,GRM7,2,0.0,0.0,GSE135893
control,MUC5B+,GSDMD,2,0.3187297376005853,0.4235632183908046,GSE135893
control,MUC5B+,HBEGF,2,0.0163155828840683,0.0298850574712643,GSE135893
control,MUC5B+,IL1A,2,0.0,0.0,GSE135893
control,MUC5B+,IL1B,2,0.0,0.0,GSE135893
control,MUC5B+,IL1R1,2,0.5166247240398715,0.4445402298850575,GSE135893
control,MUC5B+,IL1R2,2,0.025007612217335252,0.0169540229885057,GSE135893
control,MUC5B+,IL1RAP,2,0.08998709344525446,0.10143678160919535,GSE135893
control,MUC5B+,IL1RN,2,0.0016309765504715,0.0043103448275862,GSE135893
control,MUC5B+,IL6,2,0.2719588148309494,0.15402298850574708,GSE135893
control,MUC5B+,ITGA4,2,0.0,0.0,GSE135893
control,MUC5B+,ITGA5,2,0.01862327677058705,0.0086206896551724,GSE135893
control,MUC5B+,ITGA9,2,0.0,0.0,GSE135893
control,MUC5B+,ITGAV,2,0.1299541982333836,0.15718390804597698,GSE135893
control,MUC5B+,ITGB1,2,0.5774298512408758,0.5479885057471264,GSE135893
control,MUC5B+,ITGB3,2,0.01195804575894635,0.021551724137931,GSE135893
control,MUC5B+,ITGB5,2,0.0597749305569958,0.08103448275862066,GSE135893
control,MUC5B+,ITGB6,2,0.0360073812920334,0.0761494252873563,GSE135893
control,MUC5B+,ITGB8,2,0.09696416961879495,0.14597701149425285,GSE135893
control,MUC5B+,KDR,2,0.1427632427412493,0.1494252873563218,GSE135893
control,MUC5B+,KLRG2,2,0.0,0.0,GSE135893
control,MUC5B+,LDLR,2,0.44541313111465985,0.4031609195402298,GSE135893
control,MUC5B+,LGR5,2,0.0,0.0,GSE135893
control,MUC5B+,LPP,2,0.8382956681458184,0.6442528735632184,GSE135893
control,MUC5B+,LRP1,2,0.031703584816772754,0.0548850574712643,GSE135893
control,MUC5B+,LRP2,2,0.01282809295679105,0.0086206896551724,GSE135893
control,MUC5B+,LRP5,2,0.19795479996584509,0.2626436781609195,GSE135893
control,MUC5B+,LRP6,2,0.12599658063213956,0.18706896551724134,GSE135893
control,MUC5B+,MCAM,2,0.0,0.0,GSE135893
control,MUC5B+,MTNR1A,2,0.0020228017855707,0.0086206896551724,GSE135893
control,MUC5B+,MUSK,2,0.0,0.0,GSE135893
control,MUC5B+,NLRP3,2,0.00092833340388665,0.0043103448275862,GSE135893
control,MUC5B+,NOTCH1,2,0.0387224622695631,0.059195402298850494,GSE135893
control,MUC5B+,NRP1,2,0.04537441858668715,0.06350574712643675,GSE135893
control,MUC5B+,NRP2,2,0.1656740634090438,0.21724137931034482,GSE135893
control,MUC5B+,PRLR,2,0.0,0.0,GSE135893
control,MUC5B+,PTK7,2,0.12395952749566255,0.1701149425287356,GSE135893
control,MUC5B+,PTPRK,2,0.27030342194140417,0.3261494252873563,GSE135893
control,MUC5B+,PYCARD,2,0.1911756257373307,0.271551724137931,GSE135893
control,MUC5B+,RECK,2,0.01828270322078775,0.03879310344827585,GSE135893
control,MUC5B+,RET,2,0.0,0.0,GSE135893
control,MUC5B+,ROR1,2,0.00213225071856845,0.0043103448275862,GSE135893
control,MUC5B+,ROR2,2,0.0047964521951041,0.0086206896551724,GSE135893
control,MUC5B+,RYK,2,0.08639541645874241,0.13103448275862065,GSE135893
control,MUC5B+,SDC2,2,0.062455108598084855,0.09827586206896549,GSE135893
control,MUC5B+,SDC4,2,1.2245412768074266,0.7017241379310345,GSE135893
control,MUC5B+,SIGIRR,2,0.23217251441555065,0.3227011494252874,GSE135893
control,MUC5B+,SIRPA,2,0.00092833340388665,0.0043103448275862,GSE135893
control,MUC5B+,SMO,2,0.0039725970039708,0.0129310344827586,GSE135893
control,MUC5B+,SPP1,2,0.05677594807839635,0.0172413793103448,GSE135893
control,MUC5B+,TGFB1,2,0.0751078125537544,0.0505747126436781,GSE135893
control,MUC5B+,TGFBR1,2,0.058564303531840396,0.10632183908045975,GSE135893
control,MUC5B+,TGFBR2,2,0.29524291659658586,0.318103448275862,GSE135893
control,MUC5B+,TGFBR3,2,0.013033374804410901,0.0169540229885057,GSE135893
control,MUC5B+,TMED5,2,0.23068470852390882,0.3132183908045977,GSE135893
control,MUC5B+,TNF,2,0.0,0.0,GSE135893
control,MUC5B+,TYRO3,2,0.0239708393895647,0.042528735632183845,GSE135893
control,MUC5B+,VANGL2,2,0.040941940711675104,0.047126436781609146,GSE135893
control,MUC5B+,VASN,2,0.0389288831888735,0.0804597701149425,GSE135893
control,MUC5B+,VEGFA,2,0.3190951733782465,0.2813218390804597,GSE135893
control,MUC5B+,WNT1,2,0.0,0.0,GSE135893
control,MUC5B+,WNT10A,2,0.0,0.0,GSE135893
control,MUC5B+,WNT10B,2,0.0,0.0,GSE135893
control,MUC5B+,WNT11,2,0.0,0.0,GSE135893
control,MUC5B+,WNT16,2,0.0,0.0,GSE135893
control,MUC5B+,WNT2,2,0.0,0.0,GSE135893
control,MUC5B+,WNT2B,2,0.0137104747517318,0.0126436781609195,GSE135893
control,MUC5B+,WNT3,2,0.00425923401935395,0.0043103448275862,GSE135893
control,MUC5B+,WNT3A,2,0.0593273101622185,0.0419540229885057,GSE135893
control,MUC5B+,WNT4,2,0.05352830838721835,0.10172413793103445,GSE135893
control,MUC5B+,WNT5A,2,0.30318270330547664,0.30143678160919535,GSE135893
control,MUC5B+,WNT5B,2,0.0665403530257292,0.10603448275862065,GSE135893
control,MUC5B+,WNT6,2,0.0,0.0,GSE135893
control,MUC5B+,WNT7A,2,0.0,0.0,GSE135893
control,MUC5B+,WNT7B,2,0.19170441107274683,0.2494252873563218,GSE135893
control,MUC5B+,WNT8A,2,0.0,0.0,GSE135893
control,MUC5B+,WNT8B,2,0.0,0.0,GSE135893
control,MUC5B+,WNT9A,2,0.00371063021343545,0.0083333333333333,GSE135893
control,MUC5B+,WNT9B,2,0.0,0.0,GSE135893
control,MUC5B+,XCR1,2,0.0,0.0,GSE135893
control,Macrophages,ACKR1,9,0.010197471690257455,0.004801865854112911,GSE135893
control,Macrophages,ACKR2,9,0.0010650425762791,0.0009248458919835778,GSE135893
control,Macrophages,ACKR3,9,0.26307842236195483,0.14889093852956473,GSE135893
control,Macrophages,ACKR4,9,0.002061934450125211,0.0013672777196100444,GSE135893
control,Macrophages,ACVR1,9,0.06818521660896634,0.06389332428532274,GSE135893
control,Macrophages,ACVR1B,9,0.12177782412178256,0.10928123270233275,GSE135893
control,Macrophages,ACVR1C,9,0.00014553730757007778,0.00021880368425835557,GSE135893
control,Macrophages,ACVRL1,9,0.24198499680226707,0.204678225744248,GSE135893
control,Macrophages,ADGRA2,9,0.017065485193641643,0.014767965570680157,GSE135893
control,Macrophages,ADRA2A,9,0.0,0.0,GSE135893
control,Macrophages,ADRB2,9,0.21126993712320413,0.15559162334019475,GSE135893
control,Macrophages,ANTXR1,9,0.005113007885229489,0.0034553850131693997,GSE135893
control,Macrophages,APCDD1,9,0.001837708531373689,0.0008339574327947777,GSE135893
control,Macrophages,AREG,9,7.604680416161399,0.44855792043922044,GSE135893
control,Macrophages,ATP6AP2,9,2.3619365211192265,0.7682260803430092,GSE135893
control,Macrophages,AVPR1A,9,0.0,0.0,GSE135893
control,Macrophages,CASP1,9,0.8117217948582547,0.4775179127685415,GSE135893
control,Macrophages,CAV1,9,0.05544092590791086,0.029374298529692963,GSE135893
control,Macrophages,CCL2,9,0.7444536728683717,0.05860198473049046,GSE135893
control,Macrophages,CCR1,9,0.3711329710555945,0.25570171956141335,GSE135893
control,Macrophages,CCR10,9,0.015685975752790078,0.017174587317575634,GSE135893
control,Macrophages,CCR2,9,0.07770109030433209,0.0385706863277842,GSE135893
control,Macrophages,CCR3,9,0.0002723324782326,0.00043411668909754445,GSE135893
control,Macrophages,CCR4,9,4.6430340689866666e-05,5.3599185292377775e-05,GSE135893
control,Macrophages,CCR5,9,0.0689033909285965,0.054632263533228996,GSE135893
control,Macrophages,CD36,9,0.8100132663294713,0.24208263231854327,GSE135893
control,Macrophages,CD4,9,0.6344943976118076,0.37518071269051806,GSE135893
control,Macrophages,CD44,9,4.137044829425306,0.8843372453721245,GSE135893
control,Macrophages,CD82,9,0.32969046267241536,0.25941391588541773,GSE135893
control,Macrophages,CD9,9,6.470957847105259,0.850501089598632,GSE135893
control,Macrophages,CSF1,9,0.07422899947871013,0.05979657992173916,GSE135893
control,Macrophages,CSF1R,9,1.3100624670093433,0.5063739085604999,GSE135893
control,Macrophages,CXCL1,9,0.421065828411934,0.06379495956723885,GSE135893
control,Macrophages,CXCL12,9,0.01831480417187698,0.008127624437372222,GSE135893
control,Macrophages,CXCL2,9,5.346718284283176,0.5446482256800886,GSE135893
control,Macrophages,CXCR1,9,0.0007183774870762777,0.0005330495206356222,GSE135893
control,Macrophages,CXCR2,9,0.024030359629422588,0.020012489595921345,GSE135893
control,Macrophages,CXCR3,9,0.003423751401443978,0.0018197591446320997,GSE135893
control,Macrophages,CXCR4,9,3.7129963955171266,0.6323100331508735,GSE135893
control,Macrophages,DPP4,9,0.007314832969343178,0.005653107850160466,GSE135893
control,Macrophages,EGFR,9,0.002301923632807478,0.0013881328414180666,GSE135893
control,Macrophages,ENG,9,1.2343065550423638,0.6175469605995555,GSE135893
control,Macrophages,EPHA7,9,0.0,0.0,GSE135893
control,Macrophages,EPHB2,9,0.035364592758753435,0.0277770263530719,GSE135893
control,Macrophages,ERBB2,9,0.006817841313206233,0.005469401191588144,GSE135893
control,Macrophages,ERBB3,9,0.0034905244106184555,0.0026816439956163776,GSE135893
control,Macrophages,ERBB4,9,0.0008547066477990778,0.0004214075010535111,GSE135893
control,Macrophages,FGF10,9,0.005444024769786956,0.0062180920682173,GSE135893
control,Macrophages,FGF7,9,0.0014699285641772111,0.0013010610075427777,GSE135893
control,Macrophages,FGFR1,9,0.028779945817047722,0.027283072119705067,GSE135893
control,Macrophages,FGFR2,9,0.0004275025270458556,0.0006690750386561222,GSE135893
control,Macrophages,FGFR3,9,0.0001300760876172222,0.00014046916701783332,GSE135893
control,Macrophages,FGFR4,9,0.0017792520121886108,0.0007838882058978666,GSE135893
control,Macrophages,FGFRL1,9,0.021588434773949845,0.021923555154525976,GSE135893
control,Macrophages,FLT1,9,0.0532894574153192,0.03706925417092263,GSE135893
control,Macrophages,FZD1,9,0.04030856674007967,0.03556307007237851,GSE135893
control,Macrophages,FZD10,9,0.00014895614586577776,5.778008898133334e-05,GSE135893
control,Macrophages,FZD2,9,0.013519087170635212,0.010782927980469223,GSE135893
control,Macrophages,FZD3,9,0.0019774414236540553,0.0013544390329768554,GSE135893
control,Macrophages,FZD4,9,0.02903014375822372,0.021758506621174543,GSE135893
control,Macrophages,FZD5,9,0.031016926032003067,0.03150366754450325,GSE135893
control,Macrophages,FZD6,9,0.004201733874767555,0.0030541113998918666,GSE135893
control,Macrophages,FZD7,9,0.021741657632573488,0.023780425949358298,GSE135893
control,Macrophages,FZD8,9,0.0027611810936153222,0.003377529414218756,GSE135893
control,Macrophages,FZD9,9,0.0009919680112137333,0.0008102486396421222,GSE135893
control,Macrophages,GPC1,9,0.005028669111791645,0.006066381249106866,GSE135893
control,Macrophages,GRIN2B,9,0.0,0.0,GSE135893
control,Macrophages,GRM7,9,0.00027985401471292224,0.00038051750380516667,GSE135893
control,Macrophages,GSDMD,9,0.4006363643327259,0.3132434223151796,GSE135893
control,Macrophages,HBEGF,9,2.2008365741579317,0.5551302920165561,GSE135893
control,Macrophages,IL1A,9,0.06837762428138085,0.05420949746846862,GSE135893
control,Macrophages,IL1B,9,1.5313096060874165,0.27962322594675426,GSE135893
control,Macrophages,IL1R1,9,0.05951308122360962,0.05106482031801362,GSE135893
control,Macrophages,IL1R2,9,0.6768150464910866,0.17561099220043677,GSE135893
control,Macrophages,IL1RAP,9,0.3517663991905465,0.22767532456851816,GSE135893
control,Macrophages,IL1RN,9,0.6671883386981337,0.2255929056350506,GSE135893
control,Macrophages,IL6,9,0.06951521655985796,0.03418852485317339,GSE135893
control,Macrophages,ITGA4,9,0.3203425521463118,0.18605559155059934,GSE135893
control,Macrophages,ITGA5,9,0.4077158852768854,0.2874709440123028,GSE135893
control,Macrophages,ITGA9,9,0.010728076951917923,0.008010059821026101,GSE135893
control,Macrophages,ITGAV,9,0.32988095765610737,0.22223102993797658,GSE135893
control,Macrophages,ITGB1,9,1.5351444557125817,0.669500449964847,GSE135893
control,Macrophages,ITGB3,9,0.0028877448456784112,0.002071030773956811,GSE135893
control,Macrophages,ITGB5,9,0.128829368760022,0.1138920910671729,GSE135893
control,Macrophages,ITGB6,9,0.0010393890120560798,0.0016851236811447222,GSE135893
control,Macrophages,ITGB8,9,0.1510542513524139,0.10177826165763237,GSE135893
control,Macrophages,KDR,9,0.002612635619669122,0.0015646992387764779,GSE135893
control,Macrophages,KLRG2,9,0.0006100283907419444,0.0006898593258736333,GSE135893
control,Macrophages,LDLR,9,0.11403672056160993,0.056659704337838165,GSE135893
control,Macrophages,LGR5,9,0.0,0.0,GSE135893
control,Macrophages,LPP,9,0.47129381751990784,0.31224009953653936,GSE135893
control,Macrophages,LRP1,9,2.0169489872466086,0.7039737641761589,GSE135893
control,Macrophages,LRP2,9,0.0006287801324039445,0.0007303386269268111,GSE135893
control,Macrophages,LRP5,9,0.009378682728075079,0.0084794937568073,GSE135893
control,Macrophages,LRP6,9,0.0022488728400707667,0.0014872208846629666,GSE135893
control,Macrophages,MCAM,9,0.0026600634585409112,0.0016312213402145,GSE135893
control,Macrophages,MTNR1A,9,0.0,0.0,GSE135893
control,Macrophages,MUSK,9,0.00016604456410278888,5.3599185292377775e-05,GSE135893
control,Macrophages,NLRP3,9,0.4016156685486088,0.17559021078310635,GSE135893
control,Macrophages,NOTCH1,9,0.1575583834875478,0.12617846420539813,GSE135893
control,Macrophages,NRP1,9,0.45074994507928245,0.26434673566358513,GSE135893
control,Macrophages,NRP2,9,0.3553433103019649,0.2414883481442151,GSE135893
control,Macrophages,PRLR,9,0.025191702241505343,0.016292746431621367,GSE135893
control,Macrophages,PTK7,9,0.002424055096857178,0.0013592263908873555,GSE135893
control,Macrophages,PTPRK,9,0.001191928724630189,0.0008261198695429999,GSE135893
control,Macrophages,PYCARD,9,3.76754953561774,0.8591661759586613,GSE135893
control,Macrophages,RECK,9,0.1016214809598825,0.08748724441330467,GSE135893
control,Macrophages,RET,9,0.0014559347507335444,0.0010793667681971778,GSE135893
control,Macrophages,ROR1,9,0.0002535090440842556,0.0002557426367760889,GSE135893
control,Macrophages,ROR2,9,0.0015790417318736999,0.0010663089770872665,GSE135893
control,Macrophages,RYK,9,0.11295409624672798,0.10285305618754886,GSE135893
control,Macrophages,SDC2,9,0.5284502784171129,0.2583060002150307,GSE135893
control,Macrophages,SDC4,9,0.5936282564907336,0.3477506423103557,GSE135893
control,Macrophages,SIGIRR,9,0.3204231477253987,0.26116719124696613,GSE135893
control,Macrophages,SIRPA,9,1.1455656306270086,0.6042572215450757,GSE135893
control,Macrophages,SMO,9,0.0007072957531926889,0.0007427992166242556,GSE135893
control,Macrophages,SPP1,9,2.157096434828975,0.061375708393370934,GSE135893
control,Macrophages,TGFB1,9,1.319622772170484,0.6443182440415053,GSE135893
control,Macrophages,TGFBR1,9,0.23825223312030813,0.18450252872087036,GSE135893
control,Macrophages,TGFBR2,9,0.6201201780883259,0.39415452076929636,GSE135893
control,Macrophages,TGFBR3,9,0.008422746984912867,0.004639217051164144,GSE135893
control,Macrophages,TMED5,9,1.5758977620672003,0.6685275157113212,GSE135893
control,Macrophages,TNF,9,0.3009692029289852,0.14777480427185774,GSE135893
control,Macrophages,TYRO3,9,0.009800950539988121,0.0097140571800021,GSE135893
control,Macrophages,VANGL2,9,1.9696872072099998e-05,2.4735331948144444e-05,GSE135893
control,Macrophages,VASN,9,0.004608851921627967,0.004908829793831145,GSE135893
control,Macrophages,VEGFA,9,0.34410779900034016,0.15292162863796616,GSE135893
control,Macrophages,WNT1,9,0.00016899704294043335,5.778008898133334e-05,GSE135893
control,Macrophages,WNT10A,9,0.0,0.0,GSE135893
control,Macrophages,WNT10B,9,3.7207178020688886e-05,2.4735331948144444e-05,GSE135893
control,Macrophages,WNT11,9,0.0004573000473108445,0.0003384840971054555,GSE135893
control,Macrophages,WNT16,9,0.0,0.0,GSE135893
control,Macrophages,WNT2,9,0.0013747247631060778,0.0005735593173198666,GSE135893
control,Macrophages,WNT2B,9,0.014558238502344,0.0120426309906314,GSE135893
control,Macrophages,WNT3,9,0.0,0.0,GSE135893
control,Macrophages,WNT3A,9,0.0005010600464024444,0.0003223067258523111,GSE135893
control,Macrophages,WNT4,9,0.0,0.0,GSE135893
control,Macrophages,WNT5A,9,0.008249393476511055,0.006133169947668733,GSE135893
control,Macrophages,WNT5B,9,0.013209623997766033,0.01217027221188811,GSE135893
control,Macrophages,WNT6,9,0.0007476458233242667,0.0005993126918089888,GSE135893
control,Macrophages,WNT7A,9,0.0,0.0,GSE135893
control,Macrophages,WNT7B,9,2.79638796236e-05,4.94706638963e-05,GSE135893
control,Macrophages,WNT8A,9,0.0,0.0,GSE135893
control,Macrophages,WNT8B,9,0.0,0.0,GSE135893
control,Macrophages,WNT9A,9,0.0004670199491600889,0.0005870437326362222,GSE135893
control,Macrophages,WNT9B,9,8.518532999309999e-05,7.833451724052222e-05,GSE135893
control,Macrophages,XCR1,9,0.0014100150187996224,0.0005332314642542889,GSE135893
control,Mast Cells,ACKR1,1,0.0,0.0,GSE135893
control,Mast Cells,ACKR2,1,0.1321682424296149,0.0446927374301676,GSE135893
control,Mast Cells,ACKR3,1,0.0,0.0,GSE135893
control,Mast Cells,ACKR4,1,0.0,0.0,GSE135893
control,Mast Cells,ACVR1,1,0.2614128541755742,0.0782122905027933,GSE135893
control,Mast Cells,ACVR1B,1,0.580256089481175,0.1843575418994413,GSE135893
control,Mast Cells,ACVR1C,1,0.0,0.0,GSE135893
control,Mast Cells,ACVRL1,1,0.0,0.0,GSE135893
control,Mast Cells,ADGRA2,1,0.0,0.0,GSE135893
control,Mast Cells,ADRA2A,1,0.0653561693989449,0.0223463687150838,GSE135893
control,Mast Cells,ADRB2,1,3.470215913384754,0.5642458100558659,GSE135893
control,Mast Cells,ANTXR1,1,0.0,0.0,GSE135893
control,Mast Cells,APCDD1,1,0.0,0.0,GSE135893
control,Mast Cells,AREG,1,23.9017606315523,0.553072625698324,GSE135893
control,Mast Cells,ATP6AP2,1,0.9083119418609972,0.2569832402234637,GSE135893
control,Mast Cells,AVPR1A,1,0.0,0.0,GSE135893
control,Mast Cells,CASP1,1,0.6127794211090832,0.1620111731843575,GSE135893
control,Mast Cells,CAV1,1,0.0750374231191982,0.0223463687150838,GSE135893
control,Mast Cells,CCL2,1,0.7071680571068459,0.1229050279329608,GSE135893
control,Mast Cells,CCR1,1,0.0,0.0,GSE135893
control,Mast Cells,CCR10,1,0.0,0.0,GSE135893
control,Mast Cells,CCR2,1,0.0092831375519623,0.0055865921787709,GSE135893
control,Mast Cells,CCR3,1,0.0,0.0,GSE135893
control,Mast Cells,CCR4,1,0.0702382862806933,0.0167597765363128,GSE135893
control,Mast Cells,CCR5,1,0.0,0.0,GSE135893
control,Mast Cells,CD36,1,0.1441963514709711,0.0111731843575419,GSE135893
control,Mast Cells,CD4,1,0.0727442648509325,0.0279329608938547,GSE135893
control,Mast Cells,CD44,1,18.72441212763822,0.988826815642458,GSE135893
control,Mast Cells,CD82,1,4.821059664167675,0.7541899441340782,GSE135893
control,Mast Cells,CD9,1,12.552072178078031,0.9162011173184358,GSE135893
control,Mast Cells,CSF1,1,3.268311207697192,0.4245810055865922,GSE135893
control,Mast Cells,CSF1R,1,0.0386552674304598,0.0111731843575419,GSE135893
control,Mast Cells,CXCL1,1,0.0,0.0,GSE135893
control,Mast Cells,CXCL12,1,0.0,0.0,GSE135893
control,Mast Cells,CXCL2,1,0.4549383280464074,0.0670391061452514,GSE135893
control,Mast Cells,CXCR1,1,0.0,0.0,GSE135893
control,Mast Cells,CXCR2,1,0.0509878489120235,0.0167597765363128,GSE135893
control,Mast Cells,CXCR3,1,0.0094977765705048,0.0055865921787709,GSE135893
control,Mast Cells,CXCR4,1,0.1831827959869018,0.0502793296089385,GSE135893
control,Mast Cells,DPP4,1,0.0562564532317503,0.0167597765363128,GSE135893
control,Mast Cells,EGFR,1,0.0,0.0,GSE135893
control,Mast Cells,ENG,1,0.1929321180212436,0.0558659217877094,GSE135893
control,Mast Cells,EPHA7,1,0.0,0.0,GSE135893
control,Mast Cells,EPHB2,1,0.0,0.0,GSE135893
control,Mast Cells,ERBB2,1,0.0233507011780514,0.0111731843575419,GSE135893
control,Mast Cells,ERBB3,1,0.0,0.0,GSE135893
control,Mast Cells,ERBB4,1,0.0,0.0,GSE135893
control,Mast Cells,FGF10,1,0.0,0.0,GSE135893
control,Mast Cells,FGF7,1,0.0,0.0,GSE135893
control,Mast Cells,FGFR1,1,0.2577974897407534,0.0558659217877094,GSE135893
control,Mast Cells,FGFR2,1,0.0,0.0,GSE135893
control,Mast Cells,FGFR3,1,0.0,0.0,GSE135893
control,Mast Cells,FGFR4,1,0.0,0.0,GSE135893
control,Mast Cells,FGFRL1,1,0.0,0.0,GSE135893
control,Mast Cells,FLT1,1,0.0088102699554817,0.0055865921787709,GSE135893
control,Mast Cells,FZD1,1,0.1487359808571149,0.0446927374301676,GSE135893
control,Mast Cells,FZD10,1,0.0,0.0,GSE135893
control,Mast Cells,FZD2,1,0.0165626806367356,0.0055865921787709,GSE135893
control,Mast Cells,FZD3,1,0.0600079573104757,0.0167597765363128,GSE135893
control,Mast Cells,FZD4,1,0.0156312036339422,0.0055865921787709,GSE135893
control,Mast Cells,FZD5,1,0.0,0.0,GSE135893
control,Mast Cells,FZD6,1,0.0180328992213394,0.0055865921787709,GSE135893
control,Mast Cells,FZD7,1,0.0,0.0,GSE135893
control,Mast Cells,FZD8,1,0.0,0.0,GSE135893
control,Mast Cells,FZD9,1,0.0,0.0,GSE135893
control,Mast Cells,GPC1,1,0.0250407538268532,0.0055865921787709,GSE135893
control,Mast Cells,GRIN2B,1,0.0,0.0,GSE135893
control,Mast Cells,GRM7,1,0.0,0.0,GSE135893
control,Mast Cells,GSDMD,1,0.3519158029296768,0.1173184357541899,GSE135893
control,Mast Cells,HBEGF,1,0.0742304613713488,0.0223463687150838,GSE135893
control,Mast Cells,IL1A,1,0.1037134208611406,0.0279329608938547,GSE135893
control,Mast Cells,IL1B,1,0.179153606690807,0.0335195530726257,GSE135893
control,Mast Cells,IL1R1,1,0.0089199938987241,0.0055865921787709,GSE135893
control,Mast Cells,IL1R2,1,0.0,0.0,GSE135893
control,Mast Cells,IL1RAP,1,0.1887783336035863,0.0614525139664804,GSE135893
control,Mast Cells,IL1RN,1,0.0,0.0,GSE135893
control,Mast Cells,IL6,1,0.0,0.0,GSE135893
control,Mast Cells,ITGA4,1,1.145400301349806,0.2905027932960894,GSE135893
control,Mast Cells,ITGA5,1,0.2057772316598585,0.0726256983240223,GSE135893
control,Mast Cells,ITGA9,1,0.1490272752853967,0.0446927374301676,GSE135893
control,Mast Cells,ITGAV,1,0.9623146119826052,0.2122905027932961,GSE135893
control,Mast Cells,ITGB1,1,0.7262977765447225,0.2346368715083799,GSE135893
control,Mast Cells,ITGB3,1,0.0432247969703796,0.0167597765363128,GSE135893
control,Mast Cells,ITGB5,1,0.0147015583651867,0.0055865921787709,GSE135893
control,Mast Cells,ITGB6,1,0.0,0.0,GSE135893
control,Mast Cells,ITGB8,1,0.1140422332965401,0.0335195530726257,GSE135893
control,Mast Cells,KDR,1,0.0,0.0,GSE135893
control,Mast Cells,KLRG2,1,0.0,0.0,GSE135893
control,Mast Cells,LDLR,1,0.8121110320258957,0.2011173184357542,GSE135893
control,Mast Cells,LGR5,1,0.0,0.0,GSE135893
control,Mast Cells,LPP,1,0.3112587621807043,0.1005586592178771,GSE135893
control,Mast Cells,LRP1,1,0.0549224657714792,0.0223463687150838,GSE135893
control,Mast Cells,LRP2,1,0.0,0.0,GSE135893
control,Mast Cells,LRP5,1,0.0284212240342457,0.0111731843575419,GSE135893
control,Mast Cells,LRP6,1,0.0089199938987241,0.0055865921787709,GSE135893
control,Mast Cells,MCAM,1,0.0168779219902445,0.0055865921787709,GSE135893
control,Mast Cells,MTNR1A,1,0.0,0.0,GSE135893
control,Mast Cells,MUSK,1,0.0,0.0,GSE135893
control,Mast Cells,NLRP3,1,0.0802553418656988,0.0279329608938547,GSE135893
control,Mast Cells,NOTCH1,1,0.1603253048493401,0.0558659217877094,GSE135893
control,Mast Cells,NRP1,1,0.123538496240086,0.0335195530726257,GSE135893
control,Mast Cells,NRP2,1,0.1706631250046888,0.0558659217877094,GSE135893
control,Mast Cells,PRLR,1,0.0,0.0,GSE135893
control,Mast Cells,PTK7,1,0.0,0.0,GSE135893
control,Mast Cells,PTPRK,1,0.0,0.0,GSE135893
control,Mast Cells,PYCARD,1,0.8275229078999565,0.2569832402234637,GSE135893
control,Mast Cells,RECK,1,0.2727020791197032,0.0782122905027933,GSE135893
control,Mast Cells,RET,1,0.0413374169428406,0.0111731843575419,GSE135893
control,Mast Cells,ROR1,1,0.0,0.0,GSE135893
control,Mast Cells,ROR2,1,0.0095940102675097,0.0055865921787709,GSE135893
control,Mast Cells,RYK,1,0.1705908229175614,0.0502793296089385,GSE135893
control,Mast Cells,SDC2,1,0.0,0.0,GSE135893
control,Mast Cells,SDC4,1,0.0277939909391589,0.0055865921787709,GSE135893
control,Mast Cells,SIGIRR,1,0.5335539816632754,0.1955307262569832,GSE135893
control,Mast Cells,SIRPA,1,0.1253843516968149,0.0446927374301676,GSE135893
control,Mast Cells,SMO,1,0.0,0.0,GSE135893
control,Mast Cells,SPP1,1,0.0193240822510236,0.0055865921787709,GSE135893
control,Mast Cells,TGFB1,1,0.8998038967130368,0.2681564245810056,GSE135893
control,Mast Cells,TGFBR1,1,0.1954088619999079,0.0614525139664804,GSE135893
control,Mast Cells,TGFBR2,1,1.3224643257143436,0.3463687150837989,GSE135893
control,Mast Cells,TGFBR3,1,0.0094977765705048,0.0055865921787709,GSE135893
control,Mast Cells,TMED5,1,0.9840459351446076,0.2681564245810056,GSE135893
control,Mast Cells,TNF,1,0.2095494191628354,0.0670391061452514,GSE135893
control,Mast Cells,TYRO3,1,0.0,0.0,GSE135893
control,Mast Cells,VANGL2,1,0.0,0.0,GSE135893
control,Mast Cells,VASN,1,0.0,0.0,GSE135893
control,Mast Cells,VEGFA,1,1.9159656129574456,0.3072625698324022,GSE135893
control,Mast Cells,WNT1,1,0.0,0.0,GSE135893
control,Mast Cells,WNT10A,1,0.0,0.0,GSE135893
control,Mast Cells,WNT10B,1,0.0,0.0,GSE135893
control,Mast Cells,WNT11,1,0.0,0.0,GSE135893
control,Mast Cells,WNT16,1,0.0,0.0,GSE135893
control,Mast Cells,WNT2,1,0.0,0.0,GSE135893
control,Mast Cells,WNT2B,1,0.0168728244601961,0.0055865921787709,GSE135893
control,Mast Cells,WNT3,1,0.0,0.0,GSE135893
control,Mast Cells,WNT3A,1,0.0,0.0,GSE135893
control,Mast Cells,WNT4,1,0.0,0.0,GSE135893
control,Mast Cells,WNT5A,1,0.0,0.0,GSE135893
control,Mast Cells,WNT5B,1,0.0,0.0,GSE135893
control,Mast Cells,WNT6,1,0.0153858225799255,0.0055865921787709,GSE135893
control,Mast Cells,WNT7A,1,0.0,0.0,GSE135893
control,Mast Cells,WNT7B,1,0.0,0.0,GSE135893
control,Mast Cells,WNT8A,1,0.0,0.0,GSE135893
control,Mast Cells,WNT8B,1,0.0,0.0,GSE135893
control,Mast Cells,WNT9A,1,0.0,0.0,GSE135893
control,Mast Cells,WNT9B,1,0.0,0.0,GSE135893
control,Mast Cells,XCR1,1,0.0,0.0,GSE135893
control,Monocytes,ACKR1,6,0.00871633362034655,0.004187599341717617,GSE135893
control,Monocytes,ACKR2,6,0.00495000495000495,0.0016666666666666668,GSE135893
control,Monocytes,ACKR3,6,0.2526770276048027,0.08771711783885455,GSE135893
control,Monocytes,ACKR4,6,0.0038812874553282328,0.0006591090219383667,GSE135893
control,Monocytes,ACVR1,6,0.06847643580800063,0.032699120030187385,GSE135893
control,Monocytes,ACVR1B,6,0.23214544617237598,0.10882459750192541,GSE135893
control,Monocytes,ACVR1C,6,0.0003982279176248,0.00047755491881564996,GSE135893
control,Monocytes,ACVRL1,6,0.07034175826425432,0.031184851617974314,GSE135893
control,Monocytes,ADGRA2,6,0.012450046866900167,0.005024736836592133,GSE135893
control,Monocytes,ADRA2A,6,0.0,0.0,GSE135893
control,Monocytes,ADRB2,6,0.23811482315156465,0.09057576714012121,GSE135893
control,Monocytes,ANTXR1,6,0.0,0.0,GSE135893
control,Monocytes,APCDD1,6,0.007725980387813917,0.0033806672745547496,GSE135893
control,Monocytes,AREG,6,14.931403778940684,0.6146968133114489,GSE135893
control,Monocytes,ATP6AP2,6,2.3318064029415653,0.6615523577442652,GSE135893
control,Monocytes,AVPR1A,6,0.0,0.0,GSE135893
control,Monocytes,CASP1,6,1.45599022236473,0.4884420241369763,GSE135893
control,Monocytes,CAV1,6,0.07805984562352215,0.031568633304776154,GSE135893
control,Monocytes,CCL2,6,0.08755871303253293,0.011605212431499918,GSE135893
control,Monocytes,CCR1,6,0.41291953352325833,0.17154312462750018,GSE135893
control,Monocytes,CCR10,6,0.0070132480906921505,0.0035077413427286666,GSE135893
control,Monocytes,CCR2,6,0.26240039696240164,0.10803805572917417,GSE135893
control,Monocytes,CCR3,6,0.0,0.0,GSE135893
control,Monocytes,CCR4,6,0.004493597171928783,0.0020542132791526667,GSE135893
control,Monocytes,CCR5,6,0.02235509540369265,0.015061709219259816,GSE135893
control,Monocytes,CD36,6,1.7589524971538293,0.4605118711754561,GSE135893
control,Monocytes,CD4,6,1.1364922658838426,0.38980395229455517,GSE135893
control,Monocytes,CD44,6,4.206145918863178,0.7529277708648077,GSE135893
control,Monocytes,CD82,6,0.3314768796047865,0.13464960355565242,GSE135893
control,Monocytes,CD9,6,0.22124913968157822,0.0813393786465105,GSE135893
control,Monocytes,CSF1,6,0.007746533294514717,0.0026873147008990832,GSE135893
control,Monocytes,CSF1R,6,2.131563214539614,0.5319491799875444,GSE135893
control,Monocytes,CXCL1,6,0.2230049126563988,0.03646414206138369,GSE135893
control,Monocytes,CXCL12,6,0.03519499149051597,0.015024169502058283,GSE135893
control,Monocytes,CXCL2,6,7.11961813790709,0.5165575590140362,GSE135893
control,Monocytes,CXCR1,6,0.0,0.0,GSE135893
control,Monocytes,CXCR2,6,0.008822364654735716,0.004868792974466283,GSE135893
control,Monocytes,CXCR3,6,0.00030894120828783335,0.00036310820624545,GSE135893
control,Monocytes,CXCR4,6,3.7296471024477036,0.6061170908513306,GSE135893
control,Monocytes,DPP4,6,0.0013505582816683832,0.0005629423563645167,GSE135893
control,Monocytes,EGFR,6,0.003677110783526217,0.0019482677907938332,GSE135893
control,Monocytes,ENG,6,0.40165248488504396,0.16967890396818683,GSE135893
control,Monocytes,EPHA7,6,0.0,0.0,GSE135893
control,Monocytes,EPHB2,6,0.05153963698949895,0.027554213547682668,GSE135893
control,Monocytes,ERBB2,6,0.015481786340174384,0.009285352966679884,GSE135893
control,Monocytes,ERBB3,6,0.00400019853569595,0.0024441027566058336,GSE135893
control,Monocytes,ERBB4,6,0.0007128752397042833,0.0003813882532418,GSE135893
control,Monocytes,FGF10,6,0.0041690060392338335,0.0022357673822754,GSE135893
control,Monocytes,FGF7,6,0.0005845174971227,0.0005629423563645167,GSE135893
control,Monocytes,FGFR1,6,0.0222098897673117,0.008831283153587633,GSE135893
control,Monocytes,FGFR2,6,0.0005451294556517333,0.00036310820624545,GSE135893
control,Monocytes,FGFR3,6,0.0003798076695550167,0.0003746788617167666,GSE135893
control,Monocytes,FGFR4,6,0.004909348685808316,0.0018482207697893835,GSE135893
control,Monocytes,FGFRL1,6,0.013101011843508517,0.006021268032162433,GSE135893
control,Monocytes,FLT1,6,0.19946824041463254,0.06975347355941083,GSE135893
control,Monocytes,FZD1,6,0.0624681251883501,0.03296198490839156,GSE135893
control,Monocytes,FZD10,6,0.0,0.0,GSE135893
control,Monocytes,FZD2,6,0.04013166371378205,0.021500362350605953,GSE135893
control,Monocytes,FZD3,6,0.011332284432017267,0.0063825458672597995,GSE135893
control,Monocytes,FZD4,6,0.00723986665972345,0.0031330624810118834,GSE135893
control,Monocytes,FZD5,6,0.047528288494515465,0.019907503730885002,GSE135893
control,Monocytes,FZD6,6,0.00301230125855965,0.00129402003280175,GSE135893
control,Monocytes,FZD7,6,0.004734209969298483,0.002810831426392067,GSE135893
control,Monocytes,FZD8,6,0.00116261372649795,0.00074935772343355,GSE135893
control,Monocytes,FZD9,6,0.0007136909038952333,0.00019312475859405,GSE135893
control,Monocytes,GPC1,6,0.0005675339266105833,0.00018155410312271667,GSE135893
control,Monocytes,GRIN2B,6,0.0,0.0,GSE135893
control,Monocytes,GRM7,6,0.0,0.0,GSE135893
control,Monocytes,GSDMD,6,0.5096186761129488,0.2348615820442149,GSE135893
control,Monocytes,HBEGF,6,3.2794697477858663,0.538031918116996,GSE135893
control,Monocytes,IL1A,6,0.09233637419813494,0.03290193369501534,GSE135893
control,Monocytes,IL1B,6,5.867567393403365,0.45339233095608583,GSE135893
control,Monocytes,IL1R1,6,0.057990741324093036,0.02459747744559458,GSE135893
control,Monocytes,IL1R2,6,4.432406535379749,0.4983005454889003,GSE135893
control,Monocytes,IL1RAP,6,0.33335718709431744,0.12435639680564582,GSE135893
control,Monocytes,IL1RN,6,1.0193540627040159,0.1900163467599301,GSE135893
control,Monocytes,IL6,6,0.09579288000564702,0.03380529805494772,GSE135893
control,Monocytes,ITGA4,6,1.4432645399831037,0.4344592662015669,GSE135893
control,Monocytes,ITGA5,6,0.31565847740508995,0.12370659044309106,GSE135893
control,Monocytes,ITGA9,6,0.048423451078476544,0.024858348634408653,GSE135893
control,Monocytes,ITGAV,6,0.233800003397034,0.09171350729444927,GSE135893
control,Monocytes,ITGB1,6,1.4951083110771153,0.5019487486223512,GSE135893
control,Monocytes,ITGB3,6,0.0,0.0,GSE135893
control,Monocytes,ITGB5,6,0.043769006742868384,0.02375277035173835,GSE135893
control,Monocytes,ITGB6,6,0.0022807274339003997,0.0011366639407540335,GSE135893
control,Monocytes,ITGB8,6,0.010268493890295584,0.00441728419430435,GSE135893
control,Monocytes,KDR,6,0.005480835547674683,0.0022228996315061668,GSE135893
control,Monocytes,KLRG2,6,0.00019469608913965001,0.00018155410312271667,GSE135893
control,Monocytes,LDLR,6,0.6715579384285436,0.16578471353347493,GSE135893
control,Monocytes,LGR5,6,0.0,0.0,GSE135893
control,Monocytes,LPP,6,0.5116631528422114,0.18464103606109097,GSE135893
control,Monocytes,LRP1,6,1.8358239245674763,0.5194172526129917,GSE135893
control,Monocytes,LRP2,6,0.0019816307962530833,0.0007627765064836,GSE135893
control,Monocytes,LRP5,6,0.0035858170287714664,0.0021761045158018334,GSE135893
control,Monocytes,LRP6,6,0.00039000007110771666,0.0003746788617167666,GSE135893
control,Monocytes,MCAM,6,0.0031926249449896,0.0015900208484946668,GSE135893
control,Monocytes,MTNR1A,6,0.0,0.0,GSE135893
control,Monocytes,MUSK,6,0.0,0.0,GSE135893
control,Monocytes,NLRP3,6,2.3471520396230674,0.5014527938955714,GSE135893
control,Monocytes,NOTCH1,6,0.15358244696965662,0.07114589522704744,GSE135893
control,Monocytes,NRP1,6,0.11358992241948314,0.0417457448253273,GSE135893
control,Monocytes,NRP2,6,0.1289341497798185,0.04176495484997506,GSE135893
control,Monocytes,PRLR,6,0.1140270130350713,0.05148847600307108,GSE135893
control,Monocytes,PTK7,6,0.0,0.0,GSE135893
control,Monocytes,PTPRK,6,0.0032547294690609165,0.0018597914252607168,GSE135893
control,Monocytes,PYCARD,6,4.348593161560129,0.7835066931388216,GSE135893
control,Monocytes,RECK,6,0.11826936064963445,0.05896565062378952,GSE135893
control,Monocytes,RET,6,0.002107175864747933,0.0009607625290239501,GSE135893
control,Monocytes,ROR1,6,0.00063350673783645,0.00036310820624545,GSE135893
control,Monocytes,ROR2,6,0.0007134272574586166,0.00019312475859405,GSE135893
control,Monocytes,RYK,6,0.11703547098818205,0.06205414871931716,GSE135893
control,Monocytes,SDC2,6,0.18748234374225117,0.0767571796785781,GSE135893
control,Monocytes,SDC4,6,0.3347964697510471,0.13929095279771772,GSE135893
control,Monocytes,SIGIRR,6,0.615002012201786,0.2738677613774196,GSE135893
control,Monocytes,SIRPA,6,0.8021374030435924,0.32306274420039155,GSE135893
control,Monocytes,SMO,6,0.0036833417375317333,0.0020480549199084668,GSE135893
control,Monocytes,SPP1,6,0.16600614298587107,0.008048155833794084,GSE135893
control,Monocytes,TGFB1,6,1.4353015549264658,0.505549416142696,GSE135893
control,Monocytes,TGFBR1,6,0.13579633713615527,0.06548205894459798,GSE135893
control,Monocytes,TGFBR2,6,0.8105850127711681,0.3142407523228521,GSE135893
control,Monocytes,TGFBR3,6,0.00863693367023845,0.004244984204377567,GSE135893
control,Monocytes,TMED5,6,1.0777569114736674,0.42068731170853635,GSE135893
control,Monocytes,TNF,6,0.4808009474968482,0.12225032471701099,GSE135893
control,Monocytes,TYRO3,6,0.0037763418214262,0.002347936091031967,GSE135893
control,Monocytes,VANGL2,6,0.0,0.0,GSE135893
control,Monocytes,VASN,6,0.00021294171138016668,0.00018155410312271667,GSE135893
control,Monocytes,VEGFA,6,0.8225822179281335,0.21301381711192544,GSE135893
control,Monocytes,WNT1,6,0.0,0.0,GSE135893
control,Monocytes,WNT10A,6,0.0,0.0,GSE135893
control,Monocytes,WNT10B,6,0.0013031360229018333,0.00019312475859405,GSE135893
control,Monocytes,WNT11,6,0.0017722262156074332,0.001153887287618,GSE135893
control,Monocytes,WNT16,6,0.0,0.0,GSE135893
control,Monocytes,WNT2,6,0.0,0.0,GSE135893
control,Monocytes,WNT2B,6,0.0133305673337319,0.007435405225357634,GSE135893
control,Monocytes,WNT3,6,0.0,0.0,GSE135893
control,Monocytes,WNT3A,6,0.0,0.0,GSE135893
control,Monocytes,WNT4,6,0.0004387484367393167,0.00018155410312271667,GSE135893
control,Monocytes,WNT5A,6,0.0083993621512431,0.005393819301808651,GSE135893
control,Monocytes,WNT5B,6,0.009241598648762934,0.00365450768782075,GSE135893
control,Monocytes,WNT6,6,0.0012283137415268167,0.0007560671149585667,GSE135893
control,Monocytes,WNT7A,6,0.0002455756839209,0.00018155410312271667,GSE135893
control,Monocytes,WNT7B,6,0.0,0.0,GSE135893
control,Monocytes,WNT8A,6,0.0,0.0,GSE135893
control,Monocytes,WNT8B,6,0.0,0.0,GSE135893
control,Monocytes,WNT9A,6,0.0013640528957888,0.00047755491881564996,GSE135893
control,Monocytes,WNT9B,6,0.0008267326994608333,0.00019312475859405,GSE135893
control,Monocytes,XCR1,6,0.0016161810892152335,0.0003862495171881,GSE135893
control,Myofibroblasts,ACKR1,1,0.0,0.0,GSE135893
control,Myofibroblasts,ACKR2,1,0.0,0.0,GSE135893
control,Myofibroblasts,ACKR3,1,0.1111787031791139,0.0892857142857142,GSE135893
control,Myofibroblasts,ACKR4,1,0.0225968274054322,0.0178571428571428,GSE135893
control,Myofibroblasts,ACVR1,1,0.3983195496192814,0.2678571428571428,GSE135893
control,Myofibroblasts,ACVR1B,1,0.0225959766224617,0.0357142857142857,GSE135893
control,Myofibroblasts,ACVR1C,1,0.0,0.0,GSE135893
control,Myofibroblasts,ACVRL1,1,0.1573660788076422,0.1071428571428571,GSE135893
control,Myofibroblasts,ADGRA2,1,0.2085193364470134,0.1607142857142857,GSE135893
control,Myofibroblasts,ADRA2A,1,0.0,0.0,GSE135893
control,Myofibroblasts,ADRB2,1,0.0,0.0,GSE135893
control,Myofibroblasts,ANTXR1,1,1.9490236826915333,0.6428571428571429,GSE135893
control,Myofibroblasts,APCDD1,1,0.2966327532862239,0.1607142857142857,GSE135893
control,Myofibroblasts,AREG,1,0.0,0.0,GSE135893
control,Myofibroblasts,ATP6AP2,1,1.5358034182179223,0.5892857142857143,GSE135893
control,Myofibroblasts,AVPR1A,1,0.0,0.0,GSE135893
control,Myofibroblasts,CASP1,1,0.0182682410904731,0.0357142857142857,GSE135893
control,Myofibroblasts,CAV1,1,2.5303792142733394,0.5892857142857143,GSE135893
control,Myofibroblasts,CCL2,1,9.28078160852836,0.3928571428571428,GSE135893
control,Myofibroblasts,CCR1,1,0.042581102107198,0.0357142857142857,GSE135893
control,Myofibroblasts,CCR10,1,0.0217929495449632,0.0178571428571428,GSE135893
control,Myofibroblasts,CCR2,1,0.0,0.0,GSE135893
control,Myofibroblasts,CCR3,1,0.008250770621976,0.0178571428571428,GSE135893
control,Myofibroblasts,CCR4,1,0.0,0.0,GSE135893
control,Myofibroblasts,CCR5,1,0.0,0.0,GSE135893
control,Myofibroblasts,CD36,1,0.0632111251580278,0.0178571428571428,GSE135893
control,Myofibroblasts,CD4,1,0.908490430250974,0.4107142857142857,GSE135893
control,Myofibroblasts,CD44,1,2.130079763435568,0.5892857142857143,GSE135893
control,Myofibroblasts,CD82,1,1.404844296922919,0.4642857142857143,GSE135893
control,Myofibroblasts,CD9,1,2.997340489223609,0.5535714285714286,GSE135893
control,Myofibroblasts,CSF1,1,0.2540947894087992,0.1428571428571428,GSE135893
control,Myofibroblasts,CSF1R,1,0.0,0.0,GSE135893
control,Myofibroblasts,CXCL1,1,0.4317440591991726,0.0535714285714285,GSE135893
control,Myofibroblasts,CXCL12,1,2.3667014198838703,0.4642857142857143,GSE135893
control,Myofibroblasts,CXCL2,1,0.2574095120203049,0.0892857142857142,GSE135893
control,Myofibroblasts,CXCR1,1,0.0,0.0,GSE135893
control,Myofibroblasts,CXCR2,1,0.0,0.0,GSE135893
control,Myofibroblasts,CXCR3,1,0.0,0.0,GSE135893
control,Myofibroblasts,CXCR4,1,0.0,0.0,GSE135893
control,Myofibroblasts,DPP4,1,0.0,0.0,GSE135893
control,Myofibroblasts,EGFR,1,0.3997830957760484,0.1785714285714285,GSE135893
control,Myofibroblasts,ENG,1,1.0023708977136925,0.5,GSE135893
control,Myofibroblasts,EPHA7,1,0.0217028960344468,0.0178571428571428,GSE135893
control,Myofibroblasts,EPHB2,1,0.1291386798054312,0.0714285714285714,GSE135893
control,Myofibroblasts,ERBB2,1,0.2637881243908098,0.1071428571428571,GSE135893
control,Myofibroblasts,ERBB3,1,0.0,0.0,GSE135893
control,Myofibroblasts,ERBB4,1,0.0,0.0,GSE135893
control,Myofibroblasts,FGF10,1,0.0,0.0,GSE135893
control,Myofibroblasts,FGF7,1,3.960266014851093,0.6607142857142857,GSE135893
control,Myofibroblasts,FGFR1,1,0.867489595507037,0.4285714285714285,GSE135893
control,Myofibroblasts,FGFR2,1,0.1998300889480485,0.0892857142857142,GSE135893
control,Myofibroblasts,FGFR3,1,0.028290783994206,0.0178571428571428,GSE135893
control,Myofibroblasts,FGFR4,1,0.241820902975837,0.125,GSE135893
control,Myofibroblasts,FGFRL1,1,0.037547844005406,0.0357142857142857,GSE135893
control,Myofibroblasts,FLT1,1,0.0,0.0,GSE135893
control,Myofibroblasts,FZD1,1,0.5097433669844356,0.3214285714285714,GSE135893
control,Myofibroblasts,FZD10,1,0.0,0.0,GSE135893
control,Myofibroblasts,FZD2,1,0.0813045915727304,0.0357142857142857,GSE135893
control,Myofibroblasts,FZD3,1,0.0100337938175776,0.0178571428571428,GSE135893
control,Myofibroblasts,FZD4,1,0.4343578299248531,0.1607142857142857,GSE135893
control,Myofibroblasts,FZD5,1,0.0,0.0,GSE135893
control,Myofibroblasts,FZD6,1,0.0733115588211175,0.0714285714285714,GSE135893
control,Myofibroblasts,FZD7,1,0.3571708501641177,0.2678571428571428,GSE135893
control,Myofibroblasts,FZD8,1,0.0,0.0,GSE135893
control,Myofibroblasts,FZD9,1,0.0,0.0,GSE135893
control,Myofibroblasts,GPC1,1,0.4906893402364407,0.2857142857142857,GSE135893
control,Myofibroblasts,GRIN2B,1,0.0,0.0,GSE135893
control,Myofibroblasts,GRM7,1,0.0,0.0,GSE135893
control,Myofibroblasts,GSDMD,1,0.440356982226709,0.3035714285714285,GSE135893
control,Myofibroblasts,HBEGF,1,0.1251900226074913,0.0714285714285714,GSE135893
control,Myofibroblasts,IL1A,1,0.0,0.0,GSE135893
control,Myofibroblasts,IL1B,1,0.0,0.0,GSE135893
control,Myofibroblasts,IL1R1,1,1.2641745038626304,0.4821428571428571,GSE135893
control,Myofibroblasts,IL1R2,1,0.0100337938175776,0.0178571428571428,GSE135893
control,Myofibroblasts,IL1RAP,1,0.0762991558611583,0.0714285714285714,GSE135893
control,Myofibroblasts,IL1RN,1,0.0,0.0,GSE135893
control,Myofibroblasts,IL6,1,0.3001728816294285,0.0892857142857142,GSE135893
control,Myofibroblasts,ITGA4,1,0.0,0.0,GSE135893
control,Myofibroblasts,ITGA5,1,0.49998779055059,0.3571428571428571,GSE135893
control,Myofibroblasts,ITGA9,1,0.3178464426213565,0.1071428571428571,GSE135893
control,Myofibroblasts,ITGAV,1,0.9619351469473744,0.4285714285714285,GSE135893
control,Myofibroblasts,ITGB1,1,3.6765053418512568,0.75,GSE135893
control,Myofibroblasts,ITGB3,1,0.138222334065616,0.0357142857142857,GSE135893
control,Myofibroblasts,ITGB5,1,0.7330655615766879,0.4107142857142857,GSE135893
control,Myofibroblasts,ITGB6,1,0.0,0.0,GSE135893
control,Myofibroblasts,ITGB8,1,0.1156116562867182,0.0535714285714285,GSE135893
control,Myofibroblasts,KDR,1,0.0,0.0,GSE135893
control,Myofibroblasts,KLRG2,1,0.0,0.0,GSE135893
control,Myofibroblasts,LDLR,1,0.0266019733708557,0.0357142857142857,GSE135893
control,Myofibroblasts,LGR5,1,0.2502168546073263,0.0178571428571428,GSE135893
control,Myofibroblasts,LPP,1,0.7134959153520319,0.3392857142857143,GSE135893
control,Myofibroblasts,LRP1,1,3.42101534430336,0.75,GSE135893
control,Myofibroblasts,LRP2,1,0.0,0.0,GSE135893
control,Myofibroblasts,LRP5,1,0.111944386070366,0.0535714285714285,GSE135893
control,Myofibroblasts,LRP6,1,0.3126455995692273,0.1964285714285714,GSE135893
control,Myofibroblasts,MCAM,1,0.0,0.0,GSE135893
control,Myofibroblasts,MTNR1A,1,0.0,0.0,GSE135893
control,Myofibroblasts,MUSK,1,0.0,0.0,GSE135893
control,Myofibroblasts,NLRP3,1,0.0217929495449632,0.0178571428571428,GSE135893
control,Myofibroblasts,NOTCH1,1,0.0213158841712131,0.0357142857142857,GSE135893
control,Myofibroblasts,NRP1,1,0.5299602115707192,0.2857142857142857,GSE135893
control,Myofibroblasts,NRP2,1,0.984911058912074,0.4107142857142857,GSE135893
control,Myofibroblasts,PRLR,1,0.0103953561864843,0.0178571428571428,GSE135893
control,Myofibroblasts,PTK7,1,1.617328566157791,0.5892857142857143,GSE135893
control,Myofibroblasts,PTPRK,1,0.4562496759988686,0.25,GSE135893
control,Myofibroblasts,PYCARD,1,0.6227252147324365,0.375,GSE135893
control,Myofibroblasts,RECK,1,0.3170414273033289,0.2142857142857142,GSE135893
control,Myofibroblasts,RET,1,0.0,0.0,GSE135893
control,Myofibroblasts,ROR1,1,0.2995131574274093,0.1785714285714285,GSE135893
control,Myofibroblasts,ROR2,1,0.435878083758769,0.25,GSE135893
control,Myofibroblasts,RYK,1,0.167311692327696,0.1607142857142857,GSE135893
control,Myofibroblasts,SDC2,1,0.8723205140693666,0.375,GSE135893
control,Myofibroblasts,SDC4,1,0.2192200213857125,0.0892857142857142,GSE135893
control,Myofibroblasts,SIGIRR,1,0.6942585863454053,0.3214285714285714,GSE135893
control,Myofibroblasts,SIRPA,1,0.1083730708038649,0.0714285714285714,GSE135893
control,Myofibroblasts,SMO,1,0.2282537677973437,0.1607142857142857,GSE135893
control,Myofibroblasts,SPP1,1,0.0,0.0,GSE135893
control,Myofibroblasts,TGFB1,1,0.7291123395925727,0.3392857142857143,GSE135893
control,Myofibroblasts,TGFBR1,1,0.1863623509194385,0.125,GSE135893
control,Myofibroblasts,TGFBR2,1,0.3627639739832562,0.2321428571428571,GSE135893
control,Myofibroblasts,TGFBR3,1,0.40988582388499,0.2142857142857142,GSE135893
control,Myofibroblasts,TMED5,1,0.518786655737378,0.2678571428571428,GSE135893
control,Myofibroblasts,TNF,1,0.0,0.0,GSE135893
control,Myofibroblasts,TYRO3,1,0.0498615815858685,0.0535714285714285,GSE135893
control,Myofibroblasts,VANGL2,1,0.0350071414568571,0.0178571428571428,GSE135893
control,Myofibroblasts,VASN,1,0.8399442478988326,0.375,GSE135893
control,Myofibroblasts,VEGFA,1,0.4084610455576766,0.2321428571428571,GSE135893
control,Myofibroblasts,WNT1,1,0.0,0.0,GSE135893
control,Myofibroblasts,WNT10A,1,0.0,0.0,GSE135893
control,Myofibroblasts,WNT10B,1,0.0,0.0,GSE135893
control,Myofibroblasts,WNT11,1,0.0548610066816485,0.0357142857142857,GSE135893
control,Myofibroblasts,WNT16,1,0.0,0.0,GSE135893
control,Myofibroblasts,WNT2,1,0.6470688083232208,0.2678571428571428,GSE135893
control,Myofibroblasts,WNT2B,1,0.0348500055760008,0.0178571428571428,GSE135893
control,Myofibroblasts,WNT3,1,0.0,0.0,GSE135893
control,Myofibroblasts,WNT3A,1,0.0,0.0,GSE135893
control,Myofibroblasts,WNT4,1,0.0,0.0,GSE135893
control,Myofibroblasts,WNT5A,1,0.2020483655528774,0.0535714285714285,GSE135893
control,Myofibroblasts,WNT5B,1,0.0516051991290905,0.0357142857142857,GSE135893
control,Myofibroblasts,WNT6,1,0.0,0.0,GSE135893
control,Myofibroblasts,WNT7A,1,0.0,0.0,GSE135893
control,Myofibroblasts,WNT7B,1,0.0103953561864843,0.0178571428571428,GSE135893
control,Myofibroblasts,WNT8A,1,0.0,0.0,GSE135893
control,Myofibroblasts,WNT8B,1,0.0,0.0,GSE135893
control,Myofibroblasts,WNT9A,1,0.0103953561864843,0.0178571428571428,GSE135893
control,Myofibroblasts,WNT9B,1,0.0,0.0,GSE135893
control,Myofibroblasts,XCR1,1,0.0,0.0,GSE135893
control,NK Cells,ACKR1,5,0.0075609792980386795,0.00298507462686566,GSE135893
control,NK Cells,ACKR2,5,0.0,0.0,GSE135893
control,NK Cells,ACKR3,5,0.03674766168094346,0.0100222381009652,GSE135893
control,NK Cells,ACKR4,5,0.006519595011485781,0.00160642570281124,GSE135893
control,NK Cells,ACVR1,5,0.01660366649527482,0.00624439289166036,GSE135893
control,NK Cells,ACVR1B,5,0.011636596484276519,0.0047860358220466,GSE135893
control,NK Cells,ACVR1C,5,0.0,0.0,GSE135893
control,NK Cells,ACVRL1,5,0.04252173488599786,0.01153846153846152,GSE135893
control,NK Cells,ADGRA2,5,0.00876673899226334,0.00298507462686566,GSE135893
control,NK Cells,ADRA2A,5,0.0,0.0,GSE135893
control,NK Cells,ADRB2,5,1.0887449875079487,0.2494776486634563,GSE135893
control,NK Cells,ANTXR1,5,0.01730321428356316,0.00537287140340574,GSE135893
control,NK Cells,APCDD1,5,0.0024510614934562603,0.00080321285140562,GSE135893
control,NK Cells,AREG,5,10.287001706748992,0.5532147030969317,GSE135893
control,NK Cells,ATP6AP2,5,1.589930629607332,0.35590448304363403,GSE135893
control,NK Cells,AVPR1A,5,0.0,0.0,GSE135893
control,NK Cells,CASP1,5,0.8351574937210741,0.20503360270165896,GSE135893
control,NK Cells,CAV1,5,0.20061529026781488,0.040946698817320756,GSE135893
control,NK Cells,CCL2,5,0.00872410032715376,0.0015267175572519,GSE135893
control,NK Cells,CCR1,5,0.01599021461280496,0.0056224899598393396,GSE135893
control,NK Cells,CCR10,5,0.00492276186631746,0.0038461538461538403,GSE135893
control,NK Cells,CCR2,5,0.006162720471324859,0.0038461538461538403,GSE135893
control,NK Cells,CCR3,5,0.0,0.0,GSE135893
control,NK Cells,CCR4,5,0.009339101224671359,0.00463796718884912,GSE135893
control,NK Cells,CCR5,5,0.0077702720924490406,0.00245610541338908,GSE135893
control,NK Cells,CD36,5,0.02428399612131228,0.0063127533792985,GSE135893
control,NK Cells,CD4,5,0.0269991028177473,0.0100222381009652,GSE135893
control,NK Cells,CD44,5,1.2867295637102325,0.27931892056393626,GSE135893
control,NK Cells,CD82,5,0.05054406864123699,0.021819053388495598,GSE135893
control,NK Cells,CD9,5,0.18731741992289563,0.0527713682905966,GSE135893
control,NK Cells,CSF1,5,0.01167623207305904,0.00849461515475854,GSE135893
control,NK Cells,CSF1R,5,0.00994139138768856,0.00464936669755946,GSE135893
control,NK Cells,CXCL1,5,0.00436205016357688,0.0015267175572519,GSE135893
control,NK Cells,CXCL12,5,0.00112931249149486,0.0015267175572519,GSE135893
control,NK Cells,CXCL2,5,0.11393798675246121,0.03108903587737726,GSE135893
control,NK Cells,CXCR1,5,0.18414027882545952,0.05188754190467689,GSE135893
control,NK Cells,CXCR2,5,0.39732747605590957,0.09654100927680018,GSE135893
control,NK Cells,CXCR3,5,0.09316799450900154,0.027707118930583197,GSE135893
control,NK Cells,CXCR4,5,5.784354764751979,0.6036521840437119,GSE135893
control,NK Cells,DPP4,5,0.01959232816402636,0.0077930040773782,GSE135893
control,NK Cells,EGFR,5,0.00683162858035026,0.0023299304086575197,GSE135893
control,NK Cells,ENG,5,0.2797644883657756,0.0741191632811308,GSE135893
control,NK Cells,EPHA7,5,0.0,0.0,GSE135893
control,NK Cells,EPHB2,5,0.0,0.0,GSE135893
control,NK Cells,ERBB2,5,0.1467590458972108,0.0381348308425338,GSE135893
control,NK Cells,ERBB3,5,0.0,0.0,GSE135893
control,NK Cells,ERBB4,5,0.0092774153585924,0.00245610541338908,GSE135893
control,NK Cells,FGF10,5,0.0,0.0,GSE135893
control,NK Cells,FGF7,5,0.0,0.0,GSE135893
control,NK Cells,FGFR1,5,0.10245218284991905,0.0296183220593093,GSE135893
control,NK Cells,FGFR2,5,0.0041262636682484,0.0015267175572519,GSE135893
control,NK Cells,FGFR3,5,0.0,0.0,GSE135893
control,NK Cells,FGFR4,5,0.0,0.0,GSE135893
control,NK Cells,FGFRL1,5,0.011193853810157259,0.00245610541338908,GSE135893
control,NK Cells,FLT1,5,0.0267923620198064,0.00929873339511892,GSE135893
control,NK Cells,FZD1,5,0.00605207435781232,0.00537287140340574,GSE135893
control,NK Cells,FZD10,5,0.0,0.0,GSE135893
control,NK Cells,FZD2,5,0.0,0.0,GSE135893
control,NK Cells,FZD3,5,0.031193008809762647,0.00965177978965256,GSE135893
control,NK Cells,FZD4,5,0.0555676099792617,0.007692307692307681,GSE135893
control,NK Cells,FZD5,5,0.0,0.0,GSE135893
control,NK Cells,FZD6,5,0.02022160011464692,0.00791917908210974,GSE135893
control,NK Cells,FZD7,5,0.0,0.0,GSE135893
control,NK Cells,FZD8,5,0.0,0.0,GSE135893
control,NK Cells,FZD9,5,0.0,0.0,GSE135893
control,NK Cells,GPC1,5,0.0049568751858828,0.0015267175572519,GSE135893
control,NK Cells,GRIN2B,5,0.0,0.0,GSE135893
control,NK Cells,GRM7,5,0.0,0.0,GSE135893
control,NK Cells,GSDMD,5,0.8239022908007504,0.19326304526461113,GSE135893
control,NK Cells,HBEGF,5,0.02304003143631326,0.008632189668200441,GSE135893
control,NK Cells,IL1A,5,0.0,0.0,GSE135893
control,NK Cells,IL1B,5,0.006162720471324859,0.0038461538461538403,GSE135893
control,NK Cells,IL1R1,5,0.00930006509133376,0.00617608425481136,GSE135893
control,NK Cells,IL1R2,5,0.02278960163203496,0.00393635611146876,GSE135893
control,NK Cells,IL1RAP,5,0.04660846182395782,0.01417770293550998,GSE135893
control,NK Cells,IL1RN,5,0.0,0.0,GSE135893
control,NK Cells,IL6,5,0.0033776823019580396,0.00080321285140562,GSE135893
control,NK Cells,ITGA4,5,2.3193028644273133,0.43336585552999657,GSE135893
control,NK Cells,ITGA5,5,0.21948645708337433,0.06056619843204958,GSE135893
control,NK Cells,ITGA9,5,0.0,0.0,GSE135893
control,NK Cells,ITGAV,5,0.09146017726092937,0.02433570477200762,GSE135893
control,NK Cells,ITGB1,5,1.5140651012930089,0.3289620212557988,GSE135893
control,NK Cells,ITGB3,5,0.0,0.0,GSE135893
control,NK Cells,ITGB5,5,0.00112931249149486,0.0015267175572519,GSE135893
control,NK Cells,ITGB6,5,0.00516480905700916,0.0015267175572519,GSE135893
control,NK Cells,ITGB8,5,0.01797268152408338,0.0038461538461538403,GSE135893
control,NK Cells,KDR,5,0.0316697195750287,0.01153846153846152,GSE135893
control,NK Cells,KLRG2,5,0.0,0.0,GSE135893
control,NK Cells,LDLR,5,0.07548374794963411,0.02164914297762132,GSE135893
control,NK Cells,LGR5,5,0.0,0.0,GSE135893
control,NK Cells,LPP,5,0.5831768455467585,0.14220280902594062,GSE135893
control,NK Cells,LRP1,5,0.10414432758878474,0.029389676456221557,GSE135893
control,NK Cells,LRP2,5,0.00331175175108872,0.0015267175572519,GSE135893
control,NK Cells,LRP5,5,0.012863090435209218,0.00617608425481136,GSE135893
control,NK Cells,LRP6,5,0.02907071393042728,0.00783947093655042,GSE135893
control,NK Cells,MCAM,5,0.03793103295863732,0.01082545095237082,GSE135893
control,NK Cells,MTNR1A,5,0.0,0.0,GSE135893
control,NK Cells,MUSK,5,0.0,0.0,GSE135893
control,NK Cells,NLRP3,5,0.08414303189486191,0.02368469504700424,GSE135893
control,NK Cells,NOTCH1,5,0.22758964481193997,0.050736617908590145,GSE135893
control,NK Cells,NRP1,5,0.010682699444369021,0.00378828747827128,GSE135893
control,NK Cells,NRP2,5,0.03824664074846878,0.013006407338876142,GSE135893
control,NK Cells,PRLR,5,0.0,0.0,GSE135893
control,NK Cells,PTK7,5,0.011277119201735,0.00538336552316134,GSE135893
control,NK Cells,PTPRK,5,0.01034190986130604,0.00313314326006314,GSE135893
control,NK Cells,PYCARD,5,1.410296000377525,0.31401650787870816,GSE135893
control,NK Cells,RECK,5,0.19747027393890315,0.05318137566405806,GSE135893
control,NK Cells,RET,5,0.0,0.0,GSE135893
control,NK Cells,ROR1,5,0.0,0.0,GSE135893
control,NK Cells,ROR2,5,0.0,0.0,GSE135893
control,NK Cells,RYK,5,0.1164003344248293,0.03225483200332824,GSE135893
control,NK Cells,SDC2,5,0.00233831980030748,0.00080321285140562,GSE135893
control,NK Cells,SDC4,5,0.04778159490383828,0.01253530449328212,GSE135893
control,NK Cells,SIGIRR,5,2.0139252718332044,0.4108398137082275,GSE135893
control,NK Cells,SIRPA,5,0.014365773202439818,0.00464936669755946,GSE135893
control,NK Cells,SMO,5,0.0,0.0,GSE135893
control,NK Cells,SPP1,5,0.08338175107161847,0.01059439321857486,GSE135893
control,NK Cells,TGFB1,5,1.9881137458103482,0.40566805304448533,GSE135893
control,NK Cells,TGFBR1,5,0.3456077883746865,0.09045779160337877,GSE135893
control,NK Cells,TGFBR2,5,0.8642855484931886,0.21541568750451096,GSE135893
control,NK Cells,TGFBR3,5,0.9518883987320519,0.22462341694693846,GSE135893
control,NK Cells,TMED5,5,0.8030074677391672,0.20719219058500965,GSE135893
control,NK Cells,TNF,5,0.3758362758506419,0.060553589498228554,GSE135893
control,NK Cells,TYRO3,5,0.0,0.0,GSE135893
control,NK Cells,VANGL2,5,0.0,0.0,GSE135893
control,NK Cells,VASN,5,0.026638506482206482,0.00850601466346888,GSE135893
control,NK Cells,VEGFA,5,0.06917652135889471,0.01844854461887476,GSE135893
control,NK Cells,WNT1,5,0.00912734649170678,0.0039828229706409795,GSE135893
control,NK Cells,WNT10A,5,0.00809086149702572,0.00531500503552318,GSE135893
control,NK Cells,WNT10B,5,0.0,0.0,GSE135893
control,NK Cells,WNT11,5,0.00995356661175614,0.00298507462686566,GSE135893
control,NK Cells,WNT16,5,0.0,0.0,GSE135893
control,NK Cells,WNT2,5,0.00112931249149486,0.0015267175572519,GSE135893
control,NK Cells,WNT2B,5,0.01893189102029454,0.00617608425481136,GSE135893
control,NK Cells,WNT3,5,0.0,0.0,GSE135893
control,NK Cells,WNT3A,5,0.0,0.0,GSE135893
control,NK Cells,WNT4,5,0.0,0.0,GSE135893
control,NK Cells,WNT5A,5,0.0049568751858828,0.0015267175572519,GSE135893
control,NK Cells,WNT5B,5,0.0,0.0,GSE135893
control,NK Cells,WNT6,5,0.0,0.0,GSE135893
control,NK Cells,WNT7A,5,0.0,0.0,GSE135893
control,NK Cells,WNT7B,5,0.0,0.0,GSE135893
control,NK Cells,WNT8A,5,0.0,0.0,GSE135893
control,NK Cells,WNT8B,5,0.0,0.0,GSE135893
control,NK Cells,WNT9A,5,0.011619597613334639,0.00298507462686566,GSE135893
control,NK Cells,WNT9B,5,0.0,0.0,GSE135893
control,NK Cells,XCR1,5,0.0,0.0,GSE135893
control,Plasma Cells,ACKR1,2,0.0,0.0,GSE135893
control,Plasma Cells,ACKR2,2,0.0,0.0,GSE135893
control,Plasma Cells,ACKR3,2,0.0,0.0,GSE135893
control,Plasma Cells,ACKR4,2,0.0,0.0,GSE135893
control,Plasma Cells,ACVR1,2,0.037982310875886605,0.0355978727054383,GSE135893
control,Plasma Cells,ACVR1B,2,0.0054599339129599,0.0057471264367816,GSE135893
control,Plasma Cells,ACVR1C,2,0.0319378759734125,0.01492537313432835,GSE135893
control,Plasma Cells,ACVRL1,2,0.0,0.0,GSE135893
control,Plasma Cells,ADGRA2,2,0.0,0.0,GSE135893
control,Plasma Cells,ADRA2A,2,0.0,0.0,GSE135893
control,Plasma Cells,ADRB2,2,0.0932052102939938,0.07381197460971005,GSE135893
control,Plasma Cells,ANTXR1,2,0.0,0.0,GSE135893
control,Plasma Cells,APCDD1,2,0.02998144441607105,0.0114942528735632,GSE135893
control,Plasma Cells,AREG,2,0.532835952817741,0.14732372619660314,GSE135893
control,Plasma Cells,ATP6AP2,2,1.0406146080711105,0.6241636644364386,GSE135893
control,Plasma Cells,AVPR1A,2,0.0,0.0,GSE135893
control,Plasma Cells,CASP1,2,0.1862246951792546,0.20166409332647112,GSE135893
control,Plasma Cells,CAV1,2,0.5052218699526377,0.3621976325270201,GSE135893
control,Plasma Cells,CCL2,2,0.02890615791931125,0.01522559615714525,GSE135893
control,Plasma Cells,CCR1,2,0.023994465342424397,0.01320981300394575,GSE135893
control,Plasma Cells,CCR10,2,0.5501443611485352,0.30532681420483787,GSE135893
control,Plasma Cells,CCR2,2,0.3584284656559964,0.2277834963115457,GSE135893
control,Plasma Cells,CCR3,2,0.0,0.0,GSE135893
control,Plasma Cells,CCR4,2,0.0,0.0,GSE135893
control,Plasma Cells,CCR5,2,0.00320672334443285,0.00373134328358205,GSE135893
control,Plasma Cells,CD36,2,0.0510084503643373,0.03418253559787265,GSE135893
control,Plasma Cells,CD4,2,0.0448296349277888,0.02470406587750895,GSE135893
control,Plasma Cells,CD44,2,1.0845760272713656,0.542803225253045,GSE135893
control,Plasma Cells,CD82,2,0.0901799531698337,0.08813690169840449,GSE135893
control,Plasma Cells,CD9,2,0.2523402317052992,0.12836678675587576,GSE135893
control,Plasma Cells,CSF1,2,0.0,0.0,GSE135893
control,Plasma Cells,CSF1R,2,0.047158036015952004,0.03619831875107215,GSE135893
control,Plasma Cells,CXCL1,2,0.0,0.0,GSE135893
control,Plasma Cells,CXCL12,2,0.00854440870982845,0.00373134328358205,GSE135893
control,Plasma Cells,CXCL2,2,0.0579904631950307,0.0358980957282552,GSE135893
control,Plasma Cells,CXCR1,2,0.01466722988829435,0.00373134328358205,GSE135893
control,Plasma Cells,CXCR2,2,0.0,0.0,GSE135893
control,Plasma Cells,CXCR3,2,0.3691425765275353,0.24219420140675924,GSE135893
control,Plasma Cells,CXCR4,2,0.8242887361636082,0.34868759650025727,GSE135893
control,Plasma Cells,DPP4,2,0.0031831967954121,0.00373134328358205,GSE135893
control,Plasma Cells,EGFR,2,0.0,0.0,GSE135893
control,Plasma Cells,ENG,2,0.0186055565864492,0.00947846972036365,GSE135893
control,Plasma Cells,EPHA7,2,0.0,0.0,GSE135893
control,Plasma Cells,EPHB2,2,0.00184155551037605,0.0057471264367816,GSE135893
control,Plasma Cells,ERBB2,2,0.0041812452751928,0.00373134328358205,GSE135893
control,Plasma Cells,ERBB3,2,0.00158148773714405,0.0057471264367816,GSE135893
control,Plasma Cells,ERBB4,2,0.0,0.0,GSE135893
control,Plasma Cells,FGF10,2,0.0,0.0,GSE135893
control,Plasma Cells,FGF7,2,0.0164101924767505,0.0114942528735632,GSE135893
control,Plasma Cells,FGFR1,2,0.0016199284898767,0.00373134328358205,GSE135893
control,Plasma Cells,FGFR2,2,0.00316297547428815,0.0057471264367816,GSE135893
control,Plasma Cells,FGFR3,2,0.0,0.0,GSE135893
control,Plasma Cells,FGFR4,2,0.0021511927072846,0.0057471264367816,GSE135893
control,Plasma Cells,FGFRL1,2,0.011669206580481,0.01320981300394575,GSE135893
control,Plasma Cells,FLT1,2,0.00366295992973155,0.00746268656716415,GSE135893
control,Plasma Cells,FZD1,2,0.0,0.0,GSE135893
control,Plasma Cells,FZD10,2,0.0,0.0,GSE135893
control,Plasma Cells,FZD2,2,0.0041812452751928,0.00373134328358205,GSE135893
control,Plasma Cells,FZD3,2,0.05703218733150635,0.08359066735289065,GSE135893
control,Plasma Cells,FZD4,2,0.0072467338970326,0.00373134328358205,GSE135893
control,Plasma Cells,FZD5,2,0.0,0.0,GSE135893
control,Plasma Cells,FZD6,2,0.0315575746250092,0.03992966203465425,GSE135893
control,Plasma Cells,FZD7,2,0.0069117424951002,0.00947846972036365,GSE135893
control,Plasma Cells,FZD8,2,0.0,0.0,GSE135893
control,Plasma Cells,FZD9,2,0.0,0.0,GSE135893
control,Plasma Cells,GPC1,2,0.0018189987139679,0.0057471264367816,GSE135893
control,Plasma Cells,GRIN2B,2,0.0,0.0,GSE135893
control,Plasma Cells,GRM7,2,0.0,0.0,GSE135893
control,Plasma Cells,GSDMD,2,0.33748824186572524,0.3208526333848001,GSE135893
control,Plasma Cells,HBEGF,2,0.04854689991228315,0.030451192314290547,GSE135893
control,Plasma Cells,IL1A,2,0.01456895831128335,0.00746268656716415,GSE135893
control,Plasma Cells,IL1B,2,0.01855265026108385,0.01320981300394575,GSE135893
control,Plasma Cells,IL1R1,2,0.0,0.0,GSE135893
control,Plasma Cells,IL1R2,2,0.09366302954001544,0.04022988505747125,GSE135893
control,Plasma Cells,IL1RAP,2,0.0262841029296822,0.01320981300394575,GSE135893
control,Plasma Cells,IL1RN,2,0.0699322740802796,0.0419454451878538,GSE135893
control,Plasma Cells,IL6,2,0.0038059397017361,0.00373134328358205,GSE135893
control,Plasma Cells,ITGA4,2,2.6983046823096197,0.7122147881283238,GSE135893
control,Plasma Cells,ITGA5,2,0.01520001702401905,0.0057471264367816,GSE135893
control,Plasma Cells,ITGA9,2,0.0,0.0,GSE135893
control,Plasma Cells,ITGAV,2,0.0484713108715302,0.06634928804254585,GSE135893
control,Plasma Cells,ITGB1,2,1.7498039741721567,0.5690084062446389,GSE135893
control,Plasma Cells,ITGB3,2,0.01520001702401905,0.0057471264367816,GSE135893
control,Plasma Cells,ITGB5,2,0.0175294809384599,0.01119402985074625,GSE135893
control,Plasma Cells,ITGB6,2,0.00474446321143225,0.0057471264367816,GSE135893
control,Plasma Cells,ITGB8,2,0.0684876647278508,0.04104477611940295,GSE135893
control,Plasma Cells,KDR,2,0.0,0.0,GSE135893
control,Plasma Cells,KLRG2,2,0.0,0.0,GSE135893
control,Plasma Cells,LDLR,2,0.5784919704272944,0.2253817121290101,GSE135893
control,Plasma Cells,LGR5,2,0.0,0.0,GSE135893
control,Plasma Cells,LPP,2,0.08886050473880205,0.06978040830331095,GSE135893
control,Plasma Cells,LRP1,2,0.03973282382453065,0.03418253559787265,GSE135893
control,Plasma Cells,LRP2,2,0.0,0.0,GSE135893
control,Plasma Cells,LRP5,2,0.0210851992043084,0.03216675244467315,GSE135893
control,Plasma Cells,LRP6,2,0.03104443374605495,0.0114942528735632,GSE135893
control,Plasma Cells,MCAM,2,0.0430944091655063,0.024403842854692,GSE135893
control,Plasma Cells,MTNR1A,2,0.0,0.0,GSE135893
control,Plasma Cells,MUSK,2,0.0,0.0,GSE135893
control,Plasma Cells,NLRP3,2,0.046371480503013554,0.020672499571109948,GSE135893
control,Plasma Cells,NOTCH1,2,0.0676084030652999,0.0470921255790015,GSE135893
control,Plasma Cells,NRP1,2,0.0017245197040172,0.00373134328358205,GSE135893
control,Plasma Cells,NRP2,2,0.02417725824335185,0.02097272259392685,GSE135893
control,Plasma Cells,PRLR,2,0.0,0.0,GSE135893
control,Plasma Cells,PTK7,2,0.0,0.0,GSE135893
control,Plasma Cells,PTPRK,2,0.00158148773714405,0.0057471264367816,GSE135893
control,Plasma Cells,PYCARD,2,0.8748363585076058,0.5104220277920741,GSE135893
control,Plasma Cells,RECK,2,0.1118995096974146,0.05888660147538165,GSE135893
control,Plasma Cells,RET,2,0.0,0.0,GSE135893
control,Plasma Cells,ROR1,2,0.0,0.0,GSE135893
control,Plasma Cells,ROR2,2,0.00755791631270425,0.00373134328358205,GSE135893
control,Plasma Cells,RYK,2,0.07431059884023455,0.060602161605764246,GSE135893
control,Plasma Cells,SDC2,2,0.0,0.0,GSE135893
control,Plasma Cells,SDC4,2,0.0063063758433101,0.0114942528735632,GSE135893
control,Plasma Cells,SIGIRR,2,0.1526724204220542,0.12948190084062441,GSE135893
control,Plasma Cells,SIRPA,2,0.05811052610070985,0.03791387888145475,GSE135893
control,Plasma Cells,SMO,2,0.0,0.0,GSE135893
control,Plasma Cells,SPP1,2,0.0056381735925991,0.00373134328358205,GSE135893
control,Plasma Cells,TGFB1,2,0.2804247729273879,0.26942871847658256,GSE135893
control,Plasma Cells,TGFBR1,2,0.01517493135954565,0.0281351861382741,GSE135893
control,Plasma Cells,TGFBR2,2,0.0803098466127416,0.07209641447932745,GSE135893
control,Plasma Cells,TGFBR3,2,0.00561954216714155,0.00746268656716415,GSE135893
control,Plasma Cells,TMED5,2,1.3079548941436385,0.6565448618974095,GSE135893
control,Plasma Cells,TNF,2,0.032115201734177,0.020672499571109948,GSE135893
control,Plasma Cells,TYRO3,2,0.0,0.0,GSE135893
control,Plasma Cells,VANGL2,2,0.0,0.0,GSE135893
control,Plasma Cells,VASN,2,0.00305324679210625,0.0057471264367816,GSE135893
control,Plasma Cells,VEGFA,2,0.16259261576515296,0.098516040487219,GSE135893
control,Plasma Cells,WNT1,2,0.00599055686108335,0.00746268656716415,GSE135893
control,Plasma Cells,WNT10A,2,0.25460236114232565,0.1484388402813518,GSE135893
control,Plasma Cells,WNT10B,2,0.0,0.0,GSE135893
control,Plasma Cells,WNT11,2,0.0049605669951468,0.00746268656716415,GSE135893
control,Plasma Cells,WNT16,2,0.0,0.0,GSE135893
control,Plasma Cells,WNT2,2,0.00525956478153345,0.0057471264367816,GSE135893
control,Plasma Cells,WNT2B,2,0.0,0.0,GSE135893
control,Plasma Cells,WNT3,2,0.0,0.0,GSE135893
control,Plasma Cells,WNT3A,2,0.0,0.0,GSE135893
control,Plasma Cells,WNT4,2,0.0150527146065521,0.0057471264367816,GSE135893
control,Plasma Cells,WNT5A,2,0.0195380413087784,0.00947846972036365,GSE135893
control,Plasma Cells,WNT5B,2,0.03533362559444385,0.0358980957282552,GSE135893
control,Plasma Cells,WNT6,2,0.0,0.0,GSE135893
control,Plasma Cells,WNT7A,2,0.0,0.0,GSE135893
control,Plasma Cells,WNT7B,2,0.0,0.0,GSE135893
control,Plasma Cells,WNT8A,2,0.0,0.0,GSE135893
control,Plasma Cells,WNT8B,2,0.0,0.0,GSE135893
control,Plasma Cells,WNT9A,2,0.0022997704829058,0.0057471264367816,GSE135893
control,Plasma Cells,WNT9B,2,0.0,0.0,GSE135893
control,Plasma Cells,XCR1,2,0.01606228739817345,0.01895693944072735,GSE135893
control,Proliferating Macrophages,ACKR1,1,0.0063612503164722,0.010204081632653,GSE135893
control,Proliferating Macrophages,ACKR2,1,0.0,0.0,GSE135893
control,Proliferating Macrophages,ACKR3,1,0.274087063117841,0.2857142857142857,GSE135893
control,Proliferating Macrophages,ACKR4,1,0.0,0.0,GSE135893
control,Proliferating Macrophages,ACVR1,1,0.0806704761352056,0.1122448979591836,GSE135893
control,Proliferating Macrophages,ACVR1B,1,0.1002948508750656,0.1122448979591836,GSE135893
control,Proliferating Macrophages,ACVR1C,1,0.0,0.0,GSE135893
control,Proliferating Macrophages,ACVRL1,1,0.2510742970631619,0.3265306122448979,GSE135893
control,Proliferating Macrophages,ADGRA2,1,0.0210415411800989,0.0204081632653061,GSE135893
control,Proliferating Macrophages,ADRA2A,1,0.0,0.0,GSE135893
control,Proliferating Macrophages,ADRB2,1,0.3326768269134969,0.3571428571428571,GSE135893
control,Proliferating Macrophages,ANTXR1,1,0.0048093894672446,0.010204081632653,GSE135893
control,Proliferating Macrophages,APCDD1,1,0.0,0.0,GSE135893
control,Proliferating Macrophages,AREG,1,3.974412907943985,0.5204081632653061,GSE135893
control,Proliferating Macrophages,ATP6AP2,1,3.223109559130024,0.9285714285714286,GSE135893
control,Proliferating Macrophages,AVPR1A,1,0.0,0.0,GSE135893
control,Proliferating Macrophages,CASP1,1,1.1748663835812383,0.7653061224489796,GSE135893
control,Proliferating Macrophages,CAV1,1,0.1111190587753531,0.0816326530612244,GSE135893
control,Proliferating Macrophages,CCL2,1,0.0,0.0,GSE135893
control,Proliferating Macrophages,CCR1,1,0.2831377953680021,0.2959183673469387,GSE135893
control,Proliferating Macrophages,CCR10,1,0.0158478714067637,0.0306122448979591,GSE135893
control,Proliferating Macrophages,CCR2,1,0.0252365804056998,0.0204081632653061,GSE135893
control,Proliferating Macrophages,CCR3,1,0.0,0.0,GSE135893
control,Proliferating Macrophages,CCR4,1,0.0,0.0,GSE135893
control,Proliferating Macrophages,CCR5,1,0.0213215040003201,0.0204081632653061,GSE135893
control,Proliferating Macrophages,CD36,1,0.3997836731570561,0.336734693877551,GSE135893
control,Proliferating Macrophages,CD4,1,0.6565567059760239,0.5,GSE135893
control,Proliferating Macrophages,CD44,1,2.5023921513185226,0.9387755102040816,GSE135893
control,Proliferating Macrophages,CD82,1,0.2522823896892006,0.336734693877551,GSE135893
control,Proliferating Macrophages,CD9,1,5.724972374909243,0.9489795918367347,GSE135893
control,Proliferating Macrophages,CSF1,1,0.0389099125524557,0.0612244897959183,GSE135893
control,Proliferating Macrophages,CSF1R,1,0.2903003683866155,0.2959183673469387,GSE135893
control,Proliferating Macrophages,CXCL1,1,0.1926386492457477,0.1122448979591836,GSE135893
control,Proliferating Macrophages,CXCL12,1,0.0,0.0,GSE135893
control,Proliferating Macrophages,CXCL2,1,6.005700493877255,0.8061224489795918,GSE135893
control,Proliferating Macrophages,CXCR1,1,0.0,0.0,GSE135893
control,Proliferating Macrophages,CXCR2,1,0.0452273428284709,0.0714285714285714,GSE135893
control,Proliferating Macrophages,CXCR3,1,0.0250591395693837,0.010204081632653,GSE135893
control,Proliferating Macrophages,CXCR4,1,2.648189615895285,0.8163265306122449,GSE135893
control,Proliferating Macrophages,DPP4,1,0.0,0.0,GSE135893
control,Proliferating Macrophages,EGFR,1,0.0,0.0,GSE135893
control,Proliferating Macrophages,ENG,1,0.8732026359426379,0.6836734693877551,GSE135893
control,Proliferating Macrophages,EPHA7,1,0.0,0.0,GSE135893
control,Proliferating Macrophages,EPHB2,1,0.015593465172014,0.0204081632653061,GSE135893
control,Proliferating Macrophages,ERBB2,1,0.0046850696201345,0.010204081632653,GSE135893
control,Proliferating Macrophages,ERBB3,1,0.0,0.0,GSE135893
control,Proliferating Macrophages,ERBB4,1,0.0,0.0,GSE135893
control,Proliferating Macrophages,FGF10,1,0.0033233720794206,0.010204081632653,GSE135893
control,Proliferating Macrophages,FGF7,1,0.0,0.0,GSE135893
control,Proliferating Macrophages,FGFR1,1,0.178505040770058,0.2040816326530612,GSE135893
control,Proliferating Macrophages,FGFR2,1,0.0,0.0,GSE135893
control,Proliferating Macrophages,FGFR3,1,0.0,0.0,GSE135893
control,Proliferating Macrophages,FGFR4,1,0.0037100354976196,0.010204081632653,GSE135893
control,Proliferating Macrophages,FGFRL1,1,0.0240538947169644,0.0408163265306122,GSE135893
control,Proliferating Macrophages,FLT1,1,0.0162399334305995,0.0306122448979591,GSE135893
control,Proliferating Macrophages,FZD1,1,0.0099171071689344,0.0204081632653061,GSE135893
control,Proliferating Macrophages,FZD10,1,0.0,0.0,GSE135893
control,Proliferating Macrophages,FZD2,1,0.0,0.0,GSE135893
control,Proliferating Macrophages,FZD3,1,0.0250591395693837,0.010204081632653,GSE135893
control,Proliferating Macrophages,FZD4,1,0.0581922849658898,0.0714285714285714,GSE135893
control,Proliferating Macrophages,FZD5,1,0.0147411859515022,0.0306122448979591,GSE135893
control,Proliferating Macrophages,FZD6,1,0.0061738151214019,0.010204081632653,GSE135893
control,Proliferating Macrophages,FZD7,1,0.0324751497767446,0.0306122448979591,GSE135893
control,Proliferating Macrophages,FZD8,1,0.0115889626719512,0.010204081632653,GSE135893
control,Proliferating Macrophages,FZD9,1,0.0,0.0,GSE135893
control,Proliferating Macrophages,GPC1,1,0.0049065161478352,0.010204081632653,GSE135893
control,Proliferating Macrophages,GRIN2B,1,0.0,0.0,GSE135893
control,Proliferating Macrophages,GRM7,1,0.0,0.0,GSE135893
control,Proliferating Macrophages,GSDMD,1,0.516848342874875,0.5510204081632653,GSE135893
control,Proliferating Macrophages,HBEGF,1,0.7117186306855418,0.5510204081632653,GSE135893
control,Proliferating Macrophages,IL1A,1,0.0797386016919118,0.0918367346938775,GSE135893
control,Proliferating Macrophages,IL1B,1,1.0778559787756066,0.4081632653061224,GSE135893
control,Proliferating Macrophages,IL1R1,1,0.0232372853079476,0.0306122448979591,GSE135893
control,Proliferating Macrophages,IL1R2,1,0.4046604218860816,0.2142857142857142,GSE135893
control,Proliferating Macrophages,IL1RAP,1,0.3359366410316339,0.4183673469387755,GSE135893
control,Proliferating Macrophages,IL1RN,1,0.1038615786396503,0.173469387755102,GSE135893
control,Proliferating Macrophages,IL6,1,0.1810837167471339,0.1836734693877551,GSE135893
control,Proliferating Macrophages,ITGA4,1,0.0948484699812121,0.1020408163265306,GSE135893
control,Proliferating Macrophages,ITGA5,1,0.2448413846939358,0.2653061224489796,GSE135893
control,Proliferating Macrophages,ITGA9,1,0.0098733252372066,0.010204081632653,GSE135893
control,Proliferating Macrophages,ITGAV,1,0.2599740875259083,0.3469387755102041,GSE135893
control,Proliferating Macrophages,ITGB1,1,1.5468109052655916,0.8061224489795918,GSE135893
control,Proliferating Macrophages,ITGB3,1,0.0,0.0,GSE135893
control,Proliferating Macrophages,ITGB5,1,0.1708110404931488,0.1938775510204081,GSE135893
control,Proliferating Macrophages,ITGB6,1,0.0,0.0,GSE135893
control,Proliferating Macrophages,ITGB8,1,0.2654062388247532,0.336734693877551,GSE135893
control,Proliferating Macrophages,KDR,1,0.0155498329187233,0.0204081632653061,GSE135893
control,Proliferating Macrophages,KLRG2,1,0.0,0.0,GSE135893
control,Proliferating Macrophages,LDLR,1,0.0492668605167442,0.0816326530612244,GSE135893
control,Proliferating Macrophages,LGR5,1,0.0,0.0,GSE135893
control,Proliferating Macrophages,LPP,1,0.2926790805439234,0.336734693877551,GSE135893
control,Proliferating Macrophages,LRP1,1,1.2148155247356958,0.7040816326530612,GSE135893
control,Proliferating Macrophages,LRP2,1,0.0,0.0,GSE135893
control,Proliferating Macrophages,LRP5,1,0.0,0.0,GSE135893
control,Proliferating Macrophages,LRP6,1,0.0,0.0,GSE135893
control,Proliferating Macrophages,MCAM,1,0.0037100354976196,0.010204081632653,GSE135893
control,Proliferating Macrophages,MTNR1A,1,0.0,0.0,GSE135893
control,Proliferating Macrophages,MUSK,1,0.0,0.0,GSE135893
control,Proliferating Macrophages,NLRP3,1,0.1376677931923036,0.1020408163265306,GSE135893
control,Proliferating Macrophages,NOTCH1,1,0.1110902053428085,0.1530612244897959,GSE135893
control,Proliferating Macrophages,NRP1,1,0.3711430501603334,0.4081632653061224,GSE135893
control,Proliferating Macrophages,NRP2,1,0.1821000221143291,0.2346938775510204,GSE135893
control,Proliferating Macrophages,PRLR,1,0.0,0.0,GSE135893
control,Proliferating Macrophages,PTK7,1,0.0,0.0,GSE135893
control,Proliferating Macrophages,PTPRK,1,0.0,0.0,GSE135893
control,Proliferating Macrophages,PYCARD,1,3.4293959465791346,0.9387755102040816,GSE135893
control,Proliferating Macrophages,RECK,1,0.112018838235908,0.2040816326530612,GSE135893
control,Proliferating Macrophages,RET,1,0.0,0.0,GSE135893
control,Proliferating Macrophages,ROR1,1,0.0,0.0,GSE135893
control,Proliferating Macrophages,ROR2,1,0.0,0.0,GSE135893
control,Proliferating Macrophages,RYK,1,0.0925791959083443,0.1428571428571428,GSE135893
control,Proliferating Macrophages,SDC2,1,0.5171190522747522,0.3979591836734694,GSE135893
control,Proliferating Macrophages,SDC4,1,0.2680215092889439,0.3469387755102041,GSE135893
control,Proliferating Macrophages,SIGIRR,1,0.2517936796959636,0.2857142857142857,GSE135893
control,Proliferating Macrophages,SIRPA,1,0.7136735061163978,0.6122448979591837,GSE135893
control,Proliferating Macrophages,SMO,1,0.0,0.0,GSE135893
control,Proliferating Macrophages,SPP1,1,0.0,0.0,GSE135893
control,Proliferating Macrophages,TGFB1,1,0.779730006602929,0.6020408163265306,GSE135893
control,Proliferating Macrophages,TGFBR1,1,0.1141668618121404,0.1530612244897959,GSE135893
control,Proliferating Macrophages,TGFBR2,1,0.5164691502741263,0.5102040816326531,GSE135893
control,Proliferating Macrophages,TGFBR3,1,0.015263682980972,0.0204081632653061,GSE135893
control,Proliferating Macrophages,TMED5,1,1.474804101398816,0.8163265306122449,GSE135893
control,Proliferating Macrophages,TNF,1,1.0891243516517002,0.5816326530612245,GSE135893
control,Proliferating Macrophages,TYRO3,1,0.02405830359388,0.0408163265306122,GSE135893
control,Proliferating Macrophages,VANGL2,1,0.0,0.0,GSE135893
control,Proliferating Macrophages,VASN,1,0.0269456768747897,0.0204081632653061,GSE135893
control,Proliferating Macrophages,VEGFA,1,0.0356190062466849,0.0408163265306122,GSE135893
control,Proliferating Macrophages,WNT1,1,0.0,0.0,GSE135893
control,Proliferating Macrophages,WNT10A,1,0.0,0.0,GSE135893
control,Proliferating Macrophages,WNT10B,1,0.0,0.0,GSE135893
control,Proliferating Macrophages,WNT11,1,0.0,0.0,GSE135893
control,Proliferating Macrophages,WNT16,1,0.0,0.0,GSE135893
control,Proliferating Macrophages,WNT2,1,0.0,0.0,GSE135893
control,Proliferating Macrophages,WNT2B,1,0.0330028582861144,0.0408163265306122,GSE135893
control,Proliferating Macrophages,WNT3,1,0.0,0.0,GSE135893
control,Proliferating Macrophages,WNT3A,1,0.0,0.0,GSE135893
control,Proliferating Macrophages,WNT4,1,0.0,0.0,GSE135893
control,Proliferating Macrophages,WNT5A,1,0.0111346468078447,0.0306122448979591,GSE135893
control,Proliferating Macrophages,WNT5B,1,0.0312261132522465,0.0408163265306122,GSE135893
control,Proliferating Macrophages,WNT6,1,0.0,0.0,GSE135893
control,Proliferating Macrophages,WNT7A,1,0.0,0.0,GSE135893
control,Proliferating Macrophages,WNT7B,1,0.0,0.0,GSE135893
control,Proliferating Macrophages,WNT8A,1,0.0,0.0,GSE135893
control,Proliferating Macrophages,WNT8B,1,0.0,0.0,GSE135893
control,Proliferating Macrophages,WNT9A,1,0.0,0.0,GSE135893
control,Proliferating Macrophages,WNT9B,1,0.0,0.0,GSE135893
control,Proliferating Macrophages,XCR1,1,0.0,0.0,GSE135893
control,Proliferating T Cells,ACKR1,2,0.001237056675999,0.00245098039215685,GSE135893
control,Proliferating T Cells,ACKR2,2,0.0,0.0,GSE135893
control,Proliferating T Cells,ACKR3,2,0.0114841151718942,0.0069444444444444,GSE135893
control,Proliferating T Cells,ACKR4,2,0.00927698861527955,0.00245098039215685,GSE135893
control,Proliferating T Cells,ACVR1,2,0.01625920328146525,0.017156862745098,GSE135893
control,Proliferating T Cells,ACVR1B,2,0.0620692122986554,0.0351307189542483,GSE135893
control,Proliferating T Cells,ACVR1C,2,0.0,0.0,GSE135893
control,Proliferating T Cells,ACVRL1,2,0.0027328983083194,0.00735294117647055,GSE135893
control,Proliferating T Cells,ADGRA2,2,0.0,0.0,GSE135893
control,Proliferating T Cells,ADRA2A,2,0.0,0.0,GSE135893
control,Proliferating T Cells,ADRB2,2,0.6252519191462705,0.2855392156862745,GSE135893
control,Proliferating T Cells,ANTXR1,2,0.00048808754025745,0.00245098039215685,GSE135893
control,Proliferating T Cells,APCDD1,2,0.0,0.0,GSE135893
control,Proliferating T Cells,AREG,2,0.9231181897987598,0.2790032679738562,GSE135893
control,Proliferating T Cells,ATP6AP2,2,1.0717004694959413,0.579656862745098,GSE135893
control,Proliferating T Cells,AVPR1A,2,0.0,0.0,GSE135893
control,Proliferating T Cells,CASP1,2,0.6577961478223007,0.4162581699346405,GSE135893
control,Proliferating T Cells,CAV1,2,0.07636058607646054,0.033496732026143755,GSE135893
control,Proliferating T Cells,CCL2,2,0.0501711312163466,0.00939542483660125,GSE135893
control,Proliferating T Cells,CCR1,2,0.10296516604065309,0.088235294117647,GSE135893
control,Proliferating T Cells,CCR10,2,0.00701104941387625,0.0069444444444444,GSE135893
control,Proliferating T Cells,CCR2,2,0.0708508265898356,0.03267973856209145,GSE135893
control,Proliferating T Cells,CCR3,2,0.011915218042047149,0.0118464052287581,GSE135893
control,Proliferating T Cells,CCR4,2,0.0167558075629013,0.0069444444444444,GSE135893
control,Proliferating T Cells,CCR5,2,0.1360423075458364,0.1360294117647058,GSE135893
control,Proliferating T Cells,CD36,2,0.052900226431271104,0.01429738562091495,GSE135893
control,Proliferating T Cells,CD4,2,0.16488012999111681,0.0776143790849673,GSE135893
control,Proliferating T Cells,CD44,2,2.3171923683883007,0.747140522875817,GSE135893
control,Proliferating T Cells,CD82,2,0.3198755657291808,0.11151960784313725,GSE135893
control,Proliferating T Cells,CD9,2,0.11662605523268725,0.06821895424836595,GSE135893
control,Proliferating T Cells,CSF1,2,0.08417029745624825,0.0375816993464052,GSE135893
control,Proliferating T Cells,CSF1R,2,0.02928288523144335,0.02859477124183,GSE135893
control,Proliferating T Cells,CXCL1,2,0.0,0.0,GSE135893
control,Proliferating T Cells,CXCL12,2,0.0,0.0,GSE135893
control,Proliferating T Cells,CXCL2,2,0.03655455997626495,0.02165032679738555,GSE135893
control,Proliferating T Cells,CXCR1,2,0.03216548629834435,0.02777777777777775,GSE135893
control,Proliferating T Cells,CXCR2,2,0.0642961576384021,0.04656862745098035,GSE135893
control,Proliferating T Cells,CXCR3,2,0.7708788591589569,0.3533496732026144,GSE135893
control,Proliferating T Cells,CXCR4,2,4.560828052125807,0.8161764705882353,GSE135893
control,Proliferating T Cells,DPP4,2,0.20644698082727125,0.08864379084967315,GSE135893
control,Proliferating T Cells,EGFR,2,0.00362480745793855,0.00735294117647055,GSE135893
control,Proliferating T Cells,ENG,2,0.09422746111692584,0.09599673202614376,GSE135893
control,Proliferating T Cells,EPHA7,2,0.0,0.0,GSE135893
control,Proliferating T Cells,EPHB2,2,0.0016631707061352,0.0049019607843137,GSE135893
control,Proliferating T Cells,ERBB2,2,0.05750141553946485,0.05024509803921565,GSE135893
control,Proliferating T Cells,ERBB3,2,0.0097921400983827,0.0118464052287581,GSE135893
control,Proliferating T Cells,ERBB4,2,0.0007381581713519,0.00245098039215685,GSE135893
control,Proliferating T Cells,FGF10,2,0.0,0.0,GSE135893
control,Proliferating T Cells,FGF7,2,0.0351615855713319,0.0049019607843137,GSE135893
control,Proliferating T Cells,FGFR1,2,0.13362006065540125,0.079656862745098,GSE135893
control,Proliferating T Cells,FGFR2,2,0.00213230478231165,0.00735294117647055,GSE135893
control,Proliferating T Cells,FGFR3,2,0.0009060590707023,0.00245098039215685,GSE135893
control,Proliferating T Cells,FGFR4,2,0.0,0.0,GSE135893
control,Proliferating T Cells,FGFRL1,2,0.00188281768551795,0.0049019607843137,GSE135893
control,Proliferating T Cells,FLT1,2,0.00408024056116025,0.0049019607843137,GSE135893
control,Proliferating T Cells,FZD1,2,0.0013712545553076,0.00245098039215685,GSE135893
control,Proliferating T Cells,FZD10,2,0.0,0.0,GSE135893
control,Proliferating T Cells,FZD2,2,0.0,0.0,GSE135893
control,Proliferating T Cells,FZD3,2,0.01479050684512295,0.01674836601307185,GSE135893
control,Proliferating T Cells,FZD4,2,0.00893361899593475,0.0118464052287581,GSE135893
control,Proliferating T Cells,FZD5,2,0.00227739635475405,0.0049019607843137,GSE135893
control,Proliferating T Cells,FZD6,2,0.050138040250241,0.035947712418300595,GSE135893
control,Proliferating T Cells,FZD7,2,0.0,0.0,GSE135893
control,Proliferating T Cells,FZD8,2,0.0019805902158843,0.00245098039215685,GSE135893
control,Proliferating T Cells,FZD9,2,0.0,0.0,GSE135893
control,Proliferating T Cells,GPC1,2,0.056618286298568646,0.044526143790849654,GSE135893
control,Proliferating T Cells,GRIN2B,2,0.0,0.0,GSE135893
control,Proliferating T Cells,GRM7,2,0.0009313650980988,0.00245098039215685,GSE135893
control,Proliferating T Cells,GSDMD,2,1.0557380795497275,0.556781045751634,GSE135893
control,Proliferating T Cells,HBEGF,2,0.0398277619010024,0.0236928104575163,GSE135893
control,Proliferating T Cells,IL1A,2,0.00058012743311245,0.00245098039215685,GSE135893
control,Proliferating T Cells,IL1B,2,0.02543202825127355,0.00939542483660125,GSE135893
control,Proliferating T Cells,IL1R1,2,0.023281488879607848,0.0212418300653594,GSE135893
control,Proliferating T Cells,IL1R2,2,0.071038870833326,0.031454248366013,GSE135893
control,Proliferating T Cells,IL1RAP,2,0.0218319159172727,0.0265522875816993,GSE135893
control,Proliferating T Cells,IL1RN,2,0.0079586684505924,0.01470588235294115,GSE135893
control,Proliferating T Cells,IL6,2,0.0040249308636967,0.0049019607843137,GSE135893
control,Proliferating T Cells,ITGA4,2,2.505755637981501,0.7401960784313726,GSE135893
control,Proliferating T Cells,ITGA5,2,0.1234668901310777,0.09395424836601304,GSE135893
control,Proliferating T Cells,ITGA9,2,0.0,0.0,GSE135893
control,Proliferating T Cells,ITGAV,2,0.19661384948635502,0.142156862745098,GSE135893
control,Proliferating T Cells,ITGB1,2,2.7953893926476794,0.767156862745098,GSE135893
control,Proliferating T Cells,ITGB3,2,0.0,0.0,GSE135893
control,Proliferating T Cells,ITGB5,2,0.0008296034362838,0.00245098039215685,GSE135893
control,Proliferating T Cells,ITGB6,2,0.0017143332518668,0.0049019607843137,GSE135893
control,Proliferating T Cells,ITGB8,2,0.0030221706438432,0.00245098039215685,GSE135893
control,Proliferating T Cells,KDR,2,0.0032301813166863,0.0049019607843137,GSE135893
control,Proliferating T Cells,KLRG2,2,0.0,0.0,GSE135893
control,Proliferating T Cells,LDLR,2,0.407563570680695,0.19934640522875813,GSE135893
control,Proliferating T Cells,LGR5,2,0.0,0.0,GSE135893
control,Proliferating T Cells,LPP,2,0.4852777209426007,0.24999999999999994,GSE135893
control,Proliferating T Cells,LRP1,2,0.019856384826033,0.017156862745098,GSE135893
control,Proliferating T Cells,LRP2,2,0.0,0.0,GSE135893
control,Proliferating T Cells,LRP5,2,0.01454863028861875,0.0191993464052287,GSE135893
control,Proliferating T Cells,LRP6,2,0.029239931644317648,0.01429738562091495,GSE135893
control,Proliferating T Cells,MCAM,2,0.00283612635056335,0.00245098039215685,GSE135893
control,Proliferating T Cells,MTNR1A,2,0.0,0.0,GSE135893
control,Proliferating T Cells,MUSK,2,0.0,0.0,GSE135893
control,Proliferating T Cells,NLRP3,2,0.04141291182801515,0.025735294117647002,GSE135893
control,Proliferating T Cells,NOTCH1,2,0.09935799961649636,0.076797385620915,GSE135893
control,Proliferating T Cells,NRP1,2,0.00321442051395865,0.0049019607843137,GSE135893
control,Proliferating T Cells,NRP2,2,0.0008296034362838,0.00245098039215685,GSE135893
control,Proliferating T Cells,PRLR,2,0.0,0.0,GSE135893
control,Proliferating T Cells,PTK7,2,0.0009313650980988,0.00245098039215685,GSE135893
control,Proliferating T Cells,PTPRK,2,0.0148139695959788,0.0245098039215686,GSE135893
control,Proliferating T Cells,PYCARD,2,1.3583174144944745,0.633578431372549,GSE135893
control,Proliferating T Cells,RECK,2,0.23117883302782674,0.15073529411764705,GSE135893
control,Proliferating T Cells,RET,2,0.0,0.0,GSE135893
control,Proliferating T Cells,ROR1,2,0.00246867775614175,0.0049019607843137,GSE135893
control,Proliferating T Cells,ROR2,2,0.0,0.0,GSE135893
control,Proliferating T Cells,RYK,2,0.0628739394042423,0.05964052287581695,GSE135893
control,Proliferating T Cells,SDC2,2,0.00439207391691935,0.00980392156862745,GSE135893
control,Proliferating T Cells,SDC4,2,0.12493520503840655,0.071078431372549,GSE135893
control,Proliferating T Cells,SIGIRR,2,1.3027345090034665,0.6217320261437909,GSE135893
control,Proliferating T Cells,SIRPA,2,0.02273247269229715,0.0265522875816993,GSE135893
control,Proliferating T Cells,SMO,2,0.0,0.0,GSE135893
control,Proliferating T Cells,SPP1,2,0.00148140247334955,0.00245098039215685,GSE135893
control,Proliferating T Cells,TGFB1,2,1.2287606412641676,0.5992647058823529,GSE135893
control,Proliferating T Cells,TGFBR1,2,0.27525170883509453,0.1805555555555555,GSE135893
control,Proliferating T Cells,TGFBR2,2,0.8759871747100183,0.44485294117647056,GSE135893
control,Proliferating T Cells,TGFBR3,2,0.9687751456317073,0.44648692810457513,GSE135893
control,Proliferating T Cells,TMED5,2,0.8874082668545296,0.4889705882352941,GSE135893
control,Proliferating T Cells,TNF,2,3.1675935196154916,0.3680555555555556,GSE135893
control,Proliferating T Cells,TYRO3,2,0.0025972029163472,0.00245098039215685,GSE135893
control,Proliferating T Cells,VANGL2,2,0.0,0.0,GSE135893
control,Proliferating T Cells,VASN,2,0.0,0.0,GSE135893
control,Proliferating T Cells,VEGFA,2,0.0009761750805149,0.00245098039215685,GSE135893
control,Proliferating T Cells,WNT1,2,0.00555274216619135,0.00245098039215685,GSE135893
control,Proliferating T Cells,WNT10A,2,0.0082027456230149,0.0069444444444444,GSE135893
control,Proliferating T Cells,WNT10B,2,0.0096956189879948,0.00939542483660125,GSE135893
control,Proliferating T Cells,WNT11,2,0.0166292248318747,0.00939542483660125,GSE135893
control,Proliferating T Cells,WNT16,2,0.0,0.0,GSE135893
control,Proliferating T Cells,WNT2,2,0.0,0.0,GSE135893
control,Proliferating T Cells,WNT2B,2,0.0,0.0,GSE135893
control,Proliferating T Cells,WNT3,2,0.0009060590707023,0.00245098039215685,GSE135893
control,Proliferating T Cells,WNT3A,2,0.0,0.0,GSE135893
control,Proliferating T Cells,WNT4,2,0.0019805902158843,0.00245098039215685,GSE135893
control,Proliferating T Cells,WNT5A,2,0.00486723950247095,0.0049019607843137,GSE135893
control,Proliferating T Cells,WNT5B,2,0.01120411483738865,0.00939542483660125,GSE135893
control,Proliferating T Cells,WNT6,2,0.00112818430018725,0.00245098039215685,GSE135893
control,Proliferating T Cells,WNT7A,2,0.0,0.0,GSE135893
control,Proliferating T Cells,WNT7B,2,0.00141945263835625,0.0049019607843137,GSE135893
control,Proliferating T Cells,WNT8A,2,0.0,0.0,GSE135893
control,Proliferating T Cells,WNT8B,2,0.0,0.0,GSE135893
control,Proliferating T Cells,WNT9A,2,0.0,0.0,GSE135893
control,Proliferating T Cells,WNT9B,2,0.0,0.0,GSE135893
control,Proliferating T Cells,XCR1,2,0.0,0.0,GSE135893
control,SCGB3A2+ SCGB1A1+,ACKR1,1,0.0,0.0,GSE135893
control,SCGB3A2+ SCGB1A1+,ACKR2,1,0.0201717039329475,0.0175438596491228,GSE135893
control,SCGB3A2+ SCGB1A1+,ACKR3,1,0.1887223854480547,0.1929824561403508,GSE135893
control,SCGB3A2+ SCGB1A1+,ACKR4,1,0.0044643136162458,0.0087719298245614,GSE135893
control,SCGB3A2+ SCGB1A1+,ACVR1,1,0.1257107301859824,0.1403508771929824,GSE135893
control,SCGB3A2+ SCGB1A1+,ACVR1B,1,0.0887651516909756,0.0701754385964912,GSE135893
control,SCGB3A2+ SCGB1A1+,ACVR1C,1,0.0,0.0,GSE135893
control,SCGB3A2+ SCGB1A1+,ACVRL1,1,0.0,0.0,GSE135893
control,SCGB3A2+ SCGB1A1+,ADGRA2,1,0.0,0.0,GSE135893
control,SCGB3A2+ SCGB1A1+,ADRA2A,1,0.1700042195502927,0.1228070175438596,GSE135893
control,SCGB3A2+ SCGB1A1+,ADRB2,1,0.0676455388163908,0.0614035087719298,GSE135893
control,SCGB3A2+ SCGB1A1+,ANTXR1,1,0.0657651636325182,0.043859649122807,GSE135893
control,SCGB3A2+ SCGB1A1+,APCDD1,1,0.0077951922372357,0.0087719298245614,GSE135893
control,SCGB3A2+ SCGB1A1+,AREG,1,0.0511191789757056,0.043859649122807,GSE135893
control,SCGB3A2+ SCGB1A1+,ATP6AP2,1,0.3798334294120588,0.2894736842105263,GSE135893
control,SCGB3A2+ SCGB1A1+,AVPR1A,1,0.0,0.0,GSE135893
control,SCGB3A2+ SCGB1A1+,CASP1,1,0.0907223862908706,0.0526315789473684,GSE135893
control,SCGB3A2+ SCGB1A1+,CAV1,1,1.8873111053953389,0.4122807017543859,GSE135893
control,SCGB3A2+ SCGB1A1+,CCL2,1,2.0967544788391046,0.1666666666666666,GSE135893
control,SCGB3A2+ SCGB1A1+,CCR1,1,0.0,0.0,GSE135893
control,SCGB3A2+ SCGB1A1+,CCR10,1,0.0,0.0,GSE135893
control,SCGB3A2+ SCGB1A1+,CCR2,1,0.0,0.0,GSE135893
control,SCGB3A2+ SCGB1A1+,CCR3,1,0.0,0.0,GSE135893
control,SCGB3A2+ SCGB1A1+,CCR4,1,0.0,0.0,GSE135893
control,SCGB3A2+ SCGB1A1+,CCR5,1,0.0,0.0,GSE135893
control,SCGB3A2+ SCGB1A1+,CD36,1,0.0,0.0,GSE135893
control,SCGB3A2+ SCGB1A1+,CD4,1,0.0151501378662545,0.0087719298245614,GSE135893
control,SCGB3A2+ SCGB1A1+,CD44,1,0.4740726314617963,0.219298245614035,GSE135893
control,SCGB3A2+ SCGB1A1+,CD82,1,0.74015096723918,0.4561403508771929,GSE135893
control,SCGB3A2+ SCGB1A1+,CD9,1,3.9690143976975474,0.7982456140350878,GSE135893
control,SCGB3A2+ SCGB1A1+,CSF1,1,0.0995232481819918,0.1052631578947368,GSE135893
control,SCGB3A2+ SCGB1A1+,CSF1R,1,0.0,0.0,GSE135893
control,SCGB3A2+ SCGB1A1+,CXCL1,1,7.946404086419788,0.4649122807017544,GSE135893
control,SCGB3A2+ SCGB1A1+,CXCL12,1,0.0,0.0,GSE135893
control,SCGB3A2+ SCGB1A1+,CXCL2,1,13.16857295665362,0.6403508771929824,GSE135893
control,SCGB3A2+ SCGB1A1+,CXCR1,1,0.0,0.0,GSE135893
control,SCGB3A2+ SCGB1A1+,CXCR2,1,0.0,0.0,GSE135893
control,SCGB3A2+ SCGB1A1+,CXCR3,1,0.0,0.0,GSE135893
control,SCGB3A2+ SCGB1A1+,CXCR4,1,0.0075295534974775,0.0087719298245614,GSE135893
control,SCGB3A2+ SCGB1A1+,DPP4,1,0.015255530129672,0.0087719298245614,GSE135893
control,SCGB3A2+ SCGB1A1+,EGFR,1,0.1443350917294356,0.131578947368421,GSE135893
control,SCGB3A2+ SCGB1A1+,ENG,1,0.0055437842536569,0.0087719298245614,GSE135893
control,SCGB3A2+ SCGB1A1+,EPHA7,1,0.0212516112097643,0.0175438596491228,GSE135893
control,SCGB3A2+ SCGB1A1+,EPHB2,1,0.0098944555619972,0.0175438596491228,GSE135893
control,SCGB3A2+ SCGB1A1+,ERBB2,1,0.4235458553589519,0.2894736842105263,GSE135893
control,SCGB3A2+ SCGB1A1+,ERBB3,1,0.5045613304240288,0.3333333333333333,GSE135893
control,SCGB3A2+ SCGB1A1+,ERBB4,1,0.0626335024038756,0.0263157894736842,GSE135893
control,SCGB3A2+ SCGB1A1+,FGF10,1,0.0,0.0,GSE135893
control,SCGB3A2+ SCGB1A1+,FGF7,1,0.0,0.0,GSE135893
control,SCGB3A2+ SCGB1A1+,FGFR1,1,0.0,0.0,GSE135893
control,SCGB3A2+ SCGB1A1+,FGFR2,1,0.5218645613363397,0.2719298245614035,GSE135893
control,SCGB3A2+ SCGB1A1+,FGFR3,1,0.2089864451685744,0.1403508771929824,GSE135893
control,SCGB3A2+ SCGB1A1+,FGFR4,1,0.0,0.0,GSE135893
control,SCGB3A2+ SCGB1A1+,FGFRL1,1,0.0100583990649712,0.0087719298245614,GSE135893
control,SCGB3A2+ SCGB1A1+,FLT1,1,0.0,0.0,GSE135893
control,SCGB3A2+ SCGB1A1+,FZD1,1,0.0099144098104436,0.0175438596491228,GSE135893
control,SCGB3A2+ SCGB1A1+,FZD10,1,0.0,0.0,GSE135893
control,SCGB3A2+ SCGB1A1+,FZD2,1,0.0,0.0,GSE135893
control,SCGB3A2+ SCGB1A1+,FZD3,1,0.0734478890377823,0.0701754385964912,GSE135893
control,SCGB3A2+ SCGB1A1+,FZD4,1,0.0105487485365214,0.0175438596491228,GSE135893
control,SCGB3A2+ SCGB1A1+,FZD5,1,0.1162906264395857,0.087719298245614,GSE135893
control,SCGB3A2+ SCGB1A1+,FZD6,1,0.073366717908893,0.0789473684210526,GSE135893
control,SCGB3A2+ SCGB1A1+,FZD7,1,0.0,0.0,GSE135893
control,SCGB3A2+ SCGB1A1+,FZD8,1,0.0033766763509744,0.0087719298245614,GSE135893
control,SCGB3A2+ SCGB1A1+,FZD9,1,0.0,0.0,GSE135893
control,SCGB3A2+ SCGB1A1+,GPC1,1,0.0866077536064828,0.0614035087719298,GSE135893
control,SCGB3A2+ SCGB1A1+,GRIN2B,1,0.0,0.0,GSE135893
control,SCGB3A2+ SCGB1A1+,GRM7,1,0.0,0.0,GSE135893
control,SCGB3A2+ SCGB1A1+,GSDMD,1,0.341619310873365,0.2456140350877192,GSE135893
control,SCGB3A2+ SCGB1A1+,HBEGF,1,0.0257046084644804,0.0350877192982456,GSE135893
control,SCGB3A2+ SCGB1A1+,IL1A,1,0.0,0.0,GSE135893
control,SCGB3A2+ SCGB1A1+,IL1B,1,0.0042571850640919,0.0087719298245614,GSE135893
control,SCGB3A2+ SCGB1A1+,IL1R1,1,0.2902751552338406,0.2017543859649122,GSE135893
control,SCGB3A2+ SCGB1A1+,IL1R2,1,0.0085396513089577,0.0087719298245614,GSE135893
control,SCGB3A2+ SCGB1A1+,IL1RAP,1,0.0175896882433451,0.0263157894736842,GSE135893
control,SCGB3A2+ SCGB1A1+,IL1RN,1,0.0,0.0,GSE135893
control,SCGB3A2+ SCGB1A1+,IL6,1,0.4778125393276102,0.1140350877192982,GSE135893
control,SCGB3A2+ SCGB1A1+,ITGA4,1,0.0154381024719489,0.0087719298245614,GSE135893
control,SCGB3A2+ SCGB1A1+,ITGA5,1,0.0029193057190366,0.0087719298245614,GSE135893
control,SCGB3A2+ SCGB1A1+,ITGA9,1,0.0683592621357825,0.043859649122807,GSE135893
control,SCGB3A2+ SCGB1A1+,ITGAV,1,0.0541198971450507,0.043859649122807,GSE135893
control,SCGB3A2+ SCGB1A1+,ITGB1,1,0.4790212124099309,0.2982456140350877,GSE135893
control,SCGB3A2+ SCGB1A1+,ITGB3,1,0.0227952228333542,0.0175438596491228,GSE135893
control,SCGB3A2+ SCGB1A1+,ITGB5,1,0.0310223799555637,0.0350877192982456,GSE135893
control,SCGB3A2+ SCGB1A1+,ITGB6,1,0.0269944455154792,0.0350877192982456,GSE135893
control,SCGB3A2+ SCGB1A1+,ITGB8,1,0.0282600718473061,0.0263157894736842,GSE135893
control,SCGB3A2+ SCGB1A1+,KDR,1,0.1050242098603195,0.0614035087719298,GSE135893
control,SCGB3A2+ SCGB1A1+,KLRG2,1,0.0,0.0,GSE135893
control,SCGB3A2+ SCGB1A1+,LDLR,1,0.4711986395010025,0.2719298245614035,GSE135893
control,SCGB3A2+ SCGB1A1+,LGR5,1,0.0,0.0,GSE135893
control,SCGB3A2+ SCGB1A1+,LPP,1,0.3586001682718139,0.2456140350877192,GSE135893
control,SCGB3A2+ SCGB1A1+,LRP1,1,0.0201309668124316,0.0175438596491228,GSE135893
control,SCGB3A2+ SCGB1A1+,LRP2,1,0.0,0.0,GSE135893
control,SCGB3A2+ SCGB1A1+,LRP5,1,0.0753381869728388,0.0789473684210526,GSE135893
control,SCGB3A2+ SCGB1A1+,LRP6,1,0.0439504570394398,0.0789473684210526,GSE135893
control,SCGB3A2+ SCGB1A1+,MCAM,1,0.0,0.0,GSE135893
control,SCGB3A2+ SCGB1A1+,MTNR1A,1,0.0,0.0,GSE135893
control,SCGB3A2+ SCGB1A1+,MUSK,1,0.0,0.0,GSE135893
control,SCGB3A2+ SCGB1A1+,NLRP3,1,0.0,0.0,GSE135893
control,SCGB3A2+ SCGB1A1+,NOTCH1,1,0.0,0.0,GSE135893
control,SCGB3A2+ SCGB1A1+,NRP1,1,0.1728559014405474,0.1228070175438596,GSE135893
control,SCGB3A2+ SCGB1A1+,NRP2,1,0.2058757916107403,0.1140350877192982,GSE135893
control,SCGB3A2+ SCGB1A1+,PRLR,1,0.0,0.0,GSE135893
control,SCGB3A2+ SCGB1A1+,PTK7,1,0.1861372048684381,0.1052631578947368,GSE135893
control,SCGB3A2+ SCGB1A1+,PTPRK,1,0.2902615625300707,0.2105263157894736,GSE135893
control,SCGB3A2+ SCGB1A1+,PYCARD,1,0.2400683342840139,0.2017543859649122,GSE135893
control,SCGB3A2+ SCGB1A1+,RECK,1,0.0233793438820932,0.0087719298245614,GSE135893
control,SCGB3A2+ SCGB1A1+,RET,1,0.0,0.0,GSE135893
control,SCGB3A2+ SCGB1A1+,ROR1,1,0.0,0.0,GSE135893
control,SCGB3A2+ SCGB1A1+,ROR2,1,0.0,0.0,GSE135893
control,SCGB3A2+ SCGB1A1+,RYK,1,0.1201278870297422,0.1140350877192982,GSE135893
control,SCGB3A2+ SCGB1A1+,SDC2,1,0.1190665412961731,0.0964912280701754,GSE135893
control,SCGB3A2+ SCGB1A1+,SDC4,1,2.415627752897524,0.5701754385964912,GSE135893
control,SCGB3A2+ SCGB1A1+,SIGIRR,1,0.2560648238783008,0.1929824561403508,GSE135893
control,SCGB3A2+ SCGB1A1+,SIRPA,1,0.0,0.0,GSE135893
control,SCGB3A2+ SCGB1A1+,SMO,1,0.0,0.0,GSE135893
control,SCGB3A2+ SCGB1A1+,SPP1,1,0.0,0.0,GSE135893
control,SCGB3A2+ SCGB1A1+,TGFB1,1,0.0242720803114593,0.0087719298245614,GSE135893
control,SCGB3A2+ SCGB1A1+,TGFBR1,1,0.020750908151037,0.0263157894736842,GSE135893
control,SCGB3A2+ SCGB1A1+,TGFBR2,1,0.233154408591712,0.1491228070175438,GSE135893
control,SCGB3A2+ SCGB1A1+,TGFBR3,1,0.0079226244802758,0.0087719298245614,GSE135893
control,SCGB3A2+ SCGB1A1+,TMED5,1,0.2212481991636506,0.1491228070175438,GSE135893
control,SCGB3A2+ SCGB1A1+,TNF,1,0.0,0.0,GSE135893
control,SCGB3A2+ SCGB1A1+,TYRO3,1,0.0101212860735199,0.0263157894736842,GSE135893
control,SCGB3A2+ SCGB1A1+,VANGL2,1,0.0200945122069086,0.0350877192982456,GSE135893
control,SCGB3A2+ SCGB1A1+,VASN,1,0.1068998016770255,0.0789473684210526,GSE135893
control,SCGB3A2+ SCGB1A1+,VEGFA,1,1.0181308801789752,0.3684210526315789,GSE135893
control,SCGB3A2+ SCGB1A1+,WNT1,1,0.0,0.0,GSE135893
control,SCGB3A2+ SCGB1A1+,WNT10A,1,0.0,0.0,GSE135893
control,SCGB3A2+ SCGB1A1+,WNT10B,1,0.0,0.0,GSE135893
control,SCGB3A2+ SCGB1A1+,WNT11,1,0.0,0.0,GSE135893
control,SCGB3A2+ SCGB1A1+,WNT16,1,0.0,0.0,GSE135893
control,SCGB3A2+ SCGB1A1+,WNT2,1,0.0,0.0,GSE135893
control,SCGB3A2+ SCGB1A1+,WNT2B,1,0.0,0.0,GSE135893
control,SCGB3A2+ SCGB1A1+,WNT3,1,0.0,0.0,GSE135893
control,SCGB3A2+ SCGB1A1+,WNT3A,1,0.0,0.0,GSE135893
control,SCGB3A2+ SCGB1A1+,WNT4,1,0.028589606279423,0.0350877192982456,GSE135893
control,SCGB3A2+ SCGB1A1+,WNT5A,1,0.3025027976464357,0.1491228070175438,GSE135893
control,SCGB3A2+ SCGB1A1+,WNT5B,1,0.0268353354342302,0.0263157894736842,GSE135893
control,SCGB3A2+ SCGB1A1+,WNT6,1,0.0,0.0,GSE135893
control,SCGB3A2+ SCGB1A1+,WNT7A,1,0.0,0.0,GSE135893
control,SCGB3A2+ SCGB1A1+,WNT7B,1,0.1821294712420504,0.131578947368421,GSE135893
control,SCGB3A2+ SCGB1A1+,WNT8A,1,0.0,0.0,GSE135893
control,SCGB3A2+ SCGB1A1+,WNT8B,1,0.0,0.0,GSE135893
control,SCGB3A2+ SCGB1A1+,WNT9A,1,0.0,0.0,GSE135893
control,SCGB3A2+ SCGB1A1+,WNT9B,1,0.0,0.0,GSE135893
control,SCGB3A2+ SCGB1A1+,XCR1,1,0.0,0.0,GSE135893
control,Smooth Muscle Cells,ACKR1,1,0.0980430605121769,0.0116279069767441,GSE135893
control,Smooth Muscle Cells,ACKR2,1,0.0321657177779922,0.0116279069767441,GSE135893
control,Smooth Muscle Cells,ACKR3,1,0.1594660469408567,0.0232558139534883,GSE135893
control,Smooth Muscle Cells,ACKR4,1,0.0448261641354826,0.0116279069767441,GSE135893
control,Smooth Muscle Cells,ACVR1,1,0.1581073773274675,0.0348837209302325,GSE135893
control,Smooth Muscle Cells,ACVR1B,1,0.1612037704111854,0.0465116279069767,GSE135893
control,Smooth Muscle Cells,ACVR1C,1,0.0,0.0,GSE135893
control,Smooth Muscle Cells,ACVRL1,1,0.1874422369432428,0.0348837209302325,GSE135893
control,Smooth Muscle Cells,ADGRA2,1,0.3169570799013556,0.0581395348837209,GSE135893
control,Smooth Muscle Cells,ADRA2A,1,0.0,0.0,GSE135893
control,Smooth Muscle Cells,ADRB2,1,0.0353324429557708,0.0116279069767441,GSE135893
control,Smooth Muscle Cells,ANTXR1,1,0.433905922570948,0.1162790697674418,GSE135893
control,Smooth Muscle Cells,APCDD1,1,0.1503805061522128,0.0465116279069767,GSE135893
control,Smooth Muscle Cells,AREG,1,0.2476651003075434,0.0465116279069767,GSE135893
control,Smooth Muscle Cells,ATP6AP2,1,4.907571730171559,0.7209302325581395,GSE135893
control,Smooth Muscle Cells,AVPR1A,1,0.0,0.0,GSE135893
control,Smooth Muscle Cells,CASP1,1,0.0749746540098745,0.0232558139534883,GSE135893
control,Smooth Muscle Cells,CAV1,1,5.109426992747954,0.5697674418604651,GSE135893
control,Smooth Muscle Cells,CCL2,1,0.0722679116018905,0.0116279069767441,GSE135893
control,Smooth Muscle Cells,CCR1,1,0.0262362522038451,0.0116279069767441,GSE135893
control,Smooth Muscle Cells,CCR10,1,0.3029866864665529,0.0697674418604651,GSE135893
control,Smooth Muscle Cells,CCR2,1,0.0,0.0,GSE135893
control,Smooth Muscle Cells,CCR3,1,0.0,0.0,GSE135893
control,Smooth Muscle Cells,CCR4,1,0.0,0.0,GSE135893
control,Smooth Muscle Cells,CCR5,1,0.0,0.0,GSE135893
control,Smooth Muscle Cells,CD36,1,0.1123647640914564,0.0232558139534883,GSE135893
control,Smooth Muscle Cells,CD4,1,1.4801859501940775,0.2790697674418604,GSE135893
control,Smooth Muscle Cells,CD44,1,0.2635330809715432,0.0697674418604651,GSE135893
control,Smooth Muscle Cells,CD82,1,0.8595954133843166,0.2209302325581395,GSE135893
control,Smooth Muscle Cells,CD9,1,2.891650178538689,0.3604651162790697,GSE135893
control,Smooth Muscle Cells,CSF1,1,0.2699859272019189,0.0697674418604651,GSE135893
control,Smooth Muscle Cells,CSF1R,1,0.0,0.0,GSE135893
control,Smooth Muscle Cells,CXCL1,1,0.0,0.0,GSE135893
control,Smooth Muscle Cells,CXCL12,1,0.1347231467550279,0.0348837209302325,GSE135893
control,Smooth Muscle Cells,CXCL2,1,0.3626983434544506,0.0581395348837209,GSE135893
control,Smooth Muscle Cells,CXCR1,1,0.0,0.0,GSE135893
control,Smooth Muscle Cells,CXCR2,1,0.0,0.0,GSE135893
control,Smooth Muscle Cells,CXCR3,1,0.0,0.0,GSE135893
control,Smooth Muscle Cells,CXCR4,1,0.0503372596395852,0.0116279069767441,GSE135893
control,Smooth Muscle Cells,DPP4,1,0.0,0.0,GSE135893
control,Smooth Muscle Cells,EGFR,1,0.8935229994836401,0.1744186046511628,GSE135893
control,Smooth Muscle Cells,ENG,1,2.027907857914824,0.4069767441860465,GSE135893
control,Smooth Muscle Cells,EPHA7,1,0.0,0.0,GSE135893
control,Smooth Muscle Cells,EPHB2,1,0.0,0.0,GSE135893
control,Smooth Muscle Cells,ERBB2,1,0.2203918890400528,0.0697674418604651,GSE135893
control,Smooth Muscle Cells,ERBB3,1,0.0,0.0,GSE135893
control,Smooth Muscle Cells,ERBB4,1,0.0,0.0,GSE135893
control,Smooth Muscle Cells,FGF10,1,0.0538329026701119,0.0116279069767441,GSE135893
control,Smooth Muscle Cells,FGF7,1,0.0490215302560884,0.0116279069767441,GSE135893
control,Smooth Muscle Cells,FGFR1,1,0.1715441046948239,0.0581395348837209,GSE135893
control,Smooth Muscle Cells,FGFR2,1,0.0,0.0,GSE135893
control,Smooth Muscle Cells,FGFR3,1,0.0,0.0,GSE135893
control,Smooth Muscle Cells,FGFR4,1,2.239197251581996,0.3488372093023256,GSE135893
control,Smooth Muscle Cells,FGFRL1,1,0.0436646901116942,0.0116279069767441,GSE135893
control,Smooth Muscle Cells,FLT1,1,0.0,0.0,GSE135893
control,Smooth Muscle Cells,FZD1,1,0.2983530302477256,0.0697674418604651,GSE135893
control,Smooth Muscle Cells,FZD10,1,0.0653988018939493,0.0116279069767441,GSE135893
control,Smooth Muscle Cells,FZD2,1,0.0,0.0,GSE135893
control,Smooth Muscle Cells,FZD3,1,0.238428485662527,0.0581395348837209,GSE135893
control,Smooth Muscle Cells,FZD4,1,0.2964686090983044,0.0581395348837209,GSE135893
control,Smooth Muscle Cells,FZD5,1,0.0,0.0,GSE135893
control,Smooth Muscle Cells,FZD6,1,0.1262706978428639,0.0232558139534883,GSE135893
control,Smooth Muscle Cells,FZD7,1,0.063644811038556,0.0116279069767441,GSE135893
control,Smooth Muscle Cells,FZD8,1,0.0766073281602919,0.0232558139534883,GSE135893
control,Smooth Muscle Cells,FZD9,1,0.0,0.0,GSE135893
control,Smooth Muscle Cells,GPC1,1,1.174513440297123,0.2441860465116279,GSE135893
control,Smooth Muscle Cells,GRIN2B,1,0.0,0.0,GSE135893
control,Smooth Muscle Cells,GRM7,1,0.0,0.0,GSE135893
control,Smooth Muscle Cells,GSDMD,1,0.2731571591206922,0.0581395348837209,GSE135893
control,Smooth Muscle Cells,HBEGF,1,0.0286967102091416,0.0116279069767441,GSE135893
control,Smooth Muscle Cells,IL1A,1,0.071512343030407,0.0116279069767441,GSE135893
control,Smooth Muscle Cells,IL1B,1,0.0302416306287235,0.0116279069767441,GSE135893
control,Smooth Muscle Cells,IL1R1,1,0.2498105968743516,0.0697674418604651,GSE135893
control,Smooth Muscle Cells,IL1R2,1,0.0262362522038451,0.0116279069767441,GSE135893
control,Smooth Muscle Cells,IL1RAP,1,0.0,0.0,GSE135893
control,Smooth Muscle Cells,IL1RN,1,0.0,0.0,GSE135893
control,Smooth Muscle Cells,IL6,1,0.0,0.0,GSE135893
control,Smooth Muscle Cells,ITGA4,1,0.5621742416477962,0.0930232558139534,GSE135893
control,Smooth Muscle Cells,ITGA5,1,0.5968194733266639,0.1511627906976744,GSE135893
control,Smooth Muscle Cells,ITGA9,1,0.0392569445534915,0.0116279069767441,GSE135893
control,Smooth Muscle Cells,ITGAV,1,0.4500316290908089,0.1046511627906976,GSE135893
control,Smooth Muscle Cells,ITGB1,1,8.004718829103242,0.8372093023255814,GSE135893
control,Smooth Muscle Cells,ITGB3,1,0.0,0.0,GSE135893
control,Smooth Muscle Cells,ITGB5,1,0.1937210679087118,0.0581395348837209,GSE135893
control,Smooth Muscle Cells,ITGB6,1,0.0,0.0,GSE135893
control,Smooth Muscle Cells,ITGB8,1,0.0,0.0,GSE135893
control,Smooth Muscle Cells,KDR,1,0.0,0.0,GSE135893
control,Smooth Muscle Cells,KLRG2,1,0.0,0.0,GSE135893
control,Smooth Muscle Cells,LDLR,1,0.0,0.0,GSE135893
control,Smooth Muscle Cells,LGR5,1,0.0,0.0,GSE135893
control,Smooth Muscle Cells,LPP,1,6.6073767090913424,0.6976744186046512,GSE135893
control,Smooth Muscle Cells,LRP1,1,0.9016320109864088,0.1627906976744186,GSE135893
control,Smooth Muscle Cells,LRP2,1,0.0,0.0,GSE135893
control,Smooth Muscle Cells,LRP5,1,0.0657687046195938,0.0116279069767441,GSE135893
control,Smooth Muscle Cells,LRP6,1,0.3587927697697443,0.0813953488372093,GSE135893
control,Smooth Muscle Cells,MCAM,1,3.53350184511877,0.5116279069767442,GSE135893
control,Smooth Muscle Cells,MTNR1A,1,0.0,0.0,GSE135893
control,Smooth Muscle Cells,MUSK,1,0.0,0.0,GSE135893
control,Smooth Muscle Cells,NLRP3,1,0.0,0.0,GSE135893
control,Smooth Muscle Cells,NOTCH1,1,0.2132312739751952,0.0697674418604651,GSE135893
control,Smooth Muscle Cells,NRP1,1,0.2710479743037141,0.0581395348837209,GSE135893
control,Smooth Muscle Cells,NRP2,1,0.0725357817104609,0.0232558139534883,GSE135893
control,Smooth Muscle Cells,PRLR,1,0.0,0.0,GSE135893
control,Smooth Muscle Cells,PTK7,1,0.2310682695036112,0.0465116279069767,GSE135893
control,Smooth Muscle Cells,PTPRK,1,0.4785477401619741,0.1162790697674418,GSE135893
control,Smooth Muscle Cells,PYCARD,1,0.6531489551764754,0.1395348837209302,GSE135893
control,Smooth Muscle Cells,RECK,1,0.5228586857264005,0.1395348837209302,GSE135893
control,Smooth Muscle Cells,RET,1,0.0,0.0,GSE135893
control,Smooth Muscle Cells,ROR1,1,0.0,0.0,GSE135893
control,Smooth Muscle Cells,ROR2,1,0.0,0.0,GSE135893
control,Smooth Muscle Cells,RYK,1,0.2780953824041826,0.0697674418604651,GSE135893
control,Smooth Muscle Cells,SDC2,1,2.44452962712322,0.4418604651162791,GSE135893
control,Smooth Muscle Cells,SDC4,1,0.6906631149536865,0.1744186046511628,GSE135893
control,Smooth Muscle Cells,SIGIRR,1,0.3533833860870883,0.1046511627906976,GSE135893
control,Smooth Muscle Cells,SIRPA,1,0.0,0.0,GSE135893
control,Smooth Muscle Cells,SMO,1,0.0,0.0,GSE135893
control,Smooth Muscle Cells,SPP1,1,0.0,0.0,GSE135893
control,Smooth Muscle Cells,TGFB1,1,0.7180482434479445,0.1744186046511628,GSE135893
control,Smooth Muscle Cells,TGFBR1,1,0.4130807381481035,0.1046511627906976,GSE135893
control,Smooth Muscle Cells,TGFBR2,1,0.2214614563473364,0.0465116279069767,GSE135893
control,Smooth Muscle Cells,TGFBR3,1,1.458841720384964,0.2558139534883721,GSE135893
control,Smooth Muscle Cells,TMED5,1,0.6068814382942869,0.1395348837209302,GSE135893
control,Smooth Muscle Cells,TNF,1,0.0638545138755858,0.0116279069767441,GSE135893
control,Smooth Muscle Cells,TYRO3,1,0.0,0.0,GSE135893
control,Smooth Muscle Cells,VANGL2,1,0.0,0.0,GSE135893
control,Smooth Muscle Cells,VASN,1,1.6760614895642212,0.3488372093023256,GSE135893
control,Smooth Muscle Cells,VEGFA,1,0.0276920861556184,0.0116279069767441,GSE135893
control,Smooth Muscle Cells,WNT1,1,0.0,0.0,GSE135893
control,Smooth Muscle Cells,WNT10A,1,0.0,0.0,GSE135893
control,Smooth Muscle Cells,WNT10B,1,0.0,0.0,GSE135893
control,Smooth Muscle Cells,WNT11,1,0.0,0.0,GSE135893
control,Smooth Muscle Cells,WNT16,1,0.0,0.0,GSE135893
control,Smooth Muscle Cells,WNT2,1,0.0,0.0,GSE135893
control,Smooth Muscle Cells,WNT2B,1,0.381304988902223,0.0813953488372093,GSE135893
control,Smooth Muscle Cells,WNT3,1,0.0,0.0,GSE135893
control,Smooth Muscle Cells,WNT3A,1,0.1004564549574082,0.0232558139534883,GSE135893
control,Smooth Muscle Cells,WNT4,1,0.0,0.0,GSE135893
control,Smooth Muscle Cells,WNT5A,1,0.1561165026868298,0.0348837209302325,GSE135893
control,Smooth Muscle Cells,WNT5B,1,0.0,0.0,GSE135893
control,Smooth Muscle Cells,WNT6,1,0.0,0.0,GSE135893
control,Smooth Muscle Cells,WNT7A,1,0.0,0.0,GSE135893
control,Smooth Muscle Cells,WNT7B,1,0.0,0.0,GSE135893
control,Smooth Muscle Cells,WNT8A,1,0.0,0.0,GSE135893
control,Smooth Muscle Cells,WNT8B,1,0.0,0.0,GSE135893
control,Smooth Muscle Cells,WNT9A,1,0.0,0.0,GSE135893
control,Smooth Muscle Cells,WNT9B,1,0.0,0.0,GSE135893
control,Smooth Muscle Cells,XCR1,1,0.0,0.0,GSE135893
control,T Cells,ACKR1,4,0.0075713321922935995,0.002578100004570575,GSE135893
control,T Cells,ACKR2,4,0.0032755570730254,0.0006852544431658249,GSE135893
control,T Cells,ACKR3,4,0.0072168425357846,0.00144687828511355,GSE135893
control,T Cells,ACKR4,4,0.0,0.0,GSE135893
control,T Cells,ACVR1,4,0.038215588456500346,0.014908838720469126,GSE135893
control,T Cells,ACVR1B,4,0.0424300708540538,0.012912275508758925,GSE135893
control,T Cells,ACVR1C,4,0.017716528437449926,0.0055308873719149,GSE135893
control,T Cells,ACVRL1,4,0.011317237139401224,0.004182806572512425,GSE135893
control,T Cells,ADGRA2,4,0.004466274400356575,0.0013530009639967748,GSE135893
control,T Cells,ADRA2A,4,0.0,0.0,GSE135893
control,T Cells,ADRB2,4,0.9490252466449424,0.19978489973945313,GSE135893
control,T Cells,ANTXR1,4,0.0005169612932469,0.000157828282828275,GSE135893
control,T Cells,APCDD1,4,0.0,0.0,GSE135893
control,T Cells,AREG,4,1.4543739896807297,0.2021113449287777,GSE135893
control,T Cells,ATP6AP2,4,1.2430821842593294,0.36177561274421277,GSE135893
control,T Cells,AVPR1A,4,0.0,0.0,GSE135893
control,T Cells,CASP1,4,0.7456124313662873,0.23943256100367621,GSE135893
control,T Cells,CAV1,4,0.0647477221361438,0.01803214471855345,GSE135893
control,T Cells,CCL2,4,0.05030938347182838,0.0061876330005236,GSE135893
control,T Cells,CCR1,4,0.04159020679147555,0.014679237491139776,GSE135893
control,T Cells,CCR10,4,0.011450476488311701,0.0031055261649081253,GSE135893
control,T Cells,CCR2,4,0.10389313974963554,0.03271559898456543,GSE135893
control,T Cells,CCR3,4,0.002025248021409425,0.00144687828511355,GSE135893
control,T Cells,CCR4,4,0.09166484167262688,0.02810525756996115,GSE135893
control,T Cells,CCR5,4,0.1831829038820263,0.06176902267420215,GSE135893
control,T Cells,CD36,4,0.0523978818994237,0.017249238423683325,GSE135893
control,T Cells,CD4,4,0.6230009834314798,0.17425044473075524,GSE135893
control,T Cells,CD44,4,4.56924388981464,0.7191705161739773,GSE135893
control,T Cells,CD82,4,0.6897273005026874,0.20286604684120385,GSE135893
control,T Cells,CD9,4,0.316891730110581,0.09419799762392786,GSE135893
control,T Cells,CSF1,4,0.30833268770172556,0.04852818989513635,GSE135893
control,T Cells,CSF1R,4,0.02029438439097285,0.0103180851267016,GSE135893
control,T Cells,CXCL1,4,0.05700163979361135,0.007922650279100074,GSE135893
control,T Cells,CXCL12,4,0.007291336371942301,0.0022899610111076748,GSE135893
control,T Cells,CXCL2,4,0.054156710974978324,0.01839347420336555,GSE135893
control,T Cells,CXCR1,4,0.05857159319632832,0.013143961812986351,GSE135893
control,T Cells,CXCR2,4,0.10450214516158765,0.02307342100482455,GSE135893
control,T Cells,CXCR3,4,0.7152444436384965,0.2097405310905927,GSE135893
control,T Cells,CXCR4,4,8.65398762543965,0.7939571429167476,GSE135893
control,T Cells,DPP4,4,0.5384310571504317,0.1403605395682513,GSE135893
control,T Cells,EGFR,4,0.006154202988843074,0.0016686575296533499,GSE135893
control,T Cells,ENG,4,0.12065791418843405,0.04300452787208295,GSE135893
control,T Cells,EPHA7,4,0.0,0.0,GSE135893
control,T Cells,EPHB2,4,0.000322787687335625,0.00031565656565655,GSE135893
control,T Cells,ERBB2,4,0.03527930591551892,0.012157980618617075,GSE135893
control,T Cells,ERBB3,4,0.009652491772602126,0.003773272685739075,GSE135893
control,T Cells,ERBB4,4,0.00179032474056025,0.0007891414141414,GSE135893
control,T Cells,FGF10,4,0.0,0.0,GSE135893
control,T Cells,FGF7,4,0.00185654035452795,0.0007891414141414,GSE135893
control,T Cells,FGFR1,4,0.034377482867786226,0.011301986422568975,GSE135893
control,T Cells,FGFR2,4,0.006986412919228575,0.00223251707950875,GSE135893
control,T Cells,FGFR3,4,0.0,0.0,GSE135893
control,T Cells,FGFR4,4,0.0028908699800395,0.0007891414141414,GSE135893
control,T Cells,FGFRL1,4,0.018432301269613177,0.007393806573914375,GSE135893
control,T Cells,FLT1,4,0.01073058974304995,0.0028988460554916,GSE135893
control,T Cells,FZD1,4,0.000340367226284825,0.000157828282828275,GSE135893
control,T Cells,FZD10,4,0.0,0.0,GSE135893
control,T Cells,FZD2,4,0.0,0.0,GSE135893
control,T Cells,FZD3,4,0.03645870986764362,0.01112173005281145,GSE135893
control,T Cells,FZD4,4,0.01410285748119455,0.003872239492120325,GSE135893
control,T Cells,FZD5,4,0.001067242808927125,0.000473484848484825,GSE135893
control,T Cells,FZD6,4,0.02821921623176115,0.010427883504634975,GSE135893
control,T Cells,FZD7,4,0.00607135769077595,0.0013705088863316499,GSE135893
control,T Cells,FZD8,4,0.0,0.0,GSE135893
control,T Cells,FZD9,4,0.0,0.0,GSE135893
control,T Cells,GPC1,4,0.009776190817520675,0.0031155358147669,GSE135893
control,T Cells,GRIN2B,4,0.0,0.0,GSE135893
control,T Cells,GRM7,4,0.0,0.0,GSE135893
control,T Cells,GSDMD,4,0.6854753007223966,0.2393802065573418,GSE135893
control,T Cells,HBEGF,4,0.03414581147982375,0.013576350089173576,GSE135893
control,T Cells,IL1A,4,0.00417547906037675,0.0010548523206751,GSE135893
control,T Cells,IL1B,4,0.04174430717977552,0.01548911236012475,GSE135893
control,T Cells,IL1R1,4,0.03398132845947365,0.011124734463177875,GSE135893
control,T Cells,IL1R2,4,0.07106011240751077,0.018998039882706125,GSE135893
control,T Cells,IL1RAP,4,0.08816550891711038,0.02588040808359855,GSE135893
control,T Cells,IL1RN,4,0.03036764200850075,0.008976085054927025,GSE135893
control,T Cells,IL6,4,0.00581845800656505,0.00151082924682505,GSE135893
control,T Cells,ITGA4,4,3.252664457949101,0.5774067520701462,GSE135893
control,T Cells,ITGA5,4,0.23597860656877695,0.06477971114645675,GSE135893
control,T Cells,ITGA9,4,0.00059670428290465,0.000157828282828275,GSE135893
control,T Cells,ITGAV,4,0.19824619468473453,0.06099625949018868,GSE135893
control,T Cells,ITGB1,4,2.8882440422604834,0.5044809275333675,GSE135893
control,T Cells,ITGB3,4,0.00050263784340215,0.000157828282828275,GSE135893
control,T Cells,ITGB5,4,0.001674690634793825,0.000631313131313125,GSE135893
control,T Cells,ITGB6,4,0.0153193396681009,0.0059119124441311,GSE135893
control,T Cells,ITGB8,4,0.0026988966819372247,0.0025481736451653,GSE135893
control,T Cells,KDR,4,0.0021611407682413,0.0011951726811684998,GSE135893
control,T Cells,KLRG2,4,0.0,0.0,GSE135893
control,T Cells,LDLR,4,0.37108229549497507,0.08508633806358598,GSE135893
control,T Cells,LGR5,4,0.0,0.0,GSE135893
control,T Cells,LPP,4,0.8361706981676977,0.19219775600505704,GSE135893
control,T Cells,LRP1,4,0.0229673925370312,0.010727619013474925,GSE135893
control,T Cells,LRP2,4,0.0008297546744707,0.00031565656565655,GSE135893
control,T Cells,LRP5,4,0.008532516475424225,0.00237141989515405,GSE135893
control,T Cells,LRP6,4,0.00136187463329545,0.000473484848484825,GSE135893
control,T Cells,MCAM,4,0.028603342713951402,0.01146632173550985,GSE135893
control,T Cells,MTNR1A,4,0.0,0.0,GSE135893
control,T Cells,MUSK,4,0.0,0.0,GSE135893
control,T Cells,NLRP3,4,0.052914511128678024,0.015216072501785124,GSE135893
control,T Cells,NOTCH1,4,0.12523062095777127,0.0381024422540984,GSE135893
control,T Cells,NRP1,4,0.008803421393536126,0.00279987924911035,GSE135893
control,T Cells,NRP2,4,0.008338893425474425,0.006069740726959375,GSE135893
control,T Cells,PRLR,4,0.000526565991461625,0.001131221719457,GSE135893
control,T Cells,PTK7,4,0.004371070287636975,0.001604706567941825,GSE135893
control,T Cells,PTPRK,4,0.012888277435846274,0.0067010538582725,GSE135893
control,T Cells,PYCARD,4,0.8221567359047236,0.24862017401310776,GSE135893
control,T Cells,RECK,4,0.23152404535519341,0.0753105929698751,GSE135893
control,T Cells,RET,4,0.00073374376024305,0.000157828282828275,GSE135893
control,T Cells,ROR1,4,0.0,0.0,GSE135893
control,T Cells,ROR2,4,0.00046529564513055,0.000157828282828275,GSE135893
control,T Cells,RYK,4,0.12311952356417355,0.03981496471524677,GSE135893
control,T Cells,SDC2,4,0.006364364286295349,0.00264205096628205,GSE135893
control,T Cells,SDC4,4,0.08855597804129725,0.027060907932128477,GSE135893
control,T Cells,SIGIRR,4,1.4516020813172812,0.39933734286690714,GSE135893
control,T Cells,SIRPA,4,0.016016550454341676,0.007070651735781775,GSE135893
control,T Cells,SMO,4,0.0,0.0,GSE135893
control,T Cells,SPP1,4,0.005956382853810175,0.0013705088863316499,GSE135893
control,T Cells,TGFB1,4,0.9571176647307744,0.2832382582841586,GSE135893
control,T Cells,TGFBR1,4,0.26220338678058946,0.07413605632977514,GSE135893
control,T Cells,TGFBR2,4,1.1362687991008782,0.2827889895923912,GSE135893
control,T Cells,TGFBR3,4,1.1096847825819736,0.2369372089183378,GSE135893
control,T Cells,TMED5,4,0.9205841628744513,0.2627761965297747,GSE135893
control,T Cells,TNF,4,2.9754281508853753,0.33451822126544173,GSE135893
control,T Cells,TYRO3,4,0.0,0.0,GSE135893
control,T Cells,VANGL2,4,0.0008919556305591,0.001037344398340225,GSE135893
control,T Cells,VASN,4,0.00354046931273155,0.0016686575296533499,GSE135893
control,T Cells,VEGFA,4,0.0195988868860018,0.009709200082317675,GSE135893
control,T Cells,WNT1,4,0.034458304894135025,0.010982827237166176,GSE135893
control,T Cells,WNT10A,4,0.053236888752430024,0.022328570824662775,GSE135893
control,T Cells,WNT10B,4,0.004082442692752275,0.0013530009639967748,GSE135893
control,T Cells,WNT11,4,0.003516387148551175,0.002262443438914025,GSE135893
control,T Cells,WNT16,4,0.0,0.0,GSE135893
control,T Cells,WNT2,4,0.0038608165678308496,0.0006852544431658249,GSE135893
control,T Cells,WNT2B,4,0.002915682088993175,0.001000911008822375,GSE135893
control,T Cells,WNT3,4,0.0,0.0,GSE135893
control,T Cells,WNT3A,4,0.000825461730273425,0.000157828282828275,GSE135893
control,T Cells,WNT4,4,0.0,0.0,GSE135893
control,T Cells,WNT5A,4,0.0,0.0,GSE135893
control,T Cells,WNT5B,4,0.000236446865660325,0.000157828282828275,GSE135893
control,T Cells,WNT6,4,0.000736472473604825,0.001131221719457,GSE135893
control,T Cells,WNT7A,4,0.0114174471916673,0.0049230961600656,GSE135893
control,T Cells,WNT7B,4,0.001188434425525825,0.00031565656565655,GSE135893
control,T Cells,WNT8A,4,0.0,0.0,GSE135893
control,T Cells,WNT8B,4,0.0,0.0,GSE135893
control,T Cells,WNT9A,4,0.004861467718532,0.0010548523206751,GSE135893
control,T Cells,WNT9B,4,0.0,0.0,GSE135893
control,T Cells,XCR1,4,0.0,0.0,GSE135893
control,Transitional AT2,ACKR1,3,0.002564793085317833,0.003030303030303,GSE135893
control,Transitional AT2,ACKR2,3,0.0028946849550228002,0.003546099290780133,GSE135893
control,Transitional AT2,ACKR3,3,0.018758649681309133,0.019213410702772334,GSE135893
control,Transitional AT2,ACKR4,3,0.0405796618945371,0.047227595099935495,GSE135893
control,Transitional AT2,ACVR1,3,0.16533867265544117,0.18001289490651193,GSE135893
control,Transitional AT2,ACVR1B,3,0.14928233964721385,0.18326885880077362,GSE135893
control,Transitional AT2,ACVR1C,3,0.0101592903914181,0.010863958736299133,GSE135893
control,Transitional AT2,ACVRL1,3,0.0152005988172397,0.013894261766602167,GSE135893
control,Transitional AT2,ADGRA2,3,0.007973186420477568,0.009606705351386167,GSE135893
control,Transitional AT2,ADRA2A,3,0.0008395916494885999,0.0017730496453900665,GSE135893
control,Transitional AT2,ADRB2,3,0.3870356814965163,0.31476466795615726,GSE135893
control,Transitional AT2,ANTXR1,3,0.1352136699161345,0.1421018697614442,GSE135893
control,Transitional AT2,APCDD1,3,0.03773940582672003,0.022243713733075366,GSE135893
control,Transitional AT2,AREG,3,1.693411805556706,0.4128304319793681,GSE135893
control,Transitional AT2,ATP6AP2,3,0.6689919410986018,0.5178916827852998,GSE135893
control,Transitional AT2,AVPR1A,3,0.0,0.0,GSE135893
control,Transitional AT2,CASP1,3,0.1571794495401357,0.17811089619600254,GSE135893
control,Transitional AT2,CAV1,3,7.9745786644910615,0.9004513217279175,GSE135893
control,Transitional AT2,CCL2,3,0.2201260296088414,0.07678916827852993,GSE135893
control,Transitional AT2,CCR1,3,0.0023789744336375333,0.0017730496453900665,GSE135893
control,Transitional AT2,CCR10,3,0.0021304155162422665,0.003030303030303,GSE135893
control,Transitional AT2,CCR2,3,0.0,0.0,GSE135893
control,Transitional AT2,CCR3,3,0.004237867646712666,0.009090909090909066,GSE135893
control,Transitional AT2,CCR4,3,0.0,0.0,GSE135893
control,Transitional AT2,CCR5,3,0.0,0.0,GSE135893
control,Transitional AT2,CD36,3,0.16873788488868746,0.19119922630560923,GSE135893
control,Transitional AT2,CD4,3,0.007088243165580333,0.0083494519664732,GSE135893
control,Transitional AT2,CD44,3,1.7691617971753508,0.7531270148291425,GSE135893
control,Transitional AT2,CD82,3,0.14801990266595766,0.1908123791102514,GSE135893
control,Transitional AT2,CD9,3,8.669454954649359,0.9838168923275307,GSE135893
control,Transitional AT2,CSF1,3,0.09239268910422964,0.0765635074145712,GSE135893
control,Transitional AT2,CSF1R,3,0.0,0.0,GSE135893
control,Transitional AT2,CXCL1,3,0.15605061660321817,0.07147001934235973,GSE135893
control,Transitional AT2,CXCL12,3,0.0,0.0,GSE135893
control,Transitional AT2,CXCL2,3,6.013605130283524,0.5451321727917472,GSE135893
control,Transitional AT2,CXCR1,3,0.0,0.0,GSE135893
control,Transitional AT2,CXCR2,3,0.0,0.0,GSE135893
control,Transitional AT2,CXCR3,3,0.0015992947546750666,0.006060606060606034,GSE135893
control,Transitional AT2,CXCR4,3,0.0075864211446333004,0.003546099290780133,GSE135893
control,Transitional AT2,DPP4,3,0.6712418510557828,0.4219858156028369,GSE135893
control,Transitional AT2,EGFR,3,0.8124123058869971,0.5659252095422308,GSE135893
control,Transitional AT2,ENG,3,0.02334693227150447,0.027788523533204365,GSE135893
control,Transitional AT2,EPHA7,3,0.0036851241697636998,0.003546099290780133,GSE135893
control,Transitional AT2,EPHB2,3,0.07630660832217133,0.09348807221147644,GSE135893
control,Transitional AT2,ERBB2,3,0.8209868461804682,0.591424887169568,GSE135893
control,Transitional AT2,ERBB3,3,1.7023403862658972,0.7716634429400386,GSE135893
control,Transitional AT2,ERBB4,3,0.1723546224008264,0.13758865248226948,GSE135893
control,Transitional AT2,FGF10,3,0.0,0.0,GSE135893
control,Transitional AT2,FGF7,3,0.0607555905711161,0.07981947130883298,GSE135893
control,Transitional AT2,FGFR1,3,0.15412997044352125,0.1346550612508059,GSE135893
control,Transitional AT2,FGFR2,3,0.21782806449781644,0.22346872985170854,GSE135893
control,Transitional AT2,FGFR3,3,0.1397717175828506,0.15902643455834944,GSE135893
control,Transitional AT2,FGFR4,3,0.0010751855770305665,0.003030303030303,GSE135893
control,Transitional AT2,FGFRL1,3,0.1228944630390326,0.15032237266279816,GSE135893
control,Transitional AT2,FLT1,3,0.010613646660683434,0.0078336557059961,GSE135893
control,Transitional AT2,FZD1,3,0.050417089174468965,0.0733075435203094,GSE135893
control,Transitional AT2,FZD10,3,0.0,0.0,GSE135893
control,Transitional AT2,FZD2,3,0.011207571767396401,0.009090909090909066,GSE135893
control,Transitional AT2,FZD3,3,0.09068796601758695,0.11395873629916176,GSE135893
control,Transitional AT2,FZD4,3,0.0049433027541554665,0.0053191489361702,GSE135893
control,Transitional AT2,FZD5,3,0.3493859441292142,0.3088974854932301,GSE135893
control,Transitional AT2,FZD6,3,0.3870393935729141,0.3411347517730496,GSE135893
control,Transitional AT2,FZD7,3,0.04767470985760067,0.05483558994197286,GSE135893
control,Transitional AT2,FZD8,3,0.05016939738221237,0.074274661508704,GSE135893
control,Transitional AT2,FZD9,3,0.024070969634157568,0.0161831076724693,GSE135893
control,Transitional AT2,GPC1,3,0.17352724035812891,0.18343004513217276,GSE135893
control,Transitional AT2,GRIN2B,3,0.0,0.0,GSE135893
control,Transitional AT2,GRM7,3,0.0,0.0,GSE135893
control,Transitional AT2,GSDMD,3,0.4772738622487045,0.41524822695035457,GSE135893
control,Transitional AT2,HBEGF,3,0.553787492950052,0.3013217279174726,GSE135893
control,Transitional AT2,IL1A,3,0.0,0.0,GSE135893
control,Transitional AT2,IL1B,3,0.0,0.0,GSE135893
control,Transitional AT2,IL1R1,3,0.3249168421295408,0.29642166344294,GSE135893
control,Transitional AT2,IL1R2,3,0.0101705623611757,0.012637008381689166,GSE135893
control,Transitional AT2,IL1RAP,3,0.033204548199808434,0.0616376531270148,GSE135893
control,Transitional AT2,IL1RN,3,0.028360324486076033,0.03939393939393937,GSE135893
control,Transitional AT2,IL6,3,0.0014633161001595667,0.006060606060606034,GSE135893
control,Transitional AT2,ITGA4,3,0.0011591947305489333,0.003546099290780133,GSE135893
control,Transitional AT2,ITGA5,3,0.008418344172732467,0.0126370083816892,GSE135893
control,Transitional AT2,ITGA9,3,0.11473921812285996,0.09235976789168272,GSE135893
control,Transitional AT2,ITGAV,3,0.557640760398645,0.35799484203739523,GSE135893
control,Transitional AT2,ITGB1,3,1.7300754650116967,0.7615409413281754,GSE135893
control,Transitional AT2,ITGB3,3,0.0029076253306143667,0.006060606060606034,GSE135893
control,Transitional AT2,ITGB5,3,0.15109765466313463,0.1384268214055448,GSE135893
control,Transitional AT2,ITGB6,3,1.560824935416053,0.6709542230818827,GSE135893
control,Transitional AT2,ITGB8,3,0.033222643518148666,0.026015473887814267,GSE135893
control,Transitional AT2,KDR,3,0.004083765778444034,0.0065764023210831335,GSE135893
control,Transitional AT2,KLRG2,3,0.0510818831605773,0.039168278529980595,GSE135893
control,Transitional AT2,LDLR,3,1.0088235356306543,0.5495809155383623,GSE135893
control,Transitional AT2,LGR5,3,0.0,0.0,GSE135893
control,Transitional AT2,LPP,3,0.8480269144130316,0.5267569310122502,GSE135893
control,Transitional AT2,LRP1,3,0.1385574350902772,0.13243068987749834,GSE135893
control,Transitional AT2,LRP2,3,0.1139740518757561,0.11905222437137326,GSE135893
control,Transitional AT2,LRP5,3,0.19829080370597943,0.23152804642166344,GSE135893
control,Transitional AT2,LRP6,3,0.4815093242614166,0.4185041908446164,GSE135893
control,Transitional AT2,MCAM,3,0.002630622919348133,0.006060606060606034,GSE135893
control,Transitional AT2,MTNR1A,3,0.0019641058521188332,0.003546099290780133,GSE135893
control,Transitional AT2,MUSK,3,0.0,0.0,GSE135893
control,Transitional AT2,NLRP3,3,0.0,0.0,GSE135893
control,Transitional AT2,NOTCH1,3,0.19578782007520168,0.18268858800773688,GSE135893
control,Transitional AT2,NRP1,3,0.0236849965751698,0.03259187620889747,GSE135893
control,Transitional AT2,NRP2,3,0.5092348757180659,0.3723081882656351,GSE135893
control,Transitional AT2,PRLR,3,0.012432284197741934,0.015151515151515133,GSE135893
control,Transitional AT2,PTK7,3,0.5614308248046734,0.45464216634429394,GSE135893
control,Transitional AT2,PTPRK,3,0.7225721742326434,0.5371050934880722,GSE135893
control,Transitional AT2,PYCARD,3,0.40020453987769006,0.34335912314635714,GSE135893
control,Transitional AT2,RECK,3,0.05463729776358117,0.07198581560283683,GSE135893
control,Transitional AT2,RET,3,0.0005326232825828333,0.0017730496453900665,GSE135893
control,Transitional AT2,ROR1,3,0.1712987542004986,0.18874919406834298,GSE135893
control,Transitional AT2,ROR2,3,0.0006448391203775333,0.0017730496453900665,GSE135893
control,Transitional AT2,RYK,3,0.22486370740813555,0.24742101869761438,GSE135893
control,Transitional AT2,SDC2,3,0.1754767666559757,0.21054158607350093,GSE135893
control,Transitional AT2,SDC4,3,3.8286118008653056,0.9210831721470019,GSE135893
control,Transitional AT2,SIGIRR,3,0.349296162955502,0.34194068343004513,GSE135893
control,Transitional AT2,SIRPA,3,0.009528756013059032,0.009090909090909033,GSE135893
control,Transitional AT2,SMO,3,0.0,0.0,GSE135893
control,Transitional AT2,SPP1,3,0.004027783651628933,0.006060606060606034,GSE135893
control,Transitional AT2,TGFB1,3,0.054307629837748235,0.07604771115409407,GSE135893
control,Transitional AT2,TGFBR1,3,0.0763113631100259,0.09732430689877493,GSE135893
control,Transitional AT2,TGFBR2,3,1.1937530893532387,0.6809800128949065,GSE135893
control,Transitional AT2,TGFBR3,3,0.07065351584015353,0.05460992907801413,GSE135893
control,Transitional AT2,TMED5,3,0.7266196416728116,0.5181818181818182,GSE135893
control,Transitional AT2,TNF,3,0.0,0.0,GSE135893
control,Transitional AT2,TYRO3,3,0.023715533053723536,0.019954867827208202,GSE135893
control,Transitional AT2,VANGL2,3,0.0058618864183987,0.014410058027079266,GSE135893
control,Transitional AT2,VASN,3,0.21380331402537242,0.21785944551901995,GSE135893
control,Transitional AT2,VEGFA,3,0.721938515362166,0.4804319793681496,GSE135893
control,Transitional AT2,WNT1,3,0.0,0.0,GSE135893
control,Transitional AT2,WNT10A,3,0.0064820756002712,0.009090909090909066,GSE135893
control,Transitional AT2,WNT10B,3,0.0,0.0,GSE135893
control,Transitional AT2,WNT11,3,0.0,0.0,GSE135893
control,Transitional AT2,WNT16,3,0.0,0.0,GSE135893
control,Transitional AT2,WNT2,3,0.0,0.0,GSE135893
control,Transitional AT2,WNT2B,3,0.0018811373940460666,0.004803352675693067,GSE135893
control,Transitional AT2,WNT3,3,0.010495685151593501,0.014410058027079266,GSE135893
control,Transitional AT2,WNT3A,3,0.014621360992339433,0.011379754996776232,GSE135893
control,Transitional AT2,WNT4,3,0.044417885411619264,0.04551901998710504,GSE135893
control,Transitional AT2,WNT5A,3,0.17146760106888456,0.14777562862669244,GSE135893
control,Transitional AT2,WNT5B,3,0.037482203370871665,0.03642811089619594,GSE135893
control,Transitional AT2,WNT6,3,0.0,0.0,GSE135893
control,Transitional AT2,WNT7A,3,0.029562895104901867,0.014410058027079233,GSE135893
control,Transitional AT2,WNT7B,3,0.10296665337040896,0.11882656350741454,GSE135893
control,Transitional AT2,WNT8A,3,0.0,0.0,GSE135893
control,Transitional AT2,WNT8B,3,0.0,0.0,GSE135893
control,Transitional AT2,WNT9A,3,0.0199328289912124,0.0333333333333333,GSE135893
control,Transitional AT2,WNT9B,3,0.0,0.0,GSE135893
control,Transitional AT2,XCR1,3,0.0,0.0,GSE135893
