donor,disease,label,gene,cells,detected_cells,detection_fraction,count_sum,full_library_sum,mean_normalized_10000,cohort
THD0001,control,AT2,CASP1,1219,107,0.0877768662838392,112,16705137,0.0646930895234762,GSE135893
THD0001,control,AT2,GSDMD,1219,335,0.2748154224774405,409,16705137,0.2386530943257738,GSE135893
THD0001,control,AT2,IL1A,1219,0,0.0,0,16705137,0.0,GSE135893
THD0001,control,AT2,IL1B,1219,12,0.0098441345365053,12,16705137,0.0087297508750998,GSE135893
THD0001,control,AT2,IL1R1,1219,518,0.4249384741591468,793,16705137,0.4951760142224028,GSE135893
THD0001,control,AT2,IL1R2,1219,23,0.0188679245283018,26,16705137,0.0170215795662595,GSE135893
THD0001,control,AT2,IL1RAP,1219,83,0.0680885972108285,88,16705137,0.0561979966688707,GSE135893
THD0001,control,AT2,IL1RN,1219,1,0.0008203445447087,1,16705137,0.0016552553363776,GSE135893
THD0001,control,AT2,NLRP3,1219,5,0.0041017227235438,5,16705137,0.0024567411305454,GSE135893
THD0001,control,AT2,PYCARD,1219,229,0.1878589007383101,273,16705137,0.1587521188235965,GSE135893
THD0001,control,AT2,SIGIRR,1219,506,0.4150943396226415,714,16705137,0.4127663666306497,GSE135893
THD0001,control,Endothelial Cells,CASP1,62,14,0.2258064516129032,18,405024,0.3663741210220408,GSE135893
THD0001,control,Endothelial Cells,GSDMD,62,31,0.5,48,405024,1.238326354390007,GSE135893
THD0001,control,Endothelial Cells,IL1A,62,0,0.0,0,405024,0.0,GSE135893
THD0001,control,Endothelial Cells,IL1B,62,1,0.0161290322580645,1,405024,0.0259768598132783,GSE135893
THD0001,control,Endothelial Cells,IL1R1,62,28,0.4516129032258064,65,405024,1.4830684914227732,GSE135893
THD0001,control,Endothelial Cells,IL1R2,62,2,0.032258064516129,2,405024,0.0538954336895962,GSE135893
THD0001,control,Endothelial Cells,IL1RAP,62,4,0.064516129032258,4,405024,0.1603324376837854,GSE135893
THD0001,control,Endothelial Cells,IL1RN,62,0,0.0,0,405024,0.0,GSE135893
THD0001,control,Endothelial Cells,NLRP3,62,0,0.0,0,405024,0.0,GSE135893
THD0001,control,Endothelial Cells,PYCARD,62,20,0.3225806451612903,24,405024,0.6875628503575751,GSE135893
THD0001,control,Endothelial Cells,SIGIRR,62,35,0.5645161290322581,59,405024,1.5049965921254955,GSE135893
THD0001,control,Macrophages,CASP1,292,111,0.3801369863013699,170,3158898,0.5407478402655869,GSE135893
THD0001,control,Macrophages,GSDMD,292,57,0.1952054794520548,70,3158898,0.229484429922909,GSE135893
THD0001,control,Macrophages,IL1A,292,11,0.0376712328767123,15,3158898,0.0545587372080378,GSE135893
THD0001,control,Macrophages,IL1B,292,70,0.2397260273972602,566,3158898,1.920280524733194,GSE135893
THD0001,control,Macrophages,IL1R1,292,22,0.0753424657534246,22,3158898,0.0746968210994163,GSE135893
THD0001,control,Macrophages,IL1R2,292,76,0.2602739726027397,271,3158898,0.8714346193144816,GSE135893
THD0001,control,Macrophages,IL1RAP,292,91,0.3116438356164384,144,3158898,0.5558451224819091,GSE135893
THD0001,control,Macrophages,IL1RN,292,70,0.2397260273972602,253,3158898,0.6674623872768686,GSE135893
THD0001,control,Macrophages,NLRP3,292,102,0.3493150684931507,205,3158898,0.7751091196005553,GSE135893
THD0001,control,Macrophages,PYCARD,292,243,0.8321917808219178,1161,3158898,3.345774035376856,GSE135893
THD0001,control,Macrophages,SIGIRR,292,103,0.3527397260273973,132,3158898,0.4112201985118902,GSE135893
THD0001,control,Monocytes,CASP1,437,189,0.4324942791762013,318,2875908,1.0768892048834513,GSE135893
THD0001,control,Monocytes,GSDMD,437,120,0.2745995423340961,159,2875908,0.5969557747356243,GSE135893
THD0001,control,Monocytes,IL1A,437,6,0.0137299771167048,9,2875908,0.0189041418250729,GSE135893
THD0001,control,Monocytes,IL1B,437,193,0.4416475972540046,1163,2875908,3.7438030628748376,GSE135893
THD0001,control,Monocytes,IL1R1,437,13,0.0297482837528604,14,2875908,0.0722137066407882,GSE135893
THD0001,control,Monocytes,IL1R2,437,239,0.5469107551487414,806,2875908,3.195809364578225,GSE135893
THD0001,control,Monocytes,IL1RAP,437,56,0.1281464530892448,61,2875908,0.2988116194074603,GSE135893
THD0001,control,Monocytes,IL1RN,437,81,0.1853546910755149,172,2875908,0.5172172243236344,GSE135893
THD0001,control,Monocytes,NLRP3,437,265,0.6064073226544623,650,2875908,2.528988097292836,GSE135893
THD0001,control,Monocytes,PYCARD,437,369,0.8443935926773455,1233,2875908,4.286455625576214,GSE135893
THD0001,control,Monocytes,SIGIRR,437,121,0.2768878718535469,152,2875908,0.5508082900468757,GSE135893
THD0002,control,AT1,CASP1,104,7,0.0673076923076923,8,453301,0.1838306833841692,GSE135893
THD0002,control,AT1,GSDMD,104,21,0.2019230769230769,25,453301,0.5795052665885142,GSE135893
THD0002,control,AT1,IL1A,104,0,0.0,0,453301,0.0,GSE135893
THD0002,control,AT1,IL1B,104,0,0.0,0,453301,0.0,GSE135893
THD0002,control,AT1,IL1R1,104,8,0.0769230769230769,15,453301,0.2269779650593274,GSE135893
THD0002,control,AT1,IL1R2,104,1,0.0096153846153846,1,453301,0.0336791054829583,GSE135893
THD0002,control,AT1,IL1RAP,104,0,0.0,0,453301,0.0,GSE135893
THD0002,control,AT1,IL1RN,104,0,0.0,0,453301,0.0,GSE135893
THD0002,control,AT1,NLRP3,104,3,0.0288461538461538,3,453301,0.0332562817074622,GSE135893
THD0002,control,AT1,PYCARD,104,14,0.1346153846153846,15,453301,0.383802398287401,GSE135893
THD0002,control,AT1,SIGIRR,104,26,0.25,33,453301,0.6873787858739681,GSE135893
THD0002,control,AT2,CASP1,1044,53,0.0507662835249042,57,10935829,0.050678730711253,GSE135893
THD0002,control,AT2,GSDMD,1044,255,0.2442528735632184,304,10935829,0.2702160501524846,GSE135893
THD0002,control,AT2,IL1A,1044,0,0.0,0,10935829,0.0,GSE135893
THD0002,control,AT2,IL1B,1044,15,0.014367816091954,15,10935829,0.0151761197046401,GSE135893
THD0002,control,AT2,IL1R1,1044,476,0.4559386973180077,749,10935829,0.7162082586275506,GSE135893
THD0002,control,AT2,IL1R2,1044,5,0.0047892720306513,5,10935829,0.0043587807082139,GSE135893
THD0002,control,AT2,IL1RAP,1044,58,0.0555555555555555,63,10935829,0.0601072491227415,GSE135893
THD0002,control,AT2,IL1RN,1044,4,0.003831417624521,4,10935829,0.0040208319264563,GSE135893
THD0002,control,AT2,NLRP3,1044,6,0.0057471264367816,7,10935829,0.0070210994177465,GSE135893
THD0002,control,AT2,PYCARD,1044,160,0.1532567049808429,178,10935829,0.1600245919801775,GSE135893
THD0002,control,AT2,SIGIRR,1044,411,0.3936781609195402,518,10935829,0.4704365455003109,GSE135893
THD0002,control,Endothelial Cells,CASP1,187,31,0.1657754010695187,34,926935,0.3885423729423419,GSE135893
THD0002,control,Endothelial Cells,GSDMD,187,72,0.3850267379679144,83,926935,1.0415550211122775,GSE135893
THD0002,control,Endothelial Cells,IL1A,187,0,0.0,0,926935,0.0,GSE135893
THD0002,control,Endothelial Cells,IL1B,187,7,0.0374331550802139,8,926935,0.1278302225044248,GSE135893
THD0002,control,Endothelial Cells,IL1R1,187,83,0.4438502673796791,240,926935,2.57589831418446,GSE135893
THD0002,control,Endothelial Cells,IL1R2,187,1,0.0053475935828877,1,926935,0.0065016335354257,GSE135893
THD0002,control,Endothelial Cells,IL1RAP,187,11,0.0588235294117647,12,926935,0.1502745213197431,GSE135893
THD0002,control,Endothelial Cells,IL1RN,187,1,0.0053475935828877,1,926935,0.0216677211624299,GSE135893
THD0002,control,Endothelial Cells,NLRP3,187,2,0.0106951871657754,2,926935,0.021774022941519,GSE135893
THD0002,control,Endothelial Cells,PYCARD,187,28,0.1497326203208556,33,926935,0.3882809594072403,GSE135893
THD0002,control,Endothelial Cells,SIGIRR,187,94,0.5026737967914439,142,926935,1.6586610607615733,GSE135893
THD0002,control,Macrophages,CASP1,748,269,0.3596256684491978,366,6311427,0.5857073070912695,GSE135893
THD0002,control,Macrophages,GSDMD,748,173,0.231283422459893,208,6311427,0.3263403982743418,GSE135893
THD0002,control,Macrophages,IL1A,748,35,0.0467914438502673,59,6311427,0.0950553179795685,GSE135893
THD0002,control,Macrophages,IL1B,748,248,0.3315508021390374,2029,6311427,3.357139444476083,GSE135893
THD0002,control,Macrophages,IL1R1,748,31,0.0414438502673796,34,6311427,0.060497777498692,GSE135893
THD0002,control,Macrophages,IL1R2,748,268,0.3582887700534759,943,6311427,1.5818920472593403,GSE135893
THD0002,control,Macrophages,IL1RAP,748,174,0.232620320855615,265,6311427,0.4654766569549143,GSE135893
THD0002,control,Macrophages,IL1RN,748,165,0.2205882352941176,768,6311427,1.3898178296958694,GSE135893
THD0002,control,Macrophages,NLRP3,748,329,0.4398395721925133,878,6311427,1.522790821031751,GSE135893
THD0002,control,Macrophages,PYCARD,748,643,0.8596256684491979,2421,6311427,3.822367303143017,GSE135893
THD0002,control,Macrophages,SIGIRR,748,217,0.2901069518716577,282,6311427,0.4589230400566791,GSE135893
THD0002,control,Monocytes,CASP1,349,163,0.4670487106017192,282,1926055,1.3845220385196997,GSE135893
THD0002,control,Monocytes,GSDMD,349,79,0.2263610315186246,91,1926055,0.4182536336303094,GSE135893
THD0002,control,Monocytes,IL1A,349,5,0.0143266475644699,7,1926055,0.036949743788149,GSE135893
THD0002,control,Monocytes,IL1B,349,185,0.5300859598853869,1407,1926055,7.368945433382084,GSE135893
THD0002,control,Monocytes,IL1R1,349,10,0.0286532951289398,10,1926055,0.0693216384292371,GSE135893
THD0002,control,Monocytes,IL1R2,349,230,0.6590257879656161,802,1926055,4.622863486966928,GSE135893
THD0002,control,Monocytes,IL1RAP,349,48,0.1375358166189111,62,1926055,0.3672444376143887,GSE135893
THD0002,control,Monocytes,IL1RN,349,66,0.1891117478510028,181,1926055,0.9826650475853976,GSE135893
THD0002,control,Monocytes,NLRP3,349,241,0.6905444126074498,662,1926055,3.920124549010177,GSE135893
THD0002,control,Monocytes,PYCARD,349,289,0.828080229226361,870,1926055,4.391922641091327,GSE135893
THD0002,control,Monocytes,SIGIRR,349,101,0.2893982808022922,122,1926055,0.6707585366362874,GSE135893
THD0005,control,AT1,CASP1,56,4,0.0714285714285714,4,248312,0.1892857731758357,GSE135893
THD0005,control,AT1,GSDMD,56,17,0.3035714285714285,21,248312,0.8901373778587681,GSE135893
THD0005,control,AT1,IL1A,56,0,0.0,0,248312,0.0,GSE135893
THD0005,control,AT1,IL1B,56,0,0.0,0,248312,0.0,GSE135893
THD0005,control,AT1,IL1R1,56,8,0.1428571428571428,8,248312,0.2605064299595114,GSE135893
THD0005,control,AT1,IL1R2,56,0,0.0,0,248312,0.0,GSE135893
THD0005,control,AT1,IL1RAP,56,0,0.0,0,248312,0.0,GSE135893
THD0005,control,AT1,IL1RN,56,2,0.0357142857142857,2,248312,0.0696698630633705,GSE135893
THD0005,control,AT1,NLRP3,56,0,0.0,0,248312,0.0,GSE135893
THD0005,control,AT1,PYCARD,56,10,0.1785714285714285,12,248312,0.4786634432862826,GSE135893
THD0005,control,AT1,SIGIRR,56,20,0.3571428571428571,24,248312,0.9155679024539358,GSE135893
THD0005,control,Ciliated,CASP1,143,6,0.0419580419580419,6,1113778,0.0748276996243885,GSE135893
THD0005,control,Ciliated,GSDMD,143,48,0.3356643356643357,64,1113778,0.673198810187426,GSE135893
THD0005,control,Ciliated,IL1A,143,0,0.0,0,1113778,0.0,GSE135893
THD0005,control,Ciliated,IL1B,143,5,0.0349650349650349,7,1113778,0.0685863438360403,GSE135893
THD0005,control,Ciliated,IL1R1,143,14,0.0979020979020979,16,1113778,0.1506331168635221,GSE135893
THD0005,control,Ciliated,IL1R2,143,1,0.0069930069930069,1,1113778,0.0036282074260698,GSE135893
THD0005,control,Ciliated,IL1RAP,143,0,0.0,0,1113778,0.0,GSE135893
THD0005,control,Ciliated,IL1RN,143,3,0.0209790209790209,3,1113778,0.0409373193433808,GSE135893
THD0005,control,Ciliated,NLRP3,143,0,0.0,0,1113778,0.0,GSE135893
THD0005,control,Ciliated,PYCARD,143,24,0.1678321678321678,28,1113778,0.236576023663579,GSE135893
THD0005,control,Ciliated,SIGIRR,143,86,0.6013986013986014,146,1113778,1.2973032437707124,GSE135893
THD0005,control,Endothelial Cells,CASP1,553,117,0.2115732368896926,136,2682639,0.544490689322931,GSE135893
THD0005,control,Endothelial Cells,GSDMD,553,178,0.321880650994575,264,2682639,1.009787386394923,GSE135893
THD0005,control,Endothelial Cells,IL1A,553,0,0.0,0,2682639,0.0,GSE135893
THD0005,control,Endothelial Cells,IL1B,553,12,0.0216998191681736,13,2682639,0.0657998461836113,GSE135893
THD0005,control,Endothelial Cells,IL1R1,553,237,0.4285714285714285,590,2682639,2.3090151937585386,GSE135893
THD0005,control,Endothelial Cells,IL1R2,553,5,0.0090415913200723,5,2682639,0.0274509573941229,GSE135893
THD0005,control,Endothelial Cells,IL1RAP,553,41,0.0741410488245931,45,2682639,0.2016786677917431,GSE135893
THD0005,control,Endothelial Cells,IL1RN,553,5,0.0090415913200723,5,2682639,0.0251122363891605,GSE135893
THD0005,control,Endothelial Cells,NLRP3,553,3,0.0054249547920434,4,2682639,0.0081558769763893,GSE135893
THD0005,control,Endothelial Cells,PYCARD,553,99,0.1790235081374321,115,2682639,0.4871899722252928,GSE135893
THD0005,control,Endothelial Cells,SIGIRR,553,244,0.4412296564195298,367,2682639,1.3202736087146252,GSE135893
THD0005,control,Lymphatic Endothelial Cells,CASP1,141,22,0.1560283687943262,26,848534,0.2984924980115292,GSE135893
THD0005,control,Lymphatic Endothelial Cells,GSDMD,141,35,0.2482269503546099,49,848534,0.5178696972073473,GSE135893
THD0005,control,Lymphatic Endothelial Cells,IL1A,141,0,0.0,0,848534,0.0,GSE135893
THD0005,control,Lymphatic Endothelial Cells,IL1B,141,4,0.0283687943262411,4,848534,0.0694906546267778,GSE135893
THD0005,control,Lymphatic Endothelial Cells,IL1R1,141,9,0.0638297872340425,10,848534,0.1542935616836263,GSE135893
THD0005,control,Lymphatic Endothelial Cells,IL1R2,141,0,0.0,0,848534,0.0,GSE135893
THD0005,control,Lymphatic Endothelial Cells,IL1RAP,141,2,0.0141843971631205,3,848534,0.0443741051723824,GSE135893
THD0005,control,Lymphatic Endothelial Cells,IL1RN,141,0,0.0,0,848534,0.0,GSE135893
THD0005,control,Lymphatic Endothelial Cells,NLRP3,141,3,0.0212765957446808,3,848534,0.033059344703375,GSE135893
THD0005,control,Lymphatic Endothelial Cells,PYCARD,141,36,0.2553191489361702,45,848534,0.5325383463661549,GSE135893
THD0005,control,Lymphatic Endothelial Cells,SIGIRR,141,73,0.5177304964539007,126,848534,1.4937117820782664,GSE135893
THD0005,control,Macrophages,CASP1,958,419,0.4373695198329854,668,6607378,0.9738914745354794,GSE135893
THD0005,control,Macrophages,GSDMD,958,198,0.2066805845511482,235,6607378,0.3589991030416864,GSE135893
THD0005,control,Macrophages,IL1A,958,19,0.0198329853862212,22,6607378,0.0396956292256419,GSE135893
THD0005,control,Macrophages,IL1B,958,333,0.3475991649269311,2034,6607378,3.3157843631989303,GSE135893
THD0005,control,Macrophages,IL1R1,958,39,0.0407098121085595,45,6607378,0.0855662130320835,GSE135893
THD0005,control,Macrophages,IL1R2,958,51,0.0532359081419624,109,6607378,0.1671072733437762,GSE135893
THD0005,control,Macrophages,IL1RAP,958,183,0.1910229645093945,229,6607378,0.429499277459331,GSE135893
THD0005,control,Macrophages,IL1RN,958,198,0.2066805845511482,1323,6607378,1.368038866993955,GSE135893
THD0005,control,Macrophages,NLRP3,958,185,0.1931106471816284,275,6607378,0.5281077103098504,GSE135893
THD0005,control,Macrophages,PYCARD,958,610,0.6367432150313153,1731,6607378,2.348920142378154,GSE135893
THD0005,control,Macrophages,SIGIRR,958,191,0.1993736951983298,224,6607378,0.3591635608182197,GSE135893
THD0005,control,Mast Cells,CASP1,179,29,0.1620111731843575,44,649716,0.6127794211090832,GSE135893
THD0005,control,Mast Cells,GSDMD,179,21,0.1173184357541899,24,649716,0.3519158029296768,GSE135893
THD0005,control,Mast Cells,IL1A,179,5,0.0279329608938547,6,649716,0.1037134208611406,GSE135893
THD0005,control,Mast Cells,IL1B,179,6,0.0335195530726257,10,649716,0.179153606690807,GSE135893
THD0005,control,Mast Cells,IL1R1,179,1,0.0055865921787709,1,649716,0.0089199938987241,GSE135893
THD0005,control,Mast Cells,IL1R2,179,0,0.0,0,649716,0.0,GSE135893
THD0005,control,Mast Cells,IL1RAP,179,11,0.0614525139664804,13,649716,0.1887783336035863,GSE135893
THD0005,control,Mast Cells,IL1RN,179,0,0.0,0,649716,0.0,GSE135893
THD0005,control,Mast Cells,NLRP3,179,5,0.0279329608938547,5,649716,0.0802553418656988,GSE135893
THD0005,control,Mast Cells,PYCARD,179,46,0.2569832402234637,58,649716,0.8275229078999565,GSE135893
THD0005,control,Mast Cells,SIGIRR,179,35,0.1955307262569832,40,649716,0.5335539816632754,GSE135893
THD0005,control,Monocytes,CASP1,863,434,0.5028968713789108,838,4066104,1.9582610639682776,GSE135893
THD0005,control,Monocytes,GSDMD,863,176,0.2039397450753186,210,4066104,0.5046039662994803,GSE135893
THD0005,control,Monocytes,IL1A,863,5,0.0057937427578215,8,4066104,0.0288685967719368,GSE135893
THD0005,control,Monocytes,IL1B,863,408,0.4727694090382387,2734,4066104,6.996518976359246,GSE135893
THD0005,control,Monocytes,IL1R1,863,11,0.0127462340672074,12,4066104,0.0438143105992024,GSE135893
THD0005,control,Monocytes,IL1R2,863,48,0.0556199304750869,72,4066104,0.2187409353641945,GSE135893
THD0005,control,Monocytes,IL1RAP,863,70,0.0811123986095017,83,4066104,0.2828744242467901,GSE135893
THD0005,control,Monocytes,IL1RN,863,167,0.1935110081112398,393,4066104,0.8910438011514745,GSE135893
THD0005,control,Monocytes,NLRP3,863,355,0.4113557358053302,705,4066104,2.153817363397591,GSE135893
THD0005,control,Monocytes,PYCARD,863,524,0.6071842410196987,1392,4066104,3.031282763176549,GSE135893
THD0005,control,Monocytes,SIGIRR,863,213,0.2468134414831981,257,4066104,0.6627356270961956,GSE135893
THD0005,control,Plasma Cells,CASP1,134,14,0.1044776119402985,15,1592839,0.093405169541508,GSE135893
THD0005,control,Plasma Cells,GSDMD,134,29,0.2164179104477611,48,1592839,0.3060893591396548,GSE135893
THD0005,control,Plasma Cells,IL1A,134,2,0.0149253731343283,2,1592839,0.0291379166225667,GSE135893
THD0005,control,Plasma Cells,IL1B,134,2,0.0149253731343283,2,1592839,0.0254063154091263,GSE135893
THD0005,control,Plasma Cells,IL1R1,134,0,0.0,0,1592839,0.0,GSE135893
THD0005,control,Plasma Cells,IL1R2,134,0,0.0,0,1592839,0.0,GSE135893
THD0005,control,Plasma Cells,IL1RAP,134,2,0.0149253731343283,2,1592839,0.0438093451769266,GSE135893
THD0005,control,Plasma Cells,IL1RN,134,2,0.0149253731343283,3,1592839,0.0282442227317958,GSE135893
THD0005,control,Plasma Cells,NLRP3,134,4,0.0298507462686567,8,1592839,0.0810439758929857,GSE135893
THD0005,control,Plasma Cells,PYCARD,134,49,0.3656716417910448,85,1592839,0.5402893008701896,GSE135893
THD0005,control,Plasma Cells,SIGIRR,134,27,0.2014925373134328,41,1592839,0.2506704768973429,GSE135893
THD0005,control,Proliferating T Cells,CASP1,72,25,0.3472222222222222,39,488736,0.6683097724021466,GSE135893
THD0005,control,Proliferating T Cells,GSDMD,72,29,0.4027777777777778,44,488736,0.9464667663414532,GSE135893
THD0005,control,Proliferating T Cells,IL1A,72,0,0.0,0,488736,0.0,GSE135893
THD0005,control,Proliferating T Cells,IL1B,72,1,0.0138888888888888,3,488736,0.0492048496299795,GSE135893
THD0005,control,Proliferating T Cells,IL1R1,72,2,0.0277777777777777,2,488736,0.0272968353731721,GSE135893
THD0005,control,Proliferating T Cells,IL1R2,72,1,0.0138888888888888,1,488736,0.0217115661855383,GSE135893
THD0005,control,Proliferating T Cells,IL1RAP,72,1,0.0138888888888888,1,488736,0.0093101547720129,GSE135893
THD0005,control,Proliferating T Cells,IL1RN,72,0,0.0,0,488736,0.0,GSE135893
THD0005,control,Proliferating T Cells,NLRP3,72,3,0.0416666666666666,3,488736,0.0769450554005279,GSE135893
THD0005,control,Proliferating T Cells,PYCARD,72,39,0.5416666666666666,70,488736,1.2262601804501931,GSE135893
THD0005,control,Proliferating T Cells,SIGIRR,72,44,0.6111111111111112,77,488736,1.5950181613865753,GSE135893
THD0005,control,T Cells,CASP1,221,67,0.3031674208144796,91,860853,1.0626523078593595,GSE135893
THD0005,control,T Cells,GSDMD,221,64,0.2895927601809955,73,860853,0.8704539189743244,GSE135893
THD0005,control,T Cells,IL1A,221,0,0.0,0,860853,0.0,GSE135893
THD0005,control,T Cells,IL1B,221,9,0.0407239819004524,9,860853,0.1202055269831356,GSE135893
THD0005,control,T Cells,IL1R1,221,0,0.0,0,860853,0.0,GSE135893
THD0005,control,T Cells,IL1R2,221,1,0.004524886877828,1,860853,0.0108484461228195,GSE135893
THD0005,control,T Cells,IL1RAP,221,8,0.0361990950226244,8,860853,0.0818113824107676,GSE135893
THD0005,control,T Cells,IL1RN,221,2,0.0090497737556561,2,860853,0.0302934041587604,GSE135893
THD0005,control,T Cells,NLRP3,221,5,0.0226244343891402,7,860853,0.0930520342046462,GSE135893
THD0005,control,T Cells,PYCARD,221,63,0.2850678733031674,83,860853,1.0275827548150975,GSE135893
THD0005,control,T Cells,SIGIRR,221,102,0.4615384615384615,142,860853,1.7222232039747971,GSE135893
TILD001,IPF,Ciliated,CASP1,106,3,0.0283018867924528,4,714444,0.0328781378669085,GSE135893
TILD001,IPF,Ciliated,GSDMD,106,43,0.4056603773584906,63,714444,0.8363016810866308,GSE135893
TILD001,IPF,Ciliated,IL1A,106,0,0.0,0,714444,0.0,GSE135893
TILD001,IPF,Ciliated,IL1B,106,0,0.0,0,714444,0.0,GSE135893
TILD001,IPF,Ciliated,IL1R1,106,24,0.2264150943396226,37,714444,0.5083392210473435,GSE135893
TILD001,IPF,Ciliated,IL1R2,106,1,0.0094339622641509,1,714444,0.019949169516073,GSE135893
TILD001,IPF,Ciliated,IL1RAP,106,3,0.0283018867924528,3,714444,0.0773146533059061,GSE135893
TILD001,IPF,Ciliated,IL1RN,106,2,0.0188679245283018,2,714444,0.0437961071139796,GSE135893
TILD001,IPF,Ciliated,NLRP3,106,1,0.0094339622641509,2,714444,0.0144272247501926,GSE135893
TILD001,IPF,Ciliated,PYCARD,106,13,0.1226415094339622,14,714444,0.14250302750017,GSE135893
TILD001,IPF,Ciliated,SIGIRR,106,59,0.5566037735849056,100,714444,1.3472756011613474,GSE135893
TILD001,IPF,Endothelial Cells,CASP1,50,8,0.16,9,368452,0.306423611753332,GSE135893
TILD001,IPF,Endothelial Cells,GSDMD,50,8,0.16,10,368452,0.2697619425443843,GSE135893
TILD001,IPF,Endothelial Cells,IL1A,50,0,0.0,0,368452,0.0,GSE135893
TILD001,IPF,Endothelial Cells,IL1B,50,0,0.0,0,368452,0.0,GSE135893
TILD001,IPF,Endothelial Cells,IL1R1,50,15,0.3,28,368452,0.8475915483852826,GSE135893
TILD001,IPF,Endothelial Cells,IL1R2,50,0,0.0,0,368452,0.0,GSE135893
TILD001,IPF,Endothelial Cells,IL1RAP,50,4,0.08,5,368452,0.1581148618664657,GSE135893
TILD001,IPF,Endothelial Cells,IL1RN,50,0,0.0,0,368452,0.0,GSE135893
TILD001,IPF,Endothelial Cells,NLRP3,50,0,0.0,0,368452,0.0,GSE135893
TILD001,IPF,Endothelial Cells,PYCARD,50,4,0.08,5,368452,0.1202099704916537,GSE135893
TILD001,IPF,Endothelial Cells,SIGIRR,50,26,0.52,37,368452,1.1945007005874384,GSE135893
TILD001,IPF,HAS1 High Fibroblasts,CASP1,179,23,0.1284916201117318,23,2585307,0.0846047140456247,GSE135893
TILD001,IPF,HAS1 High Fibroblasts,GSDMD,179,60,0.3351955307262569,76,2585307,0.2818173135391511,GSE135893
TILD001,IPF,HAS1 High Fibroblasts,IL1A,179,6,0.0335195530726257,8,2585307,0.0290715442208262,GSE135893
TILD001,IPF,HAS1 High Fibroblasts,IL1B,179,5,0.0279329608938547,5,2585307,0.0167590609666023,GSE135893
TILD001,IPF,HAS1 High Fibroblasts,IL1R1,179,173,0.9664804469273744,1353,2585307,5.361584933846651,GSE135893
TILD001,IPF,HAS1 High Fibroblasts,IL1R2,179,13,0.0726256983240223,17,2585307,0.0710755646536416,GSE135893
TILD001,IPF,HAS1 High Fibroblasts,IL1RAP,179,26,0.1452513966480447,38,2585307,0.1262969849929758,GSE135893
TILD001,IPF,HAS1 High Fibroblasts,IL1RN,179,2,0.0111731843575419,19,2585307,0.0531432705601012,GSE135893
TILD001,IPF,HAS1 High Fibroblasts,NLRP3,179,1,0.0055865921787709,1,2585307,0.0045053162732023,GSE135893
TILD001,IPF,HAS1 High Fibroblasts,PYCARD,179,67,0.3743016759776536,99,2585307,0.3560098786944667,GSE135893
TILD001,IPF,HAS1 High Fibroblasts,SIGIRR,179,93,0.5195530726256983,147,2585307,0.569390742328268,GSE135893
TILD001,IPF,Macrophages,CASP1,431,105,0.2436194895591647,142,3039162,0.4641492465494066,GSE135893
TILD001,IPF,Macrophages,GSDMD,431,77,0.1786542923433874,89,3039162,0.2777188687997102,GSE135893
TILD001,IPF,Macrophages,IL1A,431,10,0.0232018561484918,11,3039162,0.0440502524072205,GSE135893
TILD001,IPF,Macrophages,IL1B,431,138,0.3201856148491879,704,3039162,2.878211167663638,GSE135893
TILD001,IPF,Macrophages,IL1R1,431,82,0.1902552204176334,113,3039162,0.405924954391033,GSE135893
TILD001,IPF,Macrophages,IL1R2,431,39,0.0904872389791183,67,3039162,0.2403757722260224,GSE135893
TILD001,IPF,Macrophages,IL1RAP,431,178,0.4129930394431554,342,3039162,1.3780922131435531,GSE135893
TILD001,IPF,Macrophages,IL1RN,431,301,0.6983758700696056,2195,3039162,7.910428320118089,GSE135893
TILD001,IPF,Macrophages,NLRP3,431,196,0.4547563805104408,754,3039162,3.287835854336204,GSE135893
TILD001,IPF,Macrophages,PYCARD,431,226,0.5243619489559165,512,3039162,1.4885484903681685,GSE135893
TILD001,IPF,Macrophages,SIGIRR,431,83,0.1925754060324826,98,3039162,0.3594467206967509,GSE135893
TILD001,IPF,Monocytes,CASP1,243,99,0.4074074074074074,154,1210225,1.2772604383553074,GSE135893
TILD001,IPF,Monocytes,GSDMD,243,45,0.1851851851851851,49,1210225,0.4145353103410612,GSE135893
TILD001,IPF,Monocytes,IL1A,243,6,0.0246913580246913,7,1210225,0.0438701393126747,GSE135893
TILD001,IPF,Monocytes,IL1B,243,102,0.419753086419753,617,1210225,5.010701053798609,GSE135893
TILD001,IPF,Monocytes,IL1R1,243,83,0.3415637860082304,133,1210225,1.219578296599083,GSE135893
TILD001,IPF,Monocytes,IL1R2,243,90,0.3703703703703703,227,1210225,2.0369589830339674,GSE135893
TILD001,IPF,Monocytes,IL1RAP,243,149,0.6131687242798354,285,1210225,2.536849074402657,GSE135893
TILD001,IPF,Monocytes,IL1RN,243,109,0.448559670781893,447,1210225,3.5823092721096206,GSE135893
TILD001,IPF,Monocytes,NLRP3,243,201,0.8271604938271605,851,1210225,7.52080497534348,GSE135893
TILD001,IPF,Monocytes,PYCARD,243,99,0.4074074074074074,165,1210225,1.377507118156185,GSE135893
TILD001,IPF,Monocytes,SIGIRR,243,58,0.2386831275720164,71,1210225,0.6623820318695548,GSE135893
TILD001,IPF,Myofibroblasts,CASP1,53,2,0.0377358490566037,2,388558,0.0330397202738273,GSE135893
TILD001,IPF,Myofibroblasts,GSDMD,53,11,0.2075471698113207,16,388558,0.3815209928116796,GSE135893
TILD001,IPF,Myofibroblasts,IL1A,53,0,0.0,0,388558,0.0,GSE135893
TILD001,IPF,Myofibroblasts,IL1B,53,0,0.0,0,388558,0.0,GSE135893
TILD001,IPF,Myofibroblasts,IL1R1,53,31,0.5849056603773585,105,388558,2.421448685231454,GSE135893
TILD001,IPF,Myofibroblasts,IL1R2,53,0,0.0,0,388558,0.0,GSE135893
TILD001,IPF,Myofibroblasts,IL1RAP,53,8,0.1509433962264151,9,388558,0.2638609457810837,GSE135893
TILD001,IPF,Myofibroblasts,IL1RN,53,0,0.0,0,388558,0.0,GSE135893
TILD001,IPF,Myofibroblasts,NLRP3,53,0,0.0,0,388558,0.0,GSE135893
TILD001,IPF,Myofibroblasts,PYCARD,53,9,0.1698113207547169,10,388558,0.2958981681731958,GSE135893
TILD001,IPF,Myofibroblasts,SIGIRR,53,17,0.320754716981132,24,388558,0.5513857763941252,GSE135893
TILD001,IPF,PLIN2+ Fibroblasts,CASP1,830,18,0.0216867469879518,18,6380753,0.0313824818390837,GSE135893
TILD001,IPF,PLIN2+ Fibroblasts,GSDMD,830,146,0.1759036144578313,162,6380753,0.2505437207272462,GSE135893
TILD001,IPF,PLIN2+ Fibroblasts,IL1A,830,9,0.0108433734939759,19,6380753,0.035808624442094,GSE135893
TILD001,IPF,PLIN2+ Fibroblasts,IL1B,830,33,0.0397590361445783,51,6380753,0.07925783948609,GSE135893
TILD001,IPF,PLIN2+ Fibroblasts,IL1R1,830,708,0.8530120481927711,2865,6380753,4.75973989374632,GSE135893
TILD001,IPF,PLIN2+ Fibroblasts,IL1R2,830,21,0.0253012048192771,23,6380753,0.0420910739707709,GSE135893
TILD001,IPF,PLIN2+ Fibroblasts,IL1RAP,830,93,0.1120481927710843,114,6380753,0.1976632725423866,GSE135893
TILD001,IPF,PLIN2+ Fibroblasts,IL1RN,830,10,0.0120481927710843,10,6380753,0.0163442760887222,GSE135893
TILD001,IPF,PLIN2+ Fibroblasts,NLRP3,830,7,0.008433734939759,7,6380753,0.0118766709924322,GSE135893
TILD001,IPF,PLIN2+ Fibroblasts,PYCARD,830,161,0.1939759036144578,194,6380753,0.2920799981441698,GSE135893
TILD001,IPF,PLIN2+ Fibroblasts,SIGIRR,830,290,0.3493975903614458,409,6380753,0.6253214754289631,GSE135893
TILD006,IPF,Ciliated,CASP1,89,0,0.0,0,317023,0.0,GSE135893
TILD006,IPF,Ciliated,GSDMD,89,9,0.1011235955056179,9,317023,0.2879348776036682,GSE135893
TILD006,IPF,Ciliated,IL1A,89,0,0.0,0,317023,0.0,GSE135893
TILD006,IPF,Ciliated,IL1B,89,4,0.0449438202247191,4,317023,0.1592240363423676,GSE135893
TILD006,IPF,Ciliated,IL1R1,89,6,0.0674157303370786,13,317023,0.3984035276655027,GSE135893
TILD006,IPF,Ciliated,IL1R2,89,0,0.0,0,317023,0.0,GSE135893
TILD006,IPF,Ciliated,IL1RAP,89,0,0.0,0,317023,0.0,GSE135893
TILD006,IPF,Ciliated,IL1RN,89,0,0.0,0,317023,0.0,GSE135893
TILD006,IPF,Ciliated,NLRP3,89,0,0.0,0,317023,0.0,GSE135893
TILD006,IPF,Ciliated,PYCARD,89,20,0.2247191011235955,22,317023,0.6560555123224715,GSE135893
TILD006,IPF,Ciliated,SIGIRR,89,22,0.247191011235955,23,317023,0.7461795295300149,GSE135893
TILD006,IPF,Endothelial Cells,CASP1,229,9,0.0393013100436681,9,954632,0.0890434717316739,GSE135893
TILD006,IPF,Endothelial Cells,GSDMD,229,23,0.1004366812227074,24,954632,0.2313974584122667,GSE135893
TILD006,IPF,Endothelial Cells,IL1A,229,0,0.0,0,954632,0.0,GSE135893
TILD006,IPF,Endothelial Cells,IL1B,229,2,0.0087336244541484,2,954632,0.0320068178970268,GSE135893
TILD006,IPF,Endothelial Cells,IL1R1,229,37,0.1615720524017467,47,954632,0.5888090642069665,GSE135893
TILD006,IPF,Endothelial Cells,IL1R2,229,1,0.0043668122270742,1,954632,0.0114165025544424,GSE135893
TILD006,IPF,Endothelial Cells,IL1RAP,229,3,0.0131004366812227,3,954632,0.0448773310267459,GSE135893
TILD006,IPF,Endothelial Cells,IL1RN,229,2,0.0087336244541484,2,954632,0.0266763766827609,GSE135893
TILD006,IPF,Endothelial Cells,NLRP3,229,3,0.0131004366812227,6,954632,0.0931621954086778,GSE135893
TILD006,IPF,Endothelial Cells,PYCARD,229,79,0.3449781659388646,108,954632,1.0802476092513742,GSE135893
TILD006,IPF,Endothelial Cells,SIGIRR,229,83,0.3624454148471616,113,954632,1.2179475923358345,GSE135893
TILD006,IPF,Macrophages,CASP1,2122,221,0.1041470311027332,244,13185016,0.2100752301263991,GSE135893
TILD006,IPF,Macrophages,GSDMD,2122,146,0.0688030160226201,155,13185016,0.1262790202287268,GSE135893
TILD006,IPF,Macrophages,IL1A,2122,25,0.0117813383600377,26,13185016,0.0242465027789889,GSE135893
TILD006,IPF,Macrophages,IL1B,2122,659,0.3105560791705938,2134,13185016,2.079467058394634,GSE135893
TILD006,IPF,Macrophages,IL1R1,2122,45,0.0212064090480678,48,13185016,0.0424319306328435,GSE135893
TILD006,IPF,Macrophages,IL1R2,2122,90,0.0424128180961357,164,13185016,0.1512254559989936,GSE135893
TILD006,IPF,Macrophages,IL1RAP,2122,163,0.0768143261074458,185,13185016,0.1673120877269219,GSE135893
TILD006,IPF,Macrophages,IL1RN,2122,637,0.3001885014137606,2791,13185016,2.477043891671725,GSE135893
TILD006,IPF,Macrophages,NLRP3,2122,446,0.2101790763430725,691,13185016,0.7086708483149373,GSE135893
TILD006,IPF,Macrophages,PYCARD,2122,1870,0.88124410933082,7685,13185016,5.806443683280718,GSE135893
TILD006,IPF,Macrophages,SIGIRR,2122,482,0.2271442035815268,558,13185016,0.4578657963594184,GSE135893
TILD006,IPF,Myofibroblasts,CASP1,117,1,0.0085470085470085,1,464447,0.0296154142307988,GSE135893
TILD006,IPF,Myofibroblasts,GSDMD,117,9,0.0769230769230769,9,464447,0.1873845856288277,GSE135893
TILD006,IPF,Myofibroblasts,IL1A,117,0,0.0,0,464447,0.0,GSE135893
TILD006,IPF,Myofibroblasts,IL1B,117,1,0.0085470085470085,1,464447,0.0243991108963989,GSE135893
TILD006,IPF,Myofibroblasts,IL1R1,117,33,0.282051282051282,43,464447,0.9755604532525426,GSE135893
TILD006,IPF,Myofibroblasts,IL1R2,117,1,0.0085470085470085,1,464447,0.0238743255503032,GSE135893
TILD006,IPF,Myofibroblasts,IL1RAP,117,0,0.0,0,464447,0.0,GSE135893
TILD006,IPF,Myofibroblasts,IL1RN,117,4,0.0341880341880341,4,464447,0.0938900778377484,GSE135893
TILD006,IPF,Myofibroblasts,NLRP3,117,0,0.0,0,464447,0.0,GSE135893
TILD006,IPF,Myofibroblasts,PYCARD,117,38,0.3247863247863248,47,464447,0.9974041682755654,GSE135893
TILD006,IPF,Myofibroblasts,SIGIRR,117,29,0.2478632478632478,38,464447,0.7882163551723039,GSE135893
TILD006,IPF,Plasma Cells,CASP1,133,5,0.037593984962406,5,1355973,0.0326152949544384,GSE135893
TILD006,IPF,Plasma Cells,GSDMD,133,6,0.0451127819548872,6,1355973,0.0329865697028145,GSE135893
TILD006,IPF,Plasma Cells,IL1A,133,0,0.0,0,1355973,0.0,GSE135893
TILD006,IPF,Plasma Cells,IL1B,133,8,0.0601503759398496,18,1355973,0.1833306576922634,GSE135893
TILD006,IPF,Plasma Cells,IL1R1,133,2,0.0150375939849624,2,1355973,0.0121279788326518,GSE135893
TILD006,IPF,Plasma Cells,IL1R2,133,7,0.0526315789473684,11,1355973,0.0868156064910574,GSE135893
TILD006,IPF,Plasma Cells,IL1RAP,133,3,0.0225563909774436,3,1355973,0.0256497141918329,GSE135893
TILD006,IPF,Plasma Cells,IL1RN,133,13,0.0977443609022556,34,1355973,0.2985435480464862,GSE135893
TILD006,IPF,Plasma Cells,NLRP3,133,2,0.0150375939849624,2,1355973,0.0169085473048699,GSE135893
TILD006,IPF,Plasma Cells,PYCARD,133,81,0.6090225563909775,149,1355973,1.248270903257103,GSE135893
TILD006,IPF,Plasma Cells,SIGIRR,133,28,0.2105263157894736,34,1355973,0.3026319696515659,GSE135893
TILD006,IPF,Proliferating Macrophages,CASP1,78,14,0.1794871794871795,18,915132,0.2254104002674656,GSE135893
TILD006,IPF,Proliferating Macrophages,GSDMD,78,11,0.141025641025641,12,915132,0.1424294759455105,GSE135893
TILD006,IPF,Proliferating Macrophages,IL1A,78,0,0.0,0,915132,0.0,GSE135893
TILD006,IPF,Proliferating Macrophages,IL1B,78,15,0.1923076923076923,42,915132,0.5915512169558217,GSE135893
TILD006,IPF,Proliferating Macrophages,IL1R1,78,1,0.0128205128205128,1,915132,0.0124956265307142,GSE135893
TILD006,IPF,Proliferating Macrophages,IL1R2,78,3,0.0384615384615384,11,915132,0.0721012056576533,GSE135893
TILD006,IPF,Proliferating Macrophages,IL1RAP,78,5,0.0641025641025641,5,915132,0.0914709721117463,GSE135893
TILD006,IPF,Proliferating Macrophages,IL1RN,78,22,0.282051282051282,59,915132,0.5829308096480974,GSE135893
TILD006,IPF,Proliferating Macrophages,NLRP3,78,14,0.1794871794871795,17,915132,0.2092976498143116,GSE135893
TILD006,IPF,Proliferating Macrophages,PYCARD,78,74,0.9487179487179488,507,915132,5.745324654374414,GSE135893
TILD006,IPF,Proliferating Macrophages,SIGIRR,78,20,0.2564102564102564,33,915132,0.3232790672186722,GSE135893
TILD006,IPF,SCGB3A2+,CASP1,61,2,0.0327868852459016,2,298820,0.0816899096587371,GSE135893
TILD006,IPF,SCGB3A2+,GSDMD,61,7,0.1147540983606557,8,298820,0.2477572054752504,GSE135893
TILD006,IPF,SCGB3A2+,IL1A,61,0,0.0,0,298820,0.0,GSE135893
TILD006,IPF,SCGB3A2+,IL1B,61,0,0.0,0,298820,0.0,GSE135893
TILD006,IPF,SCGB3A2+,IL1R1,61,29,0.4754098360655737,65,298820,2.6803840751180767,GSE135893
TILD006,IPF,SCGB3A2+,IL1R2,61,1,0.0163934426229508,1,298820,0.0334491789899017,GSE135893
TILD006,IPF,SCGB3A2+,IL1RAP,61,0,0.0,0,298820,0.0,GSE135893
TILD006,IPF,SCGB3A2+,IL1RN,61,2,0.0327868852459016,2,298820,0.0682792308451592,GSE135893
TILD006,IPF,SCGB3A2+,NLRP3,61,1,0.0163934426229508,1,298820,0.0282987098618174,GSE135893
TILD006,IPF,SCGB3A2+,PYCARD,61,16,0.2622950819672131,30,298820,0.9391677938340324,GSE135893
TILD006,IPF,SCGB3A2+,SIGIRR,61,6,0.0983606557377049,6,298820,0.2729382028570343,GSE135893
TILD006,IPF,cDCs,CASP1,161,22,0.1366459627329192,25,931136,0.2605870844644539,GSE135893
TILD006,IPF,cDCs,GSDMD,161,7,0.0434782608695652,7,931136,0.0860729909827673,GSE135893
TILD006,IPF,cDCs,IL1A,161,0,0.0,0,931136,0.0,GSE135893
TILD006,IPF,cDCs,IL1B,161,39,0.2422360248447205,85,931136,1.0934538391731874,GSE135893
TILD006,IPF,cDCs,IL1R1,161,4,0.0248447204968944,5,931136,0.0666500107569252,GSE135893
TILD006,IPF,cDCs,IL1R2,161,21,0.1304347826086956,41,931136,0.5048453080495856,GSE135893
TILD006,IPF,cDCs,IL1RAP,161,11,0.0683229813664596,11,931136,0.11164476674039,GSE135893
TILD006,IPF,cDCs,IL1RN,161,28,0.1739130434782608,65,931136,0.6592846595705889,GSE135893
TILD006,IPF,cDCs,NLRP3,161,24,0.1490683229813664,37,931136,0.5271639993892101,GSE135893
TILD006,IPF,cDCs,PYCARD,161,143,0.8881987577639752,618,931136,6.725226692386791,GSE135893
TILD006,IPF,cDCs,SIGIRR,161,45,0.2795031055900621,57,931136,0.5911562132683904,GSE135893
TILD010,IPF,Basal,CASP1,153,13,0.0849673202614379,15,849229,0.1639810858533468,GSE135893
TILD010,IPF,Basal,GSDMD,153,28,0.1830065359477124,33,849229,0.4320601202819088,GSE135893
TILD010,IPF,Basal,IL1A,153,0,0.0,0,849229,0.0,GSE135893
TILD010,IPF,Basal,IL1B,153,0,0.0,0,849229,0.0,GSE135893
TILD010,IPF,Basal,IL1R1,153,26,0.1699346405228758,47,849229,0.6695767438754242,GSE135893
TILD010,IPF,Basal,IL1R2,153,0,0.0,0,849229,0.0,GSE135893
TILD010,IPF,Basal,IL1RAP,153,21,0.1372549019607843,24,849229,0.4366435779599341,GSE135893
TILD010,IPF,Basal,IL1RN,153,4,0.0261437908496732,5,849229,0.0705981088475158,GSE135893
TILD010,IPF,Basal,NLRP3,153,0,0.0,0,849229,0.0,GSE135893
TILD010,IPF,Basal,PYCARD,153,53,0.3464052287581699,92,849229,0.9102544429024207,GSE135893
TILD010,IPF,Basal,SIGIRR,153,42,0.2745098039215686,53,849229,0.7702316732170736,GSE135893
TILD010,IPF,Ciliated,CASP1,122,5,0.040983606557377,6,458608,0.0962701795419809,GSE135893
TILD010,IPF,Ciliated,GSDMD,122,29,0.2377049180327868,33,458608,0.6052655866580123,GSE135893
TILD010,IPF,Ciliated,IL1A,122,0,0.0,0,458608,0.0,GSE135893
TILD010,IPF,Ciliated,IL1B,122,1,0.0081967213114754,1,458608,0.014456298609304,GSE135893
TILD010,IPF,Ciliated,IL1R1,122,2,0.0163934426229508,2,458608,0.0398680567022307,GSE135893
TILD010,IPF,Ciliated,IL1R2,122,0,0.0,0,458608,0.0,GSE135893
TILD010,IPF,Ciliated,IL1RAP,122,3,0.0245901639344262,3,458608,0.1004298089037532,GSE135893
TILD010,IPF,Ciliated,IL1RN,122,1,0.0081967213114754,1,458608,0.0116496891862925,GSE135893
TILD010,IPF,Ciliated,NLRP3,122,2,0.0163934426229508,2,458608,0.0373230762203155,GSE135893
TILD010,IPF,Ciliated,PYCARD,122,23,0.1885245901639344,29,458608,0.5003987681152463,GSE135893
TILD010,IPF,Ciliated,SIGIRR,122,66,0.5409836065573771,89,458608,2.1263079389226074,GSE135893
TILD010,IPF,Endothelial Cells,CASP1,89,12,0.1348314606741573,13,433451,0.2552211998739991,GSE135893
TILD010,IPF,Endothelial Cells,GSDMD,89,29,0.3258426966292135,39,433451,0.8050191529793201,GSE135893
TILD010,IPF,Endothelial Cells,IL1A,89,0,0.0,0,433451,0.0,GSE135893
TILD010,IPF,Endothelial Cells,IL1B,89,0,0.0,0,433451,0.0,GSE135893
TILD010,IPF,Endothelial Cells,IL1R1,89,19,0.2134831460674157,33,433451,0.76613436493558,GSE135893
TILD010,IPF,Endothelial Cells,IL1R2,89,0,0.0,0,433451,0.0,GSE135893
TILD010,IPF,Endothelial Cells,IL1RAP,89,8,0.0898876404494382,10,433451,0.2466290346722831,GSE135893
TILD010,IPF,Endothelial Cells,IL1RN,89,0,0.0,0,433451,0.0,GSE135893
TILD010,IPF,Endothelial Cells,NLRP3,89,1,0.0112359550561797,1,433451,0.0347002935644835,GSE135893
TILD010,IPF,Endothelial Cells,PYCARD,89,18,0.2022471910112359,18,433451,0.4238505457575647,GSE135893
TILD010,IPF,Endothelial Cells,SIGIRR,89,43,0.4831460674157303,66,433451,1.497010010652142,GSE135893
TILD010,IPF,Macrophages,CASP1,741,135,0.1821862348178137,162,5006411,0.3339966072006655,GSE135893
TILD010,IPF,Macrophages,GSDMD,741,177,0.2388663967611336,195,5006411,0.3978926367153435,GSE135893
TILD010,IPF,Macrophages,IL1A,741,8,0.0107962213225371,9,5006411,0.0213585775822878,GSE135893
TILD010,IPF,Macrophages,IL1B,741,137,0.184885290148448,434,5006411,0.951468591779469,GSE135893
TILD010,IPF,Macrophages,IL1R1,741,49,0.0661268556005398,55,5006411,0.1267470618612199,GSE135893
TILD010,IPF,Macrophages,IL1R2,741,16,0.0215924426450742,21,5006411,0.0514272599192803,GSE135893
TILD010,IPF,Macrophages,IL1RAP,741,89,0.1201079622132253,113,5006411,0.2454109201018641,GSE135893
TILD010,IPF,Macrophages,IL1RN,741,268,0.3616734143049933,1147,5006411,2.364222825965389,GSE135893
TILD010,IPF,Macrophages,NLRP3,741,250,0.3373819163292847,496,5006411,1.1576593065518987,GSE135893
TILD010,IPF,Macrophages,PYCARD,741,585,0.7894736842105263,1939,5006411,3.8714162708006095,GSE135893
TILD010,IPF,Macrophages,SIGIRR,741,178,0.2402159244264507,220,5006411,0.4509959927457087,GSE135893
TILD010,IPF,SCGB3A2+,CASP1,154,10,0.0649350649350649,11,903271,0.0815724194206148,GSE135893
TILD010,IPF,SCGB3A2+,GSDMD,154,38,0.2467532467532467,42,903271,0.4358989062825183,GSE135893
TILD010,IPF,SCGB3A2+,IL1A,154,0,0.0,0,903271,0.0,GSE135893
TILD010,IPF,SCGB3A2+,IL1B,154,0,0.0,0,903271,0.0,GSE135893
TILD010,IPF,SCGB3A2+,IL1R1,154,50,0.3246753246753247,78,903271,1.031960341131588,GSE135893
TILD010,IPF,SCGB3A2+,IL1R2,154,0,0.0,0,903271,0.0,GSE135893
TILD010,IPF,SCGB3A2+,IL1RAP,154,5,0.0324675324675324,5,903271,0.0661152168473959,GSE135893
TILD010,IPF,SCGB3A2+,IL1RN,154,2,0.0129870129870129,2,903271,0.0156672672258768,GSE135893
TILD010,IPF,SCGB3A2+,NLRP3,154,0,0.0,0,903271,0.0,GSE135893
TILD010,IPF,SCGB3A2+,PYCARD,154,42,0.2727272727272727,50,903271,0.5227483683550284,GSE135893
TILD010,IPF,SCGB3A2+,SIGIRR,154,37,0.2402597402597402,51,903271,0.5178516235024386,GSE135893
TILD015,IPF,B Cells,CASP1,152,21,0.1381578947368421,30,659229,0.3359484932513369,GSE135893
TILD015,IPF,B Cells,GSDMD,152,31,0.2039473684210526,35,659229,0.49755562758971,GSE135893
TILD015,IPF,B Cells,IL1A,152,6,0.0394736842105263,8,659229,0.0894934176451432,GSE135893
TILD015,IPF,B Cells,IL1B,152,17,0.1118421052631579,31,659229,0.3634623624191273,GSE135893
TILD015,IPF,B Cells,IL1R1,152,1,0.006578947368421,1,659229,0.028031305361828,GSE135893
TILD015,IPF,B Cells,IL1R2,152,0,0.0,0,659229,0.0,GSE135893
TILD015,IPF,B Cells,IL1RAP,152,12,0.0789473684210526,14,659229,0.2486884053636344,GSE135893
TILD015,IPF,B Cells,IL1RN,152,12,0.0789473684210526,21,659229,0.2237970561672818,GSE135893
TILD015,IPF,B Cells,NLRP3,152,5,0.0328947368421052,5,659229,0.0909286484438273,GSE135893
TILD015,IPF,B Cells,PYCARD,152,45,0.2960526315789473,61,659229,0.899416381484034,GSE135893
TILD015,IPF,B Cells,SIGIRR,152,45,0.2960526315789473,56,659229,0.8054554245749043,GSE135893
TILD015,IPF,Ciliated,CASP1,120,11,0.0916666666666666,14,754173,0.1268622126806914,GSE135893
TILD015,IPF,Ciliated,GSDMD,120,39,0.325,48,754173,0.5180692444589606,GSE135893
TILD015,IPF,Ciliated,IL1A,120,0,0.0,0,754173,0.0,GSE135893
TILD015,IPF,Ciliated,IL1B,120,11,0.0916666666666666,12,754173,0.1931028219181905,GSE135893
TILD015,IPF,Ciliated,IL1R1,120,2,0.0166666666666666,2,754173,0.0363971670875784,GSE135893
TILD015,IPF,Ciliated,IL1R2,120,1,0.0083333333333333,1,754173,0.021059725381181,GSE135893
TILD015,IPF,Ciliated,IL1RAP,120,5,0.0416666666666666,5,754173,0.0582822920317547,GSE135893
TILD015,IPF,Ciliated,IL1RN,120,6,0.05,6,754173,0.1095542881385246,GSE135893
TILD015,IPF,Ciliated,NLRP3,120,0,0.0,0,754173,0.0,GSE135893
TILD015,IPF,Ciliated,PYCARD,120,27,0.225,36,754173,0.4244104155055316,GSE135893
TILD015,IPF,Ciliated,SIGIRR,120,68,0.5666666666666667,121,754173,1.6004250942016691,GSE135893
TILD015,IPF,Endothelial Cells,CASP1,471,156,0.3312101910828025,221,3490302,0.6325061428372306,GSE135893
TILD015,IPF,Endothelial Cells,GSDMD,471,249,0.5286624203821656,413,3490302,1.2119815804525995,GSE135893
TILD015,IPF,Endothelial Cells,IL1A,471,2,0.0042462845010615,2,3490302,0.0060478561214558,GSE135893
TILD015,IPF,Endothelial Cells,IL1B,471,38,0.0806794055201698,40,3490302,0.1564686179296576,GSE135893
TILD015,IPF,Endothelial Cells,IL1R1,471,261,0.554140127388535,701,3490302,2.181037354835661,GSE135893
TILD015,IPF,Endothelial Cells,IL1R2,471,4,0.0084925690021231,4,3490302,0.0121548619603653,GSE135893
TILD015,IPF,Endothelial Cells,IL1RAP,471,41,0.0870488322717622,47,3490302,0.1782556656003739,GSE135893
TILD015,IPF,Endothelial Cells,IL1RN,471,22,0.0467091295116772,23,3490302,0.1011076086027332,GSE135893
TILD015,IPF,Endothelial Cells,NLRP3,471,2,0.0042462845010615,2,3490302,0.0055709463338535,GSE135893
TILD015,IPF,Endothelial Cells,PYCARD,471,142,0.3014861995753715,188,3490302,0.5368819064306356,GSE135893
TILD015,IPF,Endothelial Cells,SIGIRR,471,236,0.5010615711252654,372,3490302,1.0616078821507235,GSE135893
TILD015,IPF,Macrophages,CASP1,2422,1047,0.4322873658133774,1876,26232205,0.7093921833185328,GSE135893
TILD015,IPF,Macrophages,GSDMD,2422,694,0.2865400495458299,943,26232205,0.3566722780472718,GSE135893
TILD015,IPF,Macrophages,IL1A,2422,92,0.0379851362510322,167,26232205,0.0782267938895103,GSE135893
TILD015,IPF,Macrophages,IL1B,2422,1115,0.4603633360858794,11297,26232205,4.568915347591194,GSE135893
TILD015,IPF,Macrophages,IL1R1,2422,310,0.1279933938893476,417,26232205,0.1759795260037171,GSE135893
TILD015,IPF,Macrophages,IL1R2,2422,286,0.1180842279108175,682,26232205,0.2584631049318345,GSE135893
TILD015,IPF,Macrophages,IL1RAP,2422,751,0.310074318744839,1148,26232205,0.5757326400256929,GSE135893
TILD015,IPF,Macrophages,IL1RN,2422,1516,0.6259289843104872,21481,26232205,8.720643918254446,GSE135893
TILD015,IPF,Macrophages,NLRP3,2422,716,0.2956234516928158,1216,26232205,0.5509702737013761,GSE135893
TILD015,IPF,Macrophages,PYCARD,2422,1802,0.7440132122213047,7055,26232205,2.4727570176664684,GSE135893
TILD015,IPF,Macrophages,SIGIRR,2422,855,0.3530140379851362,1169,26232205,0.4640444728533786,GSE135893
TILD015,IPF,Mast Cells,CASP1,75,10,0.1333333333333333,12,361656,0.2540753320536418,GSE135893
TILD015,IPF,Mast Cells,GSDMD,75,14,0.1866666666666666,15,361656,0.3882085710764207,GSE135893
TILD015,IPF,Mast Cells,IL1A,75,1,0.0133333333333333,1,361656,0.0413821642871922,GSE135893
TILD015,IPF,Mast Cells,IL1B,75,3,0.04,3,361656,0.093456244059084,GSE135893
TILD015,IPF,Mast Cells,IL1R1,75,2,0.0266666666666666,2,361656,0.0561028466138802,GSE135893
TILD015,IPF,Mast Cells,IL1R2,75,0,0.0,0,361656,0.0,GSE135893
TILD015,IPF,Mast Cells,IL1RAP,75,9,0.12,9,361656,0.2957079097168494,GSE135893
TILD015,IPF,Mast Cells,IL1RN,75,6,0.08,7,361656,0.2259932400327881,GSE135893
TILD015,IPF,Mast Cells,NLRP3,75,4,0.0533333333333333,7,361656,0.1350141587360616,GSE135893
TILD015,IPF,Mast Cells,PYCARD,75,38,0.5066666666666667,69,361656,1.776911557458103,GSE135893
TILD015,IPF,Mast Cells,SIGIRR,75,26,0.3466666666666667,31,361656,0.8499641964018017,GSE135893
TILD015,IPF,Monocytes,CASP1,1042,717,0.6880998080614203,1695,6481802,2.550442497291899,GSE135893
TILD015,IPF,Monocytes,GSDMD,1042,333,0.31957773512476,454,6481802,0.673742985107482,GSE135893
TILD015,IPF,Monocytes,IL1A,1042,23,0.0220729366602687,35,6481802,0.0624791291222472,GSE135893
TILD015,IPF,Monocytes,IL1B,1042,795,0.7629558541266794,8576,6481802,13.489477137432646,GSE135893
TILD015,IPF,Monocytes,IL1R1,1042,22,0.0211132437619961,24,6481802,0.0427473775875262,GSE135893
TILD015,IPF,Monocytes,IL1R2,1042,78,0.0748560460652591,134,6481802,0.2897230233952641,GSE135893
TILD015,IPF,Monocytes,IL1RAP,1042,138,0.1324376199616123,166,6481802,0.3277292935000161,GSE135893
TILD015,IPF,Monocytes,IL1RN,1042,447,0.4289827255278311,1905,6481802,3.1987447740640125,GSE135893
TILD015,IPF,Monocytes,NLRP3,1042,444,0.4261036468330134,947,6481802,1.837627370231061,GSE135893
TILD015,IPF,Monocytes,PYCARD,1042,756,0.72552783109405,2728,6481802,3.706561032677664,GSE135893
TILD015,IPF,Monocytes,SIGIRR,1042,325,0.3119001919385796,429,6481802,0.6555523282395802,GSE135893
TILD015,IPF,Myofibroblasts,CASP1,94,17,0.1808510638297872,21,833916,0.3173357391502953,GSE135893
TILD015,IPF,Myofibroblasts,GSDMD,94,40,0.425531914893617,58,833916,0.7827419034344983,GSE135893
TILD015,IPF,Myofibroblasts,IL1A,94,1,0.0106382978723404,1,833916,0.0617070642247124,GSE135893
TILD015,IPF,Myofibroblasts,IL1B,94,7,0.0744680851063829,8,833916,0.1647667906198226,GSE135893
TILD015,IPF,Myofibroblasts,IL1R1,94,58,0.6170212765957447,170,833916,2.094385005525268,GSE135893
TILD015,IPF,Myofibroblasts,IL1R2,94,2,0.0212765957446808,2,833916,0.0098603634322084,GSE135893
TILD015,IPF,Myofibroblasts,IL1RAP,94,9,0.0957446808510638,12,833916,0.1946429074453341,GSE135893
TILD015,IPF,Myofibroblasts,IL1RN,94,9,0.0957446808510638,9,833916,0.1486112695190727,GSE135893
TILD015,IPF,Myofibroblasts,NLRP3,94,2,0.0212765957446808,2,833916,0.0527669285403606,GSE135893
TILD015,IPF,Myofibroblasts,PYCARD,94,24,0.2553191489361702,27,833916,0.3116501032001499,GSE135893
TILD015,IPF,Myofibroblasts,SIGIRR,94,27,0.2872340425531915,36,833916,0.4032389838874776,GSE135893
TILD015,IPF,Plasma Cells,CASP1,56,6,0.1071428571428571,7,1374800,0.0456122099713717,GSE135893
TILD015,IPF,Plasma Cells,GSDMD,56,14,0.25,15,1374800,0.1592972712066924,GSE135893
TILD015,IPF,Plasma Cells,IL1A,56,0,0.0,0,1374800,0.0,GSE135893
TILD015,IPF,Plasma Cells,IL1B,56,8,0.1428571428571428,25,1374800,0.1786613112451261,GSE135893
TILD015,IPF,Plasma Cells,IL1R1,56,0,0.0,0,1374800,0.0,GSE135893
TILD015,IPF,Plasma Cells,IL1R2,56,0,0.0,0,1374800,0.0,GSE135893
TILD015,IPF,Plasma Cells,IL1RAP,56,1,0.0178571428571428,3,1374800,0.0149950816132308,GSE135893
TILD015,IPF,Plasma Cells,IL1RN,56,3,0.0535714285714285,5,1374800,0.0253472961736025,GSE135893
TILD015,IPF,Plasma Cells,NLRP3,56,0,0.0,0,1374800,0.0,GSE135893
TILD015,IPF,Plasma Cells,PYCARD,56,20,0.3571428571428571,31,1374800,0.2519494967752576,GSE135893
TILD015,IPF,Plasma Cells,SIGIRR,56,11,0.1964285714285714,12,1374800,0.0630157924872075,GSE135893
TILD015,IPF,SCGB3A2+,CASP1,207,17,0.0821256038647343,19,1749922,0.1482243745112467,GSE135893
TILD015,IPF,SCGB3A2+,GSDMD,207,77,0.3719806763285024,100,1749922,0.6428645570567981,GSE135893
TILD015,IPF,SCGB3A2+,IL1A,207,1,0.0048309178743961,1,1749922,0.0045047723558337,GSE135893
TILD015,IPF,SCGB3A2+,IL1B,207,12,0.0579710144927536,12,1749922,0.0715951884873478,GSE135893
TILD015,IPF,SCGB3A2+,IL1R1,207,84,0.4057971014492754,181,1749922,1.006656849469847,GSE135893
TILD015,IPF,SCGB3A2+,IL1R2,207,2,0.0096618357487922,2,1749922,0.0122899849761814,GSE135893
TILD015,IPF,SCGB3A2+,IL1RAP,207,12,0.0579710144927536,12,1749922,0.1028509220264895,GSE135893
TILD015,IPF,SCGB3A2+,IL1RN,207,18,0.0869565217391304,18,1749922,0.1709469499987008,GSE135893
TILD015,IPF,SCGB3A2+,NLRP3,207,0,0.0,0,1749922,0.0,GSE135893
TILD015,IPF,SCGB3A2+,PYCARD,207,54,0.2608695652173913,68,1749922,0.4241805452436193,GSE135893
TILD015,IPF,SCGB3A2+,SIGIRR,207,69,0.3333333333333333,90,1749922,0.5289250879185381,GSE135893
TILD015,IPF,T Cells,CASP1,1259,329,0.26131850675139,429,4858358,0.8384296712408837,GSE135893
TILD015,IPF,T Cells,GSDMD,1259,320,0.2541699761715647,393,4858358,0.8201200839894045,GSE135893
TILD015,IPF,T Cells,IL1A,1259,8,0.0063542494042891,8,4858358,0.0155045080428849,GSE135893
TILD015,IPF,T Cells,IL1B,1259,113,0.0897537728355837,125,4858358,0.2735746249061591,GSE135893
TILD015,IPF,T Cells,IL1R1,1259,36,0.028594122319301,65,4858358,0.0982767142071329,GSE135893
TILD015,IPF,T Cells,IL1R2,1259,30,0.0238284352660841,80,4858358,0.1272015220960854,GSE135893
TILD015,IPF,T Cells,IL1RAP,1259,63,0.0500397140587768,64,4858358,0.1505897537255207,GSE135893
TILD015,IPF,T Cells,IL1RN,1259,74,0.0587768069896743,112,4858358,0.2179836479438689,GSE135893
TILD015,IPF,T Cells,NLRP3,1259,40,0.0317712470214455,47,4858358,0.1062874217794608,GSE135893
TILD015,IPF,T Cells,PYCARD,1259,362,0.2875297855440826,484,4858358,0.8966153717565383,GSE135893
TILD015,IPF,T Cells,SIGIRR,1259,603,0.4789515488482923,862,4858358,1.8642819298097075,GSE135893
TILD015,IPF,cDCs,CASP1,83,33,0.3975903614457831,66,1032778,0.511562479568365,GSE135893
TILD015,IPF,cDCs,GSDMD,83,32,0.3855421686746988,41,1032778,0.4622949351072654,GSE135893
TILD015,IPF,cDCs,IL1A,83,1,0.0120481927710843,1,1032778,0.0125267132159329,GSE135893
TILD015,IPF,cDCs,IL1B,83,32,0.3855421686746988,213,1032778,1.8325197532543835,GSE135893
TILD015,IPF,cDCs,IL1R1,83,21,0.253012048192771,30,1032778,0.3146735258975983,GSE135893
TILD015,IPF,cDCs,IL1R2,83,18,0.216867469879518,43,1032778,0.4162208321112197,GSE135893
TILD015,IPF,cDCs,IL1RAP,83,20,0.2409638554216867,26,1032778,0.2615023054021663,GSE135893
TILD015,IPF,cDCs,IL1RN,83,20,0.2409638554216867,96,1032778,0.844321937464493,GSE135893
TILD015,IPF,cDCs,NLRP3,83,18,0.216867469879518,30,1032778,0.3089801330539755,GSE135893
TILD015,IPF,cDCs,PYCARD,83,58,0.6987951807228916,323,1032778,2.6008388943413934,GSE135893
TILD015,IPF,cDCs,SIGIRR,83,25,0.3012048192771084,26,1032778,0.2337197958463982,GSE135893
TILD015,IPF,pDCs,CASP1,54,6,0.1111111111111111,10,320450,0.2944985838720574,GSE135893
TILD015,IPF,pDCs,GSDMD,54,19,0.3518518518518518,26,320450,0.8851508918664985,GSE135893
TILD015,IPF,pDCs,IL1A,54,0,0.0,0,320450,0.0,GSE135893
TILD015,IPF,pDCs,IL1B,54,7,0.1296296296296296,8,320450,0.2119669075930474,GSE135893
TILD015,IPF,pDCs,IL1R1,54,0,0.0,0,320450,0.0,GSE135893
TILD015,IPF,pDCs,IL1R2,54,1,0.0185185185185185,3,320450,0.0291875357547313,GSE135893
TILD015,IPF,pDCs,IL1RAP,54,0,0.0,0,320450,0.0,GSE135893
TILD015,IPF,pDCs,IL1RN,54,6,0.1111111111111111,7,320450,0.2600064645686453,GSE135893
TILD015,IPF,pDCs,NLRP3,54,3,0.0555555555555555,3,320450,0.1034069149382278,GSE135893
TILD015,IPF,pDCs,PYCARD,54,25,0.4629629629629629,61,320450,1.4437572026451313,GSE135893
TILD015,IPF,pDCs,SIGIRR,54,4,0.074074074074074,5,320450,0.1717573446444954,GSE135893
TILD028,IPF,AT2,CASP1,61,2,0.0327868852459016,2,317620,0.0486074946353345,GSE135893
TILD028,IPF,AT2,GSDMD,61,4,0.0655737704918032,5,317620,0.2526749987538639,GSE135893
TILD028,IPF,AT2,IL1A,61,0,0.0,0,317620,0.0,GSE135893
TILD028,IPF,AT2,IL1B,61,3,0.0491803278688524,3,317620,0.1004611647967174,GSE135893
TILD028,IPF,AT2,IL1R1,61,23,0.3770491803278688,35,317620,1.0491762010182968,GSE135893
TILD028,IPF,AT2,IL1R2,61,0,0.0,0,317620,0.0,GSE135893
TILD028,IPF,AT2,IL1RAP,61,4,0.0655737704918032,5,317620,0.1312389314255835,GSE135893
TILD028,IPF,AT2,IL1RN,61,1,0.0163934426229508,1,317620,0.0230406783175696,GSE135893
TILD028,IPF,AT2,NLRP3,61,0,0.0,0,317620,0.0,GSE135893
TILD028,IPF,AT2,PYCARD,61,4,0.0655737704918032,4,317620,0.081325732408649,GSE135893
TILD028,IPF,AT2,SIGIRR,61,13,0.2131147540983606,13,317620,0.4610627731083276,GSE135893
TILD028,IPF,B Cells,CASP1,199,28,0.1407035175879397,34,894686,0.3457240308228428,GSE135893
TILD028,IPF,B Cells,GSDMD,199,34,0.1708542713567839,35,894686,0.4262644290240341,GSE135893
TILD028,IPF,B Cells,IL1A,199,8,0.0402010050251256,10,894686,0.1504714030097528,GSE135893
TILD028,IPF,B Cells,IL1B,199,25,0.1256281407035175,85,894686,0.7367153808144921,GSE135893
TILD028,IPF,B Cells,IL1R1,199,9,0.0452261306532663,13,894686,0.0908510387361359,GSE135893
TILD028,IPF,B Cells,IL1R2,199,26,0.1306532663316583,101,894686,0.6221162560568166,GSE135893
TILD028,IPF,B Cells,IL1RAP,199,18,0.0904522613065326,24,894686,0.1680637992744,GSE135893
TILD028,IPF,B Cells,IL1RN,199,22,0.1105527638190954,64,894686,0.4760171349674784,GSE135893
TILD028,IPF,B Cells,NLRP3,199,23,0.1155778894472361,60,894686,0.4166364620341514,GSE135893
TILD028,IPF,B Cells,PYCARD,199,59,0.2964824120603015,99,894686,0.8911818052930266,GSE135893
TILD028,IPF,B Cells,SIGIRR,199,45,0.2261306532663316,50,894686,0.616738514859964,GSE135893
TILD028,IPF,Basal,CASP1,101,11,0.1089108910891089,12,495931,0.284101899173076,GSE135893
TILD028,IPF,Basal,GSDMD,101,16,0.1584158415841584,16,495931,0.4173340570422837,GSE135893
TILD028,IPF,Basal,IL1A,101,0,0.0,0,495931,0.0,GSE135893
TILD028,IPF,Basal,IL1B,101,3,0.0297029702970297,3,495931,0.1281633409081959,GSE135893
TILD028,IPF,Basal,IL1R1,101,49,0.4851485148514851,119,495931,2.7621356205600835,GSE135893
TILD028,IPF,Basal,IL1R2,101,5,0.0495049504950495,10,495931,0.2064376419201455,GSE135893
TILD028,IPF,Basal,IL1RAP,101,36,0.3564356435643564,58,495931,1.604130547562993,GSE135893
TILD028,IPF,Basal,IL1RN,101,2,0.0198019801980198,2,495931,0.0200571263560926,GSE135893
TILD028,IPF,Basal,NLRP3,101,0,0.0,0,495931,0.0,GSE135893
TILD028,IPF,Basal,PYCARD,101,24,0.2376237623762376,32,495931,0.6702329343326716,GSE135893
TILD028,IPF,Basal,SIGIRR,101,19,0.1881188118811881,22,495931,0.4665923320725611,GSE135893
TILD028,IPF,Ciliated,CASP1,313,11,0.0351437699680511,11,1543457,0.0738413725991742,GSE135893
TILD028,IPF,Ciliated,GSDMD,313,77,0.2460063897763578,91,1543457,0.5828678665531485,GSE135893
TILD028,IPF,Ciliated,IL1A,313,1,0.0031948881789137,1,1543457,0.0085607936198117,GSE135893
TILD028,IPF,Ciliated,IL1B,313,10,0.0319488817891373,10,1543457,0.0709921135739069,GSE135893
TILD028,IPF,Ciliated,IL1R1,313,71,0.2268370607028754,98,1543457,0.6705907844395711,GSE135893
TILD028,IPF,Ciliated,IL1R2,313,9,0.0287539936102236,10,1543457,0.0743182976958278,GSE135893
TILD028,IPF,Ciliated,IL1RAP,313,6,0.0191693290734824,7,1543457,0.0513856753485423,GSE135893
TILD028,IPF,Ciliated,IL1RN,313,7,0.0223642172523961,7,1543457,0.0769779228078912,GSE135893
TILD028,IPF,Ciliated,NLRP3,313,2,0.0063897763578274,2,1543457,0.0285311810132055,GSE135893
TILD028,IPF,Ciliated,PYCARD,313,55,0.1757188498402556,65,1543457,0.4017007574070432,GSE135893
TILD028,IPF,Ciliated,SIGIRR,313,164,0.5239616613418531,268,1543457,1.7155813417811034,GSE135893
TILD028,IPF,Endothelial Cells,CASP1,406,76,0.1871921182266009,86,2127572,0.4365695664552225,GSE135893
TILD028,IPF,Endothelial Cells,GSDMD,406,166,0.4088669950738916,242,2127572,1.2594690710234733,GSE135893
TILD028,IPF,Endothelial Cells,IL1A,406,0,0.0,0,2127572,0.0,GSE135893
TILD028,IPF,Endothelial Cells,IL1B,406,18,0.0443349753694581,18,2127572,0.1212550403924724,GSE135893
TILD028,IPF,Endothelial Cells,IL1R1,406,194,0.4778325123152709,532,2127572,2.733889167110113,GSE135893
TILD028,IPF,Endothelial Cells,IL1R2,406,16,0.0394088669950738,17,2127572,0.120077749461625,GSE135893
TILD028,IPF,Endothelial Cells,IL1RAP,406,39,0.0960591133004926,44,2127572,0.261101178932313,GSE135893
TILD028,IPF,Endothelial Cells,IL1RN,406,2,0.0049261083743842,2,2127572,0.0125069372671625,GSE135893
TILD028,IPF,Endothelial Cells,NLRP3,406,4,0.0098522167487684,4,2127572,0.0209972007697911,GSE135893
TILD028,IPF,Endothelial Cells,PYCARD,406,66,0.1625615763546798,80,2127572,0.3738186605035825,GSE135893
TILD028,IPF,Endothelial Cells,SIGIRR,406,146,0.3596059113300492,209,2127572,0.9207660112112944,GSE135893
TILD028,IPF,MUC5B+,CASP1,53,1,0.0188679245283018,1,438254,0.0156294934793753,GSE135893
TILD028,IPF,MUC5B+,GSDMD,53,11,0.2075471698113207,13,438254,0.2885269433441732,GSE135893
TILD028,IPF,MUC5B+,IL1A,53,0,0.0,0,438254,0.0,GSE135893
TILD028,IPF,MUC5B+,IL1B,53,2,0.0377358490566037,3,438254,0.0514439081366478,GSE135893
TILD028,IPF,MUC5B+,IL1R1,53,28,0.5283018867924528,71,438254,1.8906432735847103,GSE135893
TILD028,IPF,MUC5B+,IL1R2,53,2,0.0377358490566037,2,438254,0.0468087354138651,GSE135893
TILD028,IPF,MUC5B+,IL1RAP,53,2,0.0377358490566037,2,438254,0.0439771097686294,GSE135893
TILD028,IPF,MUC5B+,IL1RN,53,5,0.0943396226415094,5,438254,0.1976249500740602,GSE135893
TILD028,IPF,MUC5B+,NLRP3,53,0,0.0,0,438254,0.0,GSE135893
TILD028,IPF,MUC5B+,PYCARD,53,9,0.1698113207547169,11,438254,0.2528399999450572,GSE135893
TILD028,IPF,MUC5B+,SIGIRR,53,12,0.2264150943396226,13,438254,0.3521654446346959,GSE135893
TILD028,IPF,Macrophages,CASP1,1799,427,0.2373540856031128,580,14508554,0.4104358507786039,GSE135893
TILD028,IPF,Macrophages,GSDMD,1799,375,0.2084491384102279,468,14508554,0.3349510379407921,GSE135893
TILD028,IPF,Macrophages,IL1A,1799,80,0.0444691495275152,149,14508554,0.1101626111239127,GSE135893
TILD028,IPF,Macrophages,IL1B,1799,699,0.3885491939966648,4956,14508554,3.939604851420456,GSE135893
TILD028,IPF,Macrophages,IL1R1,1799,284,0.1578654808226792,374,14508554,0.292906982517952,GSE135893
TILD028,IPF,Macrophages,IL1R2,1799,569,0.3162868260144524,2282,14508554,1.9624687357568396,GSE135893
TILD028,IPF,Macrophages,IL1RAP,1799,489,0.2718176764869371,767,14508554,0.6892150157374056,GSE135893
TILD028,IPF,Macrophages,IL1RN,1799,655,0.3640911617565314,3137,14508554,2.344141745062723,GSE135893
TILD028,IPF,Macrophages,NLRP3,1799,506,0.2812673707615342,940,14508554,0.8609181265440714,GSE135893
TILD028,IPF,Macrophages,PYCARD,1799,1239,0.688715953307393,3970,14508554,2.607114513831919,GSE135893
TILD028,IPF,Macrophages,SIGIRR,1799,473,0.2629238465814341,572,14508554,0.3824870749198018,GSE135893
TILD028,IPF,Mast Cells,CASP1,142,13,0.0915492957746478,16,593414,0.2387367169291987,GSE135893
TILD028,IPF,Mast Cells,GSDMD,142,26,0.1830985915492957,32,593414,0.4539227256079184,GSE135893
TILD028,IPF,Mast Cells,IL1A,142,5,0.0352112676056338,6,593414,0.1160989889861978,GSE135893
TILD028,IPF,Mast Cells,IL1B,142,6,0.0422535211267605,30,593414,0.5701553793835414,GSE135893
TILD028,IPF,Mast Cells,IL1R1,142,6,0.0422535211267605,6,593414,0.1221254500234594,GSE135893
TILD028,IPF,Mast Cells,IL1R2,142,5,0.0352112676056338,10,593414,0.1442188169980699,GSE135893
TILD028,IPF,Mast Cells,IL1RAP,142,7,0.0492957746478873,8,593414,0.1450027752881945,GSE135893
TILD028,IPF,Mast Cells,IL1RN,142,5,0.0352112676056338,17,593414,0.1646532695830293,GSE135893
TILD028,IPF,Mast Cells,NLRP3,142,4,0.028169014084507,9,593414,0.1489402576095,GSE135893
TILD028,IPF,Mast Cells,PYCARD,142,62,0.4366197183098591,95,593414,1.5852187256812178,GSE135893
TILD028,IPF,Mast Cells,SIGIRR,142,24,0.1690140845070422,24,593414,0.4178836875104973,GSE135893
TILD028,IPF,Monocytes,CASP1,438,245,0.5593607305936074,501,2117871,2.3904902355386404,GSE135893
TILD028,IPF,Monocytes,GSDMD,438,118,0.2694063926940639,149,2117871,0.7111124554786106,GSE135893
TILD028,IPF,Monocytes,IL1A,438,18,0.0410958904109589,33,2117871,0.144330432080764,GSE135893
TILD028,IPF,Monocytes,IL1B,438,287,0.6552511415525114,3244,2117871,13.627996825538998,GSE135893
TILD028,IPF,Monocytes,IL1R1,438,47,0.1073059360730593,64,2117871,0.2958724813147537,GSE135893
TILD028,IPF,Monocytes,IL1R2,438,277,0.632420091324201,2046,2117871,9.672929836223682,GSE135893
TILD028,IPF,Monocytes,IL1RAP,438,122,0.2785388127853881,180,2117871,0.9874357505526962,GSE135893
TILD028,IPF,Monocytes,IL1RN,438,124,0.2831050228310502,404,2117871,2.032594940883587,GSE135893
TILD028,IPF,Monocytes,NLRP3,438,217,0.4954337899543379,599,2117871,2.766731392046933,GSE135893
TILD028,IPF,Monocytes,PYCARD,438,348,0.7945205479452054,1009,2117871,5.04000765439974,GSE135893
TILD028,IPF,Monocytes,SIGIRR,438,103,0.2351598173515981,122,2117871,0.6258999650979494,GSE135893
TILD028,IPF,Myofibroblasts,CASP1,104,9,0.0865384615384615,10,505101,0.1785874353508889,GSE135893
TILD028,IPF,Myofibroblasts,GSDMD,104,19,0.1826923076923076,21,505101,0.4427990004787173,GSE135893
TILD028,IPF,Myofibroblasts,IL1A,104,0,0.0,0,505101,0.0,GSE135893
TILD028,IPF,Myofibroblasts,IL1B,104,4,0.0384615384615384,4,505101,0.0619218185188726,GSE135893
TILD028,IPF,Myofibroblasts,IL1R1,104,59,0.5673076923076923,131,505101,2.825743004072143,GSE135893
TILD028,IPF,Myofibroblasts,IL1R2,104,1,0.0096153846153846,1,505101,0.0135964148973198,GSE135893
TILD028,IPF,Myofibroblasts,IL1RAP,104,21,0.2019230769230769,23,505101,0.545786726962746,GSE135893
TILD028,IPF,Myofibroblasts,IL1RN,104,2,0.0192307692307692,2,505101,0.062760462219462,GSE135893
TILD028,IPF,Myofibroblasts,NLRP3,104,2,0.0192307692307692,2,505101,0.01995567932741,GSE135893
TILD028,IPF,Myofibroblasts,PYCARD,104,8,0.0769230769230769,10,505101,0.1594046470872961,GSE135893
TILD028,IPF,Myofibroblasts,SIGIRR,104,13,0.125,14,505101,0.2492871587002936,GSE135893
TILD028,IPF,SCGB3A2+,CASP1,180,7,0.0388888888888888,8,874991,0.1193365406868121,GSE135893
TILD028,IPF,SCGB3A2+,GSDMD,180,36,0.2,41,874991,0.4558587411726821,GSE135893
TILD028,IPF,SCGB3A2+,IL1A,180,0,0.0,0,874991,0.0,GSE135893
TILD028,IPF,SCGB3A2+,IL1B,180,9,0.05,9,874991,0.159250556035438,GSE135893
TILD028,IPF,SCGB3A2+,IL1R1,180,114,0.6333333333333333,281,874991,3.425025586359732,GSE135893
TILD028,IPF,SCGB3A2+,IL1R2,180,9,0.05,10,874991,0.1374977775477443,GSE135893
TILD028,IPF,SCGB3A2+,IL1RAP,180,8,0.0444444444444444,8,874991,0.1057000838160413,GSE135893
TILD028,IPF,SCGB3A2+,IL1RN,180,5,0.0277777777777777,5,874991,0.0446647756514081,GSE135893
TILD028,IPF,SCGB3A2+,NLRP3,180,0,0.0,0,874991,0.0,GSE135893
TILD028,IPF,SCGB3A2+,PYCARD,180,22,0.1222222222222222,29,874991,0.2579316260358423,GSE135893
TILD028,IPF,SCGB3A2+,SIGIRR,180,28,0.1555555555555555,35,874991,0.4951831449908698,GSE135893
TILD028,IPF,SCGB3A2+ SCGB1A1+,CASP1,51,0,0.0,0,316522,0.0,GSE135893
TILD028,IPF,SCGB3A2+ SCGB1A1+,GSDMD,51,6,0.1176470588235294,6,316522,0.205033424078862,GSE135893
TILD028,IPF,SCGB3A2+ SCGB1A1+,IL1A,51,0,0.0,0,316522,0.0,GSE135893
TILD028,IPF,SCGB3A2+ SCGB1A1+,IL1B,51,0,0.0,0,316522,0.0,GSE135893
TILD028,IPF,SCGB3A2+ SCGB1A1+,IL1R1,51,32,0.6274509803921569,78,316522,2.5452551072557053,GSE135893
TILD028,IPF,SCGB3A2+ SCGB1A1+,IL1R2,51,2,0.0392156862745098,3,316522,0.1520295737239624,GSE135893
TILD028,IPF,SCGB3A2+ SCGB1A1+,IL1RAP,51,1,0.0196078431372549,1,316522,0.0438360007539792,GSE135893
TILD028,IPF,SCGB3A2+ SCGB1A1+,IL1RN,51,0,0.0,0,316522,0.0,GSE135893
TILD028,IPF,SCGB3A2+ SCGB1A1+,NLRP3,51,2,0.0392156862745098,2,316522,0.0871516818532182,GSE135893
TILD028,IPF,SCGB3A2+ SCGB1A1+,PYCARD,51,11,0.2156862745098039,11,316522,0.39192205356323,GSE135893
TILD028,IPF,SCGB3A2+ SCGB1A1+,SIGIRR,51,7,0.1372549019607843,7,316522,0.1987986408695228,GSE135893
TILD028,IPF,Smooth Muscle Cells,CASP1,72,2,0.0277777777777777,2,308651,0.0570872742636597,GSE135893
TILD028,IPF,Smooth Muscle Cells,GSDMD,72,10,0.1388888888888889,11,308651,0.421476545642671,GSE135893
TILD028,IPF,Smooth Muscle Cells,IL1A,72,0,0.0,0,308651,0.0,GSE135893
TILD028,IPF,Smooth Muscle Cells,IL1B,72,5,0.0694444444444444,5,308651,0.1950912973430304,GSE135893
TILD028,IPF,Smooth Muscle Cells,IL1R1,72,11,0.1527777777777778,17,308651,0.5900956654273732,GSE135893
TILD028,IPF,Smooth Muscle Cells,IL1R2,72,3,0.0416666666666666,3,308651,0.13018478858893,GSE135893
TILD028,IPF,Smooth Muscle Cells,IL1RAP,72,1,0.0138888888888888,1,308651,0.027211772901428,GSE135893
TILD028,IPF,Smooth Muscle Cells,IL1RN,72,1,0.0138888888888888,1,308651,0.0277168008159826,GSE135893
TILD028,IPF,Smooth Muscle Cells,NLRP3,72,1,0.0138888888888888,1,308651,0.0560261754291604,GSE135893
TILD028,IPF,Smooth Muscle Cells,PYCARD,72,3,0.0416666666666666,3,308651,0.0915390051264466,GSE135893
TILD028,IPF,Smooth Muscle Cells,SIGIRR,72,15,0.2083333333333333,15,308651,0.5451682604831607,GSE135893
TILD028,IPF,T Cells,CASP1,143,40,0.2797202797202797,52,458958,1.1620413604235496,GSE135893
TILD028,IPF,T Cells,GSDMD,143,26,0.1818181818181818,31,458958,0.6563927660640246,GSE135893
TILD028,IPF,T Cells,IL1A,143,1,0.0069930069930069,2,458958,0.0431533908855723,GSE135893
TILD028,IPF,T Cells,IL1B,143,6,0.0419580419580419,6,458958,0.1787889701670901,GSE135893
TILD028,IPF,T Cells,IL1R1,143,16,0.1118881118881118,23,458958,0.4876798507725074,GSE135893
TILD028,IPF,T Cells,IL1R2,143,12,0.0839160839160839,15,458958,0.3234404640921065,GSE135893
TILD028,IPF,T Cells,IL1RAP,143,4,0.0279720279720279,4,458958,0.0945625062245391,GSE135893
TILD028,IPF,T Cells,IL1RN,143,6,0.0419580419580419,6,458958,0.1676237645194878,GSE135893
TILD028,IPF,T Cells,NLRP3,143,3,0.0209790209790209,3,458958,0.0557857907175436,GSE135893
TILD028,IPF,T Cells,PYCARD,143,37,0.2587412587412587,45,458958,1.0347737768113543,GSE135893
TILD028,IPF,T Cells,SIGIRR,143,40,0.2797202797202797,50,458958,1.1219191241743305,GSE135893
TILD028,IPF,cDCs,CASP1,145,42,0.2896551724137931,90,1394862,0.482098312888647,GSE135893
TILD028,IPF,cDCs,GSDMD,145,47,0.3241379310344827,66,1394862,0.5003951831178335,GSE135893
TILD028,IPF,cDCs,IL1A,145,12,0.0827586206896551,19,1394862,0.1553382756883582,GSE135893
TILD028,IPF,cDCs,IL1B,145,60,0.4137931034482758,476,1394862,3.726721493383936,GSE135893
TILD028,IPF,cDCs,IL1R1,145,18,0.1241379310344827,24,1394862,0.2079964187795501,GSE135893
TILD028,IPF,cDCs,IL1R2,145,92,0.6344827586206897,793,1394862,8.134065959220221,GSE135893
TILD028,IPF,cDCs,IL1RAP,145,80,0.5517241379310345,136,1394862,1.566248547178908,GSE135893
TILD028,IPF,cDCs,IL1RN,145,47,0.3241379310344827,295,1394862,1.879614301604148,GSE135893
TILD028,IPF,cDCs,NLRP3,145,46,0.3172413793103448,79,1394862,0.8278077726100609,GSE135893
TILD028,IPF,cDCs,PYCARD,145,86,0.593103448275862,311,1394862,1.6467530708647071,GSE135893
TILD028,IPF,cDCs,SIGIRR,145,48,0.3310344827586207,64,1394862,0.4776348309124689,GSE135893
VUHD65,control,AT2,CASP1,328,46,0.1402439024390244,51,4592587,0.100281366576605,GSE135893
VUHD65,control,AT2,GSDMD,328,119,0.3628048780487805,153,4592587,0.3723022602825253,GSE135893
VUHD65,control,AT2,IL1A,328,0,0.0,0,4592587,0.0,GSE135893
VUHD65,control,AT2,IL1B,328,0,0.0,0,4592587,0.0,GSE135893
VUHD65,control,AT2,IL1R1,328,119,0.3628048780487805,164,4592587,0.3838688866838617,GSE135893
VUHD65,control,AT2,IL1R2,328,0,0.0,0,4592587,0.0,GSE135893
VUHD65,control,AT2,IL1RAP,328,14,0.0426829268292682,15,4592587,0.0284467741718486,GSE135893
VUHD65,control,AT2,IL1RN,328,0,0.0,0,4592587,0.0,GSE135893
VUHD65,control,AT2,NLRP3,328,0,0.0,0,4592587,0.0,GSE135893
VUHD65,control,AT2,PYCARD,328,59,0.1798780487804878,74,4592587,0.1571696646921528,GSE135893
VUHD65,control,AT2,SIGIRR,328,122,0.3719512195121951,176,4592587,0.3751209150504712,GSE135893
VUHD65,control,Ciliated,CASP1,449,44,0.0979955456570155,46,4856369,0.0949220980829652,GSE135893
VUHD65,control,Ciliated,GSDMD,449,212,0.4721603563474387,313,4856369,0.6524250154462805,GSE135893
VUHD65,control,Ciliated,IL1A,449,0,0.0,0,4856369,0.0,GSE135893
VUHD65,control,Ciliated,IL1B,449,0,0.0,0,4856369,0.0,GSE135893
VUHD65,control,Ciliated,IL1R1,449,32,0.0712694877505567,34,4856369,0.0647431169884885,GSE135893
VUHD65,control,Ciliated,IL1R2,449,4,0.0089086859688195,4,4856369,0.0130815773563218,GSE135893
VUHD65,control,Ciliated,IL1RAP,449,10,0.0222717149220489,10,4856369,0.015256343570898,GSE135893
VUHD65,control,Ciliated,IL1RN,449,1,0.0022271714922048,1,4856369,0.003922457717867,GSE135893
VUHD65,control,Ciliated,NLRP3,449,0,0.0,0,4856369,0.0,GSE135893
VUHD65,control,Ciliated,PYCARD,449,171,0.3808463251670378,296,4856369,0.5359348407091568,GSE135893
VUHD65,control,Ciliated,SIGIRR,449,285,0.6347438752783965,527,4856369,1.1032937106631109,GSE135893
VUHD65,control,Differentiating Ciliated,CASP1,79,17,0.2151898734177215,20,1832282,0.0821453898865126,GSE135893
VUHD65,control,Differentiating Ciliated,GSDMD,79,51,0.6455696202531646,87,1832282,0.4984159600420975,GSE135893
VUHD65,control,Differentiating Ciliated,IL1A,79,0,0.0,0,1832282,0.0,GSE135893
VUHD65,control,Differentiating Ciliated,IL1B,79,0,0.0,0,1832282,0.0,GSE135893
VUHD65,control,Differentiating Ciliated,IL1R1,79,19,0.240506329113924,29,1832282,0.146553453829983,GSE135893
VUHD65,control,Differentiating Ciliated,IL1R2,79,2,0.0253164556962025,2,1832282,0.0104005517495709,GSE135893
VUHD65,control,Differentiating Ciliated,IL1RAP,79,12,0.1518987341772152,15,1832282,0.0993584171652336,GSE135893
VUHD65,control,Differentiating Ciliated,IL1RN,79,0,0.0,0,1832282,0.0,GSE135893
VUHD65,control,Differentiating Ciliated,NLRP3,79,0,0.0,0,1832282,0.0,GSE135893
VUHD65,control,Differentiating Ciliated,PYCARD,79,41,0.5189873417721519,105,1832282,0.4952886858420101,GSE135893
VUHD65,control,Differentiating Ciliated,SIGIRR,79,51,0.6455696202531646,106,1832282,0.6872638694842289,GSE135893
VUHD65,control,Endothelial Cells,CASP1,314,37,0.1178343949044586,42,942262,0.4244868184221498,GSE135893
VUHD65,control,Endothelial Cells,GSDMD,314,96,0.3057324840764331,126,942262,1.363308565213736,GSE135893
VUHD65,control,Endothelial Cells,IL1A,314,0,0.0,0,942262,0.0,GSE135893
VUHD65,control,Endothelial Cells,IL1B,314,0,0.0,0,942262,0.0,GSE135893
VUHD65,control,Endothelial Cells,IL1R1,314,70,0.2229299363057325,127,942262,1.2354315540360974,GSE135893
VUHD65,control,Endothelial Cells,IL1R2,314,1,0.0031847133757961,1,942262,0.0131491055978372,GSE135893
VUHD65,control,Endothelial Cells,IL1RAP,314,14,0.0445859872611464,14,942262,0.1465404375696863,GSE135893
VUHD65,control,Endothelial Cells,IL1RN,314,0,0.0,0,942262,0.0,GSE135893
VUHD65,control,Endothelial Cells,NLRP3,314,1,0.0031847133757961,1,942262,0.0087133060897296,GSE135893
VUHD65,control,Endothelial Cells,PYCARD,314,20,0.0636942675159235,21,942262,0.2098645717035902,GSE135893
VUHD65,control,Endothelial Cells,SIGIRR,314,104,0.3312101910828025,137,942262,1.474493179181042,GSE135893
VUHD65,control,MUC5B+,CASP1,116,15,0.1293103448275862,16,2169999,0.0664636130642472,GSE135893
VUHD65,control,MUC5B+,GSDMD,116,48,0.4137931034482758,65,2169999,0.2902024947722674,GSE135893
VUHD65,control,MUC5B+,IL1A,116,0,0.0,0,2169999,0.0,GSE135893
VUHD65,control,MUC5B+,IL1B,116,0,0.0,0,2169999,0.0,GSE135893
VUHD65,control,MUC5B+,IL1R1,116,49,0.4224137931034483,97,2169999,0.4864970068118745,GSE135893
VUHD65,control,MUC5B+,IL1R2,116,2,0.0172413793103448,14,2169999,0.0405320570567663,GSE135893
VUHD65,control,MUC5B+,IL1RAP,116,10,0.0862068965517241,10,2169999,0.0458238338204955,GSE135893
VUHD65,control,MUC5B+,IL1RN,116,1,0.0086206896551724,1,2169999,0.003261953100943,GSE135893
VUHD65,control,MUC5B+,NLRP3,116,1,0.0086206896551724,1,2169999,0.0018566668077733,GSE135893
VUHD65,control,MUC5B+,PYCARD,116,34,0.293103448275862,42,2169999,0.2209221747337855,GSE135893
VUHD65,control,MUC5B+,SIGIRR,116,42,0.3620689655172414,50,2169999,0.2518391259509797,GSE135893
VUHD65,control,Macrophages,CASP1,791,416,0.5259165613147914,895,14111851,0.6056185099784165,GSE135893
VUHD65,control,Macrophages,GSDMD,791,371,0.4690265486725664,575,14111851,0.4235726275465578,GSE135893
VUHD65,control,Macrophages,IL1A,791,41,0.0518331226295828,52,14111851,0.0284951456265954,GSE135893
VUHD65,control,Macrophages,IL1B,791,169,0.213653603034134,390,14111851,0.2985971698294233,GSE135893
VUHD65,control,Macrophages,IL1R1,791,78,0.0986093552465234,89,14111851,0.0856365171704809,GSE135893
VUHD65,control,Macrophages,IL1R2,791,215,0.2718078381795196,822,14111851,0.6721634527758834,GSE135893
VUHD65,control,Macrophages,IL1RAP,791,242,0.3059418457648546,354,14111851,0.3525936033538939,GSE135893
VUHD65,control,Macrophages,IL1RN,791,155,0.1959544879898862,339,14111851,0.2066636554450001,GSE135893
VUHD65,control,Macrophages,NLRP3,791,142,0.179519595448799,209,14111851,0.1797056109005754,GSE135893
VUHD65,control,Macrophages,PYCARD,791,711,0.8988621997471555,5391,14111851,3.6685843700638943,GSE135893
VUHD65,control,Macrophages,SIGIRR,791,312,0.3944374209860936,463,14111851,0.3433948207219019,GSE135893
VUHD65,control,NK Cells,CASP1,121,33,0.2727272727272727,39,354333,1.1369885471535146,GSE135893
VUHD65,control,NK Cells,GSDMD,121,27,0.2231404958677686,31,354333,1.0545381883843905,GSE135893
VUHD65,control,NK Cells,IL1A,121,0,0.0,0,354333,0.0,GSE135893
VUHD65,control,NK Cells,IL1B,121,0,0.0,0,354333,0.0,GSE135893
VUHD65,control,NK Cells,IL1R1,121,0,0.0,0,354333,0.0,GSE135893
VUHD65,control,NK Cells,IL1R2,121,0,0.0,0,354333,0.0,GSE135893
VUHD65,control,NK Cells,IL1RAP,121,3,0.024793388429752,3,354333,0.0922146537317508,GSE135893
VUHD65,control,NK Cells,IL1RN,121,0,0.0,0,354333,0.0,GSE135893
VUHD65,control,NK Cells,NLRP3,121,0,0.0,0,354333,0.0,GSE135893
VUHD65,control,NK Cells,PYCARD,121,37,0.3057851239669421,45,354333,1.2878121704555678,GSE135893
VUHD65,control,NK Cells,SIGIRR,121,47,0.3884297520661157,67,354333,1.8800704065180691,GSE135893
VUHD65,control,Transitional AT2,CASP1,55,8,0.1454545454545454,8,516104,0.1576443968805751,GSE135893
VUHD65,control,Transitional AT2,GSDMD,55,18,0.3272727272727272,23,516104,0.4914580550074687,GSE135893
VUHD65,control,Transitional AT2,IL1A,55,0,0.0,0,516104,0.0,GSE135893
VUHD65,control,Transitional AT2,IL1B,55,0,0.0,0,516104,0.0,GSE135893
VUHD65,control,Transitional AT2,IL1R1,55,15,0.2727272727272727,22,516104,0.4198614603503721,GSE135893
VUHD65,control,Transitional AT2,IL1R2,55,1,0.0181818181818181,1,516104,0.0139366995108218,GSE135893
VUHD65,control,Transitional AT2,IL1RAP,55,0,0.0,0,516104,0.0,GSE135893
VUHD65,control,Transitional AT2,IL1RN,55,1,0.0181818181818181,1,516104,0.0200638028932003,GSE135893
VUHD65,control,Transitional AT2,NLRP3,55,0,0.0,0,516104,0.0,GSE135893
VUHD65,control,Transitional AT2,PYCARD,55,9,0.1636363636363636,15,516104,0.2539675907615061,GSE135893
VUHD65,control,Transitional AT2,SIGIRR,55,14,0.2545454545454545,19,516104,0.3030318766731047,GSE135893
VUHD66,control,AT2,CASP1,504,81,0.1607142857142857,99,5838787,0.1496517068766531,GSE135893
VUHD66,control,AT2,GSDMD,504,145,0.2876984126984127,208,5838787,0.3440799052378424,GSE135893
VUHD66,control,AT2,IL1A,504,0,0.0,0,5838787,0.0,GSE135893
VUHD66,control,AT2,IL1B,504,2,0.0039682539682539,11,5838787,0.0155130577137778,GSE135893
VUHD66,control,AT2,IL1R1,504,136,0.2698412698412698,188,5838787,0.3088391357727916,GSE135893
VUHD66,control,AT2,IL1R2,504,0,0.0,0,5838787,0.0,GSE135893
VUHD66,control,AT2,IL1RAP,504,25,0.0496031746031746,27,5838787,0.0452876045273693,GSE135893
VUHD66,control,AT2,IL1RN,504,1,0.0019841269841269,1,5838787,0.0058684619465453,GSE135893
VUHD66,control,AT2,NLRP3,504,0,0.0,0,5838787,0.0,GSE135893
VUHD66,control,AT2,PYCARD,504,157,0.3115079365079365,230,5838787,0.3935363997359218,GSE135893
VUHD66,control,AT2,SIGIRR,504,191,0.3789682539682539,260,5838787,0.4411873689200552,GSE135893
VUHD66,control,Ciliated,CASP1,892,73,0.0818385650224215,74,8425750,0.0823164383585627,GSE135893
VUHD66,control,Ciliated,GSDMD,892,391,0.4383408071748879,564,8425750,0.6738764507423166,GSE135893
VUHD66,control,Ciliated,IL1A,892,0,0.0,0,8425750,0.0,GSE135893
VUHD66,control,Ciliated,IL1B,892,1,0.0011210762331838,1,8425750,0.0006616751656636,GSE135893
VUHD66,control,Ciliated,IL1R1,892,55,0.0616591928251121,62,8425750,0.0741150643812146,GSE135893
VUHD66,control,Ciliated,IL1R2,892,3,0.0033632286995515,4,8425750,0.0071304830500074,GSE135893
VUHD66,control,Ciliated,IL1RAP,892,18,0.0201793721973094,20,8425750,0.0200160475093155,GSE135893
VUHD66,control,Ciliated,IL1RN,892,1,0.0011210762331838,1,8425750,0.0011085496224501,GSE135893
VUHD66,control,Ciliated,NLRP3,892,1,0.0011210762331838,1,8425750,0.0006798934035926,GSE135893
VUHD66,control,Ciliated,PYCARD,892,261,0.2926008968609865,463,8425750,0.4245534645990407,GSE135893
VUHD66,control,Ciliated,SIGIRR,892,560,0.6278026905829597,1000,8425750,1.2746971705182466,GSE135893
VUHD66,control,Differentiating Ciliated,CASP1,67,8,0.1194029850746268,9,1708652,0.045324796376013,GSE135893
VUHD66,control,Differentiating Ciliated,GSDMD,67,44,0.6567164179104478,92,1708652,0.5713906993251464,GSE135893
VUHD66,control,Differentiating Ciliated,IL1A,67,0,0.0,0,1708652,0.0,GSE135893
VUHD66,control,Differentiating Ciliated,IL1B,67,0,0.0,0,1708652,0.0,GSE135893
VUHD66,control,Differentiating Ciliated,IL1R1,67,20,0.2985074626865671,38,1708652,0.2303911571080272,GSE135893
VUHD66,control,Differentiating Ciliated,IL1R2,67,3,0.044776119402985,6,1708652,0.0512847245238508,GSE135893
VUHD66,control,Differentiating Ciliated,IL1RAP,67,8,0.1194029850746268,8,1708652,0.0490491916249656,GSE135893
VUHD66,control,Differentiating Ciliated,IL1RN,67,1,0.0149253731343283,2,1708652,0.0091831496550349,GSE135893
VUHD66,control,Differentiating Ciliated,NLRP3,67,0,0.0,0,1708652,0.0,GSE135893
VUHD66,control,Differentiating Ciliated,PYCARD,67,37,0.5522388059701493,65,1708652,0.3861173994437345,GSE135893
VUHD66,control,Differentiating Ciliated,SIGIRR,67,51,0.7611940298507462,97,1708652,0.6157887314852823,GSE135893
VUHD66,control,Fibroblasts,CASP1,57,5,0.087719298245614,6,467924,0.1093670020437585,GSE135893
VUHD66,control,Fibroblasts,GSDMD,57,19,0.3333333333333333,24,467924,0.4565656567375365,GSE135893
VUHD66,control,Fibroblasts,IL1A,57,0,0.0,0,467924,0.0,GSE135893
VUHD66,control,Fibroblasts,IL1B,57,0,0.0,0,467924,0.0,GSE135893
VUHD66,control,Fibroblasts,IL1R1,57,14,0.2456140350877192,19,467924,0.4319402800049086,GSE135893
VUHD66,control,Fibroblasts,IL1R2,57,0,0.0,0,467924,0.0,GSE135893
VUHD66,control,Fibroblasts,IL1RAP,57,4,0.0701754385964912,5,467924,0.0861374988172573,GSE135893
VUHD66,control,Fibroblasts,IL1RN,57,0,0.0,0,467924,0.0,GSE135893
VUHD66,control,Fibroblasts,NLRP3,57,0,0.0,0,467924,0.0,GSE135893
VUHD66,control,Fibroblasts,PYCARD,57,11,0.1929824561403508,11,467924,0.2728374557746299,GSE135893
VUHD66,control,Fibroblasts,SIGIRR,57,20,0.3508771929824561,29,467924,0.5442482658908013,GSE135893
VUHD66,control,Lymphatic Endothelial Cells,CASP1,143,27,0.1888111888111888,28,631231,0.452203068379161,GSE135893
VUHD66,control,Lymphatic Endothelial Cells,GSDMD,143,34,0.2377622377622377,43,631231,0.6199603859605219,GSE135893
VUHD66,control,Lymphatic Endothelial Cells,IL1A,143,0,0.0,0,631231,0.0,GSE135893
VUHD66,control,Lymphatic Endothelial Cells,IL1B,143,0,0.0,0,631231,0.0,GSE135893
VUHD66,control,Lymphatic Endothelial Cells,IL1R1,143,4,0.0279720279720279,4,631231,0.0778194880856238,GSE135893
VUHD66,control,Lymphatic Endothelial Cells,IL1R2,143,0,0.0,0,631231,0.0,GSE135893
VUHD66,control,Lymphatic Endothelial Cells,IL1RAP,143,3,0.0209790209790209,3,631231,0.0411483989014612,GSE135893
VUHD66,control,Lymphatic Endothelial Cells,IL1RN,143,0,0.0,0,631231,0.0,GSE135893
VUHD66,control,Lymphatic Endothelial Cells,NLRP3,143,0,0.0,0,631231,0.0,GSE135893
VUHD66,control,Lymphatic Endothelial Cells,PYCARD,143,23,0.1608391608391608,30,631231,0.3974609594516033,GSE135893
VUHD66,control,Lymphatic Endothelial Cells,SIGIRR,143,68,0.4755244755244755,95,631231,1.594195117608492,GSE135893
VUHD66,control,Macrophages,CASP1,169,81,0.4792899408284023,173,2322725,0.6972582917906701,GSE135893
VUHD66,control,Macrophages,GSDMD,169,57,0.3372781065088757,92,2322725,0.3897537059847601,GSE135893
VUHD66,control,Macrophages,IL1A,169,13,0.0769230769230769,24,2322725,0.0986804505705341,GSE135893
VUHD66,control,Macrophages,IL1B,169,79,0.4674556213017751,472,2322725,2.2390521106104213,GSE135893
VUHD66,control,Macrophages,IL1R1,169,13,0.0769230769230769,15,2322725,0.0481479623687826,GSE135893
VUHD66,control,Macrophages,IL1R2,169,3,0.0177514792899408,15,2322725,0.062822515181915,GSE135893
VUHD66,control,Macrophages,IL1RAP,169,20,0.1183431952662721,22,2322725,0.1183409122162752,GSE135893
VUHD66,control,Macrophages,IL1RN,169,52,0.3076923076923077,195,2322725,0.7476360335838809,GSE135893
VUHD66,control,Macrophages,NLRP3,169,27,0.1597633136094674,31,2322725,0.2040914838304419,GSE135893
VUHD66,control,Macrophages,PYCARD,169,158,0.9349112426035504,1061,2322725,4.495254926996671,GSE135893
VUHD66,control,Macrophages,SIGIRR,169,59,0.3491124260355029,79,2322725,0.3413739662484083,GSE135893
VUHD66,control,Myofibroblasts,CASP1,56,2,0.0357142857142857,2,453591,0.0182682410904731,GSE135893
VUHD66,control,Myofibroblasts,GSDMD,56,17,0.3035714285714285,20,453591,0.440356982226709,GSE135893
VUHD66,control,Myofibroblasts,IL1A,56,0,0.0,0,453591,0.0,GSE135893
VUHD66,control,Myofibroblasts,IL1B,56,0,0.0,0,453591,0.0,GSE135893
VUHD66,control,Myofibroblasts,IL1R1,56,27,0.4821428571428571,57,453591,1.2641745038626304,GSE135893
VUHD66,control,Myofibroblasts,IL1R2,56,1,0.0178571428571428,1,453591,0.0100337938175776,GSE135893
VUHD66,control,Myofibroblasts,IL1RAP,56,4,0.0714285714285714,4,453591,0.0762991558611583,GSE135893
VUHD66,control,Myofibroblasts,IL1RN,56,0,0.0,0,453591,0.0,GSE135893
VUHD66,control,Myofibroblasts,NLRP3,56,1,0.0178571428571428,1,453591,0.0217929495449632,GSE135893
VUHD66,control,Myofibroblasts,PYCARD,56,21,0.375,31,453591,0.6227252147324365,GSE135893
VUHD66,control,Myofibroblasts,SIGIRR,56,18,0.3214285714285714,27,453591,0.6942585863454053,GSE135893
VUHD66,control,NK Cells,CASP1,131,40,0.3053435114503817,49,427076,1.2315283514969326,GSE135893
VUHD66,control,NK Cells,GSDMD,131,23,0.1755725190839694,25,427076,0.6431614385066005,GSE135893
VUHD66,control,NK Cells,IL1A,131,0,0.0,0,427076,0.0,GSE135893
VUHD66,control,NK Cells,IL1B,131,0,0.0,0,427076,0.0,GSE135893
VUHD66,control,NK Cells,IL1R1,131,1,0.0076335877862595,1,427076,0.0056465624574743,GSE135893
VUHD66,control,NK Cells,IL1R2,131,1,0.0076335877862595,1,427076,0.0251933590305595,GSE135893
VUHD66,control,NK Cells,IL1RAP,131,1,0.0076335877862595,1,427076,0.023721528235735,GSE135893
VUHD66,control,NK Cells,IL1RN,131,0,0.0,0,427076,0.0,GSE135893
VUHD66,control,NK Cells,NLRP3,131,1,0.0076335877862595,1,427076,0.0356376647351052,GSE135893
VUHD66,control,NK Cells,PYCARD,131,51,0.3893129770992366,67,427076,1.708917832985545,GSE135893
VUHD66,control,NK Cells,SIGIRR,131,56,0.4274809160305343,77,427076,1.8538228236102456,GSE135893
VUHD66,control,SCGB3A2+ SCGB1A1+,CASP1,114,6,0.0526315789473684,6,1132718,0.0907223862908706,GSE135893
VUHD66,control,SCGB3A2+ SCGB1A1+,GSDMD,114,28,0.2456140350877192,31,1132718,0.341619310873365,GSE135893
VUHD66,control,SCGB3A2+ SCGB1A1+,IL1A,114,0,0.0,0,1132718,0.0,GSE135893
VUHD66,control,SCGB3A2+ SCGB1A1+,IL1B,114,1,0.0087719298245614,1,1132718,0.0042571850640919,GSE135893
VUHD66,control,SCGB3A2+ SCGB1A1+,IL1R1,114,23,0.2017543859649122,35,1132718,0.2902751552338406,GSE135893
VUHD66,control,SCGB3A2+ SCGB1A1+,IL1R2,114,1,0.0087719298245614,1,1132718,0.0085396513089577,GSE135893
VUHD66,control,SCGB3A2+ SCGB1A1+,IL1RAP,114,3,0.0263157894736842,3,1132718,0.0175896882433451,GSE135893
VUHD66,control,SCGB3A2+ SCGB1A1+,IL1RN,114,0,0.0,0,1132718,0.0,GSE135893
VUHD66,control,SCGB3A2+ SCGB1A1+,NLRP3,114,0,0.0,0,1132718,0.0,GSE135893
VUHD66,control,SCGB3A2+ SCGB1A1+,PYCARD,114,23,0.2017543859649122,24,1132718,0.2400683342840139,GSE135893
VUHD66,control,SCGB3A2+ SCGB1A1+,SIGIRR,114,22,0.1929824561403508,28,1132718,0.2560648238783008,GSE135893
VUHD66,control,T Cells,CASP1,241,65,0.2697095435684647,81,1281798,0.6028126027127952,GSE135893
VUHD66,control,T Cells,GSDMD,241,67,0.2780082987551867,87,1281798,0.6212156458768903,GSE135893
VUHD66,control,T Cells,IL1A,241,0,0.0,0,1281798,0.0,GSE135893
VUHD66,control,T Cells,IL1B,241,4,0.0165975103734439,11,1281798,0.0284411763605499,GSE135893
VUHD66,control,T Cells,IL1R1,241,6,0.0248962655601659,6,1281798,0.0330262771036954,GSE135893
VUHD66,control,T Cells,IL1R2,241,9,0.0373443983402489,21,1281798,0.1305375049208336,GSE135893
VUHD66,control,T Cells,IL1RAP,241,2,0.0082987551867219,2,1281798,0.0179566019840129,GSE135893
VUHD66,control,T Cells,IL1RN,241,2,0.0082987551867219,2,1281798,0.0147104342626062,GSE135893
VUHD66,control,T Cells,NLRP3,241,5,0.0207468879668049,5,1281798,0.0399960750129706,GSE135893
VUHD66,control,T Cells,PYCARD,241,68,0.2821576763485477,128,1281798,0.8196692849516433,GSE135893
VUHD66,control,T Cells,SIGIRR,241,105,0.4356846473029045,151,1281798,1.232279545096414,GSE135893
VUHD66,control,Transitional AT2,CASP1,110,34,0.3090909090909091,49,2169582,0.2158891680095119,GSE135893
VUHD66,control,Transitional AT2,GSDMD,110,63,0.5727272727272728,113,2169582,0.5313850979526279,GSE135893
VUHD66,control,Transitional AT2,IL1A,110,0,0.0,0,2169582,0.0,GSE135893
VUHD66,control,Transitional AT2,IL1B,110,0,0.0,0,2169582,0.0,GSE135893
VUHD66,control,Transitional AT2,IL1R1,110,45,0.4090909090909091,80,2169582,0.3531074788929394,GSE135893
VUHD66,control,Transitional AT2,IL1R2,110,1,0.009090909090909,1,2169582,0.003945707070707,GSE135893
VUHD66,control,Transitional AT2,IL1RAP,110,18,0.1636363636363636,20,2169582,0.0836398042614172,GSE135893
VUHD66,control,Transitional AT2,IL1RN,110,11,0.1,18,2169582,0.0650171705650278,GSE135893
VUHD66,control,Transitional AT2,NLRP3,110,0,0.0,0,2169582,0.0,GSE135893
VUHD66,control,Transitional AT2,PYCARD,110,76,0.6909090909090909,159,2169582,0.7886489859718594,GSE135893
VUHD66,control,Transitional AT2,SIGIRR,110,55,0.5,93,2169582,0.4314472766817268,GSE135893
VUHD67,control,AT1,CASP1,200,14,0.07,16,1076196,0.1598488338405109,GSE135893
VUHD67,control,AT1,GSDMD,200,61,0.305,81,1076196,0.7801387196945705,GSE135893
VUHD67,control,AT1,IL1A,200,0,0.0,0,1076196,0.0,GSE135893
VUHD67,control,AT1,IL1B,200,0,0.0,0,1076196,0.0,GSE135893
VUHD67,control,AT1,IL1R1,200,14,0.07,15,1076196,0.0961122232386341,GSE135893
VUHD67,control,AT1,IL1R2,200,2,0.01,3,1076196,0.0556654783191196,GSE135893
VUHD67,control,AT1,IL1RAP,200,3,0.015,3,1076196,0.0256351527629061,GSE135893
VUHD67,control,AT1,IL1RN,200,0,0.0,0,1076196,0.0,GSE135893
VUHD67,control,AT1,NLRP3,200,0,0.0,0,1076196,0.0,GSE135893
VUHD67,control,AT1,PYCARD,200,30,0.15,31,1076196,0.3329259957931413,GSE135893
VUHD67,control,AT1,SIGIRR,200,44,0.22,51,1076196,0.4933386411655371,GSE135893
VUHD67,control,AT2,CASP1,1120,108,0.0964285714285714,118,17080238,0.0629979620573979,GSE135893
VUHD67,control,AT2,GSDMD,1120,320,0.2857142857142857,414,17080238,0.2527566779956111,GSE135893
VUHD67,control,AT2,IL1A,1120,1,0.0008928571428571,1,17080238,0.0004267551586163,GSE135893
VUHD67,control,AT2,IL1B,1120,2,0.0017857142857142,2,17080238,0.0015729953701235,GSE135893
VUHD67,control,AT2,IL1R1,1120,337,0.3008928571428571,477,17080238,0.2777373963927922,GSE135893
VUHD67,control,AT2,IL1R2,1120,10,0.0089285714285714,11,17080238,0.0095566977277422,GSE135893
VUHD67,control,AT2,IL1RAP,1120,64,0.0571428571428571,70,17080238,0.0403500495493203,GSE135893
VUHD67,control,AT2,IL1RN,1120,1,0.0008928571428571,1,17080238,0.0003476993429873,GSE135893
VUHD67,control,AT2,NLRP3,1120,2,0.0017857142857142,3,17080238,0.0019886256857957,GSE135893
VUHD67,control,AT2,PYCARD,1120,182,0.1625,220,17080238,0.1255370471886392,GSE135893
VUHD67,control,AT2,SIGIRR,1120,432,0.3857142857142857,574,17080238,0.3451319718538985,GSE135893
VUHD67,control,B Cells,CASP1,58,12,0.2068965517241379,15,307000,0.4629915016368668,GSE135893
VUHD67,control,B Cells,GSDMD,58,14,0.2413793103448276,17,307000,0.6653027996297473,GSE135893
VUHD67,control,B Cells,IL1A,58,1,0.0172413793103448,1,307000,0.0060912839817505,GSE135893
VUHD67,control,B Cells,IL1B,58,1,0.0172413793103448,1,307000,0.0060912839817505,GSE135893
VUHD67,control,B Cells,IL1R1,58,1,0.0172413793103448,1,307000,0.0732429027627222,GSE135893
VUHD67,control,B Cells,IL1R2,58,2,0.0344827586206896,8,307000,0.1895421242834629,GSE135893
VUHD67,control,B Cells,IL1RAP,58,4,0.0689655172413793,4,307000,0.13169789068954,GSE135893
VUHD67,control,B Cells,IL1RN,58,3,0.0517241379310344,3,307000,0.0467474789056241,GSE135893
VUHD67,control,B Cells,NLRP3,58,2,0.0344827586206896,4,307000,0.1453566439886632,GSE135893
VUHD67,control,B Cells,PYCARD,58,23,0.396551724137931,48,307000,1.3932991974243183,GSE135893
VUHD67,control,B Cells,SIGIRR,58,11,0.1896551724137931,16,307000,0.5349757914381005,GSE135893
VUHD67,control,Ciliated,CASP1,206,13,0.0631067961165048,14,1954726,0.0676718343965361,GSE135893
VUHD67,control,Ciliated,GSDMD,206,96,0.4660194174757281,156,1954726,0.8268743911549563,GSE135893
VUHD67,control,Ciliated,IL1A,206,0,0.0,0,1954726,0.0,GSE135893
VUHD67,control,Ciliated,IL1B,206,0,0.0,0,1954726,0.0,GSE135893
VUHD67,control,Ciliated,IL1R1,206,13,0.0631067961165048,16,1954726,0.0696080485233406,GSE135893
VUHD67,control,Ciliated,IL1R2,206,2,0.0097087378640776,2,1954726,0.0087773885772768,GSE135893
VUHD67,control,Ciliated,IL1RAP,206,4,0.0194174757281553,4,1954726,0.0137619915154731,GSE135893
VUHD67,control,Ciliated,IL1RN,206,0,0.0,0,1954726,0.0,GSE135893
VUHD67,control,Ciliated,NLRP3,206,1,0.0048543689320388,1,1954726,0.0035166393306569,GSE135893
VUHD67,control,Ciliated,PYCARD,206,85,0.4126213592233009,148,1954726,0.6425437647309165,GSE135893
VUHD67,control,Ciliated,SIGIRR,206,139,0.6747572815533981,250,1954726,1.4673564941282409,GSE135893
VUHD67,control,Endothelial Cells,CASP1,348,67,0.1925287356321839,79,1758616,0.4906089391471696,GSE135893
VUHD67,control,Endothelial Cells,GSDMD,348,193,0.5545977011494253,350,1758616,2.053655085393101,GSE135893
VUHD67,control,Endothelial Cells,IL1A,348,0,0.0,0,1758616,0.0,GSE135893
VUHD67,control,Endothelial Cells,IL1B,348,0,0.0,0,1758616,0.0,GSE135893
VUHD67,control,Endothelial Cells,IL1R1,348,112,0.3218390804597701,219,1758616,1.0906471797543094,GSE135893
VUHD67,control,Endothelial Cells,IL1R2,348,5,0.014367816091954,6,1758616,0.0552847364735765,GSE135893
VUHD67,control,Endothelial Cells,IL1RAP,348,18,0.0517241379310344,19,1758616,0.1396088817274031,GSE135893
VUHD67,control,Endothelial Cells,IL1RN,348,0,0.0,0,1758616,0.0,GSE135893
VUHD67,control,Endothelial Cells,NLRP3,348,1,0.0028735632183908,1,1758616,0.0016410046361662,GSE135893
VUHD67,control,Endothelial Cells,PYCARD,348,68,0.1954022988505747,91,1758616,0.4244048798534137,GSE135893
VUHD67,control,Endothelial Cells,SIGIRR,348,140,0.4022988505747126,200,1758616,1.1196378966000042,GSE135893
VUHD67,control,MUC5B+,CASP1,60,12,0.2,13,1029053,0.1387275690966005,GSE135893
VUHD67,control,MUC5B+,GSDMD,60,26,0.4333333333333333,37,1029053,0.3472569804289033,GSE135893
VUHD67,control,MUC5B+,IL1A,60,0,0.0,0,1029053,0.0,GSE135893
VUHD67,control,MUC5B+,IL1B,60,0,0.0,0,1029053,0.0,GSE135893
VUHD67,control,MUC5B+,IL1R1,60,28,0.4666666666666667,46,1029053,0.5467524412678684,GSE135893
VUHD67,control,MUC5B+,IL1R2,60,1,0.0166666666666666,1,1029053,0.0094831673779042,GSE135893
VUHD67,control,MUC5B+,IL1RAP,60,7,0.1166666666666666,9,1029053,0.1341503530700134,GSE135893
VUHD67,control,MUC5B+,IL1RN,60,0,0.0,0,1029053,0.0,GSE135893
VUHD67,control,MUC5B+,NLRP3,60,0,0.0,0,1029053,0.0,GSE135893
VUHD67,control,MUC5B+,PYCARD,60,15,0.25,21,1029053,0.1614290767408759,GSE135893
VUHD67,control,MUC5B+,SIGIRR,60,17,0.2833333333333333,21,1029053,0.2125059028801216,GSE135893
VUHD67,control,Macrophages,CASP1,2073,1092,0.5267727930535456,2085,25868711,0.7581039708172735,GSE135893
VUHD67,control,Macrophages,GSDMD,2073,1015,0.4896285576459238,1643,25868711,0.6208730415257325,GSE135893
VUHD67,control,Macrophages,IL1A,2073,57,0.0274963820549927,70,25868711,0.0284859182359571,GSE135893
VUHD67,control,Macrophages,IL1B,2073,321,0.1548480463096961,626,25868711,0.2308872955652856,GSE135893
VUHD67,control,Macrophages,IL1R1,2073,123,0.0593342981186685,139,25868711,0.0686887453282219,GSE135893
VUHD67,control,Macrophages,IL1R2,2073,818,0.3945972021225277,4828,25868711,2.1134441843391247,GSE135893
VUHD67,control,Macrophages,IL1RAP,2073,740,0.3569705740472745,1167,25868711,0.4771571631535367,GSE135893
VUHD67,control,Macrophages,IL1RN,2073,775,0.3738543174143753,2118,25868711,0.7004941205413592,GSE135893
VUHD67,control,Macrophages,NLRP3,2073,190,0.0916546068499758,238,25868711,0.1062343926062966,GSE135893
VUHD67,control,Macrophages,PYCARD,2073,1919,0.9257115291847564,10697,25868711,3.990556686570757,GSE135893
VUHD67,control,Macrophages,SIGIRR,2073,533,0.2571152918475639,641,25868711,0.2689226420401633,GSE135893
VUHD67,control,Monocytes,CASP1,918,521,0.5675381263616558,933,5526141,1.615056913002219,GSE135893
VUHD67,control,Monocytes,GSDMD,918,400,0.4357298474945534,554,5526141,1.016822486397306,GSE135893
VUHD67,control,Monocytes,IL1A,918,1,0.0010893246187363,1,5526141,0.0031898231881006,GSE135893
VUHD67,control,Monocytes,IL1B,918,85,0.0925925925925925,221,5526141,0.3734621968075162,GSE135893
VUHD67,control,Monocytes,IL1R1,918,22,0.0239651416122004,23,5526141,0.0485358300267112,GSE135893
VUHD67,control,Monocytes,IL1R2,918,779,0.8485838779956427,5901,5526141,11.307566719686536,GSE135893
VUHD67,control,Monocytes,IL1RAP,918,88,0.0958605664488017,102,5526141,0.1823677986342951,GSE135893
VUHD67,control,Monocytes,IL1RN,918,125,0.1361655773420479,237,5526141,0.4605331143538578,GSE135893
VUHD67,control,Monocytes,NLRP3,918,211,0.2298474945533769,269,5526141,0.5494438278813002,GSE135893
VUHD67,control,Monocytes,PYCARD,918,858,0.934640522875817,3106,5526141,5.647443181826695,GSE135893
VUHD67,control,Monocytes,SIGIRR,918,269,0.2930283224400871,311,5526141,0.6355853641792232,GSE135893
VUHD67,control,NK Cells,CASP1,249,39,0.1566265060240964,47,836510,0.5347391294228351,GSE135893
VUHD67,control,NK Cells,GSDMD,249,59,0.2369477911646586,66,836510,0.767098846339449,GSE135893
VUHD67,control,NK Cells,IL1A,249,0,0.0,0,836510,0.0,GSE135893
VUHD67,control,NK Cells,IL1B,249,0,0.0,0,836510,0.0,GSE135893
VUHD67,control,NK Cells,IL1R1,249,1,0.0040160642570281,1,836510,0.0100401606425702,GSE135893
VUHD67,control,NK Cells,IL1R2,249,3,0.0120481927710843,7,836510,0.0887546491296153,GSE135893
VUHD67,control,NK Cells,IL1RAP,249,0,0.0,0,836510,0.0,GSE135893
VUHD67,control,NK Cells,IL1RN,249,0,0.0,0,836510,0.0,GSE135893
VUHD67,control,NK Cells,NLRP3,249,1,0.0040160642570281,1,836510,0.0139786434285698,GSE135893
VUHD67,control,NK Cells,PYCARD,249,69,0.2771084337349397,89,836510,1.023846225499999,GSE135893
VUHD67,control,NK Cells,SIGIRR,249,100,0.4016064257028112,143,836510,1.7893281668422434,GSE135893
VUHD67,control,Plasma Cells,CASP1,87,26,0.2988505747126437,34,1351753,0.2790442208170012,GSE135893
VUHD67,control,Plasma Cells,GSDMD,87,37,0.425287356321839,50,1351753,0.3688871245917956,GSE135893
VUHD67,control,Plasma Cells,IL1A,87,0,0.0,0,1351753,0.0,GSE135893
VUHD67,control,Plasma Cells,IL1B,87,1,0.0114942528735632,1,1351753,0.0116989851130414,GSE135893
VUHD67,control,Plasma Cells,IL1R1,87,0,0.0,0,1351753,0.0,GSE135893
VUHD67,control,Plasma Cells,IL1R2,87,7,0.0804597701149425,9,1351753,0.1873260590800309,GSE135893
VUHD67,control,Plasma Cells,IL1RAP,87,1,0.0114942528735632,1,1351753,0.0087588606824378,GSE135893
VUHD67,control,Plasma Cells,IL1RN,87,6,0.0689655172413793,9,1351753,0.1116203254287634,GSE135893
VUHD67,control,Plasma Cells,NLRP3,87,1,0.0114942528735632,1,1351753,0.0116989851130414,GSE135893
VUHD67,control,Plasma Cells,PYCARD,87,57,0.6551724137931034,134,1351753,1.209383416145022,GSE135893
VUHD67,control,Plasma Cells,SIGIRR,87,5,0.057471264367816,6,1351753,0.0546743639467655,GSE135893
VUHD67,control,Proliferating T Cells,CASP1,204,99,0.4852941176470588,169,2803997,0.6472825232424547,GSE135893
VUHD67,control,Proliferating T Cells,GSDMD,204,145,0.7107843137254902,292,2803997,1.165009392758002,GSE135893
VUHD67,control,Proliferating T Cells,IL1A,204,1,0.0049019607843137,1,2803997,0.0011602548662249,GSE135893
VUHD67,control,Proliferating T Cells,IL1B,204,1,0.0049019607843137,1,2803997,0.0016592068725676,GSE135893
VUHD67,control,Proliferating T Cells,IL1R1,204,3,0.0147058823529411,3,2803997,0.0192661423860436,GSE135893
VUHD67,control,Proliferating T Cells,IL1R2,204,10,0.0490196078431372,31,2803997,0.1203661754811137,GSE135893
VUHD67,control,Proliferating T Cells,IL1RAP,204,8,0.0392156862745098,9,2803997,0.0343536770625325,GSE135893
VUHD67,control,Proliferating T Cells,IL1RN,204,6,0.0294117647058823,9,2803997,0.0159173369011848,GSE135893
VUHD67,control,Proliferating T Cells,NLRP3,204,2,0.0098039215686274,2,2803997,0.0058807682555024,GSE135893
VUHD67,control,Proliferating T Cells,PYCARD,204,148,0.7254901960784313,425,2803997,1.490374648538756,GSE135893
VUHD67,control,Proliferating T Cells,SIGIRR,204,129,0.6323529411764706,291,2803997,1.010450856620358,GSE135893
VUHD67,control,T Cells,CASP1,1584,369,0.2329545454545454,431,6060743,0.699873178574996,GSE135893
VUHD67,control,T Cells,GSDMD,1584,367,0.2316919191919192,463,6060743,0.6951806829754973,GSE135893
VUHD67,control,T Cells,IL1A,1584,0,0.0,0,6060743,0.0,GSE135893
VUHD67,control,T Cells,IL1B,1584,4,0.0025252525252525,4,6060743,0.0059350809491522,GSE135893
VUHD67,control,T Cells,IL1R1,1584,11,0.0069444444444444,11,6060743,0.022374707778769,GSE135893
VUHD67,control,T Cells,IL1R2,1584,34,0.0214646464646464,46,6060743,0.0779694930420003,GSE135893
VUHD67,control,T Cells,IL1RAP,1584,30,0.0189393939393939,31,6060743,0.061801390464261,GSE135893
VUHD67,control,T Cells,IL1RN,1584,6,0.0037878787878787,6,6060743,0.0096702460750644,GSE135893
VUHD67,control,T Cells,NLRP3,1584,11,0.0069444444444444,11,6060743,0.0244071607903271,GSE135893
VUHD67,control,T Cells,PYCARD,1584,503,0.317550505050505,737,6060743,1.086302754185326,GSE135893
VUHD67,control,T Cells,SIGIRR,1584,581,0.3667929292929293,736,6060743,1.2461722745916597,GSE135893
VUHD67,control,Transitional AT2,CASP1,188,15,0.0797872340425532,19,2287536,0.0980047837303201,GSE135893
VUHD67,control,Transitional AT2,GSDMD,188,65,0.3457446808510638,93,2287536,0.4089784337860168,GSE135893
VUHD67,control,Transitional AT2,IL1A,188,0,0.0,0,2287536,0.0,GSE135893
VUHD67,control,Transitional AT2,IL1B,188,0,0.0,0,2287536,0.0,GSE135893
VUHD67,control,Transitional AT2,IL1R1,188,39,0.2074468085106383,47,2287536,0.2017815871453109,GSE135893
VUHD67,control,Transitional AT2,IL1R2,188,2,0.0106382978723404,2,2287536,0.0126292805019983,GSE135893
VUHD67,control,Transitional AT2,IL1RAP,188,4,0.0212765957446808,4,2287536,0.0159738403380081,GSE135893
VUHD67,control,Transitional AT2,IL1RN,188,0,0.0,0,2287536,0.0,GSE135893
VUHD67,control,Transitional AT2,NLRP3,188,0,0.0,0,2287536,0.0,GSE135893
VUHD67,control,Transitional AT2,PYCARD,188,33,0.175531914893617,38,2287536,0.1579970428997047,GSE135893
VUHD67,control,Transitional AT2,SIGIRR,188,51,0.2712765957446808,72,2287536,0.3134093355116745,GSE135893
VUHD68,control,Endothelial Cells,CASP1,707,104,0.1471004243281471,111,2045421,0.5615830762772716,GSE135893
VUHD68,control,Endothelial Cells,GSDMD,707,214,0.3026874115983027,250,2045421,1.235877869018184,GSE135893
VUHD68,control,Endothelial Cells,IL1A,707,0,0.0,0,2045421,0.0,GSE135893
VUHD68,control,Endothelial Cells,IL1B,707,7,0.0099009900990099,7,2045421,0.0369907292915599,GSE135893
VUHD68,control,Endothelial Cells,IL1R1,707,166,0.2347949080622348,247,2045421,0.9762566305852708,GSE135893
VUHD68,control,Endothelial Cells,IL1R2,707,15,0.0212164073550212,15,2045421,0.078468141902463,GSE135893
VUHD68,control,Endothelial Cells,IL1RAP,707,17,0.024045261669024,17,2045421,0.0821640979980524,GSE135893
VUHD68,control,Endothelial Cells,IL1RN,707,2,0.0028288543140028,2,2045421,0.0138508638221593,GSE135893
VUHD68,control,Endothelial Cells,NLRP3,707,0,0.0,0,2045421,0.0,GSE135893
VUHD68,control,Endothelial Cells,PYCARD,707,116,0.164073550212164,133,2045421,0.6994354882246354,GSE135893
VUHD68,control,Endothelial Cells,SIGIRR,707,207,0.2927864214992928,261,2045421,1.3152491528972807,GSE135893
VUHD68,control,Macrophages,CASP1,4492,2663,0.5928317008014248,5590,54127245,0.963157966786484,GSE135893
VUHD68,control,Macrophages,GSDMD,4492,1455,0.3239091718610863,1944,54127245,0.3615938715094178,GSE135893
VUHD68,control,Macrophages,IL1A,4492,385,0.0857079252003562,593,54127245,0.1185418235855127,GSE135893
VUHD68,control,Macrophages,IL1B,4492,1793,0.3991540516473731,8168,54127245,1.788530822575334,GSE135893
VUHD68,control,Macrophages,IL1R1,4492,129,0.0287177203918076,136,54127245,0.0341548897886742,GSE135893
VUHD68,control,Macrophages,IL1R2,4492,388,0.0863757791629563,762,54127245,0.1889787519343828,GSE135893
VUHD68,control,Macrophages,IL1RAP,4492,1093,0.2433214603739982,1353,54127245,0.274262448742183,GSE135893
VUHD68,control,Macrophages,IL1RN,4492,577,0.1284505788067675,831,54127245,0.155067567831348,GSE135893
VUHD68,control,Macrophages,NLRP3,4492,536,0.1193232413178984,776,54127245,0.1922114766965209,GSE135893
VUHD68,control,Macrophages,PYCARD,4492,4124,0.9180765805877116,21502,54127245,3.8304712378501504,GSE135893
VUHD68,control,Macrophages,SIGIRR,4492,936,0.2083704363312555,1087,54127245,0.2156613032011585,GSE135893
VUHD68,control,Monocytes,CASP1,100,50,0.5,75,462824,1.5574302940607507,GSE135893
VUHD68,control,Monocytes,GSDMD,100,10,0.1,10,462824,0.2066004192170611,GSE135893
VUHD68,control,Monocytes,IL1A,100,14,0.14,26,462824,0.4465550228911706,GSE135893
VUHD68,control,Monocytes,IL1B,100,79,0.79,628,462824,12.372161984395932,GSE135893
VUHD68,control,Monocytes,IL1R1,100,3,0.03,3,462824,0.0637258306799129,GSE135893
VUHD68,control,Monocytes,IL1R2,100,61,0.61,268,462824,5.711290989628257,GSE135893
VUHD68,control,Monocytes,IL1RAP,100,9,0.09,9,462824,0.1882930853152187,GSE135893
VUHD68,control,Monocytes,IL1RN,100,20,0.2,44,462824,0.8715848108250611,GSE135893
VUHD68,control,Monocytes,NLRP3,100,52,0.52,122,462824,2.6467639191746493,GSE135893
VUHD68,control,Monocytes,PYCARD,100,88,0.88,246,462824,5.336488302013037,GSE135893
VUHD68,control,Monocytes,SIGIRR,100,20,0.2,20,462824,0.5336942882576711,GSE135893
VUHD68,control,NK Cells,CASP1,52,12,0.2307692307692307,17,148868,1.0328195094584316,GSE135893
VUHD68,control,NK Cells,GSDMD,52,4,0.0769230769230769,4,148868,0.2090599196167885,GSE135893
VUHD68,control,NK Cells,IL1A,52,0,0.0,0,148868,0.0,GSE135893
VUHD68,control,NK Cells,IL1B,52,1,0.0192307692307692,1,148868,0.0308136023566243,GSE135893
VUHD68,control,NK Cells,IL1R1,52,1,0.0192307692307692,1,148868,0.0308136023566243,GSE135893
VUHD68,control,NK Cells,IL1R2,52,0,0.0,0,148868,0.0,GSE135893
VUHD68,control,NK Cells,IL1RAP,52,2,0.0384615384615384,2,148868,0.1171061271523033,GSE135893
VUHD68,control,NK Cells,IL1RN,52,0,0.0,0,148868,0.0,GSE135893
VUHD68,control,NK Cells,NLRP3,52,4,0.0769230769230769,4,148868,0.2527609031153719,GSE135893
VUHD68,control,NK Cells,PYCARD,52,21,0.4038461538461538,32,148868,2.169156436000534,GSE135893
VUHD68,control,NK Cells,SIGIRR,52,21,0.4038461538461538,34,148868,2.1588180496755176,GSE135893
VUHD68,control,Proliferating Macrophages,CASP1,98,75,0.7653061224489796,193,1585465,1.1748663835812383,GSE135893
VUHD68,control,Proliferating Macrophages,GSDMD,98,54,0.5510204081632653,83,1585465,0.516848342874875,GSE135893
VUHD68,control,Proliferating Macrophages,IL1A,98,9,0.0918367346938775,13,1585465,0.0797386016919118,GSE135893
VUHD68,control,Proliferating Macrophages,IL1B,98,40,0.4081632653061224,189,1585465,1.0778559787756066,GSE135893
VUHD68,control,Proliferating Macrophages,IL1R1,98,3,0.0306122448979591,4,1585465,0.0232372853079476,GSE135893
VUHD68,control,Proliferating Macrophages,IL1R2,98,21,0.2142857142857142,44,1585465,0.4046604218860816,GSE135893
VUHD68,control,Proliferating Macrophages,IL1RAP,98,41,0.4183673469387755,54,1585465,0.3359366410316339,GSE135893
VUHD68,control,Proliferating Macrophages,IL1RN,98,17,0.173469387755102,21,1585465,0.1038615786396503,GSE135893
VUHD68,control,Proliferating Macrophages,NLRP3,98,10,0.1020408163265306,14,1585465,0.1376677931923036,GSE135893
VUHD68,control,Proliferating Macrophages,PYCARD,98,92,0.9387755102040816,547,1585465,3.4293959465791346,GSE135893
VUHD68,control,Proliferating Macrophages,SIGIRR,98,28,0.2857142857142857,38,1585465,0.2517936796959636,GSE135893
VUHD68,control,Smooth Muscle Cells,CASP1,86,2,0.0232558139534883,2,225984,0.0749746540098745,GSE135893
VUHD68,control,Smooth Muscle Cells,GSDMD,86,5,0.0581395348837209,6,225984,0.2731571591206922,GSE135893
VUHD68,control,Smooth Muscle Cells,IL1A,86,1,0.0116279069767441,1,225984,0.071512343030407,GSE135893
VUHD68,control,Smooth Muscle Cells,IL1B,86,1,0.0116279069767441,1,225984,0.0302416306287235,GSE135893
VUHD68,control,Smooth Muscle Cells,IL1R1,86,6,0.0697674418604651,6,225984,0.2498105968743516,GSE135893
VUHD68,control,Smooth Muscle Cells,IL1R2,86,1,0.0116279069767441,1,225984,0.0262362522038451,GSE135893
VUHD68,control,Smooth Muscle Cells,IL1RAP,86,0,0.0,0,225984,0.0,GSE135893
VUHD68,control,Smooth Muscle Cells,IL1RN,86,0,0.0,0,225984,0.0,GSE135893
VUHD68,control,Smooth Muscle Cells,NLRP3,86,0,0.0,0,225984,0.0,GSE135893
VUHD68,control,Smooth Muscle Cells,PYCARD,86,12,0.1395348837209302,14,225984,0.6531489551764754,GSE135893
VUHD68,control,Smooth Muscle Cells,SIGIRR,86,9,0.1046511627906976,9,225984,0.3533833860870883,GSE135893
VUHD69,control,Endothelial Cells,CASP1,93,10,0.1075268817204301,12,238926,0.5292939628113227,GSE135893
VUHD69,control,Endothelial Cells,GSDMD,93,31,0.3333333333333333,43,238926,1.899684424376464,GSE135893
VUHD69,control,Endothelial Cells,IL1A,93,1,0.010752688172043,2,238926,0.0847335553352483,GSE135893
VUHD69,control,Endothelial Cells,IL1B,93,0,0.0,0,238926,0.0,GSE135893
VUHD69,control,Endothelial Cells,IL1R1,93,15,0.1612903225806451,23,238926,0.9046927261879696,GSE135893
VUHD69,control,Endothelial Cells,IL1R2,93,0,0.0,0,238926,0.0,GSE135893
VUHD69,control,Endothelial Cells,IL1RAP,93,3,0.032258064516129,3,238926,0.1513657298295013,GSE135893
VUHD69,control,Endothelial Cells,IL1RN,93,0,0.0,0,238926,0.0,GSE135893
VUHD69,control,Endothelial Cells,NLRP3,93,0,0.0,0,238926,0.0,GSE135893
VUHD69,control,Endothelial Cells,PYCARD,93,3,0.032258064516129,3,238926,0.1566929414069497,GSE135893
VUHD69,control,Endothelial Cells,SIGIRR,93,35,0.3763440860215054,40,238926,1.8306345900939347,GSE135893
VUHD69,control,Monocytes,CASP1,89,41,0.4606741573033708,76,615070,1.1437818197539815,GSE135893
VUHD69,control,Monocytes,GSDMD,89,15,0.1685393258426966,21,615070,0.314475776397911,GSE135893
VUHD69,control,Monocytes,IL1A,89,2,0.0224719101123595,2,615070,0.0195509167243797,GSE135893
VUHD69,control,Monocytes,IL1B,89,35,0.3932584269662921,252,615070,4.350512706600571,GSE135893
VUHD69,control,Monocytes,IL1R1,89,2,0.0224719101123595,2,615070,0.0503331315687064,GSE135893
VUHD69,control,Monocytes,IL1R2,89,24,0.2696629213483146,95,615070,1.538167716054352,GSE135893
VUHD69,control,Monocytes,IL1RAP,89,19,0.2134831460674157,28,615070,0.6805517573477519,GSE135893
VUHD69,control,Monocytes,IL1RN,89,21,0.2359550561797752,124,615070,2.3930803779846697,GSE135893
VUHD69,control,Monocytes,NLRP3,89,49,0.550561797752809,112,615070,2.2837744809818514,GSE135893
VUHD69,control,Monocytes,PYCARD,89,54,0.6067415730337079,218,615070,3.3979664556769533,GSE135893
VUHD69,control,Monocytes,SIGIRR,89,30,0.3370786516853932,37,615070,0.6364299669944625,GSE135893
VUHD69,control,T Cells,CASP1,474,72,0.1518987341772152,85,1289952,0.6171116363179986,GSE135893
VUHD69,control,T Cells,GSDMD,474,75,0.1582278481012658,78,1289952,0.5550509550628745,GSE135893
VUHD69,control,T Cells,IL1A,474,2,0.0042194092827004,2,1289952,0.016701916241507,GSE135893
VUHD69,control,T Cells,IL1B,474,1,0.0021097046413502,1,1289952,0.0123954444262644,GSE135893
VUHD69,control,T Cells,IL1R1,474,6,0.0126582278481012,11,1289952,0.0805243289554302,GSE135893
VUHD69,control,T Cells,IL1R2,474,6,0.0126582278481012,6,1289952,0.0648850055443897,GSE135893
VUHD69,control,T Cells,IL1RAP,474,19,0.040084388185654,20,1289952,0.1910926608094,GSE135893
VUHD69,control,T Cells,IL1RN,474,7,0.0147679324894514,7,1289952,0.066796483537572,GSE135893
VUHD69,control,T Cells,NLRP3,474,5,0.010548523206751,6,1289952,0.0542027745067682,GSE135893
VUHD69,control,T Cells,PYCARD,474,52,0.1097046413502109,56,1289952,0.3550721496668275,GSE135893
VUHD69,control,T Cells,SIGIRR,474,158,0.3333333333333333,213,1289952,1.6057333016062536,GSE135893
VUHD70,control,Ciliated,CASP1,294,39,0.1326530612244898,42,3438681,0.1184969140967507,GSE135893
VUHD70,control,Ciliated,GSDMD,294,161,0.5476190476190477,243,3438681,0.7415564069226012,GSE135893
VUHD70,control,Ciliated,IL1A,294,0,0.0,0,3438681,0.0,GSE135893
VUHD70,control,Ciliated,IL1B,294,0,0.0,0,3438681,0.0,GSE135893
VUHD70,control,Ciliated,IL1R1,294,56,0.1904761904761904,67,3438681,0.211825924452378,GSE135893
VUHD70,control,Ciliated,IL1R2,294,2,0.0068027210884353,2,3438681,0.006135485631938,GSE135893
VUHD70,control,Ciliated,IL1RAP,294,5,0.0170068027210884,5,3438681,0.0205377217042668,GSE135893
VUHD70,control,Ciliated,IL1RN,294,0,0.0,0,3438681,0.0,GSE135893
VUHD70,control,Ciliated,NLRP3,294,0,0.0,0,3438681,0.0,GSE135893
VUHD70,control,Ciliated,PYCARD,294,143,0.4863945578231292,275,3438681,0.770253537723228,GSE135893
VUHD70,control,Ciliated,SIGIRR,294,202,0.6870748299319728,397,3438681,1.164939480242343,GSE135893
VUHD70,control,Endothelial Cells,CASP1,448,36,0.0803571428571428,36,1216170,0.2884675447200678,GSE135893
VUHD70,control,Endothelial Cells,GSDMD,448,144,0.3214285714285714,184,1216170,1.6225332279998423,GSE135893
VUHD70,control,Endothelial Cells,IL1A,448,0,0.0,0,1216170,0.0,GSE135893
VUHD70,control,Endothelial Cells,IL1B,448,0,0.0,0,1216170,0.0,GSE135893
VUHD70,control,Endothelial Cells,IL1R1,448,124,0.2767857142857143,261,1216170,1.9290299868584224,GSE135893
VUHD70,control,Endothelial Cells,IL1R2,448,3,0.0066964285714285,3,1216170,0.023663678756986,GSE135893
VUHD70,control,Endothelial Cells,IL1RAP,448,10,0.0223214285714285,10,1216170,0.0747266512327044,GSE135893
VUHD70,control,Endothelial Cells,IL1RN,448,0,0.0,0,1216170,0.0,GSE135893
VUHD70,control,Endothelial Cells,NLRP3,448,0,0.0,0,1216170,0.0,GSE135893
VUHD70,control,Endothelial Cells,PYCARD,448,23,0.0513392857142857,25,1216170,0.2150122157916202,GSE135893
VUHD70,control,Endothelial Cells,SIGIRR,448,155,0.3459821428571428,200,1216170,1.6267557234893677,GSE135893
VUHD70,control,Macrophages,CASP1,538,360,0.6691449814126395,855,7197221,1.0783818122082052,GSE135893
VUHD70,control,Macrophages,GSDMD,538,212,0.3940520446096654,306,7197221,0.3958505556177119,GSE135893
VUHD70,control,Macrophages,IL1A,538,72,0.1338289962825278,116,7197221,0.1309959390556385,GSE135893
VUHD70,control,Macrophages,IL1B,538,159,0.2955390334572491,334,7197221,0.4104683834275792,GSE135893
VUHD70,control,Macrophages,IL1R1,538,14,0.0260223048327137,18,7197221,0.0381889892035468,GSE135893
VUHD70,control,Macrophages,IL1R2,538,43,0.0799256505576208,82,7197221,0.1877308848398607,GSE135893
VUHD70,control,Macrophages,IL1RAP,538,103,0.191449814126394,127,7197221,0.2003763585597574,GSE135893
VUHD70,control,Macrophages,IL1RN,538,138,0.2565055762081784,207,7197221,0.2593257451244547,GSE135893
VUHD70,control,Macrophages,NLRP3,538,12,0.0223048327137546,12,7197221,0.0264567896838165,GSE135893
VUHD70,control,Macrophages,PYCARD,538,475,0.8828996282527881,1983,7197221,2.7004891486739298,GSE135893
VUHD70,control,Macrophages,SIGIRR,538,107,0.1988847583643122,122,7197221,0.1842101188426894,GSE135893
VUHD70,control,NK Cells,CASP1,67,4,0.0597014925373134,4,173526,0.2397119310736559,GSE135893
VUHD70,control,NK Cells,GSDMD,67,17,0.2537313432835821,23,173526,1.4456530611565237,GSE135893
VUHD70,control,NK Cells,IL1A,67,0,0.0,0,173526,0.0,GSE135893
VUHD70,control,NK Cells,IL1B,67,0,0.0,0,173526,0.0,GSE135893
VUHD70,control,NK Cells,IL1R1,67,0,0.0,0,173526,0.0,GSE135893
VUHD70,control,NK Cells,IL1R2,67,0,0.0,0,173526,0.0,GSE135893
VUHD70,control,NK Cells,IL1RAP,67,0,0.0,0,173526,0.0,GSE135893
VUHD70,control,NK Cells,IL1RN,67,0,0.0,0,173526,0.0,GSE135893
VUHD70,control,NK Cells,NLRP3,67,2,0.0298507462686567,2,173526,0.1183379481952627,GSE135893
VUHD70,control,NK Cells,PYCARD,67,13,0.1940298507462686,13,173526,0.861747336945978,GSE135893
VUHD70,control,NK Cells,SIGIRR,67,29,0.4328358208955223,40,173526,2.3875869125199465,GSE135893
VUHD071,control,AT2,CASP1,98,5,0.0510204081632653,5,410461,0.1283821857505785,GSE135893
VUHD071,control,AT2,GSDMD,98,12,0.1224489795918367,12,410461,0.2937722387405574,GSE135893
VUHD071,control,AT2,IL1A,98,0,0.0,0,410461,0.0,GSE135893
VUHD071,control,AT2,IL1B,98,0,0.0,0,410461,0.0,GSE135893
VUHD071,control,AT2,IL1R1,98,19,0.1938775510204081,21,410461,0.577046754819405,GSE135893
VUHD071,control,AT2,IL1R2,98,0,0.0,0,410461,0.0,GSE135893
VUHD071,control,AT2,IL1RAP,98,4,0.0408163265306122,4,410461,0.1067213720731667,GSE135893
VUHD071,control,AT2,IL1RN,98,1,0.010204081632653,1,410461,0.0188510652736986,GSE135893
VUHD071,control,AT2,NLRP3,98,0,0.0,0,410461,0.0,GSE135893
VUHD071,control,AT2,PYCARD,98,14,0.1428571428571428,16,410461,0.3865505631630212,GSE135893
VUHD071,control,AT2,SIGIRR,98,19,0.1938775510204081,19,410461,0.483273609741416,GSE135893
VUHD071,control,Macrophages,CASP1,1923,628,0.3265730629225169,813,7367400,1.1026289802509075,GSE135893
VUHD071,control,Macrophages,GSDMD,1923,331,0.172126885075403,365,7367400,0.4992595455714158,GSE135893
VUHD071,control,Macrophages,IL1A,1923,15,0.0078003120124804,16,7367400,0.0208896570449416,GSE135893
VUHD071,control,Macrophages,IL1B,1923,129,0.0670826833073322,161,7367400,0.2210463403704989,GSE135893
VUHD071,control,Macrophages,IL1R1,1923,24,0.0124804992199688,25,7367400,0.0400398155225883,GSE135893
VUHD071,control,Macrophages,IL1R2,1923,112,0.0582423296931877,158,7367400,0.2457616894310147,GSE135893
VUHD071,control,Macrophages,IL1RAP,1923,188,0.0977639105564222,208,7367400,0.2923460497931179,GSE135893
VUHD071,control,Macrophages,IL1RN,1923,194,0.1008840353614144,457,7367400,0.5101888417904675,GSE135893
VUHD071,control,Macrophages,NLRP3,1923,49,0.0254810192407696,54,7367400,0.0798336122776716,GSE135893
VUHD071,control,Macrophages,PYCARD,1923,1622,0.843473738949558,4248,7367400,5.705527969506232,GSE135893
VUHD071,control,Macrophages,SIGIRR,1923,193,0.1003640145605824,208,7367400,0.3009386790874781,GSE135893
VUILD53,IPF,AT2,CASP1,109,3,0.0275229357798165,3,587813,0.0694282066919998,GSE135893
VUILD53,IPF,AT2,GSDMD,109,25,0.2293577981651376,26,587813,0.4942674819546395,GSE135893
VUILD53,IPF,AT2,IL1A,109,0,0.0,0,587813,0.0,GSE135893
VUILD53,IPF,AT2,IL1B,109,2,0.018348623853211,2,587813,0.0299626614238384,GSE135893
VUILD53,IPF,AT2,IL1R1,109,34,0.3119266055045872,47,587813,0.881316573463561,GSE135893
VUILD53,IPF,AT2,IL1R2,109,0,0.0,0,587813,0.0,GSE135893
VUILD53,IPF,AT2,IL1RAP,109,5,0.0458715596330275,5,587813,0.0489693966646731,GSE135893
VUILD53,IPF,AT2,IL1RN,109,6,0.055045871559633,6,587813,0.1063505269197905,GSE135893
VUILD53,IPF,AT2,NLRP3,109,0,0.0,0,587813,0.0,GSE135893
VUILD53,IPF,AT2,PYCARD,109,10,0.091743119266055,10,587813,0.1983030527434555,GSE135893
VUILD53,IPF,AT2,SIGIRR,109,15,0.1376146788990825,16,587813,0.2893579952747803,GSE135893
VUILD53,IPF,Ciliated,CASP1,252,14,0.0555555555555555,14,1188212,0.1557671464305928,GSE135893
VUILD53,IPF,Ciliated,GSDMD,252,80,0.3174603174603174,102,1188212,0.8314676858207357,GSE135893
VUILD53,IPF,Ciliated,IL1A,252,0,0.0,0,1188212,0.0,GSE135893
VUILD53,IPF,Ciliated,IL1B,252,11,0.0436507936507936,12,1188212,0.0877124203393177,GSE135893
VUILD53,IPF,Ciliated,IL1R1,252,24,0.0952380952380952,37,1188212,0.1701173129675398,GSE135893
VUILD53,IPF,Ciliated,IL1R2,252,0,0.0,0,1188212,0.0,GSE135893
VUILD53,IPF,Ciliated,IL1RAP,252,8,0.0317460317460317,9,1188212,0.0480096285146617,GSE135893
VUILD53,IPF,Ciliated,IL1RN,252,10,0.0396825396825396,11,1188212,0.1336567127940867,GSE135893
VUILD53,IPF,Ciliated,NLRP3,252,1,0.0039682539682539,1,1188212,0.0195288088988876,GSE135893
VUILD53,IPF,Ciliated,PYCARD,252,37,0.1468253968253968,43,1188212,0.3979228318507899,GSE135893
VUILD53,IPF,Ciliated,SIGIRR,252,82,0.3253968253968254,124,1188212,1.1799757670258222,GSE135893
VUILD53,IPF,Endothelial Cells,CASP1,94,21,0.2234042553191489,25,783578,0.2948355952965569,GSE135893
VUILD53,IPF,Endothelial Cells,GSDMD,94,34,0.3617021276595745,62,783578,0.6549850114616398,GSE135893
VUILD53,IPF,Endothelial Cells,IL1A,94,0,0.0,0,783578,0.0,GSE135893
VUILD53,IPF,Endothelial Cells,IL1B,94,7,0.0744680851063829,8,783578,0.1736496806528611,GSE135893
VUILD53,IPF,Endothelial Cells,IL1R1,94,31,0.3297872340425531,66,783578,0.6095914395042938,GSE135893
VUILD53,IPF,Endothelial Cells,IL1R2,94,1,0.0106382978723404,1,783578,0.0204818980984605,GSE135893
VUILD53,IPF,Endothelial Cells,IL1RAP,94,5,0.0531914893617021,5,783578,0.0798198053050373,GSE135893
VUILD53,IPF,Endothelial Cells,IL1RN,94,5,0.0531914893617021,6,783578,0.08691553105737,GSE135893
VUILD53,IPF,Endothelial Cells,NLRP3,94,0,0.0,0,783578,0.0,GSE135893
VUILD53,IPF,Endothelial Cells,PYCARD,94,17,0.1808510638297872,24,783578,0.2241619062177468,GSE135893
VUILD53,IPF,Endothelial Cells,SIGIRR,94,41,0.4361702127659574,73,783578,0.8792884722633538,GSE135893
VUILD53,IPF,Macrophages,CASP1,380,114,0.3,184,2517932,0.6782796777660977,GSE135893
VUILD53,IPF,Macrophages,GSDMD,380,74,0.1947368421052631,94,2517932,0.3718638656149626,GSE135893
VUILD53,IPF,Macrophages,IL1A,380,30,0.0789473684210526,73,2517932,0.2559412970878738,GSE135893
VUILD53,IPF,Macrophages,IL1B,380,114,0.3,825,2517932,4.306164798309738,GSE135893
VUILD53,IPF,Macrophages,IL1R1,380,49,0.1289473684210526,62,2517932,0.3471694124886252,GSE135893
VUILD53,IPF,Macrophages,IL1R2,380,31,0.081578947368421,51,2517932,0.2939579353138103,GSE135893
VUILD53,IPF,Macrophages,IL1RAP,380,63,0.1657894736842105,72,2517932,0.3278586877409614,GSE135893
VUILD53,IPF,Macrophages,IL1RN,380,228,0.6,916,2517932,4.0097126110872265,GSE135893
VUILD53,IPF,Macrophages,NLRP3,380,60,0.1578947368421052,91,2517932,0.5337165688290316,GSE135893
VUILD53,IPF,Macrophages,PYCARD,380,176,0.4631578947368421,369,2517932,1.3236110098348917,GSE135893
VUILD53,IPF,Macrophages,SIGIRR,380,51,0.1342105263157894,56,2517932,0.2601024540597597,GSE135893
VUILD59,IPF,AT2,CASP1,1838,149,0.0810663764961915,156,12300163,0.1209542233861739,GSE135893
VUILD59,IPF,AT2,GSDMD,1838,374,0.2034820457018498,441,12300163,0.3619012678657847,GSE135893
VUILD59,IPF,AT2,IL1A,1838,0,0.0,0,12300163,0.0,GSE135893
VUILD59,IPF,AT2,IL1B,1838,0,0.0,0,12300163,0.0,GSE135893
VUILD59,IPF,AT2,IL1R1,1838,334,0.1817192600652883,391,12300163,0.3454617810108521,GSE135893
VUILD59,IPF,AT2,IL1R2,1838,0,0.0,0,12300163,0.0,GSE135893
VUILD59,IPF,AT2,IL1RAP,1838,57,0.0310119695321001,58,12300163,0.0532692540247023,GSE135893
VUILD59,IPF,AT2,IL1RN,1838,3,0.0016322089227421,3,12300163,0.0018629119966888,GSE135893
VUILD59,IPF,AT2,NLRP3,1838,0,0.0,0,12300163,0.0,GSE135893
VUILD59,IPF,AT2,PYCARD,1838,375,0.2040261153427638,450,12300163,0.3334746240183969,GSE135893
VUILD59,IPF,AT2,SIGIRR,1838,418,0.2274211099020674,490,12300163,0.3982474910186259,GSE135893
VUILD59,IPF,Basal,CASP1,551,97,0.176043557168784,113,5151790,0.2464507860346089,GSE135893
VUILD59,IPF,Basal,GSDMD,551,172,0.3121597096188748,217,5151790,0.4713796160550142,GSE135893
VUILD59,IPF,Basal,IL1A,551,1,0.0018148820326678,1,5151790,0.0037008198056033,GSE135893
VUILD59,IPF,Basal,IL1B,551,1,0.0018148820326678,9,5151790,0.004483158119891,GSE135893
VUILD59,IPF,Basal,IL1R1,551,112,0.2032667876588021,175,5151790,0.3164705330726075,GSE135893
VUILD59,IPF,Basal,IL1R2,551,1,0.0018148820326678,1,5151790,0.0007934604261215,GSE135893
VUILD59,IPF,Basal,IL1RAP,551,68,0.1234119782214156,85,5151790,0.1764846467548722,GSE135893
VUILD59,IPF,Basal,IL1RN,551,38,0.0689655172413793,46,5151790,0.0781900467465739,GSE135893
VUILD59,IPF,Basal,NLRP3,551,1,0.0018148820326678,2,5151790,0.0009962573599757,GSE135893
VUILD59,IPF,Basal,PYCARD,551,322,0.5843920145190563,649,5151790,1.300644173543234,GSE135893
VUILD59,IPF,Basal,SIGIRR,551,172,0.3121597096188748,228,5151790,0.4606861326258118,GSE135893
VUILD59,IPF,Ciliated,CASP1,1269,80,0.0630417651694247,85,6756097,0.1228864965510174,GSE135893
VUILD59,IPF,Ciliated,GSDMD,1269,377,0.2970843183609141,486,6756097,0.7063990995293434,GSE135893
VUILD59,IPF,Ciliated,IL1A,1269,1,0.0007880220646178,1,6756097,0.000607011296116,GSE135893
VUILD59,IPF,Ciliated,IL1B,1269,1,0.0007880220646178,1,6756097,0.0014173058716147,GSE135893
VUILD59,IPF,Ciliated,IL1R1,1269,69,0.0543735224586288,78,6756097,0.1154024893869542,GSE135893
VUILD59,IPF,Ciliated,IL1R2,1269,4,0.0031520882584712,4,6756097,0.0055337332603627,GSE135893
VUILD59,IPF,Ciliated,IL1RAP,1269,19,0.0149724192277383,19,6756097,0.0351282065213408,GSE135893
VUILD59,IPF,Ciliated,IL1RN,1269,0,0.0,0,6756097,0.0,GSE135893
VUILD59,IPF,Ciliated,NLRP3,1269,1,0.0007880220646178,1,6756097,0.0023453037637434,GSE135893
VUILD59,IPF,Ciliated,PYCARD,1269,318,0.2505910165484633,404,6756097,0.5910523300863898,GSE135893
VUILD59,IPF,Ciliated,SIGIRR,1269,559,0.4405043341213554,828,6756097,1.260937086167086,GSE135893
VUILD59,IPF,Differentiating Ciliated,CASP1,261,36,0.1379310344827586,44,3735515,0.1189638948795699,GSE135893
VUILD59,IPF,Differentiating Ciliated,GSDMD,261,127,0.4865900383141762,187,3735515,0.4999457307642699,GSE135893
VUILD59,IPF,Differentiating Ciliated,IL1A,261,0,0.0,0,3735515,0.0,GSE135893
VUILD59,IPF,Differentiating Ciliated,IL1B,261,1,0.003831417624521,4,3735515,0.0068620356846441,GSE135893
VUILD59,IPF,Differentiating Ciliated,IL1R1,261,95,0.3639846743295019,159,3735515,0.4162411084506791,GSE135893
VUILD59,IPF,Differentiating Ciliated,IL1R2,261,1,0.003831417624521,1,3735515,0.0017900474792193,GSE135893
VUILD59,IPF,Differentiating Ciliated,IL1RAP,261,17,0.0651340996168582,19,3735515,0.0553555264510602,GSE135893
VUILD59,IPF,Differentiating Ciliated,IL1RN,261,4,0.0153256704980842,4,3735515,0.0125631019673357,GSE135893
VUILD59,IPF,Differentiating Ciliated,NLRP3,261,0,0.0,0,3735515,0.0,GSE135893
VUILD59,IPF,Differentiating Ciliated,PYCARD,261,130,0.4980842911877394,201,3735515,0.5512941808691226,GSE135893
VUILD59,IPF,Differentiating Ciliated,SIGIRR,261,149,0.5708812260536399,265,3735515,0.7548846849019524,GSE135893
VUILD59,IPF,Endothelial Cells,CASP1,1410,266,0.1886524822695035,317,5256876,0.6179317474981433,GSE135893
VUILD59,IPF,Endothelial Cells,GSDMD,1410,422,0.2992907801418439,534,5256876,1.1058877194138297,GSE135893
VUILD59,IPF,Endothelial Cells,IL1A,1410,0,0.0,0,5256876,0.0,GSE135893
VUILD59,IPF,Endothelial Cells,IL1B,1410,0,0.0,0,5256876,0.0,GSE135893
VUILD59,IPF,Endothelial Cells,IL1R1,1410,258,0.1829787234042553,429,5256876,0.8065824907545363,GSE135893
VUILD59,IPF,Endothelial Cells,IL1R2,1410,3,0.002127659574468,3,5256876,0.0059489202069851,GSE135893
VUILD59,IPF,Endothelial Cells,IL1RAP,1410,75,0.0531914893617021,80,5256876,0.165525242199103,GSE135893
VUILD59,IPF,Endothelial Cells,IL1RN,1410,3,0.002127659574468,9,5256876,0.0147920273809233,GSE135893
VUILD59,IPF,Endothelial Cells,NLRP3,1410,1,0.000709219858156,1,5256876,0.0021957271150341,GSE135893
VUILD59,IPF,Endothelial Cells,PYCARD,1410,260,0.1843971631205673,316,5256876,0.5850108684562518,GSE135893
VUILD59,IPF,Endothelial Cells,SIGIRR,1410,567,0.4021276595744681,816,5256876,1.576590525622285,GSE135893
VUILD59,IPF,KRT5-/KRT17+,CASP1,77,13,0.1688311688311688,15,907360,0.2253452968926922,GSE135893
VUILD59,IPF,KRT5-/KRT17+,GSDMD,77,33,0.4285714285714285,46,907360,0.4371867896340132,GSE135893
VUILD59,IPF,KRT5-/KRT17+,IL1A,77,1,0.0129870129870129,1,907360,0.0199217870639867,GSE135893
VUILD59,IPF,KRT5-/KRT17+,IL1B,77,3,0.0389610389610389,5,907360,0.0455687093468817,GSE135893
VUILD59,IPF,KRT5-/KRT17+,IL1R1,77,21,0.2727272727272727,36,907360,0.3571078412272269,GSE135893
VUILD59,IPF,KRT5-/KRT17+,IL1R2,77,1,0.0129870129870129,1,907360,0.0070428486914387,GSE135893
VUILD59,IPF,KRT5-/KRT17+,IL1RAP,77,9,0.1168831168831168,9,907360,0.1370248993941753,GSE135893
VUILD59,IPF,KRT5-/KRT17+,IL1RN,77,7,0.0909090909090909,9,907360,0.0760016694571715,GSE135893
VUILD59,IPF,KRT5-/KRT17+,NLRP3,77,1,0.0129870129870129,1,907360,0.0073244673098037,GSE135893
VUILD59,IPF,KRT5-/KRT17+,PYCARD,77,41,0.5324675324675324,72,907360,0.6822006009563636,GSE135893
VUILD59,IPF,KRT5-/KRT17+,SIGIRR,77,32,0.4155844155844156,46,907360,0.4956154891749864,GSE135893
VUILD59,IPF,Lymphatic Endothelial Cells,CASP1,478,53,0.1108786610878661,54,2044026,0.2758121697713311,GSE135893
VUILD59,IPF,Lymphatic Endothelial Cells,GSDMD,478,109,0.2280334728033473,130,2044026,0.6553707452782828,GSE135893
VUILD59,IPF,Lymphatic Endothelial Cells,IL1A,478,0,0.0,0,2044026,0.0,GSE135893
VUILD59,IPF,Lymphatic Endothelial Cells,IL1B,478,0,0.0,0,2044026,0.0,GSE135893
VUILD59,IPF,Lymphatic Endothelial Cells,IL1R1,478,56,0.1171548117154811,71,2044026,0.3208298590427276,GSE135893
VUILD59,IPF,Lymphatic Endothelial Cells,IL1R2,478,1,0.002092050209205,1,2044026,0.0060921671788148,GSE135893
VUILD59,IPF,Lymphatic Endothelial Cells,IL1RAP,478,7,0.0146443514644351,7,2044026,0.031447429907841,GSE135893
VUILD59,IPF,Lymphatic Endothelial Cells,IL1RN,478,2,0.00418410041841,2,2044026,0.0095009266412171,GSE135893
VUILD59,IPF,Lymphatic Endothelial Cells,NLRP3,478,0,0.0,0,2044026,0.0,GSE135893
VUILD59,IPF,Lymphatic Endothelial Cells,PYCARD,478,67,0.1401673640167364,78,2044026,0.3719603573190566,GSE135893
VUILD59,IPF,Lymphatic Endothelial Cells,SIGIRR,478,182,0.3807531380753138,255,2044026,1.2412246481370257,GSE135893
VUILD59,IPF,MUC5B+,CASP1,578,69,0.1193771626297577,76,6839146,0.1215719858754559,GSE135893
VUILD59,IPF,MUC5B+,GSDMD,578,180,0.3114186851211072,219,6839146,0.360176466357771,GSE135893
VUILD59,IPF,MUC5B+,IL1A,578,0,0.0,0,6839146,0.0,GSE135893
VUILD59,IPF,MUC5B+,IL1B,578,0,0.0,0,6839146,0.0,GSE135893
VUILD59,IPF,MUC5B+,IL1R1,578,221,0.3823529411764705,406,6839146,0.7482219971686035,GSE135893
VUILD59,IPF,MUC5B+,IL1R2,578,0,0.0,0,6839146,0.0,GSE135893
VUILD59,IPF,MUC5B+,IL1RAP,578,31,0.0536332179930795,37,6839146,0.0585148170321429,GSE135893
VUILD59,IPF,MUC5B+,IL1RN,578,12,0.0207612456747404,12,6839146,0.0218317242180204,GSE135893
VUILD59,IPF,MUC5B+,NLRP3,578,0,0.0,0,6839146,0.0,GSE135893
VUILD59,IPF,MUC5B+,PYCARD,578,180,0.3114186851211072,248,6839146,0.4051592005176728,GSE135893
VUILD59,IPF,MUC5B+,SIGIRR,578,171,0.2958477508650519,210,6839146,0.325615132358077,GSE135893
VUILD59,IPF,Macrophages,CASP1,5372,3872,0.7207743857036486,9724,64089980,1.4448260849187036,GSE135893
VUILD59,IPF,Macrophages,GSDMD,5372,1984,0.3693224125093075,2608,64089980,0.4214456587193927,GSE135893
VUILD59,IPF,Macrophages,IL1A,5372,838,0.155994043186895,1305,64089980,0.2066514657811666,GSE135893
VUILD59,IPF,Macrophages,IL1B,5372,2694,0.5014892032762472,11087,64089980,2.197191956889818,GSE135893
VUILD59,IPF,Macrophages,IL1R1,5372,89,0.0165673864482501,101,64089980,0.0264817330079768,GSE135893
VUILD59,IPF,Macrophages,IL1R2,5372,36,0.0067014147431124,52,64089980,0.014178126278325,GSE135893
VUILD59,IPF,Macrophages,IL1RAP,5372,1732,0.3224125093075204,2368,64089980,0.391093966902883,GSE135893
VUILD59,IPF,Macrophages,IL1RN,5372,2963,0.5515636634400596,11418,64089980,1.98026580984198,GSE135893
VUILD59,IPF,Macrophages,NLRP3,5372,340,0.0632911392405063,485,64089980,0.1395460171105927,GSE135893
VUILD59,IPF,Macrophages,PYCARD,5372,5010,0.932613551749814,31039,64089980,4.701721756132455,GSE135893
VUILD59,IPF,Macrophages,SIGIRR,5372,1189,0.2213328369322412,1368,64089980,0.2413432955627981,GSE135893
VUILD59,IPF,Myofibroblasts,CASP1,324,23,0.0709876543209876,25,1446858,0.1827658589079795,GSE135893
VUILD59,IPF,Myofibroblasts,GSDMD,324,73,0.2253086419753086,86,1446858,0.6360724379825163,GSE135893
VUILD59,IPF,Myofibroblasts,IL1A,324,0,0.0,0,1446858,0.0,GSE135893
VUILD59,IPF,Myofibroblasts,IL1B,324,0,0.0,0,1446858,0.0,GSE135893
VUILD59,IPF,Myofibroblasts,IL1R1,324,119,0.3672839506172839,200,1446858,1.356385301670807,GSE135893
VUILD59,IPF,Myofibroblasts,IL1R2,324,2,0.0061728395061728,2,1446858,0.0158032506161685,GSE135893
VUILD59,IPF,Myofibroblasts,IL1RAP,324,21,0.0648148148148148,24,1446858,0.1569523302380072,GSE135893
VUILD59,IPF,Myofibroblasts,IL1RN,324,0,0.0,0,1446858,0.0,GSE135893
VUILD59,IPF,Myofibroblasts,NLRP3,324,0,0.0,0,1446858,0.0,GSE135893
VUILD59,IPF,Myofibroblasts,PYCARD,324,79,0.2438271604938271,103,1446858,0.67631074409703,GSE135893
VUILD59,IPF,Myofibroblasts,SIGIRR,324,75,0.2314814814814814,91,1446858,0.6133165267587062,GSE135893
VUILD59,IPF,NK Cells,CASP1,71,14,0.1971830985915492,20,355262,0.3255986508422244,GSE135893
VUILD59,IPF,NK Cells,GSDMD,71,20,0.2816901408450704,23,355262,0.7217101033860145,GSE135893
VUILD59,IPF,NK Cells,IL1A,71,0,0.0,0,355262,0.0,GSE135893
VUILD59,IPF,NK Cells,IL1B,71,1,0.0140845070422535,1,355262,0.0070747975900409,GSE135893
VUILD59,IPF,NK Cells,IL1R1,71,1,0.0140845070422535,1,355262,0.0070747975900409,GSE135893
VUILD59,IPF,NK Cells,IL1R2,71,2,0.028169014084507,10,355262,0.0863681622650148,GSE135893
VUILD59,IPF,NK Cells,IL1RAP,71,2,0.028169014084507,2,355262,0.0208130994260276,GSE135893
VUILD59,IPF,NK Cells,IL1RN,71,0,0.0,0,355262,0.0,GSE135893
VUILD59,IPF,NK Cells,NLRP3,71,2,0.028169014084507,2,355262,0.0205682896788065,GSE135893
VUILD59,IPF,NK Cells,PYCARD,71,39,0.5492957746478874,62,355262,1.8269125724387087,GSE135893
VUILD59,IPF,NK Cells,SIGIRR,71,29,0.4084507042253521,52,355262,1.4710473663802437,GSE135893
VUILD59,IPF,PLIN2+ Fibroblasts,CASP1,250,21,0.084,24,1537104,0.1316506102067408,GSE135893
VUILD59,IPF,PLIN2+ Fibroblasts,GSDMD,250,38,0.152,43,1537104,0.2733367371448169,GSE135893
VUILD59,IPF,PLIN2+ Fibroblasts,IL1A,250,4,0.016,4,1537104,0.0248335465784784,GSE135893
VUILD59,IPF,PLIN2+ Fibroblasts,IL1B,250,8,0.032,32,1537104,0.1555968995593231,GSE135893
VUILD59,IPF,PLIN2+ Fibroblasts,IL1R1,250,143,0.572,292,1537104,1.979305072507234,GSE135893
VUILD59,IPF,PLIN2+ Fibroblasts,IL1R2,250,2,0.008,2,1537104,0.012050563043765,GSE135893
VUILD59,IPF,PLIN2+ Fibroblasts,IL1RAP,250,18,0.072,18,1537104,0.1046103000421022,GSE135893
VUILD59,IPF,PLIN2+ Fibroblasts,IL1RN,250,0,0.0,0,1537104,0.0,GSE135893
VUILD59,IPF,PLIN2+ Fibroblasts,NLRP3,250,0,0.0,0,1537104,0.0,GSE135893
VUILD59,IPF,PLIN2+ Fibroblasts,PYCARD,250,54,0.216,60,1537104,0.388145472306922,GSE135893
VUILD59,IPF,PLIN2+ Fibroblasts,SIGIRR,250,71,0.284,107,1537104,0.6645039138198611,GSE135893
VUILD59,IPF,Proliferating Epithelial Cells,CASP1,102,13,0.1274509803921568,13,989094,0.1267328901443946,GSE135893
VUILD59,IPF,Proliferating Epithelial Cells,GSDMD,102,41,0.4019607843137255,60,989094,0.784541083434343,GSE135893
VUILD59,IPF,Proliferating Epithelial Cells,IL1A,102,0,0.0,0,989094,0.0,GSE135893
VUILD59,IPF,Proliferating Epithelial Cells,IL1B,102,0,0.0,0,989094,0.0,GSE135893
VUILD59,IPF,Proliferating Epithelial Cells,IL1R1,102,22,0.2156862745098039,35,989094,0.3294179818408017,GSE135893
VUILD59,IPF,Proliferating Epithelial Cells,IL1R2,102,0,0.0,0,989094,0.0,GSE135893
VUILD59,IPF,Proliferating Epithelial Cells,IL1RAP,102,10,0.0980392156862745,12,989094,0.143777806738712,GSE135893
VUILD59,IPF,Proliferating Epithelial Cells,IL1RN,102,4,0.0392156862745098,4,989094,0.0508169936887704,GSE135893
VUILD59,IPF,Proliferating Epithelial Cells,NLRP3,102,0,0.0,0,989094,0.0,GSE135893
VUILD59,IPF,Proliferating Epithelial Cells,PYCARD,102,42,0.4117647058823529,64,989094,0.6077191618492276,GSE135893
VUILD59,IPF,Proliferating Epithelial Cells,SIGIRR,102,36,0.3529411764705882,45,989094,0.4775309171281592,GSE135893
VUILD59,IPF,Proliferating Macrophages,CASP1,497,417,0.8390342052313883,1124,7903662,1.3306174395021089,GSE135893
VUILD59,IPF,Proliferating Macrophages,GSDMD,497,268,0.5392354124748491,426,7903662,0.5383132662926143,GSE135893
VUILD59,IPF,Proliferating Macrophages,IL1A,497,66,0.1327967806841046,111,7903662,0.1339611985524589,GSE135893
VUILD59,IPF,Proliferating Macrophages,IL1B,497,235,0.4728370221327967,1174,7903662,1.5263514773603273,GSE135893
VUILD59,IPF,Proliferating Macrophages,IL1R1,497,8,0.0160965794768611,8,7903662,0.0256750493196133,GSE135893
VUILD59,IPF,Proliferating Macrophages,IL1R2,497,9,0.0181086519114688,13,7903662,0.0337673059606322,GSE135893
VUILD59,IPF,Proliferating Macrophages,IL1RAP,497,185,0.3722334004024145,265,7903662,0.3401614602498696,GSE135893
VUILD59,IPF,Proliferating Macrophages,IL1RN,497,253,0.5090543259557344,697,7903662,0.9034443934714136,GSE135893
VUILD59,IPF,Proliferating Macrophages,NLRP3,497,51,0.1026156941649899,65,7903662,0.084601265815984,GSE135893
VUILD59,IPF,Proliferating Macrophages,PYCARD,497,481,0.9678068410462776,3253,7903662,4.061806648701028,GSE135893
VUILD59,IPF,Proliferating Macrophages,SIGIRR,497,141,0.2837022132796781,175,7903662,0.2198263443402286,GSE135893
VUILD59,IPF,SCGB3A2+,CASP1,641,69,0.1076443057722308,75,4345080,0.1778340543424458,GSE135893
VUILD59,IPF,SCGB3A2+,GSDMD,641,185,0.2886115444617784,230,4345080,0.5649152996187338,GSE135893
VUILD59,IPF,SCGB3A2+,IL1A,641,0,0.0,0,4345080,0.0,GSE135893
VUILD59,IPF,SCGB3A2+,IL1B,641,1,0.0015600624024961,5,4345080,0.0175841118405782,GSE135893
VUILD59,IPF,SCGB3A2+,IL1R1,641,206,0.3213728549141966,358,4345080,0.8346399788028764,GSE135893
VUILD59,IPF,SCGB3A2+,IL1R2,641,0,0.0,0,4345080,0.0,GSE135893
VUILD59,IPF,SCGB3A2+,IL1RAP,641,31,0.0483619344773791,34,4345080,0.0657714199964943,GSE135893
VUILD59,IPF,SCGB3A2+,IL1RN,641,19,0.0296411856474258,19,4345080,0.03996909088596,GSE135893
VUILD59,IPF,SCGB3A2+,NLRP3,641,1,0.0015600624024961,2,4345080,0.0070336447362312,GSE135893
VUILD59,IPF,SCGB3A2+,PYCARD,641,224,0.3494539781591264,353,4345080,0.760591522577997,GSE135893
VUILD59,IPF,SCGB3A2+,SIGIRR,641,165,0.2574102964118565,198,4345080,0.4730160763437604,GSE135893
VUILD59,IPF,SCGB3A2+ SCGB1A1+,CASP1,58,3,0.0517241379310344,3,463064,0.0497297681294043,GSE135893
VUILD59,IPF,SCGB3A2+ SCGB1A1+,GSDMD,58,13,0.2241379310344827,16,463064,0.3496873251717194,GSE135893
VUILD59,IPF,SCGB3A2+ SCGB1A1+,IL1A,58,0,0.0,0,463064,0.0,GSE135893
VUILD59,IPF,SCGB3A2+ SCGB1A1+,IL1B,58,0,0.0,0,463064,0.0,GSE135893
VUILD59,IPF,SCGB3A2+ SCGB1A1+,IL1R1,58,13,0.2241379310344827,19,463064,0.4416484435824835,GSE135893
VUILD59,IPF,SCGB3A2+ SCGB1A1+,IL1R2,58,0,0.0,0,463064,0.0,GSE135893
VUILD59,IPF,SCGB3A2+ SCGB1A1+,IL1RAP,58,2,0.0344827586206896,2,463064,0.0492125222450992,GSE135893
VUILD59,IPF,SCGB3A2+ SCGB1A1+,IL1RN,58,0,0.0,0,463064,0.0,GSE135893
VUILD59,IPF,SCGB3A2+ SCGB1A1+,NLRP3,58,0,0.0,0,463064,0.0,GSE135893
VUILD59,IPF,SCGB3A2+ SCGB1A1+,PYCARD,58,6,0.1034482758620689,9,463064,0.2325198419012988,GSE135893
VUILD59,IPF,SCGB3A2+ SCGB1A1+,SIGIRR,58,15,0.2586206896551724,15,463064,0.3233568024755638,GSE135893
VUILD59,IPF,Smooth Muscle Cells,CASP1,290,1,0.0034482758620689,1,964571,0.0071289556792825,GSE135893
VUILD59,IPF,Smooth Muscle Cells,GSDMD,290,48,0.1655172413793103,50,964571,0.5438321622637848,GSE135893
VUILD59,IPF,Smooth Muscle Cells,IL1A,290,0,0.0,0,964571,0.0,GSE135893
VUILD59,IPF,Smooth Muscle Cells,IL1B,290,0,0.0,0,964571,0.0,GSE135893
VUILD59,IPF,Smooth Muscle Cells,IL1R1,290,11,0.0379310344827586,13,964571,0.124654481858582,GSE135893
VUILD59,IPF,Smooth Muscle Cells,IL1R2,290,0,0.0,0,964571,0.0,GSE135893
VUILD59,IPF,Smooth Muscle Cells,IL1RAP,290,6,0.0206896551724137,6,964571,0.05335363551036,GSE135893
VUILD59,IPF,Smooth Muscle Cells,IL1RN,290,0,0.0,0,964571,0.0,GSE135893
VUILD59,IPF,Smooth Muscle Cells,NLRP3,290,0,0.0,0,964571,0.0,GSE135893
VUILD59,IPF,Smooth Muscle Cells,PYCARD,290,33,0.1137931034482758,40,964571,0.3749266329108452,GSE135893
VUILD59,IPF,Smooth Muscle Cells,SIGIRR,290,80,0.2758620689655172,91,964571,0.963621208706438,GSE135893
VUILD59,IPF,T Cells,CASP1,243,53,0.2181069958847736,67,896190,0.7660161480369239,GSE135893
VUILD59,IPF,T Cells,GSDMD,243,48,0.1975308641975308,55,896190,0.6766282173579411,GSE135893
VUILD59,IPF,T Cells,IL1A,243,2,0.0082304526748971,2,896190,0.0277502696161742,GSE135893
VUILD59,IPF,T Cells,IL1B,243,3,0.0123456790123456,7,896190,0.0523409644179062,GSE135893
VUILD59,IPF,T Cells,IL1R1,243,1,0.0041152263374485,1,896190,0.0116876635542418,GSE135893
VUILD59,IPF,T Cells,IL1R2,243,6,0.0246913580246913,8,896190,0.084361792874927,GSE135893
VUILD59,IPF,T Cells,IL1RAP,243,6,0.0246913580246913,6,896190,0.0612943136064086,GSE135893
VUILD59,IPF,T Cells,IL1RN,243,3,0.0123456790123456,3,896190,0.0332072601553031,GSE135893
VUILD59,IPF,T Cells,NLRP3,243,8,0.0329218106995884,9,896190,0.0911579343574294,GSE135893
VUILD59,IPF,T Cells,PYCARD,243,74,0.3045267489711934,102,896190,1.1210960029212178,GSE135893
VUILD59,IPF,T Cells,SIGIRR,243,97,0.3991769547325103,122,896190,1.3790210227257536,GSE135893
VUILD59,IPF,Transitional AT2,CASP1,500,57,0.114,63,3581333,0.1706479744729202,GSE135893
VUILD59,IPF,Transitional AT2,GSDMD,500,149,0.298,169,3581333,0.5593772645880017,GSE135893
VUILD59,IPF,Transitional AT2,IL1A,500,0,0.0,0,3581333,0.0,GSE135893
VUILD59,IPF,Transitional AT2,IL1B,500,0,0.0,0,3581333,0.0,GSE135893
VUILD59,IPF,Transitional AT2,IL1R1,500,81,0.162,99,3581333,0.2826882776094743,GSE135893
VUILD59,IPF,Transitional AT2,IL1R2,500,0,0.0,0,3581333,0.0,GSE135893
VUILD59,IPF,Transitional AT2,IL1RAP,500,11,0.022,11,3581333,0.0389938666810353,GSE135893
VUILD59,IPF,Transitional AT2,IL1RN,500,10,0.02,13,3581333,0.0282429253528203,GSE135893
VUILD59,IPF,Transitional AT2,NLRP3,500,0,0.0,0,3581333,0.0,GSE135893
VUILD59,IPF,Transitional AT2,PYCARD,500,186,0.372,275,3581333,0.7233914875295981,GSE135893
VUILD59,IPF,Transitional AT2,SIGIRR,500,130,0.26,163,3581333,0.4437138224302016,GSE135893
VUILD59,IPF,cDCs,CASP1,154,51,0.3311688311688311,79,1172775,0.6488294750183397,GSE135893
VUILD59,IPF,cDCs,GSDMD,154,29,0.1883116883116883,33,1172775,0.2553823930218001,GSE135893
VUILD59,IPF,cDCs,IL1A,154,7,0.0454545454545454,7,1172775,0.0551700262216428,GSE135893
VUILD59,IPF,cDCs,IL1B,154,59,0.3831168831168831,350,1172775,3.120890495877197,GSE135893
VUILD59,IPF,cDCs,IL1R1,154,30,0.1948051948051948,40,1172775,0.3999268747866848,GSE135893
VUILD59,IPF,cDCs,IL1R2,154,25,0.1623376623376623,57,1172775,0.4998837959994737,GSE135893
VUILD59,IPF,cDCs,IL1RAP,154,32,0.2077922077922078,54,1172775,0.5112044313230888,GSE135893
VUILD59,IPF,cDCs,IL1RN,154,36,0.2337662337662337,81,1172775,0.6318550052226506,GSE135893
VUILD59,IPF,cDCs,NLRP3,154,39,0.2532467532467532,60,1172775,0.5559625420121339,GSE135893
VUILD59,IPF,cDCs,PYCARD,154,106,0.6883116883116883,299,1172775,2.5022280576873746,GSE135893
VUILD59,IPF,cDCs,SIGIRR,154,31,0.2012987012987013,41,1172775,0.2975774095892366,GSE135893
VUILD60,IPF,AT2,CASP1,137,9,0.0656934306569343,9,1029209,0.0788159771110949,GSE135893
VUILD60,IPF,AT2,GSDMD,137,27,0.1970802919708029,29,1029209,0.2701159245861324,GSE135893
VUILD60,IPF,AT2,IL1A,137,0,0.0,0,1029209,0.0,GSE135893
VUILD60,IPF,AT2,IL1B,137,0,0.0,0,1029209,0.0,GSE135893
VUILD60,IPF,AT2,IL1R1,137,37,0.2700729927007299,54,1029209,0.5625522123912621,GSE135893
VUILD60,IPF,AT2,IL1R2,137,0,0.0,0,1029209,0.0,GSE135893
VUILD60,IPF,AT2,IL1RAP,137,4,0.0291970802919708,4,1029209,0.0321015890514065,GSE135893
VUILD60,IPF,AT2,IL1RN,137,0,0.0,0,1029209,0.0,GSE135893
VUILD60,IPF,AT2,NLRP3,137,0,0.0,0,1029209,0.0,GSE135893
VUILD60,IPF,AT2,PYCARD,137,15,0.1094890510948905,17,1029209,0.1909531490446938,GSE135893
VUILD60,IPF,AT2,SIGIRR,137,38,0.2773722627737226,46,1029209,0.4606720225249399,GSE135893
VUILD60,IPF,Basal,CASP1,444,87,0.1959459459459459,109,4840312,0.2364667730931065,GSE135893
VUILD60,IPF,Basal,GSDMD,444,138,0.3108108108108108,187,4840312,0.4068637482785279,GSE135893
VUILD60,IPF,Basal,IL1A,444,0,0.0,0,4840312,0.0,GSE135893
VUILD60,IPF,Basal,IL1B,444,1,0.0022522522522522,1,4840312,0.0012275192131307,GSE135893
VUILD60,IPF,Basal,IL1R1,444,93,0.2094594594594594,116,4840312,0.272281567462369,GSE135893
VUILD60,IPF,Basal,IL1R2,444,7,0.0157657657657657,21,4840312,0.0371473586687605,GSE135893
VUILD60,IPF,Basal,IL1RAP,444,76,0.1711711711711711,95,4840312,0.1864981985216813,GSE135893
VUILD60,IPF,Basal,IL1RN,444,51,0.1148648648648648,75,4840312,0.1291142706555649,GSE135893
VUILD60,IPF,Basal,NLRP3,444,0,0.0,0,4840312,0.0,GSE135893
VUILD60,IPF,Basal,PYCARD,444,237,0.5337837837837838,444,4840312,0.9049030992676144,GSE135893
VUILD60,IPF,Basal,SIGIRR,444,139,0.3130630630630631,203,4840312,0.4240871491751973,GSE135893
VUILD60,IPF,Ciliated,CASP1,4210,370,0.0878859857482185,400,42491811,0.0934233957690802,GSE135893
VUILD60,IPF,Ciliated,GSDMD,4210,1943,0.461520190023753,2819,42491811,0.6693483883614463,GSE135893
VUILD60,IPF,Ciliated,IL1A,4210,0,0.0,0,42491811,0.0,GSE135893
VUILD60,IPF,Ciliated,IL1B,4210,2,0.0004750593824228,2,42491811,0.0002444526443289,GSE135893
VUILD60,IPF,Ciliated,IL1R1,4210,554,0.1315914489311163,652,42491811,0.1588233988299462,GSE135893
VUILD60,IPF,Ciliated,IL1R2,4210,17,0.0040380047505938,25,42491811,0.0057548866031999,GSE135893
VUILD60,IPF,Ciliated,IL1RAP,4210,91,0.0216152019002375,94,42491811,0.0233880199450232,GSE135893
VUILD60,IPF,Ciliated,IL1RN,4210,7,0.0016627078384798,9,42491811,0.0046681443393185,GSE135893
VUILD60,IPF,Ciliated,NLRP3,4210,0,0.0,0,42491811,0.0,GSE135893
VUILD60,IPF,Ciliated,PYCARD,4210,1264,0.3002375296912114,1758,42491811,0.4030056341760364,GSE135893
VUILD60,IPF,Ciliated,SIGIRR,4210,2786,0.6617577197149643,5307,42491811,1.2830066506150584,GSE135893
VUILD60,IPF,Differentiating Ciliated,CASP1,350,43,0.1228571428571428,51,5744164,0.0892663948728103,GSE135893
VUILD60,IPF,Differentiating Ciliated,GSDMD,350,186,0.5314285714285715,293,5744164,0.5202181901120664,GSE135893
VUILD60,IPF,Differentiating Ciliated,IL1A,350,0,0.0,0,5744164,0.0,GSE135893
VUILD60,IPF,Differentiating Ciliated,IL1B,350,0,0.0,0,5744164,0.0,GSE135893
VUILD60,IPF,Differentiating Ciliated,IL1R1,350,139,0.3971428571428571,231,5744164,0.4188188712816773,GSE135893
VUILD60,IPF,Differentiating Ciliated,IL1R2,350,7,0.02,10,5744164,0.0312172161153565,GSE135893
VUILD60,IPF,Differentiating Ciliated,IL1RAP,350,28,0.08,33,5744164,0.062596717108359,GSE135893
VUILD60,IPF,Differentiating Ciliated,IL1RN,350,8,0.0228571428571428,13,5744164,0.0220665703108642,GSE135893
VUILD60,IPF,Differentiating Ciliated,NLRP3,350,0,0.0,0,5744164,0.0,GSE135893
VUILD60,IPF,Differentiating Ciliated,PYCARD,350,142,0.4057142857142857,232,5744164,0.3870613411097374,GSE135893
VUILD60,IPF,Differentiating Ciliated,SIGIRR,350,223,0.6371428571428571,422,5744164,0.7335432208701242,GSE135893
VUILD60,IPF,Endothelial Cells,CASP1,190,27,0.1421052631578947,41,764657,0.5268185956963963,GSE135893
VUILD60,IPF,Endothelial Cells,GSDMD,190,66,0.3473684210526316,95,764657,1.2462733304023823,GSE135893
VUILD60,IPF,Endothelial Cells,IL1A,190,0,0.0,0,764657,0.0,GSE135893
VUILD60,IPF,Endothelial Cells,IL1B,190,0,0.0,0,764657,0.0,GSE135893
VUILD60,IPF,Endothelial Cells,IL1R1,190,40,0.2105263157894736,84,764657,1.0495599045781183,GSE135893
VUILD60,IPF,Endothelial Cells,IL1R2,190,1,0.0052631578947368,1,764657,0.0078554595443833,GSE135893
VUILD60,IPF,Endothelial Cells,IL1RAP,190,8,0.0421052631578947,9,764657,0.1118161707494663,GSE135893
VUILD60,IPF,Endothelial Cells,IL1RN,190,0,0.0,0,764657,0.0,GSE135893
VUILD60,IPF,Endothelial Cells,NLRP3,190,0,0.0,0,764657,0.0,GSE135893
VUILD60,IPF,Endothelial Cells,PYCARD,190,29,0.1526315789473684,34,764657,0.4191812445995175,GSE135893
VUILD60,IPF,Endothelial Cells,SIGIRR,190,82,0.431578947368421,102,764657,1.3560748049240547,GSE135893
VUILD60,IPF,KRT5-/KRT17+,CASP1,110,21,0.1909090909090909,29,2003585,0.1547786763224801,GSE135893
VUILD60,IPF,KRT5-/KRT17+,GSDMD,110,58,0.5272727272727272,86,2003585,0.4444581627409454,GSE135893
VUILD60,IPF,KRT5-/KRT17+,IL1A,110,0,0.0,0,2003585,0.0,GSE135893
VUILD60,IPF,KRT5-/KRT17+,IL1B,110,0,0.0,0,2003585,0.0,GSE135893
VUILD60,IPF,KRT5-/KRT17+,IL1R1,110,43,0.3909090909090909,75,2003585,0.4293875740328339,GSE135893
VUILD60,IPF,KRT5-/KRT17+,IL1R2,110,0,0.0,0,2003585,0.0,GSE135893
VUILD60,IPF,KRT5-/KRT17+,IL1RAP,110,21,0.1909090909090909,33,2003585,0.1712363802285048,GSE135893
VUILD60,IPF,KRT5-/KRT17+,IL1RN,110,20,0.1818181818181818,36,2003585,0.1867406096370112,GSE135893
VUILD60,IPF,KRT5-/KRT17+,NLRP3,110,1,0.009090909090909,1,2003585,0.0039286556140488,GSE135893
VUILD60,IPF,KRT5-/KRT17+,PYCARD,110,69,0.6272727272727273,141,2003585,0.7561022602947116,GSE135893
VUILD60,IPF,KRT5-/KRT17+,SIGIRR,110,63,0.5727272727272728,105,2003585,0.5551514017545879,GSE135893
VUILD60,IPF,MUC5B+,CASP1,259,38,0.1467181467181467,47,2422205,0.2145403656313629,GSE135893
VUILD60,IPF,MUC5B+,GSDMD,259,77,0.2972972972972973,93,2422205,0.4090918229388209,GSE135893
VUILD60,IPF,MUC5B+,IL1A,259,0,0.0,0,2422205,0.0,GSE135893
VUILD60,IPF,MUC5B+,IL1B,259,0,0.0,0,2422205,0.0,GSE135893
VUILD60,IPF,MUC5B+,IL1R1,259,90,0.3474903474903475,170,2422205,0.7437762543735084,GSE135893
VUILD60,IPF,MUC5B+,IL1R2,259,0,0.0,0,2422205,0.0,GSE135893
VUILD60,IPF,MUC5B+,IL1RAP,259,23,0.0888030888030888,25,2422205,0.1142740190873252,GSE135893
VUILD60,IPF,MUC5B+,IL1RN,259,15,0.0579150579150579,17,2422205,0.0890839654115543,GSE135893
VUILD60,IPF,MUC5B+,NLRP3,259,0,0.0,0,2422205,0.0,GSE135893
VUILD60,IPF,MUC5B+,PYCARD,259,68,0.2625482625482625,89,2422205,0.3837532658183402,GSE135893
VUILD60,IPF,MUC5B+,SIGIRR,259,74,0.2857142857142857,102,2422205,0.4391753875985413,GSE135893
VUILD60,IPF,Macrophages,CASP1,1011,372,0.3679525222551928,668,9461370,0.6636963151294796,GSE135893
VUILD60,IPF,Macrophages,GSDMD,1011,235,0.2324431256181998,287,9461370,0.2955049423092377,GSE135893
VUILD60,IPF,Macrophages,IL1A,1011,2,0.0019782393669634,4,9461370,0.0027934108481041,GSE135893
VUILD60,IPF,Macrophages,IL1B,1011,95,0.0939663699307616,482,9461370,0.4293808710779942,GSE135893
VUILD60,IPF,Macrophages,IL1R1,1011,96,0.0949554896142433,98,9461370,0.1176782243924777,GSE135893
VUILD60,IPF,Macrophages,IL1R2,1011,31,0.0306627101879327,40,9461370,0.0549477489245405,GSE135893
VUILD60,IPF,Macrophages,IL1RAP,1011,129,0.1275964391691394,172,9461370,0.1968370897963976,GSE135893
VUILD60,IPF,Macrophages,IL1RN,1011,280,0.2769535113748763,997,9461370,1.069415560824624,GSE135893
VUILD60,IPF,Macrophages,NLRP3,1011,144,0.142433234421365,239,9461370,0.2715056875772926,GSE135893
VUILD60,IPF,Macrophages,PYCARD,1011,713,0.705242334322453,2258,9461370,2.277105500610768,GSE135893
VUILD60,IPF,Macrophages,SIGIRR,1011,229,0.2265084075173096,270,9461370,0.3022232561326767,GSE135893
VUILD60,IPF,Mast Cells,CASP1,65,4,0.0615384615384615,4,282103,0.1452497533931928,GSE135893
VUILD60,IPF,Mast Cells,GSDMD,65,8,0.123076923076923,10,282103,0.3009788462192582,GSE135893
VUILD60,IPF,Mast Cells,IL1A,65,0,0.0,0,282103,0.0,GSE135893
VUILD60,IPF,Mast Cells,IL1B,65,0,0.0,0,282103,0.0,GSE135893
VUILD60,IPF,Mast Cells,IL1R1,65,0,0.0,0,282103,0.0,GSE135893
VUILD60,IPF,Mast Cells,IL1R2,65,0,0.0,0,282103,0.0,GSE135893
VUILD60,IPF,Mast Cells,IL1RAP,65,1,0.0153846153846153,1,282103,0.0357864977543972,GSE135893
VUILD60,IPF,Mast Cells,IL1RN,65,3,0.0461538461538461,13,282103,0.4048506473175641,GSE135893
VUILD60,IPF,Mast Cells,NLRP3,65,2,0.0307692307692307,2,282103,0.0921790599617089,GSE135893
VUILD60,IPF,Mast Cells,PYCARD,65,31,0.4769230769230769,49,282103,1.5498989136893633,GSE135893
VUILD60,IPF,Mast Cells,SIGIRR,65,4,0.0615384615384615,4,282103,0.1549715409545108,GSE135893
VUILD60,IPF,Monocytes,CASP1,100,68,0.68,142,621231,2.138426603607467,GSE135893
VUILD60,IPF,Monocytes,GSDMD,100,21,0.21,29,621231,0.43725804296492,GSE135893
VUILD60,IPF,Monocytes,IL1A,100,0,0.0,0,621231,0.0,GSE135893
VUILD60,IPF,Monocytes,IL1B,100,43,0.43,145,621231,2.3229445969146583,GSE135893
VUILD60,IPF,Monocytes,IL1R1,100,1,0.01,1,621231,0.0169204737732656,GSE135893
VUILD60,IPF,Monocytes,IL1R2,100,27,0.27,81,621231,1.597828270379937,GSE135893
VUILD60,IPF,Monocytes,IL1RAP,100,14,0.14,17,621231,0.2568453420988908,GSE135893
VUILD60,IPF,Monocytes,IL1RN,100,20,0.2,35,621231,0.6177350807247978,GSE135893
VUILD60,IPF,Monocytes,NLRP3,100,48,0.48,102,621231,1.7820472593279004,GSE135893
VUILD60,IPF,Monocytes,PYCARD,100,90,0.9,266,621231,4.26477855038073,GSE135893
VUILD60,IPF,Monocytes,SIGIRR,100,32,0.32,35,621231,0.6373847472156733,GSE135893
VUILD60,IPF,NK Cells,CASP1,107,35,0.3271028037383177,48,416533,1.0869743952725308,GSE135893
VUILD60,IPF,NK Cells,GSDMD,107,14,0.1308411214953271,18,416533,0.4571059867528121,GSE135893
VUILD60,IPF,NK Cells,IL1A,107,0,0.0,0,416533,0.0,GSE135893
VUILD60,IPF,NK Cells,IL1B,107,0,0.0,0,416533,0.0,GSE135893
VUILD60,IPF,NK Cells,IL1R1,107,2,0.0186915887850467,2,416533,0.0587598698893951,GSE135893
VUILD60,IPF,NK Cells,IL1R2,107,0,0.0,0,416533,0.0,GSE135893
VUILD60,IPF,NK Cells,IL1RAP,107,3,0.02803738317757,3,416533,0.0814367864840224,GSE135893
VUILD60,IPF,NK Cells,IL1RN,107,0,0.0,0,416533,0.0,GSE135893
VUILD60,IPF,NK Cells,NLRP3,107,3,0.02803738317757,3,416533,0.0263368405900645,GSE135893
VUILD60,IPF,NK Cells,PYCARD,107,35,0.3271028037383177,41,416533,0.955941842283548,GSE135893
VUILD60,IPF,NK Cells,SIGIRR,107,40,0.3738317757009345,52,416533,1.3797342407573423,GSE135893
VUILD60,IPF,Proliferating Macrophages,CASP1,51,24,0.4705882352941176,72,803951,0.6843634350797206,GSE135893
VUILD60,IPF,Proliferating Macrophages,GSDMD,51,26,0.5098039215686274,43,803951,0.5314203190744616,GSE135893
VUILD60,IPF,Proliferating Macrophages,IL1A,51,0,0.0,0,803951,0.0,GSE135893
VUILD60,IPF,Proliferating Macrophages,IL1B,51,11,0.2156862745098039,29,803951,0.2748021524982171,GSE135893
VUILD60,IPF,Proliferating Macrophages,IL1R1,51,3,0.0588235294117647,3,803951,0.0465473308712587,GSE135893
VUILD60,IPF,Proliferating Macrophages,IL1R2,51,5,0.0980392156862745,11,803951,0.0908935424918873,GSE135893
VUILD60,IPF,Proliferating Macrophages,IL1RAP,51,12,0.2352941176470588,21,803951,0.1885133358824651,GSE135893
VUILD60,IPF,Proliferating Macrophages,IL1RN,51,22,0.4313725490196078,117,803951,1.3542693428279842,GSE135893
VUILD60,IPF,Proliferating Macrophages,NLRP3,51,12,0.2352941176470588,19,803951,0.1867399858480783,GSE135893
VUILD60,IPF,Proliferating Macrophages,PYCARD,51,44,0.8627450980392157,211,803951,2.3334436962971457,GSE135893
VUILD60,IPF,Proliferating Macrophages,SIGIRR,51,22,0.4313725490196078,27,803951,0.2995511075448812,GSE135893
VUILD60,IPF,SCGB3A2+,CASP1,439,34,0.0774487471526196,37,2866265,0.134912055819067,GSE135893
VUILD60,IPF,SCGB3A2+,GSDMD,439,109,0.2482915717539863,129,2866265,0.4681618713317835,GSE135893
VUILD60,IPF,SCGB3A2+,IL1A,439,0,0.0,0,2866265,0.0,GSE135893
VUILD60,IPF,SCGB3A2+,IL1B,439,0,0.0,0,2866265,0.0,GSE135893
VUILD60,IPF,SCGB3A2+,IL1R1,439,188,0.428246013667426,320,2866265,1.1124010126342572,GSE135893
VUILD60,IPF,SCGB3A2+,IL1R2,439,1,0.0022779043280182,1,2866265,0.0011746013138855,GSE135893
VUILD60,IPF,SCGB3A2+,IL1RAP,439,9,0.020501138952164,10,2866265,0.0333137473734025,GSE135893
VUILD60,IPF,SCGB3A2+,IL1RN,439,6,0.0136674259681093,6,2866265,0.014287382666882,GSE135893
VUILD60,IPF,SCGB3A2+,NLRP3,439,0,0.0,0,2866265,0.0,GSE135893
VUILD60,IPF,SCGB3A2+,PYCARD,439,102,0.2323462414578587,118,2866265,0.4081041721673724,GSE135893
VUILD60,IPF,SCGB3A2+,SIGIRR,439,82,0.1867881548974943,95,2866265,0.3429185569502958,GSE135893
VUILD60,IPF,SCGB3A2+ SCGB1A1+,CASP1,161,7,0.0434782608695652,8,1136148,0.08219621087559,GSE135893
VUILD60,IPF,SCGB3A2+ SCGB1A1+,GSDMD,161,24,0.1490683229813664,25,1136148,0.2410666499193728,GSE135893
VUILD60,IPF,SCGB3A2+ SCGB1A1+,IL1A,161,0,0.0,0,1136148,0.0,GSE135893
VUILD60,IPF,SCGB3A2+ SCGB1A1+,IL1B,161,1,0.0062111801242236,1,1136148,0.0075433326745489,GSE135893
VUILD60,IPF,SCGB3A2+ SCGB1A1+,IL1R1,161,51,0.3167701863354037,77,1136148,0.8093957716759678,GSE135893
VUILD60,IPF,SCGB3A2+ SCGB1A1+,IL1R2,161,0,0.0,0,1136148,0.0,GSE135893
VUILD60,IPF,SCGB3A2+ SCGB1A1+,IL1RAP,161,3,0.0186335403726708,3,1136148,0.0116516058138768,GSE135893
VUILD60,IPF,SCGB3A2+ SCGB1A1+,IL1RN,161,1,0.0062111801242236,1,1136148,0.0189712282352584,GSE135893
VUILD60,IPF,SCGB3A2+ SCGB1A1+,NLRP3,161,1,0.0062111801242236,1,1136148,0.0078029901058085,GSE135893
VUILD60,IPF,SCGB3A2+ SCGB1A1+,PYCARD,161,18,0.1118012422360248,19,1136148,0.1885884388721151,GSE135893
VUILD60,IPF,SCGB3A2+ SCGB1A1+,SIGIRR,161,26,0.1614906832298136,31,1136148,0.2448318687939246,GSE135893
VUILD60,IPF,T Cells,CASP1,529,178,0.3364839319470699,224,2405628,0.93171601429433,GSE135893
VUILD60,IPF,T Cells,GSDMD,529,141,0.2665406427221172,173,2405628,0.701193626922255,GSE135893
VUILD60,IPF,T Cells,IL1A,529,0,0.0,0,2405628,0.0,GSE135893
VUILD60,IPF,T Cells,IL1B,529,1,0.0018903591682419,3,2405628,0.0034355591595843,GSE135893
VUILD60,IPF,T Cells,IL1R1,529,16,0.0302457466918714,21,2405628,0.0779775147691199,GSE135893
VUILD60,IPF,T Cells,IL1R2,529,14,0.0264650283553875,33,2405628,0.0802079951062782,GSE135893
VUILD60,IPF,T Cells,IL1RAP,529,7,0.0132325141776937,8,2405628,0.0321619335426542,GSE135893
VUILD60,IPF,T Cells,IL1RN,529,6,0.0113421550094517,16,2405628,0.0333272577712573,GSE135893
VUILD60,IPF,T Cells,NLRP3,529,13,0.0245746691871455,16,2405628,0.0595512240947266,GSE135893
VUILD60,IPF,T Cells,PYCARD,529,132,0.2495274102079395,158,2405628,0.6188800393825701,GSE135893
VUILD60,IPF,T Cells,SIGIRR,529,179,0.3383742911153119,249,2405628,0.9864918129659151,GSE135893
VUILD60,IPF,cDCs,CASP1,119,69,0.5798319327731093,127,1223000,1.04209827133098,GSE135893
VUILD60,IPF,cDCs,GSDMD,119,36,0.3025210084033613,43,1223000,0.3604108418544621,GSE135893
VUILD60,IPF,cDCs,IL1A,119,2,0.0168067226890756,7,1223000,0.0294181722377464,GSE135893
VUILD60,IPF,cDCs,IL1B,119,40,0.3361344537815126,269,1223000,2.356348180282357,GSE135893
VUILD60,IPF,cDCs,IL1R1,119,11,0.0924369747899159,14,1223000,0.098467780673707,GSE135893
VUILD60,IPF,cDCs,IL1R2,119,34,0.2857142857142857,122,1223000,0.9522214395925324,GSE135893
VUILD60,IPF,cDCs,IL1RAP,119,31,0.2605042016806723,45,1223000,0.2915054692626204,GSE135893
VUILD60,IPF,cDCs,IL1RN,119,17,0.1428571428571428,94,1223000,0.6865314746238319,GSE135893
VUILD60,IPF,cDCs,NLRP3,119,53,0.4453781512605042,158,1223000,1.116524530959264,GSE135893
VUILD60,IPF,cDCs,PYCARD,119,94,0.7899159663865546,352,1223000,3.096812981452864,GSE135893
VUILD60,IPF,cDCs,SIGIRR,119,42,0.3529411764705882,49,1223000,0.4730365062300719,GSE135893
VUILD61,IPF,AT2,CASP1,395,53,0.1341772151898734,62,3653653,0.1886537769952249,GSE135893
VUILD61,IPF,AT2,GSDMD,395,77,0.1949367088607595,96,3653653,0.2812984269177164,GSE135893
VUILD61,IPF,AT2,IL1A,395,0,0.0,0,3653653,0.0,GSE135893
VUILD61,IPF,AT2,IL1B,395,0,0.0,0,3653653,0.0,GSE135893
VUILD61,IPF,AT2,IL1R1,395,93,0.2354430379746835,125,3653653,0.3236090081210795,GSE135893
VUILD61,IPF,AT2,IL1R2,395,2,0.0050632911392405,2,3653653,0.0047065999065086,GSE135893
VUILD61,IPF,AT2,IL1RAP,395,17,0.0430379746835443,18,3653653,0.0418491843646199,GSE135893
VUILD61,IPF,AT2,IL1RN,395,1,0.0025316455696202,1,3653653,0.0019465212745042,GSE135893
VUILD61,IPF,AT2,NLRP3,395,2,0.0050632911392405,2,3653653,0.0091843498334786,GSE135893
VUILD61,IPF,AT2,PYCARD,395,67,0.1696202531645569,73,3653653,0.2014786922436861,GSE135893
VUILD61,IPF,AT2,SIGIRR,395,109,0.2759493670886076,145,3653653,0.3668204847554031,GSE135893
VUILD61,IPF,Basal,CASP1,84,19,0.2261904761904762,27,1035721,0.1828593748374054,GSE135893
VUILD61,IPF,Basal,GSDMD,84,32,0.3809523809523809,43,1035721,0.5109414438740341,GSE135893
VUILD61,IPF,Basal,IL1A,84,0,0.0,0,1035721,0.0,GSE135893
VUILD61,IPF,Basal,IL1B,84,0,0.0,0,1035721,0.0,GSE135893
VUILD61,IPF,Basal,IL1R1,84,21,0.25,31,1035721,0.3543738283385672,GSE135893
VUILD61,IPF,Basal,IL1R2,84,1,0.0119047619047619,1,1035721,0.0118526104189186,GSE135893
VUILD61,IPF,Basal,IL1RAP,84,9,0.1071428571428571,10,1035721,0.1173913855319922,GSE135893
VUILD61,IPF,Basal,IL1RN,84,21,0.25,38,1035721,0.2465528024242834,GSE135893
VUILD61,IPF,Basal,NLRP3,84,0,0.0,0,1035721,0.0,GSE135893
VUILD61,IPF,Basal,PYCARD,84,47,0.5595238095238095,115,1035721,1.0258318735437384,GSE135893
VUILD61,IPF,Basal,SIGIRR,84,35,0.4166666666666667,47,1035721,0.4793770820931632,GSE135893
VUILD61,IPF,Ciliated,CASP1,4289,298,0.0694800652832828,323,43763100,0.0709635507099173,GSE135893
VUILD61,IPF,Ciliated,GSDMD,4289,2382,0.5553742131032875,3832,43763100,0.8867302360189765,GSE135893
VUILD61,IPF,Ciliated,IL1A,4289,0,0.0,0,43763100,0.0,GSE135893
VUILD61,IPF,Ciliated,IL1B,4289,1,0.0002331545814875,1,43763100,0.0002083225352819,GSE135893
VUILD61,IPF,Ciliated,IL1R1,4289,433,0.1009559337840988,538,43763100,0.1208340612486443,GSE135893
VUILD61,IPF,Ciliated,IL1R2,4289,5,0.0011657729074376,5,43763100,0.0009157067112812,GSE135893
VUILD61,IPF,Ciliated,IL1RAP,4289,64,0.0149218932152016,65,43763100,0.0147741588407004,GSE135893
VUILD61,IPF,Ciliated,IL1RN,4289,5,0.0011657729074376,6,43763100,0.0021338703341632,GSE135893
VUILD61,IPF,Ciliated,NLRP3,4289,1,0.0002331545814875,1,43763100,0.0004536964029724,GSE135893
VUILD61,IPF,Ciliated,PYCARD,4289,1456,0.3394730706458382,2083,43763100,0.4645106080263349,GSE135893
VUILD61,IPF,Ciliated,SIGIRR,4289,2973,0.6931685707624154,6024,43763100,1.3980827521184085,GSE135893
VUILD61,IPF,Differentiating Ciliated,CASP1,296,41,0.1385135135135135,46,5908304,0.0684022345299316,GSE135893
VUILD61,IPF,Differentiating Ciliated,GSDMD,296,192,0.6486486486486487,384,5908304,0.6489412666559139,GSE135893
VUILD61,IPF,Differentiating Ciliated,IL1A,296,0,0.0,0,5908304,0.0,GSE135893
VUILD61,IPF,Differentiating Ciliated,IL1B,296,0,0.0,0,5908304,0.0,GSE135893
VUILD61,IPF,Differentiating Ciliated,IL1R1,296,139,0.4695945945945945,308,5908304,0.5341987377042138,GSE135893
VUILD61,IPF,Differentiating Ciliated,IL1R2,296,3,0.0101351351351351,6,5908304,0.0111582739220038,GSE135893
VUILD61,IPF,Differentiating Ciliated,IL1RAP,296,14,0.0472972972972973,16,5908304,0.0284953574119614,GSE135893
VUILD61,IPF,Differentiating Ciliated,IL1RN,296,6,0.0202702702702702,11,5908304,0.0158444539660813,GSE135893
VUILD61,IPF,Differentiating Ciliated,NLRP3,296,0,0.0,0,5908304,0.0,GSE135893
VUILD61,IPF,Differentiating Ciliated,PYCARD,296,142,0.4797297297297297,216,5908304,0.3608501130241182,GSE135893
VUILD61,IPF,Differentiating Ciliated,SIGIRR,296,210,0.7094594594594594,464,5908304,0.7826869782880851,GSE135893
VUILD61,IPF,Endothelial Cells,CASP1,274,44,0.1605839416058394,57,1341084,0.3383351980103181,GSE135893
VUILD61,IPF,Endothelial Cells,GSDMD,274,82,0.2992700729927007,112,1341084,0.9142974417842016,GSE135893
VUILD61,IPF,Endothelial Cells,IL1A,274,0,0.0,0,1341084,0.0,GSE135893
VUILD61,IPF,Endothelial Cells,IL1B,274,0,0.0,0,1341084,0.0,GSE135893
VUILD61,IPF,Endothelial Cells,IL1R1,274,107,0.3905109489051095,276,1341084,2.267010991562169,GSE135893
VUILD61,IPF,Endothelial Cells,IL1R2,274,3,0.010948905109489,3,1341084,0.022546736515896,GSE135893
VUILD61,IPF,Endothelial Cells,IL1RAP,274,12,0.0437956204379562,12,1341084,0.083913271433642,GSE135893
VUILD61,IPF,Endothelial Cells,IL1RN,274,1,0.0036496350364963,1,1341084,0.0152832287960483,GSE135893
VUILD61,IPF,Endothelial Cells,NLRP3,274,0,0.0,0,1341084,0.0,GSE135893
VUILD61,IPF,Endothelial Cells,PYCARD,274,51,0.1861313868613138,56,1341084,0.4281608999906904,GSE135893
VUILD61,IPF,Endothelial Cells,SIGIRR,274,120,0.437956204379562,181,1341084,1.372049662064624,GSE135893
VUILD61,IPF,MUC5B+,CASP1,457,55,0.1203501094091903,59,5994490,0.0977882932501033,GSE135893
VUILD61,IPF,MUC5B+,GSDMD,457,183,0.4004376367614879,253,5994490,0.4693811956845313,GSE135893
VUILD61,IPF,MUC5B+,IL1A,457,0,0.0,0,5994490,0.0,GSE135893
VUILD61,IPF,MUC5B+,IL1B,457,0,0.0,0,5994490,0.0,GSE135893
VUILD61,IPF,MUC5B+,IL1R1,457,256,0.5601750547045952,559,5994490,1.055372590216662,GSE135893
VUILD61,IPF,MUC5B+,IL1R2,457,2,0.0043763676148796,3,5994490,0.0039729371553502,GSE135893
VUILD61,IPF,MUC5B+,IL1RAP,457,19,0.0415754923413566,21,5994490,0.0325210312856629,GSE135893
VUILD61,IPF,MUC5B+,IL1RN,457,13,0.0284463894967177,22,5994490,0.0204993447653668,GSE135893
VUILD61,IPF,MUC5B+,NLRP3,457,0,0.0,0,5994490,0.0,GSE135893
VUILD61,IPF,MUC5B+,PYCARD,457,126,0.2757111597374179,177,5994490,0.3092455321829398,GSE135893
VUILD61,IPF,MUC5B+,SIGIRR,457,167,0.3654266958424507,230,5994490,0.4132018028789909,GSE135893
VUILD61,IPF,Macrophages,CASP1,971,354,0.364572605561277,617,10596772,0.5803410576172778,GSE135893
VUILD61,IPF,Macrophages,GSDMD,971,295,0.3038105046343975,409,10596772,0.3446432302370239,GSE135893
VUILD61,IPF,Macrophages,IL1A,971,9,0.0092687950566426,18,10596772,0.0217284311207137,GSE135893
VUILD61,IPF,Macrophages,IL1B,971,300,0.3089598352214212,1307,10596772,1.5218067351568207,GSE135893
VUILD61,IPF,Macrophages,IL1R1,971,115,0.1184346035015448,133,10596772,0.1531382095231689,GSE135893
VUILD61,IPF,Macrophages,IL1R2,971,73,0.0751802265705458,117,10596772,0.1373896860217867,GSE135893
VUILD61,IPF,Macrophages,IL1RAP,971,191,0.1967044284243048,282,10596772,0.2628536482676873,GSE135893
VUILD61,IPF,Macrophages,IL1RN,971,425,0.4376930998970134,3896,10596772,3.876968793319505,GSE135893
VUILD61,IPF,Macrophages,NLRP3,971,233,0.2399588053553038,548,10596772,0.5919968873665763,GSE135893
VUILD61,IPF,Macrophages,PYCARD,971,688,0.7085478887744593,2330,10596772,2.208710838753942,GSE135893
VUILD61,IPF,Macrophages,SIGIRR,971,308,0.3171987641606591,395,10596772,0.4213840010549481,GSE135893
VUILD61,IPF,Monocytes,CASP1,108,60,0.5555555555555556,111,616796,1.6900388191514484,GSE135893
VUILD61,IPF,Monocytes,GSDMD,108,39,0.3611111111111111,52,616796,0.9521475597725388,GSE135893
VUILD61,IPF,Monocytes,IL1A,108,6,0.0555555555555555,6,616796,0.1023449206261045,GSE135893
VUILD61,IPF,Monocytes,IL1B,108,82,0.7592592592592593,750,616796,11.079287089375889,GSE135893
VUILD61,IPF,Monocytes,IL1R1,108,6,0.0555555555555555,7,616796,0.1322190090437184,GSE135893
VUILD61,IPF,Monocytes,IL1R2,108,46,0.4259259259259259,129,616796,2.031159023039081,GSE135893
VUILD61,IPF,Monocytes,IL1RAP,108,30,0.2777777777777778,37,616796,0.6087664551860349,GSE135893
VUILD61,IPF,Monocytes,IL1RN,108,31,0.287037037037037,67,616796,1.039360828427082,GSE135893
VUILD61,IPF,Monocytes,NLRP3,108,80,0.7407407407407407,286,616796,5.085004851299963,GSE135893
VUILD61,IPF,Monocytes,PYCARD,108,94,0.8703703703703703,256,616796,4.50202151563901,GSE135893
VUILD61,IPF,Monocytes,SIGIRR,108,29,0.2685185185185185,39,616796,0.7094136316196386,GSE135893
VUILD61,IPF,NK Cells,CASP1,124,30,0.2419354838709677,38,587886,0.5991133179608589,GSE135893
VUILD61,IPF,NK Cells,GSDMD,124,29,0.2338709677419354,36,587886,0.6018535227750362,GSE135893
VUILD61,IPF,NK Cells,IL1A,124,0,0.0,0,587886,0.0,GSE135893
VUILD61,IPF,NK Cells,IL1B,124,0,0.0,0,587886,0.0,GSE135893
VUILD61,IPF,NK Cells,IL1R1,124,1,0.0080645161290322,1,587886,0.0139283525544598,GSE135893
VUILD61,IPF,NK Cells,IL1R2,124,0,0.0,0,587886,0.0,GSE135893
VUILD61,IPF,NK Cells,IL1RAP,124,5,0.0403225806451612,5,587886,0.0792311208830378,GSE135893
VUILD61,IPF,NK Cells,IL1RN,124,1,0.0080645161290322,1,587886,0.0291981032912102,GSE135893
VUILD61,IPF,NK Cells,NLRP3,124,4,0.032258064516129,4,587886,0.0498640308898318,GSE135893
VUILD61,IPF,NK Cells,PYCARD,124,37,0.2983870967741935,53,587886,0.8588261583152396,GSE135893
VUILD61,IPF,NK Cells,SIGIRR,124,64,0.5161290322580645,94,587886,1.6535382886759142,GSE135893
VUILD61,IPF,SCGB3A2+,CASP1,663,70,0.1055806938159879,83,6142698,0.1298254951178244,GSE135893
VUILD61,IPF,SCGB3A2+,GSDMD,663,245,0.3695324283559578,329,6142698,0.5549823753566098,GSE135893
VUILD61,IPF,SCGB3A2+,IL1A,663,0,0.0,0,6142698,0.0,GSE135893
VUILD61,IPF,SCGB3A2+,IL1B,663,0,0.0,0,6142698,0.0,GSE135893
VUILD61,IPF,SCGB3A2+,IL1R1,663,346,0.521870286576169,720,6142698,1.0841983053021316,GSE135893
VUILD61,IPF,SCGB3A2+,IL1R2,663,8,0.0120663650075414,8,6142698,0.0148021549826423,GSE135893
VUILD61,IPF,SCGB3A2+,IL1RAP,663,17,0.0256410256410256,17,6142698,0.0353776673883231,GSE135893
VUILD61,IPF,SCGB3A2+,IL1RN,663,14,0.0211161387631975,14,6142698,0.0227256576755187,GSE135893
VUILD61,IPF,SCGB3A2+,NLRP3,663,0,0.0,0,6142698,0.0,GSE135893
VUILD61,IPF,SCGB3A2+,PYCARD,663,238,0.358974358974359,328,6142698,0.53286578202185,GSE135893
VUILD61,IPF,SCGB3A2+,SIGIRR,663,234,0.3529411764705882,318,6142698,0.5080107190478358,GSE135893
VUILD61,IPF,SCGB3A2+ SCGB1A1+,CASP1,150,7,0.0466666666666666,8,1017737,0.129884792647393,GSE135893
VUILD61,IPF,SCGB3A2+ SCGB1A1+,GSDMD,150,25,0.1666666666666666,29,1017737,0.3117058767131823,GSE135893
VUILD61,IPF,SCGB3A2+ SCGB1A1+,IL1A,150,0,0.0,0,1017737,0.0,GSE135893
VUILD61,IPF,SCGB3A2+ SCGB1A1+,IL1B,150,1,0.0066666666666666,1,1017737,0.0129173932700381,GSE135893
VUILD61,IPF,SCGB3A2+ SCGB1A1+,IL1R1,150,53,0.3533333333333333,108,1017737,0.8824165126169273,GSE135893
VUILD61,IPF,SCGB3A2+ SCGB1A1+,IL1R2,150,0,0.0,0,1017737,0.0,GSE135893
VUILD61,IPF,SCGB3A2+ SCGB1A1+,IL1RAP,150,5,0.0333333333333333,5,1017737,0.0435668446534221,GSE135893
VUILD61,IPF,SCGB3A2+ SCGB1A1+,IL1RN,150,5,0.0333333333333333,5,1017737,0.0761883261164686,GSE135893
VUILD61,IPF,SCGB3A2+ SCGB1A1+,NLRP3,150,0,0.0,0,1017737,0.0,GSE135893
VUILD61,IPF,SCGB3A2+ SCGB1A1+,PYCARD,150,25,0.1666666666666666,28,1017737,0.3179530369981025,GSE135893
VUILD61,IPF,SCGB3A2+ SCGB1A1+,SIGIRR,150,29,0.1933333333333333,31,1017737,0.288984918680875,GSE135893
VUILD61,IPF,T Cells,CASP1,206,63,0.3058252427184466,89,1228195,0.7204912570763011,GSE135893
VUILD61,IPF,T Cells,GSDMD,206,72,0.3495145631067961,91,1228195,0.7392440094294264,GSE135893
VUILD61,IPF,T Cells,IL1A,206,1,0.0048543689320388,1,1228195,0.0026244087863106,GSE135893
VUILD61,IPF,T Cells,IL1B,206,11,0.0533980582524271,46,1228195,0.2181714127633721,GSE135893
VUILD61,IPF,T Cells,IL1R1,206,12,0.058252427184466,19,1228195,0.1669797288655331,GSE135893
VUILD61,IPF,T Cells,IL1R2,206,11,0.0533980582524271,38,1228195,0.2489464451684462,GSE135893
VUILD61,IPF,T Cells,IL1RAP,206,7,0.0339805825242718,9,1228195,0.0387319838407033,GSE135893
VUILD61,IPF,T Cells,IL1RN,206,10,0.0485436893203883,41,1228195,0.2088919718719235,GSE135893
VUILD61,IPF,T Cells,NLRP3,206,13,0.0631067961165048,29,1228195,0.1462439195543906,GSE135893
VUILD61,IPF,T Cells,PYCARD,206,67,0.3252427184466019,126,1228195,0.8356523003774898,GSE135893
VUILD61,IPF,T Cells,SIGIRR,206,104,0.5048543689320388,166,1228195,1.4001234244716458,GSE135893
VUILD61,IPF,cDCs,CASP1,85,40,0.4705882352941176,95,1191286,0.8038530331301108,GSE135893
VUILD61,IPF,cDCs,GSDMD,85,38,0.4470588235294118,57,1191286,0.4395807961064389,GSE135893
VUILD61,IPF,cDCs,IL1A,85,1,0.0117647058823529,1,1191286,0.0081068811206952,GSE135893
VUILD61,IPF,cDCs,IL1B,85,27,0.3176470588235294,99,1191286,0.8029827181238326,GSE135893
VUILD61,IPF,cDCs,IL1R1,85,22,0.2588235294117647,37,1191286,0.3101406268116486,GSE135893
VUILD61,IPF,cDCs,IL1R2,85,31,0.3647058823529411,82,1191286,0.6856169745548006,GSE135893
VUILD61,IPF,cDCs,IL1RAP,85,30,0.3529411764705882,56,1191286,0.3969626903736096,GSE135893
VUILD61,IPF,cDCs,IL1RN,85,11,0.1294117647058823,64,1191286,0.4274668703423892,GSE135893
VUILD61,IPF,cDCs,NLRP3,85,50,0.5882352941176471,215,1191286,1.508244760874874,GSE135893
VUILD61,IPF,cDCs,PYCARD,85,58,0.6823529411764706,259,1191286,2.1653982790714466,GSE135893
VUILD61,IPF,cDCs,SIGIRR,85,43,0.5058823529411764,66,1191286,0.6068532971205217,GSE135893
VUILD63,IPF,AT2,CASP1,99,3,0.0303030303030303,4,454961,0.1045287377109727,GSE135893
VUILD63,IPF,AT2,GSDMD,99,15,0.1515151515151515,15,454961,0.3353024330503186,GSE135893
VUILD63,IPF,AT2,IL1A,99,0,0.0,0,454961,0.0,GSE135893
VUILD63,IPF,AT2,IL1B,99,0,0.0,0,454961,0.0,GSE135893
VUILD63,IPF,AT2,IL1R1,99,17,0.1717171717171717,19,454961,0.4424601056414422,GSE135893
VUILD63,IPF,AT2,IL1R2,99,1,0.0101010101010101,1,454961,0.0366775965904506,GSE135893
VUILD63,IPF,AT2,IL1RAP,99,0,0.0,0,454961,0.0,GSE135893
VUILD63,IPF,AT2,IL1RN,99,0,0.0,0,454961,0.0,GSE135893
VUILD63,IPF,AT2,NLRP3,99,0,0.0,0,454961,0.0,GSE135893
VUILD63,IPF,AT2,PYCARD,99,12,0.1212121212121212,12,454961,0.2942823421922325,GSE135893
VUILD63,IPF,AT2,SIGIRR,99,9,0.0909090909090909,10,454961,0.199607780919187,GSE135893
VUILD63,IPF,Ciliated,CASP1,186,25,0.1344086021505376,29,1963747,0.1574621134046988,GSE135893
VUILD63,IPF,Ciliated,GSDMD,186,94,0.5053763440860215,133,1963747,0.693235149479128,GSE135893
VUILD63,IPF,Ciliated,IL1A,186,0,0.0,0,1963747,0.0,GSE135893
VUILD63,IPF,Ciliated,IL1B,186,0,0.0,0,1963747,0.0,GSE135893
VUILD63,IPF,Ciliated,IL1R1,186,46,0.2473118279569892,76,1963747,0.3942440792637134,GSE135893
VUILD63,IPF,Ciliated,IL1R2,186,3,0.0161290322580645,3,1963747,0.0198130278917149,GSE135893
VUILD63,IPF,Ciliated,IL1RAP,186,4,0.021505376344086,5,1963747,0.021897185176265,GSE135893
VUILD63,IPF,Ciliated,IL1RN,186,1,0.0053763440860215,3,1963747,0.0091387796804717,GSE135893
VUILD63,IPF,Ciliated,NLRP3,186,1,0.0053763440860215,1,1963747,0.006951569803493,GSE135893
VUILD63,IPF,Ciliated,PYCARD,186,66,0.3548387096774194,87,1963747,0.407177826140338,GSE135893
VUILD63,IPF,Ciliated,SIGIRR,186,114,0.6129032258064516,224,1963747,1.1537268774757976,GSE135893
VUILD63,IPF,Endothelial Cells,CASP1,167,30,0.1796407185628742,35,802383,0.4381308836407335,GSE135893
VUILD63,IPF,Endothelial Cells,GSDMD,167,82,0.4910179640718562,133,802383,1.6821757488993103,GSE135893
VUILD63,IPF,Endothelial Cells,IL1A,167,0,0.0,0,802383,0.0,GSE135893
VUILD63,IPF,Endothelial Cells,IL1B,167,0,0.0,0,802383,0.0,GSE135893
VUILD63,IPF,Endothelial Cells,IL1R1,167,32,0.1916167664670658,87,802383,0.9765726717971048,GSE135893
VUILD63,IPF,Endothelial Cells,IL1R2,167,1,0.0059880239520958,1,802383,0.0314993369389574,GSE135893
VUILD63,IPF,Endothelial Cells,IL1RAP,167,6,0.0359281437125748,6,802383,0.0630851882233402,GSE135893
VUILD63,IPF,Endothelial Cells,IL1RN,167,0,0.0,0,802383,0.0,GSE135893
VUILD63,IPF,Endothelial Cells,NLRP3,167,1,0.0059880239520958,1,802383,0.0092564908828193,GSE135893
VUILD63,IPF,Endothelial Cells,PYCARD,167,25,0.1497005988023952,36,802383,0.427543204929324,GSE135893
VUILD63,IPF,Endothelial Cells,SIGIRR,167,80,0.4790419161676646,132,802383,1.5622812249373268,GSE135893
VUILD63,IPF,Macrophages,CASP1,322,160,0.4968944099378882,345,3854116,0.7816717120294175,GSE135893
VUILD63,IPF,Macrophages,GSDMD,322,130,0.4037267080745341,207,3854116,0.5031550362611342,GSE135893
VUILD63,IPF,Macrophages,IL1A,322,4,0.0124223602484472,4,3854116,0.0171670512229653,GSE135893
VUILD63,IPF,Macrophages,IL1B,322,27,0.0838509316770186,64,3854116,0.1905782670318612,GSE135893
VUILD63,IPF,Macrophages,IL1R1,322,39,0.1211180124223602,51,3854116,0.1565973576169914,GSE135893
VUILD63,IPF,Macrophages,IL1R2,322,33,0.1024844720496894,74,3854116,0.2665568501966273,GSE135893
VUILD63,IPF,Macrophages,IL1RAP,322,87,0.2701863354037267,126,3854116,0.3407599085130861,GSE135893
VUILD63,IPF,Macrophages,IL1RN,322,129,0.4006211180124223,860,3854116,2.583206212441029,GSE135893
VUILD63,IPF,Macrophages,NLRP3,322,68,0.2111801242236025,124,3854116,0.4256045407098874,GSE135893
VUILD63,IPF,Macrophages,PYCARD,322,264,0.8198757763975155,1334,3854116,3.174382090418144,GSE135893
VUILD63,IPF,Macrophages,SIGIRR,322,78,0.2422360248447205,94,3854116,0.2666589491787064,GSE135893
VUILD63,IPF,Monocytes,CASP1,79,48,0.6075949367088608,128,484172,2.5113031335272047,GSE135893
VUILD63,IPF,Monocytes,GSDMD,79,16,0.2025316455696202,20,484172,0.3671331027602392,GSE135893
VUILD63,IPF,Monocytes,IL1A,79,0,0.0,0,484172,0.0,GSE135893
VUILD63,IPF,Monocytes,IL1B,79,16,0.2025316455696202,60,484172,1.2966887975123211,GSE135893
VUILD63,IPF,Monocytes,IL1R1,79,1,0.0126582278481012,1,484172,0.0376285013320489,GSE135893
VUILD63,IPF,Monocytes,IL1R2,79,29,0.3670886075949367,163,484172,3.489139176621517,GSE135893
VUILD63,IPF,Monocytes,IL1RAP,79,17,0.2151898734177215,21,484172,0.4641278502332597,GSE135893
VUILD63,IPF,Monocytes,IL1RN,79,8,0.1012658227848101,10,484172,0.2495456572017102,GSE135893
VUILD63,IPF,Monocytes,NLRP3,79,28,0.3544303797468354,55,484172,1.2596779554288768,GSE135893
VUILD63,IPF,Monocytes,PYCARD,79,66,0.8354430379746836,214,484172,4.188348284884248,GSE135893
VUILD63,IPF,Monocytes,SIGIRR,79,23,0.2911392405063291,27,484172,0.5036649671095804,GSE135893
VUILD63,IPF,NK Cells,CASP1,593,216,0.3642495784148398,294,3065607,0.9593633158947364,GSE135893
VUILD63,IPF,NK Cells,GSDMD,593,178,0.3001686340640809,234,3065607,0.7629050479271923,GSE135893
VUILD63,IPF,NK Cells,IL1A,593,1,0.0016863406408094,1,3065607,0.0045812025015198,GSE135893
VUILD63,IPF,NK Cells,IL1B,593,1,0.0016863406408094,1,3065607,0.0030253689286139,GSE135893
VUILD63,IPF,NK Cells,IL1R1,593,7,0.0118043844856661,8,3065607,0.025468588620895,GSE135893
VUILD63,IPF,NK Cells,IL1R2,593,11,0.0185497470489038,15,3065607,0.0364412573936877,GSE135893
VUILD63,IPF,NK Cells,IL1RAP,593,18,0.0303541315345699,22,3065607,0.0727678147682493,GSE135893
VUILD63,IPF,NK Cells,IL1RN,593,13,0.0219224283305227,33,3065607,0.0573189297403331,GSE135893
VUILD63,IPF,NK Cells,NLRP3,593,7,0.0118043844856661,10,3065607,0.0152669084149016,GSE135893
VUILD63,IPF,NK Cells,PYCARD,593,243,0.4097807757166947,373,3065607,1.1832061680017836,GSE135893
VUILD63,IPF,NK Cells,SIGIRR,593,376,0.6340640809443507,708,3065607,2.4244980450342943,GSE135893
VUILD63,IPF,T Cells,CASP1,386,120,0.310880829015544,159,1625659,0.9819592326442448,GSE135893
VUILD63,IPF,T Cells,GSDMD,386,94,0.2435233160621761,115,1625659,0.7049886065339749,GSE135893
VUILD63,IPF,T Cells,IL1A,386,0,0.0,0,1625659,0.0,GSE135893
VUILD63,IPF,T Cells,IL1B,386,4,0.0103626943005181,9,1625659,0.0190785835213558,GSE135893
VUILD63,IPF,T Cells,IL1R1,386,7,0.0181347150259067,12,1625659,0.0482428107903755,GSE135893
VUILD63,IPF,T Cells,IL1R2,386,7,0.0181347150259067,15,1625659,0.0591539859677282,GSE135893
VUILD63,IPF,T Cells,IL1RAP,386,12,0.0310880829015544,12,1625659,0.0649107661590739,GSE135893
VUILD63,IPF,T Cells,IL1RN,386,11,0.0284974093264248,26,1625659,0.1210292443758505,GSE135893
VUILD63,IPF,T Cells,NLRP3,386,12,0.0310880829015544,12,1625659,0.0683525659692573,GSE135893
VUILD63,IPF,T Cells,PYCARD,386,125,0.3238341968911917,164,1625659,0.9979895856436032,GSE135893
VUILD63,IPF,T Cells,SIGIRR,386,196,0.5077720207253886,299,1625659,1.8804127198055756,GSE135893
VUILD63,IPF,cDCs,CASP1,63,32,0.5079365079365079,62,638429,1.0005258948250726,GSE135893
VUILD63,IPF,cDCs,GSDMD,63,26,0.4126984126984127,40,638429,0.6638016768399486,GSE135893
VUILD63,IPF,cDCs,IL1A,63,0,0.0,0,638429,0.0,GSE135893
VUILD63,IPF,cDCs,IL1B,63,14,0.2222222222222222,21,638429,0.4190222750628489,GSE135893
VUILD63,IPF,cDCs,IL1R1,63,10,0.1587301587301587,10,638429,0.2246054154398184,GSE135893
VUILD63,IPF,cDCs,IL1R2,63,26,0.4126984126984127,89,638429,1.1690658447325728,GSE135893
VUILD63,IPF,cDCs,IL1RAP,63,19,0.3015873015873015,23,638429,0.4313275432391806,GSE135893
VUILD63,IPF,cDCs,IL1RN,63,8,0.1269841269841269,9,638429,0.1486547781740716,GSE135893
VUILD63,IPF,cDCs,NLRP3,63,22,0.3492063492063492,39,638429,0.5236266368598893,GSE135893
VUILD63,IPF,cDCs,PYCARD,63,50,0.7936507936507936,223,638429,3.2470836540173105,GSE135893
VUILD63,IPF,cDCs,SIGIRR,63,23,0.365079365079365,37,638429,0.5034081991575299,GSE135893
VUILD64,IPF,AT2,CASP1,428,19,0.0443925233644859,20,1980747,0.0940729403568088,GSE135893
VUILD64,IPF,AT2,GSDMD,428,60,0.1401869158878504,67,1980747,0.3435560661492123,GSE135893
VUILD64,IPF,AT2,IL1A,428,0,0.0,0,1980747,0.0,GSE135893
VUILD64,IPF,AT2,IL1B,428,0,0.0,0,1980747,0.0,GSE135893
VUILD64,IPF,AT2,IL1R1,428,184,0.4299065420560747,278,1980747,1.4481254173161482,GSE135893
VUILD64,IPF,AT2,IL1R2,428,0,0.0,0,1980747,0.0,GSE135893
VUILD64,IPF,AT2,IL1RAP,428,16,0.0373831775700934,16,1980747,0.0882072308643073,GSE135893
VUILD64,IPF,AT2,IL1RN,428,1,0.0023364485981308,1,1980747,0.0096388143487245,GSE135893
VUILD64,IPF,AT2,NLRP3,428,0,0.0,0,1980747,0.0,GSE135893
VUILD64,IPF,AT2,PYCARD,428,30,0.0700934579439252,33,1980747,0.1643787501471678,GSE135893
VUILD64,IPF,AT2,SIGIRR,428,85,0.1985981308411215,96,1980747,0.5138095321075042,GSE135893
VUILD64,IPF,Ciliated,CASP1,278,1,0.0035971223021582,2,965199,0.0115421861131342,GSE135893
VUILD64,IPF,Ciliated,GSDMD,278,54,0.1942446043165467,64,965199,0.6654913924542857,GSE135893
VUILD64,IPF,Ciliated,IL1A,278,0,0.0,0,965199,0.0,GSE135893
VUILD64,IPF,Ciliated,IL1B,278,0,0.0,0,965199,0.0,GSE135893
VUILD64,IPF,Ciliated,IL1R1,278,21,0.0755395683453237,26,965199,0.2787748375934235,GSE135893
VUILD64,IPF,Ciliated,IL1R2,278,0,0.0,0,965199,0.0,GSE135893
VUILD64,IPF,Ciliated,IL1RAP,278,3,0.0107913669064748,3,965199,0.0414345249966989,GSE135893
VUILD64,IPF,Ciliated,IL1RN,278,0,0.0,0,965199,0.0,GSE135893
VUILD64,IPF,Ciliated,NLRP3,278,0,0.0,0,965199,0.0,GSE135893
VUILD64,IPF,Ciliated,PYCARD,278,34,0.1223021582733813,34,965199,0.3183794606099606,GSE135893
VUILD64,IPF,Ciliated,SIGIRR,278,94,0.3381294964028777,123,965199,1.2535492995937063,GSE135893
VUILD64,IPF,KRT5-/KRT17+,CASP1,127,6,0.0472440944881889,7,844054,0.069908981862607,GSE135893
VUILD64,IPF,KRT5-/KRT17+,GSDMD,127,44,0.3464566929133858,53,844054,0.6166169776113765,GSE135893
VUILD64,IPF,KRT5-/KRT17+,IL1A,127,0,0.0,0,844054,0.0,GSE135893
VUILD64,IPF,KRT5-/KRT17+,IL1B,127,0,0.0,0,844054,0.0,GSE135893
VUILD64,IPF,KRT5-/KRT17+,IL1R1,127,35,0.2755905511811024,50,844054,0.559464681115003,GSE135893
VUILD64,IPF,KRT5-/KRT17+,IL1R2,127,2,0.0157480314960629,2,844054,0.0097209360354002,GSE135893
VUILD64,IPF,KRT5-/KRT17+,IL1RAP,127,13,0.1023622047244094,17,844054,0.2414525009047897,GSE135893
VUILD64,IPF,KRT5-/KRT17+,IL1RN,127,5,0.0393700787401574,7,844054,0.0849152452279039,GSE135893
VUILD64,IPF,KRT5-/KRT17+,NLRP3,127,0,0.0,0,844054,0.0,GSE135893
VUILD64,IPF,KRT5-/KRT17+,PYCARD,127,47,0.3700787401574803,68,844054,0.6729003795878264,GSE135893
VUILD64,IPF,KRT5-/KRT17+,SIGIRR,127,31,0.2440944881889764,36,844054,0.4332599638676561,GSE135893
VUILD64,IPF,MUC5B+,CASP1,59,2,0.0338983050847457,2,460085,0.0311436754759212,GSE135893
VUILD64,IPF,MUC5B+,GSDMD,59,13,0.2203389830508474,15,460085,0.3491711986524109,GSE135893
VUILD64,IPF,MUC5B+,IL1A,59,0,0.0,0,460085,0.0,GSE135893
VUILD64,IPF,MUC5B+,IL1B,59,0,0.0,0,460085,0.0,GSE135893
VUILD64,IPF,MUC5B+,IL1R1,59,29,0.4915254237288136,49,460085,1.2771629725052267,GSE135893
VUILD64,IPF,MUC5B+,IL1R2,59,0,0.0,0,460085,0.0,GSE135893
VUILD64,IPF,MUC5B+,IL1RAP,59,2,0.0338983050847457,2,460085,0.1166911693326289,GSE135893
VUILD64,IPF,MUC5B+,IL1RN,59,2,0.0338983050847457,3,460085,0.0459073671684189,GSE135893
VUILD64,IPF,MUC5B+,NLRP3,59,0,0.0,0,460085,0.0,GSE135893
VUILD64,IPF,MUC5B+,PYCARD,59,10,0.1694915254237288,13,460085,0.2645116808461344,GSE135893
VUILD64,IPF,MUC5B+,SIGIRR,59,13,0.2203389830508474,16,460085,0.3463032258227298,GSE135893
VUILD64,IPF,Macrophages,CASP1,135,54,0.4,82,912290,0.9138079231644288,GSE135893
VUILD64,IPF,Macrophages,GSDMD,135,35,0.2592592592592592,39,912290,0.4731376217068802,GSE135893
VUILD64,IPF,Macrophages,IL1A,135,9,0.0666666666666666,13,912290,0.1055974292960051,GSE135893
VUILD64,IPF,Macrophages,IL1B,135,32,0.237037037037037,164,912290,1.853085269536921,GSE135893
VUILD64,IPF,Macrophages,IL1R1,135,4,0.0296296296296296,5,912290,0.0775338754445836,GSE135893
VUILD64,IPF,Macrophages,IL1R2,135,0,0.0,0,912290,0.0,GSE135893
VUILD64,IPF,Macrophages,IL1RAP,135,28,0.2074074074074074,36,912290,0.4757714805355106,GSE135893
VUILD64,IPF,Macrophages,IL1RN,135,59,0.437037037037037,173,912290,2.345909377367506,GSE135893
VUILD64,IPF,Macrophages,NLRP3,135,7,0.0518518518518518,7,912290,0.1398905609514202,GSE135893
VUILD64,IPF,Macrophages,PYCARD,135,116,0.8592592592592593,356,912290,3.832996603805503,GSE135893
VUILD64,IPF,Macrophages,SIGIRR,135,25,0.1851851851851851,29,912290,0.3705662720597668,GSE135893
VUILD64,IPF,SCGB3A2+ SCGB1A1+,CASP1,197,8,0.0406091370558375,8,1289898,0.0572374616942261,GSE135893
VUILD64,IPF,SCGB3A2+ SCGB1A1+,GSDMD,197,39,0.1979695431472081,46,1289898,0.3781619768476316,GSE135893
VUILD64,IPF,SCGB3A2+ SCGB1A1+,IL1A,197,0,0.0,0,1289898,0.0,GSE135893
VUILD64,IPF,SCGB3A2+ SCGB1A1+,IL1B,197,0,0.0,0,1289898,0.0,GSE135893
VUILD64,IPF,SCGB3A2+ SCGB1A1+,IL1R1,197,105,0.5329949238578681,201,1289898,1.694325921465844,GSE135893
VUILD64,IPF,SCGB3A2+ SCGB1A1+,IL1R2,197,0,0.0,0,1289898,0.0,GSE135893
VUILD64,IPF,SCGB3A2+ SCGB1A1+,IL1RAP,197,6,0.0304568527918781,6,1289898,0.0501705292061712,GSE135893
VUILD64,IPF,SCGB3A2+ SCGB1A1+,IL1RN,197,0,0.0,0,1289898,0.0,GSE135893
VUILD64,IPF,SCGB3A2+ SCGB1A1+,NLRP3,197,0,0.0,0,1289898,0.0,GSE135893
VUILD64,IPF,SCGB3A2+ SCGB1A1+,PYCARD,197,27,0.1370558375634517,28,1289898,0.2477421478077291,GSE135893
VUILD64,IPF,SCGB3A2+ SCGB1A1+,SIGIRR,197,37,0.1878172588832487,43,1289898,0.3948768030258952,GSE135893
VUILD65,IPF,AT2,CASP1,72,5,0.0694444444444444,5,442811,0.106025805175445,GSE135893
VUILD65,IPF,AT2,GSDMD,72,17,0.2361111111111111,18,442811,0.4484757121138693,GSE135893
VUILD65,IPF,AT2,IL1A,72,0,0.0,0,442811,0.0,GSE135893
VUILD65,IPF,AT2,IL1B,72,0,0.0,0,442811,0.0,GSE135893
VUILD65,IPF,AT2,IL1R1,72,20,0.2777777777777778,26,442811,0.6018111408944555,GSE135893
VUILD65,IPF,AT2,IL1R2,72,0,0.0,0,442811,0.0,GSE135893
VUILD65,IPF,AT2,IL1RAP,72,3,0.0416666666666666,3,442811,0.053087295698537,GSE135893
VUILD65,IPF,AT2,IL1RN,72,0,0.0,0,442811,0.0,GSE135893
VUILD65,IPF,AT2,NLRP3,72,0,0.0,0,442811,0.0,GSE135893
VUILD65,IPF,AT2,PYCARD,72,16,0.2222222222222222,19,442811,0.3932228142122544,GSE135893
VUILD65,IPF,AT2,SIGIRR,72,15,0.2083333333333333,17,442811,0.4672898476237997,GSE135893
VUILD65,IPF,B Cells,CASP1,72,12,0.1666666666666666,17,382637,0.3733483920945076,GSE135893
VUILD65,IPF,B Cells,GSDMD,72,16,0.2222222222222222,17,382637,0.4518730606512308,GSE135893
VUILD65,IPF,B Cells,IL1A,72,0,0.0,0,382637,0.0,GSE135893
VUILD65,IPF,B Cells,IL1B,72,12,0.1666666666666666,16,382637,0.4197797391838813,GSE135893
VUILD65,IPF,B Cells,IL1R1,72,3,0.0416666666666666,3,382637,0.0865321742705179,GSE135893
VUILD65,IPF,B Cells,IL1R2,72,2,0.0277777777777777,3,382637,0.0595423113761688,GSE135893
VUILD65,IPF,B Cells,IL1RAP,72,3,0.0416666666666666,3,382637,0.053836023309369,GSE135893
VUILD65,IPF,B Cells,IL1RN,72,8,0.1111111111111111,36,382637,0.574740408338773,GSE135893
VUILD65,IPF,B Cells,NLRP3,72,11,0.1527777777777778,14,382637,0.2572150920864239,GSE135893
VUILD65,IPF,B Cells,PYCARD,72,36,0.5,76,382637,1.6997755049673031,GSE135893
VUILD65,IPF,B Cells,SIGIRR,72,28,0.3888888888888889,40,382637,1.025781395160065,GSE135893
VUILD65,IPF,Basal,CASP1,288,47,0.1631944444444444,53,2078661,0.237737938997868,GSE135893
VUILD65,IPF,Basal,GSDMD,288,95,0.3298611111111111,126,2078661,0.5919330108185457,GSE135893
VUILD65,IPF,Basal,IL1A,288,0,0.0,0,2078661,0.0,GSE135893
VUILD65,IPF,Basal,IL1B,288,0,0.0,0,2078661,0.0,GSE135893
VUILD65,IPF,Basal,IL1R1,288,63,0.21875,80,2078661,0.3928351644112482,GSE135893
VUILD65,IPF,Basal,IL1R2,288,22,0.0763888888888889,40,2078661,0.2204531286129503,GSE135893
VUILD65,IPF,Basal,IL1RAP,288,34,0.1180555555555555,37,2078661,0.2524712075076843,GSE135893
VUILD65,IPF,Basal,IL1RN,288,6,0.0208333333333333,6,2078661,0.0318504340342524,GSE135893
VUILD65,IPF,Basal,NLRP3,288,1,0.0034722222222222,1,2078661,0.0079292583288929,GSE135893
VUILD65,IPF,Basal,PYCARD,288,127,0.4409722222222222,209,2078661,1.0283877186848098,GSE135893
VUILD65,IPF,Basal,SIGIRR,288,108,0.375,141,2078661,0.7485890501721292,GSE135893
VUILD65,IPF,Ciliated,CASP1,623,38,0.0609951845906902,40,3730684,0.1022108383005,GSE135893
VUILD65,IPF,Ciliated,GSDMD,623,231,0.3707865168539326,312,3730684,0.8905342945194651,GSE135893
VUILD65,IPF,Ciliated,IL1A,623,0,0.0,0,3730684,0.0,GSE135893
VUILD65,IPF,Ciliated,IL1B,623,0,0.0,0,3730684,0.0,GSE135893
VUILD65,IPF,Ciliated,IL1R1,623,18,0.0288924558587479,20,3730684,0.046875357546873,GSE135893
VUILD65,IPF,Ciliated,IL1R2,623,0,0.0,0,3730684,0.0,GSE135893
VUILD65,IPF,Ciliated,IL1RAP,623,7,0.0112359550561797,7,3730684,0.0160780533128006,GSE135893
VUILD65,IPF,Ciliated,IL1RN,623,3,0.0048154093097913,3,3730684,0.014758861934399,GSE135893
VUILD65,IPF,Ciliated,NLRP3,623,0,0.0,0,3730684,0.0,GSE135893
VUILD65,IPF,Ciliated,PYCARD,623,138,0.2215088282504012,182,3730684,0.4377447561672262,GSE135893
VUILD65,IPF,Ciliated,SIGIRR,623,365,0.5858747993579454,604,3730684,1.7034942094824086,GSE135893
VUILD65,IPF,Differentiating Ciliated,CASP1,70,11,0.1571428571428571,13,864640,0.109320172546683,GSE135893
VUILD65,IPF,Differentiating Ciliated,GSDMD,70,32,0.4571428571428571,68,864640,0.721350255496091,GSE135893
VUILD65,IPF,Differentiating Ciliated,IL1A,70,0,0.0,0,864640,0.0,GSE135893
VUILD65,IPF,Differentiating Ciliated,IL1B,70,0,0.0,0,864640,0.0,GSE135893
VUILD65,IPF,Differentiating Ciliated,IL1R1,70,27,0.3857142857142857,48,864640,0.7071666884548954,GSE135893
VUILD65,IPF,Differentiating Ciliated,IL1R2,70,0,0.0,0,864640,0.0,GSE135893
VUILD65,IPF,Differentiating Ciliated,IL1RAP,70,2,0.0285714285714285,2,864640,0.0317538975381051,GSE135893
VUILD65,IPF,Differentiating Ciliated,IL1RN,70,0,0.0,0,864640,0.0,GSE135893
VUILD65,IPF,Differentiating Ciliated,NLRP3,70,0,0.0,0,864640,0.0,GSE135893
VUILD65,IPF,Differentiating Ciliated,PYCARD,70,31,0.4428571428571428,48,864640,0.5732340090778184,GSE135893
VUILD65,IPF,Differentiating Ciliated,SIGIRR,70,43,0.6142857142857143,96,864640,1.1685311481332392,GSE135893
VUILD65,IPF,Endothelial Cells,CASP1,99,17,0.1717171717171717,20,359335,0.5512215736322341,GSE135893
VUILD65,IPF,Endothelial Cells,GSDMD,99,34,0.3434343434343434,46,359335,1.2822593402568283,GSE135893
VUILD65,IPF,Endothelial Cells,IL1A,99,0,0.0,0,359335,0.0,GSE135893
VUILD65,IPF,Endothelial Cells,IL1B,99,0,0.0,0,359335,0.0,GSE135893
VUILD65,IPF,Endothelial Cells,IL1R1,99,37,0.3737373737373737,87,359335,2.8772861446699936,GSE135893
VUILD65,IPF,Endothelial Cells,IL1R2,99,2,0.0202020202020202,2,359335,0.0469126623904755,GSE135893
VUILD65,IPF,Endothelial Cells,IL1RAP,99,6,0.0606060606060606,6,359335,0.194181360322757,GSE135893
VUILD65,IPF,Endothelial Cells,IL1RN,99,0,0.0,0,359335,0.0,GSE135893
VUILD65,IPF,Endothelial Cells,NLRP3,99,0,0.0,0,359335,0.0,GSE135893
VUILD65,IPF,Endothelial Cells,PYCARD,99,13,0.1313131313131313,15,359335,0.4917658202064973,GSE135893
VUILD65,IPF,Endothelial Cells,SIGIRR,99,39,0.3939393939393939,56,359335,1.4800087095075116,GSE135893
VUILD65,IPF,MUC5B+,CASP1,372,35,0.0940860215053763,37,3561782,0.105974806734257,GSE135893
VUILD65,IPF,MUC5B+,GSDMD,372,133,0.3575268817204301,174,3561782,0.5410909209441659,GSE135893
VUILD65,IPF,MUC5B+,IL1A,372,0,0.0,0,3561782,0.0,GSE135893
VUILD65,IPF,MUC5B+,IL1B,372,0,0.0,0,3561782,0.0,GSE135893
VUILD65,IPF,MUC5B+,IL1R1,372,141,0.3790322580645161,234,3561782,0.7572087682164909,GSE135893
VUILD65,IPF,MUC5B+,IL1R2,372,3,0.0080645161290322,3,3561782,0.006004551577667,GSE135893
VUILD65,IPF,MUC5B+,IL1RAP,372,19,0.0510752688172043,21,3561782,0.0570969817228754,GSE135893
VUILD65,IPF,MUC5B+,IL1RN,372,3,0.0080645161290322,3,3561782,0.0090799853327058,GSE135893
VUILD65,IPF,MUC5B+,NLRP3,372,0,0.0,0,3561782,0.0,GSE135893
VUILD65,IPF,MUC5B+,PYCARD,372,111,0.2983870967741935,146,3561782,0.4423340370049426,GSE135893
VUILD65,IPF,MUC5B+,SIGIRR,372,144,0.3870967741935484,183,3561782,0.5354878062502003,GSE135893
VUILD65,IPF,Macrophages,CASP1,801,222,0.2771535580524344,378,5985965,0.5400073453134816,GSE135893
VUILD65,IPF,Macrophages,GSDMD,801,190,0.2372034956304619,252,5985965,0.384201657369058,GSE135893
VUILD65,IPF,Macrophages,IL1A,801,5,0.0062421972534332,6,5985965,0.0068397643630047,GSE135893
VUILD65,IPF,Macrophages,IL1B,801,115,0.1435705368289637,309,5985965,0.7808490204132491,GSE135893
VUILD65,IPF,Macrophages,IL1R1,801,29,0.0362047440699126,30,5985965,0.0653634308425634,GSE135893
VUILD65,IPF,Macrophages,IL1R2,801,25,0.031210986267166,30,5985965,0.0703979009737587,GSE135893
VUILD65,IPF,Macrophages,IL1RAP,801,108,0.1348314606741573,141,5985965,0.2440780193107305,GSE135893
VUILD65,IPF,Macrophages,IL1RN,801,247,0.3083645443196005,961,5985965,1.6088817558685462,GSE135893
VUILD65,IPF,Macrophages,NLRP3,801,80,0.0998751560549313,105,5985965,0.2087772026011825,GSE135893
VUILD65,IPF,Macrophages,PYCARD,801,644,0.8039950062421972,2144,5985965,3.5208759570225703,GSE135893
VUILD65,IPF,Macrophages,SIGIRR,801,245,0.3058676654182272,305,5985965,0.5984221514354228,GSE135893
VUILD65,IPF,SCGB3A2+,CASP1,371,21,0.0566037735849056,23,2311233,0.0909516774030132,GSE135893
VUILD65,IPF,SCGB3A2+,GSDMD,371,127,0.3423180592991914,167,2311233,0.7157985779883725,GSE135893
VUILD65,IPF,SCGB3A2+,IL1A,371,0,0.0,0,2311233,0.0,GSE135893
VUILD65,IPF,SCGB3A2+,IL1B,371,0,0.0,0,2311233,0.0,GSE135893
VUILD65,IPF,SCGB3A2+,IL1R1,371,145,0.3908355795148248,226,2311233,0.9979375558526774,GSE135893
VUILD65,IPF,SCGB3A2+,IL1R2,371,1,0.0026954177897574,1,2311233,0.002100707497278,GSE135893
VUILD65,IPF,SCGB3A2+,IL1RAP,371,5,0.013477088948787,5,2311233,0.0181553416814564,GSE135893
VUILD65,IPF,SCGB3A2+,IL1RN,371,7,0.0188679245283018,7,2311233,0.0285391579642277,GSE135893
VUILD65,IPF,SCGB3A2+,NLRP3,371,0,0.0,0,2311233,0.0,GSE135893
VUILD65,IPF,SCGB3A2+,PYCARD,371,120,0.3234501347708894,166,2311233,0.7218881431346129,GSE135893
VUILD65,IPF,SCGB3A2+,SIGIRR,371,123,0.3315363881401617,160,2311233,0.6926586549818353,GSE135893
VUILD65,IPF,cDCs,CASP1,140,48,0.3428571428571428,74,1131048,0.6856467855414644,GSE135893
VUILD65,IPF,cDCs,GSDMD,140,46,0.3285714285714285,53,1131048,0.4706191495853019,GSE135893
VUILD65,IPF,cDCs,IL1A,140,1,0.0071428571428571,2,1131048,0.0108603575229696,GSE135893
VUILD65,IPF,cDCs,IL1B,140,24,0.1714285714285714,127,1131048,1.073733813976627,GSE135893
VUILD65,IPF,cDCs,IL1R1,140,18,0.1285714285714285,26,1131048,0.1968598612572235,GSE135893
VUILD65,IPF,cDCs,IL1R2,140,50,0.3571428571428571,149,1131048,1.2685544445445882,GSE135893
VUILD65,IPF,cDCs,IL1RAP,140,24,0.1714285714285714,28,1131048,0.278600530800379,GSE135893
VUILD65,IPF,cDCs,IL1RN,140,30,0.2142857142857142,147,1131048,0.9878728738616464,GSE135893
VUILD65,IPF,cDCs,NLRP3,140,53,0.3785714285714285,92,1131048,0.8314800254116617,GSE135893
VUILD65,IPF,cDCs,PYCARD,140,113,0.8071428571428572,397,1131048,3.589352463951458,GSE135893
VUILD65,IPF,cDCs,SIGIRR,140,61,0.4357142857142857,88,1131048,0.8552061750994199,GSE135893
