gene,input_variance,PC1_loading,PC2_loading
UTY,14.571054668005813,-0.007055109150092642,-0.01645866827635369
KDM5D,13.409622087416414,-0.00146084791998588,-0.017805173697899558
DDX3Y,11.099153567970875,-0.002789052468456218,-0.011302798159521205
USP9Y,9.469030085699615,-0.0049531786892627345,-0.006071452582882653
EIF1AY,7.1331840495096515,0.0073902607794735994,-0.018924372234923537
IGHG1,6.900520918643099,0.07918032984958148,-0.043087142238404375
FGG,6.835812823825352,0.0008772270383117107,0.0018304504084090628
SPINK1,6.62983717132351,0.06346663712364517,0.03518123694162877
IGKC,6.460087085974674,0.07828404991874946,-0.04119654730885833
IGHG3,6.337445083689157,0.06692628246855332,-0.03394632066972405
MUC3A,6.125622858844696,0.020522385312192713,0.017889772393414237
LIF,6.117640092106532,0.0022090098285352396,0.10725390228026414
CXCL14,6.075618591115664,0.07999192039234827,0.03614541308485352
CEACAM5,5.972900254311649,0.05299737187784024,0.06725666706036955
LTF,5.95632814644737,0.05711578603465438,-0.015794894610389486
IGHM,5.7617243953641655,0.06615022686366916,-0.00948576815315967
IGHA1,5.627080776487819,0.06919735235648536,-0.03474528931594811
CSF3,5.536859467562278,-0.048826785544077766,0.050994186335234996
NELL1,5.323121305190141,0.014100429168754664,0.05814720394953907
TFPI2,5.054776902515162,0.04519891319626077,0.06926010934726835
MUC5B,4.966208451023188,0.037770210650205124,-0.009979430913504027
KRT16,4.709242519422884,-0.012160087637966173,0.10051038700641575
CYP24A1,4.702201607116498,0.03495634131790892,0.05179772600902462
JCHAIN,4.602573019131147,0.0572233064166713,-0.04819500150840112
MMP1,4.595606745489387,0.0639551116299951,0.02049033315923588
SPP1,4.586247345217981,0.05046059371738619,0.03639920938685752
HMGCS2,4.579182421101122,-0.027349643943915623,-0.04689869670454858
SCGB3A2,4.569217826300743,0.0306157259584311,-0.06121298240904796
CRLF1,4.554262728436968,0.05139441804747073,0.044894745085877374
IGLC1,4.536550996433765,0.05650973881205653,-0.04062865342714575
GLB1L3,4.479456840262917,0.05012298571220798,0.017089381235896678
HABP2,4.420664173412515,0.054601675947761524,0.011728499729191598
CXCL8,4.324940930043482,-0.015136248582107291,0.06631605483415134
LHX9,4.299352627266812,0.014801518312030701,-0.007040869948144743
PIK3C2G,4.269334819466753,-0.002163984488471434,-0.002537818768425747
CCL20,4.255293473712267,0.004338934797065568,0.041699275632157126
CRABP2,4.242449896707148,0.04897645038559759,0.04178091324261949
ZFY,4.198812488264345,0.004570869706069361,-0.004051196788023488
ABCC3,4.028709899302112,0.055606299620161725,0.051786295333688726
TUBA1B,4.022040381287868,0.03258322719161154,-0.03620059926434318
IGHD,3.9701266029291684,0.03055030992402053,-0.0011460663432861914
TMEM59L,3.960213405795198,0.03634614838585602,0.057668578751225684
NQO1,3.910113859359065,0.06049200273483408,0.03536535419846812
PRB4,3.8887456349227456,-0.0024812967824842987,-0.0049532113721836414
HS6ST2,3.856329918996138,0.04837609492794197,0.036699944528390045
SCGB3A1,3.8391011337841627,0.027855202477365094,-0.036389569553970345
HHLA2,3.8168455802751127,0.04989082397362493,0.010912992959458957
VSIG1,3.7890055879095317,0.03335260023521271,0.02654195981979839
HDC,3.7555644040442777,-0.007824528853918879,0.044512409564956786
PRB3,3.7533592459819425,0.002509824802977498,0.0005500201306588028
S100P,3.653644019924281,0.019851699992348922,0.03779186943513246
SCGB1A1,3.6266331226234265,-0.0014731488374476404,-0.06519147365073952
NPIPB15,3.5662328814731166,-0.014228278951911021,0.013967828778917711
NTM,3.538898887615527,0.02160212127802211,-0.01222291167381849
FAM83A,3.5263914228223445,0.05184120838843172,0.04852602824195885
UBD,3.5160127513510893,0.05649822571318422,-0.014243235980380933
SHISA3,3.513247955936768,0.04448772999062397,-0.0020749483133689537
MMP13,3.472910269396945,0.03504144261474384,0.027424312682808
IFI6,3.4677173296753807,0.04913505262103802,-0.012950157462048752
CEACAM6,3.400490185681991,0.05632433323201176,0.001995807515919112
EREG,3.3659767001486407,0.036658350142216835,0.01296570945435619
LGR4,3.3438259593649446,0.050069443794124584,0.03527575542318305
ANGPTL4,3.325979745710518,0.021641339497442607,0.06172295557206389
CTHRC1,3.3220757224543807,0.061501694527302475,0.010276047822550378
CP,3.317232467921003,0.05092545856425386,0.039766360856334323
SERTM2,3.2869567408586047,0.0010720443352305587,0.0034681605688400598
MUC4,3.2675231960627684,0.02955663227614218,0.020471370684288736
BST2,3.216602108754496,0.05629768423877185,-0.0034516580881964075
CXCL9,3.2148899213621727,0.04619947735785086,-0.026507777708763957
CLDN2,3.20202768101709,0.02750468933854515,0.04017465620206068
SYT12,3.1938572525190576,0.04512114074006869,0.04316050765355989
TNIP3,3.186735749421386,-0.0030459512973122537,0.05091817887196667
CXCL10,3.186667707604169,0.049341655996907895,-0.025804247121610568
UCHL1,3.171870850673642,0.03105242290553774,0.03883011169695048
FGA,3.104226684025549,0.003514467736957041,0.01844086637023172
DSP,3.091708723261883,0.04012661663559508,-0.014832753462927126
HIST1H1B,3.0883841060823323,0.05077733538427156,-0.018734855350380945
MYBPH,3.0852251678122484,-0.021017337385782504,0.06737520216146367
TMPRSS4,3.0794458967287808,0.044416170053608615,0.04378732057916674
MUC21,3.07388716509433,0.034979929661926985,0.02904580495743186
CYP3A5,3.0495753125203326,-0.027806416242724806,0.036482517998278265
AZGP1,3.036368157547761,-0.0006115915860331571,-0.005268550668139313
PDLIM4,3.007518900654754,0.04132136089719152,0.04183688134058458
ERN2,3.007244204400756,0.028500891724053543,0.017547559017281115
BPIFB1,2.9913906006995035,0.018829067508089155,-0.02890103537419577
SLC27A2,2.984138501598691,0.01981591280938478,0.040501635487513475
AKR1C2,2.9775799487113463,0.021128263914647,0.03939386665546862
AGTR2,2.968177337966266,0.001587290188544556,-0.025877976191980644
KRT80,2.9632866418801274,0.05365442255515554,0.04215746662862724
MDK,2.955953262506797,0.05842202484147711,0.018420888443951764
SLC13A2,2.946545176229475,-0.028074519629401037,-0.014152883526235263
PCP4,2.93373229448619,0.05508173358339035,0.011195823813004987
DDTL,2.9166465572488245,0.0024749133738304423,-0.003866751114798654
PCSK2,2.914633269055888,0.0011969452266437262,0.01723445389887242
DNAJC12,2.8940641586493454,0.03742203187782348,0.03997827632582084
IDO1,2.8901579833810422,0.04295788750694963,0.0013394358941432177
FAM71A,2.8869964887656376,-0.021509865881133235,0.010353923303364366
ICAM4,2.8851903793461497,-0.03142882176277099,0.04977495260678923
GCNT3,2.8455615312859757,0.04655394028021096,0.0440245382702319
LGSN,2.826749251530047,0.03192129788919477,0.0388159324936677
SERPIND1,2.81028679402515,0.02043804707709735,0.008971103052992747
THSD8,2.805039767760192,-0.023146881958612746,-0.02405225387460862
IL6,2.7991412609165716,-0.0175562196456578,0.04966001888540227
CH25H,2.7816721459065636,0.026505492687302748,0.02344848510113248
TMEM213,2.779193955098032,-0.010589218028825714,-0.028987913003668108
MUC5AC,2.770598624102768,0.0020439583844648447,0.007297143327955004
KRT17,2.7704726134391815,0.018617798704669807,0.047499357843995345
CCL2,2.764604725864393,0.0017464495689149713,0.05380450803010016
GPX2,2.7568590105731516,0.03441407933797337,0.028854154931675487
C2CD4A,2.7477876143665494,0.04004523848470105,0.03336470238398302
APOD,2.7463548299601537,0.030209222380797863,0.008827995586633289
TESC,2.740850052551707,0.03550096001248897,0.03275622220767368
PENK,2.7343557168874013,-0.024650696054875645,0.013920755185618552
GFRA3,2.7336287168057245,0.03423326781243665,0.020442540828311026
AC008397.1,2.7277101033679094,-0.02548812770859382,-0.028240878610696806
IGFBP2,2.7243583960090376,0.03599853363387495,0.01691911193393751
KCNN4,2.7201517192545954,0.04237511731031279,0.02992128674397774
CHIT1,2.7178574676714726,0.027404088990553393,-0.019516012116745706
SIX1,2.7112189056176157,0.04324525731953607,0.0348952189626854
FHL2,2.684869008296632,0.03976361112859243,0.04595732377746324
ISG15,2.649998676852769,0.050042300689780966,-0.010511591825477281
NRGN,2.648454769258956,-0.004495806148758124,0.005696308495975177
IFI44L,2.608408625148294,0.04056969743263393,0.012994745170885525
PRLH,2.608197657333779,-0.02724364389821361,-0.015477455472741992
CCL19,2.6054567071465855,0.04909452968799852,-0.012959979851343771
IGFBP6,2.5999456633883598,0.038073088030239094,-0.024478365211510526
PLA2G4E,2.5778092305333353,0.01520800341369925,0.006958019316023317
ALDH1A2,2.5551560499286987,0.011886858729683286,-0.021566179860648325
MT-ND2,2.5498605107155554,0.01643091589073527,-0.012739564643489942
IQCN,2.542916716101147,-0.040733983765524305,0.0025519544591971035
GCLC,2.5409029509288996,0.04438290015739448,0.02270831137764067
IFI27,2.533139571184873,0.04832727409191768,-0.018559365130517185
GPNMB,2.5178153005973565,0.04162487316124197,-0.023187295248633534
MZB1,2.5169638961493583,0.044148827043858696,-0.01228389861560411
ADAMTS4,2.514802316880559,0.00241072066755204,0.04549322627542779
ITGB3,2.5051121281172324,0.049573907150930796,0.02459257726771019
MARCKSL1,2.4919389093200026,0.05255956291431765,0.011264903139841628
SFRP5,2.4827935235663285,0.0004176863938086518,-0.03806595098714237
CDHR1,2.481298335821927,0.005093108145619124,-0.01538619428040417
ITGA2,2.4807525995633304,0.037344116308246675,0.05205015950779691
CDKN2A,2.4783079841631546,0.032894817274390045,0.02224325494985195
MX2,2.4742594426898035,0.03751022448055526,0.04549952391014074
TOP2A,2.4709010310623762,0.0477810487296797,-0.012456781390777353
RAB7B,2.454999954411184,0.023523512170384675,0.05780644074463103
SLC6A4,2.453342928838246,-0.0192023329114444,-0.060488613058966204
SFRP2,2.4393807986757894,0.04212238940692475,-0.02516455418275972
NPAS3,2.422826119524726,0.0002663476272582714,0.054631918810580216
C1QB,2.422655341190168,0.04251949703469922,-0.04157783291634539
TIMP1,2.422352620566959,0.04950517257771559,0.03232990446928837
SERPINE1,2.4208860009057998,0.011201319992281009,0.028517487886793872
UCN3,2.403997222899673,0.021330104243391712,-0.00874080527360837
ABCA4,2.4034633808841783,0.031628268003879266,0.0018640806193200464
BPIFA1,2.386330645584632,0.014411347985963493,-0.016763611540037072
CCL18,2.377466371205119,0.04023229715424466,-0.024359749617547045
ZNF90,2.376094181460381,-0.018528548067446332,-0.005976823578719215
MARCO,2.375756239958593,0.02177414386374151,-0.04762890722587025
PTPRN2,2.371229778987921,0.007496524640768128,-0.0013281939861899184
PLAUR,2.370117079972018,0.0072891194088000565,0.05331220475275306
TMEM88,2.368178778839923,-0.031040077371590973,0.051868516276854376
ARHGAP40,2.3610353022935247,0.01862113362126269,0.035917769725168996
CXCL1,2.3578836627880935,-0.012932666244194575,0.02530263132270465
TRBC2,2.3573074678011943,0.050978932873657776,-0.03104738996385241
SLC2A1,2.3567339489938317,0.046403231192347495,0.03729744424412182
MKI67,2.3511777409331485,0.04356634189737005,-0.013018722616875632
LTB,2.3431288874909955,0.04835932872160632,-0.0025251991815156563
FOSB,2.3417306801500097,-0.025669616914643784,0.013687088183889374
RAMP1,2.325298223839181,0.04356098936850838,0.013741022802266184
EPGN,2.3209042027029576,-0.022746375605661118,0.025555373879912725
OAS1,2.320551374496443,0.048372689114681115,-0.0050968249798046305
PLAU,2.320136463722238,0.0472812232235948,0.025326997806845143
HORMAD1,2.3197256866736184,0.0032938355257354436,0.030763228371256057
MMP17,2.318088069753455,0.03499276896791776,0.025839110301858852
PCSK1N,2.314053965362097,0.03580621100416681,0.01322298220556273
MYRFL,2.3096487952430365,-0.006745537585841325,-0.010506762439670416
ACHE,2.298249577549567,0.015064913084855375,0.03261244192299284
FAM155A,2.2973299462249765,0.015855836375541346,-0.004481749668739396
AKR1C3,2.2960380388113855,0.03849911746532371,0.025872822722855807
XAGE2,2.287354982804577,0.0052144626455390124,-0.03492775814592128
MMP7,2.2860454344669425,0.039128288966696845,-0.021427008907501068
IL37,2.283939793755396,0.036920278813153046,0.015514839859026701
RGS1,2.2828655949708905,0.04665340662762423,0.011725675421939807
AGAP2,2.2600395122242793,0.03939626344372109,-0.0016700684853153463
B3GNT3,2.2559828126478636,0.04428731262777666,0.01040344124532041
SYT7,2.255226755082764,0.039386801479446065,0.03271758525588205
CORIN,2.253502123280024,-0.021731062359676895,-0.045028903416225584
ALDH3A1,2.252094769979827,0.02726303162566515,0.021175336431301615
CD163,2.2461049821347006,0.03085468270217943,-0.03234549639846952
MS4A15,2.2298343952337563,0.008100369903696333,-0.03198485404547486
KCNE4,2.228529042914062,0.008867023739964274,0.03756304366443443
CD274,2.2279394673452515,-0.001381129862247692,0.052308534769108836
CLCF1,2.2278749291603326,0.0029197191673797484,0.05630303210580219
SLC44A5,2.22697358862999,0.01290151324824043,0.045761574496714356
PROM1,2.211081539349062,0.028256019484646903,-0.002639544918271262
RIMBP2,2.209844503832725,0.007176874949251409,0.012288874838763382
SHISA2,2.2085147935189093,-0.0026538164540388146,-0.07045859980088677
VSTM2L,2.207307514540868,0.047879465872619195,0.0024674811346887295
FAP,2.2024811543678404,0.02586386599272628,0.018763519408228544
FCN3,2.1951882216077294,0.0049202370819454505,-0.053113141526302664
NR1D1,2.1873033690518895,-0.010505037295008336,0.009217096406272909
KLB,2.1833831047933008,-0.007869062552826302,-0.03774537847737629
COL18A1,2.1761191905088344,0.0356060527978848,0.04514190791486135
AREG,2.1741362637678217,-0.010035131121111603,0.05115413568987643
GSTA1,2.1671796750269605,0.03302761474053169,0.007506204557720142
GDF15,2.165409946680407,0.021464636225540783,0.03660560168186136
ETV4,2.1646322327240286,0.03837826246063839,0.0376996002343285
FXYD2,2.1641335399789763,0.012358546807399128,-0.00846678649212935
CLDN10,2.1625031627797213,0.01276961976101805,0.028641451632053335
THBS4,2.157550067763965,0.028280957232171895,-0.002059597732965991
C1QC,2.1545690297948594,0.03976848709368203,-0.04468479278164619
TMEM63C,2.154325081253043,0.03247299741177362,0.025450347625819814
TYMS,2.1505098887818774,0.04380563110532529,0.005525245771434704
ST8SIA4,2.143072855373919,0.036396638155102114,0.00889714408887784
PLAT,2.138926675213041,0.026716620470163144,0.00836050669170939
TSPAN8,2.135712417455639,0.03633413444633811,-0.011557415344910569
DOC2B,2.124544191937678,0.014447555851201381,0.04559739503863346
TNNT1,2.121736404833237,0.0367679206080694,0.005371244373938245
SPINK13,2.120251663480063,0.03205294441698844,-0.006343424932800535
PEG10,2.115862085843027,-0.0004090736113381822,-0.019069759862510263
IRF4,2.113427271704551,0.024493466519104102,0.0064028783462853674
S100A8,2.108991758281097,0.020168458221691506,-0.02407531783585158
AARD,2.1032118517110785,0.00978542429502223,-0.049053301108998186
TRAC,2.1014861382670698,0.04381002538455045,-0.03263446648346593
FABP3,2.101288484159996,0.03777847872293463,0.011587700816670004
AC007906.2,2.0949862353838244,0.010243459508633607,0.02537130230050714
TMEM100,2.094741320038293,-0.0020013798323585785,-0.046825649904043094
FOSL1,2.0893170998444295,0.004101841626428391,0.027344408955815844
B3GNT6,2.083916407674909,0.01895031691796229,0.03221798770788365
ANLN,2.082894250307893,0.041953372205539415,-0.0007225894233118751
THBS1,2.0752298307139663,0.025392573156103396,0.05100441898224436
TPX2,2.0695105133088365,0.03904601466715098,0.0009906867500144964
PPM1N,2.0620961306786767,-0.017792850148503018,-0.013350156524312413
BMP4,2.0594494207944565,0.01627627503601848,-0.049453127529362
APOL4,2.051315019289644,0.022777304105336186,-0.01288269665891601
AHNAK2,2.0473438925316807,0.0433317911745608,0.01689833921302358
ADRA2A,2.0443259839755776,0.03681557645732387,-0.0012739434146207475
MMP19,2.0437100853278736,0.009368825135638609,0.036458986704852585
CLDN1,2.0411755626732027,0.020839143178420175,0.02951792554508208
GEM,2.040375427051129,-0.02362223958575842,0.031674156804686104
ITGB8,2.0319640559889836,0.039986950287321535,0.004519833880920568
C15orf48,2.0316653945314016,0.04095001749634677,0.0019104865671794983
APOE,2.027839467530855,0.04134419454970274,-0.002933201494555457
RND1,2.0153466234358204,-0.023124596767744608,0.051993560813533075
PFKP,2.00707654426271,0.030732845882248536,0.05066041120910867
RASD1,2.0048271005659797,0.024963414654525295,0.02655279107102046
CD24,2.0027895648642686,0.027775117972662074,0.022084897037855017
SPTBN2,1.999832351886223,0.04217371349605116,0.02715083920145889
SERPINA3,1.999561894423996,0.030312739254949123,-0.008060334183250738
TP63,1.9968929313095267,0.01800998585253697,0.00615839304152705
FOXJ1,1.9882229254103025,0.024207474670922484,-0.009850490178975043
PLEKHG4B,1.9778833082027862,0.014540998300586083,0.007522484675777919
AGT,1.9703147048808514,0.028646755468991605,0.020316797668477885
COL25A1,1.9671508336194439,-0.0012944244398220063,0.04443056839468699
ZNF217,1.9664590961658022,0.04606324054260628,0.022920041923801857
SLC6A3,1.9660968762795208,-0.005623207842901132,0.02164025314397251
CX3CL1,1.9639806561537936,0.038814133119779014,-0.005865839509112672
MUC15,1.9592288331023946,0.0018620363449850157,-0.06142290862625405
CD79A,1.958548648447241,0.041739125306157046,-0.0035966932854578464
AMIGO2,1.9583824170742241,0.04159182864321891,0.014599145300972425
HMCN1,1.958367715359378,0.02805091361372036,0.005187390195132323
ARC,1.9582591705256327,-0.011252415119460426,0.034152096005896186
EMB,1.9580851951111513,0.0449930132055789,0.024434022367432223
TNFSF14,1.9575164268288423,-0.026730697669770903,0.04460512968061029
TFF3,1.9571448720389732,0.020939791238062194,-0.00018078006313498602
LYZ,1.9550599514621825,0.03541247878312341,-0.037387878390455265
MFSD4A,1.9503829828607135,0.03930511607731847,0.013220152911615704
DEPTOR,1.9499011022914574,0.02953167084305428,-0.012918439227238931
PRSS12,1.949073169372743,0.014439163796590715,0.0018252045189000937
OAS2,1.946631011324865,0.039980735825255666,-0.00690982387469589
MMP11,1.9464366541703968,0.04589053105148435,0.013820644379718892
BAAT,1.9450162184143496,0.034699424814044665,0.002305541281107039
PLPP2,1.9441426204528405,0.03946877965085367,0.01837720682080914
TUBB2A,1.9408155329818793,0.03433698245128489,0.01698823731577672
EPHA10,1.9395681042941706,0.025160996188537853,0.04646424800238069
C1QA,1.9251519902756133,0.03489891477020654,-0.044640555077692476
KIF26B,1.9210171425953926,0.0321842391466211,0.0368933158035457
FAM181A,1.9153203758558697,0.007643671308538304,-0.013227880273659913
LRRC37A2,1.9121788860889508,-0.00704879677779429,-0.005541458323193333
COL17A1,1.9052687634840244,0.038797847358289506,0.02712239322456647
P2RY6,1.8998080658735477,0.041820822378497706,0.013834125845297343
SLCO1B3,1.8986117507728628,0.01827248898938854,0.02526320035443473
FGFBP1,1.8976219415440383,0.017110396604382377,-0.0004508712132589413
KLK11,1.8974747221816226,0.011541394637266982,0.0009851041657271303
MS4A1,1.894756861086219,0.04312732976683286,0.005441688898751456
AQP5,1.8946444478672018,0.017076478611225215,-0.005931620744261488
AATK,1.889870656671204,-0.014321897271994006,-0.024372255431396213
DAPP1,1.881325689282445,0.04077497811620906,0.017113093615329717
EID3,1.8813094475318202,-0.014000295373186528,0.04770319537933225
ADORA1,1.8769828037801555,0.006520835408417724,0.029330171065582483
BARX1,1.8740708248399909,0.005522520318684323,0.03946070188080505
COL3A1,1.8704282175481795,0.04283109979012176,0.00027890771984091637
CDHR3,1.8700526704890361,-0.015237730447177375,0.03535167958105107
FGL1,1.8666408527796154,0.0060875179848167895,0.0364586935845015
HBB,1.8650441925145351,0.002506776501003295,-0.023422295679844912
KCNE5,1.8637452675276187,-0.02985833785041258,0.02706562046756222
ENPP3,1.8628038819824284,0.016518756800653144,0.010517409065173025
HS3ST1,1.8588262615135358,0.038357754776116595,0.01480561872938027
IGFBP3,1.8587741897130559,0.03530404207737382,0.01354824414036498
TMEM132A,1.8564466771916623,0.04311739499992683,0.017793601155034953
DUSP4,1.852962559390903,0.02875085893811029,0.02735369048760306
PMAIP1,1.8473024449770443,0.014072809115162847,0.051717288079066
GSDMC,1.8462975752820567,0.02053655502545039,0.044539515338666805
HBA2,1.8430409837220907,-0.010293542685354722,-0.021328228073815406
CXCL3,1.8429627230941734,-0.013044086331267263,0.021690979926893204
MSMB,1.8390720227572712,0.010988308357828883,0.002257188562265182
HIST2H2BE,1.8350347205483084,0.00855311156500883,-0.05224740901833028
ADCY8,1.8318983718117992,-0.03672759923332144,-0.01776776767346156
CYB5D1,1.8301812487690945,-0.023851043278226007,0.03876601238659937
PHGDH,1.8284806223156127,-0.006555292371513892,-0.052036179693346146
GREB1,1.8270110025248534,0.015502321836595383,0.03868424318672178
TFAP2A,1.824755720484084,0.038247425791210904,0.01503306622313749
FGL2,1.8231417330870925,0.031179059233470148,-0.029089148245810912
RGS17,1.820908956731728,0.0326568941532054,0.016609689824758612
SCUBE3,1.8201513550496073,0.03502240765993187,0.025952235696971596
TNFRSF12A,1.8197377736677136,0.008143498867458824,0.06323172474186907
GBP5,1.8195626306591135,0.03692025187516407,-0.02449632746205954
COL21A1,1.817958399677501,0.026248142305642146,0.003403101385093244
AOC1,1.8177712543097584,0.033022993380956836,0.023857734423957163
KLRK1,1.8108781712551965,0.032071430031956887,-0.02287543813052022
ZBTB16,1.8084448388867886,-0.008672779437666974,-0.04722900280540833
HMGA2,1.8074570773806777,0.0300954463732698,0.009583336779848718
PCDH7,1.803830556189573,0.03619340844863758,-0.007944224165206671
SEMA3C,1.7999927800970876,0.032577663076936575,-0.000534424180749859
ATP10B,1.7997211299691733,0.03639284190407209,0.015366887557128001
S100B,1.7974414552976998,0.03157185430966161,-0.001524996848490422
NT5E,1.797351604909825,0.036575349335447316,-0.015685324619582382
HAND1,1.7908706033368829,0.010405532115009442,-0.00773531225243213
ITPKA,1.788394408661911,0.03756560936818347,0.014432051005009517
CCL5,1.788205109021258,0.03246252350539192,-0.0412251162786771
CHIA,1.7875184230081915,0.008434694417520433,-0.02094899178849869
ITGB4,1.7866092851127737,0.041767337952032406,0.005880423529725484
ANPEP,1.7842270891951801,0.022634791896282973,-0.0028498647815384938
UHRF1,1.7830767045335147,0.035589527043200266,0.020933732813838438
LUM,1.780824449304435,0.03057787710016033,-0.051645438042201036
SPTB,1.7796493784576066,0.030075946143410862,0.0042218443440044445
PHLDA1,1.7794466047872028,0.03133129314216903,0.04321542001158697
BCO1,1.7786504658745952,0.013078507078930286,-0.0038800467855035193
CITED1,1.7726676640296988,-0.007851169474400569,0.00457805853799255
CYS1,1.7702111451883291,0.014437681010580742,-0.030680723410070894
POU2AF1,1.7681847830254445,0.04001281872477997,0.0024285677168687553
QPCT,1.7643030059281628,0.03815523454910495,0.003942654781677606
LAPTM5,1.7641992677019729,0.03923557084416759,-0.03922414033591987
IGF2BP3,1.7616356327171283,0.037877715237665664,0.01682696606316313
BARX2,1.7604399805534934,0.01789362666424337,0.01807080703282423
IFIT1,1.7539074313761884,0.03276427878398208,-0.028354065559218135
TBL1Y,1.752112068873652,-0.004891214008092838,-0.008135187666465676
CTXND1,1.7515361668353837,-0.02536297791539409,-0.028360935536514836
CDCA7,1.7451693366478782,0.015078270458106911,-0.00022197870381387131
PLEKHG2,1.7443819948338137,-0.015813213893487776,0.04610215848388655
DACT2,1.7439419919935568,-0.0077575160196832514,-0.04482708071383783
HMGB3,1.7438972949456195,0.03906366972282263,0.020043445468473843
CHL1,1.7408973575351234,0.02144117148425446,0.024021986240579746
IFIT3,1.7399985393345798,0.034510564978508206,-0.02826907535180858
SOSTDC1,1.7395518922624305,-0.010436607557827908,-0.03728854083007704
TREM1,1.734735806688642,-0.01078640023386436,0.02439913197856523
HBEGF,1.7330801658593924,-0.0038252837785027038,0.03974872942444843
LRRC31,1.7328677218061055,0.0024289431659135453,-0.024466462273245736
TTR,1.7288751872058317,0.002961747880473023,-0.002536084671928417
SLC35G1,1.7277951100363917,0.023469012112208212,-0.022342744198126988
SPON2,1.7261799532446742,0.0340797284228383,0.003322952868366209
ZNF486,1.7183536999621283,0.00510973998318758,-0.003464860037748397
CNMD,1.7169726119776465,0.005093051777250271,0.011587429420539728
HP,1.7134762590193635,0.001918693644462954,-0.006130068775012049
CPA3,1.7118163306171998,0.025063440024857952,-0.021963563406496255
GZMK,1.7114954103704776,0.04141954492303598,-0.015195852392173054
SLC7A11,1.7088973611788931,-0.0034549182718272165,0.023165865735248686
CXCL11,1.7084615557962135,0.030246152545608338,-0.012624970951048616
RFX2,1.7038878229516103,-0.019433650266098373,0.037647796199734594
MPEG1,1.7029222580403083,0.02753354623993002,-0.031575720907359675
AC007244.1,1.701514375226296,-0.0024631298588116963,-0.00671737220591741
DCN,1.7012785002795099,0.019124154926684005,-0.05869963815606529
RGS7BP,1.6980030478082169,-0.008745888584406319,-0.020316276601273147
HOXB6,1.6955784471758502,0.02390922840111571,0.0016002330130106572
XKR9,1.692613930001701,0.02773505900598551,-0.011926423424519496
IL31RA,1.689328960752323,0.003943548027585198,0.03522601791586886
WNT10A,1.6885384258372869,0.02999329716563943,0.014231734826765057
C6orf141,1.6881891615244495,0.008621750273570308,0.049055218899418294
ERP29,1.687700147646025,0.014364435868081482,-0.03557695237432485
MMP9,1.6873397806675334,0.030916508623734178,0.0038370964175679723
MEX3A,1.6864431905134958,0.03696138568157096,0.024126524476145148
VCAN,1.684911769824382,0.03285652875019074,0.0030665633588406412
NRIP3,1.684694595383037,5.156159275421109e-05,-0.007856038459040097
WDR72,1.6825129295696,0.020889150523843013,-0.0013557120853733987
SPAG17,1.6813214485075476,0.026916647753898248,0.011371484774187125
CD2,1.6798888929799218,0.0300024663158202,-0.020806213577564552
PTGS2,1.6718580570486843,0.012617392974440277,0.03551878027105973
F13A1,1.6696803362730077,0.0346617234883886,-0.02335030574302105
NPAS2,1.6689762911366173,-0.008899123803909675,-0.0038815351606027704
LYPD6B,1.665955058724913,0.010585627387840173,-0.00617728198285471
PEG3,1.6626160650985171,-0.015684999983278478,-0.031911141068259784
FIGNL2,1.6552710009778422,0.020928985373880885,0.019932511986371443
LY96,1.655109450216701,0.03472503333268428,0.02901952932925513
SLC16A12,1.6538383237271306,0.014292014596711252,0.022801395606539918
MS4A6A,1.652770300370541,0.0316506672637486,-0.024879762379666
SNX10,1.6513672733152258,0.04384723133817668,-0.0074931591615300655
AADAC,1.6511752476443702,-0.00014110519183341294,-0.0415680281992357
SOX4,1.6463911722964235,0.038661198468855906,0.025091673393732184
TNC,1.6463875260638499,0.008253141648827154,0.030413280901080135
SYT8,1.6458023173702487,0.021534085754444845,0.02565534114440261
SDK2,1.6436879292507705,0.028445782377229254,0.0024227948006400224
CTSE,1.6433567177394102,0.037011283099008585,0.013862072821296804
ARNTL2,1.643127122453237,0.020630541295053442,0.03901357963672228
CCL21,1.6423211140673322,0.024019241431481864,-0.015268782035461542
TMEM176B,1.6419284889414525,0.03451849088860741,-0.009496757123039368
APOH,1.641238922069758,0.011437122633732297,-0.03184070732611394
MYBL2,1.6411191893132802,0.03544358161137384,0.006282067124890556
MSLN,1.6390982511671073,0.008303058118615902,0.02051598389925224
BHMT2,1.638345262690676,0.02805415779855867,0.014004477770305487
ELF5,1.6374409985795861,0.0013315198403318481,-0.031350698532888736
UNC5CL,1.6373483769826518,0.019864248725114837,0.05411292083622663
CHI3L1,1.6348209517902554,-0.006489308390112962,0.04117163827361884
CENPM,1.6346431464106308,0.03425375349954725,-0.0033071720236861803
MYEOV,1.6322447452317888,0.025760757533480443,0.008905716571897666
C7,1.6313039440455213,0.027194156252733623,-0.04221422615920019
POPDC3,1.6310104381022257,-0.016211478945243413,-0.02096282247452768
LAMA1,1.63036549820854,0.0042669633652945285,-0.00902795236609053
NETO2,1.6301837653319449,0.028057186434461565,0.004831277533481507
XKRX,1.628345157154787,0.03203312899966196,0.013221925089739604
THBS2,1.6259999460139465,0.034026701809458,0.020635549690318226
SH3RF2,1.6249813551221066,0.029361874309896382,0.03286438730975359
SLC16A9,1.623953769787324,0.02028091465450422,0.01203796666363133
TRGJP2,1.6233526599673729,0.008516136440570508,0.0010149981094386908
FAM30A,1.62170428057924,0.020333535319119325,-0.015178770627646661
GZMA,1.6213417166288806,0.034148182590932975,-0.037541918889310105
KLK10,1.6206783303378545,0.01623217116410562,0.0011605628894812653
G0S2,1.6183654300877386,-0.003012706385145998,0.00938979338783154
MAP1B,1.6177689753609177,0.0363532324101498,-0.00019129209088941012
ARG2,1.6174777854097055,-0.004263879110808011,0.023310783239915457
EEF1A2,1.6173177405995989,0.02752871334997597,0.031055869616148882
VCAM1,1.617027173062152,0.03426968465111114,0.0029438559267880443
CPA6,1.6160833680023747,0.012939932808726358,0.030937691339772574
LRRC4,1.6138402729249512,-0.017404862374337023,0.028040243033850207
CLEC2B,1.613531510186155,0.035309852288643674,-0.006109781224650317
ALDH1A3,1.6112182748312165,0.013590426915334602,0.036102568209872433
KCNA3,1.61033540108008,0.020362887657307902,0.026580951693677697
C12orf75,1.6101546657437773,0.03230220624464838,0.003962737909177001
PLAAT4,1.609872294506059,0.03231782379516773,-0.034685239009034995
ALOX5AP,1.6076018272097026,0.03296089627574926,-0.025044696947446567
PRG4,1.6073403485625921,0.005447436549712597,-0.009552254354765404
FABP5,1.6038894112564785,0.001895189236487191,-0.056155513834651366
CCNB1,1.603592031815527,0.03793474740011576,-0.012770526730024219
WFDC12,1.603576700541207,-0.0034895455378086545,-0.032388421258615845
CAPN9,1.6035380565973156,0.015169192732900098,0.01769727571653456
ZNF154,1.6016506723546649,0.007851600194456318,0.0007567491851329263
FRMD5,1.6007752830060646,0.0323811351755501,0.016311744829508926
BHLHE41,1.597530115075015,0.029418466868456953,-0.022413452758673843
TSPAN11,1.5960699956001647,0.019636332441309683,0.02561728134188641
DKK1,1.595538186511228,0.007507673214415244,0.020619212193828763
TK1,1.5955355735654881,0.03252993452068618,0.005218685218050629
ITM2C,1.5947342634491366,0.03667886565522417,-0.01763565764593401
KIAA1324,1.5921053191505925,0.01858192099650127,-0.009638946356731343
FCGR3A,1.591360834570767,0.026872212267807265,-0.04366223000614674
CXCR4,1.5853018030684312,0.03524019550847261,0.00038838067618356294
HRH1,1.5850216017892336,0.026402041786942818,0.028495117719952393
INHBB,1.5846455978152332,0.021316911547301053,0.005275491943656255
CAMK1D,1.5818251995316421,0.013157285856174478,-0.005419633058249207
ITPRID1,1.5798427269776787,0.0017755798099270525,0.027423961120852887
NR4A3,1.5794988806829295,-0.010861056819104122,0.02501378070568317
ANKRD22,1.5789341995443775,0.025028990106171337,0.0236453137806347
CPVL,1.5771385897936436,0.02642874958847745,-0.01863662550194218
GBP4,1.5761297347593322,0.028057185571126828,-0.03425440836463284
DNAH8,1.5744006006349316,0.009664640174881148,0.0031412956965841342
ADM,1.5741743741229133,0.019385027174272637,0.009785595974393864
GRIK2,1.5722004557271636,0.014127527547644833,0.027922828503179172
OAS3,1.5712564534114737,0.035745031483505954,0.009246751935002592
SLCO1A2,1.5707315040905028,-0.016597309629541337,-0.018562202363657056
TMEM176A,1.564955300459575,0.03420957682828056,-0.017801833646338944
DERL3,1.564100645309869,0.032998171952796,0.008701993589047531
CENPF,1.562710108236216,0.03813745272022091,0.003907757556357707
NKG7,1.5623390241119264,0.023140264473238786,-0.041225569499421987
RRM2,1.5611838709084633,0.028689718431959253,0.016004368851214167
METTL7B,1.5581340209874877,0.02794418672507933,-0.0067624075389116495
PITX1,1.556473345794254,0.03341605019428915,0.022925908895759295
CHI3L2,1.5559457840633697,-0.010965300783392638,-0.012815484203723141
TMEM130,1.5555392015285756,0.02608632059836919,0.008457202171692246
GGH,1.5535564246648994,0.03631947002247436,-0.008956347290001242
LSP1,1.550611074688524,0.03604364523517305,-0.03337118174969153
DES,1.5499433114433852,-0.0006864676064183043,-0.027320384839803646
PLAC8,1.549304129838278,0.01655620714947608,-0.02820231420757943
HIST1H1D,1.549253013062498,0.03334504248716646,-0.00963463817681531
ATP5PO,1.547208680528317,-0.0004519096791195259,-0.0012613731423589873
SNCG,1.5464043560476581,0.025913951434485386,0.009484866772075216
SOX9,1.5455859774153513,0.02201299364310143,0.024212094369792093
EPHB2,1.5452508667439466,0.037416050957091315,0.003997842599631598
LYPD1,1.5444555544323484,0.03034949349945407,0.02989599318630326
LY6D,1.5441662711316901,0.01517890708194542,0.03356967872767917
HPR,1.5440097865191305,0.003028144463593508,0.008897176217441478
TM4SF4,1.5432694454632434,0.005160837907539843,0.02813697532822864
ITGB2,1.542877975741417,0.03870486725794496,-0.028233436254601105
PI3,1.5428752969929505,0.01007728209838452,-0.012244238818425762
C2CD6,1.5410167078581667,0.014409728185267935,0.012580639751383772
KDELR3,1.5398408039671987,0.03955461910363633,0.009520002443660667
PODNL1,1.539696946342114,0.030459114341831475,0.015187561709145026
FCER1A,1.538940942788592,0.01705485640265923,-0.014901723271626536
LGALS9,1.5375269964455334,0.04165384077821498,0.005011070189891828
MS4A7,1.5371548315355088,0.017717314174299288,-0.01431267439185767
PRB1,1.5314615156862803,0.0016799471438974603,0.003666058699389116
MYO1G,1.5267081105940508,0.018004493923856384,0.033110529112828115
SLFN13,1.5241584477796732,0.03621881082385051,0.002479030371696696
PLA2G12B,1.520980880469581,0.017332102385851495,-0.03741205402899719
CD52,1.520275252174534,0.03141400048013437,-0.03732960932096791
SLC47A1,1.520181092201072,0.021889665062082536,0.012960771596536391
BCL11A,1.5198224468525876,-0.012676564641444753,-0.00246143407196299
IL13RA2,1.5196963736047586,0.002197706039361626,0.0372487418475871
BMP6,1.512545482778491,-0.013793986503809216,0.0375498560718709
GSTM3,1.5112626969916014,0.02619717485559426,-0.016496591301495767
MAPK4,1.5105655059401157,-0.002799981301328546,-0.004086026345723669
ADH1B,1.507076156867618,0.0070943729694339505,-0.05280838397179375
NR4A2,1.5055123450702936,-0.01819632023327709,-0.005344196520938459
PODXL2,1.5043612847881171,0.02909618824047157,-0.0007941185833592522
CARD11,1.5029134521935035,0.03785699084894151,0.002109123276650228
POSTN,1.5019384318044953,0.022682643267802952,-0.02297592276930932
MCOLN3,1.501354152579262,0.011149254857099672,-0.018206177365561273
NFE2L3,1.4984898702674765,0.037626152960872836,-0.006927860675579882
PAPPA,1.4967085045809356,0.028576781515161156,0.011439399033533242
PLA1A,1.494816432023486,0.0211123369063943,-0.020395906834928684
NRK,1.4947013228114074,0.022651624778236807,0.023087957474403634
C9orf135,1.4942882745482131,0.023725859027287504,0.013320156280063637
HOXD4,1.4936024300647666,0.022570524323662956,0.01148709429717395
CXCL13,1.4935095343327944,0.03463222803853283,0.0016225265190199074
IQGAP3,1.4902540714316768,0.03199249704812979,0.0048251755771320185
CEP55,1.490008514193783,0.027746167504537744,0.012916740348486104
CYBB,1.4895728286586427,0.03199373238910599,-0.03639420993412643
CTSG,1.4863516236138963,0.016564203855261837,-0.020847330595674573
SMIM3,1.4862108213701686,0.027443426990423077,0.019425995540381887
ADAM28,1.4860517074164032,0.029986786407201742,0.01820875099889857
SPEG,1.479291394612836,0.020752157212236173,0.025648817489909773
ICAM1,1.4769864157791657,-0.010847234876491656,0.04599719209540296
TM4SF1,1.4756831171168598,0.0015838561913209198,0.05683793703228599
ADM2,1.4752587663783172,0.03288516443318504,0.010890289805648896
THY1,1.4744791552306011,0.03477817212336131,0.0011470918493244613
NOTUM,1.474429331055438,-0.022999673237946893,-0.025663548077901926
LAMB1,1.4739820404272101,0.02650964784820882,-0.02482014516622588
BATF,1.473908561295226,0.001120921898357927,0.04457909465265595
TNFRSF9,1.469038465146003,0.009260999087573904,0.024358133159060307
HOXB3,1.469033541684633,0.02300148809048023,-0.005992271889454022
GATM,1.4676644664334462,0.021637175820168518,-0.01072786691153219
KPNA7,1.4676547821237405,0.002861484659534209,0.039280209192060336
FABP4,1.466705336616299,0.004983373685726268,-0.030539793653575925
ATP6V0A4,1.4665978042019063,-0.004465017697692928,-0.017241121819073148
EGLN3,1.4662326817231517,0.031115646894662213,0.009510358804375727
CHRDL2,1.4657004980955626,-0.007561912470801819,0.027059775075714644
BMP1,1.46469389590208,-0.025820814195563375,-0.027685616429655495
MTHFD1L,1.4639979770410447,0.017476708908061207,0.04993124849131165
ABCA12,1.4603681318277393,0.02973200318735313,0.014656233098362469
CD8A,1.4597426794538493,0.03345695537698112,-0.015977196189526144
PHACTR3,1.458423825379269,0.025911546025501202,0.0033283612498576235
HIST1H1A,1.4565461243197577,0.029706601040691918,0.003930978026570337
GPR183,1.4555280914219126,0.02833564368731717,0.0013580730728954876
HNF4G,1.4537558412377352,0.027881895453218723,0.02006554667981804
SLC16A7,1.4536718382961944,0.02919926818848101,0.027579039809546287
SLC28A3,1.4535265601614806,0.01186425616009834,0.017314883253619486
HMMR,1.4525115675499678,0.026242378137177048,-0.0037174609373640285
GJB2,1.4521705464496502,0.028767367948116768,0.014303335896912177
BASP1,1.4494104154659486,0.029065066528596632,0.020831190469372388
BACE2,1.4464814441302358,0.007791947492282262,0.027191426247646977
FOXM1,1.4453269189577114,0.029672930586981224,0.002635014893902803
SIRPA,1.4450194402902754,0.027927317447276015,-0.0331773390649577
ST6GALNAC1,1.444954542995174,0.01839206581648991,0.011129062657611651
FOXC1,1.4438101411667394,0.028013347646896482,0.023109915396708064
C4BPB,1.443759765269182,0.010158416821521604,0.019938551396166366
CYP4F11,1.4426341349052532,0.007717083328021861,-0.024769467654486108
PRMT8,1.4385645857635576,-0.004234355151017374,0.03564111606884299
SLC26A4,1.4379006763406994,0.01111763521792598,0.02875664821774534
KCTD19,1.4375370373571348,-0.011425760265777263,-0.013675255198562409
LGALS1,1.4369334405848497,0.03296875088454548,-0.02895442745732286
TNNT2,1.4359994512487395,-0.018415676824757556,0.027818954227237225
RTN4RL2,1.434283030866325,0.01722937979473333,-0.018290414590682348
MCEMP1,1.4339697319943272,0.003401648008452997,-0.02192176971427067
TRGC2,1.4338221423783253,0.01192599156435791,0.007544252717005122
CA4,1.4318083767504641,0.002305951152247002,-0.04207108482111849
TRBC1,1.4310119895516296,0.03346837275130617,-0.01230316805801693
FCER1G,1.4309431571755575,0.03127715016352407,-0.01726234542596544
TMEM132B,1.429548605557063,-0.00834226493482359,-0.009885951490896175
ORM2,1.4285836852174851,0.009257605430116259,-0.01848642735654292
PPP1R14D,1.4261493634098548,0.02309971452645505,0.021156912709091005
CLDN3,1.4252694983974719,0.02776242985124616,-0.017757241677627555
ANKRD45,1.4239917849259436,0.022237037762840767,0.0053673594448850875
XDH,1.4233908853588375,0.01680380776077501,0.02235364755421523
MIF,1.42314869179224,0.030692191517414612,-0.03281985635834965
MALRD1,1.4227959707978928,0.0182939206786422,0.008778255796660231
CMYA5,1.4216131394499478,0.02252964501902454,0.023724671951663192
ANKRD1,1.421160722984239,-0.007552257354040305,-0.017444576197373413
MCUB,1.4195261220453441,0.04180717569658963,-0.005572326740785906
C1QL2,1.4185333047331714,0.01758221890531519,0.005889238168695228
RETREG1,1.416630869232053,0.02339058659621169,-0.021300867142193477
PSTPIP1,1.4162981955562537,0.0326023145120076,-0.003945003323897427
PLCB1,1.4161315542561288,0.014699895465626533,0.0029485879999535496
PDLIM3,1.4160258595806638,0.008175115703794658,0.011637075019412534
ASF1B,1.416005362328167,0.031243823313682625,-0.009250196940775815
FADS1,1.4142280929523894,0.01036800897063786,-0.03827768609123388
PRDM1,1.413928765704903,0.029542476468479233,0.01381063177563438
CCL14,1.412721058325455,0.00927416108087325,-0.03181091200445933
CEMIP,1.4096849025809142,0.014196925438984707,0.032944578412874376
CSPG5,1.408471987612183,0.031013969617290544,0.005313097955984886
KCNMA1,1.408368438642175,0.011545809911882374,-0.0031553563669155186
DDX43,1.4082990086972145,-0.005249665837322492,-0.01882622502484921
ELOVL6,1.4076938797088274,0.022590299631333004,-0.018953070868029494
GASK1B,1.4063522442399816,0.023934705649857554,0.0017705781463179275
MSI1,1.4056464776409836,-0.019067536045335925,0.003928403519698776
SYT11,1.4050951777694334,0.01761849116831517,-0.026802016460299713
VSIG4,1.4042015675241013,0.020159916644448293,-0.036103705144611184
TRAF5,1.4035485364060107,0.03185862433229846,0.024451392175908866
KRT15,1.4027032202934797,0.013884789506784224,0.0210597091161948
CCL4,1.4023909489623982,0.029791627122766604,-0.009100052077869217
ZCCHC12,1.4006862832071707,0.0058104399038660035,0.007257860499995929
CHST3,1.4001494853784444,0.025169038413060105,0.00716589693110609
BATF3,1.3992091591035856,0.022516658348125967,0.0308379525292332
IFIT2,1.3992017565331916,0.02801297941936823,-0.02782865988650466
DNAJB13,1.3982906847173169,0.023082288498689294,0.02908047337475547
FAM107A,1.3976635095556673,0.0040002665497772035,-0.011286484209946487
LGALS4,1.3957579275431677,-0.006824083476129812,-0.02991584682983462
SYT16,1.3956969527510854,0.015578673568011958,0.02845432684092045
BEAN1,1.3951957327422049,0.02237525216373374,0.02708148581538529
LEMD1,1.3950069260450995,0.007898633049256514,0.04522427938323991
CDH3,1.3948765044613303,0.0309059866027592,0.035739734125034485
SLC1A1,1.39463915938598,0.012899012441691914,-0.005762099780425163
DNAH5,1.3943377921964784,0.016221907563079025,0.024220042947443496
ACKR2,1.3942410935581946,0.01396340566270269,-0.0010150485226130329
CYTIP,1.3937886139743805,0.030086327389769144,-0.0020272142990304595
C2CD4B,1.3932624402872333,0.020584141121114376,0.03497360774023962
APBA2,1.3930971083686534,0.017367618553602457,0.004575101618910751
HERC5,1.3919120284999376,0.029826022906896156,-0.010842719637330687
FSTL4,1.3908784706680268,-0.0045066403022521895,0.022770012192492764
TNFRSF10C,1.3883385582213734,0.026495311482162782,0.013458982907894273
SORCS1,1.3876677721936874,-0.0033839547268334482,-0.022225629516081417
EVI2A,1.387589635354585,0.03471799117384275,-0.02127950249958398
FAM83F,1.387358879725969,0.028127939235415473,0.008780854618400611
CACNB3,1.3867635737057726,0.024742448280397445,0.03549056706047363
GZMB,1.3852613361985209,0.014316826835921339,-0.02278479476771829
CRISPLD1,1.3851794386311618,0.02373477128243441,0.007382491461599994
IL7R,1.3834909413687155,0.0211611254482044,-0.030289024714635022
PRELP,1.383454908820204,0.009809370740535589,-0.045295988332317884
LRATD1,1.3832887563354455,0.018302500054242353,0.0029582535272336305
OLR1,1.38303186293057,0.017570000361230707,-0.0002621091734530148
SOX2,1.3828750003405426,0.021065079795148482,-0.005814208303216976
IL2RB,1.3826781562234631,0.03068986945648173,-0.01632739120032307
NABP1,1.3823218173778318,0.004874368653132856,0.05704706025493888
KLHDC8A,1.3815052915568449,0.0025010170232043997,0.039105862624992965
XAF1,1.3806155628613306,0.022928953288538344,-0.0013379259338885789
CDT1,1.3803552763760576,0.03115370725325531,0.0026744495505882874
GNG11,1.378933644642669,0.016542213206828815,-0.03194376790902523
MAATS1,1.3784858393817587,0.0019075789017800463,0.008262318204733759
PKIA,1.3777749798284262,0.01565776481386964,-0.018833973733676165
ICAM5,1.3767567247459838,-0.02158457447326613,0.03921837201996903
NCAPG,1.376524537449749,0.026301665911205196,0.009032283192556816
SLC30A8,1.3761526266792348,-0.005514849245749135,0.006298806592249351
VIL1,1.3726795636129612,0.017553681947067835,0.009670954636043446
CSF2RA,1.3724792598903819,0.025908691395139946,0.006081172169071776
TUBB,1.3714665458544268,0.03383014619333531,-0.02624768410342656
MYBPC2,1.370526390703392,0.0251084309859767,0.020872990166562407
HS3ST3B1,1.3704848018346956,0.020080234689953232,-0.008758227520607568
SLC22A18AS,1.370357282157937,0.025297827422678186,0.03341575068430361
PDE7B,1.3694938059828086,-0.0042284079782446155,0.007963869358660202
PTPRC,1.369023263608898,0.030856046174847496,-0.0034516103305410537
COL1A1,1.3683056805153024,0.028499724017396314,0.02346550993167019
ARHGAP42,1.3660753118014861,0.03469059509158882,0.0060709235568330135
FYB1,1.365555993110415,0.02931001302634501,-0.01634922738963601
CHRD,1.3637187989589947,0.01044063367623557,0.03610411376699653
ERICH4,1.3631340258601419,-0.024950151130751053,-0.014772925758076498
WDFY4,1.3622618330019653,0.01981447811296113,0.0054085581243482
CXCL2,1.361751384269182,-0.016663636324094174,0.031111949767484555
RNF150,1.3608315983240757,-0.017091915604194985,0.003530438425854861
CCDC198,1.3604232896538198,0.015106943102073526,0.011612189069207291
ZWINT,1.3601254094134747,0.028996928819221297,0.01321715580109161
RGS10,1.3585552366831393,0.03799304830133982,-0.009294547017246229
IGSF9B,1.3584235199482195,0.021408175187461964,0.026490177340864438
SYTL5,1.357216324682089,-0.008584564937198832,-0.027970087682504044
IL2RG,1.3568265531242945,0.03605292998648506,-0.017450019945486655
FKBP5,1.3525561795238028,0.012142014603187022,0.010216136507703276
ITIH2,1.3522893942535417,-0.00914269098428312,-0.013917041957015961
TUBB2B,1.3506026283296246,0.02408351853426592,0.0019165953761898775
TDRD9,1.3500726466752129,-0.0035847714192462975,-0.026718192888084805
JSRP1,1.3500135956283401,0.030019196308871753,0.011568485858119216
PCDHB2,1.3498453586044905,0.02051464797891156,0.002623673136929015
AFAP1L2,1.3498452266628225,0.03522004690589554,0.002191884226252863
CDR2L,1.3496138951801755,0.026967441694940787,0.01606747818073748
SLC10A2,1.348885970593758,0.013260512808795472,-0.0073577766588290155
RHOH,1.34628501744006,0.03384436173215943,-0.007255705836032941
BRDT,1.3445898397367706,0.01550118367573526,0.02163659286422637
AIM2,1.3444672240745295,0.03485831796924571,0.01784324229719205
SYT13,1.344341153679707,0.021001279187868795,0.01224759634524411
MND1,1.3436445583349976,0.015053973748792342,0.03569200954527224
CD96,1.3433727016103176,0.029882393665453397,-0.01188274710148699
PSORS1C1,1.34325832524721,0.011978995687724066,-0.020242874243692647
SLC5A8,1.343202484212072,0.009099587250643588,0.009899632193402827
NHLH2,1.3425738543348136,-0.006853513927044139,-0.009722594898717105
PREX2,1.341256178446079,-0.020452216537715322,-0.00876893466780818
SLAMF8,1.3390208007384519,0.031980144087748144,-0.014427634392340528
DDIT4,1.3389703452111423,0.03643576216730272,0.0007400698237164985
GFPT2,1.3389339205218986,0.0022482936663173496,0.02621720927087463
CPB2,1.3377366761527298,-0.017339028222927978,-0.03667734536392012
DNAJC22,1.3370439672935555,0.028313710287765435,0.01724601742347867
SPSB1,1.3367169250622037,0.01363572428469471,0.04990080968083002
NPW,1.3365942217866418,0.010950112999607527,0.02910979285979269
VAV1,1.336529473620323,0.032371963651587954,0.008120464136723848
MAK,1.3361254249630972,-0.014025672505669978,0.031322956318263
GBP1,1.3358384325780934,0.03344048527427758,-0.0040494408763821245
C11orf91,1.3349214930608497,-0.028767004165107,-0.004182999749046705
ZMYND10,1.3338254880081486,-0.0303067879432144,0.009516997313136199
KCNS1,1.333433367442094,-0.005795015030188782,-0.03605187974687651
GJB1,1.3333431951652996,0.020593226592034428,-0.02857864132694175
HPGD,1.3321109130379816,0.0252718347099583,-0.009738071763852918
CCDC34,1.3316307137325871,0.032787199378109706,0.017502811668113804
MMP2,1.3310875217520737,0.030539939675648595,-0.032980789276322406
PALM3,1.3295078931180062,-0.004538763986157502,-0.004226743386830766
PDPN,1.3294263183243047,0.015822791301221623,-0.020982667584228322
BRSK1,1.3284777572077,0.020962930235094365,0.024769310110831912
CD84,1.3280721361265926,0.027902152716184004,-0.007782099444332419
ERAP2,1.3278101479494593,0.02309117439421948,-0.015352607325113697
CA12,1.3275204017878601,-0.023990696135546913,-0.007109353450196999
PROC,1.3270952980755792,0.008153986759296763,0.01684705609014628
SPIB,1.3267937221336041,0.030205683914960937,-0.0004342138090367427
CFAP157,1.3258675923262486,-0.017730243769445854,0.0049255816262854255
COX7A1,1.3240306577290255,0.009815539357010775,-0.028410550585241664
COTL1,1.3237876997628464,0.040340514563218265,-0.015970659886749897
NIM1K,1.3235702385159145,-0.01200125312964275,-0.031598302070486146
PLA2G1B,1.3235486533693532,-0.005539332405953075,-0.037435883258011726
STAT4,1.3233524449898344,-0.014676900723041248,0.03993652968920919
GCNT1,1.3223341307770244,0.029321650450498973,0.010707898747222012
LAIR1,1.3222925422730476,0.0307546805362382,-0.030728170263945278
BICD1,1.3208088483985623,0.010714201927187344,0.03280805890228394
TNFAIP3,1.3207793353401958,-0.007381975810625743,0.029378628138030355
CPE,1.3198245768516585,0.02488910370880553,0.006600597149991721
MT-ATP6,1.3197755043708037,0.01784998356294487,-0.02632129910380958
HCK,1.319291870654301,0.027370796979748608,-0.01506728740922183
GADD45A,1.319271967676157,0.02018877265646555,0.038009310813005855
VANGL2,1.3183993656756174,0.015251787026588939,0.015442979192955902
HJURP,1.3176945792029708,0.02692125010665126,-0.00249541473652318
SAMSN1,1.3176568049198965,0.0293942834820297,0.0052388594835629364
KHDRBS3,1.3176275077712567,0.023674480579366622,0.020619685167423827
CD5,1.317574150598895,0.03031501237236474,-0.010937040392605709
GIMAP4,1.3172586114966327,0.018807675426442603,-0.046148311489577466
GIMAP8,1.3159404311935101,0.006163555583880154,-0.05321369124969346
CD6,1.314271883812081,0.029145998787231182,-0.014253800965291519
HSD17B2,1.3125382759474393,0.017085335485937332,-0.003292068979858722
S1PR3,1.3124252844305355,0.010702801910621083,-0.01115789036053492
LTK,1.311935089448978,0.024891803854054807,0.009846312428794895
CD69,1.3117708196228264,0.02377795656796832,-0.00451026863387457
SRD5A1,1.3113887801778241,0.03064450369087822,-0.02050912256454147
ATP6V1C2,1.3111455009421777,0.009283489173050757,0.005391907608735294
SERTAD4,1.311126547989814,0.03506593209813941,0.003507435958636985
FUT6,1.3108974264041384,0.0008999104112705906,-0.0063594981608405075
SRPX2,1.3108842394348839,0.02634720977884068,0.01252564462392251
TM4SF18,1.310525515979087,0.009851475607272743,0.022999950035776068
SLC17A9,1.3096073212197805,0.014765393719447805,0.03112646242778198
LOXL4,1.3092926527214093,0.02637321467138143,-0.0037989429105772625
APOBEC3G,1.309219735943342,0.03237159599999518,-0.0057035907148297186
IL1RN,1.3063697907793155,0.02169644206728514,-0.0030432289050276915
IGFBPL1,1.3046167669226776,0.021325220834989556,0.009949423617663622
LOX,1.3030671281341477,0.024172054452599512,0.007969229969419973
HIST1H4C,1.3019355833898436,0.018613607876412353,-0.04356054548612534
RAB3A,1.3016994600041094,0.006219516009572109,-0.009012927082553851
SNX9,1.3013418855491012,0.030552277075952875,0.03027573196910729
SLC3A1,1.301029991293476,0.003280842196886875,-0.0037433696217468834
E2F3,1.3006836080678696,0.024030691445479504,0.03257750130561924
FPR3,1.3005685603177344,0.025140606781008466,-0.021183744900857605
FAM122A,1.299398604447184,0.007884130500932191,-0.05527044712853516
MT2A,1.2993604561177416,0.02396974259928405,0.022165285029755708
BIRC7,1.2989139190633914,0.022386314661038346,0.02378218467659947
KIF23,1.2980103383584123,0.004590015803866959,-0.002092775389818469
BIRC5,1.2969313022939188,0.022889369886056676,-0.000453735440590715
RASSF10,1.296879217803737,-0.01237352258406247,-0.0247297209084061
SELL,1.296685468766088,0.03500182121951279,-0.0019259487893268695
TRIM71,1.2956882224568709,-0.01814947480996142,-0.028137950607020693
WFIKKN1,1.2952594602179262,-0.016390394876351275,-0.008375136907474209
INAVA,1.2952113282655295,0.02721259787864054,0.030958570399988262
GPSM2,1.2946887556172553,0.027150215245601995,0.007705325753323409
BMERB1,1.2944573930031387,0.015116013403907436,0.02199542555970966
CD3E,1.294337060262285,0.034267555305446534,-0.01992568737986001
SPATA32,1.293284301325302,-0.02006567314577316,0.032439734249790166
PRRX1,1.2932180834676272,0.024571564658965466,0.012627411910061158
TYROBP,1.293178428924293,0.029955803103136697,-0.019408679119550014
KCNQ5,1.2930163917715862,0.023894848522136327,0.005778552764700156
CATSPERB,1.291376865766279,-0.008569309722263996,0.04075237723505663
PGR,1.290898851471038,0.0034843636241274423,-0.010497623364397368
COL11A1,1.2907501802349948,0.0048304854189775955,-0.00026927582467935613
KCNG3,1.2898834401657264,-0.004672492905547726,-0.019286948974862668
EPSTI1,1.2895206824539187,0.03243685948335818,-0.0034179740635885444
POU6F2,1.289132460844824,0.010813350191282869,-0.0058367673676525565
PLA2G7,1.2889890315920436,0.02391195378884985,-0.010220660053493577
FAM210B,1.2877291294409656,0.022488729079885774,-0.04113225147599128
BRINP1,1.2873629353567457,0.016339924938079158,-0.00013688768055995033
TMEM217,1.2872246279504869,0.005717835730921142,0.042715594527699755
APOC2,1.2865847821601488,0.025596717638573966,-0.01248297597710536
RNASE1,1.2860689106010812,0.011144780594459074,-0.01940225582101933
MKX,1.2859643769347258,-0.00825527213806473,-0.007831389705715487
SELENOP,1.285905497012921,0.007720754574554767,-0.05173234289573619
DNAH11,1.285676248624999,0.024338509848215503,0.009779691894858101
LRRC36,1.285539733505678,-0.0286050389055089,-0.013891016006935597
FAM118A,1.2852432465631947,0.0010234528314058298,-0.003094791459965775
BDKRB2,1.2851193857963856,-0.016555298200209637,0.018547931595723093
CD27,1.2836311126107836,0.03633209389363445,-0.0048028940275220205
SASH3,1.2825333718939496,0.031508752543355674,-0.025421298876498417
TCF21,1.2811167029809991,-0.0008304236740052099,-0.046881715352969984
PAEP,1.2793977858429388,0.012550191795457835,0.001626656058475558
OPRD1,1.2788306722617702,0.0015534672789314127,0.01266684764369633
C20orf85,1.2781674550626534,-0.0009990473357143709,-0.027491187378163574
CFAP45,1.277702462576473,-0.002828139322676551,0.030356010246318385
PTPN22,1.277173196805142,0.03312911168157223,0.008276043001754276
IFITM10,1.2771403841539373,0.017483642923906337,0.027232048722007192
LILRB5,1.2760946129871205,0.00661008223013458,-0.009460127316919798
GNLY,1.2759818243013044,0.005919938439932057,-0.0008730639771181522
GNG5,1.2757377173806579,0.023125208483816738,-0.02968622044475715
HIST1H2BG,1.2756435053208643,0.02341181229963569,-0.006492944248042399
SLAMF7,1.2746000102185087,0.033770578066161155,-0.00351437953774892
ZC3H12A,1.2732030729547974,-0.012422384807190599,0.041286115247339286
RNF157,1.273163913213652,0.03045535446142477,0.01289669279657916
RERGL,1.2716327277712227,0.009607685821748233,-0.0029688252909634266
HSD17B6,1.271505812140375,-0.0015211826029871082,-0.04791371725750526
SOCS2,1.2712039786300633,-0.019407029451369334,0.03005594426236752
GSTM1,1.2709485282193762,0.010784413871675716,0.008340059434561205
BNC2,1.2699041715634078,-0.019115975930894178,-0.017570002123175464
RERG,1.267840086481021,0.02550193216945137,-0.013177299367306505
RASGEF1A,1.2677252322838377,0.02333702670815678,-0.008751225462841298
SELPLG,1.267453645218113,0.023843961998017107,-0.030610996882568853
KIT,1.2660447467232532,0.02111305292533658,0.01864144749087072
CHGB,1.265981529364503,0.008360416869053726,0.006082743521882164
RRAD,1.2659554746233102,-0.0018962264011477235,0.0324588802765135
ERICH5,1.2658973104020634,0.021602241664669054,-0.002343455743289752
SRCIN1,1.265732369705944,0.020353130637983472,0.017134352191004867
TSKU,1.265513494810821,0.027576250424895716,0.0062325860324627625
NCS1,1.2654324154130578,0.03433566107977645,0.013815249872021478
AR,1.2650673075349854,-0.010468647190652743,-0.02780751467686126
KRT5,1.2648205499961824,0.014325242615913787,-0.020172374578384427
LDLRAD4,1.2637602896441338,0.03281701712702172,0.005704792178008883
TMLHE,1.2636642366412743,0.021144780066057828,-0.014053820695825713
TAGAP,1.2627044334053934,0.02586530898964449,-0.015632598739203613
KLHDC7A,1.2620241725347958,0.025263461261012417,-0.017419731619354686
AIF1,1.2619383092138825,0.0299651004352555,-0.02725757720967618
SPHK1,1.2609663078336903,0.00930790479805202,0.022278476377806018
DISC1,1.2608539279885869,0.023164142421488457,0.023315995285278678
MXRA8,1.2604520498244962,0.024875538579032935,-0.002909331027924596
CSF1R,1.2590682243599403,0.027734188429425665,-0.02358502582106455
MNX1,1.2583093261965204,0.009833882522326602,0.0025250808672518665
HNF1A,1.25725137381727,0.01044262962552714,-0.003810571825103642
CD3D,1.2570492270469782,0.028014120397401636,-0.0100326057936123
PSAT1,1.2566811220053922,0.03510236168748614,0.005941182432642881
TNFRSF21,1.256395494604534,0.013366540587161482,0.051862868859950645
TRIP13,1.2554652709689487,0.023611565145351843,0.01833527546742029
PSMB9,1.255459126126317,0.033443935148634696,-0.017059663585574696
SERPINF2,1.2553959763803415,0.010020603141537422,-0.019254340832568245
GABRP,1.2551868329222005,0.02673607195768448,-0.0008349662052949519
FYB2,1.252669788163795,0.01740103218641804,0.02072167481149353
DTNA,1.252013916980652,0.01608613008637384,0.004893900885913056
MFAP4,1.2518415889267573,0.0032552106275973553,-0.051537524240292204
COL14A1,1.2511579589444113,0.02002463094986522,-0.007025065849713009
SHISAL1,1.251071500755578,0.0073665165375257705,0.03073734856863731
LAMC3,1.2510352994583056,0.007272032232577357,-0.022816267502352622
BTBD19,1.2507920953085065,-0.02079879301124874,0.042126581707635335
KIF20A,1.2503006759929125,0.027875238084254995,-0.0001197084516554887
SFN,1.2501387447694299,0.022096539131449214,0.02173941964186597
MARCKS,1.2490402927962672,0.02819954411603469,-0.018934436768260978
MATN2,1.2482567342517799,0.021643254006927987,-0.01800532854153143
GPT2,1.2476487898133588,0.028103868039504,0.015682992775744538
STEAP2,1.2474879393936391,0.028294228958778683,0.002233071292720358
NPR1,1.2472419187667245,-0.0011956078658405373,-0.014260239801461294
A3GALT2,1.245133599344135,-0.02418706054292657,0.010239526420811483
HOXC10,1.2443004851571149,0.015516064652055607,0.012741118722918342
CHRM3,1.2442017155013299,-0.011658928520438904,-0.02708940225846151
PHLDA2,1.2437996861792426,0.01876611019976125,0.03644754145222744
NDC80,1.2427684464686521,0.0286536759439794,-0.004087215701149727
SEC14L3,1.241713070427716,-0.007378627159665368,0.0017907355690357284
PLD5,1.2396224503989037,0.02635483029271484,0.021235991505776635
CCL22,1.239589816420685,0.030434167390155205,0.01351996958762743
CHST2,1.2390556942932207,0.01934398910713524,-0.009257427947437108
BTBD11,1.2385008719145119,-0.006566406005906532,0.010991427482785412
SERPINF1,1.2378076110251204,0.026382668466798938,-0.015808401281449218
HYDIN,1.2376014900514967,0.010044136853891453,0.006121776300724665
PTPRR,1.2374583963623316,0.012523361567188612,0.0034658741247277623
SLC10A4,1.237046599718711,-0.006476351685318434,-0.03097040368968219
ASPG,1.2366999737077795,-0.007079161324860429,0.03289381075734342
BCL11B,1.2366039079053677,0.029979774766070492,-0.019681577084097526
LY6E,1.235563075995093,0.03142272237457258,0.005451152849976468
INPP4B,1.2353832162101999,0.03077391412539432,0.006914651953283991
NUSAP1,1.2352086456834632,0.025126424845911894,0.004537520244343362
LINGO4,1.2325205951691813,0.0014808314673204013,-0.01884903458393574
MS4A2,1.2325197960909733,0.009126616527282765,-0.014680286244763016
GNA14,1.2318083074615844,0.019679148602417658,0.03833099826263871
C1QTNF12,1.231734192275396,-0.004198581985942792,0.02137516814464287
DOK2,1.2311529388597309,0.026184536538786843,-0.0298946381551718
HDAC9,1.23003045024903,0.0337624456407195,0.005874519725104058
DPYSL3,1.2280611813508038,0.02917521286600572,0.0010233839400982721
PLEK,1.2276486211756563,0.029680340348246778,-0.009417854673723912
ABCA13,1.227384742329916,0.01693440513391867,0.01684594348019784
FAM111B,1.2269149375116915,0.02726017593352159,0.0047347373145831565
THEMIS2,1.2250444654895458,0.02921872230046308,-0.008758959019563086
LCP1,1.224639897175396,0.035557640159979684,-0.02120468019265452
IER3,1.2242579808801966,0.003047333591506128,0.0420109262617746
IPCEF1,1.223818206280511,0.00921389597941534,0.028399443168362556
TRIL,1.2237302264753451,0.01556652589866922,-0.02162806376418637
ZNF682,1.2229346773754803,-0.014981517012888395,0.006700091101116211
GPAT2,1.2207356815250126,0.0073459796453503754,-0.022501578479414596
CCR5,1.2206903847536243,0.03180192099616455,-0.005759172990344028
CAPN12,1.2199338840463183,-0.010088683055943765,0.0074519652996344376
HSD11B2,1.219534096129238,0.017048017603763326,0.007581953084123142
TLR3,1.2194285083924754,0.027399222355415913,-0.024853354213714724
MX1,1.2192735794118374,0.030381335618655973,0.007068695583502125
HEY1,1.2191043018008,0.02183264841240729,-0.0021856942771831165
WDR49,1.218617516379287,0.018502870042137194,-0.002572713126874402
FERMT1,1.2184120781201497,0.028286167752779458,0.01999328953479625
ALDH1L1,1.2170588961327775,0.013984107809989205,0.004454081918199683
PLEKHS1,1.2169060617192153,0.01892783009754691,0.017690665136804173
MOXD1,1.215949927024611,0.029585789025785406,-0.01635399221358252
AMOT,1.215928088110503,0.02738361233865584,-0.004815204910335566
HENMT1,1.2158452753243278,0.026860521599233602,-0.004980596721036355
FAM3B,1.2148121414801687,0.014695312863919964,0.0009814105264585701
PGM5,1.214367182608825,0.011084515920013232,-0.013990916848725382
GRHL1,1.2138520972346734,0.02127281023840775,-0.0004627915010593249
SLC5A9,1.2138500094834745,-0.00029714993504175515,0.006844984868668724
PDGFD,1.2109451787636036,0.021758217901518277,0.014952572139457465
IL1RL1,1.2107735005257374,0.0009602017963779174,-0.021196610711998267
CHRNA10,1.2106528449973648,-0.027877935334143743,0.02691930004331076
CST6,1.21056495485739,0.028559934835328895,-0.008020806559152594
THEMIS,1.2102333971771504,0.025505182424609935,-0.026310539426649567
ZSCAN31,1.2101100903914754,0.027220043581831953,-0.004217844901523312
TMED6,1.2100331807699203,0.0027689083895702,-0.019135205236111254
STK32A,1.2097501291528234,0.007495936104040643,0.033578936831201306
EFHC2,1.2093333171266047,0.007774227054781913,0.034517473516630995
KIF2C,1.2069866530834463,0.03322982608376341,-0.0021308631129657854
WDR62,1.2067382270401321,0.014630083799445732,-0.0006094252449253362
TTLL6,1.2066710758925328,-0.015992076703978637,-0.021162972848802832
FABP12,1.2060462303499606,-0.014200120544549406,-0.02670584671739435
HSPA1B,1.205995679091121,0.010760253319468602,-0.02295812342860918
CBR3,1.205289397312426,0.029304638491932912,0.001268088657814326
CYP21A2,1.2049708586615553,-0.013019415391102731,0.009075836522006176
RASAL3,1.2042331599832707,0.02512649233720358,-0.011265786165679205
PRR29,1.2036311162544233,0.011675694469681272,0.02253066192442028
DUSP2,1.2032238191575337,0.010173377798210296,0.01993057695161359
CERKL,1.2026106788600728,0.024252773635497493,0.01509573492540854
KYNU,1.2024589188912143,0.0012724074656882919,0.01640136087748613
IL34,1.2015285238319304,-0.01826137184021229,-0.013717954677334934
KIF11,1.2014787252258616,0.03142059307186158,0.0012401546187896352
SLC51B,1.19999888573072,0.004774422889456751,-0.021180467916598316
DCC,1.1997057372199331,-0.015321725904107393,-0.008075908870436804
DSC2,1.1996885572816713,0.02945922618982297,-0.01109605922752629
ITGAX,1.199230100543391,0.016820442851099168,0.0066958027683973
SYNDIG1L,1.1990649286576125,-0.028447519240919573,0.024486172840263998
CDKN1A,1.1988959578091862,0.016558639931497587,0.039863447699465246
KCNMB4,1.1984551890839654,0.011511592271672881,0.008324821738551775
WIF1,1.1983826270532139,-0.028993275318064407,0.006143349681583828
SGK2,1.1971754469494382,0.004979314207823319,0.007966246330725343
PRSS23,1.195796983437249,0.03317569351261404,-0.007299657741852711
MEGF11,1.1950849998806925,-0.017444813982838207,0.001012826731028261
GPR132,1.1946484108928634,0.03119921848986731,0.00905782932522912
KRT7,1.1939263362447174,0.027147413597503812,0.028465349120261454
RAMACL,1.193532609948209,0.01491319873907972,-0.014038457239207137
SMIM10L2A,1.1930574332436172,0.013615472454405773,-0.01662206662819879
MESP1,1.1929110274436854,0.015673044631361592,-0.013910531293819446
JAK3,1.1918134686735389,0.032378176648885676,0.012682312536670487
CHST6,1.1901921579753925,0.012675060062782156,0.015577601233669962
CD3G,1.1892815722550614,0.029102279750216304,-0.012984719459406827
ZNF454,1.1890691342626845,-0.007839757761233,-0.005429995110215385
ZAR1,1.1885444635841045,-0.017154415221312468,-0.019815375089600615
MUC6,1.1881668377800028,0.008477619365012488,0.0015764797590076835
CRYM,1.1874790241559032,0.007706697685648892,-0.016583736736646034
RHOBTB3,1.1869461119692832,0.02160129852536667,-0.003330647611813921
NCKAP1L,1.1863112176511792,0.029655201611079138,-0.025960746663718923
PLAAT2,1.1852135819001075,0.005706923572175662,-0.008629774755389712
MCM2,1.1838088490812964,0.03153484976130614,-0.009592797424781523
CLIC4,1.1816847094289857,0.01330343350101759,-0.0415032567369645
PHLDB3,1.181026956841979,-0.008102117528442365,0.026614981520534892
AURKA,1.1782075559976966,0.00933052774611922,-0.01645817768087235
LAMB3,1.1771974530388112,0.004623193002343324,0.031655115686011544
TRIM17,1.1763639721450843,0.01104351411867063,0.01687867820557056
RAB37,1.1763333417492996,0.018398530682647317,-0.020481706746056937
ANKRD28,1.176275512091991,-0.01813696671926735,0.04350742237105774
MARK1,1.1761471682535787,-0.001699178087158797,0.02467252426621622
BATF2,1.1757328703925698,0.02175902875833817,-0.035048252602311
PRSS45P,1.1756598263881157,-0.005903429658520008,-0.0078014775293456075
C3orf67,1.1755959389746506,0.021870862612427048,0.013810920240113217
MUC16,1.1750970724479213,0.023495996433473297,-0.0025134534664207598
COMP,1.1745256589549502,0.02866609684165502,0.009288308595058525
MT1E,1.174342496544071,0.015452933378949547,-0.008606909982437018
C3AR1,1.174181749910985,0.022344613650629057,-0.01981607672904876
IGSF9,1.172820280389294,0.02323629713109507,0.017821627348595232
C11orf80,1.1727316782932362,0.02725438482115725,0.027879551428641933
EVI2B,1.1725668461389438,0.023092747311433327,-0.02892142004919989
CMTM3,1.171796490496846,0.03668815394364468,-0.007952939253785794
RXRG,1.1715957708506255,-0.0075225458424432725,-0.02452560809447357
SLA,1.1713564477471279,0.02856297532182031,-0.003731322600150138
CCL4L2,1.171247735254254,0.022388676066181303,0.0008138947352558041
FGB,1.1711213537548657,0.010875902168458018,0.01042226346268927
MGP,1.170768907344079,0.0196322391640388,-0.03827722923746776
ITK,1.1700950231318012,0.01677379655402801,-0.008602759798346524
FOXF2,1.169750990149025,0.01672669228510624,-0.017102445958924094
TMEM132D,1.1692859900510275,0.014743270612728877,0.015867400317410397
NR5A2,1.1689853895919635,0.008697144393679985,0.012275881976892864
SCGB2A1,1.1684764858761274,0.016503551869012936,-0.00255351713541217
SGMS2,1.168189260606934,-0.01337344414705886,0.024211095968149295
REEP6,1.1679122045033,0.022983246713068874,-0.019061392943203193
RUNX1T1,1.1678514903771595,-0.011656937321607648,-0.029126865459355486
PRF1,1.1676147809041495,0.013395413771918234,-0.027297802851295575
PPARG,1.1674221902683788,0.014836413823197179,0.014324923672664238
ACMSD,1.1671587445197544,-0.0024542596322772205,0.04484239253464557
SLCO4A1,1.1665354349669703,0.007416820680239104,0.0283804828718589
FOXQ1,1.1662880069125592,0.020969238965051155,0.018562988339807792
GABRB3,1.164673724076394,0.013116994143098224,-0.0013641639571462404
GPD1,1.1643945163955194,0.007245844487985974,-0.0003128394338410937
CCL17,1.164083570430306,0.015505410142196847,0.008481700863462083
CREB5,1.1638204065771773,0.02030141799004025,0.020062711168383283
CLEC10A,1.1635336630036477,0.023689993762012855,-0.0137409999262139
RHOV,1.1634588892359305,0.020840122595898233,0.017026314865547083
EYA2,1.163340066174912,0.016613572534132315,0.005722130881895058
DBNDD1,1.162409152342575,0.026792289100933345,0.010549268152815571
SPOCD1,1.1623192420293504,0.019102509408490793,0.021239782738414266
SKAP1,1.1622619455631857,0.02603757561959987,-0.011141652861076419
PRUNE2,1.1617588917334631,0.004431591983007784,-0.004727593700231658
FZD2,1.161370449694463,0.024949581682275814,-0.0036976756981160716
TGFB2,1.16014308325353,0.01359251788959151,-0.002259289185878782
PLAAT5,1.1599198546438476,0.0018863861217367453,-0.02552043599748422
REM2,1.1598087840143851,-0.022376718062769436,0.007831231338770747
SYNJ2,1.1596319109922306,0.020058580028187195,0.039296113545114884
WFDC3,1.1594050694748645,0.012973240623867587,0.03551275996404412
HOXC9,1.1593322702626239,0.017141275267081948,0.019023245482712232
DUSP6,1.1586748512670542,-0.002586415515841512,0.04484099587233946
CPNE7,1.1574732099723777,0.021544504148951316,0.017847113876745185
IQCA1,1.157179683081697,-0.01287857699912501,0.0077525776075181435
PLTP,1.1562126256834762,0.031200801323711627,-0.015385275570623918
PCDHB13,1.1558739230952988,0.01217768621276777,9.454773596510214e-05
NTF4,1.1539018427250787,0.017225459446496113,0.0020987036273273905
FRMD6,1.1537712687384987,0.02511448824932678,0.0032190452151783385
BTBD16,1.153601613023709,-0.014857900445097856,0.010767227329664163
FBXO32,1.1532461647220154,0.028946393781628072,-0.008175827345498998
SIM2,1.1525973320145553,0.010203339880834456,0.002825587427760665
TBX15,1.151879387752824,0.011954297958869002,0.037022406313746106
SLC7A10,1.1517529805590558,0.006481949879422252,0.01854533249443021
S100A2,1.1517251934093322,0.01374665778538781,0.026595953376908184
SYT2,1.1505450460366702,0.022585999366905307,0.013272230307696777
PCP2,1.1502781787830532,-0.020589455130855493,-0.01759578207614101
EGR2,1.1490564851237108,-0.00522560019882737,-0.006404288592798256
SYCE1,1.1488705184476962,-0.009775200336851404,-0.0004206522929295077
CA10,1.1488206422703793,0.014971657727851096,0.010346726611370899
NHS,1.1482404070925365,0.017136855298551124,0.0001231707325924336
PTCHD4,1.1477763492038755,0.011983860690060117,0.00980773862237304
SECTM1,1.1475362789797559,0.031280548723966094,0.0021944078583334857
KIF1A,1.1472857127393168,0.010742722756414908,0.0016822456094214067
CCL3,1.1471140036771021,0.016562478638553486,-0.001302917999497443
SCD,1.1469386531831858,0.011629984124292963,-0.044751357476986164
UPP1,1.146845192118534,0.006490660795710273,0.05022511052940373
DUSP8,1.1463146298018936,0.0028681965579165896,-0.00662657372882437
HOXB7,1.1455799425619397,0.026484389945460804,0.009453331990814325
MAB21L4,1.1454536330630203,0.014528204499860996,0.01084428388357756
PROX1,1.145025919312024,0.0170829239789425,0.003722771692694984
TRIM55,1.1449165727446726,0.012570549695747975,0.015730667313321296
RMI2,1.144757168374313,0.028692155862403625,-0.005113616967028148
IL4I1,1.1429361511894207,0.02164505558931533,-0.004966668561727794
HK3,1.1425222920161455,0.010700001342750893,-0.012891001773815268
PTPN20,1.1418709323256897,0.012742348511298665,-0.028332228280954472
BCAT1,1.1414383188131827,0.020533494555642566,0.006144113282309396
PLCH2,1.1413366978692705,0.014711867822104057,-0.007613202177973453
CBX2,1.1411587963344514,0.025018675900970826,0.0174361391063316
LCP2,1.141057222475443,0.025564338484526498,-0.014884848354904497
ITPKC,1.1410417120657252,-0.009715035786929296,0.028196758454831005
IL10RA,1.1410415506711362,0.026684642254560006,-0.017897665351438892
GPR137B,1.1408585232836073,0.03104763838835941,-0.004023956822516018
TINCR,1.1406171941706966,-0.007774878937069114,-0.015112654615761717
RIMKLA,1.140173799135989,0.02806528353259616,-0.015741495656772936
APOC1,1.1396918273545242,0.024237274758275005,-0.03392917576099712
NPTX1,1.1396482660173006,0.016413973128163895,0.0022020337742279573
SPATA17,1.1394059402815573,0.01234404689449748,0.028768679908986634
SALL4,1.1390164777231222,0.01536630151957316,0.005381258104118552
TSPAN5,1.138968105629705,0.03322971206372643,-0.0031654801291329483
HS3ST2,1.1389571279323425,0.013519210202395241,0.00852152397031957
CLEC14A,1.1387965589910947,0.005569861736518317,-0.048427594362900075
ORM1,1.1387645642699618,0.014666599658815256,-0.021995519724544194
GLDN,1.1385414730245103,0.007547000555212065,-6.29254283227564e-05
IFI44,1.1384776139721637,0.024126743972205694,0.0064536048463120325
SOWAHB,1.1372419281470756,0.01396060166191662,-0.034484723329536504
MKRN2OS,1.1360642424077108,0.03540600739386292,0.0008166955545584089
BIRC3,1.1357074838599521,0.016867939426926905,0.015413630476682075
HAS2,1.1356070822140296,0.007324566077739979,0.020552107596636702
ADA2,1.13516611074012,0.026633930711634994,-0.01223379592365964
TREM2,1.1350015787391783,0.027181711668182767,-0.018523580785583693
COL15A1,1.134957763859703,0.028213033039767063,-0.004335066281358592
FKBP10,1.1344971269066018,0.025962961931545438,0.016811912622032674
DEC1,1.1338511601458436,-0.006816409438854513,5.81098002211389e-05
PYCR1,1.1336843224463553,0.025272341968314183,0.017514201179903138
CLMN,1.1336101989369882,0.017657768352648182,0.0193178726788141
SP140,1.1333884155574991,0.029378830502999203,0.0022745207666098437
CDH24,1.1329197807908387,0.017337873387769837,0.025606639526543473
KCNK15,1.1328776431935925,0.002538795414063778,0.010183448940565606
KIF18B,1.132825508264408,0.028322542613557794,0.004000383962120243
LCN2,1.1321708699440618,0.008481304987958304,0.019651534580025838
TEKT2,1.1316964722153997,-0.006292783486182525,0.01062572986242843
ENPEP,1.131493050682137,0.011460039807095214,0.016503647233557815
NCALD,1.1304025899013446,0.02134312161553736,-0.006708681009108813
SPC24,1.1300984882963774,0.019581595459674726,-0.0021026176669932724
NEURL1B,1.1300402119330335,0.02249959666658534,-0.0023198955913697034
TNS4,1.1288741428401685,0.004478081683549299,-0.009832084931033004
USP27X,1.1283810477520233,0.0031585755010035683,0.021416573041446754
SYBU,1.128124111585531,0.00629395002661385,-0.03072348465197193
MDGA1,1.1278391131568202,0.023205828730351832,-0.0006101212392662139
GPR87,1.1277816166504686,0.021031592638162955,0.012556372181269173
PLPPR1,1.1274305928198591,0.009339081741772483,-0.03220354032682392
PLAG1,1.127206611489458,0.000789112695306147,-0.04161470673370747
RASAL1,1.1259336030097462,0.020332219103222263,0.03732005627451543
TRERF1,1.124903043183426,0.01921074351280537,0.011290251576313345
MYZAP,1.124357010895252,-0.003173631171157578,-0.04171699917124412
TMPRSS6,1.1240036744046256,0.01923786319536813,0.018349674211659617
CPS1,1.1232947679183802,0.010350155846034359,0.017263939489530183
IL1RL2,1.1219806770617615,-0.00212006261410556,0.043523132930027984
GLB1L2,1.1216051259644777,0.026898510674683428,0.004573947312143538
RAMP2,1.1215504368335725,-0.0005460965642791771,-0.04269234900665584
SPN,1.121512361359733,0.02283734144209301,-0.033393114090014664
STC1,1.121451802114909,-0.01602749176005546,0.006658411918777133
HAVCR2,1.1208946262687538,0.024538840531548794,0.0069853479297111425
GOLGA7B,1.1206990666216319,0.012453106283226788,0.012516710788679207
STAC2,1.1205820030291087,0.014101415380798479,0.01018631711672367
TIGIT,1.1205632138057813,0.0323634896579648,0.0012071347828186262
MCM4,1.1203168608809138,0.027407191027041134,-0.007042142730814443
AOAH,1.1187134402525054,0.022701224970536126,-0.008662844969836927
VNN3,1.1185230544100973,-0.008315278157110174,0.02429196176719564
CPSF4L,1.1179434336229204,-0.01816577962089513,0.016737441567310954
IRX3,1.1177340721859754,-0.0004938254751270714,-0.04101701199283692
PLA2R1,1.1172719779038711,0.017980293731679902,0.00991576763438005
KCNJ2,1.1171954369234112,0.001392369341560458,-0.015933519175469125
AMH,1.116993447773333,-0.00372894947969528,0.00970962150611955
NR4A1,1.1169014232411603,-0.021948745749770997,0.010475017783473251
POF1B,1.116795825784741,0.014908674799209203,0.006083169535046288
MDFI,1.1165397447929215,0.028136677457877294,0.017913459014370837
EIF1,1.1163052550412795,0.01113030707501736,-0.03671468484981939
PRKY,1.115689305365044,0.0015536629777081982,-0.0028606276650808677
PRR7,1.1154413429255294,0.02839234794128494,0.005011654902306961
GJB6,1.114787775526277,0.021081362324771508,0.010537199036151274
PCP4L1,1.1145237355190325,-0.0014037887052064423,0.008125446772886367
RYR1,1.1138883668550372,0.014864245587460481,-0.007374294121360766
B4GAT1,1.1137962594641073,0.01145439826604207,-0.04471674982600331
SUCNR1,1.1136740942458925,0.02048568688298998,0.005617891919393132
TXNIP,1.1131347149851296,0.005796917933307726,-0.045556357803266286
CNGA3,1.1130913386307455,0.0062939490785325425,0.03780724628472909
CDH16,1.1120743341006922,-0.0036284026588918627,-0.004697114113086324
TINAG,1.1120518710345417,0.018452637375096066,0.009405236474221618
SFRP4,1.111771017036834,0.02449675985723512,-0.0021355822234438737
SPINK5,1.1116080739662924,-0.01161411641212579,0.011730429285266523
HEATR4,1.1113182750167676,-0.00447915010422156,0.00569608826289496
TFF1,1.1111932406016696,0.004418890452122089,0.01254382674124771
PRKCB,1.1106638685892338,0.02899450269466276,-0.003106288632791999
NLRP2,1.1097512686963102,-0.011002480643784764,-0.01021512061657206
CENPU,1.109584678290615,0.02536023396066221,0.014216644597070914
HIST1H1E,1.1095331785456364,0.01713647938081602,-0.032238014813810736
ESPL1,1.1092873518916646,0.007766930161996978,0.028343729840510926
RAPSN,1.1084198548323365,-0.013817451278926668,-0.014776100310300964
CCR1,1.1081485256056278,0.01845965782298577,-0.010546212532054273
HOMER3,1.1078024446586463,0.027664761840438878,0.016192504614520813
PTGER4,1.1077921453456798,0.023746537158237803,-0.021074407000506997
PELI1,1.1075257865113106,-0.003019484164534937,0.039559666687849965
ALDH3B2,1.10706483310766,0.024367763404194977,-0.010858009531695786
C4orf47,1.1068210416589643,-0.007767289970027298,0.026785297296457816
OASL,1.1065368913731726,0.02100200992697591,-0.012040687660735985
ARNT2,1.1055975035416576,0.0066111769737101115,0.013598137463159472
LY6G6C,1.1054746442196093,-0.017297413281375556,0.022538700892581795
CALHM6,1.105294979365632,0.022306870558030285,-0.002554454817902172
ADCYAP1,1.1051929276194727,0.019075712611905646,0.0022509574733176685
SOX14,1.10505755220833,0.0076390048648342125,0.0112342669307994
PTX3,1.1047665271028528,0.004331198683651968,0.009122399687545987
ACAP1,1.1042389374642974,0.02819373472551889,-0.010524775407139735
SLC11A1,1.1041581875137763,0.0076502153166207575,-0.007432437057175846
IKZF1,1.1041534864544522,0.024305876594989183,-0.010404680816991096
RASGRP1,1.103670976644349,0.008042898207435093,0.03678308732881607
TRIM6,1.1019706744550177,0.025783431729696445,-0.007639376583731153
BTK,1.1019370512620403,0.022678393528057304,-0.010310489613565173
SERPINB9,1.1018780665488364,0.020122243357968493,-0.005295783954196343
CSMD2,1.101471487951891,0.010677539595142772,-0.0035569044423516888
SAMD3,1.1007499889096877,0.024748811547707437,-0.021643568453694244
PTGES,1.100649678989056,0.02144720093078672,0.007972414025719445
GRK1,1.0996633821293713,-0.0156407195835512,0.01663225993239585
CES1,1.099513645144249,0.0036357438260249467,-0.03033354725259956
FADS2,1.099064853403179,0.015108274888133892,-0.0318717439327655
NTN1,1.0990606280571587,0.016574978799918184,0.00321309532873207
CD300LF,1.0990295966410466,0.005458846193698582,-0.021778241214254458
MT1F,1.0987670060530657,0.02438781705843539,-0.011757952800813053
HAPLN3,1.0986133596835577,0.007310373311582911,0.027742823559669495
LTBP2,1.0985856033843238,0.01073211092361012,-0.029432977094008723
CENPH,1.0979084381801463,0.027507405158670596,-0.0003719146850934224
RAB6B,1.0968932336063228,0.029557560403232964,0.0049011651529349476
CD207,1.0967425471073802,0.018291616321338768,-0.002344667245940284
RIMS3,1.096514708599831,0.02473045595299387,0.020510891518754102
PDE1A,1.0964659671018855,0.00899153605402023,0.004478563684141454
TGFBR3L,1.0963868818862006,-0.014395599436168036,0.006487076805530611
ATF3,1.0963779832313159,-0.004272399742992921,0.026277159910994063
FGF10,1.0958269831857557,-0.008456962814794378,-0.01833127665523692
UBB,1.0955582510882014,0.01413853791567884,-0.03918807823725481
H1FNT,1.0954602042391162,-0.016035927064696438,-0.008929127975227187
BBS10,1.094447754040927,0.024724379955726045,-0.029366276512501163
PTGER2,1.0942662756684869,0.022515954981686712,-0.0021452911776857295
CLIP4,1.0941464901277593,0.019129748199954645,0.03670135920359663
FBXO6,1.0935159030860337,0.024007638739671044,-0.01788105613990145
SLC25A44,1.093312643380798,-0.012933400354829212,0.03646388157295705
IL20RA,1.091986934144131,-0.013024642614662114,-0.006912675464031721
ITM2A,1.0918379444249369,0.021849075624412514,-0.03641658576692215
GALNT6,1.0914435588679372,0.032000564703930603,-0.0020045276554769512
CXCL5,1.0913044540338475,0.004437697852380552,0.015753094066294698
HOXB4,1.091217126962676,0.02124856535567476,-0.006336233796108791
CXCL12,1.0911944217651073,0.015997948517831085,-0.03771039917344598
UCK2,1.0911669455947206,0.02528361104274402,0.003456236853686109
EPN3,1.0904253841269687,0.02632361004916882,0.015599445218819234
STMN3,1.0903285849551563,0.029089519123261947,-0.014146302807241691
FOS,1.0899610802651278,-0.017042197933155312,-0.0019343508643068644
CKAP2,1.0898349646697034,0.02667251493643197,-0.023844964795305113
EPHX3,1.0883712084454757,0.020785072931857027,-0.0046264915055138365
CARD14,1.0883382848496523,0.024293218833298894,0.022717174755990055
ZBED2,1.0883095433504835,0.008647970874633492,0.004966274795680684
ZC3H12D,1.0880858956585848,0.009377671507039997,0.01588051859819064
GRB14,1.0877048471028408,0.0017739419835742743,-0.008071408828449471
KCNE3,1.0876727283395908,-0.00013119174557695785,-0.034400856050661816
KRT23,1.0873354708572427,0.01198677001437669,0.0015332106696582426
PTGIS,1.0868972684974854,0.014555352995144405,-0.01824301473094113
SATB2,1.0867089767449019,0.02793349443587839,-0.0007424772349524435
COL2A1,1.085920386412205,0.002304425497806924,-0.00013410665756155967
CAPN6,1.0857967686148728,0.014712255144364922,0.006865315745163187
NLN,1.0853641620937193,0.024945404451607346,0.019810678795973553
ANKRD13B,1.0852346496397416,0.02143391166972602,0.0027611921311485707
IL16,1.085194514531177,0.023174524590485485,-0.022967022815625196
EDA2R,1.084886018681737,0.019704387803196017,0.008191815988699223
CDC20,1.0847819582177303,0.026458955881054617,-0.004866387523149008
LGALS2,1.0839899642341306,0.02309855346399927,-0.014327851627945549
HILPDA,1.0836498080683656,0.019667790971546348,0.011273640629835014
FSCN1,1.0834513257969112,0.026996049009932667,-0.012176803665613646
SCG5,1.0829303221914082,0.01983430752212472,0.004564016448241042
ARHGAP15,1.0824371406326256,0.02407032139059695,-0.010944058814474744
CHAC1,1.0821693088532902,-0.0077159401941426274,-0.011234104988815451
FBXL16,1.0816984856457679,0.013897580007143518,-0.006235530829457781
QPRT,1.0816006724851772,0.0073543750244132195,-0.015842216753571205
ENPP2,1.0814363564521912,0.02367850086126093,-0.025744673785049892
CDKN2C,1.081400605948481,0.024160343960654026,-0.022347135578585232
PIGA,1.0812663667303062,-0.01747295033922052,0.021761727485339503
CCDC194,1.0812301923855225,0.019200783864362594,-2.559555336524525e-05
ARL11,1.0811264829549498,0.018339362675990307,-0.0021262163432279875
GPC6,1.0808976334399456,0.010506553199770714,-0.018941873952106076
PTPRB,1.0804083636898323,0.0008902958350649043,-0.027871641749753356
INHBA,1.0803960536326762,0.021890459470937873,-0.00484053947295755
TPM4,1.0803732228398735,0.017587445777441656,-0.037596257040931835
TAC1,1.0802522553013196,-0.008330944950545361,0.026307744972850062
ATP6V0E2,1.0799480620904658,0.02189737016719341,-0.008321626008849276
SVIP,1.079288313093161,0.011955348320480303,-0.039476888962535706
CAPN5,1.0787480354712382,0.025334424083971102,0.008732442038802538
SIGLEC1,1.0784904503787167,0.020556065707792566,-0.019904069046339366
IGSF6,1.0780569041578154,0.02159310472280188,-0.027397636898360493
MOCOS,1.0777412135246631,0.013760843665437766,0.00012909952000345615
GVQW3,1.0776979818589905,0.003220036957985725,-0.02265649787218262
GPRC5B,1.077476115965354,0.01564066270513753,-0.00013636183242312223
DTL,1.0773502127488033,0.02685584898307073,0.00796228608241458
KY,1.0773235382501172,0.0011897631412589537,0.005330830950899943
KIFC1,1.0772652188790186,0.023045736797375024,-0.008234380813514639
IGFBP5,1.076038299120799,0.024332523854888006,-0.009870407522731953
PTCHD1,1.0758865611579642,0.007191661608678571,-0.02330890908340034
BAIAP3,1.0757619879669436,0.01665731813573653,0.02331076647696672
ESR1,1.0757110203778708,0.0001882246958832417,0.006473381043195397
SLC18A2,1.0755284530225846,0.011343386235541505,-0.021715953554381138
GCNA,1.0749476793591086,-0.017831372851756875,0.02794786348740985
MYC,1.0745196006773978,-0.004388157758357058,0.03405401152331828
MARCH3,1.074195312787438,-0.01961461463288495,0.01263119823721142
LRRN4,1.073887507002427,0.017012776011451732,0.001631341656795531
MPV17L,1.073716094079239,0.012006926777201589,0.019538174503678996
LILRB2,1.073580343321478,0.008505346183955712,-0.018567648872322408
CIT,1.0734853838868172,0.023641776886663822,0.011710900121544453
LST1,1.0734369515250164,0.02312089760513347,-0.019676104887823096
GPR171,1.072976429722449,0.013138859983591678,0.009976595628982302
NXF3,1.0728275951634902,-0.0007365817851321825,-0.0036528042255398268
SMIM41,1.0722798402621252,-0.02522603402334869,-0.007911356394276706
ADAM19,1.0716406727749146,0.02194876510693786,0.0012114544265067325
MNDA,1.0712216827978942,0.019797878042955974,-0.01570120148098345
SYCP3,1.0712032017052162,-0.022608349879306926,0.00016759483988745027
ARX,1.0710739626913246,0.01636721370507101,0.007494383169186263
BMP8A,1.0707929218463743,0.012499370221596024,0.010622385975178917
TMEM45A,1.0707629715922051,0.017867050165207073,-0.009384286549911572
SLC4A3,1.0702055373755142,0.013901140876529291,0.02125548385146412
AZIN2,1.0696014943296197,0.012740592380363513,0.014885550397183407
CYTH4,1.0693323450647299,0.01466902683836998,-0.006024879325210924
PRKCQ,1.0689524554033776,-0.019208518700020886,-0.015563211199878586
GPRIN3,1.0687862381893694,-0.00021278953992170284,-0.015163028767429757
PODN,1.0684392554500726,0.019412723690989158,-0.016724762658564662
SLC6A8,1.0683374540726513,0.02710762070283746,0.008550014200758465
PRLR,1.0674483714004699,-0.001672611713185071,-0.00740109288163109
LTBP1,1.066995847907324,0.02167013239618178,-0.011260061473058587
VXN,1.0668299901601386,-0.015511468707213875,-0.00992232166238363
RNASE6,1.066774857332018,0.028976842548255388,-0.005917427253232896
PLXNC1,1.0667242546422429,0.03156250599058139,-0.01564762097250431
SOX18,1.0665469696395409,0.0018670630503727298,-0.02637681215098541
SFTPC,1.0664880371078325,-0.010512534502094896,-0.042987446925688635
SEC14L4,1.0661680366698156,-0.0030316148697612324,-0.02012814582171969
RPA3,1.0658492444528789,0.023111190267353317,-0.01257266235407861
FAM183A,1.0652422130534298,0.006597406852450673,-0.006060212711302606
FGF13,1.065026357674384,0.021966845485771134,0.0014520947090630775
RASGRP3,1.064804451585418,0.013982930448557595,0.020868373638193896
CYB5R2,1.0646749230416337,-0.006322472449576558,0.0014006594491689395
SLAMF6,1.0646588629600693,0.02826394565625175,-0.021052622563148864
LRRN1,1.0644829158315516,0.02120391111205553,0.0010454345495747631
MFSD6L,1.063731960443677,0.02367286163239846,0.005598419909805795
HSD17B13,1.0634783014347207,0.0006948494243108942,-0.022382337131186123
GPM6B,1.0633831232053228,0.0036002513459022665,-0.023294491595429345
EIF4EBP1,1.062929784047939,0.033839346003328725,-0.00880058113134417
BLID,1.0627473700896046,0.008045763972870313,0.017802137213960827
PDE8B,1.0627304217577334,-0.020180611105505265,-0.018285675773324753
MTMR11,1.0625594877876965,0.014672555833211797,0.03557890695721699
ST3GAL4,1.0624811609654605,0.021608994310347074,-0.006099034430120121
CRIP1,1.0618251557062803,0.024531522187372617,-0.009167189301033028
SHCBP1,1.0617279548669625,0.018548300018540603,0.0073424775975358915
LRFN4,1.0610926445699131,0.025357690397218836,0.011379178060639452
HIGD1B,1.0605824087096791,0.0033228635296456296,-0.030985968001255616
ZKSCAN4,1.0604491725883383,0.016725622061732875,-0.016949932218368165
ONECUT2,1.0598506583352711,0.014508212665581123,-0.0028471160578161132
STK32B,1.0593742803146728,0.008110450390287197,0.0197702819549125
MYH11,1.0593419562528865,-0.00010432703099974249,-0.029718667714550995
PTN,1.0591184097458126,0.02156393131537661,-4.8782187856996135e-05
PGC,1.0589695178652747,-0.014299242196799022,-0.006317129294273813
MS4A4A,1.0587588628738709,0.018356453277455973,-0.02147423240758369
SIX4,1.0584968285421232,0.024358733286026203,0.017497208796341656
GDPD5,1.058227875267843,0.016823623165112735,0.00683268175296102
TRIM59,1.0577890007119701,0.015194132894171639,-0.01726520428429301
GRAP2,1.0570983809581787,0.020091383354073948,-0.015207540263411732
STEAP1,1.056879829379438,0.027850181446765113,0.01152048672731669
GPR27,1.0567213018065287,0.01152709995580836,-0.02152003214931654
COL6A3,1.0566053309856938,0.03028973207392242,-0.017565284993681866
KCNK17,1.055808008258946,0.0027059437145554584,-0.011462191686173373
ITGA4,1.0553695595087313,0.026706552837696535,-0.014638276996062875
GRID1,1.0552955760244174,0.016659216868182756,-0.01618700022612662
FCRL5,1.054609863039262,0.026085542052882642,-0.0006918793037946822
WASF1,1.0537883905727607,0.02477518890043311,0.0005938893247164779
BID,1.053458679761285,0.030288417575669496,0.00940456462197828
CYP27C1,1.0530115550230776,0.02505500947992072,0.019578464856490153
ZNF607,1.052831787894163,0.017974288432620833,-0.015243838259240078
CNTN3,1.0525247269845501,-0.0019007343009673238,0.010536212849787814
IL33,1.0523757715304747,0.011070323344902515,-0.01644431285297386
RHBDL2,1.052180120564776,0.018371308361707025,0.02997238565129309
P2RY10,1.0521196862173992,0.02789557836275559,-0.00956641655175011
MYO1F,1.0518638333693138,0.01895595307548574,-0.02467421701172024
AP1S2,1.051527607689115,0.014754204358438083,-0.0038198179088231613
CCNO,1.0512461591740618,0.0249551916195478,0.0166978789924731
CNN1,1.0508794586340582,0.010612405758689396,-0.006229792995947382
SPC25,1.0506620408523057,0.023471380612958753,-0.0016561146245416575
DMRTA2,1.050538085228276,0.005904567250858837,0.01655413517782748
PCED1B,1.0500191498656153,0.02936663106909021,0.0025724616217590204
STC2,1.049998667577901,0.01817752352770309,0.00397406744596496
IYD,1.0499091868202117,0.014635122428837143,0.00648839514030819
GCLM,1.0498591086765763,0.024958838654995624,0.01829347092653549
MAMLD1,1.0495305747624146,0.018738065096517716,0.012011091148413264
AKT3,1.0493448587874326,0.010354585053213574,-0.017583941237718552
C19orf71,1.0487866809783377,-0.007918715781269577,-0.014173433981113811
MT1A,1.0487600893608038,0.006777433647630017,0.014266985223953834
MT1G,1.0483783221977003,0.012775351102409079,0.011715526773856483
DCLK1,1.0477008363507785,0.03300104966380409,0.005697317686674327
SEMA3E,1.0467830174644956,0.01738070878571924,0.005060831237945431
IQCD,1.0466912156241284,0.02371328337133899,-0.005713379581342388
DAW1,1.0465103521730166,-0.0014337710126900302,0.021663760875653342
RTP4,1.0462738409814643,0.02574838374461513,-0.016131592752582555
GIMAP7,1.0462413455751503,0.012917931046225626,-0.03131228026603607
ITGB7,1.0455470166509981,0.025693482864181338,-0.013475614010011416
WAS,1.0454083836278873,0.027905384065505367,-0.01778503002829588
VWDE,1.0448786675812367,-0.0008638375711833872,0.002367050518825916
CTSW,1.0447372839825122,0.014975961284013838,-0.02032522546525552
CLEC12A,1.0446604801684676,0.00922045048584874,-0.011498371413966346
GINS1,1.0445019824629742,0.03215931855843153,0.01094697429956928
RSL24D1,1.0443609363658561,0.017128264722603828,-0.028199868506245417
PRKG2,1.043869923825994,-0.0010617614729682312,-0.023468103278712394
GRIP1,1.0432312502258412,-0.0007705249531907413,0.0018336962016503168
CACNG4,1.043212296055654,0.005295404942495222,0.007499838127410019
ASPM,1.0428321389136872,0.026663584549088737,0.005597238474157355
KLRG1,1.0427699631806495,0.019235718757938162,-0.02724716549017493
GINS2,1.0427059611313498,0.026810055735853194,0.002247529666879333
SNX20,1.0426413938152386,0.023398412380878617,-0.006298936891179139
ITGAM,1.042593083458625,0.020876405890134557,-0.010716584206391813
MRC1,1.042386427678343,0.016000810732078746,-0.013529972908169463
PLA2G2D,1.0423422294370854,0.025025396621550736,0.00980961357438342
MAMDC2,1.0422739264962795,0.0029271618612543167,-0.030738696827867996
TRPC6,1.0421806196219858,0.007598660687977304,-0.022564446809204535
EGR1,1.041647930609504,-0.013109626092829917,0.006972765639599856
ADH1C,1.0412535036312567,0.018807211698677863,0.0017614961001708592
UQCRHL,1.0405805214410961,0.005018527817303503,-0.024318962234110834
STAB1,1.0404738960111872,0.01734281851274029,-0.008559838202034169
SRPK3,1.0395965143310737,0.008403675674236877,0.028951607602103174
CMBL,1.039564047655766,0.02352959016846627,-0.023772451652341653
SEMA3G,1.0395632309694942,-0.009506642855261033,-0.03448640136563227
FHOD3,1.0394880848718564,0.012865998056863585,-0.005080583431229069
TOX3,1.0391913498404437,0.02089557252295603,-0.008445704967453607
CKAP2L,1.038968464584985,0.022768331819201824,-0.004437463216090928
FCHO1,1.0387595217488848,0.022835032411803225,-0.009449863714771729
AURKB,1.0387186209454584,0.023219176906252994,-0.0033185490162274513
KCTD17,1.0378158278914595,0.029277650314344886,0.0005405730928586813
HHIPL2,1.0375082509919855,0.006860180475461617,0.028919806766979236
PPP1R1C,1.0373274287772694,0.008375035257621614,-0.012939950719091363
BMP5,1.037125673992359,0.001121328724347731,0.030060474871439653
MELK,1.0368594775569462,0.02617551197840662,-0.0014055946894804714
MEST,1.03639524131749,0.024651622825677646,-0.02678180635059894
TM6SF1,1.0359506397840592,0.018725825616839765,-0.011172979256684146
DPP10,1.0359491867650246,0.010010124486709314,0.01001559103052101
TMEM61,1.0357236533447567,0.021582026696247883,0.001173900234071852
MT-ND1,1.0350833341260988,0.014922663315109164,-8.068391280658112e-05
CD1C,1.034710781655562,0.019459354860449404,0.0005003764101116997
CD40LG,1.0345952833513343,0.0195520298377035,-0.022109295365738062
DRGX,1.0343107294487097,0.01128496791943334,-0.006676346475700557
PLA2G4C,1.0340517041599042,0.008662126067295734,-0.017977619774210397
ZNF727,1.0331499068069,0.00231202893183814,-0.01494739851446978
ANKS1B,1.032750583354149,-0.019422007169343773,-0.004838273135149359
SCEL,1.031906647758075,0.005214051268182109,0.03722200519099251
TP73,1.0315840581631053,0.015892231189521176,0.007522690044498173
TRAT1,1.031551929722242,0.029598292010566952,-0.009636981958568262
GPX8,1.0311597192208712,0.026549167110854435,-0.00710525762307611
KCNJ14,1.03018463312106,-0.010388055344128178,0.01902697122031437
DLX3,1.029709665056924,0.015698176097027703,-0.021768264945243098
GGT2,1.0295055338055996,-0.007886820305317732,-0.011197026738232188
GALNT14,1.029168586539337,0.022687163408823215,0.00964944561222825
ALKAL2,1.0288815920401764,-0.02026638057693359,-0.010051626896032116
WNK2,1.0287049545768163,0.02222729266873227,0.019481037547646112
TRPV6,1.0279753621210443,0.014479985508000452,-0.0020686958076706467
ADAMTS1,1.0271102733099398,-0.01404211366000845,0.03273412425670959
TRPV4,1.0269130382914577,0.006642746087753794,0.005954070883713342
TNFAIP2,1.0266485551383886,0.018620408940798812,0.0145350361355098
HOXB2,1.0264223320481527,0.018186520483533464,-0.011774367939685225
PLGLB2,1.026367064860305,0.0035278531969711235,-0.034348081392134626
GALNT17,1.0262087780969815,0.007823703633901835,0.013900906368593776
EIF3E,1.025564879039346,0.006957907720522539,-0.010273989433983896
PLEKHD1,1.0251698650105336,-0.0014207420165980498,-0.008864893927899296
CXCR6,1.0250069950879466,0.02568408216449269,-0.008454189895576893
TBC1D10C,1.024917442250787,0.024409240084916687,-0.0170480720443662
NCOA7,1.0246839649000758,-0.0155291704762298,0.04117851952754346
C5AR1,1.0244107187848603,0.019668986217055102,-0.010646277687380091
RFK,1.0243695337780148,0.01886558326896133,-0.011150561941438483
HEY2,1.0239438452009413,-0.00750986426707644,-0.000439490642558325
CLDN18,1.0238500075913584,-0.0022309038533755176,-0.04481832843613772
ARSE,1.0234056011843515,0.019094136232189134,-0.010034690959087345
CKMT2,1.0233761739161527,0.006667141781158453,-0.008783137688886583
NFATC1,1.0233223250869579,-0.01154053030847575,0.031747862264310076
CENPE,1.022660343205247,0.023218331602462283,-0.005358793659187346
LY6K,1.022326350534844,0.023257085521514457,0.0024687409154191173
FGF9,1.022187373556867,0.009927266859533622,-0.024788362271086377
CALCRL,1.0218815404977901,-0.0007018726617694611,-0.03301549684299728
SBSPON,1.0214886008930668,0.012945781661937142,-0.026321362009539325
DACH1,1.0214313354153894,0.003706126216346693,-0.028357179783160477
JAM2,1.021329774686769,0.008409543208898168,-0.029578169311788763
LY75,1.0209765430597606,0.024364661003981176,-0.0002590607727526822
ALPK3,1.020478125135182,0.009071638058928664,0.017548587768631923
TMEM140,1.0202558838319626,0.029495478015010925,-0.026042402472275683
NYNRIN,1.0197211436532785,0.025539133269551578,-0.01129666860923255
ABI3,1.0196321982233363,0.015835027471505413,-0.03181804015944834
GPR34,1.0191446503297092,0.023465857573262045,-0.023020644445881863
NAV3,1.0191243899258935,0.011474442179588299,0.007412086426184956
ADGRF1,1.0184730714675814,0.014880743776896176,0.018692241725464836
HGF,1.018321857909966,0.01896852367975572,-0.024618711281453178
CALCA,1.0178555410519423,-0.010231084464131596,0.02943570633196295
IL17RD,1.0177516727957563,0.022842726654041943,0.009001196471082202
CYP2S1,1.0175047769161145,0.024171103086579483,-0.01594895184387465
PAK3,1.0171783567477402,0.0025585594075603494,0.03368757928260505
CDH13,1.017077112395559,0.0006057281849263954,-0.032532893334555786
FYN,1.016773093779896,0.02687747845974753,0.0027747543980540215
C2orf91,1.016117997811935,0.006269412078018911,0.007170527214300436
GATA3,1.0155732536457243,0.016897643150222085,-0.02110057041829929
GREM1,1.015507910785792,0.024962792030386843,0.006656951834416618
DUSP14,1.014400255410925,0.013256593791393623,0.020968888321432805
ADAMTSL1,1.0140732451454322,0.008149251661230572,0.0013108165316847611
FAM169A,1.0138372611329307,0.004818498110356647,0.03138351310042714
HIST3H2A,1.0138173617755897,0.025196605391355095,0.0017316133435700618
FCMR,1.01368844513151,0.02794909889049144,0.0007596619262606888
IL1B,1.0135844434441592,0.014780440803915188,0.00698827714637282
SEMA6D,1.013175615667635,0.009760254111885983,-0.02342847438686309
GMFG,1.0131439532863173,0.023880153067656503,-0.027769783301647977
RGS19,1.0128713073068114,0.02661102794136777,0.004975595709265516
HHIP,1.0123890621931604,-0.016620797835575487,-0.03353010527599693
PLEKHN1,1.0123493865238133,0.011334801611548328,0.043545306210479584
CFAP54,1.0123145747310982,0.011917342097048115,0.026627170986471656
DNASE1L3,1.0121565531843713,0.002570136134706283,1.36656205850929e-05
RUBCNL,1.0120897625303011,0.010507706298998097,0.011402102130959133
PYHIN1,1.0118257751073074,0.007382485993548499,-0.005029815861536769
C3orf70,1.011533662833601,-0.005621936567358895,0.0076532479527623275
IRAK2,1.0112366335554221,-0.0016019250095878998,0.026724579047516617
CYP2B6,1.0096426850208764,0.0028525980874313708,0.013958672996313272
NCF2,1.0091127511069342,0.018473479533096252,-0.026774648829388976
SP5,1.0089947940922641,0.009611046038428292,-0.020680028613245693
TONSL,1.00894541839312,0.016731611860887396,-0.008946976142704215
FEN1,1.0085056951495395,0.02701218924488796,-0.005671924889352892
GPR174,1.0084936969258675,0.02190456888843686,-0.006074730585352804
OR2AE1,1.0084267432360896,-0.010973889228934249,-0.01476044217965214
STMN1,1.0081401550726259,0.026050717949213233,-0.0072525929795673105
CALML6,1.008042383457891,-8.390228980116628e-05,0.012191894707981038
MYCBP,1.0079065735911672,0.02492900181158462,-0.01805116023322578
CYCS,1.007895494661875,0.02610504555051456,-0.008561179059268556
PCDHA10,1.0073589718554945,9.309559445268203e-05,-0.011506783981323734
CD48,1.0069464203377232,0.028156585991794717,-0.022706571477907687
PRIMA1,1.0062211328541102,0.007730296477728553,-0.014461373995755322
SULT1E1,1.0061930399326602,0.009787027633986362,-0.002486089604125359
ACTA2,1.0059322944270108,0.021479622728285495,-0.02166232664343902
PGM2L1,1.0059107137088645,0.018785109113322648,0.03020893997888195
FBXO41,1.0056209293089562,0.031195582912622356,0.0015379517582612002
RORC,1.0055222100546746,0.007968303470109479,-0.00592236909603337
SMPD3,1.0054563990702754,0.009446803906042835,0.005513964784297625
RASL12,1.00503782844173,0.0122265427431413,-0.02426866349664158
CD4,1.0048527554435733,0.02865134741285476,-0.02015889326294588
FA2H,1.004679655783205,0.024337434158471654,-0.005285620096743453
RIMKLB,1.004673104892914,-0.01918411900577789,0.02365969353392482
TNFRSF11A,1.0046619334574856,0.01786132720304564,0.021417403982202307
HVCN1,1.0044653550793703,0.020696443524352993,-0.017153277865471033
CST7,1.0041478556430254,0.02164905105441249,-0.024872495683059246
RASGRF2,1.0038491523013577,0.00404970205289022,-0.012266035393351846
ELFN2,1.0037810528406912,0.0015788906969893182,-0.0258806471114147
ANKRD2,1.003664064853463,-0.00922718465661953,-0.024281567534050988
CHSY3,1.0032266410027122,0.011310781583029396,0.00439195904403615
RAMP3,1.0026915845834659,-0.0019399317996664832,-0.026364572319653702
BAG2,1.0020241724063295,0.022615500201799848,0.0026661263595688244
CYSLTR1,1.0014765114763233,0.008140521950582156,-0.025349423237870105
TUBA1A,1.0014355961930455,0.01742196039689179,-0.022261064019077122
FCGBP,1.0012147599161552,0.01461344473380254,-0.014659632288277817
LMNA,1.0010561045960094,-0.011465564748953275,0.03156273772716526
KIF25,1.0006097017054156,-0.0016503563447203588,0.006025663131645223
ANGPTL2,1.0005156335481051,0.00854958011616155,-0.0060592725026676255
CA9,0.9999762471603111,0.021999465990048768,0.0004526130527399816
NEB,0.9999461294143704,0.006645292605276153,0.017274146776976793
NMU,0.9997842576949432,0.019926130365345397,-0.004179614863980467
TROAP,0.9996921659934763,0.01907035102374113,-0.001897851037667987
OSCAR,0.9994084585675763,0.017896706951346195,-0.012287838216241383
CEBPA,0.9991621497350013,0.003977505755891108,-0.0386666688817585
GJA5,0.9985727232714098,0.003915804548662345,-0.03057180858696274
EGR3,0.9984284157416601,-0.0031829994961747525,0.01771429934369525
PRC1,0.998244933242785,0.015833290290121364,0.003351733801303874
NHLRC1,0.9982102146313189,0.022789915177083325,-0.017511938047696664
APOA1,0.9978436352790425,-0.018477881298188892,-0.01736557309010325
RAC2,0.9967339130384196,0.03439666400527384,-0.009825983931748784
LFNG,0.9966537371943709,0.026422004408009382,-0.002196671077445309
UBXN10,0.9965777184416665,0.017644937279808964,0.0076461898680703745
CIART,0.9957517199889734,0.008384914869193315,-0.004723916900846342
ZNF610,0.9951675398373984,0.01039411396384771,-0.0053444873753847495
SYT1,0.9948943242631104,0.019992089596620046,0.013057181574631243
CYP51A1,0.9948514567995811,0.0020797141828716643,-0.041170961819669435
BMP3,0.9947735336953619,-0.0010954318859142604,-0.03446848841917077
PRKAR2B,0.99425179090861,0.022346539248208203,-0.012047546308246638
SLC52A1,0.9940489755361228,0.010712960584013843,-0.0010883273884603403
PTAFR,0.9940435948576458,0.027096211798912948,-0.008892192149598513
CCDC187,0.9939976538704349,0.011443958744865637,0.019846861402152888
FBLN1,0.9939893268344536,0.01351151566340374,-0.03742662283865278
NIPAL1,0.9938571074352914,-0.009102310609316794,0.03471636373820036
MELTF,0.9932602692545371,0.021877967549951947,-0.011277678985542376
LRAT,0.9932347588457391,0.006702724921244655,-0.012407298006144539
PRAG1,0.9927064877443464,0.008012899630305978,-0.006025048473557953
DLGAP5,0.9926357134371098,0.02783579556115532,-0.0035824295128408673
ST8SIA1,0.9926170094528852,0.01820996853565069,-0.015289730537829848
ZSCAN4,0.9921696096070424,0.0066646605999058734,0.003606086682649433
MISP,0.9919184591954536,0.02462054266967241,0.004110174772017316
EZHIP,0.9910270955756151,-0.00784714680859989,-0.024019480419027493
SH2D2A,0.9907757143133143,0.02326592887651786,0.0036967812954956767
UBASH3B,0.9901593488092667,0.021080567401784007,0.022322525691661828
PCSK9,0.9900790278925886,-0.011098067161183299,-0.03881812710110049
PKHD1,0.9900639960751527,0.008684149542732321,-0.0161146550551693
MAD2L1,0.9895849867622897,0.02459772347702708,-0.004742637960872775
RECQL4,0.9893407155716567,0.02192362849516324,0.006743371338159613
ANK2,0.9891537920242924,0.006893924159209166,0.020715427123888568
INMT,0.9891214054511008,-0.008018872896701168,-0.0440838490572457
GYG2,0.9884275085722609,0.01918902674077353,0.025411534444995193
TRAF3IP3,0.9882990600712529,0.026299075307535967,-0.011848183589591887
ATF7IP2,0.9877147886405072,0.009220935479446581,-0.003449218280502542
NAMPT,0.9869426659105399,-0.01818006727052132,0.032017143974922814
RIPOR2,0.986780458522847,0.01733303423361267,0.00660270031833958
BUB1,0.9866744661102543,0.01956507668167047,-0.010808419184850643
FOXF1,0.9862497442243063,-0.0018772100164102452,-0.039839074745286245
FAT2,0.9851881542991034,0.011361328397896383,0.015449602779391428
SERPINI2,0.9840192938128633,0.00908692763031213,-0.005680867207419014
FCGR2B,0.9838792833141391,0.018990249402874335,-0.008054545239756171
PLK3,0.9838724159222774,-0.012376684603455371,0.037846952011581926
C12orf74,0.9836364312253891,0.016593421412262895,0.007075161394547237
CAMK2N1,0.9834024486658477,0.0171223767243302,-0.029744600483179024
MYLK,0.9827848540528957,-0.00476597262522587,-0.04332143459386701
SULF1,0.9824841339885161,0.01678927777381977,0.013455370908264043
SCN2A,0.982389171231916,0.000892974780402378,-0.015541605057174187
KCNK7,0.9821027296101819,-0.020236193360322192,0.01629197305530682
MUC13,0.9820961175434153,0.014365996762156141,0.017075518407018108
CD28,0.981819091120211,0.024427714586159388,0.010496796423523526
SLC6A20,0.981565279343473,-0.012673282546062821,0.0059417869263531
ECM1,0.9811037141085209,0.007385228489489073,0.006151629312817124
SPTBN5,0.980973425445017,-0.007596992767387039,0.030616106236483545
ASCL1,0.9809733215778739,0.006568071218507434,-0.011258512916982384
FNDC10,0.9803605061776767,0.01407245082470551,-0.0261948571760579
SLC6A14,0.9802085447726367,-0.01576301957910136,0.03686237149022052
WDR78,0.9801218699131873,0.019986668275181158,0.002089318995786396
BTF3,0.9801207008213607,0.010730420512178542,-0.010055638410341019
B2M,0.9798796454075165,0.024640286527666297,-0.029896887440580062
SLC25A46,0.9792666807275223,0.019109811866444906,-0.03728464065581243
TRPM3,0.9792062912174602,-0.008716865972211786,0.0017543343400782247
HAVCR1,0.9790487145628821,0.015857881629331123,0.018384414282159634
CDC45,0.9789311812020649,0.020096837460490683,0.020613510785559133
ZNF793,0.9783871665059956,-0.000498760483075254,0.004402259672547861
CLU,0.978306796484988,0.020882367849339986,-0.0212484601081522
SYPL2,0.9780831505990183,-0.008009601536162364,-0.016234644001735417
C9orf24,0.978050934687462,0.004874568935378809,-0.025550446266580817
ACE,0.9779970991152379,0.007612923649234613,-0.0194281110545267
SIRT4,0.9778079700184102,0.005810824373441739,-0.020825908086556006
LYVE1,0.9776350505170961,0.0001547443659148569,-0.019213493809597422
ODF2L,0.977501087355818,-0.00419051796493611,0.020589078662056937
SCIMP,0.9771667072185025,0.0233068432069339,-0.0138013374695781
CCDC173,0.9771126067920584,-0.001656713025874528,0.009158237351130263
CLDN5,0.9771016976449596,0.005245109833377686,-0.03327962713619377
MFAP2,0.977089086759267,0.027529992195738165,-0.004916211146980498
LGI3,0.9766818665872115,-0.008063501517267426,-0.04550913852374325
COL5A3,0.9763504666289724,-0.0019253584362166915,-0.005886395971029459
SULF2,0.9762381295857527,0.01986200610661781,-0.008173235204166364
ITGAL,0.9759820300832823,0.02002120475310683,-0.022962387257503568
SLC1A3,0.9759202238809183,0.017886755037772737,-0.0029234509208051966
FIGN,0.9744576592321068,0.0034215585180220037,-0.02944695001860672
MS4A8,0.9743137374128868,0.0017309417551496086,-0.008363991640986966
NLRC3,0.9740866324699323,0.01773276424812131,-0.01993889787014276
HOXC4,0.9739048008916595,0.014222368627775917,0.014228220495923117
CDKN2AIPNL,0.9738274504894359,0.024056786169104654,-0.010382970821315346
SYCP2,0.973716384453032,0.007527773925917943,-0.00049028516820065
TAS2R4,0.9735466587958053,0.013534933914883194,-0.02954244901403355
SEMA7A,0.9734031584584897,0.021079835059488444,0.0046378687416178885
OLFM2,0.973297989508087,0.025438481127104205,-0.00024810515177569535
FOLR2,0.9729776370457776,0.026871020227289478,-0.02006166111001642
CYP2J2,0.9729358439683804,0.022592996344706028,-0.0038245118529065146
ESRRG,0.9729126367332634,-0.014128513968049813,-0.020292779634426147
CD79B,0.9728544875927476,0.02767336774639698,5.205247546789622e-05
ASPHD1,0.9728214779398712,0.012544450714063321,0.03768754088855286
SCN1B,0.9727959516902445,-0.008116483271884595,0.03570824099678166
PTGFR,0.9726657604235739,-0.012830650544944413,-0.02084903435733066
IRF8,0.9722046493464291,0.02564126569705783,-0.002173037701032133
PTPN7,0.972153419179062,0.017833220322552187,-0.005688003862090928
THNSL2,0.9721513973428839,0.004051111885363914,0.00978785290147624
FBLIM1,0.9721040742472346,0.024411006631501614,0.024724656394467505
APOBEC3C,0.9715606791764826,0.022525027664377115,-0.019131105893790797
EMCN,0.9711808280558467,0.0016959203980588331,-0.024074884903293823
PDZD3,0.9708887450799558,-0.0023545068243512163,-0.02170574463600363
CBR1,0.9708836831402227,0.02527857550021998,-0.004788391980711236
PTTG1,0.9707527576949075,0.01306311285539126,0.004777502251161563
ETNK2,0.9704618022291411,0.024594956734398578,0.0035258152041757296
FGD2,0.9699847610343245,0.015602955148601716,-0.009065863848370827
FAM81B,0.9693370308920358,0.01688742593031227,0.01047100481823993
DENND1C,0.9690881158031461,0.02800650792765966,-0.0003182050276762221
SOX15,0.9689173392418333,-0.01610064722756678,0.013282724231459759
BAMBI,0.9687221991007104,0.018200381405359897,-0.01585132447578369
MROH6,0.9684390857704668,0.02046288634416078,0.026773347075248467
LY9,0.9675410004777759,0.025433084583530784,-0.010619039141545657
CD7,0.9670929677535334,0.019811714613634526,-0.007344040324082478
FOSL2,0.9669355874104919,-0.00407250918409982,0.04172926168135971
MYO16,0.9669065835798575,0.012225726468376611,0.00023556835395552935
CNKSR3,0.9668536731403107,-0.0038956776944587554,0.028646345975833144
DTD2,0.9665975879378416,0.02189268101894583,-0.021153358377940773
ITLN1,0.9665390826014849,0.0022435631505608464,-0.00474048621833885
TSPYL5,0.9664847264991776,0.01634264143632474,-0.028118059756665485
KLRC4,0.9660007977971369,0.015017889320067286,-0.009277993051261032
VAX2,0.9654307396636922,0.004296286537328709,0.005616738952111067
LMO2,0.9650536029433432,0.009931323772521372,-0.03843110655020531
TNFRSF10D,0.9649043589254034,-0.015736434486317556,0.04332876824943432
A2M,0.9648700739562799,0.013365001795161638,-0.04310525559943407
CCR4,0.9646076992513739,0.019352085808740496,0.006333689016799202
PLK2,0.9639290824575445,-0.009191947933465278,-0.0023468489202573373
LCK,0.9639179624297614,0.021423761495859082,-0.011144967072750046
C4orf48,0.9635673208347724,0.027247747747125104,0.0071780300090252816
TDRD6,0.9635621317276197,-0.004494061117659814,-0.00984589442298073
FPR1,0.9634884569816352,0.017476839031851828,-0.01738384916225319
KIAA1614,0.9633432721835739,0.0127021203117621,-4.4152407726854835e-05
TRNP1,0.9632678461404974,0.01645380717908114,0.020459018207226273
ZFP36,0.9631716596580673,-0.024688834871793595,0.022525297760753554
SH2D1A,0.9627817804689823,0.027370150091377964,-0.014844596429979085
GIMAP1,0.9627775068584484,0.01119918404677253,-0.03189015709965041
NLRP3,0.9627515835466032,0.012497606210163813,-0.006852106936092208
CDCA8,0.9623019642829792,0.025206515733607528,0.0016116766463889181
CLCNKA,0.9620195372510904,0.004076999585418011,0.02087681988166043
PDE10A,0.961893060160843,0.01437749937494323,0.009244289012243083
CD36,0.9613590621858408,-0.011970628032990264,-0.037828341553567645
CD247,0.9613235690618958,0.017052066425376433,-0.022651994759007213
PTPRQ,0.9611913566772323,-0.005322457489943386,0.014783219471073724
TAF3,0.9609168379567034,0.012734999340696393,-0.007793975047467509
GPR160,0.9607812229737362,0.014358663565674074,-0.038441168997054055
NFAM1,0.9599803990982709,0.017707209438672863,-0.019214247639960776
SERINC2,0.9598113204039992,0.03151151502467008,0.0025342746426525553
STX1A,0.9596197930384353,0.012584905245304085,0.031838997982965675
HGD,0.9592246642718514,0.009157253697237857,0.016361384108055786
HAL,0.9586302921338081,-0.018589039084947266,0.025974077396531587
ABCG1,0.9585231289443222,0.02464454089194531,0.007976603410623192
GPC5,0.958078145042568,0.00011756810137021882,-0.01186179875148541
NIBAN3,0.9575431692326285,0.020294723780841305,0.010065491309984746
PPARGC1B,0.957510260779157,0.011231619181379823,-0.02489292904641055
MSR1,0.957266765641998,0.014728697364935883,-0.02010459045635679
GIMAP5,0.9571373980159967,0.014493975087773867,-0.03493235840455411
NDUFA4L2,0.9569837573910289,0.004152532679289373,-0.018438223489329233
ALOX5,0.9567544082623527,0.020409924763384685,-0.01876665088130844
HOXC8,0.9566573629474255,0.013477393560187215,0.013908032145335158
PRKAA2,0.9566305240891553,0.014240071706679038,0.02446645632192452
ZBTB3,0.9566080095042531,0.014646981309160001,-0.024309686925475575
C5orf30,0.9565599587201105,0.02223537120750336,-0.008083046232312468
PAICS,0.9562563978354885,0.01944445962881489,-0.014519697695021214
CD22,0.9562517241246963,0.027482265358383134,-0.0006576630930863589
SETBP1,0.9562506045426085,-0.008703112291626016,0.006668079663515772
CEP295NL,0.9560547736482223,-0.00036830691695870715,-0.0007952312162406353
ZBP1,0.9557922954366349,0.023852269054539535,-0.002166482593564317
SH3BP1,0.955339394487381,0.01238746988944207,-0.005471421450723838
ZNF215,0.9552645644508696,0.008124531197115523,0.006396678268829991
MT-ND3,0.955237105204966,0.014009583102647712,-0.017261105768199343
ZFHX4,0.9550359118779158,0.011217891273687901,-0.005521384547956454
KIAA1257,0.9549809653181863,0.008245591938874117,-0.001792915473458468
CD37,0.9543314763627527,0.026603352252615616,-0.0065411140288765945
CHCHD2,0.9542864249014626,0.023599428311056353,-0.024341610532943037
PROCR,0.9541546920436226,0.028911033073764338,-0.003230679293726072
C2orf15,0.9540406490975663,0.01855593028672361,-0.012103386629636295
CABP4,0.9540099562787691,0.018405865663698128,0.005432721839352406
COL1A2,0.9539112860157963,0.02851432032674463,-0.013461332074514862
SLC4A11,0.9538310461457581,0.0184502158055225,0.017076250282369736
FHL1,0.9537366527275949,-0.0005072749402125033,-0.024266048024994765
MILR1,0.953640974635565,0.022667225898991,-0.0015541972150284892
SSC4D,0.9534729928952669,0.005216824223180665,0.010130850143149035
CMKLR1,0.9532947237307499,0.01065909876050114,-0.03389832209202672
HFM1,0.9531823376734543,-0.010683392405644728,0.0026422514400518257
BICC1,0.9522843096407324,0.02103655002749364,-0.011004330169602816
NOVA2,0.9521243590716439,-0.007647054803472141,-0.03525310024994832
RNF208,0.9517446382340924,0.011066862405763836,-0.03272633163021533
CTSD,0.9515595869626575,0.02807400126221915,-0.013086779523218827
COL13A1,0.951461671158616,0.009943291149762043,-0.01987206306552236
BRICD5,0.9513979764449335,-0.009257553497015243,0.02686526422937529
ADGRA2,0.9511446699468817,0.016613415372891013,-0.026982221801841146
RCAN1,0.9511010296652673,0.0026652241577550676,0.024194904675970238
ADAMTS9,0.9501524625347291,-0.02343458895786811,0.013532226508748316
DOLK,0.949863601328714,0.016280659236663175,-0.023036924769712572
PADI2,0.9495671213705863,0.01726567112945324,-0.015784474258815937
SSPO,0.9494280786637548,-0.010265727122843774,0.006193211539540995
PDE3B,0.9493617358837539,0.010440697109568511,0.013802085417956994
KCTD12,0.9489180123631559,0.025293072626674323,-0.024256583069890664
CPED1,0.9485542946561266,0.012426150535680698,-0.03452477729095796
NCAM2,0.9480594524908713,0.01564745440062518,0.004995000731012507
MNS1,0.9479784142694714,0.007048882903752816,0.0019017769390484464
HRK,0.9477189615736153,-0.003721429703474052,-0.004687533331022855
FAM171A1,0.9472442122024034,0.023564556255194255,-0.008745084116863588
LIPE,0.9471696017303344,-0.00807411115802575,0.021624681945910506
LRFN3,0.9465471077868068,0.018778249855339806,-0.022573130332227583
ZNF792,0.9465404905292794,0.023586549602928965,-0.02330371217280449
TFAP2B,0.9464467014463159,0.006189493776046416,-0.008528411714246441
MYL12B,0.9463728253264015,0.01709942478958082,-0.019887130457856818
CSTA,0.9462245285241909,0.025050861073373308,-0.018183184074612193
WFDC10B,0.9458539600591191,0.0016616959753319885,-0.010798538052828158
ERRFI1,0.9455513920682549,-0.002387645601634527,0.043376259020772676
PDE3A,0.9455227161897101,0.003703128750949686,0.021441497458893885
RFLNB,0.9455144462492863,0.013502897445161866,-0.017529686765101096
SLAMF1,0.9454330471036396,0.017512037575806515,-0.017272585356692575
ODC1,0.9451152846126882,-0.01095216218985185,0.03634106181934185
FOXA3,0.9447666017818063,0.008839268018150886,0.013357409752225472
ZNF552,0.9443298635782496,0.021790329920301818,-0.02565893813986643
AJAP1,0.9442449277094295,-0.013471815969684815,-0.009250244301607324
PBK,0.9440618894147328,0.023594528235877665,0.000897770402853081
SLC40A1,0.9440112070373986,0.023164932998117296,-0.03629660597381605
PATL2,0.9439856471819251,0.007369968179392579,-0.0012976011653585409
TBX1,0.9439528749192173,0.009152731982631805,-0.0002780962878136595
ATP8A2,0.9438437702127547,-0.0047156306404132035,-0.034520736281062135
PWWP3B,0.9436289208967104,0.009507513619309942,-0.0004257924703484704
ACKR3,0.9431590240950652,0.01956426266634013,0.009032799910425661
RAB27B,0.9426026775158521,0.01344558613973269,0.006996392339476025
IL21R,0.9417905407886155,0.023734049140184087,-0.004966180352160657
ONECUT1,0.9415864614760533,0.013412066119669058,0.022470141146996057
PYCARD,0.9414015304634452,0.027201294294516135,-0.01359801294294576
PARVG,0.9412287536020513,0.015459668513351302,-0.00636525441553074
STX2,0.941105427069721,-0.01703909895998183,-0.0053639469674067785
RDH11,0.9408372028994784,0.014204607554325472,-0.03365929445978042
SIPA1L2,0.9408061854665248,0.015817644167034975,0.024725053265520606
NOVA1,0.9407817945825081,-0.008551799336777442,0.033910643091500985
ARID5A,0.940737031828463,0.0021504967036405542,0.025384759896467716
PIK3AP1,0.9407322175585268,0.028423864394130808,-0.00893796045784942
FAM227A,0.9406406111648532,0.017551284752030195,0.025441995338789984
SLC9B2,0.9401957664219251,0.017976236621838875,0.015736610655578475
PDIK1L,0.9401161411860668,0.011156631131060234,-0.023510491830241377
FLT4,0.9396234243924207,0.003103229861319967,-0.020358593265357522
TNFRSF18,0.9395733967821769,0.025067116563286796,0.014434924343993131
CCBE1,0.9392915714853488,0.003104853876738155,-0.012423254620575877
MAP3K15,0.9390513952108501,-0.026210521389672576,-0.01997140315326389
TSPAN10,0.9390277148413309,0.004147896207288192,0.014723352989557834
HIST1H1C,0.9389715100443938,0.022362620120307007,-0.03490457408119161
SAMD9L,0.9388446911958146,0.022559977190825597,-0.01843796317495139
APBB1IP,0.9387558794417712,-0.002180750282897933,-0.03498262419030823
CRYBB3,0.9386990922442223,-0.011633208167748798,-0.029229106467478314
TCAP,0.9386775740676615,-0.017802336273903693,0.005915248482838835
ZNF860,0.9385026797318521,0.007844037630126921,-0.002707949274556441
PCDHB11,0.9383902702691791,0.017231993769409436,0.00019856735819614164
GPC3,0.9382605665694607,0.010035687153344948,-0.03556147289642096
SULT1C2,0.9373763363718461,0.0008260815618904656,0.019350935153314607
ZNF135,0.9363524446868889,-0.003368992379290176,-0.0019266382901022734
COL8A2,0.9362995354405568,0.02989211617894563,-0.00756843259658731
COL9A2,0.9362553861851384,0.004784142028010217,-0.0019014578354497878
PLK1,0.9362254807161138,0.008458545999239963,0.004259429267324546
ZNF835,0.9362037447289983,0.0011730253658745018,-0.020215144323655714
PRR15L,0.9361488117342208,0.012226869198394141,-0.027123093144482524
ZKSCAN7,0.9360448084920178,0.00796010368350439,-0.014810580850874082
SLC22A1,0.935946273119395,-0.016855508864418688,0.0012233670273039477
NID2,0.935843986757982,0.015716620042423572,-0.01804685546766933
LAMP5,0.9356158649698377,0.015648854463560655,-0.015883797548106638
NKX2-8,0.9352868438578958,-0.005508400517431357,-0.015907251720449583
SYCP2L,0.935216626740761,-0.007413545028168047,0.0060766856673745585
RBP1,0.9350067990626524,0.0221563980362434,-0.013173829273496673
NRG1,0.9348226786119851,0.005443227767534953,0.007719778661264267
B3GAT1,0.9345934889876001,0.013549465163428337,0.0016363840311659744
PCDH12,0.934579761294632,0.0030248733881719117,-0.028438240385087316
CACNA1H,0.9344215748075391,0.012212205570335788,0.014822859076637124
HEPH,0.934315090927472,0.01024010679525104,-0.019222003824633408
LAMA2,0.934080404301373,0.01275035705918771,0.0012173094588205844
STRIP2,0.9337255962121678,0.00020417366829123825,0.030608576362014514
CLEC7A,0.9332029267432496,0.012903625363266585,0.005777934815941166
FAM83D,0.9331773647791824,0.020272048502206985,0.002638712301605075
TLR1,0.9329841015776852,0.0169151053961963,-0.03005081841851444
RSAD2,0.9326546478337218,0.01250744397225932,-0.01721457899988495
ISM1,0.9325232416047545,0.0255667580927852,-0.005175328888233156
MCM6,0.932464896034062,0.02835382091985202,-0.010833164390021355
POLE2,0.9323250998524577,0.020595963080817088,0.005462633687486107
GCKR,0.9322436453945769,-0.0034917873715731166,0.019223160095013
CNTNAP3B,0.9320687541270992,-0.0013968380508209608,-0.003180185907578575
PCBD1,0.9320394728744501,0.013668697584215381,-0.03762830727288046
MIA,0.931991799255963,-0.0015602168333868024,0.017298769263949545
CSMD1,0.9315906724201735,0.0007687807735252458,-0.0023148532316507415
NMNAT2,0.9314928729111426,0.019595228675801324,-0.0028331059713224615
CD109,0.9311391577732162,0.017233128785977346,-0.0007556196716803977
RGS5,0.9309572765645943,0.016288734235352327,-0.02869702057975423
ADAMTSL2,0.9309545408459469,0.005088472912249953,-0.002507793002743643
SLC7A5,0.9308308197401769,0.019848336485961165,0.01402824889203625
CGAS,0.9307949594428843,0.02437088056013953,-0.007236947476386279
TEK,0.9306032904766315,-0.008624034529674102,-0.02603154158306868
MMD,0.9299895176914666,0.023521144299490683,0.011246539833098448
NYAP2,0.9296952923914129,0.015941113448218015,0.0016545615501652481
BMP7,0.9296524782242682,-0.002356562513912771,-0.008118926456721933
DYSF,0.9295247052335125,0.02200527977899287,-0.0075405053847116725
MT1M,0.9294932478093305,0.00405346102526089,-0.0006851827459516553
HSPBAP1,0.9294901450997606,0.009139735169764662,0.01062002971422613
NELL2,0.9294377016140901,0.019561812373856277,-0.01340806769808623
CNNM1,0.9290988390345287,0.020340327774555283,0.008014298188390369
ADM5,0.9290952780068743,-0.024136647827356597,0.024256086150211558
TBX4,0.9286637297746487,0.0025958073180357808,-0.039058716975513136
MAFF,0.9282897338612401,-0.011958339009526593,0.027326334992410363
TBC1D31,0.9281559263948443,0.016550710167716566,0.0035091834139074564
SHISA4,0.9279170690979704,0.025666913737308936,-0.0019893356506708723
NRTN,0.9278902738964595,-0.010683911250599821,-0.027436528666283818
PNMA3,0.9277635442043815,0.017319850783926106,-0.006415750558793712
SEPTIN5,0.9272917478458449,0.011857676622552016,0.013510479538551718
AGR3,0.927165886081075,0.017163905627482174,-0.0013300011014775845
RAD54B,0.9270161064145644,0.01695903177241369,-0.0167386307099439
SULT2B1,0.9269250315643973,0.022965438359174733,-0.005875887993153846
SLC45A3,0.9267827315159478,0.021999107836784725,0.009631180178624361
RELB,0.9267796578271147,-0.007178397131126933,0.030623312386231814
NOG,0.9267244416223203,0.009479592200474712,-0.012793063230755153
MMRN1,0.926618172175948,0.013996959565150197,-0.015169787517530117
C12orf76,0.9265947230408993,0.013871051777953738,0.01815187976182695
CPNE4,0.9263653690286413,0.020440826368556198,0.00830451587855096
HIST1H2BB,0.9261659170591524,0.021958773247947743,0.004180754902822809
DOC2A,0.9257047096641446,0.007887214725012958,0.0037269708719067937
DSCAML1,0.9248997631069977,0.0008831397663687154,0.0035253906378707677
SLC66A1L,0.9246506315572255,0.0032889260879773344,-0.0031160617092467575
CRISPLD2,0.9244202266485716,-0.004245792070845156,0.025656102879267787
SOGA3,0.9236140501008878,0.004871501505120582,-0.018642192872953496
CXCR3,0.9231534410900358,0.025778519756443366,-0.013213278570312917
S100A9,0.9228686216118266,0.013864667481090946,-0.005800878373264587
COL5A2,0.922441902885253,0.02672370062073471,-0.0045285375587271
CCL8,0.9223997995390729,0.010482971194168108,0.006916400016955744
FABP6,0.9221920910589678,0.01659466732059785,0.014310053761141374
GPBAR1,0.9221549251698151,-0.006974959773186592,-0.018771263257125876
SYNPO2,0.9219537109026639,-0.004038665252481924,-0.02084561243123094
EML6,0.921687142831194,-0.012316853346543958,0.010641635662808634
MAP7D2,0.9212172107061385,0.017274439328452247,0.011347686615761628
METTL7A,0.9210819848689675,0.00577609106415229,-0.04220673800304134
IHH,0.9207463902247476,-0.007925968116068667,-0.008002728342984444
ZNF226,0.9207334608094297,0.006283340111620403,-0.0033708344507440997
LIPG,0.9204073698845808,-4.121863739877758e-05,0.008622820391875721
MARCH1,0.9199627265651797,0.02015411036812234,-0.012477608224716896
USP51,0.9199512928849807,-0.0013449838461378147,-0.030321414117785273
ELOVL7,0.9198176345163597,0.0094579153330364,0.0055038979147145235
PXDN,0.9197745164236036,0.02398430209122725,-0.0006585937956623343
DENND2A,0.9195311993843165,0.0034946242376601637,-0.003112674619843869
HSPB7,0.9194744399717932,0.014645221877832812,-0.0023951928436595545
KIF4A,0.9185992641576796,0.02191000996483178,0.0030742989377665762
LAGE3,0.9185706598646743,0.02237681159926675,-0.02675569410785601
PLA2G4A,0.9183198061710082,0.005793152445474902,0.0031690948653442146
POLR1C,0.9182442335843631,0.002598711854505908,0.01224916471554484
DEGS2,0.9182210053988276,0.00857782119404768,-0.015990821474293787
SGK1,0.9181152997826649,-0.007411076298360516,0.030193879049091054
GINS4,0.9179618343805652,0.025330774670671984,0.017217008634323554
SPNS2,0.9179276003925506,-0.0058675374327546844,-0.011571525582626422
TSPAN33,0.9178601738691817,0.024166898614682,-0.016988074018493796
DNASE2,0.917741174422456,0.02153021091656455,-0.031367864012397766
CDCA3,0.9175793261845547,0.012941901749487962,-0.00745933898914693
PLXNA4,0.9174523922731607,0.010995357178293062,-0.010519705767783865
TRIM29,0.9173731517399817,0.017284112331608415,-0.009081207121244987
NID1,0.9173630677174803,0.01601183843084931,-0.023263338503301416
TRIM54,0.9171907312196672,0.015489503375639535,0.004749430362389752
TMSB10,0.9171250392004238,0.031274348656111166,-0.012042109435672365
ASTL,0.917023344176567,-0.008526222906806737,0.007556487265787978
ADAM33,0.9169968032858101,-0.00828146979383219,0.005284007527465089
PRRX2,0.916983250025856,0.015830484680649473,0.007177950233342654
LSMEM1,0.9169561285441539,-0.013036822619816717,0.02824279100151245
RAB3IL1,0.9169024132569352,0.0210053349207762,-0.002349475886217676
PTP4A3,0.9168220245343872,-0.009010353438901197,0.026443744601661996
TWNK,0.9163977858725112,0.017920679527090536,0.020169246149091116
PNMA1,0.9161317055690386,-0.004257975124220145,-0.002128492274568679
SEMA4A,0.9161146774494422,-0.01624809173536026,0.018417698754030078
ZNF630,0.9157848191570087,0.011153369006251522,-0.030702507703172104
ID4,0.9156714236707909,-0.010745874220086868,-0.03286808473766101
USP2,0.9156124985860508,0.012003241293685792,-0.001354221806639867
TMTC1,0.9155086815555004,0.0028597577975559008,-0.0044115876728580816
LCN10,0.915449236337185,-9.604818163257419e-06,-0.018511829733531306
RGMA,0.9154412529529327,0.010887268603407501,-0.019730128494821957
ISLR,0.9150595828443399,0.018635384511543632,-0.02035058769461495
PLA2G2A,0.9150111961083507,0.01495330717626557,0.0006112061984382324
COL9A3,0.9149847616852768,0.007580671656491222,-0.010847967387078484
DENND1A,0.9149194407477081,0.026500920994054575,0.001871714837863634
CD1D,0.9143944461822151,-0.004586153298386473,-0.007938003847017728
RET,0.914175985067759,0.006829707602233884,-0.005814588878393427
ECE1,0.914161249863421,0.031564112536103854,0.015439448136815463
VMP1,0.9141468632458845,-0.003727192151203787,0.05030719232035798
CD83,0.9140162272882905,-0.010304660493195453,0.01853454450451093
HERC6,0.9139132747574691,0.025550584976749918,-0.005994419805826974
TRPM2,0.9137716203192658,0.012366601983919657,-0.0013916552063528169
KDM6B,0.9137153312641533,-0.012557676500741884,0.039208112234168514
TRIM14,0.9136678496708438,0.02908871321096138,0.005619242785143905
GK3P,0.9136526562784341,-5.93783334837069e-05,0.0181276793057922
NUF2,0.9135246264286662,0.023800271123493248,-0.0002753336892097905
APLN,0.9131703553590436,0.0015444317408086624,-0.001456477331662728
MAP3K14,0.9131309492780461,-0.01799587816099881,0.02876816954175798
SRMS,0.9129464262988429,0.00714726500534079,0.0022378243538312137
HSPA2,0.9128943949300948,0.016057457052782168,0.004096051138630196
MME,0.9123487328773691,0.0010868342630571206,-0.030179975870822752
EHD3,0.9121995333105536,0.02254200279554218,-0.008439579841834934
KRT4,0.9119113817131245,-0.0005927555600322279,-0.006883940046176161
HKDC1,0.9113390797678256,0.00417356007408512,0.001132228107374419
DEPDC1,0.9112655801764239,0.018055401235291698,-0.014120668789583247
ELMO1,0.9109485003656,0.010358563333499054,0.02274415629133134
VNN2,0.9101941516103771,0.01623247319139446,-0.011320626594529919
STAC3,0.9098707103332401,-0.002685723472586821,0.015487830801714716
ZSCAN2,0.9097339003216868,0.01971941985315077,-0.014508264512347553
ANO1,0.9096451845342408,0.0082962995105189,-0.008115680466610774
TCEAL2,0.9093780567330436,-0.01349791792393127,-0.023220228969667852
SRPX,0.9087287499290732,0.006584741658238762,-0.019837703478739546
TEPP,0.9080071674187411,0.01686463248949576,-0.0012585041856194182
TNNC2,0.9080047500667424,0.005609715615186637,0.019068182047559255
ZNF367,0.9076288298698436,0.022199439494095252,-0.0048788331662971175
GPRIN1,0.9074923587362129,0.02173346598659735,0.0040155005886041
CD38,0.9074113375269456,0.0013803055447480159,0.018857783311827386
ELMOD1,0.9068209131335628,-0.004967685613599232,-0.015864026193294994
SIGLEC14,0.9064381342762821,0.015678718838352,-0.004580611948066641
ASPN,0.9064034963668632,0.016187782601491053,-0.011053175870124402
SLC9A9,0.9060592362317428,0.022352116830092437,-0.006840630799952193
B4GALT6,0.906022110330048,-0.0013487729120074262,-0.008444610918638958
LETM2,0.9058391377323517,-0.008281694688680221,0.018253267199726825
TIMD4,0.9057023925582773,0.01375526201070649,0.01768280598155662
NWD1,0.9050499016649413,-0.0003322738803567459,-0.009532101244768108
DDO,0.9042765525647933,0.015498086602318085,0.0028027985323307897
GLIPR1,0.9033655648976248,0.025268345413422374,-0.015052753877367386
FMOD,0.902448126314183,-0.0028977030517928696,-0.025494199329668506
SDCBP2,0.9020724544342705,0.01896435367210102,0.029425707660805583
NXPE3,0.9020169366915398,0.01689186430268013,-0.0220626669118656
TDP1,0.9016284239387282,0.02216694026656756,-0.0013728749793283641
RND3,0.9015458045282071,0.01839494318449183,0.0089409812242592
STPG3,0.9010628965195434,-0.012566060130104813,0.009244821416187581
FOLR1,0.9009337057350301,0.01392618402123377,-0.023188064809661516
MAP4K1,0.9006447468415096,0.023463569175763296,-0.013921999244455543
DMGDH,0.9005469492038383,0.007986164077847835,0.012214839463034385
ZNF239,0.9001446516967837,0.009330362218206567,0.009787634551752898
LRRC39,0.9001225664220469,-0.007844438825901388,0.004549841813621597
ARHGAP9,0.8999989948144719,0.021313217829293653,-0.006059989916960186
PGAM1,0.8998741084456668,0.024434815891772127,-0.022672004455622445
STYK1,0.8997105064678482,0.010526930550129798,0.023929252787831486
EIF2S3,0.8994026226832246,0.020208700793562795,-0.02458817713612095
FAXC,0.8991944997085982,0.019403305966329967,0.006272990480356969
CLDN11,0.8983450834137969,-0.004558700998711172,-0.005194747945863722
ARHGAP20,0.8983440540108735,0.015644678349960233,-0.01083357744500469
RGS2,0.8982483236838881,0.011378080138661198,0.022654739166598416
SLITRK6,0.8980262049215259,0.01875125053036445,-0.006879919312788922
DPEP2,0.8978646119406818,0.011502593302666888,-0.0262988736289043
FANCA,0.8978022975503377,0.020631717749529082,0.009345142042690721
CLTRN,0.896994372863889,0.013366345103052315,-0.014138348282225434
PIGR,0.8965270007934109,0.01236578046246169,-0.025156637293775774
BPGM,0.8963744639441543,0.00805272089889984,0.02162679074603003
RNASE4,0.8963685228403622,0.001574714366458131,-0.03981694533330817
HSPA6,0.8962933946366262,0.006592258016146118,0.004760952453313994
MXRA5,0.8957721664785713,0.022803714190244607,-0.01487227159870296
ZNF85,0.8957142879363645,0.012707856893881497,-0.007654797070122351
RSPH4A,0.8956919984940147,-0.010417172290993088,0.018964957437135076
ADRA1A,0.8949761286457145,-0.0012412513974619731,-0.020840375150921728
CHRNA5,0.894967244594341,0.007671014731301391,0.02989169324707774
ARHGEF37,0.894922503724127,0.0052207304253898195,-0.015106644251560448
CCDC136,0.8943144181235081,-0.009220430173846723,-0.011825788660602743
TNFRSF13C,0.8940756786352386,0.021172995354696442,0.010546851886695185
ADAMTSL5,0.8939444237037873,0.004920653458052786,-0.01756279287006554
CSF2RB,0.8936588535367326,0.017493370999001875,-0.007460147273722405
PC,0.8936060670875932,0.018219276986811105,0.032416883602064066
COL10A1,0.8933778986371647,0.027383552448288172,0.010981651461764892
AP3M2,0.8933542809389355,0.01438914161320812,-0.010764402377477342
TACSTD2,0.8932283999546448,0.020809733940097178,0.012588162623641886
GATA2,0.8930646965267124,0.004975728122417582,-0.0067212175768709154
CYP1B1,0.8928505673705813,0.007622600207651097,-0.007197212273160003
NDUFB3,0.8923108135602916,0.02283587448163606,-0.02545991446738248
FBLN7,0.8922080553832742,0.018058579051807185,-0.005744258677406011
TESMIN,0.8921462130201533,0.011979707193707242,-0.012368511095190481
CLDND2,0.8920563024539322,0.0077347476106447285,-0.020476453066854625
OTULINL,0.8920486444914089,0.013567730913008605,-0.012182149038228885
ID2,0.8918705963792786,-0.018669090683344828,-0.006668656315366599
DEPDC1B,0.8914283138933556,0.02239177657406211,0.002379507797695093
TRIM36,0.8913965730914013,-0.0016604627102544554,0.008744516541549962
SERPINE2,0.8913804481274156,0.018819334340616806,0.012047605684522627
RPP25,0.8913762478474682,0.006736052003077513,-0.03252229052750899
CDC42EP5,0.8913658020170753,0.011189239836343064,-0.014048612158862273
CLSPN,0.8910166866347298,0.015402703786998635,0.006993996703659196
VEGFC,0.8909905092874748,0.008600230175901204,0.008519674523317844
TMEM123,0.8906372043764444,0.023652615995614492,-0.019883645658749564
GTSE1,0.8903138892904543,0.02185001537090482,-0.00020645691530190636
SERPINB1,0.8901847795513114,-0.009040824081774411,0.036134708988638256
XRCC2,0.8897107819918525,0.016288320636588992,0.0061685864039645166
SYNM,0.8895263782937876,0.011880778394279576,-0.007867612631104007
KLF4,0.8894093079492662,-0.011522064786629494,0.019661142972758398
GALNTL6,0.8892432394996432,-0.0003813492360358948,0.004947243274577298
GABBR2,0.8891152109221756,0.013127032711447793,0.0035563744853976723
SOX7,0.8887041816534574,-0.00437884157093547,-0.011258281584495131
UBE2T,0.8886534520267731,0.02259216481982175,0.0060847196786797085
F8A1,0.8883524563164745,0.006640232530259758,-0.012356656111010056
