class_key	mouse	human
52125174	A1cf	A1CF
52140948	A4galt	A4GALT
52139291	Aaas	AAAS
52138768	Aacs	AACS
52139622	Aadac	AADAC
52136676	Aagab	AAGAB
52125129	Aak1	AAK1
52125868	Aamdc	AAMDC
52139297	Aamp	AAMP
52131896	Aar2	AAR2
52131655	Aars2	AARS2
52135822	Aasdh	AASDH
52137977	Aasdhppt	AASDHPPT
52126136	Aatf	AATF
52126621	Abat	ABAT
52125134	Abca1	ABCA1
52140951	Abca13	ABCA13
52135493	Abca2	ABCA2
52125137	Abca3	ABCA3
52138473	Abca5	ABCA5
52138591	Abca7	ABCA7
52135106	Abcb10	ABCB10
52125139	Abcb4	ABCB4
52125144	Abcb6	ABCB6
52129328	Abcb7	ABCB7
52137913	Abcb8	ABCB8
52135340	Abcb9	ABCB9
52132535	Abcc1	ABCC1
52134732	Abcc10	ABCC10
52132538	Abcc12	ABCC12
52132536	Abcc2	ABCC2
52134150	Abcc3	ABCC3
52126086	Abcc4	ABCC4
52130187	Abcc5	ABCC5
52125145	Abcc6	ABCC6
52134901	Abcc8	ABCC8
52138572	Abcd1	ABCD1
52128956	Abcd3	ABCD3
52138212	Abcd4	ABCD4
52136820	Abce1	ABCE1
52136943	Abcf1	ABCF1
52131394	Abcf3	ABCF3
52138409	Abcg1	ABCG1
52136107	Abcg5	ABCG5
52136108	Abcg8	ABCG8
52125149	Abhd10	ABHD10
52136600	Abhd11	ABHD11
52138191	Abhd12	ABHD12
52138016	Abhd13	ABHD13
52139302	Abhd14a	ABHD14A
52138963	Abhd14b	ABHD14B
52135374	Abhd15	ABHD15
52125692	Abhd16a	ABHD16A
52125150	Abhd17a	ABHD17A
52128545	Abhd17b	ABHD17B
52128546	Abhd17c	ABHD17C
52125151	Abhd2	ABHD2
52139551	Abhd3	ABHD3
52137720	Abhd4	ABHD4
52140958	Abhd5	ABHD5
52138455	Abhd6	ABHD6
52125153	Abhd8	ABHD8
52125154	Abi1	ABI1
52138043	Abi2	ABI2
52133910	Abi3	ABI3
52125155	Abi3bp	ABI3BP
52140502	Abl1	ABL1
52126267	Abl2	ABL2
52135904	Ablim1	ABLIM1
52140456	Ablim2	ABLIM2
52131429	Abr	ABR
52125930	Abracl	ABRACL
52131622	Abt1	ABT1
52134870	Abtb1	ABTB1
52140470	Abtb2	ABTB2
52128949	Acaa2	ACAA2
52125167	Acaca	ACACA
52134535	Acacb	ACACB
52138733	Acad11	ACAD11
52138741	Acad8	ACAD8
52131662	Acad9	ACAD9
52132202	Acadl	ACADL
52128921	Acadm	ACADM
52129460	Acads	ACADS
52138462	Acadsb	ACADSB
52128912	Acadvl	ACADVL
52138264	Acap1	ACAP1
52125164	Acap2	ACAP2
52129066	Acap3	ACAP3
52129689	Acat1	ACAT1
52126342	Acbd3	ACBD3
52139266	Acbd4	ACBD4
52133851	Acbd5	ACBD5
52129569	Acbd6	ACBD6
52137982	Acbd7	ACBD7
52128366	Accs	ACCS
52140963	Acd	ACD
52129095	Ace	ACE
52139497	Ace2	ACE2
52137722	Acer1	ACER1
52134670	Acer3	ACER3
52139501	Ache	ACHE
52125182	Acin1	ACIN1
52127322	Ackr3	ACKR3
52125185	Acly	ACLY
52132049	Aco1	ACO1
52126085	Aco2	ACO2
52125187	Acot11	ACOT11
52140967	Acot12	ACOT12
52135329	Acot13	ACOT13
52135024	Acot2	ACOT2
52135027	Acot4	ACOT4
52135026	Acot6	ACOT6
52137563	Acot7	ACOT7
52137524	Acot8	ACOT8
52136877	Acox1	ACOX1
52140968	Acox2	ACOX2
52138969	Acox3	ACOX3
52134334	Acoxl	ACOXL
52131471	Acp1	ACP1
52129940	Acp2	ACP2
52125190	Acp5	ACP5
52131770	Acp6	ACP6
52140972	Acrbp	ACRBP
52133846	Acsbg1	ACSBG1
52131729	Acsf2	ACSF2
52140739	Acsf3	ACSF3
52125193	Acsl1	ACSL1
52125194	Acsl3	ACSL3
52125195	Acsl4	ACSL4
52139404	Acsl5	ACSL5
52138564	Acsm3	ACSM3
52138561	Acsm5	ACSM5
52125196	Acss1	ACSS1
52140974	Acss2	ACSS2
52135376	Acss3	ACSS3
52125201	Acta1	ACTA1
52136047	Acta2	ACTA2
52125205	Actb	ACTB
52125204	Actg1	ACTG1
52125667	Actl6a	ACTL6A
52137692	Actl6b	ACTL6B
52140352	Actn1	ACTN1
52125206	Actn2	ACTN2
52125207	Actn3	ACTN3
52136861	Actn4	ACTN4
52138716	Actr10	ACTR10
52125209	Actr1a	ACTR1A
52125208	Actr1b	ACTR1B
52125210	Actr2	ACTR2
52139824	Actr3	ACTR3
52137231	Actr5	ACTR5
52137049	Actr6	ACTR6
52137163	Actr8	ACTR8
52125213	Acvr1	ACVR1
52125214	Acvr1b	ACVR1B
52140984	Acvr1c	ACVR1C
52125211	Acvr2a	ACVR2A
52125212	Acvr2b	ACVR2B
52125346	Acvrl1	ACVRL1
52136015	Acy1	ACY1
52131116	Acy3	ACY3
52131821	Acyp1	ACYP1
52139662	Acyp2	ACYP2
52125216	Ada	ADA
52125218	Adam10	ADAM10
52140196	Adam11	ADAM11
52135433	Adam15	ADAM15
52125220	Adam17	ADAM17
52135863	Adam19	ADAM19
52140199	Adam22	ADAM22
52137269	Adam23	ADAM23
52125221	Adam8	ADAM8
52125222	Adam9	ADAM9
52141000	Adamdec1	ADAMDEC1
52140202	Adamts1	ADAMTS1
52135604	Adamts10	ADAMTS10
52140203	Adamts13	ADAMTS13
52125223	Adamts15	ADAMTS15
52141002	Adamts16	ADAMTS16
52140744	Adamts17	ADAMTS17
52132258	Adamts9	ADAMTS9
52125226	Adamtsl2	ADAMTSL2
52140204	Adamtsl4	ADAMTSL4
52135462	Adamtsl5	ADAMTSL5
52141010	Adap1	ADAP1
52133893	Adap2	ADAP2
52127903	Adar	ADAR
52125228	Adarb1	ADARB1
52138433	Adat1	ADAT1
52127433	Adat2	ADAT2
52138624	Adck1	ADCK1
52133874	Adck2	ADCK2
52134138	Adck5	ADCK5
52135110	Adcy1	ADCY1
52135494	Adcy2	ADCY2
52125232	Adcy3	ADCY3
52141012	Adcy4	ADCY4
52125163	Adcy5	ADCY5
52125234	Adcy6	ADCY6
52125233	Adcy7	ADCY7
52125231	Adcy8	ADCY8
52125235	Adcy9	ADCY9
52125236	Adcyap1	ADCYAP1
52126572	Add1	ADD1
52125238	Add3	ADD3
52127485	Adgb	ADGB
52136885	Adh4	ADH4
52125243	Adh5	ADH5
52139232	Adhfe1	ADHFE1
52129320	Adi1	ADI1
52125244	Adipor1	ADIPOR1
52134618	Adipor2	ADIPOR2
52125246	Adk	ADK
52140670	Adm	ADM
52125249	Adnp	ADNP
52125250	Adnp2	ADNP2
52125864	Ado	ADO
52141016	Adora1	ADORA1
52125115	Adora2a	ADORA2A
52135055	Adora2b	ADORA2B
52127904	Adpgk	ADPGK
52139365	Adprh	ADPRH
52137570	Adprhl1	ADPRHL1
52125252	Adprm	ADPRM
52139763	Adra2a	ADRA2A
52138669	Adrb1	ADRB1
52138407	Adrb2	ADRB2
52129981	Adsl	ADSL
52131789	Adtrp	ADTRP
52125265	Aebp1	AEBP1
52137321	Aebp2	AEBP2
52141017	Aen	AEN
52131790	Afap1	AFAP1
52125274	Afap1l1	AFAP1L1
52140459	Afap1l2	AFAP1L2
52125275	Aff1	AFF1
52140505	Aff4	AFF4
52133933	Afg3l2	AFG3L2
52131794	Afmid	AFMID
52129000	Aftph	AFTPH
52139211	Aga	AGA
52140792	Agap1	AGAP1
52132256	Agap2	AGAP2
52129372	Agap3	AGAP3
52141021	Agbl3	AGBL3
52126790	Agbl5	AGBL5
52141022	Ager	AGER
52125281	Agfg1	AGFG1
52137952	Agfg2	AGFG2
52131745	Aggf1	AGGF1
52129951	Agk	AGK
52125282	Agl	AGL
52138186	Agmat	AGMAT
52136307	Agmo	AGMO
52125284	Ago1	AGO1
52125285	Ago2	AGO2
52125286	Ago3	AGO3
52125287	Ago4	AGO4
52138276	Agpat1	AGPAT1
52138275	Agpat2	AGPAT2
52129667	Agpat3	AGPAT3
52129337	Agpat4	AGPAT4
52129424	Agpat5	AGPAT5
52129687	Agps	AGPS
52133512	Agr2	AGR2
52125278	Agr3	AGR3
52125290	Agrn	AGRN
52136889	Agt	AGT
52126788	Agtpbp1	AGTPBP1
52141023	Agtrap	AGTRAP
52125294	Agxt	AGXT
52131898	Agxt2	AGXT2
52128148	Ahctf1	AHCTF1
52126472	Ahcyl1	AHCYL1
52125296	Ahcyl2	AHCYL2
52134246	Ahdc1	AHDC1
52137373	Ahi1	AHI1
52129907	Ahnak	AHNAK
52141024	Ahnak2	AHNAK2
52125297	Ahr	AHR
52125298	Ahrr	AHRR
52125299	Ahsa1	AHSA1
52139139	Aida	AIDA
52141026	Aif1	AIF1
52125307	Aif1l	AIF1L
52125306	Aifm1	AIFM1
52131423	Aifm2	AIFM2
52141027	Aifm3	AIFM3
52134068	Aig1	AIG1
52141028	Aim2	AIM2
52125311	Aimp1	AIMP1
52136979	Aimp2	AIMP2
52136637	Aip	AIP
52135475	Aire	AIRE
52141029	Airn	AIRN
52130249	Ajuba	AJUBA
52139367	Ak1	AK1
52136823	Ak2	AK2
52141030	Ak3	AK3
52125316	Ak7	AK7
52129093	Ak8	AK8
52125317	Akap1	AKAP1
52129263	Akap10	AKAP10
52140404	Akap11	AKAP11
52125319	Akap13	AKAP13
52141032	Akap14	AKAP14
52141036	Akap5	AKAP5
52141037	Akap7	AKAP7
52141038	Akap8	AKAP8
52141039	Akap8l	AKAP8L
52137244	Akap9	AKAP9
52133477	Akip1	AKIP1
52136715	Akirin1	AKIRIN1
52136771	Akirin2	AKIRIN2
52134748	Akna	AKNA
52125322	Akr1a1	AKR1A1
52141045	Akr1d1	AKR1D1
52141046	Akr1e1	AKR1E2
52140812	Akt1	AKT1
52136817	Akt1s1	AKT1S1
52139787	Akt2	AKT2
52134407	Akt3	AKT3
52126575	Aktip	AKTIP
52137703	Alad	ALAD
52125329	Alas1	ALAS1
52125328	Alas2	ALAS2
52141047	Alb	ALB
52125330	Alcam	ALCAM
52131859	Aldh16a1	ALDH16A1
52126591	Aldh18a1	ALDH18A1
52125331	Aldh1b1	ALDH1B1
52125027	Aldh1l1	ALDH1L1
52125332	Aldh2	ALDH2
52125333	Aldh3a2	ALDH3A2
52125337	Aldh3b1	ALDH3B1
52138898	Aldh4a1	ALDH4A1
52140136	Aldh5a1	ALDH5A1
52126595	Aldh6a1	ALDH6A1
52125619	Aldh7a1	ALDH7A1
52129936	Aldh8a1	ALDH8A1
52125338	Aldh9a1	ALDH9A1
52125341	Aldoa	ALDOA
52128809	Aldob	ALDOB
52125342	Aldoc	ALDOC
52130011	Alg11	ALG11
52135117	Alg12	ALG12
52132931	Alg13	ALG13
52137507	Alg14	ALG14
52131723	Alg2	ALG2
52137883	Alg3	ALG3
52137320	Alg5	ALG5
52137400	Alg6	ALG6
52135977	Alg8	ALG8
52138939	Alg9	ALG9
52133943	Alkbh1	ALKBH1
52135664	Alkbh2	ALKBH2
52131381	Alkbh3	ALKBH3
52135471	Alkbh4	ALKBH4
52138293	Alkbh5	ALKBH5
52139323	Alkbh6	ALKBH6
52135994	Alkbh7	ALKBH7
52135453	Alkbh8	ALKBH8
52129755	Alms1	ALMS1
52125355	Alox12b	ALOX12B
52125352	Alox15	ALOX15
52125358	Alox5	ALOX5
52130432	Alox5ap	ALOX5AP
52125357	Aloxe3	ALOXE3
52139680	Alpk1	ALPK1
52129104	Alpk2	ALPK2
52125359	Alpl	ALPL
52125373	Als2	ALS2
52141050	Als2cl	ALS2CL
52125897	Amacr	AMACR
52125379	Ambp	AMBP
52131742	Ambra1	AMBRA1
52134946	Amdhd1	AMDHD1
52139251	Amdhd2	AMDHD2
52128555	Amer1	AMER1
52128554	Amer2	AMER2
52125380	Amfr	AMFR
52139998	Amh	AMH
52141053	Amhr2	AMHR2
52134257	Amigo1	AMIGO1
52141054	Amigo2	AMIGO2
52139043	Ammecr1	AMMECR1
52139044	Ammecr1l	AMMECR1L
52131931	Amn	AMN
52138144	Amn1	AMN1
52135057	Amot	AMOT
52140419	Amotl1	AMOTL1
52125383	Amotl2	AMOTL2
52125384	Ampd2	AMPD2
52125385	Ampd3	AMPD3
52129404	Amt	AMT
52141056	Amz1	AMZ1
52141057	Amz2	AMZ2
52134089	Anapc1	ANAPC1
52140026	Anapc10	ANAPC10
52135391	Anapc11	ANAPC11
52135500	Anapc13	ANAPC13
52138208	Anapc15	ANAPC15
52137772	Anapc16	ANAPC16
52134839	Anapc2	ANAPC2
52135777	Anapc4	ANAPC4
52136934	Anapc5	ANAPC5
52133925	Anapc7	ANAPC7
52140628	Angel1	ANGEL1
52130429	Angel2	ANGEL2
52125394	Angpt2	ANGPT2
52125396	Angptl1	ANGPTL1
52129997	Angptl4	ANGPTL4
52126247	Angptl6	ANGPTL6
52125399	Ank2	ANK2
52125400	Ank3	ANK3
52134543	Ankdd1b	ANKDD1B
52136923	Ankfy1	ANKFY1
52125402	Ank	ANKH
52125403	Ankib1	ANKIB1
52139821	Ankle1	ANKLE1
52129929	Ankle2	ANKLE2
52125404	Ankmy2	ANKMY2
52137099	Ankra2	ANKRA2
52125405	Ankrd10	ANKRD10
52129542	Ankrd11	ANKRD11
52129861	Ankrd12	ANKRD12
52125406	Ankrd13a	ANKRD13A
52137938	Ankrd13b	ANKRD13B
52129535	Ankrd13c	ANKRD13C
52140522	Ankrd13d	ANKRD13D
52141059	Ankrd16	ANKRD16
52141060	Ankrd17	ANKRD17
52138870	Ankrd22	ANKRD22
52141061	Ankrd23	ANKRD23
52135792	Ankrd24	ANKRD24
52141062	Ankrd26	ANKRD26
52129447	Ankrd27	ANKRD27
52125409	Ankrd28	ANKRD28
52135040	Ankrd29	ANKRD29
52141065	Ankrd35	ANKRD35
52141066	Ankrd37	ANKRD37
52134152	Ankrd39	ANKRD39
52140703	Ankrd40	ANKRD40
52141068	Ankrd42	ANKRD42
52141069	Ankrd44	ANKRD44
52125413	Ankrd46	ANKRD46
52137784	Ankrd49	ANKRD49
52138581	Ankrd50	ANKRD50
52125414	Ankrd52	ANKRD52
52129926	Ankrd54	ANKRD54
52140246	Ankrd55	ANKRD55
52125417	Ankrd6	ANKRD6
52141071	Ankrd61	ANKRD61
52141073	Ankrd66	ANKRD66
52139410	Ankrd9	ANKRD9
52140551	Anks1	ANKS1A
52138576	Anks3	ANKS3
52139352	Anks4b	ANKS4B
52139300	Anks6	ANKS6
52131797	Ankzf1	ANKZF1
52134226	Anln	ANLN
52125419	Ano1	ANO1
52125420	Ano10	ANO10
52134821	Ano6	ANO6
52135757	Ano7	ANO7
52135701	Ano8	ANO8
52131951	Ano9	ANO9
52126636	Anp32b	ANP32B
52136784	Anp32e	ANP32E
52125422	Anpep	ANPEP
52125620	Antxr2	ANTXR2
52132249	Anxa1	ANXA1
52141077	Anxa10	ANXA10
52126550	Anxa11	ANXA11
52136845	Anxa13	ANXA13
52125429	Anxa3	ANXA3
52139773	Anxa4	ANXA4
52125428	Anxa5	ANXA5
52139774	Anxa6	ANXA6
52141080	Anxa7	ANXA7
52137542	Anxa9	ANXA9
52141082	Aoah	AOAH
52128486	Aoc2	AOC2
52128485	Aoc3	AOC3
52139593	Ap1ar	AP1AR
52128376	Ap1b1	AP1B1
52129240	Ap1g2	AP1G2
52140554	Ap1m1	AP1M1
52137592	Ap1m2	AP1M2
52138869	Ap1s1	AP1S1
52130131	Ap1s2	AP1S2
52137520	Ap1s3	AP1S3
52128496	Ap2a1	AP2A1
52141083	Ap2a2	AP2A2
52128411	Ap2b1	AP2B1
52125437	Ap2m1	AP2M1
52128914	Ap2s1	AP2S1
52125438	Ap3b1	AP3B1
52141084	Ap3b2	AP3B2
52133927	Ap3d1	AP3D1
52126388	Ap3m1	AP3M1
52129300	Ap3m2	AP3M2
52136704	Ap3s1	AP3S1
52139548	Ap3s2	AP3S2
52125439	Ap4b1	AP4B1
52141085	Ap4e1	AP4E1
52134470	Ap4m1	AP4M1
52135927	Ap4s1	AP4S1
52133980	Ap5b1	AP5B1
52132934	Ap5m1	AP5M1
52135064	Ap5s1	AP5S1
52130594	Ap5z1	AP5Z1
52138042	Apaf1	APAF1
52125440	Apba1	APBA1
52125441	Apba2	APBA2
52141086	Apba3	APBA3
52134599	Apbb1	APBB1
52138955	Apbb1ip	APBB1IP
52125442	Apbb2	APBB2
52126664	Apc	APC
52141087	Apcdd1	APCDD1
52126426	Apeh	APEH
52130961	Apex1	APEX1
52138743	Apex2	APEX2
52140005	Aph1a	APH1A
52125448	Api5	API5
52137617	Apip	APIP
52138507	Aplf	APLF
52140156	Apln	APLN
52125451	Aplp1	APLP1
52130356	Aplp2	APLP2
52125831	Apmap	APMAP
52125453	Apoa1	APOA1
52125455	Apob	APOB
52125452	Apobec2	APOBEC2
52141092	Apobr	APOBR
52141093	Apoc1	APOC1
52141096	Apoc3	APOC3
52125456	Apod	APOD
52125457	Apoe	APOE
52139791	Apoh	APOH
52133729	Apold1	APOLD1
52128968	Apom	APOM
52125459	Apoo	APOO
52129338	Apool	APOOL
52125462	App	APP
52136940	Appbp2	APPBP2
52140336	Appl1	APPL1
52140337	Appl2	APPL2
52139031	Aprt	APRT
52129819	Aptx	APTX
52125467	Aqp1	AQP1
52125466	Aqp11	AQP11
52125468	Aqp3	AQP3
52134174	Aqp4	AQP4
52141100	Aqp5	AQP5
52125470	Aqp9	AQP9
52138901	Aqr	AQR
52133573	Araf	ARAF
52129955	Arap1	ARAP1
52139611	Arap2	ARAP2
52141102	Arap3	ARAP3
52141103	Arc	ARC
52125476	Arcn1	ARCN1
52134934	Areg	AREG
52139729	Arel1	AREL1
52125479	Arf1	ARF1
52125481	Arf3	ARF3
52137457	Arf4	ARF4
52126399	Arf5	ARF5
52125482	Arf6	ARF6
52137265	Arfgap1	ARFGAP1
52131805	Arfgap2	ARFGAP2
52139281	Arfgap3	ARFGAP3
52130949	Arfgef1	ARFGEF1
52135209	Arfgef2	ARFGEF2
52131077	Arfip1	ARFIP1
52130109	Arfip2	ARFIP2
52137923	Arfrp1	ARFRP1
52133981	Arg1	ARG1
52136917	Arg2	ARG2
52125485	Arglu1	ARGLU1
52130322	Arhgap1	ARHGAP1
52130296	Arhgap10	ARHGAP10
52136969	Arhgap11a	ARHGAP11A
52125489	Arhgap12	ARHGAP12
52134734	Arhgap15	ARHGAP15
52134516	Arhgap17	ARHGAP17
52140151	Arhgap18	ARHGAP18
52134923	Arhgap19	ARHGAP19
52140220	Arhgap20	ARHGAP20
52129773	Arhgap21	ARHGAP21
52125490	Arhgap22	ARHGAP22
52125491	Arhgap23	ARHGAP23
52134720	Arhgap24	ARHGAP24
52135062	Arhgap25	ARHGAP25
52141104	Arhgap26	ARHGAP26
52129539	Arhgap27	ARHGAP27
52125492	Arhgap29	ARHGAP29
52141105	Arhgap30	ARHGAP30
52135675	Arhgap31	ARHGAP31
52128472	Arhgap32	ARHGAP32
52136063	Arhgap33	ARHGAP33
52134621	Arhgap39	ARHGAP39
52135793	Arhgap4	ARHGAP4
52130183	Arhgap42	ARHGAP42
52140333	Arhgap5	ARHGAP5
52125497	Arhgap6	ARHGAP6
52141107	Arhgap8	ARHGAP8
52140598	Arhgap9	ARHGAP9
52136718	Arhgdia	ARHGDIA
52139032	Arhgdib	ARHGDIB
52139033	Arhgdig	ARHGDIG
52125498	Arhgef1	ARHGEF1
52137229	Arhgef10	ARHGEF10
52125500	Arhgef10l	ARHGEF10L
52140161	Arhgef11	ARHGEF11
52133974	Arhgef12	ARHGEF12
52125501	Arhgef15	ARHGEF15
52135810	Arhgef16	ARHGEF16
52130360	Arhgef17	ARHGEF17
52125502	Arhgef18	ARHGEF18
52135344	Arhgef19	ARHGEF19
52125499	Arhgef2	ARHGEF2
52130326	Arhgef25	ARHGEF25
52141108	Arhgef26	ARHGEF26
52125503	Arhgef28	ARHGEF28
52134560	Arhgef3	ARHGEF3
52134079	Arhgef33	ARHGEF33
52125504	Arhgef37	ARHGEF37
52134389	Arhgef38	ARHGEF38
52137589	Arhgef39	ARHGEF39
52135691	Arhgef4	ARHGEF4
52139713	Arhgef40	ARHGEF40
52128714	Arhgef5	ARHGEF5
52140524	Arhgef6	ARHGEF6
52125505	Arhgef7	ARHGEF7
52125506	Arhgef9	ARHGEF9
52129073	Arid1a	ARID1A
52129643	Arid1b	ARID1B
52129971	Arid2	ARID2
52131936	Arid3a	ARID3A
52136996	Arid3b	ARID3B
52129456	Arid4a	ARID4A
52136332	Arid4b	ARID4B
52125510	Arid5a	ARID5A
52135429	Arid5b	ARID5B
52136669	Arih1	ARIH1
52136646	Arih2	ARIH2
52139574	Arl1	ARL1
52134045	Arl10	ARL10
52137037	Arl11	ARL11
52125514	Arl13b	ARL13B
52135015	Arl14	ARL14
52133718	Arl14ep	ARL14EP
52125513	Arl15	ARL15
52138465	Arl16	ARL16
52137624	Arl2	ARL2
52139070	Arl2bp	ARL2BP
52125515	Arl3	ARL3
52125516	Arl4a	ARL4A
52129197	Arl4c	ARL4C
52129209	Arl4d	ARL4D
52139422	Arl5a	ARL5A
52125520	Arl5b	ARL5B
52139249	Arl5c	ARL5C
52125703	Arl6	ARL6
52125517	Arl6ip1	ARL6IP1
52137820	Arl6ip4	ARL6IP4
52125519	Arl6ip5	ARL6IP5
52138466	Arl6ip6	ARL6IP6
52129779	Arl8a	ARL8A
52125512	Arl8b	ARL8B
52138165	Arl9	ARL9
52137580	Armc1	ARMC1
52130768	Armc10	ARMC10
52127486	Armc2	ARMC2
52133091	Armc3	ARMC3
52141113	Armc5	ARMC5
52140485	Armc6	ARMC6
52138267	Armc7	ARMC7
52131448	Armc8	ARMC8
52141114	Armc9	ARMC9
52141115	Armcx1	ARMCX1
52141117	Armcx3	ARMCX3
52141119	Armcx5	ARMCX5
52141121	Armcx6	ARMCX6
52125523	Arnt	ARNT
52125524	Arnt2	ARNT2
52137343	Arpc1a	ARPC1A
52126613	Arpc1b	ARPC1B
52130391	Arpc2	ARPC2
52139326	Arpc3	ARPC3
52128359	Arpc4	ARPC4
52125528	Arpc5	ARPC5
52125529	Arpc5l	ARPC5L
52125530	Arpp19	ARPP19
52125534	Arrb1	ARRB1
52125532	Arrb2	ARRB2
52125533	Arrdc1	ARRDC1
52136924	Arrdc2	ARRDC2
52125535	Arrdc3	ARRDC3
52141125	Arrdc4	ARRDC4
52137489	Arsa	ARSA
52140642	Arsb	ARSB
52135347	Arsg	ARSG
52138119	Arsk	ARSK
52140370	Art3	ART3
52139628	Art4	ART4
52139627	Art5	ART5
52138546	Arv1	ARV1
52134144	Arvcf	ARVCF
52125539	Arx	ARX
52138088	As3mt	AS3MT
52125540	Asah1	ASAH1
52132653	Asah2	ASAH2
52125541	Asap1	ASAP1
52127420	Asap2	ASAP2
52127419	Asap3	ASAP3
52137473	Asb1	ASB1
52127405	Asb11	ASB11
52125543	Asb13	ASB13
52138061	Asb16	ASB16
52125547	Asb2	ASB2
52137710	Asb4	ASB4
52137707	Asb6	ASB6
52139219	Asb7	ASB7
52137112	Asb8	ASB8
52137886	Ascc1	ASCC1
52138912	Ascc2	ASCC2
52134916	Ascc3	ASCC3
52141133	Ascl2	ASCL2
52125546	Asf1a	ASF1A
52125545	Asf1b	ASF1B
52125551	Asgr1	ASGR1
52125552	Asgr2	ASGR2
52129932	Ash1l	ASH1L
52128834	Ash2l	ASH2L
52125170	Asic1	ASIC1
52125168	Asic2	ASIC2
52125169	Asic3	ASIC3
52138886	Asl	ASL
52138857	Asns	ASNS
52133704	Asnsd1	ASNSD1
52138518	Aspa	ASPA
52137633	Aspdh	ASPDH
52138526	Aspg	ASPG
52141138	Asph	ASPH
52135077	Asphd1	ASPHD1
52129276	Aspm	ASPM
52141139	Asprv1	ASPRV1
52137683	Aspscr1	ASPSCR1
52137604	Asrgl1	ASRGL1
52125562	Ass1	ASS1
52125564	Aste1	ASTE1
52135258	Asxl1	ASXL1
52140467	Asxl2	ASXL2
52141141	Asxl3	ASXL3
52130559	Asz1	ASZ1
52125567	Atad1	ATAD1
52129865	Atad2	ATAD2
52134960	Atad2b	ATAD2B
52126160	Atad5	ATAD5
52132402	Atat1	ATAT1
52125793	Atcay	ATCAY
52138391	Ate1	ATE1
52137092	Atf1	ATF1
52125572	Atf2	ATF2
52138706	Atf3	ATF3
52125573	Atf4	ATF4
52129284	Atf5	ATF5
52129850	Atf6	ATF6
52138262	Atf6b	ATF6B
52135708	Atf7ip2	ATF7IP2
52131902	Atg10	ATG10
52140238	Atg12	ATG12
52138884	Atg13	ATG13
52137949	Atg14	ATG14
52128938	Atg16l1	ATG16L1
52134026	Atg16l2	ATG16L2
52134932	Atg2a	ATG2A
52134885	Atg2b	ATG2B
52125444	Atg3	ATG3
52125445	Atg4b	ATG4B
52125446	Atg4c	ATG4C
52131633	Atg4d	ATG4D
52125447	Atg5	ATG5
52129049	Atg7	ATG7
52138368	Atg9a	ATG9A
52138397	Atg9b	ATG9B
52126530	Atic	ATIC
52130157	Atl1	ATL1
52125518	Atl2	ATL2
52131484	Atl3	ATL3
52127010	Atm	ATM
52133701	Atmin	ATMIN
52137375	Atoh8	ATOH8
52140706	Atox1	ATOX1
52140532	Atp10a	ATP10A
52139637	Atp10b	ATP10B
52135446	Atp11a	ATP11A
52127287	Atp11b	ATP11B
52129076	Atp11c	ATP11C
52141144	Atp13a1	ATP13A1
52131760	Atp13a2	ATP13A2
52140700	Atp13a3	ATP13A3
52125581	Atp1a1	ATP1A1
52125613	Atp1a3	ATP1A3
52126156	Atp1b1	ATP1B1
52125583	Atp1b3	ATP1B3
52125166	Atp2a1	ATP2A1
52125584	Atp2a2	ATP2A2
52135284	Atp2a3	ATP2A3
52133122	Atp2b1	ATP2B1
52133123	Atp2b2	ATP2B2
52125585	Atp2b3	ATP2B3
52133124	Atp2b4	ATP2B4
52135034	Atp2c1	ATP2C1
52141148	Atp2c2	ATP2C2
52141149	Atp4a	ATP4A
52125602	Atp6ap1	ATP6AP1
52141152	Atp6ap2	ATP6AP2
52125607	Atp6v0a1	ATP6V0A1
52133837	Atp6v0a2	ATP6V0A2
52141153	Atp6v0a4	ATP6V0A4
52136811	Atp6v0b	ATP6V0B
52125606	Atp6v0c	ATP6V0C
52127277	Atp6v0d1	ATP6V0D1
52125608	Atp6v0e	ATP6V0E1
52137664	Atp6v0e2	ATP6V0E2
52125609	Atp6v1a	ATP6V1A
52125610	Atp6v1b2	ATP6V1B2
52125611	Atp6v1c1	ATP6V1C1
52138705	Atp6v1d	ATP6V1D
52125605	Atp6v1e1	ATP6V1E1
52139582	Atp6v1f	ATP6V1F
52136655	Atp6v1g1	ATP6V1G1
52136656	Atp6v1g2	ATP6V1G2
52126981	Atp6v1h	ATP6V1H
52125975	Atp7a	ATP7A
52135511	Atp7b	ATP7B
52138292	Atp8a1	ATP8A1
52140442	Atp8a2	ATP8A2
52134155	Atp8b1	ATP8B1
52129252	Atp8b2	ATP8B2
52141156	Atp9a	ATP9A
52134234	Atp9b	ATP9B
52131053	Atpaf1	ATPAF1
52131351	Atpaf2	ATPAF2
52135377	Atr	ATR
52133825	Atraid	ATRAID
52135594	Atrip	ATRIP
52141158	Atrn	ATRN
52125621	Atrnl1	ATRNL1
52136805	Atrx	ATRX
52125625	Atxn1	ATXN1
52135834	Atxn10	ATXN10
52141160	Atxn1l	ATXN1L
52135120	Atxn2	ATXN2
52137027	Atxn2l	ATXN2L
52141161	Atxn3	ATXN3
52141162	Atxn7	ATXN7
52134790	Atxn7l1	ATXN7L1
52125626	Atxn7l2	ATXN7L2
52125627	Atxn7l3	ATXN7L3
52141163	Atxn7l3b	ATXN7L3B
52136947	Auh	AUH
52141164	Aunip	AUNIP
52137036	Aup1	AUP1
52128855	Aurka	AURKA
52138534	Aurkaip1	AURKAIP1
52125632	Aurkb	AURKB
52125631	Aurkc	AURKC
52134022	Aven	AVEN
52138076	Avil	AVIL
52138222	Avl9	AVL9
52125484	Avp	AVP
52134224	Avpi1	AVPI1
52141165	Avpr1b	AVPR1B
52125636	Avpr2	AVPR2
52135140	Axdnd1	AXDND1
52132380	Axin1	AXIN1
52125639	Axin2	AXIN2
52141168	Axl	AXL
52132611	Azi2	AZI2
52125646	Azin1	AZIN1
52125851	B2m	B2M
52137875	B3galnt2	B3GALNT2
52139161	B3galt2	B3GALT2
52135915	B3galt4	B3GALT4
52134832	B3galt5	B3GALT5
52140536	B3galt6	B3GALT6
52139364	B3gat2	B3GAT2
52141172	B3gat3	B3GAT3
52134367	B3gnt2	B3GNT2
52125653	B3gnt3	B3GNT3
52125654	B3gnt5	B3GNT5
52141174	B3gnt6	B3GNT6
52126453	B3gnt7	B3GNT7
52135357	B3gnt8	B3GNT8
52134972	B3gnt9	B3GNT9
52135220	B4galnt1	B4GALNT1
52125656	B4galnt2	B4GALNT2
52128467	B4galnt3	B4GALNT3
52140474	B4galnt4	B4GALNT4
52137805	B4galt1	B4GALT1
52140608	B4galt3	B4GALT3
52130374	B4galt4	B4GALT4
52140083	B4galt5	B4GALT5
52130548	B4galt6	B4GALT6
52137752	B4galt7	B4GALT7
52131437	B9d1	B9D1
52139531	B9d2	B9D2
52125188	Baat	BAAT
52137423	Babam1	BABAM1
52139226	Bace1	BACE1
52125660	Bace2	BACE2
52125661	Bach1	BACH1
52125662	Bach2	BACH2
52125664	Bad	BAD
52131801	Bag1	BAG1
52138997	Bag2	BAG2
52137409	Bag3	BAG3
52129693	Bag4	BAG4
52137968	Bag5	BAG5
52125690	Bag6	BAG6
52125671	Bahcc1	BAHCC1
52140690	Bahd1	BAHD1
52137319	Baiap2	BAIAP2
52125676	Baiap2l1	BAIAP2L1
52125677	Baiap2l2	BAIAP2L2
52139654	Baiap3	BAIAP3
52141175	Bak1	BAK1
52125680	Bambi	BAMBI
52128324	Banf1	BANF1
52141176	Banf2	BANF2
52141177	Bank1	BANK1
52137815	Banp	BANP
52135595	Bap1	BAP1
52134339	Bard1	BARD1
52137771	Barx1	BARX1
52134914	Barx2	BARX2
52134402	Basp1	BASP1
52134044	Batf	BATF
52141178	Batf2	BATF2
52133986	Batf3	BATF3
52125694	Bax	BAX
52129934	Baz1a	BAZ1A
52129982	Baz1b	BAZ1B
52137498	Baz2a	BAZ2A
52138503	Baz2b	BAZ2B
52133243	Bbc3	BBC3
52125699	Bbip1	BBIP1
52137252	Bbox1	BBOX1
52131719	Bbs1	BBS1
52135547	Bbs10	BBS10
52140170	Bbs12	BBS12
52129078	Bbs2	BBS2
52138112	Bbs4	BBS4
52138853	Bbs5	BBS5
52131117	Bbs7	BBS7
52140339	Bbs9	BBS9
52141179	Bbx	BBX
52132309	Bcam	BCAM
52135323	Bcap29	BCAP29
52133725	Bcap31	BCAP31
52129314	Bcar1	BCAR1
52140295	Bcar3	BCAR3
52141180	Bcas1	BCAS1
52126295	Bcas2	BCAS2
52138934	Bcas3	BCAS3
52128861	Bcat2	BCAT2
52132527	Bccip	BCCIP
52135353	Bcdin3d	BCDIN3D
52141181	Bche	BCHE
52137122	Bckdha	BCKDHA
52138379	Bckdhb	BCKDHB
52126241	Bckdk	BCKDK
52140451	Bcl10	BCL10
52125713	Bcl11a	BCL11A
52125714	Bcl11b	BCL11B
52125715	Bcl2	BCL2
52125716	Bcl2l1	BCL2L1
52125755	Bcl2l11	BCL2L11
52134859	Bcl2l12	BCL2L12
52134476	Bcl2l13	BCL2L13
52139986	Bcl2l14	BCL2L14
52141186	Bcl2l15	BCL2L15
52141187	Bcl2l2	BCL2L2
52140098	Bcl3	BCL3
52125717	Bcl6	BCL6
52140716	Bcl6b	BCL6B
52126471	Bcl7a	BCL7A
52125718	Bcl7b	BCL7B
52141188	Bcl7c	BCL7C
52134807	Bcl9	BCL9
52125719	Bcl9l	BCL9L
52141189	Bclaf1	BCLAF1
52125711	Bco2	BCO2
52139813	Bcor	BCOR
52139650	Bcorl1	BCORL1
52135755	Bcr	BCR
52138780	Bcs1l	BCS1L
52138474	Bdh1	BDH1
52137732	Bdh2	BDH2
52139743	Bdnf	BDNF
52131997	Bdp1	BDP1
52139102	Becn1	BECN1
52134336	Bend3	BEND3
52141190	Bend4	BEND4
52135839	Bend5	BEND5
52134401	Bend7	BEND7
52133782	Best1	BEST1
52134584	Bet1	BET1
52137397	Bet1l	BET1L
52141197	Bfar	BFAR
52141198	Bfsp1	BFSP1
52137636	Bfsp2	BFSP2
52125744	Bhlhe40	BHLHE40
52130964	Bhmt	BHMT
52125750	Bicc1	BICC1
52133953	Bicd1	BICD1
52125751	Bicd2	BICD2
52125752	Bid	BID
52141200	Bik	BIK
52125756	Bin1	BIN1
52125757	Bin2	BIN2
52129302	Bin3	BIN3
52125764	Birc2	BIRC2
52125763	Birc3	BIRC3
52136118	Birc5	BIRC5
52140428	Birc6	BIRC6
52139754	Bivm	BIVM
52125706	Blcap	BLCAP
52125773	Blk	BLK
52140175	Blm	BLM
52136757	Blmh	BLMH
52139907	Blnk	BLNK
52134970	Bloc1s1	BLOC1S1
52137821	Bloc1s2	BLOC1S2
52131003	Bloc1s3	BLOC1S3
52127095	Bloc1s4	BLOC1S4
52129449	Bloc1s5	BLOC1S5
52133117	Bloc1s6	BLOC1S6
52138129	Blvra	BLVRA
52126116	Blvrb	BLVRB
52129760	Blzf1	BLZF1
52133883	Bmf	BMF
52130477	Bmp1	BMP1
52125782	Bmp2	BMP2
52137514	Bmp2k	BMP2K
52137346	Bmp3	BMP3
52125784	Bmp4	BMP4
52125786	Bmp7	BMP7
52141203	Bmp8b	BMP8B
52125347	Bmpr1a	BMPR1A
52140164	Bmpr2	BMPR2
52125789	Bms1	BMS1
52141204	Bmx	BMX
52134867	Bnip1	BNIP1
52141205	Bnip2	BNIP2
52130177	Bnip3	BNIP3
52125792	Bnip3l	BNIP3L
52135709	Bnipl	BNIPL
52128410	Boc	BOC
52140632	Bod1l	BOD1L1
52125796	Bok	BOK
52137477	Bola1	BOLA1
52137411	Bola3	BOLA3
52141207	Boll	BOLL
52131066	Bop1	BOP1
52137502	Bora	BORA
52139433	Bpgm	BPGM
52140916	Bphl	BPHL
52141221	Bpnt1	BPNT1
52129397	Bptf	BPTF
52139917	Braf	BRAF
52139575	Brap	BRAP
52138075	Brat1	BRAT1
52141222	Brca1	BRCA1
52128669	Brca2	BRCA2
52125807	Brd1	BRD1
52125808	Brd2	BRD2
52128444	Brd3	BRD3
52128782	Brd4	BRD4
52137094	Brd7	BRD7
52125809	Brd8	BRD8
52140048	Brd9	BRD9
52129901	Brdt	BRDT
52125812	Brf1	BRF1
52134597	Brf2	BRF2
52129371	Bri3	BRI3
52128426	Bri3bp	BRI3BP
52131584	Bricd5	BRICD5
52128670	Brip1	BRIP1
52141225	Brix1	BRIX1
52139332	Brk1	BRK1
52136006	Brms1	BRMS1
52125814	Brms1l	BRMS1L
52134009	Brox	BROX
52138707	Brpf1	BRPF1
52125826	Brpf3	BRPF3
52134551	Brsk1	BRSK1
52139648	Brsk2	BRSK2
52131645	Brwd1	BRWD1
52135392	Brwd3	BRWD3
52137800	Bscl2	BSCL2
52128910	Bsdc1	BSDC1
52125052	Bsg	BSG
52125833	Bsn	BSN
52135138	Bspry	BSPRY
52141229	Bst1	BST1
52141230	Bst2	BST2
52136226	Btaf1	BTAF1
52141231	Btbd1	BTBD1
52131071	Btbd10	BTBD10
52140482	Btbd16	BTBD16
52134759	Btbd17	BTBD17
52141233	Btbd19	BTBD19
52125836	Btbd2	BTBD2
52125837	Btbd3	BTBD3
52125838	Btbd6	BTBD6
52135872	Btbd7	BTBD7
52131940	Btbd8	BTBD8
52137113	Btbd9	BTBD9
52138163	Btc	BTC
52138178	Btd	BTD
52136738	Btf3	BTF3
52139095	Btf3l4	BTF3L4
52125840	Btg1	BTG1
52125841	Btg2	BTG2
52126643	Btg3	BTG3
52141234	Btk	BTK
52140049	Btla	BTLA
52138619	Btn1a1	BTN1A1
52141236	Btnl2	BTNL2
52138618	Btnl9	BTNL9
52141237	Btrc	BTRC
52133763	Bub1	BUB1
52129860	Bub1b	BUB1B
52137488	Bub3	BUB3
52129978	Bud13	BUD13
52130513	Bud31	BUD31
52138944	Bysl	BYSL
52125859	Bzw1	BZW1
52133568	Bzw2	BZW2
52141240	9430038I01Rik	C10orf143
52129451	2310057M21Rik	C10orf88
52140867	BC051019	C11orf16
52128434	1810055G02Rik	C11orf24
52141242	Gm5901	C11orf42
52138630	2310030G06Rik	C11orf52
52139823	1110004F10Rik	C11orf58
52140221	4930550C14Rik	C11orf65
52137628	AI837181	C11orf68
52141243	Gm5617	C11orf71
52141245	A930018P22Rik	C11orf91
52140840	Gm13889	C11orf96
52140901	1810009A15Rik	C11orf98
52127294	2210016L21Rik	C12orf43
52140176	D930020B18Rik	C12orf56
52129205	Grcc10	C12orf57
52141250	BC049715	C12orf60
52139944	1500009L16Rik	C12orf75
52136004	1700123O20Rik	C14orf119
52141257	4931414P19Rik	C14orf93
52134709	3110040N11Rik	C15orf40
52140139	2300009A05Rik	C15orf61
52141258	Gm14137	C15orf62
52140179	1700030J22Rik	C16orf46
52141259	AI467606	C16orf54
52141270	1810010H24Rik	C17orf58
52137293	5730455P16Rik	C17orf75
52141271	Gm11437	C17orf78
52141273	BC031181	C18orf32
52140096	4930503L19Rik	C18orf54
52125884	1600014C10Rik	C19orf12
52130633	2310011J03Rik	C19orf25
52141275	2200002D01Rik	C19orf33
52141276	AB124611	C19orf38
52131292	1700030K09Rik	C19orf44
52130336	2310022A10Rik	C19orf47
52140040	D8Ertd738e	C19orf53
52140115	1700067K01Rik	C19orf67
52141278	1700008O03Rik	C19orf81
52137587	C1d	C1D
52125886	C1galt1	C1GALT1
52129540	C1galt1c1	C1GALT1C1
52137650	C1qa	C1QA
52139341	C1qb	C1QB
52128408	C1qbp	C1QBP
52137614	C1qc	C1QC
52137915	C1qtnf1	C1QTNF1
52125898	C1qtnf4	C1QTNF4
52125895	C1qtnf6	C1QTNF6
52141299	C1rl	C1RL
52129740	C130074G19Rik	C1orf115
52140125	AA986860	C1orf116
52141283	1110065P20Rik	C1orf122
52140329	1700028K03Rik	C1orf146
52131613	9430015G10Rik	C1orf159
52141285	I830077J02Rik	C1orf162
52138340	A430005L14Rik	C1orf174
52128416	2310022B05Rik	C1orf198
52137143	1700025G04Rik	C1orf21
52140825	2610528J11Rik	C1orf210
52141287	5730409E04Rik	C1orf216
52141288	Gm7694	C1orf226
52139815	2310033P09Rik	C1orf35
52135292	AU022252	C1orf50
52139216	2410004B18Rik	C1orf52
52139955	2310009B15Rik	C1orf53
52141290	BC028528	C1orf54
52139984	A130010J15Rik	C1orf74
52141300	C2	C2
52139992	D16Ertd472e	C21orf91
52140663	1700088E04Rik	C22orf23
52140344	2510002D24Rik	C22orf39
52141309	C2cd2	C2CD2
52136312	C2cd2l	C2CD2L
52134001	C2cd3	C2CD3
52125911	C2cd4a	C2CD4A
52125912	C2cd4b	C2CD4B
52141310	C2cd4c	C2CD4C
52125910	C2cd4d	C2CD4D
52130152	C2cd5	C2CD5
52140072	C87436	C2orf42
52140071	0610030E20Rik	C2orf68
52125937	1700066M21Rik	C2orf69
52141312	2810459M11Rik	C2orf72
52139921	3110009E18Rik	C2orf76
52141319	D630023F18Rik	C2orf80
52125917	C3	C3
52140838	6430571L13Rik	C3orf18
52140343	4930453N24Rik	C3orf38
52141325	Gm11100	C3orf49
52141326	BC016579	C3orf52
52141327	1700102P08Rik	C3orf62
52125921	2510009E07Rik	C3orf70
52141328	1110032F04Rik	C3orf80
52125923	D3Ertd751e	C4orf33
52141333	1700016H13Rik	C4orf36
52141334	4930579G24Rik	C4orf46
52140662	9530068E07Rik	C5orf15
52139814	6030458C11Rik	C5orf22
52139822	B230219D22Rik	C5orf24
52135824	4833420G17Rik	C5orf34
52131913	C330018D20Rik	C5orf63
52141343	1700010I14Rik	C6orf118
52139820	1600012H06Rik	C6orf120
52141344	AI661453	C6orf132
52129698	2310061I04Rik	C6orf136
52141345	9130008F23Rik	C6orf141
52141348	D17H6S53E	C6orf47
52136876	BC005537	C6orf62
52140142	BC004004	C6orf89
52128358	AW209491	C7orf25
52141349	Gm11992	C7orf57
52139259	C8g	C8G
52139980	1110038F14Rik	C8orf33
52141351	9930012K11Rik	C8orf58
52141352	Gm11837	C8orf88
52141355	D630039A03Rik	C9orf152
52141357	D030056L22Rik	C9orf40
52141358	4933430I17Rik	C9orf43
52141359	1700001O22Rik	C9orf50
52139931	BC005624	C9orf78
52139918	1110059E24Rik	C9orf85
52141362	Caap1	CAAP1
52132513	Cab39	CAB39
52129507	Cab39l	CAB39L
52129072	Cabin1	CABIN1
52135544	Cables1	CABLES1
52135260	Cables2	CABLES2
52125950	Cabp1	CABP1
52125952	Cabp7	CABP7
52134843	Cacfd1	CACFD1
52140503	Cachd1	CACHD1
52125954	Cacna1a	CACNA1A
52125955	Cacna1b	CACNA1B
52127073	Cacna1c	CACNA1C
52125956	Cacna1d	CACNA1D
52133468	Cacna1h	CACNA1H
52125959	Cacna1s	CACNA1S
52134537	Cacna2d1	CACNA2D1
52125960	Cacna2d2	CACNA2D2
52127476	Cacnb1	CACNB1
52125947	Cacnb2	CACNB2
52125948	Cacnb3	CACNB3
52125949	Cacnb4	CACNB4
52125965	Cacng4	CACNG4
52134620	Cactin	CACTIN
52140908	Cacul1	CACUL1
52139169	Cacybp	CACYBP
52126407	Cad	CAD
52133590	Cadm1	CADM1
52137527	Cadm4	CADM4
52125971	Cadps	CADPS
52127157	Cadps2	CADPS2
52141365	Cage1	CAGE1
52130191	Calb1	CALB1
52125977	Calcb	CALCB
52125979	Calcoco1	CALCOCO1
52125980	Calcrl	CALCRL
52125967	Cald1	CALD1
52125982	Calhm2	CALHM2
52125986	Calm1	CALM1
52125985	Calm2	CALM2
52125987	Calm3	CALM3
52125988	Calml4	CALML4
52125989	Calr	CALR
52125991	Calu	CALU
52135143	Camk1	CAMK1
52126003	Camk1d	CAMK1D
52126005	Camk2a	CAMK2A
52126006	Camk2b	CAMK2B
52126007	Camk2d	CAMK2D
52126008	Camk2g	CAMK2G
52126009	Camk2n1	CAMK2N1
52126010	Camk2n2	CAMK2N2
52137271	Camk4	CAMK4
52126011	Camkk1	CAMKK1
52141373	Camkk2	CAMKK2
52134043	Camkmt	CAMKMT
52125033	Camkv	CAMKV
52139228	Caml	CAMLG
52141374	Camp	CAMP
52126014	Camsap1	CAMSAP1
52126015	Camsap2	CAMSAP2
52135294	Camsap3	CAMSAP3
52126016	Camta1	CAMTA1
52133822	Camta2	CAMTA2
52129061	Cand1	CAND1
52134555	Cand2	CAND2
52126018	Cant1	CANT1
52137154	Canx	CANX
52130314	Cap1	CAP1
52137918	Cap2	CAP2
52126021	Capg	CAPG
52126023	Capn1	CAPN1
52134848	Capn10	CAPN10
52126022	Capn11	CAPN11
52134082	Capn12	CAPN12
52140043	Capn13	CAPN13
52139681	Capn15	CAPN15
52131454	Capn2	CAPN2
52126024	Capn3	CAPN3
52135115	Capn5	CAPN5
52140639	Capn7	CAPN7
52130957	Capn8	CAPN8
52126454	Capn9	CAPN9
52126026	Capns1	CAPNS1
52126028	Caprin1	CAPRIN1
52125891	Caprin2	CAPRIN2
52137737	Capsl	CAPSL
52126030	Capza1	CAPZA1
52126032	Capza2	CAPZA2
52137332	Capzb	CAPZB
52140802	Card10	CARD10
52140450	Card11	CARD11
52140361	Card14	CARD14
52141377	Card6	CARD6
52135243	Card9	CARD9
52125375	Carf	CARF
52136971	Carhsp1	CARHSP1
52133198	Carm1	CARM1
52141379	Carns1	CARNS1
52129828	Cars2	CARS2
52126057	Cartpt	CARTPT
52139808	Casc3	CASC3
52134974	Casd1	CASD1
52126061	Cask	CASK
52135566	Caskin1	CASKIN1
52126062	Caskin2	CASKIN2
52126064	Casp1	CASP1
52139780	Casp2	CASP2
52126066	Casp3	CASP3
52126067	Casp6	CASP6
52126068	Casp7	CASP7
52126069	Casp8	CASP8
52129574	Casp8ap2	CASP8AP2
52131535	Casp9	CASP9
52133499	Cast	CAST
52133541	Casz1	CASZ1
52128984	Cat	CAT
52141383	Catsper2	CATSPER2
52141384	Catsper3	CATSPER3
52141385	Catsper4	CATSPER4
52141387	Catsperd	CATSPERD
52137062	Cav2	CAV2
52132561	Cbfa2t2	CBFA2T2
52128302	Cbfa2t3	CBFA2T3
52136467	Cbfb	CBFB
52137110	Cbl	CBL
52141396	Cblb	CBLB
52134148	Cblc	CBLC
52141399	Cbln3	CBLN3
52139782	Cbr3	CBR3
52131451	Cbr4	CBR4
52126396	Cbs	CBS
52126701	Cbx1	CBX1
52133007	Cbx2	CBX2
52126702	Cbx3	CBX3
52131479	Cbx4	CBX4
52129550	Cbx5	CBX5
52134568	Cbx6	CBX6
52137688	Cbx7	CBX7
52126703	Cbx8	CBX8
52129786	Cby1	CBY1
52129785	Cby3	CBY3
52140611	Cc2d1a	CC2D1A
52128999	Cc2d1b	CC2D1B
52129208	Cc2d2a	CC2D2A
52130960	Ccar1	CCAR1
52135441	Ccar2	CCAR2
52130453	Ccbe1	CCBE1
52134985	Ccdc102a	CCDC102A
52141402	Ccdc107	CCDC107
52141404	Ccdc112	CCDC112
52141405	Ccdc116	CCDC116
52128932	Ccdc117	CCDC117
52137459	Ccdc12	CCDC12
52126719	Ccdc120	CCDC120
52141410	Ccdc122	CCDC122
52137254	Ccdc124	CCDC124
52134374	Ccdc125	CCDC125
52134059	Ccdc126	CCDC126
52126721	Ccdc127	CCDC127
52135129	Ccdc134	CCDC134
52134799	Ccdc136	CCDC136
52129077	Ccdc137	CCDC137
52141411	Ccdc138	CCDC138
52134057	Ccdc14	CCDC14
52135830	Ccdc141	CCDC141
52128335	Ccdc142	CCDC142
52134606	Ccdc146	CCDC146
52141413	Ccdc148	CCDC148
52126726	Ccdc149	CCDC149
52136440	Ccdc15	CCDC15
52135693	Ccdc150	CCDC150
52133700	Ccdc157	CCDC157
52141416	Ccdc158	CCDC158
52141417	Ccdc159	CCDC159
52141418	Ccdc160	CCDC160
52141420	Ccdc163	CCDC163
52134371	Ccdc167	CCDC167
52134842	Ccdc169	CCDC169
52140694	Ccdc17	CCDC17
52133865	Ccdc171	CCDC171
52137944	Ccdc174	CCDC174
52130640	Ccdc175	CCDC175
52129686	Ccdc18	CCDC18
52134441	Ccdc181	CCDC181
52137953	Ccdc22	CCDC22
52137006	Ccdc24	CCDC24
52138992	Ccdc25	CCDC25
52137161	Ccdc28a	CCDC28A
52132462	Ccdc28b	CCDC28B
52126734	Ccdc3	CCDC3
52139612	Ccdc30	CCDC30
52134360	Ccdc32	CCDC32
52140523	Ccdc33	CCDC33
52138169	Ccdc34	CCDC34
52141438	Ccdc38	CCDC38
52140605	Ccdc39	CCDC39
52131823	Ccdc40	CCDC40
52126737	Ccdc42	CCDC42
52139060	Ccdc43	CCDC43
52139409	Ccdc47	CCDC47
52126740	Ccdc50	CCDC50
52131592	Ccdc51	CCDC51
52139726	Ccdc57	CCDC57
52135335	Ccdc59	CCDC59
52126746	Ccdc6	CCDC6
52138148	Ccdc61	CCDC61
52130906	Ccdc62	CCDC62
52140580	Ccdc66	CCDC66
52141441	Ccdc68	CCDC68
52140707	Ccdc69	CCDC69
52129953	Ccdc71	CCDC71
52141445	Ccdc71l	CCDC71L
52135338	Ccdc73	CCDC73
52137969	Ccdc77	CCDC77
52140030	Ccdc78	CCDC78
52129862	Ccdc82	CCDC82
52140811	Ccdc83	CCDC83
52133530	Ccdc85b	CCDC85B
52126754	Ccdc85c	CCDC85C
52131929	Ccdc86	CCDC86
52140488	Ccdc88a	CCDC88A
52138623	Ccdc88b	CCDC88B
52137380	Ccdc88c	CCDC88C
52140261	Ccdc89	CCDC89
52131348	Ccdc9	CCDC9
52135978	Ccdc90b	CCDC90B
52141449	Ccdc91	CCDC91
52138011	Ccdc92	CCDC92
52138064	Ccdc93	CCDC93
52134354	Ccdc97	CCDC97
52141453	Cchcr1	CCHCR1
52126757	Cck	CCK
52140682	Cckar	CCKAR
52141458	Ccl17	CCL17
52126760	Ccl20	CCL20
52141459	Ccl22	CCL22
52126777	Ccl28	CCL28
52126767	Ccl5	CCL5
52132466	Ccm2	CCM2
52129670	Ccna1	CCNA1
52126506	Ccna2	CCNA2
52126262	Ccnb1	CCNB1
52133447	Ccnb2	CCNB2
52130041	Ccnc	CCNC
52126183	Ccnd1	CCND1
52126784	Ccnd2	CCND2
52137582	Ccnd3	CCND3
52130652	Ccndbp1	CCNDBP1
52126785	Ccne1	CCNE1
52126186	Ccne2	CCNE2
52126397	Ccnf	CCNF
52126159	Ccng1	CCNG1
52126393	Ccng2	CCNG2
52137971	Ccnh	CCNH
52131333	Ccni	CCNI
52140491	Ccnj	CCNJ
52126452	Ccnjl	CCNJL
52129793	Ccnk	CCNK
52126786	Ccnl1	CCNL1
52141463	Ccnl2	CCNL2
52129990	Ccnt1	CCNT1
52126787	Ccnt2	CCNT2
52135200	Ccny	CCNY
52134778	Ccp110	CCP110
52137531	Ccpg1	CCPG1
52139363	Ccr10	CCR10
52126797	Ccr2	CCR2
52126795	Ccr5	CCR5
52133713	Ccr6	CCR6
52126800	Ccr9	CCR9
52141465	Ccrl2	CCRL2
52137890	Ccs	CCS
52127237	Ccsap	CCSAP
52135629	Ccser1	CCSER1
52126804	Ccser2	CCSER2
52126918	Cct2	CCT2
52126919	Cct3	CCT3
52139006	Cct4	CCT4
52136241	Cct5	CCT5
52128493	Cct6b	CCT6B
52126920	Cct7	CCT7
52141466	Cct8	CCT8
52141468	Cd101	CD101
52141469	Cd14	CD14
52137565	Cd151	CD151
52141470	Cd160	CD160
52128160	Cd164	CD164
52134245	Cd164l2	CD164L2
52133382	Cd180	CD180
52141474	Cd19	CD19
52136235	Cd2	CD2
52139973	Cd200	CD200
52140060	Cd22	CD22
52141477	Cd24a	CD24
52126823	Cd247	CD247
52141479	Cd27	CD27
52140342	Cd274	CD274
52133587	Cd276	CD276
52140511	Cd28	CD28
52126818	Cd2ap	CD2AP
52138774	Cd2bp2	CD2BP2
52141480	Cd300a	CD300A
52141490	Cd300lf	CD300LF
52140641	Cd302	CD302
52141491	Cd320	CD320
52141492	Siglech	CD33
52141493	Cd34	CD34
52126817	Cd36	CD36
52138537	Cd37	CD37
52141494	Cd38	CD38
52141495	Cd3d	CD3D
52141496	Cd3e	CD3E
52141497	Cd3g	CD3G
52126824	Cd4	CD4
52134434	Cd40	CD40
52126826	Cd44	CD44
52139940	Cd46	CD46
52141498	Cd47	CD47
52140860	Cd48	CD48
52141499	Cd5	CD5
52141500	Cd52	CD52
52139819	Cd53	CD53
52126811	Cd63	CD63
52141503	Cd68	CD68
52140593	Cd69	CD69
52133599	Cd7	CD7
52141505	Cd72	CD72
52126831	Cd74	CD74
52134719	Cd79a	CD79A
52134764	Cd79b	CD79B
52126832	Cd81	CD81
52126833	Cd82	CD82
52134007	Cd83	CD83
52141507	Cd84	CD84
52141508	Cd86	CD86
52138052	Cd8a	CD8A
52141509	Cd9	CD9
52140432	Cd96	CD96
52126666	Cd99l2	CD99L2
52126836	Cda	CDA
52137506	Cdadc1	CDADC1
52135689	Cdan1	CDAN1
52125865	Cdc123	CDC123
52126838	Cdc14a	CDC14A
52136588	Cdc16	CDC16
52137173	Cdc20	CDC20
52138754	Cdc23	CDC23
52141512	Cdc25a	CDC25A
52141513	Cdc25b	CDC25B
52141514	Cdc25c	CDC25C
52130727	Cdc26	CDC26
52136865	Cdc27	CDC27
52138781	Cdc37	CDC37
52131624	Cdc37l1	CDC37L1
52139329	Cdc40	CDC40
52126844	Cdc42	CDC42
52129100	Cdc42bpa	CDC42BPA
52135924	Cdc42bpb	CDC42BPB
52141515	Cdc42bpg	CDC42BPG
52133787	Cdc42ep1	CDC42EP1
52137598	Cdc42ep2	CDC42EP2
52139554	Cdc42ep3	CDC42EP3
52126846	Cdc42ep4	CDC42EP4
52136084	Cdc42se1	CDC42SE1
52138574	Cdc42se2	CDC42SE2
52126847	Cdc45	CDC45
52131732	Cdc6	CDC6
52131582	Cdc7	CDC7
52141524	Cdca2	CDCA2
52133467	Cdca3	CDCA3
52129063	Cdca4	CDCA4
52128775	Cdca5	CDCA5
52126849	Cdca7	CDCA7
52126850	Cdca7l	CDCA7L
52126348	Cdca8	CDCA8
52137916	Cdcp1	CDCP1
52128068	Cdh1	CDH1
52133904	Cdh13	CDH13
52126634	Cdh17	CDH17
52141525	Cdh20	CDH20
52141527	Cdh24	CDH24
52126855	Cdh26	CDH26
52125970	Cdh5	CDH5
52126852	Cdh9	CDH9
52141530	Cdhr2	CDHR2
52141531	Cdhr3	CDHR3
52141532	Cdhr4	CDHR4
52134638	Cdhr5	CDHR5
52138508	Cdip1	CDIP1
52132273	Cdipt	CDIPT
52126839	Cdk1	CDK1
52137713	Cdk10	CDK10
52134949	Cdk12	CDK12
52126841	Cdk13	CDK13
52138571	Cdk14	CDK14
52133060	Cdk15	CDK15
52129348	Cdk16	CDK16
52133022	Cdk17	CDK17
52135126	Cdk18	CDK18
52126842	Cdk19	CDK19
52136648	Cdk2	CDK2
52126801	Cdk20	CDK20
52141534	Cdk2ap1	CDK2AP1
52139420	Cdk2ap2	CDK2AP2
52138245	Cdk4	CDK4
52137499	Cdk5	CDK5
52126859	Cdk5r1	CDK5R1
52126860	Cdk5r2	CDK5R2
52138449	Cdk5rap1	CDK5RAP1
52126885	Cdk5rap2	CDK5RAP2
52126865	Cdk5rap3	CDK5RAP3
52134456	Cdk6	CDK6
52139288	Cdk7	CDK7
52137344	Cdk8	CDK8
52136785	Cdk9	CDK9
52139013	Cdkal1	CDKAL1
52137444	Cdkl1	CDKL1
52141537	Cdkl2	CDKL2
52141538	Cdkl3	CDKL3
52141539	Cdkl4	CDKL4
52138653	Cdkl5	CDKL5
52127020	Cdkn1a	CDKN1A
52126861	Cdkn1b	CDKN1B
52126663	Cdkn1c	CDKN1C
52126864	Cdkn2a	CDKN2A
52126050	Cdkn2aip	CDKN2AIP
52134126	Cdkn2c	CDKN2C
52140578	Cdkn2d	CDKN2D
52140045	Cdkn3	CDKN3
52138412	Cdnf	CDNF
52139118	Cdo1	CDO1
52126431	Cdon	CDON
52134479	Cdpf1	CDPF1
52133775	Cdr2	CDR2
52130208	Cdr2l	CDR2L
52134133	Cds1	CDS1
52139051	Cds2	CDS2
52129430	Cdt1	CDT1
52129420	Cdv3	CDV3
52126075	Cdx1	CDX1
52135641	Cdyl	CDYL
52141542	Cdyl2	CDYL2
52141544	Ceacam1	CEACAM1
52140510	Ceacam16	CEACAM16
52128386	Ceacam20	CEACAM20
52126115	Cebpa	CEBPA
52126353	Cebpb	CEBPB
52126872	Cebpg	CEBPG
52137208	Cebpz	CEBPZ
52134605	Cecr2	CECR2
52128971	Cela1	CELA1
52125829	Celf1	CELF1
52126635	Celf2	CELF2
52126876	Celf3	CELF3
52139539	Celf4	CELF4
52125830	Celf5	CELF5
52135282	Celf6	CELF6
52126879	Celsr1	CELSR1
52126880	Celsr2	CELSR2
52140127	Celsr3	CELSR3
52141552	Cend1	CEND1
52141553	Cenpa	CENPA
52141554	Cenpb	CENPB
52141555	Cenpc1	CENPC
52136973	Cenpe	CENPE
52131640	Cenpf	CENPF
52135183	Cenph	CENPH
52141556	Cenpi	CENPI
52135157	Cenpk	CENPK
52127482	Cenpl	CENPL
52137995	Cenpm	CENPM
52131073	Cenpn	CENPN
52138529	Cenpo	CENPO
52129096	Cenpp	CENPP
52140923	Cenpq	CENPQ
52129408	Cenpt	CENPT
52133215	Cenpv	CENPV
52127288	Cenpw	CENPW
52133983	Cep104	CEP104
52134213	Cep112	CEP112
52139735	Cep120	CEP120
52138410	Cep128	CEP128
52135821	Cep135	CEP135
52141557	Cep152	CEP152
52140713	Cep164	CEP164
52126883	Cep170	CEP170
52126884	Cep170b	CEP170B
52131518	Cep19	CEP19
52134887	Cep192	CEP192
52141558	Cep250	CEP250
52131731	Cep290	CEP290
52128388	Cep350	CEP350
52136369	Cep41	CEP41
52138259	Cep44	CEP44
52126886	Cep55	CEP55
52138359	Cep57	CEP57
52137458	Cep57l1	CEP57L1
52138887	Cep63	CEP63
52133827	Cep68	CEP68
52135136	Cep70	CEP70
52140539	Cep72	CEP72
52138440	Cep76	CEP76
52140212	Cep78	CEP78
52129125	Cep85	CEP85
52141560	Cep85l	CEP85L
52126720	Cep89	CEP89
52141561	Cep95	CEP95
52132299	Cep97	CEP97
52126888	Cept1	CEPT1
52126328	Cercam	CERCAM
52134102	Cerk	CERK
52138413	Cerkl	CERKL
52141563	Cers1	CERS1
52128299	Cers2	CERS2
52136342	Cers4	CERS4
52132197	Cers5	CERS5
52132198	Cers6	CERS6
52135132	Cetn2	CETN2
52131354	Cetn3	CETN3
52129858	Cfdp1	CFDP1
52130565	Cfi	CFI
52126895	Cfl1	CFL1
52139203	Cfl2	CFL2
52126896	Cflar	CFLAR
52125270	Cfp	CFP
52125146	Cftr	CFTR
52130734	Cga	CGA
52141577	Cggbp1	CGGBP1
52126149	Cgn	CGN
52140218	Cgnl1	CGNL1
52134851	Cgref1	CGREF1
52135543	Cgrrf1	CGRRF1
52126083	Chac1	CHAC1
52130287	Chac2	CHAC2
52138874	Chad	CHAD
52140762	Chadl	CHADL
52137106	Chaf1a	CHAF1A
52125973	Chaf1b	CHAF1B
52141579	Champ1	CHAMP1
52125678	Chat	CHAT
52132009	Chchd1	CHCHD1
52126922	Chchd10	CHCHD10
52126924	Chchd3	CHCHD3
52126926	Chchd4	CHCHD4
52141581	Chchd5	CHCHD5
52130925	Chchd6	CHCHD6
52141582	Chchd7	CHCHD7
52129380	Chd1	CHD1
52138762	Chd1l	CHD1L
52134219	Chd2	CHD2
52140748	Chd3	CHD3
52131693	Chd4	CHD4
52140674	Chd5	CHD5
52135673	Chd6	CHD6
52134228	Chd7	CHD7
52133842	Chd8	CHD8
52128716	Chd9	CHD9
52140653	Chdh	CHDH
52126938	Chek1	CHEK1
52126939	Chek2	CHEK2
52129588	Cherp	CHERP
52129457	Chfr	CHFR
52141585	Chga	CHGA
52134907	Chgb	CHGB
52137264	Chic1	CHIC1
52138721	Chic2	CHIC2
52128689	Chid1	CHID1
52141586	Chka	CHKA
52129346	Chkb	CHKB
52128306	Chm	CHM
52128307	Chml	CHML
52133021	Chmp1a	CHMP1A
52125707	Chmp2a	CHMP2A
52126941	Chmp2b	CHMP2B
52137694	Chmp4c	CHMP4C
52126942	Chmp5	CHMP5
52126943	Chmp6	CHMP6
52139137	Chmp7	CHMP7
52125367	Chn1	CHN1
52140422	Chn2	CHN2
52137679	Chodl	CHODL
52126946	Chordc1	CHORDC1
52126948	Chp1	CHP1
52137203	Chp2	CHP2
52140481	Chpf	CHPF
52130102	Chpf2	CHPF2
52129722	Chpt1	CHPT1
52136828	Chrac1	CHRAC1
52126928	Chrd	CHRD
52126951	Chrm1	CHRM1
52127942	Chrm3	CHRM3
52126954	Chrna10	CHRNA10
52126955	Chrna2	CHRNA2
52125178	Chrnb1	CHRNB1
52126959	Chrnb2	CHRNB2
52126960	Chrnb4	CHRNB4
52125179	Chrne	CHRNE
52137420	Chst1	CHST1
52125926	Chst11	CHST11
52125927	Chst12	CHST12
52127386	Chst14	CHST14
52126962	Chst15	CHST15
52134975	Chst2	CHST2
52131949	Chst4	CHST4
52140372	Chst8	CHST8
52140373	Chst9	CHST9
52127013	Chsy1	CHSY1
52137927	Chtf18	CHTF18
52128772	Chtop	CHTOP
52131286	Chuk	CHUK
52126921	Churc1	CHURC1
52136604	Ciao1	CIAO1
52129473	Ciapin1	CIAPIN1
52137830	Cib1	CIB1
52139099	Cib2	CIB2
52139732	Cib3	CIB3
52127015	Cic	CIC
52134774	Cidea	CIDEA
52140296	Cideb	CIDEB
52129703	Cidec	CIDEC
52140232	Ciita	CIITA
52131421	Cinp	CINP
52127023	Cirbp	CIRBP
52135201	Cisd1	CISD1
52138988	Cisd2	CISD2
52141602	Cisd3	CISD3
52127026	Cish	CISH
52127027	Cit	CIT
52129835	Cited1	CITED1
52137564	Cited2	CITED2
52126297	Cited4	CITED4
52127028	Ciz1	CIZ1
52141605	Ckap2	CKAP2
52128331	Ckap2l	CKAP2L
52139303	Ckap4	CKAP4
52131694	Ckap5	CKAP5
52125712	Ckb	CKB
52141606	Cklf	CKLF
52126432	Ckm	CKM
52127037	Ckmt2	CKMT2
52137455	Cks1b	CKS1B
52135790	Cks2	CKS2
52135330	Clasp1	CLASP1
52139201	Clasp2	CLASP2
52133654	Clasrp	CLASRP
52135415	Clca1	CLCA1
52136439	Clcc1	CLCC1
52135674	Clcf1	CLCF1
52127178	Clcn1	CLCN1
52127041	Clcn2	CLCN2
52129064	Clcn3	CLCN3
52127042	Clcn5	CLCN5
52141608	Clcn6	CLCN6
52131932	Clcn7	CLCN7
52127038	Cldn10	CLDN10
52127043	Cldn11	CLDN11
52137019	Cldn12	CLDN12
52139444	Cldn14	CLDN14
52127045	Cldn15	CLDN15
52139445	Cldn2	CLDN2
52127048	Cldn23	CLDN23
52127052	Cldn3	CLDN3
52127050	Cldn5	CLDN5
52127039	Cldn6	CLDN6
52126359	Cldn7	CLDN7
52127040	Cldn9	CLDN9
52132922	Clec11a	CLEC11A
52141626	Clec12a	CLEC12A
52127136	Clec14a	CLEC14A
52138784	Clec16a	CLEC16A
52135534	Clec3b	CLEC3B
52141640	Clec5a	CLEC5A
52140590	Clec9a	CLEC9A
52126019	Clgn	CLGN
52137025	Clic1	CLIC1
52127058	Clic3	CLIC3
52126163	Clic4	CLIC4
52127057	Clic5	CLIC5
52141642	Clic6	CLIC6
52127060	Clint1	CLINT1
52127061	Clip1	CLIP1
52140494	Clip2	CLIP2
52141643	Clip3	CLIP3
52141644	Clk1	CLK1
52128791	Clk2	CLK2
52141645	Clk3	CLK3
52127063	Clk4	CLK4
52127064	Clmn	CLMN
52140677	Clmp	CLMP
52139435	Cln3	CLN3
52140094	Cln5	CLN5
52127066	Cln6	CLN6
52141647	Cln8	CLN8
52141648	Clnk	CLNK
52131041	Clns1a	CLNS1A
52127062	Clock	CLOCK
52128441	Clp1	CLP1
52133747	Clpb	CLPB
52130117	Clpp	CLPP
52126087	Clptm1	CLPTM1
52139399	Clptm1l	CLPTM1L
52127070	Clpx	CLPX
52141652	Clspn	CLSPN
52130445	Clstn1	CLSTN1
52127072	Clstn2	CLSTN2
52135223	Clstn3	CLSTN3
52136883	Clta	CLTA
52136742	Cltb	CLTB
52126096	Cltc	CLTC
52139146	Clu	CLU
52126425	Cluh	CLUH
52141653	Clvs1	CLVS1
52126430	Clybl	CLYBL
52127075	Cmas	CMAS
52131961	Cmbl	CMBL
52139233	Cmc1	CMC1
52133705	Cmc2	CMC2
52134570	Cmip	CMIP
52128913	Cmpk1	CMPK1
52134608	Cmpk2	CMPK2
52137548	Cmss1	CMSS1
52141655	Cmtm1	CMTM1
52139351	Cmtm3	CMTM3
52139561	Cmtm4	CMTM4
52133461	Cmtm6	CMTM6
52131686	Cmtm7	CMTM7
52135661	Cmtm8	CMTM8
52130493	Cmtr1	CMTR1
52130492	Cmtr2	CMTR2
52141659	Cnbd2	CNBD2
52126877	Cnbp	CNBP
52136626	Cndp1	CNDP1
52137123	Cndp2	CNDP2
52136306	Cnep1r1	CNEP1R1
52134086	Cngb1	CNGB1
52127090	Cnih1	CNIH1
52137555	Cnih2	CNIH2
52134058	Cnih3	CNIH3
52128905	Cnih4	CNIH4
52139191	Cnksr1	CNKSR1
52127092	Cnksr2	CNKSR2
52138573	Cnksr3	CNKSR3
52136826	Cnn2	CNN2
52127093	Cnn3	CNN3
52141660	Cnnm1	CNNM1
52127094	Cnnm2	CNNM2
52141661	Cnnm3	CNNM3
52141662	Cnnm4	CNNM4
52126843	Cnot1	CNOT1
52131611	Cnot10	CNOT10
52130179	Cnot11	CNOT11
52138438	Cnot2	CNOT2
52127096	Cnot3	CNOT3
52135375	Cnot4	CNOT4
52127097	Cnot6	CNOT6
52137822	Cnot6l	CNOT6L
52129738	Cnot7	CNOT7
52137171	Cnot8	CNOT8
52127099	Cnp	CNP
52125914	Cnppd1	CNPPD1
52140035	Cnpy1	CNPY1
52136317	Cnpy2	CNPY2
52126017	Cnpy3	CNPY3
52133158	Cnpy4	CNPY4
52126078	Cnr1	CNR1
52126281	Cnr2	CNR2
52127100	Cnrip1	CNRIP1
52127101	Cnst	CNST
52140606	Cntd1	CNTD1
52134668	Cntln	CNTLN
52127102	Cntn1	CNTN1
52129843	Cntn5	CNTN5
52126070	Cntnap1	CNTNAP1
52127104	Cntnap2	CNTNAP2
52127106	Cntnap4	CNTNAP4
52133768	Cntrob	CNTROB
52126744	Coa3	COA3
52134380	Coa4	COA4
52138201	Coa5	COA5
52134557	Coa6	COA6
52139467	Coasy	COASY
52131511	Cobl	COBL
52127107	Cobll1	COBLL1
52130489	Cog1	COG1
52138819	Cog2	COG2
52131771	Cog3	COG3
52138078	Cog4	COG4
52135322	Cog5	COG5
52134327	Cog6	COG6
52138106	Cog7	COG7
52137791	Cog8	COG8
52141664	Coil	COIL
52127114	Col11a2	COL11A2
52126422	Col15a1	COL15A1
52135514	Col16a1	COL16A1
52127118	Col17a1	COL17A1
52126346	Col18a1	COL18A1
52135617	Col19a1	COL19A1
52141665	Col20a1	COL20A1
52141667	Col25a1	COL25A1
52126235	Col27a1	COL27A1
52130247	Col4a1	COL4A1
52127123	Col6a5	COL6A5
52127126	Col7a1	COL7A1
52126323	Col9a1	COL9A1
52126343	Col9a3	COL9A3
52127129	Colgalt1	COLGALT1
52134366	Commd1	COMMD1
52137762	Commd10	COMMD10
52136756	Commd2	COMMD2
52137640	Commd3	COMMD3
52138218	Commd4	COMMD4
52137480	Commd5	COMMD5
52134414	Commd6	COMMD6
52137462	Commd7	COMMD7
52131939	Commd8	COMMD8
52131677	Commd9	COMMD9
52131908	Comp	COMP
52135054	Comt	COMT
52127137	Comtd1	COMTD1
52126272	Copa	COPA
52130858	Copb1	COPB1
52127537	Copb2	COPB2
52137622	Cope	COPE
52126647	Copg1	COPG1
52126648	Copg2	COPG2
52141671	Coprs	COPRS
52125345	Cops2	COPS2
52137029	Cops3	COPS3
52129612	Cops4	COPS4
52132070	Cops5	COPS5
52137844	Cops6	COPS6
52141672	Cops7a	COPS7A
52141673	Cops7b	COPS7B
52138802	Cops8	COPS8
52126972	Copz1	COPZ1
52139742	Copz2	COPZ2
52128521	Coq10a	COQ10A
52129437	Coq10b	COQ10B
52138445	Coq2	COQ2
52128755	Coq3	COQ3
52135137	Coq4	COQ4
52139485	Coq5	COQ5
52138195	Coq6	COQ6
52131993	Coq7	COQ7
52134694	Coq9	COQ9
52130286	Coro1a	CORO1A
52126137	Coro1b	CORO1B
52126499	Coro1c	CORO1C
52127140	Coro2a	CORO2A
52127141	Coro2b	CORO2B
52137876	Coro7	CORO7
52136746	Cotl1	COTL1
52141674	Cox10	COX10
52131425	Cox11	COX11
52135354	Cox14	COX14
52136674	Cox15	COX15
52137727	Cox16	COX16
52137639	Cox17	COX17
52138601	Cox18	COX18
52138404	Cox19	COX19
52139505	Cox20	COX20
52127149	Cox4i1	COX4I1
52127150	Cox4i2	COX4I2
52126077	Cox5a	COX5A
52127152	Cox5b	COX5B
52132786	Cox6a1	COX6A1
52128474	Cox6b1	COX6B1
52134944	Cox6b2	COX6B2
52141675	Cox6c	COX6C
52138150	Cox7a1	COX7A1
52127154	Cox7a2l	COX7A2L
52130345	Cox7b	COX7B
52137287	Cox7c	COX7C
52127155	Cox8a	COX8A
52136914	Cpa2	CPA2
52141679	Cpa3	CPA3
52127156	Cpd	CPD
52134241	Cpe	CPE
52126887	Cpeb1	CPEB1
52139608	Cpeb2	CPEB2
52133929	Cpeb3	CPEB3
52127158	Cpeb4	CPEB4
52134033	Cped1	CPED1
52141681	Cplx1	CPLX1
52127163	Cplx2	CPLX2
52131688	Cpm	CPM
52126099	Cpn1	CPN1
52131600	Cpn2	CPN2
52127167	Cpne1	CPNE1
52130128	Cpne2	CPNE2
52138715	Cpne3	CPNE3
52127169	Cpne5	CPNE5
52134579	Cpne7	CPNE7
52140499	Cpne8	CPNE8
52126448	Cpox	CPOX
52137490	Cpped1	CPPED1
52141683	Cpq	CPQ
52127172	Cps1	CPS1
52136786	Cpsf1	CPSF1
52139495	Cpsf2	CPSF2
52135747	Cpsf3	CPSF3
52132614	Cpsf4	CPSF4
52136679	Cpsf6	CPSF6
52141685	Cpsf7	CPSF7
52127173	Cpt1a	CPT1A
52127174	Cpt1b	CPT1B
52127175	Cpt1c	CPT1C
52136635	Cpt2	CPT2
52126131	Cpvl	CPVL
52137532	Cradd	CRADD
52130928	Crat	CRAT
52127183	Crb2	CRB2
52140077	Crb3	CRB3
52139478	Crbn	CRBN
52133320	Crcp	CRCP
52127185	Creb1	CREB1
52127187	Creb3	CREB3
52128517	Creb3l1	CREB3L1
52129798	Creb3l2	CREB3L2
52127186	Creb3l3	CREB3L3
52128815	Creb3l4	CREB3L4
52127188	Creb5	CREB5
52126700	Crebbp	CREBBP
52139512	Crebl2	CREBL2
52130587	Crebrf	CREBRF
52130163	Crebzf	CREBZF
52138321	Creg1	CREG1
52141688	Creld1	CRELD1
52139081	Creld2	CRELD2
52130369	Crem	CREM
52127204	Crhr2	CRHR2
52137024	Crim1	CRIM1
52137634	Crip1	CRIP1
52135149	Crip2	CRIP2
52131574	Cript	CRIPT
52141690	Crisp2	CRISP2
52128843	Crk	CRK
52136689	Crkl	CRKL
52127055	Crlf1	CRLF1
52136371	Crlf2	CRLF2
52127056	Crlf3	CRLF3
52139295	Crls1	CRLS1
52127206	Crmp1	CRMP1
52138691	Crnkl1	CRNKL1
52140738	Crocc	CROCC
52137768	Crot	CROT
52141695	Crtam	CRTAM
52136850	Crtap	CRTAP
52126907	Crtc1	CRTC1
52129184	Crtc2	CRTC2
52137394	Crtc3	CRTC3
52127225	Cry1	CRY1
52127226	Cry2	CRY2
52127227	Cryab	CRYAB
52131709	Cryba2	CRYBA2
52137662	Cryba4	CRYBA4
52139527	Crybb1	CRYBB1
52140022	Crybb3	CRYBB3
52141696	Crybg3	CRYBG3
52137984	Crygn	CRYGN
52131366	Cryl1	CRYL1
52138388	Crym	CRYM
52137356	Cryz	CRYZ
52139431	Cryzl1	CRYZL1
52137577	Csad	CSAD
52127239	Csdc2	CSDC2
52128470	Csde1	CSDE1
52125683	Cse1l	CSE1L
52127241	Csf1	CSF1
52126898	Csf1r	CSF1R
52141698	Csf2	CSF2
52141699	Csf2ra	CSF2RA
52127242	Csf3	CSF3
52127243	Csgalnact1	CSGALNACT1
52132530	Csgalnact2	CSGALNACT2
52138287	Csk	CSK
52126985	Csnk1a1	CSNK1A1
52127245	Csnk1d	CSNK1D
52137487	Csnk1g1	CSNK1G1
52127246	Csnk1g2	CSNK1G2
52141705	Csnk1g3	CSNK1G3
52127031	Csnk2a2	CSNK2A2
52127032	Csnk2b	CSNK2B
52127250	Cspg5	CSPG5
52135797	Cspp1	CSPP1
52125641	Csrnp1	CSRNP1
52135499	Csrnp2	CSRNP2
52126574	Csrp1	CSRP1
52139247	Csrp2	CSRP2
52141710	Cst3	CST3
52141712	Cst6	CST6
52141713	Cst7	CST7
52127255	Cstb	CSTB
52129354	Cstf1	CSTF1
52127266	Cstf2	CSTF2
52141717	Cstf2t	CSTF2T
52127053	Cstf3	CSTF3
52127268	Ctbp1	CTBP1
52127269	Ctbp2	CTBP2
52137653	Ctbs	CTBS
52138146	Ctc1	CTC1
52131878	Ctcf	CTCF
52127270	Ctdnep1	CTDNEP1
52139912	Ctdp1	CTDP1
52130285	Ctdsp1	CTDSP1
52128769	Ctdsp2	CTDSP2
52137114	Ctdspl	CTDSPL
52127271	Ctdspl2	CTDSPL2
52141724	Ctf1	CTF1
52139473	Cth	CTH
52139670	Ctif	CTIF
52125266	Ctnna1	CTNNA1
52134541	Ctnnal1	CTNNAL1
52127275	Ctnnb1	CTNNB1
52128497	Ctnnbip1	CTNNBIP1
52139242	Ctnnbl1	CTNNBL1
52140563	Ctnnd1	CTNND1
52137699	Ctns	CTNS
52127278	Ctps2	CTPS2
52129508	Ctr9	CTR9
52127281	Ctrl	CTRL
52136814	Ctsa	CTSA
52127283	Ctsb	CTSB
52126639	Ctsc	CTSC
52128233	Ctsd	CTSD
52127284	Ctse	CTSE
52126379	Ctsf	CTSF
52129461	Ctsh	CTSH
52128291	Ctsk	CTSK
52140315	Ctso	CTSO
52127285	Ctss	CTSS
52141726	Ctsw	CTSW
52137305	Ctsz	CTSZ
52139909	Cttn	CTTN
52130196	Cttnbp2	CTTNBP2
52127286	Cttnbp2nl	CTTNBP2NL
52138696	Ctu1	CTU1
52137476	Ctu2	CTU2
52134698	Ctxn1	CTXN1
52140028	Cubn	CUBN
52138207	Cuedc1	CUEDC1
52137235	Cuedc2	CUEDC2
52127289	Cul1	CUL1
52130170	Cul2	CUL2
52127290	Cul3	CUL3
52138967	Cul4a	CUL4A
52131650	Cul4b	CUL4B
52127291	Cul5	CUL5
52141730	Cul7	CUL7
52141731	Cul9	CUL9
52141732	Cuta	CUTA
52137562	Cutc	CUTC
52127295	Cux1	CUX1
52127296	Cux2	CUX2
52137299	Cwc15	CWC15
52126739	Cwc25	CWC25
52138868	Cwc27	CWC27
52133434	Cwf19l1	CWF19L1
52140003	Cwf19l2	CWF19L2
52141733	Cwh43	CWH43
52141734	Cx3cl1	CX3CL1
52126308	Cxadr	CXADR
52141737	Cxcl10	CXCL10
52141738	Cxcl13	CXCL13
52141739	Cxcl16	CXCL16
52141743	Cxcr2	CXCR2
52127321	Cxcr3	CXCR3
52126369	Cxcr4	CXCR4
52141744	Cxcr5	CXCR5
52141745	Cxcr6	CXCR6
52126899	Cxxc1	CXXC1
52131043	Cxxc4	CXXC4
52127324	Cxxc5	CXXC5
52140105	1810030O07Rik	CXorf38
52138628	Cyb561	CYB561
52127326	Cyb561a3	CYB561A3
52139416	Cyb561d1	CYB561D1
52137495	Cyb561d2	CYB561D2
52139166	Cyb5b	CYB5B
52137827	Cyb5d1	CYB5D1
52131426	Cyb5d2	CYB5D2
52127466	Cyb5r1	CYB5R1
52131759	Cyb5r2	CYB5R2
52129413	Cyb5r3	CYB5R3
52131332	Cyb5r4	CYB5R4
52141751	Cyb5rl	CYB5RL
52132941	Cyba	CYBA
52130738	Cybb	CYBB
52131384	Cybrd1	CYBRD1
52129088	Cyc1	CYC1
52127327	Cycs	CYCS
52127325	Cyfip1	CYFIP1
52132656	Cyfip2	CYFIP2
52127330	Cygb	CYGB
52127332	Cyld	CYLD
52126656	Cyp11a1	CYP11A1
52127337	Cyp1a1	CYP1A1
52136649	Cyp20a1	CYP20A1
52141755	Cyp27a1	CYP27A1
52141774	Cyp2e1	CYP2E1
52140552	Cyp2r1	CYP2R1
52141775	Cyp2s1	CYP2S1
52140192	Cyp2u1	CYP2U1
52130132	Cyp39a1	CYP39A1
52141785	Cyp4b1	CYP4B1
52127365	Cyp4f18	CYP4F3
52127368	Cyp4v3	CYP4V2
52136901	Cyp51	CYP51A1
52137839	Cysltr1	CYSLTR1
52140223	Cysltr2	CYSLTR2
52140163	Cystm1	CYSTM1
52127376	Cyth1	CYTH1
52135528	Cyth2	CYTH2
52127377	Cyth3	CYTH3
52135123	Cyth4	CYTH4
52139684	Cytip	CYTIP
52139199	Cyyr1	CYYR1
52138364	D2hgdh	D2HGDH
52127387	Daam1	DAAM1
52127388	Dab1	DAB1
52127389	Dab2ip	DAB2IP
52127392	Dach1	DACH1
52127391	Dach2	DACH2
52127403	Dact1	DACT1
52127394	Dact2	DACT2
52134501	Dact3	DACT3
52134775	Dad1	DAD1
52127396	Dag1	DAG1
52132783	Dagla	DAGLA
52140165	Daglb	DAGLB
52138269	Dalrd3	DALRD3
52126914	Dand5	DAND5
52136866	Dao	DAO
52127401	Dap	DAP
52131436	Dap3	DAP3
52134724	Dapk1	DAPK1
52127402	Dapk2	DAPK2
52135638	Dapk3	DAPK3
52126344	Dapl1	DAPL1
52137825	Dapp1	DAPP1
52135341	Dars2	DARS2
52135936	Daxx	DAXX
52140131	Dazap1	DAZAP1
52137012	Dazap2	DAZAP2
52140421	Dbf4	DBF4
52136890	Dbi	DBI
52135542	Dbn1	DBN1
52133759	Dbndd1	DBNDD1
52136821	Dbnl	DBNL
52127414	Dbp	DBP
52136978	Dbr1	DBR1
52131755	Dbt	DBT
52139277	Dcaf10	DCAF10
52136603	Dcaf11	DCAF11
52136958	Dcaf12	DCAF12
52136616	Dcaf13	DCAF13
52129230	Dcaf15	DCAF15
52125915	Dcaf17	DCAF17
52136602	Dcaf5	DCAF5
52132041	Dcaf6	DCAF6
52125388	Dcaf7	DCAF7
52135695	Dcaf8	DCAF8
52138147	Dcakd	DCAKD
52137960	Dcbld1	DCBLD1
52131970	Dcbld2	DCBLD2
52138009	Dcdc2b	DCDC2B
52136992	Dck	DCK
52127416	Dclk1	DCLK1
52126465	Dclk2	DCLK2
52134634	Dclk3	DCLK3
52129488	Dclre1a	DCLRE1A
52131353	Dclre1b	DCLRE1B
52131664	Dclre1c	DCLRE1C
52132489	Dcp1a	DCP1A
52132490	Dcp1b	DCP1B
52138747	Dcp2	DCP2
52136638	Dcps	DCPS
52140197	Dcst1	DCST1
52136352	Dct	DCT
52137705	Dctd	DCTD
52125848	Dctn1	DCTN1
52132952	Dctn2	DCTN2
52137039	Dctn3	DCTN3
52134146	Dctn4	DCTN4
52139559	Dctn5	DCTN5
52130923	Dctn6	DCTN6
52139133	Dctpp1	DCTPP1
52126213	Dcun1d2	DCUN1D2
52138283	Dcun1d3	DCUN1D3
52134015	Dcun1d4	DCUN1D4
52141797	Dcun1d5	DCUN1D5
52136661	Dcxr	DCXR
52136651	Dda1	DDA1
52129395	Ddah1	DDAH1
52128915	Ddah2	DDAH2
52138940	Ddb1	DDB1
52135601	Ddb2	DDB2
52125527	Ddc	DDC
52127421	Ddhd1	DDHD1
52140298	Ddhd2	DDHD2
52138881	Ddi2	DDI2
52126945	Ddit3	DDIT3
52133329	Ddit4	DDIT4
52141798	Ddit4l	DDIT4L
52138594	Ddo	DDO
52136653	Ddost	DDOST
52131964	Ddr1	DDR1
52138833	Ddrgk1	DDRGK1
52134376	Ddx1	DDX1
52141800	Ddx10	DDX10
52130926	Ddx17	DDX17
52126179	Ddx18	DDX18
52126997	Ddx19a	DDX19A
52126998	Ddx19b	DDX19B
52128948	Ddx20	DDX20
52126662	Ddx21	DDX21
52137230	Ddx23	DDX23
52133802	Ddx24	DDX24
52141801	Ddx25	DDX25
52126592	Ddx27	DDX27
52138197	Ddx28	DDX28
52129547	Ddx31	DDX31
52125689	Ddx39b	DDX39B
52127426	Ddx3x	DDX3X
52136581	Ddx4	DDX4
52136955	Ddx41	DDX41
52131778	Ddx42	DDX42
52138604	Ddx43	DDX43
52128868	Ddx46	DDX46
52133786	Ddx47	DDX47
52136951	Ddx49	DDX49
52141802	Ddx5	DDX5
52141803	Ddx50	DDX50
52127435	Ddx51	DDX51
52140079	Ddx52	DDX52
52126996	Ddx54	DDX54
52126966	Ddx55	DDX55
52132739	Ddx56	DDX56
52135579	Ddx59	DDX59
52130349	Ddx6	DDX6
52141804	Ddx60	DDX60
52138674	Deaf1	DEAF1
52129788	Decr1	DECR1
52139267	Decr2	DECR2
52130412	Dedd	DEDD
52139745	Dedd2	DEDD2
52134903	Def6	DEF6
52137549	Def8	DEF8
52141848	Defb1	DEFB1
52131460	Degs2	DEGS2
52136952	Dek	DEK
52132144	Dennd1a	DENND1A
52134206	Dennd1b	DENND1B
52135697	Dennd1c	DENND1C
52129361	Dennd2a	DENND2A
52135851	Dennd2c	DENND2C
52127440	Dennd2d	DENND2D
52140439	Dennd3	DENND3
52133873	Dennd4a	DENND4A
52141877	Dennd4b	DENND4B
52136434	Dennd4c	DENND4C
52133268	Dennd5a	DENND5A
52131128	Dennd5b	DENND5B
52127441	Dennd6a	DENND6A
52128547	Dennd6b	DENND6B
52131342	Denr	DENR
52126372	Depdc1a	DEPDC1
52140310	Depdc1b	DEPDC1B
52134981	Depdc5	DEPDC5
52127444	Depdc7	DEPDC7
52127443	Deptor	DEPTOR
52137501	Dera	DERA
52136747	Derl1	DERL1
52137743	Derl2	DERL2
52138957	Derl3	DERL3
52127446	Desi1	DESI1
52126244	Desi2	DESI2
52137001	Det1	DET1
52131508	Dexi	DEXI
52139432	Dffa	DFFA
52125966	Dffb	DFFB
52127454	Dgat1	DGAT1
52137942	Dgat2	DGAT2
52139388	Dgcr2	DGCR2
52133557	Dgcr8	DGCR8
52138063	Dgka	DGKA
52140128	Dgkb	DGKB
52141881	Dgkd	DGKD
52140384	Dgke	DGKE
52141882	Dgkg	DGKG
52134762	Dgkh	DGKH
52140678	Dgki	DGKI
52141884	Dgkq	DGKQ
52140638	Dgkz	DGKZ
52139307	Dguok	DGUOK
52137512	Dhcr24	DHCR24
52139785	Dhcr7	DHCR7
52137138	Dhdds	DHDDS
52127459	Dhdh	DHDH
52137022	Dhodh	DHODH
52136858	Dhps	DHPS
52136005	Dhrs1	DHRS1
52138122	Dhrs11	DHRS11
52127461	Dhrs13	DHRS13
52127464	Dhrs3	DHRS3
52137901	Dhrs7b	DHRS7B
52137550	Dhtkd1	DHTKD1
52131330	Dhx15	DHX15
52128462	Dhx16	DHX16
52139605	Dhx29	DHX29
52139649	Dhx30	DHX30
52140807	Dhx32	DHX32
52134084	Dhx33	DHX33
52134546	Dhx34	DHX34
52138387	Dhx35	DHX35
52135018	Dhx36	DHX36
52129654	Dhx37	DHX37
52138882	Dhx38	DHX38
52140292	Dhx40	DHX40
52129565	Dhx57	DHX57
52132227	Dhx58	DHX58
52131900	Dhx8	DHX8
52134197	Dhx9	DHX9
52127468	Diablo	DIABLO
52129441	Dicer1	DICER1
52127407	Dido1	DIDO1
52141886	Dimt1	DIMT1
52126516	Dio1	DIO1
52135827	Dip2a	DIP2A
52127477	Dip2b	DIP2B
52127478	Dip2c	DIP2C
52136745	Dis3	DIS3
52138352	Dis3l	DIS3L
52134602	Dis3l2	DIS3L2
52140358	Disc1	DISC1
52126916	Disp1	DISP1
52139786	Disp2	DISP2
52126707	Dixdc1	DIXDC1
52141889	Dkc1	DKC1
52141890	Dkk4	DKK4
52141891	Dkkl1	DKKL1
52129602	Dlat	DLAT
52136430	Dlc1	DLC1
52128801	Dld	DLD
52134808	Dleu7	DLEU7
52127496	Dlg1	DLG1
52128456	Dlg3	DLG3
52127498	Dlg4	DLG4
52127499	Dlg5	DLG5
52127500	Dlgap1	DLGAP1
52134529	Dlgap3	DLGAP3
52127501	Dlgap4	DLGAP4
52126497	Dlgap5	DLGAP5
52141892	Dlk1	DLK1
52125267	Dll1	DLL1
52125721	Dll3	DLL3
52134510	Dll4	DLL4
52126476	Dlst	DLST
52138712	Dmap1	DMAP1
52126503	Dmd	DMD
52141896	Dmkn	DMKN
52141898	Dmpk	DMPK
52127515	Dmrta2	DMRTA2
52139487	Dmtf1	DMTF1
52128179	Dmtn	DMTN
52140800	Dmwd	DMWD
52141904	Dmxl1	DMXL1
52126654	Dmxl2	DMXL2
52134259	Dna2	DNA2
52132263	Dnaaf1	DNAAF1
52137725	Dnaaf2	DNAAF2
52133057	Dnaaf3	DNAAF3
52127458	Dnah11	DNAH11
52141907	Dnah17	DNAH17
52139665	Dnah2	DNAH2
52133884	Dnah5	DNAH5
52141908	Dnah6	DNAH6
52141909	Dnah8	DNAH8
52127516	Dnah9	DNAH9
52127518	Dnaja1	DNAJA1
52127519	Dnaja2	DNAJA2
52131022	Dnaja3	DNAJA3
52126569	Dnaja4	DNAJA4
52127521	Dnajb1	DNAJB1
52126655	Dnajb11	DNAJB11
52127522	Dnajb12	DNAJB12
52136367	Dnajb13	DNAJB13
52138228	Dnajb14	DNAJB14
52133554	Dnajb2	DNAJB2
52139362	Dnajb4	DNAJB4
52135122	Dnajb5	DNAJB5
52127523	Dnajb6	DNAJB6
52137277	Dnajb7	DNAJB7
52137744	Dnajb9	DNAJB9
52138100	Dnajc1	DNAJC1
52138414	Dnajc10	DNAJC10
52127524	Dnajc11	DNAJC11
52141910	Dnajc12	DNAJC12
52141911	Dnajc13	DNAJC13
52140752	Dnajc14	DNAJC14
52139477	Dnajc15	DNAJC15
52139614	Dnajc16	DNAJC16
52138763	Dnajc17	DNAJC17
52130164	Dnajc18	DNAJC18
52139129	Dnajc19	DNAJC19
52139269	Dnajc2	DNAJC2
52127520	Dnajc21	DNAJC21
52135127	Dnajc22	DNAJC22
52127542	Dnajc24	DNAJC24
52133308	Dnajc27	DNAJC27
52137842	Dnajc28	DNAJC28
52127525	Dnajc3	DNAJC3
52134463	Dnajc30	DNAJC30
52128457	Dnajc4	DNAJC4
52126677	Dnajc5	DNAJC5
52125634	Dnajc6	DNAJC6
52130209	Dnajc7	DNAJC7
52130938	Dnajc8	DNAJC8
52139517	Dnajc9	DNAJC9
52129607	Dnal1	DNAL1
52135622	Dnal4	DNAL4
52139483	Dnase1	DNASE1
52126233	Dnase1l1	DNASE1L1
52139484	Dnase1l2	DNASE1L2
52128453	Dnase2a	DNASE2
52126538	Dnd1	DND1
52139617	Dner	DNER
52141912	Dnhd1	DNHD1
52138307	Dnlz	DNLZ
52134888	Dnm1	DNM1
52127949	Dnm1l	DNM1L
52127529	Dnm2	DNM2
52127530	Dnm3	DNM3
52136383	Dnmbp	DNMBP
52126125	Dnmt1	DNMT1
52127532	Dnmt3a	DNMT3A
52126489	Dnmt3b	DNMT3B
52138748	Dnpep	DNPEP
52133870	Dnph1	DNPH1
52136249	Dntt	DNTT
52141914	Dnttip1	DNTTIP1
52126620	Dnttip2	DNTTIP2
52135787	Doc2a	DOC2A
52140251	Dock1	DOCK1
52139632	Dock10	DOCK10
52141916	Dock11	DOCK11
52126080	Dock2	DOCK2
52134390	Dock3	DOCK3
52133534	Dock4	DOCK4
52140250	Dock5	DOCK5
52135003	Dock6	DOCK6
52129123	Dock7	DOCK7
52131910	Dock8	DOCK8
52127533	Dock9	DOCK9
52128827	Dohh	DOHH
52139163	Dok1	DOK1
52140312	Dok2	DOK2
52140520	Dok3	DOK3
52131523	Dok4	DOK4
52127535	Dok7	DOK7
52138430	Dolk	DOLK
52137493	Dolpp1	DOLPP1
52141918	Donson	DONSON
52135320	Dot1l	DOT1L
52133879	Dpagt1	DPAGT1
52138203	Dpcd	DPCD
52138120	Dpep1	DPEP1
52140693	Dpep2	DPEP2
52131747	Dpf2	DPF2
52130155	Dpf3	DPF3
52137780	Dph1	DPH1
52131121	Dph2	DPH2
52141919	Dph5	DPH5
52125616	Dph6	DPH6
52136613	Dph7	DPH7
52137452	Dpm1	DPM1
52136725	Dpm2	DPM2
52139151	Dpm3	DPM3
52134880	Dpp4	DPP4
52136778	Dpp7	DPP7
52141921	Dpp8	DPP8
52131726	Dpp9	DPP9
52132141	Dpy19l1	DPY19L1
52140461	Dpy19l3	DPY19L3
52141928	Dpy19l4	DPY19L4
52139515	Dpy30	DPY30
52127543	Dpyd	DPYD
52127207	Dpysl2	DPYSL2
52127209	Dpysl3	DPYSL3
52127210	Dpysl5	DPYSL5
52140875	Dqx1	DQX1
52137253	Dr1	DR1
52127907	Dram2	DRAM2
52128814	Drap1	DRAP1
52126729	Drc1	DRC1
52127911	Drd4	DRD4
52136741	Drg1	DRG1
52136961	Drg2	DRG2
52127948	Drosha	DROSHA
52128002	Dsc2	DSC2
52137586	Dscc1	DSCC1
52128011	Dsel	DSEL
52128012	Dsg2	DSG2
52141931	Dsn1	DSN1
52129832	Dsp	DSP
52125801	Dst	DST
52126601	Dstn	DSTN
52133357	Dstyk	DSTYK
52128020	Dtd1	DTD1
52125571	Dtd2	DTD2
52126176	Dtl	DTL
52125842	Dtnb	DTNB
52128022	Dtnbp1	DTNBP1
52136819	Dtwd1	DTWD1
52136010	Dtwd2	DTWD2
52139686	Dtx1	DTX1
52138672	Dtx2	DTX2
52129900	Dtx3	DTX3
52128024	Dtx3l	DTX3L
52128023	Dtx4	DTX4
52136396	Dtymk	DTYMK
52128026	Duox1	DUOX1
52128025	Duox2	DUOX2
52128027	Duoxa1	DUOXA1
52141934	Dus1l	DUS1L
52138935	Dus3l	DUS3L
52139396	Dus4l	DUS4L
52126264	Dusp1	DUSP1
52134154	Dusp10	DUSP10
52129251	Dusp11	DUSP11
52137956	Dusp12	DUSP12
52137536	Dusp14	DUSP14
52137184	Dusp16	DUSP16
52134070	Dusp18	DUSP18
52128031	Dusp19	DUSP19
52137270	Dusp2	DUSP2
52137907	Dusp22	DUSP22
52129268	Dusp23	DUSP23
52133762	Dusp28	DUSP28
52128034	Dusp3	DUSP3
52138699	Dusp4	DUSP4
52136970	Dusp5	DUSP5
52128229	Dusp6	DUSP6
52141936	Dusp7	DUSP7
52139239	Dusp8	DUSP8
52141937	Dusp9	DUSP9
52136686	Dut	DUT
52133533	Dvl2	DVL2
52128036	Dvl3	DVL3
52136437	Dxo	DXO
52134129	Dym	DYM
52130373	Dync1h1	DYNC1H1
52128041	Dync1i1	DYNC1I1
52128042	Dync1i2	DYNC1I2
52129572	Dync1li1	DYNC1LI1
52129245	Dync1li2	DYNC1LI2
52137245	Dync2h1	DYNC2H1
52138913	Dync2li1	DYNC2LI1
52128045	Dynll1	DYNLL1
52126542	Dynll2	DYNLL2
52132178	Dynlrb1	DYNLRB1
52133994	Dynlrb2	DYNLRB2
52136243	Dynlt3	DYNLT3
52128046	Dyrk1a	DYRK1A
52134425	Dyrk1b	DYRK1B
52129321	Dyrk2	DYRK2
52128047	Dyrk3	DYRK3
52140420	Dyrk4	DYRK4
52137258	Dzank1	DZANK1
52131283	Dzip1	DZIP1
52141948	Dzip3	DZIP3
52140821	E2f1	E2F1
52128878	E2f2	E2F2
52137060	E2f3	E2F3
52129010	E2f4	E2F4
52126537	E2f5	E2F5
52128839	E2f6	E2F6
52129458	E2f7	E2F7
52131815	E2f8	E2F8
52137983	E4f1	E4F1
52136857	Eaf1	EAF1
52136935	Eaf2	EAF2
52125876	Eapp	EAPP
52138161	Ears2	EARS2
52138858	Ebag9	EBAG9
52128062	Ebf1	EBF1
52131317	Ebi3	EBI3
52128065	Ebna1bp2	EBNA1BP2
52139355	Ebp	EBP
52135948	Ebpl	EBPL
52137237	Ecd	ECD
52129653	Ece1	ECE1
52141950	Ecel1	ECEL1
52137530	Ech1	ECH1
52137674	Echdc1	ECHDC1
52131044	Echdc2	ECHDC2
52138326	Echdc3	ECHDC3
52130203	Echs1	ECHS1
52127418	Eci1	ECI1
52140760	Ecm1	ECM1
52129666	Ecsit	ECSIT
52139919	Ect2	ECT2
52128076	Eda2r	EDA2R
52130003	Edar	EDAR
52139947	Edaradd	EDARADD
52131853	Edc3	EDC3
52129780	Edc4	EDC4
52138731	Edem1	EDEM1
52140069	Edem2	EDEM2
52140194	Edem3	EDEM3
52139119	Edf1	EDF1
52128081	Edil3	EDIL3
52128222	Edn1	EDN1
52134265	Edn2	EDN2
52128082	Edn3	EDN3
52141954	Eea1	EEA1
52137900	Eed	EED
52130034	Eef1b2	EEF1B2
52128086	Eef1d	EEF1D
52129774	Eef1e1	EEF1E1
52127411	Eef1g	EEF1G
52128087	Eef2	EEF2
52126341	Eef2k	EEF2K
52138008	Eefsec	EEFSEC
52139222	Eepd1	EEPD1
52137731	Efcab11	EFCAB11
52135225	Efcab12	EFCAB12
52128093	Efcab14	EFCAB14
52141958	Efcab5	EFCAB5
52131671	Efcab6	EFCAB6
52129562	Efcab7	EFCAB7
52141960	Efcab9	EFCAB9
52140873	Efcc1	EFCC1
52128097	Efemp2	EFEMP2
52140417	Efhb	EFHB
52138950	Efhc1	EFHC1
52135688	Efhd2	EFHD2
52128100	Efna1	EFNA1
52128101	Efna2	EFNA2
52128102	Efna3	EFNA3
52135424	Efna4	EFNA4
52139751	Efnb1	EFNB1
52128103	Efnb2	EFNB2
52128104	Efnb3	EFNB3
52139107	Efr3a	EFR3A
52133726	Efr3b	EFR3B
52129054	Efs	EFS
52137205	Eftud2	EFTUD2
52133547	Egf	EGF
52126282	Egfl6	EGFL6
52138055	Egfl7	EGFL7
52138056	Egfl8	EGFL8
52141962	Egflam	EGFLAM
52128107	Egfr	EGFR
52128108	Egln1	EGLN1
52130902	Egln2	EGLN2
52130903	Egln3	EGLN3
52128285	Egr1	EGR1
52126385	Egr2	EGR2
52129614	Ehbp1	EHBP1
52131946	Ehbp1l1	EHBP1L1
52126605	Ehd1	EHD1
52128109	Ehd2	EHD2
52141963	Ehd3	EHD3
52131754	Ehd4	EHD4
52138094	Ehf	EHF
52132278	Ehhadh	EHHADH
52135976	Ehmt1	EHMT1
52125693	Ehmt2	EHMT2
52137761	Ei24	EI24
52141964	Eid1	EID1
52141965	Eid2	EID2
52141966	Eid2b	EID2B
52128111	Eif1	EIF1
52138903	Eif1ad	EIF1AD
52138862	Eif1b	EIF1B
52131736	Eif2a	EIF2A
52130308	Eif2ak1	EIF2AK1
52133107	Eif2ak2	EIF2AK2
52133043	Eif2ak3	EIF2AK3
52140360	Eif2ak4	EIF2AK4
52139313	Eif2b1	EIF2B1
52139235	Eif2b2	EIF2B2
52138827	Eif2b3	EIF2B3
52133826	Eif2b4	EIF2B4
52129671	Eif2b5	EIF2B5
52132228	Eif2d	EIF2D
52128112	Eif2s1	EIF2S1
52137018	Eif2s2	EIF2S2
52128304	Eif2s3y	EIF2S3
52137197	Eif3a	EIF3A
52128113	Eif3b	EIF3B
52128120	Eif3d	EIF3D
52128119	Eif3e	EIF3E
52135644	Eif3f	EIF3F
52128118	Eif3g	EIF3G
52128114	Eif3h	EIF3H
52128117	Eif3i	EIF3I
52137785	Eif3k	EIF3K
52136902	Eif3l	EIF3L
52128409	Eif3m	EIF3M
52128122	Eif4a1	EIF4A1
52137134	Eif4a2	EIF4A2
52128123	Eif4b	EIF4B
52128124	Eif4e	EIF4E
52128126	Eif4e2	EIF4E2
52137028	Eif4e3	EIF4E3
52129220	Eif4ebp1	EIF4EBP1
52128451	Eif4ebp2	EIF4EBP2
52129673	Eif4enif1	EIF4ENIF1
52128771	Eif4g1	EIF4G1
52128127	Eif4g2	EIF4G2
52128128	Eif4g3	EIF4G3
52136599	Eif4h	EIF4H
52128856	Eif5	EIF5
52136737	Eif5a2	EIF5A2
52131493	Eif5b	EIF5B
52132063	Eif6	EIF6
52139381	Elac1	ELAC1
52131722	Elac2	ELAC2
52128137	Elavl1	ELAVL1
52128136	Elavl3	ELAVL3
52128138	Elavl4	ELAVL4
52128088	Elf1	ELF1
52128090	Elf2	ELF2
52141969	Elf3	ELF3
52128089	Elf4	ELF4
52126904	Elfn2	ELFN2
52140391	Elk1	ELK1
52134141	Elk3	ELK3
52136237	Elk4	ELK4
52137071	Ell	ELL
52126249	Ell2	ELL2
52131846	Elmo1	ELMO1
52139694	Elmo2	ELMO2
52131695	Elmo3	ELMO3
52140092	Elmod2	ELMOD2
52134891	Elmod3	ELMOD3
52138990	Elof1	ELOF1
52128145	Elovl1	ELOVL1
52138031	Elovl2	ELOVL2
52139812	Elovl5	ELOVL5
52126480	Elovl6	ELOVL6
52128144	Elovl7	ELOVL7
52135205	Elp2	ELP2
52134718	Elp3	ELP3
52129950	Elp4	ELP4
52133285	Elp5	ELP5
52135710	Elp6	ELP6
52134573	Emb	EMB
52131966	Emc1	EMC1
52128513	Emc10	EMC10
52136380	Emc2	EMC2
52132265	Emc3	EMC3
52136324	Emc4	EMC4
52136325	Emc6	EMC6
52128149	Emc7	EMC7
52127151	Emc8	EMC8
52128569	Emc9	EMC9
52128150	Emd	EMD
52129394	Eme1	EME1
52140775	Eme2	EME2
52138032	Emg1	EMG1
52134000	Emid1	EMID1
52129312	Emilin1	EMILIN1
52128152	Emilin2	EMILIN2
52127089	Eml1	EML1
52137357	Eml2	EML2
52140569	Eml3	EML3
52141975	Eml4	EML4
52129058	Eml5	EML5
52140383	Eml6	EML6
52128155	Emp1	EMP1
52137432	Emp2	EMP2
52135486	Emp3	EMP3
52137551	Emx1	EMX1
52131094	Enah	ENAH
52132176	Enc1	ENC1
52140186	Endod1	ENDOD1
52136944	Endog	ENDOG
52141978	Endov	ENDOV
52138361	Engase	ENGASE
52141979	Enho	ENHO
52134398	Enkd1	ENKD1
52141980	Enkur	ENKUR
52126623	Eno3	ENO3
52138271	Eno4	ENO4
52139391	Enoph1	ENOPH1
52139712	Enox2	ENOX2
52131871	Enpep	ENPEP
52127456	Enpp1	ENPP1
52125624	Enpp2	ENPP2
52141981	Enpp3	ENPP3
52137933	Enpp4	ENPP4
52134576	Enpp5	ENPP5
52128169	Ensa	ENSA
52141983	Entpd1	ENTPD1
52128171	Entpd2	ENTPD2
52129948	Entpd3	ENTPD3
52126821	Entpd5	ENTPD5
52132795	Entpd6	ENTPD6
52141985	Entpd7	ENTPD7
52132796	Entpd8	ENTPD8
52128315	Eny2	ENY2
52125920	Eogt	EOGT
52128175	Ep300	EP300
52134427	Ep400	EP400
52128177	Epas1	EPAS1
52138332	Epc1	EPC1
52138729	Epc2	EPC2
52132974	Epcam	EPCAM
52139524	Epdr1	EPDR1
52135121	Epg5	EPG5
52128181	Epha1	EPHA1
52128180	Epha2	EPHA2
52126251	Epha4	EPHA4
52129502	Epha7	EPHA7
52128183	Ephb2	EPHB2
52128130	Ephb3	EPHB3
52126377	Ephb4	EPHB4
52135501	Ephb6	EPHB6
52128184	Ephx1	EPHX1
52126442	Ephx2	EPHX2
52133821	Epm2a	EPM2A
52141993	Epm2aip1	EPM2AIP1
52128185	Epn1	EPN1
52128909	Epn2	EPN2
52135035	Epn3	EPN3
52134853	Eps15	EPS15
52135835	Eps15l1	EPS15L1
52128188	Eps8	EPS8
52128189	Eps8l1	EPS8L1
52133820	Eps8l2	EPS8L2
52128190	Eps8l3	EPS8L3
52134365	Epsti1	EPSTI1
52127932	Epx	EPX
52141997	Eqtn	EQTN
52134338	Eral1	ERAL1
52135442	Erap1	ERAP1
52137362	Erbb2	ERBB2
52128196	Erbb3	ERBB3
52132149	Erc1	ERC1
52139618	Erc2	ERC2
52139234	Ercc1	ERCC1
52137368	Ercc2	ERCC2
52137013	Ercc3	ERCC3
52128673	Ercc4	ERCC4
52137798	Ercc5	ERCC5
52127238	Ercc6	ERCC6
52134612	Ercc6l	ERCC6L
52134523	Ercc6l2	ERCC6L2
52127236	Ercc8	ERCC8
52141999	Ereg	EREG
52129359	Erf	ERF
52137961	Ergic1	ERGIC1
52128200	Ergic2	ERGIC2
52133611	Ergic3	ERGIC3
52128191	Erh	ERH
52132465	Eri1	ERI1
52137823	Eri2	ERI2
52142000	Eri3	ERI3
52142001	Erich1	ERICH1
52140845	Erich2	ERICH2
52133448	Erlec1	ERLEC1
52128369	Erlin1	ERLIN1
52140381	Erlin2	ERLIN2
52142012	Ermp1	ERMP1
52134019	Ern1	ERN1
52134020	Ern2	ERN2
52142014	Erp29	ERP29
52136395	Erp44	ERP44
52128215	Errfi1	ERRFI1
52128217	Esam	ESAM
52139641	Esco1	ESCO1
52132264	Esco2	ESCO2
52128945	Esd	ESD
52129764	Esf1	ESF1
52126867	Espl1	ESPL1
52135707	Espn	ESPN
52128193	Esr1	ESR1
52133310	Esrp1	ESRP1
52126370	Esrp2	ESRP2
52128212	Esrra	ESRRA
52128214	Esrrg	ESRRG
52128221	Esyt1	ESYT1
52128639	Esyt2	ESYT2
52128640	Esyt3	ESYT3
52128223	Etaa1	ETAA1
52128198	Etf1	ETF1
52126088	Etfa	ETFA
52136713	Etfb	ETFB
52128353	Etfdh	ETFDH
52139273	Ethe1	ETHE1
52133473	Etnk1	ETNK1
52137940	Etnk2	ETNK2
52125295	Etnppl	ETNPPL
52126437	Ets1	ETS1
52137151	Ets2	ETS2
52128192	Etv1	ETV1
52130434	Etv2	ETV2
52142019	Etv3	ETV3
52128281	Etv4	ETV4
52128303	Etv5	ETV5
52131083	Etv6	ETV6
52128308	Eva1a	EVA1A
52128458	Eva1b	EVA1B
52142023	Evi2a	EVI2A
52128310	Evi5	EVI5
52134480	Evi5l	EVI5L
52131082	Evl	EVL
52128311	Evpl	EVPL
52128879	Ewsr1	EWSR1
52138290	Exd1	EXD1
52129988	Exd2	EXD2
52129311	Exo1	EXO1
52138012	Exo5	EXO5
52133625	Exoc1	EXOC1
52133626	Exoc2	EXOC2
52129906	Exoc3	EXOC3
52134693	Exoc3l	EXOC3L1
52135603	Exoc3l4	EXOC3L4
52134761	Exoc4	EXOC4
52133620	Exoc5	EXOC5
52139237	Exoc6	EXOC6
52128447	Exoc6b	EXOC6B
52138851	Exoc7	EXOC7
52138431	Exoc8	EXOC8
52142026	Exog	EXOG
52140330	Exosc1	EXOSC1
52138723	Exosc10	EXOSC10
52128510	Exosc2	EXOSC2
52129415	Exosc3	EXOSC3
52128314	Exosc4	EXOSC4
52134201	Exosc5	EXOSC5
52137783	Exosc7	EXOSC7
52132848	Exosc8	EXOSC8
52131456	Exosc9	EXOSC9
52142027	Exph5	EXPH5
52129642	Ext1	EXT1
52127393	Ext2	EXT2
52128476	Extl1	EXTL1
52129427	Extl2	EXTL2
52125800	Extl3	EXTL3
52139449	Eya2	EYA2
52134203	Eya3	EYA3
52134530	Ezh1	EZH1
52128316	Ezh2	EZH2
52126464	Ezr	EZR
52129849	F10	F10
52128318	F11r	F11R
52133209	F2	F2
52132991	F2r	F2R
52128320	F2rl1	F2RL1
52136254	F3	F3
52133723	F5	F5
52140399	F8	F8
52126103	Fa2h	FA2H
52128528	Faah	FAAH
52128531	Fabp1	FABP1
52126625	Fabp3	FABP3
52131040	Fabp6	FABP6
52140162	Fadd	FADD
52127915	Fads1	FADS1
52127914	Fads2	FADS2
52127913	Fads3	FADS3
52129373	Faf1	FAF1
52131777	Faf2	FAF2
52128950	Fah	FAH
52137247	Fahd1	FAHD1
52137687	Faim2	FAIM2
52137063	Fam107b	FAM107B
52128373	Fam110a	FAM110A
52130401	Fam110b	FAM110B
52134895	Fam110c	FAM110C
52133812	Fam111a	FAM111A
52138423	Fam114a1	FAM114A1
52129970	Fam114a2	FAM114A2
52128548	Fam117a	FAM117A
52135319	Fam117b	FAM117B
52131882	Fam120a	FAM120A
52137447	Fam120b	FAM120B
52135289	Fam120c	FAM120C
52142032	Fam124a	FAM124A
52128561	Fam131a	FAM131A
52137717	Fam131c	FAM131C
52131634	Fam135a	FAM135A
52129405	Fam13a	FAM13A
52142034	Fam13b	FAM13B
52134690	Fam149a	FAM149A
52138362	Fam149b	FAM149B1
52134381	Fam151a	FAM151A
52137410	Fam151b	FAM151B
52140575	Fam161a	FAM161A
52140730	Fam161b	FAM161B
52128719	Fam162a	FAM162A
52134577	Fam167a	FAM167A
52134431	Fam167b	FAM167B
52138118	Fam168a	FAM168A
52128810	Fam168b	FAM168B
52130617	Fam171a1	FAM171A1
52128580	Fam171a2	FAM171A2
52142041	Fam174a	FAM174A
52134218	Fam174b	FAM174B
52142042	Fam178b	FAM178B
52128586	Fam184a	FAM184A
52135847	Fam184b	FAM184B
52135922	Fam185a	FAM185A
52131921	Fam193a	FAM193A
52140634	Fam193b	FAM193B
52137463	Fam199x	FAM199X
52138657	Fam20a	FAM20A
52134211	Fam20b	FAM20B
52128601	Fam20c	FAM20C
52142051	Fam216a	FAM216A
52142053	Fam217a	FAM217A
52128611	Fam217b	FAM217B
52128612	Fam219a	FAM219A
52137929	Fam219b	FAM219B
52137834	Fam221a	FAM221A
52142055	Fam221b	FAM221B
52128614	Fam222a	FAM222A
52130602	Fam222b	FAM222B
52142056	Fam227a	FAM227A
52135495	Fam228b	FAM228B
52142058	Fam229a	FAM229A
52142059	Fam229b	FAM229B
52128618	Fam32a	FAM32A
52139144	Fam3a	FAM3A
52142073	Fam3b	FAM3B
52136967	Fam3c	FAM3C
52129930	Fam43a	FAM43A
52127410	Fam50a	FAM50A
52127409	Fam50b	FAM50B
52142075	Fam53a	FAM53A
52135950	Fam53b	FAM53B
52138606	Fam53c	FAM53C
52142076	Fam76a	FAM76A
52128383	Fam76b	FAM76B
52128652	Fam78a	FAM78A
52140625	Fam89a	FAM89A
52134588	Fam89b	FAM89B
52129954	Fan1	FAN1
52140064	Fanca	FANCA
52140065	Fancb	FANCB
52138303	Fancc	FANCC
52139799	Fancd2	FANCD2
52140066	Fance	FANCE
52140034	Fancf	FANCF
52137643	Fancg	FANCG
52129339	Fanci	FANCI
52139052	Fancl	FANCL
52140416	Fancm	FANCM
52140806	Fank1	FANK1
52134881	Fap	FAP
52129355	Far1	FAR1
52140055	Far2	FAR2
52134461	Farp1	FARP1
52137009	Farp2	FARP2
52138597	Fars2	FARS2
52128675	Farsa	FARSA
52126386	Farsb	FARSB
52140102	Fas	FAS
52128677	Fasl	FASLG
52128676	Fasn	FASN
52135891	Fastk	FASTK
52139224	Fastkd1	FASTKD1
52133835	Fastkd2	FASTKD2
52131756	Fastkd3	FASTKD3
52142082	Fastkd5	FASTKD5
52128678	Fat1	FAT1
52128681	Fau	FAU
52130625	Faxc	FAXC
52142084	Fbf1	FBF1
52128858	Fbl	FBL
52128440	Fblim1	FBLIM1
52129186	Fbln1	FBLN1
52131443	Fbln2	FBLN2
52126475	Fbp1	FBP1
52137470	Fbp2	FBP2
52140646	Fbrs	FBRS
52135671	Fbrsl1	FBRSL1
52142086	Fbxl12	FBXL12
52139699	Fbxl13	FBXL13
52128835	Fbxl14	FBXL14
52139293	Fbxl15	FBXL15
52142087	Fbxl16	FBXL16
52140624	Fbxl17	FBXL17
52137964	Fbxl18	FBXL18
52138336	Fbxl19	FBXL19
52129189	Fbxl2	FBXL2
52134950	Fbxl20	FBXL20
52137789	Fbxl22	FBXL22
52131889	Fbxl3	FBXL3
52139457	Fbxl4	FBXL4
52136855	Fbxl5	FBXL5
52132004	Fbxl6	FBXL6
52142089	Fbxl8	FBXL8
52135420	Fbxo10	FBXO10
52129191	Fbxo11	FBXO11
52140141	Fbxo15	FBXO15
52142090	Fbxo17	FBXO17
52138607	Fbxo2	FBXO2
52134680	Fbxo21	FBXO21
52133698	Fbxo22	FBXO22
52142091	Fbxo24	FBXO24
52137421	Fbxo25	FBXO25
52142092	Fbxo27	FBXO27
52129721	Fbxo28	FBXO28
52137897	Fbxo3	FBXO3
52129192	Fbxo30	FBXO30
52133993	Fbxo31	FBXO31
52125622	Fbxo32	FBXO32
52142093	Fbxo33	FBXO33
52129178	Fbxo34	FBXO34
52129193	Fbxo36	FBXO36
52129319	Fbxo38	FBXO38
52135605	Fbxo4	FBXO4
52137251	Fbxo42	FBXO42
52129194	Fbxo44	FBXO44
52139016	Fbxo45	FBXO45
52135002	Fbxo46	FBXO46
52142095	Fbxo47	FBXO47
52135250	Fbxo48	FBXO48
52128151	Fbxo5	FBXO5
52129195	Fbxo6	FBXO6
52134639	Fbxo7	FBXO7
52138073	Fbxo8	FBXO8
52137087	Fbxo9	FBXO9
52125845	Fbxw11	FBXW11
52137080	Fbxw2	FBXW2
52127390	Fbxw4	FBXW4
52137104	Fbxw5	FBXW5
52134352	Fbxw7	FBXW7
52138590	Fbxw8	FBXW8
52134809	Fbxw9	FBXW9
52129632	Fcer1g	FCER1G
52142112	Fcer2a	FCER2
52137723	Fcf1	FCF1
52142115	Fcgr3	FCGR2A
52142117	Fcgrt	FCGRT
52136436	Fcho1	FCHO1
52126296	Fcho2	FCHO2
52142118	Fchsd1	FCHSD1
52142119	Fchsd2	FCHSD2
52134784	Fdft1	FDFT1
52128799	Fdps	FDPS
52131445	Fdx1	FDX1
52140805	Fdxr	FDXR
52127902	Fech	FECH
52140219	Fem1b	FEM1B
52139789	Fem1c	FEM1C
52126619	Fen1	FEN1
52135203	Fer	FER
52134726	Fer1l6	FER1L6
52129409	Fermt1	FERMT1
52131733	Fermt2	FERMT2
52131906	Fermt3	FERMT3
52140500	Fes	FES
52133054	Fev	FEV
52137250	Fez1	FEZ1
52134705	Fez2	FEZ2
52140665	Ffar1	FFAR1
52140062	Ffar2	FFAR2
52142130	Ffar4	FFAR4
52135410	Fgd1	FGD1
52142131	Fgd2	FGD2
52139744	Fgd3	FGD3
52129805	Fgd4	FGD4
52135168	Fgd6	FGD6
52129807	Fgf1	FGF1
52129808	Fgf11	FGF11
52129809	Fgf12	FGF12
52129810	Fgf13	FGF13
52140063	Fgf14	FGF14
52140046	Fgf16	FGF16
52139776	Fgf15	FGF19
52139810	Fgf2	FGF2
52135526	Fgf9	FGF9
52129814	Fgfbp1	FGFBP1
52131670	Fgfbp3	FGFBP3
52126240	Fgfr1	FGFR1
52137257	Fgfr1op2	FGFR1OP2
52129530	Fgfr2	FGFR2
52129388	Fgfr3	FGFR3
52128264	Fgfr4	FGFR4
52129816	Fgfrl1	FGFRL1
52139287	Fggy	FGGY
52129817	Fgl1	FGL1
52129818	Fgl2	FGL2
52130289	Fgr	FGR
52131881	Fh1	FH
52135111	Fhad1	FHAD1
52134713	Fhdc1	FHDC1
52139117	Fhit	FHIT
52126100	Fhl1	FHL1
52137573	Fhl2	FHL2
52131793	Fhod1	FHOD1
52129999	Fibp	FIBP
52130343	Ficd	FICD
52130001	Fig4	FIG4
52129103	Fignl1	FIGNL1
52129277	Fignl2	FIGNL2
52138322	Filip1l	FILIP1L
52130004	Fip1l1	FIP1L1
52131434	Fis1	FIS1
52125905	Fitm2	FITM2
52142133	Fiz1	FIZ1
52140469	Fjx1	FJX1
52135941	Fkbp11	FKBP11
52129702	Fkbp14	FKBP14
52134349	Fkbp15	FKBP15
52135814	Fkbp1b	FKBP1B
52137552	Fkbp2	FKBP2
52129040	Fkbp3	FKBP3
52142134	Fkbp4	FKBP4
52136007	Fkbp5	FKBP5
52135934	Fkbp7	FKBP7
52139241	Fkbp8	FKBP8
52137418	Fkbp9	FKBP9
52134921	Fkbpl	FKBPL
52138450	Fkrp	FKRP
52129631	Fktn	FKTN
52128469	Flad1	FLAD1
52137165	Flcn	FLCN
52126598	Fli1	FLI1
52131666	Flii	FLII
52129171	Flna	FLNA
52126665	Flnb	FLNB
52126221	Flot1	FLOT1
52128892	Flot2	FLOT2
52133580	Flrt1	FLRT1
52133584	Flrt2	FLRT2
52133967	Flt3	FLT3
52142137	Flt3l	FLT3LG
52142138	Flywch1	FLYWCH1
52142139	Flywch2	FLYWCH2
52135748	Fmn1	FMN1
52131980	Fmn2	FMN2
52135380	Fmnl1	FMNL1
52128446	Fmnl2	FMNL2
52129036	Fmnl3	FMNL3
52129291	Fmo1	FMO1
52129286	Fmo2	FMO2
52129289	Fmo4	FMO4
52133436	Fmo5	FMO5
52137390	Fmr1	FMR1
52142141	Fmr1nb	FMR1NB
52142142	Fn1	FN1
52137511	Fn3k	FN3K
52137510	Fn3krp	FN3KRP
52130450	Fnbp1	FNBP1
52137427	Fnbp1l	FNBP1L
52139607	Fnbp4	FNBP4
52137331	Fndc3a	FNDC3A
52131558	Fndc3b	FNDC3B
52134712	Fndc5	FNDC5
52142145	Fndc8	FNDC8
52129469	Fnip1	FNIP1
52134681	Fnip2	FNIP2
52131463	Fnta	FNTA
52130603	Focad	FOCAD
52138489	Folr1	FOLR1
52126117	Fos	FOS
52139469	Fosb	FOSB
52130457	Fosl1	FOSL1
52137347	Fosl2	FOSL2
52130416	Foxa1	FOXA1
52125638	Foxa2	FOXA2
52128371	Foxa3	FOXA3
52130417	Foxd2	FOXD2
52142149	Foxj2	FOXJ2
52137146	Foxj3	FOXJ3
52137241	Foxk1	FOXK1
52128443	Foxk2	FOXK2
52130462	Foxm1	FOXM1
52137753	Foxn2	FOXN2
52138046	Foxn3	FOXN3
52130463	Foxo1	FOXO1
52128902	Foxo3	FOXO3
52140876	Foxo4	FOXO4
52130464	Foxo6	FOXO6
52130465	Foxp1	FOXP1
52139943	Foxp2	FOXP2
52130466	Foxp3	FOXP3
52131086	Foxp4	FOXP4
52130467	Foxq1	FOXQ1
52138583	Foxred1	FOXRED1
52138152	Foxred2	FOXRED2
52130354	Fpgs	FPGS
52137778	Fpgt	FPGT
52142151	Fra10ac1	FRA10AC1
52131126	Fras1	FRAS1
52140941	Frat2	FRAT2
52125766	Frem2	FREM2
52137889	Frg1	FRG1
52130479	Frk	FRK
52129799	Frmd3	FRMD3
52134400	Frmd4a	FRMD4A
52128955	Frmd4b	FRMD4B
52130480	Frmd5	FRMD5
52136835	Frmd6	FRMD6
52140850	Frmpd1	FRMPD1
52130481	Frrs1	FRRS1
52135798	Frs2	FRS2
52135156	Frs3	FRS3
52125030	Fry	FRY
52126277	Frzb	FRZB
52142156	Fsbp	FSBP
52130483	Fscn1	FSCN1
52130484	Fscn2	FSCN2
52142158	Fscn3	FSCN3
52134440	Fsd1	FSD1
52133572	Fsd1l	FSD1L
52137921	Fsip1	FSIP1
52126400	Fst	FST
52128495	Fstl1	FSTL1
52135538	Fstl3	FSTL3
52140129	Fstl4	FSTL4
52128708	Fth1	FTH1
52140107	Fto	FTO
52128773	Ftsj1	FTSJ1
52126373	Ftsj3	FTSJ3
52142162	Ftx	FTX
52136706	Fubp1	FUBP1
52137496	Fubp3	FUBP3
52130495	Fuca1	FUCA1
52129329	Fuca2	FUCA2
52139507	Fundc1	FUNDC1
52134391	Fuom	FUOM
52125173	Furin	FURIN
52138810	Fus	FUS
52142163	Fut1	FUT1
52142165	Fut2	FUT2
52130498	Fut8	FUT8
52140395	Fuz	FUZ
52138306	Fxn	FXN
52136769	Fxr1	FXR1
52131115	Fxr2	FXR2
52142167	Fxyd2	FXYD2
52142168	Fxyd3	FXYD3
52142170	Fxyd5	FXYD5
52134850	Fyco1	FYCO1
52130505	Fyn	FYN
52129583	Fyttd1	FYTTD1
52130507	Fzd1	FZD1
52126356	Fzd2	FZD2
52130510	Fzd3	FZD3
52130506	Fzd4	FZD4
52130509	Fzd5	FZD5
52139017	Fzd6	FZD6
52128866	Fzd7	FZD7
52130511	Fzd8	FZD8
52130508	Fzd9	FZD9
52130512	Fzr1	FZR1
52138649	G0s2	G0S2
52133474	G2e3	G2E3
52130057	G3bp1	G3BP1
52128886	G3bp2	G3BP2
52138345	G6pc3	G6PC3
52140132	Gaa	GAA
52128733	Gab1	GAB1
52134958	Gab3	GAB3
52130527	Gabarap	GABARAP
52139465	Gabarapl2	GABARAPL2
52130524	Gabbr1	GABBR1
52128053	Gabpa	GABPA
52138295	Gabpb1	GABPB1
52129856	Gabpb2	GABPB2
52138219	Gabra1	GABRA1
52135626	Gabra2	GABRA2
52135914	Gabrd	GABRD
52142174	Gabre	GABRE
52133978	Gabrg2	GABRG2
52142175	Gabrg3	GABRG3
52130530	Gad2	GAD2
52130531	Gadd45a	GADD45A
52126217	Gadd45b	GADD45B
52130532	Gadd45g	GADD45G
52135218	Gadd45gip1	GADD45GIP1
52135837	Gak	GAK
52130535	Gal	GAL
52130533	Gal3st1	GAL3ST1
52134252	Galc	GALC
52128698	Gale	GALE
52137485	Galk1	GALK1
52128885	Galk2	GALK2
52139496	Galm	GALM
52138338	Galns	GALNS
52129227	Galnt1	GALNT1
52142180	Galnt10	GALNT10
52133494	Galnt11	GALNT11
52134777	Galnt12	GALNT12
52133765	Galnt13	GALNT13
52131636	Galnt2	GALNT2
52140671	Galnt3	GALNT3
52142183	Galnt5	GALNT5
52129363	Galnt6	GALNT6
52137828	Galnt7	GALNT7
52130547	Galr1	GALR1
52138383	Galt	GALT
52137994	Gamt	GAMT
52140774	Gan	GAN
52130550	Ganab	GANAB
52134943	Ganc	GANC
52126330	Gapdhs	GAPDHS
52142186	Gapt	GAPT
52139522	Gapvd1	GAPVD1
52132743	Gar1	GAR1
52136815	Gart	GART
52130554	Gas2	GAS2
52129497	Gas2l1	GAS2L1
52129269	Gas2l3	GAS2L3
52130097	Gas6	GAS6
52130555	Gas7	GAS7
52130560	Gata2	GATA2
52126457	Gata3	GATA3
52140938	Gata4	GATA4
52126490	Gata5	GATA5
52126478	Gata6	GATA6
52131837	Gatad1	GATAD1
52130561	Gatad2a	GATAD2A
52135877	Gatad2b	GATAD2B
52135963	Gatc	GATC
52125279	Gatm	GATM
52140158	Gba2	GBA2
52134369	Gbe1	GBE1
52133570	Gbf1	GBF1
52139395	Gca	GCA
52142197	Gcat	GCAT
52137448	Gcc1	GCC1
52142198	Gcc2	GCC2
52130649	Gcdh	GCDH
52138547	Gcfc2	GCFC2
52130650	Gcg	GCG
52126002	Gch1	GCH1
52139130	Gchfr	GCHFR
52142199	Gck	GCK
52126105	Gclc	GCLC
52130689	Gclm	GCLM
52142201	Gcnt1	GCNT1
52140724	Gcnt2	GCNT2
52142202	Gcnt3	GCNT3
52125913	Gcnt4	GCNT4
52142203	Gcsam	GCSAM
52136762	Gcsh	GCSH
52137861	Gda	GDA
52140318	Gdap1l1	GDAP1L1
52129434	Gdap2	GDAP2
52138757	Gde1	GDE1
52125778	Gdf11	GDF11
52142204	Gdf15	GDF15
52126460	Gdf3	GDF3
52137989	Gdf9	GDF9
52137760	Gdi1	GDI1
52129254	Gdi2	GDI2
52136960	Gdpd1	GDPD1
52135556	Gdpd2	GDPD2
52130660	Gdpd3	GDPD3
52129918	Gdpd5	GDPD5
52138117	Gem	GEM
52135951	Gemin2	GEMIN2
52131701	Gemin4	GEMIN4
52126642	Gemin5	GEMIN5
52140359	Gemin6	GEMIN6
52140686	Gemin7	GEMIN7
52137103	Gemin8	GEMIN8
52142205	Gen1	GEN1
52126875	Get4	GET4
52125372	Gfer	GFER
52130665	Gfi1	GFI1
52134439	Gfi1b	GFI1B
52129623	Gfm1	GFM1
52135570	Gfm2	GFM2
52134609	Gfod1	GFOD1
52128473	Gfod2	GFOD2
52128061	Gfpt1	GFPT1
52140227	Gfpt2	GFPT2
52137685	Gfra1	GFRA1
52140601	Gfra3	GFRA3
52128833	Gga1	GGA1
52142207	Gga2	GGA2
52130669	Gga3	GGA3
52138285	Ggact	GGACT
52130105	Ggct	GGCT
52126549	Ggcx	GGCX
52131857	Ggh	GGH
52142208	Ggn	GGN
52131391	Ggnbp2	GGNBP2
52128699	Ggps1	GGPS1
52130672	Ggt5	GGT5
52131513	Ggt6	GGT6
52142210	Ggt7	GGT7
52130674	Ghdc	GHDC
52136461	Ghitm	GHITM
52130675	Ghr	GHR
52130676	Ghrhr	GHRHR
52140167	Ghrl	GHRL
52131766	Gid4	GID4
52125903	Gid8	GID8
52130679	Gigyf1	GIGYF1
52128937	Gigyf2	GIGYF2
52140097	Gimap4	GIMAP4
52142212	Gimap6	GIMAP6
52140514	Gimap7	GIMAP7
52140260	Gimap8	GIMAP8
52142214	Gin1	GIN1
52129893	Ginm1	GINM1
52137519	Gins1	GINS1
52135492	Gins2	GINS2
52130440	Gins3	GINS3
52131563	Gins4	GINS4
52138481	Gip	GIP
52133342	Gipc1	GIPC1
52130682	Gipc2	GIPC2
52134166	Gipr	GIPR
52140466	Git1	GIT1
52130683	Git2	GIT2
52127306	Gja4	GJA4
52127308	Gja5	GJA5
52127299	Gjb1	GJB1
52127301	Gjb2	GJB2
52129681	Gk5	GK5
52137198	Gkap1	GKAP1
52142222	Gla	GLA
52137795	Glb1	GLB1
52131861	Glb1l	GLB1L
52127898	Glb1l2	GLB1L2
52130687	Glcci1	GLCCI1
52130688	Glce	GLCE
52128797	Gldc	GLDC
52130690	Gle1	GLE1
52130309	Glg1	GLG1
52139022	Glipr1	GLIPR1
52137288	Glipr2	GLIPR2
52135998	Glis2	GLIS2
52130692	Glmn	GLMN
52126459	Glo1	GLO1
52137281	Glod4	GLOD4
52137866	Glod5	GLOD5
52142224	Glp1r	GLP1R
52129435	Glrx	GLRX
52130792	Glrx2	GLRX2
52130793	Glrx3	GLRX3
52130710	Glrx5	GLRX5
52130693	Gls	GLS
52130694	Gls2	GLS2
52134858	Glt1d1	GLT1D1
52137072	Glt8d1	GLT8D1
52130697	Gltp	GLTP
52130698	Gltpd2	GLTPD2
52126216	Glul	GLUL
52138182	Glyctk	GLYCTK
52129165	Glyr1	GLYR1
52137698	Gm2a	GM2A
52134438	Gmds	GMDS
52134514	Gmeb1	GMEB1
52134882	Gmeb2	GMEB2
52129368	Gmfb	GMFB
52138097	Gmfg	GMFG
52139643	Gmip	GMIP
52133444	Gmnn	GMNN
52130714	Gmppa	GMPPA
52126118	Gmppb	GMPPB
52137765	Gmpr	GMPR
52136892	Gmpr2	GMPR2
52126488	Gmps	GMPS
52130514	Gna11	GNA11
52130538	Gna12	GNA12
52130241	Gna13	GNA13
52142230	Gna14	GNA14
52130539	Gna15	GNA15
52126615	Gnai1	GNAI1
52129886	Gnai2	GNAI2
52130540	Gnai3	GNAI3
52130542	Gnal	GNAL
52130541	Gnao1	GNAO1
52130543	Gnaq	GNAQ
52130544	Gnas	GNAS
52130545	Gnat2	GNAT2
52142232	Gnat3	GNAT3
52130546	Gnaz	GNAZ
52128872	Gnb1	GNB1
52137790	Gnb1l	GNB1L
52131594	Gnb2	GNB2
52130716	Gnb3	GNB3
52130717	Gnb4	GNB4
52139240	Gne	GNE
52142233	Gng10	GNG10
52130720	Gng11	GNG11
52130721	Gng12	GNG12
52142234	Gng2	GNG2
52130518	Gng3	GNG3
52142235	Gng4	GNG4
52139529	Gng7	GNG7
52130719	Gngt1	GNGT1
52130723	Gngt2	GNGT2
52138281	Gnl1	GNL1
52136990	Gnl2	GNL2
52131100	Gnl3	GNL3
52130435	Gnl3l	GNL3L
52139806	Gnmt	GNMT
52128731	Gnpat	GNPAT
52137777	Gnpda1	GNPDA1
52135178	Gnpda2	GNPDA2
52131599	Gnpnat1	GNPNAT1
52134457	Gnptab	GNPTAB
52137086	Gnptg	GNPTG
52142236	Gnrh1	GNRH1
52130725	Gns	GNS
52138920	Golga1	GOLGA1
52127025	Golga2	GOLGA2
52142237	Golga3	GOLGA3
52131758	Golga4	GOLGA4
52131894	Golga5	GOLGA5
52137007	Golga7	GOLGA7
52130729	Golga7b	GOLGA7B
52130730	Golim4	GOLIM4
52138838	Golm1	GOLM1
52130731	Golph3	GOLPH3
52138021	Golph3l	GOLPH3L
52135387	Golt1a	GOLT1A
52130732	Golt1b	GOLT1B
52129789	Gopc	GOPC
52133610	Gorab	GORAB
52126543	Gorasp1	GORASP1
52139098	Gorasp2	GORASP2
52137841	Gosr1	GOSR1
52137031	Gosr2	GOSR2
52137296	Got1	GOT1
52130135	Got2	GOT2
52142241	Gp5	GP5
52133814	Gp9	GP9
52130739	Gpa33	GPA33
52134796	Gpaa1	GPAA1
52129495	Gpalpp1	GPALPP1
52132560	Gpam	GPAM
52138543	Gpank1	GPANK1
52131506	Gpatch1	GPATCH1
52126750	Gpatch11	GPATCH11
52134706	Gpatch2	GPATCH2
52142242	Gpatch2l	GPATCH2L
52138394	Gpatch3	GPATCH3
52131595	Gpatch4	GPATCH4
52142243	Gpatch8	GPATCH8
52140675	Gpbar1	GPBAR1
52142244	Gpbp1	GPBP1
52129479	Gpbp1l1	GPBP1L1
52130740	Gpc1	GPC1
52139795	Gpc3	GPC3
52127002	Gpc4	GPC4
52130741	Gpc6	GPC6
52135995	Gpcpd1	GPCPD1
52130742	Gpd1	GPD1
52137189	Gpd1l	GPD1L
52126597	Gpd2	GPD2
52130743	Gper1	GPER1
52130211	Gphn	GPHN
52133063	Gpi1	GPI
52132529	Gpkow	GPKOW
52142246	Gpld1	GPLD1
52127510	Gpm6a	GPM6A
52127512	Gpm6b	GPM6B
52137430	Gpn1	GPN1
52125614	Gpn2	GPN2
52125615	Gpn3	GPN3
52129994	Gpr107	GPR107
52142247	Gpr108	GPR108
52134356	Gpr132	GPR132
52130754	Gpr137	GPR137
52140490	Gpr137b	GPR137B
52129956	Gpr137c	GPR137C
52138252	Gpr146	GPR146
52142259	Gpr153	GPR153
52134813	Gpr155	GPR155
52137838	Gpr157	GPR157
52138682	Gpr160	GPR160
52142261	Gpr162	GPR162
52134831	Gpr17	GPR17
52133773	Gpr171	GPR171
52134063	Gpr179	GPR179
52134158	Gpr18	GPR18
52139603	Gpr180	GPR180
52128064	Gpr183	GPR183
52138948	Gpr19	GPR19
52139705	Gpr20	GPR20
52130759	Gpr22	GPR22
52130424	Gpr34	GPR34
52138524	Gpr35	GPR35
52133764	Gpr37l1	GPR37L1
52138996	Gpr39	GPR39
52138001	Gpr55	GPR55
52134697	Gpr65	GPR65
52142265	Gpr68	GPR68
52136091	Gpr85	GPR85
52142268	Gprasp1	GPRASP1
52142270	Gprc5a	GPRC5A
52130769	Gprc5b	GPRC5B
52138539	Gprc5c	GPRC5C
52142272	Gprin1	GPRIN1
52130770	Gprin3	GPRIN3
52131459	Gps1	GPS1
52138897	Gps2	GPS2
52135598	Gpsm1	GPSM1
52138895	Gpsm2	GPSM2
52142273	Gpsm3	GPSM3
52130771	Gpt	GPT
52131835	Gpt2	GPT2
52134834	Gpx2	GPX2
52140133	Gpx3	GPX3
52126463	Gpx4	GPX4
52140134	Gpx5	GPX5
52131399	Gpx7	GPX7
52138792	Gpx8	GPX8
52134426	Gramd1a	GRAMD1A
52134526	Gramd1b	GRAMD1B
52129767	Gramd1c	GRAMD1C
52129741	Gramd4	GRAMD4
52137847	Grap2	GRAP2
52130776	Grb10	GRB10
52140673	Grb14	GRB14
52128779	Grb2	GRB2
52134539	Grb7	GRB7
52131129	Greb1	GREB1
52142276	Grhl1	GRHL1
52130779	Grhl2	GRHL2
52126414	Grhl3	GRHL3
52129085	Grhpr	GRHPR
52133991	Grid2ip	GRID2IP
52140208	Grik4	GRIK4
52140209	Grik5	GRIK5
52132768	Grin2a	GRIN2A
52130783	Grin2c	GRIN2C
52131570	Grin2d	GRIN2D
52130785	Grina	GRINA
52135418	Grip1	GRIP1
52129824	Grip2	GRIP2
52138382	Gripap1	GRIPAP1
52130788	Grk4	GRK4
52135348	Grk5	GRK5
52140519	Grk6	GRK6
52129869	Grm4	GRM4
52130044	Grn	GRN
52138024	Grpel1	GRPEL1
52135463	Grpel2	GRPEL2
52142280	Grsf1	GRSF1
52130791	Grtp1	GRTP1
52126401	Grwd1	GRWD1
52133089	Gsap	GSAP
52142290	Gsdmd	GSDMD
52130300	Gse1	GSE1
52142291	Gsg1	GSG1
52137950	Gsg1l	GSG1L
52130797	Gsk3a	GSK3A
52128989	Gsk3b	GSK3B
52137082	Gskip	GSKIP
52126120	Gsn	GSN
52130798	Gspt1	GSPT1
52139389	Gspt2	GSPT2
52137669	Gsr	GSR
52133483	Gss	GSS
52137712	Gstcd	GSTCD
52134236	Gstk1	GSTK1
52126554	Gstm7	GSTM2
52126553	Gstm5	GSTM3
52126556	Gstm4	GSTM4
52129732	Gsto1	GSTO1
52137558	Gsto2	GSTO2
52137947	Gstz1	GSTZ1
52129301	Gtf2a1	GTF2A1
52137755	Gtf2a2	GTF2A2
52137050	Gtf2b	GTF2B
52134190	Gtf2e1	GTF2E1
52136642	Gtf2e2	GTF2E2
52129664	Gtf2f1	GTF2F1
52130807	Gtf2f2	GTF2F2
52132955	Gtf2h1	GTF2H1
52142292	Gtf2h3	GTF2H3
52132953	Gtf2h4	GTF2H4
52135050	Gtf2h5	GTF2H5
52142293	Gtf2i	GTF2I
52135558	Gtf2ird1	GTF2IRD1
52130664	Gtf3a	GTF3A
52142295	Gtf3c1	GTF3C1
52134513	Gtf3c2	GTF3C2
52131534	Gtf3c3	GTF3C3
52131585	Gtf3c4	GTF3C4
52131941	Gtf3c5	GTF3C5
52138809	Gtf3c6	GTF3C6
52126600	Gtpbp1	GTPBP1
52139466	Gtpbp10	GTPBP10
52130809	Gtpbp2	GTPBP2
52137882	Gtpbp3	GTPBP3
52129910	Gtpbp4	GTPBP4
52129528	Gtpbp6	GTPBP6
52135996	Gtpbp8	GTPBP8
52128993	Gtse1	GTSE1
52130355	Gtsf1	GTSF1
52130648	Guca1b	GUCA1B
52137210	Gucd1	GUCD1
52130813	Gucy2c	GUCY2C
52129604	Guf1	GUF1
52130814	Guk1	GUK1
52134085	Gusb	GUSB
52130695	Gxylt1	GXYLT1
52130696	Gxylt2	GXYLT2
52130138	Gypc	GYPC
52138924	Gys1	GYS1
52140813	Gzf1	GZF1
52134736	Gzma	GZMA
52134735	Gzmk	GZMK
52142302	Gzmm	GZMM
52135069	H6pd	H6PD
52137612	Haao	HAAO
52129729	Habp2	HABP2
52139930	Habp4	HABP4
52134961	Hace1	HACE1
52133075	Hacl1	HACL1
52130853	Hadh	HADH
52126110	Hadha	HADHA
52128759	Hadhb	HADHB
52128455	Hagh	HAGH
52142336	Haghl	HAGHL
52138096	Hal	HAL
52138921	Hao2	HAO2
52135536	Hap1	HAP1
52139265	Hapln3	HAPLN3
52135230	Hapln4	HAPLN4
52130443	Harbi1	HARBI1
52131528	Hars2	HARS2
52125271	Has3	HAS3
52139516	Hat1	HAT1
52134889	Haus1	HAUS1
52128414	Haus2	HAUS2
52133419	Haus3	HAUS3
52139521	Haus4	HAUS4
52137517	Haus5	HAUS5
52128617	Haus6	HAUS6
52131358	Haus7	HAUS7
52128360	Haus8	HAUS8
52132150	Havcr2	HAVCR2
52139426	Hax1	HAX1
52130862	Hbegf	HBEGF
52137294	Hbp1	HBP1
52137008	Hbs1l	HBS1L
52130865	Hccs	HCCS
52128295	Hcfc1	HCFC1
52142341	Hcfc1r1	HCFC1R1
52134917	Hcfc2	HCFC2
52142342	Hck	HCK
52130409	Hcls1	HCLS1
52142343	Hcn1	HCN1
52130867	Hcn2	HCN2
52133938	Hcn3	HCN3
52130868	Hcn4	HCN4
52142344	Hcrtr1	HCRTR1
52127399	Hcst	HCST
52127001	Hdac1	HDAC1
52137120	Hdac10	HDAC10
52139371	Hdac11	HDAC11
52142345	Hdac2	HDAC2
52138744	Hdac3	HDAC3
52140773	Hdac5	HDAC5
52137026	Hdac6	HDAC6
52130872	Hdac7	HDAC7
52137115	Hdac8	HDAC8
52130873	Hdac9	HDAC9
52140245	Hdc	HDC
52129004	Hddc2	HDDC2
52137697	Hddc3	HDDC3
52142346	Hdgf	HDGF
52137734	Hdhd2	HDHD2
52133844	Hdhd3	HDHD3
52126473	Hdlbp	HDLBP
52125684	Heatr1	HEATR1
52139253	Heatr3	HEATR3
52133699	Heatr5a	HEATR5A
52139613	Heatr5b	HEATR5B
52138596	Heatr6	HEATR6
52138202	Hebp1	HEBP1
52136071	Hebp2	HEBP2
52135567	Heca	HECA
52135929	Hectd1	HECTD1
52140463	Hectd2	HECTD2
52137040	Hectd3	HECTD3
52130884	Heg1	HEG1
52131102	Helb	HELB
52126498	Hells	HELLS
52130885	Helq	HELQ
52137137	Helz	HELZ
52130624	Helz2	HELZ2
52135464	Hemgn	HEMGN
52131720	Hemk1	HEMK1
52130886	Henmt1	HENMT1
52130691	Hepacam	HEPACAM
52134642	Hepacam2	HEPACAM2
52142350	Heph	HEPH
52136763	Herc1	HERC1
52129668	Herc2	HERC2
52134828	Herc3	HERC3
52140193	Herc4	HERC4
52130889	Herc6	HERC6
52142351	Herpud1	HERPUD1
52138755	Herpud2	HERPUD2
52126154	Hes1	HES1
52130893	Hes2	HES2
52126910	Hes5	HES5
52130888	Hes6	HES6
52128255	Hes7	HES7
52137845	Hexa	HEXA
52129221	Hexb	HEXB
52129714	Hexim1	HEXIM1
52129713	Hexim2	HEXIM2
52130892	Hey1	HEY1
52130386	Heyl	HEYL
52139375	Hfe	HFE
52130896	Hgf	HGF
52139674	Hgfac	HGFAC
52129935	Hgs	HGS
52139708	Hgsnat	HGSNAT
52142352	Hhat	HHAT
52130895	Hhex	HHEX
52134267	Hhipl2	HHIPL2
52130899	Hibadh	HIBADH
52137796	Hibch	HIBCH
52128230	Hic1	HIC1
52131007	Hic2	HIC2
52130234	Hid1	HID1
52130900	Hif1a	HIF1A
52126534	Hif1an	HIF1AN
52130901	Hif3a	HIF3A
52126501	Higd1a	HIGD1A
52142356	Hilpda	HILPDA
52132493	Hinfp	HINFP
52137638	Hint1	HINT1
52135767	Hint2	HINT2
52131999	Hint3	HINT3
52129174	Hip1	HIP1
52138381	Hip1r	HIP1R
52134092	Hipk1	HIPK1
52126082	Hipk2	HIPK2
52129739	Hipk3	HIPK3
52142357	Hipk4	HIPK4
52129166	Hira	HIRA
52129864	Hirip3	HIRIP3
52135175	Hivep1	HIVEP1
52130910	Hivep2	HIVEP2
52142359	Hjurp	HJURP
52127939	Hk1	HK1
52127940	Hk2	HK2
52126345	Hkdc1	HKDC1
52142361	H2-DMa	HLA-DMA
52125123	H2-Oa	HLA-DOA
52125736	H2-Ob	HLA-DOB
52128220	Hlcs	HLCS
52138123	Hlf	HLF
52136049	Hltf	HLTF
52126238	H13	HM13
52130911	Hmbox1	HMBOX1
52130912	Hmbs	HMBS
52131569	Hmces	HMCES
52129791	Hmg20a	HMG20A
52129599	Hmg20b	HMG20B
52137020	Hmga2	HMGA2
52130915	Hmgb1	HMGB1
52130916	Hmgb2	HMGB2
52128418	Hmgb3	HMGB3
52138788	Hmgcl	HMGCL
52130917	Hmgcr	HMGCR
52138829	Hmgcs1	HMGCS1
52138830	Hmgcs2	HMGCS2
52142365	Hmgn1	HMGN1
52128432	Hmgn2	HMGN2
52128346	Hmgn3	HMGN3
52142366	Hmgn5	HMGN5
52140621	Hmgxb3	HMGXB3
52128826	Hmgxb4	HMGXB4
52136848	Hmmr	HMMR
52129382	Hmox1	HMOX1
52131457	Hmox2	HMOX2
52132713	Hmx2	HMX2
52125272	Hnf1a	HNF1A
52126973	Hnf1b	HNF1B
52128947	Hnf4a	HNF4A
52132769	Hnf4g	HNF4G
52137424	Hnmt	HNMT
52128862	Hnrnpa0	HNRNPA0
52142367	Hnrnpa2b1	HNRNPA2B1
52130972	Hnrnpa3	HNRNPA3
52129705	Hnrnpab	HNRNPAB
52136685	Hnrnpd	HNRNPD
52130974	Hnrnpdl	HNRNPDL
52128787	Hnrnpf	HNRNPF
52128786	Hnrnph1	HNRNPH1
52128788	Hnrnph2	HNRNPH2
52138092	Hnrnph3	HNRNPH3
52130976	Hnrnpk	HNRNPK
52128922	Hnrnpl	HNRNPL
52142368	Hnrnpll	HNRNPLL
52134220	Hnrnpm	HNRNPM
52130977	Hnrnpr	HNRNPR
52129500	Hnrnpu	HNRNPU
52128911	Hnrnpul1	HNRNPUL1
52142369	Hnrnpul2	HNRNPUL2
52130979	Homer1	HOMER1
52137819	Homer2	HOMER2
52130980	Homer3	HOMER3
52126123	Homez	HOMEZ
52135174	Hook1	HOOK1
52139089	Hook2	HOOK2
52137403	Hook3	HOOK3
52130982	Hopx	HOPX
52128279	Hoxa2	HOXA2
52126309	Hoxa3	HOXA3
52131001	Hoxa4	HOXA4
52137371	Hoxa5	HOXA5
52142376	Hoxa7	HOXA7
52129645	Hoxa9	HOXA9
52130953	Hoxb2	HOXB2
52130992	Hoxb3	HOXB3
52128283	Hoxb4	HOXB4
52128274	Hoxb5	HOXB5
52130986	Hoxb6	HOXB6
52129443	Hoxb7	HOXB7
52130255	Hoxb8	HOXB8
52129013	Hp1bp3	HP1BP3
52139109	Hpca	HPCA
52138923	Hpcal1	HPCAL1
52128943	Hpd	HPD
52130127	Hpdl	HPDL
52139180	Hpgd	HPGD
52142379	Hpgds	HPGDS
52134788	Hpn	HPN
52131703	Hps1	HPS1
52138114	Hps3	HPS3
52138843	Hps4	HPS4
52136059	Hps5	HPS5
52142380	Hps6	HPS6
52131707	Hpse	HPSE
52142381	Hr	HR
52131005	Hras	HRAS
52142382	Hrc	HRC
52140160	Hrh1	HRH1
52131008	Hrh2	HRH2
52135981	Hrh3	HRH3
52133965	Hrh4	HRH4
52133818	Hs1bp3	HS1BP3
52131015	Hs2st1	HS2ST1
52125044	Hs3st1	HS3ST1
52125047	Hs3st3a1	HS3ST3A1
52125046	Hs3st3b1	HS3ST3B1
52140368	Hs3st6	HS3ST6
52125058	Hs6st1	HS6ST1
52129086	Hs6st2	HS6ST2
52131016	Hsbp1	HSBP1
52142388	Hsbp1l1	HSBP1L1
52134341	Hscb	HSCB
52131017	Hsd11b1	HSD11B1
52137216	Hsd11b2	HSD11B2
52130852	Hsd17b10	HSD17B10
52142389	Hsd17b11	HSD17B11
52128985	Hsd17b12	HSD17B12
52142390	Hsd17b13	HSD17B13
52128994	Hsd17b14	HSD17B14
52139924	Hsd17b2	HSD17B2
52127412	Hsd17b4	HSD17B4
52133324	Hsd17b6	HSD17B6
52138274	Hsd17b7	HSD17B7
52129428	Hsd3b7	HSD3B7
52134142	Hsdl1	HSDL1
52136873	Hsdl2	HSDL2
52131019	Hsf1	HSF1
52137387	Hsf2	HSF2
52129006	Hsf2bp	HSF2BP
52137936	Hsf4	HSF4
52137337	Hsh2d	HSH2D
52138223	Hspa12a	HSPA12A
52138429	Hspa13	HSPA13
52128252	Hspa1a	HSPA1A
52128253	Hspa1b	HSPA1B
52128254	Hspa1l	HSPA1L
52142392	Hspa2	HSPA2
52131024	Hspa4	HSPA4
52129238	Hspa4l	HSPA4L
52125761	Hspa5	HSPA5
52130880	Hspa8	HSPA8
52126541	Hspa9	HSPA9
52126178	Hspb1	HSPB1
52131025	Hspb6	HSPB6
52129253	Hspb8	HSPB8
52137442	Hspbap1	HSPBAP1
52131049	Hspbp1	HSPBP1
52126606	Hspd1	HSPD1
52133051	Hspg2	HSPG2
52131021	Hsph1	HSPH1
52128761	Htatip2	HTATIP2
52139057	Htatsf1	HTATSF1
52134428	Htr4	HTR4
52131037	Htra1	HTRA1
52131038	Htra2	HTRA2
52139383	Htra3	HTRA3
52128280	Htt	HTT
52131888	Hunk	HUNK
52138460	Hus1	HUS1
52133543	Huwe1	HUWE1
52139419	Hvcn1	HVCN1
52138065	Hyal1	HYAL1
52131039	Hyal2	HYAL2
52135296	Hyal3	HYAL3
52133753	Hykk	HYKK
52135401	Hyls1	HYLS1
52131120	Hyou1	HYOU1
52138520	Hypk	HYPK
52131620	Iah1	IAH1
52142395	Iars2	IARS2
52138217	Iba57	IBA57
52129960	Ibtk	IBTK
52139502	Ica1	ICA1
52126571	Ica1l	ICA1L
52134452	Icam1	ICAM1
52133579	Icam2	ICAM2
52142397	Icam4	ICAM4
52131364	Icmt	ICMT
52142400	Icosl	ICOSLG
52126129	Id1	ID1
52126302	Id2	ID2
52128228	Id3	ID3
52126455	Id4	ID4
52138446	Ide	IDE
52126617	Idh1	IDH1
52136813	Idh2	IDH2
52138808	Idh3a	IDH3A
52142401	Idh3b	IDH3B
52128322	Idh3g	IDH3G
52137974	Idi1	IDI1
52142403	Idnk	IDNK
52131144	Ido1	IDO1
52138310	Ids	IDS
52133932	Idua	IDUA
52128682	Ier2	IER2
52131623	Ier3	IER3
52131027	Ier3ip1	IER3IP1
52135928	Ier5	IER5
52129796	Ier5l	IER5L
52131146	Iffo1	IFFO1
52131147	Iffo2	IFFO2
52140453	Ifi35	IFI35
52128981	Ifi44	IFI44
52132399	Ifih1	IFIH1
52131151	Ifit2	IFIT2
52127197	Ifnar1	IFNAR1
52127193	Ifnar2	IFNAR2
52127192	Ifngr1	IFNGR1
52127198	Ifngr2	IFNGR2
52127194	Ifnlr1	IFNLR1
52131504	Ifrd1	IFRD1
52129126	Ifrd2	IFRD2
52139193	Ift122	IFT122
52134040	Ift140	IFT140
52132239	Ift172	IFT172
52137627	Ift20	IFT20
52133275	Ift27	IFT27
52142412	Ift43	IFT43
52140244	Ift46	IFT46
52139897	Ift52	IFT52
52127293	Ift57	IFT57
52139397	Ift74	IFT74
52137249	Ift80	IFT80
52126868	Ift81	IFT81
52128854	Ift88	IFT88
52126265	Igdcc4	IGDCC4
52131198	Igf1r	IGF1R
52128289	Igf2	IGF2
52142413	Igf2os	IGF2-AS
52129162	Igf2bp1	IGF2BP1
52131194	Igf2bp2	IGF2BP2
52128037	Igf2bp3	IGF2BP3
52127018	Igf2r	IGF2R
52131195	Igfbp2	IGFBP2
52131196	Igfbp3	IGFBP3
52142414	Igfbp4	IGFBP4
52140386	Igfbp6	IGFBP6
52125283	Igfbp7	IGFBP7
52142415	Igfbpl1	IGFBPL1
52140765	Igflr1	IGFLR1
52131201	Ighmbp2	IGHMBP2
52142486	Igsf11	IGSF11
52137873	Igsf21	IGSF21
52142487	Igsf23	IGSF23
52134520	Igsf3	IGSF3
52131282	Igsf5	IGSF5
52140513	Igsf6	IGSF6
52139195	Igsf8	IGSF8
52131591	Igsf9	IGSF9
52131887	Igsf9b	IGSF9B
52128073	Ihh	IHH
52136862	Ik	IK
52136011	Ikbip	IKBIP
52131287	Ikbkb	IKBKB
52131288	Ikbke	IKBKE
52130091	Ikbkg	IKBKG
52131285	Ikzf1	IKZF1
52136009	Ikzf2	IKZF2
52142489	Ikzf3	IKZF3
52135128	Ikzf4	IKZF4
52136868	Ikzf5	IKZF5
52138659	Il10	IL10
52127199	Il10ra	IL10RA
52127196	Il10rb	IL10RB
52140006	Il11	IL11
52135061	Il12rb1	IL12RB1
52131307	Il12rb2	IL12RB2
52131308	Il13ra1	IL13RA1
52140023	Il15	IL15
52138683	Il15ra	IL15RA
52140777	Il16	IL16
52138644	Il17d	IL17D
52134951	Il17ra	IL17RA
52142491	Il17rb	IL17RB
52130425	Il17rc	IL17RC
52126228	Il17rd	IL17RD
52142492	Il17re	IL17RE
52142493	Il18	IL18
52142494	Il18bp	IL18BP
52142495	Il18r1	IL18R1
52142496	Il18rap	IL18RAP
52137808	Il1b	IL1B
52142499	Il1r1	IL1R1
52142500	Il1r2	IL1R2
52139733	Il1rap	IL1RAP
52131313	Il1rn	IL1RN
52142502	Il2	IL2
52142503	Il20rb	IL20RB
52131316	Il21r	IL21R
52127195	Il22ra1	IL22RA1
52142505	Il23a	IL23A
52142509	Il27ra	IL27RA
52140249	Il2rb	IL2RB
52131318	Il2rg	IL2RG
52142514	Il33	IL33
52134483	Il34	IL34
52142516	Il3ra	IL3RA
52127941	Il4ra	IL4R
52140248	Il6ra	IL6R
52130736	Il6st	IL6ST
52142520	Il7	IL7
52140252	Il7r	IL7R
52129621	Ildr1	ILDR1
52136824	Ilf2	ILF2
52129390	Ilf3	ILF3
52132257	Ilk	ILK
52138470	Ilkap	ILKAP
52142523	Immp1l	IMMP1L
52137414	Immp2l	IMMP2L
52132472	Immt	IMMT
52138839	Imp3	IMP3
52139320	Imp4	IMP4
52137429	Impa1	IMPA1
52137700	Impa2	IMPA2
52137625	Impact	IMPACT
52131113	Impdh1	IMPDH1
52126491	Impdh2	IMPDH2
52132022	Impg2	IMPG2
52128263	Ina	INA
52142525	Inca1	INCA1
52133506	Incenp	INCENP
52140853	Inf2	INF2
52138085	Ing1	ING1
52129768	Ing2	ING2
52139797	Ing3	ING3
52136754	Ing4	ING4
52132026	Ing5	ING5
52142526	Inhbc	INHBC
52138790	Inip	INIP
52139818	Inmt	INMT
52134509	Ino80	INO80
52138183	Ino80b	INO80B
52130228	Ino80c	INO80C
52134908	Ino80d	INO80D
52134937	Ino80e	INO80E
52134091	Inpp1	INPP1
52132027	Inpp4a	INPP4A
52134465	Inpp4b	INPP4B
52142529	Inpp5a	INPP5A
52134147	Inpp5b	INPP5B
52133686	Inpp5d	INPP5D
52131880	Inpp5e	INPP5E
52131702	Inpp5f	INPP5F
52134856	Inpp5j	INPP5J
52129308	Inpp5k	INPP5K
52129537	Inppl1	INPPL1
52142530	Insc	INSC
52128927	Insig1	INSIG1
52139802	Insig2	INSIG2
52142531	Insl6	INSL6
52129275	Insm1	INSM1
52132042	Insr	INSR
52142533	Insrr	INSRR
52128400	Ints1	INTS1
52129402	Ints10	INTS10
52137200	Ints12	INTS12
52137660	Ints2	INTS2
52135517	Ints3	INTS3
52134926	Ints4	INTS4
52139710	Ints5	INTS5
52127423	Ints6	INTS6
52126999	Ints7	INTS7
52137807	Ints8	INTS8
52131711	Ints9	INTS9
52140613	Intu	INTU
52137166	Invs	INVS
52140581	Ip6k1	IP6K1
52126134	Ip6k2	IP6K2
52138284	Ipcef1	IPCEF1
52132035	Ipmk	IPMK
52139357	Ipo11	IPO11
52132036	Ipo13	IPO13
52134215	Ipo4	IPO4
52142536	Ipo5	IPO5
52128830	Ipo7	IPO7
52133863	Ipo8	IPO8
52137010	Ipo9	IPO9
52132175	Ipp	IPP
52132034	Ippk	IPPK
52132756	Iqcb1	IQCB1
52135683	Iqcc	IQCC
52135337	Iqce	IQCE
52138652	Iqck	IQCK
52131884	Iqgap1	IQGAP1
52129332	Iqgap2	IQGAP2
52140895	Iqgap3	IQGAP3
52135640	Iqsec1	IQSEC1
52132040	Iqsec2	IQSEC2
52140231	Irak1	IRAK1
52137896	Irak1bp1	IRAK1BP1
52142545	Irak2	IRAK2
52135079	Irak3	IRAK3
52138710	Irak4	IRAK4
52131892	Ireb2	IREB2
52132044	Irf1	IRF1
52132045	Irf2	IRF2
52135355	Irf2bp1	IRF2BP1
52130106	Irf2bp2	IRF2BP2
52137041	Irf2bpl	IRF2BPL
52140236	Irf3	IRF3
52132046	Irf4	IRF4
52131926	Irf5	IRF5
52138877	Irf6	IRF6
52137349	Irf7	IRF7
52139441	Irf8	IRF8
52132054	Irf9	IRF9
52142549	Irgq	IRGQ
52128906	Irs1	IRS1
52132050	Irs2	IRS2
52139015	Irx2	IRX2
52130954	Irx3	IRX3
52135237	Isca2	ISCA2
52132053	Iscu	ISCU
52130516	Isg15	ISG15
52140472	Isg20	ISG20
52138510	Isg20l2	ISG20L2
52132055	Isl1	ISL1
52137560	Islr2	ISLR2
52138241	Isoc1	ISOC1
52128768	Ist1	IST1
52142551	Isyna1	ISYNA1
52132059	Itch	ITCH
52142552	Itfg1	ITFG1
52131598	Itfg2	ITFG2
52135515	Itga1	ITGA1
52135394	Itga10	ITGA10
52126828	Itga2	ITGA2
52126825	Itga2b	ITGA2B
52125665	Itga3	ITGA3
52134787	Itga4	ITGA4
52125722	Itga5	ITGA5
52129087	Itga6	ITGA6
52140147	Itga7	ITGA7
52138873	Itga9	ITGA9
52126806	Itgad	ITGAD
52132062	Itgae	ITGAE
52140847	Itgal	ITGAL
52126808	Itgam	ITGAM
52138025	Itgav	ITGAV
52126807	Itgax	ITGAX
52125725	Itgb1	ITGB1
52135525	Itgb1bp1	ITGB1BP1
52131107	Itgb1bp2	ITGB1BP2
52132031	Itgb3	ITGB3
52135068	Itgb3bp	ITGB3BP
52130420	Itgb4	ITGB4
52137215	Itgb5	ITGB5
52132016	Itgb6	ITGB6
52140495	Itgb7	ITGB7
52131492	Itgb8	ITGB8
52132065	Itih3	ITIH3
52135388	Itih5	ITIH5
52128275	Itk	ITK
52142554	Itm2a	ITM2A
52129124	Itm2b	ITM2B
52130104	Itm2c	ITM2C
52134824	Itpa	ITPA
52132067	Itpk1	ITPK1
52142555	Itpka	ITPKA
52134772	Itpkb	ITPKB
52129001	Itpkc	ITPKC
52132068	Itpr1	ITPR1
52135221	Itpr2	ITPR2
52135112	Itpr3	ITPR3
52142556	Itpripl1	ITPRIPL1
52135935	Itsn1	ITSN1
52127487	Itsn2	ITSN2
52133455	Ivd	IVD
52126107	Ivns1abp	IVNS1ABP
52142559	Iws1	IWS1
52134636	Iyd	IYD
52142560	Izumo1	IZUMO1
52142563	Izumo4	IZUMO4
52126248	Jag1	JAG1
52132072	Jag2	JAG2
52136743	Jagn1	JAGN1
52128262	Jak1	JAK1
52132073	Jak2	JAK2
52133529	Jak3	JAK3
52133954	Jakmip1	JAKMIP1
52134942	Jakmip2	JAKMIP2
52132074	Jam3	JAM3
52132075	Jarid2	JARID2
52133644	Jazf1	JAZF1
52130398	Jdp2	JDP2
52138917	Jkamp	JKAMP
52135280	Jmjd1c	JMJD1C
52138272	Jmjd4	JMJD4
52132083	Jmjd6	JMJD6
52137718	Jmjd7	JMJD7
52140722	Jmjd8	JMJD8
52139218	Jmy	JMY
52138239	Josd1	JOSD1
52138746	Josd2	JOSD2
52132087	Jph1	JPH1
52142567	Jph4	JPH4
52142568	Jpx	JPX
52142569	Jrk	JRK
52142570	Jrkl	JRKL
52134171	Jtb	JTB
52127029	Jun	JUN
52132089	Junb	JUNB
52142572	Jund	JUND
52126576	Jup	JUP
52135510	Kalrn	KALRN
52125407	Kank1	KANK1
52133695	Kank2	KANK2
52132619	Kank3	KANK3
52134550	Kansl1	KANSL1
52135889	Kansl1l	KANSL1L
52131076	Kansl2	KANSL2
52128884	Kansl3	KANSL3
52130610	Kat2a	KAT2A
52133010	Kat2b	KAT2B
52131030	Kat5	KAT5
52125775	Kat6a	KAT6A
52131132	Kat6b	KAT6B
52129863	Kat7	KAT7
52132598	Kat8	KAT8
52135101	Katna1	KATNA1
52137526	Katnal1	KATNAL1
52138022	Katnal2	KATNAL2
52137263	Katnb1	KATNB1
52129579	Katnbl1	KATNBL1
52138527	Kazald1	KAZALD1
52128512	Kazn	KAZN
52142576	Kbtbd11	KBTBD11
52132171	Kbtbd12	KBTBD12
52131748	Kbtbd2	KBTBD2
52142577	Kbtbd3	KBTBD3
52138779	Kbtbd4	KBTBD4
52126507	Kbtbd8	KBTBD8
52138989	Kcmf1	KCMF1
52132100	Kcnab1	KCNAB1
52138513	Kcnab2	KCNAB2
52142579	Kcnab3	KCNAB3
52140410	Kcnb1	KCNB1
52132102	Kcnc1	KCNC1
52132187	Kcnc3	KCNC3
52135770	Kcnd1	KCND1
52137186	Kcnd3	KCND3
52142582	Kcne3	KCNE3
52132103	Kcnf1	KCNF1
52140487	Kcng2	KCNG2
52132105	Kcnh1	KCNH1
52132106	Kcnh2	KCNH2
52128141	Kcnh3	KCNH3
52125810	Kcnh6	KCNH6
52132109	Kcnh7	KCNH7
52134208	Kcnh8	KCNH8
52134819	Kcnip2	KCNIP2
52127240	Kcnip3	KCNIP3
52132071	Kcnj13	KCNJ13
52132153	Kcnj14	KCNJ14
52140881	Kcnj15	KCNJ15
52132113	Kcnj16	KCNJ16
52132114	Kcnj2	KCNJ2
52134952	Kcnj3	KCNJ3
52134795	Kcnj5	KCNJ5
52132155	Kcnj8	KCNJ8
52131833	Kcnk1	KCNK1
52132090	Kcnk10	KCNK10
52132115	Kcnk13	KCNK13
52132116	Kcnk2	KCNK2
52142587	Kcnk3	KCNK3
52125343	Kcnk5	KCNK5
52131869	Kcnk6	KCNK6
52140568	Kcnk7	KCNK7
52132117	Kcnma1	KCNMA1
52132119	Kcnmb2	KCNMB2
52142588	Kcnmb4	KCNMB4
52132120	Kcnn1	KCNN1
52135699	Kcnn2	KCNN2
52135905	Kcnn4	KCNN4
52132121	Kcnq1	KCNQ1
52142590	Kcnq4	KCNQ4
52134419	Kcns3	KCNS3
52132123	Kcnt1	KCNT1
52142593	Kcnu1	KCNU1
52133931	Kcnv2	KCNV2
52134175	Kctd1	KCTD1
52136810	Kctd10	KCTD10
52142594	Kctd11	KCTD11
52138206	Kctd13	KCTD13
52134927	Kctd14	KCTD14
52128329	Kctd15	KCTD15
52142595	Kctd18	KCTD18
52138167	Kctd2	KCTD2
52140464	Kctd20	KCTD20
52142597	Kctd21	KCTD21
52142598	Kctd3	KCTD3
52130341	Kctd4	KCTD4
52128881	Kctd5	KCTD5
52132125	Kctd6	KCTD6
52138081	Kctd7	KCTD7
52132126	Kctd9	KCTD9
52142599	Kdelr1	KDELR1
52126564	Kdelr2	KDELR2
52138991	Kdelr3	KDELR3
52125430	Kdm1a	KDM1A
52142600	Kdm1b	KDM1B
52132076	Kdm2a	KDM2A
52129188	Kdm2b	KDM2B
52142601	Kdm3a	KDM3A
52132012	Kdm3b	KDM3B
52132078	Kdm4a	KDM4A
52132079	Kdm4b	KDM4B
52132080	Kdm4c	KDM4C
52140874	Kdm5a	KDM5A
52126260	Kdm5b	KDM5B
52131963	Kdm5c	KDM5C
52142603	Kdm5d	KDM5D
52136475	Kdm6a	KDM6A
52132081	Kdm6b	KDM6B
52132082	Kdm8	KDM8
52125060	Kdsr	KDSR
52132130	Keap1	KEAP1
52128417	Khdrbs1	KHDRBS1
52138221	Khdrbs2	KHDRBS2
52136377	Khdrbs3	KHDRBS3
52137302	Khk	KHK
52133973	Khnyn	KHNYN
52129261	Khsrp	KHSRP
52142610	D5Ertd579e	KIAA0232
52133518	D130043K22Rik	KIAA0319
52134183	AU040320	KIAA0319L
52137289	6430548M08Rik	KIAA0513
52132137	2700049A03Rik	KIAA0586
52132139	4933427D14Rik	KIAA0753
52130620	2210408I21Rik	KIAA0825
52134900	5031439G07Rik	KIAA0930
52128424	1110059G10Rik	KIAA1143
52133521	4833439L19Rik	KIAA1191
52129075	Etl4	KIAA1217
52129923	AW554918	KIAA1328
52139945	D630045J12Rik	KIAA1549
52131841	2900026A02Rik	KIAA1671
52126631	D630003M21Rik	KIAA1755
52142613	E130308A19Rik	KIAA1958
52140346	2510039O18Rik	KIAA2013
52130110	Kidins220	KIDINS220
52142615	Kif11	KIF11
52142616	Kif12	KIF12
52140411	Kif13a	KIF13A
52131676	Kif13b	KIF13B
52135580	Kif14	KIF14
52132181	Kif15	KIF15
52135318	Kif16b	KIF16B
52140314	Kif17	KIF17
52138751	Kif18a	KIF18A
52142617	Kif18b	KIF18B
52140266	Kif19a	KIF19
52135474	Kif1a	KIF1A
52136462	Kif1b	KIF1B
52140921	Kif1c	KIF1C
52137223	Kif20a	KIF20A
52126177	Kif20b	KIF20B
52133766	Kif21a	KIF21A
52139588	Kif21b	KIF21B
52138538	Kif22	KIF22
52126539	Kif23	KIF23
52142618	Kif24	KIF24
52132146	Kif26b	KIF26B
52142619	Kif27	KIF27
52130197	Kif2a	KIF2A
52134711	Kif2c	KIF2C
52129525	Kif3a	KIF3A
52138483	Kif3b	KIF3B
52132147	Kif3c	KIF3C
52134076	Kif5b	KIF5B
52134065	Kif5c	KIF5C
52127143	Kif7	KIF7
52142621	Kif9	KIF9
52129185	Kifap3	KIFAP3
52139609	Kifc2	KIFC2
52129498	Kifc3	KIFC3
52129489	Kin	KIN
52142624	Kirrel2	KIRREL2
52132647	Kirrel3	KIRREL3
52127036	Kit	KIT
52132160	Kitl	KITLG
52140566	Kl	KL
52140612	Klb	KLB
52139066	Klc1	KLC1
52129297	Klc2	KLC2
52137316	Klc3	KLC3
52132161	Klc4	KLC4
52132169	Klf1	KLF1
52129362	Klf10	KLF10
52132162	Klf11	KLF11
52128695	Klf12	KLF12
52132164	Klf13	KLF13
52130116	Klf15	KLF15
52142626	Klf16	KLF16
52126152	Klf2	KLF2
52132163	Klf3	KLF3
52132166	Klf4	KLF4
52132167	Klf5	KLF5
52126450	Klf6	KLF6
52132168	Klf7	KLF7
52125839	Klf9	KLF9
52142627	Klhdc1	KLHDC1
52138720	Klhdc10	KLHDC10
52138437	Klhdc2	KLHDC2
52139278	Klhdc3	KLHDC3
52129156	Klhdc4	KLHDC4
52142628	Klhdc7a	KLHDC7A
52140710	Klhdc8a	KLHDC8A
52134988	Klhdc8b	KLHDC8B
52142630	Klhdc9	KLHDC9
52132172	Klhl10	KLHL10
52137126	Klhl11	KLHL11
52137238	Klhl12	KLHL12
52136989	Klhl13	KLHL13
52135899	Klhl14	KLHL14
52136695	Klhl15	KLHL15
52135799	Klhl17	KLHL17
52137201	Klhl18	KLHL18
52134644	Klhl2	KLHL2
52129417	Klhl20	KLHL20
52139165	Klhl21	KLHL21
52133796	Klhl22	KLHL22
52135831	Klhl23	KLHL23
52132173	Klhl24	KLHL24
52132174	Klhl25	KLHL25
52134545	Klhl26	KLHL26
52142632	Klhl28	KLHL28
52140658	Klhl3	KLHL3
52132093	Klhl31	KLHL31
52138395	Klhl32	KLHL32
52134846	Klhl35	KLHL35
52137721	Klhl36	KLHL36
52126440	Klhl41	KLHL41
52132170	Klhl42	KLHL42
52140291	Klhl5	KLHL5
52142636	Klhl6	KLHL6
52133816	Klhl7	KLHL7
52138319	Klhl8	KLHL8
52142637	Klhl9	KLHL9
52142662	Klk8	KLK8
52142664	Klkb1	KLKB1
52142674	Klrd1	KLRD1
52126340	Kmo	KMO
52131792	Kmt2a	KMT2A
52132500	Kmt2b	KMT2B
52132499	Kmt2c	KMT2C
52131956	Kmt2d	KMT2D
52132501	Kmt2e	KMT2E
52134269	Knop1	KNOP1
52138680	Knstrn	KNSTRN
52131487	Kntc1	KNTC1
52134096	Kpna1	KPNA1
52130935	Kpna2	KPNA2
52135947	Kpna3	KPNA3
52136691	Kpna4	KPNA4
52139606	Kpna6	KPNA6
52142679	Kpnb1	KPNB1
52136987	Kptn	KPTN
52142684	Kras	KRAS
52142685	Krcc1	KRCC1
52132184	Kremen1	KREMEN1
52142686	Kremen2	KREMEN2
52130439	Kri1	KRI1
52126780	Krit1	KRIT1
52138035	Krr1	KRR1
52142687	Krt10	KRT10
52126144	Krt13	KRT13
52126141	Krt14	KRT14
52126140	Krt15	KRT15
52126586	Krt18	KRT18
52126146	Krt19	KRT19
52142688	Krt20	KRT20
52142689	Krt23	KRT23
52142699	Krt36	KRT36
52126204	Krt4	KRT4
52126206	Krt7	KRT7
52126212	Krt8	KRT8
52130073	Krt86	KRT86
52138166	Krtcap2	KRTCAP2
52142801	Krtcap3	KRTCAP3
52133696	Ksr1	KSR1
52130173	Ksr2	KSR2
52126230	Ktn1	KTN1
52139350	Kxd1	KXD1
52134188	Ky	KY
52134919	Kynu	KYNU
52132190	L1cam	L1CAM
52134728	L2hgdh	L2HGDH
52142804	L3hypdh	L3HYPDH
52134581	L3mbtl1	L3MBTL1
52131546	L3mbtl2	L3MBTL2
52126908	L3mbtl3	L3MBTL3
52134161	Lacc1	LACC1
52137741	Lactb	LACTB
52139176	Lactb2	LACTB2
52135940	Lad1	LAD1
52142805	Lag3	LAG3
52142806	Lage3	LAGE3
52135038	Lama3	LAMA3
52133703	Lama4	LAMA4
52126368	Lama5	LAMA5
52135560	Lamb2	LAMB2
52133752	Lamb3	LAMB3
52133690	Lamc1	LAMC1
52133513	Lamc2	LAMC2
52128454	Lamp1	LAMP1
52133463	Lamp2	LAMP2
52135577	Lamp3	LAMP3
52140816	Lamtor1	LAMTOR1
52137399	Lamtor2	LAMTOR2
52132368	Lamtor3	LAMTOR3
52130055	Lamtor4	LAMTOR4
52130864	Lamtor5	LAMTOR5
52139923	Lancl1	LANCL1
52138323	Lancl2	LANCL2
52142808	Lancl3	LANCL3
52131839	Lap3	LAP3
52136869	Laptm4a	LAPTM4A
52129743	Laptm4b	LAPTM4B
52142809	Laptm5	LAPTM5
52136954	Larp1	LARP1
52132196	Larp4	LARP4
52138265	Larp4b	LARP4B
52138491	Lars2	LARS2
52135532	Las1l	LAS1L
52129112	Lasp1	LASP1
52140919	Lat	LAT
52142811	Lat2	LAT2
52135163	Lats1	LATS1
52134145	Lats2	LATS2
52142812	Lax1	LAX1
52135523	Layn	LAYN
52139073	Lbh	LBH
52142814	Lbp	LBP
52133453	Lbr	LBR
52129376	Lbx2	LBX2
52135406	Lca5	LCA5
52142815	Lca5l	LCA5L
52138058	Lck	LCK
52132313	Lclat1	LCLAT1
52137472	Lcmt1	LCMT1
52142837	Lcmt2	LCMT2
52131998	Lcn2	LCN2
52129634	Lcor	LCOR
52129969	Lcorl	LCORL
52126250	Lcp1	LCP1
52132207	Lcp2	LCP2
52135733	Lct	LCT
52137474	Lctl	LCTL
52132208	Ldb1	LDB1
52127372	Ldb3	LDB3
52132210	Ldha	LDHA
52132213	Ldhb	LDHB
52132212	Ldhc	LDHC
52137226	Ldhd	LDHD
52132214	Ldlr	LDLR
52142845	Ldlrad1	LDLRAD1
52129029	Ldlrad3	LDLRAD3
52130566	Ldlrad4	LDLRAD4
52133460	Ldlrap1	LDLRAP1
52138667	Leap2	LEAP2
52128287	Lef1	LEF1
52125425	Lefty1	LEFTY1
52139671	Lekr1	LEKR1
52142848	Lemd2	LEMD2
52131969	Lemd3	LEMD3
52139414	Leng1	LENG1
52138318	Leng8	LENG8
52129891	Leng9	LENG9
52139217	Leo1	LEO1
52137891	Leprot	LEPROT
52139911	Leprotl1	LEPROTL1
52129406	Letm1	LETM1
52132223	Letm2	LETM2
52138656	Letmd1	LETMD1
52131087	Lfng	LFNG
52127935	Lgals1	LGALS1
52142849	Lgals12	LGALS12
52127936	Lgals2	LGALS2
52127937	Lgals3	LGALS3
52132225	Lgals3bp	LGALS3BP
52132226	Lgals8	LGALS8
52129071	Lgi4	LGI4
52125268	Lgmn	LGMN
52140623	Lgr4	LGR4
52142852	Lgr5	LGR5
52132231	Lhfpl2	LHFPL2
52132232	Lhfpl4	LHFPL4
52138509	Lhpp	LHPP
52132236	Lhx1	LHX1
52132238	Lhx5	LHX5
52139042	Lias	LIAS
52142858	Lif	LIF
52135036	Lifr	LIFR
52135855	Lig1	LIG1
52131604	Lig3	LIG3
52138496	Lig4	LIG4
52126081	Lima1	LIMA1
52129433	Limch1	LIMCH1
52132008	Limd1	LIMD1
52140715	Limd2	LIMD2
52134386	Lime1	LIME1
52132240	Limk1	LIMK1
52136721	Limk2	LIMK2
52133088	Lims1	LIMS1
52128499	Lin37	LIN37
52131988	Lin52	LIN52
52132242	Lin54	LIN54
52139100	Lin7a	LIN7A
52130137	Lin7b	LIN7B
52129037	Lin7c	LIN7C
52135288	Lin9	LIN9
52142865	9030622O22Rik	LINC00261
52142867	AI480526	LINC01089
52132244	Lingo1	LINGO1
52129024	Lipa	LIPA
52132247	Lipc	LIPC
52131020	Lipe	LIPE
52138694	Lipg	LIPG
52128722	Liph	LIPH
52129996	Lipt1	LIPT1
52138086	Lipt2	LIPT2
52128738	Litaf	LITAF
52134468	Lix1	LIX1
52134357	Lix1l	LIX1L
52138179	Llgl1	LLGL1
52126441	Llgl2	LLGL2
52128500	Llph	LLPH
52129515	Lman1	LMAN1
52136768	Lman2	LMAN2
52131446	Lman2l	LMAN2L
52131937	Lmbr1	LMBR1
52126470	Lmbr1l	LMBR1L
52129244	Lmbrd1	LMBRD1
52130411	Lmbrd2	LMBRD2
52138842	Lmcd1	LMCD1
52140747	Lmf1	LMF1
52131829	Lmf2	LMF2
52132032	Lmln	LMLN
52126651	Lmna	LMNA
52129232	Lmnb1	LMNB1
52129299	Lmnb2	LMNB2
52126443	Lmo1	LMO1
52136382	Lmo2	LMO2
52132254	Lmo3	LMO3
52129466	Lmo4	LMO4
52129211	Lmo7	LMO7
52142882	Lmtk2	LMTK2
52135590	Lmtk3	LMTK3
52134564	Lmx1a	LMX1A
52125351	Lmx1b	LMX1B
52142884	Lnpep	LNPEP
52130269	Lnx1	LNX1
52131101	Lnx2	LNX2
52142885	Lonp1	LONP1
52137061	Lonp2	LONP2
52132272	Lonrf1	LONRF1
52142886	Lonrf3	LONRF3
52130223	Loxl3	LOXL3
52128079	Lpar1	LPAR1
52137461	Lpar2	LPAR2
52140657	Lpar3	LPAR3
52132276	Lpar5	LPAR5
52132277	Lpar6	LPAR6
52125642	Lpcat1	LPCAT1
52137854	Lpcat2	LPCAT2
52131725	Lpcat3	LPCAT3
52136749	Lpcat4	LPCAT4
52129340	Lpgat1	LPGAT1
52132281	Lpin1	LPIN1
52132248	Lpin2	LPIN2
52140009	Lpin3	LPIN3
52128969	Lpl	LPL
52129378	Lpp	LPP
52135961	Lpxn	LPXN
52130303	Lrat	LRAT
52131578	Lrba	LRBA
52129083	Lrch1	LRCH1
52138554	Lrch3	LRCH3
52135890	Lrch4	LRCH4
52132386	Lrfn1	LRFN1
52139677	Lrfn3	LRFN3
52134528	Lrfn4	LRFN4
52134578	Lrif1	LRIF1
52126676	Lrig1	LRIG1
52131608	Lrig2	LRIG2
52139655	Lrig3	LRIG3
52130394	Lrp1	LRP1
52140852	Lrp10	LRP10
52135164	Lrp11	LRP11
52134331	Lrp12	LRP12
52138504	Lrp2bp	LRP2BP
52138677	Lrp3	LRP3
52128163	Lrp4	LRP4
52132292	Lrp5	LRP5
52140408	Lrp6	LRP6
52125458	Lrp8	LRP8
52137206	Lrpap1	LRPAP1
52129278	Lrpprc	LRPPRC
52139202	Lrr1	LRR1
52137482	Lrrc1	LRRC1
52142890	Lrrc14	LRRC14
52142891	Lrrc17	LRRC17
52142892	Lrrc19	LRRC19
52134751	Lrrc2	LRRC2
52137632	Lrrc20	LRRC20
52134385	Lrrc24	LRRC24
52142893	Lrrc25	LRRC25
52142894	Lrrc26	LRRC26
52142895	Lrrc27	LRRC27
52137325	Lrrc28	LRRC28
52133582	Lrrc3	LRRC3
52135887	Lrrc31	LRRC31
52132591	Lrrc39	LRRC39
52138426	Lrrc3b	LRRC3B
52130156	Lrrc4	LRRC4
52129925	Lrrc40	LRRC40
52133792	Lrrc41	LRRC41
52137159	Lrrc42	LRRC42
52142902	Lrrc45	LRRC45
52142903	Lrrc46	LRRC46
52129797	Lrrc47	LRRC47
52142904	Lrrc49	LRRC49
52133832	Lrrc56	LRRC56
52139434	Lrrc57	LRRC57
52131630	Lrrc58	LRRC58
52139280	Lrrc59	LRRC59
52135245	Lrrc61	LRRC61
52142907	Lrrc66	LRRC66
52139658	Lrrc7	LRRC7
52130626	Lrrc73	LRRC73
52132298	Lrrc8a	LRRC8A
52142910	Lrrc8b	LRRC8B
52129356	Lrrc8c	LRRC8C
52131635	Lrrc8d	LRRC8D
52140666	Lrrc8e	LRRC8E
52131714	Lrrcc1	LRRCC1
52142911	Lrrd1	LRRD1
52130948	Lrrfip1	LRRFIP1
52134160	Lrrfip2	LRRFIP2
52142912	Lrriq3	LRRIQ3
52139669	Lrrk1	LRRK1
52140237	Lrrn1	LRRN1
52135458	Lrrn2	LRRN2
52132300	Lrrn3	LRRN3
52142914	Lrrn4	LRRN4
52142916	Lrrtm2	LRRTM2
52142917	Lrrtm3	LRRTM3
52134348	Lrsam1	LRSAM1
52142919	Lrtm1	LRTM1
52135473	Lrwd1	LRWD1
52129176	Lsg1	LSG1
52137481	Lsm1	LSM1
52140382	Lsm10	LSM10
52131820	Lsm11	LSM11
52132303	Lsm12	LSM12
52128638	Lsm14a	LSM14A
52138722	Lsm14b	LSM14B
52137169	Lsm2	LSM2
52140904	Lsm3	LSM3
52139096	Lsm4	LSM4
52138559	Lsm5	LSM5
52139474	Lsm6	LSM6
52130243	Lsm7	LSM7
52132304	Lsp1	LSP1
52132305	Lsr	LSR
52139948	Lss	LSS
52142923	Lst1	LST1
52132306	Lta	LTA
52139285	Lta4h	LTA4H
52142924	Ltb	LTB
52125771	Ltb4r1	LTB4R
52142925	Ltbp2	LTBP2
52134522	Ltbp3	LTBP3
52142926	Ltbp4	LTBP4
52142927	Ltbr	LTBR
52135565	Ltc4s	LTC4S
52142928	Ltf	LTF
52133683	Ltk	LTK
52135151	Ltn1	LTN1
52125935	Ltv1	LTV1
52136854	Luc7l	LUC7L
52140144	Luc7l2	LUC7L2
52138034	Luc7l3	LUC7L3
52138558	Lurap1	LURAP1
52142929	Lurap1l	LURAP1L
52130396	Luzp1	LUZP1
52133301	Lxn	LXN
52142932	Ly6e	LY6E
52142933	Ly6g5b	LY6G5B
52142935	Ly6g6c	LY6G6C
52142938	Ly6g6f	LY6G6F
52132398	Ly86	LY86
52142942	Ly9	LY9
52142943	Ly96	LY96
52139002	Lyar	LYAR
52140405	Lyl1	LYL1
52139411	Lyn	LYN
52142945	Lypd1	LYPD1
52142947	Lypd3	LYPD3
52137559	Lypd6	LYPD6
52137715	Lypla1	LYPLA1
52139123	Lypla2	LYPLA2
52135509	Lyplal1	LYPLAL1
52137268	Lyrm1	LYRM1
52131468	Lyrm2	LYRM2
52132316	Lyrm4	LYRM4
52138498	Lyrm7	LYRM7
52138629	Lyrm9	LYRM9
52138170	Lysmd1	LYSMD1
52139370	Lysmd2	LYSMD2
52126411	Lysmd3	LYSMD3
52134964	Lysmd4	LYSMD4
52134671	Lyst	LYST
52130288	Lyve1	LYVE1
52139463	Lzic	LZIC
52128923	Lztfl1	LZTFL1
52130299	Lztr1	LZTR1
52135660	Lzts1	LZTS1
52130305	Lzts2	LZTS2
52133206	Lzts3	LZTS3
52138398	M1ap	M1AP
52126866	M6pr	M6PR
52140418	Macc1	MACC1
52125175	Macf1	MACF1
52139468	Macrod1	MACROD1
52139030	Macrod2	MACROD2
52138850	Mad1l1	MAD1L1
52126371	Mad2l1	MAD2L1
52140907	Mad2l1bp	MAD2L1BP
52135399	Mad2l2	MAD2L2
52130182	Madd	MADD
52136780	Maea	MAEA
52127074	Maf	MAF
52132332	Maf1	MAF1
52132183	Mafb	MAFB
52138943	Maff	MAFF
52132334	Mafg	MAFG
52139901	Mafk	MAFK
52135949	Mag	MAG
52132336	Maged1	MAGED1
52132340	Maged2	MAGED2
52132338	Magee1	MAGEE1
52142976	Mageh1	MAGEH1
52125675	Magi1	MAGI1
52132343	Magi3	MAGI3
52132344	Magoh	MAGOH
52132345	Magohb	MAGOHB
52129481	Magt1	MAGT1
52127004	Mak16	MAK16
52131678	Mal	MAL
52134765	Mal2	MAL2
52142978	Malat1	MALAT1
52142979	Mall	MALL
52129775	Malsu1	MALSU1
52132350	Malt1	MALT1
52132352	Mamdc4	MAMDC4
52140504	Maml1	MAML1
52132353	Maml2	MAML2
52135490	Maml3	MAML3
52142980	Mamld1	MAMLD1
52142982	Man1a	MAN1A1
52130063	Man1a2	MAN1A2
52132355	Man1b1	MAN1B1
52142983	Man1c1	MAN1C1
52133939	Man2a1	MAN2A1
52140585	Man2a2	MAN2A2
52137794	Man2b1	MAN2B1
52139716	Man2b2	MAN2B2
52140535	Man2c1	MAN2C1
52138703	Manba	MANBA
52140906	Manbal	MANBAL
52129915	Manea	MANEA
52134669	Maneal	MANEAL
52131464	Manf	MANF
52138335	Mansc1	MANSC1
52136918	Maoa	MAOA
52136919	Maob	MAOB
52133772	Map10	MAP10
52131867	Map1a	MAP1A
52139616	Map1b	MAP1B
52139182	Map1lc3a	MAP1LC3A
52129549	Map1s	MAP1S
52137576	Map2	MAP2
52132406	Map2k1	MAP2K1
52128452	Map2k2	MAP2K2
52142985	Map2k3	MAP2K3
52132361	Map2k4	MAP2K4
52129021	Map2k5	MAP2K5
52132360	Map2k6	MAP2K6
52132494	Map2k7	MAP2K7
52135993	Map3k1	MAP3K1
52134474	Map3k10	MAP3K10
52142986	Map3k11	MAP3K11
52139215	Map3k12	MAP3K12
52134683	Map3k13	MAP3K13
52135465	Map3k14	MAP3K14
52134986	Map3k15	MAP3K15
52135562	Map3k2	MAP3K2
52140213	Map3k3	MAP3K3
52125557	Map3k5	MAP3K5
52142987	Map3k6	MAP3K6
52134423	Map3k7	MAP3K7
52140457	Map3k8	MAP3K8
52140353	Map3k9	MAP3K9
52142988	Map4	MAP4
52140933	Map4k1	MAP4K1
52132365	Map4k2	MAP4K2
52131985	Map4k3	MAP4K3
52128341	Map4k4	MAP4K4
52130428	Map4k5	MAP4K5
52131522	Map6	MAP6
52131730	Map7	MAP7
52134342	Map7d1	MAP7D1
52125090	Map9	MAP9
52128203	Mapk1	MAPK1
52139334	Mapk11	MAPK11
52128207	Mapk12	MAPK12
52131533	Mapk13	MAPK13
52128237	Mapk14	MAPK14
52128208	Mapk15	MAPK15
52128202	Mapk3	MAPK3
52128205	Mapk4	MAPK4
52128204	Mapk6	MAPK6
52128206	Mapk7	MAPK7
52132084	Mapk8	MAPK8
52132367	Mapk8ip1	MAPK8IP1
52135160	Mapk8ip2	MAPK8IP2
52132077	Mapk8ip3	MAPK8IP3
52132085	Mapk9	MAPK9
52131689	Mapkap1	MAPKAP1
52125701	Mapkapk2	MAPKAPK2
52138329	Mapkapk3	MAPKAPK3
52139427	Mapkapk5	MAPKAPK5
52135769	Mapkbp1	MAPKBP1
52132369	Mapre1	MAPRE1
52138544	Mapre2	MAPRE2
52130108	Mapre3	MAPRE3
52140338	Mapt	MAPT
52129422	Marcks	MARCKS
52126466	Marcksl1	MARCKSL1
52142993	Marf1	MARF1
52140169	Mark1	MARK1
52129576	Mark2	MARK2
52129957	Mark3	MARK3
52132379	Mark4	MARK4
52131516	Marveld1	MARVELD1
52131540	Marveld2	MARVELD2
52139091	Marveld3	MARVELD3
52133552	Masp2	MASP2
52131106	Mast1	MAST1
52131834	Mast2	MAST2
52131475	Mast3	MAST3
52142995	Mast4	MAST4
52131810	Mastl	MASTL
52129656	Mat2a	MAT2A
52129520	Mat2b	MAT2B
52134714	Matk	MATK
52142997	Matn2	MATN2
52131555	Matn4	MATN4
52142998	Matr3	MATR3
52133578	Mau2	MAU2
52137259	Mavs	MAVS
52128468	Max	MAX
52134127	Maz	MAZ
52139008	Mb	MB
52132385	Mb21d2	MB21D2
52129442	Mbd1	MBD1
52136722	Mbd2	MBD2
52126335	Mbd3	MBD3
52139803	Mbd4	MBD4
52138349	Mbd5	MBD5
52139937	Mbd6	MBD6
52128301	Mbip	MBIP
52140635	Mblac1	MBLAC1
52135066	Mblac2	MBLAC2
52138268	Mbnl1	MBNL1
52130304	Mbnl2	MBNL2
52140331	Mbnl3	MBNL3
52129266	Mboat1	MBOAT1
52132387	Mboat2	MBOAT2
52130726	Mboat4	MBOAT4
52132218	Mboat7	MBOAT7
52126268	Mbp	MBP
52131989	Mbtd1	MBTD1
52130735	Mbtps1	MBTPS1
52129008	Mbtps2	MBTPS2
52139771	Mc1r	MC1R
52126809	Mcam	MCAM
52143000	Mcat	MCAT
52140859	Mcc	MCC
52135576	Mccc1	MCCC1
52135639	Mccc2	MCCC2
52137874	Mcee	MCEE
52132389	Mcf2l	MCF2L
52130945	Mcfd2	MCFD2
52130760	Mchr1	MCHR1
52128992	Mcl1	MCL1
52134335	Mcm10	MCM10
52143002	Mcm2	MCM2
52128156	Mcm3	MCM3
52139908	Mcm3ap	MCM3AP
52126090	Mcm4	MCM4
52132391	Mcm5	MCM5
52126577	Mcm6	MCM6
52126995	Mcm7	MCM7
52140729	Mcm8	MCM8
52132392	Mcm9	MCM9
52125863	Mcmbp	MCMBP
52139767	Mcmdc2	MCMDC2
52132393	Mcoln1	MCOLN1
52138690	Mcoln2	MCOLN2
52131952	Mcoln3	MCOLN3
52138036	Mcph1	MCPH1
52137313	Mcrs1	MCRS1
52135852	Mctp1	MCTP1
52131743	Mctp2	MCTP2
52138787	Mcts1	MCTS1
52126713	Mcu	MCU
52132397	Mcur1	MCUR1
52132013	Mdc1	MDC1
52131957	Mdfi	MDFI
52134585	Mdfic	MDFIC
52143004	Mdga1	MDGA1
52130014	Mdh1	MDH1
52137284	Mdh2	MDH2
52126439	Mdk	MDK
52128271	Mdm2	MDM2
52136647	Mdm4	MDM4
52135820	Mdn1	MDN1
52135849	Mdp1	MDP1
52138138	Me1	ME1
52137433	Me2	ME2
52131863	Me3	ME3
52133868	Mea1	MEA1
52130239	Meaf6	MEAF6
52128309	Mecom	MECOM
52137345	Mecp2	MECP2
52137689	Mecr	MECR
52134845	Med1	MED1
52133125	Med10	MED10
52140434	Med11	MED11
52132132	Med12	MED12
52132131	Med12l	MED12L
52129459	Med13	MED13
52143005	Med13l	MED13L
52127218	Med14	MED14
52129993	Med15	MED15
52129352	Med16	MED16
52127221	Med17	MED17
52138942	Med18	MED18
52132203	Med19	MED19
52136341	Med20	MED20
52130348	Med21	MED21
52136117	Med22	MED22
52127219	Med23	MED23
52127217	Med24	MED24
52138890	Med25	MED25
52137155	Med26	MED26
52127220	Med27	MED27
52137083	Med28	MED28
52126970	Med29	MED29
52136274	Med30	MED30
52128348	Med31	MED31
52137769	Med4	MED4
52128405	Med6	MED6
52127222	Med7	MED7
52139160	Med8	MED8
52134783	Med9	MED9
52128259	Mef2a	MEF2A
52130981	Mef2c	MEF2C
52128260	Mef2d	MEF2D
52143007	Meg3	MEG3
52135409	Megf11	MEGF11
52132404	Megf6	MEGF6
52129057	Megf8	MEGF8
52140075	Megf9	MEGF9
52143009	Mei1	MEI1
52126237	Meis1	MEIS1
52128437	Meis2	MEIS2
52128997	Melk	MELK
52129831	Memo1	MEMO1
52132412	Men1	MEN1
52132414	Mep1a	MEP1A
52129873	Mep1b	MEP1B
52125709	Mepce	MEPCE
52132416	Mertk	MERTK
52132419	Mesp1	MESP1
52132420	Mesp2	MESP2
52127076	Met	MET
52129594	Metap1	METAP1
52132359	Metap1d	METAP1D
52132422	Metap2	METAP2
52132573	Metrn	METRN
52129611	Metrnl	METRNL
52137620	Mettl1	METTL1
52135229	Mettl13	METTL13
52139205	Mettl14	METTL14
52129842	Mettl16	METTL16
52132423	Mettl17	METTL17
52135097	Mettl18	METTL18
52137749	Mettl21a	METTL21A
52138637	Mettl22	METTL22
52131289	Mettl23	METTL23
52134072	Mettl24	METTL24
52135334	Mettl25	METTL25
52130283	Mettl3	METTL3
52143014	Mettl4	METTL4
52131559	Mettl5	METTL5
52138775	Mettl6	METTL6
52137594	Mettl8	METTL8
52131104	Mettl9	METTL9
52140783	Mex3a	MEX3A
52129282	Mex3b	MEX3B
52143015	Mex3c	MEX3C
52143016	Mex3d	MEX3D
52143017	Mfap3	MFAP3
52140651	Mfap3l	MFAP3L
52131334	Mff	MFF
52131361	Mfge8	MFGE8
52131915	Mfhas1	MFHAS1
52132435	Mfn1	MFN1
52132467	Mfn2	MFN2
52138054	Mfng	MFNG
52132438	Mfsd1	MFSD1
52137939	Mfsd11	MFSD11
52129716	Mfsd12	MFSD12
52132439	Mfsd2a	MFSD2A
52135816	Mfsd2b	MFSD2B
52130442	Mfsd6	MFSD6
52137460	Mfsd6l	MFSD6L
52131617	Mfsd8	MFSD8
52131564	Mga	MGA
52129707	Mgam	MGAM
52134035	Mgat1	MGAT1
52138425	Mgat2	MGAT2
52132455	Mgat3	MGAT3
52133903	Mgat4a	MGAT4A
52137014	Mgat4b	MGAT4B
52129033	Mgat4c	MGAT4C
52132456	Mgat5	MGAT5
52126637	Mgll	MGLL
52131907	Mgme1	MGME1
52140704	Mgmt	MGMT
52132468	Mgrn1	MGRN1
52132469	Mgst1	MGST1
52138045	Mgst2	MGST2
52132470	Mgst3	MGST3
52138635	Mia	MIA
52132471	Mia3	MIA3
52143021	Miat	MIAT
52126900	Mib1	MIB1
52139997	Mib2	MIB2
52138557	Mical1	MICAL1
52133497	Mical2	MICAL2
52132474	Micall1	MICALL1
52129685	Micall2	MICALL2
52138400	Micu1	MICU1
52128098	Micu2	MICU2
52128099	Micu3	MICU3
52133757	Mid1	MID1
52128248	Mid1ip1	MID1IP1
52136344	Mid2	MID2
52129241	Midn	MIDN
52131935	Mief1	MIEF1
52131813	Mief2	MIEF2
52126523	Mien1	MIEN1
52129902	Mier1	MIER1
52132475	Mier3	MIER3
52140309	Mif	MIF
52136043	Mif4gd	MIF4GD
52140809	Miip	MIIP
52143022	Milr1	MILR1
52132550	Mink1	MINK1
52132479	Minpp1	MINPP1
52138749	Mios	MIOS
52131403	Mipep	MIPEP
52143024	Mipol1	MIPOL1
52138973	Mis12	MIS12
52135188	Mis18a	MIS18A
52130437	Mis18bp1	MIS18BP1
52134582	Misp	MISP
52138772	Mitd1	MITD1
52132491	Mitf	MITF
52126298	Mki67	MKI67
52125704	Mkks	MKKS
52129543	Mkln1	MKLN1
52138553	Mknk1	MKNK1
52129931	Mknk2	MKNK2
52131029	Mkrn2	MKRN2
52130426	Mkrn3	MKRN3
52129519	Mks1	MKS1
52132051	Mkx	MKX
52140918	Mlana	MLANA
52135008	Mlec	MLEC
52131872	Mlf1	MLF1
52130129	Mlf2	MLF2
52139067	Mlh1	MLH1
52131876	Mlh3	MLH3
52131849	Mlip	MLIP
52143357	Mlkl	MLKL
52132502	Mllt1	MLLT1
52131134	Mllt10	MLLT10
52129366	Mllt11	MLLT11
52129440	Mllt3	MLLT3
52143358	Mllt6	MLLT6
52132504	Mlph	MLPH
52129947	Mlst8	MLST8
52131739	Mlx	MLX
52126950	Mlxip	MLXIP
52126949	Mlxipl	MLXIPL
52138468	Mlycd	MLYCD
52138528	Mmaa	MMAA
52135193	Mmab	MMAB
52129393	Mmachc	MMACHC
52132505	Mmadhc	MMADHC
52132987	Mmd	MMD
52132506	Mmd2	MMD2
52143359	Mme	MME
52140538	Mmel1	MMEL1
52136315	Mmgt1	MMGT1
52140206	Mmp11	MMP11
52143363	Mmp12	MMP12
52126357	Mmp14	MMP14
52137100	Mmp15	MMP15
52134575	Mmp16	MMP16
52132507	Mmp17	MMP17
52139673	Mmp19	MMP19
52132509	Mmp20	MMP20
52130295	Mmp23	MMP23B
52134484	Mmp24	MMP24
52133799	Mmp28	MMP28
52132508	Mmp7	MMP7
52128153	Mmrn2	MMRN2
52140676	Mms19	MMS19
52129531	Mms22l	MMS22L
52129777	Mn1	MN1
52137497	Mnat1	MNAT1
52137451	Mnd1	MND1
52133459	Mns1	MNS1
52132512	Mnt	MNT
52130861	Mnx1	MNX1
52132384	Mob1a	MOB1A
52126434	Mob1b	MOB1B
52138074	Mob2	MOB2
52129567	Mob3a	MOB3A
52143373	Mob3b	MOB3B
52132514	Mob3c	MOB3C
52132515	Mob4	MOB4
52131684	Mocos	MOCOS
52140787	Mocs1	MOCS1
52133830	Mocs2	MOCS2
52138724	Mocs3	MOCS3
52132453	Mogat1	MOGAT1
52132002	Mogs	MOGS
52138452	Mon1a	MON1A
52129513	Mon1b	MON1B
52129309	Mon2	MON2
52143377	Morc1	MORC1
52129017	Morc3	MORC3
52143378	Morc4	MORC4
52143379	Morf4l1	MORF4L1
52143380	Morf4l2	MORF4L2
52143381	Morn1	MORN1
52138134	Morn2	MORN2
52137932	Morn4	MORN4
52137016	Mospd1	MOSPD1
52137034	Mospd2	MOSPD2
52143382	Mospd3	MOSPD3
52128519	Mov10	MOV10
52130246	Moxd1	MOXD1
52139528	Mpc1	MPC1
52125824	Mpc2	MPC2
52128778	Mpdu1	MPDU1
52138469	Mpg	MPG
52129172	Mphosph10	MPHOSPH10
52137437	Mphosph6	MPHOSPH6
52129432	Mphosph8	MPHOSPH8
52143384	Mphosph9	MPHOSPH9
52131626	Mpi	MPI
52130198	Mpnd	MPND
52126678	Mpp1	MPP1
52132522	Mpp2	MPP2
52132523	Mpp3	MPP3
52134869	Mpp4	MPP4
52127497	Mpp7	MPP7
52137857	Mppe1	MPPE1
52125827	Mpped2	MPPED2
52131911	Mprip	MPRIP
52125043	Mpst	MPST
52133381	Mpv17	MPV17
52137584	Mpv17l2	MPV17L2
52132938	Mpz	MPZ
52143387	Mpzl1	MPZL1
52126590	Mpzl2	MPZL2
52130937	Mpzl3	MPZL3
52132269	Mr1	MR1
52132533	Mras	MRAS
52131338	Mrc1	MRC1
52129436	Mre11a	MRE11
52137334	Mreg	MREG
52125908	Mrgbp	MRGBP
52138582	Mri1	MRI1
52135187	Mrm1	MRM1
52143412	Mro	MRO
52130879	Mroh1	MROH1
52143413	Mroh2a	MROH2A
52143419	Mroh7	MROH7
52143420	Mroh8	MROH8
52135642	Mrpl1	MRPL1
52137905	Mrpl10	MRPL10
52139541	Mrpl11	MRPL11
52137654	Mrpl13	MRPL13
52138841	Mrpl14	MRPL14
52139562	Mrpl15	MRPL15
52139373	Mrpl16	MRPL16
52137595	Mrpl17	MRPL17
52138205	Mrpl18	MRPL18
52137360	Mrpl19	MRPL19
52131449	Mrpl2	MRPL2
52136684	Mrpl20	MRPL20
52138194	Mrpl21	MRPL21
52138552	Mrpl22	MRPL22
52139308	Mrpl23	MRPL23
52139526	Mrpl24	MRPL24
52137868	Mrpl27	MRPL27
52136714	Mrpl28	MRPL28
52130230	Mrpl3	MRPL3
52137846	Mrpl30	MRPL30
52138177	Mrpl32	MRPL32
52131478	Mrpl33	MRPL33
52131393	Mrpl34	MRPL34
52138232	Mrpl35	MRPL35
52135470	Mrpl36	MRPL36
52131365	Mrpl37	MRPL37
52139289	Mrpl38	MRPL38
52128399	Mrpl39	MRPL39
52135400	Mrpl4	MRPL4
52130194	Mrpl40	MRPL40
52137878	Mrpl41	MRPL41
52143422	Mrpl42	MRPL42
52139520	Mrpl43	MRPL43
52137967	Mrpl44	MRPL44
52138828	Mrpl45	MRPL45
52130400	Mrpl46	MRPL46
52131046	Mrpl47	MRPL47
52131571	Mrpl48	MRPL48
52132003	Mrpl49	MRPL49
52143423	Mrpl50	MRPL50
52134552	Mrpl51	MRPL51
52140584	Mrpl52	MRPL52
52135884	Mrpl54	MRPL54
52143424	Mrpl55	MRPL55
52131395	Mrpl9	MRPL9
52131477	Mrps10	MRPS10
52133511	Mrps11	MRPS11
52135158	Mrps12	MRPS12
52138230	Mrps14	MRPS14
52139564	Mrps15	MRPS15
52129885	Mrps16	MRPS16
52137673	Mrps17	MRPS17
52133877	Mrps18a	MRPS18A
52137282	Mrps18b	MRPS18B
52134747	Mrps18c	MRPS18C
52138372	Mrps2	MRPS2
52138478	Mrps21	MRPS21
52138497	Mrps22	MRPS22
52136668	Mrps23	MRPS23
52137870	Mrps24	MRPS24
52137782	Mrps25	MRPS25
52139523	Mrps26	MRPS26
52137439	Mrps27	MRPS27
52138113	Mrps28	MRPS28
52131444	Mrps30	MRPS30
52128972	Mrps31	MRPS31
52137726	Mrps33	MRPS33
52128419	Mrps34	MRPS34
52131355	Mrps35	MRPS35
52138235	Mrps5	MRPS5
52138199	Mrps6	MRPS6
52137774	Mrps7	MRPS7
52138149	Mrps9	MRPS9
52139359	Mrrf	MRRF
52143425	Mrs2	MRS2
52128996	Mrto4	MRTO4
52132548	Ms4a1	MS4A1
52132543	Ms4a15	MS4A15
52135088	Ms4a7	MS4A7
52129628	Ms4a8a	MS4A8
52140776	Msantd1	MSANTD1
52143427	Msantd2	MSANTD2
52143428	Msantd3	MSANTD3
52140735	Msantd4	MSANTD4
52136974	Msh2	MSH2
52135631	Msh3	MSH3
52134804	Msh5	MSH5
52126304	Msh6	MSH6
52126510	Msi1	MSI1
52126545	Msi2	MSI2
52129650	Msl1	MSL1
52129047	Msl2	MSL2
52143444	Msl3	MSL3
52135956	Mslnl	MSLNL
52132517	Msn	MSN
52132551	Msra	MSRA
52126518	Msrb1	MSRB1
52139301	Msrb2	MSRB2
52139633	Mss51	MSS51
52132552	Mst1r	MST1R
52137232	Msto1	MSTO1
52126390	Msx1	MSX1
52143472	Mt3	MT3
52135903	Mta1	MTA1
52137145	Mta2	MTA2
52130321	Mta3	MTA3
52139037	Mtap	MTAP
52140708	Mtbp	MTBP
52143473	Mtch1	MTCH1
52128232	Mtch2	MTCH2
52132315	Mtdh	MTDH
52132558	Mtf1	MTF1
52136627	Mtf2	MTF2
52138098	Mtfmt	MTFMT
52138947	Mtfp1	MTFP1
52126109	Mtfr1	MTFR1
52128629	Mtfr1l	MTFR1L
52129118	Mtfr2	MTFR2
52130810	Mtg1	MTG1
52129181	Mtg2	MTG2
52126303	Mthfd1	MTHFD1
52130350	Mthfd1l	MTHFD1L
52136833	Mthfd2	MTHFD2
52137192	Mthfd2l	MTHFD2L
52128475	Mthfr	MTHFR
52129453	Mthfsd	MTHFSD
52128951	Mtif2	MTIF2
52129657	Mtif3	MTIF3
52128789	Mtm1	MTM1
52132564	Mtmr1	MTMR1
52136965	Mtmr10	MTMR10
52137307	Mtmr11	MTMR11
52132000	Mtmr12	MTMR12
52129293	Mtmr14	MTMR14
52138263	Mtmr2	MTMR2
52134779	Mtmr3	MTMR3
52138907	Mtmr4	MTMR4
52137182	Mtmr6	MTMR6
52132565	Mtmr7	MTMR7
52135093	Mtmr9	MTMR9
52138380	Mto1	MTO1
52130476	Mtor	MTOR
52136389	Mtpap	MTPAP
52136650	Mtpn	MTPN
52126587	Mtr	MTR
52137919	Mtrf1	MTRF1
52143479	Mtrf1l	MTRF1L
52140540	Mtrr	MTRR
52135611	Mtss1	MTSS1
52132572	Mttp	MTTP
52128413	Mtus1	MTUS1
52132574	Mtus2	MTUS2
52132576	Mtx1	MTX1
52129204	Mtx2	MTX2
52137644	Mtx3	MTX3
52143481	Muc1	MUC1
52140841	Muc13	MUC13
52143485	Muc20	MUC20
52143487	Muc4	MUC4
52131744	Mul1	MUL1
52137017	Mus81	MUS81
52134491	Mutyh	MUTYH
52133777	Mvb12a	MVB12A
52128556	Mvb12b	MVB12B
52132582	Mvd	MVD
52137575	Mvk	MVK
52126568	Mvp	MVP
52132327	Mxd1	MXD1
52132328	Mxd3	MXD3
52143492	Mxd4	MXD4
52128256	Mxi1	MXI1
52140839	Mxra7	MXRA7
52130248	Mxra8	MXRA8
52135876	Myadm	MYADM
52127083	Myb	MYB
52126420	Mybbp1a	MYBBP1A
52131856	Mybl1	MYBL1
52125791	Mybl2	MYBL2
52131543	Mybpc2	MYBPC2
52130955	Mybpc3	MYBPC3
52143494	Mybphl	MYBPHL
52127084	Myc	MYC
52138093	Mycbp	MYCBP
52128219	Mycbp2	MYCBP2
52140328	Mycbpap	MYCBPAP
52137593	Myd88	MYD88
52138023	Myef2	MYEF2
52132733	Myh10	MYH10
52133899	Myh14	MYH14
52132585	Myh7b	MYH7B
52128931	Myh9	MYH9
52143497	Myl12a	MYL12A
52131537	Myl4	MYL4
52128691	Myl6	MYL6
52128690	Myl6b	MYL6B
52127077	Myl7	MYL7
52132498	Myl9	MYL9
52132480	Mylip	MYLIP
52130220	Mylk	MYLK
52126042	Mylk3	MYLK3
52137107	Mynn	MYNN
52132586	Myo10	MYO10
52135878	Myo15b	MYO15B
52132588	Myo18a	MYO18A
52143500	Myo19	MYO19
52143501	Myo1a	MYO1A
52132589	Myo1b	MYO1B
52130281	Myo1c	MYO1C
52134769	Myo1d	MYO1D
52132590	Myo1e	MYO1E
52135404	Myo1f	MYO1F
52132594	Myo1g	MYO1G
52135191	Myo1h	MYO1H
52135430	Myo3b	MYO3B
52131870	Myo5a	MYO5A
52126126	Myo5b	MYO5B
52143502	Myo5c	MYO5C
52133416	Myo6	MYO6
52132370	Myo7a	MYO7A
52135476	Myo7b	MYO7B
52131922	Myo9a	MYO9A
52143503	Myo9b	MYO9B
52138878	Myof	MYOF
52140290	Myom1	MYOM1
52140287	Myom3	MYOM3
52139252	Myoz1	MYOZ1
52143506	Mypop	MYPOP
52125869	Myrf	MYRF
52143507	Myrfl	MYRFL
52132597	Myrip	MYRIP
52131897	Mysm1	MYSM1
52129331	Myt1	MYT1
52143508	Mzb1	MZB1
52143509	Mzf1	MZF1
52133971	Mzt1	MZT1
52137176	N4bp1	N4BP1
52138209	N4bp2	N4BP2
52143510	N4bp2l1	N4BP2L1
52135503	N4bp2l2	N4BP2L2
52134876	N4bp3	N4BP3
52125477	Naa10	NAA10
52129919	Naa15	NAA15
52143511	Naa16	NAA16
52131838	Naa20	NAA20
52131697	Naa25	NAA25
52138638	Naa30	NAA30
52128106	Naa35	NAA35
52130096	Naa38	NAA38
52129467	Naa40	NAA40
52132348	Naa50	NAA50
52131665	Naa60	NAA60
52143513	Naaa	NAAA
52134372	Naaladl1	NAALADL1
52132604	Nab1	NAB1
52138568	Nab2	NAB2
52129544	Nabp1	NABP1
52134826	Nabp2	NABP2
52131295	Naca	NACA
52131098	Nacc1	NACC1
52143516	Nacc2	NACC2
52131360	Nadk	NADK
52132607	Nadk2	NADK2
52138487	Nadsyn1	NADSYN1
52125463	Nae1	NAE1
52129662	Naf1	NAF1
52138019	Naga	NAGA
52138532	Nagk	NAGK
52140493	Naglu	NAGLU
52138492	Nagpa	NAGPA
52140772	Nags	NAGS
52134692	Naif1	NAIF1
52131502	Nampt	NAMPT
52129048	Nanos1	NANOS1
52126533	Nanos3	NANOS3
52137814	Nanp	NANP
52129016	Nans	NANS
52126527	Nap1l1	NAP1L1
52143523	Nap1l3	NAP1L3
52126638	Nap1l4	NAP1L4
52143524	Nap1l5	NAP1L5
52125368	Napa	NAPA
52125738	Napb	NAPB
52129529	Napepld	NAPEPLD
52129941	Napg	NAPG
52128489	Napsa	NAPSA
52128337	Narf	NARF
52138153	Nars2	NARS2
52137125	Nasp	NASP
52139047	Nat10	NAT10
52138156	Nat14	NAT14
52129790	Nat9	NAT9
52131933	Nav2	NAV2
52134375	Nbas	NBAS
52131583	Nbea	NBEA
52139589	Nbeal1	NBEAL1
52134672	Nbeal2	NBEAL2
52131481	Nbn	NBN
52128524	Nbr1	NBR1
52132620	Ncald	NCALD
52132621	Ncam2	NCAM2
52126020	Ncapd2	NCAPD2
52131081	Ncapd3	NCAPD3
52131819	Ncapg	NCAPG
52131093	Ncapg2	NCAPG2
52135911	Ncaph	NCAPH
52135252	Ncaph2	NCAPH2
52143526	Ncbp1	NCBP1
52132622	Nccrp1	NCCRP1
52140119	Ncdn	NCDN
52132623	Nceh1	NCEH1
52132956	Ncf2	NCF2
52132948	Ncf4	NCF4
52132624	Nck1	NCK1
52129697	Nck2	NCK2
52135385	Nckap1	NCKAP1
52138595	Nckap1l	NCKAP1L
52143527	Nckap5	NCKAP5
52129056	Nckap5l	NCKAP5L
52140789	Nckipsd	NCKIPSD
52132266	Ncln	NCLN
52135350	Ncmap	NCMAP
52127488	Ncoa1	NCOA1
52130787	Ncoa2	NCOA2
52133516	Ncoa3	NCOA3
52132625	Ncoa4	NCOA4
52139423	Ncoa5	NCOA5
52130611	Ncoa6	NCOA6
52143528	Ncoa7	NCOA7
52132626	Ncor1	NCOR1
52130589	Ncor2	NCOR2
52140890	Ncr1	NCR1
52128448	Ncs1	NCS1
52139951	Ncstn	NCSTN
52136319	Ndc1	NDC1
52130881	Ndc80	NDC80
52129101	Nde1	NDE1
52137207	Ndel1	NDEL1
52136999	Ndfip1	NDFIP1
52136705	Ndfip2	NDFIP2
52137043	Ndor1	NDOR1
52126570	Ndrg1	NDRG1
52131461	Ndrg2	NDRG2
52129219	Ndrg3	NDRG3
52130165	Ndst1	NDST1
52132010	Ndst2	NDST2
52139314	Ndufa1	NDUFA1
52136840	Ndufa10	NDUFA10
52139085	Ndufa11	NDUFA11
52135170	Ndufa12	NDUFA12
52139104	Ndufa13	NDUFA13
52137872	Ndufa2	NDUFA2
52137422	Ndufa3	NDUFA3
52137980	Ndufa5	NDUFA5
52138871	Ndufa6	NDUFA6
52139560	Ndufa7	NDUFA7
52139111	Ndufa8	NDUFA8
52132637	Ndufa9	NDUFA9
52132638	Ndufab1	NDUFAB1
52130334	Ndufaf1	NDUFAF1
52132635	Ndufaf2	NDUFAF2
52129226	Ndufaf3	NDUFAF3
52131975	Ndufaf4	NDUFAF4
52138463	Ndufaf5	NDUFAF5
52130583	Ndufaf6	NDUFAF6
52138278	Ndufaf7	NDUFAF7
52139114	Ndufb10	NDUFB10
52136938	Ndufb2	NDUFB2
52135826	Ndufb3	NDUFB3
52130920	Ndufb5	NDUFB5
52139150	Ndufb6	NDUFB6
52139255	Ndufb7	NDUFB7
52132634	Ndufb8	NDUFB8
52136748	Ndufb9	NDUFB9
52132259	Ndufc1	NDUFC1
52136816	Ndufs1	NDUFS1
52143533	Ndufs2	NDUFS2
52137903	Ndufs3	NDUFS3
52137862	Ndufs4	NDUFS4
52137816	Ndufs5	NDUFS5
52137641	Ndufs6	NDUFS6
52143534	Ndufs7	NDUFS7
52132639	Ndufs8	NDUFS8
52136968	Ndufv1	NDUFV1
52139120	Ndufv2	NDUFV2
52137351	Ndufv3	NDUFV3
52143535	Neat1	NEAT1
52143536	Nebl	NEBL
52131490	Necab2	NECAB2
52135349	Necab3	NECAB3
52139108	Necap1	NECAP1
52137746	Necap2	NECAP2
52129069	Nedd1	NEDD1
52134743	Nedd4	NEDD4
52132642	Nedd4l	NEDD4L
52134011	Nedd8	NEDD8
52129471	Nedd9	NEDD9
52143538	Nefh	NEFH
52132644	Nefl	NEFL
52132645	Nefm	NEFM
52138805	Neil1	NEIL1
52143539	Neil2	NEIL2
52137597	Neil3	NEIL3
52127484	Nek1	NEK1
52135529	Nek11	NEK11
52138713	Nek2	NEK2
52140922	Nek3	NEK3
52138994	Nek4	NEK4
52143540	Nek5	NEK5
52143541	Nek6	NEK6
52137300	Nek7	NEK7
52139757	Nek8	NEK8
52143542	Nek9	NEK9
52129991	Nelfa	NELFA
52127108	Nelfb	NELFB
52136260	Nelfcd	NELFCD
52133321	Nelfe	NELFE
52143544	Nemf	NEMF
52136652	Nenf	NENF
52126310	Neo1	NEO1
52140233	Nes	NES
52136758	Net1	NET1
52140433	Neto1	NETO1
52135548	Neto2	NETO2
52134410	Neu1	NEU1
52131491	Neu3	NEU3
52132651	Neurl1a	NEURL1
52135264	Neurl1b	NEURL1B
52138406	Neurl2	NEURL2
52143547	Neurl3	NEURL3
52133524	Neurl4	NEURL4
52125729	Neurod1	NEUROD1
52130176	Neurod2	NEUROD2
52125580	Neurog3	NEUROG3
52137568	Nexn	NEXN
52129761	Nf1	NF1
52138666	Nf2	NF2
52143549	Nfam1	NFAM1
52132657	Nfasc	NFASC
52132658	Nfat5	NFAT5
52134235	Nfatc1	NFATC1
52139639	Nfatc2	NFATC2
52143550	Nfatc2ip	NFATC2IP
52131586	Nfatc3	NFATC3
52135875	Nfatc4	NFATC4
52139766	Nfe2	NFE2
52132659	Nfe2l1	NFE2L1
52132660	Nfe2l2	NFE2L2
52132773	Nfe2l3	NFE2L3
52134752	Nfia	NFIA
52143551	Nfib	NFIB
52140286	Nfic	NFIC
52128052	Nfil3	NFIL3
52132661	Nfix	NFIX
52143552	Nfkb1	NFKB1
52132939	Nfkb2	NFKB2
52130049	Nfkbia	NFKBIA
52126479	Nfkbib	NFKBIB
52143553	Nfkbid	NFKBID
52138320	Nfkbie	NFKBIE
52139801	Nfkbil1	NFKBIL1
52140226	Nfkbiz	NFKBIZ
52129995	Nfrkb	NFRKB
52128903	Nfs1	NFS1
52130908	Nfu1	NFU1
52134991	Nfx1	NFX1
52133998	Nfxl1	NFXL1
52128770	Nfya	NFYA
52132664	Nfyb	NFYB
52129175	Nfyc	NFYC
52139755	Ngb	NGB
52139088	Ngdn	NGDN
52134619	Ngef	NGEF
52131359	Ngly1	NGLY1
52134256	Ngrn	NGRN
52139268	Nhej1	NHEJ1
52132781	Nhlh1	NHLH1
52143555	Nhlrc1	NHLRC1
52140460	Nhlrc2	NHLRC2
52143556	Nhlrc3	NHLRC3
52132744	Nhp2	NHP2
52140397	Nhs	NHS
52126906	Nhsl1	NHSL1
52137443	Nicn1	NICN1
52126964	Nid2	NID2
52131388	Nif3l1	NIF3L1
52134622	Nin	NIN
52133776	Ninj1	NINJ1
52139631	Ninl	NINL
52137739	Nip7	NIP7
52136985	Nipa1	NIPA1
52129011	Nipa2	NIPA2
52143559	Nipal1	NIPAL1
52143560	Nipal2	NIPAL2
52132753	Nipal3	NIPAL3
52129274	Nipbl	NIPBL
52138180	Nipsnap1	NIPSNAP1
52143562	Nisch	NISCH
52137509	Nit1	NIT1
52137645	Nit2	NIT2
52139024	Nkain1	NKAIN1
52137425	Nkain4	NKAIN4
52125932	Nkap	NKAP
52125931	Nkapl	NKAPL
52140108	Nkd1	NKD1
52132712	Nkd2	NKD2
52143564	Nkg7	NKG7
52139555	Nkiras1	NKIRAS1
52139568	Nkiras2	NKIRAS2
52134271	Nkpd1	NKPD1
52143565	Nkrf	NKRF
52136941	Nktr	NKTR
52131130	Nkx2-2	NKX2-2
52129272	Nle1	NLE1
52132714	Nlgn2	NLGN2
52132715	Nlgn3	NLGN3
52132717	Nlk	NLK
52136272	Nln	NLN
52132719	Nlrc3	NLRC3
52143566	Nlrc4	NLRC4
52143567	Nlrc5	NLRC5
52126039	Nlrp3	NLRP3
52132722	Nlrp6	NLRP6
52132720	Nlrx1	NLRX1
52135706	Nmb	NMB
52132730	Nmd3	NMD3
52132630	Nme1	NME1
52132632	Nme3	NME3
52132724	Nme4	NME4
52132725	Nme5	NME5
52130089	Nme6	NME6
52132633	Nme7	NME7
52130007	Nmi	NMI
52131124	Nmnat1	NMNAT1
52137290	Nmnat2	NMNAT2
52143571	Nmnat3	NMNAT3
52143572	Nmral1	NMRAL1
52143573	Nmrk1	NMRK1
52131329	Nmt1	NMT1
52128880	Nmt2	NMT2
52135986	Nmu	NMU
52143574	Nnat	NNAT
52133749	Nnt	NNT
52138610	Noa1	NOA1
52129386	Nob1	NOB1
52127492	Noc2l	NOC2L
52125215	Noc3l	NOC3L
52126447	Noc4l	NOC4L
52132718	Nod1	NOD1
52126041	Nod2	NOD2
52128356	Nol10	NOL10
52128382	Nol11	NOL11
52138824	Nol12	NOL12
52143575	Nol3	NOL3
52137236	Nol6	NOL6
52128520	Nol7	NOL7
52133834	Nol8	NOL8
52140171	Nol9	NOL9
52129639	Nolc1	NOLC1
52134589	Nom1	NOM1
52136846	Nono	NONO
52132745	Nop10	NOP10
52125925	Nop14	NOP14
52139579	Nop16	NOP16
52126185	Nop2	NOP2
52132742	Nop56	NOP56
52132741	Nop58	NOP58
52143578	Nop9	NOP9
52126027	Nos1ap	NOS1AP
52132024	Nos2	NOS2
52143580	Nos3	NOS3
52136945	Nosip	NOSIP
52140157	Nostrin	NOSTRIN
52127436	Notch1	NOTCH1
52132747	Notch2	NOTCH2
52128401	Notch3	NOTCH3
52143581	Notch4	NOTCH4
52139493	Notum	NOTUM
52131051	Nova2	NOVA2
52140138	Nox1	NOX1
52137680	Noxa1	NOXA1
52126190	Noxo1	NOXO1
52134915	Noxred1	NOXRED1
52132754	Npas1	NPAS1
52127067	Npas2	NPAS2
52143585	Npat	NPAT
52133449	Npb	NPB
52131809	Npc1	NPC1
52140599	Npc1l1	NPC1L1
52126278	Npc2	NPC2
52130123	Npdc1	NPDC1
52137211	Npepl1	NPEPL1
52128987	Npepps	NPEPPS
52130190	Npffr1	NPFFR1
52132006	Nphp1	NPHP1
52135632	Nphp3	NPHP3
52134700	Nphp4	NPHP4
52136860	Npl	NPL
52132758	Nploc4	NPLOC4
52132759	Npm1	NPM1
52131930	Npm2	NPM2
52126469	Npm3	NPM3
52132760	Npnt	NPNT
52127098	Nppc	NPPC
52135516	Npr1	NPR1
52131383	Nprl2	NPRL2
52128986	Nprl3	NPRL3
52132762	Nptn	NPTN
52139294	Nptx1	NPTX1
52132616	Nptx2	NPTX2
52131762	Nptxr	NPTXR
52133450	Npw	NPW
52135450	Npy1r	NPY1R
52143590	Nqo1	NQO1
52143591	Nqo2	NQO2
52130582	Nr0b2	NR0B2
52128059	Nr1d1	NR1D1
52132765	Nr1d2	NR1D2
52143592	Nr1h2	NR1H2
52131656	Nr1h3	NR1H3
52130501	Nr1h4	NR1H4
52133249	Nr1i2	NR1I2
52143593	Nr1i3	NR1I3
52135169	Nr2c1	NR2C1
52130608	Nr2c2	NR2C2
52133922	Nr2c2ap	NR2C2AP
52130200	Nr2e3	NR2E3
52127146	Nr2f2	NR2F2
52127144	Nr2f6	NR2F6
52128743	Nr3c1	NR3C1
52132478	Nr3c2	NR3C2
52132666	Nr4a1	NR4A1
52132665	Nr4a2	NR4A2
52132746	Nr4a3	NR4A3
52129803	Nr5a2	NR5A2
52130656	Nr6a1	NR6A1
52138037	Nrap	NRAP
52129609	Nrarp	NRARP
52128236	Nras	NRAS
52130446	Nrbf2	NRBF2
52135051	Nrbp1	NRBP1
52132771	Nrbp2	NRBP2
52125875	Nrde2	NRDE2
52143594	Nrep	NREP
52132748	Nrf1	NRF1
52143595	Nrg4	NRG4
52143596	Nrgn	NRGN
52129581	Nrip1	NRIP1
52130263	Nrip2	NRIP2
52143597	Nrip3	NRIP3
52135482	Nrm	NRM
52127159	Nrn1	NRN1
52132776	Nrn1l	NRN1L
52132752	Nrp1	NRP1
52131091	Nrp2	NRP2
52140480	Nrtn	NRTN
52132779	Nrxn2	NRXN2
52131713	Nrxn3	NRXN3
52143601	Nsa2	NSA2
52140297	Nsd1	NSD1
52137895	Nsdhl	NSDHL
52132784	Nsf	NSF
52130967	Nsfl1c	NSFL1C
52143602	Nsg1	NSG1
52133987	Nsl1	NSL1
52128668	Nsmaf	NSMAF
52139543	Nsmce1	NSMCE1
52138664	Nsmce2	NSMCE2
52137647	Nsmce4a	NSMCE4A
52132646	Nsmf	NSMF
52137075	Nsun2	NSUN2
52131672	Nsun3	NSUN3
52140317	Nsun6	NSUN6
52143603	Nsun7	NSUN7
52143604	Nt5c	NT5C
52129426	Nt5c2	NT5C2
52128825	Nt5c3	NT5C3A
52143605	Nt5c3b	NT5C3B
52130240	Nt5dc1	NT5DC1
52129107	Nt5dc2	NT5DC2
52140303	Nt5dc3	NT5DC3
52138936	Nt5e	NT5E
52140392	Nt5m	NT5M
52135488	Ntan1	NTAN1
52140698	Nthl1	NTHL1
52132425	Ntmt1	NTMT1
52139976	Ntn4	NTN4
52139481	Ntpcr	NTPCR
52136349	Ntrk1	NTRK1
52133996	Ntrk2	NTRK2
52135196	Ntrk3	NTRK3
52134830	Nts	NTS
52133891	Nuak1	NUAK1
52135958	Nuak2	NUAK2
52138521	Nub1	NUB1
52131710	Nubp1	NUBP1
52138020	Nubp2	NUBP2
52139514	Nubpl	NUBPL
52138151	Nucb1	NUCB1
52126492	Nucb2	NUCB2
52129661	Nucks1	NUCKS1
52138766	Nudc	NUDC
52131390	Nudcd1	NUDCD1
52137406	Nudcd2	NUDCD2
52139177	Nudcd3	NUDCD3
52132562	Nudt1	NUDT1
52137833	Nudt12	NUDT12
52133982	Nudt13	NUDT13
52135711	Nudt14	NUDT14
52139328	Nudt15	NUDT15
52139928	Nudt16	NUDT16
52139927	Nudt16l1	NUDT16L1
52137970	Nudt17	NUDT17
52137695	Nudt18	NUDT18
52138641	Nudt19	NUDT19
52139360	Nudt2	NUDT2
52127171	Nudt21	NUDT21
52137529	Nudt22	NUDT22
52132798	Nudt3	NUDT3
52137466	Nudt4	NUDT4
52137167	Nudt5	NUDT5
52138417	Nudt6	NUDT6
52135381	Nudt7	NUDT7
52138131	Nudt8	NUDT8
52143609	Nudt9	NUDT9
52136428	Nuf2	NUF2
52129952	Nufip1	NUFIP1
52143610	Nufip2	NUFIP2
52131696	Nuggc	NUGGC
52128887	Numa1	NUMA1
52140044	Numb	NUMB
52137990	Numbl	NUMBL
52135518	Nup107	NUP107
52136639	Nup133	NUP133
52129701	Nup153	NUP153
52138700	Nup155	NUP155
52139069	Nup160	NUP160
52130404	Nup188	NUP188
52137804	Nup205	NUP205
52131659	Nup210	NUP210
52143611	Nup210l	NUP210L
52140558	Nup214	NUP214
52130261	Nup35	NUP35
52139443	Nup37	NUP37
52139173	Nup43	NUP43
52137355	Nup54	NUP54
52133016	Nup85	NUP85
52131302	Nup88	NUP88
52127434	Nup93	NUP93
52131850	Nup98	NUP98
52129719	Nupr1	NUPR1
52129345	Nus1	NUS1
52125418	Nusap1	NUSAP1
52128876	Nutf2	NUTF2
52136678	Nvl	NVL
52131942	Nxf1	NXF1
52132788	Nxn	NXN
52137533	Nxnl2	NXNL2
52143616	Nxpe2	NXPE2
52128630	Nxpe3	NXPE3
52137475	Nxph1	NXPH1
52143619	Nxph4	NXPH4
52138137	Nxt1	NXT1
52138136	Nxt2	NXT2
52143620	Nyap1	NYAP1
52143621	Nynrin	NYNRIN
52132804	Oaf	OAF
52137781	Oard1	OARD1
52143630	Oas2	OAS2
52143631	Oas3	OAS3
52143632	Oasl1	OASL
52135667	Oat	OAT
52125647	Oaz1	OAZ1
52125648	Oaz2	OAZ2
52143634	Oaz3	OAZ3
52132823	Obscn	OBSCN
52131891	Obsl1	OBSL1
52135291	Ocel1	OCEL1
52138859	Ociad1	OCIAD1
52134016	Ociad2	OCIAD2
52132825	Ocln	OCLN
52132827	Ocrl	OCRL
52127003	Odc1	ODC1
52126881	Odf2	ODF2
52143641	Odf2l	ODF2L
52136644	Ofd1	OFD1
52131500	Ogdh	OGDH
52143643	Ogfod1	OGFOD1
52135339	Ogfod2	OGFOD2
52136474	Ogfod3	OGFOD3
52128807	Ogfr	OGFR
52134587	Ogfrl1	OGFRL1
52138392	Ogg1	OGG1
52127138	Ogt	OGT
52143644	Oip5	OIP5
52139664	Oit3	OIT3
52129783	Ola1	OLA1
52133890	Olfm1	OLFM1
52129711	Olfm4	OLFM4
52140378	Olfml1	OLFML1
52134078	Olfml2a	OLFML2A
52134254	Olfml2b	OLFML2B
52132843	Olfml3	OLFML3
52134847	Oma1	OMA1
52133804	Onecut2	ONECUT2
52132847	Onecut3	ONECUT3
52143646	Ooep	OOEP
52130365	Opa1	OPA1
52139971	Opa3	OPA3
52139508	Ophn1	OPHN1
52135807	Oplah	OPLAH
52128159	Opn3	OPN3
52134490	Optn	OPTN
52131740	Orai1	ORAI1
52135472	Orai2	ORAI2
52144070	Orai3	ORAI3
52132909	Orc1	ORC1
52138126	Orc2	ORC2
52129961	Orc3	ORC3
52129491	Orc4	ORC4
52132910	Orc5	ORC5
52132911	Orc6	ORC6
52133710	Ormdl1	ORMDL1
52138084	Ormdl2	ORMDL2
52137515	Ormdl3	ORMDL3
52138255	Os9	OS9
52134003	Osbp	OSBP
52132917	Osbpl10	OSBPL10
52134968	Osbpl11	OSBPL11
52135041	Osbpl1a	OSBPL1A
52132918	Osbpl2	OSBPL2
52132919	Osbpl3	OSBPL3
52129887	Osbpl5	OSBPL5
52134413	Osbpl6	OSBPL6
52132920	Osbpl7	OSBPL7
52140573	Osbpl8	OSBPL8
52138291	Osbpl9	OSBPL9
52132921	Oscp1	OSCP1
52138958	Oser1	OSER1
52130124	Osgep	OSGEP
52135945	Osgepl1	OSGEPL1
52138752	Osgin1	OSGIN1
52133574	Osgin2	OSGIN2
52137824	Osr2	OSR2
52140571	Ost4	OST4
52138849	Ostc	OSTC
52133558	Ostf1	OSTF1
52128345	Ostm1	OSTM1
52135233	Otc	OTC
52144075	Otop3	OTOP3
52128423	Otub1	OTUB1
52144077	Otub2	OTUB2
52144078	Otud1	OTUD1
52139296	Otud3	OTUD3
52132996	Otud4	OTUD4
52132932	Otud5	OTUD5
52138797	Otud6b	OTUD6B
52137372	Otud7b	OTUD7B
52126935	Ovgp1	OVGP1
52132933	Ovol1	OVOL1
52144081	Ovol2	OVOL2
52138476	Oxa1l	OXA1L
52132935	Oxct1	OXCT1
52135165	Oxgr1	OXGR1
52134997	Oxld1	OXLD1
52134061	Oxnad1	OXNAD1
52128811	Oxr1	OXR1
52144083	Oxsm	OXSM
52136937	Oxsr1	OXSR1
52139739	P2rx1	P2RX1
52129177	P2rx3	P2RX3
52128231	P2rx4	P2RX4
52132947	P2rx6	P2RX6
52139769	P2rx7	P2RX7
52135081	P2ry1	P2RY1
52138458	P2ry10	P2RY10
52140560	P2ry12	P2RY12
52144084	P2ry14	P2RY14
52134524	P2ry2	P2RY2
52144085	P2ry6	P2RY6
52132950	P4ha1	P4HA1
52133204	P4ha2	P4HA2
52140304	P4hb	P4HB
52132951	P4htm	P4HTM
52128860	Pa2g4	PA2G4
52129880	Pabpc1l	PABPC1L
52126150	Pabpc4	PABPC4
52128790	Pabpn1	PABPN1
52137543	Pacrg	PACRG
52144090	Pacrgl	PACRGL
52131746	Pacs1	PACS1
52140356	Pacs2	PACS2
52129778	Pacsin1	PACSIN1
52144091	Pacsin2	PACSIN2
52128374	Pacsin3	PACSIN3
52133503	Padi1	PADI1
52133500	Padi2	PADI2
52133504	Padi4	PADI4
52125350	Paf1	PAF1
52132250	Pafah1b1	PAFAH1B1
52133962	Pafah1b2	PAFAH1B2
52138818	Pafah1b3	PAFAH1B3
52144092	Pafah2	PAFAH2
52134329	Pag1	PAG1
52126279	Paics	PAICS
52128924	Paip1	PAIP1
52144093	Paip2	PAIP2
52132966	Paip2b	PAIP2B
52126560	Pak1	PAK1
52128735	Pak1ip1	PAK1IP1
52126380	Pak2	PAK2
52144094	Pak3	PAK3
52131340	Pak4	PAK4
52128671	Palb2	PALB2
52126646	Pald1	PALD1
52135776	Palld	PALLD
52132969	Palm	PALM
52135857	Pam	PAM
52139147	Pam16	PAM16
52132971	Pamr1	PAMR1
52129387	Pan2	PAN2
52144095	Pan3	PAN3
52129074	Pank1	PANK1
52138365	Pank2	PANK2
52144096	Pank3	PANK3
52139062	Pank4	PANK4
52132975	Panx1	PANX1
52134177	Panx2	PANX2
52135508	Paox	PAOX
52132981	Papln	PAPLN
52132982	Papola	PAPOLA
52138933	Papolg	PAPOLG
52135581	Pappa2	PAPPA2
52133508	Papss1	PAPSS1
52131092	Papss2	PAPSS2
52132988	Paqr3	PAQR3
52133919	Paqr4	PAQR4
52132989	Paqr5	PAQR5
52132524	Paqr7	PAQR7
52132525	Paqr8	PAQR8
52135572	Paqr9	PAQR9
52125555	Pard3	PARD3
52131901	Pard3b	PARD3B
52134822	Pard6a	PARD6A
52135210	Pard6b	PARD6B
52126192	Pard6g	PARD6G
52128300	Parg	PARG
52127481	Park7	PARK7
52132995	Parl	PARL
52139731	Parm1	PARM1
52138756	Parn	PARN
52135287	Parp1	PARP1
52133779	Parp10	PARP10
52144100	Parp11	PARP11
52128491	Parp12	PARP12
52132997	Parp14	PARP14
52139248	Parp16	PARP16
52125253	Parp2	PARP2
52130054	Parp3	PARP3
52135146	Parp4	PARP4
52139549	Parp6	PARP6
52135585	Parp8	PARP8
52134396	Parp9	PARP9
52134569	Parpbp	PARPBP
52129591	Pars2	PARS2
52132998	Parva	PARVA
52138436	Parvg	PARVG
52133000	Pask	PASK
52144102	Pate2	PATE2
52128375	Patl1	PATL1
52140649	Patz1	PATZ1
52132993	Pawr	PAWR
52127483	Pax4	PAX4
52139747	Pax5	PAX5
52126271	Pax6	PAX6
52139748	Pax8	PAX8
52144106	Paxbp1	PAXBP1
52128347	Paxip1	PAXIP1
52126512	Pbdc1	PBDC1
52133038	Pbk	PBK
52133002	Pbrm1	PBRM1
52129914	Pbx1	PBX1
52133005	Pbx2	PBX2
52133006	Pbx3	PBX3
52129055	Pbx4	PBX4
52131114	Pbxip1	PBXIP1
52132025	Pcx	PC
52133011	Pcbd1	PCBD1
52144107	Pcbd2	PCBD2
52128849	Pcbp1	PCBP1
52128848	Pcbp2	PCBP2
52137658	Pcbp3	PCBP3
52137077	Pcbp4	PCBP4
52129113	Pcca	PCCA
52139286	Pccb	PCCB
52133012	Pcdh1	PCDH1
52129590	Pcdh19	PCDH19
52133013	Pcdh20	PCDH20
52132976	Pcdh8	PCDH8
52144115	Pcdhb22	PCDHB15
52144116	Pcdhb17	PCDHB16
52127978	Pcdhga9	PCDHGA9
52137600	Pced1a	PCED1A
52137599	Pced1b	PCED1B
52131489	Pcf11	PCF11
52132785	Pcgf1	PCGF1
52144132	Pcgf2	PCGF2
52144133	Pcgf3	PCGF3
52138066	Pcgf5	PCGF5
52131716	Pcgf6	PCGF6
52128378	Pcid2	PCID2
52140726	Pcif1	PCIF1
52126599	Pck1	PCK1
52131142	Pck2	PCK2
52136808	Pcm1	PCM1
52128251	Pcmt1	PCMT1
52129682	Pcmtd1	PCMTD1
52133015	Pcmtd2	PCMTD2
52126182	Pcna	PCNA
52137567	Pcnp	PCNP
52129600	Pcnt	PCNT
52130482	Pcp4	PCP4
52135974	Pcp4l1	PCP4L1
52140217	Pcsk1	PCSK1
52144135	Pcsk1n	PCSK1N
52140393	Pcsk2	PCSK2
52144136	Pcsk4	PCSK4
52133008	Pcsk5	PCSK5
52131642	Pcsk6	PCSK6
52130015	Pcsk7	PCSK7
52132615	Pcsk9	PCSK9
52138679	Pctp	PCTP
52137711	Pcyox1	PCYOX1
52144137	Pcyox1l	PCYOX1L
52137671	Pcyt1a	PCYT1A
52133023	Pcyt1b	PCYT1B
52131972	Pcyt2	PCYT2
52129062	Pdap1	PDAP1
52126781	Pdcd10	PDCD10
52126513	Pdcd11	PDCD11
52140341	Pdcd1lg2	PDCD1LG2
52138919	Pdcd2	PDCD2
52138793	Pdcd2l	PDCD2L
52126403	Pdcd4	PDCD4
52138800	Pdcd5	PDCD5
52138951	Pdcd6	PDCD6
52136925	Pdcd6ip	PDCD6IP
52137806	Pdcd7	PDCD7
52129229	Pdcl	PDCL
52136587	Pdcl3	PDCL3
52133026	Pde11a	PDE11A
52129538	Pde12	PDE12
52144140	Pde1b	PDE1B
52133027	Pde1c	PDE1C
52144141	Pde2a	PDE2A
52135613	Pde3a	PDE3A
52144142	Pde3b	PDE3B
52140831	Pde4a	PDE4A
52130301	Pde4b	PDE4B
52129022	Pde4dip	PDE4DIP
52133028	Pde5a	PDE5A
52133720	Pde6a	PDE6A
52140375	Pde6b	PDE6B
52128074	Pde6c	PDE6C
52139509	Pde6d	PDE6D
52133029	Pde6g	PDE6G
52126108	Pde7a	PDE7A
52144143	Pde7b	PDE7B
52138347	Pde8a	PDE8A
52135836	Pde8b	PDE8B
52133031	Pde9a	PDE9A
52137975	Pdf	PDF
52133032	Pdgfa	PDGFA
52133033	Pdgfb	PDGFB
52140242	Pdgfc	PDGFC
52133034	Pdgfrb	PDGFRB
52138767	Pdgfrl	PDGFRL
52130471	Pdha1	PDHA1
52132681	Pdhb	PDHB
52139046	Pdhx	PDHX
52138697	Pdia2	PDIA2
52128211	Pdia3	PDIA3
52125974	Pdia4	PDIA4
52133457	Pdia5	PDIA5
52133035	Pdia6	PDIA6
52137093	Pdik1l	PDIK1L
52144145	Pdk1	PDK1
52133036	Pdk2	PDK2
52138369	Pdk3	PDK3
52135989	Pdk4	PDK4
52127059	Pdlim1	PDLIM1
52129855	Pdlim2	PDLIM2
52133351	Pdlim4	PDLIM4
52128162	Pdlim5	PDLIM5
52128164	Pdlim7	PDLIM7
52131947	Pdp1	PDP1
52139746	Pdp2	PDP2
52133744	Pdpr	PDPR
52137902	Pdrg1	PDRG1
52138256	Pds5a	PDS5A
52140437	Pds5b	PDS5B
52136339	Pdss1	PDSS1
52139415	Pdss2	PDSS2
52126111	Pdxk	PDXK
52139236	Pdzd11	PDZD11
52135584	Pdzd2	PDZD2
52131486	Pdzd4	PDZD4
52140576	Pdzd8	PDZD8
52144147	Pdzd9	PDZD9
52132357	Pdzk1ip1	PDZK1IP1
52133041	Pdzrn3	PDZRN3
52144148	Pea15a	PEA15
52135161	Pear1	PEAR1
52126819	Pecam1	PECAM1
52137852	Pecr	PECR
52137396	Pef1	PEF1
52144152	Peg3	PEG3
52133044	Peli1	PELI1
52139446	Peli2	PELI2
52140570	Peli3	PELI3
52136659	Pelo	PELO
52139714	Pelp1	PELP1
52138702	Pemt	PEMT
52126079	Pepd	PEPD
52133049	Per1	PER1
52130150	Per2	PER2
52133050	Per3	PER3
52130331	Perp	PERP
52128261	Pes1	PES1
52134617	Pet100	PET100
52140159	Pex1	PEX1
52137590	Pex10	PEX10
52135907	Pex11a	PEX11A
52138200	Pex11b	PEX11B
52137958	Pex11g	PEX11G
52138776	Pex12	PEX12
52139048	Pex13	PEX13
52129039	Pex14	PEX14
52131356	Pex16	PEX16
52133246	Pex19	PEX19
52133247	Pex2	PEX2
52130342	Pex26	PEX26
52138799	Pex3	PEX3
52138801	Pex5	PEX5
52135072	Pex5l	PEX5L
52134833	Pex6	PEX6
52137596	Pex7	PEX7
52129633	Pfas	PFAS
52137788	Pfdn1	PFDN1
52131363	Pfdn2	PFDN2
52135352	Pfdn4	PFDN4
52136645	Pfdn5	PFDN5
52140363	Pfkfb1	PFKFB1
52130066	Pfkfb2	PFKFB2
52139131	Pfkfb3	PFKFB3
52133058	Pfkfb4	PFKFB4
52133059	Pfkl	PFKL
52131541	Pfkm	PFKM
52134947	Pfkp	PFKP
52128459	Pfn1	PFN1
52130932	Pfn2	PFN2
52139800	Pgam2	PGAM2
52128873	Pgam5	PGAM5
52135207	Pgap1	PGAP1
52130475	Pgap2	PGAP2
52138515	Pgap3	PGAP3
52144161	Pgc	PGC
52129822	Pgd	PGD
52133062	Pgf	PGF
52130671	Pggt1b	PGGT1B
52137141	Pgk1	PGK1
52128736	Pgls	PGLS
52133066	Pglyrp1	PGLYRP1
52137391	Pglyrp2	PGLYRP2
52138926	Pgm1	PGM1
52139183	Pgm2	PGM2
52131643	Pgm2l1	PGM2L1
52129247	Pgm3	PGM3
52126246	Pgp	PGP
52131424	Pgpep1	PGPEP1
52130606	Pgr	PGR
52128488	Pgrmc1	PGRMC1
52136788	Pgrmc2	PGRMC2
52144163	Pgs1	PGS1
52140549	Phactr1	PHACTR1
52134756	Phactr2	PHACTR2
52133067	Phactr4	PHACTR4
52128724	Phax	PHAX
52125708	Phb2	PHB2
52138631	Phc1	PHC1
52126234	Phc2	PHC2
52133068	Phc3	PHC3
52132559	Phf1	PHF1
52137364	Phf10	PHF10
52129532	Phf12	PHF12
52140754	Phf13	PHF13
52129089	Phf14	PHF14
52133069	Phf19	PHF19
52131331	Phf2	PHF2
52134603	Phf20	PHF20
52129881	Phf20l1	PHF20L1
52130312	Phf21a	PHF21A
52140714	Phf21b	PHF21B
52128847	Phf23	PHF23
52135185	Phf3	PHF3
52126994	Phf5a	PHF5A
52136680	Phf6	PHF6
52144166	Phf7	PHF7
52140041	Phf8	PHF8
52128864	Phgdh	PHGDH
52144167	Phgr1	PHGR1
52131751	Phip	PHIP
52133072	Phka1	PHKA1
52140797	Phka2	PHKA2
52135794	Phkb	PHKB
52137763	Phkg1	PHKG1
52138739	Phkg2	PHKG2
52137635	Phlda1	PHLDA1
52137745	Phlda2	PHLDA2
52125852	Phlda3	PHLDA3
52133073	Phldb1	PHLDB1
52129403	Phldb2	PHLDB2
52140543	Phldb3	PHLDB3
52134929	Phlpp1	PHLPP1
52138484	Phlpp2	PHLPP2
52138567	Phospho2	PHOSPHO2
52136852	Phpt1	PHPT1
52128863	Phrf1	PHRF1
52138625	Phtf1	PHTF1
52139394	Phtf2	PHTF2
52137701	Phyh	PHYH
52137513	Phyhd1	PHYHD1
52144168	Phyhip	PHYHIP
52133076	Phyhipl	PHYHIPL
52137986	Phykpl	PHYKPL
52144169	Pi16	PI16
52133079	Pi4k2a	PI4K2A
52133080	Pi4k2b	PI4K2B
52133078	Pi4ka	PI4KA
52133081	Pi4kb	PI4KB
52130098	Pianp	PIANP
52135806	Pias1	PIAS1
52133083	Pias2	PIAS2
52144170	Pias3	PIAS3
52133082	Pias4	PIAS4
52137467	Pibf1	PIBF1
52128325	Picalm	PICALM
52138164	Pick1	PICK1
52136827	Pid1	PID1
52128619	Piezo1	PIEZO1
52126644	Pif1	PIF1
52131480	Piga	PIGA
52136994	Pigc	PIGC
52139190	Pigf	PIGF
52134935	Pigg	PIGG
52139538	Pigh	PIGH
52130744	Pigk	PIGK
52131398	Pigl	PIGL
52138593	Pign	PIGN
52135246	Pigo	PIGO
52128010	Pigp	PIGP
52126337	Pigq	PIGQ
52134776	Pigr	PIGR
52138109	Pigs	PIGS
52134036	Pigt	PIGT
52140486	Pigu	PIGU
52140755	Pigv	PIGV
52138626	Pigw	PIGW
52134805	Pigx	PIGX
52131830	Pih1d1	PIH1D1
52137534	Pih1d2	PIH1D2
52135363	Pik3ap1	PIK3AP1
52133443	Pik3c2a	PIK3C2A
52131828	Pik3c2b	PIK3C2B
52131753	Pik3c3	PIK3C3
52140793	Pik3ca	PIK3CA
52129108	Pik3cb	PIK3CB
52138872	Pik3cd	PIK3CD
52136765	Pik3cg	PIK3CG
52139092	Pik3ip1	PIK3IP1
52136900	Pik3r1	PIK3R1
52133085	Pik3r3	PIK3R3
52131798	Pik3r4	PIK3R4
52129212	Pik3r5	PIK3R5
52133094	Pikfyve	PIKFYVE
52136980	Pim1	PIM1
52126119	Pim2	PIM2
52137912	Pim3	PIM3
52137668	Pin4	PIN4
52137042	Pink1	PINK1
52144179	Pinlyp	PINLYP
52126325	Pinx1	PINX1
52133090	Pip4k2a	PIP4K2A
52144182	Pip4k2b	PIP4K2B
52126567	Pip4k2c	PIP4K2C
52131649	Pip5k1a	PIP5K1A
52133092	Pip5k1b	PIP5K1B
52133093	Pip5k1c	PIP5K1C
52135285	Pip5kl1	PIP5KL1
52140610	Pipox	PIPOX
52139544	Pir	PIR
52144183	Pirt	PIRT
52129635	Pisd	PISD
52139196	Pithd1	PITHD1
52133096	Pitpna	PITPNA
52138764	Pitpnb	PITPNB
52133097	Pitpnc1	PITPNC1
52144184	Pitpnm1	PITPNM1
52144185	Pitpnm2	PITPNM2
52130323	Pitpnm3	PITPNM3
52136634	Pitrm1	PITRM1
52138095	Pitx1	PITX1
52133098	Pitx2	PITX2
52139587	Piwil1	PIWIL1
52133522	Piwil2	PIWIL2
52144186	Piwil4	PIWIL4
52135731	Pja1	PJA1
52135730	Pja2	PJA2
52133101	Pkd1	PKD1
52144187	Pkd1l1	PKD1L1
52127292	Pkd2	PKD2
52144188	Pkd2l2	PKD2L2
52133102	Pkdcc	PKDCC
52144189	Pkdrej	PKDREJ
52144190	Pkhd1	PKHD1
52135745	Pkia	PKIA
52144191	Pkib	PKIB
52137350	Pkig	PKIG
52137108	Pklr	PKLR
52126094	Pkm	PKM
52131954	Pkmyt1	PKMYT1
52133104	Pkn1	PKN1
52133105	Pkn2	PKN2
52133174	Pkn3	PKN3
52129281	Pknox1	PKNOX1
52128818	Pkp1	PKP1
52133886	Pkp2	PKP2
52133106	Pkp3	PKP3
52136431	Pkp4	PKP4
52137209	Pla1a	PLA1A
52139417	Pla2g10	PLA2G10
52133109	Pla2g12a	PLA2G12A
52144192	Pla2g12b	PLA2G12B
52132314	Pla2g15	PLA2G15
52140126	Pla2g1b	PLA2G1B
52144194	Pla2g2c	PLA2G2C
52133108	Pla2g3	PLA2G3
52127162	Pla2g4a	PLA2G4A
52139942	Pla2g4c	PLA2G4C
52144198	Pla2g5	PLA2G5
52136975	Pla2g6	PLA2G6
52139238	Pla2g7	PLA2G7
52126483	Plaa	PLAA
52133131	Plac8	PLAC8
52140031	Plag1	PLAG1
52144201	Plagl1	PLAGL1
52139761	Plagl2	PLAGL2
52134399	Plat	PLAT
52132311	Plaur	PLAUR
52134377	Plb1	PLB1
52131601	Plbd1	PLBD1
52138353	Plbd2	PLBD2
52133113	Plcb1	PLCB1
52133114	Plcb2	PLCB2
52133684	Plcb3	PLCB3
52132262	Plcb4	PLCB4
52127984	Plcd1	PLCD1
52127985	Plcd3	PLCD3
52140116	Plce1	PLCE1
52127432	Plcg1	PLCG1
52130293	Plcg2	PLCG2
52134323	Plch1	PLCH1
52129983	Plch2	PLCH2
52135102	Plcl1	PLCL1
52144202	Plcl2	PLCL2
52133115	Plcxd1	PLCXD1
52135033	Plcxd2	PLCXD2
52129264	Plcxd3	PLCXD3
52133116	Pld1	PLD1
52140024	Pld2	PLD2
52134014	Pld3	PLD3
52144204	Pld4	PLD4
52134195	Pld5	PLD5
52129521	Pld6	PLD6
52128502	Plec	PLEC
52139038	Plek	PLEK
52140267	Plek2	PLEK2
52129418	Plekha1	PLEKHA1
52134332	Plekha2	PLEKHA2
52138930	Plekha3	PLEKHA3
52134460	Plekha4	PLEKHA4
52134481	Plekha5	PLEKHA5
52139675	Plekha6	PLEKHA6
52130854	Plekha7	PLEKHA7
52130364	Plekhb1	PLEKHB1
52135039	Plekhb2	PLEKHB2
52134892	Plekhd1	PLEKHD1
52138945	Plekhf1	PLEKHF1
52138759	Plekhf2	PLEKHF2
52144205	Plekhg1	PLEKHG1
52140407	Plekhg2	PLEKHG2
52144206	Plekhg3	PLEKHG3
52131136	Plekhg4	PLEKHG4
52144207	Plekhg5	PLEKHG5
52129258	Plekhg6	PLEKHG6
52131371	Plekhh1	PLEKHH1
52144208	Plekhh3	PLEKHH3
52139189	Plekhj1	PLEKHJ1
52136998	Plekhm1	PLEKHM1
52138676	Plekhm2	PLEKHM2
52135095	Plekhm3	PLEKHM3
52135800	Plekhn1	PLEKHN1
52127035	Plekho1	PLEKHO1
52133119	Plekhs1	PLEKHS1
52137740	Plgrkt	PLGRKT
52125239	Plin2	PLIN2
52130421	Plin3	PLIN3
52144210	Plin4	PLIN4
52130422	Plin5	PLIN5
52126444	Plk1	PLK1
52131948	Plk2	PLK2
52127091	Plk3	PLK3
52136110	Plk4	PLK4
52144211	Plk5	PLK5
52133110	Pllp	PLLP
52129622	Plod1	PLOD1
52132229	Plod2	PLOD2
52126419	Plod3	PLOD3
52127509	Plp1	PLP1
52130166	Plp2	PLP2
52137240	Plrg1	PLRG1
52137228	Pls1	PLS1
52136972	Pls3	PLS3
52139174	Plscr1	PLSCR1
52133957	Plscr3	PLSCR3
52140178	Plscr4	PLSCR4
52137419	Pltp	PLTP
52127901	Plvap	PLVAP
52135432	Plxdc1	PLXDC1
52133120	Plxna1	PLXNA1
52135116	Plxna2	PLXNA2
52133645	Plxna3	PLXNA3
52129121	Plxnb1	PLXNB1
52130340	Plxnb2	PLXNB2
52129046	Plxnc1	PLXNC1
52132820	Plxnd1	PLXND1
52137993	Pm20d1	PM20D1
52144214	Pm20d2	PM20D2
52132749	Pmaip1	PMAIP1
52126365	Pmel	PMEL
52139536	Pmepa1	PMEPA1
52144217	Pml	PML
52144218	Pmm1	PMM1
52126485	Pmm2	PMM2
52131088	Pmp22	PMP22
52137202	Pmpca	PMPCA
52137786	Pmpcb	PMPCB
52135933	Pms1	PMS1
52136842	Pms2	PMS2
52138448	Pmvk	PMVK
52135742	Pnck	PNCK
52131761	Pnkd	PNKD
52129792	Pnkp	PNKP
52144220	Pnldc1	PNLDC1
52144224	Pnma1	PNMA1
52144225	Pnma2	PNMA2
52128804	Pnn	PNN
52139005	Pno1	PNO1
52140856	Pnpla1	PNPLA1
52125574	Pnpla2	PNPLA2
52139425	Pnpla3	PNPLA3
52132791	Pnpla6	PNPLA6
52131788	Pnpla7	PNPLA7
52135902	Pnpla8	PNPLA8
52131588	Pnpo	PNPO
52144233	Pnpt1	PNPT1
52135702	Pnrc1	PNRC1
52129090	Pnrc2	PNRC2
52136606	Poc1a	POC1A
52133127	Poc1b	POC1B
52134542	Poc5	POC5
52134785	Podn	PODN
52129322	Podxl	PODXL
52133037	Podxl2	PODXL2
52129603	Pof1b	POF1B
52144235	Pofut1	POFUT1
52129472	Pofut2	POFUT2
52144236	Pogk	POGK
52132185	Poglut1	POGLUT1
52131524	Pogz	POGZ
52126511	Pola1	POLA1
52144237	Pola2	POLA2
52127527	Polb	POLB
52130430	Pold1	POLD1
52135931	Pold2	POLD2
52138041	Pold3	POLD3
52131674	Pold4	POLD4
52129270	Poldip2	POLDIP2
52140656	Poldip3	POLDIP3
52144238	Pole	POLE
52126977	Pole2	POLE2
52139145	Pole3	POLE3
52137735	Pole4	POLE4
52140032	Polg	POLG
52131977	Polg2	POLG2
52129490	Polh	POLH
52137021	Poli	POLI
52134544	Polk	POLK
52137170	Poll	POLL
52138770	Polm	POLM
52135029	Poln	POLN
52135979	Polq	POLQ
52128436	Polr1a	POLR1A
52137091	Polr1b	POLR1B
52139035	Polr1c	POLR1C
52132005	Polr1d	POLR1D
52137899	Polr1e	POLR1E
52131509	Polr2a	POLR2A
52137656	Polr2b	POLR2B
52137324	Polr2c	POLR2C
52133358	Polr2d	POLR2D
52130413	Polr2e	POLR2E
52139547	Polr2f	POLR2F
52133128	Polr2g	POLR2G
52137724	Polr2h	POLR2H
52137588	Polr2i	POLR2I
52138545	Polr2k	POLR2K
52137865	Polr2l	POLR2L
52134770	Polr2m	POLR2M
52129091	Polr3a	POLR3A
52134973	Polr3b	POLR3B
52138804	Polr3c	POLR3C
52138812	Polr3d	POLR3D
52136755	Polr3e	POLR3E
52138795	Polr3f	POLR3F
52135065	Polr3g	POLR3G
52133129	Polr3gl	POLR3GL
52139572	Polr3h	POLR3H
52139542	Polr3k	POLR3K
52135332	Polrmt	POLRMT
52125203	Pomc	POMC
52131858	Pomgnt1	POMGNT1
52130806	Pomgnt2	POMGNT2
52137069	Pomk	POMK
52128397	Pomp	POMP
52138246	Pomt1	POMT1
52131890	Pomt2	POMT2
52130393	Pon2	PON2
52130392	Pon3	PON3
52140720	Pop1	POP1
52137758	Pop4	POP4
52129566	Pop5	POP5
52130231	Pop7	POP7
52140067	Popdc2	POPDC2
52133132	Popdc3	POPDC3
52128958	Por	POR
52133133	Porcn	PORCN
52144242	Pou2af1	POU2AF1
52129239	Pou2f1	POU2F1
52131138	Pou2f2	POU2F2
52138033	Pou2f3	POU2F3
52132831	Pou3f1	POU3F1
52125815	Pou3f3	POU3F3
52125817	Pou4f1	POU4F1
52133134	Pou6f1	POU6F1
52133135	Ppa1	PPA1
52139245	Ppa2	PPA2
52132764	Ppara	PPARA
52128529	Ppard	PPARD
52125483	Pparg	PPARG
52130612	Ppargc1a	PPARGC1A
52128929	Ppargc1b	PPARGC1B
52131357	Ppat	PPAT
52139136	Ppcdc	PPCDC
52131768	Ppcs	PPCS
52125906	Ppdpf	PPDPF
52138523	Ppef1	PPEF1
52140896	Ppef2	PPEF2
52138511	Ppfia1	PPFIA1
52140454	Ppfia3	PPFIA3
52138486	Ppfia4	PPFIA4
52144247	Ppfibp1	PPFIBP1
52134977	Ppfibp2	PPFIBP2
52134053	Pphln1	PPHLN1
52127329	Ppia	PPIA
52126608	Ppib	PPIB
52140909	Ppic	PPIC
52136776	Ppid	PPID
52137894	Ppie	PPIE
52131851	Ppif	PPIF
52136812	Ppig	PPIG
52138059	Ppih	PPIH
52138004	Ppil1	PPIL1
52135913	Ppil2	PPIL2
52133139	Ppil3	PPIL3
52137233	Ppil4	PPIL4
52134253	Ppil6	PPIL6
52140477	Ppip5k1	PPIP5K1
52131568	Ppip5k2	PPIP5K2
52126191	Ppl	PPL
52133137	Ppm1a	PPM1A
52129323	Ppm1b	PPM1B
52133140	Ppm1d	PPM1D
52126013	Ppm1e	PPM1E
52126012	Ppm1f	PPM1F
52126187	Ppm1g	PPM1G
52138234	Ppm1h	PPM1H
52140440	Ppm1j	PPM1J
52131495	Ppm1k	PPM1K
52138157	Ppm1l	PPM1L
52144248	Ppm1m	PPM1M
52138541	Ppm1n	PPM1N
52130384	Ppme1	PPME1
52132511	Ppox	PPOX
52128776	Ppp1ca	PPP1CA
52131301	Ppp1cb	PPP1CB
52129763	Ppp1cc	PPP1CC
52126976	Ppp1r10	PPP1R10
52137298	Ppp1r11	PPP1R11
52132595	Ppp1r12a	PPP1R12A
52144249	Ppp1r12b	PPP1R12B
52129946	Ppp1r12c	PPP1R12C
52126350	Ppp1r13b	PPP1R13B
52137914	Ppp1r13l	PPP1R13L
52127161	Ppp1r14a	PPP1R14A
52131644	Ppp1r14c	PPP1R14C
52138471	Ppp1r14d	PPP1R14D
52137096	Ppp1r15a	PPP1R15A
52133479	Ppp1r15b	PPP1R15B
52135808	Ppp1r16a	PPP1R16A
52133758	Ppp1r16b	PPP1R16B
52135481	Ppp1r18	PPP1R18
52144250	Ppp1r1a	PPP1R1A
52140655	Ppp1r1b	PPP1R1B
52139407	Ppp1r21	PPP1R21
52138111	Ppp1r26	PPP1R26
52128048	Ppp1r27	PPP1R27
52138213	Ppp1r35	PPP1R35
52131474	Ppp1r37	PPP1R37
52137121	Ppp1r3b	PPP1R3B
52138602	Ppp1r3d	PPP1R3D
52144252	Ppp1r3e	PPP1R3E
52144253	Ppp1r3f	PPP1R3F
52131521	Ppp1r7	PPP1R7
52133142	Ppp1r8	PPP1R8
52135988	Ppp1r9a	PPP1R9A
52133143	Ppp1r9b	PPP1R9B
52133144	Ppp2ca	PPP2CA
52128774	Ppp2cb	PPP2CB
52131304	Ppp2r1a	PPP2R1A
52131305	Ppp2r1b	PPP2R1B
52132401	Ppp2r2a	PPP2R2A
52133145	Ppp2r2b	PPP2R2B
52133146	Ppp2r2c	PPP2R2C
52133136	Ppp2r2d	PPP2R2D
52133157	Ppp2r3a	PPP2R3A
52131362	Ppp2r3d	PPP2R3B
52138701	Ppp2r3c	PPP2R3C
52135194	Ppp2r5a	PPP2R5A
52140546	Ppp2r5b	PPP2R5B
52133147	Ppp2r5c	PPP2R5C
52139115	Ppp2r5d	PPP2R5D
52133148	Ppp2r5e	PPP2R5E
52130162	Ppp3ca	PPP3CA
52144254	Ppp3cb	PPP3CB
52132014	Ppp3cc	PPP3CC
52133150	Ppp3r1	PPP3R1
52133151	Ppp4c	PPP4C
52138714	Ppp4r1	PPP4R1
52129765	Ppp4r2	PPP4R2
52135763	Ppp4r4	PPP4R4
52129592	Ppp5c	PPP5C
52138782	Ppp6c	PPP6C
52144255	Ppp6r1	PPP6R1
52129690	Ppp6r2	PPP6R2
52129450	Ppp6r3	PPP6R3
52129414	Pprc1	PPRC1
52137255	Ppt1	PPT1
52133152	Ppt2	PPT2
52133153	Pptc7	PPTC7
52138482	Ppwd1	PPWD1
52133154	Pqbp1	PQBP1
52144257	Pradc1	PRADC1
52131350	Praf2	PRAF2
52144258	Pram1	PRAM1
52126229	Prc1	PRC1
52134359	Prcc	PRCC
52139344	Prcp	PRCP
52125768	Prdm1	PRDM1
52134024	Prdm10	PRDM10
52140122	Prdm11	PRDM11
52129307	Prdm14	PRDM14
52140308	Prdm15	PRDM15
52129255	Prdm16	PRDM16
52133160	Prdm2	PRDM2
52144305	Prdm4	PRDM4
52130950	Prdx1	PRDX1
52126468	Prdx2	PRDX2
52126529	Prdx3	PRDX3
52128952	Prdx4	PRDX4
52137867	Prdx5	PRDX5
52133452	Preb	PREB
52133164	Prelid1	PRELID1
52144306	Prelid2	PRELID2
52133585	Prelp	PRELP
52131627	Prep	PREP
52135261	Prepl	PREPL
52144307	Prex1	PREX1
52133165	Prf1	PRF1
52129173	Prickle1	PRICKLE1
52126624	Prickle2	PRICKLE2
52134192	Prickle3	PRICKLE3
52128389	Prim1	PRIM1
52136654	Prim2	PRIM2
52125386	Prkaa1	PRKAA1
52125387	Prkaa2	PRKAA2
52128292	Prkab1	PRKAB1
52138588	Prkab2	PRKAB2
52133167	Prkaca	PRKACA
52133168	Prkacb	PRKACB
52136710	Prkag1	PRKAG1
52133169	Prkag2	PRKAG2
52131501	Prkar1a	PRKAR1A
52138226	Prkar1b	PRKAR1B
52133171	Prkar2a	PRKAR2A
52144311	Prkar2b	PRKAR2B
52131603	Prkca	PRKCA
52133172	Prkcb	PRKCB
52128723	Prkcd	PRKCD
52130213	Prkce	PRKCE
52135295	Prkcg	PRKCG
52133173	Prkch	PRKCH
52125450	Prkci	PRKCI
52134485	Prkcq	PRKCQ
52138718	Prkcsh	PRKCSH
52133099	Prkcz	PRKCZ
52125847	Prkd2	PRKD2
52139659	Prkd3	PRKD3
52128506	Prkdc	PRKDC
52135195	Prkg2	PRKG2
52131865	Prkra	PRKRA
52140620	Prkrip1	PRKRIP1
52134572	Prlr	PRLR
52128874	Prmt1	PRMT1
52131009	Prmt2	PRMT2
52131010	Prmt3	PRMT3
52133199	Prmt5	PRMT5
52131012	Prmt6	PRMT6
52139054	Prmt7	PRMT7
52133200	Prnp	PRNP
52131848	Prob1	PROB1
52133201	Proc	PROC
52140595	Proca1	PROCA1
52144316	Procr	PROCR
52129198	Prodh	PRODH
52128805	Prodh2	PRODH2
52129038	Prom1	PROM1
52138280	Pros1	PROS1
52140618	Proser1	PROSER1
52144317	Proser2	PROSER2
52133211	Prox1	PROX1
52133212	Prox2	PROX2
52136014	Proz	PROZ
52139347	Prpf18	PRPF18
52128780	Prpf19	PRPF19
52131002	Prpf3	PRPF3
52139055	Prpf31	PRPF31
52128352	Prpf38a	PRPF38A
52137046	Prpf38b	PRPF38B
52128365	Prpf39	PRPF39
52132449	Prpf4	PRPF4
52128785	Prpf40a	PRPF40A
52144318	Prpf40b	PRPF40B
52144319	Prpf6	PRPF6
52131065	Prpf8	PRPF8
52133111	Prph	PRPH
52144320	Prps2	PRPS2
52139348	Prpsap1	PRPSAP1
52137193	Prpsap2	PRPSAP2
52134137	Prr11	PRR11
52130302	Prr12	PRR12
52130581	Prr13	PRR13
52129509	Prr14	PRR14
52129989	Prr14l	PRR14L
52144321	Prr15	PRR15
52125569	Prr15l	PRR15L
52131845	Prr18	PRR18
52144323	Prr22	PRR22
52144330	Prr3	PRR3
52133214	Prr5	PRR5
52133992	Prr5l	PRR5L
52144333	Prr7	PRR7
52129944	Prrc1	PRRC1
52144335	Prrc2a	PRRC2A
52140557	Prrc2b	PRRC2B
52134170	Prrc2c	PRRC2C
52137623	Prrg1	PRRG1
52140810	Prrg2	PRRG2
52137708	Prrg4	PRRG4
52134411	Prrt1	PRRT1
52140826	Prrt3	PRRT3
52130112	Prrt4	PRRT4
52126306	Prrx1	PRRX1
52144338	Prrx2	PRRX2
52134032	Prss12	PRSS12
52132261	Prss16	PRSS16
52144340	Prss22	PRSS22
52128687	Prss23	PRSS23
52129675	Prss27	PRSS27
52144342	Prss36	PRSS36
52144355	Prss57	PRSS57
52138405	Prss8	PRSS8
52131874	Prune2	PRUNE2
52129870	Prx	PRX
52126552	Psap	PSAP
52129853	Psat1	PSAT1
52134023	Psd	PSD
52130214	Psd3	PSD3
52144361	Psd4	PSD4
52133162	Psen1	PSEN1
52133163	Psen2	PSEN2
52133046	Psenen	PSENEN
52129411	Psip1	PSIP1
52134264	Pskh1	PSKH1
52139535	Psma1	PSMA1
52133222	Psma2	PSMA2
52131469	Psma3	PSMA3
52137152	Psma4	PSMA4
52139327	Psma5	PSMA5
52139532	Psma6	PSMA6
52137318	Psma7	PSMA7
52133207	Psmb1	PSMB1
52125728	Psmb10	PSMB10
52139451	Psmb2	PSMB2
52133208	Psmb3	PSMB3
52131465	Psmb4	PSMB4
52125732	Psmb5	PSMB5
52125724	Psmb6	PSMB6
52125727	Psmb7	PSMB7
52125733	Psmb8	PSMB8
52125726	Psmb9	PSMB9
52133223	Psmc1	PSMC1
52138960	Psmc2	PSMC2
52136839	Psmc3	PSMC3
52139322	Psmc3ip	PSMC3IP
52137164	Psmc4	PSMC4
52136666	Psmc5	PSMC5
52128792	Psmc6	PSMC6
52138732	Psmd1	PSMD1
52130551	Psmd10	PSMD10
52131779	Psmd11	PSMD11
52129421	Psmd12	PSMD12
52138807	Psmd13	PSMD13
52138427	Psmd14	PSMD14
52139028	Psmd2	PSMD2
52139014	Psmd3	PSMD3
52130141	Psmd4	PSMD4
52131561	Psmd5	PSMD5
52136591	Psmd6	PSMD6
52137178	Psmd7	PSMD7
52128483	Psmd8	PSMD8
52136809	Psmd9	PSMD9
52130402	Psme1	PSME1
52132960	Psme3	PSME3
52134780	Psme4	PSME4
52139546	Psmf1	PSMF1
52128008	Psmg1	PSMG1
52136328	Psmg2	PSMG2
52131895	Psmg3	PSMG3
52140732	Psmg4	PSMG4
52130291	Pspc1	PSPC1
52137887	Psph	PSPH
52144363	Pspn	PSPN
52144364	Psrc1	PSRC1
52144365	Pstk	PSTK
52135438	Pstpip1	PSTPIP1
52134536	Pstpip2	PSTPIP2
52135489	Ptafr	PTAFR
52133867	Ptar1	PTAR1
52125806	Ptbp1	PTBP1
52131899	Ptbp2	PTBP2
52133379	Ptbp3	PTBP3
52144366	Ptcd1	PTCD1
52137885	Ptcd2	PTCD2
52128363	Ptcd3	PTCD3
52125769	Ptch1	PTCH1
52144368	Ptcra	PTCRA
52133226	Ptdss1	PTDSS1
52140799	Ptdss2	PTDSS2
52128370	Pten	PTEN
52138231	Pter	PTER
52144369	Ptgdr	PTGDR
52126214	Ptgds	PTGDS
52128173	Ptger1	PTGER1
52131602	Ptger3	PTGER3
52128176	Ptger4	PTGER4
52138840	Ptges2	PTGES2
52127160	Ptges3	PTGES3
52133228	Ptgfrn	PTGFRN
52133229	Ptgis	PTGIS
52132308	Ptgr1	PTGR1
52131420	Ptgr2	PTGR2
52127147	Ptgs1	PTGS1
52133233	Pthlh	PTHLH
52128537	Ptk2	PTK2
52131385	Ptk2b	PTK2B
52134214	Ptk6	PTK6
52133234	Ptk7	PTK7
52126436	Ptma	PTMA
52144372	Ptms	PTMS
52138891	Ptov1	PTOV1
52128926	Ptp4a1	PTP4A1
52129225	Ptp4a2	PTP4A2
52133192	Ptp4a3	PTP4A3
52133236	Ptpdc1	PTPDC1
52130361	Ptpn1	PTPN1
52128402	Ptpn11	PTPN11
52139011	Ptpn12	PTPN12
52136853	Ptpn13	PTPN13
52144373	Ptpn14	PTPN14
52137920	Ptpn18	PTPN18
52126579	Ptpn2	PTPN2
52133056	Ptpn21	PTPN21
52135713	Ptpn22	PTPN22
52133239	Ptpn23	PTPN23
52129347	Ptpn3	PTPN3
52128412	Ptpn4	PTPN4
52140528	Ptpn5	PTPN5
52130077	Ptpn6	PTPN6
52140534	Ptpn7	PTPN7
52134067	Ptpn9	PTPN9
52133393	Ptpra	PTPRA
52139592	Ptprb	PTPRB
52126827	Ptprc	PTPRC
52133240	Ptprd	PTPRD
52135612	Ptpre	PTPRE
52130079	Ptprf	PTPRF
52140531	Ptprg	PTPRG
52135224	Ptprh	PTPRH
52127442	Ptprj	PTPRJ
52126382	Ptprk	PTPRK
52126673	Ptprm	PTPRM
52129452	Ptprn	PTPRN
52129504	Ptprn2	PTPRN2
52138304	Ptpro	PTPRO
52133889	Ptprq	PTPRQ
52133736	Ptprr	PTPRR
52133241	Ptprs	PTPRS
52140529	Ptprt	PTPRT
52130139	Ptpru	PTPRU
52137908	Ptrh1	PTRH1
52137248	Ptrh2	PTRH2
52135568	Ptrhd1	PTRHD1
52138428	Pts	PTS
52128836	Pttg1ip	PTTG1IP
52129335	Puf60	PUF60
52129160	Pum1	PUM1
52133795	Pum2	PUM2
52133244	Pura	PURA
52133245	Purb	PURB
52140174	Purg	PURG
52136964	Pus1	PUS1
52138514	Pus10	PUS10
52130268	Pus3	PUS3
52140078	Pus7	PUS7
52135384	Pus7l	PUS7L
52140537	Pusl1	PUSL1
52135359	Pvr	PVR
52144380	Pvt1	PVT1
52138832	Pwp1	PWP1
52126416	Pwp2	PWP2
52134827	Pwwp2a	PWWP2A
52140617	Pwwp2b	PWWP2B
52135074	Pxdc1	PXDC1
52144381	Pxdn	PXDN
52133540	Pxk	PXK
52139506	Pxmp2	PXMP2
52129759	Pxmp4	PXMP4
52133248	Pxn	PXN
52125461	Pycard	PYCARD
52133250	Pycr1	PYCR1
52133251	Pycr2	PYCR2
52139925	Pygb	PYGB
52139071	Pygl	PYGL
52131826	Pygm	PYGM
52144383	Pygo2	PYGO2
52133413	Pyroxd1	PYROXD1
52131776	Pyroxd2	PYROXD2
52127460	Qdpr	QDPR
52140818	Qpct	QPCT
52129002	Qpctl	QPCTL
52144384	Qprt	QPRT
52130219	Qrich1	QRICH1
52144386	Qrich2	QRICH2
52137177	Qrsl1	QRSL1
52129360	Qser1	QSER1
52130367	Qsox1	QSOX1
52140559	Qsox2	QSOX2
52139080	Qtrt1	QTRT1
52135208	R3hcc1	R3HCC1
52129580	R3hcc1l	R3HCC1L
52130111	R3hdm1	R3HDM1
52144387	R3hdm2	R3HDM2
52138357	R3hdm4	R3HDM4
52139537	Rab10	RAB10
52129518	Rab11a	RAB11A
52133258	Rab11b	RAB11B
52133259	Rab11fip1	RAB11FIP1
52144389	Rab11fip2	RAB11FIP2
52134041	Rab11fip3	RAB11FIP3
52133260	Rab11fip4	RAB11FIP4
52131641	Rab11fip5	RAB11FIP5
52137813	Rab12	RAB12
52126561	Rab13	RAB13
52126535	Rab14	RAB14
52135485	Rab15	RAB15
52144390	Rab17	RAB17
52129548	Rab18	RAB18
52139682	Rab19	RAB19
52128686	Rab20	RAB20
52138286	Rab21	RAB21
52131525	Rab22a	RAB22A
52137716	Rab23	RAB23
52131681	Rab24	RAB24
52133261	Rab25	RAB25
52144391	Rab26	RAB26
52137972	Rab27a	RAB27A
52133746	Rab27b	RAB27B
52137172	Rab28	RAB28
52126547	Rab2a	RAB2A
52144393	Rab2b	RAB2B
52137415	Rab30	RAB30
52133550	Rab31	RAB31
52126640	Rab32	RAB32
52138242	Rab33a	RAB33A
52137959	Rab33b	RAB33B
52133262	Rab34	RAB34
52133263	Rab35	RAB35
52138308	Rab36	RAB36
52139983	Rab37	RAB37
52133264	Rab38	RAB38
52133266	Rab3a	RAB3A
52135139	Rab3b	RAB3B
52139581	Rab3c	RAB3C
52129866	Rab3d	RAB3D
52130204	Rab3gap1	RAB3GAP1
52134378	Rab3gap2	RAB3GAP2
52140616	Rab3il1	RAB3IL1
52133274	Rab3ip	RAB3IP
52126404	Rab40c	RAB40C
52137329	Rab42	RAB42
52138253	Rab43	RAB43
52133843	Rab44	RAB44
52129618	Rab4a	RAB4A
52130125	Rab5a	RAB5A
52139168	Rab5b	RAB5B
52136963	Rab5c	RAB5C
52133267	Rab6b	RAB6B
52133269	Rab7	RAB7A
52133270	Rab8a	RAB8A
52133271	Rab8b	RAB8B
52131404	Rab9	RAB9A
52137162	Rabac1	RABAC1
52133272	Rabep1	RABEP1
52138343	Rabep2	RABEP2
52139343	Rabepk	RABEPK
52144396	Rabgap1	RABGAP1
52134222	Rabgap1l	RABGAP1L
52133273	Rabgef1	RABGEF1
52138142	Rabggta	RABGGTA
52130043	Rabggtb	RABGGTB
52137065	Rabif	RABIF
52128877	Rabl3	RABL3
52126104	Rabl6	RABL6
52133277	Rac1	RAC1
52139315	Rac2	RAC2
52133278	Rac3	RAC3
52132839	Racgap1	RACGAP1
52138834	Rad1	RAD1
52139384	Rad17	RAD17
52138711	Rad18	RAD18
52133279	Rad21	RAD21
52133280	Rad23a	RAD23A
52131004	Rad23b	RAD23B
52131441	Rad50	RAD50
52136834	Rad51	RAD51
52134488	Rad51ap1	RAD51AP1
52133281	Rad51b	RAD51B
52128672	Rad51c	RAD51C
52139186	Rad51d	RAD51D
52137884	Rad52	RAD52
52144398	Rad54b	RAD54B
52138794	Rad54l	RAD54L
52129381	Rad54l2	RAD54L2
52138778	Rad9a	RAD9A
52133282	Rad9b	RAD9B
52138820	Rae1	RAE1
52127180	Raf1	RAF1
52144405	Rai1	RAI1
52131514	Rai14	RAI14
52139704	Rai2	RAI2
52128756	Rala	RALA
52133286	Ralb	RALB
52139158	Ralbp1	RALBP1
52130552	Ralgapa1	RALGAPA1
52140830	Ralgapa2	RALGAPA2
52139666	Ralgapb	RALGAPB
52133288	Ralgds	RALGDS
52138493	Ralgps1	RALGPS1
52133896	Ralgps2	RALGPS2
52137569	Raly	RALY
52139345	Ramp1	RAMP1
52138605	Ramp2	RAMP2
52144408	Ramp3	RAMP3
52130943	Ranbp1	RANBP1
52134185	Ranbp10	RANBP10
52132799	Ranbp2	RANBP2
52133290	Ranbp3	RANBP3
52144410	Ranbp3l	RANBP3L
52144411	Ranbp6	RANBP6
52126408	Ranbp9	RANBP9
52133291	Rangap1	RANGAP1
52132518	Rangrf	RANGRF
52133295	Rap1a	RAP1A
52133296	Rap1gap	RAP1GAP
52138260	Rap1gap2	RAP1GAP2
52140548	Rap1gds1	RAP1GDS1
52135879	Rap2a	RAP2A
52137222	Rap2b	RAP2B
52128925	Rap2c	RAP2C
52133298	Rapgef1	RAPGEF1
52128385	Rapgef2	RAPGEF2
52135519	Rapgef3	RAPGEF3
52133299	Rapgef4	RAPGEF4
52130366	Rapgef5	RAPGEF5
52136658	Rapgef6	RAPGEF6
52134902	Rapgefl1	RAPGEFL1
52130217	Raph1	RAPH1
52128268	Rara	RARA
52128241	Rarg	RARG
52134429	Rarres2	RARRES2
52138925	Rars2	RARS2
52129724	Rasa1	RASA1
52129847	Rasa2	RASA2
52133928	Rasa3	RASA3
52144414	Rasal1	RASAL1
52129575	Rasal2	RASAL2
52140542	Rasal3	RASAL3
52139025	Rasd1	RASD1
52139026	Rasd2	RASD2
52134871	Rasef	RASEF
52144415	Rasgef1a	RASGEF1A
52129419	Rasgef1b	RASGEF1B
52134459	Rasgrf1	RASGRF1
52133304	Rasgrf2	RASGRF2
52144417	Rasgrp1	RASGRP1
52134519	Rasgrp2	RASGRP2
52138401	Rasgrp3	RASGRP3
52135053	Rasgrp4	RASGRP4
52140681	Rasip1	RASIP1
52135449	Rasl10b	RASL10B
52137696	Rasl11a	RASL11A
52129343	Rasl11b	RASL11B
52138904	Rasl12	RASL12
52137000	Rassf1	RASSF1
52130390	Rassf10	RASSF10
52133305	Rassf2	RASSF2
52140475	Rassf3	RASSF3
52144418	Rassf4	RASSF4
52135765	Rassf5	RASSF5
52131912	Rassf6	RASSF6
52133445	Rassf7	RASSF7
52133791	Rassf9	RASSF9
52137859	Raver1	RAVER1
52136083	Rb1	RB1
52140786	Rb1cc1	RB1CC1
52144419	Rbak	RBAK
52133306	Rbbp4	RBBP4
52138760	Rbbp5	RBBP5
52131979	Rbbp6	RBBP6
52133307	Rbbp7	RBBP7
52137926	Rbbp8	RBBP8
52144420	Rbbp8nl	RBBP8NL
52132019	Rbbp9	RBBP9
52135954	Rbck1	RBCK1
52138444	Rbfa	RBFA
52133313	Rbfox2	RBFOX2
52132650	Rbfox3	RBFOX3
52139325	Rbks	RBKS
52130210	Rbl1	RBL1
52140109	Rbl2	RBL2
52134840	Rbm10	RBM10
52135681	Rbm11	RBM11
52131625	Rbm15	RBM15
52138734	Rbm17	RBM17
52139140	Rbm18	RBM18
52132678	Rbm19	RBM19
52129524	Rbm20	RBM20
52128851	Rbm22	RBM22
52133309	Rbm24	RBM24
52129823	Rbm25	RBM25
52129554	Rbm26	RBM26
52135071	Rbm27	RBM27
52138789	Rbm28	RBM28
52127022	Rbm3	RBM3
52131920	Rbm33	RBM33
52139398	Rbm34	RBM34
52129899	Rbm38	RBM38
52133311	Rbm39	RBM39
52128928	Rbm4	RBM4
52137538	Rbm41	RBM41
52132461	Rbm42	RBM42
52135092	Rbm43	RBM43
52127909	Rbm45	RBM45
52134495	Rbm47	RBM47
52127493	Rbm48	RBM48
52133312	Rbm4b	RBM4B
52137011	Rbm5	RBM5
52131796	Rbm6	RBM6
52128342	Rbm7	RBM7
52128838	Rbm8a	RBM8A
52129776	Rbms1	RBMS1
52137404	Rbms2	RBMS2
52138240	Rbms3	RBMS3
52131658	Rbmx2	RBMX2
52133314	Rbp1	RBP1
52127184	Rbp2	RBP2
52128798	Rbp4	RBP4
52133315	Rbp7	RBP7
52131291	Rbpj	RBPJ
52133739	Rbpms	RBPMS
52130891	Rbpms2	RBPMS2
52131554	Rbx1	RBX1
52133318	Rc3h1	RC3H1
52134504	Rc3h2	RC3H2
52128006	Rcan1	RCAN1
52139279	Rcan2	RCAN2
52128007	Rcan3	RCAN3
52130148	Rcbtb1	RCBTB1
52144431	Rcbtb2	RCBTB2
52130264	Rcc1	RCC1
52136825	Rcc2	RCC2
52129462	Rccd1	RCCD1
52131565	Rce1	RCE1
52136832	Rchy1	RCHY1
52137651	Rcl1	RCL1
52131973	Rcn1	RCN1
52135439	Rcn2	RCN2
52136830	Rcn3	RCN3
52127139	Rcor1	RCOR1
52139200	Rcor2	RCOR2
52134625	Rcor3	RCOR3
52138171	Rcsd1	RCSD1
52126578	Rdh10	RDH10
52137273	Rdh11	RDH11
52137272	Rdh12	RDH12
52129728	Rdh13	RDH13
52130347	Rdh14	RDH14
52131018	Rdh5	RDH5
52137603	Rdm1	RDM1
52144437	Rdx	RDX
52138082	Rec8	REC8
52137766	Recql	RECQL
52140426	Recql4	RECQL4
52133328	Recql5	RECQL5
52135331	Reep1	REEP1
52137684	Reep2	REEP2
52129448	Reep3	REEP3
52144440	Reep4	REEP4
52128693	Reep5	REEP5
52137483	Reep6	REEP6
52133915	Reg4	REG4
52127189	Rel	REL
52132662	Rela	RELA
52130292	Relb	RELB
52140905	Rell1	RELL1
52138077	Rell2	RELL2
52139197	Relt	RELT
52133885	Rem2	REM2
52129425	Renbp	RENBP
52144442	Rep15	REP15
52144443	Repin1	REPIN1
52135325	Reps1	REPS1
52139702	Reps2	REPS2
52139034	Rer1	RER1
52125623	Rere	RERE
52133742	Rerg	RERG
52132777	Rest	REST
52127190	Ret	RET
52133333	Retsat	RETSAT
52135636	Rev1	REV1
52131498	Rev3l	REV3L
52129052	Rexo1	REXO1
52144450	Rexo2	REXO2
52131944	Rexo4	REXO4
52135135	Rfc1	RFC1
52137793	Rfc2	RFC2
52126269	Rfc3	RFC3
52138962	Rfc4	RFC4
52137729	Rfc5	RFC5
52137850	Rfesd	RFESD
52139256	Rffl	RFFL
52135109	Rfk	RFK
52129688	Rfng	RFNG
52135491	Rft1	RFT1
52134062	Rftn1	RFTN1
52137242	Rftn2	RFTN2
52140701	Rfwd3	RFWD3
52131549	Rfx1	RFX1
52126157	Rfx2	RFX2
52138160	Rfx3	RFX3
52134358	Rfx5	RFX5
52135923	Rfx6	RFX6
52129330	Rfx7	RFX7
52133921	Rfxank	RFXANK
52134140	Rfxap	RFXAP
52133472	Rgcc	RGCC
52139206	Rgl1	RGL1
52131532	Rgl2	RGL2
52133338	Rgl3	RGL3
52131072	Rgma	RGMA
52127906	Rgmb	RGMB
52139402	Rgn	RGN
52139452	Rgp1	RGP1
52134538	Rgs1	RGS1
52144455	Rgs10	RGS10
52138555	Rgs11	RGS11
52126657	Rgs12	RGS12
52133340	Rgs13	RGS13
52133341	Rgs14	RGS14
52137691	Rgs16	RGS16
52139553	Rgs17	RGS17
52138257	Rgs18	RGS18
52138655	Rgs19	RGS19
52128504	Rgs2	RGS2
52144456	Rgs22	RGS22
52131547	Rgs3	RGS3
52126391	Rgs4	RGS4
52130083	Rgs5	RGS5
52130930	Rgs6	RGS6
52133343	Rgs7	RGS7
52130284	Rgs7bp	RGS7BP
52139580	Rgs8	RGS8
52133344	Rgs9	RGS9
52133257	Rgs9bp	RGS9BP
52137719	Rhbdd1	RHBDD1
52135456	Rhbdd2	RHBDD2
52133999	Rhbdd3	RHBDD3
52133346	Rhbdf1	RHBDF1
52144458	Rhbdf2	RHBDF2
52138708	Rhbdl2	RHBDL2
52134992	Rhbdl3	RHBDL3
52130294	Rhbg	RHBG
52139113	Rheb	RHEB
52127988	Rhebl1	RHEBL1
52134906	Rhno1	RHNO1
52125487	Rhoa	RHOA
52144459	Rhob	RHOB
52139657	Rhobtb1	RHOBTB1
52135480	Rhobtb2	RHOBTB2
52135672	Rhobtb3	RHOBTB3
52133347	Rhoc	RHOC
52137831	Rhod	RHOD
52137832	Rhof	RHOF
52133348	Rhog	RHOG
52140029	Rhoh	RHOH
52134966	Rhoj	RHOJ
52137196	Rhoq	RHOQ
52132487	Rhot1	RHOT1
52132488	Rhot2	RHOT2
52128781	Rhou	RHOU
52133486	Rhov	RHOV
52133551	Ribc1	RIBC1
52133349	Ric3	RIC3
52130306	Ric8b	RIC8B
52131476	Rictor	RICTOR
52129431	Rif1	RIF1
52144471	Riiad1	RIIAD1
52140465	Rilp	RILP
52137297	Rilpl1	RILPL1
52128328	Rilpl2	RILPL2
52133352	Rimbp2	RIMBP2
52133354	Rims2	RIMS2
52134477	Rims3	RIMS3
52134387	Rims4	RIMS4
52134131	Rin1	RIN1
52130371	Rin2	RIN2
52130333	Rin3	RIN3
52144473	Ring1	RING1
52140565	Rinl	RINL
52135254	Rint1	RINT1
52129180	Riok1	RIOK1
52128732	Riok3	RIOK3
52133355	Ripk1	RIPK1
52133350	Ripk2	RIPK2
52133356	Ripk3	RIPK3
52137304	Ripk4	RIPK4
52140019	Ripply3	RIPPLY3
52134763	Rit1	RIT1
52131749	Rlf	RLF
52133360	Rlim	RLIM
52138530	Rmdn1	RMDN1
52144478	Rmdn2	RMDN2
52128654	Rmdn3	RMDN3
52138742	Rmi1	RMI1
52135955	Rmi2	RMI2
52137910	Rmnd1	RMND1
52144479	Rmnd5a	RMND5A
52139134	Rmnd5b	RMND5B
52127995	Rnase1	RNASE1
52127993	Rnase4	RNASE4
52144495	Rnase6	RNASE6
52139385	Rnaseh1	RNASEH1
52138798	Rnaseh2a	RNASEH2A
52138856	Rnaseh2b	RNASEH2B
52129250	Rnaseh2c	RNASEH2C
52129310	Rnasek	RNASEK
52144497	Rnasel	RNASEL
52125508	Rnd1	RND1
52125507	Rnd2	RND2
52125488	Rnd3	RND3
52129358	Rnf10	RNF10
52139401	Rnf103	RNF103
52137963	Rnf11	RNF11
52139711	Rnf111	RNF111
52137468	Rnf114	RNF114
52133359	Rnf115	RNF115
52125344	Rnf121	RNF121
52133798	Rnf122	RNF122
52144499	Rnf123	RNF123
52144500	Rnf125	RNF125
52138384	Rnf126	RNF126
52133361	Rnf128	RNF128
52137306	Rnf13	RNF13
52136988	Rnf130	RNF130
52144501	Rnf135	RNF135
52144502	Rnf138	RNF138
52138614	Rnf139	RNF139
52125473	Rnf14	RNF14
52139336	Rnf141	RNF141
52133363	Rnf144a	RNF144A
52138946	Rnf144b	RNF144B
52128429	Rnf145	RNF145
52137214	Rnf146	RNF146
52144503	Rnf148	RNF148
52144504	Rnf149	RNF149
52133364	Rnf150	RNF150
52137750	Rnf152	RNF152
52135616	Rnf157	RNF157
52144505	Rnf166	RNF166
52140555	Rnf167	RNF167
52129916	Rnf168	RNF168
52129615	Rnf169	RNF169
52139003	Rnf170	RNF170
52133366	Rnf180	RNF180
52138815	Rnf181	RNF181
52138174	Rnf183	RNF183
52139097	Rnf185	RNF185
52144506	Rnf186	RNF186
52144507	Rnf187	RNF187
52130262	Rnf19a	RNF19A
52135985	Rnf19b	RNF19B
52128422	Rnf2	RNF2
52140791	Rnf20	RNF20
52134982	Rnf208	RNF208
52132599	Rnf213	RNF213
52129243	Rnf214	RNF214
52134164	Rnf215	RNF215
52134549	Rnf216	RNF216
52144509	Rnf217	RNF217
52134493	Rnf220	RNF220
52137571	Rnf24	RNF24
52139058	Rnf25	RNF25
52130978	Rnf31	RNF31
52138127	Rnf32	RNF32
52129942	Rnf34	RNF34
52128490	Rnf38	RNF38
52144515	Rnf39	RNF39
52131683	Rnf4	RNF4
52144516	Rnf40	RNF40
52137188	Rnf41	RNF41
52144517	Rnf43	RNF43
52138141	Rnf44	RNF44
52140497	Rnf5	RNF5
52140441	Rnf6	RNF6
52129561	Rnf8	RNF8
52137160	Rnft1	RNFT1
52135152	Rnft2	RNFT2
52132534	Rngtt	RNGTT
52134531	Rnh1	RNH1
52139453	Rnls	RNLS
52129841	Rnmt	RNMT
52125984	Rnpc3	RNPC3
52137440	Rnpep	RNPEP
52129699	Rnpepl1	RNPEPL1
52136675	Rnps1	RNPS1
52126429	Robo3	ROBO3
52140489	Rock1	ROCK1
52126493	Rock2	ROCK2
52130084	Rogdi	ROGDI
52138846	Rom1	ROM1
52139141	Romo1	ROMO1
52135965	Ropn1l	ROPN1L
52140047	Ror2	ROR2
52130607	Rora	RORA
52132767	Rorc	RORC
52127211	Ros1	ROS1
52131550	Rp9	RP9
52137191	Rpa1	RPA1
52131303	Rpa2	RPA2
52131450	Rpa3	RPA3
52138162	Rpain	RPAIN
52140413	Rpap1	RPAP1
52131816	Rpap2	RPAP2
52144522	Rpap3	RPAP3
52125854	Rpf1	RPF1
52125853	Rpf2	RPF2
52133385	Rpgr	RPGR
52135766	Rpgrip1	RPGRIP1
52133784	Rpgrip1l	RPGRIP1L
52144523	Rph3al	RPH3AL
52137591	Rpia	RPIA
52128479	Rpl10	RPL10
52136959	Rpl10a	RPL10A
52139321	Rpl11	RPL11
52136683	Rpl12	RPL12
52139447	Rpl13	RPL13
52129637	Rpl13a	RPL13A
52132451	Rpl14	RPL14
52136702	Rpl15	RPL15
52128516	Rpl18	RPL18
52138844	Rpl18a	RPL18A
52136698	Rpl19	RPL19
52136759	Rpl21	RPL21
52138018	Rpl22	RPL22
52128507	Rpl22l1	RPL22L1
52128702	Rpl23	RPL23
52136708	Rpl23a	RPL23A
52126992	Rpl24	RPL24
52129617	Rpl27	RPL27
52128484	Rpl27a	RPL27A
52133386	Rpl28	RPL28
52136726	Rpl3	RPL3
52128480	Rpl30	RPL30
52129787	Rpl31	RPL31
52138090	Rpl32	RPL32
52126968	Rpl35	RPL35
52139563	Rpl35a	RPL35A
52135236	Rpl38	RPL38
52128727	Rpl39	RPL39
52144526	Rpl3l	RPL3L
52128508	Rpl4	RPL4
52144527	Rpl41	RPL41
52130008	Rpl5	RPL5
52125057	Rpl6	RPL6
52125698	Rpl7	RPL7
52136711	Rpl7a	RPL7A
52136864	Rpl7l1	RPL7L1
52139103	Rpl8	RPL8
52136663	Rpn1	RPN1
52129154	Rpn2	RPN2
52133390	Rpp21	RPP21
52130618	Rpp25	RPP25
52125938	Rpp25l	RPP25L
52130370	Rpp30	RPP30
52129259	Rpp38	RPP38
52133391	Rpp40	RPP40
52137174	Rprd1a	RPRD1A
52128800	Rprd1b	RPRD1B
52130357	Rprd2	RPRD2
52138485	Rprml	RPRML
52139029	Rps10	RPS10
52125049	Rps11	RPS11
52128492	Rps12	RPS12
52128758	Rps13	RPS13
52128471	Rps14	RPS14
52136707	Rps15	RPS15
52136736	Rps15a	RPS15A
52131439	Rps16	RPS16
52139243	Rps17	RPS17
52139124	Rps19	RPS19
52140579	Rps19bp1	RPS19BP1
52129620	Rps2	RPS2
52136946	Rps20	RPS20
52138860	Rps21	RPS21
52138535	Rps23	RPS23
52136694	Rps24	RPS24
52139154	Rps25	RPS25
52130934	Rps27a	RPS27A
52133392	Rps27l	RPS27L
52128713	Rps28	RPS28
52137948	Rps29	RPS29
52128742	Rps3	RPS3
52128694	Rps3a1	RPS3A
52136701	Rps4x	RPS4X
52127009	Rps5	RPS5
52136703	Rps6	RPS6
52131047	Rps6ka1	RPS6KA1
52144529	Rps6ka2	RPS6KA2
52138339	Rps6ka3	RPS6KA3
52135507	Rps6ka4	RPS6KA4
52135812	Rps6ka5	RPS6KA5
52137312	Rps6ka6	RPS6KA6
52129503	Rps6kb1	RPS6KB1
52144530	Rps6kb2	RPS6KB2
52131632	Rps6kc1	RPS6KC1
52140626	Rps6kl1	RPS6KL1
52139125	Rps7	RPS7
52132450	Rps8	RPS8
52130942	Rps9	RPS9
52139615	Rptor	RPTOR
52129781	Rpusd1	RPUSD1
52140691	Rpusd2	RPUSD2
52144532	Rpusd3	RPUSD3
52134017	Rpusd4	RPUSD4
52129837	Rrad	RRAD
52137079	Rraga	RRAGA
52137078	Rragb	RRAGB
52133395	Rragc	RRAGC
52138403	Rragd	RRAGD
52128795	Rras	RRAS
52137051	Rras2	RRAS2
52126339	Rrbp1	RRBP1
52131067	Rreb1	RREB1
52133053	Rrh	RRH
52126364	Rrm1	RRM1
52126138	Rrm2	RRM2
52129012	Rrm2b	RRM2B
52144533	Rrp1	RRP1
52131680	Rrp12	RRP12
52136677	Rrp15	RRP15
52126387	Rrp1b	RRP1B
52126263	Rrp36	RRP36
52130335	Rrp8	RRP8
52133377	Rrp9	RRP9
52130250	Rrs1	RRS1
52136982	Rsad1	RSAD1
52134607	Rsad2	RSAD2
52144534	Rsbn1	RSBN1
52144535	Rsbn1l	RSBN1L
52129879	Rsf1	RSF1
52135134	Rsl1d1	RSL1D1
52125878	Rsl24d1	RSL24D1
52131462	Rsph1	RSPH1
52133876	Rsph9	RSPH9
52134984	Rspo4	RSPO4
52134554	Rspry1	RSPRY1
52139276	Rsrc1	RSRC1
52131290	Rsrc2	RSRC2
52128226	Rsu1	RSU1
52126181	Rtca	RTCA
52139159	Rtcb	RTCB
52137922	Rtel1	RTEL1
52128831	Rtf1	RTF1
52133404	Rtkn	RTKN
52133118	Rtkn2	RTKN2
52128975	Rtn1	RTN1
52133405	Rtn2	RTN2
52137144	Rtn3	RTN3
52132738	Rtn4	RTN4
52138954	Rtn4ip1	RTN4IP1
52132669	Rtn4r	RTN4R
52132671	Rtn4rl1	RTN4RL1
52140351	Rtp4	RTP4
52134021	Rttn	RTTN
52140376	Rufy1	RUFY1
52137275	Rufy2	RUFY2
52131803	Rufy3	RUFY3
52135082	Rundc1	RUNDC1
52133297	Rundc3a	RUNDC3A
52137486	Rundc3b	RUNDC3B
52125382	Runx1	RUNX1
52137190	Runx1t1	RUNX1T1
52139903	Runx2	RUNX2
52133408	Runx3	RUNX3
52135762	Rusc1	RUSC1
52134534	Rusc2	RUSC2
52133130	Ruvbl1	RUVBL1
52132234	Ruvbl2	RUVBL2
52139552	Rwdd1	RWDD1
52144547	Rwdd2a	RWDD2A
52135154	Rwdd2b	RWDD2B
52139126	Rwdd3	RWDD3
52134173	Rwdd4a	RWDD4
52133410	Rxfp2	RXFP2
52128249	Rxra	RXRA
52128250	Rxrb	RXRB
52126322	Rybp	RYBP
52136829	Ryk	RYK
52131566	Ryr1	RYR1
52133412	Ryr3	RYR3
52139922	S100a1	S100A1
52130958	S100a10	S100A10
52134978	S100a11	S100A11
52130338	S100a13	S100A13
52130337	S100a14	S100A14
52129648	S100a16	S100A16
52131619	S100a5	S100A5
52128464	S100a6	S100A6
52134994	S100b	S100B
52144555	S100g	S100G
52144556	S100pbp	S100PBP
52137243	S100z	S100Z
52128080	S1pr2	S1PR2
52131341	S1pr4	S1PR4
52138704	Saal1	SAAL1
52129742	Sac3d1	SAC3D1
52129533	Sacm1l	SACM1L
52134898	Sacs	SACS
52128442	Sae1	SAE1
52136843	Safb	SAFB
52136844	Safb2	SAFB2
52125536	Sag	SAG
52128808	Sall2	SALL2
52133769	Samd1	SAMD1
52133421	Samd10	SAMD10
52133422	Samd11	SAMD11
52133902	Samd12	SAMD12
52138193	Samd13	SAMD13
52140897	Samd14	SAMD14
52144558	Samd15	SAMD15
52140189	Samd4	SAMD4A
52133423	Samd8	SAMD8
52133424	Samd9l	SAMD9L
52135866	Samhd1	SAMHD1
52137583	Samm50	SAMM50
52133425	Samsn1	SAMSN1
52135652	Sap130	SAP130
52139106	Sap18	SAP18
52144561	Sap25	SAP25
52136682	Sap30	SAP30
52128829	Sap30bp	SAP30BP
52136681	Sap30l	SAP30L
52125392	Sapcd2	SAPCD2
52129665	Sar1a	SAR1A
52133427	Sar1b	SAR1B
52138806	Sardh	SARDH
52136753	Sarnp	SARNP
52139075	Sars2	SARS2
52136466	Sart1	SART1
52128060	Sart3	SART3
52129924	Sash1	SASH1
52140794	Sash3	SASH3
52126870	Sass6	SASS6
52133430	Sat1	SAT1
52133432	Sat2	SAT2
52130389	Satb1	SATB1
52134418	Satb2	SATB2
52144562	Satl1	SATL1
52139439	Sav1	SAV1
52134708	Saysd1	SAYSD1
52138867	Sbds	SBDS
52137280	Sbf1	SBF1
52127080	Sbf2	SBF2
52134157	Sbk1	SBK1
52140301	Sbno1	SBNO1
52133520	Sbno2	SBNO2
52144565	Sbspon	SBSPON
52133575	Sc5d	SC5D
52134918	Scaf1	SCAF1
52133655	Scaf11	SCAF11
52128505	Scaf4	SCAF4
52129492	Scaf8	SCAF8
52134139	Scai	SCAI
52139192	Scamp1	SCAMP1
52137168	Scamp2	SCAMP2
52137579	Scamp3	SCAMP3
52133576	Scamp5	SCAMP5
52144566	Scand1	SCAND1
52135249	Scap	SCAP
52139736	Scaper	SCAPER
52126084	Scarb1	SCARB1
52126820	Scarb2	SCARB2
52136744	Scarf1	SCARF1
52140541	Scarf2	SCARF2
52126367	Sccpdh	SCCPDH
52128154	Scfd1	SCFD1
52135105	Scfd2	SCFD2
52130225	Scg2	SCG2
52139127	Scg3	SCG3
52139110	Scg5	SCG5
52144572	Scgb3a1	SCGB3A1
52137407	Scgn	SCGN
52144574	Scimp	SCIMP
52133950	Scin	SCIN
52129412	Sclt1	SCLT1
52138519	Scly	SCLY
52135113	Scmh1	SCMH1
52135114	Scml2	SCML2
52127490	Scml4	SCML4
52133607	Scn1b	SCN1B
52140216	Scn2b	SCN2B
52127474	Scn3a	SCN3A
52144576	Scn3b	SCN3B
52132618	Scn8a	SCN8A
52128817	Scnm1	SCNM1
52144577	Scnn1a	SCNN1A
52140855	Sco1	SCO1
52129234	Scoc	SCOC
52133609	Scp2	SCP2
52138761	Scpep1	SCPEP1
52132194	Scrib	SCRIB
52144582	Scrn1	SCRN1
52134159	Scrn2	SCRN2
52137142	Scrn3	SCRN3
52144583	Sct	SCT
52133604	Scx	SCX
52130339	Scyl1	SCYL1
52134508	Scyl2	SCYL2
52136727	Scyl3	SCYL3
52126969	Sdad1	SDAD1
52144591	Sdc1	SDC1
52126395	Sdc2	SDC2
52136720	Sdc3	SDC3
52133612	Sdc4	SDC4
52133561	Sdcbp	SDCBP
52133613	Sdcbp2	SDCBP2
52135657	Sdccag8	SDCCAG8
52136867	Sde2	SDE2
52130328	Sdf2	SDF2
52137066	Sdf2l1	SDF2L1
52136903	Sdf4	SDF4
52131652	Sdha	SDHA
52131958	Sdhaf1	SDHAF1
52137261	Sdhaf2	SDHAF2
52130159	Sdhb	SDHB
52128463	Sdhc	SDHC
52133616	Sdhd	SDHD
52135342	Sdk1	SDK1
52130218	Sdk2	SDK2
52133326	Sdr16c5	SDR16C5
52134633	Sdr39u1	SDR39U1
52134742	Sdr42e1	SDR42E1
52144592	Sdr9c7	SDR9C7
52134962	Sdsl	SDSL
52133621	Sec11a	SEC11A
52144593	Sec11c	SEC11C
52126266	Sec13	SEC13
52138728	Sec14l1	SEC14L1
52144594	Sec14l2	SEC14L2
52144596	Sec14l4	SEC14L4
52139621	Sec16a	SEC16A
52131757	Sec16b	SEC16B
52129463	Sec22a	SEC22A
52133622	Sec22b	SEC22B
52133623	Sec22c	SEC22C
52127224	Sec23a	SEC23A
52130423	Sec23b	SEC23B
52128427	Sec23ip	SEC23IP
52140727	Sec24a	SEC24A
52144598	Sec24b	SEC24B
52144599	Sec24c	SEC24C
52125849	Sec24d	SEC24D
52126332	Sec31a	SEC31A
52133624	Sec31b	SEC31B
52126374	Sec61a1	SEC61A1
52144600	Sec61a2	SEC61A2
52128425	Sec61b	SEC61B
52139558	Sec61g	SEC61G
52128936	Sec62	SEC62
52139533	Sec63	SEC63
52131752	Secisbp2	SECISBP2
52138575	Secisbp2l	SECISBP2L
52128330	Seh1l	SEH1L
52130224	Sel1l	SEL1L
52144604	Sel1l3	SEL1L3
52134567	Sell	SELL
52140687	Selplg	SELPLG
52133838	Sema3b	SEMA3B
52134979	Sema3c	SEMA3C
52130119	Sema3e	SEMA3E
52133496	Sema3f	SEMA3F
52144606	Sema3g	SEMA3G
52135712	Sema4a	SEMA4A
52133958	Sema4b	SEMA4B
52133600	Sema4c	SEMA4C
52140808	Sema4d	SEMA4D
52133881	Sema4g	SEMA4G
52136712	Sema5a	SEMA5A
52130158	Sema6a	SEMA6A
52134135	Sema6b	SEMA6B
52133634	Sema6c	SEMA6C
52133635	Sema6d	SEMA6D
52129476	Sema7a	SEMA7A
52130316	Senp1	SENP1
52132011	Senp2	SENP2
52128339	Senp3	SENP3
52134558	Senp5	SENP5
52129593	Senp6	SENP6
52129242	Senp7	SENP7
52138128	Senp8	SENP8
52137054	Sephs1	SEPHS1
52126526	Sephs2	SEPHS2
52136026	Sepsecs	SEPSECS
52139898	Serac1	SERAC1
52129560	Serbp1	SERBP1
52133641	Serf2	SERF2
52140118	Sergef	SERGEF
52136245	Serinc1	SERINC1
52131866	Serinc2	SERINC2
52144611	Serinc3	SERINC3
52140746	Serinc4	SERINC4
52133470	Serinc5	SERINC5
52129624	Serp1	SERP1
52134095	Serp2	SERP2
52144612	Serpinb10	SERPINB10
52125423	Serpinc1	SERPINC1
52138745	Serpine2	SERPINE2
52133642	Serpinf2	SERPINF2
52125887	Serping1	SERPING1
52126232	Serpinh1	SERPINH1
52134128	Serpini1	SERPINI1
52137935	Sertad1	SERTAD1
52131885	Sertad2	SERTAD2
52137934	Sertad3	SERTAD3
52135145	Sertad4	SERTAD4
52134687	Sesn1	SESN1
52140124	Sesn2	SESN2
52126259	Sesn3	SESN3
52126252	Sestd1	SESTD1
52134238	Setbp1	SETBP1
52140300	Setd1a	SETD1A
52131934	Setd1b	SETD1B
52129168	Setd2	SETD2
52128685	Setd3	SETD3
52137860	Setd4	SETD4
52140302	Setd5	SETD5
52136874	Setd6	SETD6
52133646	Setd7	SETD7
52131690	Setdb1	SETDB1
52137339	Setdb2	SETDB2
52138579	Setmar	SETMAR
52137310	Setx	SETX
52144627	Sez6l	SEZ6L
52135527	Sez6l2	SEZ6L2
52136981	Sf1	SF1
52135930	Sf3a1	SF3A1
52138765	Sf3a2	SF3A2
52137195	Sf3a3	SF3A3
52136376	Sf3b1	SF3B1
52128919	Sf3b2	SF3B2
52131294	Sf3b3	SF3B3
52126989	Sf3b4	SF3B4
52134757	Sf3b5	SF3B5
52140265	Sfi1	SFI1
52136986	Sfmbt1	SFMBT1
52136697	Sfn	SFN
52130921	Sfpq	SFPQ
52132405	Sfr1	SFR1
52133650	Sfrp1	SFRP1
52130927	Sfrp2	SFRP2
52133649	Sfrp5	SFRP5
52133658	Sfswap	SFSWAP
52125934	Sft2d1	SFT2D1
52131705	Sft2d2	SFT2D2
52130136	Sft2d3	SFT2D3
52144629	Sfta2	SFTA2
52137408	Sfxn1	SFXN1
52136632	Sfxn2	SFXN2
52138363	Sfxn3	SFXN3
52131854	Sfxn4	SFXN4
52133659	Sfxn5	SFXN5
52128333	Sgcb	SGCB
52135327	Sgip1	SGIP1
52126130	Sgk1	SGK1
52130447	Sgk2	SGK2
52133665	Sgms1	SGMS1
52133666	Sgms2	SGMS2
52144634	Sgpl1	SGPL1
52129725	Sgpp1	SGPP1
52136088	Sgpp2	SGPP2
52137157	Sgsh	SGSH
52133668	Sgsm1	SGSM1
52135823	Sgsm2	SGSM2
52133409	Sgsm3	SGSM3
52130325	Sgta	SGTA
52133669	Sgtb	SGTB
52138348	Sh2b1	SH2B1
52144635	Sh2b2	SH2B2
52127491	Sh2b3	SH2B3
52133671	Sh2d1a	SH2D1A
52144638	Sh2d2a	SH2D2A
52133672	Sh2d3c	SH2D3C
52138777	Sh2d4a	SH2D4A
52128379	Sh2d5	SH2D5
52140347	Sh2d6	SH2D6
52133853	Sh2d7	SH2D7
52137416	Sh3bgr	SH3BGR
52138975	Sh3bgrl	SH3BGRL
52139349	Sh3bgrl2	SH3BGRL2
52135217	Sh3bgrl3	SH3BGRL3
52140758	Sh3bp1	SH3BP1
52134497	Sh3bp2	SH3BP2
52133674	Sh3bp4	SH3BP4
52133675	Sh3bp5	SH3BP5
52132145	Sh3bp5l	SH3BP5L
52137917	Sh3d19	SH3D19
52126588	Sh3gl1	SH3GL1
52133676	Sh3gl2	SH3GL2
52129526	Sh3glb1	SH3GLB1
52133678	Sh3glb2	SH3GLB2
52127019	Sh3kbp1	SH3KBP1
52133679	Sh3pxd2a	SH3PXD2A
52131925	Sh3pxd2b	SH3PXD2B
52129968	Sh3rf1	SH3RF1
52135591	Sh3rf2	SH3RF2
52144640	Sh3tc1	SH3TC1
52135213	Sh3tc2	SH3TC2
52133442	Sh3yl1	SH3YL1
52134976	Shank1	SHANK1
52133681	Shank2	SHANK2
52135090	Shank3	SHANK3
52135953	Sharpin	SHARPIN
52144641	Shb	SHB
52135425	Shc1	SHC1
52135791	Shc2	SHC2
52144642	Shc4	SHC4
52126255	Shcbp1	SHCBP1
52144643	Shcbp1l	SHCBP1L
52134786	Shf	SHF
52129589	Shh	SHH
52133481	Shisa2	SHISA2
52137776	Shisa4	SHISA4
52133687	Shisa5	SHISA5
52133688	Shisa7	SHISA7
52140796	Shkbp1	SHKBP1
52139053	Shmt1	SHMT1
52140241	Shmt2	SHMT2
52134075	Shoc2	SHOC2
52140602	Shprh	SHPRH
52138312	Shq1	SHQ1
52134422	Shroom1	SHROOM1
52130037	Shroom2	SHROOM2
52140711	Shroom3	SHROOM3
52144650	Shroom4	SHROOM4
52138821	Siae	SIAE
52133693	Siah2	SIAH2
52144652	Sidt1	SIDT1
52126301	Sidt2	SIDT2
52133597	Sigirr	SIGIRR
52132850	Sigmar1	SIGMAR1
52130276	Sik1	SIK1
52135522	Sik2	SIK2
52139045	Sik3	SIK3
52134637	Sike1	SIKE1
52134202	Sil1	SIL1
52134244	Simc1	SIMC1
52129159	Sin3a	SIN3A
52130235	Sin3b	SIN3B
52139701	Sipa1	SIPA1
52126477	Sipa1l1	SIPA1L1
52131556	Sipa1l2	SIPA1L2
52135073	Sipa1l3	SIPA1L3
52144655	Sirpa	SIRPA
52131808	Sirt1	SIRT1
52136870	Sirt2	SIRT2
52138378	Sirt3	SIRT3
52131615	Sirt4	SIRT4
52139455	Sirt5	SIRT5
52139319	Sirt6	SIRT6
52134559	Sirt7	SIRT7
52131396	Siva1	SIVA1
52136002	Six5	SIX5
52129334	Ska1	SKA1
52131637	Ska2	SKA2
52129365	Ska3	SKA3
52140403	Skap1	SKAP1
52133577	Skap2	SKAP2
52129315	Ski	SKI
52135627	Skil	SKIL
52131135	Skp2	SKP2
52136025	Sla	SLA
52134562	Sla2	SLA2
52130092	Slain1	SLAIN1
52135778	Slain2	SLAIN2
52144662	Slamf1	SLAMF1
52144663	Slamf6	SLAMF6
52144664	Slamf7	SLAMF7
52126180	Slbp	SLBP
52125549	Slc10a2	SLC10A2
52139299	Slc10a3	SLC10A3
52144667	Slc10a5	SLC10A5
52139440	Slc10a7	SLC10A7
52126384	Slc11a1	SLC11A1
52126383	Slc11a2	SLC11A2
52132251	Slc12a2	SLC12A2
52144669	Slc12a3	SLC12A3
52132007	Slc12a4	SLC12A4
52132096	Slc12a5	SLC12A5
52133743	Slc12a6	SLC12A6
52125762	Slc12a7	SLC12A7
52129846	Slc12a8	SLC12A8
52130399	Slc12a9	SLC12A9
52133441	Slc13a1	SLC13A1
52138442	Slc13a4	SLC13A4
52129753	Slc14a1	SLC14A1
52129752	Slc14a2	SLC14A2
52129720	Slc15a1	SLC15A1
52133048	Slc15a2	SLC15A2
52144670	Slc15a3	SLC15A3
52138831	Slc15a4	SLC15A4
52134168	Slc15a5	SLC15A5
52126438	Slc16a1	SLC16A1
52132394	Slc16a10	SLC16A10
52140717	Slc16a11	SLC16A11
52131648	Slc16a12	SLC16A12
52140718	Slc16a13	SLC16A13
52132396	Slc16a2	SLC16A2
52132395	Slc16a3	SLC16A3
52138341	Slc16a4	SLC16A4
52135324	Slc16a5	SLC16A5
52128908	Slc16a6	SLC16A6
52140166	Slc16a7	SLC16A7
52140757	Slc16a8	SLC16A8
52136027	Slc16a9	SLC16A9
52133482	Slc17a5	SLC17A5
52125565	Slc17a8	SLC17A8
52130613	Slc17a9	SLC17A9
52144672	Slc18a1	SLC18A1
52136590	Slc18a2	SLC18A2
52137379	Slc18b1	SLC18B1
52130278	Slc19a1	SLC19A1
52134196	Slc19a2	SLC19A2
52134074	Slc19a3	SLC19A3
52128057	Slc1a1	SLC1A1
52128056	Slc1a2	SLC1A2
52128054	Slc1a3	SLC1A3
52136003	Slc1a4	SLC1A4
52140149	Slc1a5	SLC1A5
52128058	Slc1a7	SLC1A7
52126101	Slc20a1	SLC20A1
52129894	Slc20a2	SLC20A2
52132828	Slc22a1	SLC22A1
52138495	Slc22a15	SLC22A15
52134231	Slc22a17	SLC22A17
52129465	Slc22a23	SLC22A23
52132830	Slc22a3	SLC22A3
52125901	Slc22a4	SLC22A4
52140316	Slc23a1	SLC23A1
52140387	Slc23a2	SLC23A2
52135990	Slc23a3	SLC23A3
52130728	Slc24a5	SLC24A5
52140781	Slc25a1	SLC25A1
52133745	Slc25a10	SLC25A10
52128361	Slc25a11	SLC25A11
52125474	Slc25a12	SLC25A12
52144680	Slc25a13	SLC25A13
52136414	Slc25a14	SLC25A14
52132914	Slc25a15	SLC25A15
52137032	Slc25a16	SLC25A16
52135670	Slc25a17	SLC25A17
52137809	Slc25a19	SLC25A19
52139250	Slc25a20	SLC25A20
52138198	Slc25a21	SLC25A21
52126239	Slc25a22	SLC25A22
52134217	Slc25a23	SLC25A23
52139492	Slc25a24	SLC25A24
52135746	Slc25a25	SLC25A25
52133420	Slc25a26	SLC25A26
52136413	Slc25a27	SLC25A27
52132436	Slc25a28	SLC25A28
52137962	Slc25a29	SLC25A29
52136030	Slc25a3	SLC25A3
52129962	Slc25a32	SLC25A32
52137148	Slc25a33	SLC25A33
52139012	Slc25a34	SLC25A34
52134592	Slc25a35	SLC25A35
52139486	Slc25a36	SLC25A36
52129573	Slc25a37	SLC25A37
52138124	Slc25a38	SLC25A38
52138929	Slc25a39	SLC25A39
52128431	Slc25a4	SLC25A4
52139499	Slc25a40	SLC25A40
52138172	Slc25a42	SLC25A42
52133727	Slc25a43	SLC25A43
52137574	Slc25a44	SLC25A44
52144683	Slc25a45	SLC25A45
52139540	Slc25a46	SLC25A46
52136031	Slc25a47	SLC25A47
52139408	Slc25a48	SLC25A48
52127008	Slc25a5	SLC25A5
52144684	Slc25a53	SLC25A53
52137105	Slc26a11	SLC26A11
52139775	Slc26a2	SLC26A2
52135554	Slc26a3	SLC26A3
52135555	Slc26a4	SLC26A4
52136032	Slc26a6	SLC26A6
52144686	Slc26a8	SLC26A8
52129262	Slc27a1	SLC27A1
52129182	Slc27a2	SLC27A2
52144688	Slc27a3	SLC27A3
52128680	Slc27a4	SLC27A4
52140130	Slc27a5	SLC27A5
52135436	Slc28a1	SLC28A1
52144689	Slc28a3	SLC28A3
52136033	Slc29a1	SLC29A1
52137748	Slc29a2	SLC29A2
52135575	Slc29a3	SLC29A3
52134081	Slc29a4	SLC29A4
52129391	Slc2a1	SLC2A1
52130706	Slc2a10	SLC2A10
52139040	Slc2a12	SLC2A12
52136034	Slc2a13	SLC2A13
52130707	Slc2a2	SLC2A2
52128944	Slc2a5	SLC2A5
52130709	Slc2a6	SLC2A6
52133478	Slc2a8	SLC2A8
52129727	Slc2a9	SLC2A9
52136035	Slc30a1	SLC30A1
52139738	Slc30a10	SLC30A10
52134505	Slc30a2	SLC30A2
52144692	Slc30a3	SLC30A3
52139001	Slc30a4	SLC30A4
52137179	Slc30a5	SLC30A5
52139229	Slc30a6	SLC30A6
52137187	Slc30a7	SLC30A7
52134489	Slc30a9	SLC30A9
52127280	Slc31a1	SLC31A1
52133480	Slc31a2	SLC31A2
52138922	Slc33a1	SLC33A1
52132761	Slc34a1	SLC34A1
52132612	Slc34a2	SLC34A2
52144693	Slc34a3	SLC34A3
52137348	Slc35a1	SLC35A1
52133724	Slc35a2	SLC35A2
52133850	Slc35a3	SLC35A3
52129534	Slc35a4	SLC35A4
52133721	Slc35a5	SLC35A5
52137314	Slc35b1	SLC35B1
52132985	Slc35b2	SLC35B2
52132986	Slc35b3	SLC35B3
52129248	Slc35b4	SLC35B4
52129207	Slc35c1	SLC35C1
52136037	Slc35d1	SLC35D1
52140255	Slc35d2	SLC35D2
52140925	Slc35d3	SLC35D3
52129228	Slc35e1	SLC35E1
52135909	Slc35e3	SLC35E3
52137686	Slc35e4	SLC35E4
52134239	Slc35f2	SLC35F2
52144696	Slc35f5	SLC35F5
52133456	Slc35f6	SLC35F6
52134223	Slc35g1	SLC35G1
52131485	Slc35g2	SLC35G2
52140113	Slc36a1	SLC36A1
52131886	Slc36a4	SLC36A4
52137516	Slc37a1	SLC37A1
52125767	Slc37a2	SLC37A2
52140910	Slc37a3	SLC37A3
52129370	Slc37a4	SLC37A4
52144698	Slc38a1	SLC38A1
52128970	Slc38a10	SLC38A10
52137704	Slc38a11	SLC38A11
52126148	Slc38a2	SLC38A2
52138494	Slc38a3	SLC38A3
52137136	Slc38a4	SLC38A4
52136709	Slc38a6	SLC38A6
52126360	Slc38a7	SLC38A7
52136038	Slc38a8	SLC38A8
52138300	Slc38a9	SLC38A9
52126486	Slc39a1	SLC39A1
52138888	Slc39a10	SLC39A10
52139585	Slc39a11	SLC39A11
52133717	Slc39a13	SLC39A13
52133484	Slc39a14	SLC39A14
52137089	Slc39a3	SLC39A3
52139586	Slc39a4	SLC39A4
52137084	Slc39a5	SLC39A5
52132252	Slc39a6	SLC39A6
52131127	Slc39a7	SLC39A7
52134205	Slc39a8	SLC39A8
52137068	Slc39a9	SLC39A9
52135262	Slc3a1	SLC3A1
52129553	Slc3a2	SLC3A2
52129801	Slc40a1	SLC40A1
52129726	Slc41a1	SLC41A1
52135402	Slc41a2	SLC41A2
52144700	Slc41a3	SLC41A3
52129976	Slc43a1	SLC43A1
52126645	Slc43a2	SLC43A2
52138083	Slc43a3	SLC43A3
52126869	Slc44a1	SLC44A1
52126361	Slc44a2	SLC44A2
52144701	Slc44a3	SLC44A3
52138972	Slc44a4	SLC44A4
52138461	Slc45a3	SLC45A3
52136039	Slc45a4	SLC45A4
52138811	Slc46a1	SLC46A1
52140431	Slc46a3	SLC46A3
52130229	Slc48a1	SLC48A1
52135052	Slc4a11	SLC4A11
52140299	Slc4a1ap	SLC4A1AP
52125263	Slc4a2	SLC4A2
52125264	Slc4a3	SLC4A3
52131085	Slc4a4	SLC4A4
52133525	Slc4a5	SLC4A5
52139698	Slc4a7	SLC4A7
52135540	Slc4a8	SLC4A8
52133284	Slc50a1	SLC50A1
52128939	Slc51a	SLC51A
52140893	Slc51b	SLC51B
52136040	Slc52a3	SLC52A3
52133663	Slc5a1	SLC5A1
52135926	Slc5a10	SLC5A10
52139403	Slc5a11	SLC5A11
52138964	Slc5a12	SLC5A12
52139283	Slc5a2	SLC5A2
52133571	Slc5a3	SLC5A3
52135651	Slc5a6	SLC5A6
52134904	Slc5a8	SLC5A8
52140294	Slc5a9	SLC5A9
52130153	Slc6a1	SLC6A1
52140915	Slc6a13	SLC6A13
52127406	Slc6a3	SLC6A3
52133643	Slc6a4	SLC6A4
52129379	Slc6a6	SLC6A6
52144708	Slc6a7	SLC6A7
52126947	Slc6a8	SLC6A8
52130711	Slc6a9	SLC6A9
52134733	Slc7a1	SLC7A1
52140879	Slc7a11	SLC7A11
52137630	Slc7a2	SLC7A2
52133708	Slc7a4	SLC7A4
52132199	Slc7a5	SLC7A5
52131095	Slc7a6	SLC7A6
52131562	Slc7a6os	SLC7A6OS
52136463	Slc7a7	SLC7A7
52134010	Slc7a8	SLC7A8
52140253	Slc7a9	SLC7A9
52139663	Slc8b1	SLC8B1
52132672	Slc9a1	SLC9A1
52132673	Slc9a2	SLC9A2
52132675	Slc9a3	SLC9A3
52132676	Slc9a5	SLC9A5
52130500	Slc9a6	SLC9A6
52132677	Slc9a7	SLC9A7
52130227	Slc9a8	SLC9A8
52144710	Slc9a9	SLC9A9
52140588	Slc9b1	SLC9B1
52140587	Slc9b2	SLC9B2
52132816	Slco2a1	SLCO2A1
52131967	Slco2b1	SLCO2B1
52132817	Slco3a1	SLCO3A1
52132818	Slco4a1	SLCO4A1
52132819	Slco5a1	SLCO5A1
52133471	Slirp	SLIRP
52127011	Slit1	SLIT1
52139750	Slit2	SLIT2
52144726	Slitrk6	SLITRK6
52129060	Slk	SLK
52128340	Slmap	SLMAP
52144728	Slpi	SLPI
52137101	Sltm	SLTM
52129619	Slu7	SLU7
52125835	Slx4	SLX4
52138970	Slx4ip	SLX4IP
52128875	Smad1	SMAD1
52130151	Smad2	SMAD2
52132329	Smad3	SMAD3
52130598	Smad4	SMAD4
52128982	Smad5	SMAD5
52132330	Smad6	SMAD6
52130222	Smad7	SMAD7
52132331	Smad9	SMAD9
52144731	Smagp	SMAGP
52133707	Smap1	SMAP1
52135919	Smap2	SMAP2
52135067	Smarca1	SMARCA1
52136690	Smarca2	SMARCA2
52125803	Smarca4	SMARCA4
52126974	Smarca5	SMARCA5
52135700	Smarcad1	SMARCAD1
52131727	Smarcal1	SMARCAL1
52129496	Smarcb1	SMARCB1
52135813	Smarcc1	SMARCC1
52125666	Smarcc2	SMARCC2
52125669	Smarcd1	SMARCD1
52144732	Smarcd2	SMARCD2
52135505	Smarcd3	SMARCD3
52125668	Smarce1	SMARCE1
52131976	Smc1a	SMC1A
52129110	Smc2	SMC2
52127251	Smc3	SMC3
52126573	Smc4	SMC4
52133242	Smc5	SMC5
52140180	Smc6	SMC6
52132138	Smchd1	SMCHD1
52134931	Smco4	SMCO4
52136051	Smcr8	SMCR8
52133942	Smdt1	SMDT1
52138115	Smg1	SMG1
52137946	Smg5	SMG5
52135133	Smg6	SMG6
52128527	Smg7	SMG7
52134136	Smg8	SMG8
52130254	Smg9	SMG9
52135398	Smim1	SMIM1
52129897	Smim12	SMIM12
52134911	Smim13	SMIM13
52138420	Smim15	SMIM15
52137951	Smim19	SMIM19
52140820	Smim20	SMIM20
52144742	Smim22	SMIM22
52144745	Smim3	SMIM3
52133847	Smim5	SMIM5
52130344	Smim7	SMIM7
52130319	Smim8	SMIM8
52136085	Smndc1	SMNDC1
52126967	Smo	SMO
52140577	Smoc1	SMOC1
52126421	Smoc2	SMOC2
52126092	Smox	SMOX
52134641	Smpd1	SMPD1
52132655	Smpd2	SMPD2
52132654	Smpd3	SMPD3
52136783	Smpd4	SMPD4
52134247	Smpdl3a	SMPDL3A
52131575	Smpdl3b	SMPDL3B
52139353	Smpx	SMPX
52139305	Sms	SMS
52134250	Smtn	SMTN
52137081	Smtnl2	SMTNL2
52136056	Smu1	SMU1
52130280	Smug1	SMUG1
52136807	Smurf1	SMURF1
52136949	Smurf2	SMURF2
52131738	Smyd2	SMYD2
52138000	Smyd3	SMYD3
52136057	Smyd4	SMYD4
52137578	Smyd5	SMYD5
52126175	Snai2	SNAI2
52138215	Snai3	SNAI3
52138758	Snap23	SNAP23
52128235	Snap25	SNAP25
52129595	Snap29	SNAP29
52138154	Snap47	SNAP47
52136058	Snapc1	SNAPC1
52140680	Snapc2	SNAPC2
52136629	Snapc3	SNAPC3
52129872	Snapc4	SNAPC4
52131596	Snapc5	SNAPC5
52135351	Snapin	SNAPIN
52144765	Snca	SNCA
52139074	Sncb	SNCB
52132940	Snd1	SND1
52140506	Sned1	SNED1
52137492	Snf8	SNF8
52144768	Snhg12	SNHG12
52144779	Snhg9	SNHG9
52139935	Snip1	SNIP1
52130168	Snn	SNN
52134421	Snph	SNPH
52136060	Snrk	SNRK
52128973	Snrnp200	SNRNP200
52137826	Snrnp25	SNRNP25
52139511	Snrnp27	SNRNP27
52137871	Snrnp35	SNRNP35
52136607	Snrnp40	SNRNP40
52129647	Snrnp48	SNRNP48
52136061	Snrnp70	SNRNP70
52129326	Snrpa	SNRPA
52131685	Snrpa1	SNRPA1
52139210	Snrpb	SNRPB
52131800	Snrpb2	SNRPB2
52126993	Snrpc	SNRPC
52126975	Snrpd1	SNRPD1
52131455	Snrpd2	SNRPD2
52136671	Snrpd3	SNRPD3
52138864	Snrpe	SNRPE
52136062	Snrpf	SNRPF
52140725	Snta1	SNTA1
52139482	Sntb1	SNTB1
52134097	Sntb2	SNTB2
52133378	Snupn	SNUPN
52128853	Snw1	SNW1
52127384	Snx1	SNX1
52131903	Snx10	SNX10
52131804	Snx11	SNX11
52129203	Snx12	SNX12
52137924	Snx13	SNX13
52134499	Snx14	SNX14
52139223	Snx16	SNX16
52133824	Snx17	SNX17
52135215	Snx18	SNX18
52135048	Snx19	SNX19
52138017	Snx2	SNX2
52140498	Snx20	SNX20
52138187	Snx21	SNX21
52131435	Snx22	SNX22
52137973	Snx24	SNX24
52140749	Snx25	SNX25
52135861	Snx27	SNX27
52136859	Snx3	SNX3
52137888	Snx30	SNX30
52144794	Snx32	SNX32
52131715	Snx33	SNX33
52131497	Snx4	SNX4
52131131	Snx5	SNX5
52128449	Snx6	SNX6
52139489	Snx7	SNX7
52126095	Snx8	SNX8
52135883	Snx9	SNX9
52135345	Soat1	SOAT1
52125165	Soat2	SOAT2
52134028	Sobp	SOBP
52134829	Socs1	SOCS1
52135251	Socs2	SOCS2
52130040	Socs3	SOCS3
52136064	Socs4	SOCS4
52136065	Socs5	SOCS5
52136066	Socs6	SOCS6
52138609	Socs7	SOCS7
52127297	Sod1	SOD1
52126412	Sod2	SOD2
52128700	Sod3	SOD3
52129399	Son	SON
52144796	Sorbs1	SORBS1
52125486	Sorbs2	SORBS2
52135107	Sorbs3	SORBS3
52139644	Sorcs2	SORCS2
52134343	Sorcs3	SORCS3
52138914	Sord	SORD
52131505	Sorl1	SORL1
52136070	Sort1	SORT1
52130216	Sos1	SOS1
52134729	Sos2	SOS2
52125412	Sowaha	SOWAHA
52144797	Sowahb	SOWAHB
52138327	Sowahc	SOWAHC
52125029	Sox12	SOX12
52133562	Sox13	SOX13
52136072	Sox21	SOX21
52136073	Sox4	SOX4
52131123	Sox5	SOX5
52129423	Sox6	SOX6
52136074	Sox8	SOX8
52128777	Sox9	SOX9
52129325	Sp1	SP1
52144802	Sp110	SP110
52140289	Sp2	SP2
52129059	Sp3	SP3
52139794	Sp4	SP4
52125846	Sp5	SP5
52139213	Sp6	SP6
52139292	Sp9	SP9
52138243	Spa17	SPA17
52132323	Spaca3	SPACA3
52126135	Spag1	SPAG1
52135290	Spag17	SPAG17
52144809	Spag4	SPAG4
52144810	Spag5	SPAG5
52139086	Spag7	SPAG7
52140912	Spag8	SPAG8
52136076	Spag9	SPAG9
52136087	Spast	SPAST
52135283	Spata1	SPATA1
52135564	Spata13	SPATA13
52140648	Spata17	SPATA17
52138480	Spata2	SPATA2
52144814	Spata22	SPATA22
52144815	Spata24	SPATA24
52135396	Spata2l	SPATA2L
52144832	Spata33	SPATA33
52137728	Spata6	SPATA6
52134696	Spata7	SPATA7
52144834	Spata9	SPATA9
52144836	Spatc1l	SPATC1L
52130871	Spats2	SPATS2
52130870	Spats2l	SPATS2L
52136942	Spc24	SPC24
52131397	Spc25	SPC25
52128514	Spcs1	SPCS1
52136662	Spcs2	SPCS2
52139270	Spcs3	SPCS3
52144838	Spdef	SPDEF
52131096	Spdl1	SPDL1
52137508	Spdya	SPDYA
52135056	Specc1	SPECC1
52127378	Specc1l	SPECC1L
52139090	Spef1	SPEF1
52131791	Spen	SPEN
52136082	Spg11	SPG11
52137098	Spg21	SPG21
52129684	Spg7	SPG7
52144845	Sphk1	SPHK1
52135589	Sphk2	SPHK2
52135356	Sphkap	SPHKAP
52126133	Spi1	SPI1
52144846	Spib	SPIB
52126741	Spice1	SPICE1
52130630	Spidr	SPIDR
52144847	Spin1	SPIN1
52137779	Spin4	SPIN4
52135265	Spink2	SPINK2
52140817	Spink4	SPINK4
52130855	Spint1	SPINT1
52128916	Spint2	SPINT2
52134388	Spire1	SPIRE1
52137585	Spire2	SPIRE2
52128298	Spns1	SPNS1
52129882	Spns2	SPNS2
52133880	Spns3	SPNS3
52139260	Spo11	SPO11
52131814	Spock2	SPOCK2
52130487	Spon1	SPON1
52128284	Spon2	SPON2
52131496	Spopl	SPOPL
52144878	Spp1	SPP1
52135238	Spp2	SPP2
52138006	Sppl2a	SPPL2A
52136995	Sppl2b	SPPL2B
52129127	Sppl3	SPPL3
52130297	Spr	SPR
52128757	Spred1	SPRED1
52129120	Spred2	SPRED2
52134547	Spred3	SPRED3
52140911	Sprtn	SPRTN
52136089	Spry1	SPRY1
52137333	Spry2	SPRY2
52126433	Spry4	SPRY4
52138533	Spryd3	SPRYD3
52139571	Spryd4	SPRYD4
52129638	Spryd7	SPRYD7
52129939	Spsb1	SPSB1
52144889	Spsb2	SPSB2
52129582	Spsb3	SPSB3
52135921	Spsb4	SPSB4
52144890	Spta1	SPTA1
52125364	Sptan1	SPTAN1
52125834	Sptb	SPTB
52128816	Sptbn1	SPTBN1
52128895	Sptbn2	SPTBN2
52135521	Sptbn4	SPTBN4
52129577	Sptlc1	SPTLC1
52136090	Sptlc2	SPTLC2
52138079	Sptssb	SPTSSB
52136728	Spty2d1	SPTY2D1
52134849	Sqle	SQLE
52132954	Sqstm1	SQSTM1
52139306	Sra1	SRA1
52133882	Srbd1	SRBD1
52129517	Src	SRC
52138250	Srd5a1	SRD5A1
52130134	Srd5a3	SRD5A3
52136093	Srebf1	SREBF1
52138334	Srebf2	SREBF2
52137441	Srek1	SREK1
52137988	Srek1ip1	SREK1IP1
52127928	Srf	SRF
52129514	Srfbp1	SRFBP1
52133913	Srgap1	SRGAP1
52136095	Srgap2	SRGAP2
52144893	Srgap3	SRGAP3
52130395	Srgn	SRGN
52144894	Sri	SRI
52129081	Srl	SRL
52144895	Srm	SRM
52137863	Srp14	SRP14
52138953	Srp19	SRP19
52139503	Srp68	SRP68
52137180	Srp72	SRP72
52138861	Srp9	SRP9
52136096	Srpk1	SRPK1
52136016	Srpk2	SRPK2
52140527	Srpk3	SRPK3
52137327	Srprb	SRPRB
52134791	Srpx2	SRPX2
52134864	Srr	SRR
52138248	Srrd	SRRD
52136822	Srrm1	SRRM1
52137672	Srrm2	SRRM2
52136017	Srrm3	SRRM3
52125537	Srrt	SRRT
52133651	Srsf1	SRSF1
52133951	Srsf10	SRSF10
52133653	Srsf11	SRSF11
52144896	Srsf12	SRSF12
52130929	Srsf2	SRSF2
52133656	Srsf3	SRSF3
52133657	Srsf4	SRSF4
52128900	Srsf5	SRSF5
52128396	Srsf6	SRSF6
52128870	Srsf7	SRSF7
52139230	Srsf9	SRSF9
52137150	Ss18	SS18
52144898	Ss18l1	SS18L1
52136773	Ssb	SSB
52137733	Ssbp1	SSBP1
52133937	Ssbp2	SSBP2
52131048	Ssbp3	SSBP3
52144899	Ssbp4	SSBP4
52144901	Ssc5d	SSC5D
52129895	Ssh1	SSH1
52136098	Ssh2	SSH2
52140882	Ssh3	SSH3
52134838	Ssna1	SSNA1
52126551	Ssr1	SSR1
52144903	Ssr2	SSR2
52128684	Ssr3	SSR3
52137153	Ssr4	SSR4
52131651	Ssrp1	SSRP1
52129731	Sst	SST
52144904	Sstr1	SSTR1
52139625	Sstr2	SSTR2
52144905	Sstr3	SSTR3
52139112	Ssu72	SSU72
52136097	Ssx2ip	SSX2IP
52132381	St14	ST14
52131567	St18	ST18
52133691	St3gal1	ST3GAL1
52133692	St3gal2	ST3GAL2
52131346	St3gal3	ST3GAL3
52131844	St3gal4	ST3GAL4
52130713	St3gal5	ST3GAL5
52144919	St3gal6	ST3GAL6
52138039	St6gal1	ST6GAL1
52134695	St6galnac1	ST6GALNAC1
52136101	St6galnac2	ST6GALNAC2
52136916	St6galnac3	ST6GALNAC3
52138158	St6galnac4	ST6GALNAC4
52140036	St6galnac6	ST6GALNAC6
52138067	St7	ST7
52138560	St7l	ST7L
52138325	St8sia1	ST8SIA1
52140027	St8sia3	ST8SIA3
52133224	St8sia4	ST8SIA4
52128394	St8sia6	ST8SIA6
52135916	Stab1	STAB1
52135692	Stac	STAC
52139372	Stac3	STAC3
52128991	Stag1	STAG1
52129317	Stag2	STAG2
52139703	Stag3	STAG3
52144923	Stam	STAM
52137618	Stam2	STAM2
52136102	Stambp	STAMBP
52140449	Stambpl1	STAMBPL1
52144924	Stap1	STAP1
52126633	Stap2	STAP2
52139749	Star	STAR
52139185	Stard10	STARD10
52131775	Stard13	STARD13
52129555	Stard3	STARD3
52136630	Stard3nl	STARD3NL
52137893	Stard4	STARD4
52140778	Stard5	STARD5
52144925	Stard6	STARD6
52129213	Stard7	STARD7
52144926	Stard9	STARD9
52133715	Stat1	STAT1
52130290	Stat2	STAT2
52136991	Stat3	STAT3
52133714	Stat4	STAT4
52133545	Stat5a	STAT5A
52133546	Stat5b	STAT5B
52133537	Stat6	STAT6
52129985	Stau1	STAU1
52138688	Stau2	STAU2
52140712	Stbd1	STBD1
52129663	Stc2	STC2
52140829	Steap2	STEAP2
52134860	Steap3	STEAP3
52144928	Steap4	STEAP4
52126072	Stil	STIL
52133854	Stim1	STIM1
52136109	Stim2	STIM2
52128850	Stip1	STIP1
52138875	Stk10	STK10
52132253	Stk11	STK11
52144929	Stk11ip	STK11IP
52137881	Stk16	STK16
52139036	Stk17b	STK17B
52136112	Stk24	STK24
52136113	Stk25	STK25
52132553	Stk3	STK3
52134873	Stk32a	STK32A
52144930	Stk32c	STK32C
52131433	Stk35	STK35
52130494	Stk36	STK36
52133774	Stk38	STK38
52138726	Stk38l	STK38L
52139721	Stk39	STK39
52144931	Stk4	STK4
52126674	Stk40	STK40
52126658	Stmn1	STMN1
52125681	Stom	STOM
52131734	Stoml1	STOML1
52138879	Stoml2	STOML2
52129571	Ston2	STON2
52133465	Stox1	STOX1
52134574	Stox2	STOX2
52134872	Stpg1	STPG1
52130320	Strada	STRADA
52130265	Stradb	STRADB
52138863	Strap	STRAP
52133466	Strbp	STRBP
52128620	Strip1	STRIP1
52128621	Strip2	STRIP2
52138331	Strn	STRN
52131064	Strn3	STRN3
52140148	Strn4	STRN4
52126392	Stt3a	STT3A
52129285	Stt3b	STT3B
52126936	Stub1	STUB1
52139170	Stx11	STX11
52139309	Stx12	STX12
52131974	Stx16	STX16
52137503	Stx17	STX17
52137869	Stx18	STX18
52140496	Stx1a	STX1A
52129050	Stx1b	STX1B
52130332	Stx2	STX2
52136115	Stx3	STX3
52135346	Stx4a	STX4
52136948	Stx5a	STX5
52128904	Stx6	STX6
52130752	Stx7	STX7
52138968	Stx8	STX8
52130154	Stxbp1	STXBP1
52139284	Stxbp2	STXBP2
52140596	Stxbp4	STXBP4
52134616	Stxbp5	STXBP5
52134189	Stxbp5l	STXBP5L
52137124	Stxbp6	STXBP6
52135078	Styk1	STYK1
52134595	Styx	STYX
52137547	Styxl1	STYXL1
52133389	Sub1	SUB1
52136777	Sucla2	SUCLA2
52136116	Suclg1	SUCLG1
52126484	Suclg2	SUCLG2
52144939	Sucnr1	SUCNR1
52129351	Suco	SUCO
52133619	Suds3	SUDS3
52127916	Sufu	SUFU
52138500	Sugp1	SUGP1
52144940	Sugp2	SUGP2
52133670	Sugt1	SUGT1
52135908	Sulf2	SULF2
52129169	Sult1b1	SULT1B1
52139462	Sult1c2	SULT1C2
52131061	Sult2b1	SULT2B1
52138069	Sult4a1	SULT4A1
52138040	Sumf1	SUMF1
52137605	Sumf2	SUMF2
52129658	Sumo1	SUMO1
52133841	Sumo2	SUMO2
52128487	Sumo3	SUMO3
52131994	Sun1	SUN1
52135783	Sun2	SUN2
52144942	Sun3	SUN3
52140188	Suox	SUOX
52130473	Supt16	SUPT16H
52139436	Supt3	SUPT3H
52128224	Supt5	SUPT5H
52132972	Supt6	SUPT6H
52131466	Supt7l	SUPT7L
52137002	Supv3l1	SUPV3L1
52131376	Surf1	SURF1
52137471	Surf2	SURF2
52139007	Surf4	SURF4
52144944	Surf6	SURF6
52134667	Susd1	SUSD1
52131938	Susd2	SUSD2
52144945	Susd3	SUSD3
52140600	Susd4	SUSD4
52129757	Suv39h1	SUV39H1
52144946	Suv39h2	SUV39H2
52129407	Suz12	SUZ12
52134598	Sv2a	SV2A
52135202	Sv2c	SV2C
52131675	Svil	SVIL
52134800	Svip	SVIP
52135255	Svop	SVOP
52129470	Swap70	SWAP70
52144948	Swi5	SWI5
52125885	Swsap1	SWSAP1
52135829	Swt1	SWT1
52138771	Syap1	SYAP1
52129838	Sybu	SYBU
52136094	Syce2	SYCE2
52138642	Syce3	SYCE3
52140819	Sycp2l	SYCP2L
52144970	Syde1	SYDE1
52144971	Syde2	SYDE2
52130922	Syf2	SYF2
52139906	Syk	SYK
52135819	Sympk	SYMPK
52136189	Syn2	SYN2
52134861	Syn3	SYN3
52135845	Sync	SYNC
52132780	Syncrip	SYNCRIP
52135479	Syndig1l	SYNDIG1L
52131141	Syne2	SYNE2
52132649	Syne3	SYNE3
52138116	Syne4	SYNE4
52135843	Syngap1	SYNGAP1
52136190	Syngr1	SYNGR1
52130232	Syngr2	SYNGR2
52144973	Syngr4	SYNGR4
52128692	Synj1	SYNJ1
52144974	Synj2	SYNJ2
52144975	Synpo	SYNPO
52134586	Synpr	SYNPR
52130258	Synrg	SYNRG
52136192	Syp	SYP
52129350	Sypl2	SYPL2
52130242	Sys1	SYS1
52144976	Syt11	SYT11
52138670	Syt12	SYT12
52137840	Syt13	SYT13
52132728	Syt14	SYT14
52139683	Syt17	SYT17
52134466	Syt2	SYT2
52144977	Syt3	SYT3
52136193	Syt5	SYT5
52134815	Syt7	SYT7
52135365	Sytl1	SYTL1
52136045	Sytl2	SYTL2
52127489	Sytl3	SYTL3
52138342	Sytl4	SYTL4
52137341	Syvn1	SYVN1
52136767	Szrd1	SZRD1
52139647	Szt2	SZT2
52132362	Tab1	TAB1
52132363	Tab2	TAB2
52132364	Tab3	TAB3
52130549	Tac1	TAC1
52132710	Tac2	TAC3
52134674	Tac4	TAC4
52140388	Tacc1	TACC1
52126257	Tacc2	TACC2
52126427	Tacc3	TACC3
52138411	Taco1	TACO1
52134258	Tacr2	TACR2
52132973	Tacstd2	TACSTD2
52139290	Tada1	TADA1
52138288	Tada2a	TADA2A
52136931	Tada2b	TADA2B
52128343	Tada3	TADA3
52131378	Taf10	TAF10
52139545	Taf11	TAF11
52130419	Taf12	TAF12
52137003	Taf13	TAF13
52128381	Taf15	TAF15
52134153	Taf1a	TAF1A
52135749	Taf1b	TAF1B
52130244	Taf1c	TAF1C
52144987	Taf1d	TAF1D
52129400	Taf2	TAF2
52144988	Taf3	TAF3
52133805	Taf4b	TAF4B
52137038	Taf5	TAF5
52129912	Taf5l	TAF5L
52136953	Taf6	TAF6
52128355	Taf6l	TAF6L
52126979	Taf7	TAF7
52136225	Taf8	TAF8
52144990	Taf9b	TAF9B
52136046	Tagln	TAGLN
52126236	Tagln2	TAGLN2
52129586	Tagln3	TAGLN3
52137030	Taldo1	TALDO1
52137998	Tamm41	TAMM41
52139642	Tanc1	TANC1
52130385	Tanc2	TANC2
52137285	Tango2	TANGO2
52134394	Tango6	TANGO6
52138130	Tank	TANK
52136227	Taok1	TAOK1
52137301	Taok2	TAOK2
52133761	Taok3	TAOK3
52125142	Tap1	TAP1
52125143	Tap2	TAP2
52134688	Tapbp	TAPBP
52130359	Tapbpl	TAPBPL
52129552	Tapt1	TAPT1
52130185	Tarbp2	TARBP2
52136228	Tardbp	TARDBP
52140205	Tars2	TARS2
52137393	Tas1r3	TAS1R3
52135578	Tasp1	TASP1
52139470	Tatdn1	TATDN1
52138633	Tatdn2	TATDN2
52133988	Tatdn3	TATDN3
52134333	Tax1bp1	TAX1BP1
52136831	Tax1bp3	TAX1BP3
52140084	Tbc1d1	TBC1D1
52129652	Tbc1d10a	TBC1D10A
52130094	Tbc1d10b	TBC1D10B
52140782	Tbc1d10c	TBC1D10C
52137070	Tbc1d12	TBC1D12
52138551	Tbc1d13	TBC1D13
52133507	Tbc1d14	TBC1D14
52131799	Tbc1d15	TBC1D15
52129913	Tbc1d16	TBC1D16
52137067	Tbc1d17	TBC1D17
52138937	Tbc1d19	TBC1D19
52139697	Tbc1d2	TBC1D2
52134971	Tbc1d20	TBC1D20
52137521	Tbc1d22a	TBC1D22A
52134684	Tbc1d22b	TBC1D22B
52138931	Tbc1d23	TBC1D23
52131968	Tbc1d24	TBC1D24
52131542	Tbc1d25	TBC1D25
52144995	Tbc1d2b	TBC1D2B
52129158	Tbc1d30	TBC1D30
52136611	Tbc1d31	TBC1D31
52125820	Tbc1d32	TBC1D32
52126445	Tbc1d4	TBC1D4
52138902	Tbc1d5	TBC1D5
52139135	Tbc1d7	TBC1D7
52144996	Tbc1d8	TBC1D8
52129389	Tbc1d8b	TBC1D8B
52131807	Tbc1d9	TBC1D9
52144997	Tbc1d9b	TBC1D9B
52138791	Tbca	TBCA
52127033	Tbcb	TBCB
52131552	Tbcc	TBCC
52134191	Tbccd1	TBCCD1
52140091	Tbcd	TBCD
52137992	Tbce	TBCE
52134920	Tbcel	TBCEL
52131587	Tbck	TBCK
52137335	Tbk1	TBK1
52139619	Tbkbp1	TBKBP1
52129474	Tbl1xr1	TBL1XR1
52136717	Tbl2	TBL2
52126892	Tbl3	TBL3
52129696	Tbp	TBP
52136287	Tbpl1	TBPL1
52138512	Tbrg1	TBRG1
52140423	Tbrg4	TBRG4
52132531	Tbx1	TBX1
52129196	Tbx2	TBX2
52136232	Tbx21	TBX21
52136234	Tbx3	TBX3
52126151	Tbx6	TBX6
52139740	Tbxa2r	TBXA2R
52144999	Tbxas1	TBXAS1
52145000	Tc2n	TC2N
52140883	Tcaim	TCAIM
52140803	Tcap	TCAP
52130174	Tcea1	TCEA1
52145001	Tcea2	TCEA2
52139246	Tcea3	TCEA3
52145002	Tceal1	TCEAL1
52145004	Tceal5	TCEAL5
52145006	Tceal7	TCEAL7
52145007	Tceal8	TCEAL8
52145009	Tceanc	TCEANC
52135663	Tceanc2	TCEANC2
52136236	Tcerg1	TCERG1
52136253	Tcf12	TCF12
52132990	Tcf15	TCF15
52140038	Tcf19	TCF19
52136012	Tcf20	TCF20
52132592	Tcf23	TCF23
52132593	Tcf24	TCF24
52137479	Tcf25	TCF25
52128051	Tcf3	TCF3
52136239	Tcf4	TCF4
52139972	Tcf7	TCF7
52130877	Tcf7l1	TCF7L1
52136238	Tcf7l2	TCF7L2
52145011	Tchh	TCHH
52138051	Tchp	TCHP
52135805	Tcirg1	TCIRG1
52133829	Tcn2	TCN2
52134886	Tcof1	TCOF1
52126805	Tcp1	TCP1
52145019	Tcp11	TCP11
52137931	Tcp11l1	TCP11L1
52137053	Tcp11l2	TCP11L2
52136740	Tcta	TCTA
52134181	Tctn1	TCTN1
52145021	Tctn3	TCTN3
52134731	Tdg	TDG
52128966	Tdo2	TDO2
52140412	Tdp1	TDP1
52136246	Tdp2	TDP2
52131923	Tdrd1	TDRD1
52133801	Tdrd12	TDRD12
52139188	Tdrd3	TDRD3
52135141	Tdrd5	TDRD5
52134664	Tdrd7	TDRD7
52136247	Tdrkh	TDRKH
52145022	Tdrp	TDRP
52136250	Tead1	TEAD1
52145023	Tead2	TEAD2
52126622	Tead3	TEAD3
52145024	Tead4	TEAD4
52130068	Tec	TEC
52133900	Tecpr1	TECPR1
52145025	Tecpr2	TECPR2
52126254	Tecr	TECR
52136252	Tef	TEF
52138139	Tefm	TEFM
52136276	Tek	TEK
52137811	Tekt2	TEKT2
52138451	Tekt4	TEKT4
52145032	Tekt5	TEKT5
52134039	Telo2	TELO2
52128701	Ten1	TEN1
52132774	Tenm4	TENM4
52134632	Tep1	TEP1
52136933	Terf1	TERF1
52126990	Terf2	TERF2
52133294	Terf2ip	TERF2IP
52140288	Tert	TERT
52129455	Tesc	TESC
52130076	Tesk1	TESK1
52138330	Tesk2	TESK2
52136460	Tespa1	TESPA1
52135367	Tet1	TET1
52131531	Tet2	TET2
52134397	Tet3	TET3
52137111	Tex10	TEX10
52140877	Tex14	TEX14
52138453	Tex2	TEX2
52129005	Tex261	TEX261
52139254	Tex264	TEX264
52135216	Tex30	TEX30
52135983	Tex36	TEX36
52145054	Tex38	TEX38
52140607	Tex9	TEX9
52145064	Trf	TF
52138188	Tfam	TFAM
52145065	Tfap4	TFAP4
52131860	Tfb1m	TFB1M
52133491	Tfb2m	TFB2M
52129260	Tfcp2	TFCP2
52139337	Tfcp2l1	TFCP2L1
52131084	Tfdp2	TFDP2
52126614	Tfe3	TFE3
52140406	Tfeb	TFEB
52145068	Tff3	TFF3
52136752	Tfg	TFG
52129672	Tfip11	TFIP11
52135944	Tfpi	TFPI
52134583	Tfpi2	TFPI2
52139725	Tfpt	TFPT
52137991	Tfr2	TFR2
52126830	Tfrc	TFRC
52137194	Tgds	TGDS
52133845	Tgfa	TGFA
52125302	Tgfb1	TGFB1
52145069	Tgfb1i1	TGFB1I1
52136257	Tgfb2	TGFB2
52136258	Tgfb3	TGFB3
52125753	Tgfbi	TGFBI
52125348	Tgfbr1	TGFBR1
52126449	Tgfbr2	TGFBR2
52134825	Tgfbr3	TGFBR3
52138435	Tgfbrap1	TGFBRAP1
52128357	Tgif1	TGIF1
52145070	Tgif2	TGIF2
52129984	Tgm1	TGM1
52129271	Tgm2	TGM2
52145074	Tgm4	TGM4
52136256	Tgm5	TGM5
52134924	Tgs1	TGS1
52136259	Th	TH
52131691	Thada	THADA
52138048	Thap1	THAP1
52136664	Thap11	THAP11
52145078	Thap2	THAP2
52137801	Thap3	THAP3
52132705	Thap4	THAP4
52131538	Thap7	THAP7
52145079	5430416N02Rik	THAP9-AS1
52135020	Thbs1	THBS1
52135750	Thbs3	THBS3
52136262	Thbs4	THBS4
52138389	Them4	THEM4
52138390	Them5	THEM5
52140214	Them6	THEM6
52131597	Themis	THEMIS
52133813	Themis2	THEMIS2
52137500	Thg1l	THG1L
52145082	Thnsl1	THNSL1
52138014	Thnsl2	THNSL2
52132957	Thoc1	THOC1
52137402	Thoc3	THOC3
52129512	Thoc5	THOC5
52137504	Thoc6	THOC6
52131905	Thoc7	THOC7
52129031	Thop1	THOP1
52136337	Thpo	THPO
52126890	Thra	THRA
52131139	Thrap3	THRAP3
52130080	Thrb	THRB
52145085	Thsd1	THSD1
52125227	Thsd4	THSD4
52140152	Thtpa	THTPA
52139194	Thumpd1	THUMPD1
52140379	Thumpd2	THUMPD2
52126256	Thumpd3	THUMPD3
52145086	Gt(ROSA)26Sor	THUMPD3-AS1
52136764	Thy1	THY1
52139059	Thyn1	THYN1
52129019	Tia1	TIA1
52139050	Tial1	TIAL1
52136275	Tiam1	TIAM1
52131112	Tiam2	TIAM2
52136343	Ticam1	TICAM1
52145087	Ticam2	TICAM2
52125051	Ticrr	TICRR
52133553	Tie1	TIE1
52134077	Tifa	TIFA
52145088	Tifab	TIFAB
52145089	Tigd2	TIGD2
52145090	Tigd3	TIGD3
52145091	Tigd4	TIGD4
52145093	Tigit	TIGIT
52128501	Timeless	TIMELESS
52139331	Timm10	TIMM10
52130474	Timm10b	TIMM10B
52129715	Timm13	TIMM13
52129097	Timm17a	TIMM17A
52134103	Timm17b	TIMM17B
52135013	Timm21	TIMM21
52140526	Timm22	TIMM22
52130959	Timm44	TIMM44
52139076	Timm50	TIMM50
52131369	Timm8a1	TIMM8A
52139790	Timm8b	TIMM8B
52139765	Timm9	TIMM9
52131347	Timmdc1	TIMMDC1
52145094	Timp1	TIMP1
52128290	Timp2	TIMP2
52145095	Timp3	TIMP3
52132204	Tinagl1	TINAGL1
52136278	Tinf2	TINF2
52145097	Tiparp	TIPARP
52139366	Tipin	TIPIN
52139072	Tiprl	TIPRL
52132349	Tirap	TIRAP
52133532	Tjap1	TJAP1
52126582	Tjp1	TJP1
52136286	Tjp2	TJP2
52126563	Tjp3	TJP3
52129874	Tk1	TK1
52137435	Tk2	TK2
52126603	Tkt	TKT
52137525	Tlcd1	TLCD1
52138608	Tlcd2	TLCD2
52145098	Tldc2	TLDC2
52145099	Tle1	TLE1
52129324	Tle2	TLE2
52129909	Tle3	TLE3
52145100	Tle4	TLE4
52135596	Tle6	TLE6
52129051	Tlk1	TLK1
52137199	Tlk2	TLK2
52133490	Tln1	TLN1
52133697	Tln2	TLN2
52136280	Tlr1	TLR1
52136282	Tlr2	TLR2
52137985	Tlr3	TLR3
52136283	Tlr4	TLR4
52136281	Tlr6	TLR6
52133852	Tm2d1	TM2D1
52139428	Tm2d2	TM2D2
52129318	Tm2d3	TM2D3
52145104	Tm4sf20	TM4SF20
52139494	Tm4sf4	TM4SF4
52135231	Tm6sf1	TM6SF1
52135232	Tm6sf2	TM6SF2
52137616	Tm7sf2	TM7SF2
52129079	Tm7sf3	TM7SF3
52128336	Tm9sf1	TM9SF1
52137204	Tm9sf2	TM9SF2
52129044	Tm9sf3	TM9SF3
52139056	Tm9sf4	TM9SF4
52137773	Tma16	TMA16
52136293	Tmbim1	TMBIM1
52136818	Tmbim4	TMBIM4
52125747	Tmbim6	TMBIM6
52135369	Tmc1	TMC1
52130064	Tmc4	TMC4
52145107	Tmc5	TMC5
52139510	Tmc6	TMC6
52145108	Tmc7	TMC7
52140354	Tmc8	TMC8
52136294	Tmcc1	TMCC1
52135171	Tmcc3	TMCC3
52133475	Tmco1	TMCO1
52131660	Tmco4	TMCO4
52138419	Tmco6	TMCO6
52132944	Tmed1	TMED1
52129762	Tmed10	TMED10
52128783	Tmed2	TMED2
52132943	Tmed3	TMED3
52129606	Tmed4	TMED4
52126902	Tmed5	TMED5
52137829	Tmed8	TMED8
52132942	Tmed9	TMED9
52133750	Tmem101	TMEM101
52145114	Tmem102	TMEM102
52129794	Tmem106a	TMEM106A
52137976	Tmem106b	TMEM106B
52138185	Tmem106c	TMEM106C
52135407	Tmem107	TMEM107
52134005	Tmem108	TMEM108
52145115	Tmem109	TMEM109
52137678	Tmem11	TMEM11
52137047	Tmem115	TMEM115
52134069	Tmem116	TMEM116
52137217	Tmem117	TMEM117
52136299	Tmem120a	TMEM120A
52137764	Tmem120b	TMEM120B
52134750	Tmem121	TMEM121
52135582	Tmem123	TMEM123
52138612	Tmem125	TMEM125
52139143	Tmem126a	TMEM126A
52139142	Tmem126b	TMEM126B
52137649	Tmem127	TMEM127
52137742	Tmem128	TMEM128
52129313	Tmem129	TMEM129
52138599	Tmem130	TMEM130
52139610	Tmem131	TMEM131
52139724	Tmem132a	TMEM132A
52131392	Tmem135	TMEM135
52136300	Tmem138	TMEM138
52145118	Tmem139	TMEM139
52145119	Tmem140	TMEM140
52134591	Tmem141	TMEM141
52145120	Tmem143	TMEM143
52137401	Tmem144	TMEM144
52139565	Tmem147	TMEM147
52138475	Tmem14a	TMEM14A
52135795	Tmem150a	TMEM150A
52138003	Tmem150b	TMEM150B
52145121	Tmem151a	TMEM151A
52134922	Tmem151b	TMEM151B
52129233	Tmem154	TMEM154
52145123	Tmem158	TMEM158
52133861	Tmem160	TMEM160
52131822	Tmem161a	TMEM161A
52131079	Tmem161b	TMEM161B
52134789	Tmem163	TMEM163
52145124	Tmem164	TMEM164
52134613	Tmem165	TMEM165
52136303	Tmem167	TMEM167A
52131442	Tmem167b	TMEM167B
52135211	Tmem168	TMEM168
52138479	Tmem17	TMEM17
52139078	Tmem170	TMEM170A
52135176	Tmem170b	TMEM170B
52145125	Tmem171	TMEM171
52134134	Tmem175	TMEM175
52135086	Tmem176a	TMEM176A
52145126	Tmem176b	TMEM176B
52128930	Tmem177	TMEM177
52136304	Tmem178	TMEM178A
52129821	Tmem178b	TMEM178B
52137449	Tmem18	TMEM18
52145127	Tmem181a	TMEM181
52133972	Tmem182	TMEM182
52137147	Tmem184a	TMEM184A
52134430	Tmem184b	TMEM184B
52134143	Tmem184c	TMEM184C
52131914	Tmem186	TMEM186
52139330	Tmem19	TMEM19
52139178	Tmem192	TMEM192
52135991	Tmem198	TMEM198
52138432	Tmem201	TMEM201
52128917	Tmem203	TMEM203
52138393	Tmem205	TMEM205
52135533	Tmem208	TMEM208
52129333	Tmem209	TMEM209
52145136	Tmem213	TMEM213
52140572	Tmem214	TMEM214
52135964	Tmem216	TMEM216
52138915	Tmem218	TMEM218
52134682	Tmem219	TMEM219
52133751	Tmem220	TMEM220
52133923	Tmem221	TMEM221
52136311	Tmem222	TMEM222
52140928	Tmem229a	TMEM229A
52138140	Tmem229b	TMEM229B
52137478	Tmem230	TMEM230
52126963	Tmem231	TMEM231
52135684	Tmem234	TMEM234
52134913	Tmem235	TMEM235
52135563	Tmem236	TMEM236
52125374	Tmem237	TMEM237
52134443	Tmem238	TMEM238
52135553	Tmem240	TMEM240
52135654	Tmem242	TMEM242
52137849	Tmem243	TMEM243
52134186	Tmem245	TMEM245
52137601	Tmem248	TMEM248
52145145	Tmem25	TMEM25
52135545	Tmem253	TMEM253
52128649	Tmem255a	TMEM255A
52137714	Tmem256	TMEM256
52125866	Tmem258	TMEM258
52131917	Tmem259	TMEM259
52129585	Tmem260	TMEM260
52131458	Tmem33	TMEM33
52139282	Tmem37	TMEM37
52139257	Tmem38a	TMEM38A
52138730	Tmem38b	TMEM38B
52129109	Tmem39a	TMEM39A
52129921	Tmem39b	TMEM39B
52145157	Tmem40	TMEM40
52136318	Tmem41a	TMEM41A
52136103	Tmem41b	TMEM41B
52131904	Tmem42	TMEM42
52139298	Tmem43	TMEM43
52138189	Tmem44	TMEM44
52139261	Tmem45b	TMEM45B
52130087	Tmem50a	TMEM50A
52130088	Tmem50b	TMEM50B
52129674	Tmem51	TMEM51
52145158	Tmem52	TMEM52
52139429	Tmem53	TMEM53
52135070	Tmem54	TMEM54
52135166	Tmem59	TMEM59
52137239	Tmem59l	TMEM59L
52139342	Tmem60	TMEM60
52139227	Tmem62	TMEM62
52133875	Tmem63a	TMEM63A
52129613	Tmem63b	TMEM63B
52135853	Tmem64	TMEM64
52138648	Tmem65	TMEM65
52132496	Tmem67	TMEM67
52138938	Tmem68	TMEM68
52138647	Tmem69	TMEM69
52135753	Tmem70	TMEM70
52134464	Tmem71	TMEM71
52130597	Tmem74b	TMEM74B
52135483	Tmem79	TMEM79
52145162	Tmem80	TMEM80
52135614	Tmem81	TMEM81
52135552	Tmem82	TMEM82
52131539	Tmem86a	TMEM86A
52138145	Tmem86b	TMEM86B
52145163	Tmem87a	TMEM87A
52139678	Tmem87b	TMEM87B
52138175	Tmem88	TMEM88
52145165	Tmem8b	TMEM8B
52145166	Tmem9	TMEM9
52134200	Tmem91	TMEM91
52140609	Tmem97	TMEM97
52138367	Tmem98	TMEM98
52125867	Tmem9b	TMEM9B
52137417	Tmf1	TMF1
52134104	Tmie	TMIE
52134665	Tmod1	TMOD1
52139311	Tmod2	TMOD2
52135774	Tmod3	TMOD3
52128296	Tmpo	TMPO
52135841	Tmprss15	TMPRSS15
52137545	Tmprss2	TMPRSS2
52133970	Tmprss3	TMPRSS3
52133961	Tmprss4	TMPRSS4
52145177	Tmprss6	TMPRSS6
52139661	Tmprss7	TMPRSS7
52134432	Tmprss9	TMPRSS9
52130591	Tmsb10	TMSB10
52128718	Tmsb4x	TMSB4X
52134836	Tmtc1	TMTC1
52134100	Tmtc2	TMTC2
52140123	Tmtc3	TMTC3
52134132	Tmtc4	TMTC4
52136723	Tmub1	TMUB1
52133702	Tmub2	TMUB2
52136394	Tmx1	TMX1
52129028	Tmx2	TMX2
52138101	Tmx3	TMX3
52131344	Tmx4	TMX4
52128245	Tnc	TNC
52132307	Tnf	TNF
52137185	Tnfaip1	TNFAIP1
52135222	Tnfaip2	TNFAIP2
52125114	Tnfaip3	TNFAIP3
52140719	Tnfrsf11a	TNFRSF11A
52132849	Tnfrsf11b	TNFRSF11B
52145180	Tnfrsf12a	TNFRSF12A
52145181	Tnfrsf13b	TNFRSF13B
52145182	Tnfrsf13c	TNFRSF13C
52129446	Tnfrsf14	TNFRSF14
52130684	Tnfrsf18	TNFRSF18
52128349	Tnfrsf19	TNFRSF19
52136327	Tnfrsf1a	TNFRSF1A
52133292	Tnfrsf1b	TNFRSF1B
52127897	Tnfrsf21	TNFRSF21
52145184	Tnfrsf25	TNFRSF25
52145185	Tnfrsf4	TNFRSF4
52125050	Tnfrsf9	TNFRSF9
52127495	Tnfsf10	TNFSF10
52125464	Tnfsf13	TNFSF13
52125670	Tnfsf13b	TNFSF13B
52132235	Tnfsf14	TNFSF14
52145187	Tnfsf15	TNFSF15
52145189	Tnfsf8	TNFSF8
52145190	Tnfsf9	TNFSF9
52129506	Tnik	TNIK
52131661	Tnip1	TNIP1
52140721	Tnip2	TNIP2
52145191	Tnip3	TNIP3
52125183	Tnk1	TNK1
52125184	Tnk2	TNK2
52129758	Tnks	TNKS
52145193	Tnks2	TNKS2
52138577	Tnmd	TNMD
52127274	Tnnc1	TNNC1
52135939	Tnni1	TNNI1
52130952	Tnni2	TNNI2
52130951	Tnni3	TNNI3
52138632	Tnnt1	TNNT1
52126305	Tnnt2	TNNT2
52132092	Tnpo1	TNPO1
52128683	Tnpo2	TNPO2
52138698	Tnpo3	TNPO3
52140462	Tnrc18	TNRC18
52136983	Tnrc6a	TNRC6A
52128326	Tnrc6b	TNRC6B
52130056	Tnrc6c	TNRC6C
52128377	Tns1	TNS1
52134678	Tns3	TNS3
52145196	Tns4	TNS4
52136329	Tob1	TOB1
52135588	Toe1	TOE1
52130327	Tollip	TOLLIP
52140087	Tom1	TOM1
52145199	Tom1l1	TOM1L1
52136330	Tom1l2	TOM1L2
52125509	Tomm20	TOMM20
52126354	Tomm22	TOMM22
52136962	Tomm34	TOMM34
52136920	Tomm40	TOMM40
52140185	Tomm40l	TOMM40L
52145201	Tomm5	TOMM5
52128498	Tomm7	TOMM7
52136331	Tomm70a	TOMM70
52131724	Tonsl	TONSL
52129683	Top1	TOP1
52139900	Top1mt	TOP1MT
52129246	Top2a	TOP2A
52131577	Top2b	TOP2B
52140240	Top3a	TOP3A
52133975	Top3b	TOP3B
52140081	Topbp1	TOPBP1
52133976	Topors	TOPORS
52138651	Tor1a	TOR1A
52129099	Tor1aip1	TOR1AIP1
52129098	Tor1aip2	TOR1AIP2
52138650	Tor1b	TOR1B
52137966	Tor2a	TOR2A
52145203	Tor3a	TOR3A
52133788	Tor4a	TOR4A
52133563	Tox	TOX
52135007	Tox3	TOX3
52135694	Tox4	TOX4
52125825	Trp53	TP53
52137058	Trp53bp1	TP53BP1
52125561	Trp53bp2	TP53BP2
52129977	Trp53i11	TP53I11
52135630	Trp53i13	TP53I13
52126098	Trp53inp1	TP53INP1
52136333	Trp53inp2	TP53INP2
52133464	Tpbg	TPBG
52135045	Tpcn1	TPCN1
52129966	Tpcn2	TPCN2
52134330	Tpd52	TPD52
52137667	Tpd52l1	TPD52L1
52129392	Tpd52l2	TPD52L2
52137340	Tpgs1	TPGS1
52139346	Tpgs2	TPGS2
52136334	Tph1	TPH1
52126189	Tpi1	TPI1
52137522	Tpk1	TPK1
52128852	Tpm1	TPM1
52126589	Tpm2	TPM2
52126509	Tpm3	TPM3
52136336	Tpm4	TPM4
52134897	Tpmt	TPMT
52127065	Tpp1	TPP1
52134857	Tpp2	TPP2
52145208	Tppp	TPPP
52139264	Tppp3	TPPP3
52133800	Tpr	TPR
52130757	Tpra1	TPRA1
52137557	Tprkb	TPRKB
52134837	Tprn	TPRN
52130195	Tpst1	TPST1
52138998	Tpst2	TPST2
52126113	Tpx2	TPX2
52138993	Tra2a	TRA2A
52133652	Tra2b	TRA2B
52128980	Trabd	TRABD
52133898	Trabd2b	TRABD2B
52130956	Tradd	TRADD
52140235	Traf1	TRAF1
52129669	Traf2	TRAF2
52139471	Traf3	TRAF3
52125197	Traf3ip2	TRAF3IP2
52140936	Traf3ip3	TRAF3IP3
52136340	Traf4	TRAF4
52134626	Traf5	TRAF5
52129857	Traf6	TRAF6
52131812	Traf7	TRAF7
52138416	Trafd1	TRAFD1
52137413	Traip	TRAIP
52134792	Trak1	TRAK1
52130067	Trak2	TRAK2
52126274	Tram1	TRAM1
52136782	Tram2	TRAM2
52145224	Trank1	TRANK1
52129598	Trap1	TRAP1
52137438	Trappc1	TRAPPC1
52137004	Trappc10	TRAPPC10
52125924	Trappc11	TRAPPC11
52136378	Trappc12	TRAPPC12
52138592	Trappc2l	TRAPPC2L
52137445	Trappc3	TRAPPC3
52139132	Trappc4	TRAPPC4
52137035	Trappc5	TRAPPC5
52139068	Trappc6a	TRAPPC6A
52137572	Trappc6b	TRAPPC6B
52139602	Trappc8	TRAPPC8
52145225	Trappc9	TRAPPC9
52145226	Trat1	TRAT1
52127531	Trdmt1	TRDMT1
52133995	Treh	TREH
52145337	Treml2	TREML2
52133780	Trex2	TREX2
52137835	Triap1	TRIAP1
52140436	Trib1	TRIB1
52140435	Trib2	TRIB2
52139167	Trib3	TRIB3
52131467	Tril	TRIL
52133375	Trim11	TRIM11
52137754	Trim13	TRIM13
52140615	Trim14	TRIM14
52145351	Trim15	TRIM15
52135895	Trim2	TRIM2
52133372	Trim21	TRIM21
52138211	Trim23	TRIM23
52136277	Trim24	TRIM24
52134969	Trim25	TRIM25
52145352	Trim26	TRIM26
52129214	Trim27	TRIM27
52145353	Trim28	TRIM28
52138270	Trim3	TRIM3
52125702	Trim32	TRIM32
52126132	Trim33	TRIM33
52133789	Trim35	TRIM35
52137286	Trim36	TRIM36
52129353	Trim37	TRIM37
52133374	Trim38	TRIM38
52126315	Trim39	TRIM39
52145355	Trim41	TRIM41
52137090	Trim44	TRIM44
52135148	Trim45	TRIM45
52135862	Trim46	TRIM46
52145357	Trim47	TRIM47
52145360	Trim56	TRIM56
52134212	Trim59	TRIM59
52126318	Trim6	TRIM6
52134182	Trim62	TRIM62
52129493	Trim63	TRIM63
52125843	Trim65	TRIM65
52133371	Trim68	TRIM68
52129215	Trim7	TRIM7
52134052	Trim72	TRIM72
52134347	Trim8	TRIM8
52133966	Trio	TRIO
52129876	Triobp	TRIOBP
52137540	Trip10	TRIP10
52126381	Trip11	TRIP11
52131817	Trip12	TRIP12
52131389	Trip13	TRIP13
52131687	Trip4	TRIP4
52139696	Trip6	TRIP6
52134088	Triqk	TRIQK
52134193	Trit1	TRIT1
52131827	Trmt1	TRMT1
52139599	Trmt10a	TRMT10A
52138181	Trmt10b	TRMT10B
52133337	Trmt10c	TRMT10C
52138785	Trmt11	TRMT11
52137770	Trmt112	TRMT112
52126751	Trmt13	TRMT13
52131669	Trmt1l	TRMT1L
52128364	Trmt2a	TRMT2A
52132001	Trmt2b	TRMT2B
52132427	Trmt44	TRMT44
52137212	Trmt5	TRMT5
52137997	Trmt6	TRMT6
52139312	Trmt61a	TRMT61A
52132581	Trmu	TRMU
52133627	Trnau1ap	TRNAU1AP
52145363	Trnp1	TRNP1
52139310	Trnt1	TRNT1
52129117	Troap	TROAP
52136353	Trpa1	TRPA1
52140211	Trpc1	TRPC1
52134987	Trpc4	TRPC4
52128351	Trpc4ap	TRPC4AP
52134983	Trpc7	TRPC7
52136354	Trpm1	TRPM1
52134862	Trpm2	TRPM2
52133538	Trpm4	TRPM4
52135633	Trpm5	TRPM5
52140647	Trpm6	TRPM6
52126423	Trpm7	TRPM7
52137925	Trpt1	TRPT1
52135803	Trpv2	TRPV2
52145366	Trpv3	TRPV3
52137354	Trpv4	TRPV4
52128066	Trpv6	TRPV6
52129516	Trrap	TRRAP
52138681	Trub1	TRUB1
52129501	Trub2	TRUB2
52145367	Tsacc	TSACC
52128523	Tsc1	TSC1
52129303	Tsc2	TSC2
52130100	Tsc22d1	TSC22D1
52126607	Tsc22d2	TSC22D2
52130681	Tsc22d3	TSC22D3
52145369	Tsc22d4	TSC22D4
52131654	Tsen15	TSEN15
52138289	Tsen2	TSEN2
52134324	Tsen34	TSEN34
52137652	Tsen54	TSEN54
52138346	Tsfm	TSFM
52136368	Tsg101	TSG101
52138110	Tsga10	TSGA10
52145370	Tsga10ip	TSGA10IP
52133615	Tshz1	TSHZ1
52145372	Tshz2	TSHZ2
52145373	Tsix	TSIX
52129723	Tsku	TSKU
52145375	Tslp	TSLP
52131099	Tsn	TSN
52137957	Tsnax	TSNAX
52136373	Tspan1	TSPAN1
52136290	Tspan12	TSPAN12
52136372	Tspan13	TSPAN13
52138224	Tspan14	TSPAN14
52131919	Tspan15	TSPAN15
52129484	Tspan17	TSPAN17
52132271	Tspan18	TSPAN18
52133487	Tspan2	TSPAN2
52130101	Tspan3	TSPAN3
52133428	Tspan31	TSPAN31
52145376	Tspan32	TSPAN32
52134707	Tspan33	TSPAN33
52139418	Tspan4	TSPAN4
52136374	Tspan5	TSPAN5
52136291	Tspan6	TSPAN6
52136292	Tspan7	TSPAN7
52145377	Tspan8	TSPAN8
52135469	Tspan9	TSPAN9
52129601	Tspear	TSPEAR
52125858	Tspo	TSPO
52125857	Tspo2	TSPO2
52136732	Tspyl2	TSPYL2
52136733	Tspyl4	TSPYL4
52136731	Tspyl5	TSPYL5
52129505	Tsr1	TSR1
52127005	Tsr2	TSR2
52139406	Tsr3	TSR3
52138155	Tssc4	TSSC4
52145382	Tssk4	TSSK4
52135030	Tssk6	TSSK6
52125042	Tst	TST
52135569	Tstd1	TSTD1
52145384	Tstd2	TSTD2
52130233	Ttbk2	TTBK2
52131692	Ttc1	TTC1
52138665	Ttc13	TTC13
52137930	Ttc14	TTC14
52145385	Ttc16	TTC16
52140471	Ttc17	TTC17
52135504	Ttc19	TTC19
52133498	Ttc21b	TTC21B
52131772	Ttc22	TTC22
52135459	Ttc23	TTC23
52126991	Ttc27	TTC27
52129082	Ttc28	TTC28
52133807	Ttc3	TTC3
52135869	Ttc32	TTC32
52128867	Ttc33	TTC33
52137615	Ttc36	TTC36
52129163	Ttc38	TTC38
52131510	Ttc39a	TTC39A
52145388	Ttc39b	TTC39B
52134865	Ttc39c	TTC39C
52138814	Ttc4	TTC4
52137219	Ttc5	TTC5
52131140	Ttc7	TTC7A
52137283	Ttc7b	TTC7B
52125705	Ttc8	TTC8
52131667	Ttc9c	TTC9C
52129032	Ttf1	TTF1
52133785	Ttf2	TTF2
52130600	Tti1	TTI1
52134890	Tti2	TTI2
52132526	Ttk	TTK
52136956	Ttl	TTL
52138959	Ttll1	TTLL1
52133509	Ttll10	TTLL10
52138216	Ttll11	TTLL11
52138692	Ttll12	TTLL12
52134403	Ttll2	TTLL2
52138072	Ttll3	TTLL3
52134727	Ttll4	TTLL4
52133783	Ttll5	TTLL5
52129445	Ttll6	TTLL6
52138360	Ttll7	TTLL7
52138071	Ttll8	TTLL8
52137131	Ttpa	TTPA
52136781	Ttpal	TTPAL
52137611	Ttr	TTR
52135880	Ttyh1	TTYH1
52137181	Ttyh2	TTYH2
52130206	Ttyh3	TTYH3
52140734	Tub	TUB
52136384	Tuba1a	TUBA1A
52126649	Tuba1b	TUBA1B
52126650	Tuba1c	TUBA1C
52139094	Tuba4a	TUBA4A
52129833	Tuba8	TUBA8
52139792	Tubb5	TUBB
52136386	Tubb2a	TUBB2A
52136385	Tubb2b	TUBB2B
52145391	Tubb3	TUBB3
52130086	Tubb4a	TUBB4A
52128466	Tubb4b	TUBB4B
52134773	Tubb6	TUBB6
52139335	Tubd1	TUBD1
52138896	Tube1	TUBE1
52136387	Tubg1	TUBG1
52136388	Tubg2	TUBG2
52129094	Tubgcp2	TUBGCP2
52135946	Tubgcp3	TUBGCP3
52138662	Tubgcp4	TUBGCP4
52128334	Tubgcp5	TUBGCP5
52140761	Tubgcp6	TUBGCP6
52129840	Tufm	TUFM
52135266	Tuft1	TUFT1
52126106	Tulp2	TULP2
52139623	Tulp3	TULP3
52139620	Tulp4	TULP4
52145393	Tusc1	TUSC1
52138247	Tusc2	TUSC2
52136432	Tusc3	TUSC3
52136397	Tut1	TUT1
52145394	Tvp23a	TVP23A
52133235	Twf1	TWF1
52134018	Twf2	TWF2
52129892	Twsg1	TWSG1
52139591	Txk	TXK
52129336	Txlna	TXLNA
52128794	Txlnb	TXLNB
52137059	Txlng	TXLNG
52128767	Txn1	TXN
52139184	Txn2	TXN2
52131560	Txndc11	TXNDC11
52137052	Txndc12	TXNDC12
52138502	Txndc15	TXNDC15
52134746	Txndc16	TXNDC16
52127069	Txndc17	TXNDC17
52136779	Txndc5	TXNDC5
52128762	Txndc9	TXNDC9
52133451	Txnip	TXNIP
52138695	Txnl1	TXNL1
52138005	Txnl4b	TXNL4B
52145395	Txnrd1	TXNRD1
52131507	Txnrd2	TXNRD2
52126514	Txnrd3	TXNRD3
52140230	Tyk2	TYK2
52140468	Tymp	TYMP
52138825	Tyms	TYMS
52128021	Tyro3	TYRO3
52127400	Tyrobp	TYROBP
52136761	Tysnd1	TYSND1
52139448	Tyw3	TYW3
52131806	Tyw5	TYW5
52126965	U2af1	U2AF1
52145397	U2af1l4	U2AF1L4
52136932	U2af2	U2AF2
52132528	U2surp	U2SURP
52130095	Uaca	UACA
52128974	Uap1	UAP1
52138836	Uap1l1	UAP1L1
52128819	Uba1	UBA1
52133415	Uba2	UBA2
52136401	Uba3	UBA3
52126668	Uba5	UBA5
52136700	Uba52	UBA52
52135752	Uba6	UBA6
52140756	Uba7	UBA7
52130252	Ubac1	UBAC1
52138358	Ubac2	UBAC2
52128317	Ubald1	UBALD1
52128538	Ubald2	UBALD2
52138783	Ubap1	UBAP1
52136398	Ubap2	UBAP2
52133566	Ubap2l	UBAP2L
52134686	Ubash3b	UBASH3B
52131345	Ubb	UBB
52131499	Ubc	UBC
52129584	Ube2a	UBE2A
52137426	Ube2b	UBE2B
52131544	Ube2c	UBE2C
52136403	Ube2d1	UBE2D1
52136404	Ube2d2a	UBE2D2
52128845	Ube2d3	UBE2D3
52136837	Ube2e1	UBE2E1
52136838	Ube2e2	UBE2E2
52136806	Ube2e3	UBE2E3
52136405	Ube2g1	UBE2G1
52137361	Ube2g2	UBE2G2
52129235	Ube2h	UBE2H
52136400	Ube2i	UBE2I
52138889	Ube2j1	UBE2J1
52138402	Ube2j2	UBE2J2
52130907	Ube2k	UBE2K
52145400	Ube2l6	UBE2L6
52145401	Ube2m	UBE2M
52136438	Ube2o	UBE2O
52145402	Ube2q1	UBE2Q1
52137220	Ube2q2	UBE2Q2
52139459	Ube2r2	UBE2R2
52128674	Ube2t	UBE2T
52128000	Ube2v1	UBE2V1
52127945	Ube2v2	UBE2V2
52130436	Ube2w	UBE2W
52139480	Ube2z	UBE2Z
52131647	Ube3a	UBE3A
52135192	Ube3b	UBE3B
52138908	Ube3c	UBE3C
52138399	Ube4a	UBE4A
52136415	Ube4b	UBE4B
52131432	Ubfd1	UBFD1
52125686	Ubiad1	UBIAD1
52129439	Ubl3	UBL3
52136408	Ubl7	UBL7
52128832	Ublcp1	UBLCP1
52138540	Ubn1	UBN1
52134149	Ubn2	UBN2
52134912	Ubox5	UBOX5
52145405	Ubp1	UBP1
52145406	Ubqln1	UBQLN1
52145407	Ubqln2	UBQLN2
52125570	Ubqln4	UBQLN4
52140425	Ubr1	UBR1
52134482	Ubr2	UBR2
52129009	Ubr3	UBR3
52135739	Ubr4	UBR4
52128077	Ubr5	UBR5
52129030	Ubr7	UBR7
52136409	Ubtd1	UBTD1
52139338	Ubtd2	UBTD2
52135938	Ubtf	UBTF
52128898	Ubxn1	UBXN1
52138229	Ubxn10	UBXN10
52133892	Ubxn11	UBXN11
52134959	Ubxn2a	UBXN2A
52145410	Ubxn2b	UBXN2B
52136411	Ubxn4	UBXN4
52136410	Ubxn6	UBXN6
52131953	Ubxn7	UBXN7
52131864	Ubxn8	UBXN8
52126336	Uchl1	UCHL1
52137256	Uchl5	UCHL5
52137621	Uck1	UCK1
52135454	Uckl1	UCKL1
52135011	Ucn3	UCN3
52126540	Ucp2	UCP2
52136760	Uevld	UEVLD
52137398	Ufc1	UFC1
52138892	Ufl1	UFL1
52136407	Ufm1	UFM1
52138472	Ufsp1	UFSP1
52126626	Ufsp2	UFSP2
52126451	Ugcg	UGCG
52131293	Ugdh	UGDH
52138103	Uggt1	UGGT1
52131750	Uggt2	UGGT2
52129980	Ugp2	UGP2
52135276	Ugt2a3	UGT2A3
52135273	Ugt2b34	UGT2B4
52138159	Uhmk1	UHMK1
52129167	Uhrf1	UHRF1
52145413	Uhrf2	UHRF2
52140518	Uimc1	UIMC1
52135031	Ulk1	ULK1
52132015	Ulk2	ULK2
52138408	Ulk3	ULK3
52133823	Ulk4	ULK4
52138725	Umps	UMPS
52133403	Unc119	UNC119
52131080	Unc119b	UNC119B
52134993	Unc13a	UNC13A
52139719	Unc13b	UNC13B
52133969	Unc13d	UNC13D
52132186	Unc45a	UNC45A
52138769	Unc50	UNC50
52138622	Unc5a	UNC5A
52133535	Unc5b	UNC5B
52145416	Unc5cl	UNC5CL
52145417	Unc79	UNC79
52145418	Unc80	UNC80
52140798	Unc93b1	UNC93B1
52135256	Ung	UNG
52137377	Unk	UNK
52134723	Unkl	UNKL
52136922	Upb1	UPB1
52133330	Upf1	UPF1
52140402	Upf2	UPF2
52140088	Upf3a	UPF3A
52138600	Upf3b	UPF3B
52128752	Upk1a	UPK1A
52145419	Upk1b	UPK1B
52145420	Upk3a	UPK3A
52131473	Upp1	UPP1
52136468	Upp2	UPP2
52134998	Uprt	UPRT
52136469	Uqcc1	UQCC1
52139128	Uqcc2	UQCC2
52136240	Uqcr10	UQCR10
52130351	Uqcr11	UQCR11
52131387	Uqcrb	UQCRB
52139157	Uqcrc1	UQCRC1
52128828	Uqcrc2	UQCRC2
52132459	Uqcrq	UQCRQ
52145423	Urb1	URB1
52129280	Urb2	URB2
52135257	Urgcp	URGCP
52136856	Uri1	URI1
52135881	Urm1	URM1
52137048	Urod	UROD
52137102	Uros	UROS
52139356	Usb1	USB1
52130149	Use1	USE1
52138845	Usf1	USF1
52145424	Usf2	USF2
52130860	Ush1c	USH1C
52136582	Uso1	USO1
52136847	Usp1	USP1
52131063	Usp10	USP10
52135624	Usp11	USP11
52133564	Usp12	USP12
52137330	Usp14	USP14
52140444	Usp15	USP15
52137085	Usp16	USP16
52135561	Usp19	USP19
52139413	Usp2	USP2
52131868	Usp20	USP20
52140445	Usp21	USP21
52138030	Usp22	USP22
52134556	Usp24	USP24
52137218	Usp25	USP25
52138029	Usp27x	USP27X
52131580	Usp28	USP28
52145433	Usp3	USP3
52135690	Usp30	USP30
52145434	Usp31	USP31
52139208	Usp33	USP33
52136473	Usp34	USP34
52145435	Usp35	USP35
52137116	Usp36	USP36
52129854	Usp37	USP37
52145436	Usp38	USP38
52136863	Usp39	USP39
52131621	Usp4	USP4
52140068	Usp40	USP40
52129859	Usp42	USP42
52134702	Usp43	USP43
52140446	Usp45	USP45
52134817	Usp46	USP46
52138505	Usp47	USP47
52131610	Usp48	USP48
52135959	Usp49	USP49
52136643	Usp5	USP5
52145437	Usp50	USP50
52138028	Usp51	USP51
52134797	Usp53	USP53
52140409	Usp54	USP54
52134237	Usp6nl	USP6NL
52129480	Usp7	USP7
52136766	Usp8	USP8
52140101	Usp9x	USP9X
52125873	Uspl1	USPL1
52145438	Utf1	UTF1
52145439	Utp14b	UTP14A
52129522	Utp15	UTP15
52138196	Utp18	UTP18
52131982	Utp20	UTP20
52129217	Utp23	UTP23
52133429	Utp3	UTP3
52138717	Utp6	UTP6
52140137	Utrn	UTRN
52138773	Uvrag	UVRAG
52135197	Uvssa	UVSSA
52126982	Uxs1	UXS1
52137556	Uxt	UXT
52128988	Vac14	VAC14
52136580	Vamp1	VAMP1
52137291	Vamp2	VAMP2
52139318	Vamp3	VAMP3
52139116	Vamp4	VAMP4
52129587	Vamp5	VAMP5
52136670	Vamp8	VAMP8
52136104	Vangl1	VANGL1
52136105	Vangl2	VANGL2
52136665	Vapa	VAPA
52129224	Vapb	VAPB
52134034	Vars2	VARS2
52133985	Vash2	VASH2
52131078	Vasn	VASN
52134266	Vasp	VASP
52135932	Vat1	VAT1
52145444	Vav1	VAV1
52135818	Vav2	VAV2
52130397	Vav3	VAV3
52131628	Vbp1	VBP1
52129992	Vcam1	VCAM1
52127247	Vcan	VCAN
52130966	Vcl	VCL
52126848	Vcp	VCP
52135796	Vcpip1	VCPIP1
52128398	Vdac1	VDAC1
52136628	Vdac2	VDAC2
52136729	Vdac3	VDAC3
52130609	Vdr	VDR
52128286	Vegfa	VEGFA
52134511	Vegfb	VEGFB
52139807	Vegfc	VEGFC
52133438	Vezf1	VEZF1
52134771	Vezt	VEZT
52130178	Vgf	VGF
52133476	Vgll4	VGLL4
52136585	Vhl	VHL
52136589	Vil1	VIL1
52140357	Vill	VILL
52126270	Vim	VIM
52134355	Vipas39	VIPAS39
52135541	Vipr1	VIPR1
52132964	Vipr2	VIPR2
52126903	Vit	VIT
52129206	Vkorc1	VKORC1
52137877	Vkorc1l1	VKORC1L1
52132288	Vldlr	VLDLR
52134868	Vma21	VMA21
52140479	Vmac	VMAC
52136320	Vmp1	VMP1
52145468	Vnn1	VNN1
52135362	Vopp1	VOPP1
52145472	Vpreb3	VPREB3
52136465	Vps11	VPS11
52126915	Vps13a	VPS13A
52145473	Vps13b	VPS13B
52140146	Vps13c	VPS13C
52131447	Vps16	VPS16
52127007	Vps18	VPS18
52131373	Vps25	VPS25
52136593	Vps26a	VPS26A
52136851	Vps26b	VPS26B
52128703	Vps29	VPS29
52131536	Vps33a	VPS33A
52137792	Vps33b	VPS33B
52145474	Vps35	VPS35
52130093	Vps36	VPS36
52128720	Vps37a	VPS37A
52134098	Vps37b	VPS37B
52138279	Vps37c	VPS37C
52134627	Vps37d	VPS37D
52132200	Vps39	VPS39
52128327	Vps41	VPS41
52135244	Vps45	VPS45
52138261	Vps4a	VPS4A
52138918	Vps4b	VPS4B
52125395	Vps51	VPS51
52145475	Vps52	VPS52
52136936	Vps53	VPS53
52138678	Vps54	VPS54
52134326	Vps72	VPS72
52132017	Vps8	VPS8
52125881	Vps9d1	VPS9D1
52137158	Vrk1	VRK1
52145476	Vrk2	VRK2
52131380	Vrk3	VRK3
52130062	Vsig10	VSIG10
52134437	Vsig10l	VSIG10L
52145479	Vsig2	VSIG2
52145481	Vstm5	VSTM5
52125933	Vta1	VTA1
52137646	Vti1a	VTI1A
52138883	Vti1b	VTI1B
52129898	Vwa1	VWA1
52125378	Vwa2	VWA2
52134420	Vwa5b2	VWA5B2
52135199	Vwa8	VWA8
52145483	Vwce	VWCE
52133811	Vwf	VWF
52136596	Wac	WAC
52137799	Wars2	WARS2
52135615	Was	WAS
52135917	Wasf1	WASF1
52138753	Wasf2	WASF2
52132802	Wasl	WASL
52139221	Wbp1	WBP1
52139220	Wbp11	WBP11
52129116	Wbp1l	WBP1L
52137663	Wbp2	WBP2
52137879	Wbp4	WBP4
52137539	Wdfy1	WDFY1
52131717	Wdfy2	WDFY2
52134561	Wdfy3	WDFY3
52135677	Wdfy4	WDFY4
52125389	Wdhd1	WDHD1
52130478	Wdpcp	WDPCP
52136464	Wdr1	WDR1
52134455	Wdr11	WDR11
52128806	Wdr12	WDR12
52136640	Wdr13	WDR13
52136667	Wdr18	WDR18
52135445	Wdr19	WDR19
52137097	Wdr24	WDR24
52140683	Wdr25	WDR25
52129610	Wdr26	WDR26
52133454	Wdr3	WDR3
52134866	Wdr31	WDR31
52130438	Wdr33	WDR33
52131996	Wdr35	WDR35
52145486	Wdr36	WDR36
52130189	Wdr37	WDR37
52137836	Wdr38	WDR38
52131382	Wdr4	WDR4
52130172	Wdr41	WDR41
52132135	Wdr43	WDR43
52133539	Wdr44	WDR44
52138803	Wdr45	WDR45
52136605	Wdr45b	WDR45B
52125760	Wdr46	WDR46
52134725	Wdr47	WDR47
52130353	Wdr48	WDR48
52145487	Wdr49	WDR49
52137323	Wdr5	WDR5
52134928	Wdr53	WDR53
52137431	Wdr54	WDR54
52125314	Wdr55	WDR55
52134814	Wdr59	WDR59
52137322	Wdr5b	WDR5B
52135297	Wdr6	WDR6
52128384	Wdr62	WDR62
52145489	Wdr7	WDR7
52145490	Wdr70	WDR70
52137843	Wdr73	WDR73
52138190	Wdr74	WDR74
52125313	Wdr75	WDR75
52131795	Wdr76	WDR76
52139004	Wdr77	WDR77
52129429	Wdr81	WDR81
52136625	Wdr82	WDR82
52130081	Wdr83	WDR83
52134165	Wdr89	WDR89
52138439	Wdr90	WDR90
52131028	Wdr91	WDR91
52134090	Wdr93	WDR93
52138296	Wdsub1	WDSUB1
52129401	Wdtc1	WDTC1
52128430	Wee1	WEE1
52131339	Wee2	WEE2
52134037	Wfdc2	WFDC2
52130558	Wfikkn1	WFIKKN1
52130557	Wfikkn2	WFIKKN2
52131842	Wfs1	WFS1
52145504	Whamm	WHAMM
52127451	Whrn	WHRN
52137747	Wif1	WIF1
52136619	Wipf1	WIPF1
52138949	Wipf2	WIPF2
52133469	Wipf3	WIPF3
52139000	Wipi1	WIPI1
52139504	Wipi2	WIPI2
52129848	Wiz	WIZ
52145505	Wls	WLS
52129294	Wnk1	WNK1
52140892	Wnk2	WNK2
52135874	Wnk4	WNK4
52126546	Wnt11	WNT11
52140332	Wnt3	WNT3
52136623	Wnt4	WNT4
52140039	Wnt5a	WNT5A
52127006	Wnt5b	WNT5B
52135557	Wnt6	WNT6
52140257	Wnt9b	WNT9B
52128840	Wrap53	WRAP53
52129973	Wrap73	WRAP73
52140173	Wrn	WRN
52139304	Wrnip1	WRNIP1
52136067	Wsb1	WSB1
52134863	Wsb2	WSB2
52134699	Wscd1	WSCD1
52137213	Wtap	WTAP
52134741	Wtip	WTIP
52135150	Wwc1	WWC1
52145507	Wwc2	WWC2
52138750	Wwox	WWOX
52145508	Wwp1	WWP1
52131050	Wwp2	WWP2
52136231	Wwtr1	WWTR1
52138876	Xab2	XAB2
52138258	Xaf1	XAF1
52126641	Xbp1	XBP1
52131737	Xdh	XDH
52145510	Xist	XIST
52140319	Xk	XK
52137367	Xkr5	XKR5
52134967	Xkr6	XKR6
52134204	Xkr8	XKR8
52138038	Xkr9	XKR9
52137537	Xkrx	XKRX
52138906	Xpa	XPA
52145511	Xpc	XPC
52145512	Xpnpep1	XPNPEP1
52138885	Xpnpep2	XPNPEP2
52139162	Xpnpep3	XPNPEP3
52129115	Xpo1	XPO1
52129375	Xpo4	XPO4
52145513	Xpo5	XPO5
52129896	Xpo6	XPO6
52140082	Xpo7	XPO7
52134640	Xpot	XPOT
52135655	Xpr1	XPR1
52139392	Xrcc1	XRCC1
52140740	Xrcc2	XRCC2
52131668	Xrcc3	XRCC3
52139138	Xrcc4	XRCC4
52131557	Xrcc5	XRCC5
52130517	Xrcc6	XRCC6
52137342	Xrn1	XRN1
52136836	Xrn2	XRN2
52131488	Xxylt1	XXYLT1
52138974	Xylb	XYLB
52136426	Xylt1	XYLT1
52138663	Xylt2	XYLT2
52134055	Yaf2	YAF2
52126215	Yap1	YAP1
52129964	Yars2	YARS2
52128824	Ybey	YBEY
52130931	Ybx1	YBX1
52145514	Ybx2	YBX2
52145515	Ybx3	YBX3
52134753	Ydjc	YDJC
52134793	Yeats2	YEATS2
52137405	Yeats4	YEATS4
52139949	Yes1	YES1
52128372	Yif1a	YIF1A
52137602	Yif1b	YIF1B
52139390	Yipf1	YIPF1
52135278	Yipf2	YIPF2
52130307	Yipf3	YIPF3
52139179	Yipf4	YIPF4
52138837	Yipf5	YIPF5
52139333	Yipf6	YIPF6
52125304	Yjefn3	YJEFN3
52138709	Ykt6	YKT6
52129179	Ylpm1	YLPM1
52145516	Yme1l1	YME1L1
52129754	Yod1	YOD1
52137436	Ypel1	YPEL1
52129344	Ypel2	YPEL2
52126418	Ypel3	YPEL3
52138911	Ypel5	YPEL5
52138434	Yrdc	YRDC
52137494	Ythdc1	YTHDC1
52140927	Ythdc2	YTHDC2
52128899	Ythdf1	YTHDF1
52137370	Ythdf2	YTHDF2
52137224	Ythdf3	YTHDF3
52129080	Ywhab	YWHAB
52125032	Ywhae	YWHAE
52126415	Ywhag	YWHAG
52129119	Ywhah	YWHAH
52136696	Ywhaq	YWHAQ
52128760	Ywhaz	YWHAZ
52128957	Yy1	YY1
52136459	Zan	ZAN
52136242	Zap70	ZAP70
52145519	Zbed3	ZBED3
52135118	Zbed4	ZBED4
52145522	Zbp1	ZBP1
52135241	Zbtb1	ZBTB1
52133446	Zbtb10	ZBTB10
52134412	Zbtb12	ZBTB12
52137139	Zbtb14	ZBTB14
52133121	Zbtb16	ZBTB16
52135343	Zbtb17	ZBTB17
52134406	Zbtb18	ZBTB18
52129223	Zbtb2	ZBTB2
52131343	Zbtb21	ZBTB21
52125758	Zbtb22	ZBTB22
52138661	Zbtb24	ZBTB24
52135240	Zbtb25	ZBTB25
52134467	Zbtb26	ZBTB26
52131438	Zbtb3	ZBTB3
52133858	Zbtb32	ZBTB32
52131767	Zbtb33	ZBTB33
52139996	Zbtb34	ZBTB34
52135212	Zbtb37	ZBTB37
52134810	Zbtb38	ZBTB38
52145523	Zbtb39	ZBTB39
52132188	Zbtb4	ZBTB4
52129065	Zbtb40	ZBTB40
52133778	Zbtb41	ZBTB41
52134184	Zbtb42	ZBTB42
52135960	Zbtb43	ZBTB43
52135047	Zbtb44	ZBTB44
52137376	Zbtb45	ZBTB45
52135775	Zbtb46	ZBTB46
52129641	Zbtb48	ZBTB48
52138350	Zbtb49	ZBTB49
52145524	Zbtb5	ZBTB5
52145525	Zbtb6	ZBTB6
52134210	Zbtb7a	ZBTB7A
52136273	Zbtb7b	ZBTB7B
52145526	Zbtb7c	ZBTB7C
52138080	Zbtb8a	ZBTB8A
52128575	Zc2hc1a	ZC2HC1A
52128577	Zc2hc1c	ZC2HC1C
52135286	Zc3h12a	ZC3H12A
52145528	Zc3h12c	ZC3H12C
52145529	Zc3h12d	ZC3H12D
52139077	Zc3h13	ZC3H13
52135227	Zc3h14	ZC3H14
52132222	Zc3h15	ZC3H15
52134393	Zc3h18	ZC3H18
52130259	Zc3h3	ZC3H3
52137378	Zc3h4	ZC3H4
52145530	Zc3h6	ZC3H6
52128392	Zc3h7a	ZC3H7A
52129655	Zc3h7b	ZC3H7B
52145531	Zc3h8	ZC3H8
52129730	Zc3hav1	ZC3HAV1
52145532	Zc3hav1l	ZC3HAV1L
52138301	Zc3hc1	ZC3HC1
52136427	Zc4h2	ZC4H2
52145533	Zcchc10	ZCCHC10
52134548	Zcchc14	ZCCHC14
52133220	Zcchc17	ZCCHC17
52134600	Zcchc2	ZCCHC2
52129468	Zcchc24	ZCCHC24
52145536	Zcchc3	ZCCHC3
52138584	Zcchc4	ZCCHC4
52126984	Zcchc7	ZCCHC7
52133848	Zcchc8	ZCCHC8
52138826	Zcchc9	ZCCHC9
52134054	Zcrb1	ZCRB1
52145537	Zcwpw1	ZCWPW1
52139646	Zdhhc1	ZDHHC1
52134691	Zdhhc12	ZDHHC12
52129889	Zdhhc13	ZDHHC13
52134251	Zdhhc14	ZDHHC14
52129202	Zdhhc15	ZDHHC15
52137382	Zdhhc16	ZDHHC16
52130905	Zdhhc17	ZDHHC17
52129974	Zdhhc18	ZDHHC18
52145539	Zdhhc19	ZDHHC19
52137326	Zdhhc2	ZDHHC2
52135032	Zdhhc20	ZDHHC20
52138344	Zdhhc21	ZDHHC21
52133956	Zdhhc23	ZDHHC23
52129756	Zdhhc24	ZDHHC24
52131300	Zdhhc3	ZDHHC3
52128511	Zdhhc4	ZDHHC4
52135535	Zdhhc5	ZDHHC5
52128350	Zdhhc6	ZDHHC6
52139458	Zdhhc7	ZDHHC7
52134500	Zdhhc8	ZDHHC8
52138089	Zdhhc9	ZDHHC9
52132133	Zeb1	ZEB1
52139212	Zer1	ZER1
52137395	Zfand1	ZFAND1
52139064	Zfand2a	ZFAND2A
52139065	Zfand2b	ZFAND2B
52130053	Zfand3	ZFAND3
52125427	Zfand4	ZFAND4
52131097	Zfand5	ZFAND5
52125637	Zfand6	ZFAND6
52140785	Zfat	ZFAT
52145543	Zfc3h1	ZFC3H1
52136633	Zfhx2	ZFHX2
52129700	Zfhx3	ZFHX3
52139968	Zfp1	ZFP1
52145544	Zfp14	ZFP14
52145545	Zfp2	ZFP2
52145546	Zfp28	ZFP28
52145547	Zfp3	ZFP3
52145548	Zfp30	ZFP30
52126261	Zfp36	ZFP36
52126220	Zfp36l1	ZFP36L1
52129888	Zfp36l2	ZFP36L2
52145549	Zfp37	ZFP37
52145550	Zfp41	ZFP41
52145552	Zfp57	ZFP57
52145553	Zfp62	ZFP62
52130452	Zfp64	ZFP64
52145554	Zfp69	ZFP69
52145555	Zfp82	ZFP82
52145556	Zfp90	ZFP90
52145557	Zfp92	ZFP92
52138932	Zfpl1	ZFPL1
52130454	Zfpm1	ZFPM1
52136787	Zfr	ZFR
52134715	Zfr2	ZFR2
52136929	Zfx	ZFX
52140844	Zfyve1	ZFYVE1
52135443	Zfyve16	ZFYVE16
52139525	Zfyve19	ZFYVE19
52128979	Zfyve21	ZFYVE21
52136079	Zfyve26	ZFYVE26
52131548	Zfyve27	ZFYVE27
52131069	Zfyve28	ZFYVE28
52133426	Zfyve9	ZFYVE9
52138210	Zglp1	ZGLP1
52138927	Zgpat	ZGPAT
52145562	Zhx1	ZHX1
52139584	Zhx2	ZHX2
52133485	Zhx3	ZHX3
52145563	Zik1	ZIK1
52145564	Zkscan1	ZKSCAN1
52145567	Zkscan4	ZKSCAN4
52145568	Zkscan5	ZKSCAN5
52145569	Zkscan8	ZKSCAN8
52137965	Zmat1	ZMAT1
52129396	Zmat2	ZMAT2
52139660	Zmat3	ZMAT3
52135096	Zmat4	ZMAT4
52137453	Zmat5	ZMAT5
52129084	Zmiz1	ZMIZ1
52135457	Zmiz2	ZMIZ2
52129972	Zmpste24	ZMPSTE24
52145575	Zmym1	ZMYM1
52129236	Zmym2	ZMYM2
52145576	Zmym3	ZMYM3
52131529	Zmym4	ZMYM4
52145577	Zmym5	ZMYM5
52145578	Zmym6	ZMYM6
52138910	Zmynd10	ZMYND10
52125804	Zmynd11	ZMYND11
52139450	Zmynd12	ZMYND12
52129644	Zmynd19	ZMYND19
52145580	Zmynd8	ZMYND8
52131103	Zfp106	ZNF106
52137118	Zfp112	ZNF112
52145588	Zfp12	ZNF12
52145589	Zfp560	ZNF121
52140293	Zfp142	ZNF142
52131909	Zfp143	ZNF143
52133738	Zfp146	ZNF146
52128712	Zfp148	ZNF148
52145596	Zfp169	ZNF169
52145597	Zfp174	ZNF174
52145598	Zkscan6	ZNF18
52145599	Zfp180	ZNF180
52145600	Zfp182	ZNF182
52145601	Zfp184	ZNF184
52135314	Zfp189	ZNF189
52139963	Zfp661	ZNF2
52145602	Zfp202	ZNF202
52145603	Zfp13	ZNF205
52136636	Zfp207	ZNF207
52145605	Zfp212	ZNF212
52145606	Zfp213	ZNF213
52129265	Zfp217	ZNF217
52130160	Zfp219	ZNF219
52145607	Zfp422	ZNF22
52139961	Zfp61	ZNF226
52145608	Zfp612	ZNF23
52131704	Zfp236	ZNF236
52145615	Zfp239	ZNF239
52145617	Zfp248	ZNF248
52145618	Zfp9	ZNF25
52145620	Zfp251	ZNF251
52135728	Zfp260	ZNF260
52145622	Zfp263	ZNF263
52145630	Zfp275	ZNF275
52138333	Zfp276	ZNF276
52139087	Zfp277	ZNF277
52135309	Gm3604	ZNF28
52129199	Zfp280b	ZNF280B
52129200	Zfp280c	ZNF280C
52129201	Zfp280d	ZNF280D
52129478	Zfp281	ZNF281
52145631	Zfp282	ZNF282
52145632	Zfp287	ZNF287
52130298	Zfp292	ZNF292
52135743	Zfp296	ZNF296
52145633	Zfp113	ZNF3
52145634	Zfp316	ZNF316
52145635	Zfp317	ZNF317
52139727	Zfp318	ZNF318
52145636	Zfp637	ZNF32
52145638	Zfp322a	ZNF322
52135395	Zfp326	ZNF326
52145640	Zfp329	ZNF329
52140282	Zfp933	ZNF333
52145641	Zfp334	ZNF334
52134593	Zfp335	ZNF335
52138548	Zfp341	ZNF341
52131520	Zfp346	ZNF346
52145642	Zfp105	ZNF35
52145643	Zfp354a	ZNF354A
52145644	Zfp354b	ZNF354B
52139969	Zfp354c	ZNF354C
52135621	Zfp358	ZNF358
52138273	Zfp362	ZNF362
52130850	Zfp367	ZNF367
52129327	Zfp384	ZNF384
52135368	Zfp385a	ZNF385A
52133709	Zfp385b	ZNF385B
52135502	Zfp385c	ZNF385C
52145647	Zkscan14	ZNF394
52128406	Zfp395	ZNF395
52145648	Zfp397	ZNF397
52145649	Zfp398	ZNF398
52134818	Zfp407	ZNF407
52139596	Zfp408	ZNF408
52139207	Zfp410	ZNF410
52135653	Zfp414	ZNF414
52145653	Zfp420	ZNF420
52145654	Zfp426	ZNF426
52145655	Zfp428	ZNF428
52145656	Zfp87	ZNF429
52145657	Zfp46	ZNF436
52129908	Zfp438	ZNF438
52145658	Zfp444	ZNF444
52145659	Zfp445	ZNF445
52145660	Zfp446	ZNF446
52139966	Zfp94	ZNF45
52134124	Zfp451	ZNF451
52145662	Zfp454	ZNF454
52128393	Zfp462	ZNF462
52145663	Zfp467	ZNF467
52145665	Zfp78	ZNF471
52145666	Zfp473	ZNF473
52145667	Zfp474	ZNF474
52145669	Zfp553	ZNF48
52145670	Zfp948	ZNF484
52145676	Zkscan17	ZNF496
52129477	Zfp503	ZNF503
52138916	Zfp507	ZNF507
52128891	Zfp511	ZNF511
52134512	Zfp512	ZNF512
52126462	Zfp513	ZNF513
52133952	Zfp516	ZNF516
52129746	Zfp518a	ZNF518A
52145677	Zfp518b	ZNF518B
52145678	Zfp941	ZNF519
52145679	Zfp524	ZNF524
52135119	Zfp526	ZNF526
52134446	Zfp532	ZNF532
52145680	Zfp551	ZNF551
52145682	Zfp566	ZNF566
52145683	Zfp74	ZNF569
52133407	Zfp574	ZNF574
52145684	Zfp575	ZNF575
52135397	Zfp579	ZNF579
52145685	Zfp580	ZNF580
52145687	Zfp583	ZNF583
52137311	Zfp592	ZNF592
52139155	Zfp593	ZNF593
52145692	Zfp874a	ZNF595
52145694	Zfp597	ZNF597
52129605	Zfp598	ZNF598
52145695	Zfp605	ZNF605
52145696	Zfp606	ZNF606
52145697	Zfp84	ZNF607
52140822	Zfp608	ZNF608
52129374	Zfp609	ZNF609
52129157	Zfp618	ZNF618
52145698	Zfp622	ZNF622
52145699	Zfp623	ZNF623
52131862	Zfp628	ZNF628
52145701	Zfp629	ZNF629
52145702	Zfp639	ZNF639
52145703	Zfp641	ZNF641
52129959	Zfp644	ZNF644
52130045	Zfp646	ZNF646
52129884	Zfp652	ZNF652
52140229	Zfp653	ZNF653
52128998	Zfp654	ZNF654
52145704	Zfp655	ZNF655
52145705	Zfp664	ZNF664
52133406	Zfp667	ZNF667
52129987	Zfp668	ZNF668
52145708	Zfp672	ZNF672
52131718	Zfp687	ZNF687
52145710	Zfp688	ZNF688
52145711	Zfp689	ZNF689
52145712	Zfp691	ZNF691
52135962	Zfp692	ZNF692
52139974	Zfp697	ZNF697
52139970	Zfp7	ZNF7
52126435	Zfp703	ZNF703
52134328	Zfp704	ZNF704
52139513	Zfp706	ZNF706
52139962	Zfp707	ZNF707
52135235	Zfp872	ZNF709
52129825	Zfp710	ZNF710
52133556	Zfp711	ZNF711
52129784	Zfp740	ZNF740
52145714	Zfp746	ZNF746
52138227	Zfp523	ZNF76
52145718	Zfp768	ZNF768
52129018	Zfp770	ZNF770
52145719	Zfp771	ZNF771
52135317	Zfp775	ZNF775
52145720	Zfp777	ZNF777
52145728	Zfp784	ZNF784
52145729	Zfp786	ZNF786
52145730	Zfp787	ZNF787
52145731	Zfp790	ZNF790
52131589	Zfp800	ZNF800
52140929	Zfp821	ZNF821
52134384	Zfp827	ZNF827
52139225	Zfp830	ZNF830
52129770	Zfp839	ZNF839
52145738	Zfp846	ZNF846
52145739	Zfp619	ZNF850
52134989	Zfp865	ZNF865
52145744	Zfp879	ZNF879
52128960	Znfx1	ZNFX1
52137904	Znhit1	ZNHIT1
52138108	Znhit2	ZNHIT2
52138865	Znhit3	ZNHIT3
52136020	Znhit6	ZNHIT6
52139262	Znrf1	ZNRF1
52138102	Znrf2	ZNRF2
52134965	Znrf3	ZNRF3
52129945	Zranb1	ZRANB1
52136719	Zranb2	ZRANB2
52140085	Zranb3	ZRANB3
52145751	Zscan12	ZSCAN12
52145753	Zscan2	ZSCAN2
52145754	Zscan20	ZSCAN20
52145755	Zscan21	ZSCAN21
52145756	Zscan22	ZSCAN22
52145757	Zscan25	ZSCAN25
52145758	Zscan26	ZSCAN26
52145759	Zscan29	ZSCAN29
52145770	Zswim1	ZSWIM1
52145771	Zswim3	ZSWIM3
52145772	Zswim4	ZSWIM4
52129222	Zswim5	ZSWIM5
52140076	Zswim6	ZSWIM6
52129597	Zswim7	ZSWIM7
52137055	Zswim8	ZSWIM8
52138727	Zw10	ZW10
52134502	Zwilch	ZWILCH
52145774	Zwint	ZWINT
52129747	Zxdc	ZXDC
52133895	Zyg11a	ZYG11A
52133894	Zyg11b	ZYG11B
52138531	Zyx	ZYX
52135734	Zzef1	ZZEF1
