unit_id,gsm,patient,histology,uncertainty_cutoff,label,compartment,lineage,cells,full_library_sum,panel_gene_coverage
GSM9237901_unc20_0,GSM9237901,3,normal,0.2,AT1,Epithelial,Alveolar epithelium,116,196977,0.8655
GSM9237901_unc20_1,GSM9237901,3,normal,0.2,AT2,Epithelial,Alveolar epithelium,165,288778,0.8655
GSM9237901_unc20_2,GSM9237901,3,normal,0.2,Adventitial fibroblasts,Stroma,Fibroblast lineage,11,23464,0.8655
GSM9237901_unc20_3,GSM9237901,3,normal,0.2,Alveolar fibroblasts,Stroma,Fibroblast lineage,106,149829,0.8655
GSM9237901_unc20_4,GSM9237901,3,normal,0.2,Alveolar macrophages,Immune,Myeloid,1,11440,0.8655
GSM9237901_unc20_5,GSM9237901,3,normal,0.2,B cells,Immune,Lymphoid,3,3858,0.8655
GSM9237901_unc20_6,GSM9237901,3,normal,0.2,CD4 T cells,Immune,Lymphoid,6,8978,0.8655
GSM9237901_unc20_7,GSM9237901,3,normal,0.2,CD8 T cells,Immune,Lymphoid,6,8286,0.8655
GSM9237901_unc20_8,GSM9237901,3,normal,0.2,Classical monocytes,Immune,Myeloid,2,2533,0.8655
GSM9237901_unc20_9,GSM9237901,3,normal,0.2,EC aerocyte capillary,Endothelial,Blood vessels,2,2120,0.8655
GSM9237901_unc20_10,GSM9237901,3,normal,0.2,EC arterial,Endothelial,Blood vessels,7,8058,0.8655
GSM9237901_unc20_11,GSM9237901,3,normal,0.2,EC general capillary,Endothelial,Blood vessels,3,3119,0.8655
GSM9237901_unc20_12,GSM9237901,3,normal,0.2,EC venous pulmonary,Endothelial,Blood vessels,7,7628,0.8655
GSM9237901_unc20_13,GSM9237901,3,normal,0.2,EC venous systemic,Endothelial,Blood vessels,3,5744,0.8655
GSM9237901_unc20_14,GSM9237901,3,normal,0.2,Interstitial Mph perivascular,Immune,Myeloid,1,1420,0.8655
GSM9237901_unc20_15,GSM9237901,3,normal,0.2,Lymphatic EC differentiating,Endothelial,Lymphatic EC,8,9856,0.8655
GSM9237901_unc20_16,GSM9237901,3,normal,0.2,Mast cells,Immune,Myeloid,7,12443,0.8655
GSM9237901_unc20_17,GSM9237901,3,normal,0.2,Monocyte-derived Mph,Immune,Myeloid,21,41951,0.8655
GSM9237901_unc20_18,GSM9237901,3,normal,0.2,Multiciliated (non-nasal),Epithelial,Airway epithelium,26,95412,0.8655
GSM9237901_unc20_19,GSM9237901,3,normal,0.2,Non-classical monocytes,Immune,Myeloid,3,4329,0.8655
GSM9237901_unc20_20,GSM9237901,3,normal,0.2,Pericytes,Stroma,Fibroblast lineage,4,6116,0.8655
GSM9237901_unc20_21,GSM9237901,3,normal,0.2,Plasma cells,Immune,Lymphoid,12,16242,0.8655
GSM9237901_unc20_22,GSM9237901,3,normal,0.2,Smooth muscle,Stroma,Smooth muscle,1,1479,0.8655
GSM9237901_unc30_0,GSM9237901,3,normal,0.3,AT1,Epithelial,Alveolar epithelium,117,200123,0.8655
GSM9237901_unc30_1,GSM9237901,3,normal,0.3,AT2,Epithelial,Alveolar epithelium,169,301251,0.8655
GSM9237901_unc30_2,GSM9237901,3,normal,0.3,Adventitial fibroblasts,Stroma,Fibroblast lineage,17,33460,0.8655
GSM9237901_unc30_3,GSM9237901,3,normal,0.3,Alveolar fibroblasts,Stroma,Fibroblast lineage,130,187672,0.8655
GSM9237901_unc30_4,GSM9237901,3,normal,0.3,Alveolar macrophages,Immune,Myeloid,2,14402,0.8655
GSM9237901_unc30_5,GSM9237901,3,normal,0.3,B cells,Immune,Lymphoid,5,12248,0.8655
GSM9237901_unc30_6,GSM9237901,3,normal,0.3,Basal resting,Epithelial,Airway epithelium,1,3066,0.8655
GSM9237901_unc30_7,GSM9237901,3,normal,0.3,CD4 T cells,Immune,Lymphoid,10,14657,0.8655
GSM9237901_unc30_8,GSM9237901,3,normal,0.3,CD8 T cells,Immune,Lymphoid,13,18168,0.8655
GSM9237901_unc30_9,GSM9237901,3,normal,0.3,Classical monocytes,Immune,Myeloid,2,2533,0.8655
GSM9237901_unc30_10,GSM9237901,3,normal,0.3,EC aerocyte capillary,Endothelial,Blood vessels,5,7841,0.8655
GSM9237901_unc30_11,GSM9237901,3,normal,0.3,EC arterial,Endothelial,Blood vessels,7,8058,0.8655
GSM9237901_unc30_12,GSM9237901,3,normal,0.3,EC general capillary,Endothelial,Blood vessels,5,5784,0.8655
GSM9237901_unc30_13,GSM9237901,3,normal,0.3,EC venous pulmonary,Endothelial,Blood vessels,8,8839,0.8655
GSM9237901_unc30_14,GSM9237901,3,normal,0.3,EC venous systemic,Endothelial,Blood vessels,7,13601,0.8655
GSM9237901_unc30_15,GSM9237901,3,normal,0.3,Interstitial Mph perivascular,Immune,Myeloid,2,2791,0.8655
GSM9237901_unc30_16,GSM9237901,3,normal,0.3,Lymphatic EC differentiating,Endothelial,Lymphatic EC,12,15215,0.8655
GSM9237901_unc30_17,GSM9237901,3,normal,0.3,Lymphatic EC mature,Endothelial,Lymphatic EC,1,1198,0.8655
GSM9237901_unc30_18,GSM9237901,3,normal,0.3,Mast cells,Immune,Myeloid,7,12443,0.8655
GSM9237901_unc30_19,GSM9237901,3,normal,0.3,Monocyte-derived Mph,Immune,Myeloid,52,102369,0.8655
GSM9237901_unc30_20,GSM9237901,3,normal,0.3,Multiciliated (non-nasal),Epithelial,Airway epithelium,27,98132,0.8655
GSM9237901_unc30_21,GSM9237901,3,normal,0.3,Myofibroblasts,Stroma,Fibroblast lineage,1,1473,0.8655
GSM9237901_unc30_22,GSM9237901,3,normal,0.3,Non-classical monocytes,Immune,Myeloid,4,6190,0.8655
GSM9237901_unc30_23,GSM9237901,3,normal,0.3,Pericytes,Stroma,Fibroblast lineage,5,7480,0.8655
GSM9237901_unc30_24,GSM9237901,3,normal,0.3,Plasma cells,Immune,Lymphoid,13,17287,0.8655
GSM9237901_unc30_25,GSM9237901,3,normal,0.3,Smooth muscle,Stroma,Smooth muscle,2,3262,0.8655
GSM9237901_unc30_26,GSM9237901,3,normal,0.3,pre-TB secretory,Epithelial,Airway epithelium,2,4662,0.8655
GSM9237902_unc20_0,GSM9237902,3,AIS,0.2,AT1,Epithelial,Alveolar epithelium,143,272593,0.8655
GSM9237902_unc20_1,GSM9237902,3,AIS,0.2,AT2,Epithelial,Alveolar epithelium,673,1491795,0.8655
GSM9237902_unc20_2,GSM9237902,3,AIS,0.2,Adventitial fibroblasts,Stroma,Fibroblast lineage,21,36629,0.8655
GSM9237902_unc20_3,GSM9237902,3,AIS,0.2,Alveolar fibroblasts,Stroma,Fibroblast lineage,102,151845,0.8655
GSM9237902_unc20_4,GSM9237902,3,AIS,0.2,B cells,Immune,Lymphoid,11,18125,0.8655
GSM9237902_unc20_5,GSM9237902,3,AIS,0.2,Basal resting,Epithelial,Airway epithelium,21,28250,0.8655
GSM9237902_unc20_6,GSM9237902,3,AIS,0.2,CD4 T cells,Immune,Lymphoid,28,41614,0.8655
GSM9237902_unc20_7,GSM9237902,3,AIS,0.2,CD8 T cells,Immune,Lymphoid,11,19472,0.8655
GSM9237902_unc20_8,GSM9237902,3,AIS,0.2,Classical monocytes,Immune,Myeloid,2,2313,0.8655
GSM9237902_unc20_9,GSM9237902,3,AIS,0.2,EC aerocyte capillary,Endothelial,Blood vessels,5,5985,0.8655
GSM9237902_unc20_10,GSM9237902,3,AIS,0.2,EC arterial,Endothelial,Blood vessels,14,17889,0.8655
GSM9237902_unc20_11,GSM9237902,3,AIS,0.2,EC general capillary,Endothelial,Blood vessels,4,4417,0.8655
GSM9237902_unc20_12,GSM9237902,3,AIS,0.2,EC venous pulmonary,Endothelial,Blood vessels,10,12379,0.8655
GSM9237902_unc20_13,GSM9237902,3,AIS,0.2,EC venous systemic,Endothelial,Blood vessels,2,2735,0.8655
GSM9237902_unc20_14,GSM9237902,3,AIS,0.2,Goblet (bronchial),Epithelial,Airway epithelium,1,1733,0.8655
GSM9237902_unc20_15,GSM9237902,3,AIS,0.2,Goblet (nasal),Epithelial,Airway epithelium,11,43951,0.8655
GSM9237902_unc20_16,GSM9237902,3,AIS,0.2,Lymphatic EC differentiating,Endothelial,Lymphatic EC,16,22611,0.8655
GSM9237902_unc20_17,GSM9237902,3,AIS,0.2,Lymphatic EC mature,Endothelial,Lymphatic EC,1,1957,0.8655
GSM9237902_unc20_18,GSM9237902,3,AIS,0.2,Mast cells,Immune,Myeloid,10,14634,0.8655
GSM9237902_unc20_19,GSM9237902,3,AIS,0.2,Monocyte-derived Mph,Immune,Myeloid,31,76794,0.8655
GSM9237902_unc20_20,GSM9237902,3,AIS,0.2,Multiciliated (non-nasal),Epithelial,Airway epithelium,110,388615,0.8655
GSM9237902_unc20_21,GSM9237902,3,AIS,0.2,Non-classical monocytes,Immune,Myeloid,16,22836,0.8655
GSM9237902_unc20_22,GSM9237902,3,AIS,0.2,Pericytes,Stroma,Fibroblast lineage,6,7503,0.8655
GSM9237902_unc20_23,GSM9237902,3,AIS,0.2,Plasma cells,Immune,Lymphoid,6,8109,0.8655
GSM9237902_unc30_0,GSM9237902,3,AIS,0.3,AT1,Epithelial,Alveolar epithelium,164,323051,0.8655
GSM9237902_unc30_1,GSM9237902,3,AIS,0.3,AT2,Epithelial,Alveolar epithelium,773,1793891,0.8655
GSM9237902_unc30_2,GSM9237902,3,AIS,0.3,Adventitial fibroblasts,Stroma,Fibroblast lineage,33,54822,0.8655
GSM9237902_unc30_3,GSM9237902,3,AIS,0.3,Alveolar fibroblasts,Stroma,Fibroblast lineage,173,268857,0.8655
GSM9237902_unc30_4,GSM9237902,3,AIS,0.3,Alveolar macrophages,Immune,Myeloid,2,5606,0.8655
GSM9237902_unc30_5,GSM9237902,3,AIS,0.3,B cells,Immune,Lymphoid,13,20499,0.8655
GSM9237902_unc30_6,GSM9237902,3,AIS,0.3,Basal resting,Epithelial,Airway epithelium,23,30765,0.8655
GSM9237902_unc30_7,GSM9237902,3,AIS,0.3,CD4 T cells,Immune,Lymphoid,42,61224,0.8655
GSM9237902_unc30_8,GSM9237902,3,AIS,0.3,CD8 T cells,Immune,Lymphoid,21,36023,0.8655
GSM9237902_unc30_9,GSM9237902,3,AIS,0.3,Classical monocytes,Immune,Myeloid,7,8539,0.8655
GSM9237902_unc30_10,GSM9237902,3,AIS,0.3,EC aerocyte capillary,Endothelial,Blood vessels,5,5985,0.8655
GSM9237902_unc30_11,GSM9237902,3,AIS,0.3,EC arterial,Endothelial,Blood vessels,18,22099,0.8655
GSM9237902_unc30_12,GSM9237902,3,AIS,0.3,EC general capillary,Endothelial,Blood vessels,8,8828,0.8655
GSM9237902_unc30_13,GSM9237902,3,AIS,0.3,EC venous pulmonary,Endothelial,Blood vessels,21,29798,0.8655
GSM9237902_unc30_14,GSM9237902,3,AIS,0.3,EC venous systemic,Endothelial,Blood vessels,8,11961,0.8655
GSM9237902_unc30_15,GSM9237902,3,AIS,0.3,Goblet (bronchial),Epithelial,Airway epithelium,2,4387,0.8655
GSM9237902_unc30_16,GSM9237902,3,AIS,0.3,Goblet (nasal),Epithelial,Airway epithelium,29,127320,0.8655
GSM9237902_unc30_17,GSM9237902,3,AIS,0.3,Lymphatic EC differentiating,Endothelial,Lymphatic EC,23,33629,0.8655
GSM9237902_unc30_18,GSM9237902,3,AIS,0.3,Lymphatic EC mature,Endothelial,Lymphatic EC,3,5270,0.8655
GSM9237902_unc30_19,GSM9237902,3,AIS,0.3,Mast cells,Immune,Myeloid,11,16539,0.8655
GSM9237902_unc30_20,GSM9237902,3,AIS,0.3,Monocyte-derived Mph,Immune,Myeloid,85,194089,0.8655
GSM9237902_unc30_21,GSM9237902,3,AIS,0.3,Multiciliated (non-nasal),Epithelial,Airway epithelium,113,393808,0.8655
GSM9237902_unc30_22,GSM9237902,3,AIS,0.3,Non-classical monocytes,Immune,Myeloid,21,31062,0.8655
GSM9237902_unc30_23,GSM9237902,3,AIS,0.3,Pericytes,Stroma,Fibroblast lineage,6,7503,0.8655
GSM9237902_unc30_24,GSM9237902,3,AIS,0.3,Plasma cells,Immune,Lymphoid,7,9335,0.8655
GSM9237902_unc30_25,GSM9237902,3,AIS,0.3,Suprabasal,Epithelial,Airway epithelium,1,1909,0.8655
GSM9237902_unc30_26,GSM9237902,3,AIS,0.3,pre-TB secretory,Epithelial,Airway epithelium,1,1685,0.8655
GSM9237903_unc20_0,GSM9237903,3,LUAD,0.2,AT1,Epithelial,Alveolar epithelium,179,338280,0.8655
GSM9237903_unc20_1,GSM9237903,3,LUAD,0.2,AT2,Epithelial,Alveolar epithelium,310,934100,0.8655
GSM9237903_unc20_2,GSM9237903,3,LUAD,0.2,Adventitial fibroblasts,Stroma,Fibroblast lineage,3,7185,0.8655
GSM9237903_unc20_3,GSM9237903,3,LUAD,0.2,Alveolar fibroblasts,Stroma,Fibroblast lineage,77,120106,0.8655
GSM9237903_unc20_4,GSM9237903,3,LUAD,0.2,B cells,Immune,Lymphoid,10,14676,0.8655
GSM9237903_unc20_5,GSM9237903,3,LUAD,0.2,Basal resting,Epithelial,Airway epithelium,28,43128,0.8655
GSM9237903_unc20_6,GSM9237903,3,LUAD,0.2,CD4 T cells,Immune,Lymphoid,42,61106,0.8655
GSM9237903_unc20_7,GSM9237903,3,LUAD,0.2,CD8 T cells,Immune,Lymphoid,13,16259,0.8655
GSM9237903_unc20_8,GSM9237903,3,LUAD,0.2,Classical monocytes,Immune,Myeloid,2,2716,0.8655
GSM9237903_unc20_9,GSM9237903,3,LUAD,0.2,EC aerocyte capillary,Endothelial,Blood vessels,4,4446,0.8655
GSM9237903_unc20_10,GSM9237903,3,LUAD,0.2,EC arterial,Endothelial,Blood vessels,14,18624,0.8655
GSM9237903_unc20_11,GSM9237903,3,LUAD,0.2,EC general capillary,Endothelial,Blood vessels,11,13773,0.8655
GSM9237903_unc20_12,GSM9237903,3,LUAD,0.2,EC venous pulmonary,Endothelial,Blood vessels,27,31857,0.8655
GSM9237903_unc20_13,GSM9237903,3,LUAD,0.2,Goblet (bronchial),Epithelial,Airway epithelium,1,3260,0.8655
GSM9237903_unc20_14,GSM9237903,3,LUAD,0.2,Goblet (nasal),Epithelial,Airway epithelium,2,11076,0.8655
GSM9237903_unc20_15,GSM9237903,3,LUAD,0.2,Lymphatic EC differentiating,Endothelial,Lymphatic EC,10,13464,0.8655
GSM9237903_unc20_16,GSM9237903,3,LUAD,0.2,Mast cells,Immune,Myeloid,20,28134,0.8655
GSM9237903_unc20_17,GSM9237903,3,LUAD,0.2,Monocyte-derived Mph,Immune,Myeloid,23,57365,0.8655
GSM9237903_unc20_18,GSM9237903,3,LUAD,0.2,Multiciliated (non-nasal),Epithelial,Airway epithelium,150,741963,0.8655
GSM9237903_unc20_19,GSM9237903,3,LUAD,0.2,NK cells,Immune,Lymphoid,1,1040,0.8655
GSM9237903_unc20_20,GSM9237903,3,LUAD,0.2,Neuroendocrine,Epithelial,Airway epithelium,2,5519,0.8655
GSM9237903_unc20_21,GSM9237903,3,LUAD,0.2,Non-classical monocytes,Immune,Myeloid,9,13197,0.8655
GSM9237903_unc20_22,GSM9237903,3,LUAD,0.2,Pericytes,Stroma,Fibroblast lineage,5,6300,0.8655
GSM9237903_unc20_23,GSM9237903,3,LUAD,0.2,Plasma cells,Immune,Lymphoid,5,7920,0.8655
GSM9237903_unc20_24,GSM9237903,3,LUAD,0.2,Plasmacytoid DCs,Immune,Myeloid,1,1609,0.8655
GSM9237903_unc20_25,GSM9237903,3,LUAD,0.2,SMG serous (bronchial),Epithelial,Submucosal Gland,1,2919,0.8655
GSM9237903_unc20_26,GSM9237903,3,LUAD,0.2,Smooth muscle,Stroma,Smooth muscle,2,2197,0.8655
GSM9237903_unc20_27,GSM9237903,3,LUAD,0.2,Suprabasal,Epithelial,Airway epithelium,2,3848,0.8655
GSM9237903_unc30_0,GSM9237903,3,LUAD,0.3,AT1,Epithelial,Alveolar epithelium,190,358740,0.8655
GSM9237903_unc30_1,GSM9237903,3,LUAD,0.3,AT2,Epithelial,Alveolar epithelium,344,1086108,0.8655
GSM9237903_unc30_2,GSM9237903,3,LUAD,0.3,Adventitial fibroblasts,Stroma,Fibroblast lineage,13,20549,0.8655
GSM9237903_unc30_3,GSM9237903,3,LUAD,0.3,Alveolar fibroblasts,Stroma,Fibroblast lineage,123,191308,0.8655
GSM9237903_unc30_4,GSM9237903,3,LUAD,0.3,Alveolar macrophages,Immune,Myeloid,1,5737,0.8655
GSM9237903_unc30_5,GSM9237903,3,LUAD,0.3,B cells,Immune,Lymphoid,10,14676,0.8655
GSM9237903_unc30_6,GSM9237903,3,LUAD,0.3,Basal resting,Epithelial,Airway epithelium,31,49769,0.8655
GSM9237903_unc30_7,GSM9237903,3,LUAD,0.3,CD4 T cells,Immune,Lymphoid,62,101333,0.8655
GSM9237903_unc30_8,GSM9237903,3,LUAD,0.3,CD8 T cells,Immune,Lymphoid,17,24869,0.8655
GSM9237903_unc30_9,GSM9237903,3,LUAD,0.3,Classical monocytes,Immune,Myeloid,6,8226,0.8655
GSM9237903_unc30_10,GSM9237903,3,LUAD,0.3,Club (non-nasal),Epithelial,Airway epithelium,1,2737,0.8655
GSM9237903_unc30_11,GSM9237903,3,LUAD,0.3,EC aerocyte capillary,Endothelial,Blood vessels,5,8161,0.8655
GSM9237903_unc30_12,GSM9237903,3,LUAD,0.3,EC arterial,Endothelial,Blood vessels,17,21931,0.8655
GSM9237903_unc30_13,GSM9237903,3,LUAD,0.3,EC general capillary,Endothelial,Blood vessels,19,23211,0.8655
GSM9237903_unc30_14,GSM9237903,3,LUAD,0.3,EC venous pulmonary,Endothelial,Blood vessels,38,48088,0.8655
GSM9237903_unc30_15,GSM9237903,3,LUAD,0.3,Goblet (bronchial),Epithelial,Airway epithelium,3,7400,0.8655
GSM9237903_unc30_16,GSM9237903,3,LUAD,0.3,Goblet (nasal),Epithelial,Airway epithelium,3,13817,0.8655
GSM9237903_unc30_17,GSM9237903,3,LUAD,0.3,Lymphatic EC differentiating,Endothelial,Lymphatic EC,11,15469,0.8655
GSM9237903_unc30_18,GSM9237903,3,LUAD,0.3,Mast cells,Immune,Myeloid,21,29924,0.8655
GSM9237903_unc30_19,GSM9237903,3,LUAD,0.3,Monocyte-derived Mph,Immune,Myeloid,55,145050,0.8655
GSM9237903_unc30_20,GSM9237903,3,LUAD,0.3,Multiciliated (non-nasal),Epithelial,Airway epithelium,153,750149,0.8655
GSM9237903_unc30_21,GSM9237903,3,LUAD,0.3,Myofibroblasts,Stroma,Fibroblast lineage,1,1476,0.8655
GSM9237903_unc30_22,GSM9237903,3,LUAD,0.3,NK cells,Immune,Lymphoid,1,1040,0.8655
GSM9237903_unc30_23,GSM9237903,3,LUAD,0.3,Neuroendocrine,Epithelial,Airway epithelium,2,5519,0.8655
GSM9237903_unc30_24,GSM9237903,3,LUAD,0.3,Non-classical monocytes,Immune,Myeloid,12,17999,0.8655
GSM9237903_unc30_25,GSM9237903,3,LUAD,0.3,Pericytes,Stroma,Fibroblast lineage,6,8434,0.8655
GSM9237903_unc30_26,GSM9237903,3,LUAD,0.3,Plasma cells,Immune,Lymphoid,5,7920,0.8655
GSM9237903_unc30_27,GSM9237903,3,LUAD,0.3,Plasmacytoid DCs,Immune,Myeloid,1,1609,0.8655
GSM9237903_unc30_28,GSM9237903,3,LUAD,0.3,SMG serous (bronchial),Epithelial,Submucosal Gland,2,26125,0.8655
GSM9237903_unc30_29,GSM9237903,3,LUAD,0.3,SMG serous (nasal),Epithelial,Submucosal Gland,1,3484,0.8655
GSM9237903_unc30_30,GSM9237903,3,LUAD,0.3,Smooth muscle,Stroma,Smooth muscle,2,2197,0.8655
GSM9237903_unc30_31,GSM9237903,3,LUAD,0.3,Suprabasal,Epithelial,Airway epithelium,4,6621,0.8655
GSM9237903_unc30_32,GSM9237903,3,LUAD,0.3,pre-TB secretory,Epithelial,Airway epithelium,2,6572,0.8655
GSM9237904_unc20_0,GSM9237904,4,normal,0.2,AT0,Epithelial,Airway epithelium,56,293144,0.8655
GSM9237904_unc20_1,GSM9237904,4,normal,0.2,AT1,Epithelial,Alveolar epithelium,1650,4532485,0.8655
GSM9237904_unc20_2,GSM9237904,4,normal,0.2,AT2,Epithelial,Alveolar epithelium,4520,20532915,0.8655
GSM9237904_unc20_3,GSM9237904,4,normal,0.2,AT2 proliferating,Epithelial,Alveolar epithelium,8,65895,0.8655
GSM9237904_unc20_4,GSM9237904,4,normal,0.2,Adventitial fibroblasts,Stroma,Fibroblast lineage,89,286489,0.8655
GSM9237904_unc20_5,GSM9237904,4,normal,0.2,Alveolar Mph proliferating,Immune,Myeloid,2,8422,0.8655
GSM9237904_unc20_6,GSM9237904,4,normal,0.2,Alveolar fibroblasts,Stroma,Fibroblast lineage,2286,5987712,0.8655
GSM9237904_unc20_7,GSM9237904,4,normal,0.2,Alveolar macrophages,Immune,Myeloid,1281,16534639,0.8655
GSM9237904_unc20_8,GSM9237904,4,normal,0.2,B cells,Immune,Lymphoid,79,104854,0.8655
GSM9237904_unc20_9,GSM9237904,4,normal,0.2,Basal resting,Epithelial,Airway epithelium,62,146803,0.8655
GSM9237904_unc20_10,GSM9237904,4,normal,0.2,CD4 T cells,Immune,Lymphoid,1115,1851111,0.8655
GSM9237904_unc20_11,GSM9237904,4,normal,0.2,CD8 T cells,Immune,Lymphoid,1296,2000568,0.8655
GSM9237904_unc20_12,GSM9237904,4,normal,0.2,Classical monocytes,Immune,Myeloid,44,110937,0.8655
GSM9237904_unc20_13,GSM9237904,4,normal,0.2,EC aerocyte capillary,Endothelial,Blood vessels,305,525336,0.8655
GSM9237904_unc20_14,GSM9237904,4,normal,0.2,EC arterial,Endothelial,Blood vessels,170,330973,0.8655
GSM9237904_unc20_15,GSM9237904,4,normal,0.2,EC general capillary,Endothelial,Blood vessels,164,242713,0.8655
GSM9237904_unc20_16,GSM9237904,4,normal,0.2,EC venous pulmonary,Endothelial,Blood vessels,252,484476,0.8655
GSM9237904_unc20_17,GSM9237904,4,normal,0.2,EC venous systemic,Endothelial,Blood vessels,3,7551,0.8655
GSM9237904_unc20_18,GSM9237904,4,normal,0.2,Goblet (nasal),Epithelial,Airway epithelium,6,26065,0.8655
GSM9237904_unc20_19,GSM9237904,4,normal,0.2,Goblet (subsegmental),Epithelial,Airway epithelium,2,7516,0.8655
GSM9237904_unc20_20,GSM9237904,4,normal,0.2,Interstitial Mph perivascular,Immune,Myeloid,71,167886,0.8655
GSM9237904_unc20_21,GSM9237904,4,normal,0.2,Lymphatic EC differentiating,Endothelial,Lymphatic EC,128,212844,0.8655
GSM9237904_unc20_22,GSM9237904,4,normal,0.2,Mast cells,Immune,Myeloid,453,762127,0.8655
GSM9237904_unc20_23,GSM9237904,4,normal,0.2,Migratory DCs,Immune,Myeloid,30,99220,0.8655
GSM9237904_unc20_24,GSM9237904,4,normal,0.2,Monocyte-derived Mph,Immune,Myeloid,99,441590,0.8655
GSM9237904_unc20_25,GSM9237904,4,normal,0.2,Multiciliated (non-nasal),Epithelial,Airway epithelium,266,1830323,0.8655
GSM9237904_unc20_26,GSM9237904,4,normal,0.2,Myofibroblasts,Stroma,Fibroblast lineage,3,4310,0.8655
GSM9237904_unc20_27,GSM9237904,4,normal,0.2,NK cells,Immune,Lymphoid,152,227093,0.8655
GSM9237904_unc20_28,GSM9237904,4,normal,0.2,Neuroendocrine,Epithelial,Airway epithelium,3,12391,0.8655
GSM9237904_unc20_29,GSM9237904,4,normal,0.2,Non-classical monocytes,Immune,Myeloid,97,241322,0.8655
GSM9237904_unc20_30,GSM9237904,4,normal,0.2,Peribronchial fibroblasts,Stroma,Fibroblast lineage,9,34261,0.8655
GSM9237904_unc20_31,GSM9237904,4,normal,0.2,Pericytes,Stroma,Fibroblast lineage,96,351283,0.8655
GSM9237904_unc20_32,GSM9237904,4,normal,0.2,Plasma cells,Immune,Lymphoid,500,2523879,0.8655
GSM9237904_unc20_33,GSM9237904,4,normal,0.2,Plasmacytoid DCs,Immune,Myeloid,41,104719,0.8655
GSM9237904_unc20_34,GSM9237904,4,normal,0.2,SM activated stress response,Stroma,Smooth muscle,2,3278,0.8655
GSM9237904_unc20_35,GSM9237904,4,normal,0.2,Smooth muscle,Stroma,Smooth muscle,42,92591,0.8655
GSM9237904_unc20_36,GSM9237904,4,normal,0.2,Suprabasal,Epithelial,Airway epithelium,1,3032,0.8655
GSM9237904_unc20_37,GSM9237904,4,normal,0.2,T cells proliferating,Immune,Lymphoid,22,121815,0.8655
GSM9237904_unc20_38,GSM9237904,4,normal,0.2,pre-TB secretory,Epithelial,Airway epithelium,16,48516,0.8655
GSM9237904_unc30_0,GSM9237904,4,normal,0.3,AT0,Epithelial,Airway epithelium,100,486528,0.8655
GSM9237904_unc30_1,GSM9237904,4,normal,0.3,AT1,Epithelial,Alveolar epithelium,1771,5024753,0.8655
GSM9237904_unc30_2,GSM9237904,4,normal,0.3,AT2,Epithelial,Alveolar epithelium,4884,22377159,0.8655
GSM9237904_unc30_3,GSM9237904,4,normal,0.3,AT2 proliferating,Epithelial,Alveolar epithelium,11,91865,0.8655
GSM9237904_unc30_4,GSM9237904,4,normal,0.3,Adventitial fibroblasts,Stroma,Fibroblast lineage,140,422899,0.8655
GSM9237904_unc30_5,GSM9237904,4,normal,0.3,Alveolar Mph proliferating,Immune,Myeloid,2,8422,0.8655
GSM9237904_unc30_6,GSM9237904,4,normal,0.3,Alveolar fibroblasts,Stroma,Fibroblast lineage,2542,6952023,0.8655
GSM9237904_unc30_7,GSM9237904,4,normal,0.3,Alveolar macrophages,Immune,Myeloid,1618,19182214,0.8655
GSM9237904_unc30_8,GSM9237904,4,normal,0.3,B cells,Immune,Lymphoid,88,117190,0.8655
GSM9237904_unc30_9,GSM9237904,4,normal,0.3,Basal resting,Epithelial,Airway epithelium,81,210531,0.8655
GSM9237904_unc30_10,GSM9237904,4,normal,0.3,CD4 T cells,Immune,Lymphoid,1683,2761051,0.8655
GSM9237904_unc30_11,GSM9237904,4,normal,0.3,CD8 T cells,Immune,Lymphoid,1979,3068621,0.8655
GSM9237904_unc30_12,GSM9237904,4,normal,0.3,Classical monocytes,Immune,Myeloid,58,146066,0.8655
GSM9237904_unc30_13,GSM9237904,4,normal,0.3,DC2,Immune,Myeloid,2,8048,0.8655
GSM9237904_unc30_14,GSM9237904,4,normal,0.3,Deuterosomal,Epithelial,Airway epithelium,1,1146,0.8655
GSM9237904_unc30_15,GSM9237904,4,normal,0.3,EC aerocyte capillary,Endothelial,Blood vessels,341,614200,0.8655
GSM9237904_unc30_16,GSM9237904,4,normal,0.3,EC arterial,Endothelial,Blood vessels,186,355154,0.8655
GSM9237904_unc30_17,GSM9237904,4,normal,0.3,EC general capillary,Endothelial,Blood vessels,210,325439,0.8655
GSM9237904_unc30_18,GSM9237904,4,normal,0.3,EC venous pulmonary,Endothelial,Blood vessels,293,571275,0.8655
GSM9237904_unc30_19,GSM9237904,4,normal,0.3,EC venous systemic,Endothelial,Blood vessels,3,7551,0.8655
GSM9237904_unc30_20,GSM9237904,4,normal,0.3,Goblet (nasal),Epithelial,Airway epithelium,15,86049,0.8655
GSM9237904_unc30_21,GSM9237904,4,normal,0.3,Goblet (subsegmental),Epithelial,Airway epithelium,2,7516,0.8655
GSM9237904_unc30_22,GSM9237904,4,normal,0.3,Interstitial Mph perivascular,Immune,Myeloid,152,359529,0.8655
GSM9237904_unc30_23,GSM9237904,4,normal,0.3,Lymphatic EC differentiating,Endothelial,Lymphatic EC,139,229429,0.8655
GSM9237904_unc30_24,GSM9237904,4,normal,0.3,Mast cells,Immune,Myeloid,464,790821,0.8655
GSM9237904_unc30_25,GSM9237904,4,normal,0.3,Migratory DCs,Immune,Myeloid,43,135459,0.8655
GSM9237904_unc30_26,GSM9237904,4,normal,0.3,Monocyte-derived Mph,Immune,Myeloid,232,993054,0.8655
GSM9237904_unc30_27,GSM9237904,4,normal,0.3,Multiciliated (non-nasal),Epithelial,Airway epithelium,286,1931135,0.8655
GSM9237904_unc30_28,GSM9237904,4,normal,0.3,Myofibroblasts,Stroma,Fibroblast lineage,16,26188,0.8655
GSM9237904_unc30_29,GSM9237904,4,normal,0.3,NK cells,Immune,Lymphoid,229,341579,0.8655
GSM9237904_unc30_30,GSM9237904,4,normal,0.3,Neuroendocrine,Epithelial,Airway epithelium,4,15771,0.8655
GSM9237904_unc30_31,GSM9237904,4,normal,0.3,Non-classical monocytes,Immune,Myeloid,109,270501,0.8655
GSM9237904_unc30_32,GSM9237904,4,normal,0.3,Peribronchial fibroblasts,Stroma,Fibroblast lineage,20,93737,0.8655
GSM9237904_unc30_33,GSM9237904,4,normal,0.3,Pericytes,Stroma,Fibroblast lineage,114,446315,0.8655
GSM9237904_unc30_34,GSM9237904,4,normal,0.3,Plasma cells,Immune,Lymphoid,521,2572360,0.8655
GSM9237904_unc30_35,GSM9237904,4,normal,0.3,Plasmacytoid DCs,Immune,Myeloid,46,117725,0.8655
GSM9237904_unc30_36,GSM9237904,4,normal,0.3,SM activated stress response,Stroma,Smooth muscle,3,4630,0.8655
GSM9237904_unc30_37,GSM9237904,4,normal,0.3,Smooth muscle,Stroma,Smooth muscle,57,124566,0.8655
GSM9237904_unc30_38,GSM9237904,4,normal,0.3,Suprabasal,Epithelial,Airway epithelium,1,3032,0.8655
GSM9237904_unc30_39,GSM9237904,4,normal,0.3,T cells proliferating,Immune,Lymphoid,38,191949,0.8655
GSM9237904_unc30_40,GSM9237904,4,normal,0.3,pre-TB secretory,Epithelial,Airway epithelium,31,99948,0.8655
GSM9237905_unc20_0,GSM9237905,4,normal,0.2,AT0,Epithelial,Airway epithelium,3,16177,0.8655
GSM9237905_unc20_1,GSM9237905,4,normal,0.2,AT1,Epithelial,Alveolar epithelium,712,1542909,0.8655
GSM9237905_unc20_2,GSM9237905,4,normal,0.2,AT2,Epithelial,Alveolar epithelium,2518,9187938,0.8655
GSM9237905_unc20_3,GSM9237905,4,normal,0.2,AT2 proliferating,Epithelial,Alveolar epithelium,4,68104,0.8655
GSM9237905_unc20_4,GSM9237905,4,normal,0.2,Adventitial fibroblasts,Stroma,Fibroblast lineage,75,240515,0.8655
GSM9237905_unc20_5,GSM9237905,4,normal,0.2,Alveolar fibroblasts,Stroma,Fibroblast lineage,1420,3006115,0.8655
GSM9237905_unc20_6,GSM9237905,4,normal,0.2,Alveolar macrophages,Immune,Myeloid,490,4853510,0.8655
GSM9237905_unc20_7,GSM9237905,4,normal,0.2,B cells,Immune,Lymphoid,3,3153,0.8655
GSM9237905_unc20_8,GSM9237905,4,normal,0.2,CD4 T cells,Immune,Lymphoid,107,162339,0.8655
GSM9237905_unc20_9,GSM9237905,4,normal,0.2,CD8 T cells,Immune,Lymphoid,147,184133,0.8655
GSM9237905_unc20_10,GSM9237905,4,normal,0.2,Classical monocytes,Immune,Myeloid,21,57006,0.8655
GSM9237905_unc20_11,GSM9237905,4,normal,0.2,EC aerocyte capillary,Endothelial,Blood vessels,84,131019,0.8655
GSM9237905_unc20_12,GSM9237905,4,normal,0.2,EC arterial,Endothelial,Blood vessels,73,137036,0.8655
GSM9237905_unc20_13,GSM9237905,4,normal,0.2,EC general capillary,Endothelial,Blood vessels,18,21944,0.8655
GSM9237905_unc20_14,GSM9237905,4,normal,0.2,EC venous pulmonary,Endothelial,Blood vessels,99,158018,0.8655
GSM9237905_unc20_15,GSM9237905,4,normal,0.2,EC venous systemic,Endothelial,Blood vessels,1,1585,0.8655
GSM9237905_unc20_16,GSM9237905,4,normal,0.2,Interstitial Mph perivascular,Immune,Myeloid,68,132414,0.8655
GSM9237905_unc20_17,GSM9237905,4,normal,0.2,Lymphatic EC differentiating,Endothelial,Lymphatic EC,52,84617,0.8655
GSM9237905_unc20_18,GSM9237905,4,normal,0.2,Mast cells,Immune,Myeloid,162,244136,0.8655
GSM9237905_unc20_19,GSM9237905,4,normal,0.2,Migratory DCs,Immune,Myeloid,6,13086,0.8655
GSM9237905_unc20_20,GSM9237905,4,normal,0.2,Monocyte-derived Mph,Immune,Myeloid,15,37681,0.8655
GSM9237905_unc20_21,GSM9237905,4,normal,0.2,Multiciliated (non-nasal),Epithelial,Airway epithelium,20,85388,0.8655
GSM9237905_unc20_22,GSM9237905,4,normal,0.2,Myofibroblasts,Stroma,Fibroblast lineage,3,3406,0.8655
GSM9237905_unc20_23,GSM9237905,4,normal,0.2,NK cells,Immune,Lymphoid,27,35177,0.8655
GSM9237905_unc20_24,GSM9237905,4,normal,0.2,Non-classical monocytes,Immune,Myeloid,21,45574,0.8655
GSM9237905_unc20_25,GSM9237905,4,normal,0.2,Peribronchial fibroblasts,Stroma,Fibroblast lineage,1,1289,0.8655
GSM9237905_unc20_26,GSM9237905,4,normal,0.2,Pericytes,Stroma,Fibroblast lineage,48,102001,0.8655
GSM9237905_unc20_27,GSM9237905,4,normal,0.2,Plasma cells,Immune,Lymphoid,103,471000,0.8655
GSM9237905_unc20_28,GSM9237905,4,normal,0.2,Plasmacytoid DCs,Immune,Myeloid,13,28980,0.8655
GSM9237905_unc20_29,GSM9237905,4,normal,0.2,Smooth muscle,Stroma,Smooth muscle,13,24336,0.8655
GSM9237905_unc20_30,GSM9237905,4,normal,0.2,T cells proliferating,Immune,Lymphoid,2,3980,0.8655
GSM9237905_unc30_0,GSM9237905,4,normal,0.3,AT0,Epithelial,Airway epithelium,4,18406,0.8655
GSM9237905_unc30_1,GSM9237905,4,normal,0.3,AT1,Epithelial,Alveolar epithelium,764,1708472,0.8655
GSM9237905_unc30_2,GSM9237905,4,normal,0.3,AT2,Epithelial,Alveolar epithelium,2668,9794387,0.8655
GSM9237905_unc30_3,GSM9237905,4,normal,0.3,AT2 proliferating,Epithelial,Alveolar epithelium,4,68104,0.8655
GSM9237905_unc30_4,GSM9237905,4,normal,0.3,Adventitial fibroblasts,Stroma,Fibroblast lineage,149,536754,0.8655
GSM9237905_unc30_5,GSM9237905,4,normal,0.3,Alveolar fibroblasts,Stroma,Fibroblast lineage,1618,3545578,0.8655
GSM9237905_unc30_6,GSM9237905,4,normal,0.3,Alveolar macrophages,Immune,Myeloid,570,5483240,0.8655
GSM9237905_unc30_7,GSM9237905,4,normal,0.3,B cells,Immune,Lymphoid,3,3153,0.8655
GSM9237905_unc30_8,GSM9237905,4,normal,0.3,CD4 T cells,Immune,Lymphoid,156,239373,0.8655
GSM9237905_unc30_9,GSM9237905,4,normal,0.3,CD8 T cells,Immune,Lymphoid,236,308523,0.8655
GSM9237905_unc30_10,GSM9237905,4,normal,0.3,Classical monocytes,Immune,Myeloid,30,76508,0.8655
GSM9237905_unc30_11,GSM9237905,4,normal,0.3,EC aerocyte capillary,Endothelial,Blood vessels,88,137420,0.8655
GSM9237905_unc30_12,GSM9237905,4,normal,0.3,EC arterial,Endothelial,Blood vessels,84,152781,0.8655
GSM9237905_unc30_13,GSM9237905,4,normal,0.3,EC general capillary,Endothelial,Blood vessels,29,37526,0.8655
GSM9237905_unc30_14,GSM9237905,4,normal,0.3,EC venous pulmonary,Endothelial,Blood vessels,118,189903,0.8655
GSM9237905_unc30_15,GSM9237905,4,normal,0.3,EC venous systemic,Endothelial,Blood vessels,3,3787,0.8655
GSM9237905_unc30_16,GSM9237905,4,normal,0.3,Interstitial Mph perivascular,Immune,Myeloid,117,216476,0.8655
GSM9237905_unc30_17,GSM9237905,4,normal,0.3,Lymphatic EC differentiating,Endothelial,Lymphatic EC,54,87456,0.8655
GSM9237905_unc30_18,GSM9237905,4,normal,0.3,Mast cells,Immune,Myeloid,172,265308,0.8655
GSM9237905_unc30_19,GSM9237905,4,normal,0.3,Migratory DCs,Immune,Myeloid,7,15161,0.8655
GSM9237905_unc30_20,GSM9237905,4,normal,0.3,Monocyte-derived Mph,Immune,Myeloid,27,75541,0.8655
GSM9237905_unc30_21,GSM9237905,4,normal,0.3,Multiciliated (non-nasal),Epithelial,Airway epithelium,21,86449,0.8655
GSM9237905_unc30_22,GSM9237905,4,normal,0.3,Myofibroblasts,Stroma,Fibroblast lineage,7,9595,0.8655
GSM9237905_unc30_23,GSM9237905,4,normal,0.3,NK cells,Immune,Lymphoid,46,61808,0.8655
GSM9237905_unc30_24,GSM9237905,4,normal,0.3,Non-classical monocytes,Immune,Myeloid,25,53315,0.8655
GSM9237905_unc30_25,GSM9237905,4,normal,0.3,Peribronchial fibroblasts,Stroma,Fibroblast lineage,5,18722,0.8655
GSM9237905_unc30_26,GSM9237905,4,normal,0.3,Pericytes,Stroma,Fibroblast lineage,53,121842,0.8655
GSM9237905_unc30_27,GSM9237905,4,normal,0.3,Plasma cells,Immune,Lymphoid,109,499392,0.8655
GSM9237905_unc30_28,GSM9237905,4,normal,0.3,Plasmacytoid DCs,Immune,Myeloid,13,28980,0.8655
GSM9237905_unc30_29,GSM9237905,4,normal,0.3,Smooth muscle,Stroma,Smooth muscle,14,25487,0.8655
GSM9237905_unc30_30,GSM9237905,4,normal,0.3,T cells proliferating,Immune,Lymphoid,6,14938,0.8655
GSM9237906_unc20_0,GSM9237906,4,AAH,0.2,AT0,Epithelial,Airway epithelium,3,13287,0.8655
GSM9237906_unc20_1,GSM9237906,4,AAH,0.2,AT1,Epithelial,Alveolar epithelium,299,907463,0.8655
GSM9237906_unc20_2,GSM9237906,4,AAH,0.2,AT2,Epithelial,Alveolar epithelium,641,3630538,0.8655
GSM9237906_unc20_3,GSM9237906,4,AAH,0.2,AT2 proliferating,Epithelial,Alveolar epithelium,5,43519,0.8655
GSM9237906_unc20_4,GSM9237906,4,AAH,0.2,Adventitial fibroblasts,Stroma,Fibroblast lineage,34,109542,0.8655
GSM9237906_unc20_5,GSM9237906,4,AAH,0.2,Alveolar fibroblasts,Stroma,Fibroblast lineage,528,1344715,0.8655
GSM9237906_unc20_6,GSM9237906,4,AAH,0.2,Alveolar macrophages,Immune,Myeloid,184,3775586,0.8655
GSM9237906_unc20_7,GSM9237906,4,AAH,0.2,B cells,Immune,Lymphoid,10,12478,0.8655
GSM9237906_unc20_8,GSM9237906,4,AAH,0.2,Basal resting,Epithelial,Airway epithelium,7,13461,0.8655
GSM9237906_unc20_9,GSM9237906,4,AAH,0.2,CD4 T cells,Immune,Lymphoid,190,357357,0.8655
GSM9237906_unc20_10,GSM9237906,4,AAH,0.2,CD8 T cells,Immune,Lymphoid,146,239030,0.8655
GSM9237906_unc20_11,GSM9237906,4,AAH,0.2,Classical monocytes,Immune,Myeloid,4,8744,0.8655
GSM9237906_unc20_12,GSM9237906,4,AAH,0.2,Club (non-nasal),Epithelial,Airway epithelium,1,3911,0.8655
GSM9237906_unc20_13,GSM9237906,4,AAH,0.2,EC aerocyte capillary,Endothelial,Blood vessels,41,64945,0.8655
GSM9237906_unc20_14,GSM9237906,4,AAH,0.2,EC arterial,Endothelial,Blood vessels,42,82924,0.8655
GSM9237906_unc20_15,GSM9237906,4,AAH,0.2,EC general capillary,Endothelial,Blood vessels,34,50783,0.8655
GSM9237906_unc20_16,GSM9237906,4,AAH,0.2,EC venous pulmonary,Endothelial,Blood vessels,51,90880,0.8655
GSM9237906_unc20_17,GSM9237906,4,AAH,0.2,Goblet (bronchial),Epithelial,Airway epithelium,1,4502,0.8655
GSM9237906_unc20_18,GSM9237906,4,AAH,0.2,Goblet (nasal),Epithelial,Airway epithelium,3,4628,0.8655
GSM9237906_unc20_19,GSM9237906,4,AAH,0.2,Interstitial Mph perivascular,Immune,Myeloid,22,47074,0.8655
GSM9237906_unc20_20,GSM9237906,4,AAH,0.2,Lymphatic EC differentiating,Endothelial,Lymphatic EC,27,42626,0.8655
GSM9237906_unc20_21,GSM9237906,4,AAH,0.2,Mast cells,Immune,Myeloid,87,177875,0.8655
GSM9237906_unc20_22,GSM9237906,4,AAH,0.2,Mesothelium,Stroma,Mesothelium,1,1717,0.8655
GSM9237906_unc20_23,GSM9237906,4,AAH,0.2,Migratory DCs,Immune,Myeloid,8,27107,0.8655
GSM9237906_unc20_24,GSM9237906,4,AAH,0.2,Monocyte-derived Mph,Immune,Myeloid,16,68000,0.8655
GSM9237906_unc20_25,GSM9237906,4,AAH,0.2,Multiciliated (non-nasal),Epithelial,Airway epithelium,52,505630,0.8655
GSM9237906_unc20_26,GSM9237906,4,AAH,0.2,Myofibroblasts,Stroma,Fibroblast lineage,3,4304,0.8655
GSM9237906_unc20_27,GSM9237906,4,AAH,0.2,NK cells,Immune,Lymphoid,32,55213,0.8655
GSM9237906_unc20_28,GSM9237906,4,AAH,0.2,Non-classical monocytes,Immune,Myeloid,19,53217,0.8655
GSM9237906_unc20_29,GSM9237906,4,AAH,0.2,Peribronchial fibroblasts,Stroma,Fibroblast lineage,4,28098,0.8655
GSM9237906_unc20_30,GSM9237906,4,AAH,0.2,Pericytes,Stroma,Fibroblast lineage,16,57184,0.8655
GSM9237906_unc20_31,GSM9237906,4,AAH,0.2,Plasma cells,Immune,Lymphoid,34,187943,0.8655
GSM9237906_unc20_32,GSM9237906,4,AAH,0.2,Plasmacytoid DCs,Immune,Myeloid,15,48113,0.8655
GSM9237906_unc20_33,GSM9237906,4,AAH,0.2,Smooth muscle,Stroma,Smooth muscle,22,62902,0.8655
GSM9237906_unc20_34,GSM9237906,4,AAH,0.2,T cells proliferating,Immune,Lymphoid,5,19441,0.8655
GSM9237906_unc20_35,GSM9237906,4,AAH,0.2,pre-TB secretory,Epithelial,Airway epithelium,1,1736,0.8655
GSM9237906_unc30_0,GSM9237906,4,AAH,0.3,AT0,Epithelial,Airway epithelium,4,15426,0.8655
GSM9237906_unc30_1,GSM9237906,4,AAH,0.3,AT1,Epithelial,Alveolar epithelium,310,955668,0.8655
GSM9237906_unc30_2,GSM9237906,4,AAH,0.3,AT2,Epithelial,Alveolar epithelium,686,3933384,0.8655
GSM9237906_unc30_3,GSM9237906,4,AAH,0.3,AT2 proliferating,Epithelial,Alveolar epithelium,7,59904,0.8655
GSM9237906_unc30_4,GSM9237906,4,AAH,0.3,Adventitial fibroblasts,Stroma,Fibroblast lineage,59,206601,0.8655
GSM9237906_unc30_5,GSM9237906,4,AAH,0.3,Alveolar fibroblasts,Stroma,Fibroblast lineage,562,1490643,0.8655
GSM9237906_unc30_6,GSM9237906,4,AAH,0.3,Alveolar macrophages,Immune,Myeloid,210,3991837,0.8655
GSM9237906_unc30_7,GSM9237906,4,AAH,0.3,B cells,Immune,Lymphoid,10,12478,0.8655
GSM9237906_unc30_8,GSM9237906,4,AAH,0.3,Basal resting,Epithelial,Airway epithelium,8,14511,0.8655
GSM9237906_unc30_9,GSM9237906,4,AAH,0.3,CD4 T cells,Immune,Lymphoid,263,494829,0.8655
GSM9237906_unc30_10,GSM9237906,4,AAH,0.3,CD8 T cells,Immune,Lymphoid,254,414965,0.8655
GSM9237906_unc30_11,GSM9237906,4,AAH,0.3,Classical monocytes,Immune,Myeloid,9,25914,0.8655
GSM9237906_unc30_12,GSM9237906,4,AAH,0.3,Club (non-nasal),Epithelial,Airway epithelium,1,3911,0.8655
GSM9237906_unc30_13,GSM9237906,4,AAH,0.3,EC aerocyte capillary,Endothelial,Blood vessels,44,69632,0.8655
GSM9237906_unc30_14,GSM9237906,4,AAH,0.3,EC arterial,Endothelial,Blood vessels,47,91124,0.8655
GSM9237906_unc30_15,GSM9237906,4,AAH,0.3,EC general capillary,Endothelial,Blood vessels,39,57539,0.8655
GSM9237906_unc30_16,GSM9237906,4,AAH,0.3,EC venous pulmonary,Endothelial,Blood vessels,57,103991,0.8655
GSM9237906_unc30_17,GSM9237906,4,AAH,0.3,Goblet (bronchial),Epithelial,Airway epithelium,1,4502,0.8655
GSM9237906_unc30_18,GSM9237906,4,AAH,0.3,Goblet (nasal),Epithelial,Airway epithelium,5,8085,0.8655
GSM9237906_unc30_19,GSM9237906,4,AAH,0.3,Interstitial Mph perivascular,Immune,Myeloid,47,108886,0.8655
GSM9237906_unc30_20,GSM9237906,4,AAH,0.3,Lymphatic EC differentiating,Endothelial,Lymphatic EC,30,46977,0.8655
GSM9237906_unc30_21,GSM9237906,4,AAH,0.3,Mast cells,Immune,Myeloid,89,181749,0.8655
GSM9237906_unc30_22,GSM9237906,4,AAH,0.3,Mesothelium,Stroma,Mesothelium,2,16168,0.8655
GSM9237906_unc30_23,GSM9237906,4,AAH,0.3,Migratory DCs,Immune,Myeloid,10,30757,0.8655
GSM9237906_unc30_24,GSM9237906,4,AAH,0.3,Monocyte-derived Mph,Immune,Myeloid,27,115812,0.8655
GSM9237906_unc30_25,GSM9237906,4,AAH,0.3,Multiciliated (non-nasal),Epithelial,Airway epithelium,54,556998,0.8655
GSM9237906_unc30_26,GSM9237906,4,AAH,0.3,Myofibroblasts,Stroma,Fibroblast lineage,5,6472,0.8655
GSM9237906_unc30_27,GSM9237906,4,AAH,0.3,NK cells,Immune,Lymphoid,51,83788,0.8655
GSM9237906_unc30_28,GSM9237906,4,AAH,0.3,Non-classical monocytes,Immune,Myeloid,21,63585,0.8655
GSM9237906_unc30_29,GSM9237906,4,AAH,0.3,Peribronchial fibroblasts,Stroma,Fibroblast lineage,5,30194,0.8655
GSM9237906_unc30_30,GSM9237906,4,AAH,0.3,Pericytes,Stroma,Fibroblast lineage,18,68214,0.8655
GSM9237906_unc30_31,GSM9237906,4,AAH,0.3,Plasma cells,Immune,Lymphoid,38,218983,0.8655
GSM9237906_unc30_32,GSM9237906,4,AAH,0.3,Plasmacytoid DCs,Immune,Myeloid,15,48113,0.8655
GSM9237906_unc30_33,GSM9237906,4,AAH,0.3,SM activated stress response,Stroma,Smooth muscle,1,1522,0.8655
GSM9237906_unc30_34,GSM9237906,4,AAH,0.3,Smooth muscle,Stroma,Smooth muscle,23,64143,0.8655
GSM9237906_unc30_35,GSM9237906,4,AAH,0.3,T cells proliferating,Immune,Lymphoid,8,42193,0.8655
GSM9237906_unc30_36,GSM9237906,4,AAH,0.3,pre-TB secretory,Epithelial,Airway epithelium,3,8111,0.8655
GSM9237907_unc20_0,GSM9237907,4,AAH,0.2,AT0,Epithelial,Airway epithelium,2,5117,0.8655
GSM9237907_unc20_1,GSM9237907,4,AAH,0.2,AT1,Epithelial,Alveolar epithelium,595,1366652,0.8655
GSM9237907_unc20_2,GSM9237907,4,AAH,0.2,AT2,Epithelial,Alveolar epithelium,2395,9405454,0.8655
GSM9237907_unc20_3,GSM9237907,4,AAH,0.2,AT2 proliferating,Epithelial,Alveolar epithelium,7,66506,0.8655
GSM9237907_unc20_4,GSM9237907,4,AAH,0.2,Adventitial fibroblasts,Stroma,Fibroblast lineage,23,82600,0.8655
GSM9237907_unc20_5,GSM9237907,4,AAH,0.2,Alveolar fibroblasts,Stroma,Fibroblast lineage,918,1785588,0.8655
GSM9237907_unc20_6,GSM9237907,4,AAH,0.2,Alveolar macrophages,Immune,Myeloid,318,3524450,0.8655
GSM9237907_unc20_7,GSM9237907,4,AAH,0.2,B cells,Immune,Lymphoid,8,9461,0.8655
GSM9237907_unc20_8,GSM9237907,4,AAH,0.2,CD4 T cells,Immune,Lymphoid,191,279220,0.8655
GSM9237907_unc20_9,GSM9237907,4,AAH,0.2,CD8 T cells,Immune,Lymphoid,207,286742,0.8655
GSM9237907_unc20_10,GSM9237907,4,AAH,0.2,Classical monocytes,Immune,Myeloid,12,25653,0.8655
GSM9237907_unc20_11,GSM9237907,4,AAH,0.2,EC aerocyte capillary,Endothelial,Blood vessels,62,88118,0.8655
GSM9237907_unc20_12,GSM9237907,4,AAH,0.2,EC arterial,Endothelial,Blood vessels,58,124830,0.8655
GSM9237907_unc20_13,GSM9237907,4,AAH,0.2,EC general capillary,Endothelial,Blood vessels,14,17712,0.8655
GSM9237907_unc20_14,GSM9237907,4,AAH,0.2,EC venous pulmonary,Endothelial,Blood vessels,69,112754,0.8655
GSM9237907_unc20_15,GSM9237907,4,AAH,0.2,EC venous systemic,Endothelial,Blood vessels,2,2360,0.8655
GSM9237907_unc20_16,GSM9237907,4,AAH,0.2,Interstitial Mph perivascular,Immune,Myeloid,49,102799,0.8655
GSM9237907_unc20_17,GSM9237907,4,AAH,0.2,Lymphatic EC differentiating,Endothelial,Lymphatic EC,33,50588,0.8655
GSM9237907_unc20_18,GSM9237907,4,AAH,0.2,Mast cells,Immune,Myeloid,159,235138,0.8655
GSM9237907_unc20_19,GSM9237907,4,AAH,0.2,Migratory DCs,Immune,Myeloid,18,44479,0.8655
GSM9237907_unc20_20,GSM9237907,4,AAH,0.2,Monocyte-derived Mph,Immune,Myeloid,30,91816,0.8655
GSM9237907_unc20_21,GSM9237907,4,AAH,0.2,Multiciliated (non-nasal),Epithelial,Airway epithelium,1,3086,0.8655
GSM9237907_unc20_22,GSM9237907,4,AAH,0.2,Myofibroblasts,Stroma,Fibroblast lineage,1,1873,0.8655
GSM9237907_unc20_23,GSM9237907,4,AAH,0.2,NK cells,Immune,Lymphoid,29,36451,0.8655
GSM9237907_unc20_24,GSM9237907,4,AAH,0.2,Non-classical monocytes,Immune,Myeloid,23,40257,0.8655
GSM9237907_unc20_25,GSM9237907,4,AAH,0.2,Peribronchial fibroblasts,Stroma,Fibroblast lineage,12,44548,0.8655
GSM9237907_unc20_26,GSM9237907,4,AAH,0.2,Pericytes,Stroma,Fibroblast lineage,21,48041,0.8655
GSM9237907_unc20_27,GSM9237907,4,AAH,0.2,Plasma cells,Immune,Lymphoid,105,389403,0.8655
GSM9237907_unc20_28,GSM9237907,4,AAH,0.2,Plasmacytoid DCs,Immune,Myeloid,21,44482,0.8655
GSM9237907_unc20_29,GSM9237907,4,AAH,0.2,Smooth muscle,Stroma,Smooth muscle,14,33291,0.8655
GSM9237907_unc20_30,GSM9237907,4,AAH,0.2,T cells proliferating,Immune,Lymphoid,16,62099,0.8655
GSM9237907_unc20_31,GSM9237907,4,AAH,0.2,pre-TB secretory,Epithelial,Airway epithelium,1,9511,0.8655
GSM9237907_unc30_0,GSM9237907,4,AAH,0.3,AT0,Epithelial,Airway epithelium,6,12418,0.8655
GSM9237907_unc30_1,GSM9237907,4,AAH,0.3,AT1,Epithelial,Alveolar epithelium,646,1504679,0.8655
GSM9237907_unc30_2,GSM9237907,4,AAH,0.3,AT2,Epithelial,Alveolar epithelium,2605,10554238,0.8655
GSM9237907_unc30_3,GSM9237907,4,AAH,0.3,AT2 proliferating,Epithelial,Alveolar epithelium,10,88062,0.8655
GSM9237907_unc30_4,GSM9237907,4,AAH,0.3,Adventitial fibroblasts,Stroma,Fibroblast lineage,70,256393,0.8655
GSM9237907_unc30_5,GSM9237907,4,AAH,0.3,Alveolar fibroblasts,Stroma,Fibroblast lineage,1031,2038722,0.8655
GSM9237907_unc30_6,GSM9237907,4,AAH,0.3,Alveolar macrophages,Immune,Myeloid,430,4264982,0.8655
GSM9237907_unc30_7,GSM9237907,4,AAH,0.3,B cells,Immune,Lymphoid,11,13421,0.8655
GSM9237907_unc30_8,GSM9237907,4,AAH,0.3,CD4 T cells,Immune,Lymphoid,300,445787,0.8655
GSM9237907_unc30_9,GSM9237907,4,AAH,0.3,CD8 T cells,Immune,Lymphoid,369,529783,0.8655
GSM9237907_unc30_10,GSM9237907,4,AAH,0.3,Classical monocytes,Immune,Myeloid,15,31003,0.8655
GSM9237907_unc30_11,GSM9237907,4,AAH,0.3,DC2,Immune,Myeloid,1,4291,0.8655
GSM9237907_unc30_12,GSM9237907,4,AAH,0.3,EC aerocyte capillary,Endothelial,Blood vessels,70,98359,0.8655
GSM9237907_unc30_13,GSM9237907,4,AAH,0.3,EC arterial,Endothelial,Blood vessels,69,144806,0.8655
GSM9237907_unc30_14,GSM9237907,4,AAH,0.3,EC general capillary,Endothelial,Blood vessels,22,28424,0.8655
GSM9237907_unc30_15,GSM9237907,4,AAH,0.3,EC venous pulmonary,Endothelial,Blood vessels,84,142632,0.8655
GSM9237907_unc30_16,GSM9237907,4,AAH,0.3,EC venous systemic,Endothelial,Blood vessels,3,3696,0.8655
GSM9237907_unc30_17,GSM9237907,4,AAH,0.3,Interstitial Mph perivascular,Immune,Myeloid,81,159448,0.8655
GSM9237907_unc30_18,GSM9237907,4,AAH,0.3,Lymphatic EC differentiating,Endothelial,Lymphatic EC,34,51871,0.8655
GSM9237907_unc30_19,GSM9237907,4,AAH,0.3,Mast cells,Immune,Myeloid,163,243546,0.8655
GSM9237907_unc30_20,GSM9237907,4,AAH,0.3,Migratory DCs,Immune,Myeloid,23,58100,0.8655
GSM9237907_unc30_21,GSM9237907,4,AAH,0.3,Monocyte-derived Mph,Immune,Myeloid,62,194163,0.8655
GSM9237907_unc30_22,GSM9237907,4,AAH,0.3,Multiciliated (non-nasal),Epithelial,Airway epithelium,2,4987,0.8655
GSM9237907_unc30_23,GSM9237907,4,AAH,0.3,Myofibroblasts,Stroma,Fibroblast lineage,4,6928,0.8655
GSM9237907_unc30_24,GSM9237907,4,AAH,0.3,NK cells,Immune,Lymphoid,40,55617,0.8655
GSM9237907_unc30_25,GSM9237907,4,AAH,0.3,Non-classical monocytes,Immune,Myeloid,28,49628,0.8655
GSM9237907_unc30_26,GSM9237907,4,AAH,0.3,Peribronchial fibroblasts,Stroma,Fibroblast lineage,20,66676,0.8655
GSM9237907_unc30_27,GSM9237907,4,AAH,0.3,Pericytes,Stroma,Fibroblast lineage,27,84895,0.8655
GSM9237907_unc30_28,GSM9237907,4,AAH,0.3,Plasma cells,Immune,Lymphoid,110,400442,0.8655
GSM9237907_unc30_29,GSM9237907,4,AAH,0.3,Plasmacytoid DCs,Immune,Myeloid,21,44482,0.8655
GSM9237907_unc30_30,GSM9237907,4,AAH,0.3,Smooth muscle,Stroma,Smooth muscle,16,36951,0.8655
GSM9237907_unc30_31,GSM9237907,4,AAH,0.3,T cells proliferating,Immune,Lymphoid,27,110154,0.8655
GSM9237907_unc30_32,GSM9237907,4,AAH,0.3,pre-TB secretory,Epithelial,Airway epithelium,1,9511,0.8655
GSM9237908_unc20_0,GSM9237908,4,LUAD,0.2,AT0,Epithelial,Airway epithelium,51,213320,0.8655
GSM9237908_unc20_1,GSM9237908,4,LUAD,0.2,AT1,Epithelial,Alveolar epithelium,1744,5552605,0.8655
GSM9237908_unc20_2,GSM9237908,4,LUAD,0.2,AT2,Epithelial,Alveolar epithelium,5063,25675943,0.8655
GSM9237908_unc20_3,GSM9237908,4,LUAD,0.2,AT2 proliferating,Epithelial,Alveolar epithelium,33,573105,0.8655
GSM9237908_unc20_4,GSM9237908,4,LUAD,0.2,Adventitial fibroblasts,Stroma,Fibroblast lineage,91,299809,0.8655
GSM9237908_unc20_5,GSM9237908,4,LUAD,0.2,Alveolar fibroblasts,Stroma,Fibroblast lineage,2776,7873263,0.8655
GSM9237908_unc20_6,GSM9237908,4,LUAD,0.2,Alveolar macrophages,Immune,Myeloid,935,13199652,0.8655
GSM9237908_unc20_7,GSM9237908,4,LUAD,0.2,B cells,Immune,Lymphoid,254,402230,0.8655
GSM9237908_unc20_8,GSM9237908,4,LUAD,0.2,Basal resting,Epithelial,Airway epithelium,60,154053,0.8655
GSM9237908_unc20_9,GSM9237908,4,LUAD,0.2,CD4 T cells,Immune,Lymphoid,1087,1912272,0.8655
GSM9237908_unc20_10,GSM9237908,4,LUAD,0.2,CD8 T cells,Immune,Lymphoid,1117,1786671,0.8655
GSM9237908_unc20_11,GSM9237908,4,LUAD,0.2,Classical monocytes,Immune,Myeloid,44,137247,0.8655
GSM9237908_unc20_12,GSM9237908,4,LUAD,0.2,Club (nasal),Epithelial,Airway epithelium,6,13059,0.8655
GSM9237908_unc20_13,GSM9237908,4,LUAD,0.2,Club (non-nasal),Epithelial,Airway epithelium,2,2971,0.8655
GSM9237908_unc20_14,GSM9237908,4,LUAD,0.2,DC2,Immune,Myeloid,1,8315,0.8655
GSM9237908_unc20_15,GSM9237908,4,LUAD,0.2,Deuterosomal,Epithelial,Airway epithelium,3,17891,0.8655
GSM9237908_unc20_16,GSM9237908,4,LUAD,0.2,EC aerocyte capillary,Endothelial,Blood vessels,292,485816,0.8655
GSM9237908_unc20_17,GSM9237908,4,LUAD,0.2,EC arterial,Endothelial,Blood vessels,229,463349,0.8655
GSM9237908_unc20_18,GSM9237908,4,LUAD,0.2,EC general capillary,Endothelial,Blood vessels,246,344937,0.8655
GSM9237908_unc20_19,GSM9237908,4,LUAD,0.2,EC venous pulmonary,Endothelial,Blood vessels,231,460005,0.8655
GSM9237908_unc20_20,GSM9237908,4,LUAD,0.2,EC venous systemic,Endothelial,Blood vessels,8,20369,0.8655
GSM9237908_unc20_21,GSM9237908,4,LUAD,0.2,Goblet (nasal),Epithelial,Airway epithelium,57,248385,0.8655
GSM9237908_unc20_22,GSM9237908,4,LUAD,0.2,Goblet (subsegmental),Epithelial,Airway epithelium,4,12853,0.8655
GSM9237908_unc20_23,GSM9237908,4,LUAD,0.2,Interstitial Mph perivascular,Immune,Myeloid,122,297543,0.8655
GSM9237908_unc20_24,GSM9237908,4,LUAD,0.2,Ionocyte,Epithelial,Airway epithelium,2,4473,0.8655
GSM9237908_unc20_25,GSM9237908,4,LUAD,0.2,Lymphatic EC differentiating,Endothelial,Lymphatic EC,136,237786,0.8655
GSM9237908_unc20_26,GSM9237908,4,LUAD,0.2,Mast cells,Immune,Myeloid,369,652080,0.8655
GSM9237908_unc20_27,GSM9237908,4,LUAD,0.2,Migratory DCs,Immune,Myeloid,44,164104,0.8655
GSM9237908_unc20_28,GSM9237908,4,LUAD,0.2,Monocyte-derived Mph,Immune,Myeloid,94,490395,0.8655
GSM9237908_unc20_29,GSM9237908,4,LUAD,0.2,Multiciliated (nasal),Epithelial,Airway epithelium,1,10282,0.8655
GSM9237908_unc20_30,GSM9237908,4,LUAD,0.2,Multiciliated (non-nasal),Epithelial,Airway epithelium,433,3161085,0.8655
GSM9237908_unc20_31,GSM9237908,4,LUAD,0.2,Myofibroblasts,Stroma,Fibroblast lineage,6,12705,0.8655
GSM9237908_unc20_32,GSM9237908,4,LUAD,0.2,NK cells,Immune,Lymphoid,194,318324,0.8655
GSM9237908_unc20_33,GSM9237908,4,LUAD,0.2,Neuroendocrine,Epithelial,Airway epithelium,1,1275,0.8655
GSM9237908_unc20_34,GSM9237908,4,LUAD,0.2,Non-classical monocytes,Immune,Myeloid,97,275366,0.8655
GSM9237908_unc20_35,GSM9237908,4,LUAD,0.2,Peribronchial fibroblasts,Stroma,Fibroblast lineage,39,124616,0.8655
GSM9237908_unc20_36,GSM9237908,4,LUAD,0.2,Pericytes,Stroma,Fibroblast lineage,119,531794,0.8655
GSM9237908_unc20_37,GSM9237908,4,LUAD,0.2,Plasma cells,Immune,Lymphoid,831,6159856,0.8655
GSM9237908_unc20_38,GSM9237908,4,LUAD,0.2,Plasmacytoid DCs,Immune,Myeloid,52,152570,0.8655
GSM9237908_unc20_39,GSM9237908,4,LUAD,0.2,SM activated stress response,Stroma,Smooth muscle,4,4546,0.8655
GSM9237908_unc20_40,GSM9237908,4,LUAD,0.2,Smooth muscle,Stroma,Smooth muscle,119,280681,0.8655
GSM9237908_unc20_41,GSM9237908,4,LUAD,0.2,Suprabasal,Epithelial,Airway epithelium,3,14152,0.8655
GSM9237908_unc20_42,GSM9237908,4,LUAD,0.2,T cells proliferating,Immune,Lymphoid,21,93403,0.8655
GSM9237908_unc20_43,GSM9237908,4,LUAD,0.2,pre-TB secretory,Epithelial,Airway epithelium,10,23057,0.8655
GSM9237908_unc30_0,GSM9237908,4,LUAD,0.3,AT0,Epithelial,Airway epithelium,89,373322,0.8655
GSM9237908_unc30_1,GSM9237908,4,LUAD,0.3,AT1,Epithelial,Alveolar epithelium,1885,6633887,0.8655
GSM9237908_unc30_2,GSM9237908,4,LUAD,0.3,AT2,Epithelial,Alveolar epithelium,5787,31853901,0.8655
GSM9237908_unc30_3,GSM9237908,4,LUAD,0.3,AT2 proliferating,Epithelial,Alveolar epithelium,59,1084923,0.8655
GSM9237908_unc30_4,GSM9237908,4,LUAD,0.3,Adventitial fibroblasts,Stroma,Fibroblast lineage,136,447213,0.8655
GSM9237908_unc30_5,GSM9237908,4,LUAD,0.3,Alveolar Mph proliferating,Immune,Myeloid,1,18329,0.8655
GSM9237908_unc30_6,GSM9237908,4,LUAD,0.3,Alveolar fibroblasts,Stroma,Fibroblast lineage,3084,9138190,0.8655
GSM9237908_unc30_7,GSM9237908,4,LUAD,0.3,Alveolar macrophages,Immune,Myeloid,1159,15188661,0.8655
GSM9237908_unc30_8,GSM9237908,4,LUAD,0.3,B cells,Immune,Lymphoid,264,419609,0.8655
GSM9237908_unc30_9,GSM9237908,4,LUAD,0.3,Basal resting,Epithelial,Airway epithelium,79,213375,0.8655
GSM9237908_unc30_10,GSM9237908,4,LUAD,0.3,CD4 T cells,Immune,Lymphoid,1442,2590263,0.8655
GSM9237908_unc30_11,GSM9237908,4,LUAD,0.3,CD8 T cells,Immune,Lymphoid,1647,2709105,0.8655
GSM9237908_unc30_12,GSM9237908,4,LUAD,0.3,Classical monocytes,Immune,Myeloid,64,183348,0.8655
GSM9237908_unc30_13,GSM9237908,4,LUAD,0.3,Club (nasal),Epithelial,Airway epithelium,14,35583,0.8655
GSM9237908_unc30_14,GSM9237908,4,LUAD,0.3,Club (non-nasal),Epithelial,Airway epithelium,3,6287,0.8655
GSM9237908_unc30_15,GSM9237908,4,LUAD,0.3,DC2,Immune,Myeloid,3,15190,0.8655
GSM9237908_unc30_16,GSM9237908,4,LUAD,0.3,Deuterosomal,Epithelial,Airway epithelium,4,63253,0.8655
GSM9237908_unc30_17,GSM9237908,4,LUAD,0.3,EC aerocyte capillary,Endothelial,Blood vessels,317,558320,0.8655
GSM9237908_unc30_18,GSM9237908,4,LUAD,0.3,EC arterial,Endothelial,Blood vessels,252,498287,0.8655
GSM9237908_unc30_19,GSM9237908,4,LUAD,0.3,EC general capillary,Endothelial,Blood vessels,298,444132,0.8655
GSM9237908_unc30_20,GSM9237908,4,LUAD,0.3,EC venous pulmonary,Endothelial,Blood vessels,259,526524,0.8655
GSM9237908_unc30_21,GSM9237908,4,LUAD,0.3,EC venous systemic,Endothelial,Blood vessels,13,35568,0.8655
GSM9237908_unc30_22,GSM9237908,4,LUAD,0.3,Goblet (bronchial),Epithelial,Airway epithelium,1,5194,0.8655
GSM9237908_unc30_23,GSM9237908,4,LUAD,0.3,Goblet (nasal),Epithelial,Airway epithelium,116,736280,0.8655
GSM9237908_unc30_24,GSM9237908,4,LUAD,0.3,Goblet (subsegmental),Epithelial,Airway epithelium,4,12853,0.8655
GSM9237908_unc30_25,GSM9237908,4,LUAD,0.3,Interstitial Mph perivascular,Immune,Myeloid,226,578652,0.8655
GSM9237908_unc30_26,GSM9237908,4,LUAD,0.3,Ionocyte,Epithelial,Airway epithelium,2,4473,0.8655
GSM9237908_unc30_27,GSM9237908,4,LUAD,0.3,Lymphatic EC differentiating,Endothelial,Lymphatic EC,147,266107,0.8655
GSM9237908_unc30_28,GSM9237908,4,LUAD,0.3,Mast cells,Immune,Myeloid,381,682774,0.8655
GSM9237908_unc30_29,GSM9237908,4,LUAD,0.3,Migratory DCs,Immune,Myeloid,50,189091,0.8655
GSM9237908_unc30_30,GSM9237908,4,LUAD,0.3,Monocyte-derived Mph,Immune,Myeloid,201,1071031,0.8655
GSM9237908_unc30_31,GSM9237908,4,LUAD,0.3,Multiciliated (nasal),Epithelial,Airway epithelium,1,10282,0.8655
GSM9237908_unc30_32,GSM9237908,4,LUAD,0.3,Multiciliated (non-nasal),Epithelial,Airway epithelium,472,3406518,0.8655
GSM9237908_unc30_33,GSM9237908,4,LUAD,0.3,Myofibroblasts,Stroma,Fibroblast lineage,11,19608,0.8655
GSM9237908_unc30_34,GSM9237908,4,LUAD,0.3,NK cells,Immune,Lymphoid,273,446299,0.8655
GSM9237908_unc30_35,GSM9237908,4,LUAD,0.3,Neuroendocrine,Epithelial,Airway epithelium,3,5041,0.8655
GSM9237908_unc30_36,GSM9237908,4,LUAD,0.3,Non-classical monocytes,Immune,Myeloid,111,315391,0.8655
GSM9237908_unc30_37,GSM9237908,4,LUAD,0.3,Peribronchial fibroblasts,Stroma,Fibroblast lineage,101,306498,0.8655
GSM9237908_unc30_38,GSM9237908,4,LUAD,0.3,Pericytes,Stroma,Fibroblast lineage,155,876742,0.8655
GSM9237908_unc30_39,GSM9237908,4,LUAD,0.3,Plasma cells,Immune,Lymphoid,851,6252932,0.8655
GSM9237908_unc30_40,GSM9237908,4,LUAD,0.3,Plasmacytoid DCs,Immune,Myeloid,54,155790,0.8655
GSM9237908_unc30_41,GSM9237908,4,LUAD,0.3,SM activated stress response,Stroma,Smooth muscle,6,7074,0.8655
GSM9237908_unc30_42,GSM9237908,4,LUAD,0.3,Smooth muscle,Stroma,Smooth muscle,167,399514,0.8655
GSM9237908_unc30_43,GSM9237908,4,LUAD,0.3,Smooth muscle FAM83D+,Stroma,Smooth muscle,1,1248,0.8655
GSM9237908_unc30_44,GSM9237908,4,LUAD,0.3,Suprabasal,Epithelial,Airway epithelium,6,31249,0.8655
GSM9237908_unc30_45,GSM9237908,4,LUAD,0.3,T cells proliferating,Immune,Lymphoid,37,156937,0.8655
GSM9237908_unc30_46,GSM9237908,4,LUAD,0.3,Tuft,Epithelial,Airway epithelium,1,5421,0.8655
GSM9237908_unc30_47,GSM9237908,4,LUAD,0.3,pre-TB secretory,Epithelial,Airway epithelium,18,54702,0.8655
GSM9237909_unc20_0,GSM9237909,5,normal,0.2,AT0,Epithelial,Airway epithelium,1,2308,0.8655
GSM9237909_unc20_1,GSM9237909,5,normal,0.2,AT1,Epithelial,Alveolar epithelium,1771,5185247,0.8655
GSM9237909_unc20_2,GSM9237909,5,normal,0.2,AT2,Epithelial,Alveolar epithelium,1727,6111600,0.8655
GSM9237909_unc20_3,GSM9237909,5,normal,0.2,Adventitial fibroblasts,Stroma,Fibroblast lineage,2,2361,0.8655
GSM9237909_unc20_4,GSM9237909,5,normal,0.2,Alveolar fibroblasts,Stroma,Fibroblast lineage,2911,6435989,0.8655
GSM9237909_unc20_5,GSM9237909,5,normal,0.2,Alveolar macrophages,Immune,Myeloid,435,4195129,0.8655
GSM9237909_unc20_6,GSM9237909,5,normal,0.2,B cells,Immune,Lymphoid,9,12398,0.8655
GSM9237909_unc20_7,GSM9237909,5,normal,0.2,Basal resting,Epithelial,Airway epithelium,30,48999,0.8655
GSM9237909_unc20_8,GSM9237909,5,normal,0.2,CD4 T cells,Immune,Lymphoid,114,170206,0.8655
GSM9237909_unc20_9,GSM9237909,5,normal,0.2,CD8 T cells,Immune,Lymphoid,262,360389,0.8655
GSM9237909_unc20_10,GSM9237909,5,normal,0.2,Classical monocytes,Immune,Myeloid,18,45164,0.8655
GSM9237909_unc20_11,GSM9237909,5,normal,0.2,Club (non-nasal),Epithelial,Airway epithelium,1,3104,0.8655
GSM9237909_unc20_12,GSM9237909,5,normal,0.2,EC aerocyte capillary,Endothelial,Blood vessels,315,475512,0.8655
GSM9237909_unc20_13,GSM9237909,5,normal,0.2,EC arterial,Endothelial,Blood vessels,102,170138,0.8655
GSM9237909_unc20_14,GSM9237909,5,normal,0.2,EC general capillary,Endothelial,Blood vessels,109,141250,0.8655
GSM9237909_unc20_15,GSM9237909,5,normal,0.2,EC venous pulmonary,Endothelial,Blood vessels,129,242461,0.8655
GSM9237909_unc20_16,GSM9237909,5,normal,0.2,EC venous systemic,Endothelial,Blood vessels,13,22032,0.8655
GSM9237909_unc20_17,GSM9237909,5,normal,0.2,Goblet (nasal),Epithelial,Airway epithelium,1,3110,0.8655
GSM9237909_unc20_18,GSM9237909,5,normal,0.2,Interstitial Mph perivascular,Immune,Myeloid,14,24947,0.8655
GSM9237909_unc20_19,GSM9237909,5,normal,0.2,Lymphatic EC differentiating,Endothelial,Lymphatic EC,137,269107,0.8655
GSM9237909_unc20_20,GSM9237909,5,normal,0.2,Mast cells,Immune,Myeloid,181,261340,0.8655
GSM9237909_unc20_21,GSM9237909,5,normal,0.2,Migratory DCs,Immune,Myeloid,1,2374,0.8655
GSM9237909_unc20_22,GSM9237909,5,normal,0.2,Monocyte-derived Mph,Immune,Myeloid,20,76623,0.8655
GSM9237909_unc20_23,GSM9237909,5,normal,0.2,Multiciliated (nasal),Epithelial,Airway epithelium,2,27368,0.8655
GSM9237909_unc20_24,GSM9237909,5,normal,0.2,Multiciliated (non-nasal),Epithelial,Airway epithelium,230,1060570,0.8655
GSM9237909_unc20_25,GSM9237909,5,normal,0.2,Myofibroblasts,Stroma,Fibroblast lineage,6,8659,0.8655
GSM9237909_unc20_26,GSM9237909,5,normal,0.2,NK cells,Immune,Lymphoid,19,25547,0.8655
GSM9237909_unc20_27,GSM9237909,5,normal,0.2,Non-classical monocytes,Immune,Myeloid,39,93915,0.8655
GSM9237909_unc20_28,GSM9237909,5,normal,0.2,Pericytes,Stroma,Fibroblast lineage,343,925783,0.8655
GSM9237909_unc20_29,GSM9237909,5,normal,0.2,Plasma cells,Immune,Lymphoid,18,81737,0.8655
GSM9237909_unc20_30,GSM9237909,5,normal,0.2,Plasmacytoid DCs,Immune,Myeloid,17,43375,0.8655
GSM9237909_unc20_31,GSM9237909,5,normal,0.2,SM activated stress response,Stroma,Smooth muscle,1,2117,0.8655
GSM9237909_unc20_32,GSM9237909,5,normal,0.2,Smooth muscle,Stroma,Smooth muscle,75,125126,0.8655
GSM9237909_unc20_33,GSM9237909,5,normal,0.2,pre-TB secretory,Epithelial,Airway epithelium,19,48287,0.8655
GSM9237909_unc30_0,GSM9237909,5,normal,0.3,AT0,Epithelial,Airway epithelium,5,14110,0.8655
GSM9237909_unc30_1,GSM9237909,5,normal,0.3,AT1,Epithelial,Alveolar epithelium,1816,5372464,0.8655
GSM9237909_unc30_2,GSM9237909,5,normal,0.3,AT2,Epithelial,Alveolar epithelium,1786,6351714,0.8655
GSM9237909_unc30_3,GSM9237909,5,normal,0.3,Adventitial fibroblasts,Stroma,Fibroblast lineage,9,11858,0.8655
GSM9237909_unc30_4,GSM9237909,5,normal,0.3,Alveolar fibroblasts,Stroma,Fibroblast lineage,3152,7136838,0.8655
GSM9237909_unc30_5,GSM9237909,5,normal,0.3,Alveolar macrophages,Immune,Myeloid,555,5188197,0.8655
GSM9237909_unc30_6,GSM9237909,5,normal,0.3,B cells,Immune,Lymphoid,10,14088,0.8655
GSM9237909_unc30_7,GSM9237909,5,normal,0.3,Basal resting,Epithelial,Airway epithelium,37,63639,0.8655
GSM9237909_unc30_8,GSM9237909,5,normal,0.3,CD4 T cells,Immune,Lymphoid,148,220293,0.8655
GSM9237909_unc30_9,GSM9237909,5,normal,0.3,CD8 T cells,Immune,Lymphoid,385,536391,0.8655
GSM9237909_unc30_10,GSM9237909,5,normal,0.3,Classical monocytes,Immune,Myeloid,36,93517,0.8655
GSM9237909_unc30_11,GSM9237909,5,normal,0.3,Club (non-nasal),Epithelial,Airway epithelium,1,3104,0.8655
GSM9237909_unc30_12,GSM9237909,5,normal,0.3,EC aerocyte capillary,Endothelial,Blood vessels,357,549224,0.8655
GSM9237909_unc30_13,GSM9237909,5,normal,0.3,EC arterial,Endothelial,Blood vessels,129,220281,0.8655
GSM9237909_unc30_14,GSM9237909,5,normal,0.3,EC general capillary,Endothelial,Blood vessels,209,288173,0.8655
GSM9237909_unc30_15,GSM9237909,5,normal,0.3,EC venous pulmonary,Endothelial,Blood vessels,186,350163,0.8655
GSM9237909_unc30_16,GSM9237909,5,normal,0.3,EC venous systemic,Endothelial,Blood vessels,41,66703,0.8655
GSM9237909_unc30_17,GSM9237909,5,normal,0.3,Goblet (nasal),Epithelial,Airway epithelium,8,74762,0.8655
GSM9237909_unc30_18,GSM9237909,5,normal,0.3,Interstitial Mph perivascular,Immune,Myeloid,33,58692,0.8655
GSM9237909_unc30_19,GSM9237909,5,normal,0.3,Lymphatic EC differentiating,Endothelial,Lymphatic EC,155,301539,0.8655
GSM9237909_unc30_20,GSM9237909,5,normal,0.3,Mast cells,Immune,Myeloid,193,284914,0.8655
GSM9237909_unc30_21,GSM9237909,5,normal,0.3,Migratory DCs,Immune,Myeloid,1,2374,0.8655
GSM9237909_unc30_22,GSM9237909,5,normal,0.3,Monocyte-derived Mph,Immune,Myeloid,47,165618,0.8655
GSM9237909_unc30_23,GSM9237909,5,normal,0.3,Multiciliated (nasal),Epithelial,Airway epithelium,3,41114,0.8655
GSM9237909_unc30_24,GSM9237909,5,normal,0.3,Multiciliated (non-nasal),Epithelial,Airway epithelium,234,1068171,0.8655
GSM9237909_unc30_25,GSM9237909,5,normal,0.3,Myofibroblasts,Stroma,Fibroblast lineage,11,17518,0.8655
GSM9237909_unc30_26,GSM9237909,5,normal,0.3,NK cells,Immune,Lymphoid,49,66649,0.8655
GSM9237909_unc30_27,GSM9237909,5,normal,0.3,Non-classical monocytes,Immune,Myeloid,63,137446,0.8655
GSM9237909_unc30_28,GSM9237909,5,normal,0.3,Peribronchial fibroblasts,Stroma,Fibroblast lineage,1,3550,0.8655
GSM9237909_unc30_29,GSM9237909,5,normal,0.3,Pericytes,Stroma,Fibroblast lineage,391,1113496,0.8655
GSM9237909_unc30_30,GSM9237909,5,normal,0.3,Plasma cells,Immune,Lymphoid,21,89898,0.8655
GSM9237909_unc30_31,GSM9237909,5,normal,0.3,Plasmacytoid DCs,Immune,Myeloid,18,45208,0.8655
GSM9237909_unc30_32,GSM9237909,5,normal,0.3,SM activated stress response,Stroma,Smooth muscle,7,10317,0.8655
GSM9237909_unc30_33,GSM9237909,5,normal,0.3,Smooth muscle,Stroma,Smooth muscle,107,176329,0.8655
GSM9237909_unc30_34,GSM9237909,5,normal,0.3,pre-TB secretory,Epithelial,Airway epithelium,37,87513,0.8655
GSM9237910_unc20_0,GSM9237910,5,AIS,0.2,AT0,Epithelial,Airway epithelium,3,6309,0.8655
GSM9237910_unc20_1,GSM9237910,5,AIS,0.2,AT1,Epithelial,Alveolar epithelium,304,671810,0.8655
GSM9237910_unc20_2,GSM9237910,5,AIS,0.2,AT2,Epithelial,Alveolar epithelium,224,869513,0.8655
GSM9237910_unc20_3,GSM9237910,5,AIS,0.2,Adventitial fibroblasts,Stroma,Fibroblast lineage,5,8761,0.8655
GSM9237910_unc20_4,GSM9237910,5,AIS,0.2,Alveolar fibroblasts,Stroma,Fibroblast lineage,228,391190,0.8655
GSM9237910_unc20_5,GSM9237910,5,AIS,0.2,Alveolar macrophages,Immune,Myeloid,35,254905,0.8655
GSM9237910_unc20_6,GSM9237910,5,AIS,0.2,B cells,Immune,Lymphoid,3,3378,0.8655
GSM9237910_unc20_7,GSM9237910,5,AIS,0.2,Basal resting,Epithelial,Airway epithelium,16,23437,0.8655
GSM9237910_unc20_8,GSM9237910,5,AIS,0.2,CD4 T cells,Immune,Lymphoid,16,25441,0.8655
GSM9237910_unc20_9,GSM9237910,5,AIS,0.2,CD8 T cells,Immune,Lymphoid,15,20614,0.8655
GSM9237910_unc20_10,GSM9237910,5,AIS,0.2,Classical monocytes,Immune,Myeloid,9,20249,0.8655
GSM9237910_unc20_11,GSM9237910,5,AIS,0.2,Deuterosomal,Epithelial,Airway epithelium,2,6570,0.8655
GSM9237910_unc20_12,GSM9237910,5,AIS,0.2,EC aerocyte capillary,Endothelial,Blood vessels,40,62270,0.8655
GSM9237910_unc20_13,GSM9237910,5,AIS,0.2,EC arterial,Endothelial,Blood vessels,13,19643,0.8655
GSM9237910_unc20_14,GSM9237910,5,AIS,0.2,EC general capillary,Endothelial,Blood vessels,28,36642,0.8655
GSM9237910_unc20_15,GSM9237910,5,AIS,0.2,EC venous pulmonary,Endothelial,Blood vessels,22,27536,0.8655
GSM9237910_unc20_16,GSM9237910,5,AIS,0.2,Goblet (nasal),Epithelial,Airway epithelium,3,10739,0.8655
GSM9237910_unc20_17,GSM9237910,5,AIS,0.2,Interstitial Mph perivascular,Immune,Myeloid,7,12059,0.8655
GSM9237910_unc20_18,GSM9237910,5,AIS,0.2,Lymphatic EC differentiating,Endothelial,Lymphatic EC,18,23559,0.8655
GSM9237910_unc20_19,GSM9237910,5,AIS,0.2,Mast cells,Immune,Myeloid,11,13410,0.8655
GSM9237910_unc20_20,GSM9237910,5,AIS,0.2,Monocyte-derived Mph,Immune,Myeloid,3,11664,0.8655
GSM9237910_unc20_21,GSM9237910,5,AIS,0.2,Multiciliated (non-nasal),Epithelial,Airway epithelium,63,222092,0.8655
GSM9237910_unc20_22,GSM9237910,5,AIS,0.2,Myofibroblasts,Stroma,Fibroblast lineage,1,1241,0.8655
GSM9237910_unc20_23,GSM9237910,5,AIS,0.2,NK cells,Immune,Lymphoid,18,21629,0.8655
GSM9237910_unc20_24,GSM9237910,5,AIS,0.2,Non-classical monocytes,Immune,Myeloid,8,16152,0.8655
GSM9237910_unc20_25,GSM9237910,5,AIS,0.2,Pericytes,Stroma,Fibroblast lineage,7,13520,0.8655
GSM9237910_unc20_26,GSM9237910,5,AIS,0.2,Plasma cells,Immune,Lymphoid,7,11536,0.8655
GSM9237910_unc20_27,GSM9237910,5,AIS,0.2,Plasmacytoid DCs,Immune,Myeloid,2,4032,0.8655
GSM9237910_unc20_28,GSM9237910,5,AIS,0.2,Smooth muscle,Stroma,Smooth muscle,17,26008,0.8655
GSM9237910_unc20_29,GSM9237910,5,AIS,0.2,pre-TB secretory,Epithelial,Airway epithelium,15,38499,0.8655
GSM9237910_unc30_0,GSM9237910,5,AIS,0.3,AT0,Epithelial,Airway epithelium,3,6309,0.8655
GSM9237910_unc30_1,GSM9237910,5,AIS,0.3,AT1,Epithelial,Alveolar epithelium,316,736090,0.8655
GSM9237910_unc30_2,GSM9237910,5,AIS,0.3,AT2,Epithelial,Alveolar epithelium,244,1031631,0.8655
GSM9237910_unc30_3,GSM9237910,5,AIS,0.3,Adventitial fibroblasts,Stroma,Fibroblast lineage,9,19779,0.8655
GSM9237910_unc30_4,GSM9237910,5,AIS,0.3,Alveolar fibroblasts,Stroma,Fibroblast lineage,245,456724,0.8655
GSM9237910_unc30_5,GSM9237910,5,AIS,0.3,Alveolar macrophages,Immune,Myeloid,42,302443,0.8655
GSM9237910_unc30_6,GSM9237910,5,AIS,0.3,B cells,Immune,Lymphoid,3,3378,0.8655
GSM9237910_unc30_7,GSM9237910,5,AIS,0.3,Basal resting,Epithelial,Airway epithelium,18,29504,0.8655
GSM9237910_unc30_8,GSM9237910,5,AIS,0.3,CD4 T cells,Immune,Lymphoid,24,35404,0.8655
GSM9237910_unc30_9,GSM9237910,5,AIS,0.3,CD8 T cells,Immune,Lymphoid,26,34346,0.8655
GSM9237910_unc30_10,GSM9237910,5,AIS,0.3,Classical monocytes,Immune,Myeloid,11,24046,0.8655
GSM9237910_unc30_11,GSM9237910,5,AIS,0.3,Deuterosomal,Epithelial,Airway epithelium,2,6570,0.8655
GSM9237910_unc30_12,GSM9237910,5,AIS,0.3,EC aerocyte capillary,Endothelial,Blood vessels,41,63666,0.8655
GSM9237910_unc30_13,GSM9237910,5,AIS,0.3,EC arterial,Endothelial,Blood vessels,15,21851,0.8655
GSM9237910_unc30_14,GSM9237910,5,AIS,0.3,EC general capillary,Endothelial,Blood vessels,34,48722,0.8655
GSM9237910_unc30_15,GSM9237910,5,AIS,0.3,EC venous pulmonary,Endothelial,Blood vessels,25,31020,0.8655
GSM9237910_unc30_16,GSM9237910,5,AIS,0.3,Goblet (nasal),Epithelial,Airway epithelium,5,23658,0.8655
GSM9237910_unc30_17,GSM9237910,5,AIS,0.3,Interstitial Mph perivascular,Immune,Myeloid,11,18801,0.8655
GSM9237910_unc30_18,GSM9237910,5,AIS,0.3,Lymphatic EC differentiating,Endothelial,Lymphatic EC,18,23559,0.8655
GSM9237910_unc30_19,GSM9237910,5,AIS,0.3,Mast cells,Immune,Myeloid,12,15641,0.8655
GSM9237910_unc30_20,GSM9237910,5,AIS,0.3,Migratory DCs,Immune,Myeloid,2,2991,0.8655
GSM9237910_unc30_21,GSM9237910,5,AIS,0.3,Monocyte-derived Mph,Immune,Myeloid,5,16944,0.8655
GSM9237910_unc30_22,GSM9237910,5,AIS,0.3,Multiciliated (non-nasal),Epithelial,Airway epithelium,65,228106,0.8655
GSM9237910_unc30_23,GSM9237910,5,AIS,0.3,Myofibroblasts,Stroma,Fibroblast lineage,2,2282,0.8655
GSM9237910_unc30_24,GSM9237910,5,AIS,0.3,NK cells,Immune,Lymphoid,28,33779,0.8655
GSM9237910_unc30_25,GSM9237910,5,AIS,0.3,Non-classical monocytes,Immune,Myeloid,8,16152,0.8655
GSM9237910_unc30_26,GSM9237910,5,AIS,0.3,Pericytes,Stroma,Fibroblast lineage,12,22729,0.8655
GSM9237910_unc30_27,GSM9237910,5,AIS,0.3,Plasma cells,Immune,Lymphoid,7,11536,0.8655
GSM9237910_unc30_28,GSM9237910,5,AIS,0.3,Plasmacytoid DCs,Immune,Myeloid,2,4032,0.8655
GSM9237910_unc30_29,GSM9237910,5,AIS,0.3,Smooth muscle,Stroma,Smooth muscle,19,28120,0.8655
GSM9237910_unc30_30,GSM9237910,5,AIS,0.3,pre-TB secretory,Epithelial,Airway epithelium,22,62794,0.8655
GSM9237911_unc20_0,GSM9237911,5,LUAD,0.2,AT1,Epithelial,Alveolar epithelium,84,245922,0.8655
GSM9237911_unc20_1,GSM9237911,5,LUAD,0.2,AT2,Epithelial,Alveolar epithelium,1071,4814870,0.8655
GSM9237911_unc20_2,GSM9237911,5,LUAD,0.2,AT2 proliferating,Epithelial,Alveolar epithelium,25,190310,0.8655
GSM9237911_unc20_3,GSM9237911,5,LUAD,0.2,Adventitial fibroblasts,Stroma,Fibroblast lineage,14,30961,0.8655
GSM9237911_unc20_4,GSM9237911,5,LUAD,0.2,Alveolar fibroblasts,Stroma,Fibroblast lineage,131,355698,0.8655
GSM9237911_unc20_5,GSM9237911,5,LUAD,0.2,Alveolar macrophages,Immune,Myeloid,199,1384686,0.8655
GSM9237911_unc20_6,GSM9237911,5,LUAD,0.2,B cells,Immune,Lymphoid,641,893529,0.8655
GSM9237911_unc20_7,GSM9237911,5,LUAD,0.2,Basal resting,Epithelial,Airway epithelium,2,4224,0.8655
GSM9237911_unc20_8,GSM9237911,5,LUAD,0.2,CD4 T cells,Immune,Lymphoid,2027,3311671,0.8655
GSM9237911_unc20_9,GSM9237911,5,LUAD,0.2,CD8 T cells,Immune,Lymphoid,1018,1467395,0.8655
GSM9237911_unc20_10,GSM9237911,5,LUAD,0.2,Classical monocytes,Immune,Myeloid,10,34116,0.8655
GSM9237911_unc20_11,GSM9237911,5,LUAD,0.2,DC2,Immune,Myeloid,4,9221,0.8655
GSM9237911_unc20_12,GSM9237911,5,LUAD,0.2,EC aerocyte capillary,Endothelial,Blood vessels,11,25578,0.8655
GSM9237911_unc20_13,GSM9237911,5,LUAD,0.2,EC arterial,Endothelial,Blood vessels,12,31566,0.8655
GSM9237911_unc20_14,GSM9237911,5,LUAD,0.2,EC general capillary,Endothelial,Blood vessels,12,15816,0.8655
GSM9237911_unc20_15,GSM9237911,5,LUAD,0.2,EC venous pulmonary,Endothelial,Blood vessels,24,72121,0.8655
GSM9237911_unc20_16,GSM9237911,5,LUAD,0.2,EC venous systemic,Endothelial,Blood vessels,9,16440,0.8655
GSM9237911_unc20_17,GSM9237911,5,LUAD,0.2,Goblet (nasal),Epithelial,Airway epithelium,32,134896,0.8655
GSM9237911_unc20_18,GSM9237911,5,LUAD,0.2,Hillock-like,Epithelial,Airway epithelium,1,3350,0.8655
GSM9237911_unc20_19,GSM9237911,5,LUAD,0.2,Interstitial Mph perivascular,Immune,Myeloid,53,121576,0.8655
GSM9237911_unc20_20,GSM9237911,5,LUAD,0.2,Ionocyte,Epithelial,Airway epithelium,1,9410,0.8655
GSM9237911_unc20_21,GSM9237911,5,LUAD,0.2,Lymphatic EC differentiating,Endothelial,Lymphatic EC,40,85300,0.8655
GSM9237911_unc20_22,GSM9237911,5,LUAD,0.2,Lymphatic EC mature,Endothelial,Lymphatic EC,2,3264,0.8655
GSM9237911_unc20_23,GSM9237911,5,LUAD,0.2,Mast cells,Immune,Myeloid,77,133277,0.8655
GSM9237911_unc20_24,GSM9237911,5,LUAD,0.2,Migratory DCs,Immune,Myeloid,65,184179,0.8655
GSM9237911_unc20_25,GSM9237911,5,LUAD,0.2,Monocyte-derived Mph,Immune,Myeloid,88,339544,0.8655
GSM9237911_unc20_26,GSM9237911,5,LUAD,0.2,Multiciliated (non-nasal),Epithelial,Airway epithelium,35,509474,0.8655
GSM9237911_unc20_27,GSM9237911,5,LUAD,0.2,Myofibroblasts,Stroma,Fibroblast lineage,2,3082,0.8655
GSM9237911_unc20_28,GSM9237911,5,LUAD,0.2,NK cells,Immune,Lymphoid,18,33683,0.8655
GSM9237911_unc20_29,GSM9237911,5,LUAD,0.2,Non-classical monocytes,Immune,Myeloid,5,14777,0.8655
GSM9237911_unc20_30,GSM9237911,5,LUAD,0.2,Peribronchial fibroblasts,Stroma,Fibroblast lineage,427,1538625,0.8655
GSM9237911_unc20_31,GSM9237911,5,LUAD,0.2,Pericytes,Stroma,Fibroblast lineage,55,233955,0.8655
GSM9237911_unc20_32,GSM9237911,5,LUAD,0.2,Plasma cells,Immune,Lymphoid,781,6381725,0.8655
GSM9237911_unc20_33,GSM9237911,5,LUAD,0.2,Plasmacytoid DCs,Immune,Myeloid,47,143390,0.8655
GSM9237911_unc20_34,GSM9237911,5,LUAD,0.2,Smooth muscle,Stroma,Smooth muscle,20,55559,0.8655
GSM9237911_unc20_35,GSM9237911,5,LUAD,0.2,T cells proliferating,Immune,Lymphoid,11,55787,0.8655
GSM9237911_unc20_36,GSM9237911,5,LUAD,0.2,pre-TB secretory,Epithelial,Airway epithelium,7,18317,0.8655
GSM9237911_unc30_0,GSM9237911,5,LUAD,0.3,AT0,Epithelial,Airway epithelium,1,2831,0.8655
GSM9237911_unc30_1,GSM9237911,5,LUAD,0.3,AT1,Epithelial,Alveolar epithelium,104,312492,0.8655
GSM9237911_unc30_2,GSM9237911,5,LUAD,0.3,AT2,Epithelial,Alveolar epithelium,1524,8039230,0.8655
GSM9237911_unc30_3,GSM9237911,5,LUAD,0.3,AT2 proliferating,Epithelial,Alveolar epithelium,51,501965,0.8655
GSM9237911_unc30_4,GSM9237911,5,LUAD,0.3,Adventitial fibroblasts,Stroma,Fibroblast lineage,30,98126,0.8655
GSM9237911_unc30_5,GSM9237911,5,LUAD,0.3,Alveolar fibroblasts,Stroma,Fibroblast lineage,195,529929,0.8655
GSM9237911_unc30_6,GSM9237911,5,LUAD,0.3,Alveolar macrophages,Immune,Myeloid,322,2165616,0.8655
GSM9237911_unc30_7,GSM9237911,5,LUAD,0.3,B cells,Immune,Lymphoid,678,955012,0.8655
GSM9237911_unc30_8,GSM9237911,5,LUAD,0.3,Basal resting,Epithelial,Airway epithelium,6,13954,0.8655
GSM9237911_unc30_9,GSM9237911,5,LUAD,0.3,CD4 T cells,Immune,Lymphoid,2313,3880809,0.8655
GSM9237911_unc30_10,GSM9237911,5,LUAD,0.3,CD8 T cells,Immune,Lymphoid,1214,1810614,0.8655
GSM9237911_unc30_11,GSM9237911,5,LUAD,0.3,Classical monocytes,Immune,Myeloid,15,49849,0.8655
GSM9237911_unc30_12,GSM9237911,5,LUAD,0.3,DC2,Immune,Myeloid,8,23693,0.8655
GSM9237911_unc30_13,GSM9237911,5,LUAD,0.3,EC aerocyte capillary,Endothelial,Blood vessels,11,25578,0.8655
GSM9237911_unc30_14,GSM9237911,5,LUAD,0.3,EC arterial,Endothelial,Blood vessels,16,43269,0.8655
GSM9237911_unc30_15,GSM9237911,5,LUAD,0.3,EC general capillary,Endothelial,Blood vessels,22,33400,0.8655
GSM9237911_unc30_16,GSM9237911,5,LUAD,0.3,EC venous pulmonary,Endothelial,Blood vessels,37,105394,0.8655
GSM9237911_unc30_17,GSM9237911,5,LUAD,0.3,EC venous systemic,Endothelial,Blood vessels,25,76277,0.8655
GSM9237911_unc30_18,GSM9237911,5,LUAD,0.3,Goblet (nasal),Epithelial,Airway epithelium,59,511436,0.8655
GSM9237911_unc30_19,GSM9237911,5,LUAD,0.3,Hillock-like,Epithelial,Airway epithelium,2,17841,0.8655
GSM9237911_unc30_20,GSM9237911,5,LUAD,0.3,Interstitial Mph perivascular,Immune,Myeloid,100,234792,0.8655
GSM9237911_unc30_21,GSM9237911,5,LUAD,0.3,Ionocyte,Epithelial,Airway epithelium,1,9410,0.8655
GSM9237911_unc30_22,GSM9237911,5,LUAD,0.3,Lymphatic EC differentiating,Endothelial,Lymphatic EC,51,118235,0.8655
GSM9237911_unc30_23,GSM9237911,5,LUAD,0.3,Lymphatic EC mature,Endothelial,Lymphatic EC,4,8485,0.8655
GSM9237911_unc30_24,GSM9237911,5,LUAD,0.3,Mast cells,Immune,Myeloid,79,137739,0.8655
GSM9237911_unc30_25,GSM9237911,5,LUAD,0.3,Migratory DCs,Immune,Myeloid,85,235521,0.8655
GSM9237911_unc30_26,GSM9237911,5,LUAD,0.3,Monocyte-derived Mph,Immune,Myeloid,174,738052,0.8655
GSM9237911_unc30_27,GSM9237911,5,LUAD,0.3,Multiciliated (non-nasal),Epithelial,Airway epithelium,38,518519,0.8655
GSM9237911_unc30_28,GSM9237911,5,LUAD,0.3,Myofibroblasts,Stroma,Fibroblast lineage,4,6817,0.8655
GSM9237911_unc30_29,GSM9237911,5,LUAD,0.3,NK cells,Immune,Lymphoid,32,55937,0.8655
GSM9237911_unc30_30,GSM9237911,5,LUAD,0.3,Non-classical monocytes,Immune,Myeloid,6,15885,0.8655
GSM9237911_unc30_31,GSM9237911,5,LUAD,0.3,Peribronchial fibroblasts,Stroma,Fibroblast lineage,663,2284537,0.8655
GSM9237911_unc30_32,GSM9237911,5,LUAD,0.3,Pericytes,Stroma,Fibroblast lineage,76,526100,0.8655
GSM9237911_unc30_33,GSM9237911,5,LUAD,0.3,Plasma cells,Immune,Lymphoid,797,6447748,0.8655
GSM9237911_unc30_34,GSM9237911,5,LUAD,0.3,Plasmacytoid DCs,Immune,Myeloid,49,147157,0.8655
GSM9237911_unc30_35,GSM9237911,5,LUAD,0.3,Smooth muscle,Stroma,Smooth muscle,24,67216,0.8655
GSM9237911_unc30_36,GSM9237911,5,LUAD,0.3,T cells proliferating,Immune,Lymphoid,21,96045,0.8655
GSM9237911_unc30_37,GSM9237911,5,LUAD,0.3,pre-TB secretory,Epithelial,Airway epithelium,8,20650,0.8655
GSM9237912_unc20_0,GSM9237912,6,normal,0.2,AT0,Epithelial,Airway epithelium,1,2070,0.8655
GSM9237912_unc20_1,GSM9237912,6,normal,0.2,AT1,Epithelial,Alveolar epithelium,92,232218,0.8655
GSM9237912_unc20_2,GSM9237912,6,normal,0.2,AT2,Epithelial,Alveolar epithelium,142,421410,0.8655
GSM9237912_unc20_3,GSM9237912,6,normal,0.2,Adventitial fibroblasts,Stroma,Fibroblast lineage,19,59181,0.8655
GSM9237912_unc20_4,GSM9237912,6,normal,0.2,Alveolar fibroblasts,Stroma,Fibroblast lineage,117,235475,0.8655
GSM9237912_unc20_5,GSM9237912,6,normal,0.2,Alveolar macrophages,Immune,Myeloid,77,738556,0.8655
GSM9237912_unc20_6,GSM9237912,6,normal,0.2,B cells,Immune,Lymphoid,7,8977,0.8655
GSM9237912_unc20_7,GSM9237912,6,normal,0.2,Basal resting,Epithelial,Airway epithelium,15,38746,0.8655
GSM9237912_unc20_8,GSM9237912,6,normal,0.2,CD4 T cells,Immune,Lymphoid,21,32775,0.8655
GSM9237912_unc20_9,GSM9237912,6,normal,0.2,CD8 T cells,Immune,Lymphoid,17,21333,0.8655
GSM9237912_unc20_10,GSM9237912,6,normal,0.2,Classical monocytes,Immune,Myeloid,7,23410,0.8655
GSM9237912_unc20_11,GSM9237912,6,normal,0.2,EC aerocyte capillary,Endothelial,Blood vessels,23,51888,0.8655
GSM9237912_unc20_12,GSM9237912,6,normal,0.2,EC arterial,Endothelial,Blood vessels,17,30599,0.8655
GSM9237912_unc20_13,GSM9237912,6,normal,0.2,EC general capillary,Endothelial,Blood vessels,15,25596,0.8655
GSM9237912_unc20_14,GSM9237912,6,normal,0.2,EC venous pulmonary,Endothelial,Blood vessels,14,18877,0.8655
GSM9237912_unc20_15,GSM9237912,6,normal,0.2,Goblet (nasal),Epithelial,Airway epithelium,1,5028,0.8655
GSM9237912_unc20_16,GSM9237912,6,normal,0.2,Interstitial Mph perivascular,Immune,Myeloid,13,19647,0.8655
GSM9237912_unc20_17,GSM9237912,6,normal,0.2,Lymphatic EC differentiating,Endothelial,Lymphatic EC,16,19361,0.8655
GSM9237912_unc20_18,GSM9237912,6,normal,0.2,Mast cells,Immune,Myeloid,14,20194,0.8655
GSM9237912_unc20_19,GSM9237912,6,normal,0.2,Monocyte-derived Mph,Immune,Myeloid,4,12316,0.8655
GSM9237912_unc20_20,GSM9237912,6,normal,0.2,Multiciliated (non-nasal),Epithelial,Airway epithelium,36,168497,0.8655
GSM9237912_unc20_21,GSM9237912,6,normal,0.2,NK cells,Immune,Lymphoid,12,15939,0.8655
GSM9237912_unc20_22,GSM9237912,6,normal,0.2,Non-classical monocytes,Immune,Myeloid,7,16664,0.8655
GSM9237912_unc20_23,GSM9237912,6,normal,0.2,Pericytes,Stroma,Fibroblast lineage,13,27189,0.8655
GSM9237912_unc20_24,GSM9237912,6,normal,0.2,Plasma cells,Immune,Lymphoid,13,50540,0.8655
GSM9237912_unc20_25,GSM9237912,6,normal,0.2,Plasmacytoid DCs,Immune,Myeloid,1,2254,0.8655
GSM9237912_unc20_26,GSM9237912,6,normal,0.2,SM activated stress response,Stroma,Smooth muscle,2,2717,0.8655
GSM9237912_unc20_27,GSM9237912,6,normal,0.2,SMG mucous,Epithelial,Submucosal Gland,3,8880,0.8655
GSM9237912_unc20_28,GSM9237912,6,normal,0.2,SMG serous (bronchial),Epithelial,Submucosal Gland,2,5648,0.8655
GSM9237912_unc20_29,GSM9237912,6,normal,0.2,Smooth muscle,Stroma,Smooth muscle,12,38967,0.8655
GSM9237912_unc20_30,GSM9237912,6,normal,0.2,Suprabasal,Epithelial,Airway epithelium,1,4664,0.8655
GSM9237912_unc20_31,GSM9237912,6,normal,0.2,pre-TB secretory,Epithelial,Airway epithelium,2,5910,0.8655
GSM9237912_unc30_0,GSM9237912,6,normal,0.3,AT0,Epithelial,Airway epithelium,1,2070,0.8655
GSM9237912_unc30_1,GSM9237912,6,normal,0.3,AT1,Epithelial,Alveolar epithelium,97,255888,0.8655
GSM9237912_unc30_2,GSM9237912,6,normal,0.3,AT2,Epithelial,Alveolar epithelium,147,437640,0.8655
GSM9237912_unc30_3,GSM9237912,6,normal,0.3,Adventitial fibroblasts,Stroma,Fibroblast lineage,20,63694,0.8655
GSM9237912_unc30_4,GSM9237912,6,normal,0.3,Alveolar fibroblasts,Stroma,Fibroblast lineage,128,290496,0.8655
GSM9237912_unc30_5,GSM9237912,6,normal,0.3,Alveolar macrophages,Immune,Myeloid,85,813513,0.8655
GSM9237912_unc30_6,GSM9237912,6,normal,0.3,B cells,Immune,Lymphoid,7,8977,0.8655
GSM9237912_unc30_7,GSM9237912,6,normal,0.3,Basal resting,Epithelial,Airway epithelium,15,38746,0.8655
GSM9237912_unc30_8,GSM9237912,6,normal,0.3,CD4 T cells,Immune,Lymphoid,29,43753,0.8655
GSM9237912_unc30_9,GSM9237912,6,normal,0.3,CD8 T cells,Immune,Lymphoid,25,31707,0.8655
GSM9237912_unc30_10,GSM9237912,6,normal,0.3,Classical monocytes,Immune,Myeloid,9,27727,0.8655
GSM9237912_unc30_11,GSM9237912,6,normal,0.3,EC aerocyte capillary,Endothelial,Blood vessels,25,60653,0.8655
GSM9237912_unc30_12,GSM9237912,6,normal,0.3,EC arterial,Endothelial,Blood vessels,19,32898,0.8655
GSM9237912_unc30_13,GSM9237912,6,normal,0.3,EC general capillary,Endothelial,Blood vessels,19,30164,0.8655
GSM9237912_unc30_14,GSM9237912,6,normal,0.3,EC venous pulmonary,Endothelial,Blood vessels,16,22315,0.8655
GSM9237912_unc30_15,GSM9237912,6,normal,0.3,Goblet (nasal),Epithelial,Airway epithelium,1,5028,0.8655
GSM9237912_unc30_16,GSM9237912,6,normal,0.3,Interstitial Mph perivascular,Immune,Myeloid,19,27662,0.8655
GSM9237912_unc30_17,GSM9237912,6,normal,0.3,Lymphatic EC differentiating,Endothelial,Lymphatic EC,17,20496,0.8655
GSM9237912_unc30_18,GSM9237912,6,normal,0.3,Mast cells,Immune,Myeloid,14,20194,0.8655
GSM9237912_unc30_19,GSM9237912,6,normal,0.3,Monocyte-derived Mph,Immune,Myeloid,13,34220,0.8655
GSM9237912_unc30_20,GSM9237912,6,normal,0.3,Multiciliated (non-nasal),Epithelial,Airway epithelium,40,232404,0.8655
GSM9237912_unc30_21,GSM9237912,6,normal,0.3,NK cells,Immune,Lymphoid,20,27247,0.8655
GSM9237912_unc30_22,GSM9237912,6,normal,0.3,Non-classical monocytes,Immune,Myeloid,8,18841,0.8655
GSM9237912_unc30_23,GSM9237912,6,normal,0.3,Pericytes,Stroma,Fibroblast lineage,13,27189,0.8655
GSM9237912_unc30_24,GSM9237912,6,normal,0.3,Plasma cells,Immune,Lymphoid,13,50540,0.8655
GSM9237912_unc30_25,GSM9237912,6,normal,0.3,Plasmacytoid DCs,Immune,Myeloid,1,2254,0.8655
GSM9237912_unc30_26,GSM9237912,6,normal,0.3,SM activated stress response,Stroma,Smooth muscle,4,6261,0.8655
GSM9237912_unc30_27,GSM9237912,6,normal,0.3,SMG mucous,Epithelial,Submucosal Gland,3,8880,0.8655
GSM9237912_unc30_28,GSM9237912,6,normal,0.3,SMG serous (bronchial),Epithelial,Submucosal Gland,2,5648,0.8655
GSM9237912_unc30_29,GSM9237912,6,normal,0.3,Smooth muscle,Stroma,Smooth muscle,14,42467,0.8655
GSM9237912_unc30_30,GSM9237912,6,normal,0.3,Smooth muscle FAM83D+,Stroma,Smooth muscle,1,1754,0.8655
GSM9237912_unc30_31,GSM9237912,6,normal,0.3,Suprabasal,Epithelial,Airway epithelium,1,4664,0.8655
GSM9237912_unc30_32,GSM9237912,6,normal,0.3,pre-TB secretory,Epithelial,Airway epithelium,4,14005,0.8655
GSM9237913_unc20_0,GSM9237913,6,AAH,0.2,AT0,Epithelial,Airway epithelium,1,1773,0.8655
GSM9237913_unc20_1,GSM9237913,6,AAH,0.2,AT1,Epithelial,Alveolar epithelium,218,480365,0.8655
GSM9237913_unc20_2,GSM9237913,6,AAH,0.2,AT2,Epithelial,Alveolar epithelium,414,1136231,0.8655
GSM9237913_unc20_3,GSM9237913,6,AAH,0.2,Adventitial fibroblasts,Stroma,Fibroblast lineage,34,71383,0.8655
GSM9237913_unc20_4,GSM9237913,6,AAH,0.2,Alveolar fibroblasts,Stroma,Fibroblast lineage,247,535730,0.8655
GSM9237913_unc20_5,GSM9237913,6,AAH,0.2,Alveolar macrophages,Immune,Myeloid,77,651619,0.8655
GSM9237913_unc20_6,GSM9237913,6,AAH,0.2,B cells,Immune,Lymphoid,1,1088,0.8655
GSM9237913_unc20_7,GSM9237913,6,AAH,0.2,Basal resting,Epithelial,Airway epithelium,37,91546,0.8655
GSM9237913_unc20_8,GSM9237913,6,AAH,0.2,CD4 T cells,Immune,Lymphoid,20,28332,0.8655
GSM9237913_unc20_9,GSM9237913,6,AAH,0.2,CD8 T cells,Immune,Lymphoid,34,44156,0.8655
GSM9237913_unc20_10,GSM9237913,6,AAH,0.2,Classical monocytes,Immune,Myeloid,10,21903,0.8655
GSM9237913_unc20_11,GSM9237913,6,AAH,0.2,Club (non-nasal),Epithelial,Airway epithelium,3,7842,0.8655
GSM9237913_unc20_12,GSM9237913,6,AAH,0.2,EC aerocyte capillary,Endothelial,Blood vessels,62,103477,0.8655
GSM9237913_unc20_13,GSM9237913,6,AAH,0.2,EC arterial,Endothelial,Blood vessels,26,47097,0.8655
GSM9237913_unc20_14,GSM9237913,6,AAH,0.2,EC general capillary,Endothelial,Blood vessels,45,66406,0.8655
GSM9237913_unc20_15,GSM9237913,6,AAH,0.2,EC venous pulmonary,Endothelial,Blood vessels,13,18233,0.8655
GSM9237913_unc20_16,GSM9237913,6,AAH,0.2,Goblet (bronchial),Epithelial,Airway epithelium,1,21625,0.8655
GSM9237913_unc20_17,GSM9237913,6,AAH,0.2,Goblet (nasal),Epithelial,Airway epithelium,3,19048,0.8655
GSM9237913_unc20_18,GSM9237913,6,AAH,0.2,Interstitial Mph perivascular,Immune,Myeloid,9,13816,0.8655
GSM9237913_unc20_19,GSM9237913,6,AAH,0.2,Lymphatic EC differentiating,Endothelial,Lymphatic EC,10,11625,0.8655
GSM9237913_unc20_20,GSM9237913,6,AAH,0.2,Mast cells,Immune,Myeloid,13,17844,0.8655
GSM9237913_unc20_21,GSM9237913,6,AAH,0.2,Multiciliated (non-nasal),Epithelial,Airway epithelium,174,937319,0.8655
GSM9237913_unc20_22,GSM9237913,6,AAH,0.2,Myofibroblasts,Stroma,Fibroblast lineage,1,1999,0.8655
GSM9237913_unc20_23,GSM9237913,6,AAH,0.2,NK cells,Immune,Lymphoid,17,22536,0.8655
GSM9237913_unc20_24,GSM9237913,6,AAH,0.2,Neuroendocrine,Epithelial,Airway epithelium,1,2526,0.8655
GSM9237913_unc20_25,GSM9237913,6,AAH,0.2,Non-classical monocytes,Immune,Myeloid,10,19071,0.8655
GSM9237913_unc20_26,GSM9237913,6,AAH,0.2,Pericytes,Stroma,Fibroblast lineage,17,29627,0.8655
GSM9237913_unc20_27,GSM9237913,6,AAH,0.2,Plasma cells,Immune,Lymphoid,26,102741,0.8655
GSM9237913_unc20_28,GSM9237913,6,AAH,0.2,Plasmacytoid DCs,Immune,Myeloid,1,1968,0.8655
GSM9237913_unc20_29,GSM9237913,6,AAH,0.2,SMG mucous,Epithelial,Submucosal Gland,5,27130,0.8655
GSM9237913_unc20_30,GSM9237913,6,AAH,0.2,SMG serous (bronchial),Epithelial,Submucosal Gland,6,53460,0.8655
GSM9237913_unc20_31,GSM9237913,6,AAH,0.2,Smooth muscle,Stroma,Smooth muscle,30,60752,0.8655
GSM9237913_unc20_32,GSM9237913,6,AAH,0.2,Suprabasal,Epithelial,Airway epithelium,2,6424,0.8655
GSM9237913_unc20_33,GSM9237913,6,AAH,0.2,pre-TB secretory,Epithelial,Airway epithelium,10,30145,0.8655
GSM9237913_unc30_0,GSM9237913,6,AAH,0.3,AT0,Epithelial,Airway epithelium,5,10625,0.8655
GSM9237913_unc30_1,GSM9237913,6,AAH,0.3,AT1,Epithelial,Alveolar epithelium,230,549802,0.8655
GSM9237913_unc30_2,GSM9237913,6,AAH,0.3,AT2,Epithelial,Alveolar epithelium,422,1197670,0.8655
GSM9237913_unc30_3,GSM9237913,6,AAH,0.3,Adventitial fibroblasts,Stroma,Fibroblast lineage,40,81208,0.8655
GSM9237913_unc30_4,GSM9237913,6,AAH,0.3,Alveolar fibroblasts,Stroma,Fibroblast lineage,275,642774,0.8655
GSM9237913_unc30_5,GSM9237913,6,AAH,0.3,Alveolar macrophages,Immune,Myeloid,83,685189,0.8655
GSM9237913_unc30_6,GSM9237913,6,AAH,0.3,B cells,Immune,Lymphoid,1,1088,0.8655
GSM9237913_unc30_7,GSM9237913,6,AAH,0.3,Basal resting,Epithelial,Airway epithelium,41,107300,0.8655
GSM9237913_unc30_8,GSM9237913,6,AAH,0.3,CD4 T cells,Immune,Lymphoid,23,31870,0.8655
GSM9237913_unc30_9,GSM9237913,6,AAH,0.3,CD8 T cells,Immune,Lymphoid,49,64277,0.8655
GSM9237913_unc30_10,GSM9237913,6,AAH,0.3,Classical monocytes,Immune,Myeloid,10,21903,0.8655
GSM9237913_unc30_11,GSM9237913,6,AAH,0.3,Club (non-nasal),Epithelial,Airway epithelium,7,30913,0.8655
GSM9237913_unc30_12,GSM9237913,6,AAH,0.3,EC aerocyte capillary,Endothelial,Blood vessels,69,119095,0.8655
GSM9237913_unc30_13,GSM9237913,6,AAH,0.3,EC arterial,Endothelial,Blood vessels,30,58359,0.8655
GSM9237913_unc30_14,GSM9237913,6,AAH,0.3,EC general capillary,Endothelial,Blood vessels,51,79519,0.8655
GSM9237913_unc30_15,GSM9237913,6,AAH,0.3,EC venous pulmonary,Endothelial,Blood vessels,16,21957,0.8655
GSM9237913_unc30_16,GSM9237913,6,AAH,0.3,Goblet (bronchial),Epithelial,Airway epithelium,1,21625,0.8655
GSM9237913_unc30_17,GSM9237913,6,AAH,0.3,Goblet (nasal),Epithelial,Airway epithelium,5,22781,0.8655
GSM9237913_unc30_18,GSM9237913,6,AAH,0.3,Interstitial Mph perivascular,Immune,Myeloid,12,17560,0.8655
GSM9237913_unc30_19,GSM9237913,6,AAH,0.3,Lymphatic EC differentiating,Endothelial,Lymphatic EC,10,11625,0.8655
GSM9237913_unc30_20,GSM9237913,6,AAH,0.3,Mast cells,Immune,Myeloid,14,19161,0.8655
GSM9237913_unc30_21,GSM9237913,6,AAH,0.3,Migratory DCs,Immune,Myeloid,1,2074,0.8655
GSM9237913_unc30_22,GSM9237913,6,AAH,0.3,Monocyte-derived Mph,Immune,Myeloid,3,8775,0.8655
GSM9237913_unc30_23,GSM9237913,6,AAH,0.3,Multiciliated (non-nasal),Epithelial,Airway epithelium,185,1012215,0.8655
GSM9237913_unc30_24,GSM9237913,6,AAH,0.3,Myofibroblasts,Stroma,Fibroblast lineage,2,3175,0.8655
GSM9237913_unc30_25,GSM9237913,6,AAH,0.3,NK cells,Immune,Lymphoid,32,45406,0.8655
GSM9237913_unc30_26,GSM9237913,6,AAH,0.3,Neuroendocrine,Epithelial,Airway epithelium,1,2526,0.8655
GSM9237913_unc30_27,GSM9237913,6,AAH,0.3,Non-classical monocytes,Immune,Myeloid,13,23001,0.8655
GSM9237913_unc30_28,GSM9237913,6,AAH,0.3,Pericytes,Stroma,Fibroblast lineage,23,65855,0.8655
GSM9237913_unc30_29,GSM9237913,6,AAH,0.3,Plasma cells,Immune,Lymphoid,27,103819,0.8655
GSM9237913_unc30_30,GSM9237913,6,AAH,0.3,Plasmacytoid DCs,Immune,Myeloid,1,1968,0.8655
GSM9237913_unc30_31,GSM9237913,6,AAH,0.3,SMG mucous,Epithelial,Submucosal Gland,6,28294,0.8655
GSM9237913_unc30_32,GSM9237913,6,AAH,0.3,SMG serous (bronchial),Epithelial,Submucosal Gland,6,53460,0.8655
GSM9237913_unc30_33,GSM9237913,6,AAH,0.3,Smooth muscle,Stroma,Smooth muscle,35,66618,0.8655
GSM9237913_unc30_34,GSM9237913,6,AAH,0.3,Suprabasal,Epithelial,Airway epithelium,3,12711,0.8655
GSM9237913_unc30_35,GSM9237913,6,AAH,0.3,pre-TB secretory,Epithelial,Airway epithelium,18,48708,0.8655
GSM9237914_unc20_0,GSM9237914,6,LUAD,0.2,AT0,Epithelial,Airway epithelium,1,4892,0.8655
GSM9237914_unc20_1,GSM9237914,6,LUAD,0.2,AT1,Epithelial,Alveolar epithelium,226,606872,0.8655
GSM9237914_unc20_2,GSM9237914,6,LUAD,0.2,AT2,Epithelial,Alveolar epithelium,474,1998913,0.8655
GSM9237914_unc20_3,GSM9237914,6,LUAD,0.2,AT2 proliferating,Epithelial,Alveolar epithelium,3,77376,0.8655
GSM9237914_unc20_4,GSM9237914,6,LUAD,0.2,Adventitial fibroblasts,Stroma,Fibroblast lineage,19,45306,0.8655
GSM9237914_unc20_5,GSM9237914,6,LUAD,0.2,Alveolar fibroblasts,Stroma,Fibroblast lineage,283,673823,0.8655
GSM9237914_unc20_6,GSM9237914,6,LUAD,0.2,Alveolar macrophages,Immune,Myeloid,195,2037251,0.8655
GSM9237914_unc20_7,GSM9237914,6,LUAD,0.2,B cells,Immune,Lymphoid,102,143280,0.8655
GSM9237914_unc20_8,GSM9237914,6,LUAD,0.2,Basal resting,Epithelial,Airway epithelium,19,39339,0.8655
GSM9237914_unc20_9,GSM9237914,6,LUAD,0.2,CD4 T cells,Immune,Lymphoid,244,356814,0.8655
GSM9237914_unc20_10,GSM9237914,6,LUAD,0.2,CD8 T cells,Immune,Lymphoid,202,273858,0.8655
GSM9237914_unc20_11,GSM9237914,6,LUAD,0.2,Classical monocytes,Immune,Myeloid,16,43540,0.8655
GSM9237914_unc20_12,GSM9237914,6,LUAD,0.2,Club (non-nasal),Epithelial,Airway epithelium,4,13841,0.8655
GSM9237914_unc20_13,GSM9237914,6,LUAD,0.2,DC2,Immune,Myeloid,1,4879,0.8655
GSM9237914_unc20_14,GSM9237914,6,LUAD,0.2,EC aerocyte capillary,Endothelial,Blood vessels,47,84701,0.8655
GSM9237914_unc20_15,GSM9237914,6,LUAD,0.2,EC arterial,Endothelial,Blood vessels,75,135846,0.8655
GSM9237914_unc20_16,GSM9237914,6,LUAD,0.2,EC general capillary,Endothelial,Blood vessels,56,83538,0.8655
GSM9237914_unc20_17,GSM9237914,6,LUAD,0.2,EC venous pulmonary,Endothelial,Blood vessels,53,85738,0.8655
GSM9237914_unc20_18,GSM9237914,6,LUAD,0.2,EC venous systemic,Endothelial,Blood vessels,3,10320,0.8655
GSM9237914_unc20_19,GSM9237914,6,LUAD,0.2,Goblet (bronchial),Epithelial,Airway epithelium,1,3401,0.8655
GSM9237914_unc20_20,GSM9237914,6,LUAD,0.2,Goblet (nasal),Epithelial,Airway epithelium,3,47274,0.8655
GSM9237914_unc20_21,GSM9237914,6,LUAD,0.2,Goblet (subsegmental),Epithelial,Airway epithelium,1,1087,0.8655
GSM9237914_unc20_22,GSM9237914,6,LUAD,0.2,Interstitial Mph perivascular,Immune,Myeloid,41,79799,0.8655
GSM9237914_unc20_23,GSM9237914,6,LUAD,0.2,Lymphatic EC differentiating,Endothelial,Lymphatic EC,38,58684,0.8655
GSM9237914_unc20_24,GSM9237914,6,LUAD,0.2,Mast cells,Immune,Myeloid,27,40352,0.8655
GSM9237914_unc20_25,GSM9237914,6,LUAD,0.2,Migratory DCs,Immune,Myeloid,6,18792,0.8655
GSM9237914_unc20_26,GSM9237914,6,LUAD,0.2,Monocyte-derived Mph,Immune,Myeloid,23,90358,0.8655
GSM9237914_unc20_27,GSM9237914,6,LUAD,0.2,Multiciliated (non-nasal),Epithelial,Airway epithelium,107,789957,0.8655
GSM9237914_unc20_28,GSM9237914,6,LUAD,0.2,NK cells,Immune,Lymphoid,12,17292,0.8655
GSM9237914_unc20_29,GSM9237914,6,LUAD,0.2,Non-classical monocytes,Immune,Myeloid,14,33603,0.8655
GSM9237914_unc20_30,GSM9237914,6,LUAD,0.2,Peribronchial fibroblasts,Stroma,Fibroblast lineage,44,188164,0.8655
GSM9237914_unc20_31,GSM9237914,6,LUAD,0.2,Pericytes,Stroma,Fibroblast lineage,35,84596,0.8655
GSM9237914_unc20_32,GSM9237914,6,LUAD,0.2,Plasma cells,Immune,Lymphoid,288,2011239,0.8655
GSM9237914_unc20_33,GSM9237914,6,LUAD,0.2,Plasmacytoid DCs,Immune,Myeloid,14,37927,0.8655
GSM9237914_unc20_34,GSM9237914,6,LUAD,0.2,Smooth muscle,Stroma,Smooth muscle,40,68807,0.8655
GSM9237914_unc20_35,GSM9237914,6,LUAD,0.2,T cells proliferating,Immune,Lymphoid,4,18660,0.8655
GSM9237914_unc20_36,GSM9237914,6,LUAD,0.2,pre-TB secretory,Epithelial,Airway epithelium,3,4582,0.8655
GSM9237914_unc30_0,GSM9237914,6,LUAD,0.3,AT0,Epithelial,Airway epithelium,8,36299,0.8655
GSM9237914_unc30_1,GSM9237914,6,LUAD,0.3,AT1,Epithelial,Alveolar epithelium,238,708325,0.8655
GSM9237914_unc30_2,GSM9237914,6,LUAD,0.3,AT2,Epithelial,Alveolar epithelium,541,2438906,0.8655
GSM9237914_unc30_3,GSM9237914,6,LUAD,0.3,AT2 proliferating,Epithelial,Alveolar epithelium,3,77376,0.8655
GSM9237914_unc30_4,GSM9237914,6,LUAD,0.3,Adventitial fibroblasts,Stroma,Fibroblast lineage,29,70139,0.8655
GSM9237914_unc30_5,GSM9237914,6,LUAD,0.3,Alveolar fibroblasts,Stroma,Fibroblast lineage,331,851530,0.8655
GSM9237914_unc30_6,GSM9237914,6,LUAD,0.3,Alveolar macrophages,Immune,Myeloid,231,2431255,0.8655
GSM9237914_unc30_7,GSM9237914,6,LUAD,0.3,B cells,Immune,Lymphoid,110,154546,0.8655
GSM9237914_unc30_8,GSM9237914,6,LUAD,0.3,Basal resting,Epithelial,Airway epithelium,21,43817,0.8655
GSM9237914_unc30_9,GSM9237914,6,LUAD,0.3,CD4 T cells,Immune,Lymphoid,294,425985,0.8655
GSM9237914_unc30_10,GSM9237914,6,LUAD,0.3,CD8 T cells,Immune,Lymphoid,256,350080,0.8655
GSM9237914_unc30_11,GSM9237914,6,LUAD,0.3,Classical monocytes,Immune,Myeloid,16,43540,0.8655
GSM9237914_unc30_12,GSM9237914,6,LUAD,0.3,Club (non-nasal),Epithelial,Airway epithelium,6,25344,0.8655
GSM9237914_unc30_13,GSM9237914,6,LUAD,0.3,DC2,Immune,Myeloid,1,4879,0.8655
GSM9237914_unc30_14,GSM9237914,6,LUAD,0.3,EC aerocyte capillary,Endothelial,Blood vessels,54,116109,0.8655
GSM9237914_unc30_15,GSM9237914,6,LUAD,0.3,EC arterial,Endothelial,Blood vessels,79,143146,0.8655
GSM9237914_unc30_16,GSM9237914,6,LUAD,0.3,EC general capillary,Endothelial,Blood vessels,68,111514,0.8655
GSM9237914_unc30_17,GSM9237914,6,LUAD,0.3,EC venous pulmonary,Endothelial,Blood vessels,63,101457,0.8655
GSM9237914_unc30_18,GSM9237914,6,LUAD,0.3,EC venous systemic,Endothelial,Blood vessels,17,39802,0.8655
GSM9237914_unc30_19,GSM9237914,6,LUAD,0.3,Goblet (bronchial),Epithelial,Airway epithelium,1,3401,0.8655
GSM9237914_unc30_20,GSM9237914,6,LUAD,0.3,Goblet (nasal),Epithelial,Airway epithelium,14,140154,0.8655
GSM9237914_unc30_21,GSM9237914,6,LUAD,0.3,Goblet (subsegmental),Epithelial,Airway epithelium,1,1087,0.8655
GSM9237914_unc30_22,GSM9237914,6,LUAD,0.3,Hillock-like,Epithelial,Airway epithelium,1,2704,0.8655
GSM9237914_unc30_23,GSM9237914,6,LUAD,0.3,Interstitial Mph perivascular,Immune,Myeloid,63,124452,0.8655
GSM9237914_unc30_24,GSM9237914,6,LUAD,0.3,Lymphatic EC differentiating,Endothelial,Lymphatic EC,39,60040,0.8655
GSM9237914_unc30_25,GSM9237914,6,LUAD,0.3,Mast cells,Immune,Myeloid,28,41386,0.8655
GSM9237914_unc30_26,GSM9237914,6,LUAD,0.3,Migratory DCs,Immune,Myeloid,8,23079,0.8655
GSM9237914_unc30_27,GSM9237914,6,LUAD,0.3,Monocyte-derived Mph,Immune,Myeloid,44,191460,0.8655
GSM9237914_unc30_28,GSM9237914,6,LUAD,0.3,Multiciliated (non-nasal),Epithelial,Airway epithelium,108,798792,0.8655
GSM9237914_unc30_29,GSM9237914,6,LUAD,0.3,NK cells,Immune,Lymphoid,20,28106,0.8655
GSM9237914_unc30_30,GSM9237914,6,LUAD,0.3,Non-classical monocytes,Immune,Myeloid,17,45214,0.8655
GSM9237914_unc30_31,GSM9237914,6,LUAD,0.3,Peribronchial fibroblasts,Stroma,Fibroblast lineage,73,271846,0.8655
GSM9237914_unc30_32,GSM9237914,6,LUAD,0.3,Pericytes,Stroma,Fibroblast lineage,46,211551,0.8655
GSM9237914_unc30_33,GSM9237914,6,LUAD,0.3,Plasma cells,Immune,Lymphoid,291,2017735,0.8655
GSM9237914_unc30_34,GSM9237914,6,LUAD,0.3,Plasmacytoid DCs,Immune,Myeloid,15,39261,0.8655
GSM9237914_unc30_35,GSM9237914,6,LUAD,0.3,SM activated stress response,Stroma,Smooth muscle,1,1253,0.8655
GSM9237914_unc30_36,GSM9237914,6,LUAD,0.3,Smooth muscle,Stroma,Smooth muscle,52,89686,0.8655
GSM9237914_unc30_37,GSM9237914,6,LUAD,0.3,T cells proliferating,Immune,Lymphoid,6,24349,0.8655
GSM9237914_unc30_38,GSM9237914,6,LUAD,0.3,pre-TB secretory,Epithelial,Airway epithelium,10,22065,0.8655
GSM9237915_unc20_0,GSM9237915,7,normal,0.2,AT1,Epithelial,Alveolar epithelium,849,1545898,0.8655
GSM9237915_unc20_1,GSM9237915,7,normal,0.2,AT2,Epithelial,Alveolar epithelium,1385,2781786,0.8655
GSM9237915_unc20_2,GSM9237915,7,normal,0.2,Adventitial fibroblasts,Stroma,Fibroblast lineage,17,28264,0.8655
GSM9237915_unc20_3,GSM9237915,7,normal,0.2,Alveolar fibroblasts,Stroma,Fibroblast lineage,788,1156902,0.8655
GSM9237915_unc20_4,GSM9237915,7,normal,0.2,Alveolar macrophages,Immune,Myeloid,82,469398,0.8655
GSM9237915_unc20_5,GSM9237915,7,normal,0.2,B cells,Immune,Lymphoid,1,1182,0.8655
GSM9237915_unc20_6,GSM9237915,7,normal,0.2,Basal resting,Epithelial,Airway epithelium,43,58099,0.8655
GSM9237915_unc20_7,GSM9237915,7,normal,0.2,CD4 T cells,Immune,Lymphoid,9,10658,0.8655
GSM9237915_unc20_8,GSM9237915,7,normal,0.2,CD8 T cells,Immune,Lymphoid,48,71618,0.8655
GSM9237915_unc20_9,GSM9237915,7,normal,0.2,Classical monocytes,Immune,Myeloid,4,6598,0.8655
GSM9237915_unc20_10,GSM9237915,7,normal,0.2,Club (non-nasal),Epithelial,Airway epithelium,2,12343,0.8655
GSM9237915_unc20_11,GSM9237915,7,normal,0.2,EC aerocyte capillary,Endothelial,Blood vessels,55,68431,0.8655
GSM9237915_unc20_12,GSM9237915,7,normal,0.2,EC arterial,Endothelial,Blood vessels,49,75527,0.8655
GSM9237915_unc20_13,GSM9237915,7,normal,0.2,EC general capillary,Endothelial,Blood vessels,68,79948,0.8655
GSM9237915_unc20_14,GSM9237915,7,normal,0.2,EC venous pulmonary,Endothelial,Blood vessels,36,45896,0.8655
GSM9237915_unc20_15,GSM9237915,7,normal,0.2,EC venous systemic,Endothelial,Blood vessels,4,6406,0.8655
GSM9237915_unc20_16,GSM9237915,7,normal,0.2,Ionocyte,Epithelial,Airway epithelium,1,4924,0.8655
GSM9237915_unc20_17,GSM9237915,7,normal,0.2,Lymphatic EC differentiating,Endothelial,Lymphatic EC,55,73579,0.8655
GSM9237915_unc20_18,GSM9237915,7,normal,0.2,Mast cells,Immune,Myeloid,28,32539,0.8655
GSM9237915_unc20_19,GSM9237915,7,normal,0.2,Migratory DCs,Immune,Myeloid,2,5878,0.8655
GSM9237915_unc20_20,GSM9237915,7,normal,0.2,Multiciliated (non-nasal),Epithelial,Airway epithelium,523,1609617,0.8655
GSM9237915_unc20_21,GSM9237915,7,normal,0.2,Myofibroblasts,Stroma,Fibroblast lineage,4,5242,0.8655
GSM9237915_unc20_22,GSM9237915,7,normal,0.2,NK cells,Immune,Lymphoid,3,3144,0.8655
GSM9237915_unc20_23,GSM9237915,7,normal,0.2,Non-classical monocytes,Immune,Myeloid,45,74341,0.8655
GSM9237915_unc20_24,GSM9237915,7,normal,0.2,Pericytes,Stroma,Fibroblast lineage,53,93397,0.8655
GSM9237915_unc20_25,GSM9237915,7,normal,0.2,Plasma cells,Immune,Lymphoid,43,94390,0.8655
GSM9237915_unc20_26,GSM9237915,7,normal,0.2,Plasmacytoid DCs,Immune,Myeloid,12,20862,0.8655
GSM9237915_unc20_27,GSM9237915,7,normal,0.2,Smooth muscle,Stroma,Smooth muscle,20,38447,0.8655
GSM9237915_unc20_28,GSM9237915,7,normal,0.2,pre-TB secretory,Epithelial,Airway epithelium,12,30479,0.8655
GSM9237915_unc30_0,GSM9237915,7,normal,0.3,AT0,Epithelial,Airway epithelium,1,1280,0.8655
GSM9237915_unc30_1,GSM9237915,7,normal,0.3,AT1,Epithelial,Alveolar epithelium,866,1592862,0.8655
GSM9237915_unc30_2,GSM9237915,7,normal,0.3,AT2,Epithelial,Alveolar epithelium,1416,2847408,0.8655
GSM9237915_unc30_3,GSM9237915,7,normal,0.3,Adventitial fibroblasts,Stroma,Fibroblast lineage,28,51355,0.8655
GSM9237915_unc30_4,GSM9237915,7,normal,0.3,Alveolar fibroblasts,Stroma,Fibroblast lineage,869,1320305,0.8655
GSM9237915_unc30_5,GSM9237915,7,normal,0.3,Alveolar macrophages,Immune,Myeloid,94,509082,0.8655
GSM9237915_unc30_6,GSM9237915,7,normal,0.3,B cells,Immune,Lymphoid,1,1182,0.8655
GSM9237915_unc30_7,GSM9237915,7,normal,0.3,Basal resting,Epithelial,Airway epithelium,49,65937,0.8655
GSM9237915_unc30_8,GSM9237915,7,normal,0.3,CD4 T cells,Immune,Lymphoid,14,18926,0.8655
GSM9237915_unc30_9,GSM9237915,7,normal,0.3,CD8 T cells,Immune,Lymphoid,100,144306,0.8655
GSM9237915_unc30_10,GSM9237915,7,normal,0.3,Classical monocytes,Immune,Myeloid,7,10825,0.8655
GSM9237915_unc30_11,GSM9237915,7,normal,0.3,Club (non-nasal),Epithelial,Airway epithelium,5,21737,0.8655
GSM9237915_unc30_12,GSM9237915,7,normal,0.3,EC aerocyte capillary,Endothelial,Blood vessels,65,82654,0.8655
GSM9237915_unc30_13,GSM9237915,7,normal,0.3,EC arterial,Endothelial,Blood vessels,55,85089,0.8655
GSM9237915_unc30_14,GSM9237915,7,normal,0.3,EC general capillary,Endothelial,Blood vessels,104,128145,0.8655
GSM9237915_unc30_15,GSM9237915,7,normal,0.3,EC venous pulmonary,Endothelial,Blood vessels,55,70387,0.8655
GSM9237915_unc30_16,GSM9237915,7,normal,0.3,EC venous systemic,Endothelial,Blood vessels,6,9011,0.8655
GSM9237915_unc30_17,GSM9237915,7,normal,0.3,Goblet (nasal),Epithelial,Airway epithelium,3,7804,0.8655
GSM9237915_unc30_18,GSM9237915,7,normal,0.3,Interstitial Mph perivascular,Immune,Myeloid,1,1122,0.8655
GSM9237915_unc30_19,GSM9237915,7,normal,0.3,Ionocyte,Epithelial,Airway epithelium,1,4924,0.8655
GSM9237915_unc30_20,GSM9237915,7,normal,0.3,Lymphatic EC differentiating,Endothelial,Lymphatic EC,61,81423,0.8655
GSM9237915_unc30_21,GSM9237915,7,normal,0.3,Mast cells,Immune,Myeloid,32,38466,0.8655
GSM9237915_unc30_22,GSM9237915,7,normal,0.3,Migratory DCs,Immune,Myeloid,2,5878,0.8655
GSM9237915_unc30_23,GSM9237915,7,normal,0.3,Monocyte-derived Mph,Immune,Myeloid,2,3103,0.8655
GSM9237915_unc30_24,GSM9237915,7,normal,0.3,Multiciliated (non-nasal),Epithelial,Airway epithelium,548,1654858,0.8655
GSM9237915_unc30_25,GSM9237915,7,normal,0.3,Myofibroblasts,Stroma,Fibroblast lineage,11,13874,0.8655
GSM9237915_unc30_26,GSM9237915,7,normal,0.3,NK cells,Immune,Lymphoid,7,7477,0.8655
GSM9237915_unc30_27,GSM9237915,7,normal,0.3,Non-classical monocytes,Immune,Myeloid,57,93132,0.8655
GSM9237915_unc30_28,GSM9237915,7,normal,0.3,Pericytes,Stroma,Fibroblast lineage,66,122772,0.8655
GSM9237915_unc30_29,GSM9237915,7,normal,0.3,Plasma cells,Immune,Lymphoid,47,99201,0.8655
GSM9237915_unc30_30,GSM9237915,7,normal,0.3,Plasmacytoid DCs,Immune,Myeloid,14,23453,0.8655
GSM9237915_unc30_31,GSM9237915,7,normal,0.3,SM activated stress response,Stroma,Smooth muscle,1,1022,0.8655
GSM9237915_unc30_32,GSM9237915,7,normal,0.3,Smooth muscle,Stroma,Smooth muscle,32,59121,0.8655
GSM9237915_unc30_33,GSM9237915,7,normal,0.3,pre-TB secretory,Epithelial,Airway epithelium,27,58905,0.8655
GSM9237916_unc20_0,GSM9237916,7,LUAD,0.2,AT0,Epithelial,Airway epithelium,4,11056,0.8655
GSM9237916_unc20_1,GSM9237916,7,LUAD,0.2,AT1,Epithelial,Alveolar epithelium,684,1750606,0.8655
GSM9237916_unc20_2,GSM9237916,7,LUAD,0.2,AT2,Epithelial,Alveolar epithelium,1382,7007566,0.8655
GSM9237916_unc20_3,GSM9237916,7,LUAD,0.2,Adventitial fibroblasts,Stroma,Fibroblast lineage,102,267168,0.8655
GSM9237916_unc20_4,GSM9237916,7,LUAD,0.2,Alveolar fibroblasts,Stroma,Fibroblast lineage,978,1840346,0.8655
GSM9237916_unc20_5,GSM9237916,7,LUAD,0.2,Alveolar macrophages,Immune,Myeloid,328,3866446,0.8655
GSM9237916_unc20_6,GSM9237916,7,LUAD,0.2,B cells,Immune,Lymphoid,4,5170,0.8655
GSM9237916_unc20_7,GSM9237916,7,LUAD,0.2,Basal resting,Epithelial,Airway epithelium,44,75828,0.8655
GSM9237916_unc20_8,GSM9237916,7,LUAD,0.2,CD4 T cells,Immune,Lymphoid,62,74994,0.8655
GSM9237916_unc20_9,GSM9237916,7,LUAD,0.2,CD8 T cells,Immune,Lymphoid,144,171778,0.8655
GSM9237916_unc20_10,GSM9237916,7,LUAD,0.2,Classical monocytes,Immune,Myeloid,14,50228,0.8655
GSM9237916_unc20_11,GSM9237916,7,LUAD,0.2,Club (non-nasal),Epithelial,Airway epithelium,2,4080,0.8655
GSM9237916_unc20_12,GSM9237916,7,LUAD,0.2,EC aerocyte capillary,Endothelial,Blood vessels,116,169840,0.8655
GSM9237916_unc20_13,GSM9237916,7,LUAD,0.2,EC arterial,Endothelial,Blood vessels,72,135050,0.8655
GSM9237916_unc20_14,GSM9237916,7,LUAD,0.2,EC general capillary,Endothelial,Blood vessels,126,164480,0.8655
GSM9237916_unc20_15,GSM9237916,7,LUAD,0.2,EC venous pulmonary,Endothelial,Blood vessels,152,257554,0.8655
GSM9237916_unc20_16,GSM9237916,7,LUAD,0.2,EC venous systemic,Endothelial,Blood vessels,8,13550,0.8655
GSM9237916_unc20_17,GSM9237916,7,LUAD,0.2,Goblet (nasal),Epithelial,Airway epithelium,4,8670,0.8655
GSM9237916_unc20_18,GSM9237916,7,LUAD,0.2,Interstitial Mph perivascular,Immune,Myeloid,40,66064,0.8655
GSM9237916_unc20_19,GSM9237916,7,LUAD,0.2,Lymphatic EC differentiating,Endothelial,Lymphatic EC,74,109662,0.8655
GSM9237916_unc20_20,GSM9237916,7,LUAD,0.2,Mast cells,Immune,Myeloid,174,228546,0.8655
GSM9237916_unc20_21,GSM9237916,7,LUAD,0.2,Migratory DCs,Immune,Myeloid,6,23210,0.8655
GSM9237916_unc20_22,GSM9237916,7,LUAD,0.2,Monocyte-derived Mph,Immune,Myeloid,2,9392,0.8655
GSM9237916_unc20_23,GSM9237916,7,LUAD,0.2,Multiciliated (non-nasal),Epithelial,Airway epithelium,220,1067190,0.8655
GSM9237916_unc20_24,GSM9237916,7,LUAD,0.2,Myofibroblasts,Stroma,Fibroblast lineage,14,20534,0.8655
GSM9237916_unc20_25,GSM9237916,7,LUAD,0.2,NK cells,Immune,Lymphoid,40,58478,0.8655
GSM9237916_unc20_26,GSM9237916,7,LUAD,0.2,Neuroendocrine,Epithelial,Airway epithelium,2,4946,0.8655
GSM9237916_unc20_27,GSM9237916,7,LUAD,0.2,Non-classical monocytes,Immune,Myeloid,32,96912,0.8655
GSM9237916_unc20_28,GSM9237916,7,LUAD,0.2,Pericytes,Stroma,Fibroblast lineage,106,232872,0.8655
GSM9237916_unc20_29,GSM9237916,7,LUAD,0.2,Plasma cells,Immune,Lymphoid,106,467246,0.8655
GSM9237916_unc20_30,GSM9237916,7,LUAD,0.2,Plasmacytoid DCs,Immune,Myeloid,12,32182,0.8655
GSM9237916_unc20_31,GSM9237916,7,LUAD,0.2,Smooth muscle,Stroma,Smooth muscle,40,69206,0.8655
GSM9237916_unc20_32,GSM9237916,7,LUAD,0.2,pre-TB secretory,Epithelial,Airway epithelium,28,88658,0.8655
GSM9237916_unc30_0,GSM9237916,7,LUAD,0.3,AT0,Epithelial,Airway epithelium,8,19340,0.8655
GSM9237916_unc30_1,GSM9237916,7,LUAD,0.3,AT1,Epithelial,Alveolar epithelium,696,1807354,0.8655
GSM9237916_unc30_2,GSM9237916,7,LUAD,0.3,AT2,Epithelial,Alveolar epithelium,1438,7329182,0.8655
GSM9237916_unc30_3,GSM9237916,7,LUAD,0.3,Adventitial fibroblasts,Stroma,Fibroblast lineage,120,373384,0.8655
GSM9237916_unc30_4,GSM9237916,7,LUAD,0.3,Alveolar fibroblasts,Stroma,Fibroblast lineage,1066,2105814,0.8655
GSM9237916_unc30_5,GSM9237916,7,LUAD,0.3,Alveolar macrophages,Immune,Myeloid,380,4352596,0.8655
GSM9237916_unc30_6,GSM9237916,7,LUAD,0.3,B cells,Immune,Lymphoid,4,5170,0.8655
GSM9237916_unc30_7,GSM9237916,7,LUAD,0.3,Basal resting,Epithelial,Airway epithelium,48,86274,0.8655
GSM9237916_unc30_8,GSM9237916,7,LUAD,0.3,CD4 T cells,Immune,Lymphoid,84,102704,0.8655
GSM9237916_unc30_9,GSM9237916,7,LUAD,0.3,CD8 T cells,Immune,Lymphoid,210,254954,0.8655
GSM9237916_unc30_10,GSM9237916,7,LUAD,0.3,Classical monocytes,Immune,Myeloid,16,55284,0.8655
GSM9237916_unc30_11,GSM9237916,7,LUAD,0.3,Club (non-nasal),Epithelial,Airway epithelium,4,8752,0.8655
GSM9237916_unc30_12,GSM9237916,7,LUAD,0.3,EC aerocyte capillary,Endothelial,Blood vessels,120,174314,0.8655
GSM9237916_unc30_13,GSM9237916,7,LUAD,0.3,EC arterial,Endothelial,Blood vessels,84,155002,0.8655
GSM9237916_unc30_14,GSM9237916,7,LUAD,0.3,EC general capillary,Endothelial,Blood vessels,154,205652,0.8655
GSM9237916_unc30_15,GSM9237916,7,LUAD,0.3,EC venous pulmonary,Endothelial,Blood vessels,172,289694,0.8655
GSM9237916_unc30_16,GSM9237916,7,LUAD,0.3,EC venous systemic,Endothelial,Blood vessels,18,28882,0.8655
GSM9237916_unc30_17,GSM9237916,7,LUAD,0.3,Goblet (nasal),Epithelial,Airway epithelium,4,8670,0.8655
GSM9237916_unc30_18,GSM9237916,7,LUAD,0.3,Interstitial Mph perivascular,Immune,Myeloid,74,128664,0.8655
GSM9237916_unc30_19,GSM9237916,7,LUAD,0.3,Lymphatic EC differentiating,Endothelial,Lymphatic EC,78,119370,0.8655
GSM9237916_unc30_20,GSM9237916,7,LUAD,0.3,Mast cells,Immune,Myeloid,174,228546,0.8655
GSM9237916_unc30_21,GSM9237916,7,LUAD,0.3,Migratory DCs,Immune,Myeloid,8,28498,0.8655
GSM9237916_unc30_22,GSM9237916,7,LUAD,0.3,Monocyte-derived Mph,Immune,Myeloid,6,26682,0.8655
GSM9237916_unc30_23,GSM9237916,7,LUAD,0.3,Multiciliated (non-nasal),Epithelial,Airway epithelium,226,1143274,0.8655
GSM9237916_unc30_24,GSM9237916,7,LUAD,0.3,Myofibroblasts,Stroma,Fibroblast lineage,18,27402,0.8655
GSM9237916_unc30_25,GSM9237916,7,LUAD,0.3,NK cells,Immune,Lymphoid,74,105764,0.8655
GSM9237916_unc30_26,GSM9237916,7,LUAD,0.3,Neuroendocrine,Epithelial,Airway epithelium,2,4946,0.8655
GSM9237916_unc30_27,GSM9237916,7,LUAD,0.3,Non-classical monocytes,Immune,Myeloid,34,106728,0.8655
GSM9237916_unc30_28,GSM9237916,7,LUAD,0.3,Peribronchial fibroblasts,Stroma,Fibroblast lineage,2,3054,0.8655
GSM9237916_unc30_29,GSM9237916,7,LUAD,0.3,Pericytes,Stroma,Fibroblast lineage,114,246854,0.8655
GSM9237916_unc30_30,GSM9237916,7,LUAD,0.3,Plasma cells,Immune,Lymphoid,112,485504,0.8655
GSM9237916_unc30_31,GSM9237916,7,LUAD,0.3,Plasmacytoid DCs,Immune,Myeloid,12,32182,0.8655
GSM9237916_unc30_32,GSM9237916,7,LUAD,0.3,Smooth muscle,Stroma,Smooth muscle,56,91606,0.8655
GSM9237916_unc30_33,GSM9237916,7,LUAD,0.3,pre-TB secretory,Epithelial,Airway epithelium,38,110942,0.8655
GSM9237917_unc20_0,GSM9237917,7,LUAD,0.2,AT0,Epithelial,Airway epithelium,4,12465,0.8655
GSM9237917_unc20_1,GSM9237917,7,LUAD,0.2,AT1,Epithelial,Alveolar epithelium,274,620731,0.8655
GSM9237917_unc20_2,GSM9237917,7,LUAD,0.2,AT2,Epithelial,Alveolar epithelium,550,1606278,0.8655
GSM9237917_unc20_3,GSM9237917,7,LUAD,0.2,AT2 proliferating,Epithelial,Alveolar epithelium,3,11304,0.8655
GSM9237917_unc20_4,GSM9237917,7,LUAD,0.2,Adventitial fibroblasts,Stroma,Fibroblast lineage,15,36301,0.8655
GSM9237917_unc20_5,GSM9237917,7,LUAD,0.2,Alveolar fibroblasts,Stroma,Fibroblast lineage,601,1203026,0.8655
GSM9237917_unc20_6,GSM9237917,7,LUAD,0.2,Alveolar macrophages,Immune,Myeloid,185,1603556,0.8655
GSM9237917_unc20_7,GSM9237917,7,LUAD,0.2,B cells,Immune,Lymphoid,155,206558,0.8655
GSM9237917_unc20_8,GSM9237917,7,LUAD,0.2,Basal resting,Epithelial,Airway epithelium,17,36170,0.8655
GSM9237917_unc20_9,GSM9237917,7,LUAD,0.2,CD4 T cells,Immune,Lymphoid,323,461880,0.8655
GSM9237917_unc20_10,GSM9237917,7,LUAD,0.2,CD8 T cells,Immune,Lymphoid,243,318654,0.8655
GSM9237917_unc20_11,GSM9237917,7,LUAD,0.2,Classical monocytes,Immune,Myeloid,6,20002,0.8655
GSM9237917_unc20_12,GSM9237917,7,LUAD,0.2,Club (non-nasal),Epithelial,Airway epithelium,2,5158,0.8655
GSM9237917_unc20_13,GSM9237917,7,LUAD,0.2,DC2,Immune,Myeloid,1,8840,0.8655
GSM9237917_unc20_14,GSM9237917,7,LUAD,0.2,Deuterosomal,Epithelial,Airway epithelium,4,110578,0.8655
GSM9237917_unc20_15,GSM9237917,7,LUAD,0.2,EC aerocyte capillary,Endothelial,Blood vessels,27,33557,0.8655
GSM9237917_unc20_16,GSM9237917,7,LUAD,0.2,EC arterial,Endothelial,Blood vessels,42,101645,0.8655
GSM9237917_unc20_17,GSM9237917,7,LUAD,0.2,EC general capillary,Endothelial,Blood vessels,25,31964,0.8655
GSM9237917_unc20_18,GSM9237917,7,LUAD,0.2,EC venous pulmonary,Endothelial,Blood vessels,52,84981,0.8655
GSM9237917_unc20_19,GSM9237917,7,LUAD,0.2,EC venous systemic,Endothelial,Blood vessels,3,8435,0.8655
GSM9237917_unc20_20,GSM9237917,7,LUAD,0.2,Goblet (nasal),Epithelial,Airway epithelium,268,4209103,0.8655
GSM9237917_unc20_21,GSM9237917,7,LUAD,0.2,Interstitial Mph perivascular,Immune,Myeloid,13,25637,0.8655
GSM9237917_unc20_22,GSM9237917,7,LUAD,0.2,Ionocyte,Epithelial,Airway epithelium,1,11800,0.8655
GSM9237917_unc20_23,GSM9237917,7,LUAD,0.2,Lymphatic EC differentiating,Endothelial,Lymphatic EC,52,88511,0.8655
GSM9237917_unc20_24,GSM9237917,7,LUAD,0.2,Mast cells,Immune,Myeloid,146,241230,0.8655
GSM9237917_unc20_25,GSM9237917,7,LUAD,0.2,Migratory DCs,Immune,Myeloid,8,19856,0.8655
GSM9237917_unc20_26,GSM9237917,7,LUAD,0.2,Monocyte-derived Mph,Immune,Myeloid,30,151154,0.8655
GSM9237917_unc20_27,GSM9237917,7,LUAD,0.2,Multiciliated (non-nasal),Epithelial,Airway epithelium,131,1533193,0.8655
GSM9237917_unc20_28,GSM9237917,7,LUAD,0.2,Myofibroblasts,Stroma,Fibroblast lineage,6,8748,0.8655
GSM9237917_unc20_29,GSM9237917,7,LUAD,0.2,NK cells,Immune,Lymphoid,32,41866,0.8655
GSM9237917_unc20_30,GSM9237917,7,LUAD,0.2,Neuroendocrine,Epithelial,Airway epithelium,2,3822,0.8655
GSM9237917_unc20_31,GSM9237917,7,LUAD,0.2,Non-classical monocytes,Immune,Myeloid,15,35740,0.8655
GSM9237917_unc20_32,GSM9237917,7,LUAD,0.2,Peribronchial fibroblasts,Stroma,Fibroblast lineage,14,49029,0.8655
GSM9237917_unc20_33,GSM9237917,7,LUAD,0.2,Pericytes,Stroma,Fibroblast lineage,58,114846,0.8655
GSM9237917_unc20_34,GSM9237917,7,LUAD,0.2,Plasma cells,Immune,Lymphoid,292,1258137,0.8655
GSM9237917_unc20_35,GSM9237917,7,LUAD,0.2,Plasmacytoid DCs,Immune,Myeloid,11,25808,0.8655
GSM9237917_unc20_36,GSM9237917,7,LUAD,0.2,Smooth muscle,Stroma,Smooth muscle,20,42999,0.8655
GSM9237917_unc20_37,GSM9237917,7,LUAD,0.2,T cells proliferating,Immune,Lymphoid,1,3287,0.8655
GSM9237917_unc20_38,GSM9237917,7,LUAD,0.2,pre-TB secretory,Epithelial,Airway epithelium,13,33448,0.8655
GSM9237917_unc30_0,GSM9237917,7,LUAD,0.3,AT0,Epithelial,Airway epithelium,9,22713,0.8655
GSM9237917_unc30_1,GSM9237917,7,LUAD,0.3,AT1,Epithelial,Alveolar epithelium,285,792437,0.8655
GSM9237917_unc30_2,GSM9237917,7,LUAD,0.3,AT2,Epithelial,Alveolar epithelium,617,2003325,0.8655
GSM9237917_unc30_3,GSM9237917,7,LUAD,0.3,AT2 proliferating,Epithelial,Alveolar epithelium,4,20807,0.8655
GSM9237917_unc30_4,GSM9237917,7,LUAD,0.3,Adventitial fibroblasts,Stroma,Fibroblast lineage,26,61945,0.8655
GSM9237917_unc30_5,GSM9237917,7,LUAD,0.3,Alveolar fibroblasts,Stroma,Fibroblast lineage,677,1354135,0.8655
GSM9237917_unc30_6,GSM9237917,7,LUAD,0.3,Alveolar macrophages,Immune,Myeloid,230,1941699,0.8655
GSM9237917_unc30_7,GSM9237917,7,LUAD,0.3,B cells,Immune,Lymphoid,158,212904,0.8655
GSM9237917_unc30_8,GSM9237917,7,LUAD,0.3,Basal resting,Epithelial,Airway epithelium,20,48291,0.8655
GSM9237917_unc30_9,GSM9237917,7,LUAD,0.3,CD4 T cells,Immune,Lymphoid,421,610927,0.8655
GSM9237917_unc30_10,GSM9237917,7,LUAD,0.3,CD8 T cells,Immune,Lymphoid,323,426831,0.8655
GSM9237917_unc30_11,GSM9237917,7,LUAD,0.3,Classical monocytes,Immune,Myeloid,8,23894,0.8655
GSM9237917_unc30_12,GSM9237917,7,LUAD,0.3,Club (non-nasal),Epithelial,Airway epithelium,5,13422,0.8655
GSM9237917_unc30_13,GSM9237917,7,LUAD,0.3,DC2,Immune,Myeloid,4,20644,0.8655
GSM9237917_unc30_14,GSM9237917,7,LUAD,0.3,Deuterosomal,Epithelial,Airway epithelium,4,110578,0.8655
GSM9237917_unc30_15,GSM9237917,7,LUAD,0.3,EC aerocyte capillary,Endothelial,Blood vessels,32,43572,0.8655
GSM9237917_unc30_16,GSM9237917,7,LUAD,0.3,EC arterial,Endothelial,Blood vessels,50,113859,0.8655
GSM9237917_unc30_17,GSM9237917,7,LUAD,0.3,EC general capillary,Endothelial,Blood vessels,35,46861,0.8655
GSM9237917_unc30_18,GSM9237917,7,LUAD,0.3,EC venous pulmonary,Endothelial,Blood vessels,61,104461,0.8655
GSM9237917_unc30_19,GSM9237917,7,LUAD,0.3,EC venous systemic,Endothelial,Blood vessels,10,24716,0.8655
GSM9237917_unc30_20,GSM9237917,7,LUAD,0.3,Goblet (nasal),Epithelial,Airway epithelium,461,7095152,0.8655
GSM9237917_unc30_21,GSM9237917,7,LUAD,0.3,Interstitial Mph perivascular,Immune,Myeloid,31,66907,0.8655
GSM9237917_unc30_22,GSM9237917,7,LUAD,0.3,Ionocyte,Epithelial,Airway epithelium,2,25970,0.8655
GSM9237917_unc30_23,GSM9237917,7,LUAD,0.3,Lymphatic EC differentiating,Endothelial,Lymphatic EC,54,91775,0.8655
GSM9237917_unc30_24,GSM9237917,7,LUAD,0.3,Lymphatic EC mature,Endothelial,Lymphatic EC,1,1294,0.8655
GSM9237917_unc30_25,GSM9237917,7,LUAD,0.3,Mast cells,Immune,Myeloid,147,243364,0.8655
GSM9237917_unc30_26,GSM9237917,7,LUAD,0.3,Mesothelium,Stroma,Mesothelium,1,2608,0.8655
GSM9237917_unc30_27,GSM9237917,7,LUAD,0.3,Migratory DCs,Immune,Myeloid,11,27048,0.8655
GSM9237917_unc30_28,GSM9237917,7,LUAD,0.3,Monocyte-derived Mph,Immune,Myeloid,63,279156,0.8655
GSM9237917_unc30_29,GSM9237917,7,LUAD,0.3,Multiciliated (non-nasal),Epithelial,Airway epithelium,144,1765380,0.8655
GSM9237917_unc30_30,GSM9237917,7,LUAD,0.3,Myofibroblasts,Stroma,Fibroblast lineage,9,12245,0.8655
GSM9237917_unc30_31,GSM9237917,7,LUAD,0.3,NK cells,Immune,Lymphoid,51,68621,0.8655
GSM9237917_unc30_32,GSM9237917,7,LUAD,0.3,Neuroendocrine,Epithelial,Airway epithelium,2,3822,0.8655
GSM9237917_unc30_33,GSM9237917,7,LUAD,0.3,Non-classical monocytes,Immune,Myeloid,17,41088,0.8655
GSM9237917_unc30_34,GSM9237917,7,LUAD,0.3,Peribronchial fibroblasts,Stroma,Fibroblast lineage,33,116334,0.8655
GSM9237917_unc30_35,GSM9237917,7,LUAD,0.3,Pericytes,Stroma,Fibroblast lineage,65,132443,0.8655
GSM9237917_unc30_36,GSM9237917,7,LUAD,0.3,Plasma cells,Immune,Lymphoid,301,1295280,0.8655
GSM9237917_unc30_37,GSM9237917,7,LUAD,0.3,Plasmacytoid DCs,Immune,Myeloid,11,25808,0.8655
GSM9237917_unc30_38,GSM9237917,7,LUAD,0.3,Smooth muscle,Stroma,Smooth muscle,28,53642,0.8655
GSM9237917_unc30_39,GSM9237917,7,LUAD,0.3,T cells proliferating,Immune,Lymphoid,3,12246,0.8655
GSM9237917_unc30_40,GSM9237917,7,LUAD,0.3,pre-TB secretory,Epithelial,Airway epithelium,24,70875,0.8655
GSM9237918_unc20_0,GSM9237918,8,normal,0.2,AT1,Epithelial,Alveolar epithelium,36,43595,0.8655
GSM9237918_unc20_1,GSM9237918,8,normal,0.2,AT2,Epithelial,Alveolar epithelium,211,292790,0.8655
GSM9237918_unc20_2,GSM9237918,8,normal,0.2,Alveolar fibroblasts,Stroma,Fibroblast lineage,22,42460,0.8655
GSM9237918_unc20_3,GSM9237918,8,normal,0.2,Alveolar macrophages,Immune,Myeloid,2,2780,0.8655
GSM9237918_unc20_4,GSM9237918,8,normal,0.2,Classical monocytes,Immune,Myeloid,1,1034,0.8655
GSM9237918_unc20_5,GSM9237918,8,normal,0.2,EC aerocyte capillary,Endothelial,Blood vessels,5,8022,0.8655
GSM9237918_unc20_6,GSM9237918,8,normal,0.2,EC arterial,Endothelial,Blood vessels,2,2424,0.8655
GSM9237918_unc20_7,GSM9237918,8,normal,0.2,EC general capillary,Endothelial,Blood vessels,1,1756,0.8655
GSM9237918_unc20_8,GSM9237918,8,normal,0.2,Lymphatic EC differentiating,Endothelial,Lymphatic EC,1,1137,0.8655
GSM9237918_unc20_9,GSM9237918,8,normal,0.2,Multiciliated (non-nasal),Epithelial,Airway epithelium,33,137493,0.8655
GSM9237918_unc20_10,GSM9237918,8,normal,0.2,Pericytes,Stroma,Fibroblast lineage,6,11277,0.8655
GSM9237918_unc20_11,GSM9237918,8,normal,0.2,Plasma cells,Immune,Lymphoid,3,4229,0.8655
GSM9237918_unc20_12,GSM9237918,8,normal,0.2,pre-TB secretory,Epithelial,Airway epithelium,7,9953,0.8655
GSM9237918_unc30_0,GSM9237918,8,normal,0.3,AT1,Epithelial,Alveolar epithelium,39,48070,0.8655
GSM9237918_unc30_1,GSM9237918,8,normal,0.3,AT2,Epithelial,Alveolar epithelium,219,307500,0.8655
GSM9237918_unc30_2,GSM9237918,8,normal,0.3,Alveolar fibroblasts,Stroma,Fibroblast lineage,27,48972,0.8655
GSM9237918_unc30_3,GSM9237918,8,normal,0.3,Alveolar macrophages,Immune,Myeloid,4,8132,0.8655
GSM9237918_unc30_4,GSM9237918,8,normal,0.3,Classical monocytes,Immune,Myeloid,1,1034,0.8655
GSM9237918_unc30_5,GSM9237918,8,normal,0.3,DC2,Immune,Myeloid,1,1112,0.8655
GSM9237918_unc30_6,GSM9237918,8,normal,0.3,EC aerocyte capillary,Endothelial,Blood vessels,6,9811,0.8655
GSM9237918_unc30_7,GSM9237918,8,normal,0.3,EC arterial,Endothelial,Blood vessels,2,2424,0.8655
GSM9237918_unc30_8,GSM9237918,8,normal,0.3,EC general capillary,Endothelial,Blood vessels,2,3338,0.8655
GSM9237918_unc30_9,GSM9237918,8,normal,0.3,Lymphatic EC differentiating,Endothelial,Lymphatic EC,1,1137,0.8655
GSM9237918_unc30_10,GSM9237918,8,normal,0.3,Multiciliated (non-nasal),Epithelial,Airway epithelium,33,137493,0.8655
GSM9237918_unc30_11,GSM9237918,8,normal,0.3,Pericytes,Stroma,Fibroblast lineage,6,11277,0.8655
GSM9237918_unc30_12,GSM9237918,8,normal,0.3,Plasma cells,Immune,Lymphoid,3,4229,0.8655
GSM9237918_unc30_13,GSM9237918,8,normal,0.3,pre-TB secretory,Epithelial,Airway epithelium,8,10965,0.8655
GSM9237919_unc20_0,GSM9237919,8,AIS,0.2,AT1,Epithelial,Alveolar epithelium,33,41342,0.8655
GSM9237919_unc20_1,GSM9237919,8,AIS,0.2,AT2,Epithelial,Alveolar epithelium,73,169136,0.8655
GSM9237919_unc20_2,GSM9237919,8,AIS,0.2,Alveolar fibroblasts,Stroma,Fibroblast lineage,22,32216,0.8655
GSM9237919_unc20_3,GSM9237919,8,AIS,0.2,Alveolar macrophages,Immune,Myeloid,5,15045,0.8655
GSM9237919_unc20_4,GSM9237919,8,AIS,0.2,Club (nasal),Epithelial,Airway epithelium,1,1023,0.8655
GSM9237919_unc20_5,GSM9237919,8,AIS,0.2,EC arterial,Endothelial,Blood vessels,2,3513,0.8655
GSM9237919_unc20_6,GSM9237919,8,AIS,0.2,EC general capillary,Endothelial,Blood vessels,1,1145,0.8655
GSM9237919_unc20_7,GSM9237919,8,AIS,0.2,EC venous pulmonary,Endothelial,Blood vessels,2,2842,0.8655
GSM9237919_unc20_8,GSM9237919,8,AIS,0.2,Goblet (nasal),Epithelial,Airway epithelium,7,41542,0.8655
GSM9237919_unc20_9,GSM9237919,8,AIS,0.2,Lymphatic EC differentiating,Endothelial,Lymphatic EC,3,3864,0.8655
GSM9237919_unc20_10,GSM9237919,8,AIS,0.2,Multiciliated (non-nasal),Epithelial,Airway epithelium,8,17082,0.8655
GSM9237919_unc20_11,GSM9237919,8,AIS,0.2,Non-classical monocytes,Immune,Myeloid,1,1171,0.8655
GSM9237919_unc20_12,GSM9237919,8,AIS,0.2,Plasma cells,Immune,Lymphoid,1,1049,0.8655
GSM9237919_unc20_13,GSM9237919,8,AIS,0.2,pre-TB secretory,Epithelial,Airway epithelium,4,5959,0.8655
GSM9237919_unc30_0,GSM9237919,8,AIS,0.3,AT1,Epithelial,Alveolar epithelium,36,47215,0.8655
GSM9237919_unc30_1,GSM9237919,8,AIS,0.3,AT2,Epithelial,Alveolar epithelium,98,274947,0.8655
GSM9237919_unc30_2,GSM9237919,8,AIS,0.3,Adventitial fibroblasts,Stroma,Fibroblast lineage,4,4605,0.8655
GSM9237919_unc30_3,GSM9237919,8,AIS,0.3,Alveolar fibroblasts,Stroma,Fibroblast lineage,25,37500,0.8655
GSM9237919_unc30_4,GSM9237919,8,AIS,0.3,Alveolar macrophages,Immune,Myeloid,14,31376,0.8655
GSM9237919_unc30_5,GSM9237919,8,AIS,0.3,Classical monocytes,Immune,Myeloid,1,1040,0.8655
GSM9237919_unc30_6,GSM9237919,8,AIS,0.3,Club (nasal),Epithelial,Airway epithelium,1,1023,0.8655
GSM9237919_unc30_7,GSM9237919,8,AIS,0.3,EC aerocyte capillary,Endothelial,Blood vessels,1,1730,0.8655
GSM9237919_unc30_8,GSM9237919,8,AIS,0.3,EC arterial,Endothelial,Blood vessels,3,4886,0.8655
GSM9237919_unc30_9,GSM9237919,8,AIS,0.3,EC general capillary,Endothelial,Blood vessels,2,2236,0.8655
GSM9237919_unc30_10,GSM9237919,8,AIS,0.3,EC venous pulmonary,Endothelial,Blood vessels,2,2842,0.8655
GSM9237919_unc30_11,GSM9237919,8,AIS,0.3,Goblet (nasal),Epithelial,Airway epithelium,11,55192,0.8655
GSM9237919_unc30_12,GSM9237919,8,AIS,0.3,Interstitial Mph perivascular,Immune,Myeloid,1,1655,0.8655
GSM9237919_unc30_13,GSM9237919,8,AIS,0.3,Lymphatic EC differentiating,Endothelial,Lymphatic EC,3,3864,0.8655
GSM9237919_unc30_14,GSM9237919,8,AIS,0.3,Monocyte-derived Mph,Immune,Myeloid,1,1502,0.8655
GSM9237919_unc30_15,GSM9237919,8,AIS,0.3,Multiciliated (non-nasal),Epithelial,Airway epithelium,10,22227,0.8655
GSM9237919_unc30_16,GSM9237919,8,AIS,0.3,Non-classical monocytes,Immune,Myeloid,1,1171,0.8655
GSM9237919_unc30_17,GSM9237919,8,AIS,0.3,Plasma cells,Immune,Lymphoid,1,1049,0.8655
GSM9237919_unc30_18,GSM9237919,8,AIS,0.3,pre-TB secretory,Epithelial,Airway epithelium,4,5959,0.8655
GSM9237920_unc20_0,GSM9237920,8,LUAD,0.2,AT0,Epithelial,Airway epithelium,1,2797,0.8655
GSM9237920_unc20_1,GSM9237920,8,LUAD,0.2,AT1,Epithelial,Alveolar epithelium,100,141203,0.8655
GSM9237920_unc20_2,GSM9237920,8,LUAD,0.2,AT2,Epithelial,Alveolar epithelium,291,465848,0.8655
GSM9237920_unc20_3,GSM9237920,8,LUAD,0.2,AT2 proliferating,Epithelial,Alveolar epithelium,1,1489,0.8655
GSM9237920_unc20_4,GSM9237920,8,LUAD,0.2,Adventitial fibroblasts,Stroma,Fibroblast lineage,33,80633,0.8655
GSM9237920_unc20_5,GSM9237920,8,LUAD,0.2,Alveolar fibroblasts,Stroma,Fibroblast lineage,37,65394,0.8655
GSM9237920_unc20_6,GSM9237920,8,LUAD,0.2,Alveolar macrophages,Immune,Myeloid,58,163472,0.8655
GSM9237920_unc20_7,GSM9237920,8,LUAD,0.2,Basal resting,Epithelial,Airway epithelium,3,3758,0.8655
GSM9237920_unc20_8,GSM9237920,8,LUAD,0.2,CD4 T cells,Immune,Lymphoid,21,28119,0.8655
GSM9237920_unc20_9,GSM9237920,8,LUAD,0.2,CD8 T cells,Immune,Lymphoid,2,2717,0.8655
GSM9237920_unc20_10,GSM9237920,8,LUAD,0.2,Classical monocytes,Immune,Myeloid,3,4031,0.8655
GSM9237920_unc20_11,GSM9237920,8,LUAD,0.2,Club (non-nasal),Epithelial,Airway epithelium,1,5112,0.8655
GSM9237920_unc20_12,GSM9237920,8,LUAD,0.2,Deuterosomal,Epithelial,Airway epithelium,27,97582,0.8655
GSM9237920_unc20_13,GSM9237920,8,LUAD,0.2,EC aerocyte capillary,Endothelial,Blood vessels,4,6062,0.8655
GSM9237920_unc20_14,GSM9237920,8,LUAD,0.2,EC arterial,Endothelial,Blood vessels,9,16713,0.8655
GSM9237920_unc20_15,GSM9237920,8,LUAD,0.2,EC general capillary,Endothelial,Blood vessels,2,2952,0.8655
GSM9237920_unc20_16,GSM9237920,8,LUAD,0.2,EC venous pulmonary,Endothelial,Blood vessels,8,13385,0.8655
GSM9237920_unc20_17,GSM9237920,8,LUAD,0.2,Goblet (nasal),Epithelial,Airway epithelium,731,5123294,0.8655
GSM9237920_unc20_18,GSM9237920,8,LUAD,0.2,Interstitial Mph perivascular,Immune,Myeloid,3,3983,0.8655
GSM9237920_unc20_19,GSM9237920,8,LUAD,0.2,Ionocyte,Epithelial,Airway epithelium,8,28023,0.8655
GSM9237920_unc20_20,GSM9237920,8,LUAD,0.2,Lymphatic EC differentiating,Endothelial,Lymphatic EC,10,14011,0.8655
GSM9237920_unc20_21,GSM9237920,8,LUAD,0.2,Mast cells,Immune,Myeloid,3,4512,0.8655
GSM9237920_unc20_22,GSM9237920,8,LUAD,0.2,Monocyte-derived Mph,Immune,Myeloid,44,87852,0.8655
GSM9237920_unc20_23,GSM9237920,8,LUAD,0.2,Multiciliated (nasal),Epithelial,Airway epithelium,2,9554,0.8655
GSM9237920_unc20_24,GSM9237920,8,LUAD,0.2,Multiciliated (non-nasal),Epithelial,Airway epithelium,101,336531,0.8655
GSM9237920_unc20_25,GSM9237920,8,LUAD,0.2,Myofibroblasts,Stroma,Fibroblast lineage,1,1808,0.8655
GSM9237920_unc20_26,GSM9237920,8,LUAD,0.2,Neuroendocrine,Epithelial,Airway epithelium,6,14491,0.8655
GSM9237920_unc20_27,GSM9237920,8,LUAD,0.2,Non-classical monocytes,Immune,Myeloid,1,1115,0.8655
GSM9237920_unc20_28,GSM9237920,8,LUAD,0.2,Peribronchial fibroblasts,Stroma,Fibroblast lineage,46,98730,0.8655
GSM9237920_unc20_29,GSM9237920,8,LUAD,0.2,Pericytes,Stroma,Fibroblast lineage,6,17000,0.8655
GSM9237920_unc20_30,GSM9237920,8,LUAD,0.2,Plasma cells,Immune,Lymphoid,54,116055,0.8655
GSM9237920_unc20_31,GSM9237920,8,LUAD,0.2,Plasmacytoid DCs,Immune,Myeloid,3,3937,0.8655
GSM9237920_unc20_32,GSM9237920,8,LUAD,0.2,Smooth muscle,Stroma,Smooth muscle,8,12308,0.8655
GSM9237920_unc20_33,GSM9237920,8,LUAD,0.2,Suprabasal,Epithelial,Airway epithelium,1,1139,0.8655
GSM9237920_unc20_34,GSM9237920,8,LUAD,0.2,T cells proliferating,Immune,Lymphoid,2,4940,0.8655
GSM9237920_unc20_35,GSM9237920,8,LUAD,0.2,pre-TB secretory,Epithelial,Airway epithelium,17,40393,0.8655
GSM9237920_unc30_0,GSM9237920,8,LUAD,0.3,AT0,Epithelial,Airway epithelium,4,10838,0.8655
GSM9237920_unc30_1,GSM9237920,8,LUAD,0.3,AT1,Epithelial,Alveolar epithelium,107,155373,0.8655
GSM9237920_unc30_2,GSM9237920,8,LUAD,0.3,AT2,Epithelial,Alveolar epithelium,316,527659,0.8655
GSM9237920_unc30_3,GSM9237920,8,LUAD,0.3,AT2 proliferating,Epithelial,Alveolar epithelium,1,1489,0.8655
GSM9237920_unc30_4,GSM9237920,8,LUAD,0.3,Adventitial fibroblasts,Stroma,Fibroblast lineage,48,113612,0.8655
GSM9237920_unc30_5,GSM9237920,8,LUAD,0.3,Alveolar fibroblasts,Stroma,Fibroblast lineage,50,90364,0.8655
GSM9237920_unc30_6,GSM9237920,8,LUAD,0.3,Alveolar macrophages,Immune,Myeloid,86,227011,0.8655
GSM9237920_unc30_7,GSM9237920,8,LUAD,0.3,Basal resting,Epithelial,Airway epithelium,4,5447,0.8655
GSM9237920_unc30_8,GSM9237920,8,LUAD,0.3,CD4 T cells,Immune,Lymphoid,29,41669,0.8655
GSM9237920_unc30_9,GSM9237920,8,LUAD,0.3,CD8 T cells,Immune,Lymphoid,4,5478,0.8655
GSM9237920_unc30_10,GSM9237920,8,LUAD,0.3,Classical monocytes,Immune,Myeloid,4,5811,0.8655
GSM9237920_unc30_11,GSM9237920,8,LUAD,0.3,Club (nasal),Epithelial,Airway epithelium,1,1021,0.8655
GSM9237920_unc30_12,GSM9237920,8,LUAD,0.3,Club (non-nasal),Epithelial,Airway epithelium,1,5112,0.8655
GSM9237920_unc30_13,GSM9237920,8,LUAD,0.3,Deuterosomal,Epithelial,Airway epithelium,35,172345,0.8655
GSM9237920_unc30_14,GSM9237920,8,LUAD,0.3,EC aerocyte capillary,Endothelial,Blood vessels,4,6062,0.8655
GSM9237920_unc30_15,GSM9237920,8,LUAD,0.3,EC arterial,Endothelial,Blood vessels,12,21468,0.8655
GSM9237920_unc30_16,GSM9237920,8,LUAD,0.3,EC general capillary,Endothelial,Blood vessels,5,7224,0.8655
GSM9237920_unc30_17,GSM9237920,8,LUAD,0.3,EC venous pulmonary,Endothelial,Blood vessels,10,15639,0.8655
GSM9237920_unc30_18,GSM9237920,8,LUAD,0.3,Goblet (nasal),Epithelial,Airway epithelium,1246,8770363,0.8655
GSM9237920_unc30_19,GSM9237920,8,LUAD,0.3,Interstitial Mph perivascular,Immune,Myeloid,4,5134,0.8655
GSM9237920_unc30_20,GSM9237920,8,LUAD,0.3,Ionocyte,Epithelial,Airway epithelium,16,50127,0.8655
GSM9237920_unc30_21,GSM9237920,8,LUAD,0.3,Lymphatic EC differentiating,Endothelial,Lymphatic EC,12,16895,0.8655
GSM9237920_unc30_22,GSM9237920,8,LUAD,0.3,Mast cells,Immune,Myeloid,3,4512,0.8655
GSM9237920_unc30_23,GSM9237920,8,LUAD,0.3,Monocyte-derived Mph,Immune,Myeloid,81,153733,0.8655
GSM9237920_unc30_24,GSM9237920,8,LUAD,0.3,Multiciliated (nasal),Epithelial,Airway epithelium,2,9554,0.8655
GSM9237920_unc30_25,GSM9237920,8,LUAD,0.3,Multiciliated (non-nasal),Epithelial,Airway epithelium,112,437145,0.8655
GSM9237920_unc30_26,GSM9237920,8,LUAD,0.3,Myofibroblasts,Stroma,Fibroblast lineage,2,2819,0.8655
GSM9237920_unc30_27,GSM9237920,8,LUAD,0.3,Neuroendocrine,Epithelial,Airway epithelium,12,29375,0.8655
GSM9237920_unc30_28,GSM9237920,8,LUAD,0.3,Non-classical monocytes,Immune,Myeloid,1,1115,0.8655
GSM9237920_unc30_29,GSM9237920,8,LUAD,0.3,Peribronchial fibroblasts,Stroma,Fibroblast lineage,63,139614,0.8655
GSM9237920_unc30_30,GSM9237920,8,LUAD,0.3,Pericytes,Stroma,Fibroblast lineage,8,20771,0.8655
GSM9237920_unc30_31,GSM9237920,8,LUAD,0.3,Plasma cells,Immune,Lymphoid,55,118586,0.8655
GSM9237920_unc30_32,GSM9237920,8,LUAD,0.3,Plasmacytoid DCs,Immune,Myeloid,4,5020,0.8655
GSM9237920_unc30_33,GSM9237920,8,LUAD,0.3,Smooth muscle,Stroma,Smooth muscle,9,13551,0.8655
GSM9237920_unc30_34,GSM9237920,8,LUAD,0.3,Suprabasal,Epithelial,Airway epithelium,1,1139,0.8655
GSM9237920_unc30_35,GSM9237920,8,LUAD,0.3,T cells proliferating,Immune,Lymphoid,2,4940,0.8655
GSM9237920_unc30_36,GSM9237920,8,LUAD,0.3,pre-TB secretory,Epithelial,Airway epithelium,25,60308,0.8655
GSM9237921_unc20_0,GSM9237921,9,normal,0.2,AT1,Epithelial,Alveolar epithelium,131,343444,0.8655
GSM9237921_unc20_1,GSM9237921,9,normal,0.2,AT2,Epithelial,Alveolar epithelium,279,973207,0.8655
GSM9237921_unc20_2,GSM9237921,9,normal,0.2,Adventitial fibroblasts,Stroma,Fibroblast lineage,22,57414,0.8655
GSM9237921_unc20_3,GSM9237921,9,normal,0.2,Alveolar fibroblasts,Stroma,Fibroblast lineage,221,522819,0.8655
GSM9237921_unc20_4,GSM9237921,9,normal,0.2,Alveolar macrophages,Immune,Myeloid,33,501719,0.8655
GSM9237921_unc20_5,GSM9237921,9,normal,0.2,B cells,Immune,Lymphoid,26,42306,0.8655
GSM9237921_unc20_6,GSM9237921,9,normal,0.2,Basal resting,Epithelial,Airway epithelium,25,43128,0.8655
GSM9237921_unc20_7,GSM9237921,9,normal,0.2,CD4 T cells,Immune,Lymphoid,65,106747,0.8655
GSM9237921_unc20_8,GSM9237921,9,normal,0.2,CD8 T cells,Immune,Lymphoid,56,97560,0.8655
GSM9237921_unc20_9,GSM9237921,9,normal,0.2,Classical monocytes,Immune,Myeloid,15,50339,0.8655
GSM9237921_unc20_10,GSM9237921,9,normal,0.2,EC aerocyte capillary,Endothelial,Blood vessels,70,109574,0.8655
GSM9237921_unc20_11,GSM9237921,9,normal,0.2,EC arterial,Endothelial,Blood vessels,52,84302,0.8655
GSM9237921_unc20_12,GSM9237921,9,normal,0.2,EC general capillary,Endothelial,Blood vessels,33,41301,0.8655
GSM9237921_unc20_13,GSM9237921,9,normal,0.2,EC venous pulmonary,Endothelial,Blood vessels,29,54176,0.8655
GSM9237921_unc20_14,GSM9237921,9,normal,0.2,Goblet (bronchial),Epithelial,Airway epithelium,2,19224,0.8655
GSM9237921_unc20_15,GSM9237921,9,normal,0.2,Goblet (nasal),Epithelial,Airway epithelium,2,2689,0.8655
GSM9237921_unc20_16,GSM9237921,9,normal,0.2,Interstitial Mph perivascular,Immune,Myeloid,6,11750,0.8655
GSM9237921_unc20_17,GSM9237921,9,normal,0.2,Lymphatic EC differentiating,Endothelial,Lymphatic EC,21,38898,0.8655
GSM9237921_unc20_18,GSM9237921,9,normal,0.2,Mast cells,Immune,Myeloid,12,20961,0.8655
GSM9237921_unc20_19,GSM9237921,9,normal,0.2,Monocyte-derived Mph,Immune,Myeloid,1,1755,0.8655
GSM9237921_unc20_20,GSM9237921,9,normal,0.2,Multiciliated (non-nasal),Epithelial,Airway epithelium,200,1162621,0.8655
GSM9237921_unc20_21,GSM9237921,9,normal,0.2,Myofibroblasts,Stroma,Fibroblast lineage,3,3253,0.8655
GSM9237921_unc20_22,GSM9237921,9,normal,0.2,NK cells,Immune,Lymphoid,54,84521,0.8655
GSM9237921_unc20_23,GSM9237921,9,normal,0.2,Neuroendocrine,Epithelial,Airway epithelium,1,1929,0.8655
GSM9237921_unc20_24,GSM9237921,9,normal,0.2,Non-classical monocytes,Immune,Myeloid,22,65472,0.8655
GSM9237921_unc20_25,GSM9237921,9,normal,0.2,Pericytes,Stroma,Fibroblast lineage,18,37454,0.8655
GSM9237921_unc20_26,GSM9237921,9,normal,0.2,Plasma cells,Immune,Lymphoid,17,66641,0.8655
GSM9237921_unc20_27,GSM9237921,9,normal,0.2,Plasmacytoid DCs,Immune,Myeloid,3,12476,0.8655
GSM9237921_unc20_28,GSM9237921,9,normal,0.2,SMG mucous,Epithelial,Submucosal Gland,1,1487,0.8655
GSM9237921_unc20_29,GSM9237921,9,normal,0.2,SMG serous (bronchial),Epithelial,Submucosal Gland,7,98427,0.8655
GSM9237921_unc20_30,GSM9237921,9,normal,0.2,Smooth muscle,Stroma,Smooth muscle,11,17357,0.8655
GSM9237921_unc20_31,GSM9237921,9,normal,0.2,pre-TB secretory,Epithelial,Airway epithelium,8,30510,0.8655
GSM9237921_unc30_0,GSM9237921,9,normal,0.3,AT0,Epithelial,Airway epithelium,1,3398,0.8655
GSM9237921_unc30_1,GSM9237921,9,normal,0.3,AT1,Epithelial,Alveolar epithelium,134,352794,0.8655
GSM9237921_unc30_2,GSM9237921,9,normal,0.3,AT2,Epithelial,Alveolar epithelium,283,991766,0.8655
GSM9237921_unc30_3,GSM9237921,9,normal,0.3,Adventitial fibroblasts,Stroma,Fibroblast lineage,27,69635,0.8655
GSM9237921_unc30_4,GSM9237921,9,normal,0.3,Alveolar fibroblasts,Stroma,Fibroblast lineage,236,595751,0.8655
GSM9237921_unc30_5,GSM9237921,9,normal,0.3,Alveolar macrophages,Immune,Myeloid,35,642593,0.8655
GSM9237921_unc30_6,GSM9237921,9,normal,0.3,B cells,Immune,Lymphoid,30,47583,0.8655
GSM9237921_unc30_7,GSM9237921,9,normal,0.3,Basal resting,Epithelial,Airway epithelium,25,43128,0.8655
GSM9237921_unc30_8,GSM9237921,9,normal,0.3,CD4 T cells,Immune,Lymphoid,70,113271,0.8655
GSM9237921_unc30_9,GSM9237921,9,normal,0.3,CD8 T cells,Immune,Lymphoid,76,128986,0.8655
GSM9237921_unc30_10,GSM9237921,9,normal,0.3,Classical monocytes,Immune,Myeloid,16,53658,0.8655
GSM9237921_unc30_11,GSM9237921,9,normal,0.3,Club (non-nasal),Epithelial,Airway epithelium,2,3931,0.8655
GSM9237921_unc30_12,GSM9237921,9,normal,0.3,EC aerocyte capillary,Endothelial,Blood vessels,73,117041,0.8655
GSM9237921_unc30_13,GSM9237921,9,normal,0.3,EC arterial,Endothelial,Blood vessels,54,86485,0.8655
GSM9237921_unc30_14,GSM9237921,9,normal,0.3,EC general capillary,Endothelial,Blood vessels,43,53917,0.8655
GSM9237921_unc30_15,GSM9237921,9,normal,0.3,EC venous pulmonary,Endothelial,Blood vessels,37,64445,0.8655
GSM9237921_unc30_16,GSM9237921,9,normal,0.3,Goblet (bronchial),Epithelial,Airway epithelium,2,19224,0.8655
GSM9237921_unc30_17,GSM9237921,9,normal,0.3,Goblet (nasal),Epithelial,Airway epithelium,3,5955,0.8655
GSM9237921_unc30_18,GSM9237921,9,normal,0.3,Interstitial Mph perivascular,Immune,Myeloid,6,11750,0.8655
GSM9237921_unc30_19,GSM9237921,9,normal,0.3,Lymphatic EC differentiating,Endothelial,Lymphatic EC,22,40351,0.8655
GSM9237921_unc30_20,GSM9237921,9,normal,0.3,Mast cells,Immune,Myeloid,12,20961,0.8655
GSM9237921_unc30_21,GSM9237921,9,normal,0.3,Monocyte-derived Mph,Immune,Myeloid,3,6699,0.8655
GSM9237921_unc30_22,GSM9237921,9,normal,0.3,Multiciliated (nasal),Epithelial,Airway epithelium,1,1515,0.8655
GSM9237921_unc30_23,GSM9237921,9,normal,0.3,Multiciliated (non-nasal),Epithelial,Airway epithelium,211,1219945,0.8655
GSM9237921_unc30_24,GSM9237921,9,normal,0.3,Myofibroblasts,Stroma,Fibroblast lineage,4,4447,0.8655
GSM9237921_unc30_25,GSM9237921,9,normal,0.3,NK cells,Immune,Lymphoid,75,120104,0.8655
GSM9237921_unc30_26,GSM9237921,9,normal,0.3,Neuroendocrine,Epithelial,Airway epithelium,1,1929,0.8655
GSM9237921_unc30_27,GSM9237921,9,normal,0.3,Non-classical monocytes,Immune,Myeloid,25,76217,0.8655
GSM9237921_unc30_28,GSM9237921,9,normal,0.3,Pericytes,Stroma,Fibroblast lineage,19,40568,0.8655
GSM9237921_unc30_29,GSM9237921,9,normal,0.3,Plasma cells,Immune,Lymphoid,17,66641,0.8655
GSM9237921_unc30_30,GSM9237921,9,normal,0.3,Plasmacytoid DCs,Immune,Myeloid,4,14314,0.8655
GSM9237921_unc30_31,GSM9237921,9,normal,0.3,SMG mucous,Epithelial,Submucosal Gland,1,1487,0.8655
GSM9237921_unc30_32,GSM9237921,9,normal,0.3,SMG serous (bronchial),Epithelial,Submucosal Gland,8,105834,0.8655
GSM9237921_unc30_33,GSM9237921,9,normal,0.3,Smooth muscle,Stroma,Smooth muscle,15,23804,0.8655
GSM9237921_unc30_34,GSM9237921,9,normal,0.3,Smooth muscle FAM83D+,Stroma,Smooth muscle,1,1073,0.8655
GSM9237921_unc30_35,GSM9237921,9,normal,0.3,pre-TB secretory,Epithelial,Airway epithelium,10,34504,0.8655
GSM9237922_unc20_0,GSM9237922,9,AAH,0.2,AT0,Epithelial,Airway epithelium,2,6695,0.8655
GSM9237922_unc20_1,GSM9237922,9,AAH,0.2,AT1,Epithelial,Alveolar epithelium,123,280062,0.8655
GSM9237922_unc20_2,GSM9237922,9,AAH,0.2,AT2,Epithelial,Alveolar epithelium,220,690945,0.8655
GSM9237922_unc20_3,GSM9237922,9,AAH,0.2,Adventitial fibroblasts,Stroma,Fibroblast lineage,1,1408,0.8655
GSM9237922_unc20_4,GSM9237922,9,AAH,0.2,Alveolar fibroblasts,Stroma,Fibroblast lineage,136,254917,0.8655
GSM9237922_unc20_5,GSM9237922,9,AAH,0.2,Alveolar macrophages,Immune,Myeloid,55,629497,0.8655
GSM9237922_unc20_6,GSM9237922,9,AAH,0.2,B cells,Immune,Lymphoid,3,3345,0.8655
GSM9237922_unc20_7,GSM9237922,9,AAH,0.2,Basal resting,Epithelial,Airway epithelium,1,1373,0.8655
GSM9237922_unc20_8,GSM9237922,9,AAH,0.2,CD4 T cells,Immune,Lymphoid,24,31501,0.8655
GSM9237922_unc20_9,GSM9237922,9,AAH,0.2,CD8 T cells,Immune,Lymphoid,31,36295,0.8655
GSM9237922_unc20_10,GSM9237922,9,AAH,0.2,Classical monocytes,Immune,Myeloid,4,11018,0.8655
GSM9237922_unc20_11,GSM9237922,9,AAH,0.2,EC aerocyte capillary,Endothelial,Blood vessels,21,32024,0.8655
GSM9237922_unc20_12,GSM9237922,9,AAH,0.2,EC arterial,Endothelial,Blood vessels,50,72045,0.8655
GSM9237922_unc20_13,GSM9237922,9,AAH,0.2,EC general capillary,Endothelial,Blood vessels,14,17218,0.8655
GSM9237922_unc20_14,GSM9237922,9,AAH,0.2,EC venous pulmonary,Endothelial,Blood vessels,18,25918,0.8655
GSM9237922_unc20_15,GSM9237922,9,AAH,0.2,Interstitial Mph perivascular,Immune,Myeloid,3,4556,0.8655
GSM9237922_unc20_16,GSM9237922,9,AAH,0.2,Lymphatic EC differentiating,Endothelial,Lymphatic EC,7,9215,0.8655
GSM9237922_unc20_17,GSM9237922,9,AAH,0.2,Mast cells,Immune,Myeloid,12,15459,0.8655
GSM9237922_unc20_18,GSM9237922,9,AAH,0.2,Monocyte-derived Mph,Immune,Myeloid,2,2985,0.8655
GSM9237922_unc20_19,GSM9237922,9,AAH,0.2,Multiciliated (non-nasal),Epithelial,Airway epithelium,16,128925,0.8655
GSM9237922_unc20_20,GSM9237922,9,AAH,0.2,Myofibroblasts,Stroma,Fibroblast lineage,2,3448,0.8655
GSM9237922_unc20_21,GSM9237922,9,AAH,0.2,NK cells,Immune,Lymphoid,13,17560,0.8655
GSM9237922_unc20_22,GSM9237922,9,AAH,0.2,Non-classical monocytes,Immune,Myeloid,5,7682,0.8655
GSM9237922_unc20_23,GSM9237922,9,AAH,0.2,Pericytes,Stroma,Fibroblast lineage,12,51645,0.8655
GSM9237922_unc20_24,GSM9237922,9,AAH,0.2,Plasma cells,Immune,Lymphoid,6,19928,0.8655
GSM9237922_unc20_25,GSM9237922,9,AAH,0.2,Smooth muscle,Stroma,Smooth muscle,5,12600,0.8655
GSM9237922_unc20_26,GSM9237922,9,AAH,0.2,pre-TB secretory,Epithelial,Airway epithelium,1,2637,0.8655
GSM9237922_unc30_0,GSM9237922,9,AAH,0.3,AT0,Epithelial,Airway epithelium,3,10497,0.8655
GSM9237922_unc30_1,GSM9237922,9,AAH,0.3,AT1,Epithelial,Alveolar epithelium,126,297460,0.8655
GSM9237922_unc30_2,GSM9237922,9,AAH,0.3,AT2,Epithelial,Alveolar epithelium,225,720083,0.8655
GSM9237922_unc30_3,GSM9237922,9,AAH,0.3,Adventitial fibroblasts,Stroma,Fibroblast lineage,1,1408,0.8655
GSM9237922_unc30_4,GSM9237922,9,AAH,0.3,Alveolar fibroblasts,Stroma,Fibroblast lineage,144,274807,0.8655
GSM9237922_unc30_5,GSM9237922,9,AAH,0.3,Alveolar macrophages,Immune,Myeloid,64,728241,0.8655
GSM9237922_unc30_6,GSM9237922,9,AAH,0.3,B cells,Immune,Lymphoid,3,3345,0.8655
GSM9237922_unc30_7,GSM9237922,9,AAH,0.3,Basal resting,Epithelial,Airway epithelium,1,1373,0.8655
GSM9237922_unc30_8,GSM9237922,9,AAH,0.3,CD4 T cells,Immune,Lymphoid,28,36436,0.8655
GSM9237922_unc30_9,GSM9237922,9,AAH,0.3,CD8 T cells,Immune,Lymphoid,37,44616,0.8655
GSM9237922_unc30_10,GSM9237922,9,AAH,0.3,Classical monocytes,Immune,Myeloid,7,14955,0.8655
GSM9237922_unc30_11,GSM9237922,9,AAH,0.3,EC aerocyte capillary,Endothelial,Blood vessels,23,37463,0.8655
GSM9237922_unc30_12,GSM9237922,9,AAH,0.3,EC arterial,Endothelial,Blood vessels,52,76099,0.8655
GSM9237922_unc30_13,GSM9237922,9,AAH,0.3,EC general capillary,Endothelial,Blood vessels,14,17218,0.8655
GSM9237922_unc30_14,GSM9237922,9,AAH,0.3,EC venous pulmonary,Endothelial,Blood vessels,19,27121,0.8655
GSM9237922_unc30_15,GSM9237922,9,AAH,0.3,Interstitial Mph perivascular,Immune,Myeloid,5,8172,0.8655
GSM9237922_unc30_16,GSM9237922,9,AAH,0.3,Lymphatic EC differentiating,Endothelial,Lymphatic EC,7,9215,0.8655
GSM9237922_unc30_17,GSM9237922,9,AAH,0.3,Lymphatic EC mature,Endothelial,Lymphatic EC,1,1232,0.8655
GSM9237922_unc30_18,GSM9237922,9,AAH,0.3,Mast cells,Immune,Myeloid,12,15459,0.8655
GSM9237922_unc30_19,GSM9237922,9,AAH,0.3,Monocyte-derived Mph,Immune,Myeloid,6,21892,0.8655
GSM9237922_unc30_20,GSM9237922,9,AAH,0.3,Multiciliated (non-nasal),Epithelial,Airway epithelium,16,128925,0.8655
GSM9237922_unc30_21,GSM9237922,9,AAH,0.3,Myofibroblasts,Stroma,Fibroblast lineage,2,3448,0.8655
GSM9237922_unc30_22,GSM9237922,9,AAH,0.3,NK cells,Immune,Lymphoid,18,23645,0.8655
GSM9237922_unc30_23,GSM9237922,9,AAH,0.3,Non-classical monocytes,Immune,Myeloid,7,9954,0.8655
GSM9237922_unc30_24,GSM9237922,9,AAH,0.3,Pericytes,Stroma,Fibroblast lineage,13,58323,0.8655
GSM9237922_unc30_25,GSM9237922,9,AAH,0.3,Plasma cells,Immune,Lymphoid,6,19928,0.8655
GSM9237922_unc30_26,GSM9237922,9,AAH,0.3,SM activated stress response,Stroma,Smooth muscle,1,1036,0.8655
GSM9237922_unc30_27,GSM9237922,9,AAH,0.3,Smooth muscle,Stroma,Smooth muscle,5,12600,0.8655
GSM9237922_unc30_28,GSM9237922,9,AAH,0.3,Suprabasal,Epithelial,Airway epithelium,1,4435,0.8655
GSM9237922_unc30_29,GSM9237922,9,AAH,0.3,pre-TB secretory,Epithelial,Airway epithelium,1,2637,0.8655
GSM9237923_unc20_0,GSM9237923,9,AIS,0.2,AT0,Epithelial,Airway epithelium,3,6925,0.8655
GSM9237923_unc20_1,GSM9237923,9,AIS,0.2,AT1,Epithelial,Alveolar epithelium,314,770760,0.8655
GSM9237923_unc20_2,GSM9237923,9,AIS,0.2,AT2,Epithelial,Alveolar epithelium,657,2208389,0.8655
GSM9237923_unc20_3,GSM9237923,9,AIS,0.2,AT2 proliferating,Epithelial,Alveolar epithelium,1,5519,0.8655
GSM9237923_unc20_4,GSM9237923,9,AIS,0.2,Adventitial fibroblasts,Stroma,Fibroblast lineage,19,47700,0.8655
GSM9237923_unc20_5,GSM9237923,9,AIS,0.2,Alveolar fibroblasts,Stroma,Fibroblast lineage,445,851579,0.8655
GSM9237923_unc20_6,GSM9237923,9,AIS,0.2,Alveolar macrophages,Immune,Myeloid,33,335113,0.8655
GSM9237923_unc20_7,GSM9237923,9,AIS,0.2,B cells,Immune,Lymphoid,40,67102,0.8655
GSM9237923_unc20_8,GSM9237923,9,AIS,0.2,Basal resting,Epithelial,Airway epithelium,21,33494,0.8655
GSM9237923_unc20_9,GSM9237923,9,AIS,0.2,CD4 T cells,Immune,Lymphoid,64,98676,0.8655
GSM9237923_unc20_10,GSM9237923,9,AIS,0.2,CD8 T cells,Immune,Lymphoid,114,154346,0.8655
GSM9237923_unc20_11,GSM9237923,9,AIS,0.2,Classical monocytes,Immune,Myeloid,33,102761,0.8655
GSM9237923_unc20_12,GSM9237923,9,AIS,0.2,Deuterosomal,Epithelial,Airway epithelium,2,16544,0.8655
GSM9237923_unc20_13,GSM9237923,9,AIS,0.2,EC aerocyte capillary,Endothelial,Blood vessels,140,218399,0.8655
GSM9237923_unc20_14,GSM9237923,9,AIS,0.2,EC arterial,Endothelial,Blood vessels,76,113311,0.8655
GSM9237923_unc20_15,GSM9237923,9,AIS,0.2,EC general capillary,Endothelial,Blood vessels,26,36713,0.8655
GSM9237923_unc20_16,GSM9237923,9,AIS,0.2,EC venous pulmonary,Endothelial,Blood vessels,45,57566,0.8655
GSM9237923_unc20_17,GSM9237923,9,AIS,0.2,EC venous systemic,Endothelial,Blood vessels,6,14885,0.8655
GSM9237923_unc20_18,GSM9237923,9,AIS,0.2,Goblet (bronchial),Epithelial,Airway epithelium,4,26384,0.8655
GSM9237923_unc20_19,GSM9237923,9,AIS,0.2,Goblet (nasal),Epithelial,Airway epithelium,3,6311,0.8655
GSM9237923_unc20_20,GSM9237923,9,AIS,0.2,Interstitial Mph perivascular,Immune,Myeloid,8,12762,0.8655
GSM9237923_unc20_21,GSM9237923,9,AIS,0.2,Lymphatic EC differentiating,Endothelial,Lymphatic EC,20,28387,0.8655
GSM9237923_unc20_22,GSM9237923,9,AIS,0.2,Mast cells,Immune,Myeloid,30,44028,0.8655
GSM9237923_unc20_23,GSM9237923,9,AIS,0.2,Monocyte-derived Mph,Immune,Myeloid,14,30133,0.8655
GSM9237923_unc20_24,GSM9237923,9,AIS,0.2,Multiciliated (nasal),Epithelial,Airway epithelium,1,32750,0.8655
GSM9237923_unc20_25,GSM9237923,9,AIS,0.2,Multiciliated (non-nasal),Epithelial,Airway epithelium,243,983138,0.8655
GSM9237923_unc20_26,GSM9237923,9,AIS,0.2,Myofibroblasts,Stroma,Fibroblast lineage,1,1305,0.8655
GSM9237923_unc20_27,GSM9237923,9,AIS,0.2,NK cells,Immune,Lymphoid,113,164648,0.8655
GSM9237923_unc20_28,GSM9237923,9,AIS,0.2,Neuroendocrine,Epithelial,Airway epithelium,1,3648,0.8655
GSM9237923_unc20_29,GSM9237923,9,AIS,0.2,Non-classical monocytes,Immune,Myeloid,64,150969,0.8655
GSM9237923_unc20_30,GSM9237923,9,AIS,0.2,Peribronchial fibroblasts,Stroma,Fibroblast lineage,1,2043,0.8655
GSM9237923_unc20_31,GSM9237923,9,AIS,0.2,Pericytes,Stroma,Fibroblast lineage,20,60554,0.8655
GSM9237923_unc20_32,GSM9237923,9,AIS,0.2,Plasma cells,Immune,Lymphoid,42,168798,0.8655
GSM9237923_unc20_33,GSM9237923,9,AIS,0.2,Plasmacytoid DCs,Immune,Myeloid,2,5483,0.8655
GSM9237923_unc20_34,GSM9237923,9,AIS,0.2,Smooth muscle,Stroma,Smooth muscle,23,78305,0.8655
GSM9237923_unc20_35,GSM9237923,9,AIS,0.2,Suprabasal,Epithelial,Airway epithelium,1,4784,0.8655
GSM9237923_unc20_36,GSM9237923,9,AIS,0.2,pre-TB secretory,Epithelial,Airway epithelium,20,52185,0.8655
GSM9237923_unc30_0,GSM9237923,9,AIS,0.3,AT0,Epithelial,Airway epithelium,6,20096,0.8655
GSM9237923_unc30_1,GSM9237923,9,AIS,0.3,AT1,Epithelial,Alveolar epithelium,326,836584,0.8655
GSM9237923_unc30_2,GSM9237923,9,AIS,0.3,AT2,Epithelial,Alveolar epithelium,668,2275666,0.8655
GSM9237923_unc30_3,GSM9237923,9,AIS,0.3,AT2 proliferating,Epithelial,Alveolar epithelium,1,5519,0.8655
GSM9237923_unc30_4,GSM9237923,9,AIS,0.3,Adventitial fibroblasts,Stroma,Fibroblast lineage,25,72681,0.8655
GSM9237923_unc30_5,GSM9237923,9,AIS,0.3,Alveolar fibroblasts,Stroma,Fibroblast lineage,482,1014906,0.8655
GSM9237923_unc30_6,GSM9237923,9,AIS,0.3,Alveolar macrophages,Immune,Myeloid,40,396675,0.8655
GSM9237923_unc30_7,GSM9237923,9,AIS,0.3,B cells,Immune,Lymphoid,42,69366,0.8655
GSM9237923_unc30_8,GSM9237923,9,AIS,0.3,Basal resting,Epithelial,Airway epithelium,25,39542,0.8655
GSM9237923_unc30_9,GSM9237923,9,AIS,0.3,CD4 T cells,Immune,Lymphoid,74,112222,0.8655
GSM9237923_unc30_10,GSM9237923,9,AIS,0.3,CD8 T cells,Immune,Lymphoid,170,235297,0.8655
GSM9237923_unc30_11,GSM9237923,9,AIS,0.3,Classical monocytes,Immune,Myeloid,41,127142,0.8655
GSM9237923_unc30_12,GSM9237923,9,AIS,0.3,Deuterosomal,Epithelial,Airway epithelium,2,16544,0.8655
GSM9237923_unc30_13,GSM9237923,9,AIS,0.3,EC aerocyte capillary,Endothelial,Blood vessels,148,234637,0.8655
GSM9237923_unc30_14,GSM9237923,9,AIS,0.3,EC arterial,Endothelial,Blood vessels,85,124661,0.8655
GSM9237923_unc30_15,GSM9237923,9,AIS,0.3,EC general capillary,Endothelial,Blood vessels,37,50887,0.8655
GSM9237923_unc30_16,GSM9237923,9,AIS,0.3,EC venous pulmonary,Endothelial,Blood vessels,56,72679,0.8655
GSM9237923_unc30_17,GSM9237923,9,AIS,0.3,EC venous systemic,Endothelial,Blood vessels,7,16105,0.8655
GSM9237923_unc30_18,GSM9237923,9,AIS,0.3,Goblet (bronchial),Epithelial,Airway epithelium,4,26384,0.8655
GSM9237923_unc30_19,GSM9237923,9,AIS,0.3,Goblet (nasal),Epithelial,Airway epithelium,3,6311,0.8655
GSM9237923_unc30_20,GSM9237923,9,AIS,0.3,Interstitial Mph perivascular,Immune,Myeloid,16,25441,0.8655
GSM9237923_unc30_21,GSM9237923,9,AIS,0.3,Lymphatic EC differentiating,Endothelial,Lymphatic EC,23,31933,0.8655
GSM9237923_unc30_22,GSM9237923,9,AIS,0.3,Mast cells,Immune,Myeloid,31,45433,0.8655
GSM9237923_unc30_23,GSM9237923,9,AIS,0.3,Migratory DCs,Immune,Myeloid,1,1085,0.8655
GSM9237923_unc30_24,GSM9237923,9,AIS,0.3,Monocyte-derived Mph,Immune,Myeloid,26,58782,0.8655
GSM9237923_unc30_25,GSM9237923,9,AIS,0.3,Multiciliated (nasal),Epithelial,Airway epithelium,1,32750,0.8655
GSM9237923_unc30_26,GSM9237923,9,AIS,0.3,Multiciliated (non-nasal),Epithelial,Airway epithelium,253,1006891,0.8655
GSM9237923_unc30_27,GSM9237923,9,AIS,0.3,Myofibroblasts,Stroma,Fibroblast lineage,3,3721,0.8655
GSM9237923_unc30_28,GSM9237923,9,AIS,0.3,NK cells,Immune,Lymphoid,169,245032,0.8655
GSM9237923_unc30_29,GSM9237923,9,AIS,0.3,Neuroendocrine,Epithelial,Airway epithelium,1,3648,0.8655
GSM9237923_unc30_30,GSM9237923,9,AIS,0.3,Non-classical monocytes,Immune,Myeloid,67,179917,0.8655
GSM9237923_unc30_31,GSM9237923,9,AIS,0.3,Peribronchial fibroblasts,Stroma,Fibroblast lineage,1,2043,0.8655
GSM9237923_unc30_32,GSM9237923,9,AIS,0.3,Pericytes,Stroma,Fibroblast lineage,26,97296,0.8655
GSM9237923_unc30_33,GSM9237923,9,AIS,0.3,Plasma cells,Immune,Lymphoid,47,179015,0.8655
GSM9237923_unc30_34,GSM9237923,9,AIS,0.3,Plasmacytoid DCs,Immune,Myeloid,2,5483,0.8655
GSM9237923_unc30_35,GSM9237923,9,AIS,0.3,Smooth muscle,Stroma,Smooth muscle,33,112118,0.8655
GSM9237923_unc30_36,GSM9237923,9,AIS,0.3,Suprabasal,Epithelial,Airway epithelium,1,4784,0.8655
GSM9237923_unc30_37,GSM9237923,9,AIS,0.3,pre-TB secretory,Epithelial,Airway epithelium,23,66478,0.8655
GSM9237924_unc20_0,GSM9237924,9,LUAD,0.2,AT1,Epithelial,Alveolar epithelium,200,319522,0.8655
GSM9237924_unc20_1,GSM9237924,9,LUAD,0.2,AT2,Epithelial,Alveolar epithelium,677,1942718,0.8655
GSM9237924_unc20_2,GSM9237924,9,LUAD,0.2,Adventitial fibroblasts,Stroma,Fibroblast lineage,138,296645,0.8655
GSM9237924_unc20_3,GSM9237924,9,LUAD,0.2,Alveolar fibroblasts,Stroma,Fibroblast lineage,207,330535,0.8655
GSM9237924_unc20_4,GSM9237924,9,LUAD,0.2,Alveolar macrophages,Immune,Myeloid,34,257814,0.8655
GSM9237924_unc20_5,GSM9237924,9,LUAD,0.2,B cells,Immune,Lymphoid,74,92868,0.8655
GSM9237924_unc20_6,GSM9237924,9,LUAD,0.2,Basal resting,Epithelial,Airway epithelium,111,272496,0.8655
GSM9237924_unc20_7,GSM9237924,9,LUAD,0.2,CD4 T cells,Immune,Lymphoid,136,169920,0.8655
GSM9237924_unc20_8,GSM9237924,9,LUAD,0.2,CD8 T cells,Immune,Lymphoid,52,62923,0.8655
GSM9237924_unc20_9,GSM9237924,9,LUAD,0.2,Classical monocytes,Immune,Myeloid,17,30357,0.8655
GSM9237924_unc20_10,GSM9237924,9,LUAD,0.2,Club (non-nasal),Epithelial,Airway epithelium,1,3167,0.8655
GSM9237924_unc20_11,GSM9237924,9,LUAD,0.2,Deuterosomal,Epithelial,Airway epithelium,2,9041,0.8655
GSM9237924_unc20_12,GSM9237924,9,LUAD,0.2,EC aerocyte capillary,Endothelial,Blood vessels,36,47974,0.8655
GSM9237924_unc20_13,GSM9237924,9,LUAD,0.2,EC arterial,Endothelial,Blood vessels,29,55333,0.8655
GSM9237924_unc20_14,GSM9237924,9,LUAD,0.2,EC general capillary,Endothelial,Blood vessels,11,14695,0.8655
GSM9237924_unc20_15,GSM9237924,9,LUAD,0.2,EC venous pulmonary,Endothelial,Blood vessels,40,61819,0.8655
GSM9237924_unc20_16,GSM9237924,9,LUAD,0.2,EC venous systemic,Endothelial,Blood vessels,7,12022,0.8655
GSM9237924_unc20_17,GSM9237924,9,LUAD,0.2,Goblet (bronchial),Epithelial,Airway epithelium,5,33960,0.8655
GSM9237924_unc20_18,GSM9237924,9,LUAD,0.2,Goblet (nasal),Epithelial,Airway epithelium,36,574445,0.8655
GSM9237924_unc20_19,GSM9237924,9,LUAD,0.2,Goblet (subsegmental),Epithelial,Airway epithelium,1,3887,0.8655
GSM9237924_unc20_20,GSM9237924,9,LUAD,0.2,Hillock-like,Epithelial,Airway epithelium,1,7878,0.8655
GSM9237924_unc20_21,GSM9237924,9,LUAD,0.2,Interstitial Mph perivascular,Immune,Myeloid,35,60233,0.8655
GSM9237924_unc20_22,GSM9237924,9,LUAD,0.2,Ionocyte,Epithelial,Airway epithelium,1,4125,0.8655
GSM9237924_unc20_23,GSM9237924,9,LUAD,0.2,Lymphatic EC differentiating,Endothelial,Lymphatic EC,13,16736,0.8655
GSM9237924_unc20_24,GSM9237924,9,LUAD,0.2,Lymphatic EC mature,Endothelial,Lymphatic EC,1,1212,0.8655
GSM9237924_unc20_25,GSM9237924,9,LUAD,0.2,Mast cells,Immune,Myeloid,16,21443,0.8655
GSM9237924_unc20_26,GSM9237924,9,LUAD,0.2,Migratory DCs,Immune,Myeloid,5,9468,0.8655
GSM9237924_unc20_27,GSM9237924,9,LUAD,0.2,Monocyte-derived Mph,Immune,Myeloid,24,85120,0.8655
GSM9237924_unc20_28,GSM9237924,9,LUAD,0.2,Multiciliated (non-nasal),Epithelial,Airway epithelium,316,1946292,0.8655
GSM9237924_unc20_29,GSM9237924,9,LUAD,0.2,Myofibroblasts,Stroma,Fibroblast lineage,7,8921,0.8655
GSM9237924_unc20_30,GSM9237924,9,LUAD,0.2,NK cells,Immune,Lymphoid,14,18318,0.8655
GSM9237924_unc20_31,GSM9237924,9,LUAD,0.2,Neuroendocrine,Epithelial,Airway epithelium,2,5940,0.8655
GSM9237924_unc20_32,GSM9237924,9,LUAD,0.2,Non-classical monocytes,Immune,Myeloid,12,19520,0.8655
GSM9237924_unc20_33,GSM9237924,9,LUAD,0.2,Peribronchial fibroblasts,Stroma,Fibroblast lineage,4,7848,0.8655
GSM9237924_unc20_34,GSM9237924,9,LUAD,0.2,Pericytes,Stroma,Fibroblast lineage,18,49239,0.8655
GSM9237924_unc20_35,GSM9237924,9,LUAD,0.2,Plasma cells,Immune,Lymphoid,180,796977,0.8655
GSM9237924_unc20_36,GSM9237924,9,LUAD,0.2,Plasmacytoid DCs,Immune,Myeloid,1,1150,0.8655
GSM9237924_unc20_37,GSM9237924,9,LUAD,0.2,SMG duct,Epithelial,Submucosal Gland,1,2655,0.8655
GSM9237924_unc20_38,GSM9237924,9,LUAD,0.2,SMG mucous,Epithelial,Submucosal Gland,8,38675,0.8655
GSM9237924_unc20_39,GSM9237924,9,LUAD,0.2,SMG serous (bronchial),Epithelial,Submucosal Gland,61,487295,0.8655
GSM9237924_unc20_40,GSM9237924,9,LUAD,0.2,SMG serous (nasal),Epithelial,Submucosal Gland,3,24149,0.8655
GSM9237924_unc20_41,GSM9237924,9,LUAD,0.2,Smooth muscle,Stroma,Smooth muscle,10,18076,0.8655
GSM9237924_unc20_42,GSM9237924,9,LUAD,0.2,Suprabasal,Epithelial,Airway epithelium,4,16821,0.8655
GSM9237924_unc20_43,GSM9237924,9,LUAD,0.2,T cells proliferating,Immune,Lymphoid,1,9435,0.8655
GSM9237924_unc20_44,GSM9237924,9,LUAD,0.2,pre-TB secretory,Epithelial,Airway epithelium,14,47040,0.8655
GSM9237924_unc30_0,GSM9237924,9,LUAD,0.3,AT0,Epithelial,Airway epithelium,1,1650,0.8655
GSM9237924_unc30_1,GSM9237924,9,LUAD,0.3,AT1,Epithelial,Alveolar epithelium,204,327022,0.8655
GSM9237924_unc30_2,GSM9237924,9,LUAD,0.3,AT2,Epithelial,Alveolar epithelium,700,2038797,0.8655
GSM9237924_unc30_3,GSM9237924,9,LUAD,0.3,Adventitial fibroblasts,Stroma,Fibroblast lineage,170,360597,0.8655
GSM9237924_unc30_4,GSM9237924,9,LUAD,0.3,Alveolar fibroblasts,Stroma,Fibroblast lineage,269,438660,0.8655
GSM9237924_unc30_5,GSM9237924,9,LUAD,0.3,Alveolar macrophages,Immune,Myeloid,47,361279,0.8655
GSM9237924_unc30_6,GSM9237924,9,LUAD,0.3,B cells,Immune,Lymphoid,78,98169,0.8655
GSM9237924_unc30_7,GSM9237924,9,LUAD,0.3,Basal resting,Epithelial,Airway epithelium,131,327309,0.8655
GSM9237924_unc30_8,GSM9237924,9,LUAD,0.3,CD4 T cells,Immune,Lymphoid,158,196904,0.8655
GSM9237924_unc30_9,GSM9237924,9,LUAD,0.3,CD8 T cells,Immune,Lymphoid,78,96612,0.8655
GSM9237924_unc30_10,GSM9237924,9,LUAD,0.3,Classical monocytes,Immune,Myeloid,21,38772,0.8655
GSM9237924_unc30_11,GSM9237924,9,LUAD,0.3,Club (non-nasal),Epithelial,Airway epithelium,1,3167,0.8655
GSM9237924_unc30_12,GSM9237924,9,LUAD,0.3,Deuterosomal,Epithelial,Airway epithelium,2,9041,0.8655
GSM9237924_unc30_13,GSM9237924,9,LUAD,0.3,EC aerocyte capillary,Endothelial,Blood vessels,39,51896,0.8655
GSM9237924_unc30_14,GSM9237924,9,LUAD,0.3,EC arterial,Endothelial,Blood vessels,33,65608,0.8655
GSM9237924_unc30_15,GSM9237924,9,LUAD,0.3,EC general capillary,Endothelial,Blood vessels,23,30473,0.8655
GSM9237924_unc30_16,GSM9237924,9,LUAD,0.3,EC venous pulmonary,Endothelial,Blood vessels,47,72590,0.8655
GSM9237924_unc30_17,GSM9237924,9,LUAD,0.3,EC venous systemic,Endothelial,Blood vessels,10,15714,0.8655
GSM9237924_unc30_18,GSM9237924,9,LUAD,0.3,Goblet (bronchial),Epithelial,Airway epithelium,8,51582,0.8655
GSM9237924_unc30_19,GSM9237924,9,LUAD,0.3,Goblet (nasal),Epithelial,Airway epithelium,54,785611,0.8655
GSM9237924_unc30_20,GSM9237924,9,LUAD,0.3,Goblet (subsegmental),Epithelial,Airway epithelium,1,3887,0.8655
GSM9237924_unc30_21,GSM9237924,9,LUAD,0.3,Hillock-like,Epithelial,Airway epithelium,1,7878,0.8655
GSM9237924_unc30_22,GSM9237924,9,LUAD,0.3,Interstitial Mph perivascular,Immune,Myeloid,42,73692,0.8655
GSM9237924_unc30_23,GSM9237924,9,LUAD,0.3,Ionocyte,Epithelial,Airway epithelium,1,4125,0.8655
GSM9237924_unc30_24,GSM9237924,9,LUAD,0.3,Lymphatic EC differentiating,Endothelial,Lymphatic EC,20,28120,0.8655
GSM9237924_unc30_25,GSM9237924,9,LUAD,0.3,Lymphatic EC mature,Endothelial,Lymphatic EC,1,1212,0.8655
GSM9237924_unc30_26,GSM9237924,9,LUAD,0.3,Mast cells,Immune,Myeloid,16,21443,0.8655
GSM9237924_unc30_27,GSM9237924,9,LUAD,0.3,Migratory DCs,Immune,Myeloid,6,13977,0.8655
GSM9237924_unc30_28,GSM9237924,9,LUAD,0.3,Monocyte-derived Mph,Immune,Myeloid,51,191640,0.8655
GSM9237924_unc30_29,GSM9237924,9,LUAD,0.3,Multiciliated (non-nasal),Epithelial,Airway epithelium,339,2293473,0.8655
GSM9237924_unc30_30,GSM9237924,9,LUAD,0.3,Myofibroblasts,Stroma,Fibroblast lineage,10,13449,0.8655
GSM9237924_unc30_31,GSM9237924,9,LUAD,0.3,NK cells,Immune,Lymphoid,18,23316,0.8655
GSM9237924_unc30_32,GSM9237924,9,LUAD,0.3,Neuroendocrine,Epithelial,Airway epithelium,2,5940,0.8655
GSM9237924_unc30_33,GSM9237924,9,LUAD,0.3,Non-classical monocytes,Immune,Myeloid,18,49214,0.8655
GSM9237924_unc30_34,GSM9237924,9,LUAD,0.3,Peribronchial fibroblasts,Stroma,Fibroblast lineage,12,24073,0.8655
GSM9237924_unc30_35,GSM9237924,9,LUAD,0.3,Pericytes,Stroma,Fibroblast lineage,22,76980,0.8655
GSM9237924_unc30_36,GSM9237924,9,LUAD,0.3,Plasma cells,Immune,Lymphoid,183,801974,0.8655
GSM9237924_unc30_37,GSM9237924,9,LUAD,0.3,Plasmacytoid DCs,Immune,Myeloid,1,1150,0.8655
GSM9237924_unc30_38,GSM9237924,9,LUAD,0.3,SM activated stress response,Stroma,Smooth muscle,2,3091,0.8655
GSM9237924_unc30_39,GSM9237924,9,LUAD,0.3,SMG duct,Epithelial,Submucosal Gland,3,5617,0.8655
GSM9237924_unc30_40,GSM9237924,9,LUAD,0.3,SMG mucous,Epithelial,Submucosal Gland,10,41508,0.8655
GSM9237924_unc30_41,GSM9237924,9,LUAD,0.3,SMG serous (bronchial),Epithelial,Submucosal Gland,66,499002,0.8655
GSM9237924_unc30_42,GSM9237924,9,LUAD,0.3,SMG serous (nasal),Epithelial,Submucosal Gland,3,24149,0.8655
GSM9237924_unc30_43,GSM9237924,9,LUAD,0.3,Smooth muscle,Stroma,Smooth muscle,20,39482,0.8655
GSM9237924_unc30_44,GSM9237924,9,LUAD,0.3,Suprabasal,Epithelial,Airway epithelium,10,50613,0.8655
GSM9237924_unc30_45,GSM9237924,9,LUAD,0.3,T cells proliferating,Immune,Lymphoid,1,9435,0.8655
GSM9237924_unc30_46,GSM9237924,9,LUAD,0.3,pre-TB secretory,Epithelial,Airway epithelium,16,51454,0.8655
GSM9237925_unc20_0,GSM9237925,10,normal,0.2,AT1,Epithelial,Alveolar epithelium,141,268286,0.8655
GSM9237925_unc20_1,GSM9237925,10,normal,0.2,AT2,Epithelial,Alveolar epithelium,176,410176,0.8655
GSM9237925_unc20_2,GSM9237925,10,normal,0.2,Adventitial fibroblasts,Stroma,Fibroblast lineage,2,6406,0.8655
GSM9237925_unc20_3,GSM9237925,10,normal,0.2,Alveolar fibroblasts,Stroma,Fibroblast lineage,100,189621,0.8655
GSM9237925_unc20_4,GSM9237925,10,normal,0.2,Alveolar macrophages,Immune,Myeloid,5,34479,0.8655
GSM9237925_unc20_5,GSM9237925,10,normal,0.2,Basal resting,Epithelial,Airway epithelium,10,17670,0.8655
GSM9237925_unc20_6,GSM9237925,10,normal,0.2,CD4 T cells,Immune,Lymphoid,8,14516,0.8655
GSM9237925_unc20_7,GSM9237925,10,normal,0.2,Classical monocytes,Immune,Myeloid,5,8234,0.8655
GSM9237925_unc20_8,GSM9237925,10,normal,0.2,EC aerocyte capillary,Endothelial,Blood vessels,30,40069,0.8655
GSM9237925_unc20_9,GSM9237925,10,normal,0.2,EC arterial,Endothelial,Blood vessels,5,6215,0.8655
GSM9237925_unc20_10,GSM9237925,10,normal,0.2,EC general capillary,Endothelial,Blood vessels,2,2922,0.8655
GSM9237925_unc20_11,GSM9237925,10,normal,0.2,EC venous pulmonary,Endothelial,Blood vessels,5,7019,0.8655
GSM9237925_unc20_12,GSM9237925,10,normal,0.2,EC venous systemic,Endothelial,Blood vessels,3,3803,0.8655
GSM9237925_unc20_13,GSM9237925,10,normal,0.2,Goblet (nasal),Epithelial,Airway epithelium,2,10149,0.8655
GSM9237925_unc20_14,GSM9237925,10,normal,0.2,Interstitial Mph perivascular,Immune,Myeloid,1,1452,0.8655
GSM9237925_unc20_15,GSM9237925,10,normal,0.2,Lymphatic EC differentiating,Endothelial,Lymphatic EC,6,8610,0.8655
GSM9237925_unc20_16,GSM9237925,10,normal,0.2,Mast cells,Immune,Myeloid,8,10279,0.8655
GSM9237925_unc20_17,GSM9237925,10,normal,0.2,Migratory DCs,Immune,Myeloid,1,1705,0.8655
GSM9237925_unc20_18,GSM9237925,10,normal,0.2,Monocyte-derived Mph,Immune,Myeloid,18,81549,0.8655
GSM9237925_unc20_19,GSM9237925,10,normal,0.2,Multiciliated (non-nasal),Epithelial,Airway epithelium,89,410689,0.8655
GSM9237925_unc20_20,GSM9237925,10,normal,0.2,Non-classical monocytes,Immune,Myeloid,4,6533,0.8655
GSM9237925_unc20_21,GSM9237925,10,normal,0.2,Pericytes,Stroma,Fibroblast lineage,11,16138,0.8655
GSM9237925_unc20_22,GSM9237925,10,normal,0.2,Plasma cells,Immune,Lymphoid,17,59580,0.8655
GSM9237925_unc20_23,GSM9237925,10,normal,0.2,Plasmacytoid DCs,Immune,Myeloid,3,5060,0.8655
GSM9237925_unc20_24,GSM9237925,10,normal,0.2,SM activated stress response,Stroma,Smooth muscle,2,3072,0.8655
GSM9237925_unc20_25,GSM9237925,10,normal,0.2,pre-TB secretory,Epithelial,Airway epithelium,24,52076,0.8655
GSM9237925_unc30_0,GSM9237925,10,normal,0.3,AT0,Epithelial,Airway epithelium,1,2440,0.8655
GSM9237925_unc30_1,GSM9237925,10,normal,0.3,AT1,Epithelial,Alveolar epithelium,151,287256,0.8655
GSM9237925_unc30_2,GSM9237925,10,normal,0.3,AT2,Epithelial,Alveolar epithelium,182,418471,0.8655
GSM9237925_unc30_3,GSM9237925,10,normal,0.3,Adventitial fibroblasts,Stroma,Fibroblast lineage,3,7628,0.8655
GSM9237925_unc30_4,GSM9237925,10,normal,0.3,Alveolar fibroblasts,Stroma,Fibroblast lineage,113,222734,0.8655
GSM9237925_unc30_5,GSM9237925,10,normal,0.3,Alveolar macrophages,Immune,Myeloid,12,65976,0.8655
GSM9237925_unc30_6,GSM9237925,10,normal,0.3,Basal resting,Epithelial,Airway epithelium,17,33793,0.8655
GSM9237925_unc30_7,GSM9237925,10,normal,0.3,CD4 T cells,Immune,Lymphoid,10,16676,0.8655
GSM9237925_unc30_8,GSM9237925,10,normal,0.3,CD8 T cells,Immune,Lymphoid,1,1048,0.8655
GSM9237925_unc30_9,GSM9237925,10,normal,0.3,Classical monocytes,Immune,Myeloid,8,12650,0.8655
GSM9237925_unc30_10,GSM9237925,10,normal,0.3,EC aerocyte capillary,Endothelial,Blood vessels,34,48333,0.8655
GSM9237925_unc30_11,GSM9237925,10,normal,0.3,EC arterial,Endothelial,Blood vessels,5,6215,0.8655
GSM9237925_unc30_12,GSM9237925,10,normal,0.3,EC general capillary,Endothelial,Blood vessels,5,7389,0.8655
GSM9237925_unc30_13,GSM9237925,10,normal,0.3,EC venous pulmonary,Endothelial,Blood vessels,5,7019,0.8655
GSM9237925_unc30_14,GSM9237925,10,normal,0.3,EC venous systemic,Endothelial,Blood vessels,5,11246,0.8655
GSM9237925_unc30_15,GSM9237925,10,normal,0.3,Goblet (nasal),Epithelial,Airway epithelium,2,10149,0.8655
GSM9237925_unc30_16,GSM9237925,10,normal,0.3,Interstitial Mph perivascular,Immune,Myeloid,1,1452,0.8655
GSM9237925_unc30_17,GSM9237925,10,normal,0.3,Lymphatic EC differentiating,Endothelial,Lymphatic EC,6,8610,0.8655
GSM9237925_unc30_18,GSM9237925,10,normal,0.3,Mast cells,Immune,Myeloid,10,12707,0.8655
GSM9237925_unc30_19,GSM9237925,10,normal,0.3,Migratory DCs,Immune,Myeloid,1,1705,0.8655
GSM9237925_unc30_20,GSM9237925,10,normal,0.3,Monocyte-derived Mph,Immune,Myeloid,32,158075,0.8655
GSM9237925_unc30_21,GSM9237925,10,normal,0.3,Multiciliated (non-nasal),Epithelial,Airway epithelium,97,439837,0.8655
GSM9237925_unc30_22,GSM9237925,10,normal,0.3,Myofibroblasts,Stroma,Fibroblast lineage,1,1213,0.8655
GSM9237925_unc30_23,GSM9237925,10,normal,0.3,NK cells,Immune,Lymphoid,1,1513,0.8655
GSM9237925_unc30_24,GSM9237925,10,normal,0.3,Non-classical monocytes,Immune,Myeloid,5,7573,0.8655
GSM9237925_unc30_25,GSM9237925,10,normal,0.3,Pericytes,Stroma,Fibroblast lineage,11,16138,0.8655
GSM9237925_unc30_26,GSM9237925,10,normal,0.3,Plasma cells,Immune,Lymphoid,20,65431,0.8655
GSM9237925_unc30_27,GSM9237925,10,normal,0.3,Plasmacytoid DCs,Immune,Myeloid,3,5060,0.8655
GSM9237925_unc30_28,GSM9237925,10,normal,0.3,SM activated stress response,Stroma,Smooth muscle,2,3072,0.8655
GSM9237925_unc30_29,GSM9237925,10,normal,0.3,Smooth muscle,Stroma,Smooth muscle,1,1067,0.8655
GSM9237925_unc30_30,GSM9237925,10,normal,0.3,Suprabasal,Epithelial,Airway epithelium,1,1583,0.8655
GSM9237925_unc30_31,GSM9237925,10,normal,0.3,pre-TB secretory,Epithelial,Airway epithelium,42,99869,0.8655
GSM9237926_unc20_0,GSM9237926,10,MIA,0.2,AT0,Epithelial,Airway epithelium,2,8080,0.8655
GSM9237926_unc20_1,GSM9237926,10,MIA,0.2,AT1,Epithelial,Alveolar epithelium,257,553988,0.8655
GSM9237926_unc20_2,GSM9237926,10,MIA,0.2,AT2,Epithelial,Alveolar epithelium,450,2033686,0.8655
GSM9237926_unc20_3,GSM9237926,10,MIA,0.2,AT2 proliferating,Epithelial,Alveolar epithelium,1,5398,0.8655
GSM9237926_unc20_4,GSM9237926,10,MIA,0.2,Adventitial fibroblasts,Stroma,Fibroblast lineage,1,1456,0.8655
GSM9237926_unc20_5,GSM9237926,10,MIA,0.2,Alveolar fibroblasts,Stroma,Fibroblast lineage,279,453193,0.8655
GSM9237926_unc20_6,GSM9237926,10,MIA,0.2,Alveolar macrophages,Immune,Myeloid,27,181841,0.8655
GSM9237926_unc20_7,GSM9237926,10,MIA,0.2,B cells,Immune,Lymphoid,12,21763,0.8655
GSM9237926_unc20_8,GSM9237926,10,MIA,0.2,Basal resting,Epithelial,Airway epithelium,15,23738,0.8655
GSM9237926_unc20_9,GSM9237926,10,MIA,0.2,CD4 T cells,Immune,Lymphoid,30,38835,0.8655
GSM9237926_unc20_10,GSM9237926,10,MIA,0.2,CD8 T cells,Immune,Lymphoid,13,17456,0.8655
GSM9237926_unc20_11,GSM9237926,10,MIA,0.2,Classical monocytes,Immune,Myeloid,23,46859,0.8655
GSM9237926_unc20_12,GSM9237926,10,MIA,0.2,DC2,Immune,Myeloid,1,1451,0.8655
GSM9237926_unc20_13,GSM9237926,10,MIA,0.2,EC aerocyte capillary,Endothelial,Blood vessels,58,94070,0.8655
GSM9237926_unc20_14,GSM9237926,10,MIA,0.2,EC arterial,Endothelial,Blood vessels,20,30661,0.8655
GSM9237926_unc20_15,GSM9237926,10,MIA,0.2,EC general capillary,Endothelial,Blood vessels,13,15296,0.8655
GSM9237926_unc20_16,GSM9237926,10,MIA,0.2,EC venous pulmonary,Endothelial,Blood vessels,5,8235,0.8655
GSM9237926_unc20_17,GSM9237926,10,MIA,0.2,EC venous systemic,Endothelial,Blood vessels,6,11267,0.8655
GSM9237926_unc20_18,GSM9237926,10,MIA,0.2,Goblet (nasal),Epithelial,Airway epithelium,1,1273,0.8655
GSM9237926_unc20_19,GSM9237926,10,MIA,0.2,Interstitial Mph perivascular,Immune,Myeloid,7,11901,0.8655
GSM9237926_unc20_20,GSM9237926,10,MIA,0.2,Lymphatic EC differentiating,Endothelial,Lymphatic EC,6,7071,0.8655
GSM9237926_unc20_21,GSM9237926,10,MIA,0.2,Mast cells,Immune,Myeloid,22,34744,0.8655
GSM9237926_unc20_22,GSM9237926,10,MIA,0.2,Migratory DCs,Immune,Myeloid,3,5049,0.8655
GSM9237926_unc20_23,GSM9237926,10,MIA,0.2,Monocyte-derived Mph,Immune,Myeloid,4,7675,0.8655
GSM9237926_unc20_24,GSM9237926,10,MIA,0.2,Multiciliated (non-nasal),Epithelial,Airway epithelium,82,468008,0.8655
GSM9237926_unc20_25,GSM9237926,10,MIA,0.2,Myofibroblasts,Stroma,Fibroblast lineage,3,3836,0.8655
GSM9237926_unc20_26,GSM9237926,10,MIA,0.2,NK cells,Immune,Lymphoid,7,12001,0.8655
GSM9237926_unc20_27,GSM9237926,10,MIA,0.2,Non-classical monocytes,Immune,Myeloid,29,55758,0.8655
GSM9237926_unc20_28,GSM9237926,10,MIA,0.2,Peribronchial fibroblasts,Stroma,Fibroblast lineage,1,3402,0.8655
GSM9237926_unc20_29,GSM9237926,10,MIA,0.2,Pericytes,Stroma,Fibroblast lineage,23,33921,0.8655
GSM9237926_unc20_30,GSM9237926,10,MIA,0.2,Plasma cells,Immune,Lymphoid,145,655503,0.8655
GSM9237926_unc20_31,GSM9237926,10,MIA,0.2,Plasmacytoid DCs,Immune,Myeloid,6,10459,0.8655
GSM9237926_unc20_32,GSM9237926,10,MIA,0.2,Smooth muscle,Stroma,Smooth muscle,5,9511,0.8655
GSM9237926_unc20_33,GSM9237926,10,MIA,0.2,Suprabasal,Epithelial,Airway epithelium,2,19149,0.8655
GSM9237926_unc20_34,GSM9237926,10,MIA,0.2,pre-TB secretory,Epithelial,Airway epithelium,20,52818,0.8655
GSM9237926_unc30_0,GSM9237926,10,MIA,0.3,AT0,Epithelial,Airway epithelium,3,9236,0.8655
GSM9237926_unc30_1,GSM9237926,10,MIA,0.3,AT1,Epithelial,Alveolar epithelium,267,573387,0.8655
GSM9237926_unc30_2,GSM9237926,10,MIA,0.3,AT2,Epithelial,Alveolar epithelium,479,2209732,0.8655
GSM9237926_unc30_3,GSM9237926,10,MIA,0.3,AT2 proliferating,Epithelial,Alveolar epithelium,1,5398,0.8655
GSM9237926_unc30_4,GSM9237926,10,MIA,0.3,Adventitial fibroblasts,Stroma,Fibroblast lineage,2,5791,0.8655
GSM9237926_unc30_5,GSM9237926,10,MIA,0.3,Alveolar fibroblasts,Stroma,Fibroblast lineage,305,502892,0.8655
GSM9237926_unc30_6,GSM9237926,10,MIA,0.3,Alveolar macrophages,Immune,Myeloid,39,262318,0.8655
GSM9237926_unc30_7,GSM9237926,10,MIA,0.3,B cells,Immune,Lymphoid,12,21763,0.8655
GSM9237926_unc30_8,GSM9237926,10,MIA,0.3,Basal resting,Epithelial,Airway epithelium,18,31770,0.8655
GSM9237926_unc30_9,GSM9237926,10,MIA,0.3,CD4 T cells,Immune,Lymphoid,36,45664,0.8655
GSM9237926_unc30_10,GSM9237926,10,MIA,0.3,CD8 T cells,Immune,Lymphoid,16,20866,0.8655
GSM9237926_unc30_11,GSM9237926,10,MIA,0.3,Classical monocytes,Immune,Myeloid,24,48520,0.8655
GSM9237926_unc30_12,GSM9237926,10,MIA,0.3,DC2,Immune,Myeloid,4,10963,0.8655
GSM9237926_unc30_13,GSM9237926,10,MIA,0.3,EC aerocyte capillary,Endothelial,Blood vessels,60,96378,0.8655
GSM9237926_unc30_14,GSM9237926,10,MIA,0.3,EC arterial,Endothelial,Blood vessels,20,30661,0.8655
GSM9237926_unc30_15,GSM9237926,10,MIA,0.3,EC general capillary,Endothelial,Blood vessels,16,19986,0.8655
GSM9237926_unc30_16,GSM9237926,10,MIA,0.3,EC venous pulmonary,Endothelial,Blood vessels,6,10873,0.8655
GSM9237926_unc30_17,GSM9237926,10,MIA,0.3,EC venous systemic,Endothelial,Blood vessels,11,19241,0.8655
GSM9237926_unc30_18,GSM9237926,10,MIA,0.3,Goblet (nasal),Epithelial,Airway epithelium,1,1273,0.8655
GSM9237926_unc30_19,GSM9237926,10,MIA,0.3,Interstitial Mph perivascular,Immune,Myeloid,12,19243,0.8655
GSM9237926_unc30_20,GSM9237926,10,MIA,0.3,Lymphatic EC differentiating,Endothelial,Lymphatic EC,7,8906,0.8655
GSM9237926_unc30_21,GSM9237926,10,MIA,0.3,Mast cells,Immune,Myeloid,23,37234,0.8655
GSM9237926_unc30_22,GSM9237926,10,MIA,0.3,Migratory DCs,Immune,Myeloid,4,6393,0.8655
GSM9237926_unc30_23,GSM9237926,10,MIA,0.3,Monocyte-derived Mph,Immune,Myeloid,13,53448,0.8655
GSM9237926_unc30_24,GSM9237926,10,MIA,0.3,Multiciliated (non-nasal),Epithelial,Airway epithelium,86,474094,0.8655
GSM9237926_unc30_25,GSM9237926,10,MIA,0.3,Myofibroblasts,Stroma,Fibroblast lineage,6,7683,0.8655
GSM9237926_unc30_26,GSM9237926,10,MIA,0.3,NK cells,Immune,Lymphoid,11,19771,0.8655
GSM9237926_unc30_27,GSM9237926,10,MIA,0.3,Non-classical monocytes,Immune,Myeloid,30,57745,0.8655
GSM9237926_unc30_28,GSM9237926,10,MIA,0.3,Peribronchial fibroblasts,Stroma,Fibroblast lineage,2,6351,0.8655
GSM9237926_unc30_29,GSM9237926,10,MIA,0.3,Pericytes,Stroma,Fibroblast lineage,25,39908,0.8655
GSM9237926_unc30_30,GSM9237926,10,MIA,0.3,Plasma cells,Immune,Lymphoid,150,670538,0.8655
GSM9237926_unc30_31,GSM9237926,10,MIA,0.3,Plasmacytoid DCs,Immune,Myeloid,6,10459,0.8655
GSM9237926_unc30_32,GSM9237926,10,MIA,0.3,SM activated stress response,Stroma,Smooth muscle,1,1298,0.8655
GSM9237926_unc30_33,GSM9237926,10,MIA,0.3,Smooth muscle,Stroma,Smooth muscle,6,10676,0.8655
GSM9237926_unc30_34,GSM9237926,10,MIA,0.3,Suprabasal,Epithelial,Airway epithelium,2,19149,0.8655
GSM9237926_unc30_35,GSM9237926,10,MIA,0.3,T cells proliferating,Immune,Lymphoid,1,1426,0.8655
GSM9237926_unc30_36,GSM9237926,10,MIA,0.3,pre-TB secretory,Epithelial,Airway epithelium,34,104798,0.8655
GSM9237927_unc20_0,GSM9237927,10,LUAD,0.2,AT0,Epithelial,Airway epithelium,6,22413,0.8655
GSM9237927_unc20_1,GSM9237927,10,LUAD,0.2,AT1,Epithelial,Alveolar epithelium,498,1290382,0.8655
GSM9237927_unc20_2,GSM9237927,10,LUAD,0.2,AT2,Epithelial,Alveolar epithelium,774,2818939,0.8655
GSM9237927_unc20_3,GSM9237927,10,LUAD,0.2,AT2 proliferating,Epithelial,Alveolar epithelium,7,276945,0.8655
GSM9237927_unc20_4,GSM9237927,10,LUAD,0.2,Adventitial fibroblasts,Stroma,Fibroblast lineage,23,59739,0.8655
GSM9237927_unc20_5,GSM9237927,10,LUAD,0.2,Alveolar fibroblasts,Stroma,Fibroblast lineage,514,1228852,0.8655
GSM9237927_unc20_6,GSM9237927,10,LUAD,0.2,Alveolar macrophages,Immune,Myeloid,138,1590772,0.8655
GSM9237927_unc20_7,GSM9237927,10,LUAD,0.2,B cells,Immune,Lymphoid,654,961429,0.8655
GSM9237927_unc20_8,GSM9237927,10,LUAD,0.2,Basal resting,Epithelial,Airway epithelium,40,86281,0.8655
GSM9237927_unc20_9,GSM9237927,10,LUAD,0.2,CD4 T cells,Immune,Lymphoid,826,1345780,0.8655
GSM9237927_unc20_10,GSM9237927,10,LUAD,0.2,CD8 T cells,Immune,Lymphoid,807,1166362,0.8655
GSM9237927_unc20_11,GSM9237927,10,LUAD,0.2,Classical monocytes,Immune,Myeloid,23,66124,0.8655
GSM9237927_unc20_12,GSM9237927,10,LUAD,0.2,Deuterosomal,Epithelial,Airway epithelium,1,1321,0.8655
GSM9237927_unc20_13,GSM9237927,10,LUAD,0.2,EC aerocyte capillary,Endothelial,Blood vessels,117,185444,0.8655
GSM9237927_unc20_14,GSM9237927,10,LUAD,0.2,EC arterial,Endothelial,Blood vessels,58,131846,0.8655
GSM9237927_unc20_15,GSM9237927,10,LUAD,0.2,EC general capillary,Endothelial,Blood vessels,20,25745,0.8655
GSM9237927_unc20_16,GSM9237927,10,LUAD,0.2,EC venous pulmonary,Endothelial,Blood vessels,54,108986,0.8655
GSM9237927_unc20_17,GSM9237927,10,LUAD,0.2,EC venous systemic,Endothelial,Blood vessels,12,33711,0.8655
GSM9237927_unc20_18,GSM9237927,10,LUAD,0.2,Goblet (nasal),Epithelial,Airway epithelium,270,4424920,0.8655
GSM9237927_unc20_19,GSM9237927,10,LUAD,0.2,Interstitial Mph perivascular,Immune,Myeloid,34,66071,0.8655
GSM9237927_unc20_20,GSM9237927,10,LUAD,0.2,Ionocyte,Epithelial,Airway epithelium,1,2642,0.8655
GSM9237927_unc20_21,GSM9237927,10,LUAD,0.2,Lymphatic EC differentiating,Endothelial,Lymphatic EC,28,54113,0.8655
GSM9237927_unc20_22,GSM9237927,10,LUAD,0.2,Lymphatic EC mature,Endothelial,Lymphatic EC,4,5605,0.8655
GSM9237927_unc20_23,GSM9237927,10,LUAD,0.2,Mast cells,Immune,Myeloid,113,188869,0.8655
GSM9237927_unc20_24,GSM9237927,10,LUAD,0.2,Migratory DCs,Immune,Myeloid,24,87288,0.8655
GSM9237927_unc20_25,GSM9237927,10,LUAD,0.2,Monocyte-derived Mph,Immune,Myeloid,19,132155,0.8655
GSM9237927_unc20_26,GSM9237927,10,LUAD,0.2,Multiciliated (nasal),Epithelial,Airway epithelium,1,1352,0.8655
GSM9237927_unc20_27,GSM9237927,10,LUAD,0.2,Multiciliated (non-nasal),Epithelial,Airway epithelium,340,2911352,0.8655
GSM9237927_unc20_28,GSM9237927,10,LUAD,0.2,Myofibroblasts,Stroma,Fibroblast lineage,5,6532,0.8655
GSM9237927_unc20_29,GSM9237927,10,LUAD,0.2,NK cells,Immune,Lymphoid,38,54755,0.8655
GSM9237927_unc20_30,GSM9237927,10,LUAD,0.2,Neuroendocrine,Epithelial,Airway epithelium,2,2785,0.8655
GSM9237927_unc20_31,GSM9237927,10,LUAD,0.2,Non-classical monocytes,Immune,Myeloid,14,27911,0.8655
GSM9237927_unc20_32,GSM9237927,10,LUAD,0.2,Peribronchial fibroblasts,Stroma,Fibroblast lineage,91,306013,0.8655
GSM9237927_unc20_33,GSM9237927,10,LUAD,0.2,Pericytes,Stroma,Fibroblast lineage,126,598906,0.8655
GSM9237927_unc20_34,GSM9237927,10,LUAD,0.2,Plasma cells,Immune,Lymphoid,1561,11776321,0.8655
GSM9237927_unc20_35,GSM9237927,10,LUAD,0.2,Plasmacytoid DCs,Immune,Myeloid,44,135332,0.8655
GSM9237927_unc20_36,GSM9237927,10,LUAD,0.2,SMG serous (bronchial),Epithelial,Submucosal Gland,1,1035,0.8655
GSM9237927_unc20_37,GSM9237927,10,LUAD,0.2,Smooth muscle,Stroma,Smooth muscle,18,36205,0.8655
GSM9237927_unc20_38,GSM9237927,10,LUAD,0.2,Suprabasal,Epithelial,Airway epithelium,3,8438,0.8655
GSM9237927_unc20_39,GSM9237927,10,LUAD,0.2,T cells proliferating,Immune,Lymphoid,20,111027,0.8655
GSM9237927_unc20_40,GSM9237927,10,LUAD,0.2,pre-TB secretory,Epithelial,Airway epithelium,14,37925,0.8655
GSM9237927_unc30_0,GSM9237927,10,LUAD,0.3,AT0,Epithelial,Airway epithelium,15,52854,0.8655
GSM9237927_unc30_1,GSM9237927,10,LUAD,0.3,AT1,Epithelial,Alveolar epithelium,534,1468256,0.8655
GSM9237927_unc30_2,GSM9237927,10,LUAD,0.3,AT2,Epithelial,Alveolar epithelium,871,3278689,0.8655
GSM9237927_unc30_3,GSM9237927,10,LUAD,0.3,AT2 proliferating,Epithelial,Alveolar epithelium,10,337420,0.8655
GSM9237927_unc30_4,GSM9237927,10,LUAD,0.3,Adventitial fibroblasts,Stroma,Fibroblast lineage,35,95919,0.8655
GSM9237927_unc30_5,GSM9237927,10,LUAD,0.3,Alveolar Mph proliferating,Immune,Myeloid,1,5657,0.8655
GSM9237927_unc30_6,GSM9237927,10,LUAD,0.3,Alveolar fibroblasts,Stroma,Fibroblast lineage,603,1552983,0.8655
GSM9237927_unc30_7,GSM9237927,10,LUAD,0.3,Alveolar macrophages,Immune,Myeloid,203,2356004,0.8655
GSM9237927_unc30_8,GSM9237927,10,LUAD,0.3,B cells,Immune,Lymphoid,684,1045717,0.8655
GSM9237927_unc30_9,GSM9237927,10,LUAD,0.3,Basal resting,Epithelial,Airway epithelium,57,127215,0.8655
GSM9237927_unc30_10,GSM9237927,10,LUAD,0.3,CD4 T cells,Immune,Lymphoid,1033,1693266,0.8655
GSM9237927_unc30_11,GSM9237927,10,LUAD,0.3,CD8 T cells,Immune,Lymphoid,1013,1499600,0.8655
GSM9237927_unc30_12,GSM9237927,10,LUAD,0.3,Classical monocytes,Immune,Myeloid,31,86875,0.8655
GSM9237927_unc30_13,GSM9237927,10,LUAD,0.3,Club (nasal),Epithelial,Airway epithelium,2,14780,0.8655
GSM9237927_unc30_14,GSM9237927,10,LUAD,0.3,Deuterosomal,Epithelial,Airway epithelium,1,1321,0.8655
GSM9237927_unc30_15,GSM9237927,10,LUAD,0.3,EC aerocyte capillary,Endothelial,Blood vessels,126,208115,0.8655
GSM9237927_unc30_16,GSM9237927,10,LUAD,0.3,EC arterial,Endothelial,Blood vessels,66,147595,0.8655
GSM9237927_unc30_17,GSM9237927,10,LUAD,0.3,EC general capillary,Endothelial,Blood vessels,38,54541,0.8655
GSM9237927_unc30_18,GSM9237927,10,LUAD,0.3,EC venous pulmonary,Endothelial,Blood vessels,60,121373,0.8655
GSM9237927_unc30_19,GSM9237927,10,LUAD,0.3,EC venous systemic,Endothelial,Blood vessels,34,103473,0.8655
GSM9237927_unc30_20,GSM9237927,10,LUAD,0.3,Goblet (nasal),Epithelial,Airway epithelium,426,6727560,0.8655
GSM9237927_unc30_21,GSM9237927,10,LUAD,0.3,Goblet (subsegmental),Epithelial,Airway epithelium,2,4221,0.8655
GSM9237927_unc30_22,GSM9237927,10,LUAD,0.3,Interstitial Mph perivascular,Immune,Myeloid,64,125218,0.8655
GSM9237927_unc30_23,GSM9237927,10,LUAD,0.3,Ionocyte,Epithelial,Airway epithelium,5,50661,0.8655
GSM9237927_unc30_24,GSM9237927,10,LUAD,0.3,Lymphatic EC differentiating,Endothelial,Lymphatic EC,33,64231,0.8655
GSM9237927_unc30_25,GSM9237927,10,LUAD,0.3,Lymphatic EC mature,Endothelial,Lymphatic EC,7,9933,0.8655
GSM9237927_unc30_26,GSM9237927,10,LUAD,0.3,Mast cells,Immune,Myeloid,117,195523,0.8655
GSM9237927_unc30_27,GSM9237927,10,LUAD,0.3,Migratory DCs,Immune,Myeloid,30,104226,0.8655
GSM9237927_unc30_28,GSM9237927,10,LUAD,0.3,Monocyte-derived Mph,Immune,Myeloid,54,280864,0.8655
GSM9237927_unc30_29,GSM9237927,10,LUAD,0.3,Multiciliated (nasal),Epithelial,Airway epithelium,1,1352,0.8655
GSM9237927_unc30_30,GSM9237927,10,LUAD,0.3,Multiciliated (non-nasal),Epithelial,Airway epithelium,362,3294984,0.8655
GSM9237927_unc30_31,GSM9237927,10,LUAD,0.3,Myofibroblasts,Stroma,Fibroblast lineage,9,12270,0.8655
GSM9237927_unc30_32,GSM9237927,10,LUAD,0.3,NK cells,Immune,Lymphoid,58,89309,0.8655
GSM9237927_unc30_33,GSM9237927,10,LUAD,0.3,Neuroendocrine,Epithelial,Airway epithelium,2,2785,0.8655
GSM9237927_unc30_34,GSM9237927,10,LUAD,0.3,Non-classical monocytes,Immune,Myeloid,17,35537,0.8655
GSM9237927_unc30_35,GSM9237927,10,LUAD,0.3,Peribronchial fibroblasts,Stroma,Fibroblast lineage,193,612189,0.8655
GSM9237927_unc30_36,GSM9237927,10,LUAD,0.3,Pericytes,Stroma,Fibroblast lineage,146,772718,0.8655
GSM9237927_unc30_37,GSM9237927,10,LUAD,0.3,Plasma cells,Immune,Lymphoid,1595,11955693,0.8655
GSM9237927_unc30_38,GSM9237927,10,LUAD,0.3,Plasmacytoid DCs,Immune,Myeloid,46,138806,0.8655
GSM9237927_unc30_39,GSM9237927,10,LUAD,0.3,SMG serous (bronchial),Epithelial,Submucosal Gland,1,1035,0.8655
GSM9237927_unc30_40,GSM9237927,10,LUAD,0.3,Smooth muscle,Stroma,Smooth muscle,28,53088,0.8655
GSM9237927_unc30_41,GSM9237927,10,LUAD,0.3,Suprabasal,Epithelial,Airway epithelium,12,43370,0.8655
GSM9237927_unc30_42,GSM9237927,10,LUAD,0.3,T cells proliferating,Immune,Lymphoid,30,156257,0.8655
GSM9237927_unc30_43,GSM9237927,10,LUAD,0.3,Tuft,Epithelial,Airway epithelium,1,2038,0.8655
GSM9237927_unc30_44,GSM9237927,10,LUAD,0.3,pre-TB secretory,Epithelial,Airway epithelium,33,104247,0.8655
GSM9237928_unc20_0,GSM9237928,11,normal,0.2,AT1,Epithelial,Alveolar epithelium,129,221818,0.8655
GSM9237928_unc20_1,GSM9237928,11,normal,0.2,AT2,Epithelial,Alveolar epithelium,143,425377,0.8655
GSM9237928_unc20_2,GSM9237928,11,normal,0.2,AT2 proliferating,Epithelial,Alveolar epithelium,1,2076,0.8655
GSM9237928_unc20_3,GSM9237928,11,normal,0.2,Adventitial fibroblasts,Stroma,Fibroblast lineage,20,29674,0.8655
GSM9237928_unc20_4,GSM9237928,11,normal,0.2,Alveolar fibroblasts,Stroma,Fibroblast lineage,121,185480,0.8655
GSM9237928_unc20_5,GSM9237928,11,normal,0.2,Alveolar macrophages,Immune,Myeloid,17,85851,0.8655
GSM9237928_unc20_6,GSM9237928,11,normal,0.2,B cells,Immune,Lymphoid,1,1042,0.8655
GSM9237928_unc20_7,GSM9237928,11,normal,0.2,Basal resting,Epithelial,Airway epithelium,14,17983,0.8655
GSM9237928_unc20_8,GSM9237928,11,normal,0.2,CD4 T cells,Immune,Lymphoid,8,9777,0.8655
GSM9237928_unc20_9,GSM9237928,11,normal,0.2,CD8 T cells,Immune,Lymphoid,14,19443,0.8655
GSM9237928_unc20_10,GSM9237928,11,normal,0.2,Classical monocytes,Immune,Myeloid,6,11272,0.8655
GSM9237928_unc20_11,GSM9237928,11,normal,0.2,EC aerocyte capillary,Endothelial,Blood vessels,19,27315,0.8655
GSM9237928_unc20_12,GSM9237928,11,normal,0.2,EC arterial,Endothelial,Blood vessels,6,8832,0.8655
GSM9237928_unc20_13,GSM9237928,11,normal,0.2,EC general capillary,Endothelial,Blood vessels,17,27424,0.8655
GSM9237928_unc20_14,GSM9237928,11,normal,0.2,EC venous pulmonary,Endothelial,Blood vessels,7,9958,0.8655
GSM9237928_unc20_15,GSM9237928,11,normal,0.2,Goblet (bronchial),Epithelial,Airway epithelium,1,7372,0.8655
GSM9237928_unc20_16,GSM9237928,11,normal,0.2,Interstitial Mph perivascular,Immune,Myeloid,5,6781,0.8655
GSM9237928_unc20_17,GSM9237928,11,normal,0.2,Ionocyte,Epithelial,Airway epithelium,1,1088,0.8655
GSM9237928_unc20_18,GSM9237928,11,normal,0.2,Lymphatic EC differentiating,Endothelial,Lymphatic EC,5,6798,0.8655
GSM9237928_unc20_19,GSM9237928,11,normal,0.2,Mast cells,Immune,Myeloid,6,8262,0.8655
GSM9237928_unc20_20,GSM9237928,11,normal,0.2,Monocyte-derived Mph,Immune,Myeloid,3,7855,0.8655
GSM9237928_unc20_21,GSM9237928,11,normal,0.2,Multiciliated (non-nasal),Epithelial,Airway epithelium,108,351406,0.8655
GSM9237928_unc20_22,GSM9237928,11,normal,0.2,Myofibroblasts,Stroma,Fibroblast lineage,2,2276,0.8655
GSM9237928_unc20_23,GSM9237928,11,normal,0.2,NK cells,Immune,Lymphoid,6,8795,0.8655
GSM9237928_unc20_24,GSM9237928,11,normal,0.2,Neuroendocrine,Epithelial,Airway epithelium,1,3525,0.8655
GSM9237928_unc20_25,GSM9237928,11,normal,0.2,Non-classical monocytes,Immune,Myeloid,12,19743,0.8655
GSM9237928_unc20_26,GSM9237928,11,normal,0.2,Pericytes,Stroma,Fibroblast lineage,12,25638,0.8655
GSM9237928_unc20_27,GSM9237928,11,normal,0.2,Plasma cells,Immune,Lymphoid,12,42034,0.8655
GSM9237928_unc20_28,GSM9237928,11,normal,0.2,Plasmacytoid DCs,Immune,Myeloid,2,2606,0.8655
GSM9237928_unc20_29,GSM9237928,11,normal,0.2,Smooth muscle,Stroma,Smooth muscle,3,6381,0.8655
GSM9237928_unc20_30,GSM9237928,11,normal,0.2,pre-TB secretory,Epithelial,Airway epithelium,4,8671,0.8655
GSM9237928_unc30_0,GSM9237928,11,normal,0.3,AT1,Epithelial,Alveolar epithelium,134,236608,0.8655
GSM9237928_unc30_1,GSM9237928,11,normal,0.3,AT2,Epithelial,Alveolar epithelium,148,433998,0.8655
GSM9237928_unc30_2,GSM9237928,11,normal,0.3,AT2 proliferating,Epithelial,Alveolar epithelium,1,2076,0.8655
GSM9237928_unc30_3,GSM9237928,11,normal,0.3,Adventitial fibroblasts,Stroma,Fibroblast lineage,23,33942,0.8655
GSM9237928_unc30_4,GSM9237928,11,normal,0.3,Alveolar fibroblasts,Stroma,Fibroblast lineage,132,214132,0.8655
GSM9237928_unc30_5,GSM9237928,11,normal,0.3,Alveolar macrophages,Immune,Myeloid,20,110516,0.8655
GSM9237928_unc30_6,GSM9237928,11,normal,0.3,B cells,Immune,Lymphoid,1,1042,0.8655
GSM9237928_unc30_7,GSM9237928,11,normal,0.3,Basal resting,Epithelial,Airway epithelium,14,17983,0.8655
GSM9237928_unc30_8,GSM9237928,11,normal,0.3,CD4 T cells,Immune,Lymphoid,10,12001,0.8655
GSM9237928_unc30_9,GSM9237928,11,normal,0.3,CD8 T cells,Immune,Lymphoid,18,24775,0.8655
GSM9237928_unc30_10,GSM9237928,11,normal,0.3,Classical monocytes,Immune,Myeloid,6,11272,0.8655
GSM9237928_unc30_11,GSM9237928,11,normal,0.3,EC aerocyte capillary,Endothelial,Blood vessels,20,28359,0.8655
GSM9237928_unc30_12,GSM9237928,11,normal,0.3,EC arterial,Endothelial,Blood vessels,6,8832,0.8655
GSM9237928_unc30_13,GSM9237928,11,normal,0.3,EC general capillary,Endothelial,Blood vessels,23,37611,0.8655
GSM9237928_unc30_14,GSM9237928,11,normal,0.3,EC venous pulmonary,Endothelial,Blood vessels,9,12959,0.8655
GSM9237928_unc30_15,GSM9237928,11,normal,0.3,Goblet (bronchial),Epithelial,Airway epithelium,1,7372,0.8655
GSM9237928_unc30_16,GSM9237928,11,normal,0.3,Interstitial Mph perivascular,Immune,Myeloid,10,13701,0.8655
GSM9237928_unc30_17,GSM9237928,11,normal,0.3,Ionocyte,Epithelial,Airway epithelium,1,1088,0.8655
GSM9237928_unc30_18,GSM9237928,11,normal,0.3,Lymphatic EC differentiating,Endothelial,Lymphatic EC,7,9018,0.8655
GSM9237928_unc30_19,GSM9237928,11,normal,0.3,Mast cells,Immune,Myeloid,6,8262,0.8655
GSM9237928_unc30_20,GSM9237928,11,normal,0.3,Monocyte-derived Mph,Immune,Myeloid,5,11458,0.8655
GSM9237928_unc30_21,GSM9237928,11,normal,0.3,Multiciliated (non-nasal),Epithelial,Airway epithelium,114,368843,0.8655
GSM9237928_unc30_22,GSM9237928,11,normal,0.3,Myofibroblasts,Stroma,Fibroblast lineage,2,2276,0.8655
GSM9237928_unc30_23,GSM9237928,11,normal,0.3,NK cells,Immune,Lymphoid,9,12998,0.8655
GSM9237928_unc30_24,GSM9237928,11,normal,0.3,Neuroendocrine,Epithelial,Airway epithelium,1,3525,0.8655
GSM9237928_unc30_25,GSM9237928,11,normal,0.3,Non-classical monocytes,Immune,Myeloid,14,23168,0.8655
GSM9237928_unc30_26,GSM9237928,11,normal,0.3,Pericytes,Stroma,Fibroblast lineage,13,27291,0.8655
GSM9237928_unc30_27,GSM9237928,11,normal,0.3,Plasma cells,Immune,Lymphoid,12,42034,0.8655
GSM9237928_unc30_28,GSM9237928,11,normal,0.3,Plasmacytoid DCs,Immune,Myeloid,2,2606,0.8655
GSM9237928_unc30_29,GSM9237928,11,normal,0.3,Smooth muscle,Stroma,Smooth muscle,3,6381,0.8655
GSM9237928_unc30_30,GSM9237928,11,normal,0.3,Suprabasal,Epithelial,Airway epithelium,1,1100,0.8655
GSM9237928_unc30_31,GSM9237928,11,normal,0.3,pre-TB secretory,Epithelial,Airway epithelium,11,18849,0.8655
GSM9237929_unc20_0,GSM9237929,11,AAH,0.2,AT0,Epithelial,Airway epithelium,4,13097,0.8655
GSM9237929_unc20_1,GSM9237929,11,AAH,0.2,AT1,Epithelial,Alveolar epithelium,191,371867,0.8655
GSM9237929_unc20_2,GSM9237929,11,AAH,0.2,AT2,Epithelial,Alveolar epithelium,459,2366182,0.8655
GSM9237929_unc20_3,GSM9237929,11,AAH,0.2,AT2 proliferating,Epithelial,Alveolar epithelium,3,14675,0.8655
GSM9237929_unc20_4,GSM9237929,11,AAH,0.2,Adventitial fibroblasts,Stroma,Fibroblast lineage,44,79333,0.8655
GSM9237929_unc20_5,GSM9237929,11,AAH,0.2,Alveolar Mph proliferating,Immune,Myeloid,2,17499,0.8655
GSM9237929_unc20_6,GSM9237929,11,AAH,0.2,Alveolar fibroblasts,Stroma,Fibroblast lineage,237,403154,0.8655
GSM9237929_unc20_7,GSM9237929,11,AAH,0.2,Alveolar macrophages,Immune,Myeloid,72,567626,0.8655
GSM9237929_unc20_8,GSM9237929,11,AAH,0.2,B cells,Immune,Lymphoid,8,13381,0.8655
GSM9237929_unc20_9,GSM9237929,11,AAH,0.2,Basal resting,Epithelial,Airway epithelium,33,80714,0.8655
GSM9237929_unc20_10,GSM9237929,11,AAH,0.2,CD4 T cells,Immune,Lymphoid,42,52827,0.8655
GSM9237929_unc20_11,GSM9237929,11,AAH,0.2,CD8 T cells,Immune,Lymphoid,25,30369,0.8655
GSM9237929_unc20_12,GSM9237929,11,AAH,0.2,Classical monocytes,Immune,Myeloid,17,39580,0.8655
GSM9237929_unc20_13,GSM9237929,11,AAH,0.2,Club (non-nasal),Epithelial,Airway epithelium,1,3509,0.8655
GSM9237929_unc20_14,GSM9237929,11,AAH,0.2,Deuterosomal,Epithelial,Airway epithelium,3,25764,0.8655
GSM9237929_unc20_15,GSM9237929,11,AAH,0.2,EC aerocyte capillary,Endothelial,Blood vessels,13,17681,0.8655
GSM9237929_unc20_16,GSM9237929,11,AAH,0.2,EC arterial,Endothelial,Blood vessels,18,40419,0.8655
GSM9237929_unc20_17,GSM9237929,11,AAH,0.2,EC general capillary,Endothelial,Blood vessels,11,15433,0.8655
GSM9237929_unc20_18,GSM9237929,11,AAH,0.2,EC venous pulmonary,Endothelial,Blood vessels,8,11314,0.8655
GSM9237929_unc20_19,GSM9237929,11,AAH,0.2,Goblet (nasal),Epithelial,Airway epithelium,3,10968,0.8655
GSM9237929_unc20_20,GSM9237929,11,AAH,0.2,Interstitial Mph perivascular,Immune,Myeloid,13,20350,0.8655
GSM9237929_unc20_21,GSM9237929,11,AAH,0.2,Lymphatic EC differentiating,Endothelial,Lymphatic EC,7,8151,0.8655
GSM9237929_unc20_22,GSM9237929,11,AAH,0.2,Mast cells,Immune,Myeloid,29,36502,0.8655
GSM9237929_unc20_23,GSM9237929,11,AAH,0.2,Migratory DCs,Immune,Myeloid,3,5794,0.8655
GSM9237929_unc20_24,GSM9237929,11,AAH,0.2,Monocyte-derived Mph,Immune,Myeloid,5,23051,0.8655
GSM9237929_unc20_25,GSM9237929,11,AAH,0.2,Multiciliated (non-nasal),Epithelial,Airway epithelium,257,893092,0.8655
GSM9237929_unc20_26,GSM9237929,11,AAH,0.2,Myofibroblasts,Stroma,Fibroblast lineage,1,1123,0.8655
GSM9237929_unc20_27,GSM9237929,11,AAH,0.2,NK cells,Immune,Lymphoid,6,9352,0.8655
GSM9237929_unc20_28,GSM9237929,11,AAH,0.2,Non-classical monocytes,Immune,Myeloid,4,6076,0.8655
GSM9237929_unc20_29,GSM9237929,11,AAH,0.2,Pericytes,Stroma,Fibroblast lineage,7,14768,0.8655
GSM9237929_unc20_30,GSM9237929,11,AAH,0.2,Plasma cells,Immune,Lymphoid,83,374724,0.8655
GSM9237929_unc20_31,GSM9237929,11,AAH,0.2,Plasmacytoid DCs,Immune,Myeloid,7,15647,0.8655
GSM9237929_unc20_32,GSM9237929,11,AAH,0.2,SM activated stress response,Stroma,Smooth muscle,1,1290,0.8655
GSM9237929_unc20_33,GSM9237929,11,AAH,0.2,Smooth muscle,Stroma,Smooth muscle,11,13429,0.8655
GSM9237929_unc20_34,GSM9237929,11,AAH,0.2,Smooth muscle FAM83D+,Stroma,Smooth muscle,1,2257,0.8655
GSM9237929_unc20_35,GSM9237929,11,AAH,0.2,Suprabasal,Epithelial,Airway epithelium,3,6398,0.8655
GSM9237929_unc20_36,GSM9237929,11,AAH,0.2,T cells proliferating,Immune,Lymphoid,2,5102,0.8655
GSM9237929_unc20_37,GSM9237929,11,AAH,0.2,pre-TB secretory,Epithelial,Airway epithelium,2,4962,0.8655
GSM9237929_unc30_0,GSM9237929,11,AAH,0.3,AT0,Epithelial,Airway epithelium,4,13097,0.8655
GSM9237929_unc30_1,GSM9237929,11,AAH,0.3,AT1,Epithelial,Alveolar epithelium,197,383677,0.8655
GSM9237929_unc30_2,GSM9237929,11,AAH,0.3,AT2,Epithelial,Alveolar epithelium,474,2453356,0.8655
GSM9237929_unc30_3,GSM9237929,11,AAH,0.3,AT2 proliferating,Epithelial,Alveolar epithelium,3,14675,0.8655
GSM9237929_unc30_4,GSM9237929,11,AAH,0.3,Adventitial fibroblasts,Stroma,Fibroblast lineage,57,99653,0.8655
GSM9237929_unc30_5,GSM9237929,11,AAH,0.3,Alveolar Mph proliferating,Immune,Myeloid,3,29472,0.8655
GSM9237929_unc30_6,GSM9237929,11,AAH,0.3,Alveolar fibroblasts,Stroma,Fibroblast lineage,267,483313,0.8655
GSM9237929_unc30_7,GSM9237929,11,AAH,0.3,Alveolar macrophages,Immune,Myeloid,94,746549,0.8655
GSM9237929_unc30_8,GSM9237929,11,AAH,0.3,B cells,Immune,Lymphoid,8,13381,0.8655
GSM9237929_unc30_9,GSM9237929,11,AAH,0.3,Basal resting,Epithelial,Airway epithelium,38,90110,0.8655
GSM9237929_unc30_10,GSM9237929,11,AAH,0.3,CD4 T cells,Immune,Lymphoid,48,60983,0.8655
GSM9237929_unc30_11,GSM9237929,11,AAH,0.3,CD8 T cells,Immune,Lymphoid,28,34171,0.8655
GSM9237929_unc30_12,GSM9237929,11,AAH,0.3,Classical monocytes,Immune,Myeloid,20,44559,0.8655
GSM9237929_unc30_13,GSM9237929,11,AAH,0.3,Club (non-nasal),Epithelial,Airway epithelium,1,3509,0.8655
GSM9237929_unc30_14,GSM9237929,11,AAH,0.3,Deuterosomal,Epithelial,Airway epithelium,3,25764,0.8655
GSM9237929_unc30_15,GSM9237929,11,AAH,0.3,EC aerocyte capillary,Endothelial,Blood vessels,15,21876,0.8655
GSM9237929_unc30_16,GSM9237929,11,AAH,0.3,EC arterial,Endothelial,Blood vessels,20,42973,0.8655
GSM9237929_unc30_17,GSM9237929,11,AAH,0.3,EC general capillary,Endothelial,Blood vessels,13,19597,0.8655
GSM9237929_unc30_18,GSM9237929,11,AAH,0.3,EC venous pulmonary,Endothelial,Blood vessels,9,12369,0.8655
GSM9237929_unc30_19,GSM9237929,11,AAH,0.3,EC venous systemic,Endothelial,Blood vessels,1,2375,0.8655
GSM9237929_unc30_20,GSM9237929,11,AAH,0.3,Goblet (nasal),Epithelial,Airway epithelium,4,12839,0.8655
GSM9237929_unc30_21,GSM9237929,11,AAH,0.3,Interstitial Mph perivascular,Immune,Myeloid,19,30110,0.8655
GSM9237929_unc30_22,GSM9237929,11,AAH,0.3,Lymphatic EC differentiating,Endothelial,Lymphatic EC,9,10620,0.8655
GSM9237929_unc30_23,GSM9237929,11,AAH,0.3,Mast cells,Immune,Myeloid,29,36502,0.8655
GSM9237929_unc30_24,GSM9237929,11,AAH,0.3,Migratory DCs,Immune,Myeloid,4,7075,0.8655
GSM9237929_unc30_25,GSM9237929,11,AAH,0.3,Monocyte-derived Mph,Immune,Myeloid,11,42174,0.8655
GSM9237929_unc30_26,GSM9237929,11,AAH,0.3,Multiciliated (non-nasal),Epithelial,Airway epithelium,270,966077,0.8655
GSM9237929_unc30_27,GSM9237929,11,AAH,0.3,Myofibroblasts,Stroma,Fibroblast lineage,1,1123,0.8655
GSM9237929_unc30_28,GSM9237929,11,AAH,0.3,NK cells,Immune,Lymphoid,10,14499,0.8655
GSM9237929_unc30_29,GSM9237929,11,AAH,0.3,Non-classical monocytes,Immune,Myeloid,5,7154,0.8655
GSM9237929_unc30_30,GSM9237929,11,AAH,0.3,Pericytes,Stroma,Fibroblast lineage,8,18634,0.8655
GSM9237929_unc30_31,GSM9237929,11,AAH,0.3,Plasma cells,Immune,Lymphoid,84,377411,0.8655
GSM9237929_unc30_32,GSM9237929,11,AAH,0.3,Plasmacytoid DCs,Immune,Myeloid,7,15647,0.8655
GSM9237929_unc30_33,GSM9237929,11,AAH,0.3,SM activated stress response,Stroma,Smooth muscle,2,2815,0.8655
GSM9237929_unc30_34,GSM9237929,11,AAH,0.3,Smooth muscle,Stroma,Smooth muscle,13,17094,0.8655
GSM9237929_unc30_35,GSM9237929,11,AAH,0.3,Smooth muscle FAM83D+,Stroma,Smooth muscle,1,2257,0.8655
GSM9237929_unc30_36,GSM9237929,11,AAH,0.3,Suprabasal,Epithelial,Airway epithelium,4,9459,0.8655
GSM9237929_unc30_37,GSM9237929,11,AAH,0.3,T cells proliferating,Immune,Lymphoid,2,5102,0.8655
GSM9237929_unc30_38,GSM9237929,11,AAH,0.3,pre-TB secretory,Epithelial,Airway epithelium,8,17224,0.8655
GSM9237930_unc20_0,GSM9237930,11,LUAD,0.2,AT0,Epithelial,Airway epithelium,2,4596,0.8655
GSM9237930_unc20_1,GSM9237930,11,LUAD,0.2,AT1,Epithelial,Alveolar epithelium,185,420721,0.8655
GSM9237930_unc20_2,GSM9237930,11,LUAD,0.2,AT2,Epithelial,Alveolar epithelium,569,2732660,0.8655
GSM9237930_unc20_3,GSM9237930,11,LUAD,0.2,AT2 proliferating,Epithelial,Alveolar epithelium,9,88840,0.8655
GSM9237930_unc20_4,GSM9237930,11,LUAD,0.2,Adventitial fibroblasts,Stroma,Fibroblast lineage,20,72339,0.8655
GSM9237930_unc20_5,GSM9237930,11,LUAD,0.2,Alveolar fibroblasts,Stroma,Fibroblast lineage,259,617213,0.8655
GSM9237930_unc20_6,GSM9237930,11,LUAD,0.2,Alveolar macrophages,Immune,Myeloid,165,1455532,0.8655
GSM9237930_unc20_7,GSM9237930,11,LUAD,0.2,B cells,Immune,Lymphoid,295,407466,0.8655
GSM9237930_unc20_8,GSM9237930,11,LUAD,0.2,Basal resting,Epithelial,Airway epithelium,18,37296,0.8655
GSM9237930_unc20_9,GSM9237930,11,LUAD,0.2,CD4 T cells,Immune,Lymphoid,532,813236,0.8655
GSM9237930_unc20_10,GSM9237930,11,LUAD,0.2,CD8 T cells,Immune,Lymphoid,352,474911,0.8655
GSM9237930_unc20_11,GSM9237930,11,LUAD,0.2,Classical monocytes,Immune,Myeloid,10,33676,0.8655
GSM9237930_unc20_12,GSM9237930,11,LUAD,0.2,Club (non-nasal),Epithelial,Airway epithelium,3,4885,0.8655
GSM9237930_unc20_13,GSM9237930,11,LUAD,0.2,EC aerocyte capillary,Endothelial,Blood vessels,12,16842,0.8655
GSM9237930_unc20_14,GSM9237930,11,LUAD,0.2,EC arterial,Endothelial,Blood vessels,22,60686,0.8655
GSM9237930_unc20_15,GSM9237930,11,LUAD,0.2,EC general capillary,Endothelial,Blood vessels,6,11646,0.8655
GSM9237930_unc20_16,GSM9237930,11,LUAD,0.2,EC venous pulmonary,Endothelial,Blood vessels,19,55633,0.8655
GSM9237930_unc20_17,GSM9237930,11,LUAD,0.2,EC venous systemic,Endothelial,Blood vessels,9,19383,0.8655
GSM9237930_unc20_18,GSM9237930,11,LUAD,0.2,Goblet (nasal),Epithelial,Airway epithelium,10,45168,0.8655
GSM9237930_unc20_19,GSM9237930,11,LUAD,0.2,Goblet (subsegmental),Epithelial,Airway epithelium,1,7536,0.8655
GSM9237930_unc20_20,GSM9237930,11,LUAD,0.2,Hillock-like,Epithelial,Airway epithelium,1,2590,0.8655
GSM9237930_unc20_21,GSM9237930,11,LUAD,0.2,Interstitial Mph perivascular,Immune,Myeloid,33,86087,0.8655
GSM9237930_unc20_22,GSM9237930,11,LUAD,0.2,Ionocyte,Epithelial,Airway epithelium,1,2990,0.8655
GSM9237930_unc20_23,GSM9237930,11,LUAD,0.2,Lymphatic EC differentiating,Endothelial,Lymphatic EC,35,75761,0.8655
GSM9237930_unc20_24,GSM9237930,11,LUAD,0.2,Lymphatic EC mature,Endothelial,Lymphatic EC,1,1026,0.8655
GSM9237930_unc20_25,GSM9237930,11,LUAD,0.2,Mast cells,Immune,Myeloid,35,53857,0.8655
GSM9237930_unc20_26,GSM9237930,11,LUAD,0.2,Migratory DCs,Immune,Myeloid,16,52731,0.8655
GSM9237930_unc20_27,GSM9237930,11,LUAD,0.2,Monocyte-derived Mph,Immune,Myeloid,16,106272,0.8655
GSM9237930_unc20_28,GSM9237930,11,LUAD,0.2,Multiciliated (non-nasal),Epithelial,Airway epithelium,94,680601,0.8655
GSM9237930_unc20_29,GSM9237930,11,LUAD,0.2,Myofibroblasts,Stroma,Fibroblast lineage,1,1214,0.8655
GSM9237930_unc20_30,GSM9237930,11,LUAD,0.2,NK cells,Immune,Lymphoid,14,26339,0.8655
GSM9237930_unc20_31,GSM9237930,11,LUAD,0.2,Non-classical monocytes,Immune,Myeloid,7,18381,0.8655
GSM9237930_unc20_32,GSM9237930,11,LUAD,0.2,Peribronchial fibroblasts,Stroma,Fibroblast lineage,370,1223717,0.8655
GSM9237930_unc20_33,GSM9237930,11,LUAD,0.2,Pericytes,Stroma,Fibroblast lineage,44,250315,0.8655
GSM9237930_unc20_34,GSM9237930,11,LUAD,0.2,Plasma cells,Immune,Lymphoid,1037,8330810,0.8655
GSM9237930_unc20_35,GSM9237930,11,LUAD,0.2,Plasmacytoid DCs,Immune,Myeloid,46,135572,0.8655
GSM9237930_unc20_36,GSM9237930,11,LUAD,0.2,Smooth muscle,Stroma,Smooth muscle,13,56813,0.8655
GSM9237930_unc20_37,GSM9237930,11,LUAD,0.2,T cells proliferating,Immune,Lymphoid,17,81628,0.8655
GSM9237930_unc20_38,GSM9237930,11,LUAD,0.2,pre-TB secretory,Epithelial,Airway epithelium,5,8504,0.8655
GSM9237930_unc30_0,GSM9237930,11,LUAD,0.3,AT0,Epithelial,Airway epithelium,3,6614,0.8655
GSM9237930_unc30_1,GSM9237930,11,LUAD,0.3,AT1,Epithelial,Alveolar epithelium,192,456100,0.8655
GSM9237930_unc30_2,GSM9237930,11,LUAD,0.3,AT2,Epithelial,Alveolar epithelium,656,3244627,0.8655
GSM9237930_unc30_3,GSM9237930,11,LUAD,0.3,AT2 proliferating,Epithelial,Alveolar epithelium,11,142694,0.8655
GSM9237930_unc30_4,GSM9237930,11,LUAD,0.3,Adventitial fibroblasts,Stroma,Fibroblast lineage,30,102293,0.8655
GSM9237930_unc30_5,GSM9237930,11,LUAD,0.3,Alveolar Mph proliferating,Immune,Myeloid,2,35810,0.8655
GSM9237930_unc30_6,GSM9237930,11,LUAD,0.3,Alveolar fibroblasts,Stroma,Fibroblast lineage,333,963543,0.8655
GSM9237930_unc30_7,GSM9237930,11,LUAD,0.3,Alveolar macrophages,Immune,Myeloid,258,2074217,0.8655
GSM9237930_unc30_8,GSM9237930,11,LUAD,0.3,B cells,Immune,Lymphoid,316,446224,0.8655
GSM9237930_unc30_9,GSM9237930,11,LUAD,0.3,Basal resting,Epithelial,Airway epithelium,20,43136,0.8655
GSM9237930_unc30_10,GSM9237930,11,LUAD,0.3,CD4 T cells,Immune,Lymphoid,633,971596,0.8655
GSM9237930_unc30_11,GSM9237930,11,LUAD,0.3,CD8 T cells,Immune,Lymphoid,452,629629,0.8655
GSM9237930_unc30_12,GSM9237930,11,LUAD,0.3,Classical monocytes,Immune,Myeloid,14,43389,0.8655
GSM9237930_unc30_13,GSM9237930,11,LUAD,0.3,Club (non-nasal),Epithelial,Airway epithelium,5,9910,0.8655
GSM9237930_unc30_14,GSM9237930,11,LUAD,0.3,DC2,Immune,Myeloid,5,43381,0.8655
GSM9237930_unc30_15,GSM9237930,11,LUAD,0.3,EC aerocyte capillary,Endothelial,Blood vessels,12,16842,0.8655
GSM9237930_unc30_16,GSM9237930,11,LUAD,0.3,EC arterial,Endothelial,Blood vessels,29,87614,0.8655
GSM9237930_unc30_17,GSM9237930,11,LUAD,0.3,EC general capillary,Endothelial,Blood vessels,10,17892,0.8655
GSM9237930_unc30_18,GSM9237930,11,LUAD,0.3,EC venous pulmonary,Endothelial,Blood vessels,26,70712,0.8655
GSM9237930_unc30_19,GSM9237930,11,LUAD,0.3,EC venous systemic,Endothelial,Blood vessels,17,35804,0.8655
GSM9237930_unc30_20,GSM9237930,11,LUAD,0.3,Goblet (nasal),Epithelial,Airway epithelium,12,54144,0.8655
GSM9237930_unc30_21,GSM9237930,11,LUAD,0.3,Goblet (subsegmental),Epithelial,Airway epithelium,2,9602,0.8655
GSM9237930_unc30_22,GSM9237930,11,LUAD,0.3,Hillock-like,Epithelial,Airway epithelium,1,2590,0.8655
GSM9237930_unc30_23,GSM9237930,11,LUAD,0.3,Interstitial Mph perivascular,Immune,Myeloid,76,179342,0.8655
GSM9237930_unc30_24,GSM9237930,11,LUAD,0.3,Ionocyte,Epithelial,Airway epithelium,3,15912,0.8655
GSM9237930_unc30_25,GSM9237930,11,LUAD,0.3,Lymphatic EC differentiating,Endothelial,Lymphatic EC,43,93064,0.8655
GSM9237930_unc30_26,GSM9237930,11,LUAD,0.3,Lymphatic EC mature,Endothelial,Lymphatic EC,3,8005,0.8655
GSM9237930_unc30_27,GSM9237930,11,LUAD,0.3,Mast cells,Immune,Myeloid,36,55123,0.8655
GSM9237930_unc30_28,GSM9237930,11,LUAD,0.3,Migratory DCs,Immune,Myeloid,17,55505,0.8655
GSM9237930_unc30_29,GSM9237930,11,LUAD,0.3,Monocyte-derived Mph,Immune,Myeloid,50,297840,0.8655
GSM9237930_unc30_30,GSM9237930,11,LUAD,0.3,Multiciliated (non-nasal),Epithelial,Airway epithelium,98,697123,0.8655
GSM9237930_unc30_31,GSM9237930,11,LUAD,0.3,Myofibroblasts,Stroma,Fibroblast lineage,5,8977,0.8655
GSM9237930_unc30_32,GSM9237930,11,LUAD,0.3,NK cells,Immune,Lymphoid,20,34472,0.8655
GSM9237930_unc30_33,GSM9237930,11,LUAD,0.3,Non-classical monocytes,Immune,Myeloid,9,21825,0.8655
GSM9237930_unc30_34,GSM9237930,11,LUAD,0.3,Peribronchial fibroblasts,Stroma,Fibroblast lineage,506,1677523,0.8655
GSM9237930_unc30_35,GSM9237930,11,LUAD,0.3,Pericytes,Stroma,Fibroblast lineage,58,362492,0.8655
GSM9237930_unc30_36,GSM9237930,11,LUAD,0.3,Plasma cells,Immune,Lymphoid,1050,8375179,0.8655
GSM9237930_unc30_37,GSM9237930,11,LUAD,0.3,Plasmacytoid DCs,Immune,Myeloid,47,137787,0.8655
GSM9237930_unc30_38,GSM9237930,11,LUAD,0.3,Smooth muscle,Stroma,Smooth muscle,18,69856,0.8655
GSM9237930_unc30_39,GSM9237930,11,LUAD,0.3,Suprabasal,Epithelial,Airway epithelium,1,6407,0.8655
GSM9237930_unc30_40,GSM9237930,11,LUAD,0.3,T cells proliferating,Immune,Lymphoid,26,107554,0.8655
GSM9237930_unc30_41,GSM9237930,11,LUAD,0.3,pre-TB secretory,Epithelial,Airway epithelium,14,35149,0.8655
GSM9237931_unc20_0,GSM9237931,12,normal,0.2,AT1,Epithelial,Alveolar epithelium,103,254288,0.8655
GSM9237931_unc20_1,GSM9237931,12,normal,0.2,AT2,Epithelial,Alveolar epithelium,196,784565,0.8655
GSM9237931_unc20_2,GSM9237931,12,normal,0.2,AT2 proliferating,Epithelial,Alveolar epithelium,1,12735,0.8655
GSM9237931_unc20_3,GSM9237931,12,normal,0.2,Adventitial fibroblasts,Stroma,Fibroblast lineage,1,3525,0.8655
GSM9237931_unc20_4,GSM9237931,12,normal,0.2,Alveolar fibroblasts,Stroma,Fibroblast lineage,179,352804,0.8655
GSM9237931_unc20_5,GSM9237931,12,normal,0.2,Alveolar macrophages,Immune,Myeloid,33,471573,0.8655
GSM9237931_unc20_6,GSM9237931,12,normal,0.2,B cells,Immune,Lymphoid,4,5976,0.8655
GSM9237931_unc20_7,GSM9237931,12,normal,0.2,Basal resting,Epithelial,Airway epithelium,3,5393,0.8655
GSM9237931_unc20_8,GSM9237931,12,normal,0.2,CD4 T cells,Immune,Lymphoid,18,23977,0.8655
GSM9237931_unc20_9,GSM9237931,12,normal,0.2,CD8 T cells,Immune,Lymphoid,15,21999,0.8655
GSM9237931_unc20_10,GSM9237931,12,normal,0.2,Classical monocytes,Immune,Myeloid,6,16416,0.8655
GSM9237931_unc20_11,GSM9237931,12,normal,0.2,EC aerocyte capillary,Endothelial,Blood vessels,23,40608,0.8655
GSM9237931_unc20_12,GSM9237931,12,normal,0.2,EC arterial,Endothelial,Blood vessels,19,30650,0.8655
GSM9237931_unc20_13,GSM9237931,12,normal,0.2,EC general capillary,Endothelial,Blood vessels,17,22684,0.8655
GSM9237931_unc20_14,GSM9237931,12,normal,0.2,EC venous pulmonary,Endothelial,Blood vessels,19,35054,0.8655
GSM9237931_unc20_15,GSM9237931,12,normal,0.2,Interstitial Mph perivascular,Immune,Myeloid,3,7063,0.8655
GSM9237931_unc20_16,GSM9237931,12,normal,0.2,Lymphatic EC differentiating,Endothelial,Lymphatic EC,6,7524,0.8655
GSM9237931_unc20_17,GSM9237931,12,normal,0.2,Mast cells,Immune,Myeloid,8,11324,0.8655
GSM9237931_unc20_18,GSM9237931,12,normal,0.2,Multiciliated (non-nasal),Epithelial,Airway epithelium,41,133979,0.8655
GSM9237931_unc20_19,GSM9237931,12,normal,0.2,NK cells,Immune,Lymphoid,7,12834,0.8655
GSM9237931_unc20_20,GSM9237931,12,normal,0.2,Neuroendocrine,Epithelial,Airway epithelium,1,2283,0.8655
GSM9237931_unc20_21,GSM9237931,12,normal,0.2,Non-classical monocytes,Immune,Myeloid,5,14955,0.8655
GSM9237931_unc20_22,GSM9237931,12,normal,0.2,Pericytes,Stroma,Fibroblast lineage,5,8458,0.8655
GSM9237931_unc20_23,GSM9237931,12,normal,0.2,Plasma cells,Immune,Lymphoid,4,8530,0.8655
GSM9237931_unc20_24,GSM9237931,12,normal,0.2,Plasmacytoid DCs,Immune,Myeloid,3,9627,0.8655
GSM9237931_unc20_25,GSM9237931,12,normal,0.2,Smooth muscle,Stroma,Smooth muscle,4,8039,0.8655
GSM9237931_unc20_26,GSM9237931,12,normal,0.2,T cells proliferating,Immune,Lymphoid,2,7121,0.8655
GSM9237931_unc20_27,GSM9237931,12,normal,0.2,pre-TB secretory,Epithelial,Airway epithelium,8,42075,0.8655
GSM9237931_unc30_0,GSM9237931,12,normal,0.3,AT0,Epithelial,Airway epithelium,1,4245,0.8655
GSM9237931_unc30_1,GSM9237931,12,normal,0.3,AT1,Epithelial,Alveolar epithelium,105,265292,0.8655
GSM9237931_unc30_2,GSM9237931,12,normal,0.3,AT2,Epithelial,Alveolar epithelium,203,876197,0.8655
GSM9237931_unc30_3,GSM9237931,12,normal,0.3,AT2 proliferating,Epithelial,Alveolar epithelium,1,12735,0.8655
GSM9237931_unc30_4,GSM9237931,12,normal,0.3,Adventitial fibroblasts,Stroma,Fibroblast lineage,3,7397,0.8655
GSM9237931_unc30_5,GSM9237931,12,normal,0.3,Alveolar fibroblasts,Stroma,Fibroblast lineage,189,419643,0.8655
GSM9237931_unc30_6,GSM9237931,12,normal,0.3,Alveolar macrophages,Immune,Myeloid,37,490627,0.8655
GSM9237931_unc30_7,GSM9237931,12,normal,0.3,B cells,Immune,Lymphoid,4,5976,0.8655
GSM9237931_unc30_8,GSM9237931,12,normal,0.3,Basal resting,Epithelial,Airway epithelium,4,6822,0.8655
GSM9237931_unc30_9,GSM9237931,12,normal,0.3,CD4 T cells,Immune,Lymphoid,27,42471,0.8655
GSM9237931_unc30_10,GSM9237931,12,normal,0.3,CD8 T cells,Immune,Lymphoid,19,28739,0.8655
GSM9237931_unc30_11,GSM9237931,12,normal,0.3,Classical monocytes,Immune,Myeloid,8,20860,0.8655
GSM9237931_unc30_12,GSM9237931,12,normal,0.3,EC aerocyte capillary,Endothelial,Blood vessels,24,46104,0.8655
GSM9237931_unc30_13,GSM9237931,12,normal,0.3,EC arterial,Endothelial,Blood vessels,19,30650,0.8655
GSM9237931_unc30_14,GSM9237931,12,normal,0.3,EC general capillary,Endothelial,Blood vessels,19,26148,0.8655
GSM9237931_unc30_15,GSM9237931,12,normal,0.3,EC venous pulmonary,Endothelial,Blood vessels,20,36245,0.8655
GSM9237931_unc30_16,GSM9237931,12,normal,0.3,Interstitial Mph perivascular,Immune,Myeloid,4,9226,0.8655
GSM9237931_unc30_17,GSM9237931,12,normal,0.3,Lymphatic EC differentiating,Endothelial,Lymphatic EC,7,9118,0.8655
GSM9237931_unc30_18,GSM9237931,12,normal,0.3,Mast cells,Immune,Myeloid,8,11324,0.8655
GSM9237931_unc30_19,GSM9237931,12,normal,0.3,Monocyte-derived Mph,Immune,Myeloid,3,5656,0.8655
GSM9237931_unc30_20,GSM9237931,12,normal,0.3,Multiciliated (non-nasal),Epithelial,Airway epithelium,43,139391,0.8655
GSM9237931_unc30_21,GSM9237931,12,normal,0.3,NK cells,Immune,Lymphoid,8,13859,0.8655
GSM9237931_unc30_22,GSM9237931,12,normal,0.3,Neuroendocrine,Epithelial,Airway epithelium,1,2283,0.8655
GSM9237931_unc30_23,GSM9237931,12,normal,0.3,Non-classical monocytes,Immune,Myeloid,5,14955,0.8655
GSM9237931_unc30_24,GSM9237931,12,normal,0.3,Peribronchial fibroblasts,Stroma,Fibroblast lineage,1,1413,0.8655
GSM9237931_unc30_25,GSM9237931,12,normal,0.3,Pericytes,Stroma,Fibroblast lineage,8,21983,0.8655
GSM9237931_unc30_26,GSM9237931,12,normal,0.3,Plasma cells,Immune,Lymphoid,4,8530,0.8655
GSM9237931_unc30_27,GSM9237931,12,normal,0.3,Plasmacytoid DCs,Immune,Myeloid,3,9627,0.8655
GSM9237931_unc30_28,GSM9237931,12,normal,0.3,Smooth muscle,Stroma,Smooth muscle,4,8039,0.8655
GSM9237931_unc30_29,GSM9237931,12,normal,0.3,T cells proliferating,Immune,Lymphoid,4,17580,0.8655
GSM9237931_unc30_30,GSM9237931,12,normal,0.3,pre-TB secretory,Epithelial,Airway epithelium,9,44261,0.8655
GSM9237932_unc20_0,GSM9237932,12,AIS,0.2,AT0,Epithelial,Airway epithelium,1,2198,0.8655
GSM9237932_unc20_1,GSM9237932,12,AIS,0.2,AT1,Epithelial,Alveolar epithelium,186,683370,0.8655
GSM9237932_unc20_2,GSM9237932,12,AIS,0.2,AT2,Epithelial,Alveolar epithelium,463,3217237,0.8655
GSM9237932_unc20_3,GSM9237932,12,AIS,0.2,AT2 proliferating,Epithelial,Alveolar epithelium,2,32498,0.8655
GSM9237932_unc20_4,GSM9237932,12,AIS,0.2,Adventitial fibroblasts,Stroma,Fibroblast lineage,2,9397,0.8655
GSM9237932_unc20_5,GSM9237932,12,AIS,0.2,Alveolar fibroblasts,Stroma,Fibroblast lineage,256,475484,0.8655
GSM9237932_unc20_6,GSM9237932,12,AIS,0.2,Alveolar macrophages,Immune,Myeloid,34,369601,0.8655
GSM9237932_unc20_7,GSM9237932,12,AIS,0.2,B cells,Immune,Lymphoid,24,31488,0.8655
GSM9237932_unc20_8,GSM9237932,12,AIS,0.2,Basal resting,Epithelial,Airway epithelium,7,12018,0.8655
GSM9237932_unc20_9,GSM9237932,12,AIS,0.2,CD4 T cells,Immune,Lymphoid,42,59524,0.8655
GSM9237932_unc20_10,GSM9237932,12,AIS,0.2,CD8 T cells,Immune,Lymphoid,57,73682,0.8655
GSM9237932_unc20_11,GSM9237932,12,AIS,0.2,Classical monocytes,Immune,Myeloid,4,12399,0.8655
GSM9237932_unc20_12,GSM9237932,12,AIS,0.2,EC aerocyte capillary,Endothelial,Blood vessels,10,14226,0.8655
GSM9237932_unc20_13,GSM9237932,12,AIS,0.2,EC arterial,Endothelial,Blood vessels,16,28075,0.8655
GSM9237932_unc20_14,GSM9237932,12,AIS,0.2,EC general capillary,Endothelial,Blood vessels,17,20061,0.8655
GSM9237932_unc20_15,GSM9237932,12,AIS,0.2,EC venous pulmonary,Endothelial,Blood vessels,28,44442,0.8655
GSM9237932_unc20_16,GSM9237932,12,AIS,0.2,Goblet (nasal),Epithelial,Airway epithelium,1,2348,0.8655
GSM9237932_unc20_17,GSM9237932,12,AIS,0.2,Goblet (subsegmental),Epithelial,Airway epithelium,3,22291,0.8655
GSM9237932_unc20_18,GSM9237932,12,AIS,0.2,Interstitial Mph perivascular,Immune,Myeloid,6,12694,0.8655
GSM9237932_unc20_19,GSM9237932,12,AIS,0.2,Lymphatic EC differentiating,Endothelial,Lymphatic EC,13,17687,0.8655
GSM9237932_unc20_20,GSM9237932,12,AIS,0.2,Mast cells,Immune,Myeloid,36,50686,0.8655
GSM9237932_unc20_21,GSM9237932,12,AIS,0.2,Migratory DCs,Immune,Myeloid,1,2491,0.8655
GSM9237932_unc20_22,GSM9237932,12,AIS,0.2,Multiciliated (non-nasal),Epithelial,Airway epithelium,85,393065,0.8655
GSM9237932_unc20_23,GSM9237932,12,AIS,0.2,NK cells,Immune,Lymphoid,3,5382,0.8655
GSM9237932_unc20_24,GSM9237932,12,AIS,0.2,Neuroendocrine,Epithelial,Airway epithelium,1,4704,0.8655
GSM9237932_unc20_25,GSM9237932,12,AIS,0.2,Non-classical monocytes,Immune,Myeloid,5,13513,0.8655
GSM9237932_unc20_26,GSM9237932,12,AIS,0.2,Pericytes,Stroma,Fibroblast lineage,8,14677,0.8655
GSM9237932_unc20_27,GSM9237932,12,AIS,0.2,Plasma cells,Immune,Lymphoid,88,397180,0.8655
GSM9237932_unc20_28,GSM9237932,12,AIS,0.2,Plasmacytoid DCs,Immune,Myeloid,5,19004,0.8655
GSM9237932_unc20_29,GSM9237932,12,AIS,0.2,Smooth muscle,Stroma,Smooth muscle,2,2086,0.8655
GSM9237932_unc20_30,GSM9237932,12,AIS,0.2,pre-TB secretory,Epithelial,Airway epithelium,7,36109,0.8655
GSM9237932_unc30_0,GSM9237932,12,AIS,0.3,AT0,Epithelial,Airway epithelium,1,2198,0.8655
GSM9237932_unc30_1,GSM9237932,12,AIS,0.3,AT1,Epithelial,Alveolar epithelium,212,940391,0.8655
GSM9237932_unc30_2,GSM9237932,12,AIS,0.3,AT2,Epithelial,Alveolar epithelium,534,3780495,0.8655
GSM9237932_unc30_3,GSM9237932,12,AIS,0.3,AT2 proliferating,Epithelial,Alveolar epithelium,3,39337,0.8655
GSM9237932_unc30_4,GSM9237932,12,AIS,0.3,Adventitial fibroblasts,Stroma,Fibroblast lineage,5,17310,0.8655
GSM9237932_unc30_5,GSM9237932,12,AIS,0.3,Alveolar fibroblasts,Stroma,Fibroblast lineage,277,578957,0.8655
GSM9237932_unc30_6,GSM9237932,12,AIS,0.3,Alveolar macrophages,Immune,Myeloid,42,421301,0.8655
GSM9237932_unc30_7,GSM9237932,12,AIS,0.3,B cells,Immune,Lymphoid,28,36117,0.8655
GSM9237932_unc30_8,GSM9237932,12,AIS,0.3,Basal resting,Epithelial,Airway epithelium,9,14285,0.8655
GSM9237932_unc30_9,GSM9237932,12,AIS,0.3,CD4 T cells,Immune,Lymphoid,61,83420,0.8655
GSM9237932_unc30_10,GSM9237932,12,AIS,0.3,CD8 T cells,Immune,Lymphoid,75,99648,0.8655
GSM9237932_unc30_11,GSM9237932,12,AIS,0.3,Classical monocytes,Immune,Myeloid,5,14751,0.8655
GSM9237932_unc30_12,GSM9237932,12,AIS,0.3,EC aerocyte capillary,Endothelial,Blood vessels,12,17878,0.8655
GSM9237932_unc30_13,GSM9237932,12,AIS,0.3,EC arterial,Endothelial,Blood vessels,18,31141,0.8655
GSM9237932_unc30_14,GSM9237932,12,AIS,0.3,EC general capillary,Endothelial,Blood vessels,23,28108,0.8655
GSM9237932_unc30_15,GSM9237932,12,AIS,0.3,EC venous pulmonary,Endothelial,Blood vessels,33,51146,0.8655
GSM9237932_unc30_16,GSM9237932,12,AIS,0.3,Goblet (nasal),Epithelial,Airway epithelium,3,8599,0.8655
GSM9237932_unc30_17,GSM9237932,12,AIS,0.3,Goblet (subsegmental),Epithelial,Airway epithelium,3,22291,0.8655
GSM9237932_unc30_18,GSM9237932,12,AIS,0.3,Interstitial Mph perivascular,Immune,Myeloid,9,17106,0.8655
GSM9237932_unc30_19,GSM9237932,12,AIS,0.3,Lymphatic EC differentiating,Endothelial,Lymphatic EC,14,19438,0.8655
GSM9237932_unc30_20,GSM9237932,12,AIS,0.3,Mast cells,Immune,Myeloid,37,51825,0.8655
GSM9237932_unc30_21,GSM9237932,12,AIS,0.3,Migratory DCs,Immune,Myeloid,1,2491,0.8655
GSM9237932_unc30_22,GSM9237932,12,AIS,0.3,Monocyte-derived Mph,Immune,Myeloid,2,2972,0.8655
GSM9237932_unc30_23,GSM9237932,12,AIS,0.3,Multiciliated (non-nasal),Epithelial,Airway epithelium,90,431560,0.8655
GSM9237932_unc30_24,GSM9237932,12,AIS,0.3,NK cells,Immune,Lymphoid,7,9954,0.8655
GSM9237932_unc30_25,GSM9237932,12,AIS,0.3,Neuroendocrine,Epithelial,Airway epithelium,1,4704,0.8655
GSM9237932_unc30_26,GSM9237932,12,AIS,0.3,Non-classical monocytes,Immune,Myeloid,7,16803,0.8655
GSM9237932_unc30_27,GSM9237932,12,AIS,0.3,Peribronchial fibroblasts,Stroma,Fibroblast lineage,1,3406,0.8655
GSM9237932_unc30_28,GSM9237932,12,AIS,0.3,Pericytes,Stroma,Fibroblast lineage,8,14677,0.8655
GSM9237932_unc30_29,GSM9237932,12,AIS,0.3,Plasma cells,Immune,Lymphoid,90,404241,0.8655
GSM9237932_unc30_30,GSM9237932,12,AIS,0.3,Plasmacytoid DCs,Immune,Myeloid,6,20175,0.8655
GSM9237932_unc30_31,GSM9237932,12,AIS,0.3,Smooth muscle,Stroma,Smooth muscle,4,5120,0.8655
GSM9237932_unc30_32,GSM9237932,12,AIS,0.3,T cells proliferating,Immune,Lymphoid,1,2712,0.8655
GSM9237932_unc30_33,GSM9237932,12,AIS,0.3,pre-TB secretory,Epithelial,Airway epithelium,10,42986,0.8655
GSM9237933_unc20_0,GSM9237933,12,LUAD,0.2,AT1,Epithelial,Alveolar epithelium,232,507993,0.8655
GSM9237933_unc20_1,GSM9237933,12,LUAD,0.2,AT2,Epithelial,Alveolar epithelium,547,3512631,0.8655
GSM9237933_unc20_2,GSM9237933,12,LUAD,0.2,Adventitial fibroblasts,Stroma,Fibroblast lineage,1,3078,0.8655
GSM9237933_unc20_3,GSM9237933,12,LUAD,0.2,Alveolar fibroblasts,Stroma,Fibroblast lineage,189,280199,0.8655
GSM9237933_unc20_4,GSM9237933,12,LUAD,0.2,Alveolar macrophages,Immune,Myeloid,37,262056,0.8655
GSM9237933_unc20_5,GSM9237933,12,LUAD,0.2,B cells,Immune,Lymphoid,4,5068,0.8655
GSM9237933_unc20_6,GSM9237933,12,LUAD,0.2,CD4 T cells,Immune,Lymphoid,19,22061,0.8655
GSM9237933_unc20_7,GSM9237933,12,LUAD,0.2,CD8 T cells,Immune,Lymphoid,3,3272,0.8655
GSM9237933_unc20_8,GSM9237933,12,LUAD,0.2,Classical monocytes,Immune,Myeloid,6,14266,0.8655
GSM9237933_unc20_9,GSM9237933,12,LUAD,0.2,EC aerocyte capillary,Endothelial,Blood vessels,11,16018,0.8655
GSM9237933_unc20_10,GSM9237933,12,LUAD,0.2,EC arterial,Endothelial,Blood vessels,28,52245,0.8655
GSM9237933_unc20_11,GSM9237933,12,LUAD,0.2,EC general capillary,Endothelial,Blood vessels,5,6912,0.8655
GSM9237933_unc20_12,GSM9237933,12,LUAD,0.2,EC venous pulmonary,Endothelial,Blood vessels,17,20879,0.8655
GSM9237933_unc20_13,GSM9237933,12,LUAD,0.2,EC venous systemic,Endothelial,Blood vessels,1,1998,0.8655
GSM9237933_unc20_14,GSM9237933,12,LUAD,0.2,Goblet (nasal),Epithelial,Airway epithelium,2,5549,0.8655
GSM9237933_unc20_15,GSM9237933,12,LUAD,0.2,Interstitial Mph perivascular,Immune,Myeloid,10,18417,0.8655
GSM9237933_unc20_16,GSM9237933,12,LUAD,0.2,Lymphatic EC differentiating,Endothelial,Lymphatic EC,5,5636,0.8655
GSM9237933_unc20_17,GSM9237933,12,LUAD,0.2,Mast cells,Immune,Myeloid,8,9505,0.8655
GSM9237933_unc20_18,GSM9237933,12,LUAD,0.2,Monocyte-derived Mph,Immune,Myeloid,9,21981,0.8655
GSM9237933_unc20_19,GSM9237933,12,LUAD,0.2,Multiciliated (non-nasal),Epithelial,Airway epithelium,33,152295,0.8655
GSM9237933_unc20_20,GSM9237933,12,LUAD,0.2,Myofibroblasts,Stroma,Fibroblast lineage,1,1079,0.8655
GSM9237933_unc20_21,GSM9237933,12,LUAD,0.2,NK cells,Immune,Lymphoid,1,1019,0.8655
GSM9237933_unc20_22,GSM9237933,12,LUAD,0.2,Non-classical monocytes,Immune,Myeloid,10,18323,0.8655
GSM9237933_unc20_23,GSM9237933,12,LUAD,0.2,Peribronchial fibroblasts,Stroma,Fibroblast lineage,1,1246,0.8655
GSM9237933_unc20_24,GSM9237933,12,LUAD,0.2,Pericytes,Stroma,Fibroblast lineage,5,6321,0.8655
GSM9237933_unc20_25,GSM9237933,12,LUAD,0.2,Plasma cells,Immune,Lymphoid,65,251653,0.8655
GSM9237933_unc20_26,GSM9237933,12,LUAD,0.2,Plasmacytoid DCs,Immune,Myeloid,5,9816,0.8655
GSM9237933_unc20_27,GSM9237933,12,LUAD,0.2,Smooth muscle,Stroma,Smooth muscle,2,3436,0.8655
GSM9237933_unc20_28,GSM9237933,12,LUAD,0.2,Suprabasal,Epithelial,Airway epithelium,1,1004,0.8655
GSM9237933_unc20_29,GSM9237933,12,LUAD,0.2,T cells proliferating,Immune,Lymphoid,1,1381,0.8655
GSM9237933_unc20_30,GSM9237933,12,LUAD,0.2,pre-TB secretory,Epithelial,Airway epithelium,1,2095,0.8655
GSM9237933_unc30_0,GSM9237933,12,LUAD,0.3,AT0,Epithelial,Airway epithelium,1,5529,0.8655
GSM9237933_unc30_1,GSM9237933,12,LUAD,0.3,AT1,Epithelial,Alveolar epithelium,254,660313,0.8655
GSM9237933_unc30_2,GSM9237933,12,LUAD,0.3,AT2,Epithelial,Alveolar epithelium,624,4073783,0.8655
GSM9237933_unc30_3,GSM9237933,12,LUAD,0.3,Adventitial fibroblasts,Stroma,Fibroblast lineage,3,14003,0.8655
GSM9237933_unc30_4,GSM9237933,12,LUAD,0.3,Alveolar fibroblasts,Stroma,Fibroblast lineage,211,331943,0.8655
GSM9237933_unc30_5,GSM9237933,12,LUAD,0.3,Alveolar macrophages,Immune,Myeloid,54,353035,0.8655
GSM9237933_unc30_6,GSM9237933,12,LUAD,0.3,B cells,Immune,Lymphoid,5,6087,0.8655
GSM9237933_unc30_7,GSM9237933,12,LUAD,0.3,CD4 T cells,Immune,Lymphoid,24,29471,0.8655
GSM9237933_unc30_8,GSM9237933,12,LUAD,0.3,CD8 T cells,Immune,Lymphoid,6,8231,0.8655
GSM9237933_unc30_9,GSM9237933,12,LUAD,0.3,Classical monocytes,Immune,Myeloid,12,24775,0.8655
GSM9237933_unc30_10,GSM9237933,12,LUAD,0.3,EC aerocyte capillary,Endothelial,Blood vessels,12,17395,0.8655
GSM9237933_unc30_11,GSM9237933,12,LUAD,0.3,EC arterial,Endothelial,Blood vessels,30,55936,0.8655
GSM9237933_unc30_12,GSM9237933,12,LUAD,0.3,EC general capillary,Endothelial,Blood vessels,8,11197,0.8655
GSM9237933_unc30_13,GSM9237933,12,LUAD,0.3,EC venous pulmonary,Endothelial,Blood vessels,19,27269,0.8655
GSM9237933_unc30_14,GSM9237933,12,LUAD,0.3,EC venous systemic,Endothelial,Blood vessels,4,7351,0.8655
GSM9237933_unc30_15,GSM9237933,12,LUAD,0.3,Goblet (nasal),Epithelial,Airway epithelium,4,13242,0.8655
GSM9237933_unc30_16,GSM9237933,12,LUAD,0.3,Interstitial Mph perivascular,Immune,Myeloid,21,35014,0.8655
GSM9237933_unc30_17,GSM9237933,12,LUAD,0.3,Lymphatic EC differentiating,Endothelial,Lymphatic EC,6,6668,0.8655
GSM9237933_unc30_18,GSM9237933,12,LUAD,0.3,Mast cells,Immune,Myeloid,8,9505,0.8655
GSM9237933_unc30_19,GSM9237933,12,LUAD,0.3,Migratory DCs,Immune,Myeloid,1,3218,0.8655
GSM9237933_unc30_20,GSM9237933,12,LUAD,0.3,Monocyte-derived Mph,Immune,Myeloid,17,39360,0.8655
GSM9237933_unc30_21,GSM9237933,12,LUAD,0.3,Multiciliated (non-nasal),Epithelial,Airway epithelium,35,154894,0.8655
GSM9237933_unc30_22,GSM9237933,12,LUAD,0.3,Myofibroblasts,Stroma,Fibroblast lineage,1,1079,0.8655
GSM9237933_unc30_23,GSM9237933,12,LUAD,0.3,NK cells,Immune,Lymphoid,4,4566,0.8655
GSM9237933_unc30_24,GSM9237933,12,LUAD,0.3,Non-classical monocytes,Immune,Myeloid,13,24850,0.8655
GSM9237933_unc30_25,GSM9237933,12,LUAD,0.3,Peribronchial fibroblasts,Stroma,Fibroblast lineage,5,11271,0.8655
GSM9237933_unc30_26,GSM9237933,12,LUAD,0.3,Pericytes,Stroma,Fibroblast lineage,6,10734,0.8655
GSM9237933_unc30_27,GSM9237933,12,LUAD,0.3,Plasma cells,Immune,Lymphoid,67,254103,0.8655
GSM9237933_unc30_28,GSM9237933,12,LUAD,0.3,Plasmacytoid DCs,Immune,Myeloid,5,9816,0.8655
GSM9237933_unc30_29,GSM9237933,12,LUAD,0.3,Smooth muscle,Stroma,Smooth muscle,4,6423,0.8655
GSM9237933_unc30_30,GSM9237933,12,LUAD,0.3,Suprabasal,Epithelial,Airway epithelium,1,1004,0.8655
GSM9237933_unc30_31,GSM9237933,12,LUAD,0.3,T cells proliferating,Immune,Lymphoid,1,1381,0.8655
GSM9237933_unc30_32,GSM9237933,12,LUAD,0.3,pre-TB secretory,Epithelial,Airway epithelium,1,2095,0.8655
GSM9237934_unc20_0,GSM9237934,13,normal,0.2,AT1,Epithelial,Alveolar epithelium,49,102032,0.8655
GSM9237934_unc20_1,GSM9237934,13,normal,0.2,AT2,Epithelial,Alveolar epithelium,97,345800,0.8655
GSM9237934_unc20_2,GSM9237934,13,normal,0.2,Alveolar fibroblasts,Stroma,Fibroblast lineage,89,165181,0.8655
GSM9237934_unc20_3,GSM9237934,13,normal,0.2,Alveolar macrophages,Immune,Myeloid,7,76868,0.8655
GSM9237934_unc20_4,GSM9237934,13,normal,0.2,B cells,Immune,Lymphoid,1,1002,0.8655
GSM9237934_unc20_5,GSM9237934,13,normal,0.2,Basal resting,Epithelial,Airway epithelium,4,5382,0.8655
GSM9237934_unc20_6,GSM9237934,13,normal,0.2,CD4 T cells,Immune,Lymphoid,5,6560,0.8655
GSM9237934_unc20_7,GSM9237934,13,normal,0.2,CD8 T cells,Immune,Lymphoid,10,12489,0.8655
GSM9237934_unc20_8,GSM9237934,13,normal,0.2,Classical monocytes,Immune,Myeloid,1,3580,0.8655
GSM9237934_unc20_9,GSM9237934,13,normal,0.2,EC aerocyte capillary,Endothelial,Blood vessels,9,11434,0.8655
GSM9237934_unc20_10,GSM9237934,13,normal,0.2,EC arterial,Endothelial,Blood vessels,15,19886,0.8655
GSM9237934_unc20_11,GSM9237934,13,normal,0.2,EC general capillary,Endothelial,Blood vessels,13,16214,0.8655
GSM9237934_unc20_12,GSM9237934,13,normal,0.2,EC venous pulmonary,Endothelial,Blood vessels,3,3870,0.8655
GSM9237934_unc20_13,GSM9237934,13,normal,0.2,Interstitial Mph perivascular,Immune,Myeloid,2,4234,0.8655
GSM9237934_unc20_14,GSM9237934,13,normal,0.2,Lymphatic EC differentiating,Endothelial,Lymphatic EC,4,6486,0.8655
GSM9237934_unc20_15,GSM9237934,13,normal,0.2,Mast cells,Immune,Myeloid,15,19743,0.8655
GSM9237934_unc20_16,GSM9237934,13,normal,0.2,Monocyte-derived Mph,Immune,Myeloid,1,3832,0.8655
GSM9237934_unc20_17,GSM9237934,13,normal,0.2,Multiciliated (non-nasal),Epithelial,Airway epithelium,8,42624,0.8655
GSM9237934_unc20_18,GSM9237934,13,normal,0.2,Myofibroblasts,Stroma,Fibroblast lineage,1,1105,0.8655
GSM9237934_unc20_19,GSM9237934,13,normal,0.2,NK cells,Immune,Lymphoid,2,3353,0.8655
GSM9237934_unc20_20,GSM9237934,13,normal,0.2,Non-classical monocytes,Immune,Myeloid,2,6086,0.8655
GSM9237934_unc20_21,GSM9237934,13,normal,0.2,Pericytes,Stroma,Fibroblast lineage,1,2280,0.8655
GSM9237934_unc20_22,GSM9237934,13,normal,0.2,Plasma cells,Immune,Lymphoid,8,14841,0.8655
GSM9237934_unc20_23,GSM9237934,13,normal,0.2,Plasmacytoid DCs,Immune,Myeloid,1,1036,0.8655
GSM9237934_unc20_24,GSM9237934,13,normal,0.2,SM activated stress response,Stroma,Smooth muscle,1,1245,0.8655
GSM9237934_unc20_25,GSM9237934,13,normal,0.2,Smooth muscle,Stroma,Smooth muscle,4,4571,0.8655
GSM9237934_unc20_26,GSM9237934,13,normal,0.2,pre-TB secretory,Epithelial,Airway epithelium,1,2227,0.8655
GSM9237934_unc30_0,GSM9237934,13,normal,0.3,AT1,Epithelial,Alveolar epithelium,50,103706,0.8655
GSM9237934_unc30_1,GSM9237934,13,normal,0.3,AT2,Epithelial,Alveolar epithelium,97,345800,0.8655
GSM9237934_unc30_2,GSM9237934,13,normal,0.3,Alveolar fibroblasts,Stroma,Fibroblast lineage,104,205460,0.8655
GSM9237934_unc30_3,GSM9237934,13,normal,0.3,Alveolar macrophages,Immune,Myeloid,7,76868,0.8655
GSM9237934_unc30_4,GSM9237934,13,normal,0.3,B cells,Immune,Lymphoid,1,1002,0.8655
GSM9237934_unc30_5,GSM9237934,13,normal,0.3,Basal resting,Epithelial,Airway epithelium,4,5382,0.8655
GSM9237934_unc30_6,GSM9237934,13,normal,0.3,CD4 T cells,Immune,Lymphoid,7,9214,0.8655
GSM9237934_unc30_7,GSM9237934,13,normal,0.3,CD8 T cells,Immune,Lymphoid,13,16198,0.8655
GSM9237934_unc30_8,GSM9237934,13,normal,0.3,Classical monocytes,Immune,Myeloid,1,3580,0.8655
GSM9237934_unc30_9,GSM9237934,13,normal,0.3,Club (non-nasal),Epithelial,Airway epithelium,1,5172,0.8655
GSM9237934_unc30_10,GSM9237934,13,normal,0.3,EC aerocyte capillary,Endothelial,Blood vessels,11,13661,0.8655
GSM9237934_unc30_11,GSM9237934,13,normal,0.3,EC arterial,Endothelial,Blood vessels,15,19886,0.8655
GSM9237934_unc30_12,GSM9237934,13,normal,0.3,EC general capillary,Endothelial,Blood vessels,17,21411,0.8655
GSM9237934_unc30_13,GSM9237934,13,normal,0.3,EC venous pulmonary,Endothelial,Blood vessels,4,4901,0.8655
GSM9237934_unc30_14,GSM9237934,13,normal,0.3,Goblet (nasal),Epithelial,Airway epithelium,1,74352,0.8655
GSM9237934_unc30_15,GSM9237934,13,normal,0.3,Interstitial Mph perivascular,Immune,Myeloid,2,4234,0.8655
GSM9237934_unc30_16,GSM9237934,13,normal,0.3,Lymphatic EC differentiating,Endothelial,Lymphatic EC,5,7777,0.8655
GSM9237934_unc30_17,GSM9237934,13,normal,0.3,Mast cells,Immune,Myeloid,15,19743,0.8655
GSM9237934_unc30_18,GSM9237934,13,normal,0.3,Monocyte-derived Mph,Immune,Myeloid,2,6013,0.8655
GSM9237934_unc30_19,GSM9237934,13,normal,0.3,Multiciliated (non-nasal),Epithelial,Airway epithelium,10,46109,0.8655
GSM9237934_unc30_20,GSM9237934,13,normal,0.3,Myofibroblasts,Stroma,Fibroblast lineage,1,1105,0.8655
GSM9237934_unc30_21,GSM9237934,13,normal,0.3,NK cells,Immune,Lymphoid,3,4543,0.8655
GSM9237934_unc30_22,GSM9237934,13,normal,0.3,Non-classical monocytes,Immune,Myeloid,3,8488,0.8655
GSM9237934_unc30_23,GSM9237934,13,normal,0.3,Pericytes,Stroma,Fibroblast lineage,1,2280,0.8655
GSM9237934_unc30_24,GSM9237934,13,normal,0.3,Plasma cells,Immune,Lymphoid,8,14841,0.8655
GSM9237934_unc30_25,GSM9237934,13,normal,0.3,Plasmacytoid DCs,Immune,Myeloid,1,1036,0.8655
GSM9237934_unc30_26,GSM9237934,13,normal,0.3,SM activated stress response,Stroma,Smooth muscle,1,1245,0.8655
GSM9237934_unc30_27,GSM9237934,13,normal,0.3,Smooth muscle,Stroma,Smooth muscle,5,5656,0.8655
GSM9237934_unc30_28,GSM9237934,13,normal,0.3,pre-TB secretory,Epithelial,Airway epithelium,1,2227,0.8655
GSM9237935_unc20_0,GSM9237935,13,MIA,0.2,AT1,Epithelial,Alveolar epithelium,207,407975,0.8655
GSM9237935_unc20_1,GSM9237935,13,MIA,0.2,AT2,Epithelial,Alveolar epithelium,319,1342302,0.8655
GSM9237935_unc20_2,GSM9237935,13,MIA,0.2,Adventitial fibroblasts,Stroma,Fibroblast lineage,9,21470,0.8655
GSM9237935_unc20_3,GSM9237935,13,MIA,0.2,Alveolar fibroblasts,Stroma,Fibroblast lineage,288,461024,0.8655
GSM9237935_unc20_4,GSM9237935,13,MIA,0.2,Alveolar macrophages,Immune,Myeloid,80,638246,0.8655
GSM9237935_unc20_5,GSM9237935,13,MIA,0.2,B cells,Immune,Lymphoid,12,16488,0.8655
GSM9237935_unc20_6,GSM9237935,13,MIA,0.2,Basal resting,Epithelial,Airway epithelium,13,19636,0.8655
GSM9237935_unc20_7,GSM9237935,13,MIA,0.2,CD4 T cells,Immune,Lymphoid,24,31455,0.8655
GSM9237935_unc20_8,GSM9237935,13,MIA,0.2,CD8 T cells,Immune,Lymphoid,42,50497,0.8655
GSM9237935_unc20_9,GSM9237935,13,MIA,0.2,Classical monocytes,Immune,Myeloid,4,9102,0.8655
GSM9237935_unc20_10,GSM9237935,13,MIA,0.2,Club (non-nasal),Epithelial,Airway epithelium,3,13877,0.8655
GSM9237935_unc20_11,GSM9237935,13,MIA,0.2,EC aerocyte capillary,Endothelial,Blood vessels,28,35315,0.8655
GSM9237935_unc20_12,GSM9237935,13,MIA,0.2,EC arterial,Endothelial,Blood vessels,46,72321,0.8655
GSM9237935_unc20_13,GSM9237935,13,MIA,0.2,EC general capillary,Endothelial,Blood vessels,28,34565,0.8655
GSM9237935_unc20_14,GSM9237935,13,MIA,0.2,EC venous pulmonary,Endothelial,Blood vessels,27,40601,0.8655
GSM9237935_unc20_15,GSM9237935,13,MIA,0.2,Interstitial Mph perivascular,Immune,Myeloid,18,25807,0.8655
GSM9237935_unc20_16,GSM9237935,13,MIA,0.2,Lymphatic EC differentiating,Endothelial,Lymphatic EC,7,9158,0.8655
GSM9237935_unc20_17,GSM9237935,13,MIA,0.2,Mast cells,Immune,Myeloid,27,36789,0.8655
GSM9237935_unc20_18,GSM9237935,13,MIA,0.2,Migratory DCs,Immune,Myeloid,1,4363,0.8655
GSM9237935_unc20_19,GSM9237935,13,MIA,0.2,Monocyte-derived Mph,Immune,Myeloid,4,5116,0.8655
GSM9237935_unc20_20,GSM9237935,13,MIA,0.2,Multiciliated (non-nasal),Epithelial,Airway epithelium,64,416918,0.8655
GSM9237935_unc20_21,GSM9237935,13,MIA,0.2,NK cells,Immune,Lymphoid,14,18055,0.8655
GSM9237935_unc20_22,GSM9237935,13,MIA,0.2,Non-classical monocytes,Immune,Myeloid,10,20318,0.8655
GSM9237935_unc20_23,GSM9237935,13,MIA,0.2,Peribronchial fibroblasts,Stroma,Fibroblast lineage,1,2045,0.8655
GSM9237935_unc20_24,GSM9237935,13,MIA,0.2,Pericytes,Stroma,Fibroblast lineage,23,31789,0.8655
GSM9237935_unc20_25,GSM9237935,13,MIA,0.2,Plasma cells,Immune,Lymphoid,30,131953,0.8655
GSM9237935_unc20_26,GSM9237935,13,MIA,0.2,Plasmacytoid DCs,Immune,Myeloid,7,15796,0.8655
GSM9237935_unc20_27,GSM9237935,13,MIA,0.2,Smooth muscle,Stroma,Smooth muscle,10,13425,0.8655
GSM9237935_unc20_28,GSM9237935,13,MIA,0.2,T cells proliferating,Immune,Lymphoid,1,2943,0.8655
GSM9237935_unc20_29,GSM9237935,13,MIA,0.2,pre-TB secretory,Epithelial,Airway epithelium,5,11880,0.8655
GSM9237935_unc30_0,GSM9237935,13,MIA,0.3,AT1,Epithelial,Alveolar epithelium,210,416845,0.8655
GSM9237935_unc30_1,GSM9237935,13,MIA,0.3,AT2,Epithelial,Alveolar epithelium,343,1579329,0.8655
GSM9237935_unc30_2,GSM9237935,13,MIA,0.3,Adventitial fibroblasts,Stroma,Fibroblast lineage,13,30209,0.8655
GSM9237935_unc30_3,GSM9237935,13,MIA,0.3,Alveolar fibroblasts,Stroma,Fibroblast lineage,307,490153,0.8655
GSM9237935_unc30_4,GSM9237935,13,MIA,0.3,Alveolar macrophages,Immune,Myeloid,92,701714,0.8655
GSM9237935_unc30_5,GSM9237935,13,MIA,0.3,B cells,Immune,Lymphoid,12,16488,0.8655
GSM9237935_unc30_6,GSM9237935,13,MIA,0.3,Basal resting,Epithelial,Airway epithelium,14,21416,0.8655
GSM9237935_unc30_7,GSM9237935,13,MIA,0.3,CD4 T cells,Immune,Lymphoid,34,44051,0.8655
GSM9237935_unc30_8,GSM9237935,13,MIA,0.3,CD8 T cells,Immune,Lymphoid,56,69801,0.8655
GSM9237935_unc30_9,GSM9237935,13,MIA,0.3,Classical monocytes,Immune,Myeloid,10,20570,0.8655
GSM9237935_unc30_10,GSM9237935,13,MIA,0.3,Club (non-nasal),Epithelial,Airway epithelium,4,18114,0.8655
GSM9237935_unc30_11,GSM9237935,13,MIA,0.3,DC2,Immune,Myeloid,1,4601,0.8655
GSM9237935_unc30_12,GSM9237935,13,MIA,0.3,EC aerocyte capillary,Endothelial,Blood vessels,31,39355,0.8655
GSM9237935_unc30_13,GSM9237935,13,MIA,0.3,EC arterial,Endothelial,Blood vessels,49,76088,0.8655
GSM9237935_unc30_14,GSM9237935,13,MIA,0.3,EC general capillary,Endothelial,Blood vessels,35,43197,0.8655
GSM9237935_unc30_15,GSM9237935,13,MIA,0.3,EC venous pulmonary,Endothelial,Blood vessels,32,48360,0.8655
GSM9237935_unc30_16,GSM9237935,13,MIA,0.3,Goblet (bronchial),Epithelial,Airway epithelium,1,1711,0.8655
GSM9237935_unc30_17,GSM9237935,13,MIA,0.3,Goblet (nasal),Epithelial,Airway epithelium,1,14537,0.8655
GSM9237935_unc30_18,GSM9237935,13,MIA,0.3,Interstitial Mph perivascular,Immune,Myeloid,23,33445,0.8655
GSM9237935_unc30_19,GSM9237935,13,MIA,0.3,Lymphatic EC differentiating,Endothelial,Lymphatic EC,7,9158,0.8655
GSM9237935_unc30_20,GSM9237935,13,MIA,0.3,Mast cells,Immune,Myeloid,27,36789,0.8655
GSM9237935_unc30_21,GSM9237935,13,MIA,0.3,Migratory DCs,Immune,Myeloid,1,4363,0.8655
GSM9237935_unc30_22,GSM9237935,13,MIA,0.3,Monocyte-derived Mph,Immune,Myeloid,12,26847,0.8655
GSM9237935_unc30_23,GSM9237935,13,MIA,0.3,Multiciliated (non-nasal),Epithelial,Airway epithelium,64,416918,0.8655
GSM9237935_unc30_24,GSM9237935,13,MIA,0.3,Myofibroblasts,Stroma,Fibroblast lineage,1,1088,0.8655
GSM9237935_unc30_25,GSM9237935,13,MIA,0.3,NK cells,Immune,Lymphoid,16,20219,0.8655
GSM9237935_unc30_26,GSM9237935,13,MIA,0.3,Non-classical monocytes,Immune,Myeloid,10,20318,0.8655
GSM9237935_unc30_27,GSM9237935,13,MIA,0.3,Peribronchial fibroblasts,Stroma,Fibroblast lineage,4,11413,0.8655
GSM9237935_unc30_28,GSM9237935,13,MIA,0.3,Pericytes,Stroma,Fibroblast lineage,28,54097,0.8655
GSM9237935_unc30_29,GSM9237935,13,MIA,0.3,Plasma cells,Immune,Lymphoid,30,131953,0.8655
GSM9237935_unc30_30,GSM9237935,13,MIA,0.3,Plasmacytoid DCs,Immune,Myeloid,8,16942,0.8655
GSM9237935_unc30_31,GSM9237935,13,MIA,0.3,Smooth muscle,Stroma,Smooth muscle,16,21175,0.8655
GSM9237935_unc30_32,GSM9237935,13,MIA,0.3,T cells proliferating,Immune,Lymphoid,1,2943,0.8655
GSM9237935_unc30_33,GSM9237935,13,MIA,0.3,pre-TB secretory,Epithelial,Airway epithelium,9,17618,0.8655
GSM9237936_unc20_0,GSM9237936,13,LUAD,0.2,AT1,Epithelial,Alveolar epithelium,41,111006,0.8655
GSM9237936_unc20_1,GSM9237936,13,LUAD,0.2,AT2,Epithelial,Alveolar epithelium,181,975454,0.8655
GSM9237936_unc20_2,GSM9237936,13,LUAD,0.2,Adventitial fibroblasts,Stroma,Fibroblast lineage,8,24011,0.8655
GSM9237936_unc20_3,GSM9237936,13,LUAD,0.2,Alveolar fibroblasts,Stroma,Fibroblast lineage,188,437926,0.8655
GSM9237936_unc20_4,GSM9237936,13,LUAD,0.2,Alveolar macrophages,Immune,Myeloid,32,331129,0.8655
GSM9237936_unc20_5,GSM9237936,13,LUAD,0.2,B cells,Immune,Lymphoid,97,120373,0.8655
GSM9237936_unc20_6,GSM9237936,13,LUAD,0.2,Basal resting,Epithelial,Airway epithelium,6,10785,0.8655
GSM9237936_unc20_7,GSM9237936,13,LUAD,0.2,CD4 T cells,Immune,Lymphoid,52,71875,0.8655
GSM9237936_unc20_8,GSM9237936,13,LUAD,0.2,CD8 T cells,Immune,Lymphoid,72,93529,0.8655
GSM9237936_unc20_9,GSM9237936,13,LUAD,0.2,EC aerocyte capillary,Endothelial,Blood vessels,5,8494,0.8655
GSM9237936_unc20_10,GSM9237936,13,LUAD,0.2,EC arterial,Endothelial,Blood vessels,19,45127,0.8655
GSM9237936_unc20_11,GSM9237936,13,LUAD,0.2,EC general capillary,Endothelial,Blood vessels,5,6497,0.8655
GSM9237936_unc20_12,GSM9237936,13,LUAD,0.2,EC venous pulmonary,Endothelial,Blood vessels,11,18826,0.8655
GSM9237936_unc20_13,GSM9237936,13,LUAD,0.2,EC venous systemic,Endothelial,Blood vessels,7,15776,0.8655
GSM9237936_unc20_14,GSM9237936,13,LUAD,0.2,Interstitial Mph perivascular,Immune,Myeloid,31,66176,0.8655
GSM9237936_unc20_15,GSM9237936,13,LUAD,0.2,Lymphatic EC differentiating,Endothelial,Lymphatic EC,27,59847,0.8655
GSM9237936_unc20_16,GSM9237936,13,LUAD,0.2,Mast cells,Immune,Myeloid,37,54968,0.8655
GSM9237936_unc20_17,GSM9237936,13,LUAD,0.2,Migratory DCs,Immune,Myeloid,6,23290,0.8655
GSM9237936_unc20_18,GSM9237936,13,LUAD,0.2,Monocyte-derived Mph,Immune,Myeloid,4,14048,0.8655
GSM9237936_unc20_19,GSM9237936,13,LUAD,0.2,Multiciliated (non-nasal),Epithelial,Airway epithelium,16,180449,0.8655
GSM9237936_unc20_20,GSM9237936,13,LUAD,0.2,Myofibroblasts,Stroma,Fibroblast lineage,1,1014,0.8655
GSM9237936_unc20_21,GSM9237936,13,LUAD,0.2,NK cells,Immune,Lymphoid,4,5059,0.8655
GSM9237936_unc20_22,GSM9237936,13,LUAD,0.2,Non-classical monocytes,Immune,Myeloid,3,6982,0.8655
GSM9237936_unc20_23,GSM9237936,13,LUAD,0.2,Peribronchial fibroblasts,Stroma,Fibroblast lineage,31,94022,0.8655
GSM9237936_unc20_24,GSM9237936,13,LUAD,0.2,Pericytes,Stroma,Fibroblast lineage,19,58525,0.8655
GSM9237936_unc20_25,GSM9237936,13,LUAD,0.2,Plasma cells,Immune,Lymphoid,148,1007603,0.8655
GSM9237936_unc20_26,GSM9237936,13,LUAD,0.2,Plasmacytoid DCs,Immune,Myeloid,5,15399,0.8655
GSM9237936_unc20_27,GSM9237936,13,LUAD,0.2,Smooth muscle,Stroma,Smooth muscle,14,26499,0.8655
GSM9237936_unc30_0,GSM9237936,13,LUAD,0.3,AT1,Epithelial,Alveolar epithelium,43,115304,0.8655
GSM9237936_unc30_1,GSM9237936,13,LUAD,0.3,AT2,Epithelial,Alveolar epithelium,211,1188037,0.8655
GSM9237936_unc30_2,GSM9237936,13,LUAD,0.3,Adventitial fibroblasts,Stroma,Fibroblast lineage,9,25404,0.8655
GSM9237936_unc30_3,GSM9237936,13,LUAD,0.3,Alveolar fibroblasts,Stroma,Fibroblast lineage,234,545581,0.8655
GSM9237936_unc30_4,GSM9237936,13,LUAD,0.3,Alveolar macrophages,Immune,Myeloid,37,387901,0.8655
GSM9237936_unc30_5,GSM9237936,13,LUAD,0.3,B cells,Immune,Lymphoid,107,132658,0.8655
GSM9237936_unc30_6,GSM9237936,13,LUAD,0.3,Basal resting,Epithelial,Airway epithelium,7,12990,0.8655
GSM9237936_unc30_7,GSM9237936,13,LUAD,0.3,CD4 T cells,Immune,Lymphoid,74,110888,0.8655
GSM9237936_unc30_8,GSM9237936,13,LUAD,0.3,CD8 T cells,Immune,Lymphoid,108,141192,0.8655
GSM9237936_unc30_9,GSM9237936,13,LUAD,0.3,EC aerocyte capillary,Endothelial,Blood vessels,5,8494,0.8655
GSM9237936_unc30_10,GSM9237936,13,LUAD,0.3,EC arterial,Endothelial,Blood vessels,26,58279,0.8655
GSM9237936_unc30_11,GSM9237936,13,LUAD,0.3,EC general capillary,Endothelial,Blood vessels,6,7499,0.8655
GSM9237936_unc30_12,GSM9237936,13,LUAD,0.3,EC venous pulmonary,Endothelial,Blood vessels,14,26021,0.8655
GSM9237936_unc30_13,GSM9237936,13,LUAD,0.3,EC venous systemic,Endothelial,Blood vessels,17,41730,0.8655
GSM9237936_unc30_14,GSM9237936,13,LUAD,0.3,Interstitial Mph perivascular,Immune,Myeloid,59,118972,0.8655
GSM9237936_unc30_15,GSM9237936,13,LUAD,0.3,Lymphatic EC differentiating,Endothelial,Lymphatic EC,32,71614,0.8655
GSM9237936_unc30_16,GSM9237936,13,LUAD,0.3,Mast cells,Immune,Myeloid,37,54968,0.8655
GSM9237936_unc30_17,GSM9237936,13,LUAD,0.3,Migratory DCs,Immune,Myeloid,7,24996,0.8655
GSM9237936_unc30_18,GSM9237936,13,LUAD,0.3,Monocyte-derived Mph,Immune,Myeloid,11,32531,0.8655
GSM9237936_unc30_19,GSM9237936,13,LUAD,0.3,Multiciliated (non-nasal),Epithelial,Airway epithelium,18,184927,0.8655
GSM9237936_unc30_20,GSM9237936,13,LUAD,0.3,Myofibroblasts,Stroma,Fibroblast lineage,1,1014,0.8655
GSM9237936_unc30_21,GSM9237936,13,LUAD,0.3,NK cells,Immune,Lymphoid,6,8081,0.8655
GSM9237936_unc30_22,GSM9237936,13,LUAD,0.3,Non-classical monocytes,Immune,Myeloid,6,14144,0.8655
GSM9237936_unc30_23,GSM9237936,13,LUAD,0.3,Peribronchial fibroblasts,Stroma,Fibroblast lineage,54,157018,0.8655
GSM9237936_unc30_24,GSM9237936,13,LUAD,0.3,Pericytes,Stroma,Fibroblast lineage,29,106789,0.8655
GSM9237936_unc30_25,GSM9237936,13,LUAD,0.3,Plasma cells,Immune,Lymphoid,152,1019105,0.8655
GSM9237936_unc30_26,GSM9237936,13,LUAD,0.3,Plasmacytoid DCs,Immune,Myeloid,5,15399,0.8655
GSM9237936_unc30_27,GSM9237936,13,LUAD,0.3,Smooth muscle,Stroma,Smooth muscle,22,46530,0.8655
GSM9237936_unc30_28,GSM9237936,13,LUAD,0.3,T cells proliferating,Immune,Lymphoid,1,2790,0.8655
GSM9237937_unc20_0,GSM9237937,14,normal,0.2,AT0,Epithelial,Airway epithelium,1,2302,0.8655
GSM9237937_unc20_1,GSM9237937,14,normal,0.2,AT1,Epithelial,Alveolar epithelium,146,243715,0.8655
GSM9237937_unc20_2,GSM9237937,14,normal,0.2,AT2,Epithelial,Alveolar epithelium,142,398226,0.8655
GSM9237937_unc20_3,GSM9237937,14,normal,0.2,Adventitial fibroblasts,Stroma,Fibroblast lineage,5,8572,0.8655
GSM9237937_unc20_4,GSM9237937,14,normal,0.2,Alveolar fibroblasts,Stroma,Fibroblast lineage,65,242581,0.8655
GSM9237937_unc20_5,GSM9237937,14,normal,0.2,Alveolar macrophages,Immune,Myeloid,97,660645,0.8655
GSM9237937_unc20_6,GSM9237937,14,normal,0.2,B cells,Immune,Lymphoid,2,2493,0.8655
GSM9237937_unc20_7,GSM9237937,14,normal,0.2,Basal resting,Epithelial,Airway epithelium,9,17556,0.8655
GSM9237937_unc20_8,GSM9237937,14,normal,0.2,CD4 T cells,Immune,Lymphoid,5,5983,0.8655
GSM9237937_unc20_9,GSM9237937,14,normal,0.2,CD8 T cells,Immune,Lymphoid,8,9706,0.8655
GSM9237937_unc20_10,GSM9237937,14,normal,0.2,Classical monocytes,Immune,Myeloid,4,10353,0.8655
GSM9237937_unc20_11,GSM9237937,14,normal,0.2,Club (non-nasal),Epithelial,Airway epithelium,2,3173,0.8655
GSM9237937_unc20_12,GSM9237937,14,normal,0.2,EC aerocyte capillary,Endothelial,Blood vessels,26,42993,0.8655
GSM9237937_unc20_13,GSM9237937,14,normal,0.2,EC arterial,Endothelial,Blood vessels,10,18461,0.8655
GSM9237937_unc20_14,GSM9237937,14,normal,0.2,EC general capillary,Endothelial,Blood vessels,15,20164,0.8655
GSM9237937_unc20_15,GSM9237937,14,normal,0.2,EC venous pulmonary,Endothelial,Blood vessels,5,6113,0.8655
GSM9237937_unc20_16,GSM9237937,14,normal,0.2,Interstitial Mph perivascular,Immune,Myeloid,1,2049,0.8655
GSM9237937_unc20_17,GSM9237937,14,normal,0.2,Lymphatic EC differentiating,Endothelial,Lymphatic EC,2,3015,0.8655
GSM9237937_unc20_18,GSM9237937,14,normal,0.2,Mast cells,Immune,Myeloid,7,7761,0.8655
GSM9237937_unc20_19,GSM9237937,14,normal,0.2,Migratory DCs,Immune,Myeloid,1,1902,0.8655
GSM9237937_unc20_20,GSM9237937,14,normal,0.2,Monocyte-derived Mph,Immune,Myeloid,4,9553,0.8655
GSM9237937_unc20_21,GSM9237937,14,normal,0.2,Multiciliated (non-nasal),Epithelial,Airway epithelium,25,56154,0.8655
GSM9237937_unc20_22,GSM9237937,14,normal,0.2,NK cells,Immune,Lymphoid,7,8838,0.8655
GSM9237937_unc20_23,GSM9237937,14,normal,0.2,Non-classical monocytes,Immune,Myeloid,8,14126,0.8655
GSM9237937_unc20_24,GSM9237937,14,normal,0.2,Pericytes,Stroma,Fibroblast lineage,4,4989,0.8655
GSM9237937_unc20_25,GSM9237937,14,normal,0.2,Plasma cells,Immune,Lymphoid,3,10712,0.8655
GSM9237937_unc20_26,GSM9237937,14,normal,0.2,Plasmacytoid DCs,Immune,Myeloid,7,20733,0.8655
GSM9237937_unc20_27,GSM9237937,14,normal,0.2,Smooth muscle,Stroma,Smooth muscle,6,9033,0.8655
GSM9237937_unc20_28,GSM9237937,14,normal,0.2,pre-TB secretory,Epithelial,Airway epithelium,1,2584,0.8655
GSM9237937_unc30_0,GSM9237937,14,normal,0.3,AT0,Epithelial,Airway epithelium,4,7078,0.8655
GSM9237937_unc30_1,GSM9237937,14,normal,0.3,AT1,Epithelial,Alveolar epithelium,149,263373,0.8655
GSM9237937_unc30_2,GSM9237937,14,normal,0.3,AT2,Epithelial,Alveolar epithelium,147,419872,0.8655
GSM9237937_unc30_3,GSM9237937,14,normal,0.3,Adventitial fibroblasts,Stroma,Fibroblast lineage,7,11874,0.8655
GSM9237937_unc30_4,GSM9237937,14,normal,0.3,Alveolar fibroblasts,Stroma,Fibroblast lineage,74,273984,0.8655
GSM9237937_unc30_5,GSM9237937,14,normal,0.3,Alveolar macrophages,Immune,Myeloid,107,754062,0.8655
GSM9237937_unc30_6,GSM9237937,14,normal,0.3,B cells,Immune,Lymphoid,2,2493,0.8655
GSM9237937_unc30_7,GSM9237937,14,normal,0.3,Basal resting,Epithelial,Airway epithelium,9,17556,0.8655
GSM9237937_unc30_8,GSM9237937,14,normal,0.3,CD4 T cells,Immune,Lymphoid,9,11261,0.8655
GSM9237937_unc30_9,GSM9237937,14,normal,0.3,CD8 T cells,Immune,Lymphoid,11,13770,0.8655
GSM9237937_unc30_10,GSM9237937,14,normal,0.3,Classical monocytes,Immune,Myeloid,6,16379,0.8655
GSM9237937_unc30_11,GSM9237937,14,normal,0.3,Club (non-nasal),Epithelial,Airway epithelium,3,4885,0.8655
GSM9237937_unc30_12,GSM9237937,14,normal,0.3,EC aerocyte capillary,Endothelial,Blood vessels,26,42993,0.8655
GSM9237937_unc30_13,GSM9237937,14,normal,0.3,EC arterial,Endothelial,Blood vessels,10,18461,0.8655
GSM9237937_unc30_14,GSM9237937,14,normal,0.3,EC general capillary,Endothelial,Blood vessels,16,22486,0.8655
GSM9237937_unc30_15,GSM9237937,14,normal,0.3,EC venous pulmonary,Endothelial,Blood vessels,5,6113,0.8655
GSM9237937_unc30_16,GSM9237937,14,normal,0.3,Interstitial Mph perivascular,Immune,Myeloid,1,2049,0.8655
GSM9237937_unc30_17,GSM9237937,14,normal,0.3,Lymphatic EC differentiating,Endothelial,Lymphatic EC,2,3015,0.8655
GSM9237937_unc30_18,GSM9237937,14,normal,0.3,Mast cells,Immune,Myeloid,7,7761,0.8655
GSM9237937_unc30_19,GSM9237937,14,normal,0.3,Migratory DCs,Immune,Myeloid,1,1902,0.8655
GSM9237937_unc30_20,GSM9237937,14,normal,0.3,Monocyte-derived Mph,Immune,Myeloid,6,22021,0.8655
GSM9237937_unc30_21,GSM9237937,14,normal,0.3,Multiciliated (non-nasal),Epithelial,Airway epithelium,28,62263,0.8655
GSM9237937_unc30_22,GSM9237937,14,normal,0.3,NK cells,Immune,Lymphoid,8,9995,0.8655
GSM9237937_unc30_23,GSM9237937,14,normal,0.3,Non-classical monocytes,Immune,Myeloid,11,21956,0.8655
GSM9237937_unc30_24,GSM9237937,14,normal,0.3,Pericytes,Stroma,Fibroblast lineage,4,4989,0.8655
GSM9237937_unc30_25,GSM9237937,14,normal,0.3,Plasma cells,Immune,Lymphoid,3,10712,0.8655
GSM9237937_unc30_26,GSM9237937,14,normal,0.3,Plasmacytoid DCs,Immune,Myeloid,7,20733,0.8655
GSM9237937_unc30_27,GSM9237937,14,normal,0.3,Smooth muscle,Stroma,Smooth muscle,6,9033,0.8655
GSM9237937_unc30_28,GSM9237937,14,normal,0.3,pre-TB secretory,Epithelial,Airway epithelium,2,3894,0.8655
GSM9237938_unc20_0,GSM9237938,14,AIS,0.2,AT0,Epithelial,Airway epithelium,14,51968,0.8655
GSM9237938_unc20_1,GSM9237938,14,AIS,0.2,AT1,Epithelial,Alveolar epithelium,389,743734,0.8655
GSM9237938_unc20_2,GSM9237938,14,AIS,0.2,AT2,Epithelial,Alveolar epithelium,646,1926988,0.8655
GSM9237938_unc20_3,GSM9237938,14,AIS,0.2,Adventitial fibroblasts,Stroma,Fibroblast lineage,11,28295,0.8655
GSM9237938_unc20_4,GSM9237938,14,AIS,0.2,Alveolar Mph proliferating,Immune,Myeloid,1,9378,0.8655
GSM9237938_unc20_5,GSM9237938,14,AIS,0.2,Alveolar fibroblasts,Stroma,Fibroblast lineage,326,612158,0.8655
GSM9237938_unc20_6,GSM9237938,14,AIS,0.2,Alveolar macrophages,Immune,Myeloid,302,2406164,0.8655
GSM9237938_unc20_7,GSM9237938,14,AIS,0.2,B cells,Immune,Lymphoid,14,17316,0.8655
GSM9237938_unc20_8,GSM9237938,14,AIS,0.2,Basal resting,Epithelial,Airway epithelium,10,28846,0.8655
GSM9237938_unc20_9,GSM9237938,14,AIS,0.2,CD4 T cells,Immune,Lymphoid,21,30329,0.8655
GSM9237938_unc20_10,GSM9237938,14,AIS,0.2,CD8 T cells,Immune,Lymphoid,41,55589,0.8655
GSM9237938_unc20_11,GSM9237938,14,AIS,0.2,Classical monocytes,Immune,Myeloid,11,26666,0.8655
GSM9237938_unc20_12,GSM9237938,14,AIS,0.2,Deuterosomal,Epithelial,Airway epithelium,1,7472,0.8655
GSM9237938_unc20_13,GSM9237938,14,AIS,0.2,EC aerocyte capillary,Endothelial,Blood vessels,67,110950,0.8655
GSM9237938_unc20_14,GSM9237938,14,AIS,0.2,EC arterial,Endothelial,Blood vessels,38,65173,0.8655
GSM9237938_unc20_15,GSM9237938,14,AIS,0.2,EC general capillary,Endothelial,Blood vessels,44,56214,0.8655
GSM9237938_unc20_16,GSM9237938,14,AIS,0.2,EC venous pulmonary,Endothelial,Blood vessels,45,69658,0.8655
GSM9237938_unc20_17,GSM9237938,14,AIS,0.2,EC venous systemic,Endothelial,Blood vessels,1,2563,0.8655
GSM9237938_unc20_18,GSM9237938,14,AIS,0.2,Goblet (bronchial),Epithelial,Airway epithelium,1,1790,0.8655
GSM9237938_unc20_19,GSM9237938,14,AIS,0.2,Goblet (nasal),Epithelial,Airway epithelium,1,4549,0.8655
GSM9237938_unc20_20,GSM9237938,14,AIS,0.2,Interstitial Mph perivascular,Immune,Myeloid,21,33119,0.8655
GSM9237938_unc20_21,GSM9237938,14,AIS,0.2,Lymphatic EC differentiating,Endothelial,Lymphatic EC,12,14892,0.8655
GSM9237938_unc20_22,GSM9237938,14,AIS,0.2,Mast cells,Immune,Myeloid,13,15872,0.8655
GSM9237938_unc20_23,GSM9237938,14,AIS,0.2,Migratory DCs,Immune,Myeloid,1,1884,0.8655
GSM9237938_unc20_24,GSM9237938,14,AIS,0.2,Monocyte-derived Mph,Immune,Myeloid,11,21106,0.8655
GSM9237938_unc20_25,GSM9237938,14,AIS,0.2,Multiciliated (non-nasal),Epithelial,Airway epithelium,44,219153,0.8655
GSM9237938_unc20_26,GSM9237938,14,AIS,0.2,Myofibroblasts,Stroma,Fibroblast lineage,2,2395,0.8655
GSM9237938_unc20_27,GSM9237938,14,AIS,0.2,NK cells,Immune,Lymphoid,21,33605,0.8655
GSM9237938_unc20_28,GSM9237938,14,AIS,0.2,Neuroendocrine,Epithelial,Airway epithelium,2,5850,0.8655
GSM9237938_unc20_29,GSM9237938,14,AIS,0.2,Non-classical monocytes,Immune,Myeloid,22,43557,0.8655
GSM9237938_unc20_30,GSM9237938,14,AIS,0.2,Pericytes,Stroma,Fibroblast lineage,31,78702,0.8655
GSM9237938_unc20_31,GSM9237938,14,AIS,0.2,Plasma cells,Immune,Lymphoid,22,83780,0.8655
GSM9237938_unc20_32,GSM9237938,14,AIS,0.2,Plasmacytoid DCs,Immune,Myeloid,4,7367,0.8655
GSM9237938_unc20_33,GSM9237938,14,AIS,0.2,Smooth muscle,Stroma,Smooth muscle,24,40976,0.8655
GSM9237938_unc20_34,GSM9237938,14,AIS,0.2,pre-TB secretory,Epithelial,Airway epithelium,1,2203,0.8655
GSM9237938_unc30_0,GSM9237938,14,AIS,0.3,AT0,Epithelial,Airway epithelium,34,111932,0.8655
GSM9237938_unc30_1,GSM9237938,14,AIS,0.3,AT1,Epithelial,Alveolar epithelium,402,790891,0.8655
GSM9237938_unc30_2,GSM9237938,14,AIS,0.3,AT2,Epithelial,Alveolar epithelium,670,2040675,0.8655
GSM9237938_unc30_3,GSM9237938,14,AIS,0.3,AT2 proliferating,Epithelial,Alveolar epithelium,2,32498,0.8655
GSM9237938_unc30_4,GSM9237938,14,AIS,0.3,Adventitial fibroblasts,Stroma,Fibroblast lineage,17,48002,0.8655
GSM9237938_unc30_5,GSM9237938,14,AIS,0.3,Alveolar Mph proliferating,Immune,Myeloid,3,31998,0.8655
GSM9237938_unc30_6,GSM9237938,14,AIS,0.3,Alveolar fibroblasts,Stroma,Fibroblast lineage,353,799722,0.8655
GSM9237938_unc30_7,GSM9237938,14,AIS,0.3,Alveolar macrophages,Immune,Myeloid,371,2873881,0.8655
GSM9237938_unc30_8,GSM9237938,14,AIS,0.3,B cells,Immune,Lymphoid,14,17316,0.8655
GSM9237938_unc30_9,GSM9237938,14,AIS,0.3,Basal resting,Epithelial,Airway epithelium,11,30048,0.8655
GSM9237938_unc30_10,GSM9237938,14,AIS,0.3,CD4 T cells,Immune,Lymphoid,24,34431,0.8655
GSM9237938_unc30_11,GSM9237938,14,AIS,0.3,CD8 T cells,Immune,Lymphoid,51,69270,0.8655
GSM9237938_unc30_12,GSM9237938,14,AIS,0.3,Classical monocytes,Immune,Myeloid,15,31999,0.8655
GSM9237938_unc30_13,GSM9237938,14,AIS,0.3,Club (non-nasal),Epithelial,Airway epithelium,2,14675,0.8655
GSM9237938_unc30_14,GSM9237938,14,AIS,0.3,DC2,Immune,Myeloid,1,3347,0.8655
GSM9237938_unc30_15,GSM9237938,14,AIS,0.3,Deuterosomal,Epithelial,Airway epithelium,1,7472,0.8655
GSM9237938_unc30_16,GSM9237938,14,AIS,0.3,EC aerocyte capillary,Endothelial,Blood vessels,72,122107,0.8655
GSM9237938_unc30_17,GSM9237938,14,AIS,0.3,EC arterial,Endothelial,Blood vessels,39,66339,0.8655
GSM9237938_unc30_18,GSM9237938,14,AIS,0.3,EC general capillary,Endothelial,Blood vessels,47,61712,0.8655
GSM9237938_unc30_19,GSM9237938,14,AIS,0.3,EC venous pulmonary,Endothelial,Blood vessels,46,72019,0.8655
GSM9237938_unc30_20,GSM9237938,14,AIS,0.3,EC venous systemic,Endothelial,Blood vessels,2,3610,0.8655
GSM9237938_unc30_21,GSM9237938,14,AIS,0.3,Goblet (bronchial),Epithelial,Airway epithelium,1,1790,0.8655
GSM9237938_unc30_22,GSM9237938,14,AIS,0.3,Goblet (nasal),Epithelial,Airway epithelium,3,19998,0.8655
GSM9237938_unc30_23,GSM9237938,14,AIS,0.3,Interstitial Mph perivascular,Immune,Myeloid,28,43374,0.8655
GSM9237938_unc30_24,GSM9237938,14,AIS,0.3,Lymphatic EC differentiating,Endothelial,Lymphatic EC,12,14892,0.8655
GSM9237938_unc30_25,GSM9237938,14,AIS,0.3,Mast cells,Immune,Myeloid,14,16960,0.8655
GSM9237938_unc30_26,GSM9237938,14,AIS,0.3,Migratory DCs,Immune,Myeloid,1,1884,0.8655
GSM9237938_unc30_27,GSM9237938,14,AIS,0.3,Monocyte-derived Mph,Immune,Myeloid,23,65182,0.8655
GSM9237938_unc30_28,GSM9237938,14,AIS,0.3,Multiciliated (non-nasal),Epithelial,Airway epithelium,47,263576,0.8655
GSM9237938_unc30_29,GSM9237938,14,AIS,0.3,Myofibroblasts,Stroma,Fibroblast lineage,2,2395,0.8655
GSM9237938_unc30_30,GSM9237938,14,AIS,0.3,NK cells,Immune,Lymphoid,29,47670,0.8655
GSM9237938_unc30_31,GSM9237938,14,AIS,0.3,Neuroendocrine,Epithelial,Airway epithelium,2,5850,0.8655
GSM9237938_unc30_32,GSM9237938,14,AIS,0.3,Non-classical monocytes,Immune,Myeloid,28,56364,0.8655
GSM9237938_unc30_33,GSM9237938,14,AIS,0.3,Pericytes,Stroma,Fibroblast lineage,34,91015,0.8655
GSM9237938_unc30_34,GSM9237938,14,AIS,0.3,Plasma cells,Immune,Lymphoid,22,83780,0.8655
GSM9237938_unc30_35,GSM9237938,14,AIS,0.3,Plasmacytoid DCs,Immune,Myeloid,4,7367,0.8655
GSM9237938_unc30_36,GSM9237938,14,AIS,0.3,Smooth muscle,Stroma,Smooth muscle,27,44233,0.8655
GSM9237938_unc30_37,GSM9237938,14,AIS,0.3,pre-TB secretory,Epithelial,Airway epithelium,2,4125,0.8655
GSM9237939_unc20_0,GSM9237939,14,LUAD,0.2,AT0,Epithelial,Airway epithelium,2,7072,0.8655
GSM9237939_unc20_1,GSM9237939,14,LUAD,0.2,AT1,Epithelial,Alveolar epithelium,465,2292842,0.8655
GSM9237939_unc20_2,GSM9237939,14,LUAD,0.2,AT2,Epithelial,Alveolar epithelium,480,1649138,0.8655
GSM9237939_unc20_3,GSM9237939,14,LUAD,0.2,AT2 proliferating,Epithelial,Alveolar epithelium,3,32159,0.8655
GSM9237939_unc20_4,GSM9237939,14,LUAD,0.2,Adventitial fibroblasts,Stroma,Fibroblast lineage,9,18759,0.8655
GSM9237939_unc20_5,GSM9237939,14,LUAD,0.2,Alveolar fibroblasts,Stroma,Fibroblast lineage,241,367295,0.8655
GSM9237939_unc20_6,GSM9237939,14,LUAD,0.2,Alveolar macrophages,Immune,Myeloid,51,344106,0.8655
GSM9237939_unc20_7,GSM9237939,14,LUAD,0.2,B cells,Immune,Lymphoid,5,5208,0.8655
GSM9237939_unc20_8,GSM9237939,14,LUAD,0.2,Basal resting,Epithelial,Airway epithelium,1,1592,0.8655
GSM9237939_unc20_9,GSM9237939,14,LUAD,0.2,CD4 T cells,Immune,Lymphoid,38,50672,0.8655
GSM9237939_unc20_10,GSM9237939,14,LUAD,0.2,CD8 T cells,Immune,Lymphoid,20,29332,0.8655
GSM9237939_unc20_11,GSM9237939,14,LUAD,0.2,Classical monocytes,Immune,Myeloid,4,11255,0.8655
GSM9237939_unc20_12,GSM9237939,14,LUAD,0.2,Club (non-nasal),Epithelial,Airway epithelium,1,2023,0.8655
GSM9237939_unc20_13,GSM9237939,14,LUAD,0.2,EC aerocyte capillary,Endothelial,Blood vessels,41,57168,0.8655
GSM9237939_unc20_14,GSM9237939,14,LUAD,0.2,EC arterial,Endothelial,Blood vessels,28,51473,0.8655
GSM9237939_unc20_15,GSM9237939,14,LUAD,0.2,EC general capillary,Endothelial,Blood vessels,42,56730,0.8655
GSM9237939_unc20_16,GSM9237939,14,LUAD,0.2,EC venous pulmonary,Endothelial,Blood vessels,30,41471,0.8655
GSM9237939_unc20_17,GSM9237939,14,LUAD,0.2,Goblet (nasal),Epithelial,Airway epithelium,2,4651,0.8655
GSM9237939_unc20_18,GSM9237939,14,LUAD,0.2,Interstitial Mph perivascular,Immune,Myeloid,8,13777,0.8655
GSM9237939_unc20_19,GSM9237939,14,LUAD,0.2,Lymphatic EC differentiating,Endothelial,Lymphatic EC,5,5323,0.8655
GSM9237939_unc20_20,GSM9237939,14,LUAD,0.2,Mast cells,Immune,Myeloid,17,22390,0.8655
GSM9237939_unc20_21,GSM9237939,14,LUAD,0.2,Migratory DCs,Immune,Myeloid,1,2163,0.8655
GSM9237939_unc20_22,GSM9237939,14,LUAD,0.2,Monocyte-derived Mph,Immune,Myeloid,3,5909,0.8655
GSM9237939_unc20_23,GSM9237939,14,LUAD,0.2,Multiciliated (non-nasal),Epithelial,Airway epithelium,44,150367,0.8655
GSM9237939_unc20_24,GSM9237939,14,LUAD,0.2,NK cells,Immune,Lymphoid,10,13202,0.8655
GSM9237939_unc20_25,GSM9237939,14,LUAD,0.2,Non-classical monocytes,Immune,Myeloid,16,31024,0.8655
GSM9237939_unc20_26,GSM9237939,14,LUAD,0.2,Pericytes,Stroma,Fibroblast lineage,4,8109,0.8655
GSM9237939_unc20_27,GSM9237939,14,LUAD,0.2,Plasma cells,Immune,Lymphoid,26,119683,0.8655
GSM9237939_unc20_28,GSM9237939,14,LUAD,0.2,Plasmacytoid DCs,Immune,Myeloid,3,10027,0.8655
GSM9237939_unc20_29,GSM9237939,14,LUAD,0.2,Smooth muscle,Stroma,Smooth muscle,2,5230,0.8655
GSM9237939_unc20_30,GSM9237939,14,LUAD,0.2,pre-TB secretory,Epithelial,Airway epithelium,2,9887,0.8655
GSM9237939_unc30_0,GSM9237939,14,LUAD,0.3,AT0,Epithelial,Airway epithelium,2,7072,0.8655
GSM9237939_unc30_1,GSM9237939,14,LUAD,0.3,AT1,Epithelial,Alveolar epithelium,540,3080589,0.8655
GSM9237939_unc30_2,GSM9237939,14,LUAD,0.3,AT2,Epithelial,Alveolar epithelium,530,1969412,0.8655
GSM9237939_unc30_3,GSM9237939,14,LUAD,0.3,AT2 proliferating,Epithelial,Alveolar epithelium,3,32159,0.8655
GSM9237939_unc30_4,GSM9237939,14,LUAD,0.3,Adventitial fibroblasts,Stroma,Fibroblast lineage,10,19983,0.8655
GSM9237939_unc30_5,GSM9237939,14,LUAD,0.3,Alveolar fibroblasts,Stroma,Fibroblast lineage,253,394097,0.8655
GSM9237939_unc30_6,GSM9237939,14,LUAD,0.3,Alveolar macrophages,Immune,Myeloid,68,471640,0.8655
GSM9237939_unc30_7,GSM9237939,14,LUAD,0.3,B cells,Immune,Lymphoid,7,8062,0.8655
GSM9237939_unc30_8,GSM9237939,14,LUAD,0.3,Basal resting,Epithelial,Airway epithelium,1,1592,0.8655
GSM9237939_unc30_9,GSM9237939,14,LUAD,0.3,CD4 T cells,Immune,Lymphoid,43,56957,0.8655
GSM9237939_unc30_10,GSM9237939,14,LUAD,0.3,CD8 T cells,Immune,Lymphoid,36,51554,0.8655
GSM9237939_unc30_11,GSM9237939,14,LUAD,0.3,Classical monocytes,Immune,Myeloid,6,15650,0.8655
GSM9237939_unc30_12,GSM9237939,14,LUAD,0.3,Club (non-nasal),Epithelial,Airway epithelium,1,2023,0.8655
GSM9237939_unc30_13,GSM9237939,14,LUAD,0.3,EC aerocyte capillary,Endothelial,Blood vessels,44,60799,0.8655
GSM9237939_unc30_14,GSM9237939,14,LUAD,0.3,EC arterial,Endothelial,Blood vessels,30,54273,0.8655
GSM9237939_unc30_15,GSM9237939,14,LUAD,0.3,EC general capillary,Endothelial,Blood vessels,46,61229,0.8655
GSM9237939_unc30_16,GSM9237939,14,LUAD,0.3,EC venous pulmonary,Endothelial,Blood vessels,32,44224,0.8655
GSM9237939_unc30_17,GSM9237939,14,LUAD,0.3,Goblet (nasal),Epithelial,Airway epithelium,4,7209,0.8655
GSM9237939_unc30_18,GSM9237939,14,LUAD,0.3,Interstitial Mph perivascular,Immune,Myeloid,16,26737,0.8655
GSM9237939_unc30_19,GSM9237939,14,LUAD,0.3,Lymphatic EC differentiating,Endothelial,Lymphatic EC,5,5323,0.8655
GSM9237939_unc30_20,GSM9237939,14,LUAD,0.3,Mast cells,Immune,Myeloid,17,22390,0.8655
GSM9237939_unc30_21,GSM9237939,14,LUAD,0.3,Migratory DCs,Immune,Myeloid,3,4354,0.8655
GSM9237939_unc30_22,GSM9237939,14,LUAD,0.3,Monocyte-derived Mph,Immune,Myeloid,4,8847,0.8655
GSM9237939_unc30_23,GSM9237939,14,LUAD,0.3,Multiciliated (non-nasal),Epithelial,Airway epithelium,44,150367,0.8655
GSM9237939_unc30_24,GSM9237939,14,LUAD,0.3,Myofibroblasts,Stroma,Fibroblast lineage,1,1299,0.8655
GSM9237939_unc30_25,GSM9237939,14,LUAD,0.3,NK cells,Immune,Lymphoid,14,21814,0.8655
GSM9237939_unc30_26,GSM9237939,14,LUAD,0.3,Non-classical monocytes,Immune,Myeloid,17,32221,0.8655
GSM9237939_unc30_27,GSM9237939,14,LUAD,0.3,Peribronchial fibroblasts,Stroma,Fibroblast lineage,1,1217,0.8655
GSM9237939_unc30_28,GSM9237939,14,LUAD,0.3,Pericytes,Stroma,Fibroblast lineage,5,9117,0.8655
GSM9237939_unc30_29,GSM9237939,14,LUAD,0.3,Plasma cells,Immune,Lymphoid,26,119683,0.8655
GSM9237939_unc30_30,GSM9237939,14,LUAD,0.3,Plasmacytoid DCs,Immune,Myeloid,4,11602,0.8655
GSM9237939_unc30_31,GSM9237939,14,LUAD,0.3,Smooth muscle,Stroma,Smooth muscle,4,7836,0.8655
GSM9237939_unc30_32,GSM9237939,14,LUAD,0.3,pre-TB secretory,Epithelial,Airway epithelium,4,13017,0.8655
GSM9237940_unc20_0,GSM9237940,15,normal,0.2,AT0,Epithelial,Airway epithelium,1,2690,0.8655
GSM9237940_unc20_1,GSM9237940,15,normal,0.2,AT1,Epithelial,Alveolar epithelium,227,456261,0.8655
GSM9237940_unc20_2,GSM9237940,15,normal,0.2,AT2,Epithelial,Alveolar epithelium,177,537285,0.8655
GSM9237940_unc20_3,GSM9237940,15,normal,0.2,Adventitial fibroblasts,Stroma,Fibroblast lineage,3,7058,0.8655
GSM9237940_unc20_4,GSM9237940,15,normal,0.2,Alveolar fibroblasts,Stroma,Fibroblast lineage,208,321388,0.8655
GSM9237940_unc20_5,GSM9237940,15,normal,0.2,Alveolar macrophages,Immune,Myeloid,34,267520,0.8655
GSM9237940_unc20_6,GSM9237940,15,normal,0.2,B cells,Immune,Lymphoid,1,1227,0.8655
GSM9237940_unc20_7,GSM9237940,15,normal,0.2,Basal resting,Epithelial,Airway epithelium,5,9906,0.8655
GSM9237940_unc20_8,GSM9237940,15,normal,0.2,CD4 T cells,Immune,Lymphoid,1,1825,0.8655
GSM9237940_unc20_9,GSM9237940,15,normal,0.2,CD8 T cells,Immune,Lymphoid,11,16003,0.8655
GSM9237940_unc20_10,GSM9237940,15,normal,0.2,Classical monocytes,Immune,Myeloid,3,7854,0.8655
GSM9237940_unc20_11,GSM9237940,15,normal,0.2,EC aerocyte capillary,Endothelial,Blood vessels,17,29012,0.8655
GSM9237940_unc20_12,GSM9237940,15,normal,0.2,EC arterial,Endothelial,Blood vessels,20,29289,0.8655
GSM9237940_unc20_13,GSM9237940,15,normal,0.2,EC general capillary,Endothelial,Blood vessels,12,14458,0.8655
GSM9237940_unc20_14,GSM9237940,15,normal,0.2,EC venous pulmonary,Endothelial,Blood vessels,28,35573,0.8655
GSM9237940_unc20_15,GSM9237940,15,normal,0.2,EC venous systemic,Endothelial,Blood vessels,1,1722,0.8655
GSM9237940_unc20_16,GSM9237940,15,normal,0.2,Interstitial Mph perivascular,Immune,Myeloid,3,4875,0.8655
GSM9237940_unc20_17,GSM9237940,15,normal,0.2,Lymphatic EC differentiating,Endothelial,Lymphatic EC,10,13219,0.8655
GSM9237940_unc20_18,GSM9237940,15,normal,0.2,Mast cells,Immune,Myeloid,6,7870,0.8655
GSM9237940_unc20_19,GSM9237940,15,normal,0.2,Monocyte-derived Mph,Immune,Myeloid,2,3879,0.8655
GSM9237940_unc20_20,GSM9237940,15,normal,0.2,Multiciliated (non-nasal),Epithelial,Airway epithelium,20,150684,0.8655
GSM9237940_unc20_21,GSM9237940,15,normal,0.2,Myofibroblasts,Stroma,Fibroblast lineage,1,1187,0.8655
GSM9237940_unc20_22,GSM9237940,15,normal,0.2,NK cells,Immune,Lymphoid,2,2227,0.8655
GSM9237940_unc20_23,GSM9237940,15,normal,0.2,Non-classical monocytes,Immune,Myeloid,5,10864,0.8655
GSM9237940_unc20_24,GSM9237940,15,normal,0.2,Peribronchial fibroblasts,Stroma,Fibroblast lineage,1,4094,0.8655
GSM9237940_unc20_25,GSM9237940,15,normal,0.2,Pericytes,Stroma,Fibroblast lineage,18,27610,0.8655
GSM9237940_unc20_26,GSM9237940,15,normal,0.2,Plasma cells,Immune,Lymphoid,1,3390,0.8655
GSM9237940_unc20_27,GSM9237940,15,normal,0.2,Smooth muscle,Stroma,Smooth muscle,4,7179,0.8655
GSM9237940_unc20_28,GSM9237940,15,normal,0.2,pre-TB secretory,Epithelial,Airway epithelium,5,14423,0.8655
GSM9237940_unc30_0,GSM9237940,15,normal,0.3,AT0,Epithelial,Airway epithelium,2,6096,0.8655
GSM9237940_unc30_1,GSM9237940,15,normal,0.3,AT1,Epithelial,Alveolar epithelium,229,463754,0.8655
GSM9237940_unc30_2,GSM9237940,15,normal,0.3,AT2,Epithelial,Alveolar epithelium,179,541234,0.8655
GSM9237940_unc30_3,GSM9237940,15,normal,0.3,Adventitial fibroblasts,Stroma,Fibroblast lineage,9,24211,0.8655
GSM9237940_unc30_4,GSM9237940,15,normal,0.3,Alveolar fibroblasts,Stroma,Fibroblast lineage,227,356369,0.8655
GSM9237940_unc30_5,GSM9237940,15,normal,0.3,Alveolar macrophages,Immune,Myeloid,39,294033,0.8655
GSM9237940_unc30_6,GSM9237940,15,normal,0.3,B cells,Immune,Lymphoid,1,1227,0.8655
GSM9237940_unc30_7,GSM9237940,15,normal,0.3,Basal resting,Epithelial,Airway epithelium,6,11149,0.8655
GSM9237940_unc30_8,GSM9237940,15,normal,0.3,CD4 T cells,Immune,Lymphoid,4,5436,0.8655
GSM9237940_unc30_9,GSM9237940,15,normal,0.3,CD8 T cells,Immune,Lymphoid,18,24728,0.8655
GSM9237940_unc30_10,GSM9237940,15,normal,0.3,Classical monocytes,Immune,Myeloid,3,7854,0.8655
GSM9237940_unc30_11,GSM9237940,15,normal,0.3,EC aerocyte capillary,Endothelial,Blood vessels,17,29012,0.8655
GSM9237940_unc30_12,GSM9237940,15,normal,0.3,EC arterial,Endothelial,Blood vessels,22,32650,0.8655
GSM9237940_unc30_13,GSM9237940,15,normal,0.3,EC general capillary,Endothelial,Blood vessels,15,17767,0.8655
GSM9237940_unc30_14,GSM9237940,15,normal,0.3,EC venous pulmonary,Endothelial,Blood vessels,34,42952,0.8655
GSM9237940_unc30_15,GSM9237940,15,normal,0.3,EC venous systemic,Endothelial,Blood vessels,7,8296,0.8655
GSM9237940_unc30_16,GSM9237940,15,normal,0.3,Goblet (nasal),Epithelial,Airway epithelium,1,1400,0.8655
GSM9237940_unc30_17,GSM9237940,15,normal,0.3,Interstitial Mph perivascular,Immune,Myeloid,9,13122,0.8655
GSM9237940_unc30_18,GSM9237940,15,normal,0.3,Lymphatic EC differentiating,Endothelial,Lymphatic EC,11,14686,0.8655
GSM9237940_unc30_19,GSM9237940,15,normal,0.3,Mast cells,Immune,Myeloid,6,7870,0.8655
GSM9237940_unc30_20,GSM9237940,15,normal,0.3,Monocyte-derived Mph,Immune,Myeloid,4,7876,0.8655
GSM9237940_unc30_21,GSM9237940,15,normal,0.3,Multiciliated (non-nasal),Epithelial,Airway epithelium,23,156252,0.8655
GSM9237940_unc30_22,GSM9237940,15,normal,0.3,Myofibroblasts,Stroma,Fibroblast lineage,1,1187,0.8655
GSM9237940_unc30_23,GSM9237940,15,normal,0.3,NK cells,Immune,Lymphoid,3,3382,0.8655
GSM9237940_unc30_24,GSM9237940,15,normal,0.3,Non-classical monocytes,Immune,Myeloid,6,12103,0.8655
GSM9237940_unc30_25,GSM9237940,15,normal,0.3,Peribronchial fibroblasts,Stroma,Fibroblast lineage,1,4094,0.8655
GSM9237940_unc30_26,GSM9237940,15,normal,0.3,Pericytes,Stroma,Fibroblast lineage,20,48246,0.8655
GSM9237940_unc30_27,GSM9237940,15,normal,0.3,Plasma cells,Immune,Lymphoid,1,3390,0.8655
GSM9237940_unc30_28,GSM9237940,15,normal,0.3,SM activated stress response,Stroma,Smooth muscle,1,1274,0.8655
GSM9237940_unc30_29,GSM9237940,15,normal,0.3,Smooth muscle,Stroma,Smooth muscle,5,11347,0.8655
GSM9237940_unc30_30,GSM9237940,15,normal,0.3,pre-TB secretory,Epithelial,Airway epithelium,7,17549,0.8655
GSM9237941_unc20_0,GSM9237941,15,MIA,0.2,AT0,Epithelial,Airway epithelium,1,2922,0.8655
GSM9237941_unc20_1,GSM9237941,15,MIA,0.2,AT1,Epithelial,Alveolar epithelium,333,937090,0.8655
GSM9237941_unc20_2,GSM9237941,15,MIA,0.2,AT2,Epithelial,Alveolar epithelium,379,1382115,0.8655
GSM9237941_unc20_3,GSM9237941,15,MIA,0.2,Adventitial fibroblasts,Stroma,Fibroblast lineage,22,47117,0.8655
GSM9237941_unc20_4,GSM9237941,15,MIA,0.2,Alveolar Mph proliferating,Immune,Myeloid,1,15875,0.8655
GSM9237941_unc20_5,GSM9237941,15,MIA,0.2,Alveolar fibroblasts,Stroma,Fibroblast lineage,499,845519,0.8655
GSM9237941_unc20_6,GSM9237941,15,MIA,0.2,Alveolar macrophages,Immune,Myeloid,86,826439,0.8655
GSM9237941_unc20_7,GSM9237941,15,MIA,0.2,B cells,Immune,Lymphoid,6,7580,0.8655
GSM9237941_unc20_8,GSM9237941,15,MIA,0.2,Basal resting,Epithelial,Airway epithelium,31,50253,0.8655
GSM9237941_unc20_9,GSM9237941,15,MIA,0.2,CD4 T cells,Immune,Lymphoid,46,61792,0.8655
GSM9237941_unc20_10,GSM9237941,15,MIA,0.2,CD8 T cells,Immune,Lymphoid,78,101225,0.8655
GSM9237941_unc20_11,GSM9237941,15,MIA,0.2,Classical monocytes,Immune,Myeloid,3,8828,0.8655
GSM9237941_unc20_12,GSM9237941,15,MIA,0.2,Club (non-nasal),Epithelial,Airway epithelium,3,14152,0.8655
GSM9237941_unc20_13,GSM9237941,15,MIA,0.2,Deuterosomal,Epithelial,Airway epithelium,1,6766,0.8655
GSM9237941_unc20_14,GSM9237941,15,MIA,0.2,EC aerocyte capillary,Endothelial,Blood vessels,75,125379,0.8655
GSM9237941_unc20_15,GSM9237941,15,MIA,0.2,EC arterial,Endothelial,Blood vessels,94,172119,0.8655
GSM9237941_unc20_16,GSM9237941,15,MIA,0.2,EC general capillary,Endothelial,Blood vessels,51,70191,0.8655
GSM9237941_unc20_17,GSM9237941,15,MIA,0.2,EC venous pulmonary,Endothelial,Blood vessels,80,123558,0.8655
GSM9237941_unc20_18,GSM9237941,15,MIA,0.2,EC venous systemic,Endothelial,Blood vessels,1,1064,0.8655
GSM9237941_unc20_19,GSM9237941,15,MIA,0.2,Goblet (nasal),Epithelial,Airway epithelium,2,16281,0.8655
GSM9237941_unc20_20,GSM9237941,15,MIA,0.2,Interstitial Mph perivascular,Immune,Myeloid,26,48687,0.8655
GSM9237941_unc20_21,GSM9237941,15,MIA,0.2,Lymphatic EC differentiating,Endothelial,Lymphatic EC,30,43083,0.8655
GSM9237941_unc20_22,GSM9237941,15,MIA,0.2,Mast cells,Immune,Myeloid,38,46607,0.8655
GSM9237941_unc20_23,GSM9237941,15,MIA,0.2,Monocyte-derived Mph,Immune,Myeloid,2,3205,0.8655
GSM9237941_unc20_24,GSM9237941,15,MIA,0.2,Multiciliated (non-nasal),Epithelial,Airway epithelium,104,856996,0.8655
GSM9237941_unc20_25,GSM9237941,15,MIA,0.2,Myofibroblasts,Stroma,Fibroblast lineage,4,5383,0.8655
GSM9237941_unc20_26,GSM9237941,15,MIA,0.2,NK cells,Immune,Lymphoid,21,29400,0.8655
GSM9237941_unc20_27,GSM9237941,15,MIA,0.2,Non-classical monocytes,Immune,Myeloid,16,42438,0.8655
GSM9237941_unc20_28,GSM9237941,15,MIA,0.2,Peribronchial fibroblasts,Stroma,Fibroblast lineage,2,6415,0.8655
GSM9237941_unc20_29,GSM9237941,15,MIA,0.2,Pericytes,Stroma,Fibroblast lineage,63,110847,0.8655
GSM9237941_unc20_30,GSM9237941,15,MIA,0.2,Plasma cells,Immune,Lymphoid,10,38390,0.8655
GSM9237941_unc20_31,GSM9237941,15,MIA,0.2,Smooth muscle,Stroma,Smooth muscle,19,30151,0.8655
GSM9237941_unc20_32,GSM9237941,15,MIA,0.2,pre-TB secretory,Epithelial,Airway epithelium,20,74011,0.8655
GSM9237941_unc30_0,GSM9237941,15,MIA,0.3,AT0,Epithelial,Airway epithelium,2,8258,0.8655
GSM9237941_unc30_1,GSM9237941,15,MIA,0.3,AT1,Epithelial,Alveolar epithelium,342,1055003,0.8655
GSM9237941_unc30_2,GSM9237941,15,MIA,0.3,AT2,Epithelial,Alveolar epithelium,405,1618268,0.8655
GSM9237941_unc30_3,GSM9237941,15,MIA,0.3,AT2 proliferating,Epithelial,Alveolar epithelium,2,12954,0.8655
GSM9237941_unc30_4,GSM9237941,15,MIA,0.3,Adventitial fibroblasts,Stroma,Fibroblast lineage,28,58628,0.8655
GSM9237941_unc30_5,GSM9237941,15,MIA,0.3,Alveolar Mph proliferating,Immune,Myeloid,1,15875,0.8655
GSM9237941_unc30_6,GSM9237941,15,MIA,0.3,Alveolar fibroblasts,Stroma,Fibroblast lineage,531,913407,0.8655
GSM9237941_unc30_7,GSM9237941,15,MIA,0.3,Alveolar macrophages,Immune,Myeloid,96,890698,0.8655
GSM9237941_unc30_8,GSM9237941,15,MIA,0.3,B cells,Immune,Lymphoid,6,7580,0.8655
GSM9237941_unc30_9,GSM9237941,15,MIA,0.3,Basal resting,Epithelial,Airway epithelium,36,73563,0.8655
GSM9237941_unc30_10,GSM9237941,15,MIA,0.3,CD4 T cells,Immune,Lymphoid,60,79931,0.8655
GSM9237941_unc30_11,GSM9237941,15,MIA,0.3,CD8 T cells,Immune,Lymphoid,121,161799,0.8655
GSM9237941_unc30_12,GSM9237941,15,MIA,0.3,Classical monocytes,Immune,Myeloid,4,11938,0.8655
GSM9237941_unc30_13,GSM9237941,15,MIA,0.3,Club (non-nasal),Epithelial,Airway epithelium,4,15273,0.8655
GSM9237941_unc30_14,GSM9237941,15,MIA,0.3,Deuterosomal,Epithelial,Airway epithelium,1,6766,0.8655
GSM9237941_unc30_15,GSM9237941,15,MIA,0.3,EC aerocyte capillary,Endothelial,Blood vessels,80,134306,0.8655
GSM9237941_unc30_16,GSM9237941,15,MIA,0.3,EC arterial,Endothelial,Blood vessels,102,183403,0.8655
GSM9237941_unc30_17,GSM9237941,15,MIA,0.3,EC general capillary,Endothelial,Blood vessels,67,90782,0.8655
GSM9237941_unc30_18,GSM9237941,15,MIA,0.3,EC venous pulmonary,Endothelial,Blood vessels,105,158886,0.8655
GSM9237941_unc30_19,GSM9237941,15,MIA,0.3,EC venous systemic,Endothelial,Blood vessels,4,6752,0.8655
GSM9237941_unc30_20,GSM9237941,15,MIA,0.3,Goblet (bronchial),Epithelial,Airway epithelium,1,13087,0.8655
GSM9237941_unc30_21,GSM9237941,15,MIA,0.3,Goblet (nasal),Epithelial,Airway epithelium,5,33205,0.8655
GSM9237941_unc30_22,GSM9237941,15,MIA,0.3,Interstitial Mph perivascular,Immune,Myeloid,43,75026,0.8655
GSM9237941_unc30_23,GSM9237941,15,MIA,0.3,Lymphatic EC differentiating,Endothelial,Lymphatic EC,31,44165,0.8655
GSM9237941_unc30_24,GSM9237941,15,MIA,0.3,Mast cells,Immune,Myeloid,39,48417,0.8655
GSM9237941_unc30_25,GSM9237941,15,MIA,0.3,Monocyte-derived Mph,Immune,Myeloid,5,12464,0.8655
GSM9237941_unc30_26,GSM9237941,15,MIA,0.3,Multiciliated (non-nasal),Epithelial,Airway epithelium,108,863382,0.8655
GSM9237941_unc30_27,GSM9237941,15,MIA,0.3,Myofibroblasts,Stroma,Fibroblast lineage,5,6560,0.8655
GSM9237941_unc30_28,GSM9237941,15,MIA,0.3,NK cells,Immune,Lymphoid,33,44779,0.8655
GSM9237941_unc30_29,GSM9237941,15,MIA,0.3,Non-classical monocytes,Immune,Myeloid,16,42438,0.8655
GSM9237941_unc30_30,GSM9237941,15,MIA,0.3,Peribronchial fibroblasts,Stroma,Fibroblast lineage,7,20440,0.8655
GSM9237941_unc30_31,GSM9237941,15,MIA,0.3,Pericytes,Stroma,Fibroblast lineage,67,133072,0.8655
GSM9237941_unc30_32,GSM9237941,15,MIA,0.3,Plasma cells,Immune,Lymphoid,11,40737,0.8655
GSM9237941_unc30_33,GSM9237941,15,MIA,0.3,Smooth muscle,Stroma,Smooth muscle,23,35931,0.8655
GSM9237941_unc30_34,GSM9237941,15,MIA,0.3,T cells proliferating,Immune,Lymphoid,1,3155,0.8655
GSM9237941_unc30_35,GSM9237941,15,MIA,0.3,pre-TB secretory,Epithelial,Airway epithelium,27,88254,0.8655
GSM9237942_unc20_0,GSM9237942,15,LUAD,0.2,AT1,Epithelial,Alveolar epithelium,274,468877,0.8655
GSM9237942_unc20_1,GSM9237942,15,LUAD,0.2,AT2,Epithelial,Alveolar epithelium,288,768632,0.8655
GSM9237942_unc20_2,GSM9237942,15,LUAD,0.2,AT2 proliferating,Epithelial,Alveolar epithelium,1,5207,0.8655
GSM9237942_unc20_3,GSM9237942,15,LUAD,0.2,Adventitial fibroblasts,Stroma,Fibroblast lineage,36,75362,0.8655
GSM9237942_unc20_4,GSM9237942,15,LUAD,0.2,Alveolar fibroblasts,Stroma,Fibroblast lineage,142,224554,0.8655
GSM9237942_unc20_5,GSM9237942,15,LUAD,0.2,Alveolar macrophages,Immune,Myeloid,52,363676,0.8655
GSM9237942_unc20_6,GSM9237942,15,LUAD,0.2,B cells,Immune,Lymphoid,70,84902,0.8655
GSM9237942_unc20_7,GSM9237942,15,LUAD,0.2,Basal resting,Epithelial,Airway epithelium,25,47286,0.8655
GSM9237942_unc20_8,GSM9237942,15,LUAD,0.2,CD4 T cells,Immune,Lymphoid,110,152756,0.8655
GSM9237942_unc20_9,GSM9237942,15,LUAD,0.2,CD8 T cells,Immune,Lymphoid,53,66664,0.8655
GSM9237942_unc20_10,GSM9237942,15,LUAD,0.2,Classical monocytes,Immune,Myeloid,6,14446,0.8655
GSM9237942_unc20_11,GSM9237942,15,LUAD,0.2,Club (non-nasal),Epithelial,Airway epithelium,1,3387,0.8655
GSM9237942_unc20_12,GSM9237942,15,LUAD,0.2,Deuterosomal,Epithelial,Airway epithelium,1,5145,0.8655
GSM9237942_unc20_13,GSM9237942,15,LUAD,0.2,EC aerocyte capillary,Endothelial,Blood vessels,3,4106,0.8655
GSM9237942_unc20_14,GSM9237942,15,LUAD,0.2,EC arterial,Endothelial,Blood vessels,10,15748,0.8655
GSM9237942_unc20_15,GSM9237942,15,LUAD,0.2,EC general capillary,Endothelial,Blood vessels,6,6869,0.8655
GSM9237942_unc20_16,GSM9237942,15,LUAD,0.2,EC venous pulmonary,Endothelial,Blood vessels,20,32227,0.8655
GSM9237942_unc20_17,GSM9237942,15,LUAD,0.2,EC venous systemic,Endothelial,Blood vessels,4,12100,0.8655
GSM9237942_unc20_18,GSM9237942,15,LUAD,0.2,Goblet (nasal),Epithelial,Airway epithelium,262,2664909,0.8655
GSM9237942_unc20_19,GSM9237942,15,LUAD,0.2,Goblet (subsegmental),Epithelial,Airway epithelium,1,11844,0.8655
GSM9237942_unc20_20,GSM9237942,15,LUAD,0.2,Interstitial Mph perivascular,Immune,Myeloid,11,15782,0.8655
GSM9237942_unc20_21,GSM9237942,15,LUAD,0.2,Lymphatic EC differentiating,Endothelial,Lymphatic EC,30,47394,0.8655
GSM9237942_unc20_22,GSM9237942,15,LUAD,0.2,Mast cells,Immune,Myeloid,37,46220,0.8655
GSM9237942_unc20_23,GSM9237942,15,LUAD,0.2,Mesothelium,Stroma,Mesothelium,1,2691,0.8655
GSM9237942_unc20_24,GSM9237942,15,LUAD,0.2,Migratory DCs,Immune,Myeloid,4,9597,0.8655
GSM9237942_unc20_25,GSM9237942,15,LUAD,0.2,Monocyte-derived Mph,Immune,Myeloid,61,250618,0.8655
GSM9237942_unc20_26,GSM9237942,15,LUAD,0.2,Multiciliated (non-nasal),Epithelial,Airway epithelium,124,641635,0.8655
GSM9237942_unc20_27,GSM9237942,15,LUAD,0.2,NK cells,Immune,Lymphoid,2,2142,0.8655
GSM9237942_unc20_28,GSM9237942,15,LUAD,0.2,Non-classical monocytes,Immune,Myeloid,8,11261,0.8655
GSM9237942_unc20_29,GSM9237942,15,LUAD,0.2,Peribronchial fibroblasts,Stroma,Fibroblast lineage,158,470675,0.8655
GSM9237942_unc20_30,GSM9237942,15,LUAD,0.2,Pericytes,Stroma,Fibroblast lineage,37,59041,0.8655
GSM9237942_unc20_31,GSM9237942,15,LUAD,0.2,Plasma cells,Immune,Lymphoid,163,719536,0.8655
GSM9237942_unc20_32,GSM9237942,15,LUAD,0.2,Plasmacytoid DCs,Immune,Myeloid,7,15560,0.8655
GSM9237942_unc20_33,GSM9237942,15,LUAD,0.2,SMG mucous,Epithelial,Submucosal Gland,8,48901,0.8655
GSM9237942_unc20_34,GSM9237942,15,LUAD,0.2,SMG serous (bronchial),Epithelial,Submucosal Gland,38,287758,0.8655
GSM9237942_unc20_35,GSM9237942,15,LUAD,0.2,Smooth muscle,Stroma,Smooth muscle,24,63774,0.8655
GSM9237942_unc20_36,GSM9237942,15,LUAD,0.2,T cells proliferating,Immune,Lymphoid,2,3460,0.8655
GSM9237942_unc20_37,GSM9237942,15,LUAD,0.2,pre-TB secretory,Epithelial,Airway epithelium,20,43006,0.8655
GSM9237942_unc30_0,GSM9237942,15,LUAD,0.3,AT0,Epithelial,Airway epithelium,1,2083,0.8655
GSM9237942_unc30_1,GSM9237942,15,LUAD,0.3,AT1,Epithelial,Alveolar epithelium,280,491045,0.8655
GSM9237942_unc30_2,GSM9237942,15,LUAD,0.3,AT2,Epithelial,Alveolar epithelium,307,908997,0.8655
GSM9237942_unc30_3,GSM9237942,15,LUAD,0.3,AT2 proliferating,Epithelial,Alveolar epithelium,1,5207,0.8655
GSM9237942_unc30_4,GSM9237942,15,LUAD,0.3,Adventitial fibroblasts,Stroma,Fibroblast lineage,48,108735,0.8655
GSM9237942_unc30_5,GSM9237942,15,LUAD,0.3,Alveolar fibroblasts,Stroma,Fibroblast lineage,174,273512,0.8655
GSM9237942_unc30_6,GSM9237942,15,LUAD,0.3,Alveolar macrophages,Immune,Myeloid,76,549110,0.8655
GSM9237942_unc30_7,GSM9237942,15,LUAD,0.3,B cells,Immune,Lymphoid,72,87121,0.8655
GSM9237942_unc30_8,GSM9237942,15,LUAD,0.3,Basal resting,Epithelial,Airway epithelium,30,60697,0.8655
GSM9237942_unc30_9,GSM9237942,15,LUAD,0.3,CD4 T cells,Immune,Lymphoid,129,177404,0.8655
GSM9237942_unc30_10,GSM9237942,15,LUAD,0.3,CD8 T cells,Immune,Lymphoid,77,98961,0.8655
GSM9237942_unc30_11,GSM9237942,15,LUAD,0.3,Classical monocytes,Immune,Myeloid,8,17033,0.8655
GSM9237942_unc30_12,GSM9237942,15,LUAD,0.3,Club (non-nasal),Epithelial,Airway epithelium,2,5242,0.8655
GSM9237942_unc30_13,GSM9237942,15,LUAD,0.3,DC2,Immune,Myeloid,1,2030,0.8655
GSM9237942_unc30_14,GSM9237942,15,LUAD,0.3,Deuterosomal,Epithelial,Airway epithelium,3,164903,0.8655
GSM9237942_unc30_15,GSM9237942,15,LUAD,0.3,EC aerocyte capillary,Endothelial,Blood vessels,3,4106,0.8655
GSM9237942_unc30_16,GSM9237942,15,LUAD,0.3,EC arterial,Endothelial,Blood vessels,14,33508,0.8655
GSM9237942_unc30_17,GSM9237942,15,LUAD,0.3,EC general capillary,Endothelial,Blood vessels,12,14918,0.8655
GSM9237942_unc30_18,GSM9237942,15,LUAD,0.3,EC venous pulmonary,Endothelial,Blood vessels,25,48040,0.8655
GSM9237942_unc30_19,GSM9237942,15,LUAD,0.3,EC venous systemic,Endothelial,Blood vessels,11,25981,0.8655
GSM9237942_unc30_20,GSM9237942,15,LUAD,0.3,Goblet (bronchial),Epithelial,Airway epithelium,4,20382,0.8655
GSM9237942_unc30_21,GSM9237942,15,LUAD,0.3,Goblet (nasal),Epithelial,Airway epithelium,424,5208270,0.8655
GSM9237942_unc30_22,GSM9237942,15,LUAD,0.3,Goblet (subsegmental),Epithelial,Airway epithelium,1,11844,0.8655
GSM9237942_unc30_23,GSM9237942,15,LUAD,0.3,Hillock-like,Epithelial,Airway epithelium,1,84040,0.8655
GSM9237942_unc30_24,GSM9237942,15,LUAD,0.3,Interstitial Mph perivascular,Immune,Myeloid,19,27376,0.8655
GSM9237942_unc30_25,GSM9237942,15,LUAD,0.3,Lymphatic EC differentiating,Endothelial,Lymphatic EC,31,49779,0.8655
GSM9237942_unc30_26,GSM9237942,15,LUAD,0.3,Mast cells,Immune,Myeloid,37,46220,0.8655
GSM9237942_unc30_27,GSM9237942,15,LUAD,0.3,Mesothelium,Stroma,Mesothelium,1,2691,0.8655
GSM9237942_unc30_28,GSM9237942,15,LUAD,0.3,Migratory DCs,Immune,Myeloid,7,14928,0.8655
GSM9237942_unc30_29,GSM9237942,15,LUAD,0.3,Monocyte-derived Mph,Immune,Myeloid,90,346394,0.8655
GSM9237942_unc30_30,GSM9237942,15,LUAD,0.3,Multiciliated (non-nasal),Epithelial,Airway epithelium,131,690589,0.8655
GSM9237942_unc30_31,GSM9237942,15,LUAD,0.3,Myofibroblasts,Stroma,Fibroblast lineage,5,5781,0.8655
GSM9237942_unc30_32,GSM9237942,15,LUAD,0.3,NK cells,Immune,Lymphoid,3,3346,0.8655
GSM9237942_unc30_33,GSM9237942,15,LUAD,0.3,Non-classical monocytes,Immune,Myeloid,9,12933,0.8655
GSM9237942_unc30_34,GSM9237942,15,LUAD,0.3,Peribronchial fibroblasts,Stroma,Fibroblast lineage,238,668722,0.8655
GSM9237942_unc30_35,GSM9237942,15,LUAD,0.3,Pericytes,Stroma,Fibroblast lineage,41,69004,0.8655
GSM9237942_unc30_36,GSM9237942,15,LUAD,0.3,Plasma cells,Immune,Lymphoid,169,733639,0.8655
GSM9237942_unc30_37,GSM9237942,15,LUAD,0.3,Plasmacytoid DCs,Immune,Myeloid,7,15560,0.8655
GSM9237942_unc30_38,GSM9237942,15,LUAD,0.3,SMG mucous,Epithelial,Submucosal Gland,9,51331,0.8655
GSM9237942_unc30_39,GSM9237942,15,LUAD,0.3,SMG serous (bronchial),Epithelial,Submucosal Gland,43,330888,0.8655
GSM9237942_unc30_40,GSM9237942,15,LUAD,0.3,Smooth muscle,Stroma,Smooth muscle,32,76309,0.8655
GSM9237942_unc30_41,GSM9237942,15,LUAD,0.3,Suprabasal,Epithelial,Airway epithelium,3,8636,0.8655
GSM9237942_unc30_42,GSM9237942,15,LUAD,0.3,T cells proliferating,Immune,Lymphoid,2,3460,0.8655
GSM9237942_unc30_43,GSM9237942,15,LUAD,0.3,pre-TB secretory,Epithelial,Airway epithelium,21,46357,0.8655
GSM9237943_unc20_0,GSM9237943,16,normal,0.2,AT1,Epithelial,Alveolar epithelium,207,384410,0.8655
GSM9237943_unc20_1,GSM9237943,16,normal,0.2,AT2,Epithelial,Alveolar epithelium,222,745218,0.8655
GSM9237943_unc20_2,GSM9237943,16,normal,0.2,Adventitial fibroblasts,Stroma,Fibroblast lineage,5,9851,0.8655
GSM9237943_unc20_3,GSM9237943,16,normal,0.2,Alveolar fibroblasts,Stroma,Fibroblast lineage,192,302686,0.8655
GSM9237943_unc20_4,GSM9237943,16,normal,0.2,Alveolar macrophages,Immune,Myeloid,33,290846,0.8655
GSM9237943_unc20_5,GSM9237943,16,normal,0.2,B cells,Immune,Lymphoid,3,4144,0.8655
GSM9237943_unc20_6,GSM9237943,16,normal,0.2,Basal resting,Epithelial,Airway epithelium,2,3096,0.8655
GSM9237943_unc20_7,GSM9237943,16,normal,0.2,CD4 T cells,Immune,Lymphoid,12,15567,0.8655
GSM9237943_unc20_8,GSM9237943,16,normal,0.2,CD8 T cells,Immune,Lymphoid,6,6717,0.8655
GSM9237943_unc20_9,GSM9237943,16,normal,0.2,Classical monocytes,Immune,Myeloid,8,22093,0.8655
GSM9237943_unc20_10,GSM9237943,16,normal,0.2,EC aerocyte capillary,Endothelial,Blood vessels,8,17272,0.8655
GSM9237943_unc20_11,GSM9237943,16,normal,0.2,EC arterial,Endothelial,Blood vessels,13,19281,0.8655
GSM9237943_unc20_12,GSM9237943,16,normal,0.2,EC general capillary,Endothelial,Blood vessels,14,17775,0.8655
GSM9237943_unc20_13,GSM9237943,16,normal,0.2,EC venous pulmonary,Endothelial,Blood vessels,42,53489,0.8655
GSM9237943_unc20_14,GSM9237943,16,normal,0.2,Goblet (nasal),Epithelial,Airway epithelium,1,5057,0.8655
GSM9237943_unc20_15,GSM9237943,16,normal,0.2,Interstitial Mph perivascular,Immune,Myeloid,2,3032,0.8655
GSM9237943_unc20_16,GSM9237943,16,normal,0.2,Lymphatic EC differentiating,Endothelial,Lymphatic EC,5,6353,0.8655
GSM9237943_unc20_17,GSM9237943,16,normal,0.2,Mast cells,Immune,Myeloid,5,5600,0.8655
GSM9237943_unc20_18,GSM9237943,16,normal,0.2,Monocyte-derived Mph,Immune,Myeloid,5,9251,0.8655
GSM9237943_unc20_19,GSM9237943,16,normal,0.2,Multiciliated (non-nasal),Epithelial,Airway epithelium,27,119223,0.8655
GSM9237943_unc20_20,GSM9237943,16,normal,0.2,NK cells,Immune,Lymphoid,5,6591,0.8655
GSM9237943_unc20_21,GSM9237943,16,normal,0.2,Neuroendocrine,Epithelial,Airway epithelium,1,11252,0.8655
GSM9237943_unc20_22,GSM9237943,16,normal,0.2,Non-classical monocytes,Immune,Myeloid,9,16124,0.8655
GSM9237943_unc20_23,GSM9237943,16,normal,0.2,Pericytes,Stroma,Fibroblast lineage,26,70317,0.8655
GSM9237943_unc20_24,GSM9237943,16,normal,0.2,Plasma cells,Immune,Lymphoid,12,48268,0.8655
GSM9237943_unc20_25,GSM9237943,16,normal,0.2,Plasmacytoid DCs,Immune,Myeloid,3,4551,0.8655
GSM9237943_unc20_26,GSM9237943,16,normal,0.2,SMG serous (bronchial),Epithelial,Submucosal Gland,1,2468,0.8655
GSM9237943_unc20_27,GSM9237943,16,normal,0.2,Smooth muscle,Stroma,Smooth muscle,2,4102,0.8655
GSM9237943_unc20_28,GSM9237943,16,normal,0.2,pre-TB secretory,Epithelial,Airway epithelium,1,2440,0.8655
GSM9237943_unc30_0,GSM9237943,16,normal,0.3,AT1,Epithelial,Alveolar epithelium,209,394753,0.8655
GSM9237943_unc30_1,GSM9237943,16,normal,0.3,AT2,Epithelial,Alveolar epithelium,226,779492,0.8655
GSM9237943_unc30_2,GSM9237943,16,normal,0.3,AT2 proliferating,Epithelial,Alveolar epithelium,1,9951,0.8655
GSM9237943_unc30_3,GSM9237943,16,normal,0.3,Adventitial fibroblasts,Stroma,Fibroblast lineage,6,11074,0.8655
GSM9237943_unc30_4,GSM9237943,16,normal,0.3,Alveolar fibroblasts,Stroma,Fibroblast lineage,212,338699,0.8655
GSM9237943_unc30_5,GSM9237943,16,normal,0.3,Alveolar macrophages,Immune,Myeloid,44,361225,0.8655
GSM9237943_unc30_6,GSM9237943,16,normal,0.3,B cells,Immune,Lymphoid,3,4144,0.8655
GSM9237943_unc30_7,GSM9237943,16,normal,0.3,Basal resting,Epithelial,Airway epithelium,2,3096,0.8655
GSM9237943_unc30_8,GSM9237943,16,normal,0.3,CD4 T cells,Immune,Lymphoid,17,21949,0.8655
GSM9237943_unc30_9,GSM9237943,16,normal,0.3,CD8 T cells,Immune,Lymphoid,12,13575,0.8655
GSM9237943_unc30_10,GSM9237943,16,normal,0.3,Classical monocytes,Immune,Myeloid,11,29515,0.8655
GSM9237943_unc30_11,GSM9237943,16,normal,0.3,DC2,Immune,Myeloid,1,2455,0.8655
GSM9237943_unc30_12,GSM9237943,16,normal,0.3,EC aerocyte capillary,Endothelial,Blood vessels,11,22200,0.8655
GSM9237943_unc30_13,GSM9237943,16,normal,0.3,EC arterial,Endothelial,Blood vessels,18,25784,0.8655
GSM9237943_unc30_14,GSM9237943,16,normal,0.3,EC general capillary,Endothelial,Blood vessels,16,20083,0.8655
GSM9237943_unc30_15,GSM9237943,16,normal,0.3,EC venous pulmonary,Endothelial,Blood vessels,47,59471,0.8655
GSM9237943_unc30_16,GSM9237943,16,normal,0.3,Goblet (nasal),Epithelial,Airway epithelium,1,5057,0.8655
GSM9237943_unc30_17,GSM9237943,16,normal,0.3,Interstitial Mph perivascular,Immune,Myeloid,5,6189,0.8655
GSM9237943_unc30_18,GSM9237943,16,normal,0.3,Lymphatic EC differentiating,Endothelial,Lymphatic EC,5,6353,0.8655
GSM9237943_unc30_19,GSM9237943,16,normal,0.3,Mast cells,Immune,Myeloid,5,5600,0.8655
GSM9237943_unc30_20,GSM9237943,16,normal,0.3,Migratory DCs,Immune,Myeloid,1,2728,0.8655
GSM9237943_unc30_21,GSM9237943,16,normal,0.3,Monocyte-derived Mph,Immune,Myeloid,13,49610,0.8655
GSM9237943_unc30_22,GSM9237943,16,normal,0.3,Multiciliated (non-nasal),Epithelial,Airway epithelium,27,119223,0.8655
GSM9237943_unc30_23,GSM9237943,16,normal,0.3,Myofibroblasts,Stroma,Fibroblast lineage,2,2452,0.8655
GSM9237943_unc30_24,GSM9237943,16,normal,0.3,NK cells,Immune,Lymphoid,8,9631,0.8655
GSM9237943_unc30_25,GSM9237943,16,normal,0.3,Neuroendocrine,Epithelial,Airway epithelium,1,11252,0.8655
GSM9237943_unc30_26,GSM9237943,16,normal,0.3,Non-classical monocytes,Immune,Myeloid,14,25698,0.8655
GSM9237943_unc30_27,GSM9237943,16,normal,0.3,Peribronchial fibroblasts,Stroma,Fibroblast lineage,1,2363,0.8655
GSM9237943_unc30_28,GSM9237943,16,normal,0.3,Pericytes,Stroma,Fibroblast lineage,29,73772,0.8655
GSM9237943_unc30_29,GSM9237943,16,normal,0.3,Plasma cells,Immune,Lymphoid,13,49756,0.8655
GSM9237943_unc30_30,GSM9237943,16,normal,0.3,Plasmacytoid DCs,Immune,Myeloid,3,4551,0.8655
GSM9237943_unc30_31,GSM9237943,16,normal,0.3,SM activated stress response,Stroma,Smooth muscle,1,1827,0.8655
GSM9237943_unc30_32,GSM9237943,16,normal,0.3,SMG serous (bronchial),Epithelial,Submucosal Gland,1,2468,0.8655
GSM9237943_unc30_33,GSM9237943,16,normal,0.3,Smooth muscle,Stroma,Smooth muscle,5,9054,0.8655
GSM9237943_unc30_34,GSM9237943,16,normal,0.3,Suprabasal,Epithelial,Airway epithelium,1,1549,0.8655
GSM9237943_unc30_35,GSM9237943,16,normal,0.3,pre-TB secretory,Epithelial,Airway epithelium,2,4006,0.8655
GSM9237944_unc20_0,GSM9237944,16,AIS,0.2,AT1,Epithelial,Alveolar epithelium,465,877774,0.8655
GSM9237944_unc20_1,GSM9237944,16,AIS,0.2,AT2,Epithelial,Alveolar epithelium,424,1748885,0.8655
GSM9237944_unc20_2,GSM9237944,16,AIS,0.2,Adventitial fibroblasts,Stroma,Fibroblast lineage,3,5093,0.8655
GSM9237944_unc20_3,GSM9237944,16,AIS,0.2,Alveolar fibroblasts,Stroma,Fibroblast lineage,449,637846,0.8655
GSM9237944_unc20_4,GSM9237944,16,AIS,0.2,Alveolar macrophages,Immune,Myeloid,40,206725,0.8655
GSM9237944_unc20_5,GSM9237944,16,AIS,0.2,B cells,Immune,Lymphoid,2,3198,0.8655
GSM9237944_unc20_6,GSM9237944,16,AIS,0.2,Basal resting,Epithelial,Airway epithelium,5,6305,0.8655
GSM9237944_unc20_7,GSM9237944,16,AIS,0.2,CD4 T cells,Immune,Lymphoid,21,27497,0.8655
GSM9237944_unc20_8,GSM9237944,16,AIS,0.2,CD8 T cells,Immune,Lymphoid,28,35391,0.8655
GSM9237944_unc20_9,GSM9237944,16,AIS,0.2,Classical monocytes,Immune,Myeloid,1,1534,0.8655
GSM9237944_unc20_10,GSM9237944,16,AIS,0.2,EC aerocyte capillary,Endothelial,Blood vessels,27,32284,0.8655
GSM9237944_unc20_11,GSM9237944,16,AIS,0.2,EC arterial,Endothelial,Blood vessels,12,13893,0.8655
GSM9237944_unc20_12,GSM9237944,16,AIS,0.2,EC general capillary,Endothelial,Blood vessels,39,45567,0.8655
GSM9237944_unc20_13,GSM9237944,16,AIS,0.2,EC venous pulmonary,Endothelial,Blood vessels,26,38027,0.8655
GSM9237944_unc20_14,GSM9237944,16,AIS,0.2,EC venous systemic,Endothelial,Blood vessels,1,1550,0.8655
GSM9237944_unc20_15,GSM9237944,16,AIS,0.2,Goblet (nasal),Epithelial,Airway epithelium,3,6064,0.8655
GSM9237944_unc20_16,GSM9237944,16,AIS,0.2,Lymphatic EC differentiating,Endothelial,Lymphatic EC,10,12291,0.8655
GSM9237944_unc20_17,GSM9237944,16,AIS,0.2,Mast cells,Immune,Myeloid,10,11167,0.8655
GSM9237944_unc20_18,GSM9237944,16,AIS,0.2,Monocyte-derived Mph,Immune,Myeloid,6,18920,0.8655
GSM9237944_unc20_19,GSM9237944,16,AIS,0.2,Multiciliated (non-nasal),Epithelial,Airway epithelium,17,51783,0.8655
GSM9237944_unc20_20,GSM9237944,16,AIS,0.2,Myofibroblasts,Stroma,Fibroblast lineage,5,5732,0.8655
GSM9237944_unc20_21,GSM9237944,16,AIS,0.2,NK cells,Immune,Lymphoid,1,1196,0.8655
GSM9237944_unc20_22,GSM9237944,16,AIS,0.2,Non-classical monocytes,Immune,Myeloid,24,30613,0.8655
GSM9237944_unc20_23,GSM9237944,16,AIS,0.2,Pericytes,Stroma,Fibroblast lineage,38,49659,0.8655
GSM9237944_unc20_24,GSM9237944,16,AIS,0.2,Plasma cells,Immune,Lymphoid,51,199223,0.8655
GSM9237944_unc20_25,GSM9237944,16,AIS,0.2,Plasmacytoid DCs,Immune,Myeloid,2,2505,0.8655
GSM9237944_unc20_26,GSM9237944,16,AIS,0.2,Smooth muscle,Stroma,Smooth muscle,3,3246,0.8655
GSM9237944_unc20_27,GSM9237944,16,AIS,0.2,T cells proliferating,Immune,Lymphoid,1,3147,0.8655
GSM9237944_unc30_0,GSM9237944,16,AIS,0.3,AT0,Epithelial,Airway epithelium,1,2876,0.8655
GSM9237944_unc30_1,GSM9237944,16,AIS,0.3,AT1,Epithelial,Alveolar epithelium,478,930512,0.8655
GSM9237944_unc30_2,GSM9237944,16,AIS,0.3,AT2,Epithelial,Alveolar epithelium,441,1837550,0.8655
GSM9237944_unc30_3,GSM9237944,16,AIS,0.3,AT2 proliferating,Epithelial,Alveolar epithelium,1,5173,0.8655
GSM9237944_unc30_4,GSM9237944,16,AIS,0.3,Adventitial fibroblasts,Stroma,Fibroblast lineage,5,7585,0.8655
GSM9237944_unc30_5,GSM9237944,16,AIS,0.3,Alveolar fibroblasts,Stroma,Fibroblast lineage,509,729296,0.8655
GSM9237944_unc30_6,GSM9237944,16,AIS,0.3,Alveolar macrophages,Immune,Myeloid,51,260116,0.8655
GSM9237944_unc30_7,GSM9237944,16,AIS,0.3,B cells,Immune,Lymphoid,2,3198,0.8655
GSM9237944_unc30_8,GSM9237944,16,AIS,0.3,Basal resting,Epithelial,Airway epithelium,5,6305,0.8655
GSM9237944_unc30_9,GSM9237944,16,AIS,0.3,CD4 T cells,Immune,Lymphoid,26,34959,0.8655
GSM9237944_unc30_10,GSM9237944,16,AIS,0.3,CD8 T cells,Immune,Lymphoid,38,49474,0.8655
GSM9237944_unc30_11,GSM9237944,16,AIS,0.3,Classical monocytes,Immune,Myeloid,3,4928,0.8655
GSM9237944_unc30_12,GSM9237944,16,AIS,0.3,EC aerocyte capillary,Endothelial,Blood vessels,36,44910,0.8655
GSM9237944_unc30_13,GSM9237944,16,AIS,0.3,EC arterial,Endothelial,Blood vessels,16,18686,0.8655
GSM9237944_unc30_14,GSM9237944,16,AIS,0.3,EC general capillary,Endothelial,Blood vessels,64,75814,0.8655
GSM9237944_unc30_15,GSM9237944,16,AIS,0.3,EC venous pulmonary,Endothelial,Blood vessels,31,44073,0.8655
GSM9237944_unc30_16,GSM9237944,16,AIS,0.3,EC venous systemic,Endothelial,Blood vessels,2,2621,0.8655
GSM9237944_unc30_17,GSM9237944,16,AIS,0.3,Goblet (nasal),Epithelial,Airway epithelium,4,8652,0.8655
GSM9237944_unc30_18,GSM9237944,16,AIS,0.3,Lymphatic EC differentiating,Endothelial,Lymphatic EC,14,17472,0.8655
GSM9237944_unc30_19,GSM9237944,16,AIS,0.3,Mast cells,Immune,Myeloid,10,11167,0.8655
GSM9237944_unc30_20,GSM9237944,16,AIS,0.3,Migratory DCs,Immune,Myeloid,2,4991,0.8655
GSM9237944_unc30_21,GSM9237944,16,AIS,0.3,Monocyte-derived Mph,Immune,Myeloid,9,38941,0.8655
GSM9237944_unc30_22,GSM9237944,16,AIS,0.3,Multiciliated (non-nasal),Epithelial,Airway epithelium,19,56448,0.8655
GSM9237944_unc30_23,GSM9237944,16,AIS,0.3,Myofibroblasts,Stroma,Fibroblast lineage,12,15042,0.8655
GSM9237944_unc30_24,GSM9237944,16,AIS,0.3,NK cells,Immune,Lymphoid,5,6383,0.8655
GSM9237944_unc30_25,GSM9237944,16,AIS,0.3,Non-classical monocytes,Immune,Myeloid,30,37577,0.8655
GSM9237944_unc30_26,GSM9237944,16,AIS,0.3,Pericytes,Stroma,Fibroblast lineage,42,56616,0.8655
GSM9237944_unc30_27,GSM9237944,16,AIS,0.3,Plasma cells,Immune,Lymphoid,51,199223,0.8655
GSM9237944_unc30_28,GSM9237944,16,AIS,0.3,Plasmacytoid DCs,Immune,Myeloid,2,2505,0.8655
GSM9237944_unc30_29,GSM9237944,16,AIS,0.3,Smooth muscle,Stroma,Smooth muscle,7,10474,0.8655
GSM9237944_unc30_30,GSM9237944,16,AIS,0.3,T cells proliferating,Immune,Lymphoid,1,3147,0.8655
GSM9237945_unc20_0,GSM9237945,16,LUAD,0.2,AT1,Epithelial,Alveolar epithelium,207,348638,0.8655
GSM9237945_unc20_1,GSM9237945,16,LUAD,0.2,AT2,Epithelial,Alveolar epithelium,390,1162896,0.8655
GSM9237945_unc20_2,GSM9237945,16,LUAD,0.2,Adventitial fibroblasts,Stroma,Fibroblast lineage,2,12548,0.8655
GSM9237945_unc20_3,GSM9237945,16,LUAD,0.2,Alveolar fibroblasts,Stroma,Fibroblast lineage,212,379707,0.8655
GSM9237945_unc20_4,GSM9237945,16,LUAD,0.2,Alveolar macrophages,Immune,Myeloid,28,204745,0.8655
GSM9237945_unc20_5,GSM9237945,16,LUAD,0.2,B cells,Immune,Lymphoid,20,26069,0.8655
GSM9237945_unc20_6,GSM9237945,16,LUAD,0.2,Basal resting,Epithelial,Airway epithelium,2,2821,0.8655
GSM9237945_unc20_7,GSM9237945,16,LUAD,0.2,CD4 T cells,Immune,Lymphoid,45,53552,0.8655
GSM9237945_unc20_8,GSM9237945,16,LUAD,0.2,CD8 T cells,Immune,Lymphoid,13,16460,0.8655
GSM9237945_unc20_9,GSM9237945,16,LUAD,0.2,Classical monocytes,Immune,Myeloid,1,1968,0.8655
GSM9237945_unc20_10,GSM9237945,16,LUAD,0.2,EC aerocyte capillary,Endothelial,Blood vessels,9,13463,0.8655
GSM9237945_unc20_11,GSM9237945,16,LUAD,0.2,EC arterial,Endothelial,Blood vessels,17,27650,0.8655
GSM9237945_unc20_12,GSM9237945,16,LUAD,0.2,EC general capillary,Endothelial,Blood vessels,10,11183,0.8655
GSM9237945_unc20_13,GSM9237945,16,LUAD,0.2,EC venous pulmonary,Endothelial,Blood vessels,22,28132,0.8655
GSM9237945_unc20_14,GSM9237945,16,LUAD,0.2,EC venous systemic,Endothelial,Blood vessels,4,7693,0.8655
GSM9237945_unc20_15,GSM9237945,16,LUAD,0.2,Goblet (nasal),Epithelial,Airway epithelium,254,2461303,0.8655
GSM9237945_unc20_16,GSM9237945,16,LUAD,0.2,Interstitial Mph perivascular,Immune,Myeloid,3,9274,0.8655
GSM9237945_unc20_17,GSM9237945,16,LUAD,0.2,Lymphatic EC differentiating,Endothelial,Lymphatic EC,10,16785,0.8655
GSM9237945_unc20_18,GSM9237945,16,LUAD,0.2,Mast cells,Immune,Myeloid,14,17548,0.8655
GSM9237945_unc20_19,GSM9237945,16,LUAD,0.2,Migratory DCs,Immune,Myeloid,1,1655,0.8655
GSM9237945_unc20_20,GSM9237945,16,LUAD,0.2,Monocyte-derived Mph,Immune,Myeloid,28,87926,0.8655
GSM9237945_unc20_21,GSM9237945,16,LUAD,0.2,Multiciliated (non-nasal),Epithelial,Airway epithelium,16,168490,0.8655
GSM9237945_unc20_22,GSM9237945,16,LUAD,0.2,NK cells,Immune,Lymphoid,3,3833,0.8655
GSM9237945_unc20_23,GSM9237945,16,LUAD,0.2,Non-classical monocytes,Immune,Myeloid,10,18019,0.8655
GSM9237945_unc20_24,GSM9237945,16,LUAD,0.2,Peribronchial fibroblasts,Stroma,Fibroblast lineage,10,58022,0.8655
GSM9237945_unc20_25,GSM9237945,16,LUAD,0.2,Pericytes,Stroma,Fibroblast lineage,16,30228,0.8655
GSM9237945_unc20_26,GSM9237945,16,LUAD,0.2,Plasma cells,Immune,Lymphoid,115,758274,0.8655
GSM9237945_unc20_27,GSM9237945,16,LUAD,0.2,Plasmacytoid DCs,Immune,Myeloid,3,5501,0.8655
GSM9237945_unc20_28,GSM9237945,16,LUAD,0.2,Smooth muscle,Stroma,Smooth muscle,4,4781,0.8655
GSM9237945_unc30_0,GSM9237945,16,LUAD,0.3,AT0,Epithelial,Airway epithelium,1,5886,0.8655
GSM9237945_unc30_1,GSM9237945,16,LUAD,0.3,AT1,Epithelial,Alveolar epithelium,217,390119,0.8655
GSM9237945_unc30_2,GSM9237945,16,LUAD,0.3,AT2,Epithelial,Alveolar epithelium,414,1254849,0.8655
GSM9237945_unc30_3,GSM9237945,16,LUAD,0.3,Adventitial fibroblasts,Stroma,Fibroblast lineage,5,16960,0.8655
GSM9237945_unc30_4,GSM9237945,16,LUAD,0.3,Alveolar fibroblasts,Stroma,Fibroblast lineage,249,439468,0.8655
GSM9237945_unc30_5,GSM9237945,16,LUAD,0.3,Alveolar macrophages,Immune,Myeloid,37,269012,0.8655
GSM9237945_unc30_6,GSM9237945,16,LUAD,0.3,B cells,Immune,Lymphoid,20,26069,0.8655
GSM9237945_unc30_7,GSM9237945,16,LUAD,0.3,Basal resting,Epithelial,Airway epithelium,2,2821,0.8655
GSM9237945_unc30_8,GSM9237945,16,LUAD,0.3,CD4 T cells,Immune,Lymphoid,55,65430,0.8655
GSM9237945_unc30_9,GSM9237945,16,LUAD,0.3,CD8 T cells,Immune,Lymphoid,21,26843,0.8655
GSM9237945_unc30_10,GSM9237945,16,LUAD,0.3,Classical monocytes,Immune,Myeloid,5,8832,0.8655
GSM9237945_unc30_11,GSM9237945,16,LUAD,0.3,EC aerocyte capillary,Endothelial,Blood vessels,11,16538,0.8655
GSM9237945_unc30_12,GSM9237945,16,LUAD,0.3,EC arterial,Endothelial,Blood vessels,21,34945,0.8655
GSM9237945_unc30_13,GSM9237945,16,LUAD,0.3,EC general capillary,Endothelial,Blood vessels,15,18038,0.8655
GSM9237945_unc30_14,GSM9237945,16,LUAD,0.3,EC venous pulmonary,Endothelial,Blood vessels,29,37282,0.8655
GSM9237945_unc30_15,GSM9237945,16,LUAD,0.3,EC venous systemic,Endothelial,Blood vessels,9,17840,0.8655
GSM9237945_unc30_16,GSM9237945,16,LUAD,0.3,Goblet (nasal),Epithelial,Airway epithelium,299,3035456,0.8655
GSM9237945_unc30_17,GSM9237945,16,LUAD,0.3,Interstitial Mph perivascular,Immune,Myeloid,6,14350,0.8655
GSM9237945_unc30_18,GSM9237945,16,LUAD,0.3,Lymphatic EC differentiating,Endothelial,Lymphatic EC,12,21109,0.8655
GSM9237945_unc30_19,GSM9237945,16,LUAD,0.3,Mast cells,Immune,Myeloid,14,17548,0.8655
GSM9237945_unc30_20,GSM9237945,16,LUAD,0.3,Migratory DCs,Immune,Myeloid,3,5291,0.8655
GSM9237945_unc30_21,GSM9237945,16,LUAD,0.3,Monocyte-derived Mph,Immune,Myeloid,54,190428,0.8655
GSM9237945_unc30_22,GSM9237945,16,LUAD,0.3,Multiciliated (non-nasal),Epithelial,Airway epithelium,16,168490,0.8655
GSM9237945_unc30_23,GSM9237945,16,LUAD,0.3,Myofibroblasts,Stroma,Fibroblast lineage,3,4371,0.8655
GSM9237945_unc30_24,GSM9237945,16,LUAD,0.3,NK cells,Immune,Lymphoid,6,7169,0.8655
GSM9237945_unc30_25,GSM9237945,16,LUAD,0.3,Non-classical monocytes,Immune,Myeloid,14,24182,0.8655
GSM9237945_unc30_26,GSM9237945,16,LUAD,0.3,Peribronchial fibroblasts,Stroma,Fibroblast lineage,15,66540,0.8655
GSM9237945_unc30_27,GSM9237945,16,LUAD,0.3,Pericytes,Stroma,Fibroblast lineage,16,30228,0.8655
GSM9237945_unc30_28,GSM9237945,16,LUAD,0.3,Plasma cells,Immune,Lymphoid,115,758274,0.8655
GSM9237945_unc30_29,GSM9237945,16,LUAD,0.3,Plasmacytoid DCs,Immune,Myeloid,4,6673,0.8655
GSM9237945_unc30_30,GSM9237945,16,LUAD,0.3,SM activated stress response,Stroma,Smooth muscle,1,1290,0.8655
GSM9237945_unc30_31,GSM9237945,16,LUAD,0.3,Smooth muscle,Stroma,Smooth muscle,6,7446,0.8655
GSM9237945_unc30_32,GSM9237945,16,LUAD,0.3,Suprabasal,Epithelial,Airway epithelium,1,1589,0.8655
GSM9237946_unc20_0,GSM9237946,17,normal,0.2,AT0,Epithelial,Airway epithelium,6,14950,0.8655
GSM9237946_unc20_1,GSM9237946,17,normal,0.2,AT1,Epithelial,Alveolar epithelium,851,2037545,0.8655
GSM9237946_unc20_2,GSM9237946,17,normal,0.2,AT2,Epithelial,Alveolar epithelium,1154,4421306,0.8655
GSM9237946_unc20_3,GSM9237946,17,normal,0.2,AT2 proliferating,Epithelial,Alveolar epithelium,2,12376,0.8655
GSM9237946_unc20_4,GSM9237946,17,normal,0.2,Adventitial fibroblasts,Stroma,Fibroblast lineage,87,223758,0.8655
GSM9237946_unc20_5,GSM9237946,17,normal,0.2,Alveolar fibroblasts,Stroma,Fibroblast lineage,1132,2426983,0.8655
GSM9237946_unc20_6,GSM9237946,17,normal,0.2,Alveolar macrophages,Immune,Myeloid,95,1063616,0.8655
GSM9237946_unc20_7,GSM9237946,17,normal,0.2,B cells,Immune,Lymphoid,4,5233,0.8655
GSM9237946_unc20_8,GSM9237946,17,normal,0.2,Basal resting,Epithelial,Airway epithelium,70,145780,0.8655
GSM9237946_unc20_9,GSM9237946,17,normal,0.2,CD4 T cells,Immune,Lymphoid,119,159706,0.8655
GSM9237946_unc20_10,GSM9237946,17,normal,0.2,CD8 T cells,Immune,Lymphoid,60,86207,0.8655
GSM9237946_unc20_11,GSM9237946,17,normal,0.2,Classical monocytes,Immune,Myeloid,16,41367,0.8655
GSM9237946_unc20_12,GSM9237946,17,normal,0.2,Club (non-nasal),Epithelial,Airway epithelium,1,2028,0.8655
GSM9237946_unc20_13,GSM9237946,17,normal,0.2,DC2,Immune,Myeloid,1,1320,0.8655
GSM9237946_unc20_14,GSM9237946,17,normal,0.2,Deuterosomal,Epithelial,Airway epithelium,2,2523,0.8655
GSM9237946_unc20_15,GSM9237946,17,normal,0.2,EC aerocyte capillary,Endothelial,Blood vessels,132,218652,0.8655
GSM9237946_unc20_16,GSM9237946,17,normal,0.2,EC arterial,Endothelial,Blood vessels,74,146758,0.8655
GSM9237946_unc20_17,GSM9237946,17,normal,0.2,EC general capillary,Endothelial,Blood vessels,52,70034,0.8655
GSM9237946_unc20_18,GSM9237946,17,normal,0.2,EC venous pulmonary,Endothelial,Blood vessels,70,126384,0.8655
GSM9237946_unc20_19,GSM9237946,17,normal,0.2,Goblet (nasal),Epithelial,Airway epithelium,18,57211,0.8655
GSM9237946_unc20_20,GSM9237946,17,normal,0.2,Goblet (subsegmental),Epithelial,Airway epithelium,7,22928,0.8655
GSM9237946_unc20_21,GSM9237946,17,normal,0.2,Interstitial Mph perivascular,Immune,Myeloid,75,117827,0.8655
GSM9237946_unc20_22,GSM9237946,17,normal,0.2,Lymphatic EC differentiating,Endothelial,Lymphatic EC,47,68263,0.8655
GSM9237946_unc20_23,GSM9237946,17,normal,0.2,Mast cells,Immune,Myeloid,121,170333,0.8655
GSM9237946_unc20_24,GSM9237946,17,normal,0.2,Mesothelium,Stroma,Mesothelium,12,48477,0.8655
GSM9237946_unc20_25,GSM9237946,17,normal,0.2,Migratory DCs,Immune,Myeloid,3,7443,0.8655
GSM9237946_unc20_26,GSM9237946,17,normal,0.2,Monocyte-derived Mph,Immune,Myeloid,2,3608,0.8655
GSM9237946_unc20_27,GSM9237946,17,normal,0.2,Multiciliated (non-nasal),Epithelial,Airway epithelium,589,2737514,0.8655
GSM9237946_unc20_28,GSM9237946,17,normal,0.2,Myofibroblasts,Stroma,Fibroblast lineage,1,1189,0.8655
GSM9237946_unc20_29,GSM9237946,17,normal,0.2,NK cells,Immune,Lymphoid,58,80476,0.8655
GSM9237946_unc20_30,GSM9237946,17,normal,0.2,Non-classical monocytes,Immune,Myeloid,27,55827,0.8655
GSM9237946_unc20_31,GSM9237946,17,normal,0.2,Peribronchial fibroblasts,Stroma,Fibroblast lineage,1,1064,0.8655
GSM9237946_unc20_32,GSM9237946,17,normal,0.2,Pericytes,Stroma,Fibroblast lineage,83,169901,0.8655
GSM9237946_unc20_33,GSM9237946,17,normal,0.2,Plasma cells,Immune,Lymphoid,199,831683,0.8655
GSM9237946_unc20_34,GSM9237946,17,normal,0.2,Plasmacytoid DCs,Immune,Myeloid,6,17039,0.8655
GSM9237946_unc20_35,GSM9237946,17,normal,0.2,Smooth muscle,Stroma,Smooth muscle,63,132343,0.8655
GSM9237946_unc20_36,GSM9237946,17,normal,0.2,Smooth muscle FAM83D+,Stroma,Smooth muscle,1,1336,0.8655
GSM9237946_unc20_37,GSM9237946,17,normal,0.2,Suprabasal,Epithelial,Airway epithelium,1,2739,0.8655
GSM9237946_unc20_38,GSM9237946,17,normal,0.2,pre-TB secretory,Epithelial,Airway epithelium,17,36924,0.8655
GSM9237946_unc30_0,GSM9237946,17,normal,0.3,AT0,Epithelial,Airway epithelium,20,51369,0.8655
GSM9237946_unc30_1,GSM9237946,17,normal,0.3,AT1,Epithelial,Alveolar epithelium,887,2172644,0.8655
GSM9237946_unc30_2,GSM9237946,17,normal,0.3,AT2,Epithelial,Alveolar epithelium,1232,4707824,0.8655
GSM9237946_unc30_3,GSM9237946,17,normal,0.3,AT2 proliferating,Epithelial,Alveolar epithelium,3,13765,0.8655
GSM9237946_unc30_4,GSM9237946,17,normal,0.3,Adventitial fibroblasts,Stroma,Fibroblast lineage,106,275852,0.8655
GSM9237946_unc30_5,GSM9237946,17,normal,0.3,Alveolar fibroblasts,Stroma,Fibroblast lineage,1257,2813285,0.8655
GSM9237946_unc30_6,GSM9237946,17,normal,0.3,Alveolar macrophages,Immune,Myeloid,114,1219461,0.8655
GSM9237946_unc30_7,GSM9237946,17,normal,0.3,B cells,Immune,Lymphoid,4,5233,0.8655
GSM9237946_unc30_8,GSM9237946,17,normal,0.3,Basal resting,Epithelial,Airway epithelium,83,176360,0.8655
GSM9237946_unc30_9,GSM9237946,17,normal,0.3,CD4 T cells,Immune,Lymphoid,163,219377,0.8655
GSM9237946_unc30_10,GSM9237946,17,normal,0.3,CD8 T cells,Immune,Lymphoid,106,148281,0.8655
GSM9237946_unc30_11,GSM9237946,17,normal,0.3,Classical monocytes,Immune,Myeloid,24,59500,0.8655
GSM9237946_unc30_12,GSM9237946,17,normal,0.3,Club (non-nasal),Epithelial,Airway epithelium,2,3584,0.8655
GSM9237946_unc30_13,GSM9237946,17,normal,0.3,DC2,Immune,Myeloid,1,1320,0.8655
GSM9237946_unc30_14,GSM9237946,17,normal,0.3,Deuterosomal,Epithelial,Airway epithelium,2,2523,0.8655
GSM9237946_unc30_15,GSM9237946,17,normal,0.3,EC aerocyte capillary,Endothelial,Blood vessels,142,238993,0.8655
GSM9237946_unc30_16,GSM9237946,17,normal,0.3,EC arterial,Endothelial,Blood vessels,82,157529,0.8655
GSM9237946_unc30_17,GSM9237946,17,normal,0.3,EC general capillary,Endothelial,Blood vessels,68,91748,0.8655
GSM9237946_unc30_18,GSM9237946,17,normal,0.3,EC venous pulmonary,Endothelial,Blood vessels,78,138034,0.8655
GSM9237946_unc30_19,GSM9237946,17,normal,0.3,Goblet (bronchial),Epithelial,Airway epithelium,1,2273,0.8655
GSM9237946_unc30_20,GSM9237946,17,normal,0.3,Goblet (nasal),Epithelial,Airway epithelium,27,86209,0.8655
GSM9237946_unc30_21,GSM9237946,17,normal,0.3,Goblet (subsegmental),Epithelial,Airway epithelium,9,28419,0.8655
GSM9237946_unc30_22,GSM9237946,17,normal,0.3,Interstitial Mph perivascular,Immune,Myeloid,108,170178,0.8655
GSM9237946_unc30_23,GSM9237946,17,normal,0.3,Lymphatic EC differentiating,Endothelial,Lymphatic EC,52,75762,0.8655
GSM9237946_unc30_24,GSM9237946,17,normal,0.3,Mast cells,Immune,Myeloid,128,181329,0.8655
GSM9237946_unc30_25,GSM9237946,17,normal,0.3,Mesothelium,Stroma,Mesothelium,19,81719,0.8655
GSM9237946_unc30_26,GSM9237946,17,normal,0.3,Migratory DCs,Immune,Myeloid,4,8760,0.8655
GSM9237946_unc30_27,GSM9237946,17,normal,0.3,Monocyte-derived Mph,Immune,Myeloid,6,9964,0.8655
GSM9237946_unc30_28,GSM9237946,17,normal,0.3,Multiciliated (nasal),Epithelial,Airway epithelium,1,6028,0.8655
GSM9237946_unc30_29,GSM9237946,17,normal,0.3,Multiciliated (non-nasal),Epithelial,Airway epithelium,622,2953564,0.8655
GSM9237946_unc30_30,GSM9237946,17,normal,0.3,Myofibroblasts,Stroma,Fibroblast lineage,2,2426,0.8655
GSM9237946_unc30_31,GSM9237946,17,normal,0.3,NK cells,Immune,Lymphoid,79,111017,0.8655
GSM9237946_unc30_32,GSM9237946,17,normal,0.3,Non-classical monocytes,Immune,Myeloid,33,67361,0.8655
GSM9237946_unc30_33,GSM9237946,17,normal,0.3,Peribronchial fibroblasts,Stroma,Fibroblast lineage,4,7319,0.8655
GSM9237946_unc30_34,GSM9237946,17,normal,0.3,Pericytes,Stroma,Fibroblast lineage,100,224522,0.8655
GSM9237946_unc30_35,GSM9237946,17,normal,0.3,Plasma cells,Immune,Lymphoid,208,846180,0.8655
GSM9237946_unc30_36,GSM9237946,17,normal,0.3,Plasmacytoid DCs,Immune,Myeloid,6,17039,0.8655
GSM9237946_unc30_37,GSM9237946,17,normal,0.3,Smooth muscle,Stroma,Smooth muscle,78,157773,0.8655
GSM9237946_unc30_38,GSM9237946,17,normal,0.3,Smooth muscle FAM83D+,Stroma,Smooth muscle,1,1336,0.8655
GSM9237946_unc30_39,GSM9237946,17,normal,0.3,Suprabasal,Epithelial,Airway epithelium,1,2739,0.8655
GSM9237946_unc30_40,GSM9237946,17,normal,0.3,pre-TB secretory,Epithelial,Airway epithelium,28,67704,0.8655
GSM9237947_unc20_0,GSM9237947,17,AIS,0.2,AT0,Epithelial,Airway epithelium,5,11506,0.8655
GSM9237947_unc20_1,GSM9237947,17,AIS,0.2,AT1,Epithelial,Alveolar epithelium,821,2104133,0.8655
GSM9237947_unc20_2,GSM9237947,17,AIS,0.2,AT2,Epithelial,Alveolar epithelium,1779,8998016,0.8655
GSM9237947_unc20_3,GSM9237947,17,AIS,0.2,AT2 proliferating,Epithelial,Alveolar epithelium,2,18464,0.8655
GSM9237947_unc20_4,GSM9237947,17,AIS,0.2,Adventitial fibroblasts,Stroma,Fibroblast lineage,46,105719,0.8655
GSM9237947_unc20_5,GSM9237947,17,AIS,0.2,Alveolar fibroblasts,Stroma,Fibroblast lineage,1087,2310638,0.8655
GSM9237947_unc20_6,GSM9237947,17,AIS,0.2,Alveolar macrophages,Immune,Myeloid,119,1833261,0.8655
GSM9237947_unc20_7,GSM9237947,17,AIS,0.2,B cells,Immune,Lymphoid,57,81013,0.8655
GSM9237947_unc20_8,GSM9237947,17,AIS,0.2,Basal resting,Epithelial,Airway epithelium,21,54981,0.8655
GSM9237947_unc20_9,GSM9237947,17,AIS,0.2,CD4 T cells,Immune,Lymphoid,212,298443,0.8655
GSM9237947_unc20_10,GSM9237947,17,AIS,0.2,CD8 T cells,Immune,Lymphoid,114,151281,0.8655
GSM9237947_unc20_11,GSM9237947,17,AIS,0.2,Classical monocytes,Immune,Myeloid,27,65543,0.8655
GSM9237947_unc20_12,GSM9237947,17,AIS,0.2,DC2,Immune,Myeloid,2,12641,0.8655
GSM9237947_unc20_13,GSM9237947,17,AIS,0.2,EC aerocyte capillary,Endothelial,Blood vessels,207,376527,0.8655
GSM9237947_unc20_14,GSM9237947,17,AIS,0.2,EC arterial,Endothelial,Blood vessels,110,228903,0.8655
GSM9237947_unc20_15,GSM9237947,17,AIS,0.2,EC general capillary,Endothelial,Blood vessels,144,204636,0.8655
GSM9237947_unc20_16,GSM9237947,17,AIS,0.2,EC venous pulmonary,Endothelial,Blood vessels,82,150205,0.8655
GSM9237947_unc20_17,GSM9237947,17,AIS,0.2,Goblet (nasal),Epithelial,Airway epithelium,11,52116,0.8655
GSM9237947_unc20_18,GSM9237947,17,AIS,0.2,Goblet (subsegmental),Epithelial,Airway epithelium,2,7576,0.8655
GSM9237947_unc20_19,GSM9237947,17,AIS,0.2,Interstitial Mph perivascular,Immune,Myeloid,97,171687,0.8655
GSM9237947_unc20_20,GSM9237947,17,AIS,0.2,Lymphatic EC differentiating,Endothelial,Lymphatic EC,31,46411,0.8655
GSM9237947_unc20_21,GSM9237947,17,AIS,0.2,Mast cells,Immune,Myeloid,149,222488,0.8655
GSM9237947_unc20_22,GSM9237947,17,AIS,0.2,Mesothelium,Stroma,Mesothelium,2,6688,0.8655
GSM9237947_unc20_23,GSM9237947,17,AIS,0.2,Migratory DCs,Immune,Myeloid,6,13978,0.8655
GSM9237947_unc20_24,GSM9237947,17,AIS,0.2,Monocyte-derived Mph,Immune,Myeloid,8,39819,0.8655
GSM9237947_unc20_25,GSM9237947,17,AIS,0.2,Multiciliated (non-nasal),Epithelial,Airway epithelium,260,1380774,0.8655
GSM9237947_unc20_26,GSM9237947,17,AIS,0.2,Myofibroblasts,Stroma,Fibroblast lineage,4,5597,0.8655
GSM9237947_unc20_27,GSM9237947,17,AIS,0.2,NK cells,Immune,Lymphoid,52,76696,0.8655
GSM9237947_unc20_28,GSM9237947,17,AIS,0.2,Non-classical monocytes,Immune,Myeloid,31,74525,0.8655
GSM9237947_unc20_29,GSM9237947,17,AIS,0.2,Peribronchial fibroblasts,Stroma,Fibroblast lineage,4,14425,0.8655
GSM9237947_unc20_30,GSM9237947,17,AIS,0.2,Pericytes,Stroma,Fibroblast lineage,70,186045,0.8655
GSM9237947_unc20_31,GSM9237947,17,AIS,0.2,Plasma cells,Immune,Lymphoid,256,1653304,0.8655
GSM9237947_unc20_32,GSM9237947,17,AIS,0.2,Plasmacytoid DCs,Immune,Myeloid,7,18037,0.8655
GSM9237947_unc20_33,GSM9237947,17,AIS,0.2,Smooth muscle,Stroma,Smooth muscle,66,123201,0.8655
GSM9237947_unc20_34,GSM9237947,17,AIS,0.2,T cells proliferating,Immune,Lymphoid,1,5491,0.8655
GSM9237947_unc20_35,GSM9237947,17,AIS,0.2,pre-TB secretory,Epithelial,Airway epithelium,18,55636,0.8655
GSM9237947_unc30_0,GSM9237947,17,AIS,0.3,AT0,Epithelial,Airway epithelium,14,37668,0.8655
GSM9237947_unc30_1,GSM9237947,17,AIS,0.3,AT1,Epithelial,Alveolar epithelium,854,2219714,0.8655
GSM9237947_unc30_2,GSM9237947,17,AIS,0.3,AT2,Epithelial,Alveolar epithelium,1926,9855008,0.8655
GSM9237947_unc30_3,GSM9237947,17,AIS,0.3,AT2 proliferating,Epithelial,Alveolar epithelium,5,44790,0.8655
GSM9237947_unc30_4,GSM9237947,17,AIS,0.3,Adventitial fibroblasts,Stroma,Fibroblast lineage,69,162048,0.8655
GSM9237947_unc30_5,GSM9237947,17,AIS,0.3,Alveolar fibroblasts,Stroma,Fibroblast lineage,1211,2680071,0.8655
GSM9237947_unc30_6,GSM9237947,17,AIS,0.3,Alveolar macrophages,Immune,Myeloid,170,2653323,0.8655
GSM9237947_unc30_7,GSM9237947,17,AIS,0.3,B cells,Immune,Lymphoid,60,84686,0.8655
GSM9237947_unc30_8,GSM9237947,17,AIS,0.3,Basal resting,Epithelial,Airway epithelium,24,62314,0.8655
GSM9237947_unc30_9,GSM9237947,17,AIS,0.3,CD4 T cells,Immune,Lymphoid,285,401350,0.8655
GSM9237947_unc30_10,GSM9237947,17,AIS,0.3,CD8 T cells,Immune,Lymphoid,183,250255,0.8655
GSM9237947_unc30_11,GSM9237947,17,AIS,0.3,Classical monocytes,Immune,Myeloid,47,101679,0.8655
GSM9237947_unc30_12,GSM9237947,17,AIS,0.3,DC2,Immune,Myeloid,2,12641,0.8655
GSM9237947_unc30_13,GSM9237947,17,AIS,0.3,EC aerocyte capillary,Endothelial,Blood vessels,219,405804,0.8655
GSM9237947_unc30_14,GSM9237947,17,AIS,0.3,EC arterial,Endothelial,Blood vessels,118,238433,0.8655
GSM9237947_unc30_15,GSM9237947,17,AIS,0.3,EC general capillary,Endothelial,Blood vessels,165,259325,0.8655
GSM9237947_unc30_16,GSM9237947,17,AIS,0.3,EC venous pulmonary,Endothelial,Blood vessels,86,156827,0.8655
GSM9237947_unc30_17,GSM9237947,17,AIS,0.3,EC venous systemic,Endothelial,Blood vessels,2,3421,0.8655
GSM9237947_unc30_18,GSM9237947,17,AIS,0.3,Goblet (nasal),Epithelial,Airway epithelium,18,128891,0.8655
GSM9237947_unc30_19,GSM9237947,17,AIS,0.3,Goblet (subsegmental),Epithelial,Airway epithelium,2,7576,0.8655
GSM9237947_unc30_20,GSM9237947,17,AIS,0.3,Interstitial Mph perivascular,Immune,Myeloid,127,235131,0.8655
GSM9237947_unc30_21,GSM9237947,17,AIS,0.3,Lymphatic EC differentiating,Endothelial,Lymphatic EC,36,53435,0.8655
GSM9237947_unc30_22,GSM9237947,17,AIS,0.3,Lymphatic EC mature,Endothelial,Lymphatic EC,1,1492,0.8655
GSM9237947_unc30_23,GSM9237947,17,AIS,0.3,Mast cells,Immune,Myeloid,151,225005,0.8655
GSM9237947_unc30_24,GSM9237947,17,AIS,0.3,Mesothelium,Stroma,Mesothelium,7,33572,0.8655
GSM9237947_unc30_25,GSM9237947,17,AIS,0.3,Migratory DCs,Immune,Myeloid,6,13978,0.8655
GSM9237947_unc30_26,GSM9237947,17,AIS,0.3,Monocyte-derived Mph,Immune,Myeloid,23,141323,0.8655
GSM9237947_unc30_27,GSM9237947,17,AIS,0.3,Multiciliated (non-nasal),Epithelial,Airway epithelium,279,1518328,0.8655
GSM9237947_unc30_28,GSM9237947,17,AIS,0.3,Myofibroblasts,Stroma,Fibroblast lineage,12,18423,0.8655
GSM9237947_unc30_29,GSM9237947,17,AIS,0.3,NK cells,Immune,Lymphoid,79,116719,0.8655
GSM9237947_unc30_30,GSM9237947,17,AIS,0.3,Non-classical monocytes,Immune,Myeloid,38,86524,0.8655
GSM9237947_unc30_31,GSM9237947,17,AIS,0.3,Peribronchial fibroblasts,Stroma,Fibroblast lineage,11,40748,0.8655
GSM9237947_unc30_32,GSM9237947,17,AIS,0.3,Pericytes,Stroma,Fibroblast lineage,83,232854,0.8655
GSM9237947_unc30_33,GSM9237947,17,AIS,0.3,Plasma cells,Immune,Lymphoid,266,1679958,0.8655
GSM9237947_unc30_34,GSM9237947,17,AIS,0.3,Plasmacytoid DCs,Immune,Myeloid,8,21591,0.8655
GSM9237947_unc30_35,GSM9237947,17,AIS,0.3,Smooth muscle,Stroma,Smooth muscle,81,165172,0.8655
GSM9237947_unc30_36,GSM9237947,17,AIS,0.3,T cells proliferating,Immune,Lymphoid,1,5491,0.8655
GSM9237947_unc30_37,GSM9237947,17,AIS,0.3,pre-TB secretory,Epithelial,Airway epithelium,33,78712,0.8655
GSM9237948_unc20_0,GSM9237948,17,LUAD,0.2,AT0,Epithelial,Airway epithelium,2,3693,0.8655
GSM9237948_unc20_1,GSM9237948,17,LUAD,0.2,AT1,Epithelial,Alveolar epithelium,77,172386,0.8655
GSM9237948_unc20_2,GSM9237948,17,LUAD,0.2,AT2,Epithelial,Alveolar epithelium,357,1276710,0.8655
GSM9237948_unc20_3,GSM9237948,17,LUAD,0.2,Adventitial fibroblasts,Stroma,Fibroblast lineage,141,383170,0.8655
GSM9237948_unc20_4,GSM9237948,17,LUAD,0.2,Alveolar Mph proliferating,Immune,Myeloid,1,1953,0.8655
GSM9237948_unc20_5,GSM9237948,17,LUAD,0.2,Alveolar fibroblasts,Stroma,Fibroblast lineage,663,1507708,0.8655
GSM9237948_unc20_6,GSM9237948,17,LUAD,0.2,Alveolar macrophages,Immune,Myeloid,63,442791,0.8655
GSM9237948_unc20_7,GSM9237948,17,LUAD,0.2,B cells,Immune,Lymphoid,113,157680,0.8655
GSM9237948_unc20_8,GSM9237948,17,LUAD,0.2,Basal resting,Epithelial,Airway epithelium,43,133235,0.8655
GSM9237948_unc20_9,GSM9237948,17,LUAD,0.2,CD4 T cells,Immune,Lymphoid,340,459668,0.8655
GSM9237948_unc20_10,GSM9237948,17,LUAD,0.2,CD8 T cells,Immune,Lymphoid,149,200869,0.8655
GSM9237948_unc20_11,GSM9237948,17,LUAD,0.2,Classical monocytes,Immune,Myeloid,23,56252,0.8655
GSM9237948_unc20_12,GSM9237948,17,LUAD,0.2,Club (non-nasal),Epithelial,Airway epithelium,2,2240,0.8655
GSM9237948_unc20_13,GSM9237948,17,LUAD,0.2,DC2,Immune,Myeloid,8,36149,0.8655
GSM9237948_unc20_14,GSM9237948,17,LUAD,0.2,Deuterosomal,Epithelial,Airway epithelium,3,25125,0.8655
GSM9237948_unc20_15,GSM9237948,17,LUAD,0.2,EC aerocyte capillary,Endothelial,Blood vessels,3,3709,0.8655
GSM9237948_unc20_16,GSM9237948,17,LUAD,0.2,EC arterial,Endothelial,Blood vessels,22,35909,0.8655
GSM9237948_unc20_17,GSM9237948,17,LUAD,0.2,EC general capillary,Endothelial,Blood vessels,4,5799,0.8655
GSM9237948_unc20_18,GSM9237948,17,LUAD,0.2,EC venous pulmonary,Endothelial,Blood vessels,53,118683,0.8655
GSM9237948_unc20_19,GSM9237948,17,LUAD,0.2,EC venous systemic,Endothelial,Blood vessels,14,26494,0.8655
GSM9237948_unc20_20,GSM9237948,17,LUAD,0.2,Goblet (bronchial),Epithelial,Airway epithelium,2,39161,0.8655
GSM9237948_unc20_21,GSM9237948,17,LUAD,0.2,Goblet (nasal),Epithelial,Airway epithelium,26,469714,0.8655
GSM9237948_unc20_22,GSM9237948,17,LUAD,0.2,Interstitial Mph perivascular,Immune,Myeloid,122,220058,0.8655
GSM9237948_unc20_23,GSM9237948,17,LUAD,0.2,Lymphatic EC differentiating,Endothelial,Lymphatic EC,30,50009,0.8655
GSM9237948_unc20_24,GSM9237948,17,LUAD,0.2,Lymphatic EC mature,Endothelial,Lymphatic EC,1,1510,0.8655
GSM9237948_unc20_25,GSM9237948,17,LUAD,0.2,Mast cells,Immune,Myeloid,130,187582,0.8655
GSM9237948_unc20_26,GSM9237948,17,LUAD,0.2,Migratory DCs,Immune,Myeloid,18,44543,0.8655
GSM9237948_unc20_27,GSM9237948,17,LUAD,0.2,Monocyte-derived Mph,Immune,Myeloid,93,327358,0.8655
GSM9237948_unc20_28,GSM9237948,17,LUAD,0.2,Multiciliated (nasal),Epithelial,Airway epithelium,1,16025,0.8655
GSM9237948_unc20_29,GSM9237948,17,LUAD,0.2,Multiciliated (non-nasal),Epithelial,Airway epithelium,147,849915,0.8655
GSM9237948_unc20_30,GSM9237948,17,LUAD,0.2,Myofibroblasts,Stroma,Fibroblast lineage,2,3010,0.8655
GSM9237948_unc20_31,GSM9237948,17,LUAD,0.2,NK cells,Immune,Lymphoid,10,13249,0.8655
GSM9237948_unc20_32,GSM9237948,17,LUAD,0.2,Non-classical monocytes,Immune,Myeloid,9,18237,0.8655
GSM9237948_unc20_33,GSM9237948,17,LUAD,0.2,Peribronchial fibroblasts,Stroma,Fibroblast lineage,31,74201,0.8655
GSM9237948_unc20_34,GSM9237948,17,LUAD,0.2,Pericytes,Stroma,Fibroblast lineage,40,178610,0.8655
GSM9237948_unc20_35,GSM9237948,17,LUAD,0.2,Plasma cells,Immune,Lymphoid,699,4450655,0.8655
GSM9237948_unc20_36,GSM9237948,17,LUAD,0.2,Plasmacytoid DCs,Immune,Myeloid,11,22393,0.8655
GSM9237948_unc20_37,GSM9237948,17,LUAD,0.2,SM activated stress response,Stroma,Smooth muscle,1,1017,0.8655
GSM9237948_unc20_38,GSM9237948,17,LUAD,0.2,SMG duct,Epithelial,Submucosal Gland,2,23567,0.8655
GSM9237948_unc20_39,GSM9237948,17,LUAD,0.2,SMG mucous,Epithelial,Submucosal Gland,3,6197,0.8655
GSM9237948_unc20_40,GSM9237948,17,LUAD,0.2,SMG serous (bronchial),Epithelial,Submucosal Gland,73,418087,0.8655
GSM9237948_unc20_41,GSM9237948,17,LUAD,0.2,Smooth muscle,Stroma,Smooth muscle,84,223054,0.8655
GSM9237948_unc20_42,GSM9237948,17,LUAD,0.2,Suprabasal,Epithelial,Airway epithelium,2,24517,0.8655
GSM9237948_unc20_43,GSM9237948,17,LUAD,0.2,T cells proliferating,Immune,Lymphoid,6,19442,0.8655
GSM9237948_unc20_44,GSM9237948,17,LUAD,0.2,pre-TB secretory,Epithelial,Airway epithelium,6,11736,0.8655
GSM9237948_unc30_0,GSM9237948,17,LUAD,0.3,AT0,Epithelial,Airway epithelium,2,3693,0.8655
GSM9237948_unc30_1,GSM9237948,17,LUAD,0.3,AT1,Epithelial,Alveolar epithelium,82,207034,0.8655
GSM9237948_unc30_2,GSM9237948,17,LUAD,0.3,AT2,Epithelial,Alveolar epithelium,506,2448243,0.8655
GSM9237948_unc30_3,GSM9237948,17,LUAD,0.3,Adventitial fibroblasts,Stroma,Fibroblast lineage,178,505349,0.8655
GSM9237948_unc30_4,GSM9237948,17,LUAD,0.3,Alveolar Mph proliferating,Immune,Myeloid,1,1953,0.8655
GSM9237948_unc30_5,GSM9237948,17,LUAD,0.3,Alveolar fibroblasts,Stroma,Fibroblast lineage,819,1889591,0.8655
GSM9237948_unc30_6,GSM9237948,17,LUAD,0.3,Alveolar macrophages,Immune,Myeloid,102,621399,0.8655
GSM9237948_unc30_7,GSM9237948,17,LUAD,0.3,B cells,Immune,Lymphoid,121,172528,0.8655
GSM9237948_unc30_8,GSM9237948,17,LUAD,0.3,Basal resting,Epithelial,Airway epithelium,50,157674,0.8655
GSM9237948_unc30_9,GSM9237948,17,LUAD,0.3,CD4 T cells,Immune,Lymphoid,422,568488,0.8655
GSM9237948_unc30_10,GSM9237948,17,LUAD,0.3,CD8 T cells,Immune,Lymphoid,220,298991,0.8655
GSM9237948_unc30_11,GSM9237948,17,LUAD,0.3,Classical monocytes,Immune,Myeloid,32,76755,0.8655
GSM9237948_unc30_12,GSM9237948,17,LUAD,0.3,Club (non-nasal),Epithelial,Airway epithelium,4,8533,0.8655
GSM9237948_unc30_13,GSM9237948,17,LUAD,0.3,DC2,Immune,Myeloid,21,70915,0.8655
GSM9237948_unc30_14,GSM9237948,17,LUAD,0.3,Deuterosomal,Epithelial,Airway epithelium,4,27605,0.8655
GSM9237948_unc30_15,GSM9237948,17,LUAD,0.3,EC aerocyte capillary,Endothelial,Blood vessels,3,3709,0.8655
GSM9237948_unc30_16,GSM9237948,17,LUAD,0.3,EC arterial,Endothelial,Blood vessels,26,41620,0.8655
GSM9237948_unc30_17,GSM9237948,17,LUAD,0.3,EC general capillary,Endothelial,Blood vessels,8,10457,0.8655
GSM9237948_unc30_18,GSM9237948,17,LUAD,0.3,EC venous pulmonary,Endothelial,Blood vessels,67,158311,0.8655
GSM9237948_unc30_19,GSM9237948,17,LUAD,0.3,EC venous systemic,Endothelial,Blood vessels,21,40764,0.8655
GSM9237948_unc30_20,GSM9237948,17,LUAD,0.3,Goblet (bronchial),Epithelial,Airway epithelium,3,46610,0.8655
GSM9237948_unc30_21,GSM9237948,17,LUAD,0.3,Goblet (nasal),Epithelial,Airway epithelium,64,1162536,0.8655
GSM9237948_unc30_22,GSM9237948,17,LUAD,0.3,Interstitial Mph perivascular,Immune,Myeloid,191,371858,0.8655
GSM9237948_unc30_23,GSM9237948,17,LUAD,0.3,Lymphatic EC differentiating,Endothelial,Lymphatic EC,42,69907,0.8655
GSM9237948_unc30_24,GSM9237948,17,LUAD,0.3,Lymphatic EC mature,Endothelial,Lymphatic EC,1,1510,0.8655
GSM9237948_unc30_25,GSM9237948,17,LUAD,0.3,Mast cells,Immune,Myeloid,133,191993,0.8655
GSM9237948_unc30_26,GSM9237948,17,LUAD,0.3,Migratory DCs,Immune,Myeloid,25,60451,0.8655
GSM9237948_unc30_27,GSM9237948,17,LUAD,0.3,Monocyte-derived Mph,Immune,Myeloid,192,789376,0.8655
GSM9237948_unc30_28,GSM9237948,17,LUAD,0.3,Multiciliated (nasal),Epithelial,Airway epithelium,1,16025,0.8655
GSM9237948_unc30_29,GSM9237948,17,LUAD,0.3,Multiciliated (non-nasal),Epithelial,Airway epithelium,156,934446,0.8655
GSM9237948_unc30_30,GSM9237948,17,LUAD,0.3,Myofibroblasts,Stroma,Fibroblast lineage,6,7695,0.8655
GSM9237948_unc30_31,GSM9237948,17,LUAD,0.3,NK cells,Immune,Lymphoid,16,21491,0.8655
GSM9237948_unc30_32,GSM9237948,17,LUAD,0.3,Non-classical monocytes,Immune,Myeloid,10,20271,0.8655
GSM9237948_unc30_33,GSM9237948,17,LUAD,0.3,Peribronchial fibroblasts,Stroma,Fibroblast lineage,78,179334,0.8655
GSM9237948_unc30_34,GSM9237948,17,LUAD,0.3,Pericytes,Stroma,Fibroblast lineage,50,209588,0.8655
GSM9237948_unc30_35,GSM9237948,17,LUAD,0.3,Plasma cells,Immune,Lymphoid,706,4480257,0.8655
GSM9237948_unc30_36,GSM9237948,17,LUAD,0.3,Plasmacytoid DCs,Immune,Myeloid,11,22393,0.8655
GSM9237948_unc30_37,GSM9237948,17,LUAD,0.3,SM activated stress response,Stroma,Smooth muscle,4,4897,0.8655
GSM9237948_unc30_38,GSM9237948,17,LUAD,0.3,SMG duct,Epithelial,Submucosal Gland,2,23567,0.8655
GSM9237948_unc30_39,GSM9237948,17,LUAD,0.3,SMG mucous,Epithelial,Submucosal Gland,3,6197,0.8655
GSM9237948_unc30_40,GSM9237948,17,LUAD,0.3,SMG serous (bronchial),Epithelial,Submucosal Gland,79,452347,0.8655
GSM9237948_unc30_41,GSM9237948,17,LUAD,0.3,SMG serous (nasal),Epithelial,Submucosal Gland,1,13645,0.8655
GSM9237948_unc30_42,GSM9237948,17,LUAD,0.3,Smooth muscle,Stroma,Smooth muscle,119,345451,0.8655
GSM9237948_unc30_43,GSM9237948,17,LUAD,0.3,Suprabasal,Epithelial,Airway epithelium,2,24517,0.8655
GSM9237948_unc30_44,GSM9237948,17,LUAD,0.3,T cells proliferating,Immune,Lymphoid,11,35793,0.8655
GSM9237948_unc30_45,GSM9237948,17,LUAD,0.3,pre-TB secretory,Epithelial,Airway epithelium,13,28057,0.8655
GSM9237949_unc20_0,GSM9237949,18,normal,0.2,AT0,Epithelial,Airway epithelium,1,2149,0.8655
GSM9237949_unc20_1,GSM9237949,18,normal,0.2,AT1,Epithelial,Alveolar epithelium,773,1376234,0.8655
GSM9237949_unc20_2,GSM9237949,18,normal,0.2,AT2,Epithelial,Alveolar epithelium,1343,2523064,0.8655
GSM9237949_unc20_3,GSM9237949,18,normal,0.2,AT2 proliferating,Epithelial,Alveolar epithelium,1,2853,0.8655
GSM9237949_unc20_4,GSM9237949,18,normal,0.2,Adventitial fibroblasts,Stroma,Fibroblast lineage,24,51544,0.8655
GSM9237949_unc20_5,GSM9237949,18,normal,0.2,Alveolar fibroblasts,Stroma,Fibroblast lineage,1180,1882146,0.8655
GSM9237949_unc20_6,GSM9237949,18,normal,0.2,Alveolar macrophages,Immune,Myeloid,254,1223016,0.8655
GSM9237949_unc20_7,GSM9237949,18,normal,0.2,Basal resting,Epithelial,Airway epithelium,7,8072,0.8655
GSM9237949_unc20_8,GSM9237949,18,normal,0.2,CD4 T cells,Immune,Lymphoid,38,50895,0.8655
GSM9237949_unc20_9,GSM9237949,18,normal,0.2,CD8 T cells,Immune,Lymphoid,31,39292,0.8655
GSM9237949_unc20_10,GSM9237949,18,normal,0.2,Classical monocytes,Immune,Myeloid,7,9923,0.8655
GSM9237949_unc20_11,GSM9237949,18,normal,0.2,EC aerocyte capillary,Endothelial,Blood vessels,43,55684,0.8655
GSM9237949_unc20_12,GSM9237949,18,normal,0.2,EC arterial,Endothelial,Blood vessels,43,58675,0.8655
GSM9237949_unc20_13,GSM9237949,18,normal,0.2,EC general capillary,Endothelial,Blood vessels,12,15767,0.8655
GSM9237949_unc20_14,GSM9237949,18,normal,0.2,EC venous pulmonary,Endothelial,Blood vessels,59,74187,0.8655
GSM9237949_unc20_15,GSM9237949,18,normal,0.2,EC venous systemic,Endothelial,Blood vessels,3,4067,0.8655
GSM9237949_unc20_16,GSM9237949,18,normal,0.2,Interstitial Mph perivascular,Immune,Myeloid,2,2917,0.8655
GSM9237949_unc20_17,GSM9237949,18,normal,0.2,Lymphatic EC differentiating,Endothelial,Lymphatic EC,73,106945,0.8655
GSM9237949_unc20_18,GSM9237949,18,normal,0.2,Mast cells,Immune,Myeloid,41,62873,0.8655
GSM9237949_unc20_19,GSM9237949,18,normal,0.2,Migratory DCs,Immune,Myeloid,1,2331,0.8655
GSM9237949_unc20_20,GSM9237949,18,normal,0.2,Monocyte-derived Mph,Immune,Myeloid,10,21278,0.8655
GSM9237949_unc20_21,GSM9237949,18,normal,0.2,Multiciliated (nasal),Epithelial,Airway epithelium,1,5525,0.8655
GSM9237949_unc20_22,GSM9237949,18,normal,0.2,Multiciliated (non-nasal),Epithelial,Airway epithelium,63,199482,0.8655
GSM9237949_unc20_23,GSM9237949,18,normal,0.2,Myofibroblasts,Stroma,Fibroblast lineage,41,55095,0.8655
GSM9237949_unc20_24,GSM9237949,18,normal,0.2,NK cells,Immune,Lymphoid,2,2939,0.8655
GSM9237949_unc20_25,GSM9237949,18,normal,0.2,Neuroendocrine,Epithelial,Airway epithelium,1,2176,0.8655
GSM9237949_unc20_26,GSM9237949,18,normal,0.2,Non-classical monocytes,Immune,Myeloid,25,36111,0.8655
GSM9237949_unc20_27,GSM9237949,18,normal,0.2,Pericytes,Stroma,Fibroblast lineage,63,145690,0.8655
GSM9237949_unc20_28,GSM9237949,18,normal,0.2,Plasma cells,Immune,Lymphoid,14,28016,0.8655
GSM9237949_unc20_29,GSM9237949,18,normal,0.2,Plasmacytoid DCs,Immune,Myeloid,6,10034,0.8655
GSM9237949_unc20_30,GSM9237949,18,normal,0.2,Smooth muscle,Stroma,Smooth muscle,2,3407,0.8655
GSM9237949_unc20_31,GSM9237949,18,normal,0.2,pre-TB secretory,Epithelial,Airway epithelium,12,44363,0.8655
GSM9237949_unc30_0,GSM9237949,18,normal,0.3,AT0,Epithelial,Airway epithelium,3,7569,0.8655
GSM9237949_unc30_1,GSM9237949,18,normal,0.3,AT1,Epithelial,Alveolar epithelium,797,1437241,0.8655
GSM9237949_unc30_2,GSM9237949,18,normal,0.3,AT2,Epithelial,Alveolar epithelium,1398,2639645,0.8655
GSM9237949_unc30_3,GSM9237949,18,normal,0.3,AT2 proliferating,Epithelial,Alveolar epithelium,2,5200,0.8655
GSM9237949_unc30_4,GSM9237949,18,normal,0.3,Adventitial fibroblasts,Stroma,Fibroblast lineage,37,77109,0.8655
GSM9237949_unc30_5,GSM9237949,18,normal,0.3,Alveolar fibroblasts,Stroma,Fibroblast lineage,1374,2233555,0.8655
GSM9237949_unc30_6,GSM9237949,18,normal,0.3,Alveolar macrophages,Immune,Myeloid,293,1356858,0.8655
GSM9237949_unc30_7,GSM9237949,18,normal,0.3,Basal resting,Epithelial,Airway epithelium,8,9489,0.8655
GSM9237949_unc30_8,GSM9237949,18,normal,0.3,CD4 T cells,Immune,Lymphoid,53,70664,0.8655
GSM9237949_unc30_9,GSM9237949,18,normal,0.3,CD8 T cells,Immune,Lymphoid,54,68915,0.8655
GSM9237949_unc30_10,GSM9237949,18,normal,0.3,Classical monocytes,Immune,Myeloid,8,10933,0.8655
GSM9237949_unc30_11,GSM9237949,18,normal,0.3,EC aerocyte capillary,Endothelial,Blood vessels,51,67535,0.8655
GSM9237949_unc30_12,GSM9237949,18,normal,0.3,EC arterial,Endothelial,Blood vessels,57,75093,0.8655
GSM9237949_unc30_13,GSM9237949,18,normal,0.3,EC general capillary,Endothelial,Blood vessels,22,28590,0.8655
GSM9237949_unc30_14,GSM9237949,18,normal,0.3,EC venous pulmonary,Endothelial,Blood vessels,83,106869,0.8655
GSM9237949_unc30_15,GSM9237949,18,normal,0.3,EC venous systemic,Endothelial,Blood vessels,6,14429,0.8655
GSM9237949_unc30_16,GSM9237949,18,normal,0.3,Goblet (nasal),Epithelial,Airway epithelium,1,1368,0.8655
GSM9237949_unc30_17,GSM9237949,18,normal,0.3,Interstitial Mph perivascular,Immune,Myeloid,7,8976,0.8655
GSM9237949_unc30_18,GSM9237949,18,normal,0.3,Lymphatic EC differentiating,Endothelial,Lymphatic EC,84,129222,0.8655
GSM9237949_unc30_19,GSM9237949,18,normal,0.3,Mast cells,Immune,Myeloid,47,72310,0.8655
GSM9237949_unc30_20,GSM9237949,18,normal,0.3,Migratory DCs,Immune,Myeloid,1,2331,0.8655
GSM9237949_unc30_21,GSM9237949,18,normal,0.3,Monocyte-derived Mph,Immune,Myeloid,22,52708,0.8655
GSM9237949_unc30_22,GSM9237949,18,normal,0.3,Multiciliated (nasal),Epithelial,Airway epithelium,1,5525,0.8655
GSM9237949_unc30_23,GSM9237949,18,normal,0.3,Multiciliated (non-nasal),Epithelial,Airway epithelium,66,208075,0.8655
GSM9237949_unc30_24,GSM9237949,18,normal,0.3,Myofibroblasts,Stroma,Fibroblast lineage,69,96067,0.8655
GSM9237949_unc30_25,GSM9237949,18,normal,0.3,NK cells,Immune,Lymphoid,7,9027,0.8655
GSM9237949_unc30_26,GSM9237949,18,normal,0.3,Neuroendocrine,Epithelial,Airway epithelium,1,2176,0.8655
GSM9237949_unc30_27,GSM9237949,18,normal,0.3,Non-classical monocytes,Immune,Myeloid,30,42727,0.8655
GSM9237949_unc30_28,GSM9237949,18,normal,0.3,Pericytes,Stroma,Fibroblast lineage,77,207821,0.8655
GSM9237949_unc30_29,GSM9237949,18,normal,0.3,Plasma cells,Immune,Lymphoid,17,32619,0.8655
GSM9237949_unc30_30,GSM9237949,18,normal,0.3,Plasmacytoid DCs,Immune,Myeloid,7,11380,0.8655
GSM9237949_unc30_31,GSM9237949,18,normal,0.3,SM activated stress response,Stroma,Smooth muscle,1,1138,0.8655
GSM9237949_unc30_32,GSM9237949,18,normal,0.3,Smooth muscle,Stroma,Smooth muscle,5,6548,0.8655
GSM9237949_unc30_33,GSM9237949,18,normal,0.3,pre-TB secretory,Epithelial,Airway epithelium,25,67268,0.8655
GSM9237950_unc20_0,GSM9237950,18,MIA,0.2,AT0,Epithelial,Airway epithelium,2,5587,0.8655
GSM9237950_unc20_1,GSM9237950,18,MIA,0.2,AT1,Epithelial,Alveolar epithelium,794,2149742,0.8655
GSM9237950_unc20_2,GSM9237950,18,MIA,0.2,AT2,Epithelial,Alveolar epithelium,1231,5702457,0.8655
GSM9237950_unc20_3,GSM9237950,18,MIA,0.2,AT2 proliferating,Epithelial,Alveolar epithelium,1,3361,0.8655
GSM9237950_unc20_4,GSM9237950,18,MIA,0.2,Adventitial fibroblasts,Stroma,Fibroblast lineage,39,98337,0.8655
GSM9237950_unc20_5,GSM9237950,18,MIA,0.2,Alveolar fibroblasts,Stroma,Fibroblast lineage,1160,2311566,0.8655
GSM9237950_unc20_6,GSM9237950,18,MIA,0.2,Alveolar macrophages,Immune,Myeloid,174,1676829,0.8655
GSM9237950_unc20_7,GSM9237950,18,MIA,0.2,B cells,Immune,Lymphoid,9,10799,0.8655
GSM9237950_unc20_8,GSM9237950,18,MIA,0.2,Basal resting,Epithelial,Airway epithelium,22,33588,0.8655
GSM9237950_unc20_9,GSM9237950,18,MIA,0.2,CD4 T cells,Immune,Lymphoid,187,252591,0.8655
GSM9237950_unc20_10,GSM9237950,18,MIA,0.2,CD8 T cells,Immune,Lymphoid,204,254800,0.8655
GSM9237950_unc20_11,GSM9237950,18,MIA,0.2,Classical monocytes,Immune,Myeloid,7,18017,0.8655
GSM9237950_unc20_12,GSM9237950,18,MIA,0.2,EC aerocyte capillary,Endothelial,Blood vessels,279,369649,0.8655
GSM9237950_unc20_13,GSM9237950,18,MIA,0.2,EC arterial,Endothelial,Blood vessels,88,125982,0.8655
GSM9237950_unc20_14,GSM9237950,18,MIA,0.2,EC general capillary,Endothelial,Blood vessels,225,274634,0.8655
GSM9237950_unc20_15,GSM9237950,18,MIA,0.2,EC venous pulmonary,Endothelial,Blood vessels,138,202314,0.8655
GSM9237950_unc20_16,GSM9237950,18,MIA,0.2,EC venous systemic,Endothelial,Blood vessels,8,16083,0.8655
GSM9237950_unc20_17,GSM9237950,18,MIA,0.2,Goblet (nasal),Epithelial,Airway epithelium,2,9360,0.8655
GSM9237950_unc20_18,GSM9237950,18,MIA,0.2,Interstitial Mph perivascular,Immune,Myeloid,11,20360,0.8655
GSM9237950_unc20_19,GSM9237950,18,MIA,0.2,Lymphatic EC differentiating,Endothelial,Lymphatic EC,92,147802,0.8655
GSM9237950_unc20_20,GSM9237950,18,MIA,0.2,Lymphatic EC mature,Endothelial,Lymphatic EC,2,5345,0.8655
GSM9237950_unc20_21,GSM9237950,18,MIA,0.2,Mast cells,Immune,Myeloid,185,245466,0.8655
GSM9237950_unc20_22,GSM9237950,18,MIA,0.2,Migratory DCs,Immune,Myeloid,3,5767,0.8655
GSM9237950_unc20_23,GSM9237950,18,MIA,0.2,Monocyte-derived Mph,Immune,Myeloid,33,108748,0.8655
GSM9237950_unc20_24,GSM9237950,18,MIA,0.2,Multiciliated (non-nasal),Epithelial,Airway epithelium,98,523737,0.8655
GSM9237950_unc20_25,GSM9237950,18,MIA,0.2,Myofibroblasts,Stroma,Fibroblast lineage,161,236417,0.8655
GSM9237950_unc20_26,GSM9237950,18,MIA,0.2,NK cells,Immune,Lymphoid,29,39318,0.8655
GSM9237950_unc20_27,GSM9237950,18,MIA,0.2,Non-classical monocytes,Immune,Myeloid,67,125308,0.8655
GSM9237950_unc20_28,GSM9237950,18,MIA,0.2,Peribronchial fibroblasts,Stroma,Fibroblast lineage,2,6150,0.8655
GSM9237950_unc20_29,GSM9237950,18,MIA,0.2,Pericytes,Stroma,Fibroblast lineage,166,278864,0.8655
GSM9237950_unc20_30,GSM9237950,18,MIA,0.2,Plasma cells,Immune,Lymphoid,30,133139,0.8655
GSM9237950_unc20_31,GSM9237950,18,MIA,0.2,Plasmacytoid DCs,Immune,Myeloid,9,20524,0.8655
GSM9237950_unc20_32,GSM9237950,18,MIA,0.2,SM activated stress response,Stroma,Smooth muscle,1,1413,0.8655
GSM9237950_unc20_33,GSM9237950,18,MIA,0.2,Smooth muscle,Stroma,Smooth muscle,37,58819,0.8655
GSM9237950_unc20_34,GSM9237950,18,MIA,0.2,pre-TB secretory,Epithelial,Airway epithelium,23,57493,0.8655
GSM9237950_unc30_0,GSM9237950,18,MIA,0.3,AT0,Epithelial,Airway epithelium,3,10877,0.8655
GSM9237950_unc30_1,GSM9237950,18,MIA,0.3,AT1,Epithelial,Alveolar epithelium,838,2455179,0.8655
GSM9237950_unc30_2,GSM9237950,18,MIA,0.3,AT2,Epithelial,Alveolar epithelium,1382,7291791,0.8655
GSM9237950_unc30_3,GSM9237950,18,MIA,0.3,AT2 proliferating,Epithelial,Alveolar epithelium,3,29542,0.8655
GSM9237950_unc30_4,GSM9237950,18,MIA,0.3,Adventitial fibroblasts,Stroma,Fibroblast lineage,75,194410,0.8655
GSM9237950_unc30_5,GSM9237950,18,MIA,0.3,Alveolar fibroblasts,Stroma,Fibroblast lineage,1369,2782016,0.8655
GSM9237950_unc30_6,GSM9237950,18,MIA,0.3,Alveolar macrophages,Immune,Myeloid,203,1951555,0.8655
GSM9237950_unc30_7,GSM9237950,18,MIA,0.3,B cells,Immune,Lymphoid,9,10799,0.8655
GSM9237950_unc30_8,GSM9237950,18,MIA,0.3,Basal resting,Epithelial,Airway epithelium,23,35554,0.8655
GSM9237950_unc30_9,GSM9237950,18,MIA,0.3,CD4 T cells,Immune,Lymphoid,252,345084,0.8655
GSM9237950_unc30_10,GSM9237950,18,MIA,0.3,CD8 T cells,Immune,Lymphoid,311,400855,0.8655
GSM9237950_unc30_11,GSM9237950,18,MIA,0.3,Classical monocytes,Immune,Myeloid,11,25872,0.8655
GSM9237950_unc30_12,GSM9237950,18,MIA,0.3,Club (non-nasal),Epithelial,Airway epithelium,1,3514,0.8655
GSM9237950_unc30_13,GSM9237950,18,MIA,0.3,EC aerocyte capillary,Endothelial,Blood vessels,295,391168,0.8655
GSM9237950_unc30_14,GSM9237950,18,MIA,0.3,EC arterial,Endothelial,Blood vessels,105,148234,0.8655
GSM9237950_unc30_15,GSM9237950,18,MIA,0.3,EC general capillary,Endothelial,Blood vessels,340,421229,0.8655
GSM9237950_unc30_16,GSM9237950,18,MIA,0.3,EC venous pulmonary,Endothelial,Blood vessels,171,259588,0.8655
GSM9237950_unc30_17,GSM9237950,18,MIA,0.3,EC venous systemic,Endothelial,Blood vessels,19,35898,0.8655
GSM9237950_unc30_18,GSM9237950,18,MIA,0.3,Goblet (nasal),Epithelial,Airway epithelium,5,37863,0.8655
GSM9237950_unc30_19,GSM9237950,18,MIA,0.3,Interstitial Mph perivascular,Immune,Myeloid,24,42893,0.8655
GSM9237950_unc30_20,GSM9237950,18,MIA,0.3,Lymphatic EC differentiating,Endothelial,Lymphatic EC,103,168551,0.8655
GSM9237950_unc30_21,GSM9237950,18,MIA,0.3,Lymphatic EC mature,Endothelial,Lymphatic EC,2,5345,0.8655
GSM9237950_unc30_22,GSM9237950,18,MIA,0.3,Mast cells,Immune,Myeloid,193,264210,0.8655
GSM9237950_unc30_23,GSM9237950,18,MIA,0.3,Migratory DCs,Immune,Myeloid,4,11628,0.8655
GSM9237950_unc30_24,GSM9237950,18,MIA,0.3,Monocyte-derived Mph,Immune,Myeloid,72,266947,0.8655
GSM9237950_unc30_25,GSM9237950,18,MIA,0.3,Multiciliated (non-nasal),Epithelial,Airway epithelium,110,589708,0.8655
GSM9237950_unc30_26,GSM9237950,18,MIA,0.3,Myofibroblasts,Stroma,Fibroblast lineage,255,384542,0.8655
GSM9237950_unc30_27,GSM9237950,18,MIA,0.3,NK cells,Immune,Lymphoid,60,80712,0.8655
GSM9237950_unc30_28,GSM9237950,18,MIA,0.3,Non-classical monocytes,Immune,Myeloid,89,164513,0.8655
GSM9237950_unc30_29,GSM9237950,18,MIA,0.3,Peribronchial fibroblasts,Stroma,Fibroblast lineage,3,10420,0.8655
GSM9237950_unc30_30,GSM9237950,18,MIA,0.3,Pericytes,Stroma,Fibroblast lineage,200,338752,0.8655
GSM9237950_unc30_31,GSM9237950,18,MIA,0.3,Plasma cells,Immune,Lymphoid,31,134377,0.8655
GSM9237950_unc30_32,GSM9237950,18,MIA,0.3,Plasmacytoid DCs,Immune,Myeloid,9,20524,0.8655
GSM9237950_unc30_33,GSM9237950,18,MIA,0.3,SM activated stress response,Stroma,Smooth muscle,1,1413,0.8655
GSM9237950_unc30_34,GSM9237950,18,MIA,0.3,Smooth muscle,Stroma,Smooth muscle,46,70051,0.8655
GSM9237950_unc30_35,GSM9237950,18,MIA,0.3,T cells proliferating,Immune,Lymphoid,1,4052,0.8655
GSM9237950_unc30_36,GSM9237950,18,MIA,0.3,pre-TB secretory,Epithelial,Airway epithelium,32,82323,0.8655
GSM9237951_unc20_0,GSM9237951,18,LUAD,0.2,AT1,Epithelial,Alveolar epithelium,704,1654000,0.8655
GSM9237951_unc20_1,GSM9237951,18,LUAD,0.2,AT2,Epithelial,Alveolar epithelium,1184,4504272,0.8655
GSM9237951_unc20_2,GSM9237951,18,LUAD,0.2,AT2 proliferating,Epithelial,Alveolar epithelium,3,13249,0.8655
GSM9237951_unc20_3,GSM9237951,18,LUAD,0.2,Adventitial fibroblasts,Stroma,Fibroblast lineage,140,323607,0.8655
GSM9237951_unc20_4,GSM9237951,18,LUAD,0.2,Alveolar fibroblasts,Stroma,Fibroblast lineage,1028,1980948,0.8655
GSM9237951_unc20_5,GSM9237951,18,LUAD,0.2,Alveolar macrophages,Immune,Myeloid,142,1451638,0.8655
GSM9237951_unc20_6,GSM9237951,18,LUAD,0.2,B cells,Immune,Lymphoid,4,4674,0.8655
GSM9237951_unc20_7,GSM9237951,18,LUAD,0.2,Basal resting,Epithelial,Airway epithelium,52,97147,0.8655
GSM9237951_unc20_8,GSM9237951,18,LUAD,0.2,CD4 T cells,Immune,Lymphoid,292,384029,0.8655
GSM9237951_unc20_9,GSM9237951,18,LUAD,0.2,CD8 T cells,Immune,Lymphoid,79,98822,0.8655
GSM9237951_unc20_10,GSM9237951,18,LUAD,0.2,Classical monocytes,Immune,Myeloid,8,18687,0.8655
GSM9237951_unc20_11,GSM9237951,18,LUAD,0.2,DC2,Immune,Myeloid,1,2429,0.8655
GSM9237951_unc20_12,GSM9237951,18,LUAD,0.2,Deuterosomal,Epithelial,Airway epithelium,1,2172,0.8655
GSM9237951_unc20_13,GSM9237951,18,LUAD,0.2,EC aerocyte capillary,Endothelial,Blood vessels,165,219840,0.8655
GSM9237951_unc20_14,GSM9237951,18,LUAD,0.2,EC arterial,Endothelial,Blood vessels,73,136136,0.8655
GSM9237951_unc20_15,GSM9237951,18,LUAD,0.2,EC general capillary,Endothelial,Blood vessels,82,96628,0.8655
GSM9237951_unc20_16,GSM9237951,18,LUAD,0.2,EC venous pulmonary,Endothelial,Blood vessels,179,257739,0.8655
GSM9237951_unc20_17,GSM9237951,18,LUAD,0.2,EC venous systemic,Endothelial,Blood vessels,8,12890,0.8655
GSM9237951_unc20_18,GSM9237951,18,LUAD,0.2,Goblet (nasal),Epithelial,Airway epithelium,4,10460,0.8655
GSM9237951_unc20_19,GSM9237951,18,LUAD,0.2,Hillock-like,Epithelial,Airway epithelium,1,1846,0.8655
GSM9237951_unc20_20,GSM9237951,18,LUAD,0.2,Interstitial Mph perivascular,Immune,Myeloid,9,12086,0.8655
GSM9237951_unc20_21,GSM9237951,18,LUAD,0.2,Lymphatic EC differentiating,Endothelial,Lymphatic EC,80,126022,0.8655
GSM9237951_unc20_22,GSM9237951,18,LUAD,0.2,Lymphatic EC mature,Endothelial,Lymphatic EC,1,1039,0.8655
GSM9237951_unc20_23,GSM9237951,18,LUAD,0.2,Mast cells,Immune,Myeloid,144,186678,0.8655
GSM9237951_unc20_24,GSM9237951,18,LUAD,0.2,Migratory DCs,Immune,Myeloid,5,10967,0.8655
GSM9237951_unc20_25,GSM9237951,18,LUAD,0.2,Monocyte-derived Mph,Immune,Myeloid,55,183678,0.8655
GSM9237951_unc20_26,GSM9237951,18,LUAD,0.2,Multiciliated (non-nasal),Epithelial,Airway epithelium,257,1081599,0.8655
GSM9237951_unc20_27,GSM9237951,18,LUAD,0.2,Myofibroblasts,Stroma,Fibroblast lineage,97,137540,0.8655
GSM9237951_unc20_28,GSM9237951,18,LUAD,0.2,NK cells,Immune,Lymphoid,15,19418,0.8655
GSM9237951_unc20_29,GSM9237951,18,LUAD,0.2,Neuroendocrine,Epithelial,Airway epithelium,1,2120,0.8655
GSM9237951_unc20_30,GSM9237951,18,LUAD,0.2,Non-classical monocytes,Immune,Myeloid,50,93493,0.8655
GSM9237951_unc20_31,GSM9237951,18,LUAD,0.2,Pericytes,Stroma,Fibroblast lineage,154,259155,0.8655
GSM9237951_unc20_32,GSM9237951,18,LUAD,0.2,Plasma cells,Immune,Lymphoid,26,94115,0.8655
GSM9237951_unc20_33,GSM9237951,18,LUAD,0.2,Plasmacytoid DCs,Immune,Myeloid,14,26080,0.8655
GSM9237951_unc20_34,GSM9237951,18,LUAD,0.2,SM activated stress response,Stroma,Smooth muscle,3,6334,0.8655
GSM9237951_unc20_35,GSM9237951,18,LUAD,0.2,SMG serous (bronchial),Epithelial,Submucosal Gland,6,24123,0.8655
GSM9237951_unc20_36,GSM9237951,18,LUAD,0.2,Smooth muscle,Stroma,Smooth muscle,75,141918,0.8655
GSM9237951_unc20_37,GSM9237951,18,LUAD,0.2,pre-TB secretory,Epithelial,Airway epithelium,68,182325,0.8655
GSM9237951_unc30_0,GSM9237951,18,LUAD,0.3,AT1,Epithelial,Alveolar epithelium,736,1744803,0.8655
GSM9237951_unc30_1,GSM9237951,18,LUAD,0.3,AT2,Epithelial,Alveolar epithelium,1370,6695419,0.8655
GSM9237951_unc30_2,GSM9237951,18,LUAD,0.3,AT2 proliferating,Epithelial,Alveolar epithelium,5,20716,0.8655
GSM9237951_unc30_3,GSM9237951,18,LUAD,0.3,Adventitial fibroblasts,Stroma,Fibroblast lineage,197,485664,0.8655
GSM9237951_unc30_4,GSM9237951,18,LUAD,0.3,Alveolar fibroblasts,Stroma,Fibroblast lineage,1376,2661825,0.8655
GSM9237951_unc30_5,GSM9237951,18,LUAD,0.3,Alveolar macrophages,Immune,Myeloid,187,1918293,0.8655
GSM9237951_unc30_6,GSM9237951,18,LUAD,0.3,B cells,Immune,Lymphoid,4,4674,0.8655
GSM9237951_unc30_7,GSM9237951,18,LUAD,0.3,Basal resting,Epithelial,Airway epithelium,55,101942,0.8655
GSM9237951_unc30_8,GSM9237951,18,LUAD,0.3,CD4 T cells,Immune,Lymphoid,345,455588,0.8655
GSM9237951_unc30_9,GSM9237951,18,LUAD,0.3,CD8 T cells,Immune,Lymphoid,127,165072,0.8655
GSM9237951_unc30_10,GSM9237951,18,LUAD,0.3,Classical monocytes,Immune,Myeloid,15,34475,0.8655
GSM9237951_unc30_11,GSM9237951,18,LUAD,0.3,Club (non-nasal),Epithelial,Airway epithelium,1,2631,0.8655
GSM9237951_unc30_12,GSM9237951,18,LUAD,0.3,DC2,Immune,Myeloid,1,2429,0.8655
GSM9237951_unc30_13,GSM9237951,18,LUAD,0.3,Deuterosomal,Epithelial,Airway epithelium,1,2172,0.8655
GSM9237951_unc30_14,GSM9237951,18,LUAD,0.3,EC aerocyte capillary,Endothelial,Blood vessels,188,254627,0.8655
GSM9237951_unc30_15,GSM9237951,18,LUAD,0.3,EC arterial,Endothelial,Blood vessels,96,173140,0.8655
GSM9237951_unc30_16,GSM9237951,18,LUAD,0.3,EC general capillary,Endothelial,Blood vessels,138,169135,0.8655
GSM9237951_unc30_17,GSM9237951,18,LUAD,0.3,EC venous pulmonary,Endothelial,Blood vessels,220,320455,0.8655
GSM9237951_unc30_18,GSM9237951,18,LUAD,0.3,EC venous systemic,Endothelial,Blood vessels,22,36087,0.8655
GSM9237951_unc30_19,GSM9237951,18,LUAD,0.3,Goblet (nasal),Epithelial,Airway epithelium,16,184081,0.8655
GSM9237951_unc30_20,GSM9237951,18,LUAD,0.3,Hillock-like,Epithelial,Airway epithelium,1,1846,0.8655
GSM9237951_unc30_21,GSM9237951,18,LUAD,0.3,Interstitial Mph perivascular,Immune,Myeloid,23,39902,0.8655
GSM9237951_unc30_22,GSM9237951,18,LUAD,0.3,Lymphatic EC differentiating,Endothelial,Lymphatic EC,96,155262,0.8655
GSM9237951_unc30_23,GSM9237951,18,LUAD,0.3,Lymphatic EC mature,Endothelial,Lymphatic EC,1,1039,0.8655
GSM9237951_unc30_24,GSM9237951,18,LUAD,0.3,Mast cells,Immune,Myeloid,145,189483,0.8655
GSM9237951_unc30_25,GSM9237951,18,LUAD,0.3,Migratory DCs,Immune,Myeloid,10,25407,0.8655
GSM9237951_unc30_26,GSM9237951,18,LUAD,0.3,Monocyte-derived Mph,Immune,Myeloid,129,396604,0.8655
GSM9237951_unc30_27,GSM9237951,18,LUAD,0.3,Multiciliated (non-nasal),Epithelial,Airway epithelium,278,1168670,0.8655
GSM9237951_unc30_28,GSM9237951,18,LUAD,0.3,Myofibroblasts,Stroma,Fibroblast lineage,189,280246,0.8655
GSM9237951_unc30_29,GSM9237951,18,LUAD,0.3,NK cells,Immune,Lymphoid,33,45083,0.8655
GSM9237951_unc30_30,GSM9237951,18,LUAD,0.3,Neuroendocrine,Epithelial,Airway epithelium,1,2120,0.8655
GSM9237951_unc30_31,GSM9237951,18,LUAD,0.3,Non-classical monocytes,Immune,Myeloid,59,107446,0.8655
GSM9237951_unc30_32,GSM9237951,18,LUAD,0.3,Peribronchial fibroblasts,Stroma,Fibroblast lineage,1,2407,0.8655
GSM9237951_unc30_33,GSM9237951,18,LUAD,0.3,Pericytes,Stroma,Fibroblast lineage,183,298734,0.8655
GSM9237951_unc30_34,GSM9237951,18,LUAD,0.3,Plasma cells,Immune,Lymphoid,28,99085,0.8655
GSM9237951_unc30_35,GSM9237951,18,LUAD,0.3,Plasmacytoid DCs,Immune,Myeloid,15,27610,0.8655
GSM9237951_unc30_36,GSM9237951,18,LUAD,0.3,SM activated stress response,Stroma,Smooth muscle,6,10245,0.8655
GSM9237951_unc30_37,GSM9237951,18,LUAD,0.3,SMG serous (bronchial),Epithelial,Submucosal Gland,8,27020,0.8655
GSM9237951_unc30_38,GSM9237951,18,LUAD,0.3,Smooth muscle,Stroma,Smooth muscle,108,243473,0.8655
GSM9237951_unc30_39,GSM9237951,18,LUAD,0.3,Smooth muscle FAM83D+,Stroma,Smooth muscle,1,1010,0.8655
GSM9237951_unc30_40,GSM9237951,18,LUAD,0.3,pre-TB secretory,Epithelial,Airway epithelium,112,288172,0.8655
GSM9237952_unc20_0,GSM9237952,19,normal,0.2,AT0,Epithelial,Airway epithelium,2,3525,0.8655
GSM9237952_unc20_1,GSM9237952,19,normal,0.2,AT1,Epithelial,Alveolar epithelium,341,1237497,0.8655
GSM9237952_unc20_2,GSM9237952,19,normal,0.2,AT2,Epithelial,Alveolar epithelium,603,3332055,0.8655
GSM9237952_unc20_3,GSM9237952,19,normal,0.2,AT2 proliferating,Epithelial,Alveolar epithelium,1,10465,0.8655
GSM9237952_unc20_4,GSM9237952,19,normal,0.2,Adventitial fibroblasts,Stroma,Fibroblast lineage,45,239072,0.8655
GSM9237952_unc20_5,GSM9237952,19,normal,0.2,Alveolar fibroblasts,Stroma,Fibroblast lineage,464,1302050,0.8655
GSM9237952_unc20_6,GSM9237952,19,normal,0.2,Alveolar macrophages,Immune,Myeloid,118,2358433,0.8655
GSM9237952_unc20_7,GSM9237952,19,normal,0.2,B cells,Immune,Lymphoid,14,24173,0.8655
GSM9237952_unc20_8,GSM9237952,19,normal,0.2,Basal resting,Epithelial,Airway epithelium,3,9413,0.8655
GSM9237952_unc20_9,GSM9237952,19,normal,0.2,CD4 T cells,Immune,Lymphoid,113,260296,0.8655
GSM9237952_unc20_10,GSM9237952,19,normal,0.2,CD8 T cells,Immune,Lymphoid,193,345830,0.8655
GSM9237952_unc20_11,GSM9237952,19,normal,0.2,Classical monocytes,Immune,Myeloid,11,31809,0.8655
GSM9237952_unc20_12,GSM9237952,19,normal,0.2,EC aerocyte capillary,Endothelial,Blood vessels,102,227291,0.8655
GSM9237952_unc20_13,GSM9237952,19,normal,0.2,EC arterial,Endothelial,Blood vessels,68,147082,0.8655
GSM9237952_unc20_14,GSM9237952,19,normal,0.2,EC general capillary,Endothelial,Blood vessels,186,303200,0.8655
GSM9237952_unc20_15,GSM9237952,19,normal,0.2,EC venous pulmonary,Endothelial,Blood vessels,71,171421,0.8655
GSM9237952_unc20_16,GSM9237952,19,normal,0.2,EC venous systemic,Endothelial,Blood vessels,2,3629,0.8655
GSM9237952_unc20_17,GSM9237952,19,normal,0.2,Goblet (nasal),Epithelial,Airway epithelium,1,2724,0.8655
GSM9237952_unc20_18,GSM9237952,19,normal,0.2,Interstitial Mph perivascular,Immune,Myeloid,24,86499,0.8655
GSM9237952_unc20_19,GSM9237952,19,normal,0.2,Lymphatic EC differentiating,Endothelial,Lymphatic EC,31,79011,0.8655
GSM9237952_unc20_20,GSM9237952,19,normal,0.2,Mast cells,Immune,Myeloid,82,145976,0.8655
GSM9237952_unc20_21,GSM9237952,19,normal,0.2,Migratory DCs,Immune,Myeloid,3,24812,0.8655
GSM9237952_unc20_22,GSM9237952,19,normal,0.2,Monocyte-derived Mph,Immune,Myeloid,19,50962,0.8655
GSM9237952_unc20_23,GSM9237952,19,normal,0.2,Multiciliated (non-nasal),Epithelial,Airway epithelium,24,158654,0.8655
GSM9237952_unc20_24,GSM9237952,19,normal,0.2,Myofibroblasts,Stroma,Fibroblast lineage,10,17842,0.8655
GSM9237952_unc20_25,GSM9237952,19,normal,0.2,NK cells,Immune,Lymphoid,54,124993,0.8655
GSM9237952_unc20_26,GSM9237952,19,normal,0.2,Non-classical monocytes,Immune,Myeloid,26,75872,0.8655
GSM9237952_unc20_27,GSM9237952,19,normal,0.2,Pericytes,Stroma,Fibroblast lineage,56,123001,0.8655
GSM9237952_unc20_28,GSM9237952,19,normal,0.2,Plasma cells,Immune,Lymphoid,23,160584,0.8655
GSM9237952_unc20_29,GSM9237952,19,normal,0.2,Plasmacytoid DCs,Immune,Myeloid,3,17638,0.8655
GSM9237952_unc20_30,GSM9237952,19,normal,0.2,Smooth muscle,Stroma,Smooth muscle,53,119374,0.8655
GSM9237952_unc20_31,GSM9237952,19,normal,0.2,T cells proliferating,Immune,Lymphoid,1,13523,0.8655
GSM9237952_unc20_32,GSM9237952,19,normal,0.2,pre-TB secretory,Epithelial,Airway epithelium,3,7975,0.8655
GSM9237952_unc30_0,GSM9237952,19,normal,0.3,AT0,Epithelial,Airway epithelium,4,10029,0.8655
GSM9237952_unc30_1,GSM9237952,19,normal,0.3,AT1,Epithelial,Alveolar epithelium,347,1277873,0.8655
GSM9237952_unc30_2,GSM9237952,19,normal,0.3,AT2,Epithelial,Alveolar epithelium,610,3399730,0.8655
GSM9237952_unc30_3,GSM9237952,19,normal,0.3,AT2 proliferating,Epithelial,Alveolar epithelium,1,10465,0.8655
GSM9237952_unc30_4,GSM9237952,19,normal,0.3,Adventitial fibroblasts,Stroma,Fibroblast lineage,54,265588,0.8655
GSM9237952_unc30_5,GSM9237952,19,normal,0.3,Alveolar fibroblasts,Stroma,Fibroblast lineage,500,1476751,0.8655
GSM9237952_unc30_6,GSM9237952,19,normal,0.3,Alveolar macrophages,Immune,Myeloid,127,2535288,0.8655
GSM9237952_unc30_7,GSM9237952,19,normal,0.3,B cells,Immune,Lymphoid,14,24173,0.8655
GSM9237952_unc30_8,GSM9237952,19,normal,0.3,Basal resting,Epithelial,Airway epithelium,5,21896,0.8655
GSM9237952_unc30_9,GSM9237952,19,normal,0.3,CD4 T cells,Immune,Lymphoid,149,343230,0.8655
GSM9237952_unc30_10,GSM9237952,19,normal,0.3,CD8 T cells,Immune,Lymphoid,262,477111,0.8655
GSM9237952_unc30_11,GSM9237952,19,normal,0.3,Classical monocytes,Immune,Myeloid,16,41471,0.8655
GSM9237952_unc30_12,GSM9237952,19,normal,0.3,EC aerocyte capillary,Endothelial,Blood vessels,105,241655,0.8655
GSM9237952_unc30_13,GSM9237952,19,normal,0.3,EC arterial,Endothelial,Blood vessels,73,156284,0.8655
GSM9237952_unc30_14,GSM9237952,19,normal,0.3,EC general capillary,Endothelial,Blood vessels,217,349788,0.8655
GSM9237952_unc30_15,GSM9237952,19,normal,0.3,EC venous pulmonary,Endothelial,Blood vessels,79,184446,0.8655
GSM9237952_unc30_16,GSM9237952,19,normal,0.3,EC venous systemic,Endothelial,Blood vessels,3,4929,0.8655
GSM9237952_unc30_17,GSM9237952,19,normal,0.3,Goblet (nasal),Epithelial,Airway epithelium,3,12161,0.8655
GSM9237952_unc30_18,GSM9237952,19,normal,0.3,Interstitial Mph perivascular,Immune,Myeloid,43,141630,0.8655
GSM9237952_unc30_19,GSM9237952,19,normal,0.3,Lymphatic EC differentiating,Endothelial,Lymphatic EC,32,80314,0.8655
GSM9237952_unc30_20,GSM9237952,19,normal,0.3,Mast cells,Immune,Myeloid,83,147261,0.8655
GSM9237952_unc30_21,GSM9237952,19,normal,0.3,Migratory DCs,Immune,Myeloid,3,24812,0.8655
GSM9237952_unc30_22,GSM9237952,19,normal,0.3,Monocyte-derived Mph,Immune,Myeloid,29,97324,0.8655
GSM9237952_unc30_23,GSM9237952,19,normal,0.3,Multiciliated (non-nasal),Epithelial,Airway epithelium,24,158654,0.8655
GSM9237952_unc30_24,GSM9237952,19,normal,0.3,Myofibroblasts,Stroma,Fibroblast lineage,16,29681,0.8655
GSM9237952_unc30_25,GSM9237952,19,normal,0.3,NK cells,Immune,Lymphoid,93,201993,0.8655
GSM9237952_unc30_26,GSM9237952,19,normal,0.3,Non-classical monocytes,Immune,Myeloid,29,82701,0.8655
GSM9237952_unc30_27,GSM9237952,19,normal,0.3,Pericytes,Stroma,Fibroblast lineage,58,136765,0.8655
GSM9237952_unc30_28,GSM9237952,19,normal,0.3,Plasma cells,Immune,Lymphoid,23,160584,0.8655
GSM9237952_unc30_29,GSM9237952,19,normal,0.3,Plasmacytoid DCs,Immune,Myeloid,3,17638,0.8655
GSM9237952_unc30_30,GSM9237952,19,normal,0.3,SM activated stress response,Stroma,Smooth muscle,1,2098,0.8655
GSM9237952_unc30_31,GSM9237952,19,normal,0.3,Smooth muscle,Stroma,Smooth muscle,60,129681,0.8655
GSM9237952_unc30_32,GSM9237952,19,normal,0.3,T cells proliferating,Immune,Lymphoid,1,13523,0.8655
GSM9237952_unc30_33,GSM9237952,19,normal,0.3,pre-TB secretory,Epithelial,Airway epithelium,5,14689,0.8655
GSM9237953_unc20_0,GSM9237953,19,AIS,0.2,AT0,Epithelial,Airway epithelium,5,20107,0.8655
GSM9237953_unc20_1,GSM9237953,19,AIS,0.2,AT1,Epithelial,Alveolar epithelium,1084,3038664,0.8655
GSM9237953_unc20_2,GSM9237953,19,AIS,0.2,AT2,Epithelial,Alveolar epithelium,1591,6827303,0.8655
GSM9237953_unc20_3,GSM9237953,19,AIS,0.2,AT2 proliferating,Epithelial,Alveolar epithelium,4,69859,0.8655
GSM9237953_unc20_4,GSM9237953,19,AIS,0.2,Adventitial fibroblasts,Stroma,Fibroblast lineage,108,359453,0.8655
GSM9237953_unc20_5,GSM9237953,19,AIS,0.2,Alveolar fibroblasts,Stroma,Fibroblast lineage,1172,2431236,0.8655
GSM9237953_unc20_6,GSM9237953,19,AIS,0.2,Alveolar macrophages,Immune,Myeloid,171,1802298,0.8655
GSM9237953_unc20_7,GSM9237953,19,AIS,0.2,B cells,Immune,Lymphoid,14,20003,0.8655
GSM9237953_unc20_8,GSM9237953,19,AIS,0.2,Basal resting,Epithelial,Airway epithelium,49,144037,0.8655
GSM9237953_unc20_9,GSM9237953,19,AIS,0.2,CD4 T cells,Immune,Lymphoid,149,253570,0.8655
GSM9237953_unc20_10,GSM9237953,19,AIS,0.2,CD8 T cells,Immune,Lymphoid,367,552112,0.8655
GSM9237953_unc20_11,GSM9237953,19,AIS,0.2,Classical monocytes,Immune,Myeloid,26,82660,0.8655
GSM9237953_unc20_12,GSM9237953,19,AIS,0.2,DC2,Immune,Myeloid,1,4048,0.8655
GSM9237953_unc20_13,GSM9237953,19,AIS,0.2,Deuterosomal,Epithelial,Airway epithelium,1,13360,0.8655
GSM9237953_unc20_14,GSM9237953,19,AIS,0.2,EC aerocyte capillary,Endothelial,Blood vessels,149,226644,0.8655
GSM9237953_unc20_15,GSM9237953,19,AIS,0.2,EC arterial,Endothelial,Blood vessels,197,344636,0.8655
GSM9237953_unc20_16,GSM9237953,19,AIS,0.2,EC general capillary,Endothelial,Blood vessels,286,383372,0.8655
GSM9237953_unc20_17,GSM9237953,19,AIS,0.2,EC venous pulmonary,Endothelial,Blood vessels,152,265000,0.8655
GSM9237953_unc20_18,GSM9237953,19,AIS,0.2,Goblet (nasal),Epithelial,Airway epithelium,8,49546,0.8655
GSM9237953_unc20_19,GSM9237953,19,AIS,0.2,Goblet (subsegmental),Epithelial,Airway epithelium,2,7302,0.8655
GSM9237953_unc20_20,GSM9237953,19,AIS,0.2,Interstitial Mph perivascular,Immune,Myeloid,64,131022,0.8655
GSM9237953_unc20_21,GSM9237953,19,AIS,0.2,Lymphatic EC differentiating,Endothelial,Lymphatic EC,90,173440,0.8655
GSM9237953_unc20_22,GSM9237953,19,AIS,0.2,Mast cells,Immune,Myeloid,155,227966,0.8655
GSM9237953_unc20_23,GSM9237953,19,AIS,0.2,Migratory DCs,Immune,Myeloid,6,19086,0.8655
GSM9237953_unc20_24,GSM9237953,19,AIS,0.2,Monocyte-derived Mph,Immune,Myeloid,24,82464,0.8655
GSM9237953_unc20_25,GSM9237953,19,AIS,0.2,Multiciliated (non-nasal),Epithelial,Airway epithelium,353,2241350,0.8655
GSM9237953_unc20_26,GSM9237953,19,AIS,0.2,Myofibroblasts,Stroma,Fibroblast lineage,14,20034,0.8655
GSM9237953_unc20_27,GSM9237953,19,AIS,0.2,NK cells,Immune,Lymphoid,125,210332,0.8655
GSM9237953_unc20_28,GSM9237953,19,AIS,0.2,Neuroendocrine,Epithelial,Airway epithelium,2,4731,0.8655
GSM9237953_unc20_29,GSM9237953,19,AIS,0.2,Non-classical monocytes,Immune,Myeloid,85,228268,0.8655
GSM9237953_unc20_30,GSM9237953,19,AIS,0.2,Peribronchial fibroblasts,Stroma,Fibroblast lineage,1,2027,0.8655
GSM9237953_unc20_31,GSM9237953,19,AIS,0.2,Pericytes,Stroma,Fibroblast lineage,81,165049,0.8655
GSM9237953_unc20_32,GSM9237953,19,AIS,0.2,Plasma cells,Immune,Lymphoid,88,523479,0.8655
GSM9237953_unc20_33,GSM9237953,19,AIS,0.2,Plasmacytoid DCs,Immune,Myeloid,3,9088,0.8655
GSM9237953_unc20_34,GSM9237953,19,AIS,0.2,Smooth muscle,Stroma,Smooth muscle,196,398191,0.8655
GSM9237953_unc20_35,GSM9237953,19,AIS,0.2,pre-TB secretory,Epithelial,Airway epithelium,42,141287,0.8655
GSM9237953_unc30_0,GSM9237953,19,AIS,0.3,AT0,Epithelial,Airway epithelium,9,48782,0.8655
GSM9237953_unc30_1,GSM9237953,19,AIS,0.3,AT1,Epithelial,Alveolar epithelium,1137,3803845,0.8655
GSM9237953_unc30_2,GSM9237953,19,AIS,0.3,AT2,Epithelial,Alveolar epithelium,1745,7807238,0.8655
GSM9237953_unc30_3,GSM9237953,19,AIS,0.3,AT2 proliferating,Epithelial,Alveolar epithelium,5,71248,0.8655
GSM9237953_unc30_4,GSM9237953,19,AIS,0.3,Adventitial fibroblasts,Stroma,Fibroblast lineage,123,393537,0.8655
GSM9237953_unc30_5,GSM9237953,19,AIS,0.3,Alveolar fibroblasts,Stroma,Fibroblast lineage,1278,2788973,0.8655
GSM9237953_unc30_6,GSM9237953,19,AIS,0.3,Alveolar macrophages,Immune,Myeloid,209,2136343,0.8655
GSM9237953_unc30_7,GSM9237953,19,AIS,0.3,B cells,Immune,Lymphoid,16,22329,0.8655
GSM9237953_unc30_8,GSM9237953,19,AIS,0.3,Basal resting,Epithelial,Airway epithelium,54,164574,0.8655
GSM9237953_unc30_9,GSM9237953,19,AIS,0.3,CD4 T cells,Immune,Lymphoid,223,378775,0.8655
GSM9237953_unc30_10,GSM9237953,19,AIS,0.3,CD8 T cells,Immune,Lymphoid,537,817659,0.8655
GSM9237953_unc30_11,GSM9237953,19,AIS,0.3,Classical monocytes,Immune,Myeloid,31,96651,0.8655
GSM9237953_unc30_12,GSM9237953,19,AIS,0.3,Club (non-nasal),Epithelial,Airway epithelium,1,1064,0.8655
GSM9237953_unc30_13,GSM9237953,19,AIS,0.3,DC2,Immune,Myeloid,2,10615,0.8655
GSM9237953_unc30_14,GSM9237953,19,AIS,0.3,Deuterosomal,Epithelial,Airway epithelium,1,13360,0.8655
GSM9237953_unc30_15,GSM9237953,19,AIS,0.3,EC aerocyte capillary,Endothelial,Blood vessels,159,241295,0.8655
GSM9237953_unc30_16,GSM9237953,19,AIS,0.3,EC arterial,Endothelial,Blood vessels,222,381220,0.8655
GSM9237953_unc30_17,GSM9237953,19,AIS,0.3,EC general capillary,Endothelial,Blood vessels,350,479054,0.8655
GSM9237953_unc30_18,GSM9237953,19,AIS,0.3,EC venous pulmonary,Endothelial,Blood vessels,170,298249,0.8655
GSM9237953_unc30_19,GSM9237953,19,AIS,0.3,EC venous systemic,Endothelial,Blood vessels,2,6095,0.8655
GSM9237953_unc30_20,GSM9237953,19,AIS,0.3,Goblet (nasal),Epithelial,Airway epithelium,13,97203,0.8655
GSM9237953_unc30_21,GSM9237953,19,AIS,0.3,Goblet (subsegmental),Epithelial,Airway epithelium,2,7302,0.8655
GSM9237953_unc30_22,GSM9237953,19,AIS,0.3,Interstitial Mph perivascular,Immune,Myeloid,100,211375,0.8655
GSM9237953_unc30_23,GSM9237953,19,AIS,0.3,Lymphatic EC differentiating,Endothelial,Lymphatic EC,92,176195,0.8655
GSM9237953_unc30_24,GSM9237953,19,AIS,0.3,Mast cells,Immune,Myeloid,158,232179,0.8655
GSM9237953_unc30_25,GSM9237953,19,AIS,0.3,Migratory DCs,Immune,Myeloid,9,34672,0.8655
GSM9237953_unc30_26,GSM9237953,19,AIS,0.3,Monocyte-derived Mph,Immune,Myeloid,48,169573,0.8655
GSM9237953_unc30_27,GSM9237953,19,AIS,0.3,Multiciliated (nasal),Epithelial,Airway epithelium,1,2004,0.8655
GSM9237953_unc30_28,GSM9237953,19,AIS,0.3,Multiciliated (non-nasal),Epithelial,Airway epithelium,370,2541851,0.8655
GSM9237953_unc30_29,GSM9237953,19,AIS,0.3,Myofibroblasts,Stroma,Fibroblast lineage,19,28810,0.8655
GSM9237953_unc30_30,GSM9237953,19,AIS,0.3,NK cells,Immune,Lymphoid,213,367434,0.8655
GSM9237953_unc30_31,GSM9237953,19,AIS,0.3,Neuroendocrine,Epithelial,Airway epithelium,2,4731,0.8655
GSM9237953_unc30_32,GSM9237953,19,AIS,0.3,Non-classical monocytes,Immune,Myeloid,90,237006,0.8655
GSM9237953_unc30_33,GSM9237953,19,AIS,0.3,Peribronchial fibroblasts,Stroma,Fibroblast lineage,2,3871,0.8655
GSM9237953_unc30_34,GSM9237953,19,AIS,0.3,Pericytes,Stroma,Fibroblast lineage,106,245855,0.8655
GSM9237953_unc30_35,GSM9237953,19,AIS,0.3,Plasma cells,Immune,Lymphoid,90,531035,0.8655
GSM9237953_unc30_36,GSM9237953,19,AIS,0.3,Plasmacytoid DCs,Immune,Myeloid,3,9088,0.8655
GSM9237953_unc30_37,GSM9237953,19,AIS,0.3,Smooth muscle,Stroma,Smooth muscle,235,472945,0.8655
GSM9237953_unc30_38,GSM9237953,19,AIS,0.3,pre-TB secretory,Epithelial,Airway epithelium,69,221679,0.8655
GSM9237954_unc20_0,GSM9237954,19,LUAD,0.2,AT0,Epithelial,Airway epithelium,3,14080,0.8655
GSM9237954_unc20_1,GSM9237954,19,LUAD,0.2,AT1,Epithelial,Alveolar epithelium,1501,4693758,0.8655
GSM9237954_unc20_2,GSM9237954,19,LUAD,0.2,AT2,Epithelial,Alveolar epithelium,2243,9773513,0.8655
GSM9237954_unc20_3,GSM9237954,19,LUAD,0.2,AT2 proliferating,Epithelial,Alveolar epithelium,4,64011,0.8655
GSM9237954_unc20_4,GSM9237954,19,LUAD,0.2,Adventitial fibroblasts,Stroma,Fibroblast lineage,123,423403,0.8655
GSM9237954_unc20_5,GSM9237954,19,LUAD,0.2,Alveolar fibroblasts,Stroma,Fibroblast lineage,1576,3435354,0.8655
GSM9237954_unc20_6,GSM9237954,19,LUAD,0.2,Alveolar macrophages,Immune,Myeloid,255,3361860,0.8655
GSM9237954_unc20_7,GSM9237954,19,LUAD,0.2,B cells,Immune,Lymphoid,52,76850,0.8655
GSM9237954_unc20_8,GSM9237954,19,LUAD,0.2,Basal resting,Epithelial,Airway epithelium,33,107103,0.8655
GSM9237954_unc20_9,GSM9237954,19,LUAD,0.2,CD4 T cells,Immune,Lymphoid,231,399833,0.8655
GSM9237954_unc20_10,GSM9237954,19,LUAD,0.2,CD8 T cells,Immune,Lymphoid,389,587631,0.8655
GSM9237954_unc20_11,GSM9237954,19,LUAD,0.2,Classical monocytes,Immune,Myeloid,20,81314,0.8655
GSM9237954_unc20_12,GSM9237954,19,LUAD,0.2,Club (non-nasal),Epithelial,Airway epithelium,4,13039,0.8655
GSM9237954_unc20_13,GSM9237954,19,LUAD,0.2,Deuterosomal,Epithelial,Airway epithelium,1,3330,0.8655
GSM9237954_unc20_14,GSM9237954,19,LUAD,0.2,EC aerocyte capillary,Endothelial,Blood vessels,216,323638,0.8655
GSM9237954_unc20_15,GSM9237954,19,LUAD,0.2,EC arterial,Endothelial,Blood vessels,247,466888,0.8655
GSM9237954_unc20_16,GSM9237954,19,LUAD,0.2,EC general capillary,Endothelial,Blood vessels,327,432763,0.8655
GSM9237954_unc20_17,GSM9237954,19,LUAD,0.2,EC venous pulmonary,Endothelial,Blood vessels,223,401551,0.8655
GSM9237954_unc20_18,GSM9237954,19,LUAD,0.2,Goblet (nasal),Epithelial,Airway epithelium,42,262199,0.8655
GSM9237954_unc20_19,GSM9237954,19,LUAD,0.2,Interstitial Mph perivascular,Immune,Myeloid,92,189456,0.8655
GSM9237954_unc20_20,GSM9237954,19,LUAD,0.2,Lymphatic EC differentiating,Endothelial,Lymphatic EC,123,232081,0.8655
GSM9237954_unc20_21,GSM9237954,19,LUAD,0.2,Mast cells,Immune,Myeloid,191,276454,0.8655
GSM9237954_unc20_22,GSM9237954,19,LUAD,0.2,Mesothelium,Stroma,Mesothelium,1,13114,0.8655
GSM9237954_unc20_23,GSM9237954,19,LUAD,0.2,Migratory DCs,Immune,Myeloid,10,37100,0.8655
GSM9237954_unc20_24,GSM9237954,19,LUAD,0.2,Monocyte-derived Mph,Immune,Myeloid,25,122604,0.8655
GSM9237954_unc20_25,GSM9237954,19,LUAD,0.2,Multiciliated (non-nasal),Epithelial,Airway epithelium,247,1649179,0.8655
GSM9237954_unc20_26,GSM9237954,19,LUAD,0.2,Myofibroblasts,Stroma,Fibroblast lineage,14,21732,0.8655
GSM9237954_unc20_27,GSM9237954,19,LUAD,0.2,NK cells,Immune,Lymphoid,153,242065,0.8655
GSM9237954_unc20_28,GSM9237954,19,LUAD,0.2,Non-classical monocytes,Immune,Myeloid,83,234992,0.8655
GSM9237954_unc20_29,GSM9237954,19,LUAD,0.2,Peribronchial fibroblasts,Stroma,Fibroblast lineage,7,25029,0.8655
GSM9237954_unc20_30,GSM9237954,19,LUAD,0.2,Pericytes,Stroma,Fibroblast lineage,163,343447,0.8655
GSM9237954_unc20_31,GSM9237954,19,LUAD,0.2,Plasma cells,Immune,Lymphoid,69,432296,0.8655
GSM9237954_unc20_32,GSM9237954,19,LUAD,0.2,Plasmacytoid DCs,Immune,Myeloid,5,15412,0.8655
GSM9237954_unc20_33,GSM9237954,19,LUAD,0.2,SMG serous (bronchial),Epithelial,Submucosal Gland,1,2990,0.8655
GSM9237954_unc20_34,GSM9237954,19,LUAD,0.2,Smooth muscle,Stroma,Smooth muscle,236,517547,0.8655
GSM9237954_unc20_35,GSM9237954,19,LUAD,0.2,T cells proliferating,Immune,Lymphoid,1,2376,0.8655
GSM9237954_unc20_36,GSM9237954,19,LUAD,0.2,pre-TB secretory,Epithelial,Airway epithelium,16,81424,0.8655
GSM9237954_unc30_0,GSM9237954,19,LUAD,0.3,AT0,Epithelial,Airway epithelium,7,26136,0.8655
GSM9237954_unc30_1,GSM9237954,19,LUAD,0.3,AT1,Epithelial,Alveolar epithelium,1593,5313364,0.8655
GSM9237954_unc30_2,GSM9237954,19,LUAD,0.3,AT2,Epithelial,Alveolar epithelium,2560,11600603,0.8655
GSM9237954_unc30_3,GSM9237954,19,LUAD,0.3,AT2 proliferating,Epithelial,Alveolar epithelium,6,90551,0.8655
GSM9237954_unc30_4,GSM9237954,19,LUAD,0.3,Adventitial fibroblasts,Stroma,Fibroblast lineage,164,554036,0.8655
GSM9237954_unc30_5,GSM9237954,19,LUAD,0.3,Alveolar Mph proliferating,Immune,Myeloid,1,27143,0.8655
GSM9237954_unc30_6,GSM9237954,19,LUAD,0.3,Alveolar fibroblasts,Stroma,Fibroblast lineage,1765,3989978,0.8655
GSM9237954_unc30_7,GSM9237954,19,LUAD,0.3,Alveolar macrophages,Immune,Myeloid,315,3960432,0.8655
GSM9237954_unc30_8,GSM9237954,19,LUAD,0.3,B cells,Immune,Lymphoid,54,79478,0.8655
GSM9237954_unc30_9,GSM9237954,19,LUAD,0.3,Basal resting,Epithelial,Airway epithelium,42,145558,0.8655
GSM9237954_unc30_10,GSM9237954,19,LUAD,0.3,CD4 T cells,Immune,Lymphoid,304,521361,0.8655
GSM9237954_unc30_11,GSM9237954,19,LUAD,0.3,CD8 T cells,Immune,Lymphoid,563,857673,0.8655
GSM9237954_unc30_12,GSM9237954,19,LUAD,0.3,Classical monocytes,Immune,Myeloid,27,99762,0.8655
GSM9237954_unc30_13,GSM9237954,19,LUAD,0.3,Club (non-nasal),Epithelial,Airway epithelium,5,15660,0.8655
GSM9237954_unc30_14,GSM9237954,19,LUAD,0.3,DC2,Immune,Myeloid,3,31625,0.8655
GSM9237954_unc30_15,GSM9237954,19,LUAD,0.3,Deuterosomal,Epithelial,Airway epithelium,4,43836,0.8655
GSM9237954_unc30_16,GSM9237954,19,LUAD,0.3,EC aerocyte capillary,Endothelial,Blood vessels,238,365439,0.8655
GSM9237954_unc30_17,GSM9237954,19,LUAD,0.3,EC arterial,Endothelial,Blood vessels,272,524105,0.8655
GSM9237954_unc30_18,GSM9237954,19,LUAD,0.3,EC general capillary,Endothelial,Blood vessels,415,561421,0.8655
GSM9237954_unc30_19,GSM9237954,19,LUAD,0.3,EC venous pulmonary,Endothelial,Blood vessels,248,452554,0.8655
GSM9237954_unc30_20,GSM9237954,19,LUAD,0.3,EC venous systemic,Endothelial,Blood vessels,2,4982,0.8655
GSM9237954_unc30_21,GSM9237954,19,LUAD,0.3,Goblet (bronchial),Epithelial,Airway epithelium,1,7226,0.8655
GSM9237954_unc30_22,GSM9237954,19,LUAD,0.3,Goblet (nasal),Epithelial,Airway epithelium,108,784516,0.8655
GSM9237954_unc30_23,GSM9237954,19,LUAD,0.3,Interstitial Mph perivascular,Immune,Myeloid,152,307192,0.8655
GSM9237954_unc30_24,GSM9237954,19,LUAD,0.3,Lymphatic EC differentiating,Endothelial,Lymphatic EC,128,241458,0.8655
GSM9237954_unc30_25,GSM9237954,19,LUAD,0.3,Mast cells,Immune,Myeloid,195,287857,0.8655
GSM9237954_unc30_26,GSM9237954,19,LUAD,0.3,Mesothelium,Stroma,Mesothelium,1,13114,0.8655
GSM9237954_unc30_27,GSM9237954,19,LUAD,0.3,Migratory DCs,Immune,Myeloid,11,40493,0.8655
GSM9237954_unc30_28,GSM9237954,19,LUAD,0.3,Monocyte-derived Mph,Immune,Myeloid,60,284602,0.8655
GSM9237954_unc30_29,GSM9237954,19,LUAD,0.3,Multiciliated (non-nasal),Epithelial,Airway epithelium,275,1753311,0.8655
GSM9237954_unc30_30,GSM9237954,19,LUAD,0.3,Myofibroblasts,Stroma,Fibroblast lineage,26,40662,0.8655
GSM9237954_unc30_31,GSM9237954,19,LUAD,0.3,NK cells,Immune,Lymphoid,246,403595,0.8655
GSM9237954_unc30_32,GSM9237954,19,LUAD,0.3,Non-classical monocytes,Immune,Myeloid,92,253478,0.8655
GSM9237954_unc30_33,GSM9237954,19,LUAD,0.3,Peribronchial fibroblasts,Stroma,Fibroblast lineage,19,57513,0.8655
GSM9237954_unc30_34,GSM9237954,19,LUAD,0.3,Pericytes,Stroma,Fibroblast lineage,183,419754,0.8655
GSM9237954_unc30_35,GSM9237954,19,LUAD,0.3,Plasma cells,Immune,Lymphoid,75,447552,0.8655
GSM9237954_unc30_36,GSM9237954,19,LUAD,0.3,Plasmacytoid DCs,Immune,Myeloid,5,15412,0.8655
GSM9237954_unc30_37,GSM9237954,19,LUAD,0.3,SMG serous (bronchial),Epithelial,Submucosal Gland,1,2990,0.8655
GSM9237954_unc30_38,GSM9237954,19,LUAD,0.3,Smooth muscle,Stroma,Smooth muscle,288,624873,0.8655
GSM9237954_unc30_39,GSM9237954,19,LUAD,0.3,Smooth muscle FAM83D+,Stroma,Smooth muscle,1,1545,0.8655
GSM9237954_unc30_40,GSM9237954,19,LUAD,0.3,T cells proliferating,Immune,Lymphoid,3,10048,0.8655
GSM9237954_unc30_41,GSM9237954,19,LUAD,0.3,pre-TB secretory,Epithelial,Airway epithelium,23,124018,0.8655
GSM9237955_unc20_0,GSM9237955,20,normal,0.2,AT1,Epithelial,Alveolar epithelium,91,231290,0.8655
GSM9237955_unc20_1,GSM9237955,20,normal,0.2,AT2,Epithelial,Alveolar epithelium,192,489057,0.8655
GSM9237955_unc20_2,GSM9237955,20,normal,0.2,Adventitial fibroblasts,Stroma,Fibroblast lineage,5,8989,0.8655
GSM9237955_unc20_3,GSM9237955,20,normal,0.2,Alveolar fibroblasts,Stroma,Fibroblast lineage,160,326127,0.8655
GSM9237955_unc20_4,GSM9237955,20,normal,0.2,Alveolar macrophages,Immune,Myeloid,25,270939,0.8655
GSM9237955_unc20_5,GSM9237955,20,normal,0.2,B cells,Immune,Lymphoid,18,27430,0.8655
GSM9237955_unc20_6,GSM9237955,20,normal,0.2,Basal resting,Epithelial,Airway epithelium,7,17784,0.8655
GSM9237955_unc20_7,GSM9237955,20,normal,0.2,CD4 T cells,Immune,Lymphoid,33,44636,0.8655
GSM9237955_unc20_8,GSM9237955,20,normal,0.2,CD8 T cells,Immune,Lymphoid,49,65174,0.8655
GSM9237955_unc20_9,GSM9237955,20,normal,0.2,Classical monocytes,Immune,Myeloid,2,2564,0.8655
GSM9237955_unc20_10,GSM9237955,20,normal,0.2,EC aerocyte capillary,Endothelial,Blood vessels,84,117583,0.8655
GSM9237955_unc20_11,GSM9237955,20,normal,0.2,EC arterial,Endothelial,Blood vessels,22,32200,0.8655
GSM9237955_unc20_12,GSM9237955,20,normal,0.2,EC general capillary,Endothelial,Blood vessels,110,139096,0.8655
GSM9237955_unc20_13,GSM9237955,20,normal,0.2,EC venous pulmonary,Endothelial,Blood vessels,17,26902,0.8655
GSM9237955_unc20_14,GSM9237955,20,normal,0.2,Interstitial Mph perivascular,Immune,Myeloid,4,6982,0.8655
GSM9237955_unc20_15,GSM9237955,20,normal,0.2,Lymphatic EC differentiating,Endothelial,Lymphatic EC,26,37906,0.8655
GSM9237955_unc20_16,GSM9237955,20,normal,0.2,Mast cells,Immune,Myeloid,26,36613,0.8655
GSM9237955_unc20_17,GSM9237955,20,normal,0.2,Monocyte-derived Mph,Immune,Myeloid,3,7401,0.8655
GSM9237955_unc20_18,GSM9237955,20,normal,0.2,Multiciliated (non-nasal),Epithelial,Airway epithelium,13,57099,0.8655
GSM9237955_unc20_19,GSM9237955,20,normal,0.2,Myofibroblasts,Stroma,Fibroblast lineage,3,3875,0.8655
GSM9237955_unc20_20,GSM9237955,20,normal,0.2,NK cells,Immune,Lymphoid,4,6441,0.8655
GSM9237955_unc20_21,GSM9237955,20,normal,0.2,Non-classical monocytes,Immune,Myeloid,17,43743,0.8655
GSM9237955_unc20_22,GSM9237955,20,normal,0.2,Pericytes,Stroma,Fibroblast lineage,33,116374,0.8655
GSM9237955_unc20_23,GSM9237955,20,normal,0.2,Plasma cells,Immune,Lymphoid,10,37272,0.8655
GSM9237955_unc20_24,GSM9237955,20,normal,0.2,Smooth muscle,Stroma,Smooth muscle,6,7614,0.8655
GSM9237955_unc20_25,GSM9237955,20,normal,0.2,pre-TB secretory,Epithelial,Airway epithelium,2,15035,0.8655
GSM9237955_unc30_0,GSM9237955,20,normal,0.3,AT1,Epithelial,Alveolar epithelium,93,235322,0.8655
GSM9237955_unc30_1,GSM9237955,20,normal,0.3,AT2,Epithelial,Alveolar epithelium,195,524603,0.8655
GSM9237955_unc30_2,GSM9237955,20,normal,0.3,Adventitial fibroblasts,Stroma,Fibroblast lineage,7,11367,0.8655
GSM9237955_unc30_3,GSM9237955,20,normal,0.3,Alveolar fibroblasts,Stroma,Fibroblast lineage,172,346423,0.8655
GSM9237955_unc30_4,GSM9237955,20,normal,0.3,Alveolar macrophages,Immune,Myeloid,32,379872,0.8655
GSM9237955_unc30_5,GSM9237955,20,normal,0.3,B cells,Immune,Lymphoid,18,27430,0.8655
GSM9237955_unc30_6,GSM9237955,20,normal,0.3,Basal resting,Epithelial,Airway epithelium,8,20223,0.8655
GSM9237955_unc30_7,GSM9237955,20,normal,0.3,CD4 T cells,Immune,Lymphoid,47,61981,0.8655
GSM9237955_unc30_8,GSM9237955,20,normal,0.3,CD8 T cells,Immune,Lymphoid,78,108981,0.8655
GSM9237955_unc30_9,GSM9237955,20,normal,0.3,Classical monocytes,Immune,Myeloid,3,5512,0.8655
GSM9237955_unc30_10,GSM9237955,20,normal,0.3,EC aerocyte capillary,Endothelial,Blood vessels,88,130821,0.8655
GSM9237955_unc30_11,GSM9237955,20,normal,0.3,EC arterial,Endothelial,Blood vessels,23,33734,0.8655
GSM9237955_unc30_12,GSM9237955,20,normal,0.3,EC general capillary,Endothelial,Blood vessels,119,151301,0.8655
GSM9237955_unc30_13,GSM9237955,20,normal,0.3,EC venous pulmonary,Endothelial,Blood vessels,23,34509,0.8655
GSM9237955_unc30_14,GSM9237955,20,normal,0.3,EC venous systemic,Endothelial,Blood vessels,1,1671,0.8655
GSM9237955_unc30_15,GSM9237955,20,normal,0.3,Interstitial Mph perivascular,Immune,Myeloid,7,12627,0.8655
GSM9237955_unc30_16,GSM9237955,20,normal,0.3,Lymphatic EC differentiating,Endothelial,Lymphatic EC,26,37906,0.8655
GSM9237955_unc30_17,GSM9237955,20,normal,0.3,Mast cells,Immune,Myeloid,26,36613,0.8655
GSM9237955_unc30_18,GSM9237955,20,normal,0.3,Migratory DCs,Immune,Myeloid,1,6072,0.8655
GSM9237955_unc30_19,GSM9237955,20,normal,0.3,Monocyte-derived Mph,Immune,Myeloid,9,16392,0.8655
GSM9237955_unc30_20,GSM9237955,20,normal,0.3,Multiciliated (non-nasal),Epithelial,Airway epithelium,14,58795,0.8655
GSM9237955_unc30_21,GSM9237955,20,normal,0.3,Myofibroblasts,Stroma,Fibroblast lineage,5,6845,0.8655
GSM9237955_unc30_22,GSM9237955,20,normal,0.3,NK cells,Immune,Lymphoid,6,8861,0.8655
GSM9237955_unc30_23,GSM9237955,20,normal,0.3,Non-classical monocytes,Immune,Myeloid,18,45579,0.8655
GSM9237955_unc30_24,GSM9237955,20,normal,0.3,Pericytes,Stroma,Fibroblast lineage,34,117395,0.8655
GSM9237955_unc30_25,GSM9237955,20,normal,0.3,Plasma cells,Immune,Lymphoid,12,53141,0.8655
GSM9237955_unc30_26,GSM9237955,20,normal,0.3,Smooth muscle,Stroma,Smooth muscle,9,11229,0.8655
GSM9237955_unc30_27,GSM9237955,20,normal,0.3,Suprabasal,Epithelial,Airway epithelium,1,2747,0.8655
GSM9237955_unc30_28,GSM9237955,20,normal,0.3,pre-TB secretory,Epithelial,Airway epithelium,5,23197,0.8655
GSM9237956_unc20_0,GSM9237956,20,AAH,0.2,AT0,Epithelial,Airway epithelium,3,8667,0.8655
GSM9237956_unc20_1,GSM9237956,20,AAH,0.2,AT1,Epithelial,Alveolar epithelium,658,1837950,0.8655
GSM9237956_unc20_2,GSM9237956,20,AAH,0.2,AT2,Epithelial,Alveolar epithelium,1252,4619637,0.8655
GSM9237956_unc20_3,GSM9237956,20,AAH,0.2,AT2 proliferating,Epithelial,Alveolar epithelium,2,26296,0.8655
GSM9237956_unc20_4,GSM9237956,20,AAH,0.2,Adventitial fibroblasts,Stroma,Fibroblast lineage,107,364789,0.8655
GSM9237956_unc20_5,GSM9237956,20,AAH,0.2,Alveolar fibroblasts,Stroma,Fibroblast lineage,977,2443934,0.8655
GSM9237956_unc20_6,GSM9237956,20,AAH,0.2,Alveolar macrophages,Immune,Myeloid,177,2958319,0.8655
GSM9237956_unc20_7,GSM9237956,20,AAH,0.2,B cells,Immune,Lymphoid,24,39165,0.8655
GSM9237956_unc20_8,GSM9237956,20,AAH,0.2,Basal resting,Epithelial,Airway epithelium,62,169691,0.8655
GSM9237956_unc20_9,GSM9237956,20,AAH,0.2,CD4 T cells,Immune,Lymphoid,161,275032,0.8655
GSM9237956_unc20_10,GSM9237956,20,AAH,0.2,CD8 T cells,Immune,Lymphoid,412,616790,0.8655
GSM9237956_unc20_11,GSM9237956,20,AAH,0.2,Classical monocytes,Immune,Myeloid,14,39641,0.8655
GSM9237956_unc20_12,GSM9237956,20,AAH,0.2,Club (non-nasal),Epithelial,Airway epithelium,2,6386,0.8655
GSM9237956_unc20_13,GSM9237956,20,AAH,0.2,EC aerocyte capillary,Endothelial,Blood vessels,273,439927,0.8655
GSM9237956_unc20_14,GSM9237956,20,AAH,0.2,EC arterial,Endothelial,Blood vessels,166,300578,0.8655
GSM9237956_unc20_15,GSM9237956,20,AAH,0.2,EC general capillary,Endothelial,Blood vessels,474,668457,0.8655
GSM9237956_unc20_16,GSM9237956,20,AAH,0.2,EC venous pulmonary,Endothelial,Blood vessels,122,218120,0.8655
GSM9237956_unc20_17,GSM9237956,20,AAH,0.2,EC venous systemic,Endothelial,Blood vessels,1,2396,0.8655
GSM9237956_unc20_18,GSM9237956,20,AAH,0.2,Goblet (bronchial),Epithelial,Airway epithelium,1,3123,0.8655
GSM9237956_unc20_19,GSM9237956,20,AAH,0.2,Goblet (nasal),Epithelial,Airway epithelium,4,21710,0.8655
GSM9237956_unc20_20,GSM9237956,20,AAH,0.2,Goblet (subsegmental),Epithelial,Airway epithelium,4,15477,0.8655
GSM9237956_unc20_21,GSM9237956,20,AAH,0.2,Interstitial Mph perivascular,Immune,Myeloid,52,114789,0.8655
GSM9237956_unc20_22,GSM9237956,20,AAH,0.2,Ionocyte,Epithelial,Airway epithelium,1,2792,0.8655
GSM9237956_unc20_23,GSM9237956,20,AAH,0.2,Lymphatic EC differentiating,Endothelial,Lymphatic EC,108,182098,0.8655
GSM9237956_unc20_24,GSM9237956,20,AAH,0.2,Mast cells,Immune,Myeloid,206,340706,0.8655
GSM9237956_unc20_25,GSM9237956,20,AAH,0.2,Migratory DCs,Immune,Myeloid,3,14913,0.8655
GSM9237956_unc20_26,GSM9237956,20,AAH,0.2,Monocyte-derived Mph,Immune,Myeloid,11,38678,0.8655
GSM9237956_unc20_27,GSM9237956,20,AAH,0.2,Multiciliated (non-nasal),Epithelial,Airway epithelium,211,1217585,0.8655
GSM9237956_unc20_28,GSM9237956,20,AAH,0.2,Myofibroblasts,Stroma,Fibroblast lineage,5,7887,0.8655
GSM9237956_unc20_29,GSM9237956,20,AAH,0.2,NK cells,Immune,Lymphoid,22,49326,0.8655
GSM9237956_unc20_30,GSM9237956,20,AAH,0.2,Non-classical monocytes,Immune,Myeloid,60,166162,0.8655
GSM9237956_unc20_31,GSM9237956,20,AAH,0.2,Peribronchial fibroblasts,Stroma,Fibroblast lineage,7,23309,0.8655
GSM9237956_unc20_32,GSM9237956,20,AAH,0.2,Pericytes,Stroma,Fibroblast lineage,116,318861,0.8655
GSM9237956_unc20_33,GSM9237956,20,AAH,0.2,Plasma cells,Immune,Lymphoid,53,387842,0.8655
GSM9237956_unc20_34,GSM9237956,20,AAH,0.2,Plasmacytoid DCs,Immune,Myeloid,7,23610,0.8655
GSM9237956_unc20_35,GSM9237956,20,AAH,0.2,Smooth muscle,Stroma,Smooth muscle,108,264514,0.8655
GSM9237956_unc20_36,GSM9237956,20,AAH,0.2,pre-TB secretory,Epithelial,Airway epithelium,18,71642,0.8655
GSM9237956_unc30_0,GSM9237956,20,AAH,0.3,AT0,Epithelial,Airway epithelium,9,35096,0.8655
GSM9237956_unc30_1,GSM9237956,20,AAH,0.3,AT1,Epithelial,Alveolar epithelium,674,1918207,0.8655
GSM9237956_unc30_2,GSM9237956,20,AAH,0.3,AT2,Epithelial,Alveolar epithelium,1278,4721202,0.8655
GSM9237956_unc30_3,GSM9237956,20,AAH,0.3,AT2 proliferating,Epithelial,Alveolar epithelium,2,26296,0.8655
GSM9237956_unc30_4,GSM9237956,20,AAH,0.3,Adventitial fibroblasts,Stroma,Fibroblast lineage,126,404879,0.8655
GSM9237956_unc30_5,GSM9237956,20,AAH,0.3,Alveolar Mph proliferating,Immune,Myeloid,1,4405,0.8655
GSM9237956_unc30_6,GSM9237956,20,AAH,0.3,Alveolar fibroblasts,Stroma,Fibroblast lineage,1091,2913108,0.8655
GSM9237956_unc30_7,GSM9237956,20,AAH,0.3,Alveolar macrophages,Immune,Myeloid,206,3236675,0.8655
GSM9237956_unc30_8,GSM9237956,20,AAH,0.3,B cells,Immune,Lymphoid,26,41173,0.8655
GSM9237956_unc30_9,GSM9237956,20,AAH,0.3,Basal resting,Epithelial,Airway epithelium,65,182966,0.8655
GSM9237956_unc30_10,GSM9237956,20,AAH,0.3,CD4 T cells,Immune,Lymphoid,227,377471,0.8655
GSM9237956_unc30_11,GSM9237956,20,AAH,0.3,CD8 T cells,Immune,Lymphoid,604,916512,0.8655
GSM9237956_unc30_12,GSM9237956,20,AAH,0.3,Classical monocytes,Immune,Myeloid,18,54556,0.8655
GSM9237956_unc30_13,GSM9237956,20,AAH,0.3,Club (non-nasal),Epithelial,Airway epithelium,3,10220,0.8655
GSM9237956_unc30_14,GSM9237956,20,AAH,0.3,EC aerocyte capillary,Endothelial,Blood vessels,286,460602,0.8655
GSM9237956_unc30_15,GSM9237956,20,AAH,0.3,EC arterial,Endothelial,Blood vessels,190,340960,0.8655
GSM9237956_unc30_16,GSM9237956,20,AAH,0.3,EC general capillary,Endothelial,Blood vessels,519,750656,0.8655
GSM9237956_unc30_17,GSM9237956,20,AAH,0.3,EC venous pulmonary,Endothelial,Blood vessels,139,246294,0.8655
GSM9237956_unc30_18,GSM9237956,20,AAH,0.3,EC venous systemic,Endothelial,Blood vessels,4,7148,0.8655
GSM9237956_unc30_19,GSM9237956,20,AAH,0.3,Goblet (bronchial),Epithelial,Airway epithelium,3,9249,0.8655
GSM9237956_unc30_20,GSM9237956,20,AAH,0.3,Goblet (nasal),Epithelial,Airway epithelium,5,23971,0.8655
GSM9237956_unc30_21,GSM9237956,20,AAH,0.3,Goblet (subsegmental),Epithelial,Airway epithelium,5,32941,0.8655
GSM9237956_unc30_22,GSM9237956,20,AAH,0.3,Interstitial Mph perivascular,Immune,Myeloid,99,215755,0.8655
GSM9237956_unc30_23,GSM9237956,20,AAH,0.3,Ionocyte,Epithelial,Airway epithelium,1,2792,0.8655
GSM9237956_unc30_24,GSM9237956,20,AAH,0.3,Lymphatic EC differentiating,Endothelial,Lymphatic EC,110,187722,0.8655
GSM9237956_unc30_25,GSM9237956,20,AAH,0.3,Mast cells,Immune,Myeloid,207,342193,0.8655
GSM9237956_unc30_26,GSM9237956,20,AAH,0.3,Migratory DCs,Immune,Myeloid,3,14913,0.8655
GSM9237956_unc30_27,GSM9237956,20,AAH,0.3,Monocyte-derived Mph,Immune,Myeloid,25,80475,0.8655
GSM9237956_unc30_28,GSM9237956,20,AAH,0.3,Multiciliated (non-nasal),Epithelial,Airway epithelium,224,1481088,0.8655
GSM9237956_unc30_29,GSM9237956,20,AAH,0.3,Myofibroblasts,Stroma,Fibroblast lineage,9,14586,0.8655
GSM9237956_unc30_30,GSM9237956,20,AAH,0.3,NK cells,Immune,Lymphoid,43,93289,0.8655
GSM9237956_unc30_31,GSM9237956,20,AAH,0.3,Non-classical monocytes,Immune,Myeloid,67,181088,0.8655
GSM9237956_unc30_32,GSM9237956,20,AAH,0.3,Peribronchial fibroblasts,Stroma,Fibroblast lineage,14,46288,0.8655
GSM9237956_unc30_33,GSM9237956,20,AAH,0.3,Pericytes,Stroma,Fibroblast lineage,130,414560,0.8655
GSM9237956_unc30_34,GSM9237956,20,AAH,0.3,Plasma cells,Immune,Lymphoid,54,389093,0.8655
GSM9237956_unc30_35,GSM9237956,20,AAH,0.3,Plasmacytoid DCs,Immune,Myeloid,7,23610,0.8655
GSM9237956_unc30_36,GSM9237956,20,AAH,0.3,Smooth muscle,Stroma,Smooth muscle,137,310412,0.8655
GSM9237956_unc30_37,GSM9237956,20,AAH,0.3,Suprabasal,Epithelial,Airway epithelium,1,5193,0.8655
GSM9237956_unc30_38,GSM9237956,20,AAH,0.3,T cells proliferating,Immune,Lymphoid,2,8244,0.8655
GSM9237956_unc30_39,GSM9237956,20,AAH,0.3,pre-TB secretory,Epithelial,Airway epithelium,27,101691,0.8655
GSM9237957_unc20_0,GSM9237957,20,LUAD,0.2,AT0,Epithelial,Airway epithelium,3,10042,0.8655
GSM9237957_unc20_1,GSM9237957,20,LUAD,0.2,AT1,Epithelial,Alveolar epithelium,488,1186101,0.8655
GSM9237957_unc20_2,GSM9237957,20,LUAD,0.2,AT2,Epithelial,Alveolar epithelium,1033,3659680,0.8655
GSM9237957_unc20_3,GSM9237957,20,LUAD,0.2,AT2 proliferating,Epithelial,Alveolar epithelium,1,4177,0.8655
GSM9237957_unc20_4,GSM9237957,20,LUAD,0.2,Adventitial fibroblasts,Stroma,Fibroblast lineage,24,75094,0.8655
GSM9237957_unc20_5,GSM9237957,20,LUAD,0.2,Alveolar fibroblasts,Stroma,Fibroblast lineage,921,2001795,0.8655
GSM9237957_unc20_6,GSM9237957,20,LUAD,0.2,Alveolar macrophages,Immune,Myeloid,125,1303382,0.8655
GSM9237957_unc20_7,GSM9237957,20,LUAD,0.2,B cells,Immune,Lymphoid,88,119891,0.8655
GSM9237957_unc20_8,GSM9237957,20,LUAD,0.2,Basal resting,Epithelial,Airway epithelium,29,62549,0.8655
GSM9237957_unc20_9,GSM9237957,20,LUAD,0.2,CD4 T cells,Immune,Lymphoid,243,360924,0.8655
GSM9237957_unc20_10,GSM9237957,20,LUAD,0.2,CD8 T cells,Immune,Lymphoid,338,458558,0.8655
GSM9237957_unc20_11,GSM9237957,20,LUAD,0.2,Classical monocytes,Immune,Myeloid,5,9123,0.8655
GSM9237957_unc20_12,GSM9237957,20,LUAD,0.2,Club (nasal),Epithelial,Airway epithelium,1,1393,0.8655
GSM9237957_unc20_13,GSM9237957,20,LUAD,0.2,EC aerocyte capillary,Endothelial,Blood vessels,167,264145,0.8655
GSM9237957_unc20_14,GSM9237957,20,LUAD,0.2,EC arterial,Endothelial,Blood vessels,128,210526,0.8655
GSM9237957_unc20_15,GSM9237957,20,LUAD,0.2,EC general capillary,Endothelial,Blood vessels,210,275377,0.8655
GSM9237957_unc20_16,GSM9237957,20,LUAD,0.2,EC venous pulmonary,Endothelial,Blood vessels,94,173199,0.8655
GSM9237957_unc20_17,GSM9237957,20,LUAD,0.2,EC venous systemic,Endothelial,Blood vessels,7,12319,0.8655
GSM9237957_unc20_18,GSM9237957,20,LUAD,0.2,Goblet (bronchial),Epithelial,Airway epithelium,1,5126,0.8655
GSM9237957_unc20_19,GSM9237957,20,LUAD,0.2,Goblet (nasal),Epithelial,Airway epithelium,84,855950,0.8655
GSM9237957_unc20_20,GSM9237957,20,LUAD,0.2,Goblet (subsegmental),Epithelial,Airway epithelium,2,6009,0.8655
GSM9237957_unc20_21,GSM9237957,20,LUAD,0.2,Interstitial Mph perivascular,Immune,Myeloid,38,72191,0.8655
GSM9237957_unc20_22,GSM9237957,20,LUAD,0.2,Lymphatic EC differentiating,Endothelial,Lymphatic EC,105,180828,0.8655
GSM9237957_unc20_23,GSM9237957,20,LUAD,0.2,Lymphatic EC mature,Endothelial,Lymphatic EC,2,3476,0.8655
GSM9237957_unc20_24,GSM9237957,20,LUAD,0.2,Mast cells,Immune,Myeloid,148,227995,0.8655
GSM9237957_unc20_25,GSM9237957,20,LUAD,0.2,Migratory DCs,Immune,Myeloid,2,6838,0.8655
GSM9237957_unc20_26,GSM9237957,20,LUAD,0.2,Monocyte-derived Mph,Immune,Myeloid,9,22623,0.8655
GSM9237957_unc20_27,GSM9237957,20,LUAD,0.2,Multiciliated (non-nasal),Epithelial,Airway epithelium,103,747902,0.8655
GSM9237957_unc20_28,GSM9237957,20,LUAD,0.2,Myofibroblasts,Stroma,Fibroblast lineage,2,2293,0.8655
GSM9237957_unc20_29,GSM9237957,20,LUAD,0.2,NK cells,Immune,Lymphoid,14,21557,0.8655
GSM9237957_unc20_30,GSM9237957,20,LUAD,0.2,Neuroendocrine,Epithelial,Airway epithelium,1,4122,0.8655
GSM9237957_unc20_31,GSM9237957,20,LUAD,0.2,Non-classical monocytes,Immune,Myeloid,42,87523,0.8655
GSM9237957_unc20_32,GSM9237957,20,LUAD,0.2,Peribronchial fibroblasts,Stroma,Fibroblast lineage,276,834159,0.8655
GSM9237957_unc20_33,GSM9237957,20,LUAD,0.2,Pericytes,Stroma,Fibroblast lineage,121,347940,0.8655
GSM9237957_unc20_34,GSM9237957,20,LUAD,0.2,Plasma cells,Immune,Lymphoid,601,3701694,0.8655
GSM9237957_unc20_35,GSM9237957,20,LUAD,0.2,Plasmacytoid DCs,Immune,Myeloid,10,24282,0.8655
GSM9237957_unc20_36,GSM9237957,20,LUAD,0.2,Smooth muscle,Stroma,Smooth muscle,22,41394,0.8655
GSM9237957_unc20_37,GSM9237957,20,LUAD,0.2,Suprabasal,Epithelial,Airway epithelium,1,3928,0.8655
GSM9237957_unc20_38,GSM9237957,20,LUAD,0.2,T cells proliferating,Immune,Lymphoid,2,3613,0.8655
GSM9237957_unc20_39,GSM9237957,20,LUAD,0.2,pre-TB secretory,Epithelial,Airway epithelium,9,33176,0.8655
GSM9237957_unc30_0,GSM9237957,20,LUAD,0.3,AT0,Epithelial,Airway epithelium,5,14648,0.8655
GSM9237957_unc30_1,GSM9237957,20,LUAD,0.3,AT1,Epithelial,Alveolar epithelium,504,1235714,0.8655
GSM9237957_unc30_2,GSM9237957,20,LUAD,0.3,AT2,Epithelial,Alveolar epithelium,1091,3845963,0.8655
GSM9237957_unc30_3,GSM9237957,20,LUAD,0.3,AT2 proliferating,Epithelial,Alveolar epithelium,3,11217,0.8655
GSM9237957_unc30_4,GSM9237957,20,LUAD,0.3,Adventitial fibroblasts,Stroma,Fibroblast lineage,40,110459,0.8655
GSM9237957_unc30_5,GSM9237957,20,LUAD,0.3,Alveolar fibroblasts,Stroma,Fibroblast lineage,1086,2497749,0.8655
GSM9237957_unc30_6,GSM9237957,20,LUAD,0.3,Alveolar macrophages,Immune,Myeloid,154,1499585,0.8655
GSM9237957_unc30_7,GSM9237957,20,LUAD,0.3,B cells,Immune,Lymphoid,97,136362,0.8655
GSM9237957_unc30_8,GSM9237957,20,LUAD,0.3,Basal resting,Epithelial,Airway epithelium,34,73491,0.8655
GSM9237957_unc30_9,GSM9237957,20,LUAD,0.3,CD4 T cells,Immune,Lymphoid,339,498588,0.8655
GSM9237957_unc30_10,GSM9237957,20,LUAD,0.3,CD8 T cells,Immune,Lymphoid,488,667226,0.8655
GSM9237957_unc30_11,GSM9237957,20,LUAD,0.3,Classical monocytes,Immune,Myeloid,9,18932,0.8655
GSM9237957_unc30_12,GSM9237957,20,LUAD,0.3,Club (nasal),Epithelial,Airway epithelium,2,7791,0.8655
GSM9237957_unc30_13,GSM9237957,20,LUAD,0.3,EC aerocyte capillary,Endothelial,Blood vessels,183,293427,0.8655
GSM9237957_unc30_14,GSM9237957,20,LUAD,0.3,EC arterial,Endothelial,Blood vessels,142,238222,0.8655
GSM9237957_unc30_15,GSM9237957,20,LUAD,0.3,EC general capillary,Endothelial,Blood vessels,250,329111,0.8655
GSM9237957_unc30_16,GSM9237957,20,LUAD,0.3,EC venous pulmonary,Endothelial,Blood vessels,119,217380,0.8655
GSM9237957_unc30_17,GSM9237957,20,LUAD,0.3,EC venous systemic,Endothelial,Blood vessels,20,50335,0.8655
GSM9237957_unc30_18,GSM9237957,20,LUAD,0.3,Goblet (bronchial),Epithelial,Airway epithelium,1,5126,0.8655
GSM9237957_unc30_19,GSM9237957,20,LUAD,0.3,Goblet (nasal),Epithelial,Airway epithelium,130,1627801,0.8655
GSM9237957_unc30_20,GSM9237957,20,LUAD,0.3,Goblet (subsegmental),Epithelial,Airway epithelium,2,6009,0.8655
GSM9237957_unc30_21,GSM9237957,20,LUAD,0.3,Hillock-like,Epithelial,Airway epithelium,2,5294,0.8655
GSM9237957_unc30_22,GSM9237957,20,LUAD,0.3,Interstitial Mph perivascular,Immune,Myeloid,84,159375,0.8655
GSM9237957_unc30_23,GSM9237957,20,LUAD,0.3,Lymphatic EC differentiating,Endothelial,Lymphatic EC,115,211194,0.8655
GSM9237957_unc30_24,GSM9237957,20,LUAD,0.3,Lymphatic EC mature,Endothelial,Lymphatic EC,3,5291,0.8655
GSM9237957_unc30_25,GSM9237957,20,LUAD,0.3,Mast cells,Immune,Myeloid,149,229771,0.8655
GSM9237957_unc30_26,GSM9237957,20,LUAD,0.3,Migratory DCs,Immune,Myeloid,4,9592,0.8655
GSM9237957_unc30_27,GSM9237957,20,LUAD,0.3,Monocyte-derived Mph,Immune,Myeloid,21,55174,0.8655
GSM9237957_unc30_28,GSM9237957,20,LUAD,0.3,Multiciliated (non-nasal),Epithelial,Airway epithelium,110,778331,0.8655
GSM9237957_unc30_29,GSM9237957,20,LUAD,0.3,Myofibroblasts,Stroma,Fibroblast lineage,3,4541,0.8655
GSM9237957_unc30_30,GSM9237957,20,LUAD,0.3,NK cells,Immune,Lymphoid,28,42488,0.8655
GSM9237957_unc30_31,GSM9237957,20,LUAD,0.3,Neuroendocrine,Epithelial,Airway epithelium,1,4122,0.8655
GSM9237957_unc30_32,GSM9237957,20,LUAD,0.3,Non-classical monocytes,Immune,Myeloid,50,105202,0.8655
GSM9237957_unc30_33,GSM9237957,20,LUAD,0.3,Peribronchial fibroblasts,Stroma,Fibroblast lineage,389,1209067,0.8655
GSM9237957_unc30_34,GSM9237957,20,LUAD,0.3,Pericytes,Stroma,Fibroblast lineage,142,434647,0.8655
GSM9237957_unc30_35,GSM9237957,20,LUAD,0.3,Plasma cells,Immune,Lymphoid,614,3760290,0.8655
GSM9237957_unc30_36,GSM9237957,20,LUAD,0.3,Plasmacytoid DCs,Immune,Myeloid,11,31528,0.8655
GSM9237957_unc30_37,GSM9237957,20,LUAD,0.3,Smooth muscle,Stroma,Smooth muscle,33,62394,0.8655
GSM9237957_unc30_38,GSM9237957,20,LUAD,0.3,Suprabasal,Epithelial,Airway epithelium,1,3928,0.8655
GSM9237957_unc30_39,GSM9237957,20,LUAD,0.3,T cells proliferating,Immune,Lymphoid,3,7446,0.8655
GSM9237957_unc30_40,GSM9237957,20,LUAD,0.3,pre-TB secretory,Epithelial,Airway epithelium,21,75492,0.8655
GSM9237958_unc20_0,GSM9237958,21,normal,0.2,AT1,Epithelial,Alveolar epithelium,144,483008,0.8655
GSM9237958_unc20_1,GSM9237958,21,normal,0.2,AT2,Epithelial,Alveolar epithelium,337,1441902,0.8655
GSM9237958_unc20_2,GSM9237958,21,normal,0.2,Adventitial fibroblasts,Stroma,Fibroblast lineage,10,26053,0.8655
GSM9237958_unc20_3,GSM9237958,21,normal,0.2,Alveolar fibroblasts,Stroma,Fibroblast lineage,310,686995,0.8655
GSM9237958_unc20_4,GSM9237958,21,normal,0.2,Alveolar macrophages,Immune,Myeloid,102,784096,0.8655
GSM9237958_unc20_5,GSM9237958,21,normal,0.2,B cells,Immune,Lymphoid,133,167205,0.8655
GSM9237958_unc20_6,GSM9237958,21,normal,0.2,Basal resting,Epithelial,Airway epithelium,6,17560,0.8655
GSM9237958_unc20_7,GSM9237958,21,normal,0.2,CD4 T cells,Immune,Lymphoid,105,149857,0.8655
GSM9237958_unc20_8,GSM9237958,21,normal,0.2,CD8 T cells,Immune,Lymphoid,87,111890,0.8655
GSM9237958_unc20_9,GSM9237958,21,normal,0.2,Classical monocytes,Immune,Myeloid,5,9463,0.8655
GSM9237958_unc20_10,GSM9237958,21,normal,0.2,EC aerocyte capillary,Endothelial,Blood vessels,70,99998,0.8655
GSM9237958_unc20_11,GSM9237958,21,normal,0.2,EC arterial,Endothelial,Blood vessels,10,17769,0.8655
GSM9237958_unc20_12,GSM9237958,21,normal,0.2,EC general capillary,Endothelial,Blood vessels,33,45564,0.8655
GSM9237958_unc20_13,GSM9237958,21,normal,0.2,EC venous pulmonary,Endothelial,Blood vessels,21,37692,0.8655
GSM9237958_unc20_14,GSM9237958,21,normal,0.2,EC venous systemic,Endothelial,Blood vessels,8,12671,0.8655
GSM9237958_unc20_15,GSM9237958,21,normal,0.2,Goblet (nasal),Epithelial,Airway epithelium,3,20166,0.8655
GSM9237958_unc20_16,GSM9237958,21,normal,0.2,Lymphatic EC differentiating,Endothelial,Lymphatic EC,52,80666,0.8655
GSM9237958_unc20_17,GSM9237958,21,normal,0.2,Mast cells,Immune,Myeloid,123,182036,0.8655
GSM9237958_unc20_18,GSM9237958,21,normal,0.2,Migratory DCs,Immune,Myeloid,2,6757,0.8655
GSM9237958_unc20_19,GSM9237958,21,normal,0.2,Monocyte-derived Mph,Immune,Myeloid,9,20738,0.8655
GSM9237958_unc20_20,GSM9237958,21,normal,0.2,Multiciliated (non-nasal),Epithelial,Airway epithelium,25,102248,0.8655
GSM9237958_unc20_21,GSM9237958,21,normal,0.2,Myofibroblasts,Stroma,Fibroblast lineage,1,1959,0.8655
GSM9237958_unc20_22,GSM9237958,21,normal,0.2,Non-classical monocytes,Immune,Myeloid,17,31952,0.8655
GSM9237958_unc20_23,GSM9237958,21,normal,0.2,Peribronchial fibroblasts,Stroma,Fibroblast lineage,1,3146,0.8655
GSM9237958_unc20_24,GSM9237958,21,normal,0.2,Pericytes,Stroma,Fibroblast lineage,32,45767,0.8655
GSM9237958_unc20_25,GSM9237958,21,normal,0.2,Plasma cells,Immune,Lymphoid,325,1474271,0.8655
GSM9237958_unc20_26,GSM9237958,21,normal,0.2,Plasmacytoid DCs,Immune,Myeloid,31,73439,0.8655
GSM9237958_unc20_27,GSM9237958,21,normal,0.2,Smooth muscle,Stroma,Smooth muscle,3,4024,0.8655
GSM9237958_unc30_0,GSM9237958,21,normal,0.3,AT1,Epithelial,Alveolar epithelium,156,526937,0.8655
GSM9237958_unc30_1,GSM9237958,21,normal,0.3,AT2,Epithelial,Alveolar epithelium,391,1701323,0.8655
GSM9237958_unc30_2,GSM9237958,21,normal,0.3,Adventitial fibroblasts,Stroma,Fibroblast lineage,23,68678,0.8655
GSM9237958_unc30_3,GSM9237958,21,normal,0.3,Alveolar fibroblasts,Stroma,Fibroblast lineage,395,881279,0.8655
GSM9237958_unc30_4,GSM9237958,21,normal,0.3,Alveolar macrophages,Immune,Myeloid,138,1004609,0.8655
GSM9237958_unc30_5,GSM9237958,21,normal,0.3,B cells,Immune,Lymphoid,141,177354,0.8655
GSM9237958_unc30_6,GSM9237958,21,normal,0.3,Basal resting,Epithelial,Airway epithelium,9,26565,0.8655
GSM9237958_unc30_7,GSM9237958,21,normal,0.3,CD4 T cells,Immune,Lymphoid,140,194500,0.8655
GSM9237958_unc30_8,GSM9237958,21,normal,0.3,CD8 T cells,Immune,Lymphoid,123,159095,0.8655
GSM9237958_unc30_9,GSM9237958,21,normal,0.3,Classical monocytes,Immune,Myeloid,11,26120,0.8655
GSM9237958_unc30_10,GSM9237958,21,normal,0.3,EC aerocyte capillary,Endothelial,Blood vessels,77,109589,0.8655
GSM9237958_unc30_11,GSM9237958,21,normal,0.3,EC arterial,Endothelial,Blood vessels,16,25992,0.8655
GSM9237958_unc30_12,GSM9237958,21,normal,0.3,EC general capillary,Endothelial,Blood vessels,45,65530,0.8655
GSM9237958_unc30_13,GSM9237958,21,normal,0.3,EC venous pulmonary,Endothelial,Blood vessels,29,50626,0.8655
GSM9237958_unc30_14,GSM9237958,21,normal,0.3,EC venous systemic,Endothelial,Blood vessels,24,40178,0.8655
GSM9237958_unc30_15,GSM9237958,21,normal,0.3,Goblet (nasal),Epithelial,Airway epithelium,4,23059,0.8655
GSM9237958_unc30_16,GSM9237958,21,normal,0.3,Interstitial Mph perivascular,Immune,Myeloid,3,4998,0.8655
GSM9237958_unc30_17,GSM9237958,21,normal,0.3,Lymphatic EC differentiating,Endothelial,Lymphatic EC,55,85020,0.8655
GSM9237958_unc30_18,GSM9237958,21,normal,0.3,Mast cells,Immune,Myeloid,125,186398,0.8655
GSM9237958_unc30_19,GSM9237958,21,normal,0.3,Migratory DCs,Immune,Myeloid,3,10015,0.8655
GSM9237958_unc30_20,GSM9237958,21,normal,0.3,Monocyte-derived Mph,Immune,Myeloid,24,69896,0.8655
GSM9237958_unc30_21,GSM9237958,21,normal,0.3,Multiciliated (non-nasal),Epithelial,Airway epithelium,25,102248,0.8655
GSM9237958_unc30_22,GSM9237958,21,normal,0.3,Myofibroblasts,Stroma,Fibroblast lineage,2,3389,0.8655
GSM9237958_unc30_23,GSM9237958,21,normal,0.3,Non-classical monocytes,Immune,Myeloid,23,41565,0.8655
GSM9237958_unc30_24,GSM9237958,21,normal,0.3,Peribronchial fibroblasts,Stroma,Fibroblast lineage,3,11410,0.8655
GSM9237958_unc30_25,GSM9237958,21,normal,0.3,Pericytes,Stroma,Fibroblast lineage,36,51813,0.8655
GSM9237958_unc30_26,GSM9237958,21,normal,0.3,Plasma cells,Immune,Lymphoid,330,1485873,0.8655
GSM9237958_unc30_27,GSM9237958,21,normal,0.3,Plasmacytoid DCs,Immune,Myeloid,32,74472,0.8655
GSM9237958_unc30_28,GSM9237958,21,normal,0.3,Smooth muscle,Stroma,Smooth muscle,8,11530,0.8655
GSM9237958_unc30_29,GSM9237958,21,normal,0.3,pre-TB secretory,Epithelial,Airway epithelium,1,3725,0.8655
GSM9237959_unc20_0,GSM9237959,21,AIS,0.2,AT0,Epithelial,Airway epithelium,2,9061,0.8655
GSM9237959_unc20_1,GSM9237959,21,AIS,0.2,AT1,Epithelial,Alveolar epithelium,562,2005301,0.8655
GSM9237959_unc20_2,GSM9237959,21,AIS,0.2,AT2,Epithelial,Alveolar epithelium,1573,6051213,0.8655
GSM9237959_unc20_3,GSM9237959,21,AIS,0.2,AT2 proliferating,Epithelial,Alveolar epithelium,3,20471,0.8655
GSM9237959_unc20_4,GSM9237959,21,AIS,0.2,Adventitial fibroblasts,Stroma,Fibroblast lineage,49,182090,0.8655
GSM9237959_unc20_5,GSM9237959,21,AIS,0.2,Alveolar fibroblasts,Stroma,Fibroblast lineage,881,2140753,0.8655
GSM9237959_unc20_6,GSM9237959,21,AIS,0.2,Alveolar macrophages,Immune,Myeloid,466,7340861,0.8655
GSM9237959_unc20_7,GSM9237959,21,AIS,0.2,B cells,Immune,Lymphoid,143,211436,0.8655
GSM9237959_unc20_8,GSM9237959,21,AIS,0.2,Basal resting,Epithelial,Airway epithelium,23,59725,0.8655
GSM9237959_unc20_9,GSM9237959,21,AIS,0.2,CD4 T cells,Immune,Lymphoid,133,216353,0.8655
GSM9237959_unc20_10,GSM9237959,21,AIS,0.2,CD8 T cells,Immune,Lymphoid,295,406922,0.8655
GSM9237959_unc20_11,GSM9237959,21,AIS,0.2,Classical monocytes,Immune,Myeloid,16,44989,0.8655
GSM9237959_unc20_12,GSM9237959,21,AIS,0.2,EC aerocyte capillary,Endothelial,Blood vessels,394,710889,0.8655
GSM9237959_unc20_13,GSM9237959,21,AIS,0.2,EC arterial,Endothelial,Blood vessels,45,106753,0.8655
GSM9237959_unc20_14,GSM9237959,21,AIS,0.2,EC general capillary,Endothelial,Blood vessels,320,527885,0.8655
GSM9237959_unc20_15,GSM9237959,21,AIS,0.2,EC venous pulmonary,Endothelial,Blood vessels,73,151269,0.8655
GSM9237959_unc20_16,GSM9237959,21,AIS,0.2,EC venous systemic,Endothelial,Blood vessels,3,7008,0.8655
GSM9237959_unc20_17,GSM9237959,21,AIS,0.2,Goblet (bronchial),Epithelial,Airway epithelium,1,10003,0.8655
GSM9237959_unc20_18,GSM9237959,21,AIS,0.2,Goblet (nasal),Epithelial,Airway epithelium,12,67293,0.8655
GSM9237959_unc20_19,GSM9237959,21,AIS,0.2,Interstitial Mph perivascular,Immune,Myeloid,25,47202,0.8655
GSM9237959_unc20_20,GSM9237959,21,AIS,0.2,Lymphatic EC differentiating,Endothelial,Lymphatic EC,72,117392,0.8655
GSM9237959_unc20_21,GSM9237959,21,AIS,0.2,Mast cells,Immune,Myeloid,215,351870,0.8655
GSM9237959_unc20_22,GSM9237959,21,AIS,0.2,Migratory DCs,Immune,Myeloid,5,21257,0.8655
GSM9237959_unc20_23,GSM9237959,21,AIS,0.2,Monocyte-derived Mph,Immune,Myeloid,17,135178,0.8655
GSM9237959_unc20_24,GSM9237959,21,AIS,0.2,Multiciliated (non-nasal),Epithelial,Airway epithelium,67,504346,0.8655
GSM9237959_unc20_25,GSM9237959,21,AIS,0.2,Myofibroblasts,Stroma,Fibroblast lineage,6,9897,0.8655
GSM9237959_unc20_26,GSM9237959,21,AIS,0.2,NK cells,Immune,Lymphoid,8,12875,0.8655
GSM9237959_unc20_27,GSM9237959,21,AIS,0.2,Neuroendocrine,Epithelial,Airway epithelium,1,6226,0.8655
GSM9237959_unc20_28,GSM9237959,21,AIS,0.2,Non-classical monocytes,Immune,Myeloid,78,183562,0.8655
GSM9237959_unc20_29,GSM9237959,21,AIS,0.2,Pericytes,Stroma,Fibroblast lineage,190,341965,0.8655
GSM9237959_unc20_30,GSM9237959,21,AIS,0.2,Plasma cells,Immune,Lymphoid,222,1627566,0.8655
GSM9237959_unc20_31,GSM9237959,21,AIS,0.2,Plasmacytoid DCs,Immune,Myeloid,17,60651,0.8655
GSM9237959_unc20_32,GSM9237959,21,AIS,0.2,SM activated stress response,Stroma,Smooth muscle,1,3865,0.8655
GSM9237959_unc20_33,GSM9237959,21,AIS,0.2,Smooth muscle,Stroma,Smooth muscle,52,79908,0.8655
GSM9237959_unc20_34,GSM9237959,21,AIS,0.2,pre-TB secretory,Epithelial,Airway epithelium,2,5592,0.8655
GSM9237959_unc30_0,GSM9237959,21,AIS,0.3,AT0,Epithelial,Airway epithelium,3,11907,0.8655
GSM9237959_unc30_1,GSM9237959,21,AIS,0.3,AT1,Epithelial,Alveolar epithelium,591,2150004,0.8655
GSM9237959_unc30_2,GSM9237959,21,AIS,0.3,AT2,Epithelial,Alveolar epithelium,1664,6517843,0.8655
GSM9237959_unc30_3,GSM9237959,21,AIS,0.3,AT2 proliferating,Epithelial,Alveolar epithelium,5,28288,0.8655
GSM9237959_unc30_4,GSM9237959,21,AIS,0.3,Adventitial fibroblasts,Stroma,Fibroblast lineage,62,231731,0.8655
GSM9237959_unc30_5,GSM9237959,21,AIS,0.3,Alveolar fibroblasts,Stroma,Fibroblast lineage,937,2287813,0.8655
GSM9237959_unc30_6,GSM9237959,21,AIS,0.3,Alveolar macrophages,Immune,Myeloid,605,9141053,0.8655
GSM9237959_unc30_7,GSM9237959,21,AIS,0.3,B cells,Immune,Lymphoid,153,226836,0.8655
GSM9237959_unc30_8,GSM9237959,21,AIS,0.3,Basal resting,Epithelial,Airway epithelium,28,67580,0.8655
GSM9237959_unc30_9,GSM9237959,21,AIS,0.3,CD4 T cells,Immune,Lymphoid,184,289994,0.8655
GSM9237959_unc30_10,GSM9237959,21,AIS,0.3,CD8 T cells,Immune,Lymphoid,390,546838,0.8655
GSM9237959_unc30_11,GSM9237959,21,AIS,0.3,Classical monocytes,Immune,Myeloid,33,102061,0.8655
GSM9237959_unc30_12,GSM9237959,21,AIS,0.3,EC aerocyte capillary,Endothelial,Blood vessels,418,755715,0.8655
GSM9237959_unc30_13,GSM9237959,21,AIS,0.3,EC arterial,Endothelial,Blood vessels,54,125000,0.8655
GSM9237959_unc30_14,GSM9237959,21,AIS,0.3,EC general capillary,Endothelial,Blood vessels,348,588575,0.8655
GSM9237959_unc30_15,GSM9237959,21,AIS,0.3,EC venous pulmonary,Endothelial,Blood vessels,80,164039,0.8655
GSM9237959_unc30_16,GSM9237959,21,AIS,0.3,EC venous systemic,Endothelial,Blood vessels,8,19208,0.8655
GSM9237959_unc30_17,GSM9237959,21,AIS,0.3,Goblet (bronchial),Epithelial,Airway epithelium,1,10003,0.8655
GSM9237959_unc30_18,GSM9237959,21,AIS,0.3,Goblet (nasal),Epithelial,Airway epithelium,17,88697,0.8655
GSM9237959_unc30_19,GSM9237959,21,AIS,0.3,Interstitial Mph perivascular,Immune,Myeloid,54,108661,0.8655
GSM9237959_unc30_20,GSM9237959,21,AIS,0.3,Lymphatic EC differentiating,Endothelial,Lymphatic EC,73,119440,0.8655
GSM9237959_unc30_21,GSM9237959,21,AIS,0.3,Mast cells,Immune,Myeloid,216,353663,0.8655
GSM9237959_unc30_22,GSM9237959,21,AIS,0.3,Migratory DCs,Immune,Myeloid,6,24339,0.8655
GSM9237959_unc30_23,GSM9237959,21,AIS,0.3,Monocyte-derived Mph,Immune,Myeloid,44,240990,0.8655
GSM9237959_unc30_24,GSM9237959,21,AIS,0.3,Multiciliated (non-nasal),Epithelial,Airway epithelium,75,540188,0.8655
GSM9237959_unc30_25,GSM9237959,21,AIS,0.3,Myofibroblasts,Stroma,Fibroblast lineage,12,20834,0.8655
GSM9237959_unc30_26,GSM9237959,21,AIS,0.3,NK cells,Immune,Lymphoid,21,35013,0.8655
GSM9237959_unc30_27,GSM9237959,21,AIS,0.3,Neuroendocrine,Epithelial,Airway epithelium,1,6226,0.8655
GSM9237959_unc30_28,GSM9237959,21,AIS,0.3,Non-classical monocytes,Immune,Myeloid,83,194610,0.8655
GSM9237959_unc30_29,GSM9237959,21,AIS,0.3,Peribronchial fibroblasts,Stroma,Fibroblast lineage,2,4044,0.8655
GSM9237959_unc30_30,GSM9237959,21,AIS,0.3,Pericytes,Stroma,Fibroblast lineage,201,363454,0.8655
GSM9237959_unc30_31,GSM9237959,21,AIS,0.3,Plasma cells,Immune,Lymphoid,228,1639172,0.8655
GSM9237959_unc30_32,GSM9237959,21,AIS,0.3,Plasmacytoid DCs,Immune,Myeloid,20,65529,0.8655
GSM9237959_unc30_33,GSM9237959,21,AIS,0.3,SM activated stress response,Stroma,Smooth muscle,1,3865,0.8655
GSM9237959_unc30_34,GSM9237959,21,AIS,0.3,Smooth muscle,Stroma,Smooth muscle,66,104565,0.8655
GSM9237959_unc30_35,GSM9237959,21,AIS,0.3,T cells proliferating,Immune,Lymphoid,1,4124,0.8655
GSM9237959_unc30_36,GSM9237959,21,AIS,0.3,pre-TB secretory,Epithelial,Airway epithelium,4,13319,0.8655
GSM9237960_unc20_0,GSM9237960,21,AIS,0.2,AT0,Epithelial,Airway epithelium,2,2718,0.8655
GSM9237960_unc20_1,GSM9237960,21,AIS,0.2,AT1,Epithelial,Alveolar epithelium,489,1914734,0.8655
GSM9237960_unc20_2,GSM9237960,21,AIS,0.2,AT2,Epithelial,Alveolar epithelium,1249,5332990,0.8655
GSM9237960_unc20_3,GSM9237960,21,AIS,0.2,Adventitial fibroblasts,Stroma,Fibroblast lineage,48,195222,0.8655
GSM9237960_unc20_4,GSM9237960,21,AIS,0.2,Alveolar fibroblasts,Stroma,Fibroblast lineage,774,1986213,0.8655
GSM9237960_unc20_5,GSM9237960,21,AIS,0.2,Alveolar macrophages,Immune,Myeloid,336,5706746,0.8655
GSM9237960_unc20_6,GSM9237960,21,AIS,0.2,B cells,Immune,Lymphoid,79,125844,0.8655
GSM9237960_unc20_7,GSM9237960,21,AIS,0.2,Basal resting,Epithelial,Airway epithelium,28,73706,0.8655
GSM9237960_unc20_8,GSM9237960,21,AIS,0.2,CD4 T cells,Immune,Lymphoid,150,252363,0.8655
GSM9237960_unc20_9,GSM9237960,21,AIS,0.2,CD8 T cells,Immune,Lymphoid,358,530066,0.8655
GSM9237960_unc20_10,GSM9237960,21,AIS,0.2,Classical monocytes,Immune,Myeloid,31,124693,0.8655
GSM9237960_unc20_11,GSM9237960,21,AIS,0.2,Club (non-nasal),Epithelial,Airway epithelium,1,4233,0.8655
GSM9237960_unc20_12,GSM9237960,21,AIS,0.2,EC aerocyte capillary,Endothelial,Blood vessels,413,830597,0.8655
GSM9237960_unc20_13,GSM9237960,21,AIS,0.2,EC arterial,Endothelial,Blood vessels,80,214920,0.8655
GSM9237960_unc20_14,GSM9237960,21,AIS,0.2,EC general capillary,Endothelial,Blood vessels,423,785922,0.8655
GSM9237960_unc20_15,GSM9237960,21,AIS,0.2,EC venous pulmonary,Endothelial,Blood vessels,111,250253,0.8655
GSM9237960_unc20_16,GSM9237960,21,AIS,0.2,Goblet (nasal),Epithelial,Airway epithelium,8,43452,0.8655
GSM9237960_unc20_17,GSM9237960,21,AIS,0.2,Goblet (subsegmental),Epithelial,Airway epithelium,1,1681,0.8655
GSM9237960_unc20_18,GSM9237960,21,AIS,0.2,Interstitial Mph perivascular,Immune,Myeloid,27,58220,0.8655
GSM9237960_unc20_19,GSM9237960,21,AIS,0.2,Lymphatic EC differentiating,Endothelial,Lymphatic EC,72,142639,0.8655
GSM9237960_unc20_20,GSM9237960,21,AIS,0.2,Mast cells,Immune,Myeloid,187,318210,0.8655
GSM9237960_unc20_21,GSM9237960,21,AIS,0.2,Migratory DCs,Immune,Myeloid,3,12707,0.8655
GSM9237960_unc20_22,GSM9237960,21,AIS,0.2,Monocyte-derived Mph,Immune,Myeloid,22,104996,0.8655
GSM9237960_unc20_23,GSM9237960,21,AIS,0.2,Multiciliated (non-nasal),Epithelial,Airway epithelium,57,490000,0.8655
GSM9237960_unc20_24,GSM9237960,21,AIS,0.2,Myofibroblasts,Stroma,Fibroblast lineage,24,42150,0.8655
GSM9237960_unc20_25,GSM9237960,21,AIS,0.2,NK cells,Immune,Lymphoid,41,88567,0.8655
GSM9237960_unc20_26,GSM9237960,21,AIS,0.2,Neuroendocrine,Epithelial,Airway epithelium,2,6245,0.8655
GSM9237960_unc20_27,GSM9237960,21,AIS,0.2,Non-classical monocytes,Immune,Myeloid,91,272328,0.8655
GSM9237960_unc20_28,GSM9237960,21,AIS,0.2,Peribronchial fibroblasts,Stroma,Fibroblast lineage,5,14891,0.8655
GSM9237960_unc20_29,GSM9237960,21,AIS,0.2,Pericytes,Stroma,Fibroblast lineage,149,281656,0.8655
GSM9237960_unc20_30,GSM9237960,21,AIS,0.2,Plasma cells,Immune,Lymphoid,203,1748832,0.8655
GSM9237960_unc20_31,GSM9237960,21,AIS,0.2,Plasmacytoid DCs,Immune,Myeloid,24,88636,0.8655
GSM9237960_unc20_32,GSM9237960,21,AIS,0.2,Smooth muscle,Stroma,Smooth muscle,50,98036,0.8655
GSM9237960_unc20_33,GSM9237960,21,AIS,0.2,Suprabasal,Epithelial,Airway epithelium,1,9459,0.8655
GSM9237960_unc20_34,GSM9237960,21,AIS,0.2,T cells proliferating,Immune,Lymphoid,1,4236,0.8655
GSM9237960_unc20_35,GSM9237960,21,AIS,0.2,pre-TB secretory,Epithelial,Airway epithelium,3,17881,0.8655
GSM9237960_unc30_0,GSM9237960,21,AIS,0.3,AT0,Epithelial,Airway epithelium,2,2718,0.8655
GSM9237960_unc30_1,GSM9237960,21,AIS,0.3,AT1,Epithelial,Alveolar epithelium,500,1980012,0.8655
GSM9237960_unc30_2,GSM9237960,21,AIS,0.3,AT2,Epithelial,Alveolar epithelium,1282,5594676,0.8655
GSM9237960_unc30_3,GSM9237960,21,AIS,0.3,Adventitial fibroblasts,Stroma,Fibroblast lineage,54,214190,0.8655
GSM9237960_unc30_4,GSM9237960,21,AIS,0.3,Alveolar fibroblasts,Stroma,Fibroblast lineage,836,2194116,0.8655
GSM9237960_unc30_5,GSM9237960,21,AIS,0.3,Alveolar macrophages,Immune,Myeloid,407,6508383,0.8655
GSM9237960_unc30_6,GSM9237960,21,AIS,0.3,B cells,Immune,Lymphoid,84,132061,0.8655
GSM9237960_unc30_7,GSM9237960,21,AIS,0.3,Basal resting,Epithelial,Airway epithelium,32,98546,0.8655
GSM9237960_unc30_8,GSM9237960,21,AIS,0.3,CD4 T cells,Immune,Lymphoid,223,362746,0.8655
GSM9237960_unc30_9,GSM9237960,21,AIS,0.3,CD8 T cells,Immune,Lymphoid,469,701869,0.8655
GSM9237960_unc30_10,GSM9237960,21,AIS,0.3,Classical monocytes,Immune,Myeloid,42,154197,0.8655
GSM9237960_unc30_11,GSM9237960,21,AIS,0.3,Club (non-nasal),Epithelial,Airway epithelium,1,4233,0.8655
GSM9237960_unc30_12,GSM9237960,21,AIS,0.3,Deuterosomal,Epithelial,Airway epithelium,1,4349,0.8655
GSM9237960_unc30_13,GSM9237960,21,AIS,0.3,EC aerocyte capillary,Endothelial,Blood vessels,433,877709,0.8655
GSM9237960_unc30_14,GSM9237960,21,AIS,0.3,EC arterial,Endothelial,Blood vessels,84,221409,0.8655
GSM9237960_unc30_15,GSM9237960,21,AIS,0.3,EC general capillary,Endothelial,Blood vessels,459,860009,0.8655
GSM9237960_unc30_16,GSM9237960,21,AIS,0.3,EC venous pulmonary,Endothelial,Blood vessels,121,277594,0.8655
GSM9237960_unc30_17,GSM9237960,21,AIS,0.3,EC venous systemic,Endothelial,Blood vessels,5,13410,0.8655
GSM9237960_unc30_18,GSM9237960,21,AIS,0.3,Goblet (nasal),Epithelial,Airway epithelium,13,63077,0.8655
GSM9237960_unc30_19,GSM9237960,21,AIS,0.3,Goblet (subsegmental),Epithelial,Airway epithelium,1,1681,0.8655
GSM9237960_unc30_20,GSM9237960,21,AIS,0.3,Interstitial Mph perivascular,Immune,Myeloid,49,103625,0.8655
GSM9237960_unc30_21,GSM9237960,21,AIS,0.3,Lymphatic EC differentiating,Endothelial,Lymphatic EC,73,144549,0.8655
GSM9237960_unc30_22,GSM9237960,21,AIS,0.3,Mast cells,Immune,Myeloid,188,320190,0.8655
GSM9237960_unc30_23,GSM9237960,21,AIS,0.3,Migratory DCs,Immune,Myeloid,3,12707,0.8655
GSM9237960_unc30_24,GSM9237960,21,AIS,0.3,Monocyte-derived Mph,Immune,Myeloid,48,278042,0.8655
GSM9237960_unc30_25,GSM9237960,21,AIS,0.3,Multiciliated (non-nasal),Epithelial,Airway epithelium,61,520898,0.8655
GSM9237960_unc30_26,GSM9237960,21,AIS,0.3,Myofibroblasts,Stroma,Fibroblast lineage,39,72145,0.8655
GSM9237960_unc30_27,GSM9237960,21,AIS,0.3,NK cells,Immune,Lymphoid,60,131757,0.8655
GSM9237960_unc30_28,GSM9237960,21,AIS,0.3,Neuroendocrine,Epithelial,Airway epithelium,2,6245,0.8655
GSM9237960_unc30_29,GSM9237960,21,AIS,0.3,Non-classical monocytes,Immune,Myeloid,106,314331,0.8655
GSM9237960_unc30_30,GSM9237960,21,AIS,0.3,Peribronchial fibroblasts,Stroma,Fibroblast lineage,10,35108,0.8655
GSM9237960_unc30_31,GSM9237960,21,AIS,0.3,Pericytes,Stroma,Fibroblast lineage,158,306794,0.8655
GSM9237960_unc30_32,GSM9237960,21,AIS,0.3,Plasma cells,Immune,Lymphoid,205,1752656,0.8655
GSM9237960_unc30_33,GSM9237960,21,AIS,0.3,Plasmacytoid DCs,Immune,Myeloid,25,89659,0.8655
GSM9237960_unc30_34,GSM9237960,21,AIS,0.3,Smooth muscle,Stroma,Smooth muscle,58,112938,0.8655
GSM9237960_unc30_35,GSM9237960,21,AIS,0.3,Smooth muscle FAM83D+,Stroma,Smooth muscle,1,6224,0.8655
GSM9237960_unc30_36,GSM9237960,21,AIS,0.3,Suprabasal,Epithelial,Airway epithelium,2,11907,0.8655
GSM9237960_unc30_37,GSM9237960,21,AIS,0.3,T cells proliferating,Immune,Lymphoid,1,4236,0.8655
GSM9237960_unc30_38,GSM9237960,21,AIS,0.3,pre-TB secretory,Epithelial,Airway epithelium,5,24937,0.8655
GSM9237961_unc20_0,GSM9237961,21,LUAD,0.2,AT1,Epithelial,Alveolar epithelium,54,119233,0.8655
GSM9237961_unc20_1,GSM9237961,21,LUAD,0.2,AT2,Epithelial,Alveolar epithelium,191,509657,0.8655
GSM9237961_unc20_2,GSM9237961,21,LUAD,0.2,AT2 proliferating,Epithelial,Alveolar epithelium,4,26898,0.8655
GSM9237961_unc20_3,GSM9237961,21,LUAD,0.2,Adventitial fibroblasts,Stroma,Fibroblast lineage,7,17948,0.8655
GSM9237961_unc20_4,GSM9237961,21,LUAD,0.2,Alveolar fibroblasts,Stroma,Fibroblast lineage,62,120683,0.8655
GSM9237961_unc20_5,GSM9237961,21,LUAD,0.2,Alveolar macrophages,Immune,Myeloid,19,140982,0.8655
GSM9237961_unc20_6,GSM9237961,21,LUAD,0.2,B cells,Immune,Lymphoid,52,67728,0.8655
GSM9237961_unc20_7,GSM9237961,21,LUAD,0.2,Basal resting,Epithelial,Airway epithelium,21,58347,0.8655
GSM9237961_unc20_8,GSM9237961,21,LUAD,0.2,CD4 T cells,Immune,Lymphoid,118,162792,0.8655
GSM9237961_unc20_9,GSM9237961,21,LUAD,0.2,CD8 T cells,Immune,Lymphoid,66,79745,0.8655
GSM9237961_unc20_10,GSM9237961,21,LUAD,0.2,Classical monocytes,Immune,Myeloid,1,3465,0.8655
GSM9237961_unc20_11,GSM9237961,21,LUAD,0.2,Club (nasal),Epithelial,Airway epithelium,1,1388,0.8655
GSM9237961_unc20_12,GSM9237961,21,LUAD,0.2,EC aerocyte capillary,Endothelial,Blood vessels,22,32304,0.8655
GSM9237961_unc20_13,GSM9237961,21,LUAD,0.2,EC arterial,Endothelial,Blood vessels,9,23673,0.8655
GSM9237961_unc20_14,GSM9237961,21,LUAD,0.2,EC general capillary,Endothelial,Blood vessels,7,9418,0.8655
GSM9237961_unc20_15,GSM9237961,21,LUAD,0.2,EC venous pulmonary,Endothelial,Blood vessels,12,21560,0.8655
GSM9237961_unc20_16,GSM9237961,21,LUAD,0.2,Goblet (bronchial),Epithelial,Airway epithelium,1,1947,0.8655
GSM9237961_unc20_17,GSM9237961,21,LUAD,0.2,Goblet (nasal),Epithelial,Airway epithelium,156,2832046,0.8655
GSM9237961_unc20_18,GSM9237961,21,LUAD,0.2,Interstitial Mph perivascular,Immune,Myeloid,3,7145,0.8655
GSM9237961_unc20_19,GSM9237961,21,LUAD,0.2,Ionocyte,Epithelial,Airway epithelium,2,7959,0.8655
GSM9237961_unc20_20,GSM9237961,21,LUAD,0.2,Lymphatic EC differentiating,Endothelial,Lymphatic EC,22,39899,0.8655
GSM9237961_unc20_21,GSM9237961,21,LUAD,0.2,Mast cells,Immune,Myeloid,41,58020,0.8655
GSM9237961_unc20_22,GSM9237961,21,LUAD,0.2,Monocyte-derived Mph,Immune,Myeloid,35,120801,0.8655
GSM9237961_unc20_23,GSM9237961,21,LUAD,0.2,Multiciliated (non-nasal),Epithelial,Airway epithelium,13,74657,0.8655
GSM9237961_unc20_24,GSM9237961,21,LUAD,0.2,NK cells,Immune,Lymphoid,2,2830,0.8655
GSM9237961_unc20_25,GSM9237961,21,LUAD,0.2,Non-classical monocytes,Immune,Myeloid,8,14325,0.8655
GSM9237961_unc20_26,GSM9237961,21,LUAD,0.2,Peribronchial fibroblasts,Stroma,Fibroblast lineage,94,262433,0.8655
GSM9237961_unc20_27,GSM9237961,21,LUAD,0.2,Pericytes,Stroma,Fibroblast lineage,47,129000,0.8655
GSM9237961_unc20_28,GSM9237961,21,LUAD,0.2,Plasma cells,Immune,Lymphoid,255,1311246,0.8655
GSM9237961_unc20_29,GSM9237961,21,LUAD,0.2,Plasmacytoid DCs,Immune,Myeloid,8,19482,0.8655
GSM9237961_unc20_30,GSM9237961,21,LUAD,0.2,Smooth muscle,Stroma,Smooth muscle,6,14298,0.8655
GSM9237961_unc20_31,GSM9237961,21,LUAD,0.2,Suprabasal,Epithelial,Airway epithelium,3,7814,0.8655
GSM9237961_unc20_32,GSM9237961,21,LUAD,0.2,T cells proliferating,Immune,Lymphoid,1,1857,0.8655
GSM9237961_unc30_0,GSM9237961,21,LUAD,0.3,AT1,Epithelial,Alveolar epithelium,62,164693,0.8655
GSM9237961_unc30_1,GSM9237961,21,LUAD,0.3,AT2,Epithelial,Alveolar epithelium,212,583979,0.8655
GSM9237961_unc30_2,GSM9237961,21,LUAD,0.3,AT2 proliferating,Epithelial,Alveolar epithelium,4,26898,0.8655
GSM9237961_unc30_3,GSM9237961,21,LUAD,0.3,Adventitial fibroblasts,Stroma,Fibroblast lineage,12,44444,0.8655
GSM9237961_unc30_4,GSM9237961,21,LUAD,0.3,Alveolar fibroblasts,Stroma,Fibroblast lineage,77,159994,0.8655
GSM9237961_unc30_5,GSM9237961,21,LUAD,0.3,Alveolar macrophages,Immune,Myeloid,22,146633,0.8655
GSM9237961_unc30_6,GSM9237961,21,LUAD,0.3,B cells,Immune,Lymphoid,55,71386,0.8655
GSM9237961_unc30_7,GSM9237961,21,LUAD,0.3,Basal resting,Epithelial,Airway epithelium,21,58347,0.8655
GSM9237961_unc30_8,GSM9237961,21,LUAD,0.3,CD4 T cells,Immune,Lymphoid,146,200349,0.8655
GSM9237961_unc30_9,GSM9237961,21,LUAD,0.3,CD8 T cells,Immune,Lymphoid,93,115894,0.8655
GSM9237961_unc30_10,GSM9237961,21,LUAD,0.3,Classical monocytes,Immune,Myeloid,2,5423,0.8655
GSM9237961_unc30_11,GSM9237961,21,LUAD,0.3,Club (nasal),Epithelial,Airway epithelium,1,1388,0.8655
GSM9237961_unc30_12,GSM9237961,21,LUAD,0.3,EC aerocyte capillary,Endothelial,Blood vessels,24,34790,0.8655
GSM9237961_unc30_13,GSM9237961,21,LUAD,0.3,EC arterial,Endothelial,Blood vessels,11,28809,0.8655
GSM9237961_unc30_14,GSM9237961,21,LUAD,0.3,EC general capillary,Endothelial,Blood vessels,9,11640,0.8655
GSM9237961_unc30_15,GSM9237961,21,LUAD,0.3,EC venous pulmonary,Endothelial,Blood vessels,14,23714,0.8655
GSM9237961_unc30_16,GSM9237961,21,LUAD,0.3,EC venous systemic,Endothelial,Blood vessels,2,5992,0.8655
GSM9237961_unc30_17,GSM9237961,21,LUAD,0.3,Goblet (bronchial),Epithelial,Airway epithelium,1,1947,0.8655
GSM9237961_unc30_18,GSM9237961,21,LUAD,0.3,Goblet (nasal),Epithelial,Airway epithelium,221,3752514,0.8655
GSM9237961_unc30_19,GSM9237961,21,LUAD,0.3,Interstitial Mph perivascular,Immune,Myeloid,5,10882,0.8655
GSM9237961_unc30_20,GSM9237961,21,LUAD,0.3,Ionocyte,Epithelial,Airway epithelium,2,7959,0.8655
GSM9237961_unc30_21,GSM9237961,21,LUAD,0.3,Lymphatic EC differentiating,Endothelial,Lymphatic EC,24,45829,0.8655
GSM9237961_unc30_22,GSM9237961,21,LUAD,0.3,Lymphatic EC mature,Endothelial,Lymphatic EC,1,2596,0.8655
GSM9237961_unc30_23,GSM9237961,21,LUAD,0.3,Mast cells,Immune,Myeloid,41,58020,0.8655
GSM9237961_unc30_24,GSM9237961,21,LUAD,0.3,Migratory DCs,Immune,Myeloid,1,2674,0.8655
GSM9237961_unc30_25,GSM9237961,21,LUAD,0.3,Monocyte-derived Mph,Immune,Myeloid,71,215060,0.8655
GSM9237961_unc30_26,GSM9237961,21,LUAD,0.3,Multiciliated (non-nasal),Epithelial,Airway epithelium,14,78778,0.8655
GSM9237961_unc30_27,GSM9237961,21,LUAD,0.3,Myofibroblasts,Stroma,Fibroblast lineage,1,3740,0.8655
GSM9237961_unc30_28,GSM9237961,21,LUAD,0.3,NK cells,Immune,Lymphoid,4,5188,0.8655
GSM9237961_unc30_29,GSM9237961,21,LUAD,0.3,Non-classical monocytes,Immune,Myeloid,12,19842,0.8655
GSM9237961_unc30_30,GSM9237961,21,LUAD,0.3,Peribronchial fibroblasts,Stroma,Fibroblast lineage,142,408454,0.8655
GSM9237961_unc30_31,GSM9237961,21,LUAD,0.3,Pericytes,Stroma,Fibroblast lineage,55,163470,0.8655
GSM9237961_unc30_32,GSM9237961,21,LUAD,0.3,Plasma cells,Immune,Lymphoid,260,1322099,0.8655
GSM9237961_unc30_33,GSM9237961,21,LUAD,0.3,Plasmacytoid DCs,Immune,Myeloid,8,19482,0.8655
GSM9237961_unc30_34,GSM9237961,21,LUAD,0.3,SM activated stress response,Stroma,Smooth muscle,1,1022,0.8655
GSM9237961_unc30_35,GSM9237961,21,LUAD,0.3,Smooth muscle,Stroma,Smooth muscle,8,17892,0.8655
GSM9237961_unc30_36,GSM9237961,21,LUAD,0.3,Suprabasal,Epithelial,Airway epithelium,5,13015,0.8655
GSM9237961_unc30_37,GSM9237961,21,LUAD,0.3,T cells proliferating,Immune,Lymphoid,1,1857,0.8655
GSM9237962_unc20_0,GSM9237962,22,normal,0.2,AT0,Epithelial,Airway epithelium,3,8578,0.8655
GSM9237962_unc20_1,GSM9237962,22,normal,0.2,AT1,Epithelial,Alveolar epithelium,202,526312,0.8655
GSM9237962_unc20_2,GSM9237962,22,normal,0.2,AT2,Epithelial,Alveolar epithelium,428,1676892,0.8655
GSM9237962_unc20_3,GSM9237962,22,normal,0.2,Adventitial fibroblasts,Stroma,Fibroblast lineage,16,44011,0.8655
GSM9237962_unc20_4,GSM9237962,22,normal,0.2,Alveolar fibroblasts,Stroma,Fibroblast lineage,413,950522,0.8655
GSM9237962_unc20_5,GSM9237962,22,normal,0.2,Alveolar macrophages,Immune,Myeloid,181,2079350,0.8655
GSM9237962_unc20_6,GSM9237962,22,normal,0.2,B cells,Immune,Lymphoid,8,12149,0.8655
GSM9237962_unc20_7,GSM9237962,22,normal,0.2,Basal resting,Epithelial,Airway epithelium,7,24524,0.8655
GSM9237962_unc20_8,GSM9237962,22,normal,0.2,CD4 T cells,Immune,Lymphoid,38,56820,0.8655
GSM9237962_unc20_9,GSM9237962,22,normal,0.2,CD8 T cells,Immune,Lymphoid,54,79921,0.8655
GSM9237962_unc20_10,GSM9237962,22,normal,0.2,Classical monocytes,Immune,Myeloid,8,25633,0.8655
GSM9237962_unc20_11,GSM9237962,22,normal,0.2,Club (non-nasal),Epithelial,Airway epithelium,2,4371,0.8655
GSM9237962_unc20_12,GSM9237962,22,normal,0.2,Deuterosomal,Epithelial,Airway epithelium,1,1192,0.8655
GSM9237962_unc20_13,GSM9237962,22,normal,0.2,EC aerocyte capillary,Endothelial,Blood vessels,52,80980,0.8655
GSM9237962_unc20_14,GSM9237962,22,normal,0.2,EC arterial,Endothelial,Blood vessels,31,59116,0.8655
GSM9237962_unc20_15,GSM9237962,22,normal,0.2,EC general capillary,Endothelial,Blood vessels,51,73433,0.8655
GSM9237962_unc20_16,GSM9237962,22,normal,0.2,EC venous pulmonary,Endothelial,Blood vessels,37,66806,0.8655
GSM9237962_unc20_17,GSM9237962,22,normal,0.2,Goblet (nasal),Epithelial,Airway epithelium,4,9048,0.8655
GSM9237962_unc20_18,GSM9237962,22,normal,0.2,Interstitial Mph perivascular,Immune,Myeloid,41,87324,0.8655
GSM9237962_unc20_19,GSM9237962,22,normal,0.2,Lymphatic EC differentiating,Endothelial,Lymphatic EC,18,23944,0.8655
GSM9237962_unc20_20,GSM9237962,22,normal,0.2,Mast cells,Immune,Myeloid,49,66697,0.8655
GSM9237962_unc20_21,GSM9237962,22,normal,0.2,Monocyte-derived Mph,Immune,Myeloid,2,5693,0.8655
GSM9237962_unc20_22,GSM9237962,22,normal,0.2,Multiciliated (non-nasal),Epithelial,Airway epithelium,30,219892,0.8655
GSM9237962_unc20_23,GSM9237962,22,normal,0.2,Myofibroblasts,Stroma,Fibroblast lineage,5,10803,0.8655
GSM9237962_unc20_24,GSM9237962,22,normal,0.2,NK cells,Immune,Lymphoid,24,44208,0.8655
GSM9237962_unc20_25,GSM9237962,22,normal,0.2,Non-classical monocytes,Immune,Myeloid,12,38408,0.8655
GSM9237962_unc20_26,GSM9237962,22,normal,0.2,Pericytes,Stroma,Fibroblast lineage,23,75004,0.8655
GSM9237962_unc20_27,GSM9237962,22,normal,0.2,Plasma cells,Immune,Lymphoid,25,151951,0.8655
GSM9237962_unc20_28,GSM9237962,22,normal,0.2,Plasmacytoid DCs,Immune,Myeloid,4,15985,0.8655
GSM9237962_unc20_29,GSM9237962,22,normal,0.2,Smooth muscle,Stroma,Smooth muscle,33,49127,0.8655
GSM9237962_unc20_30,GSM9237962,22,normal,0.2,Suprabasal,Epithelial,Airway epithelium,1,3991,0.8655
GSM9237962_unc20_31,GSM9237962,22,normal,0.2,pre-TB secretory,Epithelial,Airway epithelium,4,6383,0.8655
GSM9237962_unc30_0,GSM9237962,22,normal,0.3,AT0,Epithelial,Airway epithelium,4,25455,0.8655
GSM9237962_unc30_1,GSM9237962,22,normal,0.3,AT1,Epithelial,Alveolar epithelium,215,595104,0.8655
GSM9237962_unc30_2,GSM9237962,22,normal,0.3,AT2,Epithelial,Alveolar epithelium,441,1750976,0.8655
GSM9237962_unc30_3,GSM9237962,22,normal,0.3,Adventitial fibroblasts,Stroma,Fibroblast lineage,17,49028,0.8655
GSM9237962_unc30_4,GSM9237962,22,normal,0.3,Alveolar fibroblasts,Stroma,Fibroblast lineage,430,1110999,0.8655
GSM9237962_unc30_5,GSM9237962,22,normal,0.3,Alveolar macrophages,Immune,Myeloid,197,2230551,0.8655
GSM9237962_unc30_6,GSM9237962,22,normal,0.3,B cells,Immune,Lymphoid,8,12149,0.8655
GSM9237962_unc30_7,GSM9237962,22,normal,0.3,Basal resting,Epithelial,Airway epithelium,8,31868,0.8655
GSM9237962_unc30_8,GSM9237962,22,normal,0.3,CD4 T cells,Immune,Lymphoid,60,88883,0.8655
GSM9237962_unc30_9,GSM9237962,22,normal,0.3,CD8 T cells,Immune,Lymphoid,79,115218,0.8655
GSM9237962_unc30_10,GSM9237962,22,normal,0.3,Classical monocytes,Immune,Myeloid,8,25633,0.8655
GSM9237962_unc30_11,GSM9237962,22,normal,0.3,Club (non-nasal),Epithelial,Airway epithelium,2,4371,0.8655
GSM9237962_unc30_12,GSM9237962,22,normal,0.3,DC2,Immune,Myeloid,1,7190,0.8655
GSM9237962_unc30_13,GSM9237962,22,normal,0.3,Deuterosomal,Epithelial,Airway epithelium,1,1192,0.8655
GSM9237962_unc30_14,GSM9237962,22,normal,0.3,EC aerocyte capillary,Endothelial,Blood vessels,54,84377,0.8655
GSM9237962_unc30_15,GSM9237962,22,normal,0.3,EC arterial,Endothelial,Blood vessels,33,62514,0.8655
GSM9237962_unc30_16,GSM9237962,22,normal,0.3,EC general capillary,Endothelial,Blood vessels,57,86606,0.8655
GSM9237962_unc30_17,GSM9237962,22,normal,0.3,EC venous pulmonary,Endothelial,Blood vessels,39,69800,0.8655
GSM9237962_unc30_18,GSM9237962,22,normal,0.3,EC venous systemic,Endothelial,Blood vessels,1,1649,0.8655
GSM9237962_unc30_19,GSM9237962,22,normal,0.3,Goblet (nasal),Epithelial,Airway epithelium,4,9048,0.8655
GSM9237962_unc30_20,GSM9237962,22,normal,0.3,Interstitial Mph perivascular,Immune,Myeloid,56,115932,0.8655
GSM9237962_unc30_21,GSM9237962,22,normal,0.3,Lymphatic EC differentiating,Endothelial,Lymphatic EC,19,26097,0.8655
GSM9237962_unc30_22,GSM9237962,22,normal,0.3,Mast cells,Immune,Myeloid,50,67740,0.8655
GSM9237962_unc30_23,GSM9237962,22,normal,0.3,Monocyte-derived Mph,Immune,Myeloid,3,9250,0.8655
GSM9237962_unc30_24,GSM9237962,22,normal,0.3,Multiciliated (non-nasal),Epithelial,Airway epithelium,33,224902,0.8655
GSM9237962_unc30_25,GSM9237962,22,normal,0.3,Myofibroblasts,Stroma,Fibroblast lineage,5,10803,0.8655
GSM9237962_unc30_26,GSM9237962,22,normal,0.3,NK cells,Immune,Lymphoid,42,74566,0.8655
GSM9237962_unc30_27,GSM9237962,22,normal,0.3,Non-classical monocytes,Immune,Myeloid,13,41691,0.8655
GSM9237962_unc30_28,GSM9237962,22,normal,0.3,Pericytes,Stroma,Fibroblast lineage,28,95646,0.8655
GSM9237962_unc30_29,GSM9237962,22,normal,0.3,Plasma cells,Immune,Lymphoid,25,151951,0.8655
GSM9237962_unc30_30,GSM9237962,22,normal,0.3,Plasmacytoid DCs,Immune,Myeloid,4,15985,0.8655
GSM9237962_unc30_31,GSM9237962,22,normal,0.3,Smooth muscle,Stroma,Smooth muscle,39,58032,0.8655
GSM9237962_unc30_32,GSM9237962,22,normal,0.3,Suprabasal,Epithelial,Airway epithelium,1,3991,0.8655
GSM9237962_unc30_33,GSM9237962,22,normal,0.3,pre-TB secretory,Epithelial,Airway epithelium,5,7535,0.8655
GSM9237963_unc20_0,GSM9237963,22,AAH,0.2,AT0,Epithelial,Airway epithelium,1,2569,0.8655
GSM9237963_unc20_1,GSM9237963,22,AAH,0.2,AT1,Epithelial,Alveolar epithelium,257,631243,0.8655
GSM9237963_unc20_2,GSM9237963,22,AAH,0.2,AT2,Epithelial,Alveolar epithelium,550,2034524,0.8655
GSM9237963_unc20_3,GSM9237963,22,AAH,0.2,Adventitial fibroblasts,Stroma,Fibroblast lineage,15,46007,0.8655
GSM9237963_unc20_4,GSM9237963,22,AAH,0.2,Alveolar Mph proliferating,Immune,Myeloid,1,19109,0.8655
GSM9237963_unc20_5,GSM9237963,22,AAH,0.2,Alveolar fibroblasts,Stroma,Fibroblast lineage,570,1174704,0.8655
GSM9237963_unc20_6,GSM9237963,22,AAH,0.2,Alveolar macrophages,Immune,Myeloid,334,4113870,0.8655
GSM9237963_unc20_7,GSM9237963,22,AAH,0.2,B cells,Immune,Lymphoid,19,26410,0.8655
GSM9237963_unc20_8,GSM9237963,22,AAH,0.2,Basal resting,Epithelial,Airway epithelium,6,14812,0.8655
GSM9237963_unc20_9,GSM9237963,22,AAH,0.2,CD4 T cells,Immune,Lymphoid,56,83445,0.8655
GSM9237963_unc20_10,GSM9237963,22,AAH,0.2,CD8 T cells,Immune,Lymphoid,63,89058,0.8655
GSM9237963_unc20_11,GSM9237963,22,AAH,0.2,Classical monocytes,Immune,Myeloid,16,29800,0.8655
GSM9237963_unc20_12,GSM9237963,22,AAH,0.2,EC aerocyte capillary,Endothelial,Blood vessels,62,94284,0.8655
GSM9237963_unc20_13,GSM9237963,22,AAH,0.2,EC arterial,Endothelial,Blood vessels,55,118815,0.8655
GSM9237963_unc20_14,GSM9237963,22,AAH,0.2,EC general capillary,Endothelial,Blood vessels,45,59903,0.8655
GSM9237963_unc20_15,GSM9237963,22,AAH,0.2,EC venous pulmonary,Endothelial,Blood vessels,55,103112,0.8655
GSM9237963_unc20_16,GSM9237963,22,AAH,0.2,EC venous systemic,Endothelial,Blood vessels,1,1884,0.8655
GSM9237963_unc20_17,GSM9237963,22,AAH,0.2,Goblet (nasal),Epithelial,Airway epithelium,4,17972,0.8655
GSM9237963_unc20_18,GSM9237963,22,AAH,0.2,Interstitial Mph perivascular,Immune,Myeloid,44,87758,0.8655
GSM9237963_unc20_19,GSM9237963,22,AAH,0.2,Lymphatic EC differentiating,Endothelial,Lymphatic EC,40,60827,0.8655
GSM9237963_unc20_20,GSM9237963,22,AAH,0.2,Mast cells,Immune,Myeloid,77,106194,0.8655
GSM9237963_unc20_21,GSM9237963,22,AAH,0.2,Monocyte-derived Mph,Immune,Myeloid,5,10541,0.8655
GSM9237963_unc20_22,GSM9237963,22,AAH,0.2,Multiciliated (non-nasal),Epithelial,Airway epithelium,53,265403,0.8655
GSM9237963_unc20_23,GSM9237963,22,AAH,0.2,Myofibroblasts,Stroma,Fibroblast lineage,9,12412,0.8655
GSM9237963_unc20_24,GSM9237963,22,AAH,0.2,NK cells,Immune,Lymphoid,23,36286,0.8655
GSM9237963_unc20_25,GSM9237963,22,AAH,0.2,Non-classical monocytes,Immune,Myeloid,8,21657,0.8655
GSM9237963_unc20_26,GSM9237963,22,AAH,0.2,Pericytes,Stroma,Fibroblast lineage,34,81557,0.8655
GSM9237963_unc20_27,GSM9237963,22,AAH,0.2,Plasma cells,Immune,Lymphoid,43,323501,0.8655
GSM9237963_unc20_28,GSM9237963,22,AAH,0.2,Plasmacytoid DCs,Immune,Myeloid,3,5573,0.8655
GSM9237963_unc20_29,GSM9237963,22,AAH,0.2,SM activated stress response,Stroma,Smooth muscle,1,1785,0.8655
GSM9237963_unc20_30,GSM9237963,22,AAH,0.2,Smooth muscle,Stroma,Smooth muscle,42,61011,0.8655
GSM9237963_unc20_31,GSM9237963,22,AAH,0.2,T cells proliferating,Immune,Lymphoid,1,2212,0.8655
GSM9237963_unc20_32,GSM9237963,22,AAH,0.2,pre-TB secretory,Epithelial,Airway epithelium,9,25815,0.8655
GSM9237963_unc30_0,GSM9237963,22,AAH,0.3,AT0,Epithelial,Airway epithelium,4,12400,0.8655
GSM9237963_unc30_1,GSM9237963,22,AAH,0.3,AT1,Epithelial,Alveolar epithelium,264,660084,0.8655
GSM9237963_unc30_2,GSM9237963,22,AAH,0.3,AT2,Epithelial,Alveolar epithelium,563,2113887,0.8655
GSM9237963_unc30_3,GSM9237963,22,AAH,0.3,Adventitial fibroblasts,Stroma,Fibroblast lineage,19,51910,0.8655
GSM9237963_unc30_4,GSM9237963,22,AAH,0.3,Alveolar Mph proliferating,Immune,Myeloid,2,28927,0.8655
GSM9237963_unc30_5,GSM9237963,22,AAH,0.3,Alveolar fibroblasts,Stroma,Fibroblast lineage,606,1315945,0.8655
GSM9237963_unc30_6,GSM9237963,22,AAH,0.3,Alveolar macrophages,Immune,Myeloid,365,4467498,0.8655
GSM9237963_unc30_7,GSM9237963,22,AAH,0.3,B cells,Immune,Lymphoid,20,30012,0.8655
GSM9237963_unc30_8,GSM9237963,22,AAH,0.3,Basal resting,Epithelial,Airway epithelium,8,22529,0.8655
GSM9237963_unc30_9,GSM9237963,22,AAH,0.3,CD4 T cells,Immune,Lymphoid,84,124050,0.8655
GSM9237963_unc30_10,GSM9237963,22,AAH,0.3,CD8 T cells,Immune,Lymphoid,97,135969,0.8655
GSM9237963_unc30_11,GSM9237963,22,AAH,0.3,Classical monocytes,Immune,Myeloid,22,49395,0.8655
GSM9237963_unc30_12,GSM9237963,22,AAH,0.3,EC aerocyte capillary,Endothelial,Blood vessels,67,107601,0.8655
GSM9237963_unc30_13,GSM9237963,22,AAH,0.3,EC arterial,Endothelial,Blood vessels,59,124573,0.8655
GSM9237963_unc30_14,GSM9237963,22,AAH,0.3,EC general capillary,Endothelial,Blood vessels,57,80384,0.8655
GSM9237963_unc30_15,GSM9237963,22,AAH,0.3,EC venous pulmonary,Endothelial,Blood vessels,61,113827,0.8655
GSM9237963_unc30_16,GSM9237963,22,AAH,0.3,EC venous systemic,Endothelial,Blood vessels,1,1884,0.8655
GSM9237963_unc30_17,GSM9237963,22,AAH,0.3,Goblet (nasal),Epithelial,Airway epithelium,4,17972,0.8655
GSM9237963_unc30_18,GSM9237963,22,AAH,0.3,Interstitial Mph perivascular,Immune,Myeloid,62,130682,0.8655
GSM9237963_unc30_19,GSM9237963,22,AAH,0.3,Lymphatic EC differentiating,Endothelial,Lymphatic EC,41,61888,0.8655
GSM9237963_unc30_20,GSM9237963,22,AAH,0.3,Mast cells,Immune,Myeloid,78,109182,0.8655
GSM9237963_unc30_21,GSM9237963,22,AAH,0.3,Monocyte-derived Mph,Immune,Myeloid,8,32341,0.8655
GSM9237963_unc30_22,GSM9237963,22,AAH,0.3,Multiciliated (non-nasal),Epithelial,Airway epithelium,55,298625,0.8655
GSM9237963_unc30_23,GSM9237963,22,AAH,0.3,Myofibroblasts,Stroma,Fibroblast lineage,12,17788,0.8655
GSM9237963_unc30_24,GSM9237963,22,AAH,0.3,NK cells,Immune,Lymphoid,27,43368,0.8655
GSM9237963_unc30_25,GSM9237963,22,AAH,0.3,Non-classical monocytes,Immune,Myeloid,9,22802,0.8655
GSM9237963_unc30_26,GSM9237963,22,AAH,0.3,Peribronchial fibroblasts,Stroma,Fibroblast lineage,1,1800,0.8655
GSM9237963_unc30_27,GSM9237963,22,AAH,0.3,Pericytes,Stroma,Fibroblast lineage,38,101029,0.8655
GSM9237963_unc30_28,GSM9237963,22,AAH,0.3,Plasma cells,Immune,Lymphoid,44,324704,0.8655
GSM9237963_unc30_29,GSM9237963,22,AAH,0.3,Plasmacytoid DCs,Immune,Myeloid,3,5573,0.8655
GSM9237963_unc30_30,GSM9237963,22,AAH,0.3,SM activated stress response,Stroma,Smooth muscle,1,1785,0.8655
GSM9237963_unc30_31,GSM9237963,22,AAH,0.3,Smooth muscle,Stroma,Smooth muscle,54,81515,0.8655
GSM9237963_unc30_32,GSM9237963,22,AAH,0.3,Smooth muscle FAM83D+,Stroma,Smooth muscle,1,1808,0.8655
GSM9237963_unc30_33,GSM9237963,22,AAH,0.3,T cells proliferating,Immune,Lymphoid,1,2212,0.8655
GSM9237963_unc30_34,GSM9237963,22,AAH,0.3,pre-TB secretory,Epithelial,Airway epithelium,12,31381,0.8655
GSM9237964_unc20_0,GSM9237964,22,AIS,0.2,AT0,Epithelial,Airway epithelium,3,17843,0.8655
GSM9237964_unc20_1,GSM9237964,22,AIS,0.2,AT1,Epithelial,Alveolar epithelium,264,747950,0.8655
GSM9237964_unc20_2,GSM9237964,22,AIS,0.2,AT2,Epithelial,Alveolar epithelium,795,3186648,0.8655
GSM9237964_unc20_3,GSM9237964,22,AIS,0.2,Adventitial fibroblasts,Stroma,Fibroblast lineage,52,172649,0.8655
GSM9237964_unc20_4,GSM9237964,22,AIS,0.2,Alveolar fibroblasts,Stroma,Fibroblast lineage,585,1406886,0.8655
GSM9237964_unc20_5,GSM9237964,22,AIS,0.2,Alveolar macrophages,Immune,Myeloid,350,4517781,0.8655
GSM9237964_unc20_6,GSM9237964,22,AIS,0.2,B cells,Immune,Lymphoid,30,44793,0.8655
GSM9237964_unc20_7,GSM9237964,22,AIS,0.2,Basal resting,Epithelial,Airway epithelium,6,21324,0.8655
GSM9237964_unc20_8,GSM9237964,22,AIS,0.2,CD4 T cells,Immune,Lymphoid,91,142727,0.8655
GSM9237964_unc20_9,GSM9237964,22,AIS,0.2,CD8 T cells,Immune,Lymphoid,84,117270,0.8655
GSM9237964_unc20_10,GSM9237964,22,AIS,0.2,Classical monocytes,Immune,Myeloid,22,57111,0.8655
GSM9237964_unc20_11,GSM9237964,22,AIS,0.2,Club (non-nasal),Epithelial,Airway epithelium,1,8872,0.8655
GSM9237964_unc20_12,GSM9237964,22,AIS,0.2,EC aerocyte capillary,Endothelial,Blood vessels,117,200325,0.8655
GSM9237964_unc20_13,GSM9237964,22,AIS,0.2,EC arterial,Endothelial,Blood vessels,85,210670,0.8655
GSM9237964_unc20_14,GSM9237964,22,AIS,0.2,EC general capillary,Endothelial,Blood vessels,114,179493,0.8655
GSM9237964_unc20_15,GSM9237964,22,AIS,0.2,EC venous pulmonary,Endothelial,Blood vessels,90,183624,0.8655
GSM9237964_unc20_16,GSM9237964,22,AIS,0.2,Goblet (nasal),Epithelial,Airway epithelium,1,1025,0.8655
GSM9237964_unc20_17,GSM9237964,22,AIS,0.2,Interstitial Mph perivascular,Immune,Myeloid,45,93998,0.8655
GSM9237964_unc20_18,GSM9237964,22,AIS,0.2,Lymphatic EC differentiating,Endothelial,Lymphatic EC,44,73578,0.8655
GSM9237964_unc20_19,GSM9237964,22,AIS,0.2,Mast cells,Immune,Myeloid,94,139674,0.8655
GSM9237964_unc20_20,GSM9237964,22,AIS,0.2,Monocyte-derived Mph,Immune,Myeloid,18,85829,0.8655
GSM9237964_unc20_21,GSM9237964,22,AIS,0.2,Multiciliated (non-nasal),Epithelial,Airway epithelium,45,347970,0.8655
GSM9237964_unc20_22,GSM9237964,22,AIS,0.2,Myofibroblasts,Stroma,Fibroblast lineage,11,19970,0.8655
GSM9237964_unc20_23,GSM9237964,22,AIS,0.2,NK cells,Immune,Lymphoid,59,110448,0.8655
GSM9237964_unc20_24,GSM9237964,22,AIS,0.2,Non-classical monocytes,Immune,Myeloid,23,64859,0.8655
GSM9237964_unc20_25,GSM9237964,22,AIS,0.2,Pericytes,Stroma,Fibroblast lineage,59,146794,0.8655
GSM9237964_unc20_26,GSM9237964,22,AIS,0.2,Plasma cells,Immune,Lymphoid,51,371981,0.8655
GSM9237964_unc20_27,GSM9237964,22,AIS,0.2,Plasmacytoid DCs,Immune,Myeloid,8,19427,0.8655
GSM9237964_unc20_28,GSM9237964,22,AIS,0.2,Smooth muscle,Stroma,Smooth muscle,40,84635,0.8655
GSM9237964_unc20_29,GSM9237964,22,AIS,0.2,Suprabasal,Epithelial,Airway epithelium,1,6720,0.8655
GSM9237964_unc20_30,GSM9237964,22,AIS,0.2,T cells proliferating,Immune,Lymphoid,1,6672,0.8655
GSM9237964_unc20_31,GSM9237964,22,AIS,0.2,pre-TB secretory,Epithelial,Airway epithelium,16,56790,0.8655
GSM9237964_unc30_0,GSM9237964,22,AIS,0.3,AT0,Epithelial,Airway epithelium,7,30638,0.8655
GSM9237964_unc30_1,GSM9237964,22,AIS,0.3,AT1,Epithelial,Alveolar epithelium,278,836554,0.8655
GSM9237964_unc30_2,GSM9237964,22,AIS,0.3,AT2,Epithelial,Alveolar epithelium,815,3335702,0.8655
GSM9237964_unc30_3,GSM9237964,22,AIS,0.3,Adventitial fibroblasts,Stroma,Fibroblast lineage,63,215507,0.8655
GSM9237964_unc30_4,GSM9237964,22,AIS,0.3,Alveolar fibroblasts,Stroma,Fibroblast lineage,629,1564057,0.8655
GSM9237964_unc30_5,GSM9237964,22,AIS,0.3,Alveolar macrophages,Immune,Myeloid,416,5381800,0.8655
GSM9237964_unc30_6,GSM9237964,22,AIS,0.3,B cells,Immune,Lymphoid,30,44793,0.8655
GSM9237964_unc30_7,GSM9237964,22,AIS,0.3,Basal resting,Epithelial,Airway epithelium,7,25348,0.8655
GSM9237964_unc30_8,GSM9237964,22,AIS,0.3,CD4 T cells,Immune,Lymphoid,114,179382,0.8655
GSM9237964_unc30_9,GSM9237964,22,AIS,0.3,CD8 T cells,Immune,Lymphoid,120,175688,0.8655
GSM9237964_unc30_10,GSM9237964,22,AIS,0.3,Classical monocytes,Immune,Myeloid,32,79880,0.8655
GSM9237964_unc30_11,GSM9237964,22,AIS,0.3,Club (non-nasal),Epithelial,Airway epithelium,1,8872,0.8655
GSM9237964_unc30_12,GSM9237964,22,AIS,0.3,DC2,Immune,Myeloid,1,2505,0.8655
GSM9237964_unc30_13,GSM9237964,22,AIS,0.3,EC aerocyte capillary,Endothelial,Blood vessels,122,212296,0.8655
GSM9237964_unc30_14,GSM9237964,22,AIS,0.3,EC arterial,Endothelial,Blood vessels,89,223552,0.8655
GSM9237964_unc30_15,GSM9237964,22,AIS,0.3,EC general capillary,Endothelial,Blood vessels,128,210608,0.8655
GSM9237964_unc30_16,GSM9237964,22,AIS,0.3,EC venous pulmonary,Endothelial,Blood vessels,102,203827,0.8655
GSM9237964_unc30_17,GSM9237964,22,AIS,0.3,EC venous systemic,Endothelial,Blood vessels,2,4160,0.8655
GSM9237964_unc30_18,GSM9237964,22,AIS,0.3,Goblet (nasal),Epithelial,Airway epithelium,1,1025,0.8655
GSM9237964_unc30_19,GSM9237964,22,AIS,0.3,Interstitial Mph perivascular,Immune,Myeloid,65,144891,0.8655
GSM9237964_unc30_20,GSM9237964,22,AIS,0.3,Lymphatic EC differentiating,Endothelial,Lymphatic EC,46,78682,0.8655
GSM9237964_unc30_21,GSM9237964,22,AIS,0.3,Mast cells,Immune,Myeloid,94,139674,0.8655
GSM9237964_unc30_22,GSM9237964,22,AIS,0.3,Mesothelium,Stroma,Mesothelium,1,7691,0.8655
GSM9237964_unc30_23,GSM9237964,22,AIS,0.3,Migratory DCs,Immune,Myeloid,1,7907,0.8655
GSM9237964_unc30_24,GSM9237964,22,AIS,0.3,Monocyte-derived Mph,Immune,Myeloid,26,142439,0.8655
GSM9237964_unc30_25,GSM9237964,22,AIS,0.3,Multiciliated (non-nasal),Epithelial,Airway epithelium,50,524336,0.8655
GSM9237964_unc30_26,GSM9237964,22,AIS,0.3,Myofibroblasts,Stroma,Fibroblast lineage,19,32901,0.8655
GSM9237964_unc30_27,GSM9237964,22,AIS,0.3,NK cells,Immune,Lymphoid,74,140148,0.8655
GSM9237964_unc30_28,GSM9237964,22,AIS,0.3,Non-classical monocytes,Immune,Myeloid,25,70688,0.8655
GSM9237964_unc30_29,GSM9237964,22,AIS,0.3,Pericytes,Stroma,Fibroblast lineage,70,223278,0.8655
GSM9237964_unc30_30,GSM9237964,22,AIS,0.3,Plasma cells,Immune,Lymphoid,53,375624,0.8655
GSM9237964_unc30_31,GSM9237964,22,AIS,0.3,Plasmacytoid DCs,Immune,Myeloid,8,19427,0.8655
GSM9237964_unc30_32,GSM9237964,22,AIS,0.3,Smooth muscle,Stroma,Smooth muscle,45,91357,0.8655
GSM9237964_unc30_33,GSM9237964,22,AIS,0.3,Suprabasal,Epithelial,Airway epithelium,1,6720,0.8655
GSM9237964_unc30_34,GSM9237964,22,AIS,0.3,T cells proliferating,Immune,Lymphoid,1,6672,0.8655
GSM9237964_unc30_35,GSM9237964,22,AIS,0.3,pre-TB secretory,Epithelial,Airway epithelium,23,80465,0.8655
GSM9237965_unc20_0,GSM9237965,22,LUAD,0.2,AT0,Epithelial,Airway epithelium,5,16967,0.8655
GSM9237965_unc20_1,GSM9237965,22,LUAD,0.2,AT1,Epithelial,Alveolar epithelium,399,1230779,0.8655
GSM9237965_unc20_2,GSM9237965,22,LUAD,0.2,AT2,Epithelial,Alveolar epithelium,1112,5603891,0.8655
GSM9237965_unc20_3,GSM9237965,22,LUAD,0.2,AT2 proliferating,Epithelial,Alveolar epithelium,1,17437,0.8655
GSM9237965_unc20_4,GSM9237965,22,LUAD,0.2,Adventitial fibroblasts,Stroma,Fibroblast lineage,54,136855,0.8655
GSM9237965_unc20_5,GSM9237965,22,LUAD,0.2,Alveolar fibroblasts,Stroma,Fibroblast lineage,758,1749429,0.8655
GSM9237965_unc20_6,GSM9237965,22,LUAD,0.2,Alveolar macrophages,Immune,Myeloid,301,4023504,0.8655
GSM9237965_unc20_7,GSM9237965,22,LUAD,0.2,B cells,Immune,Lymphoid,19,25798,0.8655
GSM9237965_unc20_8,GSM9237965,22,LUAD,0.2,Basal resting,Epithelial,Airway epithelium,28,126515,0.8655
GSM9237965_unc20_9,GSM9237965,22,LUAD,0.2,CD4 T cells,Immune,Lymphoid,131,200147,0.8655
GSM9237965_unc20_10,GSM9237965,22,LUAD,0.2,CD8 T cells,Immune,Lymphoid,136,193378,0.8655
GSM9237965_unc20_11,GSM9237965,22,LUAD,0.2,Classical monocytes,Immune,Myeloid,17,35205,0.8655
GSM9237965_unc20_12,GSM9237965,22,LUAD,0.2,Club (non-nasal),Epithelial,Airway epithelium,4,9801,0.8655
GSM9237965_unc20_13,GSM9237965,22,LUAD,0.2,Deuterosomal,Epithelial,Airway epithelium,1,4503,0.8655
GSM9237965_unc20_14,GSM9237965,22,LUAD,0.2,EC aerocyte capillary,Endothelial,Blood vessels,169,295124,0.8655
GSM9237965_unc20_15,GSM9237965,22,LUAD,0.2,EC arterial,Endothelial,Blood vessels,82,181061,0.8655
GSM9237965_unc20_16,GSM9237965,22,LUAD,0.2,EC general capillary,Endothelial,Blood vessels,182,284770,0.8655
GSM9237965_unc20_17,GSM9237965,22,LUAD,0.2,EC venous pulmonary,Endothelial,Blood vessels,74,141871,0.8655
GSM9237965_unc20_18,GSM9237965,22,LUAD,0.2,EC venous systemic,Endothelial,Blood vessels,1,2329,0.8655
GSM9237965_unc20_19,GSM9237965,22,LUAD,0.2,Goblet (nasal),Epithelial,Airway epithelium,4,15130,0.8655
GSM9237965_unc20_20,GSM9237965,22,LUAD,0.2,Interstitial Mph perivascular,Immune,Myeloid,57,132510,0.8655
GSM9237965_unc20_21,GSM9237965,22,LUAD,0.2,Lymphatic EC differentiating,Endothelial,Lymphatic EC,41,62356,0.8655
GSM9237965_unc20_22,GSM9237965,22,LUAD,0.2,Mast cells,Immune,Myeloid,121,184086,0.8655
GSM9237965_unc20_23,GSM9237965,22,LUAD,0.2,Migratory DCs,Immune,Myeloid,1,8938,0.8655
GSM9237965_unc20_24,GSM9237965,22,LUAD,0.2,Monocyte-derived Mph,Immune,Myeloid,24,164747,0.8655
GSM9237965_unc20_25,GSM9237965,22,LUAD,0.2,Multiciliated (non-nasal),Epithelial,Airway epithelium,79,524606,0.8655
GSM9237965_unc20_26,GSM9237965,22,LUAD,0.2,Myofibroblasts,Stroma,Fibroblast lineage,9,17316,0.8655
GSM9237965_unc20_27,GSM9237965,22,LUAD,0.2,NK cells,Immune,Lymphoid,49,81126,0.8655
GSM9237965_unc20_28,GSM9237965,22,LUAD,0.2,Non-classical monocytes,Immune,Myeloid,28,85522,0.8655
GSM9237965_unc20_29,GSM9237965,22,LUAD,0.2,Peribronchial fibroblasts,Stroma,Fibroblast lineage,1,1386,0.8655
GSM9237965_unc20_30,GSM9237965,22,LUAD,0.2,Pericytes,Stroma,Fibroblast lineage,56,130982,0.8655
GSM9237965_unc20_31,GSM9237965,22,LUAD,0.2,Plasma cells,Immune,Lymphoid,111,587059,0.8655
GSM9237965_unc20_32,GSM9237965,22,LUAD,0.2,Plasmacytoid DCs,Immune,Myeloid,14,42439,0.8655
GSM9237965_unc20_33,GSM9237965,22,LUAD,0.2,SM activated stress response,Stroma,Smooth muscle,1,1187,0.8655
GSM9237965_unc20_34,GSM9237965,22,LUAD,0.2,SMG mucous,Epithelial,Submucosal Gland,2,6187,0.8655
GSM9237965_unc20_35,GSM9237965,22,LUAD,0.2,SMG serous (bronchial),Epithelial,Submucosal Gland,8,86370,0.8655
GSM9237965_unc20_36,GSM9237965,22,LUAD,0.2,Smooth muscle,Stroma,Smooth muscle,62,133660,0.8655
GSM9237965_unc20_37,GSM9237965,22,LUAD,0.2,Suprabasal,Epithelial,Airway epithelium,2,8912,0.8655
GSM9237965_unc20_38,GSM9237965,22,LUAD,0.2,pre-TB secretory,Epithelial,Airway epithelium,13,51957,0.8655
GSM9237965_unc30_0,GSM9237965,22,LUAD,0.3,AT0,Epithelial,Airway epithelium,10,36669,0.8655
GSM9237965_unc30_1,GSM9237965,22,LUAD,0.3,AT1,Epithelial,Alveolar epithelium,414,1273474,0.8655
GSM9237965_unc30_2,GSM9237965,22,LUAD,0.3,AT2,Epithelial,Alveolar epithelium,1193,6277231,0.8655
GSM9237965_unc30_3,GSM9237965,22,LUAD,0.3,AT2 proliferating,Epithelial,Alveolar epithelium,1,17437,0.8655
GSM9237965_unc30_4,GSM9237965,22,LUAD,0.3,Adventitial fibroblasts,Stroma,Fibroblast lineage,70,168132,0.8655
GSM9237965_unc30_5,GSM9237965,22,LUAD,0.3,Alveolar fibroblasts,Stroma,Fibroblast lineage,824,1996374,0.8655
GSM9237965_unc30_6,GSM9237965,22,LUAD,0.3,Alveolar macrophages,Immune,Myeloid,362,4785011,0.8655
GSM9237965_unc30_7,GSM9237965,22,LUAD,0.3,B cells,Immune,Lymphoid,21,28630,0.8655
GSM9237965_unc30_8,GSM9237965,22,LUAD,0.3,Basal resting,Epithelial,Airway epithelium,34,153723,0.8655
GSM9237965_unc30_9,GSM9237965,22,LUAD,0.3,CD4 T cells,Immune,Lymphoid,185,283518,0.8655
GSM9237965_unc30_10,GSM9237965,22,LUAD,0.3,CD8 T cells,Immune,Lymphoid,198,286528,0.8655
GSM9237965_unc30_11,GSM9237965,22,LUAD,0.3,Classical monocytes,Immune,Myeloid,21,42454,0.8655
GSM9237965_unc30_12,GSM9237965,22,LUAD,0.3,Club (non-nasal),Epithelial,Airway epithelium,8,45031,0.8655
GSM9237965_unc30_13,GSM9237965,22,LUAD,0.3,DC2,Immune,Myeloid,1,3042,0.8655
GSM9237965_unc30_14,GSM9237965,22,LUAD,0.3,Deuterosomal,Epithelial,Airway epithelium,1,4503,0.8655
GSM9237965_unc30_15,GSM9237965,22,LUAD,0.3,EC aerocyte capillary,Endothelial,Blood vessels,175,310116,0.8655
GSM9237965_unc30_16,GSM9237965,22,LUAD,0.3,EC arterial,Endothelial,Blood vessels,94,204146,0.8655
GSM9237965_unc30_17,GSM9237965,22,LUAD,0.3,EC general capillary,Endothelial,Blood vessels,203,316935,0.8655
GSM9237965_unc30_18,GSM9237965,22,LUAD,0.3,EC venous pulmonary,Endothelial,Blood vessels,80,155015,0.8655
GSM9237965_unc30_19,GSM9237965,22,LUAD,0.3,EC venous systemic,Endothelial,Blood vessels,2,3403,0.8655
GSM9237965_unc30_20,GSM9237965,22,LUAD,0.3,Goblet (nasal),Epithelial,Airway epithelium,6,37991,0.8655
GSM9237965_unc30_21,GSM9237965,22,LUAD,0.3,Interstitial Mph perivascular,Immune,Myeloid,73,165006,0.8655
GSM9237965_unc30_22,GSM9237965,22,LUAD,0.3,Lymphatic EC differentiating,Endothelial,Lymphatic EC,41,62356,0.8655
GSM9237965_unc30_23,GSM9237965,22,LUAD,0.3,Mast cells,Immune,Myeloid,123,189460,0.8655
GSM9237965_unc30_24,GSM9237965,22,LUAD,0.3,Migratory DCs,Immune,Myeloid,1,8938,0.8655
GSM9237965_unc30_25,GSM9237965,22,LUAD,0.3,Monocyte-derived Mph,Immune,Myeloid,42,237466,0.8655
GSM9237965_unc30_26,GSM9237965,22,LUAD,0.3,Multiciliated (non-nasal),Epithelial,Airway epithelium,88,635488,0.8655
GSM9237965_unc30_27,GSM9237965,22,LUAD,0.3,Myofibroblasts,Stroma,Fibroblast lineage,17,31264,0.8655
GSM9237965_unc30_28,GSM9237965,22,LUAD,0.3,NK cells,Immune,Lymphoid,73,118812,0.8655
GSM9237965_unc30_29,GSM9237965,22,LUAD,0.3,Non-classical monocytes,Immune,Myeloid,28,85522,0.8655
GSM9237965_unc30_30,GSM9237965,22,LUAD,0.3,Peribronchial fibroblasts,Stroma,Fibroblast lineage,3,6378,0.8655
GSM9237965_unc30_31,GSM9237965,22,LUAD,0.3,Pericytes,Stroma,Fibroblast lineage,64,208825,0.8655
GSM9237965_unc30_32,GSM9237965,22,LUAD,0.3,Plasma cells,Immune,Lymphoid,115,594557,0.8655
GSM9237965_unc30_33,GSM9237965,22,LUAD,0.3,Plasmacytoid DCs,Immune,Myeloid,14,42439,0.8655
GSM9237965_unc30_34,GSM9237965,22,LUAD,0.3,SM activated stress response,Stroma,Smooth muscle,2,2514,0.8655
GSM9237965_unc30_35,GSM9237965,22,LUAD,0.3,SMG mucous,Epithelial,Submucosal Gland,3,9982,0.8655
GSM9237965_unc30_36,GSM9237965,22,LUAD,0.3,SMG serous (bronchial),Epithelial,Submucosal Gland,8,86370,0.8655
GSM9237965_unc30_37,GSM9237965,22,LUAD,0.3,Smooth muscle,Stroma,Smooth muscle,88,172226,0.8655
GSM9237965_unc30_38,GSM9237965,22,LUAD,0.3,Suprabasal,Epithelial,Airway epithelium,3,21689,0.8655
GSM9237965_unc30_39,GSM9237965,22,LUAD,0.3,pre-TB secretory,Epithelial,Airway epithelium,21,74365,0.8655
GSM9237966_unc20_0,GSM9237966,23,normal,0.2,AT0,Epithelial,Airway epithelium,1,1385,0.8655
GSM9237966_unc20_1,GSM9237966,23,normal,0.2,AT1,Epithelial,Alveolar epithelium,501,1564165,0.8655
GSM9237966_unc20_2,GSM9237966,23,normal,0.2,AT2,Epithelial,Alveolar epithelium,1005,3861175,0.8655
GSM9237966_unc20_3,GSM9237966,23,normal,0.2,Adventitial fibroblasts,Stroma,Fibroblast lineage,32,92028,0.8655
GSM9237966_unc20_4,GSM9237966,23,normal,0.2,Alveolar fibroblasts,Stroma,Fibroblast lineage,799,2362213,0.8655
GSM9237966_unc20_5,GSM9237966,23,normal,0.2,Alveolar macrophages,Immune,Myeloid,22,194997,0.8655
GSM9237966_unc20_6,GSM9237966,23,normal,0.2,B cells,Immune,Lymphoid,12,17991,0.8655
GSM9237966_unc20_7,GSM9237966,23,normal,0.2,Basal resting,Epithelial,Airway epithelium,30,68390,0.8655
GSM9237966_unc20_8,GSM9237966,23,normal,0.2,CD4 T cells,Immune,Lymphoid,110,189289,0.8655
GSM9237966_unc20_9,GSM9237966,23,normal,0.2,CD8 T cells,Immune,Lymphoid,223,332459,0.8655
GSM9237966_unc20_10,GSM9237966,23,normal,0.2,Classical monocytes,Immune,Myeloid,16,58251,0.8655
GSM9237966_unc20_11,GSM9237966,23,normal,0.2,EC aerocyte capillary,Endothelial,Blood vessels,80,158261,0.8655
GSM9237966_unc20_12,GSM9237966,23,normal,0.2,EC arterial,Endothelial,Blood vessels,64,129000,0.8655
GSM9237966_unc20_13,GSM9237966,23,normal,0.2,EC general capillary,Endothelial,Blood vessels,242,365457,0.8655
GSM9237966_unc20_14,GSM9237966,23,normal,0.2,EC venous pulmonary,Endothelial,Blood vessels,98,177648,0.8655
GSM9237966_unc20_15,GSM9237966,23,normal,0.2,Goblet (nasal),Epithelial,Airway epithelium,5,16780,0.8655
GSM9237966_unc20_16,GSM9237966,23,normal,0.2,Lymphatic EC differentiating,Endothelial,Lymphatic EC,32,62927,0.8655
GSM9237966_unc20_17,GSM9237966,23,normal,0.2,Mast cells,Immune,Myeloid,57,91283,0.8655
GSM9237966_unc20_18,GSM9237966,23,normal,0.2,Migratory DCs,Immune,Myeloid,1,4503,0.8655
GSM9237966_unc20_19,GSM9237966,23,normal,0.2,Monocyte-derived Mph,Immune,Myeloid,27,72727,0.8655
GSM9237966_unc20_20,GSM9237966,23,normal,0.2,Multiciliated (non-nasal),Epithelial,Airway epithelium,287,2529197,0.8655
GSM9237966_unc20_21,GSM9237966,23,normal,0.2,NK cells,Immune,Lymphoid,19,33244,0.8655
GSM9237966_unc20_22,GSM9237966,23,normal,0.2,Non-classical monocytes,Immune,Myeloid,19,49299,0.8655
GSM9237966_unc20_23,GSM9237966,23,normal,0.2,Pericytes,Stroma,Fibroblast lineage,43,96564,0.8655
GSM9237966_unc20_24,GSM9237966,23,normal,0.2,Plasma cells,Immune,Lymphoid,28,101866,0.8655
GSM9237966_unc20_25,GSM9237966,23,normal,0.2,Plasmacytoid DCs,Immune,Myeloid,1,4685,0.8655
GSM9237966_unc20_26,GSM9237966,23,normal,0.2,SM activated stress response,Stroma,Smooth muscle,4,9472,0.8655
GSM9237966_unc20_27,GSM9237966,23,normal,0.2,Smooth muscle,Stroma,Smooth muscle,39,89778,0.8655
GSM9237966_unc20_28,GSM9237966,23,normal,0.2,pre-TB secretory,Epithelial,Airway epithelium,16,49596,0.8655
GSM9237966_unc30_0,GSM9237966,23,normal,0.3,AT0,Epithelial,Airway epithelium,5,9609,0.8655
GSM9237966_unc30_1,GSM9237966,23,normal,0.3,AT1,Epithelial,Alveolar epithelium,516,1640334,0.8655
GSM9237966_unc30_2,GSM9237966,23,normal,0.3,AT2,Epithelial,Alveolar epithelium,1037,4052527,0.8655
GSM9237966_unc30_3,GSM9237966,23,normal,0.3,Adventitial fibroblasts,Stroma,Fibroblast lineage,45,141240,0.8655
GSM9237966_unc30_4,GSM9237966,23,normal,0.3,Alveolar fibroblasts,Stroma,Fibroblast lineage,855,2645466,0.8655
GSM9237966_unc30_5,GSM9237966,23,normal,0.3,Alveolar macrophages,Immune,Myeloid,51,449912,0.8655
GSM9237966_unc30_6,GSM9237966,23,normal,0.3,B cells,Immune,Lymphoid,12,17991,0.8655
GSM9237966_unc30_7,GSM9237966,23,normal,0.3,Basal resting,Epithelial,Airway epithelium,34,76689,0.8655
GSM9237966_unc30_8,GSM9237966,23,normal,0.3,CD4 T cells,Immune,Lymphoid,169,284358,0.8655
GSM9237966_unc30_9,GSM9237966,23,normal,0.3,CD8 T cells,Immune,Lymphoid,344,517526,0.8655
GSM9237966_unc30_10,GSM9237966,23,normal,0.3,Classical monocytes,Immune,Myeloid,20,67325,0.8655
GSM9237966_unc30_11,GSM9237966,23,normal,0.3,EC aerocyte capillary,Endothelial,Blood vessels,92,193028,0.8655
GSM9237966_unc30_12,GSM9237966,23,normal,0.3,EC arterial,Endothelial,Blood vessels,76,148387,0.8655
GSM9237966_unc30_13,GSM9237966,23,normal,0.3,EC general capillary,Endothelial,Blood vessels,276,428402,0.8655
GSM9237966_unc30_14,GSM9237966,23,normal,0.3,EC venous pulmonary,Endothelial,Blood vessels,115,206170,0.8655
GSM9237966_unc30_15,GSM9237966,23,normal,0.3,Goblet (nasal),Epithelial,Airway epithelium,8,39679,0.8655
GSM9237966_unc30_16,GSM9237966,23,normal,0.3,Interstitial Mph perivascular,Immune,Myeloid,6,14343,0.8655
GSM9237966_unc30_17,GSM9237966,23,normal,0.3,Lymphatic EC differentiating,Endothelial,Lymphatic EC,32,62927,0.8655
GSM9237966_unc30_18,GSM9237966,23,normal,0.3,Mast cells,Immune,Myeloid,58,95963,0.8655
GSM9237966_unc30_19,GSM9237966,23,normal,0.3,Migratory DCs,Immune,Myeloid,1,4503,0.8655
GSM9237966_unc30_20,GSM9237966,23,normal,0.3,Monocyte-derived Mph,Immune,Myeloid,62,231028,0.8655
GSM9237966_unc30_21,GSM9237966,23,normal,0.3,Multiciliated (non-nasal),Epithelial,Airway epithelium,308,2632865,0.8655
GSM9237966_unc30_22,GSM9237966,23,normal,0.3,NK cells,Immune,Lymphoid,45,78712,0.8655
GSM9237966_unc30_23,GSM9237966,23,normal,0.3,Non-classical monocytes,Immune,Myeloid,28,70824,0.8655
GSM9237966_unc30_24,GSM9237966,23,normal,0.3,Pericytes,Stroma,Fibroblast lineage,53,156243,0.8655
GSM9237966_unc30_25,GSM9237966,23,normal,0.3,Plasma cells,Immune,Lymphoid,29,104803,0.8655
GSM9237966_unc30_26,GSM9237966,23,normal,0.3,Plasmacytoid DCs,Immune,Myeloid,1,4685,0.8655
GSM9237966_unc30_27,GSM9237966,23,normal,0.3,SM activated stress response,Stroma,Smooth muscle,6,14208,0.8655
GSM9237966_unc30_28,GSM9237966,23,normal,0.3,Smooth muscle,Stroma,Smooth muscle,48,108950,0.8655
GSM9237966_unc30_29,GSM9237966,23,normal,0.3,T cells proliferating,Immune,Lymphoid,1,7439,0.8655
GSM9237966_unc30_30,GSM9237966,23,normal,0.3,pre-TB secretory,Epithelial,Airway epithelium,31,87468,0.8655
GSM9237967_unc20_0,GSM9237967,23,AIS,0.2,AT0,Epithelial,Airway epithelium,2,3740,0.8655
GSM9237967_unc20_1,GSM9237967,23,AIS,0.2,AT1,Epithelial,Alveolar epithelium,1759,5823337,0.8655
GSM9237967_unc20_2,GSM9237967,23,AIS,0.2,AT2,Epithelial,Alveolar epithelium,3089,13411066,0.8655
GSM9237967_unc20_3,GSM9237967,23,AIS,0.2,AT2 proliferating,Epithelial,Alveolar epithelium,1,3818,0.8655
GSM9237967_unc20_4,GSM9237967,23,AIS,0.2,Adventitial fibroblasts,Stroma,Fibroblast lineage,43,143271,0.8655
GSM9237967_unc20_5,GSM9237967,23,AIS,0.2,Alveolar fibroblasts,Stroma,Fibroblast lineage,2904,7864132,0.8655
GSM9237967_unc20_6,GSM9237967,23,AIS,0.2,Alveolar macrophages,Immune,Myeloid,80,892595,0.8655
GSM9237967_unc20_7,GSM9237967,23,AIS,0.2,B cells,Immune,Lymphoid,33,46041,0.8655
GSM9237967_unc20_8,GSM9237967,23,AIS,0.2,Basal resting,Epithelial,Airway epithelium,84,196058,0.8655
GSM9237967_unc20_9,GSM9237967,23,AIS,0.2,CD4 T cells,Immune,Lymphoid,420,681962,0.8655
GSM9237967_unc20_10,GSM9237967,23,AIS,0.2,CD8 T cells,Immune,Lymphoid,533,786032,0.8655
GSM9237967_unc20_11,GSM9237967,23,AIS,0.2,Classical monocytes,Immune,Myeloid,13,38769,0.8655
GSM9237967_unc20_12,GSM9237967,23,AIS,0.2,EC aerocyte capillary,Endothelial,Blood vessels,269,472803,0.8655
GSM9237967_unc20_13,GSM9237967,23,AIS,0.2,EC arterial,Endothelial,Blood vessels,270,549797,0.8655
GSM9237967_unc20_14,GSM9237967,23,AIS,0.2,EC general capillary,Endothelial,Blood vessels,361,525183,0.8655
GSM9237967_unc20_15,GSM9237967,23,AIS,0.2,EC venous pulmonary,Endothelial,Blood vessels,363,669102,0.8655
GSM9237967_unc20_16,GSM9237967,23,AIS,0.2,EC venous systemic,Endothelial,Blood vessels,2,4772,0.8655
GSM9237967_unc20_17,GSM9237967,23,AIS,0.2,Goblet (nasal),Epithelial,Airway epithelium,10,52670,0.8655
GSM9237967_unc20_18,GSM9237967,23,AIS,0.2,Interstitial Mph perivascular,Immune,Myeloid,14,31105,0.8655
GSM9237967_unc20_19,GSM9237967,23,AIS,0.2,Lymphatic EC differentiating,Endothelial,Lymphatic EC,93,209452,0.8655
GSM9237967_unc20_20,GSM9237967,23,AIS,0.2,Mast cells,Immune,Myeloid,279,430922,0.8655
GSM9237967_unc20_21,GSM9237967,23,AIS,0.2,Migratory DCs,Immune,Myeloid,3,11502,0.8655
GSM9237967_unc20_22,GSM9237967,23,AIS,0.2,Monocyte-derived Mph,Immune,Myeloid,111,442787,0.8655
GSM9237967_unc20_23,GSM9237967,23,AIS,0.2,Multiciliated (non-nasal),Epithelial,Airway epithelium,405,2215466,0.8655
GSM9237967_unc20_24,GSM9237967,23,AIS,0.2,Myofibroblasts,Stroma,Fibroblast lineage,3,3760,0.8655
GSM9237967_unc20_25,GSM9237967,23,AIS,0.2,NK cells,Immune,Lymphoid,62,107040,0.8655
GSM9237967_unc20_26,GSM9237967,23,AIS,0.2,Non-classical monocytes,Immune,Myeloid,59,175536,0.8655
GSM9237967_unc20_27,GSM9237967,23,AIS,0.2,Pericytes,Stroma,Fibroblast lineage,253,958292,0.8655
GSM9237967_unc20_28,GSM9237967,23,AIS,0.2,Plasma cells,Immune,Lymphoid,50,221105,0.8655
GSM9237967_unc20_29,GSM9237967,23,AIS,0.2,Plasmacytoid DCs,Immune,Myeloid,5,14044,0.8655
GSM9237967_unc20_30,GSM9237967,23,AIS,0.2,SM activated stress response,Stroma,Smooth muscle,1,1818,0.8655
GSM9237967_unc20_31,GSM9237967,23,AIS,0.2,Smooth muscle,Stroma,Smooth muscle,147,408545,0.8655
GSM9237967_unc20_32,GSM9237967,23,AIS,0.2,Suprabasal,Epithelial,Airway epithelium,1,4873,0.8655
GSM9237967_unc20_33,GSM9237967,23,AIS,0.2,T cells proliferating,Immune,Lymphoid,1,1154,0.8655
GSM9237967_unc20_34,GSM9237967,23,AIS,0.2,pre-TB secretory,Epithelial,Airway epithelium,16,51648,0.8655
GSM9237967_unc30_0,GSM9237967,23,AIS,0.3,AT0,Epithelial,Airway epithelium,2,3740,0.8655
GSM9237967_unc30_1,GSM9237967,23,AIS,0.3,AT1,Epithelial,Alveolar epithelium,1832,6211291,0.8655
GSM9237967_unc30_2,GSM9237967,23,AIS,0.3,AT2,Epithelial,Alveolar epithelium,3227,14138711,0.8655
GSM9237967_unc30_3,GSM9237967,23,AIS,0.3,AT2 proliferating,Epithelial,Alveolar epithelium,1,3818,0.8655
GSM9237967_unc30_4,GSM9237967,23,AIS,0.3,Adventitial fibroblasts,Stroma,Fibroblast lineage,57,183992,0.8655
GSM9237967_unc30_5,GSM9237967,23,AIS,0.3,Alveolar fibroblasts,Stroma,Fibroblast lineage,3138,8870294,0.8655
GSM9237967_unc30_6,GSM9237967,23,AIS,0.3,Alveolar macrophages,Immune,Myeloid,142,1387173,0.8655
GSM9237967_unc30_7,GSM9237967,23,AIS,0.3,B cells,Immune,Lymphoid,35,48477,0.8655
GSM9237967_unc30_8,GSM9237967,23,AIS,0.3,Basal resting,Epithelial,Airway epithelium,102,237721,0.8655
GSM9237967_unc30_9,GSM9237967,23,AIS,0.3,CD4 T cells,Immune,Lymphoid,621,1010795,0.8655
GSM9237967_unc30_10,GSM9237967,23,AIS,0.3,CD8 T cells,Immune,Lymphoid,770,1145904,0.8655
GSM9237967_unc30_11,GSM9237967,23,AIS,0.3,Classical monocytes,Immune,Myeloid,27,86976,0.8655
GSM9237967_unc30_12,GSM9237967,23,AIS,0.3,Club (non-nasal),Epithelial,Airway epithelium,1,3964,0.8655
GSM9237967_unc30_13,GSM9237967,23,AIS,0.3,EC aerocyte capillary,Endothelial,Blood vessels,297,537405,0.8655
GSM9237967_unc30_14,GSM9237967,23,AIS,0.3,EC arterial,Endothelial,Blood vessels,312,613577,0.8655
GSM9237967_unc30_15,GSM9237967,23,AIS,0.3,EC general capillary,Endothelial,Blood vessels,499,750924,0.8655
GSM9237967_unc30_16,GSM9237967,23,AIS,0.3,EC venous pulmonary,Endothelial,Blood vessels,434,794994,0.8655
GSM9237967_unc30_17,GSM9237967,23,AIS,0.3,EC venous systemic,Endothelial,Blood vessels,15,24207,0.8655
GSM9237967_unc30_18,GSM9237967,23,AIS,0.3,Goblet (nasal),Epithelial,Airway epithelium,13,61930,0.8655
GSM9237967_unc30_19,GSM9237967,23,AIS,0.3,Interstitial Mph perivascular,Immune,Myeloid,41,86777,0.8655
GSM9237967_unc30_20,GSM9237967,23,AIS,0.3,Lymphatic EC differentiating,Endothelial,Lymphatic EC,97,215247,0.8655
GSM9237967_unc30_21,GSM9237967,23,AIS,0.3,Mast cells,Immune,Myeloid,284,439623,0.8655
GSM9237967_unc30_22,GSM9237967,23,AIS,0.3,Migratory DCs,Immune,Myeloid,3,11502,0.8655
GSM9237967_unc30_23,GSM9237967,23,AIS,0.3,Monocyte-derived Mph,Immune,Myeloid,260,1068742,0.8655
GSM9237967_unc30_24,GSM9237967,23,AIS,0.3,Multiciliated (non-nasal),Epithelial,Airway epithelium,419,2269572,0.8655
GSM9237967_unc30_25,GSM9237967,23,AIS,0.3,Myofibroblasts,Stroma,Fibroblast lineage,8,10491,0.8655
GSM9237967_unc30_26,GSM9237967,23,AIS,0.3,NK cells,Immune,Lymphoid,115,195943,0.8655
GSM9237967_unc30_27,GSM9237967,23,AIS,0.3,Non-classical monocytes,Immune,Myeloid,74,213080,0.8655
GSM9237967_unc30_28,GSM9237967,23,AIS,0.3,Peribronchial fibroblasts,Stroma,Fibroblast lineage,2,2808,0.8655
GSM9237967_unc30_29,GSM9237967,23,AIS,0.3,Pericytes,Stroma,Fibroblast lineage,284,1150770,0.8655
GSM9237967_unc30_30,GSM9237967,23,AIS,0.3,Plasma cells,Immune,Lymphoid,58,245863,0.8655
GSM9237967_unc30_31,GSM9237967,23,AIS,0.3,Plasmacytoid DCs,Immune,Myeloid,5,14044,0.8655
GSM9237967_unc30_32,GSM9237967,23,AIS,0.3,SM activated stress response,Stroma,Smooth muscle,5,8654,0.8655
GSM9237967_unc30_33,GSM9237967,23,AIS,0.3,Smooth muscle,Stroma,Smooth muscle,196,539510,0.8655
GSM9237967_unc30_34,GSM9237967,23,AIS,0.3,Suprabasal,Epithelial,Airway epithelium,3,8856,0.8655
GSM9237967_unc30_35,GSM9237967,23,AIS,0.3,T cells proliferating,Immune,Lymphoid,1,1154,0.8655
GSM9237967_unc30_36,GSM9237967,23,AIS,0.3,pre-TB secretory,Epithelial,Airway epithelium,37,127776,0.8655
GSM9237968_unc20_0,GSM9237968,23,AIS,0.2,AT0,Epithelial,Airway epithelium,9,31425,0.8655
GSM9237968_unc20_1,GSM9237968,23,AIS,0.2,AT1,Epithelial,Alveolar epithelium,1896,6295290,0.8655
GSM9237968_unc20_2,GSM9237968,23,AIS,0.2,AT2,Epithelial,Alveolar epithelium,3469,14376347,0.8655
GSM9237968_unc20_3,GSM9237968,23,AIS,0.2,AT2 proliferating,Epithelial,Alveolar epithelium,2,19012,0.8655
GSM9237968_unc20_4,GSM9237968,23,AIS,0.2,Adventitial fibroblasts,Stroma,Fibroblast lineage,313,1235565,0.8655
GSM9237968_unc20_5,GSM9237968,23,AIS,0.2,Alveolar fibroblasts,Stroma,Fibroblast lineage,2980,8335865,0.8655
GSM9237968_unc20_6,GSM9237968,23,AIS,0.2,Alveolar macrophages,Immune,Myeloid,137,1189805,0.8655
GSM9237968_unc20_7,GSM9237968,23,AIS,0.2,B cells,Immune,Lymphoid,61,87887,0.8655
GSM9237968_unc20_8,GSM9237968,23,AIS,0.2,Basal resting,Epithelial,Airway epithelium,163,422267,0.8655
GSM9237968_unc20_9,GSM9237968,23,AIS,0.2,CD4 T cells,Immune,Lymphoid,730,1166963,0.8655
GSM9237968_unc20_10,GSM9237968,23,AIS,0.2,CD8 T cells,Immune,Lymphoid,764,1146254,0.8655
GSM9237968_unc20_11,GSM9237968,23,AIS,0.2,Classical monocytes,Immune,Myeloid,56,176509,0.8655
GSM9237968_unc20_12,GSM9237968,23,AIS,0.2,Club (non-nasal),Epithelial,Airway epithelium,5,10906,0.8655
GSM9237968_unc20_13,GSM9237968,23,AIS,0.2,Deuterosomal,Epithelial,Airway epithelium,1,1771,0.8655
GSM9237968_unc20_14,GSM9237968,23,AIS,0.2,EC aerocyte capillary,Endothelial,Blood vessels,203,354980,0.8655
GSM9237968_unc20_15,GSM9237968,23,AIS,0.2,EC arterial,Endothelial,Blood vessels,212,402344,0.8655
GSM9237968_unc20_16,GSM9237968,23,AIS,0.2,EC general capillary,Endothelial,Blood vessels,381,537660,0.8655
GSM9237968_unc20_17,GSM9237968,23,AIS,0.2,EC venous pulmonary,Endothelial,Blood vessels,369,724368,0.8655
GSM9237968_unc20_18,GSM9237968,23,AIS,0.2,EC venous systemic,Endothelial,Blood vessels,5,8719,0.8655
GSM9237968_unc20_19,GSM9237968,23,AIS,0.2,Goblet (nasal),Epithelial,Airway epithelium,23,63574,0.8655
GSM9237968_unc20_20,GSM9237968,23,AIS,0.2,Interstitial Mph perivascular,Immune,Myeloid,51,134832,0.8655
GSM9237968_unc20_21,GSM9237968,23,AIS,0.2,Ionocyte,Epithelial,Airway epithelium,2,6611,0.8655
GSM9237968_unc20_22,GSM9237968,23,AIS,0.2,Lymphatic EC differentiating,Endothelial,Lymphatic EC,150,305554,0.8655
GSM9237968_unc20_23,GSM9237968,23,AIS,0.2,Lymphatic EC mature,Endothelial,Lymphatic EC,1,3332,0.8655
GSM9237968_unc20_24,GSM9237968,23,AIS,0.2,Mast cells,Immune,Myeloid,311,480543,0.8655
GSM9237968_unc20_25,GSM9237968,23,AIS,0.2,Migratory DCs,Immune,Myeloid,6,24304,0.8655
GSM9237968_unc20_26,GSM9237968,23,AIS,0.2,Monocyte-derived Mph,Immune,Myeloid,242,915485,0.8655
GSM9237968_unc20_27,GSM9237968,23,AIS,0.2,Multiciliated (non-nasal),Epithelial,Airway epithelium,822,4803495,0.8655
GSM9237968_unc20_28,GSM9237968,23,AIS,0.2,Myofibroblasts,Stroma,Fibroblast lineage,9,12977,0.8655
GSM9237968_unc20_29,GSM9237968,23,AIS,0.2,NK cells,Immune,Lymphoid,81,126790,0.8655
GSM9237968_unc20_30,GSM9237968,23,AIS,0.2,Neuroendocrine,Epithelial,Airway epithelium,2,10816,0.8655
GSM9237968_unc20_31,GSM9237968,23,AIS,0.2,Non-classical monocytes,Immune,Myeloid,62,189686,0.8655
GSM9237968_unc20_32,GSM9237968,23,AIS,0.2,Peribronchial fibroblasts,Stroma,Fibroblast lineage,18,40688,0.8655
GSM9237968_unc20_33,GSM9237968,23,AIS,0.2,Pericytes,Stroma,Fibroblast lineage,202,591936,0.8655
GSM9237968_unc20_34,GSM9237968,23,AIS,0.2,Plasma cells,Immune,Lymphoid,255,1301526,0.8655
GSM9237968_unc20_35,GSM9237968,23,AIS,0.2,Plasmacytoid DCs,Immune,Myeloid,4,11714,0.8655
GSM9237968_unc20_36,GSM9237968,23,AIS,0.2,SM activated stress response,Stroma,Smooth muscle,6,12901,0.8655
GSM9237968_unc20_37,GSM9237968,23,AIS,0.2,SMG duct,Epithelial,Submucosal Gland,2,9192,0.8655
GSM9237968_unc20_38,GSM9237968,23,AIS,0.2,SMG mucous,Epithelial,Submucosal Gland,28,92359,0.8655
GSM9237968_unc20_39,GSM9237968,23,AIS,0.2,SMG serous (bronchial),Epithelial,Submucosal Gland,479,3985765,0.8655
GSM9237968_unc20_40,GSM9237968,23,AIS,0.2,SMG serous (nasal),Epithelial,Submucosal Gland,4,18486,0.8655
GSM9237968_unc20_41,GSM9237968,23,AIS,0.2,Smooth muscle,Stroma,Smooth muscle,199,421004,0.8655
GSM9237968_unc20_42,GSM9237968,23,AIS,0.2,Smooth muscle FAM83D+,Stroma,Smooth muscle,1,2594,0.8655
GSM9237968_unc20_43,GSM9237968,23,AIS,0.2,Suprabasal,Epithelial,Airway epithelium,6,28470,0.8655
GSM9237968_unc20_44,GSM9237968,23,AIS,0.2,T cells proliferating,Immune,Lymphoid,5,20704,0.8655
GSM9237968_unc20_45,GSM9237968,23,AIS,0.2,pre-TB secretory,Epithelial,Airway epithelium,53,166769,0.8655
GSM9237968_unc30_0,GSM9237968,23,AIS,0.3,AT0,Epithelial,Airway epithelium,16,64805,0.8655
GSM9237968_unc30_1,GSM9237968,23,AIS,0.3,AT1,Epithelial,Alveolar epithelium,1985,6757014,0.8655
GSM9237968_unc30_2,GSM9237968,23,AIS,0.3,AT2,Epithelial,Alveolar epithelium,3677,15437400,0.8655
GSM9237968_unc30_3,GSM9237968,23,AIS,0.3,AT2 proliferating,Epithelial,Alveolar epithelium,2,19012,0.8655
GSM9237968_unc30_4,GSM9237968,23,AIS,0.3,Adventitial fibroblasts,Stroma,Fibroblast lineage,392,1450745,0.8655
GSM9237968_unc30_5,GSM9237968,23,AIS,0.3,Alveolar fibroblasts,Stroma,Fibroblast lineage,3316,9664865,0.8655
GSM9237968_unc30_6,GSM9237968,23,AIS,0.3,Alveolar macrophages,Immune,Myeloid,267,2290601,0.8655
GSM9237968_unc30_7,GSM9237968,23,AIS,0.3,B cells,Immune,Lymphoid,67,96144,0.8655
GSM9237968_unc30_8,GSM9237968,23,AIS,0.3,Basal resting,Epithelial,Airway epithelium,208,565194,0.8655
GSM9237968_unc30_9,GSM9237968,23,AIS,0.3,CD4 T cells,Immune,Lymphoid,1011,1606622,0.8655
GSM9237968_unc30_10,GSM9237968,23,AIS,0.3,CD8 T cells,Immune,Lymphoid,1135,1745447,0.8655
GSM9237968_unc30_11,GSM9237968,23,AIS,0.3,Classical monocytes,Immune,Myeloid,68,214224,0.8655
GSM9237968_unc30_12,GSM9237968,23,AIS,0.3,Club (non-nasal),Epithelial,Airway epithelium,7,17911,0.8655
GSM9237968_unc30_13,GSM9237968,23,AIS,0.3,DC2,Immune,Myeloid,1,6624,0.8655
GSM9237968_unc30_14,GSM9237968,23,AIS,0.3,Deuterosomal,Epithelial,Airway epithelium,1,1771,0.8655
GSM9237968_unc30_15,GSM9237968,23,AIS,0.3,EC aerocyte capillary,Endothelial,Blood vessels,237,436550,0.8655
GSM9237968_unc30_16,GSM9237968,23,AIS,0.3,EC arterial,Endothelial,Blood vessels,272,513242,0.8655
GSM9237968_unc30_17,GSM9237968,23,AIS,0.3,EC general capillary,Endothelial,Blood vessels,490,720570,0.8655
GSM9237968_unc30_18,GSM9237968,23,AIS,0.3,EC venous pulmonary,Endothelial,Blood vessels,434,841768,0.8655
GSM9237968_unc30_19,GSM9237968,23,AIS,0.3,EC venous systemic,Endothelial,Blood vessels,11,20659,0.8655
GSM9237968_unc30_20,GSM9237968,23,AIS,0.3,Goblet (nasal),Epithelial,Airway epithelium,47,170551,0.8655
GSM9237968_unc30_21,GSM9237968,23,AIS,0.3,Interstitial Mph perivascular,Immune,Myeloid,86,216211,0.8655
GSM9237968_unc30_22,GSM9237968,23,AIS,0.3,Ionocyte,Epithelial,Airway epithelium,2,6611,0.8655
GSM9237968_unc30_23,GSM9237968,23,AIS,0.3,Lymphatic EC differentiating,Endothelial,Lymphatic EC,157,317560,0.8655
GSM9237968_unc30_24,GSM9237968,23,AIS,0.3,Lymphatic EC mature,Endothelial,Lymphatic EC,1,3332,0.8655
GSM9237968_unc30_25,GSM9237968,23,AIS,0.3,Mast cells,Immune,Myeloid,319,504222,0.8655
GSM9237968_unc30_26,GSM9237968,23,AIS,0.3,Mesothelium,Stroma,Mesothelium,1,8768,0.8655
GSM9237968_unc30_27,GSM9237968,23,AIS,0.3,Migratory DCs,Immune,Myeloid,7,28263,0.8655
GSM9237968_unc30_28,GSM9237968,23,AIS,0.3,Monocyte-derived Mph,Immune,Myeloid,522,2065405,0.8655
GSM9237968_unc30_29,GSM9237968,23,AIS,0.3,Multiciliated (non-nasal),Epithelial,Airway epithelium,846,4954446,0.8655
GSM9237968_unc30_30,GSM9237968,23,AIS,0.3,Myofibroblasts,Stroma,Fibroblast lineage,13,18343,0.8655
GSM9237968_unc30_31,GSM9237968,23,AIS,0.3,NK cells,Immune,Lymphoid,135,212332,0.8655
GSM9237968_unc30_32,GSM9237968,23,AIS,0.3,Neuroendocrine,Epithelial,Airway epithelium,2,10816,0.8655
GSM9237968_unc30_33,GSM9237968,23,AIS,0.3,Non-classical monocytes,Immune,Myeloid,83,250916,0.8655
GSM9237968_unc30_34,GSM9237968,23,AIS,0.3,Peribronchial fibroblasts,Stroma,Fibroblast lineage,40,121391,0.8655
GSM9237968_unc30_35,GSM9237968,23,AIS,0.3,Pericytes,Stroma,Fibroblast lineage,241,736382,0.8655
GSM9237968_unc30_36,GSM9237968,23,AIS,0.3,Plasma cells,Immune,Lymphoid,263,1328767,0.8655
GSM9237968_unc30_37,GSM9237968,23,AIS,0.3,Plasmacytoid DCs,Immune,Myeloid,4,11714,0.8655
GSM9237968_unc30_38,GSM9237968,23,AIS,0.3,SM activated stress response,Stroma,Smooth muscle,12,27963,0.8655
GSM9237968_unc30_39,GSM9237968,23,AIS,0.3,SMG duct,Epithelial,Submucosal Gland,6,38537,0.8655
GSM9237968_unc30_40,GSM9237968,23,AIS,0.3,SMG mucous,Epithelial,Submucosal Gland,35,114845,0.8655
GSM9237968_unc30_41,GSM9237968,23,AIS,0.3,SMG serous (bronchial),Epithelial,Submucosal Gland,514,4273486,0.8655
GSM9237968_unc30_42,GSM9237968,23,AIS,0.3,SMG serous (nasal),Epithelial,Submucosal Gland,7,25860,0.8655
GSM9237968_unc30_43,GSM9237968,23,AIS,0.3,Smooth muscle,Stroma,Smooth muscle,290,646474,0.8655
GSM9237968_unc30_44,GSM9237968,23,AIS,0.3,Smooth muscle FAM83D+,Stroma,Smooth muscle,1,2594,0.8655
GSM9237968_unc30_45,GSM9237968,23,AIS,0.3,Suprabasal,Epithelial,Airway epithelium,17,106111,0.8655
GSM9237968_unc30_46,GSM9237968,23,AIS,0.3,T cells proliferating,Immune,Lymphoid,8,26277,0.8655
GSM9237968_unc30_47,GSM9237968,23,AIS,0.3,pre-TB secretory,Epithelial,Airway epithelium,102,313966,0.8655
GSM9237969_unc20_0,GSM9237969,23,LUAD,0.2,AT0,Epithelial,Airway epithelium,12,41406,0.8655
GSM9237969_unc20_1,GSM9237969,23,LUAD,0.2,AT1,Epithelial,Alveolar epithelium,1750,5830710,0.8655
GSM9237969_unc20_2,GSM9237969,23,LUAD,0.2,AT2,Epithelial,Alveolar epithelium,3221,12967849,0.8655
GSM9237969_unc20_3,GSM9237969,23,LUAD,0.2,AT2 proliferating,Epithelial,Alveolar epithelium,4,51329,0.8655
GSM9237969_unc20_4,GSM9237969,23,LUAD,0.2,Adventitial fibroblasts,Stroma,Fibroblast lineage,63,326045,0.8655
GSM9237969_unc20_5,GSM9237969,23,LUAD,0.2,Alveolar fibroblasts,Stroma,Fibroblast lineage,3630,9547624,0.8655
GSM9237969_unc20_6,GSM9237969,23,LUAD,0.2,Alveolar macrophages,Immune,Myeloid,99,1011159,0.8655
GSM9237969_unc20_7,GSM9237969,23,LUAD,0.2,B cells,Immune,Lymphoid,73,97066,0.8655
GSM9237969_unc20_8,GSM9237969,23,LUAD,0.2,Basal resting,Epithelial,Airway epithelium,21,36912,0.8655
GSM9237969_unc20_9,GSM9237969,23,LUAD,0.2,CD4 T cells,Immune,Lymphoid,582,918608,0.8655
GSM9237969_unc20_10,GSM9237969,23,LUAD,0.2,CD8 T cells,Immune,Lymphoid,684,1008286,0.8655
GSM9237969_unc20_11,GSM9237969,23,LUAD,0.2,Classical monocytes,Immune,Myeloid,27,85837,0.8655
GSM9237969_unc20_12,GSM9237969,23,LUAD,0.2,EC aerocyte capillary,Endothelial,Blood vessels,221,386482,0.8655
GSM9237969_unc20_13,GSM9237969,23,LUAD,0.2,EC arterial,Endothelial,Blood vessels,265,569225,0.8655
GSM9237969_unc20_14,GSM9237969,23,LUAD,0.2,EC general capillary,Endothelial,Blood vessels,371,535711,0.8655
GSM9237969_unc20_15,GSM9237969,23,LUAD,0.2,EC venous pulmonary,Endothelial,Blood vessels,320,590375,0.8655
GSM9237969_unc20_16,GSM9237969,23,LUAD,0.2,EC venous systemic,Endothelial,Blood vessels,18,38103,0.8655
GSM9237969_unc20_17,GSM9237969,23,LUAD,0.2,Goblet (nasal),Epithelial,Airway epithelium,130,982248,0.8655
GSM9237969_unc20_18,GSM9237969,23,LUAD,0.2,Interstitial Mph perivascular,Immune,Myeloid,29,62842,0.8655
GSM9237969_unc20_19,GSM9237969,23,LUAD,0.2,Ionocyte,Epithelial,Airway epithelium,1,5322,0.8655
GSM9237969_unc20_20,GSM9237969,23,LUAD,0.2,Lymphatic EC differentiating,Endothelial,Lymphatic EC,126,288873,0.8655
GSM9237969_unc20_21,GSM9237969,23,LUAD,0.2,Mast cells,Immune,Myeloid,327,498322,0.8655
GSM9237969_unc20_22,GSM9237969,23,LUAD,0.2,Migratory DCs,Immune,Myeloid,1,3998,0.8655
GSM9237969_unc20_23,GSM9237969,23,LUAD,0.2,Monocyte-derived Mph,Immune,Myeloid,142,527828,0.8655
GSM9237969_unc20_24,GSM9237969,23,LUAD,0.2,Multiciliated (non-nasal),Epithelial,Airway epithelium,143,669973,0.8655
GSM9237969_unc20_25,GSM9237969,23,LUAD,0.2,Myofibroblasts,Stroma,Fibroblast lineage,17,25759,0.8655
GSM9237969_unc20_26,GSM9237969,23,LUAD,0.2,NK cells,Immune,Lymphoid,68,113434,0.8655
GSM9237969_unc20_27,GSM9237969,23,LUAD,0.2,Non-classical monocytes,Immune,Myeloid,66,155060,0.8655
GSM9237969_unc20_28,GSM9237969,23,LUAD,0.2,Peribronchial fibroblasts,Stroma,Fibroblast lineage,26,108025,0.8655
GSM9237969_unc20_29,GSM9237969,23,LUAD,0.2,Pericytes,Stroma,Fibroblast lineage,434,1167727,0.8655
GSM9237969_unc20_30,GSM9237969,23,LUAD,0.2,Plasma cells,Immune,Lymphoid,77,376204,0.8655
GSM9237969_unc20_31,GSM9237969,23,LUAD,0.2,Plasmacytoid DCs,Immune,Myeloid,8,27186,0.8655
GSM9237969_unc20_32,GSM9237969,23,LUAD,0.2,SM activated stress response,Stroma,Smooth muscle,2,2737,0.8655
GSM9237969_unc20_33,GSM9237969,23,LUAD,0.2,Smooth muscle,Stroma,Smooth muscle,104,231395,0.8655
GSM9237969_unc20_34,GSM9237969,23,LUAD,0.2,T cells proliferating,Immune,Lymphoid,6,29239,0.8655
GSM9237969_unc20_35,GSM9237969,23,LUAD,0.2,pre-TB secretory,Epithelial,Airway epithelium,12,82247,0.8655
GSM9237969_unc30_0,GSM9237969,23,LUAD,0.3,AT0,Epithelial,Airway epithelium,35,139994,0.8655
GSM9237969_unc30_1,GSM9237969,23,LUAD,0.3,AT1,Epithelial,Alveolar epithelium,1899,6572931,0.8655
GSM9237969_unc30_2,GSM9237969,23,LUAD,0.3,AT2,Epithelial,Alveolar epithelium,3436,14043459,0.8655
GSM9237969_unc30_3,GSM9237969,23,LUAD,0.3,AT2 proliferating,Epithelial,Alveolar epithelium,7,86053,0.8655
GSM9237969_unc30_4,GSM9237969,23,LUAD,0.3,Adventitial fibroblasts,Stroma,Fibroblast lineage,96,577702,0.8655
GSM9237969_unc30_5,GSM9237969,23,LUAD,0.3,Alveolar fibroblasts,Stroma,Fibroblast lineage,4006,10944612,0.8655
GSM9237969_unc30_6,GSM9237969,23,LUAD,0.3,Alveolar macrophages,Immune,Myeloid,181,1581444,0.8655
GSM9237969_unc30_7,GSM9237969,23,LUAD,0.3,B cells,Immune,Lymphoid,78,106267,0.8655
GSM9237969_unc30_8,GSM9237969,23,LUAD,0.3,Basal resting,Epithelial,Airway epithelium,28,51177,0.8655
GSM9237969_unc30_9,GSM9237969,23,LUAD,0.3,CD4 T cells,Immune,Lymphoid,813,1288588,0.8655
GSM9237969_unc30_10,GSM9237969,23,LUAD,0.3,CD8 T cells,Immune,Lymphoid,958,1450080,0.8655
GSM9237969_unc30_11,GSM9237969,23,LUAD,0.3,Classical monocytes,Immune,Myeloid,33,103689,0.8655
GSM9237969_unc30_12,GSM9237969,23,LUAD,0.3,Club (nasal),Epithelial,Airway epithelium,1,1675,0.8655
GSM9237969_unc30_13,GSM9237969,23,LUAD,0.3,Club (non-nasal),Epithelial,Airway epithelium,2,5659,0.8655
GSM9237969_unc30_14,GSM9237969,23,LUAD,0.3,EC aerocyte capillary,Endothelial,Blood vessels,251,454269,0.8655
GSM9237969_unc30_15,GSM9237969,23,LUAD,0.3,EC arterial,Endothelial,Blood vessels,308,640784,0.8655
GSM9237969_unc30_16,GSM9237969,23,LUAD,0.3,EC general capillary,Endothelial,Blood vessels,560,830662,0.8655
GSM9237969_unc30_17,GSM9237969,23,LUAD,0.3,EC venous pulmonary,Endothelial,Blood vessels,387,714255,0.8655
GSM9237969_unc30_18,GSM9237969,23,LUAD,0.3,EC venous systemic,Endothelial,Blood vessels,46,102937,0.8655
GSM9237969_unc30_19,GSM9237969,23,LUAD,0.3,Goblet (nasal),Epithelial,Airway epithelium,256,2383699,0.8655
GSM9237969_unc30_20,GSM9237969,23,LUAD,0.3,Interstitial Mph perivascular,Immune,Myeloid,78,167170,0.8655
GSM9237969_unc30_21,GSM9237969,23,LUAD,0.3,Ionocyte,Epithelial,Airway epithelium,1,5322,0.8655
GSM9237969_unc30_22,GSM9237969,23,LUAD,0.3,Lymphatic EC differentiating,Endothelial,Lymphatic EC,135,310955,0.8655
GSM9237969_unc30_23,GSM9237969,23,LUAD,0.3,Mast cells,Immune,Myeloid,334,519544,0.8655
GSM9237969_unc30_24,GSM9237969,23,LUAD,0.3,Migratory DCs,Immune,Myeloid,4,9549,0.8655
GSM9237969_unc30_25,GSM9237969,23,LUAD,0.3,Monocyte-derived Mph,Immune,Myeloid,331,1302385,0.8655
GSM9237969_unc30_26,GSM9237969,23,LUAD,0.3,Multiciliated (non-nasal),Epithelial,Airway epithelium,153,701756,0.8655
GSM9237969_unc30_27,GSM9237969,23,LUAD,0.3,Myofibroblasts,Stroma,Fibroblast lineage,40,60998,0.8655
GSM9237969_unc30_28,GSM9237969,23,LUAD,0.3,NK cells,Immune,Lymphoid,124,202427,0.8655
GSM9237969_unc30_29,GSM9237969,23,LUAD,0.3,Non-classical monocytes,Immune,Myeloid,92,215252,0.8655
GSM9237969_unc30_30,GSM9237969,23,LUAD,0.3,Peribronchial fibroblasts,Stroma,Fibroblast lineage,69,254993,0.8655
GSM9237969_unc30_31,GSM9237969,23,LUAD,0.3,Pericytes,Stroma,Fibroblast lineage,492,1428373,0.8655
GSM9237969_unc30_32,GSM9237969,23,LUAD,0.3,Plasma cells,Immune,Lymphoid,83,401552,0.8655
GSM9237969_unc30_33,GSM9237969,23,LUAD,0.3,Plasmacytoid DCs,Immune,Myeloid,8,27186,0.8655
GSM9237969_unc30_34,GSM9237969,23,LUAD,0.3,SM activated stress response,Stroma,Smooth muscle,4,6557,0.8655
GSM9237969_unc30_35,GSM9237969,23,LUAD,0.3,Smooth muscle,Stroma,Smooth muscle,124,268308,0.8655
GSM9237969_unc30_36,GSM9237969,23,LUAD,0.3,T cells proliferating,Immune,Lymphoid,8,40028,0.8655
GSM9237969_unc30_37,GSM9237969,23,LUAD,0.3,pre-TB secretory,Epithelial,Airway epithelium,30,123221,0.8655
GSM9237970_unc20_0,GSM9237970,24,normal,0.2,AT1,Epithelial,Alveolar epithelium,507,3452582,0.8655
GSM9237970_unc20_1,GSM9237970,24,normal,0.2,AT2,Epithelial,Alveolar epithelium,1718,25405554,0.8655
GSM9237970_unc20_2,GSM9237970,24,normal,0.2,Adventitial fibroblasts,Stroma,Fibroblast lineage,21,146811,0.8655
GSM9237970_unc20_3,GSM9237970,24,normal,0.2,Alveolar fibroblasts,Stroma,Fibroblast lineage,489,2076677,0.8655
GSM9237970_unc20_4,GSM9237970,24,normal,0.2,Alveolar macrophages,Immune,Myeloid,15,451930,0.8655
GSM9237970_unc20_5,GSM9237970,24,normal,0.2,B cells,Immune,Lymphoid,34,69568,0.8655
GSM9237970_unc20_6,GSM9237970,24,normal,0.2,Basal resting,Epithelial,Airway epithelium,3,34567,0.8655
GSM9237970_unc20_7,GSM9237970,24,normal,0.2,CD4 T cells,Immune,Lymphoid,332,755957,0.8655
GSM9237970_unc20_8,GSM9237970,24,normal,0.2,CD8 T cells,Immune,Lymphoid,64,144511,0.8655
GSM9237970_unc20_9,GSM9237970,24,normal,0.2,Classical monocytes,Immune,Myeloid,12,49059,0.8655
GSM9237970_unc20_10,GSM9237970,24,normal,0.2,EC aerocyte capillary,Endothelial,Blood vessels,135,408176,0.8655
GSM9237970_unc20_11,GSM9237970,24,normal,0.2,EC arterial,Endothelial,Blood vessels,169,639753,0.8655
GSM9237970_unc20_12,GSM9237970,24,normal,0.2,EC general capillary,Endothelial,Blood vessels,524,1496171,0.8655
GSM9237970_unc20_13,GSM9237970,24,normal,0.2,EC venous pulmonary,Endothelial,Blood vessels,143,630363,0.8655
GSM9237970_unc20_14,GSM9237970,24,normal,0.2,Goblet (nasal),Epithelial,Airway epithelium,4,16583,0.8655
GSM9237970_unc20_15,GSM9237970,24,normal,0.2,Goblet (subsegmental),Epithelial,Airway epithelium,1,11949,0.8655
GSM9237970_unc20_16,GSM9237970,24,normal,0.2,Interstitial Mph perivascular,Immune,Myeloid,17,54942,0.8655
GSM9237970_unc20_17,GSM9237970,24,normal,0.2,Lymphatic EC differentiating,Endothelial,Lymphatic EC,64,267673,0.8655
GSM9237970_unc20_18,GSM9237970,24,normal,0.2,Lymphatic EC mature,Endothelial,Lymphatic EC,1,1479,0.8655
GSM9237970_unc20_19,GSM9237970,24,normal,0.2,Mast cells,Immune,Myeloid,109,398856,0.8655
GSM9237970_unc20_20,GSM9237970,24,normal,0.2,Migratory DCs,Immune,Myeloid,3,19052,0.8655
GSM9237970_unc20_21,GSM9237970,24,normal,0.2,Monocyte-derived Mph,Immune,Myeloid,32,163394,0.8655
GSM9237970_unc20_22,GSM9237970,24,normal,0.2,Multiciliated (non-nasal),Epithelial,Airway epithelium,26,340817,0.8655
GSM9237970_unc20_23,GSM9237970,24,normal,0.2,Myofibroblasts,Stroma,Fibroblast lineage,2,6661,0.8655
GSM9237970_unc20_24,GSM9237970,24,normal,0.2,NK cells,Immune,Lymphoid,26,66158,0.8655
GSM9237970_unc20_25,GSM9237970,24,normal,0.2,Non-classical monocytes,Immune,Myeloid,31,173866,0.8655
GSM9237970_unc20_26,GSM9237970,24,normal,0.2,Peribronchial fibroblasts,Stroma,Fibroblast lineage,3,11983,0.8655
GSM9237970_unc20_27,GSM9237970,24,normal,0.2,Pericytes,Stroma,Fibroblast lineage,107,365298,0.8655
GSM9237970_unc20_28,GSM9237970,24,normal,0.2,Plasma cells,Immune,Lymphoid,84,959121,0.8655
GSM9237970_unc20_29,GSM9237970,24,normal,0.2,Plasmacytoid DCs,Immune,Myeloid,24,118668,0.8655
GSM9237970_unc20_30,GSM9237970,24,normal,0.2,Smooth muscle,Stroma,Smooth muscle,68,166636,0.8655
GSM9237970_unc20_31,GSM9237970,24,normal,0.2,pre-TB secretory,Epithelial,Airway epithelium,1,3625,0.8655
GSM9237970_unc30_0,GSM9237970,24,normal,0.3,AT1,Epithelial,Alveolar epithelium,550,3814032,0.8655
GSM9237970_unc30_1,GSM9237970,24,normal,0.3,AT2,Epithelial,Alveolar epithelium,1862,27012734,0.8655
GSM9237970_unc30_2,GSM9237970,24,normal,0.3,AT2 proliferating,Epithelial,Alveolar epithelium,1,28494,0.8655
GSM9237970_unc30_3,GSM9237970,24,normal,0.3,Adventitial fibroblasts,Stroma,Fibroblast lineage,27,174221,0.8655
GSM9237970_unc30_4,GSM9237970,24,normal,0.3,Alveolar fibroblasts,Stroma,Fibroblast lineage,575,2388860,0.8655
GSM9237970_unc30_5,GSM9237970,24,normal,0.3,Alveolar macrophages,Immune,Myeloid,52,1447625,0.8655
GSM9237970_unc30_6,GSM9237970,24,normal,0.3,B cells,Immune,Lymphoid,37,76395,0.8655
GSM9237970_unc30_7,GSM9237970,24,normal,0.3,Basal resting,Epithelial,Airway epithelium,3,34567,0.8655
GSM9237970_unc30_8,GSM9237970,24,normal,0.3,CD4 T cells,Immune,Lymphoid,427,977736,0.8655
GSM9237970_unc30_9,GSM9237970,24,normal,0.3,CD8 T cells,Immune,Lymphoid,137,322281,0.8655
GSM9237970_unc30_10,GSM9237970,24,normal,0.3,Classical monocytes,Immune,Myeloid,23,118573,0.8655
GSM9237970_unc30_11,GSM9237970,24,normal,0.3,EC aerocyte capillary,Endothelial,Blood vessels,155,450514,0.8655
GSM9237970_unc30_12,GSM9237970,24,normal,0.3,EC arterial,Endothelial,Blood vessels,190,712554,0.8655
GSM9237970_unc30_13,GSM9237970,24,normal,0.3,EC general capillary,Endothelial,Blood vessels,555,1609161,0.8655
GSM9237970_unc30_14,GSM9237970,24,normal,0.3,EC venous pulmonary,Endothelial,Blood vessels,153,661014,0.8655
GSM9237970_unc30_15,GSM9237970,24,normal,0.3,EC venous systemic,Endothelial,Blood vessels,1,1599,0.8655
GSM9237970_unc30_16,GSM9237970,24,normal,0.3,Goblet (nasal),Epithelial,Airway epithelium,6,23726,0.8655
GSM9237970_unc30_17,GSM9237970,24,normal,0.3,Goblet (subsegmental),Epithelial,Airway epithelium,1,11949,0.8655
GSM9237970_unc30_18,GSM9237970,24,normal,0.3,Interstitial Mph perivascular,Immune,Myeloid,33,120265,0.8655
GSM9237970_unc30_19,GSM9237970,24,normal,0.3,Lymphatic EC differentiating,Endothelial,Lymphatic EC,71,308976,0.8655
GSM9237970_unc30_20,GSM9237970,24,normal,0.3,Lymphatic EC mature,Endothelial,Lymphatic EC,2,4537,0.8655
GSM9237970_unc30_21,GSM9237970,24,normal,0.3,Mast cells,Immune,Myeloid,114,412643,0.8655
GSM9237970_unc30_22,GSM9237970,24,normal,0.3,Migratory DCs,Immune,Myeloid,3,19052,0.8655
GSM9237970_unc30_23,GSM9237970,24,normal,0.3,Monocyte-derived Mph,Immune,Myeloid,94,713055,0.8655
GSM9237970_unc30_24,GSM9237970,24,normal,0.3,Multiciliated (non-nasal),Epithelial,Airway epithelium,29,394896,0.8655
GSM9237970_unc30_25,GSM9237970,24,normal,0.3,Myofibroblasts,Stroma,Fibroblast lineage,2,6661,0.8655
GSM9237970_unc30_26,GSM9237970,24,normal,0.3,NK cells,Immune,Lymphoid,48,126565,0.8655
GSM9237970_unc30_27,GSM9237970,24,normal,0.3,Non-classical monocytes,Immune,Myeloid,36,198880,0.8655
GSM9237970_unc30_28,GSM9237970,24,normal,0.3,Peribronchial fibroblasts,Stroma,Fibroblast lineage,5,22593,0.8655
GSM9237970_unc30_29,GSM9237970,24,normal,0.3,Pericytes,Stroma,Fibroblast lineage,112,380368,0.8655
GSM9237970_unc30_30,GSM9237970,24,normal,0.3,Plasma cells,Immune,Lymphoid,88,996170,0.8655
GSM9237970_unc30_31,GSM9237970,24,normal,0.3,Plasmacytoid DCs,Immune,Myeloid,25,121899,0.8655
GSM9237970_unc30_32,GSM9237970,24,normal,0.3,Smooth muscle,Stroma,Smooth muscle,86,235059,0.8655
GSM9237970_unc30_33,GSM9237970,24,normal,0.3,Suprabasal,Epithelial,Airway epithelium,1,3350,0.8655
GSM9237970_unc30_34,GSM9237970,24,normal,0.3,pre-TB secretory,Epithelial,Airway epithelium,3,20542,0.8655
GSM9237971_unc20_0,GSM9237971,24,AAH,0.2,AT1,Epithelial,Alveolar epithelium,452,3113737,0.8655
GSM9237971_unc20_1,GSM9237971,24,AAH,0.2,AT2,Epithelial,Alveolar epithelium,2097,33172004,0.8655
GSM9237971_unc20_2,GSM9237971,24,AAH,0.2,AT2 proliferating,Epithelial,Alveolar epithelium,3,21810,0.8655
GSM9237971_unc20_3,GSM9237971,24,AAH,0.2,Adventitial fibroblasts,Stroma,Fibroblast lineage,52,384306,0.8655
GSM9237971_unc20_4,GSM9237971,24,AAH,0.2,Alveolar fibroblasts,Stroma,Fibroblast lineage,590,2820957,0.8655
GSM9237971_unc20_5,GSM9237971,24,AAH,0.2,Alveolar macrophages,Immune,Myeloid,13,205541,0.8655
GSM9237971_unc20_6,GSM9237971,24,AAH,0.2,B cells,Immune,Lymphoid,26,63490,0.8655
GSM9237971_unc20_7,GSM9237971,24,AAH,0.2,Basal resting,Epithelial,Airway epithelium,1,1075,0.8655
GSM9237971_unc20_8,GSM9237971,24,AAH,0.2,CD4 T cells,Immune,Lymphoid,505,1224780,0.8655
GSM9237971_unc20_9,GSM9237971,24,AAH,0.2,CD8 T cells,Immune,Lymphoid,63,146338,0.8655
GSM9237971_unc20_10,GSM9237971,24,AAH,0.2,Classical monocytes,Immune,Myeloid,21,102791,0.8655
GSM9237971_unc20_11,GSM9237971,24,AAH,0.2,EC aerocyte capillary,Endothelial,Blood vessels,119,373809,0.8655
GSM9237971_unc20_12,GSM9237971,24,AAH,0.2,EC arterial,Endothelial,Blood vessels,175,894682,0.8655
GSM9237971_unc20_13,GSM9237971,24,AAH,0.2,EC general capillary,Endothelial,Blood vessels,564,1773213,0.8655
GSM9237971_unc20_14,GSM9237971,24,AAH,0.2,EC venous pulmonary,Endothelial,Blood vessels,153,771547,0.8655
GSM9237971_unc20_15,GSM9237971,24,AAH,0.2,Goblet (nasal),Epithelial,Airway epithelium,10,186619,0.8655
GSM9237971_unc20_16,GSM9237971,24,AAH,0.2,Goblet (subsegmental),Epithelial,Airway epithelium,1,8944,0.8655
GSM9237971_unc20_17,GSM9237971,24,AAH,0.2,Interstitial Mph perivascular,Immune,Myeloid,17,84353,0.8655
GSM9237971_unc20_18,GSM9237971,24,AAH,0.2,Lymphatic EC differentiating,Endothelial,Lymphatic EC,91,422429,0.8655
GSM9237971_unc20_19,GSM9237971,24,AAH,0.2,Mast cells,Immune,Myeloid,131,519164,0.8655
GSM9237971_unc20_20,GSM9237971,24,AAH,0.2,Migratory DCs,Immune,Myeloid,10,81092,0.8655
GSM9237971_unc20_21,GSM9237971,24,AAH,0.2,Monocyte-derived Mph,Immune,Myeloid,98,933973,0.8655
GSM9237971_unc20_22,GSM9237971,24,AAH,0.2,Multiciliated (non-nasal),Epithelial,Airway epithelium,18,304507,0.8655
GSM9237971_unc20_23,GSM9237971,24,AAH,0.2,Myofibroblasts,Stroma,Fibroblast lineage,2,10144,0.8655
GSM9237971_unc20_24,GSM9237971,24,AAH,0.2,NK cells,Immune,Lymphoid,30,73342,0.8655
GSM9237971_unc20_25,GSM9237971,24,AAH,0.2,Non-classical monocytes,Immune,Myeloid,33,172829,0.8655
GSM9237971_unc20_26,GSM9237971,24,AAH,0.2,Peribronchial fibroblasts,Stroma,Fibroblast lineage,1,1001,0.8655
GSM9237971_unc20_27,GSM9237971,24,AAH,0.2,Pericytes,Stroma,Fibroblast lineage,97,280472,0.8655
GSM9237971_unc20_28,GSM9237971,24,AAH,0.2,Plasma cells,Immune,Lymphoid,119,1735614,0.8655
GSM9237971_unc20_29,GSM9237971,24,AAH,0.2,Plasmacytoid DCs,Immune,Myeloid,12,62279,0.8655
GSM9237971_unc20_30,GSM9237971,24,AAH,0.2,SM activated stress response,Stroma,Smooth muscle,1,1507,0.8655
GSM9237971_unc20_31,GSM9237971,24,AAH,0.2,Smooth muscle,Stroma,Smooth muscle,120,397841,0.8655
GSM9237971_unc20_32,GSM9237971,24,AAH,0.2,Smooth muscle FAM83D+,Stroma,Smooth muscle,1,2355,0.8655
GSM9237971_unc20_33,GSM9237971,24,AAH,0.2,pre-TB secretory,Epithelial,Airway epithelium,4,58424,0.8655
GSM9237971_unc30_0,GSM9237971,24,AAH,0.3,AT1,Epithelial,Alveolar epithelium,488,3414644,0.8655
GSM9237971_unc30_1,GSM9237971,24,AAH,0.3,AT2,Epithelial,Alveolar epithelium,2264,35427847,0.8655
GSM9237971_unc30_2,GSM9237971,24,AAH,0.3,AT2 proliferating,Epithelial,Alveolar epithelium,3,21810,0.8655
GSM9237971_unc30_3,GSM9237971,24,AAH,0.3,Adventitial fibroblasts,Stroma,Fibroblast lineage,73,480633,0.8655
GSM9237971_unc30_4,GSM9237971,24,AAH,0.3,Alveolar fibroblasts,Stroma,Fibroblast lineage,699,3339308,0.8655
GSM9237971_unc30_5,GSM9237971,24,AAH,0.3,Alveolar macrophages,Immune,Myeloid,43,780582,0.8655
GSM9237971_unc30_6,GSM9237971,24,AAH,0.3,B cells,Immune,Lymphoid,26,63490,0.8655
GSM9237971_unc30_7,GSM9237971,24,AAH,0.3,Basal resting,Epithelial,Airway epithelium,1,1075,0.8655
GSM9237971_unc30_8,GSM9237971,24,AAH,0.3,CD4 T cells,Immune,Lymphoid,577,1393940,0.8655
GSM9237971_unc30_9,GSM9237971,24,AAH,0.3,CD8 T cells,Immune,Lymphoid,136,321253,0.8655
GSM9237971_unc30_10,GSM9237971,24,AAH,0.3,Classical monocytes,Immune,Myeloid,29,136033,0.8655
GSM9237971_unc30_11,GSM9237971,24,AAH,0.3,EC aerocyte capillary,Endothelial,Blood vessels,143,437637,0.8655
GSM9237971_unc30_12,GSM9237971,24,AAH,0.3,EC arterial,Endothelial,Blood vessels,200,997094,0.8655
GSM9237971_unc30_13,GSM9237971,24,AAH,0.3,EC general capillary,Endothelial,Blood vessels,610,1926997,0.8655
GSM9237971_unc30_14,GSM9237971,24,AAH,0.3,EC venous pulmonary,Endothelial,Blood vessels,163,807760,0.8655
GSM9237971_unc30_15,GSM9237971,24,AAH,0.3,EC venous systemic,Endothelial,Blood vessels,1,23233,0.8655
GSM9237971_unc30_16,GSM9237971,24,AAH,0.3,Goblet (nasal),Epithelial,Airway epithelium,13,239129,0.8655
GSM9237971_unc30_17,GSM9237971,24,AAH,0.3,Goblet (subsegmental),Epithelial,Airway epithelium,1,8944,0.8655
GSM9237971_unc30_18,GSM9237971,24,AAH,0.3,Interstitial Mph perivascular,Immune,Myeloid,30,138609,0.8655
GSM9237971_unc30_19,GSM9237971,24,AAH,0.3,Ionocyte,Epithelial,Airway epithelium,1,31824,0.8655
GSM9237971_unc30_20,GSM9237971,24,AAH,0.3,Lymphatic EC differentiating,Endothelial,Lymphatic EC,110,513680,0.8655
GSM9237971_unc30_21,GSM9237971,24,AAH,0.3,Lymphatic EC mature,Endothelial,Lymphatic EC,3,5633,0.8655
GSM9237971_unc30_22,GSM9237971,24,AAH,0.3,Mast cells,Immune,Myeloid,134,532595,0.8655
GSM9237971_unc30_23,GSM9237971,24,AAH,0.3,Migratory DCs,Immune,Myeloid,11,84543,0.8655
GSM9237971_unc30_24,GSM9237971,24,AAH,0.3,Monocyte-derived Mph,Immune,Myeloid,213,1986866,0.8655
GSM9237971_unc30_25,GSM9237971,24,AAH,0.3,Multiciliated (non-nasal),Epithelial,Airway epithelium,21,330372,0.8655
GSM9237971_unc30_26,GSM9237971,24,AAH,0.3,Myofibroblasts,Stroma,Fibroblast lineage,4,18911,0.8655
GSM9237971_unc30_27,GSM9237971,24,AAH,0.3,NK cells,Immune,Lymphoid,50,131619,0.8655
GSM9237971_unc30_28,GSM9237971,24,AAH,0.3,Non-classical monocytes,Immune,Myeloid,43,209585,0.8655
GSM9237971_unc30_29,GSM9237971,24,AAH,0.3,Peribronchial fibroblasts,Stroma,Fibroblast lineage,4,9320,0.8655
GSM9237971_unc30_30,GSM9237971,24,AAH,0.3,Pericytes,Stroma,Fibroblast lineage,108,328858,0.8655
GSM9237971_unc30_31,GSM9237971,24,AAH,0.3,Plasma cells,Immune,Lymphoid,123,1746541,0.8655
GSM9237971_unc30_32,GSM9237971,24,AAH,0.3,Plasmacytoid DCs,Immune,Myeloid,13,71535,0.8655
GSM9237971_unc30_33,GSM9237971,24,AAH,0.3,SM activated stress response,Stroma,Smooth muscle,3,5643,0.8655
GSM9237971_unc30_34,GSM9237971,24,AAH,0.3,Smooth muscle,Stroma,Smooth muscle,155,514457,0.8655
GSM9237971_unc30_35,GSM9237971,24,AAH,0.3,Smooth muscle FAM83D+,Stroma,Smooth muscle,1,2355,0.8655
GSM9237971_unc30_36,GSM9237971,24,AAH,0.3,pre-TB secretory,Epithelial,Airway epithelium,4,58424,0.8655
GSM9237972_unc20_0,GSM9237972,24,LUAD,0.2,AT1,Epithelial,Alveolar epithelium,507,4850963,0.8655
GSM9237972_unc20_1,GSM9237972,24,LUAD,0.2,AT2,Epithelial,Alveolar epithelium,7302,101923749,0.8655
GSM9237972_unc20_2,GSM9237972,24,LUAD,0.2,AT2 proliferating,Epithelial,Alveolar epithelium,98,3922271,0.8655
GSM9237972_unc20_3,GSM9237972,24,LUAD,0.2,Adventitial fibroblasts,Stroma,Fibroblast lineage,6,15764,0.8655
GSM9237972_unc20_4,GSM9237972,24,LUAD,0.2,Alveolar fibroblasts,Stroma,Fibroblast lineage,1656,13060965,0.8655
GSM9237972_unc20_5,GSM9237972,24,LUAD,0.2,Alveolar macrophages,Immune,Myeloid,888,17919821,0.8655
GSM9237972_unc20_6,GSM9237972,24,LUAD,0.2,B cells,Immune,Lymphoid,1773,4521612,0.8655
GSM9237972_unc20_7,GSM9237972,24,LUAD,0.2,Basal resting,Epithelial,Airway epithelium,2,4170,0.8655
GSM9237972_unc20_8,GSM9237972,24,LUAD,0.2,CD4 T cells,Immune,Lymphoid,2781,9150185,0.8655
GSM9237972_unc20_9,GSM9237972,24,LUAD,0.2,CD8 T cells,Immune,Lymphoid,1431,5011820,0.8655
GSM9237972_unc20_10,GSM9237972,24,LUAD,0.2,Classical monocytes,Immune,Myeloid,64,409408,0.8655
GSM9237972_unc20_11,GSM9237972,24,LUAD,0.2,EC aerocyte capillary,Endothelial,Blood vessels,3,39450,0.8655
GSM9237972_unc20_12,GSM9237972,24,LUAD,0.2,EC arterial,Endothelial,Blood vessels,1,14108,0.8655
GSM9237972_unc20_13,GSM9237972,24,LUAD,0.2,EC general capillary,Endothelial,Blood vessels,10,52641,0.8655
GSM9237972_unc20_14,GSM9237972,24,LUAD,0.2,EC venous pulmonary,Endothelial,Blood vessels,23,418334,0.8655
GSM9237972_unc20_15,GSM9237972,24,LUAD,0.2,EC venous systemic,Endothelial,Blood vessels,15,100288,0.8655
GSM9237972_unc20_16,GSM9237972,24,LUAD,0.2,Goblet (nasal),Epithelial,Airway epithelium,52,603846,0.8655
GSM9237972_unc20_17,GSM9237972,24,LUAD,0.2,Goblet (subsegmental),Epithelial,Airway epithelium,1,2945,0.8655
GSM9237972_unc20_18,GSM9237972,24,LUAD,0.2,Interstitial Mph perivascular,Immune,Myeloid,8,16666,0.8655
GSM9237972_unc20_19,GSM9237972,24,LUAD,0.2,Lymphatic EC differentiating,Endothelial,Lymphatic EC,38,347879,0.8655
GSM9237972_unc20_20,GSM9237972,24,LUAD,0.2,Lymphatic EC mature,Endothelial,Lymphatic EC,5,13825,0.8655
GSM9237972_unc20_21,GSM9237972,24,LUAD,0.2,Mast cells,Immune,Myeloid,158,909860,0.8655
GSM9237972_unc20_22,GSM9237972,24,LUAD,0.2,Migratory DCs,Immune,Myeloid,32,235489,0.8655
GSM9237972_unc20_23,GSM9237972,24,LUAD,0.2,Monocyte-derived Mph,Immune,Myeloid,45,371174,0.8655
GSM9237972_unc20_24,GSM9237972,24,LUAD,0.2,Multiciliated (non-nasal),Epithelial,Airway epithelium,101,3978766,0.8655
GSM9237972_unc20_25,GSM9237972,24,LUAD,0.2,NK cells,Immune,Lymphoid,15,53528,0.8655
GSM9237972_unc20_26,GSM9237972,24,LUAD,0.2,Non-classical monocytes,Immune,Myeloid,9,52870,0.8655
GSM9237972_unc20_27,GSM9237972,24,LUAD,0.2,Peribronchial fibroblasts,Stroma,Fibroblast lineage,872,8749565,0.8655
GSM9237972_unc20_28,GSM9237972,24,LUAD,0.2,Pericytes,Stroma,Fibroblast lineage,852,9926769,0.8655
GSM9237972_unc20_29,GSM9237972,24,LUAD,0.2,Plasma cells,Immune,Lymphoid,3574,60796121,0.8655
GSM9237972_unc20_30,GSM9237972,24,LUAD,0.2,Plasmacytoid DCs,Immune,Myeloid,287,1833156,0.8655
GSM9237972_unc20_31,GSM9237972,24,LUAD,0.2,Smooth muscle,Stroma,Smooth muscle,5,11650,0.8655
GSM9237972_unc20_32,GSM9237972,24,LUAD,0.2,Suprabasal,Epithelial,Airway epithelium,5,44214,0.8655
GSM9237972_unc20_33,GSM9237972,24,LUAD,0.2,T cells proliferating,Immune,Lymphoid,42,463261,0.8655
GSM9237972_unc30_0,GSM9237972,24,LUAD,0.3,AT1,Epithelial,Alveolar epithelium,583,5674440,0.8655
GSM9237972_unc30_1,GSM9237972,24,LUAD,0.3,AT2,Epithelial,Alveolar epithelium,8316,115063849,0.8655
GSM9237972_unc30_2,GSM9237972,24,LUAD,0.3,AT2 proliferating,Epithelial,Alveolar epithelium,153,6108737,0.8655
GSM9237972_unc30_3,GSM9237972,24,LUAD,0.3,Adventitial fibroblasts,Stroma,Fibroblast lineage,26,136758,0.8655
GSM9237972_unc30_4,GSM9237972,24,LUAD,0.3,Alveolar fibroblasts,Stroma,Fibroblast lineage,2592,20214466,0.8655
GSM9237972_unc30_5,GSM9237972,24,LUAD,0.3,Alveolar macrophages,Immune,Myeloid,1620,31405018,0.8655
GSM9237972_unc30_6,GSM9237972,24,LUAD,0.3,B cells,Immune,Lymphoid,1983,5172503,0.8655
GSM9237972_unc30_7,GSM9237972,24,LUAD,0.3,Basal resting,Epithelial,Airway epithelium,2,4170,0.8655
GSM9237972_unc30_8,GSM9237972,24,LUAD,0.3,CD4 T cells,Immune,Lymphoid,3597,12088944,0.8655
GSM9237972_unc30_9,GSM9237972,24,LUAD,0.3,CD8 T cells,Immune,Lymphoid,2497,9352448,0.8655
GSM9237972_unc30_10,GSM9237972,24,LUAD,0.3,Classical monocytes,Immune,Myeloid,101,610880,0.8655
GSM9237972_unc30_11,GSM9237972,24,LUAD,0.3,DC2,Immune,Myeloid,2,7514,0.8655
GSM9237972_unc30_12,GSM9237972,24,LUAD,0.3,EC aerocyte capillary,Endothelial,Blood vessels,3,39450,0.8655
GSM9237972_unc30_13,GSM9237972,24,LUAD,0.3,EC arterial,Endothelial,Blood vessels,3,31403,0.8655
GSM9237972_unc30_14,GSM9237972,24,LUAD,0.3,EC general capillary,Endothelial,Blood vessels,52,362099,0.8655
GSM9237972_unc30_15,GSM9237972,24,LUAD,0.3,EC venous pulmonary,Endothelial,Blood vessels,38,601359,0.8655
GSM9237972_unc30_16,GSM9237972,24,LUAD,0.3,EC venous systemic,Endothelial,Blood vessels,56,456671,0.8655
GSM9237972_unc30_17,GSM9237972,24,LUAD,0.3,Goblet (bronchial),Epithelial,Airway epithelium,1,24787,0.8655
GSM9237972_unc30_18,GSM9237972,24,LUAD,0.3,Goblet (nasal),Epithelial,Airway epithelium,89,1071415,0.8655
GSM9237972_unc30_19,GSM9237972,24,LUAD,0.3,Goblet (subsegmental),Epithelial,Airway epithelium,3,13562,0.8655
GSM9237972_unc30_20,GSM9237972,24,LUAD,0.3,Interstitial Mph perivascular,Immune,Myeloid,21,61100,0.8655
GSM9237972_unc30_21,GSM9237972,24,LUAD,0.3,Lymphatic EC differentiating,Endothelial,Lymphatic EC,55,522822,0.8655
GSM9237972_unc30_22,GSM9237972,24,LUAD,0.3,Lymphatic EC mature,Endothelial,Lymphatic EC,11,29840,0.8655
GSM9237972_unc30_23,GSM9237972,24,LUAD,0.3,Mast cells,Immune,Myeloid,166,967161,0.8655
GSM9237972_unc30_24,GSM9237972,24,LUAD,0.3,Migratory DCs,Immune,Myeloid,44,326051,0.8655
GSM9237972_unc30_25,GSM9237972,24,LUAD,0.3,Monocyte-derived Mph,Immune,Myeloid,146,1569276,0.8655
GSM9237972_unc30_26,GSM9237972,24,LUAD,0.3,Multiciliated (non-nasal),Epithelial,Airway epithelium,108,4159839,0.8655
GSM9237972_unc30_27,GSM9237972,24,LUAD,0.3,Myofibroblasts,Stroma,Fibroblast lineage,1,2469,0.8655
GSM9237972_unc30_28,GSM9237972,24,LUAD,0.3,NK cells,Immune,Lymphoid,46,171441,0.8655
GSM9237972_unc30_29,GSM9237972,24,LUAD,0.3,Non-classical monocytes,Immune,Myeloid,20,76960,0.8655
GSM9237972_unc30_30,GSM9237972,24,LUAD,0.3,Peribronchial fibroblasts,Stroma,Fibroblast lineage,1428,13627917,0.8655
GSM9237972_unc30_31,GSM9237972,24,LUAD,0.3,Pericytes,Stroma,Fibroblast lineage,1121,13052643,0.8655
GSM9237972_unc30_32,GSM9237972,24,LUAD,0.3,Plasma cells,Immune,Lymphoid,3811,62977468,0.8655
GSM9237972_unc30_33,GSM9237972,24,LUAD,0.3,Plasmacytoid DCs,Immune,Myeloid,310,1994229,0.8655
GSM9237972_unc30_34,GSM9237972,24,LUAD,0.3,Smooth muscle,Stroma,Smooth muscle,11,27869,0.8655
GSM9237972_unc30_35,GSM9237972,24,LUAD,0.3,Suprabasal,Epithelial,Airway epithelium,10,102101,0.8655
GSM9237972_unc30_36,GSM9237972,24,LUAD,0.3,T cells proliferating,Immune,Lymphoid,103,1108428,0.8655
GSM9237973_unc20_0,GSM9237973,25,normal,0.2,AT1,Epithelial,Alveolar epithelium,770,2066026,0.8655
GSM9237973_unc20_1,GSM9237973,25,normal,0.2,AT2,Epithelial,Alveolar epithelium,1259,5738568,0.8655
GSM9237973_unc20_2,GSM9237973,25,normal,0.2,Adventitial fibroblasts,Stroma,Fibroblast lineage,26,47581,0.8655
GSM9237973_unc20_3,GSM9237973,25,normal,0.2,Alveolar fibroblasts,Stroma,Fibroblast lineage,1174,2451899,0.8655
GSM9237973_unc20_4,GSM9237973,25,normal,0.2,Alveolar macrophages,Immune,Myeloid,39,261637,0.8655
GSM9237973_unc20_5,GSM9237973,25,normal,0.2,B cells,Immune,Lymphoid,5,6071,0.8655
GSM9237973_unc20_6,GSM9237973,25,normal,0.2,Basal resting,Epithelial,Airway epithelium,129,428283,0.8655
GSM9237973_unc20_7,GSM9237973,25,normal,0.2,CD4 T cells,Immune,Lymphoid,88,115166,0.8655
GSM9237973_unc20_8,GSM9237973,25,normal,0.2,CD8 T cells,Immune,Lymphoid,45,56762,0.8655
GSM9237973_unc20_9,GSM9237973,25,normal,0.2,Classical monocytes,Immune,Myeloid,27,56634,0.8655
GSM9237973_unc20_10,GSM9237973,25,normal,0.2,Club (non-nasal),Epithelial,Airway epithelium,1,2022,0.8655
GSM9237973_unc20_11,GSM9237973,25,normal,0.2,EC aerocyte capillary,Endothelial,Blood vessels,141,197885,0.8655
GSM9237973_unc20_12,GSM9237973,25,normal,0.2,EC arterial,Endothelial,Blood vessels,120,215517,0.8655
GSM9237973_unc20_13,GSM9237973,25,normal,0.2,EC general capillary,Endothelial,Blood vessels,201,256974,0.8655
GSM9237973_unc20_14,GSM9237973,25,normal,0.2,EC venous pulmonary,Endothelial,Blood vessels,123,225341,0.8655
GSM9237973_unc20_15,GSM9237973,25,normal,0.2,EC venous systemic,Endothelial,Blood vessels,11,15278,0.8655
GSM9237973_unc20_16,GSM9237973,25,normal,0.2,Goblet (bronchial),Epithelial,Airway epithelium,1,3198,0.8655
GSM9237973_unc20_17,GSM9237973,25,normal,0.2,Goblet (nasal),Epithelial,Airway epithelium,97,477463,0.8655
GSM9237973_unc20_18,GSM9237973,25,normal,0.2,Goblet (subsegmental),Epithelial,Airway epithelium,1,1723,0.8655
GSM9237973_unc20_19,GSM9237973,25,normal,0.2,Interstitial Mph perivascular,Immune,Myeloid,19,37125,0.8655
GSM9237973_unc20_20,GSM9237973,25,normal,0.2,Lymphatic EC differentiating,Endothelial,Lymphatic EC,53,92266,0.8655
GSM9237973_unc20_21,GSM9237973,25,normal,0.2,Lymphatic EC mature,Endothelial,Lymphatic EC,2,2711,0.8655
GSM9237973_unc20_22,GSM9237973,25,normal,0.2,Mast cells,Immune,Myeloid,149,238127,0.8655
GSM9237973_unc20_23,GSM9237973,25,normal,0.2,Migratory DCs,Immune,Myeloid,3,8149,0.8655
GSM9237973_unc20_24,GSM9237973,25,normal,0.2,Monocyte-derived Mph,Immune,Myeloid,57,301131,0.8655
GSM9237973_unc20_25,GSM9237973,25,normal,0.2,Multiciliated (non-nasal),Epithelial,Airway epithelium,268,1593219,0.8655
GSM9237973_unc20_26,GSM9237973,25,normal,0.2,Myofibroblasts,Stroma,Fibroblast lineage,12,21033,0.8655
GSM9237973_unc20_27,GSM9237973,25,normal,0.2,NK cells,Immune,Lymphoid,8,11000,0.8655
GSM9237973_unc20_28,GSM9237973,25,normal,0.2,Neuroendocrine,Epithelial,Airway epithelium,1,2154,0.8655
GSM9237973_unc20_29,GSM9237973,25,normal,0.2,Non-classical monocytes,Immune,Myeloid,14,23309,0.8655
GSM9237973_unc20_30,GSM9237973,25,normal,0.2,Peribronchial fibroblasts,Stroma,Fibroblast lineage,7,30849,0.8655
GSM9237973_unc20_31,GSM9237973,25,normal,0.2,Pericytes,Stroma,Fibroblast lineage,147,233437,0.8655
GSM9237973_unc20_32,GSM9237973,25,normal,0.2,Plasma cells,Immune,Lymphoid,528,2207922,0.8655
GSM9237973_unc20_33,GSM9237973,25,normal,0.2,Plasmacytoid DCs,Immune,Myeloid,33,62701,0.8655
GSM9237973_unc20_34,GSM9237973,25,normal,0.2,Smooth muscle,Stroma,Smooth muscle,23,42792,0.8655
GSM9237973_unc20_35,GSM9237973,25,normal,0.2,Smooth muscle FAM83D+,Stroma,Smooth muscle,1,1047,0.8655
GSM9237973_unc20_36,GSM9237973,25,normal,0.2,Suprabasal,Epithelial,Airway epithelium,8,43189,0.8655
GSM9237973_unc20_37,GSM9237973,25,normal,0.2,pre-TB secretory,Epithelial,Airway epithelium,4,12589,0.8655
GSM9237973_unc30_0,GSM9237973,25,normal,0.3,AT1,Epithelial,Alveolar epithelium,814,2233897,0.8655
GSM9237973_unc30_1,GSM9237973,25,normal,0.3,AT2,Epithelial,Alveolar epithelium,1331,5964365,0.8655
GSM9237973_unc30_2,GSM9237973,25,normal,0.3,Adventitial fibroblasts,Stroma,Fibroblast lineage,48,98443,0.8655
GSM9237973_unc30_3,GSM9237973,25,normal,0.3,Alveolar fibroblasts,Stroma,Fibroblast lineage,1544,3241854,0.8655
GSM9237973_unc30_4,GSM9237973,25,normal,0.3,Alveolar macrophages,Immune,Myeloid,102,642893,0.8655
GSM9237973_unc30_5,GSM9237973,25,normal,0.3,B cells,Immune,Lymphoid,6,7302,0.8655
GSM9237973_unc30_6,GSM9237973,25,normal,0.3,Basal resting,Epithelial,Airway epithelium,167,555132,0.8655
GSM9237973_unc30_7,GSM9237973,25,normal,0.3,CD4 T cells,Immune,Lymphoid,116,152679,0.8655
GSM9237973_unc30_8,GSM9237973,25,normal,0.3,CD8 T cells,Immune,Lymphoid,82,102689,0.8655
GSM9237973_unc30_9,GSM9237973,25,normal,0.3,Classical monocytes,Immune,Myeloid,39,77346,0.8655
GSM9237973_unc30_10,GSM9237973,25,normal,0.3,Club (non-nasal),Epithelial,Airway epithelium,6,17945,0.8655
GSM9237973_unc30_11,GSM9237973,25,normal,0.3,EC aerocyte capillary,Endothelial,Blood vessels,170,236346,0.8655
GSM9237973_unc30_12,GSM9237973,25,normal,0.3,EC arterial,Endothelial,Blood vessels,152,272706,0.8655
GSM9237973_unc30_13,GSM9237973,25,normal,0.3,EC general capillary,Endothelial,Blood vessels,256,333567,0.8655
GSM9237973_unc30_14,GSM9237973,25,normal,0.3,EC venous pulmonary,Endothelial,Blood vessels,155,278127,0.8655
GSM9237973_unc30_15,GSM9237973,25,normal,0.3,EC venous systemic,Endothelial,Blood vessels,18,30768,0.8655
GSM9237973_unc30_16,GSM9237973,25,normal,0.3,Goblet (bronchial),Epithelial,Airway epithelium,1,3198,0.8655
GSM9237973_unc30_17,GSM9237973,25,normal,0.3,Goblet (nasal),Epithelial,Airway epithelium,133,875285,0.8655
GSM9237973_unc30_18,GSM9237973,25,normal,0.3,Goblet (subsegmental),Epithelial,Airway epithelium,2,7935,0.8655
GSM9237973_unc30_19,GSM9237973,25,normal,0.3,Interstitial Mph perivascular,Immune,Myeloid,36,72841,0.8655
GSM9237973_unc30_20,GSM9237973,25,normal,0.3,Lymphatic EC differentiating,Endothelial,Lymphatic EC,64,113919,0.8655
GSM9237973_unc30_21,GSM9237973,25,normal,0.3,Lymphatic EC mature,Endothelial,Lymphatic EC,4,6026,0.8655
GSM9237973_unc30_22,GSM9237973,25,normal,0.3,Mast cells,Immune,Myeloid,157,255979,0.8655
GSM9237973_unc30_23,GSM9237973,25,normal,0.3,Migratory DCs,Immune,Myeloid,7,19589,0.8655
GSM9237973_unc30_24,GSM9237973,25,normal,0.3,Monocyte-derived Mph,Immune,Myeloid,120,612066,0.8655
GSM9237973_unc30_25,GSM9237973,25,normal,0.3,Multiciliated (non-nasal),Epithelial,Airway epithelium,311,2032822,0.8655
GSM9237973_unc30_26,GSM9237973,25,normal,0.3,Myofibroblasts,Stroma,Fibroblast lineage,22,37573,0.8655
GSM9237973_unc30_27,GSM9237973,25,normal,0.3,NK cells,Immune,Lymphoid,8,11000,0.8655
GSM9237973_unc30_28,GSM9237973,25,normal,0.3,Neuroendocrine,Epithelial,Airway epithelium,1,2154,0.8655
GSM9237973_unc30_29,GSM9237973,25,normal,0.3,Non-classical monocytes,Immune,Myeloid,19,33132,0.8655
GSM9237973_unc30_30,GSM9237973,25,normal,0.3,Peribronchial fibroblasts,Stroma,Fibroblast lineage,18,72425,0.8655
GSM9237973_unc30_31,GSM9237973,25,normal,0.3,Pericytes,Stroma,Fibroblast lineage,163,301697,0.8655
GSM9237973_unc30_32,GSM9237973,25,normal,0.3,Plasma cells,Immune,Lymphoid,537,2233401,0.8655
GSM9237973_unc30_33,GSM9237973,25,normal,0.3,Plasmacytoid DCs,Immune,Myeloid,34,64443,0.8655
GSM9237973_unc30_34,GSM9237973,25,normal,0.3,SM activated stress response,Stroma,Smooth muscle,5,10092,0.8655
GSM9237973_unc30_35,GSM9237973,25,normal,0.3,Smooth muscle,Stroma,Smooth muscle,44,92718,0.8655
GSM9237973_unc30_36,GSM9237973,25,normal,0.3,Smooth muscle FAM83D+,Stroma,Smooth muscle,3,4572,0.8655
GSM9237973_unc30_37,GSM9237973,25,normal,0.3,Suprabasal,Epithelial,Airway epithelium,20,107289,0.8655
GSM9237973_unc30_38,GSM9237973,25,normal,0.3,pre-TB secretory,Epithelial,Airway epithelium,5,14271,0.8655
GSM9237974_unc20_0,GSM9237974,25,AAH,0.2,AT1,Epithelial,Alveolar epithelium,316,698159,0.8655
GSM9237974_unc20_1,GSM9237974,25,AAH,0.2,AT2,Epithelial,Alveolar epithelium,428,1735458,0.8655
GSM9237974_unc20_2,GSM9237974,25,AAH,0.2,Adventitial fibroblasts,Stroma,Fibroblast lineage,1,2746,0.8655
GSM9237974_unc20_3,GSM9237974,25,AAH,0.2,Alveolar fibroblasts,Stroma,Fibroblast lineage,439,943532,0.8655
GSM9237974_unc20_4,GSM9237974,25,AAH,0.2,Alveolar macrophages,Immune,Myeloid,32,138332,0.8655
GSM9237974_unc20_5,GSM9237974,25,AAH,0.2,B cells,Immune,Lymphoid,2,2145,0.8655
GSM9237974_unc20_6,GSM9237974,25,AAH,0.2,Basal resting,Epithelial,Airway epithelium,1,4550,0.8655
GSM9237974_unc20_7,GSM9237974,25,AAH,0.2,CD4 T cells,Immune,Lymphoid,64,86372,0.8655
GSM9237974_unc20_8,GSM9237974,25,AAH,0.2,CD8 T cells,Immune,Lymphoid,31,39463,0.8655
GSM9237974_unc20_9,GSM9237974,25,AAH,0.2,Classical monocytes,Immune,Myeloid,10,20436,0.8655
GSM9237974_unc20_10,GSM9237974,25,AAH,0.2,EC aerocyte capillary,Endothelial,Blood vessels,28,38987,0.8655
GSM9237974_unc20_11,GSM9237974,25,AAH,0.2,EC arterial,Endothelial,Blood vessels,57,94411,0.8655
GSM9237974_unc20_12,GSM9237974,25,AAH,0.2,EC general capillary,Endothelial,Blood vessels,40,52638,0.8655
GSM9237974_unc20_13,GSM9237974,25,AAH,0.2,EC venous pulmonary,Endothelial,Blood vessels,36,62476,0.8655
GSM9237974_unc20_14,GSM9237974,25,AAH,0.2,Goblet (nasal),Epithelial,Airway epithelium,1,30834,0.8655
GSM9237974_unc20_15,GSM9237974,25,AAH,0.2,Interstitial Mph perivascular,Immune,Myeloid,10,21043,0.8655
GSM9237974_unc20_16,GSM9237974,25,AAH,0.2,Lymphatic EC differentiating,Endothelial,Lymphatic EC,24,35892,0.8655
GSM9237974_unc20_17,GSM9237974,25,AAH,0.2,Mast cells,Immune,Myeloid,37,56638,0.8655
GSM9237974_unc20_18,GSM9237974,25,AAH,0.2,Migratory DCs,Immune,Myeloid,5,14243,0.8655
GSM9237974_unc20_19,GSM9237974,25,AAH,0.2,Monocyte-derived Mph,Immune,Myeloid,17,117662,0.8655
GSM9237974_unc20_20,GSM9237974,25,AAH,0.2,Multiciliated (non-nasal),Epithelial,Airway epithelium,6,44083,0.8655
GSM9237974_unc20_21,GSM9237974,25,AAH,0.2,Myofibroblasts,Stroma,Fibroblast lineage,1,1987,0.8655
GSM9237974_unc20_22,GSM9237974,25,AAH,0.2,NK cells,Immune,Lymphoid,2,3007,0.8655
GSM9237974_unc20_23,GSM9237974,25,AAH,0.2,Non-classical monocytes,Immune,Myeloid,3,5807,0.8655
GSM9237974_unc20_24,GSM9237974,25,AAH,0.2,Peribronchial fibroblasts,Stroma,Fibroblast lineage,7,36817,0.8655
GSM9237974_unc20_25,GSM9237974,25,AAH,0.2,Pericytes,Stroma,Fibroblast lineage,26,63041,0.8655
GSM9237974_unc20_26,GSM9237974,25,AAH,0.2,Plasma cells,Immune,Lymphoid,75,308079,0.8655
GSM9237974_unc20_27,GSM9237974,25,AAH,0.2,Plasmacytoid DCs,Immune,Myeloid,9,18255,0.8655
GSM9237974_unc20_28,GSM9237974,25,AAH,0.2,Smooth muscle,Stroma,Smooth muscle,1,1297,0.8655
GSM9237974_unc30_0,GSM9237974,25,AAH,0.3,AT0,Epithelial,Airway epithelium,1,2130,0.8655
GSM9237974_unc30_1,GSM9237974,25,AAH,0.3,AT1,Epithelial,Alveolar epithelium,322,722516,0.8655
GSM9237974_unc30_2,GSM9237974,25,AAH,0.3,AT2,Epithelial,Alveolar epithelium,457,1826452,0.8655
GSM9237974_unc30_3,GSM9237974,25,AAH,0.3,Adventitial fibroblasts,Stroma,Fibroblast lineage,3,29094,0.8655
GSM9237974_unc30_4,GSM9237974,25,AAH,0.3,Alveolar fibroblasts,Stroma,Fibroblast lineage,490,1104765,0.8655
GSM9237974_unc30_5,GSM9237974,25,AAH,0.3,Alveolar macrophages,Immune,Myeloid,53,271043,0.8655
GSM9237974_unc30_6,GSM9237974,25,AAH,0.3,B cells,Immune,Lymphoid,2,2145,0.8655
GSM9237974_unc30_7,GSM9237974,25,AAH,0.3,Basal resting,Epithelial,Airway epithelium,1,4550,0.8655
GSM9237974_unc30_8,GSM9237974,25,AAH,0.3,CD4 T cells,Immune,Lymphoid,79,108404,0.8655
GSM9237974_unc30_9,GSM9237974,25,AAH,0.3,CD8 T cells,Immune,Lymphoid,48,59246,0.8655
GSM9237974_unc30_10,GSM9237974,25,AAH,0.3,Classical monocytes,Immune,Myeloid,16,37870,0.8655
GSM9237974_unc30_11,GSM9237974,25,AAH,0.3,EC aerocyte capillary,Endothelial,Blood vessels,35,50155,0.8655
GSM9237974_unc30_12,GSM9237974,25,AAH,0.3,EC arterial,Endothelial,Blood vessels,65,105630,0.8655
GSM9237974_unc30_13,GSM9237974,25,AAH,0.3,EC general capillary,Endothelial,Blood vessels,50,65789,0.8655
GSM9237974_unc30_14,GSM9237974,25,AAH,0.3,EC venous pulmonary,Endothelial,Blood vessels,41,68935,0.8655
GSM9237974_unc30_15,GSM9237974,25,AAH,0.3,Goblet (nasal),Epithelial,Airway epithelium,1,30834,0.8655
GSM9237974_unc30_16,GSM9237974,25,AAH,0.3,Interstitial Mph perivascular,Immune,Myeloid,17,32166,0.8655
GSM9237974_unc30_17,GSM9237974,25,AAH,0.3,Lymphatic EC differentiating,Endothelial,Lymphatic EC,25,38633,0.8655
GSM9237974_unc30_18,GSM9237974,25,AAH,0.3,Mast cells,Immune,Myeloid,38,57979,0.8655
GSM9237974_unc30_19,GSM9237974,25,AAH,0.3,Migratory DCs,Immune,Myeloid,9,19670,0.8655
GSM9237974_unc30_20,GSM9237974,25,AAH,0.3,Monocyte-derived Mph,Immune,Myeloid,31,168243,0.8655
GSM9237974_unc30_21,GSM9237974,25,AAH,0.3,Multiciliated (non-nasal),Epithelial,Airway epithelium,7,55804,0.8655
GSM9237974_unc30_22,GSM9237974,25,AAH,0.3,Myofibroblasts,Stroma,Fibroblast lineage,1,1987,0.8655
GSM9237974_unc30_23,GSM9237974,25,AAH,0.3,NK cells,Immune,Lymphoid,5,6624,0.8655
GSM9237974_unc30_24,GSM9237974,25,AAH,0.3,Non-classical monocytes,Immune,Myeloid,4,8636,0.8655
GSM9237974_unc30_25,GSM9237974,25,AAH,0.3,Peribronchial fibroblasts,Stroma,Fibroblast lineage,11,42670,0.8655
GSM9237974_unc30_26,GSM9237974,25,AAH,0.3,Pericytes,Stroma,Fibroblast lineage,32,80358,0.8655
GSM9237974_unc30_27,GSM9237974,25,AAH,0.3,Plasma cells,Immune,Lymphoid,77,318246,0.8655
GSM9237974_unc30_28,GSM9237974,25,AAH,0.3,Plasmacytoid DCs,Immune,Myeloid,10,19387,0.8655
GSM9237974_unc30_29,GSM9237974,25,AAH,0.3,Smooth muscle,Stroma,Smooth muscle,2,3136,0.8655
GSM9237975_unc20_0,GSM9237975,25,LUAD,0.2,AT1,Epithelial,Alveolar epithelium,187,580821,0.8655
GSM9237975_unc20_1,GSM9237975,25,LUAD,0.2,AT2,Epithelial,Alveolar epithelium,366,1591110,0.8655
GSM9237975_unc20_2,GSM9237975,25,LUAD,0.2,AT2 proliferating,Epithelial,Alveolar epithelium,1,3389,0.8655
GSM9237975_unc20_3,GSM9237975,25,LUAD,0.2,Adventitial fibroblasts,Stroma,Fibroblast lineage,3,4374,0.8655
GSM9237975_unc20_4,GSM9237975,25,LUAD,0.2,Alveolar Mph proliferating,Immune,Myeloid,2,31450,0.8655
GSM9237975_unc20_5,GSM9237975,25,LUAD,0.2,Alveolar fibroblasts,Stroma,Fibroblast lineage,306,930531,0.8655
GSM9237975_unc20_6,GSM9237975,25,LUAD,0.2,Alveolar macrophages,Immune,Myeloid,112,671628,0.8655
GSM9237975_unc20_7,GSM9237975,25,LUAD,0.2,B cells,Immune,Lymphoid,241,373655,0.8655
GSM9237975_unc20_8,GSM9237975,25,LUAD,0.2,Basal resting,Epithelial,Airway epithelium,18,33713,0.8655
GSM9237975_unc20_9,GSM9237975,25,LUAD,0.2,CD4 T cells,Immune,Lymphoid,615,1128497,0.8655
GSM9237975_unc20_10,GSM9237975,25,LUAD,0.2,CD8 T cells,Immune,Lymphoid,870,1245160,0.8655
GSM9237975_unc20_11,GSM9237975,25,LUAD,0.2,Classical monocytes,Immune,Myeloid,19,39768,0.8655
GSM9237975_unc20_12,GSM9237975,25,LUAD,0.2,Club (nasal),Epithelial,Airway epithelium,5,28141,0.8655
GSM9237975_unc20_13,GSM9237975,25,LUAD,0.2,Deuterosomal,Epithelial,Airway epithelium,1,1745,0.8655
GSM9237975_unc20_14,GSM9237975,25,LUAD,0.2,EC aerocyte capillary,Endothelial,Blood vessels,31,58752,0.8655
GSM9237975_unc20_15,GSM9237975,25,LUAD,0.2,EC arterial,Endothelial,Blood vessels,50,181241,0.8655
GSM9237975_unc20_16,GSM9237975,25,LUAD,0.2,EC general capillary,Endothelial,Blood vessels,20,30812,0.8655
GSM9237975_unc20_17,GSM9237975,25,LUAD,0.2,EC venous pulmonary,Endothelial,Blood vessels,20,41793,0.8655
GSM9237975_unc20_18,GSM9237975,25,LUAD,0.2,EC venous systemic,Endothelial,Blood vessels,8,18041,0.8655
GSM9237975_unc20_19,GSM9237975,25,LUAD,0.2,Goblet (nasal),Epithelial,Airway epithelium,8,62266,0.8655
GSM9237975_unc20_20,GSM9237975,25,LUAD,0.2,Interstitial Mph perivascular,Immune,Myeloid,11,21307,0.8655
GSM9237975_unc20_21,GSM9237975,25,LUAD,0.2,Ionocyte,Epithelial,Airway epithelium,56,695903,0.8655
GSM9237975_unc20_22,GSM9237975,25,LUAD,0.2,Lymphatic EC differentiating,Endothelial,Lymphatic EC,18,48402,0.8655
GSM9237975_unc20_23,GSM9237975,25,LUAD,0.2,Lymphatic EC mature,Endothelial,Lymphatic EC,22,54961,0.8655
GSM9237975_unc20_24,GSM9237975,25,LUAD,0.2,Mast cells,Immune,Myeloid,21,38667,0.8655
GSM9237975_unc20_25,GSM9237975,25,LUAD,0.2,Migratory DCs,Immune,Myeloid,9,27727,0.8655
GSM9237975_unc20_26,GSM9237975,25,LUAD,0.2,Monocyte-derived Mph,Immune,Myeloid,86,285614,0.8655
GSM9237975_unc20_27,GSM9237975,25,LUAD,0.2,Multiciliated (non-nasal),Epithelial,Airway epithelium,35,344733,0.8655
GSM9237975_unc20_28,GSM9237975,25,LUAD,0.2,Myofibroblasts,Stroma,Fibroblast lineage,6,9876,0.8655
GSM9237975_unc20_29,GSM9237975,25,LUAD,0.2,NK cells,Immune,Lymphoid,7,10101,0.8655
GSM9237975_unc20_30,GSM9237975,25,LUAD,0.2,Non-classical monocytes,Immune,Myeloid,4,11196,0.8655
GSM9237975_unc20_31,GSM9237975,25,LUAD,0.2,Peribronchial fibroblasts,Stroma,Fibroblast lineage,910,3244597,0.8655
GSM9237975_unc20_32,GSM9237975,25,LUAD,0.2,Pericytes,Stroma,Fibroblast lineage,42,210202,0.8655
GSM9237975_unc20_33,GSM9237975,25,LUAD,0.2,Plasma cells,Immune,Lymphoid,3138,24181950,0.8655
GSM9237975_unc20_34,GSM9237975,25,LUAD,0.2,Plasmacytoid DCs,Immune,Myeloid,33,74078,0.8655
GSM9237975_unc20_35,GSM9237975,25,LUAD,0.2,Smooth muscle,Stroma,Smooth muscle,3,15340,0.8655
GSM9237975_unc20_36,GSM9237975,25,LUAD,0.2,Suprabasal,Epithelial,Airway epithelium,1,4469,0.8655
GSM9237975_unc20_37,GSM9237975,25,LUAD,0.2,T cells proliferating,Immune,Lymphoid,34,177036,0.8655
GSM9237975_unc20_38,GSM9237975,25,LUAD,0.2,Tuft,Epithelial,Airway epithelium,25,129091,0.8655
GSM9237975_unc30_0,GSM9237975,25,LUAD,0.3,AT1,Epithelial,Alveolar epithelium,200,631205,0.8655
GSM9237975_unc30_1,GSM9237975,25,LUAD,0.3,AT2,Epithelial,Alveolar epithelium,430,1951019,0.8655
GSM9237975_unc30_2,GSM9237975,25,LUAD,0.3,AT2 proliferating,Epithelial,Alveolar epithelium,4,12465,0.8655
GSM9237975_unc30_3,GSM9237975,25,LUAD,0.3,Adventitial fibroblasts,Stroma,Fibroblast lineage,6,9449,0.8655
GSM9237975_unc30_4,GSM9237975,25,LUAD,0.3,Alveolar Mph proliferating,Immune,Myeloid,4,43747,0.8655
GSM9237975_unc30_5,GSM9237975,25,LUAD,0.3,Alveolar fibroblasts,Stroma,Fibroblast lineage,382,1207484,0.8655
GSM9237975_unc30_6,GSM9237975,25,LUAD,0.3,Alveolar macrophages,Immune,Myeloid,220,1304430,0.8655
GSM9237975_unc30_7,GSM9237975,25,LUAD,0.3,B cells,Immune,Lymphoid,263,414981,0.8655
GSM9237975_unc30_8,GSM9237975,25,LUAD,0.3,Basal resting,Epithelial,Airway epithelium,32,65664,0.8655
GSM9237975_unc30_9,GSM9237975,25,LUAD,0.3,CD4 T cells,Immune,Lymphoid,746,1471389,0.8655
GSM9237975_unc30_10,GSM9237975,25,LUAD,0.3,CD8 T cells,Immune,Lymphoid,1094,1610888,0.8655
GSM9237975_unc30_11,GSM9237975,25,LUAD,0.3,Classical monocytes,Immune,Myeloid,26,55084,0.8655
GSM9237975_unc30_12,GSM9237975,25,LUAD,0.3,Club (nasal),Epithelial,Airway epithelium,12,64014,0.8655
GSM9237975_unc30_13,GSM9237975,25,LUAD,0.3,Deuterosomal,Epithelial,Airway epithelium,3,9723,0.8655
GSM9237975_unc30_14,GSM9237975,25,LUAD,0.3,EC aerocyte capillary,Endothelial,Blood vessels,34,66303,0.8655
GSM9237975_unc30_15,GSM9237975,25,LUAD,0.3,EC arterial,Endothelial,Blood vessels,56,199661,0.8655
GSM9237975_unc30_16,GSM9237975,25,LUAD,0.3,EC general capillary,Endothelial,Blood vessels,38,81849,0.8655
GSM9237975_unc30_17,GSM9237975,25,LUAD,0.3,EC venous pulmonary,Endothelial,Blood vessels,22,49680,0.8655
GSM9237975_unc30_18,GSM9237975,25,LUAD,0.3,EC venous systemic,Endothelial,Blood vessels,19,41546,0.8655
GSM9237975_unc30_19,GSM9237975,25,LUAD,0.3,Goblet (nasal),Epithelial,Airway epithelium,11,77565,0.8655
GSM9237975_unc30_20,GSM9237975,25,LUAD,0.3,Hillock-like,Epithelial,Airway epithelium,2,10537,0.8655
GSM9237975_unc30_21,GSM9237975,25,LUAD,0.3,Interstitial Mph perivascular,Immune,Myeloid,29,56270,0.8655
GSM9237975_unc30_22,GSM9237975,25,LUAD,0.3,Ionocyte,Epithelial,Airway epithelium,107,1251305,0.8655
GSM9237975_unc30_23,GSM9237975,25,LUAD,0.3,Lymphatic EC differentiating,Endothelial,Lymphatic EC,28,83308,0.8655
GSM9237975_unc30_24,GSM9237975,25,LUAD,0.3,Lymphatic EC mature,Endothelial,Lymphatic EC,29,70311,0.8655
GSM9237975_unc30_25,GSM9237975,25,LUAD,0.3,Mast cells,Immune,Myeloid,21,38667,0.8655
GSM9237975_unc30_26,GSM9237975,25,LUAD,0.3,Migratory DCs,Immune,Myeloid,12,45531,0.8655
GSM9237975_unc30_27,GSM9237975,25,LUAD,0.3,Monocyte-derived Mph,Immune,Myeloid,194,728590,0.8655
GSM9237975_unc30_28,GSM9237975,25,LUAD,0.3,Multiciliated (nasal),Epithelial,Airway epithelium,1,2159,0.8655
GSM9237975_unc30_29,GSM9237975,25,LUAD,0.3,Multiciliated (non-nasal),Epithelial,Airway epithelium,38,364452,0.8655
GSM9237975_unc30_30,GSM9237975,25,LUAD,0.3,Myofibroblasts,Stroma,Fibroblast lineage,15,27988,0.8655
GSM9237975_unc30_31,GSM9237975,25,LUAD,0.3,NK cells,Immune,Lymphoid,14,23084,0.8655
GSM9237975_unc30_32,GSM9237975,25,LUAD,0.3,Non-classical monocytes,Immune,Myeloid,4,11196,0.8655
GSM9237975_unc30_33,GSM9237975,25,LUAD,0.3,Peribronchial fibroblasts,Stroma,Fibroblast lineage,1157,4234477,0.8655
GSM9237975_unc30_34,GSM9237975,25,LUAD,0.3,Pericytes,Stroma,Fibroblast lineage,55,300364,0.8655
GSM9237975_unc30_35,GSM9237975,25,LUAD,0.3,Plasma cells,Immune,Lymphoid,3210,24523356,0.8655
GSM9237975_unc30_36,GSM9237975,25,LUAD,0.3,Plasmacytoid DCs,Immune,Myeloid,36,85598,0.8655
GSM9237975_unc30_37,GSM9237975,25,LUAD,0.3,SM activated stress response,Stroma,Smooth muscle,3,4732,0.8655
GSM9237975_unc30_38,GSM9237975,25,LUAD,0.3,Smooth muscle,Stroma,Smooth muscle,12,36744,0.8655
GSM9237975_unc30_39,GSM9237975,25,LUAD,0.3,Suprabasal,Epithelial,Airway epithelium,1,4469,0.8655
GSM9237975_unc30_40,GSM9237975,25,LUAD,0.3,T cells proliferating,Immune,Lymphoid,65,453173,0.8655
GSM9237975_unc30_41,GSM9237975,25,LUAD,0.3,Tuft,Epithelial,Airway epithelium,65,747589,0.8655
