compartment,collection,set,discovery_nes,held_out_nes,discovery_fdr,held_out_fdr,replicates,discovery_eligible,discovery_Direction,discovery_Correlation,discovery_PValue,discovery_FDR_global,discovery_FDR_original_family,discovery_NGenes,discovery_n_first,discovery_n_second,discovery_residual_df,discovery_fixed001_eligible,discovery_fixed001_Direction,discovery_fixed001_PValue,discovery_fixed001_FDR_global,discovery_lodo_omissions,discovery_lodo_direction_reversals,discovery_lodo_min_p,discovery_lodo_max_p,discovery_lodo_max_FDR_candidate_family,discovery_lodo_below_floor_omissions,discovery_lodo_worst_donor,validation_eligible,validation_Direction,validation_Correlation,validation_PValue,validation_FDR_global,validation_FDR_original_family,validation_NGenes,validation_n_first,validation_n_second,validation_residual_df,validation_fixed001_eligible,validation_fixed001_Direction,validation_fixed001_PValue,validation_fixed001_FDR_global,validation_lodo_omissions,validation_lodo_direction_reversals,validation_lodo_min_p,validation_lodo_max_p,validation_lodo_max_FDR_candidate_family,validation_lodo_below_floor_omissions,validation_lodo_worst_donor,corrected_replicated,fixed001_replicated
AT2,hallmark,HALLMARK_COAGULATION,2.103492482709297,2.1627224959465967,0.0036925917378259,0.0,True,True,Up,0.138255708325833,0.13884054929149,0.98466876614658,0.986412799076232,72,3,10,11,True,Up,6.18135248978373e-05,0.0040434439712492,13,0,0.0712255329330529,0.579394063205513,0.651818321106202,3,158I,True,Up,0.0482107255985005,0.0144878664786077,0.298951448799952,0.043463599435823105,85.0,8.0,6.0,12.0,True,Up,2.33413132982369e-06,5.92869357775218e-05,14.0,0.0,0.0051139289696488,0.0268926857013416,0.0806780571040248,0.0,VUILD61,False,True
AT2,hallmark,HALLMARK_ANGIOGENESIS,2.0766131551622053,1.3844205022754392,0.0018462958689129,0.0368561278863232,True,True,Up,0.0713375498225911,0.101756633131761,0.98466876614658,0.986412799076232,22,3,10,11,True,Up,0.0103492033085515,0.17717367925803,13,0,0.0379898521305598,0.350200901289842,0.555105153293542,3,022I,True,Up,0.0842097450948278,0.150820838191703,0.611537435012147,0.2262312572875545,24.0,8.0,6.0,12.0,True,Up,0.0177930194103496,0.0821713987314329,14.0,0.0,0.103534598158741,0.194473839255794,0.316859258581878,0.0,THD0001,False,False
AT2,hallmark,HALLMARK_MYOGENESIS,1.7102297558161463,1.9162400083911049,0.0289253019463035,0.0004440497335701,True,True,Up,0.0106360421629204,0.0210512944640644,0.98466876614658,0.986412799076232,89,3,10,11,True,Up,0.0063624820839121,0.131429283904906,13,0,0.006859697956108,0.13112774077096,0.495004741391302,3,158I,True,Up,0.012552417988843,0.0063022805454454,0.291653744849021,0.043463599435823105,107.0,8.0,6.0,12.0,True,Up,0.0004451086781408,0.0051389820112621,14.0,0.0,0.0041784708983988,0.010669800955569,0.0673366792873661,0.0,VUHD071,False,False
AT2,hallmark,HALLMARK_P53_PATHWAY,1.6790647604993283,2.1272548553317305,0.0272328640664666,0.0,True,True,Up,0.0583911090663793,0.327027332980488,0.995792328488876,0.986412799076232,161,3,10,11,True,Up,0.0412007985060544,0.352155273194722,13,0,0.142687858989515,0.523471136939968,0.584199563876683,3,225I,True,Up,0.0169757574887602,0.0614890210065046,0.440585146653891,0.13835029726463535,176.0,8.0,6.0,12.0,True,Up,0.0132784703983375,0.0648602207918794,14.0,0.0,0.034754203942776,0.0923753036136409,0.191898011364713,0.0,VUHD071,False,False
AT2,hallmark,HALLMARK_ANDROGEN_RESPONSE,1.6772478621458242,1.41155843840157,0.0217862912531733,0.0284191829484902,True,True,Up,0.0353838210781366,0.243180308683581,0.985010367951267,0.986412799076232,90,3,10,11,True,Up,0.0679925265012104,0.437738033616845,13,0,0.146240720987157,0.606891934487926,0.606891934487926,3,022I,True,Up,0.0758622013405708,0.657365007785238,0.924390900960435,0.657365007785238,91.0,8.0,6.0,12.0,True,Up,0.356632892968265,0.534683053030211,14.0,0.0,0.515864526019291,0.852212232637637,0.852212232637637,0.0,VUILD53,False,False
AT2,hallmark,HALLMARK_ESTROGEN_RESPONSE_EARLY,1.6585534479164346,1.305786372755626,0.020616970536195,0.060588119202684,False,True,Up,0.0095631488777453,0.251073586994525,0.987296879796168,0.986412799076232,143,3,10,11,True,Up,0.231725317990139,0.69347449724414,13,0,0.0947339308932116,0.431748452561644,0.555105153293542,3,022I,True,Up,0.0273273585211623,0.615611108404632,0.914416500203372,0.657365007785238,159.0,8.0,6.0,12.0,True,Up,0.459874499955866,0.608375640566615,14.0,0.0,0.442722842578196,0.829893583994853,0.845536364113253,0.0,VUILD64,False,False
AT2,hallmark,HALLMARK_EPITHELIAL_MESENCHYMAL_TRANSITION,1.624384181654988,2.619698990898998,0.0261118987174837,0.0,True,True,Up,0.120923816386962,0.295499778151155,0.991237778555926,0.986412799076232,100,3,10,11,True,Up,0.005133380576835,0.118773873302884,13,0,0.131492592173138,0.506235478724746,0.56951491356534,3,022I,True,Up,0.0896494077403203,0.0097165445656184,0.291653744849021,0.043463599435823105,120.0,8.0,6.0,12.0,True,Up,1.5827863742262399e-12,4.02027739053464e-10,14.0,0.0,0.005706096093194,0.0164147685475925,0.0673366792873661,0.0,VUILD59,False,False
AT2,hallmark,HALLMARK_COMPLEMENT,1.5992855930528307,1.511430825317968,0.0300023078698361,0.0156897572528123,True,True,Up,0.035359713765628,0.345401048286002,0.996828503415802,0.986412799076232,133,3,10,11,True,Up,0.123938787088391,0.55207201629915,13,0,0.160659792934914,0.652205677124983,0.652205677124983,3,158I,True,Up,0.0199553945588054,0.200553099681953,0.6460680377444,0.2578539853053682,137.0,8.0,6.0,12.0,True,Up,0.0895900728791231,0.244196225764662,14.0,0.0,0.111851885626606,0.300044725527074,0.385771789963381,0.0,THD0001,False,False
AT2,hallmark,HALLMARK_ALLOGRAFT_REJECTION,1.5411581006415227,1.7788242653680153,0.0432853809267379,0.0017761989342806,True,True,Up,0.0529480148212652,0.300442486029117,0.991237778555926,0.986412799076232,96,3,10,11,True,Up,0.0564083776702337,0.400911856587167,13,0,0.177555943710211,0.433600568225814,0.555105153293542,3,396C,True,Up,0.0338817914417783,0.13487145704689,0.570955834831833,0.2262312572875545,103.0,8.0,6.0,12.0,True,Up,0.0173962854816543,0.0818269724507445,14.0,0.0,0.0764146113865233,0.211239505721252,0.316859258581878,0.0,THD0001,False,False
fibroblasts,hallmark,HALLMARK_TNFA_SIGNALING_VIA_NFKB,-2.398547734023584,2.4837975143205915,0.0,0.0,False,True,Down,0.17499739772248,0.1191611054173,0.98466876614658,0.6000732113726417,183,18,4,20,True,Down,2.96939956992218e-08,6.44910173781221e-06,22,0,0.0353103230692763,0.291963538897039,0.31850567879677,0,192C,True,Up,0.255468827420098,0.125021204186552,0.557112032690952,0.3236782716244425,166.0,7.0,3.0,8.0,True,Up,5.764080651491839e-12,7.32038242739463e-10,10.0,0.0,0.081246942035995,0.280199126100158,0.805572487537954,3.0,VUHD65,False,False
fibroblasts,hallmark,HALLMARK_REACTIVE_OXYGEN_SPECIES_PATHWAY,-2.3691419576731243,-1.3196295867840877,0.0,0.0985337243401759,False,True,Down,0.0380979961286605,0.0079239895536493,0.98466876614658,0.254268528668645,45,18,4,20,True,Down,5.86432248024532e-05,0.0039331788179215,22,0,0.0018762386254922,0.0193358431118423,0.0370605255274383,0,192C,True,Down,0.0443026775733535,0.187171525341796,0.6460680377444,0.3236782716244425,42.0,7.0,3.0,8.0,True,Down,0.0416671542555697,0.137447495856035,10.0,0.0,0.0719662953311566,0.367313578344068,0.832090123086954,3.0,VUHD65,False,False
fibroblasts,hallmark,HALLMARK_EPITHELIAL_MESENCHYMAL_TRANSITION,2.095014883436121,1.6177028479841569,0.0,0.0040357004268529,True,True,Up,0.0652363420367812,0.0537727053230195,0.98466876614658,0.4574979488474101,190,18,4,20,True,Up,1.12022244273967e-05,0.0010322606283228,22,0,0.0296622511659702,0.097897583096605,0.106797363378115,0,098C,True,Up,0.0312195377166799,0.215785514416295,0.6460680377444,0.3236782716244425,174.0,7.0,3.0,8.0,True,Up,0.0399592949670352,0.136621132138711,10.0,0.0,0.141635059775936,0.384383566992421,0.847055950623621,3.0,VUHD65,False,False
fibroblasts,hallmark,HALLMARK_INFLAMMATORY_RESPONSE,-1.9845844306233305,1.7360188269571484,0.0011351909184726,0.0027939464493597,False,True,Down,0.062260673088748,0.087375601384057,0.98466876614658,0.6000732113726417,144,18,4,20,True,Down,0.0002915806885644,0.0138519046627344,22,0,0.0232195130962659,0.309657675191315,0.323121052373546,0,192C,True,Up,0.0860621022691338,0.171928374410063,0.642203045590531,0.3236782716244425,105.0,7.0,3.0,8.0,True,Up,0.0009467971682637,0.0089069066940367,10.0,0.0,0.115890208165286,0.40419821402127,0.832090123086954,3.0,VUHD65,False,False
fibroblasts,hallmark,HALLMARK_XENOBIOTIC_METABOLISM,-1.8760214081779611,-1.2161553662140352,0.0025541795665634,0.1049853372434017,False,True,Down,0.0204526368355495,0.0101707411467458,0.98466876614658,0.254268528668645,147,18,4,20,True,Down,0.0003076656186642,0.0143626985065437,22,0,0.0009978728059578,0.0207447488332899,0.0370605255274383,0,192C,True,Down,0.007416944336052,0.348714828078685,0.752511849463317,0.418457793694422,134.0,7.0,3.0,8.0,True,Down,0.357858736280063,0.534683053030211,10.0,0.0,0.239667797839935,0.556231388884453,0.985456011234368,3.0,VUHD66,False,False
fibroblasts,hallmark,HALLMARK_APICAL_JUNCTION,1.734727485072723,1.2244291700544698,0.0057877813504823,0.1287543655413271,False,True,Up,0.010773257967317,0.0548997538616892,0.98466876614658,0.4574979488474101,155,18,4,20,True,Up,0.0370000879602525,0.333409806220065,22,0,0.0265555107357919,0.123491003508572,0.128860177574162,0,098C,True,Up,0.010297647309301,0.450369157261687,0.831526932534085,0.450369157261687,121.0,7.0,3.0,8.0,True,Up,0.423788268596692,0.576947089415473,10.0,0.0,0.201396554377072,0.57652348026515,0.985456011234368,3.0,VUHD67,False,False
fibroblasts,gobp,GOBP_CYTOPLASMIC_TRANSLATION,-2.3048926688447744,-2.342965087630847,0.0042218605025192,0.0,True,True,Down,0.208621852124612,0.137860961337576,0.98466876614658,0.8116042750081883,151,18,4,20,True,Down,2.98203251064262e-08,6.44910173781221e-06,22,0,0.0345577423917206,0.361380130630578,0.361380130630578,0,192C,True,Down,0.287677193918803,0.449931057617397,0.831526932534085,0.971821522370965,150.0,7.0,3.0,8.0,True,Down,0.0008887357115654,0.0086822642591395,10.0,0.0,0.251018191353106,0.828550332358761,0.866211711102341,3.0,VUHD65,False,True
fibroblasts,gobp,GOBP_REGULATION_OF_MACROPHAGE_DERIVED_FOAM_CELL_DIFFERENTIATION,-2.2867642779934134,-1.3720459851958788,0.0028145736683461,0.1706256792423536,False,True,Down,0.0486272283015335,0.0018902189151988,0.98466876614658,0.39077449478770954,23,18,4,20,True,Down,3.23740388707125e-06,0.0003649656275669,22,0,0.000487189211434,0.004878370878318,0.0147339019276026,0,098C,True,Down,0.0991415215861038,0.451774475156314,0.831526932534085,0.971821522370965,17.0,7.0,3.0,8.0,True,Down,0.237798898784702,0.447414224380105,10.0,0.0,0.0981356507206869,0.783783553186052,0.985456011234368,3.0,VUHD66,False,False
fibroblasts,gobp,GOBP_FOAM_CELL_DIFFERENTIATION,-2.2200355617036047,-1.132343750549379,0.0107891990619936,0.3701599130569787,False,True,Down,0.0366872721625662,0.004251015020796,0.98466876614658,0.4648973180178982,31,18,4,20,True,Down,4.19290628096079e-05,0.0029621485239561,22,0,0.0014084610056084,0.0098941488500926,0.0215872338547475,0,1372C,True,Down,0.0433210754631935,0.709191856142779,0.940704731361216,0.971821522370965,22.0,7.0,3.0,8.0,True,Down,0.627385631362765,0.762468662038958,10.0,1.0,0.195301999631277,0.938254775078922,0.985456011234368,3.0,VUHD67,False,False
fibroblasts,gobp,GOBP_REGULATION_OF_ACUTE_INFLAMMATORY_RESPONSE,-2.1539211037954606,1.9424269854639384,0.0175910854271635,0.0056823562837389,False,True,Down,0.027763434129163,0.0139258098980346,0.98466876614658,0.6413109230914695,25,18,4,20,True,Down,0.0017889121310803,0.0541631481515948,22,0,0.0040245724569881,0.0456656133799793,0.0576828800589213,0,192C,True,Up,0.0004294359340274,0.0102993741868426,0.291653744849021,0.1750893611763242,16.0,7.0,3.0,8.0,True,Up,0.0018092147591251,0.0139254711762964,10.0,0.0,0.0109539670623071,0.0304619617859824,0.592897291107785,3.0,VUHD66,False,False
fibroblasts,gobp,GOBP_REGULATION_OF_LIPID_STORAGE,-2.1359865060795777,-0.993007534528695,0.0191391009447539,0.5417637012886198,False,True,Down,0.0488348740874593,0.0125799178431799,0.98466876614658,0.6368355511047448,40,18,4,20,True,Down,7.49549219480593e-05,0.0047517685110576,22,0,0.002752720879316,0.0311162444190806,0.0414883258921075,0,1372C,True,Up,0.0261505458362269,0.931768336670415,1.0,0.971821522370965,32.0,7.0,3.0,8.0,True,Up,0.917299465054461,0.991464102654609,10.0,5.0,0.527221872863369,0.942610097702439,0.987336363629245,3.0,VUHD67,False,False
fibroblasts,gobp,GOBP_ESTABLISHMENT_OF_TISSUE_POLARITY,2.1326217368468274,-1.1800209357655194,0.0026820561997926,0.3719531128706723,False,True,Up,0.0260517190890761,0.002654521023511,0.98466876614658,0.4602644413507296,30,18,4,20,True,Up,6.36636535721941e-05,0.0041389186313162,22,0,0.0008458885263346,0.0078361925765405,0.0219943603364217,0,222C,True,Down,0.0715814220187118,0.908344830591552,1.0,0.971821522370965,23.0,7.0,3.0,8.0,True,Down,0.863018485475738,0.944856445305335,10.0,2.0,0.576145791143013,0.995457936772648,0.995457936772648,3.0,VUILD59,False,False
fibroblasts,gobp,GOBP_MORPHOGENESIS_OF_A_POLARIZED_EPITHELIUM,2.0973701324839222,0.9770107377737052,0.0031290655664247,0.8171544022476877,False,True,Up,0.0189740637430034,0.0011797954551505,0.98466876614658,0.374638684076427,52,18,4,20,True,Up,1.6250149887382e-05,0.0013666891933062,22,0,9.3895270270438e-05,0.0061433780524303,0.0150127148173015,0,222C,True,Up,0.0392277759714897,0.57321684367305,0.893233609159232,0.971821522370965,42.0,7.0,3.0,8.0,True,Up,0.424760258742887,0.576947089415473,10.0,0.0,0.282582981995315,0.825926350559287,0.985456011234368,3.0,VUHD65,False,False
fibroblasts,gobp,GOBP_COLLAGEN_FIBRIL_ORGANIZATION,2.0926324324146663,1.0627064659686625,0.0023840499553712,0.731887489345582,False,True,Up,0.0559845896541722,0.0194280974828652,0.98466876614658,0.703197065046863,61,18,4,20,True,Up,2.78369559821483e-05,0.0021070587324487,22,0,0.0047514504221999,0.0372221339354752,0.0470174323395476,0,098C,True,Down,0.0875014662741019,0.607101589699258,0.909371669445764,0.971821522370965,51.0,7.0,3.0,8.0,True,Down,0.311654873942103,0.502899133272092,10.0,0.0,0.467845134533051,0.773869334792144,0.985456011234368,3.0,VUHD65,False,False
fibroblasts,gobp,GOBP_POSITIVE_REGULATION_OF_NITRIC_OXIDE_METABOLIC_PROCESS,-2.077145166326754,1.450444914549276,0.0403422225796284,0.1318780187517757,False,True,Down,-0.004348558477784,0.0001166104376463,0.915615838410594,0.3018067494166465,29,18,4,20,True,Down,2.48149570034093e-05,0.0019194459807673,22,0,7.03879624761123e-05,0.0004780879030944,0.0067234153865856,0,192C,True,Up,0.0638157651564992,0.544398673280206,0.8863927116229,0.971821522370965,24.0,7.0,3.0,8.0,True,Up,0.37017613852162,0.543495602222494,10.0,0.0,0.340397155172596,0.74760095258216,0.985456011234368,3.0,VUILD53,False,False
fibroblasts,gobp,GOBP_NEGATIVE_REGULATION_OF_REACTIVE_OXYGEN_SPECIES_METABOLIC_PROCESS,-2.057678658094101,-1.4571611617440638,0.0436258918593656,0.1570408321689179,False,True,Down,-0.0016647711211823,0.0053588542136952,0.98466876614658,0.5059048045523604,30,18,4,20,True,Down,0.0059633874975127,0.126895617090649,22,0,0.0021683843637724,0.0153623658395435,0.0352505656568877,0,222C,True,Down,0.0413718025152217,0.146508839612861,0.61005320101093,0.6226625683546593,26.0,7.0,3.0,8.0,True,Down,0.0403408854740289,0.136621132138711,10.0,0.0,0.0921591580413075,0.256087966934007,0.805572487537954,3.0,VUHD67,False,False
fibroblasts,gobp,GOBP_CELLULAR_RESPONSE_TO_FATTY_ACID,-2.0443250070792502,1.648773195563851,0.0430981592965507,0.0451431638097042,False,True,Down,-0.0168544802184707,0.0007412166892113,0.981834156946612,0.32363373692688385,22,18,4,20,True,Down,0.0002995393410352,0.0140452141457982,22,0,0.0006418774812186,0.0023023736317643,0.0127469485076837,0,192C,True,Up,-0.0039468775357231,0.0478547647554939,0.392100330577273,0.35385578707635357,21.0,7.0,3.0,8.0,True,Up,0.0331053395565485,0.123658180108284,10.0,0.0,0.0290722725766727,0.0973046594250466,0.703482987734162,3.0,VUHD67,False,False
fibroblasts,gobp,GOBP_REGULATION_OF_REACTIVE_OXYGEN_SPECIES_BIOSYNTHETIC_PROCESS,-2.0395346461970463,0.627682288449938,0.0411240485986134,0.9544464437920258,False,True,Down,0.0003001486541618,0.0037630182652223,0.98466876614658,0.4648973180178982,25,18,4,20,True,Down,0.0031354643294524,0.0820407790103881,22,0,0.0028722995963862,0.0146877356903699,0.0352505656568877,0,192C,True,Up,-0.0264590165792565,0.790470703234891,0.951561889202191,0.971821522370965,22.0,7.0,3.0,8.0,True,Up,0.802732586501106,0.890367148346204,10.0,1.0,0.474950276022411,0.961819773623785,0.987336363629245,3.0,TILD028,False,False
fibroblasts,gobp,GOBP_ZYMOGEN_ACTIVATION,-2.0387747842305064,0.7841868710166225,0.0372931011055867,0.8904462754259136,False,True,Down,0.0572811300547744,0.008740981484938,0.98466876614658,0.5871586216709314,40,18,4,20,True,Down,9.4928063522624e-06,0.0009228923753662,22,0,0.0042418239427036,0.0247320553779089,0.0370980830668634,0,192C,True,Down,0.0642165909350068,0.830390259893745,0.969433140997359,0.971821522370965,35.0,7.0,3.0,8.0,True,Down,0.733210550443033,0.835136680773678,10.0,2.0,0.525591403966971,0.982362147652167,0.985456011234368,3.0,TILD015,False,False
fibroblasts,gobp,GOBP_POSITIVE_REGULATION_OF_LIPID_STORAGE,-2.0241593146772683,,0.0402995775240474,,False,True,Down,0.0514372715855326,0.0108041264996605,0.98466876614658,0.6246305808057955,17,18,4,20,True,Down,0.0004285009094982,0.0193226559061836,22,0,0.0057206540105534,0.0231628284546489,0.0370605255274383,0,192C,False,,,,,,,,,,False,,,,,,,,,,,False,False
fibroblasts,gobp,GOBP_PLASMINOGEN_ACTIVATION,-2.010408287774501,0.9574708754674316,0.0419840572194969,0.6519320011364712,False,True,Down,0.176466323584034,0.0690996369595691,0.98466876614658,0.7996936708404295,16,18,4,20,True,Down,0.0006279663643679,0.0263026069691973,22,0,0.0220525058081785,0.188408224637264,0.215323685299731,0,192C,True,Down,0.112472471767183,0.93872359434488,1.0,0.971821522370965,16.0,7.0,3.0,8.0,True,Down,0.903529832612602,0.984963851860949,10.0,4.0,0.697492082142732,0.99785555313242,0.99785555313242,3.0,VUHD67,False,False
fibroblasts,gobp,GOBP_DETOXIFICATION,-1.992776593904396,-0.9594491745263836,0.0462239598609159,0.5232106815711846,False,True,Down,0.01639209705022,0.0028988885513072,0.98466876614658,0.4602644413507296,105,18,4,20,True,Down,9.52535028637605e-05,0.0058271221526234,22,0,0.0014289506127716,0.0102763190058916,0.0308289570176748,0,192C,True,Down,0.032156737368854,0.436083121826202,0.826605320476532,0.971821522370965,84.0,7.0,3.0,8.0,True,Down,0.24629381766219,0.454605325267239,10.0,0.0,0.218500929552388,0.789927227850054,0.955385933794522,3.0,TILD015,False,False
fibroblasts,gobp,GOBP_REGULATION_OF_REACTIVE_OXYGEN_SPECIES_METABOLIC_PROCESS,-1.9920841763879655,0.9714914986436108,0.0433243303948999,0.7111063006507651,False,True,Down,0.0034707613082071,0.0002268642329529,0.915615838410594,0.3018067494166465,103,18,4,20,True,Down,0.0002391721123646,0.0118990933085811,22,0,3.57841980924687e-05,0.0005602846155488,0.0067234153865856,0,192C,True,Up,0.0066478445143571,0.971821522370965,1.0,0.971821522370965,90.0,7.0,3.0,8.0,True,Up,0.973309648301993,1.0,10.0,5.0,0.654646024090353,0.905626928857914,0.985456011234368,3.0,TILD001,False,False
fibroblasts,gobp,GOBP_POSITIVE_REGULATION_OF_LAMELLIPODIUM_ORGANIZATION,1.935019297701464,1.8371708482403213,0.0482770115962672,0.0075764750449853,True,True,Up,0.0244149310377223,0.0927307388379675,0.98466876614658,0.8116042750081883,30,18,4,20,True,Up,0.0422478510310417,0.35503606453287,22,0,0.0543690591408208,0.172464566910502,0.179683127403227,0,222C,True,Up,0.0358592431866168,0.0624451388958271,0.440585146653891,0.35385578707635357,26.0,7.0,3.0,8.0,True,Up,0.0077341262455115,0.0427058275295639,10.0,0.0,0.0043285508722031,0.18764403607674,0.703482987734162,3.0,VUHD66,False,False
macrophages,hallmark,HALLMARK_E2F_TARGETS,3.830909006417469,2.482859963327551,0.0,0.0,True,True,Up,0.183537364484524,0.0028858133946183,0.98466876614658,0.144290669730915,196,32,27,57,True,Up,5.326945945701889e-28,5.6449646186603e-24,59,0,0.0012019158970237,0.0046027488266829,0.107112370508945,0,483C,True,Up,0.112982334937014,0.0869051538862346,0.513346722955897,0.18357985424111728,194.0,12.0,9.0,19.0,True,Up,5.06496666675967e-07,1.6081269166962e-05,21.0,0.0,0.0292210297678114,0.21933390861742,0.994247049154543,0.0,VUILD59,False,True
macrophages,hallmark,HALLMARK_MYC_TARGETS_V1,3.60130480046229,1.948835829382936,0.0,0.0005424954792043,True,True,Up,0.345289406962501,0.0376498151579776,0.98466876614658,0.21034803607430502,190,32,27,57,True,Up,2.78444624108018e-24,1.47533884083633e-20,59,0,0.0238818878592924,0.0450791171318028,0.112493773438458,0,483C,True,Up,0.11922024328588,0.267293816842702,0.681331876194416,0.370099131012972,193.0,12.0,9.0,19.0,True,Up,0.0011079784088148,0.0097043626151371,21.0,0.0,0.151111897165634,0.460854540900802,0.994247049154543,0.0,THD0005,False,True
macrophages,hallmark,HALLMARK_OXIDATIVE_PHOSPHORYLATION,3.309382674093213,-0.7986270408717373,0.0,0.9136887608069164,False,True,Up,0.404301435538828,0.112671733269704,0.98466876614658,0.30908284334104497,192,32,27,57,True,Up,7.65389614903233e-17,2.0277084372823899e-13,59,0,0.0773009097231694,0.127647498141825,0.151205419467345,0,084C,True,Down,0.247977079508015,0.925191214464474,1.0,0.949970894934875,184.0,12.0,9.0,19.0,True,Down,0.700715209268207,0.812701658238012,21.0,5.0,0.577850255451404,0.982867419749343,0.998854917801185,0.0,VUHD65,False,False
macrophages,hallmark,HALLMARK_MYC_TARGETS_V2,3.082729193161904,1.6967128569597505,0.0,0.0014918625678119,True,True,Up,0.275774406737229,0.027841723746257,0.98466876614658,0.21034803607430502,56,32,27,57,True,Up,3.30497630035385e-13,2.18892711592811e-10,59,0,0.0186989571774164,0.0337999636824597,0.107112370508945,0,218C,True,Up,0.0464555865222825,0.0712006091832015,0.485441473735992,0.18357985424111728,57.0,12.0,9.0,19.0,True,Up,0.0037180168537837,0.0242147764323352,21.0,0.0,0.0405229098617092,0.162129982906629,0.928960983140688,0.0,VUILD59,False,True
macrophages,hallmark,HALLMARK_EPITHELIAL_MESENCHYMAL_TRANSITION,2.701555682775603,2.2119859932648254,0.0,0.0,True,True,Up,0.0989442830266641,0.0924498045457032,0.98466876614658,0.30908284334104497,186,32,27,57,True,Up,8.66471167192655e-06,0.0008581303699757,59,0,0.0571687978636993,0.109945499181932,0.1310465753404,0,228I,True,Up,0.0581996461375588,0.0284145733238354,0.328059164738827,0.1278655799572593,134.0,12.0,9.0,19.0,True,Up,4.53247569086802e-06,0.0001046589841345,21.0,0.0,0.0078347037352981,0.0470019811261348,0.440575649018713,0.0,THD0005,False,True
macrophages,hallmark,HALLMARK_G2M_CHECKPOINT,2.5868807589730176,2.314860915871332,0.0,0.0,True,True,Up,0.0947279324976117,0.0095508754789936,0.98466876614658,0.1591812579832267,195,32,27,57,True,Up,6.204751469534499e-12,2.52891351240989e-09,59,0,0.0051868445609223,0.0200349043779869,0.107112370508945,0,483C,True,Up,0.0565692424025657,0.0235394841574766,0.298951448799952,0.1278655799572593,184.0,12.0,9.0,19.0,True,Up,8.62618988905628e-07,2.43450247980033e-05,21.0,0.0,0.0115255264370352,0.0826287856942146,0.604044916109431,0.0,VUILD59,False,True
macrophages,hallmark,HALLMARK_COAGULATION,2.5358675458240736,2.2042946678941973,0.0,0.0,True,True,Up,0.0371518105245934,0.0093330429916574,0.98466876614658,0.1591812579832267,123,32,27,57,True,Up,2.19169498810449e-05,0.001746270059319,59,0,0.0025091010959827,0.011765931073143,0.107112370508945,0,001C,True,Up,0.032386098823278,0.020610417846203,0.298951448799952,0.1278655799572593,94.0,12.0,9.0,19.0,True,Up,0.0002761354135173,0.0035069197516709,21.0,0.0,0.0054631529195796,0.03551331545708,0.418167120146778,0.0,THD0005,False,True
macrophages,hallmark,HALLMARK_DNA_REPAIR,2.324165589725913,1.3644321265896746,0.0,0.0420433996383363,True,True,Up,0.197296872650088,0.121256692364854,0.98466876614658,0.30908284334104497,143,32,27,57,True,Up,5.35539354952862e-08,9.95633428848329e-06,59,0,0.0786416342278339,0.147076965730277,0.163372149277983,0,084C,True,Up,0.0591614027200605,0.799262681705762,0.956928270604864,0.8991705169189822,142.0,12.0,9.0,19.0,True,Up,0.612193153665622,0.754840102092562,21.0,2.0,0.60532109231821,0.990153423716733,0.998854917801185,0.0,VUILD59,False,False
macrophages,hallmark,HALLMARK_MTORC1_SIGNALING,2.2578603965066493,1.7937772094929936,0.0,0.000508589511754,True,True,Up,0.127737427068881,0.0446763838267014,0.98466876614658,0.21034803607430502,193,32,27,57,True,Up,1.3585519409309e-09,3.51135973610848e-07,59,0,0.0233601930700793,0.0579332796060929,0.112493773438458,0,483C,True,Up,0.053551257801279,0.0997269821310154,0.52653601368531,0.18357985424111728,191.0,12.0,9.0,19.0,True,Up,0.0006974346777776,0.0070859363262213,21.0,0.0,0.049088010341273,0.221003546378483,0.994247049154543,0.0,VUILD59,False,True
macrophages,hallmark,HALLMARK_CHOLESTEROL_HOMEOSTASIS,2.1319624326964,1.334011382872094,0.0005983928876731,0.0481464737793851,True,True,Up,0.0779907972248036,0.0238098883368547,0.98466876614658,0.21034803607430502,71,32,27,57,True,Up,6.09617338172624e-06,0.0006591954012872,59,0,0.0099990659580985,0.0299132840450665,0.107112370508945,0,228I,True,Up,0.0202547085783543,0.112187688702905,0.538719060655383,0.18357985424111728,68.0,12.0,9.0,19.0,True,Up,0.0479477522652465,0.154915266169783,21.0,0.0,0.0660556792891825,0.2484457920928,0.994247049154543,0.0,VUILD59,False,False
macrophages,hallmark,HALLMARK_GLYCOLYSIS,2.0899011189820627,1.3446832473185342,0.0005439935342482,0.0474683544303797,True,True,Up,0.0688008786484365,0.0281731410629378,0.98466876614658,0.21034803607430502,180,32,27,57,True,Up,8.92335701521067e-07,0.0001212318131925,59,0,0.0114665801908411,0.0380768811415829,0.107112370508945,0,483C,True,Up,0.0191695440869882,0.19396873433775,0.6460680377444,0.290953101506625,165.0,12.0,9.0,19.0,True,Up,0.0918818240786633,0.244196225764662,21.0,0.0,0.0946405778263442,0.365768258420454,0.994247049154543,0.0,THD0005,False,False
macrophages,hallmark,HALLMARK_ESTROGEN_RESPONSE_LATE,1.9659211620500785,1.7927162496512423,0.0009973214794551,0.0004520795660036,True,True,Up,0.0411079703603541,0.0337956812583311,0.98466876614658,0.21034803607430502,181,32,27,57,True,Up,0.0001677774027179,0.0088896856830091,59,0,0.0105292263978174,0.0454276835531227,0.107112370508945,0,160C,True,Up,0.020570237974489,0.0183996568528705,0.298951448799952,0.1278655799572593,149.0,12.0,9.0,19.0,True,Up,0.0010027578648729,0.0090964463456332,21.0,0.0,0.0092395919782054,0.0316572081943437,0.418167120146778,0.0,THD0005,False,True
macrophages,hallmark,HALLMARK_ADIPOGENESIS,1.916420884567627,-1.459307162906999,0.001380906663861,0.0376080691642651,False,True,Up,0.113722405353636,0.100726756117016,0.98466876614658,0.30908284334104497,192,32,27,57,True,Up,3.23423267775359e-06,0.0003649656275669,59,0,0.0603412902167917,0.12382813820046,0.151205419467345,0,084C,True,Down,0.0547264082195035,0.41617185924681,0.798343359884228,0.5350781047458986,177.0,12.0,9.0,19.0,True,Down,0.103403988641566,0.258201661738293,21.0,0.0,0.233993675934349,0.627285220926733,0.994247049154543,0.0,VUHD071,False,False
macrophages,hallmark,HALLMARK_FATTY_ACID_METABOLISM,1.9065759340816408,-1.3252535633210496,0.0017096939647803,0.0646253602305475,False,True,Up,0.131969020622596,0.106621486982742,0.98466876614658,0.30908284334104497,143,32,27,57,True,Up,2.919685016814e-06,0.0003363032839475,59,0,0.0690972519109565,0.127215119327016,0.151205419467345,0,218C,True,Down,0.093248367269109,0.543937553358178,0.8863927116229,0.6527250640298136,136.0,12.0,9.0,19.0,True,Down,0.137973657542285,0.310135478015402,21.0,0.0,0.366939753633953,0.731523676835879,0.994247049154543,0.0,VUHD68,False,False
macrophages,hallmark,HALLMARK_ANGIOGENESIS,1.8050635982978296,1.8562150401674489,0.0035903573260386,0.0005812451562903,True,True,Up,0.133399661551419,0.175685791447676,0.98466876614658,0.3660120655159917,31,32,27,57,True,Up,0.0071772641109973,0.14006900144427,59,0,0.115731477877521,0.201534818895093,0.209104201764392,0,001C,True,Up,0.146257966610036,0.109458003981667,0.538719060655383,0.18357985424111728,23.0,12.0,9.0,19.0,True,Up,0.0018062839518722,0.0139254711762964,21.0,0.0,0.0494440757438871,0.13821376452231,0.618231850832575,0.0,VUILD53,False,False
macrophages,hallmark,HALLMARK_COMPLEMENT,1.7760733223513223,1.9267584113688043,0.0041139511027526,0.0004520795660036,True,True,Up,0.0506796271739821,0.0906235506948051,0.98466876614658,0.30908284334104497,188,32,27,57,True,Up,0.0010191426678761,0.0358799164501125,59,0,0.041260922204302,0.117352889906984,0.14811308905094,0,483C,True,Up,0.0211117184798457,0.0364333680785864,0.392100330577273,0.13116012508291106,172.0,12.0,9.0,19.0,True,Up,0.0033628497962808,0.0237267735626482,21.0,0.0,0.0141905480574767,0.0617968452382282,0.503881968865553,0.0,VUILD59,False,True
macrophages,hallmark,HALLMARK_ALLOGRAFT_REJECTION,1.7442023350799043,1.5914348468982733,0.0042239497953395,0.0045618938024001,True,True,Up,0.0744753727200715,0.0988250231128477,0.98466876614658,0.30908284334104497,179,32,27,57,True,Up,0.0001474456133067,0.0081379227302701,59,0,0.0411024148993615,0.115562358226482,0.14811308905094,0,084C,True,Up,0.0340305776742755,0.0919721161822937,0.52653601368531,0.18357985424111728,169.0,12.0,9.0,19.0,True,Up,0.0050252172020946,0.0305366744739861,21.0,0.0,0.0470134664937535,0.156575604465946,0.922056337410574,0.0,VUILD59,False,True
macrophages,hallmark,HALLMARK_TGF_BETA_SIGNALING,-1.6314053180872037,0.9870288612623844,0.0336345722633689,0.4828209764918625,False,True,Down,0.0422618184295251,0.705061141660901,0.999547134545669,0.7834012685121122,51,32,27,57,True,Down,0.583820233057376,0.902515391642453,59,0,0.567205055438264,0.781761777395841,0.781761777395841,0,439C,True,Up,0.0682013513778022,0.949970894934875,1.0,0.949970894934875,52.0,12.0,9.0,19.0,True,Up,0.912886397447624,0.99091087586195,21.0,6.0,0.717887722977555,0.991043273976311,0.997314210268041,0.0,VUHD67,False,False
macrophages,gobp,GOBP_ATP_SYNTHESIS_COUPLED_ELECTRON_TRANSPORT,3.5436676364151127,1.5389334071441765,0.0,0.0699471587305827,False,True,Up,0.435902611537505,0.0688454009242217,0.98466876614658,0.7570258086515206,90,32,27,57,True,Up,1.97093227606092e-17,6.96198977647251e-14,59,0,0.0478868751021638,0.07680009942088,0.122175744877245,0,034C,True,Up,0.489458744646762,0.748070410706496,0.943148205097784,0.901551455604799,90.0,12.0,9.0,19.0,True,Up,0.114160348194452,0.273554041899914,21.0,1.0,0.535498098374806,0.949498112941864,0.998854917801185,0.0,THD0005,False,False
macrophages,gobp,GOBP_OXIDATIVE_PHOSPHORYLATION,3.454877992704655,1.4960440761064906,0.0,0.0865580812538181,False,True,Up,0.341004035887918,0.0687418482004882,0.98466876614658,0.7570258086515206,129,32,27,57,True,Up,2.5036999873539e-16,5.30634175319786e-13,59,0,0.0476284716115946,0.076843455957845,0.122175744877245,0,396C,True,Up,0.3462329281772,0.720225397376855,0.940704731361216,0.901551455604799,116.0,12.0,9.0,19.0,True,Up,0.113885718003846,0.273554041899914,21.0,1.0,0.521231354039664,0.979199347499965,0.998854917801185,0.0,THD0005,False,False
macrophages,gobp,GOBP_PROTON_MOTIVE_FORCE_DRIVEN_ATP_SYNTHESIS,3.4074045529146524,1.3645476504211769,0.0,0.1652194701158701,False,True,Up,0.518056303989601,0.0867049365203992,0.98466876614658,0.7570258086515206,63,32,27,57,True,Up,3.5280255172227705e-15,6.231081067668279e-12,59,0,0.0608500952299529,0.0966237055808397,0.134701896767959,0,034C,True,Up,0.42267433500349,0.722453317979958,0.940704731361216,0.901551455604799,55.0,12.0,9.0,19.0,True,Up,0.156725594533861,0.339481138881469,21.0,1.0,0.525909769004302,0.986915816538208,0.998854917801185,0.0,THD0005,False,False
macrophages,gobp,GOBP_MITOCHONDRIAL_TRANSLATION,3.338083921990467,0.8947347920759311,0.0,0.7338669559904111,False,True,Up,0.442391950462584,0.12470394750671,0.98466876614658,0.7570258086515206,121,32,27,57,True,Up,1.22454456479213e-14,1.2437207323933598e-11,59,0,0.0776737260068457,0.143952746946673,0.158839543166604,0,218C,True,Up,0.258395302815701,0.991097557729743,1.0,0.993536782928803,126.0,12.0,9.0,19.0,True,Up,0.965373396914143,1.0,21.0,10.0,0.708154913677179,0.995239300150257,0.997314210268041,0.0,TILD010,False,False
macrophages,gobp,GOBP_NUCLEOSIDE_TRIPHOSPHATE_BIOSYNTHETIC_PROCESS,3.307270096540293,1.353619652985858,0.0,0.1646455258391955,False,True,Up,0.324351982636586,0.0655073293270041,0.98466876614658,0.7570258086515206,106,32,27,57,True,Up,8.94000910954509e-15,1.1842159566731199e-11,59,0,0.0431256567614897,0.0738371307758184,0.121376676728358,0,084C,True,Up,0.217027214426495,0.633898514354074,0.922781089308149,0.9011388106668947,94.0,12.0,9.0,19.0,True,Up,0.109383616012282,0.267148446799228,21.0,0.0,0.450284255681784,0.948638305782747,0.996144076226255,0.0,THD0005,False,False
macrophages,gobp,GOBP_ATP_BIOSYNTHETIC_PROCESS,3.2942167149512245,1.369202643324945,0.0,0.1656591975566972,False,True,Up,0.39138790945837,0.0725234576257343,0.98466876614658,0.7570258086515206,82,32,27,57,True,Up,8.10914694696609e-15,1.1842159566731199e-11,59,0,0.0488175061281551,0.080772654787185,0.123834360688597,0,396C,True,Up,0.290755083691388,0.646148395063886,0.922781089308149,0.9011388106668947,72.0,12.0,9.0,19.0,True,Up,0.0974497642742157,0.252573878833171,21.0,0.0,0.453797256016032,0.932174366403147,0.996144076226255,0.0,THD0005,False,False
macrophages,gobp,GOBP_MITOCHONDRIAL_RESPIRATORY_CHAIN_COMPLEX_ASSEMBLY,3.17873726605334,1.5061340876857094,0.0,0.0831585361044789,False,True,Up,0.425159172217311,0.0931688057674769,0.98466876614658,0.7570258086515206,89,32,27,57,True,Up,1.2910189729477101e-14,1.2437207323933598e-11,59,0,0.0566296971808702,0.107019624089637,0.141813678816348,0,084C,True,Up,0.332048425774538,0.691317447899064,0.940704731361216,0.901551455604799,92.0,12.0,9.0,19.0,True,Up,0.103687281485456,0.258201661738293,21.0,0.0,0.500013645100219,0.970216127264827,0.998854917801185,0.0,THD0005,False,False
macrophages,gobp,GOBP_AEROBIC_RESPIRATION,3.135550878249821,1.116711562144902,0.0,0.3666042385801617,False,True,Up,0.28037735868111,0.0748733088339505,0.98466876614658,0.7570258086515206,175,32,27,57,True,Up,1.16255150099086e-14,1.2437207323933598e-11,59,0,0.0484648796913581,0.0853769218555099,0.125614670061356,0,084C,True,Up,0.239788297073062,0.858875647934127,0.980853098382615,0.9292803396276749,161.0,12.0,9.0,19.0,True,Up,0.484012985501051,0.630457940088549,21.0,2.0,0.644953226286873,0.981828628989265,0.998854917801185,0.0,VUILD59,False,False
macrophages,gobp,GOBP_MITOCHONDRIAL_ELECTRON_TRANSPORT_NADH_TO_UBIQUINONE,3.085437880962107,1.282622813272296,0.0,0.2072975496548826,False,True,Up,0.484526647192268,0.089603783130948,0.98466876614658,0.7570258086515206,46,32,27,57,True,Up,7.870243237491589e-12,2.97860598527494e-09,59,0,0.0598788752012551,0.100308077213493,0.139421918642654,0,084C,True,Up,0.482133037295959,0.772502963525519,0.947902187127932,0.9028046682165705,49.0,12.0,9.0,19.0,True,Up,0.236774791793115,0.447414224380105,21.0,1.0,0.561994690863309,0.939379728680242,0.998854917801185,0.0,THD0002,False,False
macrophages,gobp,GOBP_ELECTRON_TRANSPORT_CHAIN,3.0751812459446684,1.354983648205197,0.0,0.1653725947625704,False,True,Up,0.294074427339149,0.0761263465783541,0.98466876614658,0.7570258086515206,116,32,27,57,True,Up,3.92046697997873e-13,2.44383462275497e-10,59,0,0.0499560348146375,0.0866509684000928,0.125985947476451,0,084C,True,Up,0.31021365607196,0.788553679414732,0.951561889202191,0.9066551615318128,114.0,12.0,9.0,19.0,True,Up,0.263976622795084,0.47016388598876,21.0,1.0,0.571743635975514,0.944208949351159,0.998854917801185,0.0,THD0002,False,False
macrophages,gobp,GOBP_REGULATION_OF_MITOTIC_SISTER_CHROMATID_SEGREGATION,3.0027236238836505,0.9059234301392628,0.0,0.7129389795354123,False,True,Up,0.170472946928774,0.0048118514932079,0.98466876614658,0.7570258086515206,54,32,27,57,True,Up,6.11452585792796e-14,4.984279270497119e-11,59,0,0.002363486830367,0.0080785401990582,0.107112370508945,0,483C,True,Up,0.134133579133515,0.72057360641166,0.940704731361216,0.901551455604799,51.0,12.0,9.0,19.0,True,Up,0.411019994183131,0.576947089415473,21.0,1.0,0.392959829985072,0.910687088789584,0.996144076226255,0.0,VUHD67,False,False
macrophages,gobp,GOBP_NEGATIVE_REGULATION_OF_CHROMOSOME_SEGREGATION,2.9776926557464574,0.9171275254327844,0.0,0.6920223053290177,False,True,Up,0.18992412100694,0.0053446890722716,0.98466876614658,0.7570258086515206,49,32,27,57,True,Up,3.9143312839866803e-14,3.4566807180339e-11,59,0,0.0024508720860333,0.0083471954231249,0.107112370508945,0,483C,True,Up,0.150005645347532,0.721449252140363,0.940704731361216,0.901551455604799,46.0,12.0,9.0,19.0,True,Up,0.403261852709808,0.575441070720737,21.0,1.0,0.403574464978283,0.905981827878129,0.996144076226255,0.0,VUILD59,False,False
macrophages,gobp,GOBP_MITOCHONDRIAL_GENE_EXPRESSION,2.9740112943623336,0.8015841391463212,0.0,0.865419861035673,False,True,Up,0.373187946690412,0.143594260789651,0.98466876614658,0.7638340714677885,155,32,27,57,True,Up,1.22081483662173e-12,6.468487411840251e-10,59,0,0.0882039158862964,0.170063363403545,0.178123238446367,0,218C,True,Down,0.170776597756549,0.916175439210421,1.0,0.96074613625309,160.0,12.0,9.0,19.0,True,Down,0.725622224220663,0.833973054081667,21.0,5.0,0.630301870527497,0.995190249680065,0.995190249680065,0.0,VUHD67,False,False
macrophages,gobp,GOBP_MITOTIC_SISTER_CHROMATID_SEPARATION,2.921561652380594,1.159766586619016,0.0,0.3039318803453962,False,True,Up,0.17122617211382,0.0079374826129281,0.98466876614658,0.7570258086515206,62,32,27,57,True,Up,2.34790972120471e-13,1.65871995437375e-10,59,0,0.0045151001318544,0.0126072922891178,0.107112370508945,0,084C,True,Up,0.126162447664598,0.522179375588125,0.879782491609893,0.8623484816055503,59.0,12.0,9.0,19.0,True,Up,0.135078572572061,0.306338905654496,21.0,0.0,0.258613429608358,0.857249315023685,0.994247049154543,0.0,VUILD59,False,False
macrophages,gobp,GOBP_RIBOSOMAL_SMALL_SUBUNIT_BIOGENESIS,2.9179835733570694,0.7542028766245038,0.0,0.9158260524329582,False,True,Up,0.331969385577711,0.0870494505165197,0.98466876614658,0.7570258086515206,104,32,27,57,True,Up,4.52987014056351e-13,2.66683521553064e-10,59,0,0.0452499645642389,0.105711276503895,0.14162477199886,0,084C,True,Up,0.116777848674094,0.824454749915988,0.969433140997359,0.9245330721601253,100.0,12.0,9.0,19.0,True,Up,0.572626198159309,0.720034922437943,21.0,2.0,0.626343294674872,0.975007225117796,0.998854917801185,0.0,THD0002,False,False
macrophages,gobp,GOBP_NEGATIVE_REGULATION_OF_NUCLEAR_DIVISION,2.9068755382809384,0.951846871981342,0.0,0.6314517115444367,False,True,Up,0.137659972411492,0.0055539082399568,0.98466876614658,0.7570258086515206,60,32,27,57,True,Up,5.325492538201199e-12,2.25736977709272e-09,59,0,0.0023778503061419,0.0088551673523768,0.107112370508945,0,483C,True,Up,0.139831183825186,0.636111647153817,0.922781089308149,0.9011388106668947,53.0,12.0,9.0,19.0,True,Up,0.262489663174126,0.47016388598876,21.0,1.0,0.341523111784653,0.988904577980021,0.994247049154543,0.0,VUILD59,False,False
macrophages,gobp,GOBP_NADH_DEHYDROGENASE_COMPLEX_ASSEMBLY,2.8956378038328,1.5402467187544095,0.0,0.0710410668160407,False,True,Up,0.43650370019382,0.103952642325899,0.98466876614658,0.7570258086515206,55,32,27,57,True,Up,4.3126083960003296e-11,1.42814722413799e-08,59,0,0.0647847671234675,0.118968239075572,0.149386254748304,0,084C,True,Up,0.394338873512664,0.658719500290704,0.924390900960435,0.901551455604799,56.0,12.0,9.0,19.0,True,Up,0.0864250866358843,0.241230461599062,21.0,0.0,0.46418582599812,0.943696176421124,0.996144076226255,0.0,THD0005,False,False
macrophages,gobp,GOBP_CELLULAR_RESPIRATION,2.892080764484377,1.068837449083014,0.0,0.4193653278112993,False,True,Up,0.215111766213176,0.0776157781600102,0.98466876614658,0.7570258086515206,215,32,27,57,True,Up,3.843341227154299e-12,1.7707776949632202e-09,59,0,0.0496502115795661,0.0909793611622102,0.130561291018496,0,084C,True,Up,0.173433472199203,0.870333575068313,0.980853098382615,0.9292803396276749,196.0,12.0,9.0,19.0,True,Up,0.570583719010546,0.720034922437943,21.0,3.0,0.651838146561677,0.999432267318363,0.999432267318363,0.0,THD0001,False,False
macrophages,gobp,GOBP_CHROMOSOME_SEPARATION,2.8271708620878995,1.0839109138177434,0.0,0.4081387812448303,False,True,Up,0.143585595016335,0.009883202985535,0.98466876614658,0.7570258086515206,79,32,27,57,True,Up,2.96582347212626e-12,1.4285832424600902e-09,59,0,0.0066585218571376,0.017211149849507,0.107112370508945,0,084C,True,Up,0.104617916114662,0.493691870047804,0.86481196546305,0.8614817732617454,75.0,12.0,9.0,19.0,True,Up,0.118219112788513,0.277855171785,21.0,0.0,0.24016831107974,0.827065596594632,0.994247049154543,0.0,VUILD59,False,False
macrophages,gobp,GOBP_MITOTIC_SISTER_CHROMATID_SEGREGATION,2.826284187628814,1.3534901349132715,0.0,0.1624886348233958,False,True,Up,0.113637602983192,0.0123270062551421,0.98466876614658,0.7570258086515206,184,32,27,57,True,Up,7.98878267825237e-13,4.4556384232337e-10,59,0,0.0083631840561833,0.0227896543952897,0.107112370508945,0,084C,True,Up,0.0663368606210116,0.292616043503659,0.713760647378235,0.7391135224204619,181.0,12.0,9.0,19.0,True,Up,0.0202047392449291,0.0900351538282806,21.0,0.0,0.14083980394789,0.595180394081793,0.994247049154543,0.0,VUILD59,False,False
macrophages,gobp,GOBP_REGULATION_OF_MITOTIC_NUCLEAR_DIVISION,2.81988392416178,1.4778673054414122,0.0,0.0931474539531027,False,True,Up,0.0655773011742218,0.0043075063113397,0.98466876614658,0.7570258086515206,110,32,27,57,True,Up,4.500847748326841e-09,1.1091972927679e-06,59,0,0.0016870484682916,0.0084140260530728,0.107112370508945,0,084C,True,Up,0.0487959473439748,0.186787518502651,0.6460680377444,0.7083445986598179,99.0,12.0,9.0,19.0,True,Up,0.019416144539783,0.088066084162587,21.0,0.0,0.0805560197415985,0.40399081426913,0.994247049154543,0.0,VUILD59,False,False
macrophages,gobp,GOBP_CYTOPLASMIC_TRANSLATION,2.7461097716013825,-1.8678633899110524,0.0,0.0097682787998971,False,True,Up,0.426539742249018,0.180591268243572,0.98466876614658,0.7665696343747419,154,32,27,57,True,Up,4.34481145089778e-12,1.91841528938183e-09,59,0,0.126426047608912,0.212098364620016,0.221102540476526,0,084C,True,Down,0.250537233382339,0.533411431920959,0.879782491609893,0.8623484816055503,150.0,12.0,9.0,19.0,True,Down,0.0130062660394011,0.0647763053727035,21.0,0.0,0.21583942744698,0.669394483887861,0.994247049154543,0.0,TILD015,False,False
macrophages,gobp,GOBP_RESPIRATORY_CHAIN_COMPLEX_IV_ASSEMBLY,2.7299756898345384,1.181276991488324,0.0,0.2763082971872046,False,True,Up,0.465407113376465,0.0822145987299588,0.98466876614658,0.7570258086515206,24,32,27,57,True,Up,4.92888655084629e-08,9.32703763916395e-06,59,0,0.0463757227795895,0.0996819838740839,0.134856974528713,0,218C,True,Up,0.31893716726095,0.688477870129115,0.940704731361216,0.901551455604799,25.0,12.0,9.0,19.0,True,Up,0.282450869248975,0.484746762089458,21.0,0.0,0.52159810409019,0.949185553726013,0.998854917801185,0.0,THD0005,False,False
macrophages,gobp,GOBP_REGULATION_OF_NUCLEAR_DIVISION,2.6958990456926224,1.4650589100121474,0.0,0.0998116364478211,False,True,Up,0.0416585291023448,0.0023483992875055,0.98466876614658,0.7570258086515206,131,32,27,57,True,Up,1.07405249479368e-07,1.86585807988994e-05,59,0,0.0006303097771959,0.005271226771391,0.107112370508945,0,483C,True,Up,0.0379919815510964,0.161616848012229,0.622896649014633,0.7083445986598179,109.0,12.0,9.0,19.0,True,Up,0.0227011831441347,0.0980247223345119,21.0,0.0,0.0649030180653467,0.348941065210943,0.994247049154543,0.0,VUILD59,False,False
macrophages,gobp,GOBP_MITOTIC_METAPHASE_CHROMOSOME_ALIGNMENT,2.677546808530285,1.367725014367335,0.0,0.1647886870535503,False,True,Up,0.18019140612555,0.0178942945564456,0.98466876614658,0.7570258086515206,59,32,27,57,True,Up,5.4849466392013796e-11,1.76133271320052e-08,59,0,0.01088203588048,0.0264549927468548,0.107112370508945,0,084C,True,Up,0.0626593266906496,0.210971524060932,0.6460680377444,0.7083445986598179,61.0,12.0,9.0,19.0,True,Up,0.0257064499369183,0.105369654466273,21.0,0.0,0.103442030618682,0.458530702906624,0.994247049154543,0.0,VUILD59,False,False
macrophages,gobp,GOBP_RIBOSE_PHOSPHATE_BIOSYNTHETIC_PROCESS,2.6759752313189056,1.217671914639341,0.0,0.2517715507240849,False,True,Up,0.132646015078378,0.0380718345024711,0.98466876614658,0.7570258086515206,201,32,27,57,True,Up,1.34626426168642e-10,3.96287843919195e-08,59,0,0.0215922161701822,0.0451255592571932,0.112493773438458,0,084C,True,Up,0.0854919238437493,0.666342111476323,0.92994997975267,0.901551455604799,173.0,12.0,9.0,19.0,True,Up,0.293537308381712,0.493252501505924,21.0,1.0,0.480748430149974,0.992770425010745,0.996144076226255,0.0,THD0005,False,False
macrophages,gobp,GOBP_RIBOSOME_BIOGENESIS,2.669439631803041,1.0210141235442018,0.0,0.5069691899097012,False,True,Up,0.28245752221348,0.114165663055504,0.98466876614658,0.7570258086515206,300,32,27,57,True,Up,1.26621121368558e-13,9.58431445101867e-11,59,0,0.0665848868449644,0.139141077178106,0.157693220801854,0,084C,True,Up,0.0772434609854748,0.674566580645416,0.931195171108346,0.901551455604799,292.0,12.0,9.0,19.0,True,Up,0.297116664292938,0.493252501505924,21.0,1.0,0.468325101035493,0.970436073458725,0.998854917801185,0.0,THD0005,False,False
macrophages,gobp,GOBP_METAPHASE_CHROMOSOME_ALIGNMENT,2.6668448665358784,1.430092048666891,0.0,0.1173086569255107,False,True,Up,0.140186432410855,0.0146264626145923,0.98466876614658,0.7570258086515206,95,32,27,57,True,Up,1.0564710701085198e-11,3.86049101032414e-09,59,0,0.009091282269507,0.0234985264459078,0.107112370508945,0,084C,True,Up,0.0509483272385993,0.222496882125018,0.6460680377444,0.7083445986598179,95.0,12.0,9.0,19.0,True,Up,0.0295576779347607,0.115502310698911,21.0,0.0,0.0955179257287278,0.493951807340878,0.994247049154543,0.0,VUILD59,False,False
macrophages,gobp,GOBP_RIBOSOMAL_LARGE_SUBUNIT_BIOGENESIS,2.633644804040556,1.03024983342675,0.0,0.4903702088227227,False,True,Up,0.371613763394212,0.0974907077868942,0.98466876614658,0.7570258086515206,63,32,27,57,True,Up,9.00797333059952e-11,2.72735695383895e-08,59,0,0.0544673420554913,0.115020740246754,0.14811308905094,0,084C,True,Up,0.187728958877359,0.622599765685361,0.919420584209777,0.9011388106668947,61.0,12.0,9.0,19.0,True,Up,0.166527111091565,0.352482385143812,21.0,0.0,0.491695567943938,0.992745235431337,0.996144076226255,0.0,THD0005,False,False
macrophages,gobp,GOBP_ATTACHMENT_OF_SPINDLE_MICROTUBULES_TO_KINETOCHORE,2.6281200944909697,1.2044690624142569,0.0,0.2591432733810324,False,True,Up,0.157280199274787,0.0064790847877146,0.98466876614658,0.7570258086515206,51,32,27,57,True,Up,6.70987713685407e-12,2.6335025192312e-09,59,0,0.0042418150963878,0.0110078752572959,0.107112370508945,0,084C,True,Up,0.0977284341357523,0.492042860969235,0.86481196546305,0.8614817732617454,49.0,12.0,9.0,19.0,True,Up,0.169884646372531,0.356617356848123,21.0,0.0,0.213990993235347,0.828134855681538,0.994247049154543,0.0,VUILD59,False,False
macrophages,gobp,GOBP_MITOTIC_NUCLEAR_DIVISION,2.5976624902354657,1.3913704250109344,0.0,0.1497176868965877,False,True,Up,0.0716931406108151,0.011937057873784,0.98466876614658,0.7570258086515206,264,32,27,57,True,Up,1.3228164687673201e-09,3.50447152988183e-07,59,0,0.0069945238162268,0.025185879621546,0.107112370508945,0,084C,True,Up,0.0367735054237493,0.215474070307664,0.6460680377444,0.7083445986598179,252.0,12.0,9.0,19.0,True,Up,0.0289838226541042,0.115029546158476,21.0,0.0,0.0927999153740989,0.477728965269759,0.994247049154543,0.0,VUILD59,False,False
macrophages,gobp,GOBP_NUCLEOSIDE_TRIPHOSPHATE_METABOLIC_PROCESS,2.588209550820087,1.7321233888751435,0.0,0.0234932955066161,True,True,Up,0.106863152139889,0.0457471497946882,0.98466876614658,0.7570258086515206,236,32,27,57,True,Up,1.24679014213403e-08,3.00278071277143e-06,59,0,0.0253839277250588,0.0570385399233423,0.112493773438458,0,483C,True,Up,0.0392667540100804,0.154088172601486,0.611537435012147,0.7083445986598179,208.0,12.0,9.0,19.0,True,Up,0.010610017370576,0.0538988882425262,21.0,0.0,0.0960477840443351,0.299728505131768,0.994247049154543,0.0,THD0005,False,False
macrophages,gobp,GOBP_LYSOSOMAL_LUMEN_ACIDIFICATION,2.569576548507001,1.2349329941717548,0.0,0.2341579137144967,False,True,Up,0.282613809690267,0.0515458316049204,0.98466876614658,0.7570258086515206,23,32,27,57,True,Up,1.33622825708127e-06,0.0001748149486455,59,0,0.0340716201142336,0.0590147846813008,0.113446015540143,0,084C,True,Down,0.144546269447234,0.921386576355923,1.0,0.9610161065217692,24.0,12.0,9.0,19.0,True,Down,0.851327648582986,0.940161838000341,21.0,7.0,0.727263839628146,0.998175087064507,0.999166912913032,0.0,VUHD66,False,False
macrophages,gobp,GOBP_ATTACHMENT_OF_MITOTIC_SPINDLE_MICROTUBULES_TO_KINETOCHORE,2.550288766122615,0.8562308229883543,0.0,0.7899079765459964,False,True,Up,0.200172421602643,0.0060030938402158,0.98466876614658,0.7570258086515206,25,32,27,57,True,Up,6.78745067579562e-10,1.89280565293174e-07,59,0,0.003630934756576,0.0090666205906731,0.107112370508945,0,483C,True,Up,0.116341237582214,0.490328408181923,0.86481196546305,0.8614817732617454,25.0,12.0,9.0,19.0,True,Up,0.218894985358031,0.427687125238,21.0,0.0,0.212634041372402,0.800972291347108,0.994247049154543,0.0,VUILD59,False,False
macrophages,gobp,GOBP_MITOCHONDRIAL_ELECTRON_TRANSPORT_CYTOCHROME_C_TO_OXYGEN,2.530220545221391,1.1885558137643168,0.0,0.2703392609482075,False,True,Up,0.308459220285082,0.053848463462319,0.98466876614658,0.7570258086515206,21,32,27,57,True,Up,1.51257996155608e-06,0.0001885742335601,59,0,0.0372123834813916,0.0618304103626165,0.112493773438458,0,396C,True,Up,0.68610774092626,0.80246347101904,0.956928270604864,0.9152770164831109,17.0,12.0,9.0,19.0,True,Up,0.415200248384579,0.576947089415473,21.0,1.0,0.603723634287625,0.982528369112566,0.998854917801185,0.0,TILD006,False,False
macrophages,gobp,GOBP_RRNA_PROCESSING,2.5298618709018688,1.0882729821887518,0.0,0.4023653643111913,False,True,Up,0.279077751643179,0.113422073935524,0.98466876614658,0.7570258086515206,213,32,27,57,True,Up,1.8270433044000598e-12,9.21960852225117e-10,59,0,0.0683841712060528,0.138510675173456,0.157693220801854,0,084C,True,Up,0.075462194065786,0.568978493701835,0.893233609159232,0.878935321472517,208.0,12.0,9.0,19.0,True,Up,0.178322647759802,0.368243516512112,21.0,0.0,0.370506460859893,0.872886804220059,0.996144076226255,0.0,THD0005,False,False
macrophages,gobp,GOBP_SISTER_CHROMATID_SEGREGATION,2.514708536865952,1.3161032056239066,0.0,0.1813436253892042,False,True,Up,0.0979246237410621,0.0169356577837768,0.98466876614658,0.7570258086515206,223,32,27,57,True,Up,6.695401170505009e-11,2.08679900599534e-08,59,0,0.0124826894708795,0.0329888644126528,0.107112370508945,0,084C,True,Up,0.0467973269090264,0.305361971002191,0.721844079978659,0.7391135224204619,216.0,12.0,9.0,19.0,True,Up,0.0487922098172546,0.154915266169783,21.0,0.0,0.151907571806267,0.612220149657063,0.994247049154543,0.0,VUILD59,False,False
macrophages,gobp,GOBP_DNA_UNWINDING_INVOLVED_IN_DNA_REPLICATION,2.510157017463139,1.9953040497071457,0.0,0.0032363213197889,True,True,Up,0.121683900672262,0.0028627094353235,0.98466876614658,0.7570258086515206,21,32,27,57,True,Up,1.36730601992718e-07,2.2291295220259e-05,59,0,0.0012141192622799,0.0046114657961537,0.107112370508945,0,483C,True,Up,0.17470916723178,0.0390035392726181,0.392100330577273,0.44195758357823606,20.0,12.0,9.0,19.0,True,Up,2.4322648477178e-05,0.0003861220445752,21.0,0.0,0.0212732694685593,0.0965486200001832,0.655604161302511,0.0,VUILD59,False,True
macrophages,gobp,GOBP_EOSINOPHIL_MIGRATION,2.505416878936172,2.383118759538005,0.0,0.0,True,True,Up,0.103418236093114,0.0400051726023076,0.98466876614658,0.7570258086515206,25,32,27,57,True,Up,0.0004305726512236,0.0193338067161732,59,0,0.0179796230203274,0.0538927738459127,0.107112370508945,0,160C,True,Up,0.0947885783190445,0.0023848045735907,0.291653744849021,0.2947590455762175,21.0,12.0,9.0,19.0,True,Up,5.47548870558006e-08,2.78154826243467e-06,21.0,0.0,0.001104117570994,0.0048802810015785,0.403182774067,0.0,VUHD65,False,True
macrophages,gobp,GOBP_REGULATION_OF_CHROMOSOME_SEGREGATION,2.504878992507212,1.0800302168559388,0.0,0.4092601331865135,False,True,Up,0.109958302006713,0.0171337407622722,0.98466876614658,0.7570258086515206,125,32,27,57,True,Up,3.64990296648903e-10,1.04535193880768e-07,59,0,0.0135490941405888,0.0337700926621737,0.107112370508945,0,084C,True,Up,0.0513966440251421,0.470917993184495,0.84832035651675,0.8530259461392888,117.0,12.0,9.0,19.0,True,Up,0.187187566256957,0.382596564141246,21.0,0.0,0.229512105489597,0.784864504672606,0.994247049154543,0.0,VUILD59,False,False
macrophages,gobp,GOBP_PROTEIN_MATURATION_BY_IRON_SULFUR_CLUSTER_TRANSFER,2.5020601055535856,,0.0,,False,True,Up,0.371227229994569,0.0368947674393101,0.98466876614658,0.7570258086515206,17,32,27,57,True,Up,1.74793766416229e-07,2.80649930714057e-05,59,0,0.0228952374717578,0.0436474156951855,0.110874469754437,0,483C,False,,,,,,,,,,False,,,,,,,,,,,False,False
macrophages,gobp,GOBP_MONOCYTE_CHEMOTAXIS,2.49987036871587,2.313472144319388,0.0,0.0,True,True,Up,0.0960153166106972,0.0221819270321089,0.98466876614658,0.7570258086515206,43,32,27,57,True,Up,9.69423285966417e-06,0.000930424908493,59,0,0.0061750105279883,0.0298459231455491,0.107112370508945,0,160C,True,Up,0.0931549150613395,0.006077506094355,0.291653744849021,0.2947590455762175,39.0,12.0,9.0,19.0,True,Up,2.25980636128422e-08,1.91330271922064e-06,21.0,0.0,0.0026758083714051,0.0097076266962058,0.403182774067,0.0,VUHD65,False,True
macrophages,gobp,GOBP_PROTON_TRANSMEMBRANE_TRANSPORT,2.488398227106273,1.5062938231586591,0.0,0.0847936163076804,False,True,Up,0.0762357744163336,0.0305929416882346,0.98466876614658,0.7570258086515206,139,32,27,57,True,Up,1.09954617356638e-06,0.000145648635016,59,0,0.0127074508562989,0.0338905234428166,0.107112370508945,0,137C,True,Up,0.0652892888091201,0.288353196816511,0.713760647378235,0.7391135224204619,98.0,12.0,9.0,19.0,True,Up,0.0353318535935455,0.130062185692182,21.0,0.0,0.158046594245788,0.479789080618305,0.994247049154543,0.0,THD0005,False,False
macrophages,gobp,GOBP_CYTOCHROME_COMPLEX_ASSEMBLY,2.4812723969140227,1.159165256740814,4.308499273527301e-05,0.3024624247908287,False,True,Up,0.407333608212303,0.102377035501175,0.98466876614658,0.7570258086515206,34,32,27,57,True,Up,4.59460391912646e-08,8.85254867836057e-06,59,0,0.0626897818961628,0.12244725488596,0.14811308905094,0,218C,True,Up,0.222699536614438,0.716956876544024,0.940704731361216,0.901551455604799,35.0,12.0,9.0,19.0,True,Up,0.3524032571953,0.534683053030211,21.0,0.0,0.560471205054173,0.974055054980905,0.998854917801185,0.0,TILD006,False,False
macrophages,gobp,GOBP_NEGATIVE_REGULATION_OF_MITOTIC_CELL_CYCLE_PHASE_TRANSITION,2.477155445110085,1.1068098546896568,4.212754845226694e-05,0.3793191458457621,False,True,Up,0.0635255900756433,0.0087996019705023,0.98466876614658,0.7570258086515206,170,32,27,57,True,Up,1.51901733941387e-08,3.57711705461529e-06,59,0,0.0060861679648754,0.0232148212898307,0.107112370508945,0,084C,True,Up,0.0156341309015972,0.405832337256039,0.798343359884228,0.7869764904597448,160.0,12.0,9.0,19.0,True,Up,0.324291555663752,0.517057194656847,21.0,0.0,0.181721164457763,0.812209991129225,0.994247049154543,0.0,VUILD59,False,False
macrophages,gobp,GOBP_REGULATION_OF_SISTER_CHROMATID_SEGREGATION,2.4711421803812943,1.004691248301928,4.121173218156549e-05,0.5265971002746092,False,True,Up,0.104301529688959,0.0154663168274369,0.98466876614658,0.7570258086515206,102,32,27,57,True,Up,2.33478586207618e-09,5.89088709057648e-07,59,0,0.0116830418620217,0.0303646460046133,0.107112370508945,0,084C,True,Up,0.0468002430384652,0.602211074799715,0.909371669445764,0.8945084006896112,95.0,12.0,9.0,19.0,True,Up,0.37709014530428,0.544209641518677,21.0,0.0,0.319323231398825,0.933886724765969,0.994247049154543,0.0,VUILD59,False,False
macrophages,gobp,GOBP_CHROMOSOME_LOCALIZATION,2.4688498054724617,1.3629255561439828,4.0334886816000256e-05,0.1643582509509847,False,True,Up,0.107350746818776,0.0173598185966665,0.98466876614658,0.7570258086515206,113,32,27,57,True,Up,1.31369448557502e-09,3.50447152988183e-07,59,0,0.0104105814043293,0.0295698491848956,0.107112370508945,0,084C,True,Up,0.03830787355658,0.208655420283253,0.6460680377444,0.7083445986598179,109.0,12.0,9.0,19.0,True,Up,0.0410601192160941,0.137227240537999,21.0,0.0,0.100467350052439,0.468302777178065,0.994247049154543,0.0,VUILD59,False,False
macrophages,gobp,GOBP_POSITIVE_REGULATION_OF_CHROMOSOME_SEPARATION,2.468187064270021,1.595384419076433,3.949457667400026e-05,0.05220066425067,False,True,Up,0.144425227579055,0.0069079767387667,0.98466876614658,0.7570258086515206,28,32,27,57,True,Up,3.75737493395666e-08,7.51262305191296e-06,59,0,0.0040459108471312,0.0114831053157588,0.107112370508945,0,084C,True,Up,0.148477233718975,0.206877571163843,0.6460680377444,0.7083445986598179,27.0,12.0,9.0,19.0,True,Up,0.0103225324046458,0.053508637362858,21.0,0.0,0.079629110239975,0.3705468441753,0.994247049154543,0.0,VUILD59,False,False
macrophages,gobp,GOBP_ATP_METABOLIC_PROCESS,2.4565268373090654,1.6525629450484396,0.0001160656947154,0.0358850922811893,True,True,Up,0.108907389258498,0.0519834348639991,0.98466876614658,0.7570258086515206,191,32,27,57,True,Up,5.94216877275145e-08,1.08567521525598e-05,59,0,0.0304685694432289,0.0617658431725491,0.114918889820299,0,483C,True,Up,0.0455368634534294,0.189967102529952,0.6460680377444,0.7083445986598179,166.0,12.0,9.0,19.0,True,Up,0.0150000749693423,0.0718871517398669,21.0,0.0,0.11713215022801,0.362777381304346,0.994247049154543,0.0,THD0005,False,False
macrophages,gobp,GOBP_RIBOSOMAL_SMALL_SUBUNIT_ASSEMBLY,2.4305976962944222,0.8171527479499614,0.0001895739680352,0.8466500800388413,False,True,Up,0.401522262862823,0.107345655549619,0.98466876614658,0.7570258086515206,19,32,27,57,True,Up,1.57523435043331e-05,0.0013383789041964,59,0,0.0695648413640629,0.126902230559145,0.151205419467345,0,084C,True,Up,0.239158722258614,0.901361956785911,1.0,0.9503490196547105,17.0,12.0,9.0,19.0,True,Up,0.797865633049303,0.888850310502294,21.0,2.0,0.747087518121076,0.984729274780362,0.998854917801185,0.0,VUILD59,False,False
macrophages,gobp,GOBP_NUCLEOSIDE_PHOSPHATE_BIOSYNTHETIC_PROCESS,2.4301475747756225,1.1867068884668956,0.000185856831407,0.270971990009984,False,True,Up,0.0990494498814562,0.0434185225954346,0.98466876614658,0.7570258086515206,252,32,27,57,True,Up,2.1674818649026e-08,4.88697985582401e-06,59,0,0.0234207210458084,0.0535100028997304,0.112493773438458,0,483C,True,Up,0.0702433992938004,0.702528024017261,0.940704731361216,0.901551455604799,211.0,12.0,9.0,19.0,True,Up,0.383072306382851,0.549719580910984,21.0,1.0,0.48647786706635,0.950541296852633,0.996144076226255,0.0,THD0005,False,False
macrophages,gobp,GOBP_NEGATIVE_REGULATION_OF_CHROMOSOME_ORGANIZATION,2.424440006893913,1.0108979112133931,0.0001822826615723,0.5231565078849446,False,True,Up,0.118534631892732,0.0288730977342348,0.98466876614658,0.7570258086515206,89,32,27,57,True,Up,3.349915961255e-08,6.82674220027293e-06,59,0,0.0201275861341677,0.0487724876890299,0.112493773438458,0,084C,True,Up,0.0520853450013866,0.531746306202048,0.879782491609893,0.8623484816055503,87.0,12.0,9.0,19.0,True,Up,0.274820369367054,0.478112149446793,21.0,0.0,0.327069751743118,0.863802368282643,0.994247049154543,0.0,VUILD59,False,False
macrophages,gobp,GOBP_DNA_STRAND_ELONGATION_INVOLVED_IN_DNA_REPLICATION,2.41294055862942,1.3509800864614636,0.0001788433660709,0.1604765075652909,False,True,Up,0.203739161016518,0.0099781181099073,0.98466876614658,0.7570258086515206,15,32,27,57,True,Up,9.67497632548354e-07,0.0001297793976217,59,0,0.0061769839893956,0.0132757509782551,0.107112370508945,0,439C,True,Up,0.0938591660097928,0.212664613453688,0.6460680377444,0.7083445986598179,15.0,12.0,9.0,19.0,True,Up,0.0662442933979099,0.197953535565519,21.0,0.0,0.131664632155756,0.412914141699881,0.994247049154543,0.0,VUILD59,False,False
macrophages,gobp,GOBP_REGULATION_OF_SPINDLE_CHECKPOINT,2.4125182325537904,0.7048651066329221,0.0001755314518844,0.945007211086498,False,True,Up,0.161407121762382,0.0056726740980981,0.98466876614658,0.7570258086515206,22,32,27,57,True,Up,4.43655075764763e-08,8.70632007014666e-06,59,0,0.0030996104106006,0.0088007317762665,0.107112370508945,0,483C,True,Up,0.117898742480691,0.965488641617163,1.0,0.9818350930349748,20.0,12.0,9.0,19.0,True,Up,0.942353142055517,1.0,21.0,10.0,0.565292052731409,0.996872324491123,0.998854917801185,0.0,VUHD071,False,False
macrophages,gobp,GOBP_ANTIMICROBIAL_HUMORAL_IMMUNE_RESPONSE_MEDIATED_BY_ANTIMICROBIAL_PEPTIDE,2.401517823984139,1.7042170631172926,0.000172339970941,0.0262301845239685,True,True,Up,0.0990740352008786,0.185629707956863,0.98466876614658,0.7665696343747419,71,32,27,57,True,Up,0.0038227807242679,0.0962232953327027,59,0,0.10944084985371,0.226484276006815,0.232804767430261,0,160C,True,Up,0.0422508458325243,0.0424770856438656,0.392100330577273,0.44195758357823606,53.0,12.0,9.0,19.0,True,Up,0.0016243357953356,0.0133090739359757,21.0,0.0,0.0177857512623906,0.0737510377168438,0.579082222072996,0.0,VUILD59,False,False
macrophages,gobp,GOBP_POSITIVE_REGULATION_OF_MONOCYTE_CHEMOTAXIS,2.388414917231677,2.1304753426835865,0.000203114965752,0.000519409594534,True,True,Up,0.0993525368268616,0.0110601860033559,0.98466876614658,0.7570258086515206,18,32,27,57,True,Up,6.87925836125496e-05,0.0044181515669223,59,0,0.002829201907527,0.0144327055061622,0.107112370508945,0,160C,True,Up,0.100676386417465,0.003142294972556,0.291653744849021,0.2947590455762175,17.0,12.0,9.0,19.0,True,Up,4.03695123606003e-07,1.46483659137035e-05,21.0,0.0,0.0016558854496462,0.0051733668800763,0.403182774067,0.0,TILD015,False,True
macrophages,gobp,GOBP_RIBOSOME_ASSEMBLY,2.3809917096191264,-1.261288046731897,0.0002993273179503,0.5592921058107795,False,True,Up,0.401274233487188,0.171066273399235,0.98466876614658,0.7665696343747419,58,32,27,57,True,Up,6.65666854560884e-08,1.19560536572571e-05,59,0,0.111990025306605,0.199695146161469,0.209159371098032,0,084C,True,Down,0.136624445880314,0.744361185312769,0.943148205097784,0.901551455604799,54.0,12.0,9.0,19.0,True,Down,0.443017793856591,0.595378410791397,21.0,0.0,0.326937145741393,0.892387394280145,0.994247049154543,0.0,VUHD68,False,False
macrophages,gobp,GOBP_ENERGY_DERIVATION_BY_OXIDATION_OF_ORGANIC_COMPOUNDS,2.367193353690892,0.918037012772042,0.0003595368359288,0.6944606165380471,False,True,Up,0.123071923786696,0.08895569045174,0.98466876614658,0.7570258086515206,306,32,27,57,True,Up,9.87310596728509e-08,1.74375506558867e-05,59,0,0.0539257191863672,0.10686789917488,0.141813678816348,0,084C,True,Up,0.081157964751857,0.876589186349817,0.980853098382615,0.9292803396276749,266.0,12.0,9.0,19.0,True,Up,0.696538037824049,0.811562667923433,21.0,4.0,0.659910453675504,0.992859033483162,0.998854917801185,0.0,THD0001,False,False
macrophages,gobp,GOBP_RRNA_METABOLIC_PROCESS,2.365157212885843,0.868678377358341,0.000353442991252,0.770013570929946,False,True,Up,0.242273199627603,0.119921598432172,0.98466876614658,0.7570258086515206,247,32,27,57,True,Up,4.2479701453169096e-11,1.42814722413799e-08,59,0,0.07049547718884,0.148260015199425,0.163372149277983,0,084C,True,Up,0.0622786877408912,0.714928182487348,0.940704731361216,0.901551455604799,239.0,12.0,9.0,19.0,True,Up,0.423402902559355,0.576947089415473,21.0,1.0,0.488090972563215,0.980766836422575,0.998854917801185,0.0,THD0005,False,False
macrophages,gobp,GOBP_MITOTIC_CYTOKINETIC_PROCESS,2.339191764703933,1.3299975936245532,0.0005055305814272,0.1778202119676827,False,True,Up,0.178227923169492,0.016422409415052,0.98466876614658,0.7570258086515206,28,32,27,57,True,Up,1.24966438397565e-07,2.13591830274032e-05,59,0,0.0104524238875794,0.0226946905223118,0.107112370508945,0,483C,True,Up,0.0305656656220606,0.190597414314965,0.6460680377444,0.7083445986598179,31.0,12.0,9.0,19.0,True,Up,0.0994286488360835,0.253811212203178,21.0,0.0,0.117632395718944,0.384151374405693,0.994247049154543,0.0,VUILD59,False,False
macrophages,gobp,GOBP_REGULATION_OF_ATTACHMENT_OF_SPINDLE_MICROTUBULES_TO_KINETOCHORE,2.3365772276647983,1.3560390345978317,0.0004972431948464,0.1664143174835334,False,True,Up,0.133370514589009,0.0020378898520823,0.98466876614658,0.7570258086515206,21,32,27,57,True,Up,1.61476952348918e-08,3.71993753052495e-06,59,0,0.0014599023969624,0.0038481969502678,0.107112370508945,0,084C,True,Up,0.112157577225439,0.370153201021883,0.767163963507508,0.7667141270403813,22.0,12.0,9.0,19.0,True,Up,0.126543763831924,0.292201054666443,21.0,0.0,0.176740392375972,0.616916256759185,0.994247049154543,0.0,VUILD59,False,False
macrophages,gobp,GOBP_ESTABLISHMENT_OF_PROTEIN_LOCALIZATION_TO_MITOCHONDRIAL_MEMBRANE,2.3198427038387868,1.2060774574978297,0.0006421053756031,0.2588501323887364,False,True,Up,0.377759363752597,0.135512132438452,0.98466876614658,0.7638340714677885,33,32,27,57,True,Up,1.89254403446904e-06,0.0002305205647502,59,0,0.0834997271754569,0.153893842812189,0.167193849318802,0,084C,True,Up,0.139958076659491,0.806764792879443,0.957561950427003,0.9152770164831109,31.0,12.0,9.0,19.0,True,Up,0.620109155981231,0.757248680861696,21.0,2.0,0.618074840283968,0.989862864853164,0.998854917801185,0.0,TILD006,False,False
macrophages,gobp,GOBP_REGULATION_OF_DNA_TEMPLATED_DNA_REPLICATION,2.291633238965956,1.7718544259689184,0.0009629153931946,0.0195486883760989,True,True,Up,0.0989434936053973,0.0089500472091221,0.98466876614658,0.7570258086515206,47,32,27,57,True,Up,1.33529833713229e-07,2.21096194977983e-05,59,0,0.0048958583959107,0.0139013374300546,0.107112370508945,0,483C,True,Up,0.071569789778163,0.112945628794435,0.538719060655383,0.6063659215665222,44.0,12.0,9.0,19.0,True,Up,0.0050493713697142,0.0305366744739861,21.0,0.0,0.0496399514363453,0.276859924379104,0.994247049154543,0.0,VUILD59,False,True
macrophages,gobp,GOBP_MITOTIC_CELL_CYCLE_CHECKPOINT_SIGNALING,2.2824381914893825,1.020471814801099,0.001066353570198,0.5046388841894688,False,True,Up,0.0769674023816879,0.019854887115871,0.98466876614658,0.7570258086515206,138,32,27,57,True,Up,1.27261594914698e-07,2.14062082747786e-05,59,0,0.0141348841670664,0.0399325475922301,0.110813031468443,0,084C,True,Up,0.0309810705289136,0.515861852736739,0.879782491609893,0.8623484816055503,131.0,12.0,9.0,19.0,True,Up,0.328180852195108,0.517751158121475,21.0,0.0,0.304676142283719,0.940937266122395,0.994247049154543,0.0,VUILD59,False,False
macrophages,gobp,GOBP_RIBONUCLEOPROTEIN_COMPLEX_BIOGENESIS,2.265458466020943,0.9743163524352302,0.0012249394857659,0.5872756521558468,False,True,Up,0.222125039193697,0.118121594056413,0.98466876614658,0.7570258086515206,451,32,27,57,True,Up,1.1706389154392499e-11,4.13508686230325e-09,59,0,0.0696055201396644,0.149347991144957,0.163395574470473,0,084C,True,Up,0.0555936953651175,0.755772406564566,0.943148205097784,0.901551455604799,425.0,12.0,9.0,19.0,True,Up,0.495394078849648,0.63873506399313,21.0,2.0,0.518247099792619,0.985638142227703,0.998854917801185,0.0,TILD006,False,False
macrophages,gobp,GOBP_POSITIVE_REGULATION_OF_MITOTIC_SISTER_CHROMATID_SEPARATION,2.263825434470153,1.5831467260364576,0.0012063797965876,0.0565756912200143,False,True,Up,0.163949453569743,0.0142604340302657,0.98466876614658,0.7570258086515206,17,32,27,57,True,Up,7.95938372112905e-06,0.0008032913265981,59,0,0.0094101902454413,0.020056155843133,0.107112370508945,0,084C,True,Up,0.123306267178685,0.175391963950499,0.645645780339518,0.7083445986598179,17.0,12.0,9.0,19.0,True,Up,0.0242903789188511,0.10282927075647,21.0,0.0,0.0667439722044373,0.322187704302807,0.994247049154543,0.0,VUILD59,False,False
macrophages,gobp,GOBP_NUCLEOSIDE_MONOPHOSPHATE_BIOSYNTHETIC_PROCESS,2.2606632925774304,1.2164518093265393,0.0012166687500766,0.2511806547623258,False,True,Up,0.151558743912151,0.0225711685769906,0.98466876614658,0.7570258086515206,38,32,27,57,True,Up,2.67894565577997e-07,4.17482163445594e-05,59,0,0.0094188802886725,0.0292124630637145,0.107112370508945,0,439C,True,Up,0.07364756304545,0.532654971013939,0.879782491609893,0.8623484816055503,36.0,12.0,9.0,19.0,True,Up,0.301150173132465,0.496702233608092,21.0,0.0,0.380892361905289,0.843125947854747,0.996144076226255,0.0,THD0005,False,False
macrophages,gobp,GOBP_CHAPERONE_MEDIATED_PROTEIN_COMPLEX_ASSEMBLY,2.260529892316096,1.0529599318795442,0.0011987765625755,0.4489591031725538,False,True,Up,0.228262965642576,0.0788848521226825,0.98466876614658,0.7570258086515206,20,32,27,57,True,Up,0.0001520848784107,0.0083074404975205,59,0,0.0515493971127317,0.0960172869092365,0.124466161715358,0,228I,True,Up,0.0388352116339885,0.56710383811725,0.893233609159232,0.878935321472517,20.0,12.0,9.0,19.0,True,Up,0.481596395066697,0.630457940088549,21.0,0.0,0.420562868676789,0.785948780612103,0.996144076226255,0.0,VUILD59,False,False
macrophages,gobp,GOBP_PROTEIN_IMPORT_INTO_MITOCHONDRIAL_MATRIX,2.2530121523921687,0.7980379867836994,0.001263826453568,0.8657574443425178,False,True,Up,0.295353900750918,0.103037386866443,0.98466876614658,0.7570258086515206,20,32,27,57,True,Up,9.47046190751273e-05,0.0058271221526234,59,0,0.0625208475807464,0.122210691374968,0.151205419467345,0,084C,True,Up,0.232703026938355,0.745408913250407,0.943148205097784,0.901551455604799,18.0,12.0,9.0,19.0,True,Up,0.497911585317479,0.63873506399313,21.0,1.0,0.576830131698399,0.970638704080198,0.998854917801185,0.0,TILD006,False,False
macrophages,gobp,GOBP_GENERATION_OF_PRECURSOR_METABOLITES_AND_ENERGY,2.240618740448117,1.0893189415969236,0.0015165917442816,0.403319567676306,False,True,Up,0.0910806558014797,0.0667668233786012,0.98466876614658,0.7570258086515206,419,32,27,57,True,Up,2.98797547001233e-07,4.5233680079601e-05,59,0,0.0377273775449746,0.0832583450578158,0.12517070923658,0,084C,True,Up,0.0516204997050196,0.744522494568565,0.943148205097784,0.901551455604799,366.0,12.0,9.0,19.0,True,Up,0.495537176430694,0.63873506399313,21.0,1.0,0.544928369661802,0.912076627289992,0.996144076226255,0.0,VUILD59,False,False
macrophages,gobp,GOBP_REGULATION_OF_LYSOSOMAL_LUMEN_PH,2.2345372666293493,1.03639027901305,0.0015486324149354,0.4799013115455375,False,True,Up,0.196935288446201,0.0550044159824939,0.98466876614658,0.7570258086515206,28,32,27,57,True,Up,1.26062864990141e-05,0.0011040398184301,59,0,0.040402384096182,0.0648263984397403,0.114918889820299,0,084C,True,Down,0.119918929360797,0.771957806207929,0.947902187127932,0.9028046682165705,29.0,12.0,9.0,19.0,True,Down,0.587737344231059,0.728220904559458,21.0,0.0,0.579289137399366,0.952043941867407,0.998854917801185,0.0,TILD006,False,False
macrophages,gobp,GOBP_NUCLEAR_CHROMOSOME_SEGREGATION,2.233564593576854,1.3575977481182249,0.0015534533491773,0.1672804429455185,False,True,Up,0.0636634515005429,0.0163828548412009,0.98466876614658,0.7570258086515206,301,32,27,57,True,Up,3.09420069184788e-08,6.55784894630239e-06,59,0,0.0126638659938756,0.0345150332574134,0.107112370508945,0,084C,True,Up,0.036293514602643,0.222303297645924,0.6460680377444,0.7083445986598179,270.0,12.0,9.0,19.0,True,Up,0.0314755897030788,0.119325369919135,21.0,0.0,0.0992867996853306,0.498095581836101,0.994247049154543,0.0,VUILD59,False,False
macrophages,gobp,GOBP_ANTIMICROBIAL_HUMORAL_RESPONSE,2.229713028319044,1.9075340059703163,0.0016879873866148,0.0059212693776879,True,True,Up,0.0845597622401061,0.242480819515422,0.985010367951267,0.7898205879077347,107,32,27,57,True,Up,0.0094575229717703,0.166186524852792,59,0,0.156794504633213,0.283473855483715,0.287374871843583,0,160C,True,Up,0.0460025643783781,0.0471347161462485,0.392100330577273,0.44195758357823606,78.0,12.0,9.0,19.0,True,Up,0.0006823250446012,0.0070859363262213,21.0,0.0,0.0217976453914962,0.0725903279637021,0.497972123900965,0.0,VUHD65,False,False
macrophages,gobp,GOBP_ANTIGEN_PROCESSING_AND_PRESENTATION_OF_PEPTIDE_OR_POLYSACCHARIDE_ANTIGEN_VIA_MHC_CLASS_II,2.229065452645473,0.8406801470181899,0.0016651767462551,0.8151897490941362,False,True,Up,0.154321271969254,0.050401221082264,0.98466876614658,0.7570258086515206,31,32,27,57,True,Up,3.22079206945769e-05,0.0024033359829366,59,0,0.0309579611054373,0.0580333571412849,0.112493773438458,0,208C,True,Down,0.0365206773255115,0.960435198676608,1.0,0.9818350930349748,33.0,12.0,9.0,19.0,True,Down,0.948647142734296,1.0,21.0,9.0,0.708499016883676,0.990391444162501,0.998854917801185,0.0,VUILD61,False,False
macrophages,gobp,GOBP_EXTRACELLULAR_MATRIX_DISASSEMBLY,2.220035578027678,2.424636280571115,0.0018451866222092,0.0,True,True,Up,0.0584564816839837,0.0427202071088008,0.98466876614658,0.7570258086515206,56,32,27,57,True,Up,0.0006349609331406,0.0264908701121705,59,0,0.0174333804080978,0.0553437687245151,0.112493773438458,0,160C,True,Up,0.0906557596685567,0.010334187809611,0.291653744849021,0.3341387391774224,41.0,12.0,9.0,19.0,True,Up,2.37750132172483e-07,1.00647555953018e-05,21.0,0.0,0.002036279473,0.0144055957972734,0.403182774067,0.0,TILD028,False,True
macrophages,gobp,GOBP_MATURATION_OF_SSU_RRNA,2.2196805758121645,-0.8171309757417984,0.0018209078508644,1.0,False,True,Up,0.331932837639642,0.115927563592895,0.98466876614658,0.7570258086515206,53,32,27,57,True,Up,3.2410331438173e-08,6.73435847549645e-06,59,0,0.0645193982222472,0.146458718310432,0.158663611502968,0,226C,True,Up,0.0924107974832116,0.836795009303385,0.970529371520821,0.9276470388848954,51.0,12.0,9.0,19.0,True,Up,0.686289975124669,0.807554796927716,21.0,2.0,0.608252975939053,0.978227117424436,0.998854917801185,0.0,THD0002,False,False
macrophages,gobp,GOBP_CHROMOSOME_SEGREGATION,2.218160649233101,1.1943356866787445,0.0018218796928058,0.2664297846488767,False,True,Up,0.0647545948845262,0.029833437622857,0.98466876614658,0.7570258086515206,399,32,27,57,True,Up,2.49821016731836e-07,3.95127360344369e-05,59,0,0.024351406938764,0.0610772923261871,0.113446015540143,0,084C,True,Up,0.0278962336138113,0.249138361591745,0.673203657918119,0.7186337133741352,363.0,12.0,9.0,19.0,True,Up,0.065845528984056,0.197953535565519,21.0,0.0,0.128047677414164,0.553180481713828,0.994247049154543,0.0,VUILD59,False,False
macrophages,gobp,GOBP_ANTIGEN_PROCESSING_AND_PRESENTATION_OF_EXOGENOUS_PEPTIDE_ANTIGEN_VIA_MHC_CLASS_II,2.210795196267882,0.9411809622204698,0.0019686527449809,0.6528774913255687,False,True,Up,0.17560825075877,0.0605575310830949,0.98466876614658,0.7570258086515206,27,32,27,57,True,Up,5.76801653728689e-05,0.0038932274678744,59,0,0.0391705308008627,0.0699490406983145,0.114918889820299,0,208C,True,Down,0.0587252446192564,0.993536782928803,1.0,0.993536782928803,29.0,12.0,9.0,19.0,True,Down,0.990591508298355,1.0,21.0,12.0,0.759997857340504,0.994666271503853,0.998854917801185,0.0,TILD006,False,False
macrophages,gobp,GOBP_MITOTIC_CYTOKINESIS,2.20210957339347,1.4400564378095502,0.0020157232044249,0.1126223286355166,False,True,Up,0.0766536186187841,0.0152883883276912,0.98466876614658,0.7570258086515206,84,32,27,57,True,Up,5.40696124803821e-07,7.63967577939478e-05,59,0,0.0098874085949308,0.0291154776902438,0.107112370508945,0,483C,True,Up,0.0234655138536453,0.152743817276615,0.611537435012147,0.7083445986598179,84.0,12.0,9.0,19.0,True,Up,0.0588651123941403,0.182338274976971,21.0,0.0,0.0602295808433566,0.343404554882883,0.994247049154543,0.0,VUILD59,False,False
macrophages,gobp,GOBP_PSEUDOURIDINE_SYNTHESIS,2.1939438128384867,0.7143832874675905,0.0021090103943916,0.9429730197604116,False,True,Up,0.272328612102375,0.0819174738949309,0.98466876614658,0.7570258086515206,18,32,27,57,True,Up,0.000103160087672,0.0062112923242063,59,0,0.0538129303975367,0.100001577464051,0.135536716677051,0,218C,True,Up,0.0540797415496942,0.82295036363687,0.969433140997359,0.9245330721601253,18.0,12.0,9.0,19.0,True,Up,0.771428916472802,0.867004180460583,21.0,1.0,0.624566541955705,0.979325722045809,0.998854917801185,0.0,THD0002,False,False
macrophages,gobp,GOBP_REGULATION_OF_UBIQUITIN_PROTEIN_LIGASE_ACTIVITY,2.193509295825021,-0.6893452785298635,0.0021063774226133,0.9971138558043188,False,True,Up,0.18688511498834,0.0394491705196681,0.98466876614658,0.7570258086515206,18,32,27,57,True,Up,6.85530035238299e-05,0.0044181515669223,59,0,0.0205591334039119,0.047063811979569,0.112493773438458,0,483C,True,Down,0.182724278609434,0.966652076132372,1.0,0.9818350930349748,17.0,12.0,9.0,19.0,True,Down,0.937923734977008,1.0,21.0,7.0,0.634052929398871,0.989878491902861,0.997314210268041,0.0,VUILD61,False,False
macrophages,gobp,GOBP_NEGATIVE_REGULATION_OF_MITOTIC_CELL_CYCLE,2.169491928667997,1.1751779567057064,0.0028898470737073,0.2832964683464809,False,True,Up,0.0394742988944865,0.0136613479946808,0.98466876614658,0.7570258086515206,217,32,27,57,True,Up,1.01606302622696e-05,0.0009528513176041,59,0,0.0102808089621145,0.0379511119141882,0.109367670917285,0,084C,True,Up,0.0138264403444544,0.295644225837305,0.713760647378235,0.7391135224204619,197.0,12.0,9.0,19.0,True,Up,0.228831408257946,0.440327103769077,21.0,0.0,0.148958222713457,0.660923178432284,0.994247049154543,0.0,VUILD59,False,False
macrophages,gobp,GOBP_NUCLEOBASE_CONTAINING_SMALL_MOLECULE_BIOSYNTHETIC_PROCESS,2.169063886750181,1.747380809391912,0.002877869876197,0.022139833967013,True,True,Up,0.136302310753315,0.024026601824538,0.98466876614658,0.7570258086515206,18,32,27,57,True,Up,9.5164747246884e-05,0.0058271221526234,59,0,0.009525110150524,0.0321416828473374,0.107112370508945,0,483C,True,Up,0.032656228729038,0.0830399522832846,0.502898287353469,0.5562877064018549,15.0,12.0,9.0,19.0,True,Up,0.0386230597987505,0.136253572067814,21.0,0.0,0.0322758579851894,0.153856791744546,0.655604161302511,0.0,THD0005,False,False
macrophages,gobp,GOBP_ACTIN_FILAMENT_SEVERING,2.1597249094490603,1.282562935155597,0.003091861145336,0.205073412835183,False,True,Up,0.140145868609005,0.019759674220575,0.98466876614658,0.7570258086515206,16,32,27,57,True,Up,8.2187301843326e-05,0.0051534842463534,59,0,0.0130372202491507,0.0249591735000598,0.107112370508945,0,084C,True,Up,-0.014287129890116,0.320412945393338,0.727919941112024,0.7391135224204619,15.0,12.0,9.0,19.0,True,Up,0.339270451549813,0.531942559837361,21.0,0.0,0.251357084094771,0.43105580397189,0.994247049154543,0.0,VUILD65,False,False
macrophages,gobp,GOBP_VACUOLAR_ACIDIFICATION,2.1588466367310915,1.0808574959676531,0.0030777891281009,0.4107444559283063,False,True,Up,0.156698087827883,0.0466446051045095,0.98466876614658,0.7570258086515206,35,32,27,57,True,Up,1.00250162076982e-05,0.0009485276495801,59,0,0.0312392431634571,0.0563353507985851,0.112493773438458,0,084C,True,Up,0.0994803447325842,0.875820011776344,0.980853098382615,0.9292803396276749,34.0,12.0,9.0,19.0,True,Up,0.776372804465678,0.868716706318424,21.0,3.0,0.703872254247877,0.963616906570583,0.996144076226255,0.0,VUILD60,False,False
macrophages,gobp,GOBP_MITOTIC_DNA_REPLICATION,2.158705376875784,1.9622773896443453,0.0030420008824253,0.004778568269713,True,True,Up,0.101464325205453,0.0060407286103312,0.98466876614658,0.7570258086515206,17,32,27,57,True,Up,1.80661908503317e-05,0.0014874345682535,59,0,0.0027404595793506,0.0079286420555868,0.107112370508945,0,483C,True,Up,0.141034622742885,0.047840769356407,0.392100330577273,0.44195758357823606,16.0,12.0,9.0,19.0,True,Up,0.0005018064647829,0.0055416887849942,21.0,0.0,0.0205454274001602,0.114683462106345,0.71508511666309,0.0,VUILD59,False,True
macrophages,gobp,GOBP_SUBSTANTIA_NIGRA_DEVELOPMENT,2.1572558840848406,1.9608132504487532,0.0030506155775779,0.004479907752856,True,True,Up,0.076254816535128,0.0185902017918677,0.98466876614658,0.7570258086515206,39,32,27,57,True,Up,4.70250797578739e-05,0.003278452435488,59,0,0.0091077710936504,0.0229732388738796,0.107112370508945,0,025I,True,Up,0.0037757895474747,0.0051051385951446,0.291653744849021,0.2947590455762175,33.0,12.0,9.0,19.0,True,Up,0.0035466712093259,0.0237301080861853,21.0,0.0,0.0022040982775228,0.0254597103065271,0.403182774067,0.0,VUILD59,False,True
macrophages,gobp,GOBP_CYTOKINETIC_PROCESS,2.150728200259098,1.1690658079043297,0.0032744594478807,0.2908953434187836,False,True,Up,0.113034798931332,0.0285215638878504,0.98466876614658,0.7570258086515206,43,32,27,57,True,Up,6.24965834275186e-06,0.0006622762945814,59,0,0.0193506983676382,0.0432342098004611,0.112408945481199,0,084C,True,Up,0.0253514915395497,0.336642655685764,0.750063460913895,0.7580706986779391,45.0,12.0,9.0,19.0,True,Up,0.232355927412133,0.443747410245729,21.0,0.0,0.13628570590305,0.653491142725993,0.994247049154543,0.0,VUILD59,False,False
macrophages,gobp,GOBP_PYRIMIDINE_NUCLEOTIDE_BIOSYNTHETIC_PROCESS,2.13107079788821,1.4512102822131128,0.0041535869400971,0.1059595572849421,False,True,Up,0.10723899309478,0.0095981095785823,0.98466876614658,0.7570258086515206,31,32,27,57,True,Up,1.40088987712284e-06,0.0001788581931068,59,0,0.0040666279388494,0.0139643757094492,0.107112370508945,0,483C,True,Up,0.032217053148408,0.389073799922787,0.778147599845574,0.7702073182144967,28.0,12.0,9.0,19.0,True,Up,0.284944924455074,0.485604966730592,21.0,0.0,0.271226388043552,0.621815926596365,0.994247049154543,0.0,THD0005,False,False
macrophages,gobp,GOBP_DNA_TEMPLATED_DNA_REPLICATION,2.131028802878612,1.728166875240623,0.004107435974096,0.0231425830453495,True,True,Up,0.0892855125405686,0.0389102606203474,0.98466876614658,0.7570258086515206,158,32,27,57,True,Up,3.33670023386144e-07,4.91097394142079e-05,59,0,0.0286282795630624,0.060669532127755,0.114918889820299,0,084C,True,Up,0.051524302015118,0.163705431702854,0.622896649014633,0.7083445986598179,150.0,12.0,9.0,19.0,True,Up,0.0069341245261198,0.0391392806585429,21.0,0.0,0.0982923205951524,0.400910322353873,0.994247049154543,0.0,VUILD59,False,True
macrophages,gobp,GOBP_METALLO_SULFUR_CLUSTER_ASSEMBLY,2.1309144469126067,1.2690936726619746,0.00406229931504,0.2078513173242704,False,True,Up,0.241688940408951,0.0891285530688867,0.98466876614658,0.7570258086515206,28,32,27,57,True,Up,2.5790899006274e-05,0.0019662313436653,59,0,0.055525571195514,0.104574315500542,0.14162477199886,0,084C,True,Up,0.107190645980487,0.580338391550314,0.898816777157194,0.8865011650453615,23.0,12.0,9.0,19.0,True,Up,0.350895377870704,0.534683053030211,21.0,0.0,0.42214563268376,0.918588777518937,0.996144076226255,0.0,THD0005,False,False
macrophages,gobp,GOBP_POSITIVE_REGULATION_OF_CHROMOSOME_SEGREGATION,2.1304266006437964,1.300238237741528,0.0040387497537934,0.1929453876166118,False,True,Up,0.163780119756814,0.0153424199944133,0.98466876614658,0.7570258086515206,26,32,27,57,True,Up,4.58338265974572e-07,6.56352784396289e-05,59,0,0.0099360183649235,0.0244029909327299,0.107112370508945,0,483C,True,Up,0.11113830990945,0.351245953495564,0.752511849463317,0.7580706986779391,26.0,12.0,9.0,19.0,True,Up,0.0967943914863852,0.252573878833171,21.0,0.0,0.14380242550195,0.58240160841395,0.994247049154543,0.0,VUILD59,False,False
macrophages,gobp,GOBP_REGULATION_OF_MITOTIC_CELL_CYCLE_PHASE_TRANSITION,2.1244083497438764,1.2753411297639954,0.004219549611106,0.2069056828313384,False,True,Up,0.0552238944187589,0.0219312050894892,0.98466876614658,0.7570258086515206,312,32,27,57,True,Up,7.52507973425444e-07,0.0001035626882388,59,0,0.0162567397893854,0.0506250213375048,0.112493773438458,0,084C,True,Up,0.0097917506253122,0.234626705989551,0.66216870357051,0.7171903010533295,292.0,12.0,9.0,19.0,True,Up,0.223243801730607,0.432854394195223,21.0,0.0,0.083098392518206,0.600270044669871,0.994247049154543,0.0,VUILD59,False,False
macrophages,gobp,GOBP_INTERMEDIATE_FILAMENT_ORGANIZATION,2.123063943530681,1.4864873997255992,0.004214995672272,0.0886426374067981,False,True,Up,0.0458618456365977,0.0122707938933041,0.98466876614658,0.7570258086515206,28,32,27,57,True,Up,0.0005974921416714,0.0253456286350142,59,0,0.0036271410357614,0.0163074730782011,0.107112370508945,0,003C,True,Up,0.0173007913443975,0.306925829282265,0.721844079978659,0.7391135224204619,17.0,12.0,9.0,19.0,True,Up,0.270712538948681,0.477506839534479,21.0,0.0,0.192494152492902,0.484880117062982,0.994247049154543,0.0,THD0005,False,False
macrophages,gobp,GOBP_REGULATION_OF_MONOCYTE_CHEMOTAXIS,2.111161152854298,2.107617197191165,0.0048690577053251,0.000779114391801,True,True,Up,0.0807767654677222,0.0165864753159875,0.98466876614658,0.7570258086515206,23,32,27,57,True,Up,0.0001967672078556,0.0102212848119892,59,0,0.0038750366451187,0.0213772159383132,0.107112370508945,0,160C,True,Up,0.120604573707405,0.0160407970070051,0.298951448799952,0.34576829103988777,22.0,12.0,9.0,19.0,True,Up,6.4099412998446e-06,0.0001356770908467,21.0,0.0,0.0047093259404525,0.024536128857885,0.403182774067,0.0,TILD015,False,True
macrophages,gobp,GOBP_MIDBODY_ABSCISSION,2.1013631367826258,1.148470146663355,0.005272525985979,0.3178533348014346,False,True,Up,0.261066619926334,0.0432877727584739,0.98466876614658,0.7570258086515206,15,32,27,57,True,Up,2.97766365526349e-05,0.0022378937414771,59,0,0.0301201850805653,0.0515369446025243,0.112493773438458,0,483C,True,Up,0.0490418484259862,0.358674391908151,0.754647528614897,0.7580706986779391,17.0,12.0,9.0,19.0,True,Up,0.243399500918669,0.454584362009868,21.0,0.0,0.244383690336988,0.638938393363994,0.994247049154543,0.0,VUILD59,False,False
macrophages,gobp,GOBP_ORGANELLE_FISSION,2.100725101002699,1.2783262076024196,0.0052768011721138,0.2079023470388211,False,True,Up,0.0333434066009181,0.016002329171756,0.98466876614658,0.7570258086515206,448,32,27,57,True,Up,2.35626693112773e-05,0.0018495822717896,59,0,0.0101484458990552,0.0381054781024025,0.109367670917285,0,084C,True,Up,0.022720672713951,0.222824305443035,0.6460680377444,0.7083445986598179,381.0,12.0,9.0,19.0,True,Up,0.0746242059182113,0.212894925113963,21.0,0.0,0.0880383802891377,0.539488781909522,0.994247049154543,0.0,VUILD59,False,False
macrophages,gobp,GOBP_CYTOPLASMIC_TRANSLATIONAL_INITIATION,2.096315011412721,-1.90783662116434,0.0053196776744571,0.0104660129998898,False,True,Up,0.347066097673608,0.129604362513841,0.98466876614658,0.7593706915866518,42,32,27,57,True,Up,4.41229447814489e-07,6.40508008012348e-05,59,0,0.0773199938617922,0.154651715191853,0.167143825103608,0,084C,True,Down,0.0485937917465398,0.259916847628256,0.681331876194416,0.7186337133741352,42.0,12.0,9.0,19.0,True,Down,0.0909016950677758,0.244196225764662,21.0,0.0,0.0843343038016716,0.377590269438803,0.994247049154543,0.0,VUHD68,False,False
macrophages,gobp,GOBP_PROTEIN_LOCALIZATION_TO_CONDENSED_CHROMOSOME,2.0948155097156733,,0.0053233902135137,,False,True,Up,0.21684522624618,0.0206376322269748,0.98466876614658,0.7570258086515206,15,32,27,57,True,Up,7.53979776750755e-06,0.0007712353047192,59,0,0.0131008966470445,0.028594341811733,0.107112370508945,0,483C,False,,,,,,,,,,False,,,,,,,,,,,False,False
macrophages,gobp,GOBP_ANTIGEN_PROCESSING_AND_PRESENTATION_OF_EXOGENOUS_ANTIGEN,2.094723807447723,1.3031234104719391,0.0052701563113785,0.191680690725719,False,True,Up,0.14026407376014,0.0494493870634459,0.98466876614658,0.7570258086515206,44,32,27,57,True,Up,8.65545877686423e-06,0.0008581303699757,59,0,0.0307881436110074,0.0575194407174017,0.112493773438458,0,084C,True,Up,0.0576702406458856,0.560190859212175,0.893233609159232,0.878935321472517,48.0,12.0,9.0,19.0,True,Up,0.346496565918834,0.533394713596266,21.0,0.0,0.328918108577342,0.749495483886055,0.994247049154543,0.0,THD0001,False,False
macrophages,gobp,GOBP_DNA_REPLICATION_INITIATION,2.091582951223232,1.7092429968959544,0.0054619826433904,0.0269907485731076,True,True,Up,0.0988098073385728,0.0150257153033757,0.98466876614658,0.7570258086515206,35,32,27,57,True,Up,6.16993059469211e-06,0.000660431863757,59,0,0.010893329133863,0.0227800594036173,0.107112370508945,0,483C,True,Up,0.15068192088668,0.243115893488335,0.666388327616563,0.7171903010533295,35.0,12.0,9.0,19.0,True,Up,0.0100820598504937,0.0533509000421958,21.0,0.0,0.148267415468615,0.461492278419973,0.994247049154543,0.0,VUILD59,False,False
macrophages,gobp,GOBP_COPII_COATED_VESICLE_CARGO_LOADING,-2.084304520908038,1.2685099980580836,0.0290771147364025,0.2065464715764229,False,True,Down,0.111449100222315,0.239709135871755,0.985010367951267,0.7886940589618764,17,32,27,57,True,Down,0.0657718731777999,0.4302847175293,59,0,0.174481592807342,0.322876886250107,0.327320146152632,0,439C,True,Up,0.100071149344209,0.418030184506308,0.798343359884228,0.7873578232448909,18.0,12.0,9.0,19.0,True,Up,0.208594317324041,0.410720593800825,21.0,0.0,0.287493194855156,0.53053650055996,0.994247049154543,0.0,VUHD70,False,False
macrophages,gobp,GOBP_CELL_REDOX_HOMEOSTASIS,2.083886826797643,-0.8310173564557659,0.0057058047241967,1.0,False,True,Up,0.134030474983417,0.0594446881971339,0.98466876614658,0.7570258086515206,38,32,27,57,True,Up,6.10341778892143e-05,0.004042369894325,59,0,0.0408444208425498,0.0703275144362775,0.115857201358262,0,218C,True,Down,0.107873605583076,0.725898139160623,0.940704731361216,0.901551455604799,33.0,12.0,9.0,19.0,True,Down,0.513735858740843,0.655723156382784,21.0,0.0,0.450167167447275,0.971859107588461,0.994247049154543,0.0,TILD015,False,False
macrophages,gobp,GOBP_MITOTIC_SPINDLE_ORGANIZATION,2.076073055381328,1.0751141776532251,0.0061105395522026,0.4155544099445899,False,True,Up,0.0793774715203893,0.0231212089545809,0.98466876614658,0.7570258086515206,126,32,27,57,True,Up,2.78808360640276e-07,4.28193072131161e-05,59,0,0.0157541847319764,0.042486738182022,0.112189394751427,0,084C,True,Up,0.0484475005268063,0.38874837073402,0.778147599845574,0.7702073182144967,125.0,12.0,9.0,19.0,True,Up,0.119237061907736,0.277855171785,21.0,0.0,0.263390718312817,0.724765560816449,0.994247049154543,0.0,VUILD59,False,False
macrophages,gobp,GOBP_CELL_CYCLE_DNA_REPLICATION,2.0678495219897166,2.0680066614835546,0.0066533171473892,0.001558228783602,True,True,Up,0.0512971307556527,0.0098344313402682,0.98466876614658,0.7570258086515206,45,32,27,57,True,Up,5.93885762685969e-05,0.0039581178787315,59,0,0.0065711488229905,0.0180831336037134,0.107112370508945,0,483C,True,Up,0.0805207002873341,0.0526950394431674,0.405592121774682,0.4444712022597598,42.0,12.0,9.0,19.0,True,Up,0.0003112420299116,0.0037645464570265,21.0,0.0,0.0226240654683242,0.139595753030966,0.845551418358996,0.0,VUILD59,False,True
macrophages,gobp,GOBP_DNA_REPLICATION,2.0647977445938235,1.6877131910014482,0.006860772176512,0.0285837592492008,True,True,Up,0.0733904946997757,0.0479654629200457,0.98466876614658,0.7570258086515206,269,32,27,57,True,Up,1.72675910135249e-06,0.0002127728627561,59,0,0.0370349883240735,0.0803267616708076,0.123834360688597,0,084C,True,Up,0.0232600990374834,0.118772706286226,0.538719060655383,0.6063659215665222,252.0,12.0,9.0,19.0,True,Up,0.0227695221170717,0.0980247223345119,21.0,0.0,0.0589322204502459,0.344694256308009,0.994247049154543,0.0,VUILD59,False,False
macrophages,gobp,GOBP_MICROTUBULE_CYTOSKELETON_ORGANIZATION_INVOLVED_IN_MITOSIS,2.062425777882989,1.09100715773224,0.0069927756133739,0.4031017999426023,False,True,Up,0.0634768656352999,0.0231039592106422,0.98466876614658,0.7570258086515206,158,32,27,57,True,Up,1.45797486457749e-06,0.0001839304719039,59,0,0.0164234401621121,0.0460191222285268,0.112493773438458,0,084C,True,Up,0.0392574633176934,0.344919001483538,0.752511849463317,0.7580706986779391,153.0,12.0,9.0,19.0,True,Up,0.107789802137757,0.265811745077576,21.0,0.0,0.204915717123719,0.670775704635443,0.994247049154543,0.0,VUILD59,False,False
macrophages,gobp,GOBP_REGULATION_OF_MITOTIC_CYTOKINESIS,2.059640922230845,,0.0071577460828244,,False,True,Up,0.0765087779075537,0.0083640368164662,0.98466876614658,0.7570258086515206,15,32,27,57,True,Up,0.0002318280180403,0.0116430403183581,59,0,0.0051534340152594,0.0109124303440588,0.107112370508945,0,160C,False,,,,,,,,,,False,,,,,,,,,,,False,False
macrophages,gobp,GOBP_GLYCOSYL_COMPOUND_METABOLIC_PROCESS,2.057889411164904,1.1224029035970216,0.0071792363820738,0.3588289242878895,False,True,Up,0.0651423822732739,0.0515109884111692,0.98466876614658,0.7570258086515206,74,32,27,57,True,Up,0.0002888504008005,0.0137880526904674,59,0,0.0283368198530828,0.0692754822884658,0.116846478762311,0,483C,True,Up,0.0258350494526811,0.570854899513078,0.893233609159232,0.878935321472517,59.0,12.0,9.0,19.0,True,Up,0.468492599279912,0.616565389725894,21.0,0.0,0.3944953972332,0.778659793731213,0.996144076226255,0.0,THD0005,False,False
macrophages,gobp,GOBP_SYNAPTIC_TRANSMISSION_GLUTAMATERGIC,-2.051147310346176,1.131790570339294,0.0259336428730076,0.3446324547603818,False,True,Down,0.0996377799727815,0.118667575414052,0.98466876614658,0.7570258086515206,93,32,27,57,True,Down,0.0002703744459562,0.0132034931050599,59,0,0.0889428008880381,0.163551162785004,0.172118128454695,0,226C,True,Down,0.0599524333298639,0.955686889846106,1.0,0.9818350930349748,40.0,12.0,9.0,19.0,True,Down,0.930511054085206,0.99919346355911,21.0,6.0,0.702069542910447,0.996305899822043,0.998854917801185,0.0,TILD010,False,False
macrophages,gobp,GOBP_DEOXYRIBONUCLEOTIDE_METABOLIC_PROCESS,2.0488238252361928,1.2778880653776947,0.0076525271500448,0.2062341480187206,False,True,Up,0.0903106816604079,0.0377040364149332,0.98466876614658,0.7570258086515206,41,32,27,57,True,Up,0.0001135307461758,0.0066838073179186,59,0,0.0182130891332359,0.0534607863303522,0.112493773438458,0,483C,True,Up,0.0287325078191064,0.388582049770175,0.778147599845574,0.7702073182144967,36.0,12.0,9.0,19.0,True,Up,0.28229453644753,0.484746762089458,21.0,0.0,0.206542384309994,0.593649982694918,0.994247049154543,0.0,THD0005,False,False
macrophages,gobp,GOBP_FORMATION_OF_CYTOPLASMIC_TRANSLATION_INITIATION_COMPLEX,2.040646081483516,-1.7813789965203193,0.0080827446371372,0.0150400483109527,False,True,Up,0.494160147203368,0.115576674689871,0.98466876614658,0.7570258086515206,15,32,27,57,True,Up,2.55694548016358e-05,0.0019634747284995,59,0,0.0767689153003847,0.133933529286909,0.155785841960036,0,084C,True,Down,0.118171111867074,0.188129780148905,0.6460680377444,0.7083445986598179,15.0,12.0,9.0,19.0,True,Down,0.0372991455227024,0.133436379757273,21.0,0.0,0.0437603447269703,0.276069807951903,0.994247049154543,0.0,VUHD66,False,False
macrophages,gobp,GOBP_POSITIVE_REGULATION_OF_TELOMERASE_RNA_LOCALIZATION_TO_CAJAL_BODY,2.0388321601080737,2.0123129787487137,0.0081294782688969,0.0029866051685706,True,True,Up,0.288032792092648,0.053684617542792,0.98466876614658,0.7570258086515206,15,32,27,57,True,Up,3.50627141937844e-05,0.0025235631444594,59,0,0.0404795908265186,0.0662813966654757,0.114918889820299,0,228I,True,Up,0.151491710405734,0.101575845159764,0.52653601368531,0.597142847302855,15.0,12.0,9.0,19.0,True,Up,0.0044341155804244,0.0281566339356953,21.0,0.0,0.0432503372653238,0.189584236536022,0.994247049154543,0.0,VUILD59,False,True
macrophages,gobp,GOBP_RESPIRATORY_BURST,2.038334608312854,-1.065703429059392,0.008056893641496,1.0,False,True,Up,0.0987135221591356,0.0553410359660965,0.98466876614658,0.7570258086515206,36,32,27,57,True,Up,0.00038248089774,0.0174704744541013,59,0,0.0335020040485183,0.0645439356703214,0.11371755884015,0,084C,True,Up,0.0077533254179858,0.931364160584438,1.0,0.9662280596437485,32.0,12.0,9.0,19.0,True,Up,0.932318310486257,0.99919346355911,21.0,7.0,0.641368000948768,0.993877782150572,0.998854917801185,0.0,VUHD071,False,False
macrophages,gobp,GOBP_PEPTIDYL_CYSTEINE_MODIFICATION,2.032235670250626,1.2336153074333078,0.0084888874182134,0.2335395389423633,False,True,Up,0.0216229973733527,0.002236115290523,0.98466876614658,0.7570258086515206,40,32,27,57,True,Up,0.0002279914441244,0.0115048825399377,59,0,0.0012993602073639,0.003212496866213,0.107112370508945,0,025I,True,Up,0.0198405093887642,0.724472425441803,0.940704731361216,0.901551455604799,34.0,12.0,9.0,19.0,True,Up,0.689918861942183,0.807554796927716,21.0,1.0,0.508439240143236,0.921749120983406,0.996144076226255,0.0,THD0005,False,False
macrophages,gobp,GOBP_REGULATION_OF_CYCLIN_DEPENDENT_PROTEIN_KINASE_ACTIVITY,2.0309465516192127,0.8754253267120293,0.0085807164479091,0.7607042072836726,False,True,Up,0.0319989939175903,0.0066140913063869,0.98466876614658,0.7570258086515206,70,32,27,57,True,Up,0.0001037659516968,0.0062124733905748,59,0,0.0023466093965255,0.0140432678348823,0.107112370508945,0,483C,True,Up,0.0201964384097786,0.991193869031703,1.0,0.993536782928803,64.0,12.0,9.0,19.0,True,Up,0.989469175325152,1.0,21.0,7.0,0.716045445041648,0.997768584569403,0.997768584569403,0.0,VUILD63,False,False
macrophages,gobp,GOBP_MITOTIC_SPINDLE_ASSEMBLY,2.0302847676068567,1.285120198108342,0.0086050096795108,0.2068503933542591,False,True,Up,0.0768779881649142,0.0121716069227705,0.98466876614658,0.7570258086515206,70,32,27,57,True,Up,5.8061621137067e-07,8.09577630512499e-05,59,0,0.0082906584344545,0.0248891757932177,0.107112370508945,0,084C,True,Up,0.0358578783325058,0.222100400473301,0.6460680377444,0.7083445986598179,71.0,12.0,9.0,19.0,True,Up,0.0699290778442048,0.20416075600492,21.0,0.0,0.116436291637175,0.493155022063902,0.994247049154543,0.0,VUILD59,False,False
macrophages,gobp,GOBP_INNER_MITOCHONDRIAL_MEMBRANE_ORGANIZATION,2.0289612092418894,1.3110558756400623,0.0085961988953892,0.1847158192995297,False,True,Up,0.27552407234826,0.12766690984681,0.98466876614658,0.7574294539670279,40,32,27,57,True,Up,7.10765122680968e-06,0.0007384292161813,59,0,0.0747844595908395,0.152818253114066,0.164607409370407,0,226C,True,Up,0.10145247411796,0.767353685002877,0.947902187127932,0.9028046682165705,38.0,12.0,9.0,19.0,True,Up,0.576415819662412,0.721229646277106,21.0,1.0,0.546036701960004,0.998854917801185,0.998854917801185,0.0,TILD006,False,False
macrophages,gobp,GOBP_DNA_STRAND_ELONGATION,2.028039599392568,1.2647216222290532,0.0085875387229621,0.2092524550020704,False,True,Up,0.133564896853018,0.039386500478983,0.98466876614658,0.7570258086515206,35,32,27,57,True,Up,1.82474283760401e-05,0.0014874461423145,59,0,0.0283823184852374,0.0563664100232283,0.112493773438458,0,084C,True,Up,0.0271613943569341,0.252718305972306,0.675688944389112,0.7186337133741352,35.0,12.0,9.0,19.0,True,Up,0.157711710189029,0.339481138881469,21.0,0.0,0.146176942064575,0.461174759990039,0.994247049154543,0.0,VUILD59,False,False
macrophages,gobp,GOBP_CELLULAR_OXIDANT_DETOXIFICATION,2.0272671983819124,-0.9643976290325866,0.0085629597426069,1.0,False,True,Up,0.0517841687587335,0.0666675253856014,0.98466876614658,0.7570258086515206,85,32,27,57,True,Up,0.0014436776334787,0.0467848681405927,59,0,0.0268313936336109,0.075928803060091,0.120430385701862,0,228I,True,Down,0.0403893839586639,0.789818156179775,0.951561889202191,0.9066551615318128,67.0,12.0,9.0,19.0,True,Down,0.688125761561633,0.807554796927716,21.0,1.0,0.585481802359911,0.999166912913032,0.999166912913032,0.0,VUHD66,False,False
macrophages,gobp,GOBP_CELL_CYCLE_CHECKPOINT_SIGNALING,2.023498237057648,1.000796671386069,0.0086503079532028,0.5319102845071781,False,True,Up,0.0753605031083662,0.0446793526157694,0.98466876614658,0.7570258086515206,184,32,27,57,True,Up,2.76943839722294e-06,0.0003260859855041,59,0,0.036071711403648,0.0795043679940127,0.123834360688597,0,084C,True,Up,0.0268373366871813,0.518543712475163,0.879782491609893,0.8623484816055503,176.0,12.0,9.0,19.0,True,Up,0.344336236675251,0.533394713596266,21.0,0.0,0.326124643999526,0.981464385772868,0.994247049154543,0.0,VUILD59,False,False
macrophages,gobp,GOBP_NEGATIVE_REGULATION_OF_CELL_CYCLE_PROCESS,2.021860239125969,1.1894293147276296,0.0086730090376104,0.2716331515206184,False,True,Up,0.0487726728031256,0.0351519081500169,0.98466876614658,0.7570258086515206,274,32,27,57,True,Up,2.41969593333823e-05,0.0018854057209989,59,0,0.0274280832501405,0.0768565452373625,0.122196377679548,0,084C,True,Up,0.0135802855651852,0.268240896139534,0.681331876194416,0.7227601923759667,257.0,12.0,9.0,19.0,True,Up,0.20117520457334,0.399207046575221,21.0,0.0,0.125175549889688,0.6788324480578,0.994247049154543,0.0,VUILD59,False,False
macrophages,gobp,GOBP_TRICARBOXYLIC_ACID_CYCLE,2.021239497370614,0.9607238748844104,0.0086640003573112,0.6149431221432595,False,True,Up,0.239715088122233,0.0824354841572789,0.98466876614658,0.7570258086515206,29,32,27,57,True,Up,1.44532086339471e-05,0.0012554151794585,59,0,0.053770734047655,0.101945711371465,0.140812513831836,0,084C,True,Down,0.180424137267527,0.864415724522038,0.980853098382615,0.9292803396276749,29.0,12.0,9.0,19.0,True,Down,0.706834646355941,0.816072728065495,21.0,3.0,0.48178018025486,0.99262846166952,0.998854917801185,0.0,VUHD65,False,False
macrophages,gobp,GOBP_MITOTIC_CELL_CYCLE_PHASE_TRANSITION,2.018174693801842,1.2518454610690473,0.0087639113091683,0.2167943650215502,False,True,Up,0.0484494738443409,0.0285752398208818,0.98466876614658,0.7570258086515206,404,32,27,57,True,Up,5.87003040297192e-06,0.0006412856925803,59,0,0.0220980881307774,0.067197878029273,0.115121946081158,0,084C,True,Up,0.0080399433076636,0.225987282508438,0.6460680377444,0.7083445986598179,378.0,12.0,9.0,19.0,True,Up,0.249764109415558,0.45640348051476,21.0,0.0,0.100923704080056,0.549939162934526,0.994247049154543,0.0,VUILD59,False,False
macrophages,gobp,GOBP_CYTOSKELETON_DEPENDENT_CYTOKINESIS,2.0087587964779594,1.223693351045849,0.0094478733663071,0.2451910091683213,False,True,Up,0.0666984806435915,0.0283516163756785,0.98466876614658,0.7570258086515206,100,32,27,57,True,Up,1.11781380401333e-05,0.0010322606283228,59,0,0.0213840405728929,0.0501208055140918,0.112493773438458,0,084C,True,Up,0.0199058954042367,0.263005121904967,0.681331876194416,0.7186337133741352,95.0,12.0,9.0,19.0,True,Up,0.160784967091966,0.343188081019827,21.0,0.0,0.106826041238968,0.567581741706952,0.994247049154543,0.0,VUILD59,False,False
macrophages,gobp,GOBP_POSITIVE_REGULATION_OF_TRANSCRIPTION_ELONGATION_BY_RNA_POLYMERASE_II,-2.0085111559792286,-0.8054297396549273,0.0382455743379708,1.0,False,True,Down,0.123845372942655,0.377166855521808,0.999547134545669,0.8296386209428875,46,32,27,57,True,Down,0.0582199175253017,0.4061596221301,59,0,0.274103509602177,0.51036622736401,0.515027106152722,0,439C,True,Down,0.027605738265322,0.752631066767325,0.943148205097784,0.901551455604799,48.0,12.0,9.0,19.0,True,Down,0.689456852979713,0.807554796927716,21.0,0.0,0.537631353037339,0.886567321533494,0.996144076226255,0.0,VUHD70,False,False
macrophages,gobp,GOBP_RIBONUCLEOSIDE_MONOPHOSPHATE_BIOSYNTHETIC_PROCESS,2.00673306205835,1.2025578913289523,0.0095398512946746,0.2594033541987587,False,True,Up,0.139916731510793,0.0270698527915356,0.98466876614658,0.7570258086515206,32,32,27,57,True,Up,4.70960707991014e-06,0.0005198719398521,59,0,0.01157053271945,0.0355243335779093,0.107112370508945,0,439C,True,Up,0.0679924910086143,0.549041910688183,0.888258887355404,0.878935321472517,30.0,12.0,9.0,19.0,True,Up,0.354702783326757,0.534683053030211,21.0,0.0,0.398965486767837,0.833676223268911,0.996144076226255,0.0,THD0005,False,False
macrophages,gobp,GOBP_REGULATION_OF_DNA_REPLICATION,1.99458351234741,1.705819369088425,0.0103431556960005,0.0269197455374016,True,True,Up,0.065583160029167,0.0297819078352145,0.98466876614658,0.7570258086515206,122,32,27,57,True,Up,7.56897911586342e-06,0.0007712353047192,59,0,0.0203951936045569,0.0538892604768091,0.112493773438458,0,483C,True,Up,0.0173049286196575,0.0959536751712495,0.52653601368531,0.597142847302855,112.0,12.0,9.0,19.0,True,Up,0.039427518238386,0.136621132138711,21.0,0.0,0.0346091113264364,0.29817557587201,0.994247049154543,0.0,VUILD59,False,False
macrophages,gobp,GOBP_POSITIVE_REGULATION_OF_SYNAPTIC_TRANSMISSION_GLUTAMATERGIC,-1.9888191505910495,,0.0367393274034275,,False,True,Down,0.129201516193277,0.118237491500935,0.98466876614658,0.7570258086515206,32,32,27,57,True,Down,0.001941957431985,0.0576440417555904,59,0,0.0867296398007158,0.153434960770606,0.164607409370407,0,226C,False,,,,,,,,,,False,,,,,,,,,,,False,False
macrophages,gobp,GOBP_MEIOTIC_SPINDLE_ORGANIZATION,1.9884298245424816,1.509407830951432,0.0109531625975894,0.0848737380004543,False,True,Up,0.112665863132556,0.0167054475765076,0.98466876614658,0.7570258086515206,17,32,27,57,True,Up,0.0001273909711222,0.0072578608654965,59,0,0.0131694663933577,0.024739991059442,0.107112370508945,0,084C,True,Up,0.078466949491612,0.118268781646475,0.538719060655383,0.6063659215665222,15.0,12.0,9.0,19.0,True,Up,0.0264760088906933,0.106744543781525,21.0,0.0,0.0452494743170147,0.260763307170232,0.994247049154543,0.0,VUILD59,False,False
macrophages,gobp,GOBP_ANTIGEN_PROCESSING_AND_PRESENTATION_VIA_MHC_CLASS_IB,1.9823544228649652,1.2739311010957968,0.0113296568298202,0.2046087008085171,False,True,Up,0.10885928239267,0.0428832107809671,0.98466876614658,0.7570258086515206,19,32,27,57,True,Up,0.0010417957428559,0.0364353448417303,59,0,0.0263959163089017,0.0514412842633329,0.112493773438458,0,160C,True,Up,0.0522919473811237,0.317760239311781,0.727919941112024,0.7391135224204619,19.0,12.0,9.0,19.0,True,Up,0.188285710699432,0.382596564141246,21.0,0.0,0.141147948489629,0.518539372285583,0.994247049154543,0.0,VUHD68,False,False
macrophages,gobp,GOBP_REGULATION_OF_CYCLASE_ACTIVITY,-1.970922924178747,-0.9349615275413196,0.0408651342241332,1.0,False,True,Down,0.0900395172877931,0.131639088617224,0.98466876614658,0.761851372146988,38,32,27,57,True,Down,0.0065564681438976,0.134649017288534,59,0,0.107278483251105,0.170565347271112,0.177806328994886,0,226C,True,Down,0.0139868064495276,0.35255476411864,0.752511849463317,0.7580706986779391,20.0,12.0,9.0,19.0,True,Down,0.32570531946888,0.517057194656847,21.0,0.0,0.258802494762028,0.570147172863052,0.994247049154543,0.0,TILD006,False,False
macrophages,gobp,GOBP_MODULATION_OF_EXCITATORY_POSTSYNAPTIC_POTENTIAL,-1.9700475922520304,0.9204315148664868,0.0343162345087273,0.6930901098572835,False,True,Down,0.12774690408225,0.210973500838486,0.985010367951267,0.7837645462204706,44,32,27,57,True,Down,0.0070536798045872,0.139313964909174,59,0,0.143034200507583,0.260078214937684,0.263657272941413,0,226C,True,Up,0.0436373659627116,0.409714564620795,0.798343359884228,0.7869764904597448,20.0,12.0,9.0,19.0,True,Up,0.296075110386463,0.493252501505924,21.0,0.0,0.306021507325485,0.583398141103671,0.994247049154543,0.0,VUHD071,False,False
macrophages,gobp,GOBP_PROTEIN_LOCALIZATION_TO_CHROMOSOME_CENTROMERIC_REGION,1.966143398390016,0.8217573569493176,0.0128851056398925,0.843912303205896,False,True,Up,0.137430428623169,0.0396426099727216,0.98466876614658,0.7570258086515206,23,32,27,57,True,Up,0.0001321214962575,0.0074078915123874,59,0,0.0293196695844653,0.0604321324173278,0.114918889820299,0,483C,True,Up,0.0132381752987845,0.461006640038913,0.842415011294128,0.8517646492147536,21.0,12.0,9.0,19.0,True,Up,0.439857807262729,0.594275973642198,21.0,0.0,0.239982210824988,0.814280658948943,0.994247049154543,0.0,VUILD59,False,False
macrophages,gobp,GOBP_NUCLEOSIDE_MONOPHOSPHATE_METABOLIC_PROCESS,1.9659982574770696,1.7364288724187595,0.0128146124129221,0.0239343941161281,True,True,Up,0.0520444319806084,0.0181695052793889,0.98466876614658,0.7570258086515206,72,32,27,57,True,Up,5.64051882774845e-05,0.0038315755139519,59,0,0.0063387038015349,0.02732942188673,0.107112370508945,0,483C,True,Up,0.0418302177200702,0.239039528059573,0.666388327616563,0.7171903010533295,62.0,12.0,9.0,19.0,True,Up,0.0712391172146883,0.205621997415123,21.0,0.0,0.151947675693288,0.478746803172391,0.994247049154543,0.0,THD0005,False,False
macrophages,gobp,GOBP_POSITIVE_REGULATION_OF_CELL_CYCLE_CHECKPOINT,1.9637615917288327,1.114316875842318,0.012934777665171,0.368110078469527,False,True,Up,0.121166984431533,0.0229669015266967,0.98466876614658,0.7570258086515206,19,32,27,57,True,Up,0.0001250810762052,0.0071647792678205,59,0,0.0171941214741288,0.0361715946356232,0.107112370508945,0,483C,True,Up,0.0632565479185501,0.450526293885703,0.831526932534085,0.8404048174406382,17.0,12.0,9.0,19.0,True,Up,0.310388754480367,0.502899133272092,21.0,0.0,0.276298242507268,0.692294717561561,0.994247049154543,0.0,VUILD59,False,False
macrophages,gobp,GOBP_MICROTUBULE_ANCHORING,-1.9586988831139176,-1.090461097879576,0.037384861803946,1.0,False,True,Down,0.0591236286210772,0.165146691982076,0.98466876614658,0.7665696343747419,23,32,27,57,True,Down,0.0535587842667182,0.392433649701329,59,0,0.124308141658614,0.260591087190728,0.266623288283106,0,439C,True,Down,0.0830468455452087,0.371500659493793,0.767163963507508,0.7667141270403813,21.0,12.0,9.0,19.0,True,Down,0.173051015318836,0.360286540090036,21.0,0.0,0.283420556048834,0.593943917142779,0.994247049154543,0.0,THD0005,False,False
macrophages,gobp,GOBP_HUMORAL_IMMUNE_RESPONSE,1.9585971010183765,1.691976562447307,0.0134293620104325,0.0282491798833669,True,True,Up,0.0496497244667862,0.148427388387085,0.98466876614658,0.7645317228822489,199,32,27,57,True,Up,0.0052735708635684,0.11966601807545,59,0,0.0766517983618886,0.179557171945366,0.192631723300611,0,160C,True,Up,0.0222849731671091,0.0476787047270971,0.392100330577273,0.44195758357823606,153.0,12.0,9.0,19.0,True,Up,0.0052654085459858,0.0311026458297767,21.0,0.0,0.0195917097196228,0.0761671975167567,0.497972123900965,0.0,VUHD65,False,False
macrophages,gobp,GOBP_PYRIMIDINE_CONTAINING_COMPOUND_BIOSYNTHETIC_PROCESS,1.947712015675356,1.3752098959842758,0.0145914508730124,0.1618331893826743,False,True,Up,0.0766557187095402,0.0134897969122547,0.98466876614658,0.7570258086515206,40,32,27,57,True,Up,1.57872381829343e-05,0.0013383789041964,59,0,0.0067317277780909,0.0215268552424958,0.107112370508945,0,483C,True,Up,0.0285798896035778,0.465751842882528,0.845006914944015,0.8524137501812306,36.0,12.0,9.0,19.0,True,Up,0.36504341089932,0.542228224376767,21.0,0.0,0.321248043098347,0.738792576144463,0.996144076226255,0.0,THD0005,False,False
macrophages,gobp,GOBP_COLLAGEN_CATABOLIC_PROCESS,1.9474772610305648,2.38365886600499,0.0144959943978796,0.0,True,True,Up,0.079965866773245,0.161964038798407,0.98466876614658,0.7665696343747419,39,32,27,57,True,Up,0.0154014220779221,0.21440114078868,59,0,0.0876842421300091,0.193469146164239,0.203603244296651,0,160C,True,Up,0.144741779223343,0.0080094429144171,0.291653744849021,0.3107663850793834,23.0,12.0,9.0,19.0,True,Up,4.26082682244551e-08,2.7056250322529e-06,21.0,0.0,0.0011967089461268,0.0157937020604491,0.403182774067,0.0,THD0005,False,False
macrophages,gobp,GOBP_MATERNAL_PLACENTA_DEVELOPMENT,1.943839832241232,1.991774726429105,0.0148688239108206,0.0034503637351189,True,True,Up,0.050225314202968,0.0845828193471305,0.98466876614658,0.7570258086515206,32,32,27,57,True,Up,0.0142239780073836,0.204678735065071,59,0,0.044903357106189,0.10705168685739,0.142520619249899,0,483C,True,Up,0.0647567975800913,0.0732517499256107,0.485441473735992,0.5561553892014715,27.0,12.0,9.0,19.0,True,Up,0.005679120594902,0.0327840143432982,21.0,0.0,0.0174438184085044,0.103430832711585,0.56223939832964,0.0,VUHD67,False,False
macrophages,gobp,GOBP_POSITIVE_REGULATION_OF_DNA_TEMPLATED_TRANSCRIPTION_ELONGATION,-1.9417913739011936,-0.7286331288552155,0.0436156721046037,1.0,False,True,Down,0.142400727447902,0.594509745831628,0.999547134545669,0.8953835645971941,55,32,27,57,True,Down,0.20379057208388,0.657679798423062,59,0,0.465170488230779,0.725962114920024,0.729261942715115,0,439C,True,Down,0.0317505019777612,0.750595297743675,0.943148205097784,0.901551455604799,57.0,12.0,9.0,19.0,True,Down,0.667113848268556,0.796018380625778,21.0,0.0,0.517512651777151,0.907573429103146,0.996144076226255,0.0,THD0005,False,False
macrophages,gobp,GOBP_ANTIGEN_PROCESSING_AND_PRESENTATION_OF_PEPTIDE_ANTIGEN,1.9345219335330048,-0.857087825733934,0.0159242133149569,1.0,False,True,Up,0.127308930563998,0.0682528400620431,0.98466876614658,0.7570258086515206,59,32,27,57,True,Up,1.88711041372859e-05,0.0015265426758993,59,0,0.0449655385195384,0.0790995648662538,0.123834360688597,0,084C,True,Down,0.0556760285785426,0.788702621170152,0.951561889202191,0.9066551615318128,62.0,12.0,9.0,19.0,True,Down,0.653612664847418,0.786813350100683,21.0,1.0,0.519899702682467,0.959895562183191,0.996144076226255,0.0,VUHD66,False,False
macrophages,gobp,GOBP_STEROL_BIOSYNTHETIC_PROCESS,1.9334594207064288,-0.8763952708017725,0.0160162124465034,1.0,False,True,Up,0.0579717974599033,0.0207534711177737,0.98466876614658,0.7570258086515206,60,32,27,57,True,Up,7.39141604713905e-05,0.0047184840874417,59,0,0.0097098330351649,0.0268292327406424,0.107112370508945,0,483C,True,Up,0.0473868779057336,0.843375400768086,0.973715235432245,0.9292803396276749,48.0,12.0,9.0,19.0,True,Up,0.766782679528398,0.865612447112058,21.0,1.0,0.648716563561439,0.994279816372072,0.996144076226255,0.0,VUHD70,False,False
macrophages,gobp,GOBP_DNA_CONFORMATION_CHANGE,1.929314272218648,1.5739817605722255,0.0164251313910791,0.0579585096339802,False,True,Up,0.102561201367938,0.0301199608625783,0.98466876614658,0.7570258086515206,87,32,27,57,True,Up,3.30625194322513e-07,4.91097394142079e-05,59,0,0.0216586066980876,0.0505504306996582,0.112493773438458,0,084C,True,Up,0.043092190512731,0.112133700371413,0.538719060655383,0.6063659215665222,84.0,12.0,9.0,19.0,True,Up,0.0084989691226102,0.045930599088149,21.0,0.0,0.0521899026395938,0.277918094418323,0.994247049154543,0.0,VUILD59,False,True
macrophages,gobp,GOBP_PROTEIN_K48_LINKED_DEUBIQUITINATION,-1.9260122745123864,-0.6294614013782321,0.049422363185597,0.9740981479441324,False,True,Down,0.0385574277560294,0.179654851365409,0.98466876614658,0.7665696343747419,25,32,27,57,True,Down,0.0905500479953155,0.492839680845587,59,0,0.110898500111044,0.297862176688041,0.303352723723765,0,439C,True,Down,0.0167261967701295,0.608634581912519,0.909371669445764,0.8945084006896112,22.0,12.0,9.0,19.0,True,Down,0.582225529713591,0.724927865427706,21.0,0.0,0.412471144401797,0.816096666878262,0.994247049154543,0.0,VUHD68,False,False
macrophages,gobp,GOBP_REGULATION_OF_CELL_CYCLE_CHECKPOINT,1.923564237870148,0.8754365870450581,0.0173364020043785,0.7654290781363662,False,True,Up,0.097179160474327,0.0330052138887483,0.98466876614658,0.7570258086515206,44,32,27,57,True,Up,3.24315415268416e-05,0.0024033359829366,59,0,0.0254518330424763,0.0570867757702264,0.112493773438458,0,483C,True,Up,0.0468894341728667,0.603302782158646,0.909371669445764,0.8945084006896112,40.0,12.0,9.0,19.0,True,Up,0.45117740228316,0.603152948315382,21.0,0.0,0.369908844281925,0.936537823354361,0.994247049154543,0.0,VUILD59,False,False
macrophages,gobp,GOBP_NUCLEOSIDE_METABOLIC_PROCESS,1.9191895407956252,1.4358508303401618,0.0177981315313624,0.114226093035238,False,True,Up,0.0431654520833371,0.0259025791711223,0.98466876614658,0.7570258086515206,51,32,27,57,True,Up,0.0009081385646741,0.0334150846175406,59,0,0.0120711727956488,0.0401663464173793,0.107752951679594,0,483C,True,Up,0.0254402786033299,0.127219972996885,0.557135743813943,0.6328378143947613,39.0,12.0,9.0,19.0,True,Up,0.056994673516086,0.178724037939331,21.0,0.0,0.0548429211458787,0.216771299957585,0.994247049154543,0.0,THD0005,False,False
macrophages,gobp,GOBP_PYRIMIDINE_NUCLEOTIDE_METABOLIC_PROCESS,1.919073655898572,1.385414533520913,0.0176710020204241,0.1535609333517544,False,True,Up,0.0953301279602429,0.0400741979258799,0.98466876614658,0.7570258086515206,52,32,27,57,True,Up,3.52373200073089e-05,0.0025235631444594,59,0,0.0200016554623901,0.0566959511071996,0.112493773438458,0,483C,True,Up,0.0307262213068239,0.533317001635358,0.879782491609893,0.8623484816055503,46.0,12.0,9.0,19.0,True,Up,0.41622755647978,0.576947089415473,21.0,0.0,0.379352489531219,0.84607791114618,0.996144076226255,0.0,THD0005,False,False
macrophages,gobp,GOBP_GLYCOSYL_COMPOUND_BIOSYNTHETIC_PROCESS,1.918880254860328,1.5746828368867694,0.0175994556140481,0.0590179151789291,False,True,Up,0.115282624607687,0.0494096105270727,0.98466876614658,0.7570258086515206,24,32,27,57,True,Up,0.0005439639401602,0.0235281056076647,59,0,0.0262492014958433,0.0664256162062646,0.11577254168935,0,483C,True,Up,0.0057877386874064,0.074536289274424,0.485441473735992,0.5561553892014715,21.0,12.0,9.0,19.0,True,Up,0.0688351663484298,0.203303863401176,21.0,0.0,0.0315311582392096,0.145801277965091,0.655604161302511,0.0,THD0005,False,False
macrophages,gobp,GOBP_CYTOKINESIS,1.918402819254886,1.3192769547033072,0.0175422671829756,0.1800619927717971,False,True,Up,0.0620476043999753,0.0737247878458954,0.98466876614658,0.7570258086515206,156,32,27,57,True,Up,0.0002044466351327,0.0105683950853727,59,0,0.0605561054757074,0.117176345705263,0.14811308905094,0,084C,True,Up,0.0173780900807831,0.29306057221312,0.713760647378235,0.7391135224204619,147.0,12.0,9.0,19.0,True,Up,0.195039945977433,0.390079891954865,21.0,0.0,0.116034329850432,0.630024268389149,0.994247049154543,0.0,VUILD59,False,False
macrophages,gobp,GOBP_DENDRITIC_CELL_CHEMOTAXIS,1.9139535209994905,1.518962886377508,0.0178968431361903,0.080790774975891,False,True,Up,0.075581247407515,0.0328844451478841,0.98466876614658,0.7570258086515206,21,32,27,57,True,Up,0.0015636083222423,0.0495501754156357,59,0,0.0126420498752637,0.0417702257164322,0.107112370508945,0,160C,True,Up,0.0364760190184066,0.0147590215930248,0.298951448799952,0.34576829103988777,22.0,12.0,9.0,19.0,True,Up,0.0012016455671895,0.0101739324688717,21.0,0.0,0.0066717263183241,0.0210706680363276,0.403182774067,0.0,VUHD65,False,True
macrophages,gobp,GOBP_MITOCHONDRION_ORGANIZATION,1.910377559548663,1.2751356113083687,0.0183649781534101,0.2049824832106234,False,True,Up,0.0975531207548596,0.103671238161643,0.98466876614658,0.7570258086515206,474,32,27,57,True,Up,2.18652271293036e-06,0.000263302058965,59,0,0.0634209669670186,0.140884373926958,0.158854319580907,0,084C,True,Up,0.0249867781584029,0.593330232496613,0.909371669445764,0.8945084006896112,438.0,12.0,9.0,19.0,True,Up,0.419151897643161,0.576947089415473,21.0,0.0,0.39817922918818,0.980005610393691,0.996144076226255,0.0,THD0005,False,False
macrophages,gobp,GOBP_POSITIVE_REGULATION_OF_DNA_BIOSYNTHETIC_PROCESS,1.909721956536032,1.5463543692394586,0.0182906193987066,0.0693955376883256,False,True,Up,0.0398307497994709,0.0071033475196486,0.98466876614658,0.7570258086515206,68,32,27,57,True,Up,3.52446301198452e-05,0.0025235631444594,59,0,0.0019354574082157,0.0169448679827203,0.107112370508945,0,084C,True,Up,0.0236518878461793,0.164307383795199,0.622896649014633,0.7083445986598179,61.0,12.0,9.0,19.0,True,Up,0.0754352096860497,0.212894925113963,21.0,0.0,0.0841774957644146,0.2406950937686,0.994247049154543,0.0,VUILD53,False,False
macrophages,gobp,GOBP_PYRIMIDINE_NUCLEOSIDE_MONOPHOSPHATE_BIOSYNTHETIC_PROCESS,1.90918851765847,,0.0181783257020055,,False,True,Up,0.108723742077892,0.0128415082342562,0.98466876614658,0.7570258086515206,15,32,27,57,True,Up,0.0001334451855536,0.0074427296384824,59,0,0.0057703715920151,0.0178810151768067,0.107112370508945,0,439C,False,,,,,,,,,,False,,,,,,,,,,,False,False
macrophages,gobp,GOBP_REGULATION_OF_CYTOKINESIS,1.9030174947752987,1.2872532039725009,0.0190347739333304,0.2064834327666212,False,True,Up,0.0612193485036793,0.0873739091538021,0.98466876614658,0.7570258086515206,81,32,27,57,True,Up,0.001655140217022,0.0514355451020014,59,0,0.0740267770433949,0.125379812663767,0.151205419467345,0,084C,True,Up,0.0251321107416958,0.322637606861925,0.727919941112024,0.7391135224204619,76.0,12.0,9.0,19.0,True,Up,0.192586331157702,0.388229588206796,21.0,0.0,0.1095496730729,0.649719526737409,0.994247049154543,0.0,VUILD59,False,False
macrophages,gobp,GOBP_PYRIMIDINE_NUCLEOSIDE_TRIPHOSPHATE_METABOLIC_PROCESS,1.9024614424506392,1.335254377974417,0.0189830149073086,0.1740090485056703,False,True,Up,0.141246869131872,0.0531690470982025,0.98466876614658,0.7570258086515206,23,32,27,57,True,Up,0.000292802363353,0.0138519046627344,59,0,0.0299776539268671,0.0665299221472734,0.11577254168935,0,483C,True,Up,0.0485048084010122,0.394772319946721,0.783376322394275,0.7735942431279179,21.0,12.0,9.0,19.0,True,Up,0.26469856573383,0.47016388598876,21.0,0.0,0.268530205434313,0.608323548685715,0.994247049154543,0.0,THD0005,False,False
macrophages,gobp,GOBP_FEMALE_MEIOTIC_NUCLEAR_DIVISION,1.9001252466366825,1.2569221702498488,0.0191609661651686,0.2128540518400456,False,True,Up,0.0159234050451997,0.0093844363831939,0.98466876614658,0.7570258086515206,35,32,27,57,True,Up,0.0039338824142103,0.0980878869256175,59,0,0.0074150917609162,0.0197132389496496,0.107112370508945,0,084C,True,Up,0.0688836077599162,0.346530924329781,0.752511849463317,0.7580706986779391,28.0,12.0,9.0,19.0,True,Up,0.147669274050258,0.326156483554482,21.0,0.0,0.132242595355997,0.666357482166927,0.994247049154543,0.0,VUILD59,False,False
macrophages,gobp,GOBP_PROTEIN_NEDDYLATION,1.8846180203610483,-0.8100145243174248,0.0214976879751918,1.0,False,True,Up,0.293875655666577,0.13139789157483,0.98466876614658,0.7615955754547119,25,32,27,57,True,Up,9.67402614901297e-05,0.005858037434348,59,0,0.0846952451451947,0.155042914688867,0.167143825103608,0,084C,True,Down,0.144201786540487,0.648981847144655,0.922781089308149,0.9011388106668947,26.0,12.0,9.0,19.0,True,Down,0.374973299265891,0.544209641518677,21.0,0.0,0.331752031957857,0.837274323717598,0.994247049154543,0.0,VUHD071,False,False
macrophages,gobp,GOBP_REGULATION_OF_MEIOTIC_NUCLEAR_DIVISION,1.884260074031336,,0.0214180920177518,,False,True,Up,0.0316163562756834,0.0410318884771564,0.98466876614658,0.7570258086515206,28,32,27,57,True,Up,0.0115635632046154,0.185970157653882,59,0,0.0187218640868306,0.0567765186303779,0.107112370508945,0,160C,False,,,,,,,,,,False,,,,,,,,,,,False,False
macrophages,gobp,GOBP_NEGATIVE_REGULATION_OF_UBIQUITIN_PROTEIN_TRANSFERASE_ACTIVITY,1.8832307978234812,,0.0214517911197727,,False,True,Up,0.210747643959152,0.106411088902269,0.98466876614658,0.7570258086515206,15,32,27,57,True,Up,0.0022661397411961,0.0647139498204836,59,0,0.066814613505085,0.124975793842799,0.151205419467345,0,084C,False,,,,,,,,,,False,,,,,,,,,,,False,False
macrophages,gobp,GOBP_PROTEIN_PEPTIDYL_PROLYL_ISOMERIZATION,1.8805809751039324,0.6105420245048299,0.0218815442843245,0.9798765882803387,False,True,Up,0.0880177499453235,0.0726985114082522,0.98466876614658,0.7570258086515206,18,32,27,57,True,Up,0.0075785206249162,0.145032954114098,59,0,0.0340468500290806,0.0859009394589102,0.124895444871179,0,483C,True,Up,-0.0043570695543233,0.850711649477268,0.977740990801929,0.9292803396276749,18.0,12.0,9.0,19.0,True,Up,0.859978713231882,0.944856445305335,21.0,3.0,0.641316752623926,0.988269252211697,0.998854917801185,0.0,THD0001,False,False
macrophages,gobp,GOBP_PEPTIDE_ANTIGEN_ASSEMBLY_WITH_MHC_PROTEIN_COMPLEX,1.8804141420698035,-0.7060730105240021,0.0217517663323506,1.0,False,True,Up,0.30036897038554,0.209310091345972,0.985010367951267,0.7837645462204706,19,32,27,57,True,Up,0.0030992568952745,0.0815150208324322,59,0,0.151766284920449,0.240170402938175,0.243475500226315,0,218C,True,Down,0.168690781099057,0.866523660924965,0.980853098382615,0.9292803396276749,19.0,12.0,9.0,19.0,True,Down,0.752791073752568,0.853611306844429,21.0,1.0,0.628590450280163,0.997314210268041,0.997314210268041,0.0,TILD010,False,False
macrophages,gobp,GOBP_RIBOSE_PHOSPHATE_METABOLIC_PROCESS,1.877250587078796,1.2084035328709757,0.0220517331849979,0.2577367590785513,False,True,Up,0.0464283546394094,0.0451981162153991,0.98466876614658,0.7570258086515206,425,32,27,57,True,Up,4.84632842896984e-05,0.0033566367556727,59,0,0.0204871907411458,0.063242271281782,0.114918889820299,0,483C,True,Up,0.0227561776757373,0.474880423623934,0.849433997186474,0.8530259461392888,359.0,12.0,9.0,19.0,True,Up,0.303594181552238,0.497502723317861,21.0,0.0,0.322273173204748,0.779605296461991,0.996144076226255,0.0,THD0005,False,False
macrophages,gobp,GOBP_RESPONSE_TO_CHEMOKINE,1.871964988026192,1.956903309460554,0.0228947022934819,0.0041552767562722,True,True,Up,0.0563480612951696,0.156953628214643,0.98466876614658,0.7661398064113761,83,32,27,57,True,Up,0.0117769032153183,0.187106211953115,59,0,0.0632158736638828,0.195083270362129,0.204328922985927,0,160C,True,Up,0.0841251533870951,0.0507951928526009,0.40318684326752,0.4444712022597598,66.0,12.0,9.0,19.0,True,Up,3.74675040267362e-05,0.0005598085895759,21.0,0.0,0.0320022700231613,0.084258618577547,0.50365810449585,0.0,VUHD65,False,False
macrophages,gobp,GOBP_SPINDLE_ASSEMBLY,1.8709787073482345,1.0694296772115703,0.0229782968898718,0.4212863472187971,False,True,Up,0.0726205655213974,0.0360840959332343,0.98466876614658,0.7570258086515206,121,32,27,57,True,Up,6.6015382825843e-06,0.0006926386255499,59,0,0.0276463942479392,0.0713863372259905,0.120430385701862,0,084C,True,Up,0.028899012587582,0.313297282544251,0.727919941112024,0.7391135224204619,121.0,12.0,9.0,19.0,True,Up,0.140329545754328,0.312664075628063,21.0,0.0,0.200686198577917,0.612980772846399,0.994247049154543,0.0,VUILD59,False,False
macrophages,gobp,GOBP_KINETOCHORE_ORGANIZATION,1.86960391901688,0.7316436568927835,0.0230248382695918,0.932777619741876,False,True,Up,0.222359205873406,0.0717645110767452,0.98466876614658,0.7570258086515206,21,32,27,57,True,Up,9.33255225290437e-05,0.005817473895531,59,0,0.0501613244280894,0.0939152398888823,0.130543789164683,0,218C,True,Up,0.108762207438322,0.648782033044592,0.922781089308149,0.9011388106668947,20.0,12.0,9.0,19.0,True,Up,0.457731841661738,0.608375640566615,21.0,0.0,0.360297289220869,0.994247049154543,0.994247049154543,0.0,VUILD59,False,False
macrophages,gobp,GOBP_REGULATION_OF_CHROMOSOME_ORGANIZATION,1.861630774257307,1.2091017456810886,0.0241200086374347,0.2592719559382367,False,True,Up,0.0922167900342958,0.076455582762986,0.98466876614658,0.7570258086515206,233,32,27,57,True,Up,2.87578354163868e-06,0.0003348865735246,59,0,0.0624343107590647,0.126383446099643,0.151205419467345,0,084C,True,Up,0.0163825820830018,0.226378170705715,0.6460680377444,0.7083445986598179,226.0,12.0,9.0,19.0,True,Up,0.133593013596305,0.305699328409563,21.0,0.0,0.134221945919184,0.498501812814759,0.994247049154543,0.0,VUILD59,False,False
macrophages,gobp,GOBP_AMP_METABOLIC_PROCESS,1.8616069390292824,1.8772797479989756,0.0239811069564529,0.0069749288408855,True,True,Up,0.0774580983948128,0.0225635609880474,0.98466876614658,0.7570258086515206,20,32,27,57,True,Up,0.000730718511186,0.0288933733695484,59,0,0.009256561512105,0.0280943458485881,0.107112370508945,0,483C,True,Up,0.0498623999029434,0.0234488862620502,0.298951448799952,0.34755836466051304,18.0,12.0,9.0,19.0,True,Up,0.0019664099940866,0.0146902393675887,21.0,0.0,0.0052211487732395,0.0716639688751601,0.490089077468837,0.0,THD0005,False,True
macrophages,gobp,GOBP_REGULATION_OF_MITOTIC_CELL_CYCLE,1.8568153802337948,1.3416697777244109,0.0245268680383431,0.1686834599208716,False,True,Up,0.0346638563781211,0.0297343809486113,0.98466876614658,0.7570258086515206,461,32,27,57,True,Up,0.0001073586105241,0.0063914561557556,59,0,0.0214555529701021,0.0741548912163535,0.121376676728358,0,084C,True,Up,0.0074468457311843,0.0962042480353677,0.52653601368531,0.597142847302855,421.0,12.0,9.0,19.0,True,Up,0.11864639486866,0.277855171785,21.0,0.0,0.0379601199457227,0.313465528316207,0.994247049154543,0.0,VUILD59,False,False
macrophages,gobp,GOBP_MEMBRANE_BIOGENESIS,1.854375602292555,1.2637996939209286,0.0249020619740066,0.2065046630389841,False,True,Up,0.037574347929426,0.0852681715034182,0.98466876614658,0.7570258086515206,60,32,27,57,True,Up,0.0127765168623658,0.193847983535237,59,0,0.0386656496780238,0.098228668644512,0.134856974528713,0,002C,True,Up,0.0055033353320976,0.0831564097198649,0.502898287353469,0.5562877064018549,50.0,12.0,9.0,19.0,True,Up,0.0913158131785127,0.244196225764662,21.0,0.0,0.0261326555576285,0.175780979974155,0.980672835645285,0.0,VUILD59,False,False
macrophages,gobp,GOBP_ANTIGEN_PROCESSING_AND_PRESENTATION_OF_EXOGENOUS_PEPTIDE_ANTIGEN,1.8536176443569128,0.8866132537884521,0.0249237431594746,0.7467032331021219,False,True,Up,0.172235768231586,0.10293811499736,0.98466876614658,0.7570258086515206,35,32,27,57,True,Up,0.0001791441635811,0.0093516783323616,59,0,0.0728128365286027,0.117874539950059,0.14811308905094,0,396C,True,Down,0.0661050477152101,0.832033168257576,0.969433140997359,0.9276470388848954,39.0,12.0,9.0,19.0,True,Down,0.731731395508094,0.835136680773678,21.0,2.0,0.60305072540617,0.981786831948784,0.997314210268041,0.0,TILD010,False,False
macrophages,gobp,GOBP_SPINDLE_ORGANIZATION,1.8512539502329888,0.932375954144938,0.0251994664827279,0.6699675483678261,False,True,Up,0.0661543478126138,0.0441253648239478,0.98466876614658,0.7570258086515206,186,32,27,57,True,Up,9.37940267646431e-06,0.0009203104644675,59,0,0.0346305594599787,0.0821603684811333,0.124366037221441,0,084C,True,Up,0.0370062691867664,0.526928687996585,0.879782491609893,0.8623484816055503,182.0,12.0,9.0,19.0,True,Up,0.286774586651924,0.485604966730592,21.0,0.0,0.380787331936318,0.862809458743481,0.994247049154543,0.0,VUILD59,False,False
macrophages,gobp,GOBP_MATURATION_OF_LSU_RRNA,1.8476373668549777,1.4867386669007767,0.025896952966748,0.0902873716344826,False,True,Up,0.328274351203775,0.102439838880921,0.98466876614658,0.7570258086515206,24,32,27,57,True,Up,1.22046417015397e-05,0.0010832678298843,59,0,0.0647673519607724,0.127005317483475,0.150998557389537,0,226C,True,Up,0.166932987123508,0.274541797328409,0.690431846746693,0.7296042285165938,24.0,12.0,9.0,19.0,True,Up,0.0257201518775942,0.105369654466273,21.0,0.0,0.204794743690577,0.471042930984311,0.994247049154543,0.0,THD0005,False,False
macrophages,gobp,GOBP_REGULATION_OF_CELL_CYCLE_PHASE_TRANSITION,1.8446566351122715,1.26385445834463,0.0263690537465831,0.2085005514221858,False,True,Up,0.0496440657874257,0.0418656802593569,0.98466876614658,0.7570258086515206,395,32,27,57,True,Up,2.22676761372674e-05,0.0017609743584076,59,0,0.0337947226922271,0.0858272180057229,0.125614670061356,0,084C,True,Up,0.0092022952482879,0.261312861683581,0.681331876194416,0.7186337133741352,368.0,12.0,9.0,19.0,True,Up,0.262269820956102,0.47016388598876,21.0,0.0,0.12012097265854,0.667339628284718,0.994247049154543,0.0,VUILD59,False,False
macrophages,gobp,GOBP_CELL_CYCLE_PHASE_TRANSITION,1.840560847004343,1.2466348751466323,0.0270284801132822,0.2210087824742298,False,True,Up,0.0455582250152768,0.0543239824025148,0.98466876614658,0.7570258086515206,492,32,27,57,True,Up,9.56798390635546e-05,0.0058271221526234,59,0,0.0455527373000995,0.110557030142294,0.145435140841946,0,084C,True,Up,0.0079457612183471,0.243992576647009,0.666388327616563,0.7171903010533295,459.0,12.0,9.0,19.0,True,Up,0.272665918484492,0.47763547100042,21.0,0.0,0.116083395615388,0.60160811499822,0.994247049154543,0.0,VUILD59,False,False
macrophages,gobp,GOBP_AMINOGLYCAN_CATABOLIC_PROCESS,1.8281637226624383,1.5674612679670754,0.0296773533293201,0.0598805061127089,False,True,Up,0.0177032959360797,0.0164721308065333,0.98466876614658,0.7570258086515206,28,32,27,57,True,Up,0.0076836719174141,0.146182892834538,59,0,0.0070305957920249,0.0204169850086907,0.107112370508945,0,439C,True,Up,0.0910948658078817,0.559283291205823,0.893233609159232,0.878935321472517,20.0,12.0,9.0,19.0,True,Up,0.368098768322479,0.543495602222494,21.0,0.0,0.276594390265636,0.643374379013583,0.994247049154543,0.0,THD0002,False,False
macrophages,gobp,GOBP_MEIOTIC_CHROMOSOME_SEGREGATION,1.825848332585028,1.323578701678568,0.030062617416233,0.1799261134685857,False,True,Up,0.019838269590233,0.0108308158785292,0.98466876614658,0.7570258086515206,84,32,27,57,True,Up,0.0015403832065826,0.0491743430961949,59,0,0.0082338304288599,0.0183685672736927,0.107112370508945,0,092C,True,Up,0.0532836456285075,0.192171568975005,0.6460680377444,0.7083445986598179,57.0,12.0,9.0,19.0,True,Up,0.0308453358540719,0.118707807680822,21.0,0.0,0.0820855989420799,0.42168877743352,0.994247049154543,0.0,VUILD59,False,False
macrophages,gobp,GOBP_REGULATION_OF_EXIT_FROM_MITOSIS,1.824528554017251,0.6218203953684704,0.0301980179670191,0.9818721957638898,False,True,Up,0.0959521751638733,0.0610227780435659,0.98466876614658,0.7570258086515206,16,32,27,57,True,Up,0.0053908452373493,0.120338911922116,59,0,0.0353109969398006,0.0738222931819981,0.121376676728358,0,084C,True,Down,-0.0102288515059856,0.650306358213223,0.922781089308149,0.9011388106668947,16.0,12.0,9.0,19.0,True,Down,0.667527224697995,0.796018380625778,21.0,0.0,0.359953416784354,0.934600969280304,0.994247049154543,0.0,VUHD68,False,False
macrophages,gobp,GOBP_GLUTATHIONE_METABOLIC_PROCESS,1.820880805579613,1.0106401644873284,0.0310635238850663,0.5202029393256815,False,True,Up,0.0808351769561278,0.121360243432204,0.98466876614658,0.7570258086515206,49,32,27,57,True,Up,0.0043183139826665,0.10519809948119,59,0,0.0589677470206358,0.144555916437092,0.158939589714414,0,160C,True,Up,0.0818197885494437,0.642497678316576,0.922781089308149,0.9011388106668947,40.0,12.0,9.0,19.0,True,Up,0.413061488862281,0.576947089415473,21.0,0.0,0.416407838775025,0.960325821003654,0.996144076226255,0.0,THD0005,False,False
macrophages,gobp,GOBP_HYDROGEN_PEROXIDE_METABOLIC_PROCESS,1.8197582064454751,-0.9591219144957428,0.0312356177564976,1.0,False,True,Up,0.0332883017159435,0.0498253952115483,0.98466876614658,0.7570258086515206,42,32,27,57,True,Up,0.0094721771266477,0.166186524852792,59,0,0.0252647826736346,0.0581989372830126,0.112189394751427,0,228I,True,Down,0.0564672645529051,0.670365710193735,0.930452952946495,0.901551455604799,35.0,12.0,9.0,19.0,True,Down,0.523567091968486,0.664930206799977,21.0,0.0,0.487000409460668,0.93163173476128,0.994247049154543,0.0,VUHD071,False,False
macrophages,gobp,GOBP_REGULATION_OF_MONONUCLEAR_CELL_MIGRATION,1.8176873059433007,2.141841679777554,0.0314322355046871,0.0005843357938507,True,True,Up,0.0360925345684398,0.0281373590893311,0.98466876614658,0.7570258086515206,125,32,27,57,True,Up,0.0004326050446959,0.0193431040449093,59,0,0.0063159037958149,0.0358424216824516,0.107112370508945,0,483C,True,Up,0.0350459274298166,0.0250815314703463,0.303367094927046,0.34755836466051304,115.0,12.0,9.0,19.0,True,Up,0.0002068777831081,0.00291927538386,21.0,0.0,0.0046937029323187,0.0337630858531444,0.410961266346658,0.0,TILD015,False,True
macrophages,gobp,GOBP_PYRIMIDINE_NUCLEOSIDE_TRIPHOSPHATE_BIOSYNTHETIC_PROCESS,1.8172517399733836,1.3193637204116195,0.0313717835102824,0.1822348562422645,False,True,Up,0.143790439988575,0.0537307213303065,0.98466876614658,0.7570258086515206,18,32,27,57,True,Up,0.0007285241139825,0.0288933733695484,59,0,0.02728991467431,0.0642739773631751,0.114918889820299,0,483C,True,Up,0.0760890593942603,0.497350302089255,0.865253265278568,0.8614817732617454,16.0,12.0,9.0,19.0,True,Up,0.345201855636016,0.533394713596266,21.0,0.0,0.367187626062374,0.749307502592171,0.996144076226255,0.0,THD0005,False,False
macrophages,gobp,GOBP_POSITIVE_REGULATION_OF_MONONUCLEAR_CELL_MIGRATION,1.8140673723597387,1.9589503400561463,0.0320229208504916,0.0043997048007588,True,True,Up,0.0491800064711624,0.0431755472603531,0.98466876614658,0.7570258086515206,86,32,27,57,True,Up,0.0005437762770001,0.0235281056076647,59,0,0.0116059907114516,0.0540872395439293,0.112493773438458,0,483C,True,Up,0.028781125711647,0.0134634244244846,0.298951448799952,0.34576829103988777,81.0,12.0,9.0,19.0,True,Up,0.0002273489468485,0.0030392964473441,21.0,0.0,0.0070337806167266,0.019159764714757,0.403182774067,0.0,VUHD65,False,True
macrophages,gobp,GOBP_NEGATIVE_REGULATION_OF_CELL_CYCLE,1.808858522900653,1.0721478260485544,0.0330951164536029,0.4184924807580681,False,True,Up,0.0341663820221229,0.0380160347210102,0.98466876614658,0.7570258086515206,345,32,27,57,True,Up,0.0003236050766082,0.0149748602481101,59,0,0.0297092009685899,0.0857203844037926,0.125614670061356,0,084C,True,Up,0.0120763543088183,0.41773482742546,0.798343359884228,0.7873578232448909,319.0,12.0,9.0,19.0,True,Up,0.372897949241927,0.544209641518677,21.0,0.0,0.23413407619893,0.840824522055354,0.994247049154543,0.0,VUILD59,False,False
macrophages,gobp,GOBP_COLLAGEN_METABOLIC_PROCESS,1.80839633819014,1.7694205817547075,0.0329517897247703,0.0189697417134167,True,True,Up,0.0412019354879542,0.225009323683204,0.985010367951267,0.7860885634362851,91,32,27,57,True,Up,0.0536457071388376,0.392433649701329,59,0,0.140241960571086,0.253563918759177,0.25823790804506,0,160C,True,Up,0.0304797267295207,0.0412452295100019,0.392100330577273,0.44195758357823606,62.0,12.0,9.0,19.0,True,Up,0.0035501736506891,0.0237301080861853,21.0,0.0,0.0234984315861994,0.0588555545738144,0.46836614882058,0.0,THD0005,False,False
macrophages,gobp,GOBP_REGULATION_OF_LEUKOCYTE_CHEMOTAXIS,1.8033486972434547,2.163364388131272,0.0340068162771525,0.0006232915134408,True,True,Up,0.0450487994319244,0.0448013965863091,0.98466876614658,0.7570258086515206,106,32,27,57,True,Up,0.0006092155116605,0.0257205449285543,59,0,0.0081262674216225,0.0585783398653579,0.112493773438458,0,160C,True,Up,0.0464374257432464,0.0184259148272264,0.298951448799952,0.34647810276287877,97.0,12.0,9.0,19.0,True,Up,1.74017122167798e-05,0.0002946689935374,21.0,0.0,0.0028892983754099,0.0254378364993865,0.403182774067,0.0,TILD001,False,True
macrophages,gobp,GOBP_CELLULAR_METABOLIC_COMPOUND_SALVAGE,1.799990210727223,1.35217945236563,0.0345972491664242,0.161458116700907,False,True,Up,0.141599126665809,0.0958241819973884,0.98466876614658,0.7570258086515206,29,32,27,57,True,Up,0.0008570836508725,0.0319806881982249,59,0,0.0593067428994232,0.113827395565358,0.146254967557814,0,483C,True,Up,0.0588328528072265,0.323838398998656,0.727919941112024,0.7391135224204619,26.0,12.0,9.0,19.0,True,Up,0.154600524516305,0.338521838165013,21.0,0.0,0.233221394870152,0.544313408754683,0.994247049154543,0.0,THD0005,False,False
macrophages,gobp,GOBP_LUNG_CELL_DIFFERENTIATION,1.7997772730662396,1.4539796124230673,0.0343003888318636,0.1058482552289705,False,True,Up,0.0451546689520663,0.0309475543397381,0.98466876614658,0.7570258086515206,23,32,27,57,True,Up,0.0046902705694222,0.110943743803945,59,0,0.0167172243416615,0.0463245729651899,0.107112370508945,0,092C,True,Up,0.0201955962663004,0.359497444733868,0.754647528614897,0.7580706986779391,19.0,12.0,9.0,19.0,True,Up,0.312827019909411,0.502899133272092,21.0,0.0,0.231883326022509,0.483246264385806,0.994247049154543,0.0,VUILD53,False,False
macrophages,gobp,GOBP_CELL_COMMUNICATION_BY_ELECTRICAL_COUPLING_INVOLVED_IN_CARDIAC_CONDUCTION,1.7995955339633034,,0.0341233142463362,,False,True,Up,0.0350396175784164,0.177754269573691,0.98466876614658,0.7665696343747419,20,32,27,57,True,Up,0.106476500262478,0.521488544353904,59,0,0.12952642095896,0.235496823136021,0.242068827502608,0,092C,False,,,,,,,,,,False,,,,,,,,,,,False,False
macrophages,gobp,GOBP_DECIDUALIZATION,1.7931929958473811,1.929189786485373,0.0358748128640527,0.0050027345157751,True,True,Up,0.052307484830612,0.121080374008291,0.98466876614658,0.7570258086515206,24,32,27,57,True,Up,0.0352299198148535,0.327097656509448,59,0,0.0752173044897522,0.147251728760109,0.161235118355516,0,483C,True,Up,0.0865483075059773,0.0581273594511565,0.434245567664522,0.4698628222301817,20.0,12.0,9.0,19.0,True,Up,0.0026626125874555,0.0193229599203918,21.0,0.0,0.0096836307383342,0.0839860126789998,0.535162326635306,0.0,VUHD071,False,False
macrophages,gobp,GOBP_NEGATIVE_REGULATION_OF_HUMORAL_IMMUNE_RESPONSE,1.7929758080544596,,0.0357321311642565,,False,True,Up,0.0066712309074962,0.0572440478039177,0.98466876614658,0.7570258086515206,17,32,27,57,True,Up,0.0580158674417903,0.40553703646481,59,0,0.0263049176353557,0.0808546121922564,0.113094109458789,0,160C,False,,,,,,,,,,False,,,,,,,,,,,False,False
macrophages,gobp,GOBP_MEMBRANE_RAFT_ORGANIZATION,1.7837957428723863,1.3282671651574514,0.0379657543511357,0.1773783765333713,False,True,Up,0.0078515576372105,0.0657629137221864,0.98466876614658,0.7570258086515206,25,32,27,57,True,Up,0.0662621726606578,0.432110919190764,59,0,0.0347654648865637,0.076208732412777,0.116846478762311,0,092C,True,Up,0.0202091370505611,0.297868616622413,0.713760647378235,0.7391135224204619,21.0,12.0,9.0,19.0,True,Up,0.246990294830232,0.454605325267239,21.0,0.0,0.145788413308021,0.370302710781866,0.994247049154543,0.0,VUHD65,False,False
macrophages,gobp,GOBP_GLYCOSYL_COMPOUND_CATABOLIC_PROCESS,1.7690028201588703,1.0077456383514338,0.041526676576974,0.5232150648286775,False,True,Up,0.0394052685264913,0.0123692759427457,0.98466876614658,0.7570258086515206,33,32,27,57,True,Up,0.0007247187842951,0.0288933733695484,59,0,0.0048364743918782,0.0180303202751486,0.107112370508945,0,439C,True,Up,0.0048156261624017,0.60447073181225,0.909371669445764,0.8945084006896112,25.0,12.0,9.0,19.0,True,Up,0.617327306301235,0.757248680861696,21.0,0.0,0.39968112063283,0.849566170125237,0.994247049154543,0.0,VUILD59,False,False
macrophages,gobp,GOBP_NEGATIVE_REGULATION_OF_CELL_CYCLE_G1_S_PHASE_TRANSITION,1.763546053112785,1.198588066832898,0.0426988068318029,0.262471917407807,False,True,Up,0.0271365909189864,0.0129846965099801,0.98466876614658,0.7570258086515206,68,32,27,57,True,Up,0.0008680244826067,0.0322752822532766,59,0,0.0083297568245602,0.040300349680052,0.110813031468443,0,084C,True,Up,0.0056499183678796,0.387262069656079,0.778147599845574,0.7702073182144967,66.0,12.0,9.0,19.0,True,Up,0.420388459432206,0.576947089415473,21.0,0.0,0.181423328613169,0.565543890584694,0.994247049154543,0.0,VUHD071,False,False
macrophages,gobp,GOBP_REGULATION_OF_SYSTEMIC_ARTERIAL_BLOOD_PRESSURE_MEDIATED_BY_A_CHEMICAL_SIGNAL,1.761550102189019,1.622803809907695,0.0429503521329752,0.0443662361997817,True,True,Up,0.0214564499279608,0.0554750269755944,0.98466876614658,0.7570258086515206,32,32,27,57,True,Up,0.0275286714099547,0.294663213360981,59,0,0.0262052923092614,0.0633811728998448,0.110813031468443,0,160C,True,Up,-0.0130957131968028,0.0437113868703753,0.392100330577273,0.44195758357823606,21.0,12.0,9.0,19.0,True,Up,0.048565577904901,0.154915266169783,21.0,0.0,0.029438596706646,0.0674745861082335,0.476820408498183,0.0,VUHD70,False,False
macrophages,gobp,GOBP_ACTIN_NUCLEATION,1.7601305088855166,1.638830605593395,0.0429375265745708,0.0396680527482703,True,True,Up,0.0367352518564825,0.0106918329548303,0.98466876614658,0.7570258086515206,52,32,27,57,True,Up,0.0002733421413164,0.0132265144818716,59,0,0.006036389963969,0.0268651211442058,0.107112370508945,0,483C,True,Up,0.0200781145687567,0.0790305029200778,0.501843693542494,0.5562877064018549,38.0,12.0,9.0,19.0,True,Up,0.0363689502162447,0.131967333641802,21.0,0.0,0.0464659059472347,0.151222259963576,0.655604161302511,0.0,THD0005,False,False
macrophages,gobp,GOBP_ANTIGEN_PROCESSING_AND_PRESENTATION_OF_ENDOGENOUS_ANTIGEN,1.7518271465346291,1.0973321575741573,0.0456533001996566,0.394316437301602,False,True,Up,0.134130158109068,0.0818584514253792,0.98466876614658,0.7570258086515206,26,32,27,57,True,Up,0.0009526586795752,0.0344550308104389,59,0,0.0570693063930827,0.0957082852899428,0.130561291018496,0,396C,True,Up,0.0714778141379728,0.757489109606094,0.943148205097784,0.901551455604799,26.0,12.0,9.0,19.0,True,Up,0.640095703225904,0.774210993425617,21.0,0.0,0.479290608161843,0.969996716300572,0.997564526532845,0.0,THD0001,False,False
macrophages,gobp,GOBP_GRANULOCYTE_CHEMOTAXIS,1.7506614125474544,2.1551486033075684,0.0457879165652368,0.000779114391801,True,True,Up,0.0426279296134224,0.135590362560429,0.98466876614658,0.7638340714677885,115,32,27,57,True,Up,0.0123114285987871,0.191296493931594,59,0,0.0542888103948106,0.163986614682872,0.177652165906445,0,160C,True,Up,0.0505653984587053,0.0196456656205756,0.298951448799952,0.34647810276287877,100.0,12.0,9.0,19.0,True,Up,9.89102821488079e-06,0.0001932554743522,21.0,0.0,0.00960749952601,0.0326758685636557,0.403182774067,0.0,VUHD65,False,False
macrophages,gobp,GOBP_CARBOHYDRATE_DERIVATIVE_CATABOLIC_PROCESS,1.7461367080997066,1.4988546634200106,0.0465413665969249,0.0862323808845397,False,True,Up,0.0244733341732086,0.0257506009943306,0.98466876614658,0.7570258086515206,249,32,27,57,True,Up,0.0011105124757879,0.0383325755893319,59,0,0.0117138615300011,0.0553386253152441,0.112493773438458,0,483C,True,Up,0.0100331047746077,0.116725412316407,0.538719060655383,0.6063659215665222,207.0,12.0,9.0,19.0,True,Up,0.0999256740957396,0.253811212203178,21.0,0.0,0.0617578298159144,0.182665291809471,0.99294979137456,0.0,VUILD59,False,False
macrophages,gobp,GOBP_GRANULOCYTE_MIGRATION,1.7417035787755033,2.14387694711792,0.0480031771321296,0.0006678123358294,True,True,Up,0.0417906991517085,0.125338479030319,0.98466876614658,0.7570258086515206,137,32,27,57,True,Up,0.0089056912028429,0.159146053417414,59,0,0.0450276296280031,0.152523018435099,0.166869242941371,0,160C,True,Up,0.0469651286622987,0.0217433492113487,0.298951448799952,0.34755836466051304,118.0,12.0,9.0,19.0,True,Up,1.57476035171082e-05,0.0002857065209532,21.0,0.0,0.0102617628937026,0.0355720335134992,0.403182774067,0.0,VUHD65,False,False
macrophages,gobp,GOBP_DEOXYRIBONUCLEOSIDE_MONOPHOSPHATE_METABOLIC_PROCESS,1.7378111300941297,1.6070080535893156,0.0489685593054111,0.0490631495377415,True,True,Up,0.0149422125807526,0.0460890889890416,0.98466876614658,0.7570258086515206,23,32,27,57,True,Up,0.0333524745849048,0.320431707322064,59,0,0.0181089428469178,0.0649993720703048,0.114918889820299,0,483C,True,Up,0.0194042092212277,0.130794528218605,0.563081528263146,0.6343534618602341,18.0,12.0,9.0,19.0,True,Up,0.0922946365094786,0.244196225764662,21.0,0.0,0.0531371714581068,0.20699413055413,0.994247049154543,0.0,THD0005,False,False
macrophages,gobp,GOBP_PLATELET_AGGREGATION,1.7346374519801535,1.6525685073637957,0.0496083165858452,0.0369725193200132,True,True,Up,0.0198775033997576,0.020262885740971,0.98466876614658,0.7570258086515206,69,32,27,57,True,Up,0.0047321361756047,0.111684737311544,59,0,0.0049542750514492,0.033195851650212,0.107112370508945,0,483C,True,Up,0.0139139835123592,0.10072168618962,0.52653601368531,0.597142847302855,55.0,12.0,9.0,19.0,True,Up,0.0658633755878576,0.197953535565519,21.0,0.0,0.0497833768408002,0.137931766200972,0.630957422554291,0.0,VUHD65,False,False
