label,uncertainty_cutoff,cells,gene,detection_fraction,mean_normalized_10000
AT0,0.2,68,EPCAM,0.7794117647058824,4.216406099300224
AT0,0.2,68,KRT8,0.8235294117647058,4.790408940981644
AT0,0.2,68,SFTPC,0.9264705882352942,13.245128646015797
AT0,0.2,68,SFTPA1,0.9852941176470589,39.84787864174278
AT0,0.2,68,ABCA3,0.27941176470588236,0.7014061624526637
AT0,0.2,68,AGER,0.6911764705882353,3.720739528450913
AT0,0.2,68,HOPX,0.8382352941176471,6.795462544641111
AT0,0.2,68,SCGB1A1,0.22058823529411764,6.722117280458613
AT0,0.2,68,FOXJ1,0.058823529411764705,0.06787539305282664
AT0,0.2,68,PTPRC,0.014705882352941176,0.025691618366424137
AT0,0.2,68,LST1,0.029411764705882353,0.039948243097025674
AT0,0.2,68,TYROBP,0.19117647058823528,0.40131225296492934
AT0,0.2,68,C1QA,0.3235294117647059,0.7208186286563227
AT0,0.2,68,C1QB,0.3088235294117647,0.966451807699001
AT0,0.2,68,CD68,0.29411764705882354,0.7467619243583895
AT0,0.2,68,CSF1R,0.10294117647058823,0.25294297904502966
AT0,0.2,68,PPARG,0.04411764705882353,0.043821907090584776
AT0,0.2,68,FABP4,0.029411764705882353,0.04489165823544623
AT0,0.2,68,COL1A1,0.23529411764705882,0.6368122936020965
AT0,0.2,68,COL1A2,0.14705882352941177,0.2918915853864392
AT0,0.2,68,COL3A1,0.058823529411764705,0.2177601926154642
AT0,0.2,68,DCN,0.20588235294117646,0.48077853448488495
AT0,0.2,68,LUM,0.10294117647058823,0.2166238410601676
AT0,0.2,68,PDGFRA,0.0,0.0
AT0,0.2,68,PI16,0.0,0.0
AT0,0.2,68,ACTA2,0.04411764705882353,0.07998659256954482
AT0,0.2,68,TAGLN,0.23529411764705882,0.6149616480669637
AT0,0.2,68,MYH11,0.04411764705882353,0.1062518909829828
AT0,0.2,68,PECAM1,0.11764705882352941,0.5794993668737354
AT0,0.2,68,VWF,0.058823529411764705,0.1686973571783288
AT0,0.2,68,MKI67,0.014705882352941176,0.035650623885918005
AT0,0.2,68,CLDN4,0.9558823529411765,9.827757549224259
AT0,0.2,68,KRT17,0.014705882352941176,0.17240190331701263
AT1,0.2,3820,EPCAM,0.5835078534031414,4.171854420502596
AT1,0.2,3820,KRT8,0.7044502617801047,7.300793584656754
AT1,0.2,3820,SFTPC,0.805759162303665,19.66481903973547
AT1,0.2,3820,SFTPA1,0.793979057591623,13.565337574063218
AT1,0.2,3820,ABCA3,0.19947643979057592,1.110094537896317
AT1,0.2,3820,AGER,0.9971204188481675,70.64872346290319
AT1,0.2,3820,HOPX,0.6701570680628273,6.124824673722636
AT1,0.2,3820,SCGB1A1,0.09424083769633508,0.7061440192183398
AT1,0.2,3820,FOXJ1,0.03795811518324607,0.16166628219639798
AT1,0.2,3820,PTPRC,0.0274869109947644,0.10649063053626037
AT1,0.2,3820,LST1,0.02931937172774869,0.11612253027269555
AT1,0.2,3820,TYROBP,0.09450261780104711,0.4414310469330093
AT1,0.2,3820,C1QA,0.15785340314136126,0.9078730650411203
AT1,0.2,3820,C1QB,0.1463350785340314,0.8218005644268445
AT1,0.2,3820,CD68,0.16910994764397905,0.8498297420050656
AT1,0.2,3820,CSF1R,0.03534031413612566,0.17785226091820186
AT1,0.2,3820,PPARG,0.026963350785340314,0.10907149719623138
AT1,0.2,3820,FABP4,0.018848167539267015,0.10311827204920634
AT1,0.2,3820,COL1A1,0.15261780104712042,0.8343684875914624
AT1,0.2,3820,COL1A2,0.17356020942408376,1.055027753838726
AT1,0.2,3820,COL3A1,0.13141361256544504,0.7298177646365286
AT1,0.2,3820,DCN,0.2518324607329843,1.7588131835964178
AT1,0.2,3820,LUM,0.15,0.8697335187560999
AT1,0.2,3820,PDGFRA,0.01832460732984293,0.07076371130085743
AT1,0.2,3820,PI16,0.006544502617801047,0.029365473465068674
AT1,0.2,3820,ACTA2,0.04869109947643979,0.23722594701709937
AT1,0.2,3820,TAGLN,0.325130890052356,2.3863487675259494
AT1,0.2,3820,MYH11,0.032722513089005235,0.1857913573764206
AT1,0.2,3820,PECAM1,0.1238219895287958,0.7551816302625212
AT1,0.2,3820,VWF,0.051047120418848166,0.2983766997621163
AT1,0.2,3820,MKI67,0.0075916230366492145,0.03602270384842692
AT1,0.2,3820,CLDN4,0.5965968586387435,5.015910266669242
AT1,0.2,3820,KRT17,0.0075916230366492145,0.04884172277928495
AT2,0.2,11129,EPCAM,0.5133435169377303,2.309424931591852
AT2,0.2,11129,KRT8,0.542905921466439,3.2713301886716155
AT2,0.2,11129,SFTPC,0.9989217360050319,592.5058871631825
AT2,0.2,11129,SFTPA1,0.9977536166771498,276.5943411900326
AT2,0.2,11129,ABCA3,0.9128403270734118,18.004509709144603
AT2,0.2,11129,AGER,0.5835205319435709,4.609798053364783
AT2,0.2,11129,HOPX,0.6371641656932339,3.976575192402576
AT2,0.2,11129,SCGB1A1,0.1052205948423039,0.48493517662517777
AT2,0.2,11129,FOXJ1,0.031269655854074936,0.07632496602073793
AT2,0.2,11129,PTPRC,0.04816245844190853,0.142856389264896
AT2,0.2,11129,LST1,0.04591607511905832,0.1405397065877498
AT2,0.2,11129,TYROBP,0.1468236139814898,0.5319321471203031
AT2,0.2,11129,C1QA,0.2533021834845898,1.0414002983378892
AT2,0.2,11129,C1QB,0.2223919489621709,0.9180951960467443
AT2,0.2,11129,CD68,0.2405427262108006,0.8920589465029316
AT2,0.2,11129,CSF1R,0.06370743103603199,0.23882004341111038
AT2,0.2,11129,PPARG,0.03818851648845359,0.10275197708152162
AT2,0.2,11129,FABP4,0.03171893251864498,0.11809997267972135
AT2,0.2,11129,COL1A1,0.32401833048791445,1.6583476031538409
AT2,0.2,11129,COL1A2,0.28996315931350525,1.5469269316068421
AT2,0.2,11129,COL3A1,0.2150238116632222,1.1199769062745975
AT2,0.2,11129,DCN,0.3454937550543625,1.9531224448450428
AT2,0.2,11129,LUM,0.23407314224099202,1.110586939479247
AT2,0.2,11129,PDGFRA,0.03962620181507773,0.1033232084249104
AT2,0.2,11129,PI16,0.008266690628088777,0.024254353985103238
AT2,0.2,11129,ACTA2,0.07718573097313325,0.2553629354195189
AT2,0.2,11129,TAGLN,0.28232545601581455,1.2176529199205959
AT2,0.2,11129,MYH11,0.04375954712912211,0.16214843375245133
AT2,0.2,11129,PECAM1,0.2515949321592236,1.0999349031950734
AT2,0.2,11129,VWF,0.07188426633120676,0.294931304461365
AT2,0.2,11129,MKI67,0.014466708599155359,0.04867283568747218
AT2,0.2,11129,CLDN4,0.5738161559888579,3.297990961907243
AT2,0.2,11129,KRT17,0.007817413963518734,0.04239238172353407
AT2 proliferating,0.2,24,EPCAM,0.9583333333333334,3.4468801499203483
AT2 proliferating,0.2,24,KRT8,1.0,7.959618271469625
AT2 proliferating,0.2,24,SFTPC,1.0,374.92465217126727
AT2 proliferating,0.2,24,SFTPA1,1.0,122.2670579316037
AT2 proliferating,0.2,24,ABCA3,0.8333333333333334,7.064834190261818
AT2 proliferating,0.2,24,AGER,0.9166666666666666,4.5724863937708955
AT2 proliferating,0.2,24,HOPX,0.9583333333333334,4.363994801383078
AT2 proliferating,0.2,24,SCGB1A1,0.25,0.39269054846169577
AT2 proliferating,0.2,24,FOXJ1,0.20833333333333334,0.48781590747364373
AT2 proliferating,0.2,24,PTPRC,0.20833333333333334,0.23568145704373455
AT2 proliferating,0.2,24,LST1,0.08333333333333333,0.025070980738167627
AT2 proliferating,0.2,24,TYROBP,0.20833333333333334,0.36455270139087287
AT2 proliferating,0.2,24,C1QA,0.4166666666666667,0.5744875938691878
AT2 proliferating,0.2,24,C1QB,0.4166666666666667,0.6174325749482111
AT2 proliferating,0.2,24,CD68,0.4583333333333333,0.8043500493503308
AT2 proliferating,0.2,24,CSF1R,0.041666666666666664,0.03489378332356307
AT2 proliferating,0.2,24,PPARG,0.041666666666666664,0.017031132910961234
AT2 proliferating,0.2,24,FABP4,0.041666666666666664,0.035713265335276134
AT2 proliferating,0.2,24,COL1A1,0.5833333333333334,1.1376418799079324
AT2 proliferating,0.2,24,COL1A2,0.4166666666666667,0.8538537885735481
AT2 proliferating,0.2,24,COL3A1,0.4583333333333333,1.1213200740151177
AT2 proliferating,0.2,24,DCN,0.5416666666666666,1.2314463362692796
AT2 proliferating,0.2,24,LUM,0.16666666666666666,0.5917724767046969
AT2 proliferating,0.2,24,PDGFRA,0.08333333333333333,0.15435729064693965
AT2 proliferating,0.2,24,PI16,0.0,0.0
AT2 proliferating,0.2,24,ACTA2,0.125,0.2888057070347464
AT2 proliferating,0.2,24,TAGLN,0.2916666666666667,0.8790715790396831
AT2 proliferating,0.2,24,MYH11,0.0,0.0
AT2 proliferating,0.2,24,PECAM1,0.041666666666666664,0.01655541428268701
AT2 proliferating,0.2,24,VWF,0.041666666666666664,0.08564576909900651
AT2 proliferating,0.2,24,MKI67,1.0,9.106462779897548
AT2 proliferating,0.2,24,CLDN4,0.8333333333333334,2.6620214648582237
AT2 proliferating,0.2,24,KRT17,0.0,0.0
Adventitial fibroblasts,0.2,297,EPCAM,0.0707070707070707,0.2703363348799637
Adventitial fibroblasts,0.2,297,KRT8,0.13131313131313133,0.5733769115265758
Adventitial fibroblasts,0.2,297,SFTPC,0.8619528619528619,26.005840342875118
Adventitial fibroblasts,0.2,297,SFTPA1,0.7407407407407407,14.465727950242156
Adventitial fibroblasts,0.2,297,ABCA3,0.18518518518518517,0.7881224844386093
Adventitial fibroblasts,0.2,297,AGER,0.3569023569023569,3.417944329697043
Adventitial fibroblasts,0.2,297,HOPX,0.10437710437710437,0.5434388328013332
Adventitial fibroblasts,0.2,297,SCGB1A1,0.13804713804713806,0.9926249219540833
Adventitial fibroblasts,0.2,297,FOXJ1,0.020202020202020204,0.09036497873561591
Adventitial fibroblasts,0.2,297,PTPRC,0.04377104377104377,0.16944456774945368
Adventitial fibroblasts,0.2,297,LST1,0.04040404040404041,0.177363174888024
Adventitial fibroblasts,0.2,297,TYROBP,0.13804713804713806,0.6105577093597264
Adventitial fibroblasts,0.2,297,C1QA,0.20875420875420875,1.0841799511238113
Adventitial fibroblasts,0.2,297,C1QB,0.1717171717171717,0.7852060091755267
Adventitial fibroblasts,0.2,297,CD68,0.21885521885521886,1.0450606475893132
Adventitial fibroblasts,0.2,297,CSF1R,0.05723905723905724,0.28292388672484503
Adventitial fibroblasts,0.2,297,PPARG,0.030303030303030304,0.10850587588668417
Adventitial fibroblasts,0.2,297,FABP4,0.013468013468013467,0.08169165344121454
Adventitial fibroblasts,0.2,297,COL1A1,0.9528619528619529,26.774448661502095
Adventitial fibroblasts,0.2,297,COL1A2,0.9764309764309764,44.96941677657043
Adventitial fibroblasts,0.2,297,COL3A1,0.8821548821548821,18.735500760146984
Adventitial fibroblasts,0.2,297,DCN,0.9865319865319865,159.61468997154185
Adventitial fibroblasts,0.2,297,LUM,0.7407407407407407,17.979196566092128
Adventitial fibroblasts,0.2,297,PDGFRA,0.4983164983164983,3.6825078115016154
Adventitial fibroblasts,0.2,297,PI16,0.6902356902356902,15.632337215559472
Adventitial fibroblasts,0.2,297,ACTA2,0.10774410774410774,0.3529361515781567
Adventitial fibroblasts,0.2,297,TAGLN,0.5555555555555556,5.888080378446898
Adventitial fibroblasts,0.2,297,MYH11,0.04040404040404041,0.16779776146654823
Adventitial fibroblasts,0.2,297,PECAM1,0.13468013468013468,0.5708675376378044
Adventitial fibroblasts,0.2,297,VWF,0.08080808080808081,0.46708843104563685
Adventitial fibroblasts,0.2,297,MKI67,0.003367003367003367,0.007112385650619702
Adventitial fibroblasts,0.2,297,CLDN4,0.07407407407407407,0.3077738037646928
Adventitial fibroblasts,0.2,297,KRT17,0.003367003367003367,0.006209891860943133
Alveolar Mph proliferating,0.2,2,EPCAM,0.0,0.0
Alveolar Mph proliferating,0.2,2,KRT8,0.0,0.0
Alveolar Mph proliferating,0.2,2,SFTPC,1.0,4.79358745266247
Alveolar Mph proliferating,0.2,2,SFTPA1,1.0,8.273804797628593
Alveolar Mph proliferating,0.2,2,ABCA3,0.0,0.0
Alveolar Mph proliferating,0.2,2,AGER,0.5,1.3133701076963489
Alveolar Mph proliferating,0.2,2,HOPX,0.0,0.0
Alveolar Mph proliferating,0.2,2,SCGB1A1,0.0,0.0
Alveolar Mph proliferating,0.2,2,FOXJ1,0.0,0.0
Alveolar Mph proliferating,0.2,2,PTPRC,1.0,2.396793726331235
Alveolar Mph proliferating,0.2,2,LST1,0.0,0.0
Alveolar Mph proliferating,0.2,2,TYROBP,1.0,15.464185976622296
Alveolar Mph proliferating,0.2,2,C1QA,1.0,34.80217344966121
Alveolar Mph proliferating,0.2,2,C1QB,1.0,24.59146790382431
Alveolar Mph proliferating,0.2,2,CD68,1.0,32.24174206094094
Alveolar Mph proliferating,0.2,2,CSF1R,0.0,0.0
Alveolar Mph proliferating,0.2,2,PPARG,0.5,2.1668472372697725
Alveolar Mph proliferating,0.2,2,FABP4,0.5,5.417118093174431
Alveolar Mph proliferating,0.2,2,COL1A1,0.0,0.0
Alveolar Mph proliferating,0.2,2,COL1A2,0.5,1.3133701076963489
Alveolar Mph proliferating,0.2,2,COL3A1,0.0,0.0
Alveolar Mph proliferating,0.2,2,DCN,0.5,1.3133701076963489
Alveolar Mph proliferating,0.2,2,LUM,0.0,0.0
Alveolar Mph proliferating,0.2,2,PDGFRA,0.0,0.0
Alveolar Mph proliferating,0.2,2,PI16,0.0,0.0
Alveolar Mph proliferating,0.2,2,ACTA2,0.0,0.0
Alveolar Mph proliferating,0.2,2,TAGLN,0.5,4.333694474539545
Alveolar Mph proliferating,0.2,2,MYH11,0.0,0.0
Alveolar Mph proliferating,0.2,2,PECAM1,1.0,3.710163834027584
Alveolar Mph proliferating,0.2,2,VWF,0.0,0.0
Alveolar Mph proliferating,0.2,2,MKI67,1.0,20.947612896469153
Alveolar Mph proliferating,0.2,2,CLDN4,0.0,0.0
Alveolar Mph proliferating,0.2,2,KRT17,0.0,0.0
Alveolar fibroblasts,0.2,5873,EPCAM,0.1658436914694364,0.8926159523870715
Alveolar fibroblasts,0.2,5873,KRT8,0.1486463476928316,0.8204606369410233
Alveolar fibroblasts,0.2,5873,SFTPC,0.826834667120722,34.274834733493435
Alveolar fibroblasts,0.2,5873,SFTPA1,0.8075940745785799,20.749260177576225
Alveolar fibroblasts,0.2,5873,ABCA3,0.12651115273284522,0.8081535552558409
Alveolar fibroblasts,0.2,5873,AGER,0.4876553720415461,7.161687147285843
Alveolar fibroblasts,0.2,5873,HOPX,0.1718031670355866,0.9956336820732894
Alveolar fibroblasts,0.2,5873,SCGB1A1,0.08530563596117827,0.5680557129749545
Alveolar fibroblasts,0.2,5873,FOXJ1,0.0059594755661501785,0.027165824104000518
Alveolar fibroblasts,0.2,5873,PTPRC,0.03660820704920824,0.1498734762266692
Alveolar fibroblasts,0.2,5873,LST1,0.04529201430274136,0.19230533484954548
Alveolar fibroblasts,0.2,5873,TYROBP,0.1270219649242295,0.7619972594616375
Alveolar fibroblasts,0.2,5873,C1QA,0.2026221692491061,1.58930617316635
Alveolar fibroblasts,0.2,5873,C1QB,0.18235995232419547,1.4109432324372342
Alveolar fibroblasts,0.2,5873,CD68,0.20449514728418186,1.2666531010620543
Alveolar fibroblasts,0.2,5873,CSF1R,0.06742720926272773,0.4688552288330491
Alveolar fibroblasts,0.2,5873,PPARG,0.028435211987059426,0.12908160552212214
Alveolar fibroblasts,0.2,5873,FABP4,0.028605482717520857,0.18616446815647358
Alveolar fibroblasts,0.2,5873,COL1A1,0.8859186105908394,18.114483120431995
Alveolar fibroblasts,0.2,5873,COL1A2,0.9330836029286566,25.68403845940767
Alveolar fibroblasts,0.2,5873,COL3A1,0.8431806572450196,15.87699586622956
Alveolar fibroblasts,0.2,5873,DCN,0.9390430784948067,29.838439053758705
Alveolar fibroblasts,0.2,5873,LUM,0.8596969180997787,19.409946572520866
Alveolar fibroblasts,0.2,5873,PDGFRA,0.5029797377830751,4.191645330192726
Alveolar fibroblasts,0.2,5873,PI16,0.02128384130767921,0.17761076356988373
Alveolar fibroblasts,0.2,5873,ACTA2,0.1789545377149668,1.3238696298809411
Alveolar fibroblasts,0.2,5873,TAGLN,0.4006470287757534,4.060895301097802
Alveolar fibroblasts,0.2,5873,MYH11,0.04682445087689426,0.31013063420025927
Alveolar fibroblasts,0.2,5873,PECAM1,0.138600374595607,0.9421482509487255
Alveolar fibroblasts,0.2,5873,VWF,0.062148816618423294,0.3856135465110569
Alveolar fibroblasts,0.2,5873,MKI67,0.010727056019070322,0.05623617261081382
Alveolar fibroblasts,0.2,5873,CLDN4,0.05874340200919462,0.2590866224758702
Alveolar fibroblasts,0.2,5873,KRT17,0.0027243316873829387,0.010930713572639424
Alveolar macrophages,0.2,2515,EPCAM,0.06759443339960239,0.07803925494076634
Alveolar macrophages,0.2,2515,KRT8,0.263220675944334,0.358373112996214
Alveolar macrophages,0.2,2515,SFTPC,0.9634194831013917,12.720491981159709
Alveolar macrophages,0.2,2515,SFTPA1,0.9339960238568589,8.520337797694378
Alveolar macrophages,0.2,2515,ABCA3,0.24652087475149106,0.32713910865339735
Alveolar macrophages,0.2,2515,AGER,0.551093439363817,1.2581471558591537
Alveolar macrophages,0.2,2515,HOPX,0.2560636182902585,0.35088277059035045
Alveolar macrophages,0.2,2515,SCGB1A1,0.24532803180914514,0.4024677760120896
Alveolar macrophages,0.2,2515,FOXJ1,0.013518886679920477,0.009647404609634338
Alveolar macrophages,0.2,2515,PTPRC,0.6675944333996023,1.3425670266607765
Alveolar macrophages,0.2,2515,LST1,0.8453280318091452,3.0352560432196634
Alveolar macrophages,0.2,2515,TYROBP,0.9848906560636183,17.42529736039864
Alveolar macrophages,0.2,2515,C1QA,0.9940357852882704,48.36967286123063
Alveolar macrophages,0.2,2515,C1QB,0.989662027833002,45.07884479592876
Alveolar macrophages,0.2,2515,CD68,0.9952286282306163,29.47742103361412
Alveolar macrophages,0.2,2515,CSF1R,0.8266401590457256,3.521265278226893
Alveolar macrophages,0.2,2515,PPARG,0.8596421471172963,5.7009344200968055
Alveolar macrophages,0.2,2515,FABP4,0.7105367793240557,14.430372715250192
Alveolar macrophages,0.2,2515,COL1A1,0.35785288270377735,0.8509288392445258
Alveolar macrophages,0.2,2515,COL1A2,0.3491053677932406,0.7407639238744199
Alveolar macrophages,0.2,2515,COL3A1,0.24652087475149106,0.5130014582166138
Alveolar macrophages,0.2,2515,DCN,0.37773359840954274,0.8527871223802113
Alveolar macrophages,0.2,2515,LUM,0.2238568588469185,0.4682314635652481
Alveolar macrophages,0.2,2515,PDGFRA,0.04055666003976143,0.06169059596910197
Alveolar macrophages,0.2,2515,PI16,0.01073558648111332,0.013043053305049315
Alveolar macrophages,0.2,2515,ACTA2,0.24453280318091453,0.3268612889290386
Alveolar macrophages,0.2,2515,TAGLN,0.8747514910536779,4.980596031220949
Alveolar macrophages,0.2,2515,MYH11,0.04970178926441352,0.07032933302046297
Alveolar macrophages,0.2,2515,PECAM1,0.9399602385685885,7.99181450290062
Alveolar macrophages,0.2,2515,VWF,0.14353876739562624,0.20799505960179399
Alveolar macrophages,0.2,2515,MKI67,0.033399602385685886,0.05289164915504624
Alveolar macrophages,0.2,2515,CLDN4,0.12445328031809146,0.12825264855531612
Alveolar macrophages,0.2,2515,KRT17,0.0075546719681908545,0.01172880932384121
B cells,0.2,137,EPCAM,0.029197080291970802,0.20525532053714543
B cells,0.2,137,KRT8,0.0948905109489051,0.8783214523267274
B cells,0.2,137,SFTPC,0.6934306569343066,17.12423313096788
B cells,0.2,137,SFTPA1,0.6131386861313869,12.33656705371085
B cells,0.2,137,ABCA3,0.058394160583941604,0.5162978351374943
B cells,0.2,137,AGER,0.21897810218978103,2.4849995297124656
B cells,0.2,137,HOPX,0.06569343065693431,0.5721141334568898
B cells,0.2,137,SCGB1A1,0.12408759124087591,0.9698275195916222
B cells,0.2,137,FOXJ1,0.014598540145985401,0.10947278199516747
B cells,0.2,137,PTPRC,0.2846715328467153,2.6453269952152825
B cells,0.2,137,LST1,0.043795620437956206,0.3693156056625524
B cells,0.2,137,TYROBP,0.06569343065693431,0.5217525944233591
B cells,0.2,137,C1QA,0.1386861313868613,1.2034133498459667
B cells,0.2,137,C1QB,0.0948905109489051,0.8349192376143063
B cells,0.2,137,CD68,0.0948905109489051,0.73836813539707
B cells,0.2,137,CSF1R,0.0,0.0
B cells,0.2,137,PPARG,0.021897810218978103,0.18400875166712904
B cells,0.2,137,FABP4,0.014598540145985401,0.12403111749801511
B cells,0.2,137,COL1A1,0.058394160583941604,0.5876345861047304
B cells,0.2,137,COL1A2,0.0948905109489051,1.0364586649342025
B cells,0.2,137,COL3A1,0.08029197080291971,0.5818492797762735
B cells,0.2,137,DCN,0.12408759124087591,1.3742940767457563
B cells,0.2,137,LUM,0.12408759124087591,1.1987996542615618
B cells,0.2,137,PDGFRA,0.0072992700729927005,0.06629673090819892
B cells,0.2,137,PI16,0.0,0.0
B cells,0.2,137,ACTA2,0.072992700729927,0.9009771282188992
B cells,0.2,137,TAGLN,0.21897810218978103,2.6138927456895114
B cells,0.2,137,MYH11,0.043795620437956206,0.33490172246007505
B cells,0.2,137,PECAM1,0.08759124087591241,0.7054826407718146
B cells,0.2,137,VWF,0.051094890510948905,0.5044433496960334
B cells,0.2,137,MKI67,0.0072992700729927005,0.13280454988387902
B cells,0.2,137,CLDN4,0.0072992700729927005,0.06708887934735938
B cells,0.2,137,KRT17,0.0,0.0
Basal resting,0.2,147,EPCAM,0.19727891156462585,1.0442209402453653
Basal resting,0.2,147,KRT8,0.3877551020408163,2.511319264312217
Basal resting,0.2,147,SFTPC,0.6870748299319728,7.904168609417179
Basal resting,0.2,147,SFTPA1,0.5918367346938775,7.671603911960773
Basal resting,0.2,147,ABCA3,0.06802721088435375,0.3822607954021937
Basal resting,0.2,147,AGER,0.3197278911564626,1.802236416428388
Basal resting,0.2,147,HOPX,0.1360544217687075,0.6151097794581084
Basal resting,0.2,147,SCGB1A1,0.3741496598639456,12.213690338104255
Basal resting,0.2,147,FOXJ1,0.07482993197278912,0.33764194435684164
Basal resting,0.2,147,PTPRC,0.013605442176870748,0.07448983097826994
Basal resting,0.2,147,LST1,0.027210884353741496,0.17793409957902676
Basal resting,0.2,147,TYROBP,0.08843537414965986,0.4817042786544516
Basal resting,0.2,147,C1QA,0.19047619047619047,0.9250516836455441
Basal resting,0.2,147,C1QB,0.06802721088435375,0.34223005787675853
Basal resting,0.2,147,CD68,0.14285714285714285,0.8503182125063531
Basal resting,0.2,147,CSF1R,0.013605442176870748,0.06877669489191797
Basal resting,0.2,147,PPARG,0.027210884353741496,0.19179716234081073
Basal resting,0.2,147,FABP4,0.027210884353741496,0.16957020755801394
Basal resting,0.2,147,COL1A1,0.23809523809523808,1.4855040979148435
Basal resting,0.2,147,COL1A2,0.14285714285714285,0.7880802131499459
Basal resting,0.2,147,COL3A1,0.08163265306122448,0.5667855867090676
Basal resting,0.2,147,DCN,0.22448979591836735,1.7096596063523464
Basal resting,0.2,147,LUM,0.061224489795918366,0.28174795757491966
Basal resting,0.2,147,PDGFRA,0.02040816326530612,0.1309297313978942
Basal resting,0.2,147,PI16,0.0,0.0
Basal resting,0.2,147,ACTA2,0.06802721088435375,0.29827151020085196
Basal resting,0.2,147,TAGLN,0.1360544217687075,0.9863677726311472
Basal resting,0.2,147,MYH11,0.013605442176870748,0.03302225724805798
Basal resting,0.2,147,PECAM1,0.08843537414965986,0.5007489908161683
Basal resting,0.2,147,VWF,0.047619047619047616,0.30661117046284314
Basal resting,0.2,147,MKI67,0.0,0.0
Basal resting,0.2,147,CLDN4,0.1836734693877551,1.1648403735528918
Basal resting,0.2,147,KRT17,0.7210884353741497,19.179685829843667
CD4 T cells,0.2,1733,EPCAM,0.022504327755337564,0.1371580872456213
CD4 T cells,0.2,1733,KRT8,0.08886324293133295,0.6131243604475004
CD4 T cells,0.2,1733,SFTPC,0.7362954414310444,14.018556894078847
CD4 T cells,0.2,1733,SFTPA1,0.7253317945758799,11.26356534051033
CD4 T cells,0.2,1733,ABCA3,0.06982111944604731,0.4745333458925718
CD4 T cells,0.2,1733,AGER,0.32602423542989034,2.808803438787884
CD4 T cells,0.2,1733,HOPX,0.20484708597807272,1.6199329331805945
CD4 T cells,0.2,1733,SCGB1A1,0.07847663012117714,0.824450751809703
CD4 T cells,0.2,1733,FOXJ1,0.006924408540103866,0.04679192041163338
CD4 T cells,0.2,1733,PTPRC,0.4229659549913445,3.573115187239588
CD4 T cells,0.2,1733,LST1,0.044431621465666475,0.2983703453786947
CD4 T cells,0.2,1733,TYROBP,0.06001154068090017,0.4115385881646899
CD4 T cells,0.2,1733,C1QA,0.11598384304673975,0.7874494700692066
CD4 T cells,0.2,1733,C1QB,0.10444316214656665,0.7079503782855932
CD4 T cells,0.2,1733,CD68,0.12290825158684363,0.8712541032863382
CD4 T cells,0.2,1733,CSF1R,0.02192729371032891,0.15152205419066075
CD4 T cells,0.2,1733,PPARG,0.14714368147720716,1.2203689716983939
CD4 T cells,0.2,1733,FABP4,0.017311021350259664,0.11489809291019472
CD4 T cells,0.2,1733,COL1A1,0.0894402769763416,0.669205858156973
CD4 T cells,0.2,1733,COL1A2,0.09924985574148874,0.7584498066287126
CD4 T cells,0.2,1733,COL3A1,0.06866705135603,0.5101692756158459
CD4 T cells,0.2,1733,DCN,0.1257934218118869,0.9850030396325474
CD4 T cells,0.2,1733,LUM,0.06347374495095211,0.4823779737514643
CD4 T cells,0.2,1733,PDGFRA,0.0103866128101558,0.06848194556069884
CD4 T cells,0.2,1733,PI16,0.018465089440276975,0.14333030695732393
CD4 T cells,0.2,1733,ACTA2,0.03981534910559723,0.26089808064168724
CD4 T cells,0.2,1733,TAGLN,0.09117137911136756,0.6677038361615297
CD4 T cells,0.2,1733,MYH11,0.02308136180034622,0.15939413112239598
CD4 T cells,0.2,1733,PECAM1,0.07443739180611655,0.5344479949815839
CD4 T cells,0.2,1733,VWF,0.027120600115406807,0.18162981096365857
CD4 T cells,0.2,1733,MKI67,0.031736872475476054,0.254240307323819
CD4 T cells,0.2,1733,CLDN4,0.026543566070398154,0.1791487885671586
CD4 T cells,0.2,1733,KRT17,0.0028851702250432777,0.040805249440723806
CD8 T cells,0.2,1934,EPCAM,0.014477766287487074,0.10720549987996938
CD8 T cells,0.2,1934,KRT8,0.07652533609100311,0.5986525658718368
CD8 T cells,0.2,1934,SFTPC,0.7580144777662875,16.087287334809073
CD8 T cells,0.2,1934,SFTPA1,0.7125129265770423,12.215472717008936
CD8 T cells,0.2,1934,ABCA3,0.0687693898655636,0.49496577473609826
CD8 T cells,0.2,1934,AGER,0.30920372285418823,3.082734535721289
CD8 T cells,0.2,1934,HOPX,0.25853154084798347,2.2029395564409473
CD8 T cells,0.2,1934,SCGB1A1,0.07911065149948293,0.9708151708357874
CD8 T cells,0.2,1934,FOXJ1,0.004653567735263702,0.029807931126429814
CD8 T cells,0.2,1934,PTPRC,0.4250258531540848,3.932359461819876
CD8 T cells,0.2,1934,LST1,0.04498448810754912,0.27924755834578074
CD8 T cells,0.2,1934,TYROBP,0.1468459152016546,1.1694160832476632
CD8 T cells,0.2,1934,C1QA,0.21302998965873837,2.114366451894741
CD8 T cells,0.2,1934,C1QB,0.20527404343329886,1.9696171485122242
CD8 T cells,0.2,1934,CD68,0.18872802481902792,1.6250381269949805
CD8 T cells,0.2,1934,CSF1R,0.05997931747673216,0.5573040053136579
CD8 T cells,0.2,1934,PPARG,0.07290589451913133,0.5978983716892585
CD8 T cells,0.2,1934,FABP4,0.016546018614270942,0.10864087870144452
CD8 T cells,0.2,1934,COL1A1,0.09875904860392969,0.8441908678213866
CD8 T cells,0.2,1934,COL1A2,0.1282316442605998,1.072697000433468
CD8 T cells,0.2,1934,COL3A1,0.0811789038262668,0.7033501990060894
CD8 T cells,0.2,1934,DCN,0.18459152016546018,1.7399158563234565
CD8 T cells,0.2,1934,LUM,0.10910031023784902,0.9579581520925349
CD8 T cells,0.2,1934,PDGFRA,0.010341261633919338,0.09080235437431415
CD8 T cells,0.2,1934,PI16,0.004653567735263702,0.03440937280748125
CD8 T cells,0.2,1934,ACTA2,0.05532574974146846,0.3993959391558754
CD8 T cells,0.2,1934,TAGLN,0.12047569803516028,1.0361974507018359
CD8 T cells,0.2,1934,MYH11,0.02326783867631851,0.19401508549444035
CD8 T cells,0.2,1934,PECAM1,0.26835573940020685,2.4564215370799136
CD8 T cells,0.2,1934,VWF,0.031023784901758014,0.24844016876068173
CD8 T cells,0.2,1934,MKI67,0.029472595656670115,0.24546839652923297
CD8 T cells,0.2,1934,CLDN4,0.02481902792140641,0.19069968432105613
CD8 T cells,0.2,1934,KRT17,0.002068252326783868,0.007620411066648296
Classical monocytes,0.2,117,EPCAM,0.017094017094017096,0.06269465891943576
Classical monocytes,0.2,117,KRT8,0.08547008547008547,0.34000380797597013
Classical monocytes,0.2,117,SFTPC,0.7606837606837606,10.56766015712883
Classical monocytes,0.2,117,SFTPA1,0.6153846153846154,6.837898480676469
Classical monocytes,0.2,117,ABCA3,0.09401709401709402,0.4598176884311908
Classical monocytes,0.2,117,AGER,0.38461538461538464,3.1369503444967792
Classical monocytes,0.2,117,HOPX,0.17094017094017094,0.8012381275197943
Classical monocytes,0.2,117,SCGB1A1,0.13675213675213677,0.7572961507103719
Classical monocytes,0.2,117,FOXJ1,0.008547008547008548,0.054823659698579524
Classical monocytes,0.2,117,PTPRC,0.4700854700854701,2.6025698049399106
Classical monocytes,0.2,117,LST1,0.7350427350427351,5.710338507602636
Classical monocytes,0.2,117,TYROBP,0.9230769230769231,15.689008533734686
Classical monocytes,0.2,117,C1QA,0.17094017094017094,1.1074534545101267
Classical monocytes,0.2,117,C1QB,0.13675213675213677,0.5991530402966015
Classical monocytes,0.2,117,CD68,0.8205128205128205,9.780399304019012
Classical monocytes,0.2,117,CSF1R,0.6239316239316239,4.948459143205787
Classical monocytes,0.2,117,PPARG,0.017094017094017096,0.05463596199171949
Classical monocytes,0.2,117,FABP4,0.0,0.0
Classical monocytes,0.2,117,COL1A1,0.09401709401709402,0.4731739076595642
Classical monocytes,0.2,117,COL1A2,0.11965811965811966,0.5662452182375295
Classical monocytes,0.2,117,COL3A1,0.042735042735042736,0.20448338089290027
Classical monocytes,0.2,117,DCN,0.19658119658119658,1.0070261324560392
Classical monocytes,0.2,117,LUM,0.09401709401709402,0.37675483660800524
Classical monocytes,0.2,117,PDGFRA,0.008547008547008548,0.025414833621791696
Classical monocytes,0.2,117,PI16,0.0,0.0
Classical monocytes,0.2,117,ACTA2,0.05128205128205128,0.23792818324244064
Classical monocytes,0.2,117,TAGLN,0.24786324786324787,1.632783161593937
Classical monocytes,0.2,117,MYH11,0.05982905982905983,0.2154133355361434
Classical monocytes,0.2,117,PECAM1,0.7948717948717948,7.3135847357685835
Classical monocytes,0.2,117,VWF,0.05128205128205128,0.25291891194739335
Classical monocytes,0.2,117,MKI67,0.0,0.0
Classical monocytes,0.2,117,CLDN4,0.03418803418803419,0.19954212285406023
Classical monocytes,0.2,117,KRT17,0.0,0.0
Club (non-nasal),0.2,4,EPCAM,0.5,2.497958764670042
Club (non-nasal),0.2,4,KRT8,0.25,3.2341526520051747
Club (non-nasal),0.2,4,SFTPC,0.5,1.258801391683673
Club (non-nasal),0.2,4,SFTPA1,0.5,3.1568254885578346
Club (non-nasal),0.2,4,ABCA3,0.0,0.0
Club (non-nasal),0.2,4,AGER,0.0,0.0
Club (non-nasal),0.2,4,HOPX,0.0,0.0
Club (non-nasal),0.2,4,SCGB1A1,1.0,1754.7956389747228
Club (non-nasal),0.2,4,FOXJ1,0.0,0.0
Club (non-nasal),0.2,4,PTPRC,0.0,0.0
Club (non-nasal),0.2,4,LST1,0.0,0.0
Club (non-nasal),0.2,4,TYROBP,0.0,0.0
Club (non-nasal),0.2,4,C1QA,0.0,0.0
Club (non-nasal),0.2,4,C1QB,0.0,0.0
Club (non-nasal),0.2,4,CD68,0.0,0.0
Club (non-nasal),0.2,4,CSF1R,0.0,0.0
Club (non-nasal),0.2,4,PPARG,0.0,0.0
Club (non-nasal),0.2,4,FABP4,0.0,0.0
Club (non-nasal),0.2,4,COL1A1,0.0,0.0
Club (non-nasal),0.2,4,COL1A2,0.0,0.0
Club (non-nasal),0.2,4,COL3A1,0.0,0.0
Club (non-nasal),0.2,4,DCN,0.25,0.6195786864931846
Club (non-nasal),0.2,4,LUM,0.0,0.0
Club (non-nasal),0.2,4,PDGFRA,0.0,0.0
Club (non-nasal),0.2,4,PI16,0.0,0.0
Club (non-nasal),0.2,4,ACTA2,0.0,0.0
Club (non-nasal),0.2,4,TAGLN,0.0,0.0
Club (non-nasal),0.2,4,MYH11,0.0,0.0
Club (non-nasal),0.2,4,PECAM1,0.0,0.0
Club (non-nasal),0.2,4,VWF,0.0,0.0
Club (non-nasal),0.2,4,MKI67,0.0,0.0
Club (non-nasal),0.2,4,CLDN4,0.25,1.2784454103809768
Club (non-nasal),0.2,4,KRT17,0.25,0.6195786864931846
EC aerocyte capillary,0.2,668,EPCAM,0.11377245508982035,0.748724555666016
EC aerocyte capillary,0.2,668,KRT8,0.1781437125748503,1.2975828094454094
EC aerocyte capillary,0.2,668,SFTPC,0.7245508982035929,18.089160529093732
EC aerocyte capillary,0.2,668,SFTPA1,0.6676646706586826,11.422528148441838
EC aerocyte capillary,0.2,668,ABCA3,0.1407185628742515,1.0598625158750048
EC aerocyte capillary,0.2,668,AGER,0.6841317365269461,13.921320903629924
EC aerocyte capillary,0.2,668,HOPX,0.25748502994011974,2.0313971505610198
EC aerocyte capillary,0.2,668,SCGB1A1,0.08383233532934131,0.6380392821705935
EC aerocyte capillary,0.2,668,FOXJ1,0.0029940119760479044,0.018756112088393923
EC aerocyte capillary,0.2,668,PTPRC,0.038922155688622756,0.2354735917700343
EC aerocyte capillary,0.2,668,LST1,0.020958083832335328,0.13058228857518198
EC aerocyte capillary,0.2,668,TYROBP,0.08982035928143713,0.6861715687131102
EC aerocyte capillary,0.2,668,C1QA,0.14520958083832336,1.269958302575404
EC aerocyte capillary,0.2,668,C1QB,0.11826347305389222,0.8761841477607188
EC aerocyte capillary,0.2,668,CD68,0.15269461077844312,1.1453937861288037
EC aerocyte capillary,0.2,668,CSF1R,0.0344311377245509,0.3480705992750491
EC aerocyte capillary,0.2,668,PPARG,0.016467065868263474,0.11928355847751662
EC aerocyte capillary,0.2,668,FABP4,0.019461077844311378,0.1328390411198625
EC aerocyte capillary,0.2,668,COL1A1,0.06287425149700598,0.5053933695348428
EC aerocyte capillary,0.2,668,COL1A2,0.15868263473053892,1.2492959407358597
EC aerocyte capillary,0.2,668,COL3A1,0.09131736526946108,0.8134020918078372
EC aerocyte capillary,0.2,668,DCN,0.24550898203592814,2.1579546289431732
EC aerocyte capillary,0.2,668,LUM,0.11976047904191617,0.9676578027293897
EC aerocyte capillary,0.2,668,PDGFRA,0.029940119760479042,0.15469511641237743
EC aerocyte capillary,0.2,668,PI16,0.0029940119760479044,0.015881233471825483
EC aerocyte capillary,0.2,668,ACTA2,0.0718562874251497,0.44935198643662444
EC aerocyte capillary,0.2,668,TAGLN,0.16766467065868262,1.2050140496601967
EC aerocyte capillary,0.2,668,MYH11,0.04491017964071856,0.26676090506383443
EC aerocyte capillary,0.2,668,PECAM1,0.9535928143712575,28.50730382961999
EC aerocyte capillary,0.2,668,VWF,0.10029940119760479,0.8189233400374345
EC aerocyte capillary,0.2,668,MKI67,0.0029940119760479044,0.021901438082118994
EC aerocyte capillary,0.2,668,CLDN4,0.04940119760479042,0.27264011144639066
EC aerocyte capillary,0.2,668,KRT17,0.0029940119760479044,0.005359601513158391
EC arterial,0.2,488,EPCAM,0.06352459016393443,0.3918401327619464
EC arterial,0.2,488,KRT8,0.06762295081967214,0.37949608812626295
EC arterial,0.2,488,SFTPC,0.6762295081967213,14.315470151209677
EC arterial,0.2,488,SFTPA1,0.6331967213114754,9.936089416603618
EC arterial,0.2,488,ABCA3,0.09221311475409837,0.5820269397866751
EC arterial,0.2,488,AGER,0.3012295081967213,2.635255445810708
EC arterial,0.2,488,HOPX,0.055327868852459015,0.34169291900105925
EC arterial,0.2,488,SCGB1A1,0.11065573770491803,0.9824733420310684
EC arterial,0.2,488,FOXJ1,0.004098360655737705,0.027459638384049627
EC arterial,0.2,488,PTPRC,0.028688524590163935,0.128836792108828
EC arterial,0.2,488,LST1,0.0430327868852459,0.2468246647745952
EC arterial,0.2,488,TYROBP,0.07377049180327869,0.4690929659588144
EC arterial,0.2,488,C1QA,0.1413934426229508,0.9650741252690871
EC arterial,0.2,488,C1QB,0.11270491803278689,0.7902297344810956
EC arterial,0.2,488,CD68,0.1290983606557377,0.7556413713822066
EC arterial,0.2,488,CSF1R,0.02459016393442623,0.10836737618073734
EC arterial,0.2,488,PPARG,0.10245901639344263,0.7635342306198346
EC arterial,0.2,488,FABP4,0.020491803278688523,0.12034505183625333
EC arterial,0.2,488,COL1A1,0.11065573770491803,0.8364768978550585
EC arterial,0.2,488,COL1A2,0.13524590163934427,0.9362957661909447
EC arterial,0.2,488,COL3A1,0.11065573770491803,0.7085844688360099
EC arterial,0.2,488,DCN,0.1864754098360656,1.4527376304532797
EC arterial,0.2,488,LUM,0.08811475409836066,0.5946851626133872
EC arterial,0.2,488,PDGFRA,0.006147540983606557,0.06038279399092608
EC arterial,0.2,488,PI16,0.006147540983606557,0.024121287236925103
EC arterial,0.2,488,ACTA2,0.09631147540983606,1.1130537862435559
EC arterial,0.2,488,TAGLN,0.24180327868852458,2.6034142823832593
EC arterial,0.2,488,MYH11,0.11270491803278689,0.9405224910734591
EC arterial,0.2,488,PECAM1,0.9180327868852459,20.520599625404877
EC arterial,0.2,488,VWF,0.8729508196721312,20.36051779668095
EC arterial,0.2,488,MKI67,0.0020491803278688526,0.017292660994673862
EC arterial,0.2,488,CLDN4,0.040983606557377046,0.2371808641856129
EC arterial,0.2,488,KRT17,0.0020491803278688526,0.014054734759045628
EC general capillary,0.2,337,EPCAM,0.0771513353115727,0.5162066758534782
EC general capillary,0.2,337,KRT8,0.08605341246290801,0.6082363508877877
EC general capillary,0.2,337,SFTPC,0.7477744807121661,24.87741821206524
EC general capillary,0.2,337,SFTPA1,0.6498516320474778,16.105903870325736
EC general capillary,0.2,337,ABCA3,0.09495548961424333,0.795881246490786
EC general capillary,0.2,337,AGER,0.47774480712166173,8.908533239213632
EC general capillary,0.2,337,HOPX,0.1572700296735905,1.3927366781244948
EC general capillary,0.2,337,SCGB1A1,0.10979228486646884,1.0444746801397766
EC general capillary,0.2,337,FOXJ1,0.01483679525222552,0.11656722880284187
EC general capillary,0.2,337,PTPRC,0.005934718100890208,0.053220516939897836
EC general capillary,0.2,337,LST1,0.017804154302670624,0.13683767567951352
EC general capillary,0.2,337,TYROBP,0.05934718100890208,0.4365268090315988
EC general capillary,0.2,337,C1QA,0.10979228486646884,0.9038243748724452
EC general capillary,0.2,337,C1QB,0.10385756676557864,0.9705045203038736
EC general capillary,0.2,337,CD68,0.13056379821958458,1.2106693349405953
EC general capillary,0.2,337,CSF1R,0.02373887240356083,0.27078033480417235
EC general capillary,0.2,337,PPARG,0.032640949554896145,0.23261990301959745
EC general capillary,0.2,337,FABP4,0.008902077151335312,0.0557828337755614
EC general capillary,0.2,337,COL1A1,0.050445103857566766,0.33473861869968813
EC general capillary,0.2,337,COL1A2,0.12462908011869436,0.997997812177748
EC general capillary,0.2,337,COL3A1,0.08011869436201781,0.5540358349183837
EC general capillary,0.2,337,DCN,0.21364985163204747,2.2136762581838605
EC general capillary,0.2,337,LUM,0.11869436201780416,0.907555969236932
EC general capillary,0.2,337,PDGFRA,0.011869436201780416,0.07122764885936637
EC general capillary,0.2,337,PI16,0.005934718100890208,0.11042059359622766
EC general capillary,0.2,337,ACTA2,0.04747774480712166,0.338993313266591
EC general capillary,0.2,337,TAGLN,0.11869436201780416,0.9962690138281803
EC general capillary,0.2,337,MYH11,0.03857566765578635,0.23435154415815287
EC general capillary,0.2,337,PECAM1,0.9198813056379822,23.65396363930766
EC general capillary,0.2,337,VWF,0.771513353115727,17.092172470198594
EC general capillary,0.2,337,MKI67,0.002967359050445104,0.026029465354781615
EC general capillary,0.2,337,CLDN4,0.03560830860534125,0.244501905757233
EC general capillary,0.2,337,KRT17,0.0,0.0
EC venous pulmonary,0.2,545,EPCAM,0.07706422018348624,0.5002947365589969
EC venous pulmonary,0.2,545,KRT8,0.09357798165137615,0.6685702582095778
EC venous pulmonary,0.2,545,SFTPC,0.7577981651376147,20.074007657970267
EC venous pulmonary,0.2,545,SFTPA1,0.7431192660550459,14.270275764956576
EC venous pulmonary,0.2,545,ABCA3,0.08623853211009175,0.5852986624380693
EC venous pulmonary,0.2,545,AGER,0.3284403669724771,3.1126155046870805
EC venous pulmonary,0.2,545,HOPX,0.08440366972477065,0.5633485839249075
EC venous pulmonary,0.2,545,SCGB1A1,0.09357798165137615,0.7565427778263469
EC venous pulmonary,0.2,545,FOXJ1,0.001834862385321101,0.008328925943354975
EC venous pulmonary,0.2,545,PTPRC,0.012844036697247707,0.06695381788290254
EC venous pulmonary,0.2,545,LST1,0.014678899082568808,0.06052346466580839
EC venous pulmonary,0.2,545,TYROBP,0.08807339449541285,0.5965871557382036
EC venous pulmonary,0.2,545,C1QA,0.14678899082568808,1.106859424178164
EC venous pulmonary,0.2,545,C1QB,0.13761467889908258,1.0495529164923998
EC venous pulmonary,0.2,545,CD68,0.1743119266055046,1.2409569045058664
EC venous pulmonary,0.2,545,CSF1R,0.047706422018348627,0.32070899800996705
EC venous pulmonary,0.2,545,PPARG,0.03302752293577982,0.2544885917946333
EC venous pulmonary,0.2,545,FABP4,0.01834862385321101,0.12545227683863613
EC venous pulmonary,0.2,545,COL1A1,0.11926605504587157,0.9623645102194514
EC venous pulmonary,0.2,545,COL1A2,0.13211009174311927,1.104214887648997
EC venous pulmonary,0.2,545,COL3A1,0.3284403669724771,3.447889080610422
EC venous pulmonary,0.2,545,DCN,0.1688073394495413,1.37965701483782
EC venous pulmonary,0.2,545,LUM,0.07889908256880734,0.599867357471725
EC venous pulmonary,0.2,545,PDGFRA,0.012844036697247707,0.061175485670753454
EC venous pulmonary,0.2,545,PI16,0.003669724770642202,0.020777617699784024
EC venous pulmonary,0.2,545,ACTA2,0.044036697247706424,0.26486555647508064
EC venous pulmonary,0.2,545,TAGLN,0.3229357798165138,3.7320919868541043
EC venous pulmonary,0.2,545,MYH11,0.07889908256880734,0.546049907534276
EC venous pulmonary,0.2,545,PECAM1,0.9155963302752294,21.328615314905964
EC venous pulmonary,0.2,545,VWF,0.981651376146789,46.358416655317626
EC venous pulmonary,0.2,545,MKI67,0.009174311926605505,0.058123474362536634
EC venous pulmonary,0.2,545,CLDN4,0.03853211009174312,0.2322280277303985
EC venous pulmonary,0.2,545,KRT17,0.0,0.0
EC venous systemic,0.2,6,EPCAM,0.0,0.0
EC venous systemic,0.2,6,KRT8,0.16666666666666666,1.0515247108307044
EC venous systemic,0.2,6,SFTPC,1.0,14.289199208840332
EC venous systemic,0.2,6,SFTPA1,0.6666666666666666,7.877816952377763
EC venous systemic,0.2,6,ABCA3,0.0,0.0
EC venous systemic,0.2,6,AGER,0.3333333333333333,2.7379838998680173
EC venous systemic,0.2,6,HOPX,0.0,0.0
EC venous systemic,0.2,6,SCGB1A1,0.0,0.0
EC venous systemic,0.2,6,FOXJ1,0.0,0.0
EC venous systemic,0.2,6,PTPRC,0.0,0.0
EC venous systemic,0.2,6,LST1,0.16666666666666666,0.5564830272676683
EC venous systemic,0.2,6,TYROBP,0.16666666666666666,1.0907504363001745
EC venous systemic,0.2,6,C1QA,0.0,0.0
EC venous systemic,0.2,6,C1QB,0.0,0.0
EC venous systemic,0.2,6,CD68,0.16666666666666666,0.5564830272676683
EC venous systemic,0.2,6,CSF1R,0.0,0.0
EC venous systemic,0.2,6,PPARG,0.0,0.0
EC venous systemic,0.2,6,FABP4,0.16666666666666666,1.1008366358432409
EC venous systemic,0.2,6,COL1A1,0.0,0.0
EC venous systemic,0.2,6,COL1A2,0.3333333333333333,1.8162461917927373
EC venous systemic,0.2,6,COL3A1,0.16666666666666666,0.5564830272676683
EC venous systemic,0.2,6,DCN,0.0,0.0
EC venous systemic,0.2,6,LUM,0.0,0.0
EC venous systemic,0.2,6,PDGFRA,0.0,0.0
EC venous systemic,0.2,6,PI16,0.0,0.0
EC venous systemic,0.2,6,ACTA2,0.0,0.0
EC venous systemic,0.2,6,TAGLN,0.16666666666666666,0.5564830272676683
EC venous systemic,0.2,6,MYH11,0.16666666666666666,1.0907504363001745
EC venous systemic,0.2,6,PECAM1,0.6666666666666666,19.08683652414959
EC venous systemic,0.2,6,VWF,1.0,13.980128643337636
EC venous systemic,0.2,6,MKI67,0.0,0.0
EC venous systemic,0.2,6,CLDN4,0.0,0.0
EC venous systemic,0.2,6,KRT17,0.0,0.0
Goblet (bronchial),0.2,4,EPCAM,1.0,2.331271241794942
Goblet (bronchial),0.2,4,KRT8,0.5,1.6071700498348918
Goblet (bronchial),0.2,4,SFTPC,1.0,3.2922498365832102
Goblet (bronchial),0.2,4,SFTPA1,0.5,1.7815331914139638
Goblet (bronchial),0.2,4,ABCA3,0.0,0.0
Goblet (bronchial),0.2,4,AGER,0.5,0.6709156880821112
Goblet (bronchial),0.2,4,HOPX,0.25,0.3071253071253071
Goblet (bronchial),0.2,4,SCGB1A1,1.0,2093.0926505177567
Goblet (bronchial),0.2,4,FOXJ1,0.0,0.0
Goblet (bronchial),0.2,4,PTPRC,0.0,0.0
Goblet (bronchial),0.2,4,LST1,0.0,0.0
Goblet (bronchial),0.2,4,TYROBP,0.0,0.0
Goblet (bronchial),0.2,4,C1QA,0.0,0.0
Goblet (bronchial),0.2,4,C1QB,0.0,0.0
Goblet (bronchial),0.2,4,CD68,0.0,0.0
Goblet (bronchial),0.2,4,CSF1R,0.0,0.0
Goblet (bronchial),0.2,4,PPARG,0.0,0.0
Goblet (bronchial),0.2,4,FABP4,0.0,0.0
Goblet (bronchial),0.2,4,COL1A1,0.5,1.1695593659165406
Goblet (bronchial),0.2,4,COL1A2,0.25,0.5553087516659263
Goblet (bronchial),0.2,4,COL3A1,0.0,0.0
Goblet (bronchial),0.2,4,DCN,0.0,0.0
Goblet (bronchial),0.2,4,LUM,0.0,0.0
Goblet (bronchial),0.2,4,PDGFRA,0.0,0.0
Goblet (bronchial),0.2,4,PI16,0.0,0.0
Goblet (bronchial),0.2,4,ACTA2,0.0,0.0
Goblet (bronchial),0.2,4,TAGLN,0.25,0.3468208092485549
Goblet (bronchial),0.2,4,MYH11,0.0,0.0
Goblet (bronchial),0.2,4,PECAM1,0.25,0.6142506142506142
Goblet (bronchial),0.2,4,VWF,0.0,0.0
Goblet (bronchial),0.2,4,MKI67,0.0,0.0
Goblet (bronchial),0.2,4,CLDN4,0.75,6.078316765299563
Goblet (bronchial),0.2,4,KRT17,0.0,0.0
Goblet (nasal),0.2,15,EPCAM,0.5333333333333333,3.199774966631176
Goblet (nasal),0.2,15,KRT8,0.4666666666666667,2.9834458773579
Goblet (nasal),0.2,15,SFTPC,0.8666666666666667,40.0881025419937
Goblet (nasal),0.2,15,SFTPA1,0.9333333333333333,17.903367659664713
Goblet (nasal),0.2,15,ABCA3,0.13333333333333333,0.6698635142543364
Goblet (nasal),0.2,15,AGER,0.3333333333333333,3.3768778548465512
Goblet (nasal),0.2,15,HOPX,0.4,2.734170071827388
Goblet (nasal),0.2,15,SCGB1A1,0.8,468.6816455371925
Goblet (nasal),0.2,15,FOXJ1,0.4666666666666667,5.442025714009267
Goblet (nasal),0.2,15,PTPRC,0.0,0.0
Goblet (nasal),0.2,15,LST1,0.06666666666666667,0.08541533205210336
Goblet (nasal),0.2,15,TYROBP,0.06666666666666667,0.08541533205210336
Goblet (nasal),0.2,15,C1QA,0.26666666666666666,2.338731975664691
Goblet (nasal),0.2,15,C1QB,0.2,1.4136388950221117
Goblet (nasal),0.2,15,CD68,0.06666666666666667,0.4848484848484848
Goblet (nasal),0.2,15,CSF1R,0.13333333333333333,0.1294517060970645
Goblet (nasal),0.2,15,PPARG,0.0,0.0
Goblet (nasal),0.2,15,FABP4,0.0,0.0
Goblet (nasal),0.2,15,COL1A1,0.3333333333333333,1.5968156925173123
Goblet (nasal),0.2,15,COL1A2,0.13333333333333333,0.49362007410154685
Goblet (nasal),0.2,15,COL3A1,0.06666666666666667,0.04270766602605168
Goblet (nasal),0.2,15,DCN,0.26666666666666666,1.9810395791445736
Goblet (nasal),0.2,15,LUM,0.2,0.36369860232568946
Goblet (nasal),0.2,15,PDGFRA,0.0,0.0
Goblet (nasal),0.2,15,PI16,0.0,0.0
Goblet (nasal),0.2,15,ACTA2,0.0,0.0
Goblet (nasal),0.2,15,TAGLN,0.26666666666666666,2.4690276159557496
Goblet (nasal),0.2,15,MYH11,0.06666666666666667,0.46915317851278443
Goblet (nasal),0.2,15,PECAM1,0.0,0.0
Goblet (nasal),0.2,15,VWF,0.06666666666666667,0.23424689622862496
Goblet (nasal),0.2,15,MKI67,0.0,0.0
Goblet (nasal),0.2,15,CLDN4,0.8,7.601893124837856
Goblet (nasal),0.2,15,KRT17,0.13333333333333333,0.5807760007045559
Goblet (subsegmental),0.2,2,EPCAM,0.0,0.0
Goblet (subsegmental),0.2,2,KRT8,1.0,10.164744993497388
Goblet (subsegmental),0.2,2,SFTPC,0.5,4.650441791970238
Goblet (subsegmental),0.2,2,SFTPA1,0.5,5.425515423965277
Goblet (subsegmental),0.2,2,ABCA3,0.5,1.550147263990079
Goblet (subsegmental),0.2,2,AGER,0.5,0.7750736319950395
Goblet (subsegmental),0.2,2,HOPX,0.5,1.550147263990079
Goblet (subsegmental),0.2,2,SCGB1A1,1.0,2464.5987847718775
Goblet (subsegmental),0.2,2,FOXJ1,0.5,9.389671361502348
Goblet (subsegmental),0.2,2,PTPRC,0.0,0.0
Goblet (subsegmental),0.2,2,LST1,0.0,0.0
Goblet (subsegmental),0.2,2,TYROBP,0.0,0.0
Goblet (subsegmental),0.2,2,C1QA,0.5,0.7750736319950395
Goblet (subsegmental),0.2,2,C1QB,0.0,0.0
Goblet (subsegmental),0.2,2,CD68,0.0,0.0
Goblet (subsegmental),0.2,2,CSF1R,0.0,0.0
Goblet (subsegmental),0.2,2,PPARG,0.0,0.0
Goblet (subsegmental),0.2,2,FABP4,0.0,0.0
Goblet (subsegmental),0.2,2,COL1A1,0.5,9.389671361502348
Goblet (subsegmental),0.2,2,COL1A2,0.5,1.550147263990079
Goblet (subsegmental),0.2,2,COL3A1,0.0,0.0
Goblet (subsegmental),0.2,2,DCN,0.5,0.7750736319950395
Goblet (subsegmental),0.2,2,LUM,0.0,0.0
Goblet (subsegmental),0.2,2,PDGFRA,0.0,0.0
Goblet (subsegmental),0.2,2,PI16,0.0,0.0
Goblet (subsegmental),0.2,2,ACTA2,0.5,0.7750736319950395
Goblet (subsegmental),0.2,2,TAGLN,0.0,0.0
Goblet (subsegmental),0.2,2,MYH11,0.5,0.7750736319950395
Goblet (subsegmental),0.2,2,PECAM1,0.0,0.0
Goblet (subsegmental),0.2,2,VWF,0.0,0.0
Goblet (subsegmental),0.2,2,MKI67,0.0,0.0
Goblet (subsegmental),0.2,2,CLDN4,1.0,7.020056576736293
Goblet (subsegmental),0.2,2,KRT17,0.0,0.0
Interstitial Mph perivascular,0.2,241,EPCAM,0.029045643153526972,0.13477725756046136
Interstitial Mph perivascular,0.2,241,KRT8,0.07883817427385892,0.419466135805674
Interstitial Mph perivascular,0.2,241,SFTPC,0.7800829875518672,17.66721698609373
Interstitial Mph perivascular,0.2,241,SFTPA1,0.7510373443983402,11.736280253025265
Interstitial Mph perivascular,0.2,241,ABCA3,0.06224066390041494,0.3547695476434277
Interstitial Mph perivascular,0.2,241,AGER,0.24066390041493776,1.79841478230212
Interstitial Mph perivascular,0.2,241,HOPX,0.06224066390041494,0.31373161936121075
Interstitial Mph perivascular,0.2,241,SCGB1A1,0.07053941908713693,0.37300067250521407
Interstitial Mph perivascular,0.2,241,FOXJ1,0.0,0.0
Interstitial Mph perivascular,0.2,241,PTPRC,0.22406639004149378,1.3099555386318888
Interstitial Mph perivascular,0.2,241,LST1,0.23651452282157676,1.3880085346815847
Interstitial Mph perivascular,0.2,241,TYROBP,0.7551867219917012,9.87481239192584
Interstitial Mph perivascular,0.2,241,C1QA,0.9543568464730291,37.22456668234168
Interstitial Mph perivascular,0.2,241,C1QB,0.921161825726141,28.34695155712197
Interstitial Mph perivascular,0.2,241,CD68,0.8215767634854771,14.093068332050022
Interstitial Mph perivascular,0.2,241,CSF1R,0.9585062240663901,23.988079000919765
Interstitial Mph perivascular,0.2,241,PPARG,0.03319502074688797,0.14676111778450315
Interstitial Mph perivascular,0.2,241,FABP4,0.012448132780082987,0.08789803652783904
Interstitial Mph perivascular,0.2,241,COL1A1,0.12448132780082988,1.0021018391429344
Interstitial Mph perivascular,0.2,241,COL1A2,0.25311203319502074,1.7695058933757666
Interstitial Mph perivascular,0.2,241,COL3A1,0.13278008298755187,0.9536967700200073
Interstitial Mph perivascular,0.2,241,DCN,0.29045643153526973,2.6860716493061254
Interstitial Mph perivascular,0.2,241,LUM,0.1825726141078838,1.1852180742368243
Interstitial Mph perivascular,0.2,241,PDGFRA,0.03319502074688797,0.24802867794085726
Interstitial Mph perivascular,0.2,241,PI16,0.004149377593360996,0.028055291368228503
Interstitial Mph perivascular,0.2,241,ACTA2,0.03734439834024896,0.25564110923287786
Interstitial Mph perivascular,0.2,241,TAGLN,0.3236514522821577,2.1449656953273855
Interstitial Mph perivascular,0.2,241,MYH11,0.03319502074688797,0.223906571018824
Interstitial Mph perivascular,0.2,241,PECAM1,0.5975103734439834,4.902758607892275
Interstitial Mph perivascular,0.2,241,VWF,0.05394190871369295,0.3501763021065297
Interstitial Mph perivascular,0.2,241,MKI67,0.004149377593360996,0.07858669684395825
Interstitial Mph perivascular,0.2,241,CLDN4,0.029045643153526972,0.1731486902967589
Interstitial Mph perivascular,0.2,241,KRT17,0.0,0.0
Lymphatic EC differentiating,0.2,294,EPCAM,0.061224489795918366,0.4775900367949705
Lymphatic EC differentiating,0.2,294,KRT8,0.1054421768707483,0.733837987191504
Lymphatic EC differentiating,0.2,294,SFTPC,0.7312925170068028,16.75165042488705
Lymphatic EC differentiating,0.2,294,SFTPA1,0.7142857142857143,13.01760997575154
Lymphatic EC differentiating,0.2,294,ABCA3,0.10204081632653061,0.727323695210826
Lymphatic EC differentiating,0.2,294,AGER,0.2619047619047619,2.4110427971951793
Lymphatic EC differentiating,0.2,294,HOPX,0.06802721088435375,0.42908900073510325
Lymphatic EC differentiating,0.2,294,SCGB1A1,0.04081632653061224,0.2584819428109501
Lymphatic EC differentiating,0.2,294,FOXJ1,0.0,0.0
Lymphatic EC differentiating,0.2,294,PTPRC,0.006802721088435374,0.03272427972645138
Lymphatic EC differentiating,0.2,294,LST1,0.01020408163265306,0.05627213080604518
Lymphatic EC differentiating,0.2,294,TYROBP,0.08503401360544217,0.6114690400899065
Lymphatic EC differentiating,0.2,294,C1QA,0.11904761904761904,0.7892006611992425
Lymphatic EC differentiating,0.2,294,C1QB,0.10204081632653061,0.7687616809279008
Lymphatic EC differentiating,0.2,294,CD68,0.1326530612244898,0.9347669124359353
Lymphatic EC differentiating,0.2,294,CSF1R,0.017006802721088437,0.12126473431192791
Lymphatic EC differentiating,0.2,294,PPARG,0.2891156462585034,2.4531985493422237
Lymphatic EC differentiating,0.2,294,FABP4,0.6224489795918368,13.419102304819692
Lymphatic EC differentiating,0.2,294,COL1A1,0.08163265306122448,0.6894300408379376
Lymphatic EC differentiating,0.2,294,COL1A2,0.14965986394557823,1.3320569648893057
Lymphatic EC differentiating,0.2,294,COL3A1,0.11224489795918367,0.8282985034011715
Lymphatic EC differentiating,0.2,294,DCN,0.17346938775510204,1.4638781064321187
Lymphatic EC differentiating,0.2,294,LUM,0.06802721088435375,0.49324695156569226
Lymphatic EC differentiating,0.2,294,PDGFRA,0.023809523809523808,0.1311035310813968
Lymphatic EC differentiating,0.2,294,PI16,0.003401360544217687,0.016336986283466318
Lymphatic EC differentiating,0.2,294,ACTA2,0.04421768707482993,0.3156823652083398
Lymphatic EC differentiating,0.2,294,TAGLN,0.1360544217687075,0.9874136935400364
Lymphatic EC differentiating,0.2,294,MYH11,0.04421768707482993,0.3761957450253521
Lymphatic EC differentiating,0.2,294,PECAM1,0.5850340136054422,6.984995177751534
Lymphatic EC differentiating,0.2,294,VWF,0.19727891156462585,1.8967258640427
Lymphatic EC differentiating,0.2,294,MKI67,0.003401360544217687,0.037855988249501246
Lymphatic EC differentiating,0.2,294,CLDN4,0.04081632653061224,0.2573875358359383
Lymphatic EC differentiating,0.2,294,KRT17,0.0,0.0
Mast cells,0.2,912,EPCAM,0.03289473684210526,0.22948202718851876
Mast cells,0.2,912,KRT8,0.06907894736842106,0.48317084091482954
Mast cells,0.2,912,SFTPC,0.8508771929824561,24.559208338187837
Mast cells,0.2,912,SFTPA1,0.8081140350877193,16.074512543837116
Mast cells,0.2,912,ABCA3,0.11293859649122807,0.7987907650054018
Mast cells,0.2,912,AGER,0.3125,3.344378406278617
Mast cells,0.2,912,HOPX,0.08552631578947369,0.6130290028331992
Mast cells,0.2,912,SCGB1A1,0.0712719298245614,1.0859569444759611
Mast cells,0.2,912,FOXJ1,0.006578947368421052,0.0450665886978182
Mast cells,0.2,912,PTPRC,0.12828947368421054,0.8836280836722283
Mast cells,0.2,912,LST1,0.03399122807017544,0.1947486814150085
Mast cells,0.2,912,TYROBP,0.4309210526315789,3.8148800924939428
Mast cells,0.2,912,C1QA,0.17653508771929824,1.382939795374036
Mast cells,0.2,912,C1QB,0.15570175438596492,1.2734484736312242
Mast cells,0.2,912,CD68,0.34978070175438597,2.9395112525082774
Mast cells,0.2,912,CSF1R,0.05043859649122807,0.440759904360559
Mast cells,0.2,912,PPARG,0.01864035087719298,0.11430204220157279
Mast cells,0.2,912,FABP4,0.01425438596491228,0.09652666495552888
Mast cells,0.2,912,COL1A1,0.15021929824561403,1.3253114382062334
Mast cells,0.2,912,COL1A2,0.18201754385964913,1.5452065764497847
Mast cells,0.2,912,COL3A1,0.10964912280701754,0.9557330758460248
Mast cells,0.2,912,DCN,0.22697368421052633,2.0988443088643596
Mast cells,0.2,912,LUM,0.1425438596491228,1.2053708011830655
Mast cells,0.2,912,PDGFRA,0.01425438596491228,0.07862993438709512
Mast cells,0.2,912,PI16,0.0010964912280701754,0.007438882144302411
Mast cells,0.2,912,ACTA2,0.04824561403508772,0.3565290505918686
Mast cells,0.2,912,TAGLN,0.13267543859649122,0.9971441194788321
Mast cells,0.2,912,MYH11,0.023026315789473683,0.15577704170268258
Mast cells,0.2,912,PECAM1,0.09210526315789473,0.6962628464210842
Mast cells,0.2,912,VWF,0.041666666666666664,0.32127871758338516
Mast cells,0.2,912,MKI67,0.005482456140350877,0.03455648878061213
Mast cells,0.2,912,CLDN4,0.04276315789473684,0.2858926723327555
Mast cells,0.2,912,KRT17,0.0010964912280701754,0.010050332062971361
Mesothelium,0.2,1,EPCAM,0.0,0.0
Mesothelium,0.2,1,KRT8,1.0,11.648223645894001
Mesothelium,0.2,1,SFTPC,1.0,5.824111822947001
Mesothelium,0.2,1,SFTPA1,1.0,11.648223645894001
Mesothelium,0.2,1,ABCA3,0.0,0.0
Mesothelium,0.2,1,AGER,0.0,0.0
Mesothelium,0.2,1,HOPX,0.0,0.0
Mesothelium,0.2,1,SCGB1A1,1.0,5.824111822947001
Mesothelium,0.2,1,FOXJ1,0.0,0.0
Mesothelium,0.2,1,PTPRC,0.0,0.0
Mesothelium,0.2,1,LST1,0.0,0.0
Mesothelium,0.2,1,TYROBP,0.0,0.0
Mesothelium,0.2,1,C1QA,0.0,0.0
Mesothelium,0.2,1,C1QB,0.0,0.0
Mesothelium,0.2,1,CD68,0.0,0.0
Mesothelium,0.2,1,CSF1R,0.0,0.0
Mesothelium,0.2,1,PPARG,0.0,0.0
Mesothelium,0.2,1,FABP4,0.0,0.0
Mesothelium,0.2,1,COL1A1,1.0,5.824111822947001
Mesothelium,0.2,1,COL1A2,0.0,0.0
Mesothelium,0.2,1,COL3A1,1.0,5.824111822947001
Mesothelium,0.2,1,DCN,1.0,23.296447291788002
Mesothelium,0.2,1,LUM,1.0,5.824111822947001
Mesothelium,0.2,1,PDGFRA,0.0,0.0
Mesothelium,0.2,1,PI16,0.0,0.0
Mesothelium,0.2,1,ACTA2,0.0,0.0
Mesothelium,0.2,1,TAGLN,0.0,0.0
Mesothelium,0.2,1,MYH11,0.0,0.0
Mesothelium,0.2,1,PECAM1,0.0,0.0
Mesothelium,0.2,1,VWF,0.0,0.0
Mesothelium,0.2,1,MKI67,0.0,0.0
Mesothelium,0.2,1,CLDN4,0.0,0.0
Mesothelium,0.2,1,KRT17,0.0,0.0
Migratory DCs,0.2,62,EPCAM,0.03225806451612903,0.15493105828025372
Migratory DCs,0.2,62,KRT8,0.16129032258064516,0.6837861035224305
Migratory DCs,0.2,62,SFTPC,0.8709677419354839,13.294755943165462
Migratory DCs,0.2,62,SFTPA1,0.8709677419354839,10.626872276574135
Migratory DCs,0.2,62,ABCA3,0.14516129032258066,0.5144742347493364
Migratory DCs,0.2,62,AGER,0.43548387096774194,2.3295417168910726
Migratory DCs,0.2,62,HOPX,0.0967741935483871,0.28182059656596237
Migratory DCs,0.2,62,SCGB1A1,0.11290322580645161,0.44770284297030655
Migratory DCs,0.2,62,FOXJ1,0.0,0.0
Migratory DCs,0.2,62,PTPRC,0.25806451612903225,1.2171284714977044
Migratory DCs,0.2,62,LST1,0.16129032258064516,0.7215230931375093
Migratory DCs,0.2,62,TYROBP,0.6774193548387096,6.762850982813646
Migratory DCs,0.2,62,C1QA,0.16129032258064516,0.7951040191315245
Migratory DCs,0.2,62,C1QB,0.25806451612903225,1.1725477712636085
Migratory DCs,0.2,62,CD68,0.2903225806451613,1.505401752455446
Migratory DCs,0.2,62,CSF1R,0.04838709677419355,0.11928153182801671
Migratory DCs,0.2,62,PPARG,0.08064516129032258,0.23728003971012526
Migratory DCs,0.2,62,FABP4,0.03225806451612903,0.2252157101108597
Migratory DCs,0.2,62,COL1A1,0.27419354838709675,0.9567687842019015
Migratory DCs,0.2,62,COL1A2,0.22580645161290322,2.2545938305440414
Migratory DCs,0.2,62,COL3A1,0.0967741935483871,0.30641240717162477
Migratory DCs,0.2,62,DCN,0.22580645161290322,1.0025048766288067
Migratory DCs,0.2,62,LUM,0.1935483870967742,1.022273486503063
Migratory DCs,0.2,62,PDGFRA,0.0,0.0
Migratory DCs,0.2,62,PI16,0.0,0.0
Migratory DCs,0.2,62,ACTA2,0.0967741935483871,0.33084042766357363
Migratory DCs,0.2,62,TAGLN,0.1935483870967742,1.3797368319974403
Migratory DCs,0.2,62,MYH11,0.06451612903225806,0.23067891241626307
Migratory DCs,0.2,62,PECAM1,0.24193548387096775,1.4806520454907781
Migratory DCs,0.2,62,VWF,0.08064516129032258,0.3162506879474491
Migratory DCs,0.2,62,MKI67,0.03225806451612903,0.10384786514922842
Migratory DCs,0.2,62,CLDN4,0.08064516129032258,0.2598301289565079
Migratory DCs,0.2,62,KRT17,0.016129032258064516,0.06511518876893224
Monocyte-derived Mph,0.2,167,EPCAM,0.017964071856287425,0.08569122953516074
Monocyte-derived Mph,0.2,167,KRT8,0.12574850299401197,0.41567759794542547
Monocyte-derived Mph,0.2,167,SFTPC,0.8622754491017964,10.749194310676716
Monocyte-derived Mph,0.2,167,SFTPA1,0.8562874251497006,8.523909551226794
Monocyte-derived Mph,0.2,167,ABCA3,0.1377245508982036,0.5009429384507351
Monocyte-derived Mph,0.2,167,AGER,0.25149700598802394,1.0685957900001468
Monocyte-derived Mph,0.2,167,HOPX,0.0658682634730539,0.14377051808909472
Monocyte-derived Mph,0.2,167,SCGB1A1,0.1377245508982036,0.45503030203227013
Monocyte-derived Mph,0.2,167,FOXJ1,0.005988023952095809,0.01870672899748769
Monocyte-derived Mph,0.2,167,PTPRC,0.2874251497005988,0.9377510334834647
Monocyte-derived Mph,0.2,167,LST1,0.3772455089820359,1.5021548071635906
Monocyte-derived Mph,0.2,167,TYROBP,0.8982035928143712,13.271608855932007
Monocyte-derived Mph,0.2,167,C1QA,0.718562874251497,14.298358835020167
Monocyte-derived Mph,0.2,167,C1QB,0.7904191616766467,15.979892835895354
Monocyte-derived Mph,0.2,167,CD68,0.9101796407185628,24.67368519457629
Monocyte-derived Mph,0.2,167,CSF1R,0.6826347305389222,5.720322029675696
Monocyte-derived Mph,0.2,167,PPARG,0.4431137724550898,2.4582681884743938
Monocyte-derived Mph,0.2,167,FABP4,0.029940119760479042,0.07299840074857816
Monocyte-derived Mph,0.2,167,COL1A1,0.10778443113772455,0.441036092552218
Monocyte-derived Mph,0.2,167,COL1A2,0.11377245508982035,0.32260033914318686
Monocyte-derived Mph,0.2,167,COL3A1,0.0718562874251497,0.272690736535094
Monocyte-derived Mph,0.2,167,DCN,0.08982035928143713,0.32359343242896055
Monocyte-derived Mph,0.2,167,LUM,0.08982035928143713,0.42649396837144277
Monocyte-derived Mph,0.2,167,PDGFRA,0.017964071856287425,0.08347376192325978
Monocyte-derived Mph,0.2,167,PI16,0.005988023952095809,0.10877427705896112
Monocyte-derived Mph,0.2,167,ACTA2,0.04790419161676647,0.126456804473067
Monocyte-derived Mph,0.2,167,TAGLN,0.46706586826347307,2.9675985096076443
Monocyte-derived Mph,0.2,167,MYH11,0.017964071856287425,0.05404474895390386
Monocyte-derived Mph,0.2,167,PECAM1,0.6227544910179641,3.818625595408519
Monocyte-derived Mph,0.2,167,VWF,0.08383233532934131,0.31314092679037264
Monocyte-derived Mph,0.2,167,MKI67,0.017964071856287425,0.027998644159303247
Monocyte-derived Mph,0.2,167,CLDN4,0.041916167664670656,0.12766073122600857
Monocyte-derived Mph,0.2,167,KRT17,0.0,0.0
Multiciliated (non-nasal),0.2,765,EPCAM,0.5660130718954248,3.1874485864963638
Multiciliated (non-nasal),0.2,765,KRT8,0.5777777777777777,3.950564229974106
Multiciliated (non-nasal),0.2,765,SFTPC,0.7450980392156863,15.282945007716554
Multiciliated (non-nasal),0.2,765,SFTPA1,0.6261437908496732,9.461773062298063
Multiciliated (non-nasal),0.2,765,ABCA3,0.13986928104575164,0.5530929861529184
Multiciliated (non-nasal),0.2,765,AGER,0.33986928104575165,1.756921886260615
Multiciliated (non-nasal),0.2,765,HOPX,0.18169934640522875,0.6330017613019682
Multiciliated (non-nasal),0.2,765,SCGB1A1,0.45751633986928103,93.12637679696098
Multiciliated (non-nasal),0.2,765,FOXJ1,0.788235294117647,10.707758364048885
Multiciliated (non-nasal),0.2,765,PTPRC,0.044444444444444446,0.11898125470440477
Multiciliated (non-nasal),0.2,765,LST1,0.03790849673202614,0.08972184551873412
Multiciliated (non-nasal),0.2,765,TYROBP,0.11764705882352941,0.368292056558029
Multiciliated (non-nasal),0.2,765,C1QA,0.1869281045751634,0.7713739029952172
Multiciliated (non-nasal),0.2,765,C1QB,0.16993464052287582,0.6817639224857261
Multiciliated (non-nasal),0.2,765,CD68,0.20130718954248367,0.6333597124453424
Multiciliated (non-nasal),0.2,765,CSF1R,0.050980392156862744,0.16842146338106256
Multiciliated (non-nasal),0.2,765,PPARG,0.02875816993464052,0.06439609011454729
Multiciliated (non-nasal),0.2,765,FABP4,0.023529411764705882,0.04863694189142446
Multiciliated (non-nasal),0.2,765,COL1A1,0.1934640522875817,0.6383036372770379
Multiciliated (non-nasal),0.2,765,COL1A2,0.1503267973856209,0.5500161158975287
Multiciliated (non-nasal),0.2,765,COL3A1,0.10980392156862745,0.443641483581994
Multiciliated (non-nasal),0.2,765,DCN,0.1869281045751634,0.7074126161789919
Multiciliated (non-nasal),0.2,765,LUM,0.09934640522875816,0.32974035450619155
Multiciliated (non-nasal),0.2,765,PDGFRA,0.022222222222222223,0.0730842463722773
Multiciliated (non-nasal),0.2,765,PI16,0.00784313725490196,0.011318248620248956
Multiciliated (non-nasal),0.2,765,ACTA2,0.09019607843137255,0.27552149869602066
Multiciliated (non-nasal),0.2,765,TAGLN,0.39215686274509803,1.8350840898511478
Multiciliated (non-nasal),0.2,765,MYH11,0.04967320261437908,0.15598880000631685
Multiciliated (non-nasal),0.2,765,PECAM1,0.11895424836601307,0.4130742728626044
Multiciliated (non-nasal),0.2,765,VWF,0.07450980392156863,0.24321299779269198
Multiciliated (non-nasal),0.2,765,MKI67,0.009150326797385621,0.012198293205212617
Multiciliated (non-nasal),0.2,765,CLDN4,0.7568627450980392,7.3248838026404846
Multiciliated (non-nasal),0.2,765,KRT17,0.08235294117647059,0.4211798897574852
Myofibroblasts,0.2,16,EPCAM,0.0625,0.2912395153774464
Myofibroblasts,0.2,16,KRT8,0.125,1.0653086883822214
Myofibroblasts,0.2,16,SFTPC,0.5625,8.266397186013085
Myofibroblasts,0.2,16,SFTPA1,0.375,5.255896941780309
Myofibroblasts,0.2,16,ABCA3,0.0625,0.5458515283842795
Myofibroblasts,0.2,16,AGER,0.5,4.964556086839198
Myofibroblasts,0.2,16,HOPX,0.1875,1.8165471679472733
Myofibroblasts,0.2,16,SCGB1A1,0.0,0.0
Myofibroblasts,0.2,16,FOXJ1,0.0,0.0
Myofibroblasts,0.2,16,PTPRC,0.0,0.0
Myofibroblasts,0.2,16,LST1,0.0,0.0
Myofibroblasts,0.2,16,TYROBP,0.0,0.0
Myofibroblasts,0.2,16,C1QA,0.125,0.8795407969374028
Myofibroblasts,0.2,16,C1QB,0.0625,0.3336892685531233
Myofibroblasts,0.2,16,CD68,0.0,0.0
Myofibroblasts,0.2,16,CSF1R,0.0,0.0
Myofibroblasts,0.2,16,PPARG,0.0,0.0
Myofibroblasts,0.2,16,FABP4,0.0625,0.5550621669626998
Myofibroblasts,0.2,16,COL1A1,1.0,38.58778418609541
Myofibroblasts,0.2,16,COL1A2,0.875,37.47689297061209
Myofibroblasts,0.2,16,COL3A1,0.875,27.906180113559323
Myofibroblasts,0.2,16,DCN,0.6875,25.481087832099647
Myofibroblasts,0.2,16,LUM,0.125,1.5362683046196652
Myofibroblasts,0.2,16,PDGFRA,0.5625,12.060652411228089
Myofibroblasts,0.2,16,PI16,0.0,0.0
Myofibroblasts,0.2,16,ACTA2,0.875,19.99447419263341
Myofibroblasts,0.2,16,TAGLN,0.8125,24.09684150871105
Myofibroblasts,0.2,16,MYH11,0.5625,13.443414964009664
Myofibroblasts,0.2,16,PECAM1,0.0625,0.594106463878327
Myofibroblasts,0.2,16,VWF,0.0,0.0
Myofibroblasts,0.2,16,MKI67,0.0,0.0
Myofibroblasts,0.2,16,CLDN4,0.0625,0.4992012779552716
Myofibroblasts,0.2,16,KRT17,0.0,0.0
NK cells,0.2,336,EPCAM,0.017857142857142856,0.13097793005468475
NK cells,0.2,336,KRT8,0.05357142857142857,0.4250105745491445
NK cells,0.2,336,SFTPC,0.6994047619047619,19.33203437885677
NK cells,0.2,336,SFTPA1,0.5535714285714286,9.47577902820242
NK cells,0.2,336,ABCA3,0.05952380952380952,0.4752339974291774
NK cells,0.2,336,AGER,0.24702380952380953,2.657802853652153
NK cells,0.2,336,HOPX,0.46726190476190477,4.87526823627022
NK cells,0.2,336,SCGB1A1,0.0744047619047619,0.6185617555041164
NK cells,0.2,336,FOXJ1,0.005952380952380952,0.049355478683478976
NK cells,0.2,336,PTPRC,0.4166666666666667,4.010672805689684
NK cells,0.2,336,LST1,0.020833333333333332,0.14700156692417263
NK cells,0.2,336,TYROBP,0.625,7.034104501283695
NK cells,0.2,336,C1QA,0.1488095238095238,1.227688131183252
NK cells,0.2,336,C1QB,0.1130952380952381,0.8876119092292073
NK cells,0.2,336,CD68,0.10119047619047619,0.9441378532346307
NK cells,0.2,336,CSF1R,0.020833333333333332,0.21109341007313073
NK cells,0.2,336,PPARG,0.002976190476190476,0.01861282349087227
NK cells,0.2,336,FABP4,0.008928571428571428,0.06325549091564847
NK cells,0.2,336,COL1A1,0.06547619047619048,0.6732255542440275
NK cells,0.2,336,COL1A2,0.06845238095238096,0.5509318379043932
NK cells,0.2,336,COL3A1,0.05654761904761905,0.43818926158851706
NK cells,0.2,336,DCN,0.10714285714285714,0.9339136030567741
NK cells,0.2,336,LUM,0.07142857142857142,0.548026722975721
NK cells,0.2,336,PDGFRA,0.005952380952380952,0.04450315566721913
NK cells,0.2,336,PI16,0.002976190476190476,0.013245173458791617
NK cells,0.2,336,ACTA2,0.03273809523809524,0.32897371874981657
NK cells,0.2,336,TAGLN,0.07142857142857142,0.628279809263226
NK cells,0.2,336,MYH11,0.005952380952380952,0.045260139385953364
NK cells,0.2,336,PECAM1,0.13392857142857142,1.0543368820058532
NK cells,0.2,336,VWF,0.041666666666666664,0.3355792056086206
NK cells,0.2,336,MKI67,0.047619047619047616,0.8238848704351583
NK cells,0.2,336,CLDN4,0.03571428571428571,0.25320856224021654
NK cells,0.2,336,KRT17,0.002976190476190476,0.02664449844396129
Neuroendocrine,0.2,5,EPCAM,0.6,4.1071438784539165
Neuroendocrine,0.2,5,KRT8,1.0,7.241787375187799
Neuroendocrine,0.2,5,SFTPC,0.6,10.862545035099242
Neuroendocrine,0.2,5,SFTPA1,0.6,4.628778801333008
Neuroendocrine,0.2,5,ABCA3,0.2,1.0368066355624677
Neuroendocrine,0.2,5,AGER,0.2,1.320713185119965
Neuroendocrine,0.2,5,HOPX,0.4,1.5584415584415585
Neuroendocrine,0.2,5,SCGB1A1,0.4,1.2320033657446599
Neuroendocrine,0.2,5,FOXJ1,0.2,2.053388090349076
Neuroendocrine,0.2,5,PTPRC,0.0,0.0
Neuroendocrine,0.2,5,LST1,0.2,0.8804754567466433
Neuroendocrine,0.2,5,TYROBP,0.0,0.0
Neuroendocrine,0.2,5,C1QA,0.2,0.3389830508474576
Neuroendocrine,0.2,5,C1QB,0.2,0.44023772837332165
Neuroendocrine,0.2,5,CD68,0.2,0.44023772837332165
Neuroendocrine,0.2,5,CSF1R,0.0,0.0
Neuroendocrine,0.2,5,PPARG,0.0,0.0
Neuroendocrine,0.2,5,FABP4,0.0,0.0
Neuroendocrine,0.2,5,COL1A1,0.2,0.8804754567466433
Neuroendocrine,0.2,5,COL1A2,0.0,0.0
Neuroendocrine,0.2,5,COL3A1,0.0,0.0
Neuroendocrine,0.2,5,DCN,0.2,1.5835312747426764
Neuroendocrine,0.2,5,LUM,0.0,0.0
Neuroendocrine,0.2,5,PDGFRA,0.0,0.0
Neuroendocrine,0.2,5,PI16,0.0,0.0
Neuroendocrine,0.2,5,ACTA2,0.0,0.0
Neuroendocrine,0.2,5,TAGLN,0.0,0.0
Neuroendocrine,0.2,5,MYH11,0.0,0.0
Neuroendocrine,0.2,5,PECAM1,0.0,0.0
Neuroendocrine,0.2,5,VWF,0.0,0.0
Neuroendocrine,0.2,5,MKI67,0.0,0.0
Neuroendocrine,0.2,5,CLDN4,0.2,0.44023772837332165
Neuroendocrine,0.2,5,KRT17,0.0,0.0
Non-classical monocytes,0.2,204,EPCAM,0.024509803921568627,0.09760846170129672
Non-classical monocytes,0.2,204,KRT8,0.07352941176470588,0.351067727763474
Non-classical monocytes,0.2,204,SFTPC,0.7205882352941176,10.93382681333477
Non-classical monocytes,0.2,204,SFTPA1,0.7009803921568627,8.270902459588962
Non-classical monocytes,0.2,204,ABCA3,0.0784313725490196,0.4469800980618617
Non-classical monocytes,0.2,204,AGER,0.38235294117647056,2.707198594983424
Non-classical monocytes,0.2,204,HOPX,0.07352941176470588,0.3453065221787043
Non-classical monocytes,0.2,204,SCGB1A1,0.10294117647058823,0.4791361311349722
Non-classical monocytes,0.2,204,FOXJ1,0.004901960784313725,0.009423223345470445
Non-classical monocytes,0.2,204,PTPRC,0.6078431372549019,4.627468268747152
Non-classical monocytes,0.2,204,LST1,0.9117647058823529,16.092812758358257
Non-classical monocytes,0.2,204,TYROBP,0.8872549019607843,15.013958142705707
Non-classical monocytes,0.2,204,C1QA,0.3872549019607843,5.521222070693815
Non-classical monocytes,0.2,204,C1QB,0.25980392156862747,3.7298049483444102
Non-classical monocytes,0.2,204,CD68,0.8725490196078431,12.234344230999644
Non-classical monocytes,0.2,204,CSF1R,0.8970588235294118,17.726256573625953
Non-classical monocytes,0.2,204,PPARG,0.0392156862745098,0.22634674465889607
Non-classical monocytes,0.2,204,FABP4,0.0196078431372549,0.08871570584166863
Non-classical monocytes,0.2,204,COL1A1,0.09313725490196079,1.1518256271227363
Non-classical monocytes,0.2,204,COL1A2,0.09313725490196079,0.8442913037531379
Non-classical monocytes,0.2,204,COL3A1,0.08823529411764706,0.7676632839409646
Non-classical monocytes,0.2,204,DCN,0.18627450980392157,1.0286206051787599
Non-classical monocytes,0.2,204,LUM,0.049019607843137254,0.33924598021349145
Non-classical monocytes,0.2,204,PDGFRA,0.029411764705882353,0.11127290174412723
Non-classical monocytes,0.2,204,PI16,0.0,0.0
Non-classical monocytes,0.2,204,ACTA2,0.014705882352941176,0.07669964776385171
Non-classical monocytes,0.2,204,TAGLN,0.7745098039215687,11.637371857770678
Non-classical monocytes,0.2,204,MYH11,0.00980392156862745,0.08167606997670629
Non-classical monocytes,0.2,204,PECAM1,0.8186274509803921,12.018678277860847
Non-classical monocytes,0.2,204,VWF,0.058823529411764705,0.3377235906909431
Non-classical monocytes,0.2,204,MKI67,0.00980392156862745,0.037244659082028855
Non-classical monocytes,0.2,204,CLDN4,0.0392156862745098,0.22069295608949022
Non-classical monocytes,0.2,204,KRT17,0.0,0.0
Peribronchial fibroblasts,0.2,26,EPCAM,0.11538461538461539,0.717469927550674
Peribronchial fibroblasts,0.2,26,KRT8,0.23076923076923078,0.6278545089716502
Peribronchial fibroblasts,0.2,26,SFTPC,0.8461538461538461,11.762853692756961
Peribronchial fibroblasts,0.2,26,SFTPA1,0.7692307692307693,8.232075975621793
Peribronchial fibroblasts,0.2,26,ABCA3,0.15384615384615385,0.16510096855084555
Peribronchial fibroblasts,0.2,26,AGER,0.34615384615384615,1.1786386046502422
Peribronchial fibroblasts,0.2,26,HOPX,0.11538461538461539,0.3337142755718791
Peribronchial fibroblasts,0.2,26,SCGB1A1,0.19230769230769232,0.46590818626392416
Peribronchial fibroblasts,0.2,26,FOXJ1,0.0,0.0
Peribronchial fibroblasts,0.2,26,PTPRC,0.07692307692307693,0.09928807990774807
Peribronchial fibroblasts,0.2,26,LST1,0.038461538461538464,0.037193248681499334
Peribronchial fibroblasts,0.2,26,TYROBP,0.19230769230769232,0.5483770836362879
Peribronchial fibroblasts,0.2,26,C1QA,0.23076923076923078,0.7512779423247301
Peribronchial fibroblasts,0.2,26,C1QB,0.2692307692307692,0.7182908637036387
Peribronchial fibroblasts,0.2,26,CD68,0.46153846153846156,1.5985833442009023
Peribronchial fibroblasts,0.2,26,CSF1R,0.038461538461538464,0.29838276541146985
Peribronchial fibroblasts,0.2,26,PPARG,0.038461538461538464,0.10369786589791984
Peribronchial fibroblasts,0.2,26,FABP4,0.038461538461538464,0.24265954865323952
Peribronchial fibroblasts,0.2,26,COL1A1,1.0,718.4876437016412
Peribronchial fibroblasts,0.2,26,COL1A2,1.0,358.9065907506484
Peribronchial fibroblasts,0.2,26,COL3A1,1.0,542.716983195498
Peribronchial fibroblasts,0.2,26,DCN,0.9230769230769231,23.9169681322833
Peribronchial fibroblasts,0.2,26,LUM,0.9230769230769231,32.822290792406854
Peribronchial fibroblasts,0.2,26,PDGFRA,0.3076923076923077,1.3687358472018467
Peribronchial fibroblasts,0.2,26,PI16,0.0,0.0
Peribronchial fibroblasts,0.2,26,ACTA2,0.8076923076923077,7.913184402319791
Peribronchial fibroblasts,0.2,26,TAGLN,0.8461538461538461,16.59233812100069
Peribronchial fibroblasts,0.2,26,MYH11,0.07692307692307693,0.1953627380688002
Peribronchial fibroblasts,0.2,26,PECAM1,0.07692307692307693,0.14535280565995395
Peribronchial fibroblasts,0.2,26,VWF,0.038461538461538464,0.5407977848922731
Peribronchial fibroblasts,0.2,26,MKI67,0.07692307692307693,0.18461357981138093
Peribronchial fibroblasts,0.2,26,CLDN4,0.0,0.0
Peribronchial fibroblasts,0.2,26,KRT17,0.038461538461538464,0.07438649736299867
Pericytes,0.2,241,EPCAM,0.08713692946058091,0.36628507373589436
Pericytes,0.2,241,KRT8,0.2033195020746888,0.8533015504273057
Pericytes,0.2,241,SFTPC,0.8879668049792531,30.465010901864616
Pericytes,0.2,241,SFTPA1,0.8298755186721992,18.238370614530368
Pericytes,0.2,241,ABCA3,0.11618257261410789,0.5301013723820241
Pericytes,0.2,241,AGER,0.6348547717842323,11.017597521336462
Pericytes,0.2,241,HOPX,0.24066390041493776,1.03050502239955
Pericytes,0.2,241,SCGB1A1,0.16597510373443983,1.7215919081657536
Pericytes,0.2,241,FOXJ1,0.008298755186721992,0.03544074538140567
Pericytes,0.2,241,PTPRC,0.06639004149377593,0.2044027955330275
Pericytes,0.2,241,LST1,0.03319502074688797,0.0912863327932161
Pericytes,0.2,241,TYROBP,0.2157676348547718,0.9693897820944454
Pericytes,0.2,241,C1QA,0.24896265560165975,1.7413577193715286
Pericytes,0.2,241,C1QB,0.18672199170124482,1.3648960797727925
Pericytes,0.2,241,CD68,0.2157676348547718,1.074662339258922
Pericytes,0.2,241,CSF1R,0.08298755186721991,0.2470373336776283
Pericytes,0.2,241,PPARG,0.0912863070539419,0.47189175018383767
Pericytes,0.2,241,FABP4,0.07883817427385892,0.3670265966802981
Pericytes,0.2,241,COL1A1,0.4149377593360996,4.43308283270685
Pericytes,0.2,241,COL1A2,0.8630705394190872,17.189238099463978
Pericytes,0.2,241,COL3A1,0.6348547717842323,8.497938952931916
Pericytes,0.2,241,DCN,0.8298755186721992,13.074327141264986
Pericytes,0.2,241,LUM,0.36099585062240663,2.6298728297945826
Pericytes,0.2,241,PDGFRA,0.07053941908713693,0.23612806753967286
Pericytes,0.2,241,PI16,0.0,0.0
Pericytes,0.2,241,ACTA2,0.4315352697095436,4.022534013973855
Pericytes,0.2,241,TAGLN,0.5435684647302904,6.161715140619501
Pericytes,0.2,241,MYH11,0.2946058091286307,2.022560253140437
Pericytes,0.2,241,PECAM1,0.5269709543568465,7.228508004871298
Pericytes,0.2,241,VWF,0.3900414937759336,3.5225195098111
Pericytes,0.2,241,MKI67,0.016597510373443983,0.10340135681036175
Pericytes,0.2,241,CLDN4,0.06639004149377593,0.27831534631159555
Pericytes,0.2,241,KRT17,0.008298755186721992,0.009275331725346909
Plasma cells,0.2,804,EPCAM,0.033582089552238806,0.11349807759425347
Plasma cells,0.2,804,KRT8,0.14054726368159204,0.48525773777688164
Plasma cells,0.2,804,SFTPC,0.8930348258706468,15.629501173659152
Plasma cells,0.2,804,SFTPA1,0.8582089552238806,10.48880763083625
Plasma cells,0.2,804,ABCA3,0.15049751243781095,0.4710071327073433
Plasma cells,0.2,804,AGER,0.3706467661691542,1.839829433563157
Plasma cells,0.2,804,HOPX,0.14427860696517414,0.44685444266795077
Plasma cells,0.2,804,SCGB1A1,0.15049751243781095,0.6319427026489001
Plasma cells,0.2,804,FOXJ1,0.011194029850746268,0.029307443440173494
Plasma cells,0.2,804,PTPRC,0.05721393034825871,0.1710748986812836
Plasma cells,0.2,804,LST1,0.03731343283582089,0.09610361069450823
Plasma cells,0.2,804,TYROBP,0.17661691542288557,0.5814586752236621
Plasma cells,0.2,804,C1QA,0.3271144278606965,1.5325065747636455
Plasma cells,0.2,804,C1QB,0.2798507462686567,1.3113330795345348
Plasma cells,0.2,804,CD68,0.263681592039801,0.9121379727601826
Plasma cells,0.2,804,CSF1R,0.06716417910447761,0.2856591037588946
Plasma cells,0.2,804,PPARG,0.022388059701492536,0.052556427027694724
Plasma cells,0.2,804,FABP4,0.026119402985074626,0.0875723382765031
Plasma cells,0.2,804,COL1A1,0.19029850746268656,0.7233455294018645
Plasma cells,0.2,804,COL1A2,0.2524875621890547,1.0661443022298946
Plasma cells,0.2,804,COL3A1,0.16791044776119404,0.629252735815518
Plasma cells,0.2,804,DCN,0.2873134328358209,1.4473521640194953
Plasma cells,0.2,804,LUM,0.19527363184079602,0.7917337227334112
Plasma cells,0.2,804,PDGFRA,0.01990049751243781,0.04066351062868344
Plasma cells,0.2,804,PI16,0.011194029850746268,0.0254473175035138
Plasma cells,0.2,804,ACTA2,0.05970149253731343,0.17204961424999543
Plasma cells,0.2,804,TAGLN,0.19776119402985073,0.7680962900938283
Plasma cells,0.2,804,MYH11,0.03482587064676617,0.13999769559530906
Plasma cells,0.2,804,PECAM1,0.6579601990049752,4.440820198552107
Plasma cells,0.2,804,VWF,0.04975124378109453,0.1442091420947387
Plasma cells,0.2,804,MKI67,0.018656716417910446,0.10701917553148478
Plasma cells,0.2,804,CLDN4,0.06840796019900497,0.16838512391464908
Plasma cells,0.2,804,KRT17,0.007462686567164179,0.02103364617739399
Plasmacytoid DCs,0.2,95,EPCAM,0.021052631578947368,0.23708801789710576
Plasmacytoid DCs,0.2,95,KRT8,0.1368421052631579,0.6245051930933506
Plasmacytoid DCs,0.2,95,SFTPC,0.8736842105263158,16.01192056834543
Plasmacytoid DCs,0.2,95,SFTPA1,0.9052631578947369,12.558329323773515
Plasmacytoid DCs,0.2,95,ABCA3,0.07368421052631578,0.2528529408803448
Plasmacytoid DCs,0.2,95,AGER,0.5263157894736842,3.969728686275962
Plasmacytoid DCs,0.2,95,HOPX,0.10526315789473684,0.46310580633513415
Plasmacytoid DCs,0.2,95,SCGB1A1,0.10526315789473684,0.5047054328453551
Plasmacytoid DCs,0.2,95,FOXJ1,0.010526315789473684,0.03469451479721056
Plasmacytoid DCs,0.2,95,PTPRC,0.2736842105263158,1.3629541352026178
Plasmacytoid DCs,0.2,95,LST1,0.06315789473684211,0.18492568703548298
Plasmacytoid DCs,0.2,95,TYROBP,0.6421052631578947,5.2935039943091295
Plasmacytoid DCs,0.2,95,C1QA,0.2631578947368421,1.269033971292069
Plasmacytoid DCs,0.2,95,C1QB,0.18947368421052632,0.8491033968028174
Plasmacytoid DCs,0.2,95,CD68,0.6210526315789474,4.797552982736135
Plasmacytoid DCs,0.2,95,CSF1R,0.021052631578947368,0.03789103595762611
Plasmacytoid DCs,0.2,95,PPARG,0.010526315789473684,0.038445273153665756
Plasmacytoid DCs,0.2,95,FABP4,0.0,0.0
Plasmacytoid DCs,0.2,95,COL1A1,0.15789473684210525,0.9863248681274825
Plasmacytoid DCs,0.2,95,COL1A2,0.12631578947368421,0.68194954245166
Plasmacytoid DCs,0.2,95,COL3A1,0.10526315789473684,0.5357373714284213
Plasmacytoid DCs,0.2,95,DCN,0.2,1.305659068611237
Plasmacytoid DCs,0.2,95,LUM,0.08421052631578947,0.7051409754197118
Plasmacytoid DCs,0.2,95,PDGFRA,0.0,0.0
Plasmacytoid DCs,0.2,95,PI16,0.0,0.0
Plasmacytoid DCs,0.2,95,ACTA2,0.031578947368421054,0.1683297272446513
Plasmacytoid DCs,0.2,95,TAGLN,0.2,1.0801960943422488
Plasmacytoid DCs,0.2,95,MYH11,0.010526315789473684,0.03608610143803114
Plasmacytoid DCs,0.2,95,PECAM1,0.5789473684210527,3.3528494489291973
Plasmacytoid DCs,0.2,95,VWF,0.06315789473684211,0.2738560160530437
Plasmacytoid DCs,0.2,95,MKI67,0.0,0.0
Plasmacytoid DCs,0.2,95,CLDN4,0.05263157894736842,0.26737290575198736
Plasmacytoid DCs,0.2,95,KRT17,0.010526315789473684,0.08166265158629701
SM activated stress response,0.2,4,EPCAM,0.0,0.0
SM activated stress response,0.2,4,KRT8,0.25,2.0661157024793386
SM activated stress response,0.2,4,SFTPC,0.0,0.0
SM activated stress response,0.2,4,SFTPA1,0.5,11.874741576016211
SM activated stress response,0.2,4,ABCA3,0.25,3.0883261272390365
SM activated stress response,0.2,4,AGER,0.25,1.5441630636195183
SM activated stress response,0.2,4,HOPX,0.0,0.0
SM activated stress response,0.2,4,SCGB1A1,0.0,0.0
SM activated stress response,0.2,4,FOXJ1,0.0,0.0
SM activated stress response,0.2,4,PTPRC,0.0,0.0
SM activated stress response,0.2,4,LST1,0.0,0.0
SM activated stress response,0.2,4,TYROBP,0.0,0.0
SM activated stress response,0.2,4,C1QA,0.0,0.0
SM activated stress response,0.2,4,C1QB,0.25,2.0661157024793386
SM activated stress response,0.2,4,CD68,0.0,0.0
SM activated stress response,0.2,4,CSF1R,0.0,0.0
SM activated stress response,0.2,4,PPARG,0.25,2.0661157024793386
SM activated stress response,0.2,4,FABP4,0.0,0.0
SM activated stress response,0.2,4,COL1A1,0.75,19.509151187814343
SM activated stress response,0.2,4,COL1A2,0.0,0.0
SM activated stress response,0.2,4,COL3A1,0.75,6.028073737085316
SM activated stress response,0.2,4,DCN,0.75,4.819176251592086
SM activated stress response,0.2,4,LUM,0.0,0.0
SM activated stress response,0.2,4,PDGFRA,0.0,0.0
SM activated stress response,0.2,4,PI16,0.0,0.0
SM activated stress response,0.2,4,ACTA2,1.0,50.32242044428608
SM activated stress response,0.2,4,TAGLN,1.0,79.66118139814965
SM activated stress response,0.2,4,MYH11,1.0,23.801093637967504
SM activated stress response,0.2,4,PECAM1,0.0,0.0
SM activated stress response,0.2,4,VWF,0.0,0.0
SM activated stress response,0.2,4,MKI67,0.0,0.0
SM activated stress response,0.2,4,CLDN4,0.0,0.0
SM activated stress response,0.2,4,KRT17,0.0,0.0
SMG mucous,0.2,9,EPCAM,0.5555555555555556,1.871305177427468
SMG mucous,0.2,9,KRT8,0.7777777777777778,6.2750612549678095
SMG mucous,0.2,9,SFTPC,0.4444444444444444,3.097973740428287
SMG mucous,0.2,9,SFTPA1,0.4444444444444444,2.087765842010912
SMG mucous,0.2,9,ABCA3,0.1111111111111111,0.3584229390681003
SMG mucous,0.2,9,AGER,0.1111111111111111,0.6313131313131313
SMG mucous,0.2,9,HOPX,0.0,0.0
SMG mucous,0.2,9,SCGB1A1,0.4444444444444444,1.2018986466071646
SMG mucous,0.2,9,FOXJ1,0.1111111111111111,0.16588699777711421
SMG mucous,0.2,9,PTPRC,0.0,0.0
SMG mucous,0.2,9,LST1,0.0,0.0
SMG mucous,0.2,9,TYROBP,0.1111111111111111,0.08836576356856299
SMG mucous,0.2,9,C1QA,0.2222222222222222,0.44678870263666326
SMG mucous,0.2,9,C1QB,0.1111111111111111,0.16588699777711421
SMG mucous,0.2,9,CD68,0.1111111111111111,0.16588699777711421
SMG mucous,0.2,9,CSF1R,0.0,0.0
SMG mucous,0.2,9,PPARG,0.0,0.0
SMG mucous,0.2,9,FABP4,0.0,0.0
SMG mucous,0.2,9,COL1A1,0.1111111111111111,0.26509729070568894
SMG mucous,0.2,9,COL1A2,0.1111111111111111,0.3584229390681003
SMG mucous,0.2,9,COL3A1,0.0,0.0
SMG mucous,0.2,9,DCN,0.1111111111111111,0.08836576356856299
SMG mucous,0.2,9,LUM,0.0,0.0
SMG mucous,0.2,9,PDGFRA,0.0,0.0
SMG mucous,0.2,9,PI16,0.1111111111111111,0.3584229390681003
SMG mucous,0.2,9,ACTA2,0.0,0.0
SMG mucous,0.2,9,TAGLN,0.4444444444444444,1.4220727354476157
SMG mucous,0.2,9,MYH11,0.0,0.0
SMG mucous,0.2,9,PECAM1,0.0,0.0
SMG mucous,0.2,9,VWF,0.0,0.0
SMG mucous,0.2,9,MKI67,0.0,0.0
SMG mucous,0.2,9,CLDN4,0.2222222222222222,0.4741682327043655
SMG mucous,0.2,9,KRT17,0.1111111111111111,0.08836576356856299
SMG serous (bronchial),0.2,15,EPCAM,0.4666666666666667,1.3942915106036857
SMG serous (bronchial),0.2,15,KRT8,0.6,1.857391110088652
SMG serous (bronchial),0.2,15,SFTPC,0.6666666666666666,3.2123873951335873
SMG serous (bronchial),0.2,15,SFTPA1,0.4,1.2443813759726752
SMG serous (bronchial),0.2,15,ABCA3,0.06666666666666667,0.02620236083271103
SMG serous (bronchial),0.2,15,AGER,0.26666666666666666,0.3581090946371733
SMG serous (bronchial),0.2,15,HOPX,0.13333333333333333,0.08604367428763932
SMG serous (bronchial),0.2,15,SCGB1A1,0.4,0.7017456673970975
SMG serous (bronchial),0.2,15,FOXJ1,0.06666666666666667,0.07241653993772176
SMG serous (bronchial),0.2,15,PTPRC,0.0,0.0
SMG serous (bronchial),0.2,15,LST1,0.0,0.0
SMG serous (bronchial),0.2,15,TYROBP,0.06666666666666667,0.013627134349917556
SMG serous (bronchial),0.2,15,C1QA,0.06666666666666667,0.06118453255017132
SMG serous (bronchial),0.2,15,C1QB,0.13333333333333333,0.26158786150435104
SMG serous (bronchial),0.2,15,CD68,0.13333333333333333,0.03948597096085843
SMG serous (bronchial),0.2,15,CSF1R,0.0,0.0
SMG serous (bronchial),0.2,15,PPARG,0.13333333333333333,0.22092398343781142
SMG serous (bronchial),0.2,15,FABP4,0.13333333333333333,0.34330913102535554
SMG serous (bronchial),0.2,15,COL1A1,0.2,0.5296616952805266
SMG serous (bronchial),0.2,15,COL1A2,0.06666666666666667,0.06118453255017132
SMG serous (bronchial),0.2,15,COL3A1,0.0,0.0
SMG serous (bronchial),0.2,15,DCN,0.2,0.21744240309195098
SMG serous (bronchial),0.2,15,LUM,0.13333333333333333,0.039829495182628585
SMG serous (bronchial),0.2,15,PDGFRA,0.06666666666666667,0.013627134349917556
SMG serous (bronchial),0.2,15,PI16,0.0,0.0
SMG serous (bronchial),0.2,15,ACTA2,0.13333333333333333,0.08843880125000643
SMG serous (bronchial),0.2,15,TAGLN,0.2,0.5246039912922645
SMG serous (bronchial),0.2,15,MYH11,0.06666666666666667,0.07241653993772176
SMG serous (bronchial),0.2,15,PECAM1,0.06666666666666667,0.12375471814862941
SMG serous (bronchial),0.2,15,VWF,0.06666666666666667,0.6218905472636816
SMG serous (bronchial),0.2,15,MKI67,0.0,0.0
SMG serous (bronchial),0.2,15,CLDN4,0.13333333333333333,0.3820657113673165
SMG serous (bronchial),0.2,15,KRT17,0.06666666666666667,0.12375471814862941
Smooth muscle,0.2,149,EPCAM,0.026845637583892617,0.13828591578214883
Smooth muscle,0.2,149,KRT8,0.14093959731543623,0.8716231690351494
Smooth muscle,0.2,149,SFTPC,0.8053691275167785,26.155393920229507
Smooth muscle,0.2,149,SFTPA1,0.7248322147651006,14.552204330508873
Smooth muscle,0.2,149,ABCA3,0.04697986577181208,0.28050513968095975
Smooth muscle,0.2,149,AGER,0.31543624161073824,2.6336198590192352
Smooth muscle,0.2,149,HOPX,0.14093959731543623,0.916203765794962
Smooth muscle,0.2,149,SCGB1A1,0.2751677852348993,9.851900049207769
Smooth muscle,0.2,149,FOXJ1,0.013422818791946308,0.11392868692901699
Smooth muscle,0.2,149,PTPRC,0.03355704697986577,0.21382252759467288
Smooth muscle,0.2,149,LST1,0.06711409395973154,0.4385670823755119
Smooth muscle,0.2,149,TYROBP,0.12751677852348994,0.7081036202668728
Smooth muscle,0.2,149,C1QA,0.2348993288590604,2.1094776815217635
Smooth muscle,0.2,149,C1QB,0.087248322147651,0.5043643137317708
Smooth muscle,0.2,149,CD68,0.18791946308724833,1.0941745453294371
Smooth muscle,0.2,149,CSF1R,0.06711409395973154,0.6187774060249606
Smooth muscle,0.2,149,PPARG,0.03355704697986577,0.135562752301446
Smooth muscle,0.2,149,FABP4,0.0738255033557047,0.4077065950797427
Smooth muscle,0.2,149,COL1A1,0.7315436241610739,13.917835774694025
Smooth muscle,0.2,149,COL1A2,0.6778523489932886,10.097123482128215
Smooth muscle,0.2,149,COL3A1,0.6577181208053692,8.34869022593465
Smooth muscle,0.2,149,DCN,0.3691275167785235,4.303691286174276
Smooth muscle,0.2,149,LUM,0.16778523489932887,1.2019662857907378
Smooth muscle,0.2,149,PDGFRA,0.12751677852348994,0.810185010110626
Smooth muscle,0.2,149,PI16,0.013422818791946308,0.0936477544549635
Smooth muscle,0.2,149,ACTA2,0.9798657718120806,65.48803112105755
Smooth muscle,0.2,149,TAGLN,1.0,113.4800394650879
Smooth muscle,0.2,149,MYH11,0.9664429530201343,57.603340970069645
Smooth muscle,0.2,149,PECAM1,0.2348993288590604,1.5779332305460094
Smooth muscle,0.2,149,VWF,0.14093959731543623,1.3078628719534489
Smooth muscle,0.2,149,MKI67,0.0,0.0
Smooth muscle,0.2,149,CLDN4,0.06711409395973154,0.3894509929889402
Smooth muscle,0.2,149,KRT17,0.0,0.0
Suprabasal,0.2,4,EPCAM,0.25,0.5360205831903945
Suprabasal,0.2,4,KRT8,0.75,5.285610546905552
Suprabasal,0.2,4,SFTPC,1.0,5.765295495526311
Suprabasal,0.2,4,SFTPA1,1.0,3.785498416416762
Suprabasal,0.2,4,ABCA3,0.0,0.0
Suprabasal,0.2,4,AGER,0.25,2.7974636329727716
Suprabasal,0.2,4,HOPX,0.0,0.0
Suprabasal,0.2,4,SCGB1A1,0.0,0.0
Suprabasal,0.2,4,FOXJ1,0.25,0.9324878776575904
Suprabasal,0.2,4,PTPRC,0.0,0.0
Suprabasal,0.2,4,LST1,0.0,0.0
Suprabasal,0.2,4,TYROBP,0.0,0.0
Suprabasal,0.2,4,C1QA,0.0,0.0
Suprabasal,0.2,4,C1QB,0.0,0.0
Suprabasal,0.2,4,CD68,0.25,0.5360205831903945
Suprabasal,0.2,4,CSF1R,0.0,0.0
Suprabasal,0.2,4,PPARG,0.0,0.0
Suprabasal,0.2,4,FABP4,0.0,0.0
Suprabasal,0.2,4,COL1A1,0.25,0.667913438418381
Suprabasal,0.2,4,COL1A2,0.0,0.0
Suprabasal,0.2,4,COL3A1,0.0,0.0
Suprabasal,0.2,4,DCN,0.0,0.0
Suprabasal,0.2,4,LUM,0.0,0.0
Suprabasal,0.2,4,PDGFRA,0.0,0.0
Suprabasal,0.2,4,PI16,0.0,0.0
Suprabasal,0.2,4,ACTA2,0.0,0.0
Suprabasal,0.2,4,TAGLN,0.25,0.8245382585751979
Suprabasal,0.2,4,MYH11,0.0,0.0
Suprabasal,0.2,4,PECAM1,0.0,0.0
Suprabasal,0.2,4,VWF,0.0,0.0
Suprabasal,0.2,4,MKI67,0.25,0.8245382585751979
Suprabasal,0.2,4,CLDN4,0.5,2.811995771179959
Suprabasal,0.2,4,KRT17,0.25,2.144082332761578
T cells proliferating,0.2,45,EPCAM,0.0,0.0
T cells proliferating,0.2,45,KRT8,0.1111111111111111,0.42886950588064787
T cells proliferating,0.2,45,SFTPC,0.8444444444444444,8.153971608073663
T cells proliferating,0.2,45,SFTPA1,0.7777777777777778,6.631093388195484
T cells proliferating,0.2,45,ABCA3,0.15555555555555556,0.3190182724664615
T cells proliferating,0.2,45,AGER,0.26666666666666666,1.0701193165862992
T cells proliferating,0.2,45,HOPX,0.5555555555555556,3.199741576720363
T cells proliferating,0.2,45,SCGB1A1,0.08888888888888889,0.14872279031892133
T cells proliferating,0.2,45,FOXJ1,0.0,0.0
T cells proliferating,0.2,45,PTPRC,0.6222222222222222,2.76379882668717
T cells proliferating,0.2,45,LST1,0.1111111111111111,0.11640243031814278
T cells proliferating,0.2,45,TYROBP,0.15555555555555556,0.460356363302705
T cells proliferating,0.2,45,C1QA,0.15555555555555556,0.36938848414884873
T cells proliferating,0.2,45,C1QB,0.17777777777777778,0.35672031554409667
T cells proliferating,0.2,45,CD68,0.2,0.5418170200771945
T cells proliferating,0.2,45,CSF1R,0.06666666666666667,0.1214773186229366
T cells proliferating,0.2,45,PPARG,0.3111111111111111,1.066241096922673
T cells proliferating,0.2,45,FABP4,0.0,0.0
T cells proliferating,0.2,45,COL1A1,0.2,0.4952911238963728
T cells proliferating,0.2,45,COL1A2,0.08888888888888889,0.31137593954727244
T cells proliferating,0.2,45,COL3A1,0.13333333333333333,0.21270243551863618
T cells proliferating,0.2,45,DCN,0.2222222222222222,0.6930264941291783
T cells proliferating,0.2,45,LUM,0.1111111111111111,0.4291891163886805
T cells proliferating,0.2,45,PDGFRA,0.0,0.0
T cells proliferating,0.2,45,PI16,0.0,0.0
T cells proliferating,0.2,45,ACTA2,0.044444444444444446,0.08029207389807258
T cells proliferating,0.2,45,TAGLN,0.2,0.6250969089629879
T cells proliferating,0.2,45,MYH11,0.022222222222222223,0.021671759530156254
T cells proliferating,0.2,45,PECAM1,0.15555555555555556,0.6473171210030375
T cells proliferating,0.2,45,VWF,0.022222222222222223,0.021671759530156254
T cells proliferating,0.2,45,MKI67,0.9777777777777777,19.67120429736763
T cells proliferating,0.2,45,CLDN4,0.022222222222222223,0.04795473073418693
T cells proliferating,0.2,45,KRT17,0.0,0.0
pre-TB secretory,0.2,39,EPCAM,0.48717948717948717,2.7916652502166204
pre-TB secretory,0.2,39,KRT8,0.6153846153846154,3.1832437884774727
pre-TB secretory,0.2,39,SFTPC,0.7692307692307693,5.670309199850874
pre-TB secretory,0.2,39,SFTPA1,0.717948717948718,9.040690844742896
pre-TB secretory,0.2,39,ABCA3,0.07692307692307693,0.33225846792367403
pre-TB secretory,0.2,39,AGER,0.23076923076923078,0.8897915224240378
pre-TB secretory,0.2,39,HOPX,0.6153846153846154,4.330890018434209
pre-TB secretory,0.2,39,SCGB1A1,0.9487179487179487,1680.013845939433
pre-TB secretory,0.2,39,FOXJ1,0.0,0.0
pre-TB secretory,0.2,39,PTPRC,0.02564102564102564,0.1163385918376844
pre-TB secretory,0.2,39,LST1,0.0,0.0
pre-TB secretory,0.2,39,TYROBP,0.05128205128205128,0.15102210348926304
pre-TB secretory,0.2,39,C1QA,0.05128205128205128,0.17381736266194503
pre-TB secretory,0.2,39,C1QB,0.15384615384615385,0.5439299626902391
pre-TB secretory,0.2,39,CD68,0.10256410256410256,0.2620122499950089
pre-TB secretory,0.2,39,CSF1R,0.0,0.0
pre-TB secretory,0.2,39,PPARG,0.02564102564102564,0.09723559211613819
pre-TB secretory,0.2,39,FABP4,0.02564102564102564,0.135308842432853
pre-TB secretory,0.2,39,COL1A1,0.07692307692307693,0.29862208805548757
pre-TB secretory,0.2,39,COL1A2,0.07692307692307693,0.2892871590032511
pre-TB secretory,0.2,39,COL3A1,0.0,0.0
pre-TB secretory,0.2,39,DCN,0.07692307692307693,0.5656479450701525
pre-TB secretory,0.2,39,LUM,0.02564102564102564,0.040271753794606
pre-TB secretory,0.2,39,PDGFRA,0.0,0.0
pre-TB secretory,0.2,39,PI16,0.0,0.0
pre-TB secretory,0.2,39,ACTA2,0.05128205128205128,0.11908341785064186
pre-TB secretory,0.2,39,TAGLN,0.20512820512820512,1.2629352440511037
pre-TB secretory,0.2,39,MYH11,0.02564102564102564,0.06526094589214976
pre-TB secretory,0.2,39,PECAM1,0.1794871794871795,0.5701247699160144
pre-TB secretory,0.2,39,VWF,0.05128205128205128,0.14354577412673647
pre-TB secretory,0.2,39,MKI67,0.02564102564102564,0.026959337231653495
pre-TB secretory,0.2,39,CLDN4,0.7435897435897436,7.459036674603436
pre-TB secretory,0.2,39,KRT17,0.02564102564102564,0.08946624438599317
AT0,0.3,124,EPCAM,0.7016129032258065,3.883880372146001
AT0,0.3,124,KRT8,0.7661290322580645,5.311439883692244
AT0,0.3,124,SFTPC,0.8548387096774194,15.800001548172009
AT0,0.3,124,SFTPA1,0.9596774193548387,32.88038850163667
AT0,0.3,124,ABCA3,0.25806451612903225,0.6742201972240223
AT0,0.3,124,AGER,0.6370967741935484,4.129088226251977
AT0,0.3,124,HOPX,0.8225806451612904,7.04055879913669
AT0,0.3,124,SCGB1A1,0.20967741935483872,4.562583400454521
AT0,0.3,124,FOXJ1,0.056451612903225805,0.14005128573666958
AT0,0.3,124,PTPRC,0.024193548387096774,0.12409466523302704
AT0,0.3,124,LST1,0.04032258064516129,0.10553375273820186
AT0,0.3,124,TYROBP,0.13709677419354838,0.36722879405417636
AT0,0.3,124,C1QA,0.29838709677419356,0.902872530439022
AT0,0.3,124,C1QB,0.2903225806451613,1.011110977899065
AT0,0.3,124,CD68,0.2661290322580645,0.8598660184669263
AT0,0.3,124,CSF1R,0.08064516129032258,0.2072828659989219
AT0,0.3,124,PPARG,0.056451612903225805,0.11117894770471483
AT0,0.3,124,FABP4,0.024193548387096774,0.03491094311575545
AT0,0.3,124,COL1A1,0.1935483870967742,0.4947452122905987
AT0,0.3,124,COL1A2,0.12903225806451613,0.3945993436467228
AT0,0.3,124,COL3A1,0.08064516129032258,0.23152125962295803
AT0,0.3,124,DCN,0.20967741935483872,0.7573803462298079
AT0,0.3,124,LUM,0.07258064516129033,0.1769987268202396
AT0,0.3,124,PDGFRA,0.0,0.0
AT0,0.3,124,PI16,0.0,0.0
AT0,0.3,124,ACTA2,0.04838709677419355,0.08321528410814963
AT0,0.3,124,TAGLN,0.20161290322580644,0.6168715404687026
AT0,0.3,124,MYH11,0.03225806451612903,0.10573341751811297
AT0,0.3,124,PECAM1,0.10483870967741936,0.44268910375536474
AT0,0.3,124,VWF,0.03225806451612903,0.0925114539365029
AT0,0.3,124,MKI67,0.016129032258064516,0.04013621610426683
AT0,0.3,124,CLDN4,0.8790322580645161,8.36042562476854
AT0,0.3,124,KRT17,0.024193548387096774,0.19246861660381598
AT1,0.3,4078,EPCAM,0.583864639529181,4.128325695191676
AT1,0.3,4078,KRT8,0.7074546346248161,7.33622774261078
AT1,0.3,4078,SFTPC,0.8146150073565473,21.93725350845709
AT1,0.3,4078,SFTPA1,0.8006375674350171,14.682732440961898
AT1,0.3,4078,ABCA3,0.2116233447768514,1.1770676383545051
AT1,0.3,4078,AGER,0.996076508092202,69.55574211209047
AT1,0.3,4078,HOPX,0.6748406081412457,6.1804790544549215
AT1,0.3,4078,SCGB1A1,0.09612555174104953,0.6943195288970561
AT1,0.3,4078,FOXJ1,0.03948013732221677,0.165409159989709
AT1,0.3,4078,PTPRC,0.03114271701814615,0.12019038771228835
AT1,0.3,4078,LST1,0.030161844041196664,0.11713358441480577
AT1,0.3,4078,TYROBP,0.10053948013732222,0.47064794925502906
AT1,0.3,4078,C1QA,0.16478666012751347,0.9460756644023206
AT1,0.3,4078,C1QB,0.1510544384502207,0.8735375765770516
AT1,0.3,4078,CD68,0.17631191760666995,0.8858777750348358
AT1,0.3,4078,CSF1R,0.03874448258950466,0.19095572842230335
AT1,0.3,4078,PPARG,0.02918097106424718,0.11229052033260305
AT1,0.3,4078,FABP4,0.01888180480627759,0.10149663376527031
AT1,0.3,4078,COL1A1,0.16772927905836194,0.9242152093113577
AT1,0.3,4078,COL1A2,0.18661108386463954,1.14701753055446
AT1,0.3,4078,COL3A1,0.14198136341343795,0.7856917896790663
AT1,0.3,4078,DCN,0.26581657675331044,1.932141275668948
AT1,0.3,4078,LUM,0.16356056890632664,0.9506094665292291
AT1,0.3,4078,PDGFRA,0.022805296714075527,0.08898386065887873
AT1,0.3,4078,PI16,0.007111329082883766,0.030565746592356172
AT1,0.3,4078,ACTA2,0.05345757724374693,0.25279483184888557
AT1,0.3,4078,TAGLN,0.33325159391858755,2.427860151523466
AT1,0.3,4078,MYH11,0.03531142717018146,0.19009467738276833
AT1,0.3,4078,PECAM1,0.13511525257479157,0.8745871238430003
AT1,0.3,4078,VWF,0.05615497793035802,0.32791858355515696
AT1,0.3,4078,MKI67,0.007601765571358509,0.03609525010151692
AT1,0.3,4078,CLDN4,0.5985777341834232,5.005487317755627
AT1,0.3,4078,KRT17,0.008337420304070623,0.05355100502210202
AT2,0.3,11920,EPCAM,0.5140939597315436,2.32894729934634
AT2,0.3,11920,KRT8,0.5485738255033556,3.389526920180313
AT2,0.3,11920,SFTPC,0.998238255033557,570.9945306490047
AT2,0.3,11920,SFTPA1,0.9965604026845638,266.26088753026386
AT2,0.3,11920,ABCA3,0.89748322147651,17.21506735017423
AT2,0.3,11920,AGER,0.5962248322147651,5.130765459816533
AT2,0.3,11920,HOPX,0.6413590604026845,4.056785100218555
AT2,0.3,11920,SCGB1A1,0.1063758389261745,0.5323157786130629
AT2,0.3,11920,FOXJ1,0.033389261744966446,0.08108011874625173
AT2,0.3,11920,PTPRC,0.053691275167785234,0.1699180441324091
AT2,0.3,11920,LST1,0.05142617449664429,0.16495841027728284
AT2,0.3,11920,TYROBP,0.1556208053691275,0.5839417371870158
AT2,0.3,11920,C1QA,0.260738255033557,1.1102258940036438
AT2,0.3,11920,C1QB,0.23129194630872482,0.9947292565265452
AT2,0.3,11920,CD68,0.25016778523489935,0.9592740863520534
AT2,0.3,11920,CSF1R,0.06988255033557048,0.2791615632265566
AT2,0.3,11920,PPARG,0.04211409395973154,0.11624226542130978
AT2,0.3,11920,FABP4,0.03347315436241611,0.12341107703701636
AT2,0.3,11920,COL1A1,0.3344798657718121,1.8043087210209952
AT2,0.3,11920,COL1A2,0.30251677852348996,1.713815475436791
AT2,0.3,11920,COL3A1,0.22676174496644294,1.2352543120320163
AT2,0.3,11920,DCN,0.3575503355704698,2.171671446647156
AT2,0.3,11920,LUM,0.24354026845637583,1.223570008669647
AT2,0.3,11920,PDGFRA,0.04412751677852349,0.11674679032242724
AT2,0.3,11920,PI16,0.008976510067114094,0.024721562966337065
AT2,0.3,11920,ACTA2,0.0848993288590604,0.29064570099867953
AT2,0.3,11920,TAGLN,0.2916946308724832,1.3161405902973722
AT2,0.3,11920,MYH11,0.047399328859060404,0.19158894747428337
AT2,0.3,11920,PECAM1,0.2587248322147651,1.1878885767158343
AT2,0.3,11920,VWF,0.0776006711409396,0.3385540348824566
AT2,0.3,11920,MKI67,0.016023489932885906,0.05489231381484471
AT2,0.3,11920,CLDN4,0.5760906040268456,3.3486519411734066
AT2,0.3,11920,KRT17,0.009899328859060403,0.07304103139496329
AT2 proliferating,0.3,32,EPCAM,0.9375,3.548486836099443
AT2 proliferating,0.3,32,KRT8,1.0,7.764169534026777
AT2 proliferating,0.3,32,SFTPC,1.0,403.36300739864413
AT2 proliferating,0.3,32,SFTPA1,1.0,118.86918537747191
AT2 proliferating,0.3,32,ABCA3,0.84375,7.3248129533244315
AT2 proliferating,0.3,32,AGER,0.8125,4.016298485034522
AT2 proliferating,0.3,32,HOPX,0.9375,4.3511796352375995
AT2 proliferating,0.3,32,SCGB1A1,0.1875,0.2945179113462718
AT2 proliferating,0.3,32,FOXJ1,0.21875,0.4908279346584785
AT2 proliferating,0.3,32,PTPRC,0.15625,0.17676109278280092
AT2 proliferating,0.3,32,LST1,0.0625,0.018803235553625723
AT2 proliferating,0.3,32,TYROBP,0.1875,0.30473970647619397
AT2 proliferating,0.3,32,C1QA,0.40625,0.6057871130719046
AT2 proliferating,0.3,32,C1QB,0.40625,0.5838956094776294
AT2 proliferating,0.3,32,CD68,0.40625,0.660864270710642
AT2 proliferating,0.3,32,CSF1R,0.0625,0.05822490719212865
AT2 proliferating,0.3,32,PPARG,0.03125,0.012773349683220928
AT2 proliferating,0.3,32,FABP4,0.03125,0.0267849490014571
AT2 proliferating,0.3,32,COL1A1,0.5625,1.1205650277164372
AT2 proliferating,0.3,32,COL1A2,0.375,0.7660256670609957
AT2 proliferating,0.3,32,COL3A1,0.40625,0.9838569034818957
AT2 proliferating,0.3,32,DCN,0.5625,1.2866880046223226
AT2 proliferating,0.3,32,LUM,0.21875,0.7002507082500078
AT2 proliferating,0.3,32,PDGFRA,0.0625,0.11576796798520475
AT2 proliferating,0.3,32,PI16,0.0,0.0
AT2 proliferating,0.3,32,ACTA2,0.15625,0.36104662955582056
AT2 proliferating,0.3,32,TAGLN,0.34375,1.0487731616104472
AT2 proliferating,0.3,32,MYH11,0.0625,0.06394883383499422
AT2 proliferating,0.3,32,PECAM1,0.125,0.2782491719607456
AT2 proliferating,0.3,32,VWF,0.03125,0.06423432682425488
AT2 proliferating,0.3,32,MKI67,1.0,9.406156460210447
AT2 proliferating,0.3,32,CLDN4,0.875,3.122521785338262
AT2 proliferating,0.3,32,KRT17,0.0,0.0
Adventitial fibroblasts,0.3,506,EPCAM,0.07905138339920949,0.3111285410363354
Adventitial fibroblasts,0.3,506,KRT8,0.14031620553359683,0.5905311612244507
Adventitial fibroblasts,0.3,506,SFTPC,0.8537549407114624,28.352934861060962
Adventitial fibroblasts,0.3,506,SFTPA1,0.7905138339920948,16.298595753524356
Adventitial fibroblasts,0.3,506,ABCA3,0.1956521739130435,1.005438660987661
Adventitial fibroblasts,0.3,506,AGER,0.3794466403162055,3.877418524012748
Adventitial fibroblasts,0.3,506,HOPX,0.11462450592885376,0.5874568399338986
Adventitial fibroblasts,0.3,506,SCGB1A1,0.10474308300395258,2.963838832059649
Adventitial fibroblasts,0.3,506,FOXJ1,0.015810276679841896,0.06898927339795308
Adventitial fibroblasts,0.3,506,PTPRC,0.04940711462450593,0.21239746730176934
Adventitial fibroblasts,0.3,506,LST1,0.043478260869565216,0.19988963964838383
Adventitial fibroblasts,0.3,506,TYROBP,0.15217391304347827,0.6824033553341364
Adventitial fibroblasts,0.3,506,C1QA,0.24703557312252963,1.3621600880455893
Adventitial fibroblasts,0.3,506,C1QB,0.191699604743083,1.087630795070005
Adventitial fibroblasts,0.3,506,CD68,0.22727272727272727,1.07801575204442
Adventitial fibroblasts,0.3,506,CSF1R,0.06521739130434782,0.2896656755398457
Adventitial fibroblasts,0.3,506,PPARG,0.037549407114624504,0.1825276840960204
Adventitial fibroblasts,0.3,506,FABP4,0.019762845849802372,0.12591653911001394
Adventitial fibroblasts,0.3,506,COL1A1,0.9446640316205533,26.05026349874678
Adventitial fibroblasts,0.3,506,COL1A2,0.9703557312252964,40.746562727993506
Adventitial fibroblasts,0.3,506,COL3A1,0.8596837944664032,17.438400883428447
Adventitial fibroblasts,0.3,506,DCN,0.9466403162055336,118.89543703659413
Adventitial fibroblasts,0.3,506,LUM,0.658102766798419,14.459235266142246
Adventitial fibroblasts,0.3,506,PDGFRA,0.38735177865612647,2.8328948738480837
Adventitial fibroblasts,0.3,506,PI16,0.5158102766798419,10.828206432875728
Adventitial fibroblasts,0.3,506,ACTA2,0.14031620553359683,0.5590426365865508
Adventitial fibroblasts,0.3,506,TAGLN,0.5770750988142292,6.840324535284394
Adventitial fibroblasts,0.3,506,MYH11,0.037549407114624504,0.1776851217968034
Adventitial fibroblasts,0.3,506,PECAM1,0.13438735177865613,0.6294557503213232
Adventitial fibroblasts,0.3,506,VWF,0.07905138339920949,0.4214525497985452
Adventitial fibroblasts,0.3,506,MKI67,0.005928853754940711,0.01220457854821903
Adventitial fibroblasts,0.3,506,CLDN4,0.08498023715415019,0.35929355904930654
Adventitial fibroblasts,0.3,506,KRT17,0.003952569169960474,0.005416912304875225
Alveolar Mph proliferating,0.3,2,EPCAM,0.0,0.0
Alveolar Mph proliferating,0.3,2,KRT8,0.0,0.0
Alveolar Mph proliferating,0.3,2,SFTPC,1.0,4.79358745266247
Alveolar Mph proliferating,0.3,2,SFTPA1,1.0,8.273804797628593
Alveolar Mph proliferating,0.3,2,ABCA3,0.0,0.0
Alveolar Mph proliferating,0.3,2,AGER,0.5,1.3133701076963489
Alveolar Mph proliferating,0.3,2,HOPX,0.0,0.0
Alveolar Mph proliferating,0.3,2,SCGB1A1,0.0,0.0
Alveolar Mph proliferating,0.3,2,FOXJ1,0.0,0.0
Alveolar Mph proliferating,0.3,2,PTPRC,1.0,2.396793726331235
Alveolar Mph proliferating,0.3,2,LST1,0.0,0.0
Alveolar Mph proliferating,0.3,2,TYROBP,1.0,15.464185976622296
Alveolar Mph proliferating,0.3,2,C1QA,1.0,34.80217344966121
Alveolar Mph proliferating,0.3,2,C1QB,1.0,24.59146790382431
Alveolar Mph proliferating,0.3,2,CD68,1.0,32.24174206094094
Alveolar Mph proliferating,0.3,2,CSF1R,0.0,0.0
Alveolar Mph proliferating,0.3,2,PPARG,0.5,2.1668472372697725
Alveolar Mph proliferating,0.3,2,FABP4,0.5,5.417118093174431
Alveolar Mph proliferating,0.3,2,COL1A1,0.0,0.0
Alveolar Mph proliferating,0.3,2,COL1A2,0.5,1.3133701076963489
Alveolar Mph proliferating,0.3,2,COL3A1,0.0,0.0
Alveolar Mph proliferating,0.3,2,DCN,0.5,1.3133701076963489
Alveolar Mph proliferating,0.3,2,LUM,0.0,0.0
Alveolar Mph proliferating,0.3,2,PDGFRA,0.0,0.0
Alveolar Mph proliferating,0.3,2,PI16,0.0,0.0
Alveolar Mph proliferating,0.3,2,ACTA2,0.0,0.0
Alveolar Mph proliferating,0.3,2,TAGLN,0.5,4.333694474539545
Alveolar Mph proliferating,0.3,2,MYH11,0.0,0.0
Alveolar Mph proliferating,0.3,2,PECAM1,1.0,3.710163834027584
Alveolar Mph proliferating,0.3,2,VWF,0.0,0.0
Alveolar Mph proliferating,0.3,2,MKI67,1.0,20.947612896469153
Alveolar Mph proliferating,0.3,2,CLDN4,0.0,0.0
Alveolar Mph proliferating,0.3,2,KRT17,0.0,0.0
Alveolar fibroblasts,0.3,6536,EPCAM,0.16982864137086903,0.8900773586266111
Alveolar fibroblasts,0.3,6536,KRT8,0.15850673194614442,0.867977893464273
Alveolar fibroblasts,0.3,6536,SFTPC,0.833843329253366,38.59281826422854
Alveolar fibroblasts,0.3,6536,SFTPA1,0.8150244798041616,22.697958168278014
Alveolar fibroblasts,0.3,6536,ABCA3,0.13739290085679315,0.9030917918170146
Alveolar fibroblasts,0.3,6536,AGER,0.4969400244798042,7.501866374454164
Alveolar fibroblasts,0.3,6536,HOPX,0.1839045287637699,1.0630054649287235
Alveolar fibroblasts,0.3,6536,SCGB1A1,0.08797429620563035,0.6907189882371776
Alveolar fibroblasts,0.3,6536,FOXJ1,0.007037943696450428,0.03121725229179398
Alveolar fibroblasts,0.3,6536,PTPRC,0.04253365973072215,0.17220368962538646
Alveolar fibroblasts,0.3,6536,LST1,0.04804161566707466,0.20198917875558894
Alveolar fibroblasts,0.3,6536,TYROBP,0.1361689106487148,0.8006817172196989
Alveolar fibroblasts,0.3,6536,C1QA,0.21328029375764995,1.685776117170621
Alveolar fibroblasts,0.3,6536,C1QB,0.19262545899632802,1.4897425503792
Alveolar fibroblasts,0.3,6536,CD68,0.21083231334149327,1.2927251021108446
Alveolar fibroblasts,0.3,6536,CSF1R,0.0755813953488372,0.513629629105831
Alveolar fibroblasts,0.3,6536,PPARG,0.031517747858017135,0.14256862616040866
Alveolar fibroblasts,0.3,6536,FABP4,0.030752753977968176,0.2019410131744113
Alveolar fibroblasts,0.3,6536,COL1A1,0.8849449204406364,18.321667072233137
Alveolar fibroblasts,0.3,6536,COL1A2,0.9331395348837209,25.637361632851746
Alveolar fibroblasts,0.3,6536,COL3A1,0.841952264381885,16.280431752907646
Alveolar fibroblasts,0.3,6536,DCN,0.9374235006119951,29.938984465713286
Alveolar fibroblasts,0.3,6536,LUM,0.8561811505507956,19.11910022351818
Alveolar fibroblasts,0.3,6536,PDGFRA,0.49510403916768664,4.051388670739876
Alveolar fibroblasts,0.3,6536,PI16,0.02555079559363525,0.23608729963853373
Alveolar fibroblasts,0.3,6536,ACTA2,0.19002447980416157,1.402248525077799
Alveolar fibroblasts,0.3,6536,TAGLN,0.413249694002448,4.2170787063315895
Alveolar fibroblasts,0.3,6536,MYH11,0.05263157894736842,0.3394067977719576
Alveolar fibroblasts,0.3,6536,PECAM1,0.1552937576499388,1.0951609657319328
Alveolar fibroblasts,0.3,6536,VWF,0.07053243574051407,0.4315126124576926
Alveolar fibroblasts,0.3,6536,MKI67,0.011627906976744186,0.057706300743543444
Alveolar fibroblasts,0.3,6536,CLDN4,0.0682374541003672,0.2910281736763908
Alveolar fibroblasts,0.3,6536,KRT17,0.0027539779681762548,0.010763911878591803
Alveolar macrophages,0.3,3095,EPCAM,0.0704361873990307,0.08601670027555293
Alveolar macrophages,0.3,3095,KRT8,0.25848142164781907,0.39581660115976985
Alveolar macrophages,0.3,3095,SFTPC,0.9647819063004847,14.553880364638909
Alveolar macrophages,0.3,3095,SFTPA1,0.9353796445880452,9.541523744883664
Alveolar macrophages,0.3,3095,ABCA3,0.24264943457189014,0.382239666731971
Alveolar macrophages,0.3,3095,AGER,0.5463651050080776,1.4052652586779057
Alveolar macrophages,0.3,3095,HOPX,0.2516962843295638,0.37394121863717494
Alveolar macrophages,0.3,3095,SCGB1A1,0.22552504038772214,0.3882121413137037
Alveolar macrophages,0.3,3095,FOXJ1,0.013893376413570274,0.009932893074777198
Alveolar macrophages,0.3,3095,PTPRC,0.6410339256865912,1.3451073998786425
Alveolar macrophages,0.3,3095,LST1,0.8155088852988691,2.935777930952148
Alveolar macrophages,0.3,3095,TYROBP,0.9777059773828756,16.94669746143081
Alveolar macrophages,0.3,3095,C1QA,0.9886914378029079,45.90221661212368
Alveolar macrophages,0.3,3095,C1QB,0.9825525040387723,43.23649014848288
Alveolar macrophages,0.3,3095,CD68,0.9912762520193861,28.7306179774737
Alveolar macrophages,0.3,3095,CSF1R,0.8180936995153474,3.7100706706373354
Alveolar macrophages,0.3,3095,PPARG,0.8294022617124395,5.485604192831106
Alveolar macrophages,0.3,3095,FABP4,0.6500807754442649,12.905586989002815
Alveolar macrophages,0.3,3095,COL1A1,0.3473344103392569,0.8853553473904456
Alveolar macrophages,0.3,3095,COL1A2,0.3382875605815832,0.7875487978383293
Alveolar macrophages,0.3,3095,COL3A1,0.2510500807754443,0.5962465189166198
Alveolar macrophages,0.3,3095,DCN,0.3715670436187399,0.9231062296928356
Alveolar macrophages,0.3,3095,LUM,0.22003231017770597,0.506135183025818
Alveolar macrophages,0.3,3095,PDGFRA,0.03715670436187399,0.05873306315989258
Alveolar macrophages,0.3,3095,PI16,0.011308562197092083,0.013929413030047381
Alveolar macrophages,0.3,3095,ACTA2,0.23941841680129242,0.3527055336367588
Alveolar macrophages,0.3,3095,TAGLN,0.8516962843295638,4.882521143157504
Alveolar macrophages,0.3,3095,MYH11,0.04878836833602585,0.08363432332317647
Alveolar macrophages,0.3,3095,PECAM1,0.9211631663974151,7.572283526662788
Alveolar macrophages,0.3,3095,VWF,0.13764135702746366,0.21812524229452052
Alveolar macrophages,0.3,3095,MKI67,0.03489499192245557,0.06954737347869175
Alveolar macrophages,0.3,3095,CLDN4,0.1234248788368336,0.14398872596610052
Alveolar macrophages,0.3,3095,KRT17,0.007431340872374798,0.011584407943908602
B cells,0.3,153,EPCAM,0.026143790849673203,0.1837907118535224
B cells,0.3,153,KRT8,0.08496732026143791,0.7864708429330826
B cells,0.3,153,SFTPC,0.7124183006535948,17.975498546873098
B cells,0.3,153,SFTPA1,0.6143790849673203,12.636610790046097
B cells,0.3,153,ABCA3,0.06535947712418301,0.5661213667593691
B cells,0.3,153,AGER,0.2222222222222222,2.516267532925111
B cells,0.3,153,HOPX,0.058823529411764705,0.512285204467934
B cells,0.3,153,SCGB1A1,0.11764705882352941,0.9606581452613319
B cells,0.3,153,FOXJ1,0.0196078431372549,0.14260819303548594
B cells,0.3,153,PTPRC,0.28104575163398693,2.5718397892017224
B cells,0.3,153,LST1,0.0392156862745098,0.3306943658547038
B cells,0.3,153,TYROBP,0.0718954248366013,0.5784883897892105
B cells,0.3,153,C1QA,0.13725490196078433,1.2227173991219775
B cells,0.3,153,C1QB,0.09803921568627451,0.8905525889261003
B cells,0.3,153,CD68,0.09803921568627451,0.7492036668489555
B cells,0.3,153,CSF1R,0.006535947712418301,0.05142366414176476
B cells,0.3,153,PPARG,0.0196078431372549,0.1647660063947496
B cells,0.3,153,FABP4,0.013071895424836602,0.11106054311913771
B cells,0.3,153,COL1A1,0.05228758169934641,0.526182603244105
B cells,0.3,153,COL1A2,0.10457516339869281,1.1136515952562653
B cells,0.3,153,COL3A1,0.08496732026143791,0.6102608086510171
B cells,0.3,153,DCN,0.1437908496732026,1.59522165182887
B cells,0.3,153,LUM,0.12418300653594772,1.1765710225834216
B cells,0.3,153,PDGFRA,0.013071895424836602,0.10394728454584745
B cells,0.3,153,PI16,0.0,0.0
B cells,0.3,153,ACTA2,0.06535947712418301,0.8067572978169227
B cells,0.3,153,TAGLN,0.22875816993464052,2.587463740898749
B cells,0.3,153,MYH11,0.0392156862745098,0.299879320111309
B cells,0.3,153,PECAM1,0.0915032679738562,0.7279375083505356
B cells,0.3,153,VWF,0.058823529411764705,0.5918496044788812
B cells,0.3,153,MKI67,0.013071895424836602,0.1747792933405227
B cells,0.3,153,CLDN4,0.013071895424836602,0.10017088755386673
B cells,0.3,153,KRT17,0.0,0.0
Basal resting,0.3,171,EPCAM,0.21052631578947367,1.1124488861776973
Basal resting,0.3,171,KRT8,0.4269005847953216,2.857232747060601
Basal resting,0.3,171,SFTPC,0.7076023391812866,8.867490382961455
Basal resting,0.3,171,SFTPA1,0.631578947368421,8.36440855212125
Basal resting,0.3,171,ABCA3,0.08187134502923976,0.4133238393702514
Basal resting,0.3,171,AGER,0.38596491228070173,2.224330526901547
Basal resting,0.3,171,HOPX,0.13450292397660818,0.595697251829518
Basal resting,0.3,171,SCGB1A1,0.36257309941520466,11.44384748334449
Basal resting,0.3,171,FOXJ1,0.08771929824561403,0.348093654824125
Basal resting,0.3,171,PTPRC,0.017543859649122806,0.07547253858289035
Basal resting,0.3,171,LST1,0.029239766081871343,0.15787224998713634
Basal resting,0.3,171,TYROBP,0.1111111111111111,0.528844490761628
Basal resting,0.3,171,C1QA,0.2046783625730994,0.9847110878295073
Basal resting,0.3,171,C1QB,0.07602339181286549,0.32640186475459687
Basal resting,0.3,171,CD68,0.16374269005847952,0.9501877671354994
Basal resting,0.3,171,CSF1R,0.017543859649122806,0.0805789552476661
Basal resting,0.3,171,PPARG,0.029239766081871343,0.17401997444127448
Basal resting,0.3,171,FABP4,0.023391812865497075,0.14577088018145057
Basal resting,0.3,171,COL1A1,0.21637426900584794,1.3700064792694742
Basal resting,0.3,171,COL1A2,0.14619883040935672,0.7966338123808168
Basal resting,0.3,171,COL3A1,0.09941520467836257,0.6071193473398226
Basal resting,0.3,171,DCN,0.23391812865497075,1.779220430963076
Basal resting,0.3,171,LUM,0.08187134502923976,0.39577143012282145
Basal resting,0.3,171,PDGFRA,0.017543859649122806,0.11255362874555817
Basal resting,0.3,171,PI16,0.005847953216374269,0.011745236425736631
Basal resting,0.3,171,ACTA2,0.07602339181286549,0.3050387577196296
Basal resting,0.3,171,TAGLN,0.14035087719298245,0.9080030874050768
Basal resting,0.3,171,MYH11,0.017543859649122806,0.037529266554522135
Basal resting,0.3,171,PECAM1,0.0935672514619883,0.4672468364646962
Basal resting,0.3,171,VWF,0.04678362573099415,0.273400738464355
Basal resting,0.3,171,MKI67,0.0,0.0
Basal resting,0.3,171,CLDN4,0.1871345029239766,1.1506875982463662
Basal resting,0.3,171,KRT17,0.7368421052631579,20.790176120532013
CD4 T cells,0.3,2552,EPCAM,0.025078369905956112,0.1644349845386345
CD4 T cells,0.3,2552,KRT8,0.08503134796238244,0.605315377149711
CD4 T cells,0.3,2552,SFTPC,0.7452978056426333,15.514698285836472
CD4 T cells,0.3,2552,SFTPA1,0.731974921630094,12.208932360585706
CD4 T cells,0.3,2552,ABCA3,0.07210031347962383,0.47529706886864187
CD4 T cells,0.3,2552,AGER,0.3330721003134796,3.0830630191336885
CD4 T cells,0.3,2552,HOPX,0.22727272727272727,1.8509486314242
CD4 T cells,0.3,2552,SCGB1A1,0.07327586206896551,0.7510454141595628
CD4 T cells,0.3,2552,FOXJ1,0.008228840125391849,0.049643432473074504
CD4 T cells,0.3,2552,PTPRC,0.4114420062695925,3.4724479742237357
CD4 T cells,0.3,2552,LST1,0.042711598746081506,0.2827446227650394
CD4 T cells,0.3,2552,TYROBP,0.061128526645768025,0.41395994227786526
CD4 T cells,0.3,2552,C1QA,0.125,0.8598916233633296
CD4 T cells,0.3,2552,C1QB,0.10658307210031348,0.748147710739821
CD4 T cells,0.3,2552,CD68,0.1238244514106583,0.8709375197289039
CD4 T cells,0.3,2552,CSF1R,0.019592476489028215,0.13381751310351242
CD4 T cells,0.3,2552,PPARG,0.16575235109717867,1.347730994269908
CD4 T cells,0.3,2552,FABP4,0.013322884012539185,0.09555736124515848
CD4 T cells,0.3,2552,COL1A1,0.09090909090909091,0.697310821316123
CD4 T cells,0.3,2552,COL1A2,0.11167711598746081,0.8786135937180011
CD4 T cells,0.3,2552,COL3A1,0.07405956112852664,0.5623368647915107
CD4 T cells,0.3,2552,DCN,0.1281347962382445,1.0470393657046495
CD4 T cells,0.3,2552,LUM,0.06974921630094044,0.5316799533000987
CD4 T cells,0.3,2552,PDGFRA,0.009404388714733543,0.06396316452868885
CD4 T cells,0.3,2552,PI16,0.019984326018808778,0.1548411408691015
CD4 T cells,0.3,2552,ACTA2,0.03683385579937304,0.2514553695810113
CD4 T cells,0.3,2552,TAGLN,0.09717868338557993,0.717449921734825
CD4 T cells,0.3,2552,MYH11,0.02468652037617555,0.1667166030935948
CD4 T cells,0.3,2552,PECAM1,0.07876175548589341,0.5515221405555146
CD4 T cells,0.3,2552,VWF,0.02860501567398119,0.21764326174214715
CD4 T cells,0.3,2552,MKI67,0.03800940438871473,0.3135672886159305
CD4 T cells,0.3,2552,CLDN4,0.029780564263322883,0.2053537215134436
CD4 T cells,0.3,2552,KRT17,0.0035266457680250786,0.060470033861581604
CD8 T cells,0.3,3025,EPCAM,0.020495867768595043,0.15337814721489182
CD8 T cells,0.3,3025,KRT8,0.07801652892561983,0.605064862677928
CD8 T cells,0.3,3025,SFTPC,0.7761983471074381,19.45892788090288
CD8 T cells,0.3,3025,SFTPA1,0.7414876033057851,13.935660468070308
CD8 T cells,0.3,3025,ABCA3,0.07735537190082645,0.5814492827034767
CD8 T cells,0.3,3025,AGER,0.3378512396694215,3.4862421368184884
CD8 T cells,0.3,3025,HOPX,0.27735537190082643,2.406748757522255
CD8 T cells,0.3,3025,SCGB1A1,0.07338842975206611,1.0553666024607102
CD8 T cells,0.3,3025,FOXJ1,0.004628099173553719,0.029384366162866115
CD8 T cells,0.3,3025,PTPRC,0.416198347107438,3.834737510345555
CD8 T cells,0.3,3025,LST1,0.05057851239669422,0.31430028267405485
CD8 T cells,0.3,3025,TYROBP,0.14942148760330579,1.208166647710365
CD8 T cells,0.3,3025,C1QA,0.2231404958677686,2.211791205979481
CD8 T cells,0.3,3025,C1QB,0.21289256198347106,2.05919774532515
CD8 T cells,0.3,3025,CD68,0.1993388429752066,1.674894007078324
CD8 T cells,0.3,3025,CSF1R,0.06611570247933884,0.5810350850031307
CD8 T cells,0.3,3025,PPARG,0.09652892561983471,0.7699612388846462
CD8 T cells,0.3,3025,FABP4,0.01652892561983471,0.1170132167508205
CD8 T cells,0.3,3025,COL1A1,0.1206611570247934,1.0851748063853093
CD8 T cells,0.3,3025,COL1A2,0.14082644628099172,1.2321247281826349
CD8 T cells,0.3,3025,COL3A1,0.09917355371900827,0.9002487987415345
CD8 T cells,0.3,3025,DCN,0.19834710743801653,1.9433741003175133
CD8 T cells,0.3,3025,LUM,0.11702479338842975,0.9939891558101954
CD8 T cells,0.3,3025,PDGFRA,0.013553719008264463,0.11061683610629101
CD8 T cells,0.3,3025,PI16,0.004297520661157025,0.030986792403182674
CD8 T cells,0.3,3025,ACTA2,0.05586776859504132,0.43295941426501694
CD8 T cells,0.3,3025,TAGLN,0.12859504132231406,1.132655785220978
CD8 T cells,0.3,3025,MYH11,0.02743801652892562,0.22827156230214724
CD8 T cells,0.3,3025,PECAM1,0.24198347107438017,2.1720595771781706
CD8 T cells,0.3,3025,VWF,0.03471074380165289,0.2916947773368866
CD8 T cells,0.3,3025,MKI67,0.03603305785123967,0.3071773977080132
CD8 T cells,0.3,3025,CLDN4,0.026776859504132233,0.18250296058728677
CD8 T cells,0.3,3025,KRT17,0.0019834710743801653,0.00750317053006781
Classical monocytes,0.3,154,EPCAM,0.01948051948051948,0.05701940618939152
Classical monocytes,0.3,154,KRT8,0.07792207792207792,0.3145217489987532
Classical monocytes,0.3,154,SFTPC,0.7662337662337663,11.997759489637781
Classical monocytes,0.3,154,SFTPA1,0.6623376623376623,8.395339054343431
Classical monocytes,0.3,154,ABCA3,0.09090909090909091,0.4751083203208324
Classical monocytes,0.3,154,AGER,0.4090909090909091,3.2290337448176185
Classical monocytes,0.3,154,HOPX,0.16233766233766234,0.8376906690061019
Classical monocytes,0.3,154,SCGB1A1,0.12337662337662338,0.6506598781506078
Classical monocytes,0.3,154,FOXJ1,0.006493506493506494,0.041651741459310415
Classical monocytes,0.3,154,PTPRC,0.4935064935064935,2.78681354508324
Classical monocytes,0.3,154,LST1,0.7142857142857143,5.463807080387897
Classical monocytes,0.3,154,TYROBP,0.8961038961038961,14.336988864252262
Classical monocytes,0.3,154,C1QA,0.15584415584415584,0.9520525570561782
Classical monocytes,0.3,154,C1QB,0.14285714285714285,0.7218315668892861
Classical monocytes,0.3,154,CD68,0.7857142857142857,9.281666817544718
Classical monocytes,0.3,154,CSF1R,0.6038961038961039,5.569297820965504
Classical monocytes,0.3,154,PPARG,0.025974025974025976,0.0861608404425498
Classical monocytes,0.3,154,FABP4,0.012987012987012988,0.08922401987209591
Classical monocytes,0.3,154,COL1A1,0.1038961038961039,0.5834008312931962
Classical monocytes,0.3,154,COL1A2,0.11688311688311688,0.6216655629630744
Classical monocytes,0.3,154,COL3A1,0.06493506493506493,0.6505795312997749
Classical monocytes,0.3,154,DCN,0.21428571428571427,1.2748396103983761
Classical monocytes,0.3,154,LUM,0.1038961038961039,0.565909386028948
Classical monocytes,0.3,154,PDGFRA,0.01948051948051948,0.09776869228403584
Classical monocytes,0.3,154,PI16,0.0,0.0
Classical monocytes,0.3,154,ACTA2,0.05194805194805195,0.2359464987707743
Classical monocytes,0.3,154,TAGLN,0.2597402597402597,1.7450157118731993
Classical monocytes,0.3,154,MYH11,0.05194805194805195,0.19377648819261029
Classical monocytes,0.3,154,PECAM1,0.7532467532467533,6.791822567011894
Classical monocytes,0.3,154,VWF,0.03896103896103896,0.19215267985613654
Classical monocytes,0.3,154,MKI67,0.0,0.0
Classical monocytes,0.3,154,CLDN4,0.03896103896103896,0.20924710433452495
Classical monocytes,0.3,154,KRT17,0.0,0.0
Club (non-nasal),0.3,10,EPCAM,0.6,4.9310446257588545
Club (non-nasal),0.3,10,KRT8,0.5,7.219084548328023
Club (non-nasal),0.3,10,SFTPC,0.5,4.385886920800371
Club (non-nasal),0.3,10,SFTPA1,0.6,3.387836617623369
Club (non-nasal),0.3,10,ABCA3,0.1,0.0751653638003608
Club (non-nasal),0.3,10,AGER,0.2,0.33950583432639836
Club (non-nasal),0.3,10,HOPX,0.0,0.0
Club (non-nasal),0.3,10,SCGB1A1,1.0,1526.5159571999438
Club (non-nasal),0.3,10,FOXJ1,0.1,0.0751653638003608
Club (non-nasal),0.3,10,PTPRC,0.0,0.0
Club (non-nasal),0.3,10,LST1,0.0,0.0
Club (non-nasal),0.3,10,TYROBP,0.0,0.0
Club (non-nasal),0.3,10,C1QA,0.0,0.0
Club (non-nasal),0.3,10,C1QB,0.1,0.1503307276007216
Club (non-nasal),0.3,10,CD68,0.0,0.0
Club (non-nasal),0.3,10,CSF1R,0.0,0.0
Club (non-nasal),0.3,10,PPARG,0.0,0.0
Club (non-nasal),0.3,10,FABP4,0.1,0.27181299266104925
Club (non-nasal),0.3,10,COL1A1,0.3,0.7725102713550271
Club (non-nasal),0.3,10,COL1A2,0.0,0.0
Club (non-nasal),0.3,10,COL3A1,0.0,0.0
Club (non-nasal),0.3,10,DCN,0.1,0.24783147459727384
Club (non-nasal),0.3,10,LUM,0.0,0.0
Club (non-nasal),0.3,10,PDGFRA,0.0,0.0
Club (non-nasal),0.3,10,PI16,0.0,0.0
Club (non-nasal),0.3,10,ACTA2,0.0,0.0
Club (non-nasal),0.3,10,TAGLN,0.1,0.26434047052603754
Club (non-nasal),0.3,10,MYH11,0.1,0.425531914893617
Club (non-nasal),0.3,10,PECAM1,0.0,0.0
Club (non-nasal),0.3,10,VWF,0.0,0.0
Club (non-nasal),0.3,10,MKI67,0.0,0.0
Club (non-nasal),0.3,10,CLDN4,0.4,2.084717977825382
Club (non-nasal),0.3,10,KRT17,0.2,1.7511387506044898
DC2,0.3,3,EPCAM,0.0,0.0
DC2,0.3,3,KRT8,0.3333333333333333,1.0826025765941323
DC2,0.3,3,SFTPC,0.6666666666666666,12.569644131553543
DC2,0.3,3,SFTPA1,1.0,11.296298225894265
DC2,0.3,3,ABCA3,0.0,0.0
DC2,0.3,3,AGER,0.6666666666666666,1.3181209884446619
DC2,0.3,3,HOPX,0.3333333333333333,0.5413012882970661
DC2,0.3,3,SCGB1A1,0.3333333333333333,0.5413012882970661
DC2,0.3,3,FOXJ1,0.0,0.0
DC2,0.3,3,PTPRC,0.6666666666666666,3.648580088887449
DC2,0.3,3,LST1,0.6666666666666666,2.400723565038794
DC2,0.3,3,TYROBP,0.6666666666666666,7.673207518817442
DC2,0.3,3,C1QA,0.6666666666666666,7.507953571562918
DC2,0.3,3,C1QB,0.6666666666666666,17.65214912001516
DC2,0.3,3,CD68,0.6666666666666666,3.718844553483456
DC2,0.3,3,CSF1R,0.6666666666666666,4.024627429929993
DC2,0.3,3,PPARG,0.0,0.0
DC2,0.3,3,FABP4,0.0,0.0
DC2,0.3,3,COL1A1,0.0,0.0
DC2,0.3,3,COL1A2,0.3333333333333333,0.7768197001475957
DC2,0.3,3,COL3A1,0.0,0.0
DC2,0.3,3,DCN,0.3333333333333333,0.5413012882970661
DC2,0.3,3,LUM,0.0,0.0
DC2,0.3,3,PDGFRA,0.0,0.0
DC2,0.3,3,PI16,0.0,0.0
DC2,0.3,3,ACTA2,0.3333333333333333,0.7768197001475957
DC2,0.3,3,TAGLN,0.6666666666666666,2.5404881304826925
DC2,0.3,3,MYH11,0.0,0.0
DC2,0.3,3,PECAM1,0.3333333333333333,1.5536394002951914
DC2,0.3,3,VWF,0.0,0.0
DC2,0.3,3,MKI67,0.3333333333333333,2.1652051531882646
DC2,0.3,3,CLDN4,0.0,0.0
DC2,0.3,3,KRT17,0.0,0.0
Deuterosomal,0.3,1,EPCAM,0.0,0.0
Deuterosomal,0.3,1,KRT8,1.0,8.726003490401396
Deuterosomal,0.3,1,SFTPC,1.0,8.726003490401396
Deuterosomal,0.3,1,SFTPA1,1.0,43.63001745200698
Deuterosomal,0.3,1,ABCA3,0.0,0.0
Deuterosomal,0.3,1,AGER,0.0,0.0
Deuterosomal,0.3,1,HOPX,0.0,0.0
Deuterosomal,0.3,1,SCGB1A1,0.0,0.0
Deuterosomal,0.3,1,FOXJ1,1.0,8.726003490401396
Deuterosomal,0.3,1,PTPRC,0.0,0.0
Deuterosomal,0.3,1,LST1,0.0,0.0
Deuterosomal,0.3,1,TYROBP,0.0,0.0
Deuterosomal,0.3,1,C1QA,0.0,0.0
Deuterosomal,0.3,1,C1QB,0.0,0.0
Deuterosomal,0.3,1,CD68,0.0,0.0
Deuterosomal,0.3,1,CSF1R,0.0,0.0
Deuterosomal,0.3,1,PPARG,0.0,0.0
Deuterosomal,0.3,1,FABP4,0.0,0.0
Deuterosomal,0.3,1,COL1A1,1.0,26.17801047120419
Deuterosomal,0.3,1,COL1A2,0.0,0.0
Deuterosomal,0.3,1,COL3A1,0.0,0.0
Deuterosomal,0.3,1,DCN,1.0,8.726003490401396
Deuterosomal,0.3,1,LUM,0.0,0.0
Deuterosomal,0.3,1,PDGFRA,0.0,0.0
Deuterosomal,0.3,1,PI16,0.0,0.0
Deuterosomal,0.3,1,ACTA2,0.0,0.0
Deuterosomal,0.3,1,TAGLN,0.0,0.0
Deuterosomal,0.3,1,MYH11,1.0,8.726003490401396
Deuterosomal,0.3,1,PECAM1,0.0,0.0
Deuterosomal,0.3,1,VWF,0.0,0.0
Deuterosomal,0.3,1,MKI67,0.0,0.0
Deuterosomal,0.3,1,CLDN4,0.0,0.0
Deuterosomal,0.3,1,KRT17,0.0,0.0
EC aerocyte capillary,0.3,733,EPCAM,0.12687585266030013,0.8081834701992647
EC aerocyte capillary,0.3,733,KRT8,0.18417462482946795,1.318335997209487
EC aerocyte capillary,0.3,733,SFTPC,0.7366984993178718,19.786239018106485
EC aerocyte capillary,0.3,733,SFTPA1,0.6834924965893588,12.024779749497377
EC aerocyte capillary,0.3,733,ABCA3,0.14051841746248295,1.0439796031540987
EC aerocyte capillary,0.3,733,AGER,0.684856753069577,14.826736152572641
EC aerocyte capillary,0.3,733,HOPX,0.2673942701227831,2.143637510015348
EC aerocyte capillary,0.3,733,SCGB1A1,0.08731241473396999,0.6754881347372222
EC aerocyte capillary,0.3,733,FOXJ1,0.004092769440654843,0.021095982504115447
EC aerocyte capillary,0.3,733,PTPRC,0.04365620736698499,0.25104749739504667
EC aerocyte capillary,0.3,733,LST1,0.027285129604365622,0.16882419729092352
EC aerocyte capillary,0.3,733,TYROBP,0.0941336971350614,0.6967047702970142
EC aerocyte capillary,0.3,733,C1QA,0.14870395634379263,1.2977080327260178
EC aerocyte capillary,0.3,733,C1QB,0.12551159618008187,0.9027591815636592
EC aerocyte capillary,0.3,733,CD68,0.15416098226466576,1.1340347929585575
EC aerocyte capillary,0.3,733,CSF1R,0.036834924965893585,0.3411075830353323
EC aerocyte capillary,0.3,733,PPARG,0.017735334242837655,0.1228705244388266
EC aerocyte capillary,0.3,733,FABP4,0.019099590723055934,0.1288506162906617
EC aerocyte capillary,0.3,733,COL1A1,0.07094133697135062,0.5327064563734591
EC aerocyte capillary,0.3,733,COL1A2,0.17053206002728513,1.2815649972189795
EC aerocyte capillary,0.3,733,COL3A1,0.09822646657571624,0.8391754476117216
EC aerocyte capillary,0.3,733,DCN,0.25648021828103684,2.244689100414943
EC aerocyte capillary,0.3,733,LUM,0.12551159618008187,1.0000921749759724
EC aerocyte capillary,0.3,733,PDGFRA,0.0286493860845839,0.1480240477758069
EC aerocyte capillary,0.3,733,PI16,0.002728512960436562,0.014472938552768653
EC aerocyte capillary,0.3,733,ACTA2,0.0791268758526603,0.48825221383194756
EC aerocyte capillary,0.3,733,TAGLN,0.1800818553888131,1.2817739560831258
EC aerocyte capillary,0.3,733,MYH11,0.05320600272851296,0.28168524676373763
EC aerocyte capillary,0.3,733,PECAM1,0.9536152796725784,28.125907091733765
EC aerocyte capillary,0.3,733,VWF,0.11596180081855388,1.0100987501131617
EC aerocyte capillary,0.3,733,MKI67,0.004092769440654843,0.022935418160239886
EC aerocyte capillary,0.3,733,CLDN4,0.061391541609822645,0.345434139857663
EC aerocyte capillary,0.3,733,KRT17,0.002728512960436562,0.004884329891936978
EC arterial,0.3,541,EPCAM,0.06839186691312385,0.4178930105308833
EC arterial,0.3,541,KRT8,0.07024029574861368,0.4043259599297223
EC arterial,0.3,541,SFTPC,0.6913123844731978,16.30788656031496
EC arterial,0.3,541,SFTPA1,0.6414048059149723,10.948348468783832
EC arterial,0.3,541,ABCA3,0.09981515711645102,0.6481499906064198
EC arterial,0.3,541,AGER,0.31053604436229204,2.8973008131709435
EC arterial,0.3,541,HOPX,0.05730129390018484,0.3846338305829843
EC arterial,0.3,541,SCGB1A1,0.10905730129390019,0.9473642067163471
EC arterial,0.3,541,FOXJ1,0.0036968576709796672,0.024769507451785987
EC arterial,0.3,541,PTPRC,0.027726432532347505,0.12402753648278969
EC arterial,0.3,541,LST1,0.04066543438077634,0.23114649245353447
EC arterial,0.3,541,TYROBP,0.07763401109057301,0.5101897710155022
EC arterial,0.3,541,C1QA,0.13863216266173753,0.9538934804469787
EC arterial,0.3,541,C1QB,0.11460258780036968,0.8112253370671624
EC arterial,0.3,541,CD68,0.13493530499075784,0.8401835943071483
EC arterial,0.3,541,CSF1R,0.025878003696857672,0.13247226016022198
EC arterial,0.3,541,PPARG,0.10905730129390019,0.79115385270109
EC arterial,0.3,541,FABP4,0.018484288354898338,0.10855524084305287
EC arterial,0.3,541,COL1A1,0.11275415896487985,0.8417068418090081
EC arterial,0.3,541,COL1A2,0.14048059149722736,1.0353458347243074
EC arterial,0.3,541,COL3A1,0.11090573012939002,0.7084640594402968
EC arterial,0.3,541,DCN,0.1866913123844732,1.6097491731155706
EC arterial,0.3,541,LUM,0.09796672828096119,0.7286035792457538
EC arterial,0.3,541,PDGFRA,0.009242144177449169,0.07506650413805349
EC arterial,0.3,541,PI16,0.0073937153419593345,0.030972704319821145
EC arterial,0.3,541,ACTA2,0.10166358595194085,1.1144119369501162
EC arterial,0.3,541,TAGLN,0.24399260628465805,2.7085650481344383
EC arterial,0.3,541,MYH11,0.11090573012939002,0.9498360364903562
EC arterial,0.3,541,PECAM1,0.911275415896488,20.29500623701117
EC arterial,0.3,541,VWF,0.8687615526802218,19.927366437981732
EC arterial,0.3,541,MKI67,0.0073937153419593345,0.057709474805490685
EC arterial,0.3,541,CLDN4,0.038817005545286505,0.22880378360736106
EC arterial,0.3,541,KRT17,0.0018484288354898336,0.012677838377845222
EC general capillary,0.3,427,EPCAM,0.07494145199063232,0.4838558533307943
EC general capillary,0.3,427,KRT8,0.10070257611241218,0.7056361472146754
EC general capillary,0.3,427,SFTPC,0.7377049180327869,23.81964471993893
EC general capillary,0.3,427,SFTPA1,0.6557377049180327,15.800508442127322
EC general capillary,0.3,427,ABCA3,0.09836065573770492,0.7454778686042567
EC general capillary,0.3,427,AGER,0.46604215456674475,9.366899386404448
EC general capillary,0.3,427,HOPX,0.1592505854800937,1.3235718472219942
EC general capillary,0.3,427,SCGB1A1,0.10772833723653395,1.0927885143713971
EC general capillary,0.3,427,FOXJ1,0.0117096018735363,0.09199802366875341
EC general capillary,0.3,427,PTPRC,0.0117096018735363,0.09554511543969652
EC general capillary,0.3,427,LST1,0.01873536299765808,0.1646245915055285
EC general capillary,0.3,427,TYROBP,0.06088992974238876,0.4116935436159166
EC general capillary,0.3,427,C1QA,0.10772833723653395,0.8530689334852984
EC general capillary,0.3,427,C1QB,0.10772833723653395,0.9599496411276994
EC general capillary,0.3,427,CD68,0.13114754098360656,1.1262817891109032
EC general capillary,0.3,427,CSF1R,0.03044496487119438,0.29466020952730454
EC general capillary,0.3,427,PPARG,0.04215456674473068,0.2660700749370764
EC general capillary,0.3,427,FABP4,0.00702576112412178,0.044025327827550795
EC general capillary,0.3,427,COL1A1,0.06323185011709602,0.3866754443704408
EC general capillary,0.3,427,COL1A2,0.13114754098360656,1.1054772500861398
EC general capillary,0.3,427,COL3A1,0.07259953161592506,0.5328683336197538
EC general capillary,0.3,427,DCN,0.23653395784543327,2.4393046306340462
EC general capillary,0.3,427,LUM,0.11007025761124122,0.8165246677571976
EC general capillary,0.3,427,PDGFRA,0.01405152224824356,0.07614159000238634
EC general capillary,0.3,427,PI16,0.00936768149882904,0.11782654241525509
EC general capillary,0.3,427,ACTA2,0.06088992974238876,0.39306735479585886
EC general capillary,0.3,427,TAGLN,0.13817330210772832,1.1878929284660351
EC general capillary,0.3,427,MYH11,0.03981264637002342,0.22744204533885684
EC general capillary,0.3,427,PECAM1,0.9156908665105387,23.732056033709295
EC general capillary,0.3,427,VWF,0.775175644028103,16.77307245578098
EC general capillary,0.3,427,MKI67,0.00234192037470726,0.020543161181642632
EC general capillary,0.3,427,CLDN4,0.0468384074941452,0.3858285670457629
EC general capillary,0.3,427,KRT17,0.00234192037470726,0.015041235547252793
EC venous pulmonary,0.3,640,EPCAM,0.0859375,0.5634608249863556
EC venous pulmonary,0.3,640,KRT8,0.096875,0.6960762562728673
EC venous pulmonary,0.3,640,SFTPC,0.775,21.566333558292442
EC venous pulmonary,0.3,640,SFTPA1,0.7453125,15.388280768653255
EC venous pulmonary,0.3,640,ABCA3,0.0921875,0.6166302878287873
EC venous pulmonary,0.3,640,AGER,0.334375,3.1943377476768218
EC venous pulmonary,0.3,640,HOPX,0.0875,0.5715911401159474
EC venous pulmonary,0.3,640,SCGB1A1,0.1,1.7480591135132373
EC venous pulmonary,0.3,640,FOXJ1,0.0078125,0.021340828242278186
EC venous pulmonary,0.3,640,PTPRC,0.0203125,0.0992770088629373
EC venous pulmonary,0.3,640,LST1,0.015625,0.06688814752581501
EC venous pulmonary,0.3,640,TYROBP,0.0890625,0.5909555947178627
EC venous pulmonary,0.3,640,C1QA,0.1515625,1.186350819744789
EC venous pulmonary,0.3,640,C1QB,0.1390625,1.0338992841725942
EC venous pulmonary,0.3,640,CD68,0.16875,1.1625963500245031
EC venous pulmonary,0.3,640,CSF1R,0.05,0.3763073095799613
EC venous pulmonary,0.3,640,PPARG,0.0359375,0.2655525305117585
EC venous pulmonary,0.3,640,FABP4,0.01875,0.12218362133161877
EC venous pulmonary,0.3,640,COL1A1,0.115625,0.9076526855330018
EC venous pulmonary,0.3,640,COL1A2,0.1453125,1.1939640574806418
EC venous pulmonary,0.3,640,COL3A1,0.321875,3.2695894643916494
EC venous pulmonary,0.3,640,DCN,0.1703125,1.4313231330376093
EC venous pulmonary,0.3,640,LUM,0.0875,0.6323985707731758
EC venous pulmonary,0.3,640,PDGFRA,0.0125,0.05483693975869123
EC venous pulmonary,0.3,640,PI16,0.003125,0.01769344007247233
EC venous pulmonary,0.3,640,ACTA2,0.04375,0.30403440644274016
EC venous pulmonary,0.3,640,TAGLN,0.3125,3.6457659223936854
EC venous pulmonary,0.3,640,MYH11,0.0765625,0.5805869925318743
EC venous pulmonary,0.3,640,PECAM1,0.909375,20.795992662060932
EC venous pulmonary,0.3,640,VWF,0.978125,43.52565699781755
EC venous pulmonary,0.3,640,MKI67,0.0125,0.06981903424432925
EC venous pulmonary,0.3,640,CLDN4,0.0390625,0.23924993272555187
EC venous pulmonary,0.3,640,KRT17,0.0,0.0
EC venous systemic,0.3,9,EPCAM,0.0,0.0
EC venous systemic,0.3,9,KRT8,0.1111111111111111,0.7010164738871363
EC venous systemic,0.3,9,SFTPC,0.8888888888888888,12.308831967126256
EC venous systemic,0.3,9,SFTPA1,0.5555555555555556,7.202907136137901
EC venous systemic,0.3,9,ABCA3,0.0,0.0
EC venous systemic,0.3,9,AGER,0.2222222222222222,1.8253225999120115
EC venous systemic,0.3,9,HOPX,0.0,0.0
EC venous systemic,0.3,9,SCGB1A1,0.0,0.0
EC venous systemic,0.3,9,FOXJ1,0.0,0.0
EC venous systemic,0.3,9,PTPRC,0.0,0.0
EC venous systemic,0.3,9,LST1,0.1111111111111111,0.3709886848451122
EC venous systemic,0.3,9,TYROBP,0.2222222222222222,1.5588369508800897
EC venous systemic,0.3,9,C1QA,0.0,0.0
EC venous systemic,0.3,9,C1QB,0.0,0.0
EC venous systemic,0.3,9,CD68,0.1111111111111111,0.3709886848451122
EC venous systemic,0.3,9,CSF1R,0.0,0.0
EC venous systemic,0.3,9,PPARG,0.0,0.0
EC venous systemic,0.3,9,FABP4,0.1111111111111111,0.7338910905621605
EC venous systemic,0.3,9,COL1A1,0.0,0.0
EC venous systemic,0.3,9,COL1A2,0.2222222222222222,1.2108307945284917
EC venous systemic,0.3,9,COL3A1,0.1111111111111111,0.3709886848451122
EC venous systemic,0.3,9,DCN,0.0,0.0
EC venous systemic,0.3,9,LUM,0.0,0.0
EC venous systemic,0.3,9,PDGFRA,0.0,0.0
EC venous systemic,0.3,9,PI16,0.0,0.0
EC venous systemic,0.3,9,ACTA2,0.0,0.0
EC venous systemic,0.3,9,TAGLN,0.1111111111111111,0.3709886848451122
EC venous systemic,0.3,9,MYH11,0.1111111111111111,0.7271669575334496
EC venous systemic,0.3,9,PECAM1,0.6666666666666666,16.33892683734573
EC venous systemic,0.3,9,VWF,1.0,13.148044670504932
EC venous systemic,0.3,9,MKI67,0.0,0.0
EC venous systemic,0.3,9,CLDN4,0.0,0.0
EC venous systemic,0.3,9,KRT17,0.0,0.0
Goblet (bronchial),0.3,4,EPCAM,1.0,2.331271241794942
Goblet (bronchial),0.3,4,KRT8,0.5,1.6071700498348918
Goblet (bronchial),0.3,4,SFTPC,1.0,3.2922498365832102
Goblet (bronchial),0.3,4,SFTPA1,0.5,1.7815331914139638
Goblet (bronchial),0.3,4,ABCA3,0.0,0.0
Goblet (bronchial),0.3,4,AGER,0.5,0.6709156880821112
Goblet (bronchial),0.3,4,HOPX,0.25,0.3071253071253071
Goblet (bronchial),0.3,4,SCGB1A1,1.0,2093.0926505177567
Goblet (bronchial),0.3,4,FOXJ1,0.0,0.0
Goblet (bronchial),0.3,4,PTPRC,0.0,0.0
Goblet (bronchial),0.3,4,LST1,0.0,0.0
Goblet (bronchial),0.3,4,TYROBP,0.0,0.0
Goblet (bronchial),0.3,4,C1QA,0.0,0.0
Goblet (bronchial),0.3,4,C1QB,0.0,0.0
Goblet (bronchial),0.3,4,CD68,0.0,0.0
Goblet (bronchial),0.3,4,CSF1R,0.0,0.0
Goblet (bronchial),0.3,4,PPARG,0.0,0.0
Goblet (bronchial),0.3,4,FABP4,0.0,0.0
Goblet (bronchial),0.3,4,COL1A1,0.5,1.1695593659165406
Goblet (bronchial),0.3,4,COL1A2,0.25,0.5553087516659263
Goblet (bronchial),0.3,4,COL3A1,0.0,0.0
Goblet (bronchial),0.3,4,DCN,0.0,0.0
Goblet (bronchial),0.3,4,LUM,0.0,0.0
Goblet (bronchial),0.3,4,PDGFRA,0.0,0.0
Goblet (bronchial),0.3,4,PI16,0.0,0.0
Goblet (bronchial),0.3,4,ACTA2,0.0,0.0
Goblet (bronchial),0.3,4,TAGLN,0.25,0.3468208092485549
Goblet (bronchial),0.3,4,MYH11,0.0,0.0
Goblet (bronchial),0.3,4,PECAM1,0.25,0.6142506142506142
Goblet (bronchial),0.3,4,VWF,0.0,0.0
Goblet (bronchial),0.3,4,MKI67,0.0,0.0
Goblet (bronchial),0.3,4,CLDN4,0.75,6.078316765299563
Goblet (bronchial),0.3,4,KRT17,0.0,0.0
Goblet (nasal),0.3,29,EPCAM,0.6551724137931034,3.9600097523030313
Goblet (nasal),0.3,29,KRT8,0.5517241379310345,5.382918925717497
Goblet (nasal),0.3,29,SFTPC,0.896551724137931,25.298747359861448
Goblet (nasal),0.3,29,SFTPA1,0.8620689655172413,15.200234903785029
Goblet (nasal),0.3,29,ABCA3,0.13793103448275862,0.39523596216620666
Goblet (nasal),0.3,29,AGER,0.3448275862068966,3.4285221764515357
Goblet (nasal),0.3,29,HOPX,0.4482758620689655,2.583512179329225
Goblet (nasal),0.3,29,SCGB1A1,0.7586206896551724,387.0400577740121
Goblet (nasal),0.3,29,FOXJ1,0.4482758620689655,4.360120627861198
Goblet (nasal),0.3,29,PTPRC,0.034482758620689655,0.10860711376595167
Goblet (nasal),0.3,29,LST1,0.06896551724137931,0.19709723383534516
Goblet (nasal),0.3,29,TYROBP,0.2413793103448276,0.7749354533240929
Goblet (nasal),0.3,29,C1QA,0.3448275862068966,1.923737449431956
Goblet (nasal),0.3,29,C1QB,0.27586206896551724,1.382388767745171
Goblet (nasal),0.3,29,CD68,0.13793103448275862,0.8344259228973592
Goblet (nasal),0.3,29,CSF1R,0.13793103448275862,0.26495901021810797
Goblet (nasal),0.3,29,PPARG,0.034482758620689655,0.14097611864550144
Goblet (nasal),0.3,29,FABP4,0.0,0.0
Goblet (nasal),0.3,29,COL1A1,0.3103448275862069,2.091501322145059
Goblet (nasal),0.3,29,COL1A2,0.13793103448275862,0.38344391106026515
Goblet (nasal),0.3,29,COL3A1,0.034482758620689655,0.022090172082440525
Goblet (nasal),0.3,29,DCN,0.20689655172413793,1.1920375448111562
Goblet (nasal),0.3,29,LUM,0.13793103448275862,0.3290960853656857
Goblet (nasal),0.3,29,PDGFRA,0.034482758620689655,0.10884709160571229
Goblet (nasal),0.3,29,PI16,0.0,0.0
Goblet (nasal),0.3,29,ACTA2,0.10344827586206896,0.20968160869946173
Goblet (nasal),0.3,29,TAGLN,0.27586206896551724,1.5966801741677845
Goblet (nasal),0.3,29,MYH11,0.06896551724137931,0.29509076383710187
Goblet (nasal),0.3,29,PECAM1,0.06896551724137931,0.1754590604364245
Goblet (nasal),0.3,29,VWF,0.10344827586206896,0.36338268529964224
Goblet (nasal),0.3,29,MKI67,0.0,0.0
Goblet (nasal),0.3,29,CLDN4,0.8275862068965517,7.7542883482872975
Goblet (nasal),0.3,29,KRT17,0.13793103448275862,0.5314002277091765
Goblet (subsegmental),0.3,2,EPCAM,0.0,0.0
Goblet (subsegmental),0.3,2,KRT8,1.0,10.164744993497388
Goblet (subsegmental),0.3,2,SFTPC,0.5,4.650441791970238
Goblet (subsegmental),0.3,2,SFTPA1,0.5,5.425515423965277
Goblet (subsegmental),0.3,2,ABCA3,0.5,1.550147263990079
Goblet (subsegmental),0.3,2,AGER,0.5,0.7750736319950395
Goblet (subsegmental),0.3,2,HOPX,0.5,1.550147263990079
Goblet (subsegmental),0.3,2,SCGB1A1,1.0,2464.5987847718775
Goblet (subsegmental),0.3,2,FOXJ1,0.5,9.389671361502348
Goblet (subsegmental),0.3,2,PTPRC,0.0,0.0
Goblet (subsegmental),0.3,2,LST1,0.0,0.0
Goblet (subsegmental),0.3,2,TYROBP,0.0,0.0
Goblet (subsegmental),0.3,2,C1QA,0.5,0.7750736319950395
Goblet (subsegmental),0.3,2,C1QB,0.0,0.0
Goblet (subsegmental),0.3,2,CD68,0.0,0.0
Goblet (subsegmental),0.3,2,CSF1R,0.0,0.0
Goblet (subsegmental),0.3,2,PPARG,0.0,0.0
Goblet (subsegmental),0.3,2,FABP4,0.0,0.0
Goblet (subsegmental),0.3,2,COL1A1,0.5,9.389671361502348
Goblet (subsegmental),0.3,2,COL1A2,0.5,1.550147263990079
Goblet (subsegmental),0.3,2,COL3A1,0.0,0.0
Goblet (subsegmental),0.3,2,DCN,0.5,0.7750736319950395
Goblet (subsegmental),0.3,2,LUM,0.0,0.0
Goblet (subsegmental),0.3,2,PDGFRA,0.0,0.0
Goblet (subsegmental),0.3,2,PI16,0.0,0.0
Goblet (subsegmental),0.3,2,ACTA2,0.5,0.7750736319950395
Goblet (subsegmental),0.3,2,TAGLN,0.0,0.0
Goblet (subsegmental),0.3,2,MYH11,0.5,0.7750736319950395
Goblet (subsegmental),0.3,2,PECAM1,0.0,0.0
Goblet (subsegmental),0.3,2,VWF,0.0,0.0
Goblet (subsegmental),0.3,2,MKI67,0.0,0.0
Goblet (subsegmental),0.3,2,CLDN4,1.0,7.020056576736293
Goblet (subsegmental),0.3,2,KRT17,0.0,0.0
Interstitial Mph perivascular,0.3,439,EPCAM,0.022779043280182234,0.11316866179444923
Interstitial Mph perivascular,0.3,439,KRT8,0.07972665148063782,0.4687785691345795
Interstitial Mph perivascular,0.3,439,SFTPC,0.8086560364464692,17.372665399006586
Interstitial Mph perivascular,0.3,439,SFTPA1,0.7790432801822323,12.783124230084749
Interstitial Mph perivascular,0.3,439,ABCA3,0.08656036446469248,0.44222645441401875
Interstitial Mph perivascular,0.3,439,AGER,0.3211845102505695,2.454679569271761
Interstitial Mph perivascular,0.3,439,HOPX,0.06605922551252848,0.38957310069433004
Interstitial Mph perivascular,0.3,439,SCGB1A1,0.06378132118451026,0.3215013064883023
Interstitial Mph perivascular,0.3,439,FOXJ1,0.0,0.0
Interstitial Mph perivascular,0.3,439,PTPRC,0.23917995444191345,1.4129962986546434
Interstitial Mph perivascular,0.3,439,LST1,0.23917995444191345,1.3418768998322097
Interstitial Mph perivascular,0.3,439,TYROBP,0.744874715261959,9.790954739194687
Interstitial Mph perivascular,0.3,439,C1QA,0.958997722095672,32.88995609518896
Interstitial Mph perivascular,0.3,439,C1QB,0.9362186788154897,26.14213747398259
Interstitial Mph perivascular,0.3,439,CD68,0.7972665148063781,12.503657791538151
Interstitial Mph perivascular,0.3,439,CSF1R,0.9498861047835991,23.112103841210054
Interstitial Mph perivascular,0.3,439,PPARG,0.03644646924829157,0.16432643920751483
Interstitial Mph perivascular,0.3,439,FABP4,0.01366742596810934,0.08028547228163432
Interstitial Mph perivascular,0.3,439,COL1A1,0.1275626423690205,0.9357170041884166
Interstitial Mph perivascular,0.3,439,COL1A2,0.21184510250569477,1.4196804107493555
Interstitial Mph perivascular,0.3,439,COL3A1,0.12072892938496584,0.8135179823549628
Interstitial Mph perivascular,0.3,439,DCN,0.275626423690205,2.373545909545406
Interstitial Mph perivascular,0.3,439,LUM,0.18223234624145787,1.1773077556411544
Interstitial Mph perivascular,0.3,439,PDGFRA,0.022779043280182234,0.16577552000764734
Interstitial Mph perivascular,0.3,439,PI16,0.009111617312072893,0.05180420177530819
Interstitial Mph perivascular,0.3,439,ACTA2,0.04555808656036447,0.266002390278068
Interstitial Mph perivascular,0.3,439,TAGLN,0.32801822323462415,2.4412077266309087
Interstitial Mph perivascular,0.3,439,MYH11,0.025056947608200455,0.16322197305830888
Interstitial Mph perivascular,0.3,439,PECAM1,0.5876993166287016,4.722009164656765
Interstitial Mph perivascular,0.3,439,VWF,0.05011389521640091,0.34451682925716437
Interstitial Mph perivascular,0.3,439,MKI67,0.004555808656036446,0.050900657152170056
Interstitial Mph perivascular,0.3,439,CLDN4,0.02733485193621868,0.14947626421475174
Interstitial Mph perivascular,0.3,439,KRT17,0.0,0.0
Lymphatic EC differentiating,0.3,313,EPCAM,0.05750798722044728,0.4485989482994292
Lymphatic EC differentiating,0.3,313,KRT8,0.10543130990415335,0.7932927518526645
Lymphatic EC differentiating,0.3,313,SFTPC,0.744408945686901,18.60186426652303
Lymphatic EC differentiating,0.3,313,SFTPA1,0.7156549520766773,14.04291509703811
Lymphatic EC differentiating,0.3,313,ABCA3,0.11182108626198083,0.7800163796195909
Lymphatic EC differentiating,0.3,313,AGER,0.268370607028754,2.442547263542688
Lymphatic EC differentiating,0.3,313,HOPX,0.07028753993610223,0.4457974898750005
Lymphatic EC differentiating,0.3,313,SCGB1A1,0.054313099041533544,0.34824937107305953
Lymphatic EC differentiating,0.3,313,FOXJ1,0.0,0.0
Lymphatic EC differentiating,0.3,313,PTPRC,0.006389776357827476,0.030737821851682764
Lymphatic EC differentiating,0.3,313,LST1,0.009584664536741214,0.05285625066126927
Lymphatic EC differentiating,0.3,313,TYROBP,0.08945686900958466,0.666624383874692
Lymphatic EC differentiating,0.3,313,C1QA,0.12779552715654952,0.8969825318465524
Lymphatic EC differentiating,0.3,313,C1QB,0.12460063897763578,0.9153867412666882
Lymphatic EC differentiating,0.3,313,CD68,0.12779552715654952,0.8973400046970973
Lymphatic EC differentiating,0.3,313,CSF1R,0.01597444089456869,0.11390361625465431
Lymphatic EC differentiating,0.3,313,PPARG,0.28753993610223644,2.446448497708509
Lymphatic EC differentiating,0.3,313,FABP4,0.6230031948881789,13.457934030232481
Lymphatic EC differentiating,0.3,313,COL1A1,0.08306709265175719,0.6908988587068682
Lymphatic EC differentiating,0.3,313,COL1A2,0.1501597444089457,1.3379354548472875
Lymphatic EC differentiating,0.3,313,COL3A1,0.11501597444089456,0.8459899934219193
Lymphatic EC differentiating,0.3,313,DCN,0.16932907348242812,1.4357472394211903
Lymphatic EC differentiating,0.3,313,LUM,0.0670926517571885,0.4868145542796364
Lymphatic EC differentiating,0.3,313,PDGFRA,0.022364217252396165,0.12314516976974653
Lymphatic EC differentiating,0.3,313,PI16,0.003194888178913738,0.01534528424069999
Lymphatic EC differentiating,0.3,313,ACTA2,0.04792332268370607,0.34376509383543424
Lymphatic EC differentiating,0.3,313,TAGLN,0.14057507987220447,1.0496307885106093
Lymphatic EC differentiating,0.3,313,MYH11,0.054313099041533544,0.44417588710445366
Lymphatic EC differentiating,0.3,313,PECAM1,0.5942492012779552,7.222635394326605
Lymphatic EC differentiating,0.3,313,VWF,0.20447284345047922,1.9722078727033994
Lymphatic EC differentiating,0.3,313,MKI67,0.003194888178913738,0.0355580209116721
Lymphatic EC differentiating,0.3,313,CLDN4,0.04792332268370607,0.3393551411249987
Lymphatic EC differentiating,0.3,313,KRT17,0.0,0.0
Lymphatic EC mature,0.3,1,EPCAM,0.0,0.0
Lymphatic EC mature,0.3,1,KRT8,0.0,0.0
Lymphatic EC mature,0.3,1,SFTPC,0.0,0.0
Lymphatic EC mature,0.3,1,SFTPA1,0.0,0.0
Lymphatic EC mature,0.3,1,ABCA3,0.0,0.0
Lymphatic EC mature,0.3,1,AGER,0.0,0.0
Lymphatic EC mature,0.3,1,HOPX,0.0,0.0
Lymphatic EC mature,0.3,1,SCGB1A1,0.0,0.0
Lymphatic EC mature,0.3,1,FOXJ1,0.0,0.0
Lymphatic EC mature,0.3,1,PTPRC,0.0,0.0
Lymphatic EC mature,0.3,1,LST1,0.0,0.0
Lymphatic EC mature,0.3,1,TYROBP,0.0,0.0
Lymphatic EC mature,0.3,1,C1QA,0.0,0.0
Lymphatic EC mature,0.3,1,C1QB,0.0,0.0
Lymphatic EC mature,0.3,1,CD68,0.0,0.0
Lymphatic EC mature,0.3,1,CSF1R,0.0,0.0
Lymphatic EC mature,0.3,1,PPARG,0.0,0.0
Lymphatic EC mature,0.3,1,FABP4,0.0,0.0
Lymphatic EC mature,0.3,1,COL1A1,0.0,0.0
Lymphatic EC mature,0.3,1,COL1A2,0.0,0.0
Lymphatic EC mature,0.3,1,COL3A1,0.0,0.0
Lymphatic EC mature,0.3,1,DCN,0.0,0.0
Lymphatic EC mature,0.3,1,LUM,0.0,0.0
Lymphatic EC mature,0.3,1,PDGFRA,0.0,0.0
Lymphatic EC mature,0.3,1,PI16,0.0,0.0
Lymphatic EC mature,0.3,1,ACTA2,0.0,0.0
Lymphatic EC mature,0.3,1,TAGLN,0.0,0.0
Lymphatic EC mature,0.3,1,MYH11,0.0,0.0
Lymphatic EC mature,0.3,1,PECAM1,0.0,0.0
Lymphatic EC mature,0.3,1,VWF,0.0,0.0
Lymphatic EC mature,0.3,1,MKI67,0.0,0.0
Lymphatic EC mature,0.3,1,CLDN4,0.0,0.0
Lymphatic EC mature,0.3,1,KRT17,0.0,0.0
Mast cells,0.3,940,EPCAM,0.035106382978723406,0.24503960526387333
Mast cells,0.3,940,KRT8,0.07127659574468086,0.4919734907280493
Mast cells,0.3,940,SFTPC,0.8553191489361702,25.523571852546503
Mast cells,0.3,940,SFTPA1,0.8117021276595745,16.69362028130585
Mast cells,0.3,940,ABCA3,0.1148936170212766,0.8238455069962164
Mast cells,0.3,940,AGER,0.3202127659574468,3.45930521961858
Mast cells,0.3,940,HOPX,0.09148936170212765,0.6394585631433963
Mast cells,0.3,940,SCGB1A1,0.07021276595744681,1.0594257467278008
Mast cells,0.3,940,FOXJ1,0.006382978723404255,0.04372417967277681
Mast cells,0.3,940,PTPRC,0.13191489361702127,0.9021494984782964
Mast cells,0.3,940,LST1,0.03723404255319149,0.21789310297009812
Mast cells,0.3,940,TYROBP,0.4340425531914894,3.82628192680007
Mast cells,0.3,940,C1QA,0.17872340425531916,1.3872006520781588
Mast cells,0.3,940,C1QB,0.1595744680851064,1.2991461827535733
Mast cells,0.3,940,CD68,0.35106382978723405,2.9232482930626444
Mast cells,0.3,940,CSF1R,0.05531914893617021,0.4922408192389053
Mast cells,0.3,940,PPARG,0.018085106382978722,0.11089730051897273
Mast cells,0.3,940,FABP4,0.013829787234042552,0.09365140259515142
Mast cells,0.3,940,COL1A1,0.15106382978723404,1.3174290184043218
Mast cells,0.3,940,COL1A2,0.18723404255319148,1.59922953765372
Mast cells,0.3,940,COL3A1,0.11170212765957446,0.9783319056062804
Mast cells,0.3,940,DCN,0.23297872340425532,2.1508207547516687
Mast cells,0.3,940,LUM,0.15106382978723404,1.2477302303215536
Mast cells,0.3,940,PDGFRA,0.014893617021276596,0.07882916552491961
Mast cells,0.3,940,PI16,0.002127659574468085,0.009232509232058065
Mast cells,0.3,940,ACTA2,0.04893617021276596,0.3546454659317348
Mast cells,0.3,940,TAGLN,0.13617021276595745,1.007106271044343
Mast cells,0.3,940,MYH11,0.023404255319148935,0.15353721247061405
Mast cells,0.3,940,PECAM1,0.09574468085106383,0.7128171877223758
Mast cells,0.3,940,VWF,0.045744680851063826,0.34426184006385596
Mast cells,0.3,940,MKI67,0.006382978723404255,0.03672375048960208
Mast cells,0.3,940,CLDN4,0.04468085106382979,0.2980641714122631
Mast cells,0.3,940,KRT17,0.0010638297872340426,0.009750960469606256
Mesothelium,0.3,2,EPCAM,0.0,0.0
Mesothelium,0.3,2,KRT8,1.0,10.668067258556993
Mesothelium,0.3,2,SFTPC,1.0,6.372024079766351
Mesothelium,0.3,2,SFTPA1,1.0,9.284079991239853
Mesothelium,0.3,2,ABCA3,0.5,1.0379904504878557
Mesothelium,0.3,2,AGER,0.5,0.6919936336585704
Mesothelium,0.3,2,HOPX,0.0,0.0
Mesothelium,0.3,2,SCGB1A1,0.5,2.9120559114735003
Mesothelium,0.3,2,FOXJ1,0.0,0.0
Mesothelium,0.3,2,PTPRC,0.0,0.0
Mesothelium,0.3,2,LST1,0.0,0.0
Mesothelium,0.3,2,TYROBP,0.0,0.0
Mesothelium,0.3,2,C1QA,0.0,0.0
Mesothelium,0.3,2,C1QB,0.5,0.3459968168292852
Mesothelium,0.3,2,CD68,0.5,0.6919936336585704
Mesothelium,0.3,2,CSF1R,0.0,0.0
Mesothelium,0.3,2,PPARG,0.0,0.0
Mesothelium,0.3,2,FABP4,0.0,0.0
Mesothelium,0.3,2,COL1A1,1.0,10.17798906488849
Mesothelium,0.3,2,COL1A2,0.0,0.0
Mesothelium,0.3,2,COL3A1,1.0,8.448004980742063
Mesothelium,0.3,2,DCN,1.0,13.378207730040426
Mesothelium,0.3,2,LUM,0.5,2.9120559114735003
Mesothelium,0.3,2,PDGFRA,0.0,0.0
Mesothelium,0.3,2,PI16,0.0,0.0
Mesothelium,0.3,2,ACTA2,0.0,0.0
Mesothelium,0.3,2,TAGLN,0.5,0.3459968168292852
Mesothelium,0.3,2,MYH11,0.5,0.3459968168292852
Mesothelium,0.3,2,PECAM1,0.0,0.0
Mesothelium,0.3,2,VWF,0.0,0.0
Mesothelium,0.3,2,MKI67,0.0,0.0
Mesothelium,0.3,2,CLDN4,0.0,0.0
Mesothelium,0.3,2,KRT17,0.0,0.0
Migratory DCs,0.3,84,EPCAM,0.03571428571428571,0.16111256411389763
Migratory DCs,0.3,84,KRT8,0.13095238095238096,0.6054589952373758
Migratory DCs,0.3,84,SFTPC,0.8571428571428571,14.397064001704209
Migratory DCs,0.3,84,SFTPA1,0.8928571428571429,10.794407689381009
Migratory DCs,0.3,84,ABCA3,0.16666666666666666,0.6634905556643059
Migratory DCs,0.3,84,AGER,0.47619047619047616,2.73393568580058
Migratory DCs,0.3,84,HOPX,0.08333333333333333,0.25336191424539856
Migratory DCs,0.3,84,SCGB1A1,0.09523809523809523,0.35654854653018137
Migratory DCs,0.3,84,FOXJ1,0.0,0.0
Migratory DCs,0.3,84,PTPRC,0.2261904761904762,1.078614587022815
Migratory DCs,0.3,84,LST1,0.14285714285714285,0.6367114561687305
Migratory DCs,0.3,84,TYROBP,0.6666666666666666,6.481423829065825
Migratory DCs,0.3,84,C1QA,0.2261904761904762,1.079785750946455
Migratory DCs,0.3,84,C1QB,0.2619047619047619,1.1315844415746448
Migratory DCs,0.3,84,CD68,0.2976190476190476,1.5638322075615267
Migratory DCs,0.3,84,CSF1R,0.05952380952380952,0.2069123466390522
Migratory DCs,0.3,84,PPARG,0.05952380952380952,0.17513526740509242
Migratory DCs,0.3,84,FABP4,0.023809523809523808,0.16623064317706313
Migratory DCs,0.3,84,COL1A1,0.25,0.8548368261128687
Migratory DCs,0.3,84,COL1A2,0.23809523809523808,2.1089633601533406
Migratory DCs,0.3,84,COL3A1,0.11904761904761904,0.414380937955482
Migratory DCs,0.3,84,DCN,0.20238095238095238,0.9170995124444431
Migratory DCs,0.3,84,LUM,0.17857142857142858,0.9077413956611283
Migratory DCs,0.3,84,PDGFRA,0.0,0.0
Migratory DCs,0.3,84,PI16,0.011904761904761904,0.05693334244266812
Migratory DCs,0.3,84,ACTA2,0.08333333333333333,0.31312493418017395
Migratory DCs,0.3,84,TAGLN,0.19047619047619047,1.2689248163085258
Migratory DCs,0.3,84,MYH11,0.047619047619047616,0.17026300678343226
Migratory DCs,0.3,84,PECAM1,0.2261904761904762,1.2807719500139296
Migratory DCs,0.3,84,VWF,0.07142857142857142,0.2906025788104874
Migratory DCs,0.3,84,MKI67,0.023809523809523808,0.07664961475300193
Migratory DCs,0.3,84,CLDN4,0.05952380952380952,0.19177938089647012
Migratory DCs,0.3,84,KRT17,0.011904761904761904,0.048061210758021417
Monocyte-derived Mph,0.3,373,EPCAM,0.01876675603217158,0.07121049499284168
Monocyte-derived Mph,0.3,373,KRT8,0.1260053619302949,0.4069269396619998
Monocyte-derived Mph,0.3,373,SFTPC,0.8659517426273459,11.18018581992078
Monocyte-derived Mph,0.3,373,SFTPA1,0.8471849865951743,8.958009286440372
Monocyte-derived Mph,0.3,373,ABCA3,0.1126005361930295,0.3933582238383005
Monocyte-derived Mph,0.3,373,AGER,0.2975871313672922,1.3759700194898832
Monocyte-derived Mph,0.3,373,HOPX,0.06702412868632708,0.18086846157522565
Monocyte-derived Mph,0.3,373,SCGB1A1,0.13136729222520108,0.44901418429468104
Monocyte-derived Mph,0.3,373,FOXJ1,0.010723860589812333,0.02764820904664127
Monocyte-derived Mph,0.3,373,PTPRC,0.27882037533512066,0.9972535059891753
Monocyte-derived Mph,0.3,373,LST1,0.3914209115281501,1.5859009471098628
Monocyte-derived Mph,0.3,373,TYROBP,0.868632707774799,12.241926769332158
Monocyte-derived Mph,0.3,373,C1QA,0.774798927613941,15.469109263794566
Monocyte-derived Mph,0.3,373,C1QB,0.8042895442359249,17.38898150739531
Monocyte-derived Mph,0.3,373,CD68,0.9115281501340483,23.472465574226785
Monocyte-derived Mph,0.3,373,CSF1R,0.7050938337801609,6.756257189875406
Monocyte-derived Mph,0.3,373,PPARG,0.40482573726541554,2.1660665636905736
Monocyte-derived Mph,0.3,373,FABP4,0.05093833780160858,0.27744321503618274
Monocyte-derived Mph,0.3,373,COL1A1,0.11528150134048257,0.41709052591044565
Monocyte-derived Mph,0.3,373,COL1A2,0.1260053619302949,0.40400057413576346
Monocyte-derived Mph,0.3,373,COL3A1,0.08579088471849866,0.3336646082802901
Monocyte-derived Mph,0.3,373,DCN,0.13672922252010725,0.5105765380886321
Monocyte-derived Mph,0.3,373,LUM,0.09115281501340483,0.3857944302953075
Monocyte-derived Mph,0.3,373,PDGFRA,0.013404825737265416,0.052396542314355206
Monocyte-derived Mph,0.3,373,PI16,0.002680965147453083,0.048700547637658194
Monocyte-derived Mph,0.3,373,ACTA2,0.06166219839142091,0.15030490918955047
Monocyte-derived Mph,0.3,373,TAGLN,0.5227882037533512,3.3330978942067886
Monocyte-derived Mph,0.3,373,MYH11,0.024128686327077747,0.08492365778817544
Monocyte-derived Mph,0.3,373,PECAM1,0.6193029490616622,3.9581829142162075
Monocyte-derived Mph,0.3,373,VWF,0.06970509383378017,0.21311903110363506
Monocyte-derived Mph,0.3,373,MKI67,0.0160857908847185,0.03837832622061708
Monocyte-derived Mph,0.3,373,CLDN4,0.03485254691689008,0.13203691741834428
Monocyte-derived Mph,0.3,373,KRT17,0.0,0.0
Multiciliated (nasal),0.3,1,EPCAM,0.0,0.0
Multiciliated (nasal),0.3,1,KRT8,0.0,0.0
Multiciliated (nasal),0.3,1,SFTPC,1.0,6.600660066006601
Multiciliated (nasal),0.3,1,SFTPA1,0.0,0.0
Multiciliated (nasal),0.3,1,ABCA3,0.0,0.0
Multiciliated (nasal),0.3,1,AGER,0.0,0.0
Multiciliated (nasal),0.3,1,HOPX,0.0,0.0
Multiciliated (nasal),0.3,1,SCGB1A1,0.0,0.0
Multiciliated (nasal),0.3,1,FOXJ1,0.0,0.0
Multiciliated (nasal),0.3,1,PTPRC,0.0,0.0
Multiciliated (nasal),0.3,1,LST1,0.0,0.0
Multiciliated (nasal),0.3,1,TYROBP,0.0,0.0
Multiciliated (nasal),0.3,1,C1QA,0.0,0.0
Multiciliated (nasal),0.3,1,C1QB,0.0,0.0
Multiciliated (nasal),0.3,1,CD68,0.0,0.0
Multiciliated (nasal),0.3,1,CSF1R,0.0,0.0
Multiciliated (nasal),0.3,1,PPARG,0.0,0.0
Multiciliated (nasal),0.3,1,FABP4,0.0,0.0
Multiciliated (nasal),0.3,1,COL1A1,0.0,0.0
Multiciliated (nasal),0.3,1,COL1A2,0.0,0.0
Multiciliated (nasal),0.3,1,COL3A1,0.0,0.0
Multiciliated (nasal),0.3,1,DCN,0.0,0.0
Multiciliated (nasal),0.3,1,LUM,0.0,0.0
Multiciliated (nasal),0.3,1,PDGFRA,0.0,0.0
Multiciliated (nasal),0.3,1,PI16,0.0,0.0
Multiciliated (nasal),0.3,1,ACTA2,0.0,0.0
Multiciliated (nasal),0.3,1,TAGLN,0.0,0.0
Multiciliated (nasal),0.3,1,MYH11,0.0,0.0
Multiciliated (nasal),0.3,1,PECAM1,0.0,0.0
Multiciliated (nasal),0.3,1,VWF,0.0,0.0
Multiciliated (nasal),0.3,1,MKI67,0.0,0.0
Multiciliated (nasal),0.3,1,CLDN4,1.0,6.600660066006601
Multiciliated (nasal),0.3,1,KRT17,0.0,0.0
Multiciliated (non-nasal),0.3,815,EPCAM,0.5631901840490797,3.123339764695553
Multiciliated (non-nasal),0.3,815,KRT8,0.5865030674846625,3.9984555629574996
Multiciliated (non-nasal),0.3,815,SFTPC,0.747239263803681,15.435236308855094
Multiciliated (non-nasal),0.3,815,SFTPA1,0.6306748466257669,9.51125296879102
Multiciliated (non-nasal),0.3,815,ABCA3,0.1374233128834356,0.5422828101028354
Multiciliated (non-nasal),0.3,815,AGER,0.34478527607361964,1.7928054328494276
Multiciliated (non-nasal),0.3,815,HOPX,0.18527607361963191,0.6365742177873789
Multiciliated (non-nasal),0.3,815,SCGB1A1,0.4625766871165644,104.19262912368468
Multiciliated (non-nasal),0.3,815,FOXJ1,0.7865030674846626,10.506990669460006
Multiciliated (non-nasal),0.3,815,PTPRC,0.04294478527607362,0.11219000000437995
Multiciliated (non-nasal),0.3,815,LST1,0.04049079754601227,0.09953547344182588
Multiciliated (non-nasal),0.3,815,TYROBP,0.11901840490797547,0.3971645045711054
Multiciliated (non-nasal),0.3,815,C1QA,0.19386503067484662,0.8272787559897877
Multiciliated (non-nasal),0.3,815,C1QB,0.17177914110429449,0.7604542318306358
Multiciliated (non-nasal),0.3,815,CD68,0.2,0.687546082941319
Multiciliated (non-nasal),0.3,815,CSF1R,0.05276073619631902,0.1865376058005131
Multiciliated (non-nasal),0.3,815,PPARG,0.03190184049079755,0.07102776876887247
Multiciliated (non-nasal),0.3,815,FABP4,0.026993865030674847,0.05136188405846741
Multiciliated (non-nasal),0.3,815,COL1A1,0.1950920245398773,0.6539228729373059
Multiciliated (non-nasal),0.3,815,COL1A2,0.1521472392638037,0.5701347673199457
Multiciliated (non-nasal),0.3,815,COL3A1,0.11288343558282209,0.4587975638189133
Multiciliated (non-nasal),0.3,815,DCN,0.1950920245398773,0.8238076432325879
Multiciliated (non-nasal),0.3,815,LUM,0.10184049079754601,0.3282494566600892
Multiciliated (non-nasal),0.3,815,PDGFRA,0.029447852760736196,0.10906323668361573
Multiciliated (non-nasal),0.3,815,PI16,0.007361963190184049,0.01062387753925209
Multiciliated (non-nasal),0.3,815,ACTA2,0.09447852760736196,0.2794967567679517
Multiciliated (non-nasal),0.3,815,TAGLN,0.3852760736196319,1.7847995071953149
Multiciliated (non-nasal),0.3,815,MYH11,0.05276073619631902,0.15605642618558888
Multiciliated (non-nasal),0.3,815,PECAM1,0.12024539877300613,0.42457606068231407
Multiciliated (non-nasal),0.3,815,VWF,0.07730061349693251,0.2862025734207622
Multiciliated (non-nasal),0.3,815,MKI67,0.0098159509202454,0.016180054500170744
Multiciliated (non-nasal),0.3,815,CLDN4,0.750920245398773,7.279117194852872
Multiciliated (non-nasal),0.3,815,KRT17,0.08834355828220859,0.48519922651059444
Myofibroblasts,0.3,40,EPCAM,0.075,0.5541093210173619
Myofibroblasts,0.3,40,KRT8,0.075,0.5750216290157832
Myofibroblasts,0.3,40,SFTPC,0.625,12.470007522724385
Myofibroblasts,0.3,40,SFTPA1,0.6,8.781148129918268
Myofibroblasts,0.3,40,ABCA3,0.1,0.8455042132984724
Myofibroblasts,0.3,40,AGER,0.325,3.4454834212449774
Myofibroblasts,0.3,40,HOPX,0.15,1.2383426555351655
Myofibroblasts,0.3,40,SCGB1A1,0.0,0.0
Myofibroblasts,0.3,40,FOXJ1,0.0,0.0
Myofibroblasts,0.3,40,PTPRC,0.0,0.0
Myofibroblasts,0.3,40,LST1,0.0,0.0
Myofibroblasts,0.3,40,TYROBP,0.075,0.3833853014816586
Myofibroblasts,0.3,40,C1QA,0.15,1.1054943864822684
Myofibroblasts,0.3,40,C1QB,0.025,0.13347570742124934
Myofibroblasts,0.3,40,CD68,0.025,0.1858736059479554
Myofibroblasts,0.3,40,CSF1R,0.0,0.0
Myofibroblasts,0.3,40,PPARG,0.025,0.11547344110854503
Myofibroblasts,0.3,40,FABP4,0.05,0.33638900219221624
Myofibroblasts,0.3,40,COL1A1,1.0,42.62768736733375
Myofibroblasts,0.3,40,COL1A2,0.9,38.25791218983878
Myofibroblasts,0.3,40,COL3A1,0.925,40.49088390590454
Myofibroblasts,0.3,40,DCN,0.75,18.314994704122373
Myofibroblasts,0.3,40,LUM,0.3,3.502743628888326
Myofibroblasts,0.3,40,PDGFRA,0.525,8.729455695630989
Myofibroblasts,0.3,40,PI16,0.0,0.0
Myofibroblasts,0.3,40,ACTA2,0.775,18.39398886084294
Myofibroblasts,0.3,40,TAGLN,0.85,23.60263739178529
Myofibroblasts,0.3,40,MYH11,0.525,8.996251939269689
Myofibroblasts,0.3,40,PECAM1,0.05,0.3515897140836918
Myofibroblasts,0.3,40,VWF,0.0,0.0
Myofibroblasts,0.3,40,MKI67,0.025,0.14775413711583926
Myofibroblasts,0.3,40,CLDN4,0.05,0.3520266415903963
Myofibroblasts,0.3,40,KRT17,0.0,0.0
NK cells,0.3,511,EPCAM,0.021526418786692758,0.16280977402315003
NK cells,0.3,511,KRT8,0.06653620352250489,0.5289966197386722
NK cells,0.3,511,SFTPC,0.6868884540117417,21.99138399458565
NK cells,0.3,511,SFTPA1,0.5812133072407045,11.049096354384025
NK cells,0.3,511,ABCA3,0.07827788649706457,0.588921495484001
NK cells,0.3,511,AGER,0.25244618395303325,2.7250153743965564
NK cells,0.3,511,HOPX,0.44422700587084146,4.47320574402592
NK cells,0.3,511,SCGB1A1,0.09001956947162426,1.083515670926717
NK cells,0.3,511,FOXJ1,0.007827788649706457,0.06295298138181081
NK cells,0.3,511,PTPRC,0.4383561643835616,4.116301205819316
NK cells,0.3,511,LST1,0.029354207436399216,0.19233628844951137
NK cells,0.3,511,TYROBP,0.5851272015655578,6.360436590119635
NK cells,0.3,511,C1QA,0.16829745596868884,1.4452714450477506
NK cells,0.3,511,C1QB,0.12720156555772993,1.1891245564153972
NK cells,0.3,511,CD68,0.10567514677103718,0.9364867784821456
NK cells,0.3,511,CSF1R,0.033268101761252444,0.2876883075683573
NK cells,0.3,511,PPARG,0.0019569471624266144,0.012238568870710535
NK cells,0.3,511,FABP4,0.015655577299412915,0.10887708532970089
NK cells,0.3,511,COL1A1,0.060665362035225046,0.576050816442544
NK cells,0.3,511,COL1A2,0.07827788649706457,0.6257249373335029
NK cells,0.3,511,COL3A1,0.05283757338551859,0.3975673209047054
NK cells,0.3,511,DCN,0.12133072407045009,1.1527942818732047
NK cells,0.3,511,LUM,0.07045009784735812,0.5552006545942831
NK cells,0.3,511,PDGFRA,0.003913894324853229,0.029262348931870113
NK cells,0.3,511,PI16,0.003913894324853229,0.02905164124689702
NK cells,0.3,511,ACTA2,0.033268101761252444,0.2943712918510761
NK cells,0.3,511,TAGLN,0.07827788649706457,0.6789846322657442
NK cells,0.3,511,MYH11,0.007827788649706457,0.05760774593687086
NK cells,0.3,511,PECAM1,0.15851272015655576,1.3546506777230218
NK cells,0.3,511,VWF,0.0410958904109589,0.3297570884067479
NK cells,0.3,511,MKI67,0.046966731898238745,0.8392433152748784
NK cells,0.3,511,CLDN4,0.03913894324853229,0.2783894383813949
NK cells,0.3,511,KRT17,0.0019569471624266144,0.017519670209727972
Neuroendocrine,0.3,6,EPCAM,0.6666666666666666,4.901909839539999
Neuroendocrine,0.3,6,KRT8,1.0,6.527919459599298
Neuroendocrine,0.3,6,SFTPC,0.5,9.0521208625827
Neuroendocrine,0.3,6,SFTPA1,0.5,3.8573156677775056
Neuroendocrine,0.3,6,ABCA3,0.3333333333333333,1.3571021765781903
Neuroendocrine,0.3,6,AGER,0.3333333333333333,2.0867876148189053
Neuroendocrine,0.3,6,HOPX,0.3333333333333333,1.2987012987012987
Neuroendocrine,0.3,6,SCGB1A1,0.5,31.10556493496473
Neuroendocrine,0.3,6,FOXJ1,0.16666666666666666,1.7111567419575633
Neuroendocrine,0.3,6,PTPRC,0.0,0.0
Neuroendocrine,0.3,6,LST1,0.16666666666666666,0.7337295472888693
Neuroendocrine,0.3,6,TYROBP,0.0,0.0
Neuroendocrine,0.3,6,C1QA,0.16666666666666666,0.28248587570621464
Neuroendocrine,0.3,6,C1QB,0.16666666666666666,0.36686477364443465
Neuroendocrine,0.3,6,CD68,0.16666666666666666,0.36686477364443465
Neuroendocrine,0.3,6,CSF1R,0.0,0.0
Neuroendocrine,0.3,6,PPARG,0.0,0.0
Neuroendocrine,0.3,6,FABP4,0.0,0.0
Neuroendocrine,0.3,6,COL1A1,0.16666666666666666,0.7337295472888693
Neuroendocrine,0.3,6,COL1A2,0.0,0.0
Neuroendocrine,0.3,6,COL3A1,0.0,0.0
Neuroendocrine,0.3,6,DCN,0.16666666666666666,1.3196093956188968
Neuroendocrine,0.3,6,LUM,0.0,0.0
Neuroendocrine,0.3,6,PDGFRA,0.0,0.0
Neuroendocrine,0.3,6,PI16,0.0,0.0
Neuroendocrine,0.3,6,ACTA2,0.0,0.0
Neuroendocrine,0.3,6,TAGLN,0.16666666666666666,0.49309664694280075
Neuroendocrine,0.3,6,MYH11,0.0,0.0
Neuroendocrine,0.3,6,PECAM1,0.0,0.0
Neuroendocrine,0.3,6,VWF,0.0,0.0
Neuroendocrine,0.3,6,MKI67,0.0,0.0
Neuroendocrine,0.3,6,CLDN4,0.3333333333333333,2.339251361415638
Neuroendocrine,0.3,6,KRT17,0.0,0.0
Non-classical monocytes,0.3,236,EPCAM,0.0211864406779661,0.0843734160468836
Non-classical monocytes,0.3,236,KRT8,0.0847457627118644,0.3978018976992357
Non-classical monocytes,0.3,236,SFTPC,0.7245762711864406,11.254177653876612
Non-classical monocytes,0.3,236,SFTPA1,0.711864406779661,8.375873867238338
Non-classical monocytes,0.3,236,ABCA3,0.07627118644067797,0.42896791316397787
Non-classical monocytes,0.3,236,AGER,0.3983050847457627,2.8765709562189805
Non-classical monocytes,0.3,236,HOPX,0.0635593220338983,0.29848529883243924
Non-classical monocytes,0.3,236,SCGB1A1,0.09745762711864407,0.46867043079649984
Non-classical monocytes,0.3,236,FOXJ1,0.012711864406779662,0.029774353816171308
Non-classical monocytes,0.3,236,PTPRC,0.5889830508474576,4.43913510595266
Non-classical monocytes,0.3,236,LST1,0.885593220338983,14.88780687881426
Non-classical monocytes,0.3,236,TYROBP,0.8686440677966102,14.407177353602378
Non-classical monocytes,0.3,236,C1QA,0.3813559322033898,5.5563065623509456
Non-classical monocytes,0.3,236,C1QB,0.2542372881355932,3.806923319379968
Non-classical monocytes,0.3,236,CD68,0.8516949152542372,11.755662519732057
Non-classical monocytes,0.3,236,CSF1R,0.885593220338983,17.129233442842438
Non-classical monocytes,0.3,236,PPARG,0.038135593220338986,0.20406464681634118
Non-classical monocytes,0.3,236,FABP4,0.0211864406779661,0.118723046238709
Non-classical monocytes,0.3,236,COL1A1,0.08898305084745763,1.0207937049010327
Non-classical monocytes,0.3,236,COL1A2,0.09322033898305085,0.8449592356355059
Non-classical monocytes,0.3,236,COL3A1,0.08898305084745763,0.741326818739837
Non-classical monocytes,0.3,236,DCN,0.17796610169491525,0.9578819374184798
Non-classical monocytes,0.3,236,LUM,0.05508474576271186,0.3368593071319996
Non-classical monocytes,0.3,236,PDGFRA,0.025423728813559324,0.09618505066017778
Non-classical monocytes,0.3,236,PI16,0.0,0.0
Non-classical monocytes,0.3,236,ACTA2,0.0211864406779661,0.11041330960330889
Non-classical monocytes,0.3,236,TAGLN,0.7372881355932204,11.01007865006845
Non-classical monocytes,0.3,236,MYH11,0.012711864406779662,0.07901033480292287
Non-classical monocytes,0.3,236,PECAM1,0.7966101694915254,11.514837357603897
Non-classical monocytes,0.3,236,VWF,0.05508474576271186,0.30037642179072355
Non-classical monocytes,0.3,236,MKI67,0.00847457627118644,0.03219453581666901
Non-classical monocytes,0.3,236,CLDN4,0.038135593220338986,0.22548612888949884
Non-classical monocytes,0.3,236,KRT17,0.0,0.0
Peribronchial fibroblasts,0.3,50,EPCAM,0.12,0.6514554831492143
Peribronchial fibroblasts,0.3,50,KRT8,0.2,0.8054013017077373
Peribronchial fibroblasts,0.3,50,SFTPC,0.88,13.871256426775616
Peribronchial fibroblasts,0.3,50,SFTPA1,0.84,9.26913751619179
Peribronchial fibroblasts,0.3,50,ABCA3,0.14,0.42317494993349014
Peribronchial fibroblasts,0.3,50,AGER,0.34,1.81802235028981
Peribronchial fibroblasts,0.3,50,HOPX,0.16,0.5368847589566397
Peribronchial fibroblasts,0.3,50,SCGB1A1,0.16,0.36857579791220624
Peribronchial fibroblasts,0.3,50,FOXJ1,0.04,0.0726698591026997
Peribronchial fibroblasts,0.3,50,PTPRC,0.04,0.051629801552028995
Peribronchial fibroblasts,0.3,50,LST1,0.02,0.019340489314379653
Peribronchial fibroblasts,0.3,50,TYROBP,0.22,0.9335178192384321
Peribronchial fibroblasts,0.3,50,C1QA,0.3,1.6081510421535377
Peribronchial fibroblasts,0.3,50,C1QB,0.3,1.0467878485783428
Peribronchial fibroblasts,0.3,50,CD68,0.34,1.135666005639263
Peribronchial fibroblasts,0.3,50,CSF1R,0.04,0.16080476843033695
Peribronchial fibroblasts,0.3,50,PPARG,0.06,0.29730989290229626
Peribronchial fibroblasts,0.3,50,FABP4,0.06,0.3215820163991691
Peribronchial fibroblasts,0.3,50,COL1A1,1.0,673.1186013551468
Peribronchial fibroblasts,0.3,50,COL1A2,1.0,347.09066139934583
Peribronchial fibroblasts,0.3,50,COL3A1,1.0,507.8423116634652
Peribronchial fibroblasts,0.3,50,DCN,0.94,30.307562123851987
Peribronchial fibroblasts,0.3,50,LUM,0.94,35.775846001202794
Peribronchial fibroblasts,0.3,50,PDGFRA,0.3,1.2006140694858995
Peribronchial fibroblasts,0.3,50,PI16,0.0,0.0
Peribronchial fibroblasts,0.3,50,ACTA2,0.68,7.922692568936704
Peribronchial fibroblasts,0.3,50,TAGLN,0.82,13.841666873361453
Peribronchial fibroblasts,0.3,50,MYH11,0.08,0.44761796171605306
Peribronchial fibroblasts,0.3,50,PECAM1,0.1,0.29604960640565214
Peribronchial fibroblasts,0.3,50,VWF,0.08,0.6975504344379716
Peribronchial fibroblasts,0.3,50,MKI67,0.06,0.20522899050246424
Peribronchial fibroblasts,0.3,50,CLDN4,0.08,0.2500422283542841
Peribronchial fibroblasts,0.3,50,KRT17,0.02,0.038680978628759306
Pericytes,0.3,280,EPCAM,0.11428571428571428,0.46137759887966695
Pericytes,0.3,280,KRT8,0.24285714285714285,1.0085374047473115
Pericytes,0.3,280,SFTPC,0.8964285714285715,35.24619368887457
Pericytes,0.3,280,SFTPA1,0.8392857142857143,20.59536264283455
Pericytes,0.3,280,ABCA3,0.15,0.6562594794860879
Pericytes,0.3,280,AGER,0.6607142857142857,11.946154674947854
Pericytes,0.3,280,HOPX,0.2857142857142857,1.3238769778601716
Pericytes,0.3,280,SCGB1A1,0.17142857142857143,1.565318829336722
Pericytes,0.3,280,FOXJ1,0.007142857142857143,0.030504355846138455
Pericytes,0.3,280,PTPRC,0.075,0.19645801436603716
Pericytes,0.3,280,LST1,0.05,0.10590950912109386
Pericytes,0.3,280,TYROBP,0.22142857142857142,0.9337405291898103
Pericytes,0.3,280,C1QA,0.28214285714285714,1.8902377079166075
Pericytes,0.3,280,C1QB,0.22142857142857142,1.4347309218347166
Pericytes,0.3,280,CD68,0.25,1.247002286611755
Pericytes,0.3,280,CSF1R,0.10357142857142858,0.3012437899600053
Pericytes,0.3,280,PPARG,0.09285714285714286,0.432456258499624
Pericytes,0.3,280,FABP4,0.07142857142857142,0.3242926079717129
Pericytes,0.3,280,COL1A1,0.44285714285714284,4.8547264209099055
Pericytes,0.3,280,COL1A2,0.8678571428571429,16.67554071186314
Pericytes,0.3,280,COL3A1,0.6428571428571429,9.277882711458671
Pericytes,0.3,280,DCN,0.8464285714285714,13.446513588857115
Pericytes,0.3,280,LUM,0.4,2.8929722185436737
Pericytes,0.3,280,PDGFRA,0.08214285714285714,0.2802264740182919
Pericytes,0.3,280,PI16,0.0035714285714285713,0.02567525932011913
Pericytes,0.3,280,ACTA2,0.45714285714285713,4.5044987210087335
Pericytes,0.3,280,TAGLN,0.5678571428571428,6.664204531424842
Pericytes,0.3,280,MYH11,0.325,2.122584060596637
Pericytes,0.3,280,PECAM1,0.5607142857142857,7.891425015039522
Pericytes,0.3,280,VWF,0.43214285714285716,3.970324368096759
Pericytes,0.3,280,MKI67,0.025,0.1089075812891006
Pericytes,0.3,280,CLDN4,0.10714285714285714,0.43421053418993755
Pericytes,0.3,280,KRT17,0.010714285714285714,0.012509935959817985
Plasma cells,0.3,841,EPCAM,0.03804994054696789,0.14041293434583135
Plasma cells,0.3,841,KRT8,0.14625445897740785,0.5684925419233661
Plasma cells,0.3,841,SFTPC,0.8929845422116528,18.07853531297912
Plasma cells,0.3,841,SFTPA1,0.8608799048751486,11.772194363853709
Plasma cells,0.3,841,ABCA3,0.15576694411414982,0.4843109355050981
Plasma cells,0.3,841,AGER,0.3793103448275862,2.03127387023464
Plasma cells,0.3,841,HOPX,0.15219976218787157,0.5116474245901139
Plasma cells,0.3,841,SCGB1A1,0.15219976218787157,0.6446680199726078
Plasma cells,0.3,841,FOXJ1,0.01070154577883472,0.028018055322115917
Plasma cells,0.3,841,PTPRC,0.05826397146254459,0.1725254510265669
Plasma cells,0.3,841,LST1,0.03804994054696789,0.09600945932891143
Plasma cells,0.3,841,TYROBP,0.17717003567181927,0.6258369734443582
Plasma cells,0.3,841,C1QA,0.33055885850178357,1.6030486941193902
Plasma cells,0.3,841,C1QB,0.2794292508917955,1.339781215807263
Plasma cells,0.3,841,CD68,0.26397146254458975,0.9729826648064525
Plasma cells,0.3,841,CSF1R,0.06896551724137931,0.30037408822492834
Plasma cells,0.3,841,PPARG,0.022592152199762187,0.05206734760133148
Plasma cells,0.3,841,FABP4,0.027348394768133173,0.0915259981209644
Plasma cells,0.3,841,COL1A1,0.1985731272294887,0.7984772435626232
Plasma cells,0.3,841,COL1A2,0.2544589774078478,1.1174032033158368
Plasma cells,0.3,841,COL3A1,0.17360285374554102,0.664490161896388
Plasma cells,0.3,841,DCN,0.2877526753864447,1.641734727635612
Plasma cells,0.3,841,LUM,0.20214030915576695,0.8602590890043754
Plasma cells,0.3,841,PDGFRA,0.02140309155766944,0.046766648635549746
Plasma cells,0.3,841,PI16,0.013079667063020214,0.03454664753674272
Plasma cells,0.3,841,ACTA2,0.06183115338882283,0.1926592734869037
Plasma cells,0.3,841,TAGLN,0.20451843043995244,0.8548904529927331
Plasma cells,0.3,841,MYH11,0.0356718192627824,0.15987900314517672
Plasma cells,0.3,841,PECAM1,0.6551724137931034,4.498924267801234
Plasma cells,0.3,841,VWF,0.04994054696789536,0.17543394153402284
Plasma cells,0.3,841,MKI67,0.0178359096313912,0.10231084081725775
Plasma cells,0.3,841,CLDN4,0.07253269916765755,0.18224789696968344
Plasma cells,0.3,841,KRT17,0.008323424494649227,0.027819424295744053
Plasmacytoid DCs,0.3,101,EPCAM,0.019801980198019802,0.223003581190347
Plasmacytoid DCs,0.3,101,KRT8,0.13861386138613863,0.6445050102108537
Plasmacytoid DCs,0.3,101,SFTPC,0.8811881188118812,16.174063088095497
Plasmacytoid DCs,0.3,101,SFTPA1,0.8910891089108911,12.696949602451202
Plasmacytoid DCs,0.3,101,ABCA3,0.06930693069306931,0.23783197409537382
Plasmacytoid DCs,0.3,101,AGER,0.5247524752475248,3.8627712935391934
Plasmacytoid DCs,0.3,101,HOPX,0.10891089108910891,0.4839865062830156
Plasmacytoid DCs,0.3,101,SCGB1A1,0.12871287128712872,0.621302710898826
Plasmacytoid DCs,0.3,101,FOXJ1,0.009900990099009901,0.03263345451222775
Plasmacytoid DCs,0.3,101,PTPRC,0.26732673267326734,1.30414634369843
Plasmacytoid DCs,0.3,101,LST1,0.06930693069306931,0.20138937914455055
Plasmacytoid DCs,0.3,101,TYROBP,0.6336633663366337,5.1266486611995745
Plasmacytoid DCs,0.3,101,C1QA,0.26732673267326734,1.3461459226466792
Plasmacytoid DCs,0.3,101,C1QB,0.18811881188118812,0.8651409535063952
Plasmacytoid DCs,0.3,101,CD68,0.6237623762376238,4.761578783244911
Plasmacytoid DCs,0.3,101,CSF1R,0.019801980198019802,0.03564008332648
Plasmacytoid DCs,0.3,101,PPARG,0.009900990099009901,0.0361613955405767
Plasmacytoid DCs,0.3,101,FABP4,0.0,0.0
Plasmacytoid DCs,0.3,101,COL1A1,0.15841584158415842,0.9826300645798841
Plasmacytoid DCs,0.3,101,COL1A2,0.1188118811881188,0.6414376884446306
Plasmacytoid DCs,0.3,101,COL3A1,0.09900990099009901,0.503911388967327
Plasmacytoid DCs,0.3,101,DCN,0.19801980198019803,1.2829939165200488
Plasmacytoid DCs,0.3,101,LUM,0.0891089108910891,0.7203505480425796
Plasmacytoid DCs,0.3,101,PDGFRA,0.0,0.0
Plasmacytoid DCs,0.3,101,PI16,0.0,0.0
Plasmacytoid DCs,0.3,101,ACTA2,0.0297029702970297,0.15832994146774135
Plasmacytoid DCs,0.3,101,TAGLN,0.19801980198019803,1.0698943106104357
Plasmacytoid DCs,0.3,101,MYH11,0.009900990099009901,0.033942372639732266
Plasmacytoid DCs,0.3,101,PECAM1,0.5742574257425742,3.413906944367549
Plasmacytoid DCs,0.3,101,VWF,0.0594059405940594,0.2575873418320709
Plasmacytoid DCs,0.3,101,MKI67,0.0,0.0
Plasmacytoid DCs,0.3,101,CLDN4,0.04950495049504951,0.25148936679642375
Plasmacytoid DCs,0.3,101,KRT17,0.009900990099009901,0.07681140495740808
SM activated stress response,0.3,9,EPCAM,0.0,0.0
SM activated stress response,0.3,9,KRT8,0.1111111111111111,0.9182736455463727
SM activated stress response,0.3,9,SFTPC,0.1111111111111111,1.6436554898093358
SM activated stress response,0.3,9,SFTPA1,0.3333333333333333,6.099490667578539
SM activated stress response,0.3,9,ABCA3,0.2222222222222222,2.30394824244991
SM activated stress response,0.3,9,AGER,0.2222222222222222,1.5081224398466762
SM activated stress response,0.3,9,HOPX,0.0,0.0
SM activated stress response,0.3,9,SCGB1A1,0.0,0.0
SM activated stress response,0.3,9,FOXJ1,0.0,0.0
SM activated stress response,0.3,9,PTPRC,0.0,0.0
SM activated stress response,0.3,9,LST1,0.0,0.0
SM activated stress response,0.3,9,TYROBP,0.0,0.0
SM activated stress response,0.3,9,C1QA,0.0,0.0
SM activated stress response,0.3,9,C1QB,0.1111111111111111,0.9182736455463727
SM activated stress response,0.3,9,CD68,0.1111111111111111,0.8218277449046679
SM activated stress response,0.3,9,CSF1R,0.0,0.0
SM activated stress response,0.3,9,PPARG,0.1111111111111111,0.9182736455463727
SM activated stress response,0.3,9,FABP4,0.0,0.0
SM activated stress response,0.3,9,COL1A1,0.7777777777777778,14.582398473735813
SM activated stress response,0.3,9,COL1A2,0.3333333333333333,4.268009122675658
SM activated stress response,0.3,9,COL3A1,0.7777777777777778,6.908802532913742
SM activated stress response,0.3,9,DCN,0.5555555555555556,3.5458270916117836
SM activated stress response,0.3,9,LUM,0.0,0.0
SM activated stress response,0.3,9,PDGFRA,0.0,0.0
SM activated stress response,0.3,9,PI16,0.0,0.0
SM activated stress response,0.3,9,ACTA2,1.0,43.864197079947225
SM activated stress response,0.3,9,TAGLN,1.0,97.13338173503274
SM activated stress response,0.3,9,MYH11,1.0,30.53958813884916
SM activated stress response,0.3,9,PECAM1,0.2222222222222222,2.373689071354087
SM activated stress response,0.3,9,VWF,0.0,0.0
SM activated stress response,0.3,9,MKI67,0.0,0.0
SM activated stress response,0.3,9,CLDN4,0.0,0.0
SM activated stress response,0.3,9,KRT17,0.0,0.0
SMG mucous,0.3,10,EPCAM,0.5,1.6841746596847214
SMG mucous,0.3,10,KRT8,0.7,5.64755512947103
SMG mucous,0.3,10,SFTPC,0.4,2.788176366385459
SMG mucous,0.3,10,SFTPA1,0.5,2.7380957870194433
SMG mucous,0.3,10,ABCA3,0.1,0.3225806451612903
SMG mucous,0.3,10,AGER,0.1,0.5681818181818182
SMG mucous,0.3,10,HOPX,0.0,0.0
SMG mucous,0.3,10,SCGB1A1,0.4,1.0817087819464484
SMG mucous,0.3,10,FOXJ1,0.1,0.1492982979994028
SMG mucous,0.3,10,PTPRC,0.0,0.0
SMG mucous,0.3,10,LST1,0.0,0.0
SMG mucous,0.3,10,TYROBP,0.1,0.07952918721170671
SMG mucous,0.3,10,C1QA,0.2,0.402109832372997
SMG mucous,0.3,10,C1QB,0.1,0.1492982979994028
SMG mucous,0.3,10,CD68,0.1,0.1492982979994028
SMG mucous,0.3,10,CSF1R,0.0,0.0
SMG mucous,0.3,10,PPARG,0.0,0.0
SMG mucous,0.3,10,FABP4,0.0,0.0
SMG mucous,0.3,10,COL1A1,0.1,0.23858756163512007
SMG mucous,0.3,10,COL1A2,0.1,0.3225806451612903
SMG mucous,0.3,10,COL3A1,0.0,0.0
SMG mucous,0.3,10,DCN,0.1,0.07952918721170671
SMG mucous,0.3,10,LUM,0.0,0.0
SMG mucous,0.3,10,PDGFRA,0.0,0.0
SMG mucous,0.3,10,PI16,0.1,0.3225806451612903
SMG mucous,0.3,10,ACTA2,0.0,0.0
SMG mucous,0.3,10,TAGLN,0.4,1.2798654619028542
SMG mucous,0.3,10,MYH11,0.0,0.0
SMG mucous,0.3,10,PECAM1,0.0,0.0
SMG mucous,0.3,10,VWF,0.0,0.0
SMG mucous,0.3,10,MKI67,0.0,0.0
SMG mucous,0.3,10,CLDN4,0.2,0.426751409433929
SMG mucous,0.3,10,KRT17,0.1,0.07952918721170671
SMG serous (bronchial),0.3,16,EPCAM,0.5,1.5602872138317005
SMG serous (bronchial),0.3,16,KRT8,0.625,1.8256838065883598
SMG serous (bronchial),0.3,16,SFTPC,0.625,3.0116131829377375
SMG serous (bronchial),0.3,16,SFTPA1,0.375,1.166607539974383
SMG serous (bronchial),0.3,16,ABCA3,0.0625,0.02456471328066659
SMG serous (bronchial),0.3,16,AGER,0.25,0.3357272762223499
SMG serous (bronchial),0.3,16,HOPX,0.125,0.08066594464466187
SMG serous (bronchial),0.3,16,SCGB1A1,0.4375,0.8266458449452757
SMG serous (bronchial),0.3,16,FOXJ1,0.0625,0.06789050619161416
SMG serous (bronchial),0.3,16,PTPRC,0.0,0.0
SMG serous (bronchial),0.3,16,LST1,0.0,0.0
SMG serous (bronchial),0.3,16,TYROBP,0.0625,0.012775438453047709
SMG serous (bronchial),0.3,16,C1QA,0.0625,0.05736049926578561
SMG serous (bronchial),0.3,16,C1QB,0.125,0.2452386201603291
SMG serous (bronchial),0.3,16,CD68,0.125,0.03701809777580478
SMG serous (bronchial),0.3,16,CSF1R,0.0,0.0
SMG serous (bronchial),0.3,16,PPARG,0.125,0.20711623447294822
SMG serous (bronchial),0.3,16,FABP4,0.125,0.3218523103362708
SMG serous (bronchial),0.3,16,COL1A1,0.1875,0.4965578393254938
SMG serous (bronchial),0.3,16,COL1A2,0.0625,0.05736049926578561
SMG serous (bronchial),0.3,16,COL3A1,0.0,0.0
SMG serous (bronchial),0.3,16,DCN,0.25,0.2882318937789524
SMG serous (bronchial),0.3,16,LUM,0.125,0.0373401517337143
SMG serous (bronchial),0.3,16,PDGFRA,0.0625,0.012775438453047709
SMG serous (bronchial),0.3,16,PI16,0.0,0.0
SMG serous (bronchial),0.3,16,ACTA2,0.125,0.08291137617188103
SMG serous (bronchial),0.3,16,TAGLN,0.25,0.5761958827167464
SMG serous (bronchial),0.3,16,MYH11,0.0625,0.06789050619161416
SMG serous (bronchial),0.3,16,PECAM1,0.0625,0.11602004826434008
SMG serous (bronchial),0.3,16,VWF,0.0625,0.5830223880597015
SMG serous (bronchial),0.3,16,MKI67,0.0,0.0
SMG serous (bronchial),0.3,16,CLDN4,0.125,0.35818660440685923
SMG serous (bronchial),0.3,16,KRT17,0.0625,0.11602004826434008
Smooth muscle,0.3,179,EPCAM,0.027932960893854747,0.12052706949233215
Smooth muscle,0.3,179,KRT8,0.13966480446927373,0.879297876379597
Smooth muscle,0.3,179,SFTPC,0.8156424581005587,26.587349855025373
Smooth muscle,0.3,179,SFTPA1,0.7206703910614525,15.122655110681777
Smooth muscle,0.3,179,ABCA3,0.061452513966480445,0.4177544035474793
Smooth muscle,0.3,179,AGER,0.329608938547486,2.743365144785826
Smooth muscle,0.3,179,HOPX,0.13966480446927373,0.9577009804510822
Smooth muscle,0.3,179,SCGB1A1,0.26256983240223464,8.690063541887957
Smooth muscle,0.3,179,FOXJ1,0.01675977653631285,0.13885807261788619
Smooth muscle,0.3,179,PTPRC,0.0335195530726257,0.23044261437490843
Smooth muscle,0.3,179,LST1,0.055865921787709494,0.365064219407549
Smooth muscle,0.3,179,TYROBP,0.11731843575418995,0.6133493770492536
Smooth muscle,0.3,179,C1QA,0.22905027932960895,2.1577652429893837
Smooth muscle,0.3,179,C1QB,0.09497206703910614,0.552811767134074
Smooth muscle,0.3,179,CD68,0.1787709497206704,1.0263358699854597
Smooth muscle,0.3,179,CSF1R,0.0670391061452514,0.5970554029127259
Smooth muscle,0.3,179,PPARG,0.03910614525139665,0.17919521914704287
Smooth muscle,0.3,179,FABP4,0.0670391061452514,0.34479344499703324
Smooth muscle,0.3,179,COL1A1,0.7597765363128491,14.898392981401916
Smooth muscle,0.3,179,COL1A2,0.6815642458100558,9.829267544368188
Smooth muscle,0.3,179,COL3A1,0.664804469273743,9.107235630877074
Smooth muscle,0.3,179,DCN,0.3575418994413408,4.143692457942927
Smooth muscle,0.3,179,LUM,0.16759776536312848,1.2077373306595578
Smooth muscle,0.3,179,PDGFRA,0.11173184357541899,0.7205318705135481
Smooth muscle,0.3,179,PI16,0.0111731843575419,0.07795260007703667
Smooth muscle,0.3,179,ACTA2,0.9720670391061452,60.67960945557326
Smooth muscle,0.3,179,TAGLN,0.994413407821229,104.71482662750037
Smooth muscle,0.3,179,MYH11,0.9608938547486033,52.254524775611316
Smooth muscle,0.3,179,PECAM1,0.22346368715083798,1.6737166637704533
Smooth muscle,0.3,179,VWF,0.1564245810055866,1.390084497617593
Smooth muscle,0.3,179,MKI67,0.0,0.0
Smooth muscle,0.3,179,CLDN4,0.07262569832402235,0.40852004013832305
Smooth muscle,0.3,179,KRT17,0.0,0.0
Smooth muscle FAM83D+,0.3,2,EPCAM,0.5,5.701254275940707
Smooth muscle FAM83D+,0.3,2,KRT8,0.5,4.659832246039143
Smooth muscle FAM83D+,0.3,2,SFTPC,1.0,35.743091811978694
Smooth muscle FAM83D+,0.3,2,SFTPA1,0.5,2.8506271379703536
Smooth muscle FAM83D+,0.3,2,ABCA3,0.0,0.0
Smooth muscle FAM83D+,0.3,2,AGER,0.5,4.659832246039143
Smooth muscle FAM83D+,0.3,2,HOPX,0.0,0.0
Smooth muscle FAM83D+,0.3,2,SCGB1A1,0.5,4.659832246039143
Smooth muscle FAM83D+,0.3,2,FOXJ1,0.0,0.0
Smooth muscle FAM83D+,0.3,2,PTPRC,0.0,0.0
Smooth muscle FAM83D+,0.3,2,LST1,0.0,0.0
Smooth muscle FAM83D+,0.3,2,TYROBP,0.0,0.0
Smooth muscle FAM83D+,0.3,2,C1QA,0.0,0.0
Smooth muscle FAM83D+,0.3,2,C1QB,0.0,0.0
Smooth muscle FAM83D+,0.3,2,CD68,0.0,0.0
Smooth muscle FAM83D+,0.3,2,CSF1R,0.0,0.0
Smooth muscle FAM83D+,0.3,2,PPARG,0.0,0.0
Smooth muscle FAM83D+,0.3,2,FABP4,0.0,0.0
Smooth muscle FAM83D+,0.3,2,COL1A1,0.0,0.0
Smooth muscle FAM83D+,0.3,2,COL1A2,0.5,5.701254275940707
Smooth muscle FAM83D+,0.3,2,COL3A1,0.0,0.0
Smooth muscle FAM83D+,0.3,2,DCN,1.0,7.510459384009496
Smooth muscle FAM83D+,0.3,2,LUM,0.0,0.0
Smooth muscle FAM83D+,0.3,2,PDGFRA,0.0,0.0
Smooth muscle FAM83D+,0.3,2,PI16,0.0,0.0
Smooth muscle FAM83D+,0.3,2,ACTA2,1.0,136.99747402023974
Smooth muscle FAM83D+,0.3,2,TAGLN,1.0,267.5790444634073
Smooth muscle FAM83D+,0.3,2,MYH11,1.0,151.74475383652438
Smooth muscle FAM83D+,0.3,2,PECAM1,0.0,0.0
Smooth muscle FAM83D+,0.3,2,VWF,0.0,0.0
Smooth muscle FAM83D+,0.3,2,MKI67,0.0,0.0
Smooth muscle FAM83D+,0.3,2,CLDN4,0.0,0.0
Smooth muscle FAM83D+,0.3,2,KRT17,0.0,0.0
Suprabasal,0.3,6,EPCAM,0.5,1.7498400620622314
Suprabasal,0.3,6,KRT8,0.8333333333333334,4.916233371205671
Suprabasal,0.3,6,SFTPC,1.0,7.135399100078879
Suprabasal,0.3,6,SFTPA1,0.8333333333333334,2.7887629016501965
Suprabasal,0.3,6,ABCA3,0.0,0.0
Suprabasal,0.3,6,AGER,0.3333333333333333,2.2407743272806075
Suprabasal,0.3,6,HOPX,0.0,0.0
Suprabasal,0.3,6,SCGB1A1,0.3333333333333333,48.36731450228028
Suprabasal,0.3,6,FOXJ1,0.16666666666666666,0.6216585851050602
Suprabasal,0.3,6,PTPRC,0.0,0.0
Suprabasal,0.3,6,LST1,0.0,0.0
Suprabasal,0.3,6,TYROBP,0.0,0.0
Suprabasal,0.3,6,C1QA,0.0,0.0
Suprabasal,0.3,6,C1QB,0.0,0.0
Suprabasal,0.3,6,CD68,0.16666666666666666,0.35734705546026296
Suprabasal,0.3,6,CSF1R,0.0,0.0
Suprabasal,0.3,6,PPARG,0.0,0.0
Suprabasal,0.3,6,FABP4,0.16666666666666666,0.265097290705689
Suprabasal,0.3,6,COL1A1,0.5,1.0861714882833695
Suprabasal,0.3,6,COL1A2,0.0,0.0
Suprabasal,0.3,6,COL3A1,0.0,0.0
Suprabasal,0.3,6,DCN,0.0,0.0
Suprabasal,0.3,6,LUM,0.0,0.0
Suprabasal,0.3,6,PDGFRA,0.0,0.0
Suprabasal,0.3,6,PI16,0.16666666666666666,0.265097290705689
Suprabasal,0.3,6,ACTA2,0.0,0.0
Suprabasal,0.3,6,TAGLN,0.16666666666666666,0.5496921723834652
Suprabasal,0.3,6,MYH11,0.0,0.0
Suprabasal,0.3,6,PECAM1,0.0,0.0
Suprabasal,0.3,6,VWF,0.0,0.0
Suprabasal,0.3,6,MKI67,0.3333333333333333,1.3012893163143182
Suprabasal,0.3,6,CLDN4,0.5,2.6262609913841586
Suprabasal,0.3,6,KRT17,0.5,4.214374235044989
T cells proliferating,0.3,79,EPCAM,0.0,0.0
T cells proliferating,0.3,79,KRT8,0.13924050632911392,0.40252137153969186
T cells proliferating,0.3,79,SFTPC,0.8860759493670886,11.992909768365475
T cells proliferating,0.3,79,SFTPA1,0.8354430379746836,9.514794413099224
T cells proliferating,0.3,79,ABCA3,0.10126582278481013,0.20934525744619753
T cells proliferating,0.3,79,AGER,0.3037974683544304,1.2111663507275325
T cells proliferating,0.3,79,HOPX,0.5063291139240507,2.6588813483385287
T cells proliferating,0.3,79,SCGB1A1,0.08860759493670886,0.15136583810964854
T cells proliferating,0.3,79,FOXJ1,0.012658227848101266,0.03365654838633678
T cells proliferating,0.3,79,PTPRC,0.6455696202531646,2.6892529608051583
T cells proliferating,0.3,79,LST1,0.06329113924050633,0.0663051818267902
T cells proliferating,0.3,79,TYROBP,0.189873417721519,0.5151245314358035
T cells proliferating,0.3,79,C1QA,0.16455696202531644,0.5305371147196744
T cells proliferating,0.3,79,C1QB,0.24050632911392406,0.6463092008948722
T cells proliferating,0.3,79,CD68,0.189873417721519,0.5308636215162564
T cells proliferating,0.3,79,CSF1R,0.0759493670886076,0.12838183638573217
T cells proliferating,0.3,79,PPARG,0.26582278481012656,0.9480130167972266
T cells proliferating,0.3,79,FABP4,0.02531645569620253,0.09810338353805015
T cells proliferating,0.3,79,COL1A1,0.21518987341772153,0.6006929042233118
T cells proliferating,0.3,79,COL1A2,0.17721518987341772,0.5969721195873393
T cells proliferating,0.3,79,COL3A1,0.11392405063291139,0.24507237789985534
T cells proliferating,0.3,79,DCN,0.22784810126582278,0.7839325073892061
T cells proliferating,0.3,79,LUM,0.13924050632911392,0.4872871637455978
T cells proliferating,0.3,79,PDGFRA,0.012658227848101266,0.052177361286485015
T cells proliferating,0.3,79,PI16,0.0,0.0
T cells proliferating,0.3,79,ACTA2,0.0759493670886076,0.4778602053640051
T cells proliferating,0.3,79,TAGLN,0.22784810126582278,0.7390345890306318
T cells proliferating,0.3,79,MYH11,0.02531645569620253,0.05169259931764034
T cells proliferating,0.3,79,PECAM1,0.21518987341772153,0.8541439902885407
T cells proliferating,0.3,79,VWF,0.0379746835443038,0.06047962190626498
T cells proliferating,0.3,79,MKI67,0.9873417721518988,18.467790641017487
T cells proliferating,0.3,79,CLDN4,0.02531645569620253,0.06197706978266211
T cells proliferating,0.3,79,KRT17,0.0,0.0
pre-TB secretory,0.3,68,EPCAM,0.45588235294117646,2.369079060446381
pre-TB secretory,0.3,68,KRT8,0.5441176470588235,2.7931279762599415
pre-TB secretory,0.3,68,SFTPC,0.7941176470588235,6.898576957286683
pre-TB secretory,0.3,68,SFTPA1,0.6764705882352942,11.8053812342362
pre-TB secretory,0.3,68,ABCA3,0.058823529411764705,0.21776792660926939
pre-TB secretory,0.3,68,AGER,0.25,0.9272102539343939
pre-TB secretory,0.3,68,HOPX,0.5147058823529411,3.46969802403033
pre-TB secretory,0.3,68,SCGB1A1,0.8970588235294118,1261.1110564551816
pre-TB secretory,0.3,68,FOXJ1,0.029411764705882353,0.061783458088231824
pre-TB secretory,0.3,68,PTPRC,0.014705882352941176,0.06672360414220134
pre-TB secretory,0.3,68,LST1,0.014705882352941176,0.06009759849996394
pre-TB secretory,0.3,68,TYROBP,0.029411764705882353,0.08661561817766557
pre-TB secretory,0.3,68,C1QA,0.1323529411764706,0.417928957069228
pre-TB secretory,0.3,68,C1QB,0.11764705882352941,0.3737432896311631
pre-TB secretory,0.3,68,CD68,0.058823529411764705,0.15027173161478452
pre-TB secretory,0.3,68,CSF1R,0.014705882352941176,0.0634147578824544
pre-TB secretory,0.3,68,PPARG,0.014705882352941176,0.05576747194896161
pre-TB secretory,0.3,68,FABP4,0.029411764705882353,0.17306534928446254
pre-TB secretory,0.3,68,COL1A1,0.10294117647058823,0.3446491313201109
pre-TB secretory,0.3,68,COL1A2,0.07352941176470588,0.26068825170864357
pre-TB secretory,0.3,68,COL3A1,0.04411764705882353,0.17334430905906212
pre-TB secretory,0.3,68,DCN,0.058823529411764705,0.4074730000009247
pre-TB secretory,0.3,68,LUM,0.04411764705882353,0.10840800978398424
pre-TB secretory,0.3,68,PDGFRA,0.014705882352941176,0.027207922947162212
pre-TB secretory,0.3,68,PI16,0.014705882352941176,0.11634400595681312
pre-TB secretory,0.3,68,ACTA2,0.04411764705882353,0.13171260047326372
pre-TB secretory,0.3,68,TAGLN,0.2647058823529412,1.5397630713120802
pre-TB secretory,0.3,68,MYH11,0.029411764705882353,0.16794763402133014
pre-TB secretory,0.3,68,PECAM1,0.11764705882352941,0.33884864775083795
pre-TB secretory,0.3,68,VWF,0.04411764705882353,0.09419304722463444
pre-TB secretory,0.3,68,MKI67,0.014705882352941176,0.015461972824036564
pre-TB secretory,0.3,68,CLDN4,0.6911764705882353,6.5443513917947955
pre-TB secretory,0.3,68,KRT17,0.04411764705882353,0.16157671226158377
