cohort,view,resource,family,ligand,receptor,source,source_label,target,target_label,cell_floor,prior_count,n_control,n_IPF,difference_IPF_minus_control,ligand_component_difference,receptor_component_difference,loo_min,loo_max,inference
GSE136831,broad,consensus,core,TGFB1,ITGAV_ITGB6,macrophages,__broad__,fibroblasts,__broad__,50,1.0,4,18,-0.4424431899746679,-0.16109087966656777,-0.7237955002827672,-0.5701327207970577,-0.3195311600833808,descriptive_no_p_value
GSE136831,broad,consensus,core,TGFB1,ACVR1B_TGFBR2,macrophages,__broad__,fibroblasts,__broad__,50,1.0,4,18,-0.07887339490002532,-0.16109087966656777,0.003344089866520683,-0.22440216425766923,-0.0034764820849897404,descriptive_no_p_value
GSE136831,broad,consensus,core,TGFB1,TGFBR1_TGFBR2,macrophages,__broad__,fibroblasts,__broad__,50,1.0,4,18,-0.27209838687355425,-0.16109087966656777,-0.38310589408054163,-0.4147584257617183,-0.1900144035123521,descriptive_no_p_value
GSE136831,broad,consensus,core,TGFB1,ACVR1_TGFBR1_TGFBR2,macrophages,__broad__,fibroblasts,__broad__,50,1.0,4,18,0.3062628591356287,-0.16109087966656777,0.7736165979378251,0.20647263433016594,0.38129279423619966,descriptive_no_p_value
GSE136831,broad,consensus,core,TGFB1,ACVR1_TGFBR2,macrophages,__broad__,fibroblasts,__broad__,50,1.0,4,18,0.34721592666544154,-0.16109087966656777,0.85552273299745,0.2474257018599788,0.42224586176601253,descriptive_no_p_value
GSE136831,broad,consensus,core,TGFB1,ACVR1C_TGFBR2,macrophages,__broad__,fibroblasts,__broad__,50,1.0,4,18,0.5796898316552852,-0.16109087966656777,1.3204705429771388,0.4198905478530097,0.7233328608389424,descriptive_no_p_value
GSE136831,broad,consensus,core,TGFB1,EGFR,macrophages,__broad__,fibroblasts,__broad__,50,1.0,4,18,-0.30863883977231676,-0.16109087966656777,-0.456186799878064,-0.3464682057052615,-0.2614842692793369,descriptive_no_p_value
GSE136831,broad,consensus,core,TGFB1,ITGB3,macrophages,__broad__,fibroblasts,__broad__,50,1.0,4,18,-0.4095464026052742,-0.16109087966656777,-0.6580019255439815,-0.5053421707837185,-0.3216745599944053,descriptive_no_p_value
GSE136831,broad,consensus,core,TGFB1,ITGB1,macrophages,__broad__,fibroblasts,__broad__,50,1.0,4,18,0.020194101269446207,-0.16109087966656777,0.20147908220546196,-0.0707850662059295,0.06722223763611268,descriptive_no_p_value
GSE136831,broad,consensus,core,TGFB1,ITGB5,macrophages,__broad__,fibroblasts,__broad__,50,1.0,4,18,0.03688008378126728,-0.16109087966656777,0.23485104722910322,-0.12317984260149295,0.1449816505901147,descriptive_no_p_value
GSE136831,broad,consensus,core,TGFB1,ITGB8,macrophages,__broad__,fibroblasts,__broad__,50,1.0,4,18,0.2398999904052621,-0.16109087966656777,0.6408908604770929,0.08983725913900287,0.39579322935656425,descriptive_no_p_value
GSE136831,broad,consensus,core,TGFB1,SDC2,macrophages,__broad__,fibroblasts,__broad__,50,1.0,4,18,-0.05222345475830892,-0.16109087966656777,0.056643970149951706,-0.12433953763771033,0.04559466086532993,descriptive_no_p_value
GSE136831,broad,consensus,core,TGFB1,ACVRL1,macrophages,__broad__,fibroblasts,__broad__,50,1.0,4,18,-0.28798125788370665,-0.16109087966656777,-0.41487163610084465,-0.3861479557168117,-0.15964854110808702,descriptive_no_p_value
GSE136831,broad,consensus,core,TGFB1,CXCR4,macrophages,__broad__,fibroblasts,__broad__,50,1.0,4,18,0.21594453025662652,-0.16109087966656777,0.5929799401798235,-0.16701029315258342,0.47430852406827295,descriptive_no_p_value
GSE136831,broad,consensus,core,TGFB1,TGFBR3,macrophages,__broad__,fibroblasts,__broad__,50,1.0,4,18,-0.7399937313907143,-0.16109087966656777,-1.31889658311486,-0.8525014932663604,-0.6454953982787108,descriptive_no_p_value
GSE136831,broad,consensus,core,TGFB1,VASN,macrophages,__broad__,fibroblasts,__broad__,50,1.0,4,18,-0.6187836237188211,-0.16109087966656777,-1.0764763677710727,-0.7808638032517683,-0.5214761815446796,descriptive_no_p_value
GSE136831,broad,consensus,core,IL1A,IL1R1_IL1RAP,macrophages,__broad__,fibroblasts,__broad__,50,1.0,4,18,0.03248513098169603,-0.6262548814341242,0.6912251433975127,-0.051221333681619186,0.17068099428462258,descriptive_no_p_value
GSE136831,broad,consensus,core,IL1A,IL1R1_IL1RAP,macrophages,__broad__,AT2,__broad__,50,1.0,10,3,-1.0099246935068362,-0.008970529053748955,-2.010878857959924,-1.7993145623153133,-0.4000464254654892,descriptive_no_p_value
GSE136831,broad,consensus,core,IL1A,IL1R2_IL1RAP,macrophages,__broad__,fibroblasts,__broad__,50,1.0,4,18,-0.7035808762690046,-0.6262548814341242,-0.7809068711038858,-0.7838689429141925,-0.558981904499356,descriptive_no_p_value
GSE136831,broad,consensus,core,IL1A,IL1R2_IL1RAP,macrophages,__broad__,AT2,__broad__,50,1.0,10,3,-0.9810190122961711,-0.008970529053748955,-1.9530674955385927,-1.5597810631644216,-0.32192482487719065,descriptive_no_p_value
GSE136831,broad,consensus,core,IL1B,IL1R1_IL1RAP,macrophages,__broad__,fibroblasts,__broad__,50,1.0,4,18,0.004960094571483609,-0.6813049542545455,0.6912251433975127,-0.22138225477069629,0.10605074577305285,descriptive_no_p_value
GSE136831,broad,consensus,core,IL1B,IL1R1_IL1RAP,macrophages,__broad__,AT2,__broad__,50,1.0,10,3,-1.426095665801296,-0.8413124736426676,-2.010878857959924,-2.043857498785055,-0.7792299546528367,descriptive_no_p_value
GSE136831,broad,consensus,core,IL1B,IL1R2_IL1RAP,macrophages,__broad__,fibroblasts,__broad__,50,1.0,4,18,-0.7311059126792161,-0.6813049542545455,-0.7809068711038858,-1.054134434860961,-0.40170982504468356,descriptive_no_p_value
GSE136831,broad,consensus,core,IL1B,IL1R2_IL1RAP,macrophages,__broad__,AT2,__broad__,50,1.0,10,3,-1.39718998459063,-0.8413124736426676,-1.9530674955385927,-1.8043239996341636,-0.9467112761034775,descriptive_no_p_value
GSE136831,broad,consensus,core,IL1B,ADRB2,macrophages,__broad__,fibroblasts,__broad__,50,1.0,4,18,-0.17659584232116599,-0.6813049542545455,0.3281132696122152,-0.37986983484132875,-0.03084493304296876,descriptive_no_p_value
GSE136831,broad,consensus,core,IL1B,ADRB2,macrophages,__broad__,AT2,__broad__,50,1.0,10,3,-0.8814232325412261,-0.8413124736426676,-0.9215339914397846,-1.220144874421937,-0.6532080235241642,descriptive_no_p_value
GSE136831,broad,consensus,core,IL1B,SIGIRR,macrophages,__broad__,fibroblasts,__broad__,50,1.0,4,18,-0.6102175858202266,-0.6813049542545455,-0.5391302173859058,-0.7349268139149654,-0.4892460083714161,descriptive_no_p_value
GSE136831,broad,consensus,core,IL1B,SIGIRR,macrophages,__broad__,AT2,__broad__,50,1.0,10,3,-0.5961881843728563,-0.8413124736426676,-0.3510638951030445,-1.0454922701107625,-0.1606899299735005,descriptive_no_p_value
GSE136831,broad,consensus,exploratory,CCL2,CCR1,fibroblasts,__broad__,macrophages,__broad__,50,1.0,4,18,0.26429711601798545,0.1319957448295188,0.3965984872064512,0.0969913308772119,0.5003467343575432,descriptive_no_p_value
GSE136831,broad,consensus,exploratory,CCL2,CCR2,fibroblasts,__broad__,macrophages,__broad__,50,1.0,4,18,0.5056523073732704,0.1319957448295188,0.8793088699170215,0.2729573315864169,0.6687081135066526,descriptive_no_p_value
GSE136831,broad,consensus,exploratory,CCL2,CCR10,fibroblasts,__broad__,macrophages,__broad__,50,1.0,4,18,0.20798866496071078,0.1319957448295188,0.2839815850919005,0.05390865023942659,0.2998031604648146,descriptive_no_p_value
GSE136831,broad,consensus,exploratory,CCL2,CCR3,fibroblasts,__broad__,macrophages,__broad__,50,1.0,4,18,0.4733882550091737,0.1319957448295188,0.8147807651888277,0.24818811068020796,0.7132671246137683,descriptive_no_p_value
GSE136831,broad,consensus,exploratory,CCL2,CCR4,fibroblasts,__broad__,macrophages,__broad__,50,1.0,4,18,0.1686842478829811,0.1319957448295188,0.20537275093644336,-0.0038052076376886568,0.30908746106381857,descriptive_no_p_value
GSE136831,broad,consensus,exploratory,CCL2,CCR5,fibroblasts,__broad__,macrophages,__broad__,50,1.0,4,18,0.7822870118709213,0.1319957448295188,1.4325782789123234,0.5362497251337581,0.9643493999083868,descriptive_no_p_value
GSE136831,broad,consensus,exploratory,CCL2,ACKR1,fibroblasts,__broad__,macrophages,__broad__,50,1.0,4,18,0.3647673577753361,0.1319957448295188,0.5975389707211536,0.035458566996292795,0.6861078645523886,descriptive_no_p_value
GSE136831,broad,consensus,exploratory,CCL2,ACKR4,fibroblasts,__broad__,macrophages,__broad__,50,1.0,4,18,-0.05533512631589366,0.1319957448295188,-0.24266599746130657,-0.2675137239915202,0.23030538048870675,descriptive_no_p_value
GSE136831,broad,consensus,core,AREG,EGFR_ERBB2,macrophages,__broad__,fibroblasts,__broad__,50,1.0,4,18,-0.06914885343109578,-0.3309053137113107,0.19260760684912048,-0.14985931192779844,0.01936765049447331,descriptive_no_p_value
GSE136831,broad,consensus,core,AREG,ERBB3,macrophages,__broad__,fibroblasts,__broad__,50,1.0,4,18,-0.08892419888765879,-0.3309053137113107,0.15305691593599402,-0.22015880963790746,0.15198999050894813,descriptive_no_p_value
GSE136831,broad,consensus,exploratory,CXCL12,CD4,fibroblasts,__broad__,macrophages,__broad__,50,1.0,4,18,0.9181714211668828,1.474668551705899,0.3616742906278674,0.6810420428249992,1.059583923983208,descriptive_no_p_value
GSE136831,broad,consensus,exploratory,CXCL12,ITGB3,fibroblasts,__broad__,macrophages,__broad__,50,1.0,4,18,1.274659006151774,1.474668551705899,1.0746494605976498,1.036365838689353,1.659216985384762,descriptive_no_p_value
GSE136831,broad,consensus,exploratory,CXCL12,ITGB1,fibroblasts,__broad__,macrophages,__broad__,50,1.0,4,18,0.560978296465807,1.474668551705899,-0.3527119587742886,0.40129264112898966,0.759218935506552,descriptive_no_p_value
GSE136831,broad,consensus,exploratory,CXCL12,ITGAV,fibroblasts,__broad__,macrophages,__broad__,50,1.0,4,18,0.5568831878264611,1.474668551705899,-0.3609021760529778,0.41319272497868553,0.7361016008106711,descriptive_no_p_value
GSE136831,broad,consensus,exploratory,CXCL12,ITGA5,fibroblasts,__broad__,macrophages,__broad__,50,1.0,4,18,0.5775661006626471,1.474668551705899,-0.3195363503806048,0.38225829707567716,0.8815637914809233,descriptive_no_p_value
GSE136831,broad,consensus,exploratory,CXCL12,ITGA4,fibroblasts,__broad__,macrophages,__broad__,50,1.0,4,18,1.1715517665004467,1.474668551705899,0.8684349812949947,1.0091961410706531,1.3163528743109345,descriptive_no_p_value
GSE136831,broad,consensus,exploratory,CXCL12,ACKR3,fibroblasts,__broad__,macrophages,__broad__,50,1.0,4,18,0.3979200810307413,1.474668551705899,-0.6788283896444147,0.041131391791934035,0.5971193478906489,descriptive_no_p_value
GSE136831,broad,consensus,exploratory,CXCL12,AVPR1A,fibroblasts,__broad__,macrophages,__broad__,50,1.0,4,18,0.4648870743083249,1.474668551705899,-0.5448944030892489,0.20289087397438266,0.9578213402826868,descriptive_no_p_value
GSE136831,broad,consensus,exploratory,CXCL12,CXCR3,fibroblasts,__broad__,macrophages,__broad__,50,1.0,4,18,0.8264905537185059,1.474668551705899,0.1783125557311127,0.5373053635335827,1.0961787614463876,descriptive_no_p_value
GSE136831,broad,consensus,exploratory,CXCL12,CCR4,fibroblasts,__broad__,macrophages,__broad__,50,1.0,4,18,0.8400206513211703,1.474668551705899,0.20537275093644336,0.6547468010156559,0.9552100513528741,descriptive_no_p_value
GSE136831,broad,consensus,exploratory,CXCL12,CXCR4,fibroblasts,__broad__,macrophages,__broad__,50,1.0,4,18,1.0069217310565133,1.474668551705899,0.5391749104071284,0.7157654353696365,1.2045008719856707,descriptive_no_p_value
GSE136831,broad,consensus,exploratory,CXCL12,GRM7,fibroblasts,__broad__,macrophages,__broad__,50,1.0,4,18,0.9583156144874856,1.474668551705899,0.4419626772690748,0.8185003593723907,1.1196669855976857,descriptive_no_p_value
GSE136831,broad,consensus,core,HBEGF,EGFR_ERBB2,macrophages,__broad__,fibroblasts,__broad__,50,1.0,4,18,0.06485563786033044,-0.06289633112845827,0.19260760684912048,-0.15674325642953502,0.2101790406570725,descriptive_no_p_value
GSE136831,broad,consensus,core,HBEGF,ERBB2_ERBB4,macrophages,__broad__,fibroblasts,__broad__,50,1.0,4,18,0.09933606014222107,-0.06289633112845827,0.26156845141289997,-0.11076936005368232,0.24327442102375496,descriptive_no_p_value
GSE136831,broad,consensus,core,HBEGF,CD44,macrophages,__broad__,fibroblasts,__broad__,50,1.0,4,18,-0.1959290346521012,-0.06289633112845827,-0.32896173817574414,-0.2760297037888657,-0.08661068910638825,descriptive_no_p_value
GSE136831,broad,consensus,core,HBEGF,PRLR,macrophages,__broad__,fibroblasts,__broad__,50,1.0,4,18,0.3720657190287655,-0.06289633112845827,0.8070277691859882,0.1667547579093176,0.5726781509909382,descriptive_no_p_value
GSE136831,broad,consensus,exploratory,CCL2,ACKR2,fibroblasts,__broad__,macrophages,__broad__,50,1.0,4,18,0.06205267521418456,0.1319957448295188,-0.007890394401151246,-0.14440212266000607,0.2610617597766094,descriptive_no_p_value
GSE136831,broad,consensus,exploratory,CXCL12,DPP4,fibroblasts,__broad__,macrophages,__broad__,50,1.0,4,18,1.1519271463042218,1.474668551705899,0.8291857409025447,0.8513265632890508,1.6324541011446052,descriptive_no_p_value
GSE136831,broad,consensus,core,TGFB1,ENG,macrophages,__broad__,fibroblasts,__broad__,50,1.0,4,18,-0.23704274240573842,-0.16109087966656777,-0.3129946051449073,-0.4052266707675205,-0.12708490686689178,descriptive_no_p_value
GSE136831,broad,consensus,core,HBEGF,CD9,macrophages,__broad__,fibroblasts,__broad__,50,1.0,4,18,0.36921471561765085,-0.06289633112845827,0.8013257623637609,0.20512217861891102,0.5231857969664544,descriptive_no_p_value
GSE136831,broad,consensus,core,HBEGF,CD82,macrophages,__broad__,fibroblasts,__broad__,50,1.0,4,18,0.21332457458805631,-0.06289633112845827,0.48954548030457,0.08217173678423961,0.4066615499817372,descriptive_no_p_value
GSE136831,broad,consensus,core,TGFB1,CAV1,macrophages,__broad__,fibroblasts,__broad__,50,1.0,4,18,0.29859622494072724,-0.16109087966656777,0.7582833295480258,-0.08983203652789218,0.6460859324825821,descriptive_no_p_value
GSE136831,broad,consensus,exploratory,CXCL12,SDC4,fibroblasts,__broad__,macrophages,__broad__,50,1.0,4,18,0.6149775716934975,1.474668551705899,-0.2447134083189031,0.3726354201033173,0.8163944521762732,descriptive_no_p_value
GSE136831,broad,consensus,core,TGFB1,LPP,macrophages,__broad__,fibroblasts,__broad__,50,1.0,4,18,0.10357360236740476,-0.16109087966656777,0.36823808440137995,0.0358868443730227,0.16845308987988794,descriptive_no_p_value
GSE136831,broad,cellchatdb,core,IL1B,IL1R2,macrophages,__broad__,fibroblasts,__broad__,50,1.0,4,18,-0.7311059126792161,-0.6813049542545455,-0.7809068711038858,-1.054134434860961,-0.40170982504468356,descriptive_no_p_value
GSE136831,broad,cellchatdb,core,IL1B,IL1R2,macrophages,__broad__,AT2,__broad__,50,1.0,10,3,-1.39718998459063,-0.8413124736426676,-1.9530674955385927,-1.8043239996341636,-0.9467112761034775,descriptive_no_p_value
GSE136831,broad,cellchatdb,core,AREG,EGFR,macrophages,__broad__,fibroblasts,__broad__,50,1.0,4,18,-0.3935460567946878,-0.3309053137113107,-0.456186799878064,-0.45769849042342514,-0.29995230435196074,descriptive_no_p_value
GSE136831,broad,cellchatdb,core,HBEGF,EGFR,macrophages,__broad__,fibroblasts,__broad__,50,1.0,4,18,-0.2595415655032616,-0.06289633112845827,-0.456186799878064,-0.38873196992933234,-0.17068679297311107,descriptive_no_p_value
GSE136831,broad,cellchatdb,core,HBEGF,ERBB4,macrophages,__broad__,fibroblasts,__broad__,50,1.0,4,18,0.6166176127208658,-0.06289633112845827,1.296131556570189,0.5522124509220951,0.7039836538474953,descriptive_no_p_value
GSE136831,broad,cellchatdb,exploratory,CXCL12,ACKR3,fibroblasts,__broad__,macrophages,__broad__,50,1.0,4,18,0.3979200810307413,1.474668551705899,-0.6788283896444147,0.041131391791934035,0.5971193478906489,descriptive_no_p_value
GSE136831,broad,cellchatdb,exploratory,CCL2,CCR2,fibroblasts,__broad__,macrophages,__broad__,50,1.0,4,18,0.5056523073732704,0.1319957448295188,0.8793088699170215,0.2729573315864169,0.6687081135066526,descriptive_no_p_value
GSE136831,broad,cellchatdb,exploratory,CXCL12,CXCR4,fibroblasts,__broad__,macrophages,__broad__,50,1.0,4,18,1.0069217310565133,1.474668551705899,0.5391749104071284,0.7157654353696365,1.2045008719856707,descriptive_no_p_value
GSE136831,broad,cellchatdb,exploratory,CCL2,ACKR1,fibroblasts,__broad__,macrophages,__broad__,50,1.0,4,18,0.3647673577753361,0.1319957448295188,0.5975389707211536,0.035458566996292795,0.6861078645523886,descriptive_no_p_value
GSE136831,broad,cellchatdb,exploratory,CCL2,ACKR2,fibroblasts,__broad__,macrophages,__broad__,50,1.0,4,18,0.06205267521418456,0.1319957448295188,-0.007890394401151246,-0.14440212266000607,0.2610617597766094,descriptive_no_p_value
GSE136831,broad,cellchatdb,core,IL1A,IL1R1_IL1RAP,macrophages,__broad__,fibroblasts,__broad__,50,1.0,4,18,0.03248513098169603,-0.6262548814341242,0.6912251433975127,-0.051221333681619186,0.17068099428462258,descriptive_no_p_value
GSE136831,broad,cellchatdb,core,IL1A,IL1R1_IL1RAP,macrophages,__broad__,AT2,__broad__,50,1.0,10,3,-1.0099246935068362,-0.008970529053748955,-2.010878857959924,-1.7993145623153133,-0.4000464254654892,descriptive_no_p_value
GSE136831,broad,cellchatdb,core,IL1B,IL1R1_IL1RAP,macrophages,__broad__,fibroblasts,__broad__,50,1.0,4,18,0.004960094571483609,-0.6813049542545455,0.6912251433975127,-0.22138225477069629,0.10605074577305285,descriptive_no_p_value
GSE136831,broad,cellchatdb,core,IL1B,IL1R1_IL1RAP,macrophages,__broad__,AT2,__broad__,50,1.0,10,3,-1.426095665801296,-0.8413124736426676,-2.010878857959924,-2.043857498785055,-0.7792299546528367,descriptive_no_p_value
GSE136831,broad,cellchatdb,core,TGFB1,TGFBR1_TGFBR2,macrophages,__broad__,fibroblasts,__broad__,50,1.0,4,18,-0.27209838687355425,-0.16109087966656777,-0.38310589408054163,-0.4147584257617183,-0.1900144035123521,descriptive_no_p_value
GSE136831,broad,cellchatdb,core,IL1A,IL1R2,macrophages,__broad__,fibroblasts,__broad__,50,1.0,4,18,-0.7035808762690046,-0.6262548814341242,-0.7809068711038858,-0.7838689429141925,-0.558981904499356,descriptive_no_p_value
GSE136831,broad,cellchatdb,core,IL1A,IL1R2,macrophages,__broad__,AT2,__broad__,50,1.0,10,3,-0.9810190122961711,-0.008970529053748955,-1.9530674955385927,-1.5597810631644216,-0.32192482487719065,descriptive_no_p_value
GSE136831,broad,cellchatdb,core,TGFB1,ACVR1B_TGFBR2,macrophages,__broad__,fibroblasts,__broad__,50,1.0,4,18,-0.07887339490002532,-0.16109087966656777,0.003344089866520683,-0.22440216425766923,-0.0034764820849897404,descriptive_no_p_value
GSE136831,broad,cellchatdb,core,TGFB1,ACVR1C_TGFBR2,macrophages,__broad__,fibroblasts,__broad__,50,1.0,4,18,0.5796898316552852,-0.16109087966656777,1.3204705429771388,0.4198905478530097,0.7233328608389424,descriptive_no_p_value
GSE136831,broad,cellchatdb,core,TGFB1,ACVR1_TGFBR1_TGFBR2,macrophages,__broad__,fibroblasts,__broad__,50,1.0,4,18,0.3062628591356287,-0.16109087966656777,0.7736165979378251,0.20647263433016594,0.38129279423619966,descriptive_no_p_value
GSE136831,broad,cellchatdb,core,AREG,EGFR_ERBB2,macrophages,__broad__,fibroblasts,__broad__,50,1.0,4,18,-0.06914885343109578,-0.3309053137113107,0.19260760684912048,-0.14985931192779844,0.01936765049447331,descriptive_no_p_value
GSE136831,broad,cellchatdb,core,HBEGF,EGFR_ERBB2,macrophages,__broad__,fibroblasts,__broad__,50,1.0,4,18,0.06485563786033044,-0.06289633112845827,0.19260760684912048,-0.15674325642953502,0.2101790406570725,descriptive_no_p_value
GSE136831,broad,cellchatdb,core,HBEGF,ERBB2_ERBB4,macrophages,__broad__,fibroblasts,__broad__,50,1.0,4,18,0.09933606014222107,-0.06289633112845827,0.26156845141289997,-0.11076936005368232,0.24327442102375496,descriptive_no_p_value
GSE136831,subtype,consensus,core,TGFB1,ITGAV_ITGB6,macrophages,Macrophage,fibroblasts,Fibroblast,50,1.0,4,10,-0.21373015448755694,-0.21119474588202358,-0.21626556309309075,-0.322268974130524,-0.10267218266712685,descriptive_no_p_value
GSE136831,subtype,consensus,core,TGFB1,ITGAV_ITGB6,macrophages,Macrophage_Alveolar,fibroblasts,Fibroblast,50,1.0,4,9,-0.2071546734649612,-0.21184595113766402,-0.20246339579225836,-0.2928816972152548,-0.14586074805690163,descriptive_no_p_value
GSE136831,subtype,consensus,core,TGFB1,ACVR1B_TGFBR2,macrophages,Macrophage,fibroblasts,Fibroblast,50,1.0,4,10,-0.0012007823588451316,-0.21119474588202358,0.20879318116433332,-0.13217086495499064,0.10337875322110257,descriptive_no_p_value
GSE136831,subtype,consensus,core,TGFB1,ACVR1B_TGFBR2,macrophages,Macrophage_Alveolar,fibroblasts,Fibroblast,50,1.0,4,9,0.027105938021851905,-0.21184595113766402,0.2660578271813687,-0.08003749368825996,0.10538718999806385,descriptive_no_p_value
GSE136831,subtype,consensus,core,TGFB1,TGFBR1_TGFBR2,macrophages,Macrophage,fibroblasts,Fibroblast,50,1.0,4,10,-0.21996268699724641,-0.21119474588202358,-0.2287306281124648,-0.4045788104579433,-0.13871845883717526,descriptive_no_p_value
GSE136831,subtype,consensus,core,TGFB1,TGFBR1_TGFBR2,macrophages,Macrophage_Alveolar,fibroblasts,Fibroblast,50,1.0,4,9,-0.21728349307231642,-0.21184595113766402,-0.22272103500696971,-0.34853013557974055,-0.1508730487801424,descriptive_no_p_value
GSE136831,subtype,consensus,core,TGFB1,ACVR1_TGFBR1_TGFBR2,macrophages,Macrophage,fibroblasts,Fibroblast,50,1.0,4,10,0.21315709637977598,-0.21119474588202358,0.6375089386415747,0.12409981352183497,0.33995664333130193,descriptive_no_p_value
GSE136831,subtype,consensus,core,TGFB1,ACVR1_TGFBR1_TGFBR2,macrophages,Macrophage_Alveolar,fibroblasts,Fibroblast,50,1.0,4,9,0.1739778190801946,-0.21184595113766402,0.5598015892980532,0.10874718710828635,0.2744790824279839,descriptive_no_p_value
GSE136831,subtype,consensus,core,TGFB1,ACVR1_TGFBR2,macrophages,Macrophage,fibroblasts,Fibroblast,50,1.0,4,10,0.24488825538414716,-0.21119474588202358,0.7009712566503188,0.15583097252620615,0.3716878023356731,descriptive_no_p_value
GSE136831,subtype,consensus,core,TGFB1,ACVR1_TGFBR2,macrophages,Macrophage_Alveolar,fibroblasts,Fibroblast,50,1.0,4,9,0.20073181061547007,-0.21184595113766402,0.6133095723686024,0.13550117864356181,0.3012330739632594,descriptive_no_p_value
GSE136831,subtype,consensus,core,TGFB1,ACVR1C_TGFBR2,macrophages,Macrophage,fibroblasts,Fibroblast,50,1.0,4,10,0.5802296852079687,-0.21119474588202358,1.3716541162979619,0.46876119453284915,0.679228304398058,descriptive_no_p_value
GSE136831,subtype,consensus,core,TGFB1,ACVR1C_TGFBR2,macrophages,Macrophage_Alveolar,fibroblasts,Fibroblast,50,1.0,4,9,0.6040517305135902,-0.21184595113766402,1.4199494121648457,0.5088174360163737,0.7113079500735799,descriptive_no_p_value
GSE136831,subtype,consensus,core,TGFB1,EGFR,macrophages,Macrophage,fibroblasts,Fibroblast,50,1.0,4,10,-0.083163474382971,-0.21119474588202358,0.04486779711608335,-0.13478990730655838,-0.00012320085394446068,descriptive_no_p_value
GSE136831,subtype,consensus,core,TGFB1,EGFR,macrophages,Macrophage_Alveolar,fibroblasts,Fibroblast,50,1.0,4,9,-0.04441664683042834,-0.21184595113766402,0.12301265747680645,-0.07075872223768087,0.021876503555703586,descriptive_no_p_value
GSE136831,subtype,consensus,core,TGFB1,ITGB3,macrophages,Macrophage,fibroblasts,Fibroblast,50,1.0,4,10,-0.17157832303910325,-0.21119474588202358,-0.13196190019618292,-0.30335188790950696,-0.06294571909472424,descriptive_no_p_value
GSE136831,subtype,consensus,core,TGFB1,ITGB3,macrophages,Macrophage_Alveolar,fibroblasts,Fibroblast,50,1.0,4,9,-0.2838706287897237,-0.21184595113766402,-0.3558953064417838,-0.41930801129393913,-0.18453525503906754,descriptive_no_p_value
GSE136831,subtype,consensus,core,TGFB1,ITGB1,macrophages,Macrophage,fibroblasts,Fibroblast,50,1.0,4,10,-0.041060940585848194,-0.21119474588202358,0.12907286471032986,-0.14301187688360084,0.05863827870053484,descriptive_no_p_value
GSE136831,subtype,consensus,core,TGFB1,ITGB1,macrophages,Macrophage_Alveolar,fibroblasts,Fibroblast,50,1.0,4,9,-0.1216372546987774,-0.21184595113766402,-0.031428558259888995,-0.21283497751637093,-0.028387439733656983,descriptive_no_p_value
GSE136831,subtype,consensus,core,TGFB1,ITGB5,macrophages,Macrophage,fibroblasts,Fibroblast,50,1.0,4,10,-0.09104405347920785,-0.21119474588202358,0.0291066389236061,-0.28466890760600183,0.021423857595631368,descriptive_no_p_value
GSE136831,subtype,consensus,core,TGFB1,ITGB5,macrophages,Macrophage_Alveolar,fibroblasts,Fibroblast,50,1.0,4,9,-0.0884260045604286,-0.21184595113766402,0.034993942016805946,-0.2286813777339507,-0.01747275240687518,descriptive_no_p_value
GSE136831,subtype,consensus,core,TGFB1,ITGB8,macrophages,Macrophage,fibroblasts,Fibroblast,50,1.0,4,10,-0.029648989388188163,-0.21119474588202358,0.15189676710564726,-0.18966612630036828,0.08033032567734288,descriptive_no_p_value
GSE136831,subtype,consensus,core,TGFB1,ITGB8,macrophages,Macrophage_Alveolar,fibroblasts,Fibroblast,50,1.0,4,9,-0.02333275852294392,-0.21184595113766402,0.1651804340917753,-0.2342477436706938,0.14001603749585811,descriptive_no_p_value
GSE136831,subtype,consensus,core,TGFB1,SDC2,macrophages,Macrophage,fibroblasts,Fibroblast,50,1.0,4,10,0.22164257406783872,-0.21119474588202358,0.6544798940177001,0.13073047067634214,0.33976493050748235,descriptive_no_p_value
GSE136831,subtype,consensus,core,TGFB1,SDC2,macrophages,Macrophage_Alveolar,fibroblasts,Fibroblast,50,1.0,4,9,0.16672329980961997,-0.21184595113766402,0.5452925507569022,0.07231227212674352,0.3086723071352955,descriptive_no_p_value
GSE136831,subtype,consensus,core,TGFB1,ACVRL1,macrophages,Macrophage,fibroblasts,Fibroblast,50,1.0,4,10,-0.011008985547745098,-0.21119474588202358,0.18917677478653339,-0.142136895679001,0.12146777371722894,descriptive_no_p_value
GSE136831,subtype,consensus,core,TGFB1,ACVRL1,macrophages,Macrophage_Alveolar,fibroblasts,Fibroblast,50,1.0,4,9,0.00310053566161006,-0.21184595113766402,0.21804702246088326,-0.14625682550648555,0.15940394581261774,descriptive_no_p_value
GSE136831,subtype,consensus,core,TGFB1,CXCR4,macrophages,Macrophage,fibroblasts,Fibroblast,50,1.0,4,10,0.24628625970214824,-0.21119474588202358,0.7037672652863205,-0.14022693023042354,0.5294521333598174,descriptive_no_p_value
GSE136831,subtype,consensus,core,TGFB1,CXCR4,macrophages,Macrophage_Alveolar,fibroblasts,Fibroblast,50,1.0,4,9,0.2076076563706657,-0.21184595113766402,0.627061263878995,-0.12553605260863332,0.46447524642459737,descriptive_no_p_value
GSE136831,subtype,consensus,core,TGFB1,TGFBR3,macrophages,Macrophage,fibroblasts,Fibroblast,50,1.0,4,10,-0.626465093958398,-0.21119474588202358,-1.0417354420347742,-0.7798619593849843,-0.49602356274110804,descriptive_no_p_value
GSE136831,subtype,consensus,core,TGFB1,TGFBR3,macrophages,Macrophage_Alveolar,fibroblasts,Fibroblast,50,1.0,4,9,-0.6080516230388548,-0.21184595113766402,-1.0042572949400483,-0.708079007512171,-0.5039083754253015,descriptive_no_p_value
GSE136831,subtype,consensus,core,TGFB1,VASN,macrophages,Macrophage,fibroblasts,Fibroblast,50,1.0,4,10,-0.4060200194102226,-0.21119474588202358,-0.6008452929384225,-0.5573912146606919,-0.3434299777952665,descriptive_no_p_value
GSE136831,subtype,consensus,core,TGFB1,VASN,macrophages,Macrophage_Alveolar,fibroblasts,Fibroblast,50,1.0,4,9,-0.4198715930491206,-0.21184595113766402,-0.627897234960578,-0.5474161374135553,-0.31547094625320593,descriptive_no_p_value
GSE136831,subtype,consensus,core,IL1A,IL1R1_IL1RAP,macrophages,Macrophage,fibroblasts,Fibroblast,50,1.0,4,10,0.5440361730265022,0.24160262615172612,0.8464697199012772,0.32986678891528154,0.784998877666724,descriptive_no_p_value
GSE136831,subtype,consensus,core,IL1A,IL1R1_IL1RAP,macrophages,Macrophage_Alveolar,fibroblasts,Fibroblast,50,1.0,4,9,0.3881901955164828,-0.019721368094797853,0.7961017591277626,0.2581217950775052,0.5742517482703269,descriptive_no_p_value
GSE136831,subtype,consensus,core,IL1A,IL1R1_IL1RAP,macrophages,Macrophage,AT2,ATII,50,1.0,10,3,-1.2203891944306022,-0.4298995309012801,-2.010878857959924,-1.8733784304405061,-0.6959395670179824,descriptive_no_p_value
GSE136831,subtype,consensus,core,IL1A,IL1R1_IL1RAP,macrophages,Macrophage_Alveolar,AT2,ATII,50,1.0,10,3,-0.9347029258670307,0.14147300622586467,-2.010878857959924,-1.6837760128388854,-0.3291852115917244,descriptive_no_p_value
GSE136831,subtype,consensus,core,IL1A,IL1R2_IL1RAP,macrophages,Macrophage,fibroblasts,Fibroblast,50,1.0,4,10,-0.2761614779464452,0.24160262615172612,-0.7939255820446163,-0.6287719907852511,0.18631853555878441,descriptive_no_p_value
GSE136831,subtype,consensus,core,IL1A,IL1R2_IL1RAP,macrophages,Macrophage_Alveolar,fibroblasts,Fibroblast,50,1.0,4,9,-0.5046838474113149,-0.019721368094797853,-0.989646326727831,-0.6580693356964527,-0.2943013810155244,descriptive_no_p_value
GSE136831,subtype,consensus,core,IL1A,IL1R2_IL1RAP,macrophages,Macrophage,AT2,ATII,50,1.0,10,3,-1.191483513219936,-0.4298995309012801,-1.9530674955385927,-1.6338449312896142,-0.5833613179708008,descriptive_no_p_value
GSE136831,subtype,consensus,core,IL1A,IL1R2_IL1RAP,macrophages,Macrophage_Alveolar,AT2,ATII,50,1.0,10,3,-0.9057972446563638,0.14147300622586467,-1.9530674955385927,-1.444242513687993,-0.2826592853079646,descriptive_no_p_value
GSE136831,subtype,consensus,core,IL1B,IL1R1_IL1RAP,macrophages,Macrophage,fibroblasts,Fibroblast,50,1.0,4,10,0.13261689921936526,-0.5812359214625467,0.8464697199012772,-0.03009216504491441,0.3437977622093893,descriptive_no_p_value
GSE136831,subtype,consensus,core,IL1B,IL1R1_IL1RAP,macrophages,Macrophage_Alveolar,fibroblasts,Fibroblast,50,1.0,4,9,0.15223074144869475,-0.49164027623037576,0.7961017591277626,-0.04800286674283605,0.4048756711420518,descriptive_no_p_value
GSE136831,subtype,consensus,core,IL1B,IL1R1_IL1RAP,macrophages,Macrophage,AT2,ATII,50,1.0,10,3,-1.5695212575335926,-1.1281636571072626,-2.010878857959924,-2.1466364024554414,-0.9435588509493398,descriptive_no_p_value
GSE136831,subtype,consensus,core,IL1B,IL1R1_IL1RAP,macrophages,Macrophage_Alveolar,AT2,ATII,50,1.0,10,3,-1.0805075124161414,-0.15013616687235665,-2.010878857959924,-1.684746949891771,-0.4357187897763204,descriptive_no_p_value
GSE136831,subtype,consensus,core,IL1B,IL1R2_IL1RAP,macrophages,Macrophage,fibroblasts,Fibroblast,50,1.0,4,10,-0.6875807517535817,-0.5812359214625467,-0.7939255820446163,-0.9887309447454458,-0.254882579898549,descriptive_no_p_value
GSE136831,subtype,consensus,core,IL1B,IL1R2_IL1RAP,macrophages,Macrophage_Alveolar,fibroblasts,Fibroblast,50,1.0,4,9,-0.7406433014791025,-0.49164027623037576,-0.989646326727831,-1.0283359023110723,-0.5015541362649723,descriptive_no_p_value
GSE136831,subtype,consensus,core,IL1B,IL1R2_IL1RAP,macrophages,Macrophage,AT2,ATII,50,1.0,10,3,-1.5406155763229266,-1.1281636571072626,-1.9530674955385927,-1.9071029033045495,-1.1098802513334785,descriptive_no_p_value
GSE136831,subtype,consensus,core,IL1B,IL1R2_IL1RAP,macrophages,Macrophage_Alveolar,AT2,ATII,50,1.0,10,3,-1.051601831205475,-0.15013616687235665,-1.9530674955385927,-1.4452134507408791,-0.612568529717815,descriptive_no_p_value
GSE136831,subtype,consensus,core,IL1B,ADRB2,macrophages,Macrophage,fibroblasts,Fibroblast,50,1.0,4,10,-0.21703492556001303,-0.5812359214625467,0.14716607034252083,-0.5114207918493081,0.04893181484779996,descriptive_no_p_value
GSE136831,subtype,consensus,core,IL1B,ADRB2,macrophages,Macrophage_Alveolar,fibroblasts,Fibroblast,50,1.0,4,9,-0.24416879596177044,-0.49164027623037576,0.003302684306834225,-0.40876783565617636,-0.060208984383701036,descriptive_no_p_value
GSE136831,subtype,consensus,core,IL1B,ADRB2,macrophages,Macrophage,AT2,ATII,50,1.0,10,3,-1.0248488242735228,-1.1281636571072626,-0.9215339914397846,-1.3229237780923233,-0.785182137221109,descriptive_no_p_value
GSE136831,subtype,consensus,core,IL1B,ADRB2,macrophages,Macrophage_Alveolar,AT2,ATII,50,1.0,10,3,-0.5358350791560706,-0.15013616687235665,-0.9215339914397846,-0.8610343255286512,-0.3668241455281773,descriptive_no_p_value
GSE136831,subtype,consensus,core,IL1B,SIGIRR,macrophages,Macrophage,fibroblasts,Fibroblast,50,1.0,4,10,-0.3761379422758271,-0.5812359214625467,-0.17103996308910752,-0.6242503360156952,-0.14039216367064,descriptive_no_p_value
GSE136831,subtype,consensus,core,IL1B,SIGIRR,macrophages,Macrophage_Alveolar,fibroblasts,Fibroblast,50,1.0,4,9,-0.32390109776546616,-0.49164027623037576,-0.15616191930055567,-0.4707744523575519,-0.15179522662786926,descriptive_no_p_value
GSE136831,subtype,consensus,core,IL1B,SIGIRR,macrophages,Macrophage,AT2,ATII,50,1.0,10,3,-0.7396137761051529,-1.1281636571072626,-0.3510638951030445,-1.2098211664072656,-0.32385890520350014,descriptive_no_p_value
GSE136831,subtype,consensus,core,IL1B,SIGIRR,macrophages,Macrophage_Alveolar,AT2,ATII,50,1.0,10,3,-0.2506000309877008,-0.15013616687235665,-0.3510638951030445,-0.7019811052342444,0.1734528164121638,descriptive_no_p_value
GSE136831,subtype,consensus,exploratory,CCL2,CCR1,fibroblasts,Fibroblast,macrophages,Macrophage,50,1.0,4,10,0.489680034716482,0.40168862962206475,0.5776714398109002,0.3636823837078209,0.7039772111852907,descriptive_no_p_value
GSE136831,subtype,consensus,exploratory,CCL2,CCR1,fibroblasts,Fibroblast,macrophages,Macrophage_Alveolar,50,1.0,4,9,0.10784336641966075,0.5309763773355325,-0.3152896444962092,-0.07859974191471597,0.36518709819419737,descriptive_no_p_value
GSE136831,subtype,consensus,exploratory,CCL2,CCR2,fibroblasts,Fibroblast,macrophages,Macrophage,50,1.0,4,10,0.5004797502151419,0.40168862962206475,0.5992708708082184,0.3910431040861857,0.5959736723850959,descriptive_no_p_value
GSE136831,subtype,consensus,exploratory,CCL2,CCR2,fibroblasts,Fibroblast,macrophages,Macrophage_Alveolar,50,1.0,4,9,0.6161607628482964,0.5309763773355325,0.7013451483610591,0.44419377071121113,0.8497573159602809,descriptive_no_p_value
GSE136831,subtype,consensus,exploratory,CCL2,CCR10,fibroblasts,Fibroblast,macrophages,Macrophage,50,1.0,4,10,0.40575118911872554,0.40168862962206475,0.4098137486153886,0.3164995672458879,0.5295755748130935,descriptive_no_p_value
GSE136831,subtype,consensus,exploratory,CCL2,CCR10,fibroblasts,Fibroblast,macrophages,Macrophage_Alveolar,50,1.0,4,9,0.3027068071479784,0.5309763773355325,0.07443723696042448,0.11387268897843406,0.43356416996208935,descriptive_no_p_value
GSE136831,subtype,consensus,exploratory,CCL2,CCR3,fibroblasts,Fibroblast,macrophages,Macrophage,50,1.0,4,10,0.6027855339419999,0.40168862962206475,0.8038824382619363,0.4373219395002197,0.8312790774954211,descriptive_no_p_value
GSE136831,subtype,consensus,exploratory,CCL2,CCR3,fibroblasts,Fibroblast,macrophages,Macrophage_Alveolar,50,1.0,4,9,0.10656415725965385,0.5309763773355325,-0.31784806281622335,-0.10025973922608067,0.35469934004636894,descriptive_no_p_value
GSE136831,subtype,consensus,exploratory,CCL2,CCR4,fibroblasts,Fibroblast,macrophages,Macrophage,50,1.0,4,10,0.5403656591242081,0.40168862962206475,0.6790426886263519,0.34286449920615114,0.7177755879371266,descriptive_no_p_value
GSE136831,subtype,consensus,exploratory,CCL2,CCR4,fibroblasts,Fibroblast,macrophages,Macrophage_Alveolar,50,1.0,4,9,-0.1405254584236708,0.5309763773355325,-0.8120272941828739,-0.38173527931422724,0.16069745766217602,descriptive_no_p_value
GSE136831,subtype,consensus,exploratory,CCL2,CCR5,fibroblasts,Fibroblast,macrophages,Macrophage,50,1.0,4,10,0.6054274733352338,0.40168862962206475,0.8091663170484029,0.5055756324612952,0.7213538961968231,descriptive_no_p_value
GSE136831,subtype,consensus,exploratory,CCL2,CCR5,fibroblasts,Fibroblast,macrophages,Macrophage_Alveolar,50,1.0,4,9,0.9339196635697329,0.5309763773355325,1.3368629498039337,0.7083286331816563,1.1011602868969925,descriptive_no_p_value
GSE136831,subtype,consensus,exploratory,CCL2,ACKR1,fibroblasts,Fibroblast,macrophages,Macrophage,50,1.0,4,10,0.47460406798307897,0.40168862962206475,0.5475195063440912,0.15758615191295977,0.7691084034093718,descriptive_no_p_value
GSE136831,subtype,consensus,exploratory,CCL2,ACKR1,fibroblasts,Fibroblast,macrophages,Macrophage_Alveolar,50,1.0,4,9,0.13659685505314112,0.5309763773355325,-0.25778266722924803,-0.18192709859164502,0.46887057590476866,descriptive_no_p_value
GSE136831,subtype,consensus,exploratory,CCL2,ACKR4,fibroblasts,Fibroblast,macrophages,Macrophage,50,1.0,4,10,0.2072269888408962,0.40168862962206475,0.012765348059727843,0.06900362162175755,0.5105588334379907,descriptive_no_p_value
GSE136831,subtype,consensus,exploratory,CCL2,ACKR4,fibroblasts,Fibroblast,macrophages,Macrophage_Alveolar,50,1.0,4,9,0.01781529114742675,0.5309763773355325,-0.4953457950406781,-0.26393488502478535,0.2784978519516179,descriptive_no_p_value
GSE136831,subtype,consensus,core,AREG,EGFR_ERBB2,macrophages,Macrophage,fibroblasts,Fibroblast,50,1.0,4,10,-0.35000970033098433,-0.7179839120909879,0.017964511429017893,-0.5454467963750336,-0.12102592620759811,descriptive_no_p_value
GSE136831,subtype,consensus,core,AREG,EGFR_ERBB2,macrophages,Macrophage_Alveolar,fibroblasts,Fibroblast,50,1.0,4,9,-0.10789745178131316,-0.19313677507984828,-0.022658128482778928,-0.32941205523340944,0.12209092271623412,descriptive_no_p_value
GSE136831,subtype,consensus,core,AREG,ERBB3,macrophages,Macrophage,fibroblasts,Fibroblast,50,1.0,4,10,-0.3974790810320066,-0.7179839120909879,-0.07697424997302726,-0.5908071469207057,-0.18830869204954315,descriptive_no_p_value
GSE136831,subtype,consensus,core,AREG,ERBB3,macrophages,Macrophage_Alveolar,fibroblasts,Fibroblast,50,1.0,4,9,-0.17193116036848544,-0.19313677507984828,-0.15072554565712393,-0.39841878060358127,0.038347818904292286,descriptive_no_p_value
GSE136831,subtype,consensus,exploratory,CXCL12,CD4,fibroblasts,Fibroblast,macrophages,Macrophage,50,1.0,4,10,1.312660208169027,1.756825926581718,0.8684944897563343,1.0712397755881478,1.4241869223387624,descriptive_no_p_value
GSE136831,subtype,consensus,exploratory,CXCL12,CD4,fibroblasts,Fibroblast,macrophages,Macrophage_Alveolar,50,1.0,4,9,0.9814407929553726,1.7054929886984658,0.25738859721228025,0.7139745434740306,1.1351213346415578,descriptive_no_p_value
GSE136831,subtype,consensus,exploratory,CXCL12,ITGB3,fibroblasts,Fibroblast,macrophages,Macrophage,50,1.0,4,10,1.143601284715297,1.756825926581718,0.5303766428488792,0.8688357846223731,1.4175164731991208,descriptive_no_p_value
GSE136831,subtype,consensus,exploratory,CXCL12,ITGB3,fibroblasts,Fibroblast,macrophages,Macrophage_Alveolar,50,1.0,4,9,1.120665123377555,1.7054929886984658,0.535837258056646,0.7995693214139297,1.2635398208209168,descriptive_no_p_value
GSE136831,subtype,consensus,exploratory,CXCL12,ITGB1,fibroblasts,Fibroblast,macrophages,Macrophage,50,1.0,4,10,0.5384944217139696,1.756825926581718,-0.6798370831537763,0.360089885873351,0.6775427749604273,descriptive_no_p_value
GSE136831,subtype,consensus,exploratory,CXCL12,ITGB1,fibroblasts,Fibroblast,macrophages,Macrophage_Alveolar,50,1.0,4,9,0.7120851153369543,1.7054929886984658,-0.2813227580245572,0.5007563806732991,0.8493521991740778,descriptive_no_p_value
GSE136831,subtype,consensus,exploratory,CXCL12,ITGAV,fibroblasts,Fibroblast,macrophages,Macrophage,50,1.0,4,10,0.6660936925205316,1.756825926581718,-0.42463854154065395,0.5065349481704882,0.8129270465135994,descriptive_no_p_value
GSE136831,subtype,consensus,exploratory,CXCL12,ITGAV,fibroblasts,Fibroblast,macrophages,Macrophage_Alveolar,50,1.0,4,9,0.633008053678144,1.7054929886984658,-0.439476881342177,0.45701198714409763,0.7680215090557319,descriptive_no_p_value
GSE136831,subtype,consensus,exploratory,CXCL12,ITGA5,fibroblasts,Fibroblast,macrophages,Macrophage,50,1.0,4,10,0.6998175407232123,1.756825926581718,-0.35719084513529253,0.5097228368640341,0.985526267426577,descriptive_no_p_value
GSE136831,subtype,consensus,exploratory,CXCL12,ITGA5,fibroblasts,Fibroblast,macrophages,Macrophage_Alveolar,50,1.0,4,9,0.662429327069848,1.7054929886984658,-0.38063433455876705,0.42522913139582474,0.8839469741194295,descriptive_no_p_value
GSE136831,subtype,consensus,exploratory,CXCL12,ITGA4,fibroblasts,Fibroblast,macrophages,Macrophage,50,1.0,4,10,1.1909905144794672,1.756825926581718,0.625155102377219,0.9533348173451106,1.3840338958659686,descriptive_no_p_value
GSE136831,subtype,consensus,exploratory,CXCL12,ITGA4,fibroblasts,Fibroblast,macrophages,Macrophage_Alveolar,50,1.0,4,9,1.134197826411727,1.7054929886984658,0.5629026641249895,0.9917136320047977,1.3131738701849138,descriptive_no_p_value
GSE136831,subtype,consensus,exploratory,CXCL12,ACKR3,fibroblasts,Fibroblast,macrophages,Macrophage,50,1.0,4,10,0.7539036781691646,1.756825926581718,-0.24901857024338714,0.30829208234608174,1.0247372605737137,descriptive_no_p_value
GSE136831,subtype,consensus,exploratory,CXCL12,ACKR3,fibroblasts,Fibroblast,macrophages,Macrophage_Alveolar,50,1.0,4,9,0.6181173161859252,1.7054929886984658,-0.4692583563266117,0.3207079670000974,0.8047038409846925,descriptive_no_p_value
GSE136831,subtype,consensus,exploratory,CXCL12,AVPR1A,fibroblasts,Fibroblast,macrophages,Macrophage,50,1.0,4,10,0.9445942665231115,1.756825926581718,0.1323626064645067,0.5938849436626323,1.4154841250855237,descriptive_no_p_value
GSE136831,subtype,consensus,exploratory,CXCL12,AVPR1A,fibroblasts,Fibroblast,macrophages,Macrophage_Alveolar,50,1.0,4,9,0.40970166184997114,1.7054929886984658,-0.8860896649985213,0.1810084222212116,0.7646492226815045,descriptive_no_p_value
GSE136831,subtype,consensus,exploratory,CXCL12,CXCR3,fibroblasts,Fibroblast,macrophages,Macrophage,50,1.0,4,10,1.3535263566718594,1.756825926581718,0.9502267867620029,1.172336990625517,1.4743608127285988,descriptive_no_p_value
GSE136831,subtype,consensus,exploratory,CXCL12,CXCR3,fibroblasts,Fibroblast,macrophages,Macrophage_Alveolar,50,1.0,4,9,0.7670094362563975,1.7054929886984658,-0.17147411618566943,0.43886485374038897,1.0595407608490777,descriptive_no_p_value
GSE136831,subtype,consensus,exploratory,CXCL12,CCR4,fibroblasts,Fibroblast,macrophages,Macrophage,50,1.0,4,10,1.217934307604034,1.756825926581718,0.6790426886263519,1.0659300793801434,1.367953901483225,descriptive_no_p_value
GSE136831,subtype,consensus,exploratory,CXCL12,CCR4,fibroblasts,Fibroblast,macrophages,Macrophage_Alveolar,50,1.0,4,9,0.44673284725779583,1.7054929886984658,-0.8120272941828739,0.1869187870667086,0.6431044289910888,descriptive_no_p_value
GSE136831,subtype,consensus,exploratory,CXCL12,CXCR4,fibroblasts,Fibroblast,macrophages,Macrophage,50,1.0,4,10,0.9728459279750918,1.756825926581718,0.18886592936846647,0.6460963581573305,1.2500782554492726,descriptive_no_p_value
GSE136831,subtype,consensus,exploratory,CXCL12,CXCR4,fibroblasts,Fibroblast,macrophages,Macrophage_Alveolar,50,1.0,4,9,0.9784675159303884,1.7054929886984658,0.251442043162311,0.646680026437469,1.23137897903682,descriptive_no_p_value
GSE136831,subtype,consensus,exploratory,CXCL12,GRM7,fibroblasts,Fibroblast,macrophages,Macrophage,50,1.0,4,10,1.1947370573707934,1.756825926581718,0.6326481881598696,1.0370841797342623,1.3444801001119617,descriptive_no_p_value
GSE136831,subtype,consensus,exploratory,CXCL12,GRM7,fibroblasts,Fibroblast,macrophages,Macrophage_Alveolar,50,1.0,4,9,0.6367542119966547,1.7054929886984658,-0.4319845647051552,0.47562693889505514,0.9303124858483827,descriptive_no_p_value
GSE136831,subtype,consensus,core,HBEGF,EGFR_ERBB2,macrophages,Macrophage,fibroblasts,Fibroblast,50,1.0,4,10,0.02296392304233663,0.027963334655654926,0.017964511429017893,-0.22163349696549162,0.22332916288551363,descriptive_no_p_value
GSE136831,subtype,consensus,core,HBEGF,EGFR_ERBB2,macrophages,Macrophage_Alveolar,fibroblasts,Fibroblast,50,1.0,4,9,0.01575908765467382,0.054176303792127456,-0.022658128482778928,-0.13667904308309264,0.12926766311362226,descriptive_no_p_value
GSE136831,subtype,consensus,core,HBEGF,ERBB2_ERBB4,macrophages,Macrophage,fibroblasts,Fibroblast,50,1.0,4,10,0.040444320624442476,0.027963334655654926,0.05292530659323047,-0.1983263001893496,0.22817625624938298,descriptive_no_p_value
GSE136831,subtype,consensus,core,HBEGF,ERBB2_ERBB4,macrophages,Macrophage_Alveolar,fibroblasts,Fibroblast,50,1.0,4,9,0.033239485236779664,0.054176303792127456,0.01230266668143365,-0.11337184630695152,0.12926766311362226,descriptive_no_p_value
GSE136831,subtype,consensus,core,HBEGF,CD44,macrophages,Macrophage,fibroblasts,Fibroblast,50,1.0,4,10,-0.012260529037346757,0.027963334655654926,-0.05248439273035288,-0.06697550721885115,0.058613939297041284,descriptive_no_p_value
GSE136831,subtype,consensus,core,HBEGF,CD44,macrophages,Macrophage_Alveolar,fibroblasts,Fibroblast,50,1.0,4,9,-0.03089164250413301,0.054176303792127456,-0.1159595888003917,-0.14857008723597787,0.09884056494353999,descriptive_no_p_value
GSE136831,subtype,consensus,core,HBEGF,PRLR,macrophages,Macrophage,fibroblasts,Fibroblast,50,1.0,4,10,0.1985901481163923,0.027963334655654926,0.36921696157712924,-0.04389824173608581,0.44984205075634476,descriptive_no_p_value
GSE136831,subtype,consensus,core,HBEGF,PRLR,macrophages,Macrophage_Alveolar,fibroblasts,Fibroblast,50,1.0,4,9,0.15743611503054522,0.054176303792127456,0.2606959262689621,0.0029673485980450387,0.30453671154914597,descriptive_no_p_value
GSE136831,subtype,consensus,exploratory,CCL2,ACKR2,fibroblasts,Fibroblast,macrophages,Macrophage,50,1.0,4,10,0.5025914741440745,0.40168862962206475,0.6034943186660837,0.17023304956512542,0.8448902120692368,descriptive_no_p_value
GSE136831,subtype,consensus,exploratory,CCL2,ACKR2,fibroblasts,Fibroblast,macrophages,Macrophage_Alveolar,50,1.0,4,9,0.23435029723721312,0.5309763773355325,-0.06227578286110513,0.03411626662632239,0.5428119622981984,descriptive_no_p_value
GSE136831,subtype,consensus,exploratory,CXCL12,DPP4,fibroblasts,Fibroblast,macrophages,Macrophage,50,1.0,4,10,0.9638660168539772,1.756825926581718,0.17090610712623877,0.634393878541073,1.3278286181939367,descriptive_no_p_value
GSE136831,subtype,consensus,exploratory,CXCL12,DPP4,fibroblasts,Fibroblast,macrophages,Macrophage_Alveolar,50,1.0,4,9,0.25582902256687845,1.7054929886984658,-1.1938349435647075,-0.2057189938316082,0.5712267700601483,descriptive_no_p_value
GSE136831,subtype,consensus,core,TGFB1,ENG,macrophages,Macrophage,fibroblasts,Fibroblast,50,1.0,4,10,-0.2578751415783156,-0.21119474588202358,-0.3045555372746067,-0.4088291783939457,-0.14490520742603152,descriptive_no_p_value
GSE136831,subtype,consensus,core,TGFB1,ENG,macrophages,Macrophage_Alveolar,fibroblasts,Fibroblast,50,1.0,4,9,-0.2609606383659173,-0.21184595113766402,-0.31007532559416795,-0.3880880242955138,-0.19888855244920212,descriptive_no_p_value
GSE136831,subtype,consensus,core,HBEGF,CD9,macrophages,Macrophage,fibroblasts,Fibroblast,50,1.0,4,10,0.2652242366716768,0.027963334655654926,0.5024851386876987,0.07011563090898232,0.47663267496514994,descriptive_no_p_value
GSE136831,subtype,consensus,core,HBEGF,CD9,macrophages,Macrophage_Alveolar,fibroblasts,Fibroblast,50,1.0,4,9,0.32701742974446635,0.054176303792127456,0.5998585556968061,0.22406811325183096,0.4342745619165873,descriptive_no_p_value
GSE136831,subtype,consensus,core,HBEGF,CD82,macrophages,Macrophage,fibroblasts,Fibroblast,50,1.0,4,10,-0.3387109465600062,0.027963334655654926,-0.7053852277756683,-0.5005790397057375,-0.1371148936392732,descriptive_no_p_value
GSE136831,subtype,consensus,core,HBEGF,CD82,macrophages,Macrophage_Alveolar,fibroblasts,Fibroblast,50,1.0,4,9,-0.28610256269789325,0.054176303792127456,-0.6263814291879135,-0.41871438455735444,-0.18791607572760416,descriptive_no_p_value
GSE136831,subtype,consensus,core,TGFB1,CAV1,macrophages,Macrophage,fibroblasts,Fibroblast,50,1.0,4,10,0.1430642074159758,-0.21119474588202358,0.4973231607139734,-0.2756866695785769,0.5115986066726261,descriptive_no_p_value
GSE136831,subtype,consensus,core,TGFB1,CAV1,macrophages,Macrophage_Alveolar,fibroblasts,Fibroblast,50,1.0,4,9,0.07951463384814605,-0.21184595113766402,0.37087521883395436,-0.315409592260373,0.39715118486922574,descriptive_no_p_value
GSE136831,subtype,consensus,exploratory,CXCL12,SDC4,fibroblasts,Fibroblast,macrophages,Macrophage,50,1.0,4,10,0.6626437031161885,1.756825926581718,-0.43153852034934026,0.3729140046249224,0.8973685033924079,descriptive_no_p_value
GSE136831,subtype,consensus,exploratory,CXCL12,SDC4,fibroblasts,Fibroblast,macrophages,Macrophage_Alveolar,50,1.0,4,9,0.5194910317770747,1.7054929886984658,-0.6665109251443164,0.274191407356021,0.7194570208046871,descriptive_no_p_value
GSE136831,subtype,consensus,core,TGFB1,LPP,macrophages,Macrophage,fibroblasts,Fibroblast,50,1.0,4,10,-0.014492602607747429,-0.21119474588202358,0.1822095406665305,-0.10175773944639133,0.07028227266612319,descriptive_no_p_value
GSE136831,subtype,consensus,core,TGFB1,LPP,macrophages,Macrophage_Alveolar,fibroblasts,Fibroblast,50,1.0,4,9,-0.013607236390992483,-0.21184595113766402,0.18463147835567995,-0.06085159894232817,0.04990465829111557,descriptive_no_p_value
GSE136831,subtype,cellchatdb,core,IL1B,IL1R2,macrophages,Macrophage,fibroblasts,Fibroblast,50,1.0,4,10,-0.6875807517535817,-0.5812359214625467,-0.7939255820446163,-0.9887309447454458,-0.254882579898549,descriptive_no_p_value
GSE136831,subtype,cellchatdb,core,IL1B,IL1R2,macrophages,Macrophage_Alveolar,fibroblasts,Fibroblast,50,1.0,4,9,-0.7406433014791025,-0.49164027623037576,-0.989646326727831,-1.0283359023110723,-0.5015541362649723,descriptive_no_p_value
GSE136831,subtype,cellchatdb,core,IL1B,IL1R2,macrophages,Macrophage,AT2,ATII,50,1.0,10,3,-1.5406155763229266,-1.1281636571072626,-1.9530674955385927,-1.9071029033045495,-1.1098802513334785,descriptive_no_p_value
GSE136831,subtype,cellchatdb,core,IL1B,IL1R2,macrophages,Macrophage_Alveolar,AT2,ATII,50,1.0,10,3,-1.051601831205475,-0.15013616687235665,-1.9530674955385927,-1.4452134507408791,-0.612568529717815,descriptive_no_p_value
GSE136831,subtype,cellchatdb,core,AREG,EGFR,macrophages,Macrophage,fibroblasts,Fibroblast,50,1.0,4,10,-0.33655805748745315,-0.7179839120909879,0.04486779711608335,-0.45476032305582414,-0.13232877414482047,descriptive_no_p_value
GSE136831,subtype,cellchatdb,core,AREG,EGFR,macrophages,Macrophage_Alveolar,fibroblasts,Fibroblast,50,1.0,4,9,-0.03506205880152091,-0.19313677507984828,0.12301265747680645,-0.2187753949033988,0.14777615117318543,descriptive_no_p_value
GSE136831,subtype,cellchatdb,core,HBEGF,EGFR,macrophages,Macrophage,fibroblasts,Fibroblast,50,1.0,4,10,0.036415565885868695,0.027963334655654926,0.04486779711608335,-0.1309470236462813,0.18963064120620476,descriptive_no_p_value
GSE136831,subtype,cellchatdb,core,HBEGF,EGFR,macrophages,Macrophage_Alveolar,fibroblasts,Fibroblast,50,1.0,4,9,0.08859448063446784,0.054176303792127456,0.12301265747680645,0.01339118037237963,0.15495289157057535,descriptive_no_p_value
GSE136831,subtype,cellchatdb,core,HBEGF,ERBB4,macrophages,Macrophage,fibroblasts,Fibroblast,50,1.0,4,10,0.7056240778310725,0.027963334655654926,1.38328482100649,0.584001388290396,0.8074827032701428,descriptive_no_p_value
GSE136831,subtype,cellchatdb,core,HBEGF,ERBB4,macrophages,Macrophage_Alveolar,fibroblasts,Fibroblast,50,1.0,4,9,0.8061850467000644,0.054176303792127456,1.5581937896080005,0.6802549347129192,0.8778772577300007,descriptive_no_p_value
GSE136831,subtype,cellchatdb,exploratory,CXCL12,ACKR3,fibroblasts,Fibroblast,macrophages,Macrophage,50,1.0,4,10,0.7539036781691646,1.756825926581718,-0.24901857024338714,0.30829208234608174,1.0247372605737137,descriptive_no_p_value
GSE136831,subtype,cellchatdb,exploratory,CXCL12,ACKR3,fibroblasts,Fibroblast,macrophages,Macrophage_Alveolar,50,1.0,4,9,0.6181173161859252,1.7054929886984658,-0.4692583563266117,0.3207079670000974,0.8047038409846925,descriptive_no_p_value
GSE136831,subtype,cellchatdb,exploratory,CCL2,CCR2,fibroblasts,Fibroblast,macrophages,Macrophage,50,1.0,4,10,0.5004797502151419,0.40168862962206475,0.5992708708082184,0.3910431040861857,0.5959736723850959,descriptive_no_p_value
GSE136831,subtype,cellchatdb,exploratory,CCL2,CCR2,fibroblasts,Fibroblast,macrophages,Macrophage_Alveolar,50,1.0,4,9,0.6161607628482964,0.5309763773355325,0.7013451483610591,0.44419377071121113,0.8497573159602809,descriptive_no_p_value
GSE136831,subtype,cellchatdb,exploratory,CXCL12,CXCR4,fibroblasts,Fibroblast,macrophages,Macrophage,50,1.0,4,10,0.9728459279750918,1.756825926581718,0.18886592936846647,0.6460963581573305,1.2500782554492726,descriptive_no_p_value
GSE136831,subtype,cellchatdb,exploratory,CXCL12,CXCR4,fibroblasts,Fibroblast,macrophages,Macrophage_Alveolar,50,1.0,4,9,0.9784675159303884,1.7054929886984658,0.251442043162311,0.646680026437469,1.23137897903682,descriptive_no_p_value
GSE136831,subtype,cellchatdb,exploratory,CCL2,ACKR1,fibroblasts,Fibroblast,macrophages,Macrophage,50,1.0,4,10,0.47460406798307897,0.40168862962206475,0.5475195063440912,0.15758615191295977,0.7691084034093718,descriptive_no_p_value
GSE136831,subtype,cellchatdb,exploratory,CCL2,ACKR1,fibroblasts,Fibroblast,macrophages,Macrophage_Alveolar,50,1.0,4,9,0.13659685505314112,0.5309763773355325,-0.25778266722924803,-0.18192709859164502,0.46887057590476866,descriptive_no_p_value
GSE136831,subtype,cellchatdb,exploratory,CCL2,ACKR2,fibroblasts,Fibroblast,macrophages,Macrophage,50,1.0,4,10,0.5025914741440745,0.40168862962206475,0.6034943186660837,0.17023304956512542,0.8448902120692368,descriptive_no_p_value
GSE136831,subtype,cellchatdb,exploratory,CCL2,ACKR2,fibroblasts,Fibroblast,macrophages,Macrophage_Alveolar,50,1.0,4,9,0.23435029723721312,0.5309763773355325,-0.06227578286110513,0.03411626662632239,0.5428119622981984,descriptive_no_p_value
GSE136831,subtype,cellchatdb,core,IL1A,IL1R1_IL1RAP,macrophages,Macrophage,fibroblasts,Fibroblast,50,1.0,4,10,0.5440361730265022,0.24160262615172612,0.8464697199012772,0.32986678891528154,0.784998877666724,descriptive_no_p_value
GSE136831,subtype,cellchatdb,core,IL1A,IL1R1_IL1RAP,macrophages,Macrophage_Alveolar,fibroblasts,Fibroblast,50,1.0,4,9,0.3881901955164828,-0.019721368094797853,0.7961017591277626,0.2581217950775052,0.5742517482703269,descriptive_no_p_value
GSE136831,subtype,cellchatdb,core,IL1A,IL1R1_IL1RAP,macrophages,Macrophage,AT2,ATII,50,1.0,10,3,-1.2203891944306022,-0.4298995309012801,-2.010878857959924,-1.8733784304405061,-0.6959395670179824,descriptive_no_p_value
GSE136831,subtype,cellchatdb,core,IL1A,IL1R1_IL1RAP,macrophages,Macrophage_Alveolar,AT2,ATII,50,1.0,10,3,-0.9347029258670307,0.14147300622586467,-2.010878857959924,-1.6837760128388854,-0.3291852115917244,descriptive_no_p_value
GSE136831,subtype,cellchatdb,core,IL1B,IL1R1_IL1RAP,macrophages,Macrophage,fibroblasts,Fibroblast,50,1.0,4,10,0.13261689921936526,-0.5812359214625467,0.8464697199012772,-0.03009216504491441,0.3437977622093893,descriptive_no_p_value
GSE136831,subtype,cellchatdb,core,IL1B,IL1R1_IL1RAP,macrophages,Macrophage_Alveolar,fibroblasts,Fibroblast,50,1.0,4,9,0.15223074144869475,-0.49164027623037576,0.7961017591277626,-0.04800286674283605,0.4048756711420518,descriptive_no_p_value
GSE136831,subtype,cellchatdb,core,IL1B,IL1R1_IL1RAP,macrophages,Macrophage,AT2,ATII,50,1.0,10,3,-1.5695212575335926,-1.1281636571072626,-2.010878857959924,-2.1466364024554414,-0.9435588509493398,descriptive_no_p_value
GSE136831,subtype,cellchatdb,core,IL1B,IL1R1_IL1RAP,macrophages,Macrophage_Alveolar,AT2,ATII,50,1.0,10,3,-1.0805075124161414,-0.15013616687235665,-2.010878857959924,-1.684746949891771,-0.4357187897763204,descriptive_no_p_value
GSE136831,subtype,cellchatdb,core,TGFB1,TGFBR1_TGFBR2,macrophages,Macrophage,fibroblasts,Fibroblast,50,1.0,4,10,-0.21996268699724641,-0.21119474588202358,-0.2287306281124648,-0.4045788104579433,-0.13871845883717526,descriptive_no_p_value
GSE136831,subtype,cellchatdb,core,TGFB1,TGFBR1_TGFBR2,macrophages,Macrophage_Alveolar,fibroblasts,Fibroblast,50,1.0,4,9,-0.21728349307231642,-0.21184595113766402,-0.22272103500696971,-0.34853013557974055,-0.1508730487801424,descriptive_no_p_value
GSE136831,subtype,cellchatdb,core,IL1A,IL1R2,macrophages,Macrophage,fibroblasts,Fibroblast,50,1.0,4,10,-0.2761614779464452,0.24160262615172612,-0.7939255820446163,-0.6287719907852511,0.18631853555878441,descriptive_no_p_value
GSE136831,subtype,cellchatdb,core,IL1A,IL1R2,macrophages,Macrophage_Alveolar,fibroblasts,Fibroblast,50,1.0,4,9,-0.5046838474113149,-0.019721368094797853,-0.989646326727831,-0.6580693356964527,-0.2943013810155244,descriptive_no_p_value
GSE136831,subtype,cellchatdb,core,IL1A,IL1R2,macrophages,Macrophage,AT2,ATII,50,1.0,10,3,-1.191483513219936,-0.4298995309012801,-1.9530674955385927,-1.6338449312896142,-0.5833613179708008,descriptive_no_p_value
GSE136831,subtype,cellchatdb,core,IL1A,IL1R2,macrophages,Macrophage_Alveolar,AT2,ATII,50,1.0,10,3,-0.9057972446563638,0.14147300622586467,-1.9530674955385927,-1.444242513687993,-0.2826592853079646,descriptive_no_p_value
GSE136831,subtype,cellchatdb,core,TGFB1,ACVR1B_TGFBR2,macrophages,Macrophage,fibroblasts,Fibroblast,50,1.0,4,10,-0.0012007823588451316,-0.21119474588202358,0.20879318116433332,-0.13217086495499064,0.10337875322110257,descriptive_no_p_value
GSE136831,subtype,cellchatdb,core,TGFB1,ACVR1B_TGFBR2,macrophages,Macrophage_Alveolar,fibroblasts,Fibroblast,50,1.0,4,9,0.027105938021851905,-0.21184595113766402,0.2660578271813687,-0.08003749368825996,0.10538718999806385,descriptive_no_p_value
GSE136831,subtype,cellchatdb,core,TGFB1,ACVR1C_TGFBR2,macrophages,Macrophage,fibroblasts,Fibroblast,50,1.0,4,10,0.5802296852079687,-0.21119474588202358,1.3716541162979619,0.46876119453284915,0.679228304398058,descriptive_no_p_value
GSE136831,subtype,cellchatdb,core,TGFB1,ACVR1C_TGFBR2,macrophages,Macrophage_Alveolar,fibroblasts,Fibroblast,50,1.0,4,9,0.6040517305135902,-0.21184595113766402,1.4199494121648457,0.5088174360163737,0.7113079500735799,descriptive_no_p_value
GSE136831,subtype,cellchatdb,core,TGFB1,ACVR1_TGFBR1_TGFBR2,macrophages,Macrophage,fibroblasts,Fibroblast,50,1.0,4,10,0.21315709637977598,-0.21119474588202358,0.6375089386415747,0.12409981352183497,0.33995664333130193,descriptive_no_p_value
GSE136831,subtype,cellchatdb,core,TGFB1,ACVR1_TGFBR1_TGFBR2,macrophages,Macrophage_Alveolar,fibroblasts,Fibroblast,50,1.0,4,9,0.1739778190801946,-0.21184595113766402,0.5598015892980532,0.10874718710828635,0.2744790824279839,descriptive_no_p_value
GSE136831,subtype,cellchatdb,core,AREG,EGFR_ERBB2,macrophages,Macrophage,fibroblasts,Fibroblast,50,1.0,4,10,-0.35000970033098433,-0.7179839120909879,0.017964511429017893,-0.5454467963750336,-0.12102592620759811,descriptive_no_p_value
GSE136831,subtype,cellchatdb,core,AREG,EGFR_ERBB2,macrophages,Macrophage_Alveolar,fibroblasts,Fibroblast,50,1.0,4,9,-0.10789745178131316,-0.19313677507984828,-0.022658128482778928,-0.32941205523340944,0.12209092271623412,descriptive_no_p_value
GSE136831,subtype,cellchatdb,core,HBEGF,EGFR_ERBB2,macrophages,Macrophage,fibroblasts,Fibroblast,50,1.0,4,10,0.02296392304233663,0.027963334655654926,0.017964511429017893,-0.22163349696549162,0.22332916288551363,descriptive_no_p_value
GSE136831,subtype,cellchatdb,core,HBEGF,EGFR_ERBB2,macrophages,Macrophage_Alveolar,fibroblasts,Fibroblast,50,1.0,4,9,0.01575908765467382,0.054176303792127456,-0.022658128482778928,-0.13667904308309264,0.12926766311362226,descriptive_no_p_value
GSE136831,subtype,cellchatdb,core,HBEGF,ERBB2_ERBB4,macrophages,Macrophage,fibroblasts,Fibroblast,50,1.0,4,10,0.040444320624442476,0.027963334655654926,0.05292530659323047,-0.1983263001893496,0.22817625624938298,descriptive_no_p_value
GSE136831,subtype,cellchatdb,core,HBEGF,ERBB2_ERBB4,macrophages,Macrophage_Alveolar,fibroblasts,Fibroblast,50,1.0,4,9,0.033239485236779664,0.054176303792127456,0.01230266668143365,-0.11337184630695152,0.12926766311362226,descriptive_no_p_value
GSE136831,broad,consensus,core,TGFB1,ITGAV_ITGB6,macrophages,__broad__,fibroblasts,__broad__,50,0.5,4,18,-0.478067435227727,-0.16111666184850648,-0.7950182086069466,-0.6082187376303576,-0.33228396310809316,descriptive_no_p_value
GSE136831,broad,consensus,core,TGFB1,ACVR1B_TGFBR2,macrophages,__broad__,fibroblasts,__broad__,50,0.5,4,18,-0.07884867975930554,-0.16111666184850648,0.0034193023298989544,-0.22584599117226034,-0.002849450280741017,descriptive_no_p_value
GSE136831,broad,consensus,core,TGFB1,TGFBR1_TGFBR2,macrophages,__broad__,fibroblasts,__broad__,50,0.5,4,18,-0.27330971643200463,-0.16111666184850648,-0.3855027710155019,-0.41664789305135663,-0.19094875422730606,descriptive_no_p_value
GSE136831,broad,consensus,core,TGFB1,ACVR1_TGFBR1_TGFBR2,macrophages,__broad__,fibroblasts,__broad__,50,0.5,4,18,0.3109869828588634,-0.16111666184850648,0.7830906275662324,0.20997383396323155,0.3868606124017191,descriptive_no_p_value
GSE136831,broad,consensus,core,TGFB1,ACVR1_TGFBR2,macrophages,__broad__,fibroblasts,__broad__,50,0.5,4,18,0.35224481835200727,-0.16111666184850648,0.865606298552521,0.25123166945637543,0.428118447894863,descriptive_no_p_value
GSE136831,broad,consensus,core,TGFB1,ACVR1C_TGFBR2,macrophages,__broad__,fibroblasts,__broad__,50,0.5,4,18,0.7514424761275245,-0.16111666184850648,1.6640016141035545,0.5312225406095279,0.9646394458543628,descriptive_no_p_value
GSE136831,broad,consensus,core,TGFB1,EGFR,macrophages,__broad__,fibroblasts,__broad__,50,0.5,4,18,-0.30912066056189413,-0.16111666184850648,-0.45712465927528,-0.34698577608124115,-0.26194489714963787,descriptive_no_p_value
GSE136831,broad,consensus,core,TGFB1,ITGB3,macrophages,__broad__,fibroblasts,__broad__,50,0.5,4,18,-0.42883331615673104,-0.16111666184850648,-0.6965499704649569,-0.5289896046946474,-0.33916365467321974,descriptive_no_p_value
GSE136831,broad,consensus,core,TGFB1,ITGB1,macrophages,__broad__,fibroblasts,__broad__,50,0.5,4,18,0.020279343702883423,-0.16111666184850648,0.20167534925427155,-0.07084302788985841,0.06741942922319932,descriptive_no_p_value
GSE136831,broad,consensus,core,TGFB1,ITGB5,macrophages,__broad__,fibroblasts,__broad__,50,0.5,4,18,0.03729647087225363,-0.16111666184850648,0.23570960359301285,-0.12328900543584975,0.14565802855241206,descriptive_no_p_value
GSE136831,broad,consensus,core,TGFB1,ITGB8,macrophages,__broad__,fibroblasts,__broad__,50,0.5,4,18,0.2435795752011174,-0.16111666184850648,0.6482758122507422,0.09084363521661754,0.4013082311481,descriptive_no_p_value
GSE136831,broad,consensus,core,TGFB1,SDC2,macrophages,__broad__,fibroblasts,__broad__,50,0.5,4,18,-0.05219732338440597,-0.16111666184850648,0.05672201507969454,-0.12451711920716413,0.045836813797581755,descriptive_no_p_value
GSE136831,broad,consensus,core,TGFB1,ACVRL1,macrophages,__broad__,fibroblasts,__broad__,50,0.5,4,18,-0.29071345825776085,-0.16111666184850648,-0.4203102546670152,-0.39025298805827635,-0.16115931581207388,descriptive_no_p_value
GSE136831,broad,consensus,core,TGFB1,CXCR4,macrophages,__broad__,fibroblasts,__broad__,50,0.5,4,18,0.23140463459674976,-0.16111666184850648,0.6239259310420064,-0.18943161394756913,0.5071528624253707,descriptive_no_p_value
GSE136831,broad,consensus,core,TGFB1,TGFBR3,macrophages,__broad__,fibroblasts,__broad__,50,0.5,4,18,-0.7405854989768406,-0.16111666184850648,-1.3200543361051746,-0.8531408968304364,-0.6460507534483222,descriptive_no_p_value
GSE136831,broad,consensus,core,TGFB1,VASN,macrophages,__broad__,fibroblasts,__broad__,50,0.5,4,18,-0.6209311384010929,-0.16111666184850648,-1.080745614953682,-0.7833913625413915,-0.5233455505197515,descriptive_no_p_value
GSE136831,broad,consensus,core,IL1A,IL1R1_IL1RAP,macrophages,__broad__,fibroblasts,__broad__,50,0.5,4,18,0.03497047408785825,-0.6287798979677799,0.6987208461434973,-0.05011993349481081,0.1745997178341705,descriptive_no_p_value
GSE136831,broad,consensus,core,IL1A,IL1R1_IL1RAP,macrophages,__broad__,AT2,__broad__,50,0.5,10,3,-1.1744225555659544,-0.009954473936429231,-2.3388906371954805,-2.047542449141595,-0.4020937114598828,descriptive_no_p_value
GSE136831,broad,consensus,core,IL1A,IL1R2_IL1RAP,macrophages,__broad__,fibroblasts,__broad__,50,0.5,4,18,-0.7640779407386726,-0.6287798979677799,-0.8993759835095658,-0.8523100261046128,-0.5960040950836833,descriptive_no_p_value
GSE136831,broad,consensus,core,IL1A,IL1R2_IL1RAP,macrophages,__broad__,AT2,__broad__,50,0.5,10,3,-1.2038240895601486,-0.009954473936429231,-2.397693705183868,-1.9168407441516717,-0.47674248158878463,descriptive_no_p_value
GSE136831,broad,consensus,core,IL1B,IL1R1_IL1RAP,macrophages,__broad__,fibroblasts,__broad__,50,0.5,4,18,0.008617619214866146,-0.6814856077137668,0.6987208461434973,-0.2187786936278595,0.10830165060638741,descriptive_no_p_value
GSE136831,broad,consensus,core,IL1B,IL1R1_IL1RAP,macrophages,__broad__,AT2,__broad__,50,0.5,10,3,-1.5901985370978773,-0.841506437000274,-2.3388906371954805,-2.291155380572536,-0.7803779218043578,descriptive_no_p_value
GSE136831,broad,consensus,core,IL1B,IL1R2_IL1RAP,macrophages,__broad__,fibroblasts,__broad__,50,0.5,4,18,-0.790430795611667,-0.6814856077137668,-0.8993759835095658,-1.1215905269812456,-0.4563758639495541,descriptive_no_p_value
GSE136831,broad,consensus,core,IL1B,IL1R2_IL1RAP,macrophages,__broad__,AT2,__broad__,50,0.5,10,3,-1.6196000710920715,-0.841506437000274,-2.397693705183868,-2.1604536755826125,-1.1021732844091376,descriptive_no_p_value
GSE136831,broad,consensus,core,IL1B,ADRB2,macrophages,__broad__,fibroblasts,__broad__,50,0.5,4,18,-0.11111767874783851,-0.6814856077137668,0.45925025021808985,-0.3430393226476811,0.10490685475009975,descriptive_no_p_value
GSE136831,broad,consensus,core,IL1B,ADRB2,macrophages,__broad__,AT2,__broad__,50,0.5,10,3,-0.8900538182723876,-0.841506437000274,-0.9386011995445029,-1.2341219790278357,-0.6613336566300125,descriptive_no_p_value
GSE136831,broad,consensus,core,IL1B,SIGIRR,macrophages,__broad__,fibroblasts,__broad__,50,0.5,4,18,-0.6139632671359694,-0.6814856077137668,-0.5464409265581729,-0.7384655734135492,-0.49380607171107815,descriptive_no_p_value
GSE136831,broad,consensus,core,IL1B,SIGIRR,macrophages,__broad__,AT2,__broad__,50,0.5,10,3,-0.6012589533722954,-0.841506437000274,-0.36101146974431764,-1.056101048884651,-0.16192400800770734,descriptive_no_p_value
GSE136831,broad,consensus,exploratory,CCL2,CCR1,fibroblasts,__broad__,macrophages,__broad__,50,0.5,4,18,0.26435945017300533,0.13186679626636,0.3968521040796489,0.09687136264097163,0.5005817882939505,descriptive_no_p_value
GSE136831,broad,consensus,exploratory,CCL2,CCR2,fibroblasts,__broad__,macrophages,__broad__,50,0.5,4,18,0.5151906035103311,0.13186679626636,0.8985144107543017,0.27569451103444553,0.6811103456671019,descriptive_no_p_value
GSE136831,broad,consensus,exploratory,CCL2,CCR10,fibroblasts,__broad__,macrophages,__broad__,50,0.5,4,18,0.21522628394914367,0.13186679626636,0.2985857716319233,0.0640290800329133,0.30770318559912013,descriptive_no_p_value
GSE136831,broad,consensus,exploratory,CCL2,CCR3,fibroblasts,__broad__,macrophages,__broad__,50,0.5,4,18,0.4780396599032297,0.13186679626636,0.8242125235400981,0.25261420775997223,0.7187543214004517,descriptive_no_p_value
GSE136831,broad,consensus,exploratory,CCL2,CCR4,fibroblasts,__broad__,macrophages,__broad__,50,0.5,4,18,0.14224501065916817,0.13186679626636,0.152623225051975,-0.018667758467621365,0.28933838136423917,descriptive_no_p_value
GSE136831,broad,consensus,exploratory,CCL2,CCR5,fibroblasts,__broad__,macrophages,__broad__,50,0.5,4,18,0.7890691121634505,0.13186679626636,1.4462714280605398,0.5404336556182701,0.9723360204635103,descriptive_no_p_value
GSE136831,broad,consensus,exploratory,CCL2,ACKR1,fibroblasts,__broad__,macrophages,__broad__,50,0.5,4,18,0.36386155999377046,0.13186679626636,0.5958563237211785,0.021015841823110115,0.693346630810828,descriptive_no_p_value
GSE136831,broad,consensus,exploratory,CCL2,ACKR4,fibroblasts,__broad__,macrophages,__broad__,50,0.5,4,18,-0.09524102140968882,0.13186679626636,-0.3223488390857385,-0.3009537875761339,0.2049674684946443,descriptive_no_p_value
GSE136831,broad,consensus,core,AREG,EGFR_ERBB2,macrophages,__broad__,fibroblasts,__broad__,50,0.5,4,18,-0.06802781319344575,-0.33095490317389675,0.19489927678700436,-0.15120861035411526,0.022713377754428166,descriptive_no_p_value
GSE136831,broad,consensus,core,AREG,ERBB3,macrophages,__broad__,fibroblasts,__broad__,50,0.5,4,18,-0.09732598382747337,-0.33095490317389675,0.13630293551894934,-0.23968333942861353,0.1702574370515988,descriptive_no_p_value
GSE136831,broad,consensus,exploratory,CXCL12,CD4,fibroblasts,__broad__,macrophages,__broad__,50,0.5,4,18,0.9216111423654842,1.4814034860046759,0.3618187987262953,0.68273878854479,1.0637937739671735,descriptive_no_p_value
GSE136831,broad,consensus,exploratory,CXCL12,ITGB3,fibroblasts,__broad__,macrophages,__broad__,50,0.5,4,18,1.2843132821005456,1.4814034860046759,1.0872230781964178,1.0445728625421822,1.6723833973839484,descriptive_no_p_value
GSE136831,broad,consensus,exploratory,CXCL12,ITGB1,fibroblasts,__broad__,macrophages,__broad__,50,0.5,4,18,0.5643037198760448,1.4814034860046759,-0.3527960462525854,0.4028998170855864,0.7632719869726179,descriptive_no_p_value
GSE136831,broad,consensus,exploratory,CXCL12,ITGAV,fibroblasts,__broad__,macrophages,__broad__,50,0.5,4,18,0.5602094413281611,1.4814034860046759,-0.3609846033483519,0.4148017590160302,0.7401503705716772,descriptive_no_p_value
GSE136831,broad,consensus,exploratory,CXCL12,ITGA5,fibroblasts,__broad__,macrophages,__broad__,50,0.5,4,18,0.5808673333550942,1.4814034860046759,-0.31966881929448476,0.383858511434223,0.8856848474273402,descriptive_no_p_value
GSE136831,broad,consensus,exploratory,CXCL12,ITGA4,fibroblasts,__broad__,macrophages,__broad__,50,0.5,4,18,1.1767070607370331,1.4814034860046759,0.8720106354693895,1.012881127527475,1.3224791139014882,descriptive_no_p_value
GSE136831,broad,consensus,exploratory,CXCL12,ACKR3,fibroblasts,__broad__,macrophages,__broad__,50,0.5,4,18,0.4009521330044299,1.4814034860046759,-0.6794992199958161,0.042336224503011444,0.6009552432699401,descriptive_no_p_value
GSE136831,broad,consensus,exploratory,CXCL12,AVPR1A,fibroblasts,__broad__,macrophages,__broad__,50,0.5,4,18,0.42380016488133787,1.4814034860046759,-0.6338031562419997,0.17676362206542073,0.994596016070069,descriptive_no_p_value
GSE136831,broad,consensus,exploratory,CXCL12,CXCR3,fibroblasts,__broad__,macrophages,__broad__,50,0.5,4,18,0.7935719432370285,1.4814034860046759,0.1057404004693816,0.4857260949162836,1.0938158218237952,descriptive_no_p_value
GSE136831,broad,consensus,exploratory,CXCL12,CCR4,fibroblasts,__broad__,macrophages,__broad__,50,0.5,4,18,0.8170133555283259,1.4814034860046759,0.152623225051975,0.6365856775326879,0.9361850873466346,descriptive_no_p_value
GSE136831,broad,consensus,exploratory,CXCL12,CXCR4,fibroblasts,__broad__,macrophages,__broad__,50,0.5,4,18,1.0103589990574324,1.4814034860046759,0.539314512110189,0.7174606185803327,1.2087171737374014,descriptive_no_p_value
GSE136831,broad,consensus,exploratory,CXCL12,GRM7,fibroblasts,__broad__,macrophages,__broad__,50,0.5,4,18,0.9627581036767219,1.4814034860046759,0.44411272134876745,0.8215961946546653,1.1251885292548915,descriptive_no_p_value
GSE136831,broad,consensus,core,HBEGF,EGFR_ERBB2,macrophages,__broad__,fibroblasts,__broad__,50,0.5,4,18,0.06599425979475626,-0.06291075719749362,0.19489927678700436,-0.15812506791390835,0.21356414781314026,descriptive_no_p_value
GSE136831,broad,consensus,core,HBEGF,ERBB2_ERBB4,macrophages,__broad__,fibroblasts,__broad__,50,0.5,4,18,0.10130793049270626,-0.06291075719749362,0.26552661818290435,-0.11104017364997532,0.24627726717969,descriptive_no_p_value
GSE136831,broad,consensus,core,HBEGF,CD44,macrophages,__broad__,fibroblasts,__broad__,50,0.5,4,18,-0.19600217045623847,-0.06291075719749362,-0.32909358371498243,-0.27619900797163766,-0.08660838891091682,descriptive_no_p_value
GSE136831,broad,consensus,core,HBEGF,PRLR,macrophages,__broad__,fibroblasts,__broad__,50,0.5,4,18,0.39339505642887174,-0.06291075719749362,0.8497008700552363,0.1754333488913784,0.6102862247209462,descriptive_no_p_value
GSE136831,broad,consensus,exploratory,CCL2,ACKR2,fibroblasts,__broad__,macrophages,__broad__,50,0.5,4,18,0.05563577816609877,0.13186679626636,-0.020595239934163345,-0.14919213078382398,0.26064538900243095,descriptive_no_p_value
GSE136831,broad,consensus,exploratory,CXCL12,DPP4,fibroblasts,__broad__,macrophages,__broad__,50,0.5,4,18,1.1611701059925865,1.4814034860046759,0.840936725980497,0.858368945610485,1.6465851787568666,descriptive_no_p_value
GSE136831,broad,consensus,core,TGFB1,ENG,macrophages,__broad__,fibroblasts,__broad__,50,0.5,4,18,-0.23746238736163772,-0.16111666184850648,-0.31380811287477073,-0.40613965383343675,-0.12727118414475314,descriptive_no_p_value
GSE136831,broad,consensus,core,HBEGF,CD9,macrophages,__broad__,fibroblasts,__broad__,50,0.5,4,18,0.370068713392234,-0.06291075719749362,0.8030481839819634,0.2058756073917447,0.5241865087015389,descriptive_no_p_value
GSE136831,broad,consensus,core,HBEGF,CD82,macrophages,__broad__,fibroblasts,__broad__,50,0.5,4,18,0.2152939534042586,-0.06291075719749362,0.49349866400600995,0.08307784760341441,0.4097046312789887,descriptive_no_p_value
GSE136831,broad,consensus,core,TGFB1,CAV1,macrophages,__broad__,fibroblasts,__broad__,50,0.5,4,18,0.3003444345212749,-0.16111666184850648,0.7618055308910545,-0.08975840264345525,0.6486510178309324,descriptive_no_p_value
GSE136831,broad,consensus,exploratory,CXCL12,SDC4,fibroblasts,__broad__,macrophages,__broad__,50,0.5,4,18,0.6183020922969238,1.4814034860046759,-0.2447993014108274,0.37422214614794225,0.820490995149119,descriptive_no_p_value
GSE136831,broad,consensus,core,TGFB1,LPP,macrophages,__broad__,fibroblasts,__broad__,50,0.5,4,18,0.10365984951409324,-0.16111666184850648,0.3684363608766912,0.035944100906286636,0.16856747182232112,descriptive_no_p_value
GSE136831,broad,cellchatdb,core,IL1B,IL1R2,macrophages,__broad__,fibroblasts,__broad__,50,0.5,4,18,-0.790430795611667,-0.6814856077137668,-0.8993759835095658,-1.1215905269812456,-0.4563758639495541,descriptive_no_p_value
GSE136831,broad,cellchatdb,core,IL1B,IL1R2,macrophages,__broad__,AT2,__broad__,50,0.5,10,3,-1.6196000710920715,-0.841506437000274,-2.397693705183868,-2.1604536755826125,-1.1021732844091376,descriptive_no_p_value
GSE136831,broad,cellchatdb,core,AREG,EGFR,macrophages,__broad__,fibroblasts,__broad__,50,0.5,4,18,-0.3940397812245875,-0.33095490317389675,-0.45712465927528,-0.4582285535064683,-0.3003643101429736,descriptive_no_p_value
GSE136831,broad,cellchatdb,core,HBEGF,EGFR,macrophages,__broad__,fibroblasts,__broad__,50,0.5,4,18,-0.26001770823638726,-0.06291075719749362,-0.45712465927528,-0.3892340536784289,-0.17111194896366566,descriptive_no_p_value
GSE136831,broad,cellchatdb,core,HBEGF,ERBB4,macrophages,__broad__,fibroblasts,__broad__,50,0.5,4,18,0.6247028161680737,-0.06291075719749362,1.3123163895336383,0.5600065078665581,0.7125338893393351,descriptive_no_p_value
GSE136831,broad,cellchatdb,exploratory,CXCL12,ACKR3,fibroblasts,__broad__,macrophages,__broad__,50,0.5,4,18,0.4009521330044299,1.4814034860046759,-0.6794992199958161,0.042336224503011444,0.6009552432699401,descriptive_no_p_value
GSE136831,broad,cellchatdb,exploratory,CCL2,CCR2,fibroblasts,__broad__,macrophages,__broad__,50,0.5,4,18,0.5151906035103311,0.13186679626636,0.8985144107543017,0.27569451103444553,0.6811103456671019,descriptive_no_p_value
GSE136831,broad,cellchatdb,exploratory,CXCL12,CXCR4,fibroblasts,__broad__,macrophages,__broad__,50,0.5,4,18,1.0103589990574324,1.4814034860046759,0.539314512110189,0.7174606185803327,1.2087171737374014,descriptive_no_p_value
GSE136831,broad,cellchatdb,exploratory,CCL2,ACKR1,fibroblasts,__broad__,macrophages,__broad__,50,0.5,4,18,0.36386155999377046,0.13186679626636,0.5958563237211785,0.021015841823110115,0.693346630810828,descriptive_no_p_value
GSE136831,broad,cellchatdb,exploratory,CCL2,ACKR2,fibroblasts,__broad__,macrophages,__broad__,50,0.5,4,18,0.05563577816609877,0.13186679626636,-0.020595239934163345,-0.14919213078382398,0.26064538900243095,descriptive_no_p_value
GSE136831,broad,cellchatdb,core,IL1A,IL1R1_IL1RAP,macrophages,__broad__,fibroblasts,__broad__,50,0.5,4,18,0.03497047408785825,-0.6287798979677799,0.6987208461434973,-0.05011993349481081,0.1745997178341705,descriptive_no_p_value
GSE136831,broad,cellchatdb,core,IL1A,IL1R1_IL1RAP,macrophages,__broad__,AT2,__broad__,50,0.5,10,3,-1.1744225555659544,-0.009954473936429231,-2.3388906371954805,-2.047542449141595,-0.4020937114598828,descriptive_no_p_value
GSE136831,broad,cellchatdb,core,IL1B,IL1R1_IL1RAP,macrophages,__broad__,fibroblasts,__broad__,50,0.5,4,18,0.008617619214866146,-0.6814856077137668,0.6987208461434973,-0.2187786936278595,0.10830165060638741,descriptive_no_p_value
GSE136831,broad,cellchatdb,core,IL1B,IL1R1_IL1RAP,macrophages,__broad__,AT2,__broad__,50,0.5,10,3,-1.5901985370978773,-0.841506437000274,-2.3388906371954805,-2.291155380572536,-0.7803779218043578,descriptive_no_p_value
GSE136831,broad,cellchatdb,core,TGFB1,TGFBR1_TGFBR2,macrophages,__broad__,fibroblasts,__broad__,50,0.5,4,18,-0.27330971643200463,-0.16111666184850648,-0.3855027710155019,-0.41664789305135663,-0.19094875422730606,descriptive_no_p_value
GSE136831,broad,cellchatdb,core,IL1A,IL1R2,macrophages,__broad__,fibroblasts,__broad__,50,0.5,4,18,-0.7640779407386726,-0.6287798979677799,-0.8993759835095658,-0.8523100261046128,-0.5960040950836833,descriptive_no_p_value
GSE136831,broad,cellchatdb,core,IL1A,IL1R2,macrophages,__broad__,AT2,__broad__,50,0.5,10,3,-1.2038240895601486,-0.009954473936429231,-2.397693705183868,-1.9168407441516717,-0.47674248158878463,descriptive_no_p_value
GSE136831,broad,cellchatdb,core,TGFB1,ACVR1B_TGFBR2,macrophages,__broad__,fibroblasts,__broad__,50,0.5,4,18,-0.07884867975930554,-0.16111666184850648,0.0034193023298989544,-0.22584599117226034,-0.002849450280741017,descriptive_no_p_value
GSE136831,broad,cellchatdb,core,TGFB1,ACVR1C_TGFBR2,macrophages,__broad__,fibroblasts,__broad__,50,0.5,4,18,0.7514424761275245,-0.16111666184850648,1.6640016141035545,0.5312225406095279,0.9646394458543628,descriptive_no_p_value
GSE136831,broad,cellchatdb,core,TGFB1,ACVR1_TGFBR1_TGFBR2,macrophages,__broad__,fibroblasts,__broad__,50,0.5,4,18,0.3109869828588634,-0.16111666184850648,0.7830906275662324,0.20997383396323155,0.3868606124017191,descriptive_no_p_value
GSE136831,broad,cellchatdb,core,AREG,EGFR_ERBB2,macrophages,__broad__,fibroblasts,__broad__,50,0.5,4,18,-0.06802781319344575,-0.33095490317389675,0.19489927678700436,-0.15120861035411526,0.022713377754428166,descriptive_no_p_value
GSE136831,broad,cellchatdb,core,HBEGF,EGFR_ERBB2,macrophages,__broad__,fibroblasts,__broad__,50,0.5,4,18,0.06599425979475626,-0.06291075719749362,0.19489927678700436,-0.15812506791390835,0.21356414781314026,descriptive_no_p_value
GSE136831,broad,cellchatdb,core,HBEGF,ERBB2_ERBB4,macrophages,__broad__,fibroblasts,__broad__,50,0.5,4,18,0.10130793049270626,-0.06291075719749362,0.26552661818290435,-0.11104017364997532,0.24627726717969,descriptive_no_p_value
GSE136831,subtype,consensus,core,TGFB1,ITGAV_ITGB6,macrophages,Macrophage,fibroblasts,Fibroblast,50,0.5,4,10,-0.22142248348124838,-0.21124108401502095,-0.23160388294747447,-0.3326194751414615,-0.10783948979820046,descriptive_no_p_value
GSE136831,subtype,consensus,core,TGFB1,ITGAV_ITGB6,macrophages,Macrophage_Alveolar,fibroblasts,Fibroblast,50,0.5,4,9,-0.21498014771889107,-0.2119330562473074,-0.21802723919047295,-0.30370546149558564,-0.14849262293961907,descriptive_no_p_value
GSE136831,subtype,consensus,core,TGFB1,ACVR1B_TGFBR2,macrophages,Macrophage,fibroblasts,Fibroblast,50,0.5,4,10,0.0006770998488230262,-0.21124108401502095,0.21259528371266345,-0.13264838553697977,0.10630506683776719,descriptive_no_p_value
GSE136831,subtype,consensus,core,TGFB1,ACVR1B_TGFBR2,macrophages,Macrophage_Alveolar,fibroblasts,Fibroblast,50,0.5,4,9,0.029454716096402933,-0.2119330562473074,0.2708424884401124,-0.08003965283486103,0.10878326280011308,descriptive_no_p_value
GSE136831,subtype,consensus,core,TGFB1,TGFBR1_TGFBR2,macrophages,Macrophage,fibroblasts,Fibroblast,50,0.5,4,10,-0.2213118713776705,-0.21124108401502095,-0.23138265874032005,-0.4070269007581935,-0.13939690382747383,descriptive_no_p_value
GSE136831,subtype,consensus,core,TGFB1,TGFBR1_TGFBR2,macrophages,Macrophage_Alveolar,fibroblasts,Fibroblast,50,0.5,4,9,-0.2186785702066807,-0.2119330562473074,-0.22542408416605486,-0.3510168626495114,-0.15171218283479249,descriptive_no_p_value
GSE136831,subtype,consensus,core,TGFB1,ACVR1_TGFBR1_TGFBR2,macrophages,Macrophage,fibroblasts,Fibroblast,50,0.5,4,10,0.21917034555561266,-0.21124108401502095,0.649581775126248,0.12819616030158976,0.3479733886681853,descriptive_no_p_value
GSE136831,subtype,consensus,core,TGFB1,ACVR1_TGFBR1_TGFBR2,macrophages,Macrophage_Alveolar,fibroblasts,Fibroblast,50,0.5,4,9,0.17926921392753137,-0.2119330562473074,0.570471484102371,0.1121261451280482,0.28177283675487086,descriptive_no_p_value
GSE136831,subtype,consensus,core,TGFB1,ACVR1_TGFBR2,macrophages,Macrophage,fibroblasts,Fibroblast,50,0.5,4,10,0.25136909485386116,-0.21124108401502095,0.7139792737227468,0.16039490959983826,0.3801721379664338,descriptive_no_p_value
GSE136831,subtype,consensus,core,TGFB1,ACVR1_TGFBR2,macrophages,Macrophage_Alveolar,fibroblasts,Fibroblast,50,0.5,4,9,0.20645837806221135,-0.2119330562473074,0.6248498123717301,0.13931530926272817,0.30896200088955084,descriptive_no_p_value
GSE136831,subtype,consensus,core,TGFB1,ACVR1C_TGFBR2,macrophages,Macrophage,fibroblasts,Fibroblast,50,0.5,4,10,0.7586821773063481,-0.21124108401502095,1.7286054386277179,0.5965107817353292,0.8956857265023279,descriptive_no_p_value
GSE136831,subtype,consensus,core,TGFB1,ACVR1C_TGFBR2,macrophages,Macrophage_Alveolar,fibroblasts,Fibroblast,50,0.5,4,9,0.7794173822312382,-0.2119330562473074,1.770767820709783,0.6410771031147573,0.9495567260670992,descriptive_no_p_value
GSE136831,subtype,consensus,core,TGFB1,EGFR,macrophages,Macrophage,fibroblasts,Fibroblast,50,0.5,4,10,-0.08322262557043025,-0.21124108401502095,0.044795832874160446,-0.13480776199480005,-2.7891328904239288e-05,descriptive_no_p_value
GSE136831,subtype,consensus,core,TGFB1,EGFR,macrophages,Macrophage_Alveolar,fibroblasts,Fibroblast,50,0.5,4,9,-0.04440050991450306,-0.2119330562473074,0.12313203641829684,-0.07085237039511671,0.022070431694809045,descriptive_no_p_value
GSE136831,subtype,consensus,core,TGFB1,ITGB3,macrophages,Macrophage,fibroblasts,Fibroblast,50,0.5,4,10,-0.18724333662083303,-0.21124108401502095,-0.16324558922664378,-0.3241922769834389,-0.07029742537361727,descriptive_no_p_value
GSE136831,subtype,consensus,core,TGFB1,ITGB3,macrophages,Macrophage_Alveolar,fibroblasts,Fibroblast,50,0.5,4,9,-0.3047269814676836,-0.2119330562473074,-0.3975209066880563,-0.44662432984114364,-0.1966845135617481,descriptive_no_p_value
GSE136831,subtype,consensus,core,TGFB1,ITGB1,macrophages,Macrophage,fibroblasts,Fibroblast,50,0.5,4,10,-0.041258855249581394,-0.21124108401502095,0.12872337351585905,-0.1435701351457821,0.05888327575508967,descriptive_no_p_value
GSE136831,subtype,consensus,core,TGFB1,ITGB1,macrophages,Macrophage_Alveolar,fibroblasts,Fibroblast,50,0.5,4,9,-0.122097669499869,-0.2119330562473074,-0.03226228275242793,-0.21356404862074463,-0.02837885054222511,descriptive_no_p_value
GSE136831,subtype,consensus,core,TGFB1,ITGB5,macrophages,Macrophage,fibroblasts,Fibroblast,50,0.5,4,10,-0.09088955636238971,-0.21124108401502095,0.02946197129024064,-0.285342763021327,0.02199311960091066,descriptive_no_p_value
GSE136831,subtype,consensus,core,TGFB1,ITGB5,macrophages,Macrophage_Alveolar,fibroblasts,Fibroblast,50,0.5,4,9,-0.08828687748832564,-0.2119330562473074,0.03535930127065612,-0.22936334720956975,-0.017008545506953077,descriptive_no_p_value
GSE136831,subtype,consensus,core,TGFB1,ITGB8,macrophages,Macrophage,fibroblasts,Fibroblast,50,0.5,4,10,-0.026590874969451228,-0.21124108401502095,0.1580593340761176,-0.19191052639672534,0.08663041195170074,descriptive_no_p_value
GSE136831,subtype,consensus,core,TGFB1,ITGB8,macrophages,Macrophage_Alveolar,fibroblasts,Fibroblast,50,0.5,4,9,-0.020269758066150168,-0.2119330562473074,0.17139354011500707,-0.23649784260041962,0.14632826579269587,descriptive_no_p_value
GSE136831,subtype,consensus,core,TGFB1,SDC2,macrophages,Macrophage,fibroblasts,Fibroblast,50,0.5,4,10,0.2226118342608432,-0.21124108401502095,0.65646475253671,0.13169418028798674,0.34115485974713344,descriptive_no_p_value
GSE136831,subtype,consensus,core,TGFB1,SDC2,macrophages,Macrophage_Alveolar,fibroblasts,Fibroblast,50,0.5,4,9,0.16757423585466036,-0.2119330562473074,0.5470815279566255,0.07269830813826594,0.3099483777954877,descriptive_no_p_value
GSE136831,subtype,consensus,core,TGFB1,ACVRL1,macrophages,Macrophage,fibroblasts,Fibroblast,50,0.5,4,10,-0.00976913465750151,-0.21124108401502095,0.1917028147000197,-0.14141096215058546,0.124741755140227,descriptive_no_p_value
GSE136831,subtype,consensus,core,TGFB1,ACVRL1,macrophages,Macrophage_Alveolar,fibroblasts,Fibroblast,50,0.5,4,9,0.004389756491465668,-0.2119330562473074,0.22071256923024052,-0.14751555846008824,0.16273176274373213,descriptive_no_p_value
GSE136831,subtype,consensus,core,TGFB1,CXCR4,macrophages,Macrophage,fibroblasts,Fibroblast,50,0.5,4,10,0.30149123995554383,-0.21124108401502095,0.8142235639261104,-0.13356346101405858,0.6091055833316412,descriptive_no_p_value
GSE136831,subtype,consensus,core,TGFB1,CXCR4,macrophages,Macrophage_Alveolar,fibroblasts,Fibroblast,50,0.5,4,9,0.2607845935188591,-0.2119330562473074,0.7335022432850242,-0.12089337051305016,0.5420995166097224,descriptive_no_p_value
GSE136831,subtype,consensus,core,TGFB1,TGFBR3,macrophages,Macrophage,fibroblasts,Fibroblast,50,0.5,4,10,-0.6271699258662284,-0.21124108401502095,-1.0430987677174315,-0.7806500306265765,-0.4966559324041899,descriptive_no_p_value
GSE136831,subtype,consensus,core,TGFB1,TGFBR3,macrophages,Macrophage_Alveolar,fibroblasts,Fibroblast,50,0.5,4,9,-0.6087491637501756,-0.2119330562473074,-1.0055652712530438,-0.7088525315728305,-0.5045345905733711,descriptive_no_p_value
GSE136831,subtype,consensus,core,TGFB1,VASN,macrophages,Macrophage,fibroblasts,Fibroblast,50,0.5,4,10,-0.40786259307364325,-0.21124108401502095,-0.6044841021322611,-0.5598645254145369,-0.34512773017023957,descriptive_no_p_value
GSE136831,subtype,consensus,core,TGFB1,VASN,macrophages,Macrophage_Alveolar,fibroblasts,Fibroblast,50,0.5,4,9,-0.42187095058597635,-0.2119330562473074,-0.6318088449246462,-0.550041766472332,-0.31700770539801404,descriptive_no_p_value
GSE136831,subtype,consensus,core,IL1A,IL1R1_IL1RAP,macrophages,Macrophage,fibroblasts,Fibroblast,50,0.5,4,10,0.556310246726266,0.2504818079945361,0.862138685457996,0.33743310347044275,0.7990091962999339,descriptive_no_p_value
GSE136831,subtype,consensus,core,IL1A,IL1R1_IL1RAP,macrophages,Macrophage_Alveolar,fibroblasts,Fibroblast,50,0.5,4,9,0.3951928876184265,-0.020800880169737468,0.8111866554065914,0.26439246772980507,0.5834895888311937,descriptive_no_p_value
GSE136831,subtype,consensus,core,IL1A,IL1R1_IL1RAP,macrophages,Macrophage,AT2,ATII,50,0.5,10,3,-1.3858722012066127,-0.4328537652177453,-2.3388906371954805,-2.1250269255083767,-0.7026282419316496,descriptive_no_p_value
GSE136831,subtype,consensus,core,IL1A,IL1R1_IL1RAP,macrophages,Macrophage_Alveolar,AT2,ATII,50,0.5,10,3,-1.0989596131618082,0.14097141087186404,-2.3388906371954805,-1.9317820318691075,-0.33104866316312975,descriptive_no_p_value
GSE136831,subtype,consensus,core,IL1A,IL1R2_IL1RAP,macrophages,Macrophage,fibroblasts,Fibroblast,50,0.5,4,10,-0.3392896668497225,0.2504818079945361,-0.9290611416939805,-0.6999226743098332,0.13454331290145616,descriptive_no_p_value
GSE136831,subtype,consensus,core,IL1A,IL1R2_IL1RAP,macrophages,Macrophage_Alveolar,fibroblasts,Fibroblast,50,0.5,4,9,-0.5831258747919441,-0.020800880169737468,-1.1454508694141508,-0.7478631076868476,-0.3261583188848851,descriptive_no_p_value
GSE136831,subtype,consensus,core,IL1A,IL1R2_IL1RAP,macrophages,Macrophage,AT2,ATII,50,0.5,10,3,-1.415273735200807,-0.4328537652177453,-2.397693705183868,-1.994325220518454,-0.7330724116722109,descriptive_no_p_value
GSE136831,subtype,consensus,core,IL1A,IL1R2_IL1RAP,macrophages,Macrophage_Alveolar,AT2,ATII,50,0.5,10,3,-1.1283611471560024,0.14097141087186404,-2.397693705183868,-1.8010803268791842,-0.4371591199455871,descriptive_no_p_value
GSE136831,subtype,consensus,core,IL1B,IL1R1_IL1RAP,macrophages,Macrophage,fibroblasts,Fibroblast,50,0.5,4,10,0.14037518987031827,-0.5813883057173586,0.862138685457996,-0.020513526647779834,0.3493804292506537,descriptive_no_p_value
GSE136831,subtype,consensus,core,IL1B,IL1R1_IL1RAP,macrophages,Macrophage_Alveolar,fibroblasts,Fibroblast,50,0.5,4,9,0.15939299684527164,-0.49240066171604724,0.8111866554065914,-0.04259475372326804,0.41410454488725623,descriptive_no_p_value
GSE136831,subtype,consensus,core,IL1B,IL1R1_IL1RAP,macrophages,Macrophage,AT2,ATII,50,0.5,10,3,-1.733794638876387,-1.1286986405572925,-2.3388906371954805,-2.3941349739586784,-0.9449766044683763,descriptive_no_p_value
GSE136831,subtype,consensus,core,IL1B,IL1R1_IL1RAP,macrophages,Macrophage_Alveolar,AT2,ATII,50,0.5,10,3,-1.2445373874443497,-0.15018413769321892,-2.3388906371954805,-1.9319921576253574,-0.4368373125160252,descriptive_no_p_value
GSE136831,subtype,consensus,core,IL1B,IL1R2_IL1RAP,macrophages,Macrophage,fibroblasts,Fibroblast,50,0.5,4,10,-0.7552247237056706,-0.5813883057173586,-0.9290611416939805,-1.0578693044280554,-0.3150854541478232,descriptive_no_p_value
GSE136831,subtype,consensus,core,IL1B,IL1R2_IL1RAP,macrophages,Macrophage_Alveolar,fibroblasts,Fibroblast,50,0.5,4,9,-0.8189257655650994,-0.49240066171604724,-1.1454508694141508,-1.1189029445501015,-0.5705666772501754,descriptive_no_p_value
GSE136831,subtype,consensus,core,IL1B,IL1R2_IL1RAP,macrophages,Macrophage,AT2,ATII,50,0.5,10,3,-1.7631961728705794,-1.1286986405572925,-2.397693705183868,-2.263433268968754,-1.265383313694504,descriptive_no_p_value
GSE136831,subtype,consensus,core,IL1B,IL1R2_IL1RAP,macrophages,Macrophage_Alveolar,AT2,ATII,50,0.5,10,3,-1.2739389214385435,-0.15018413769321892,-2.397693705183868,-1.8012904526354334,-0.7678936676840662,descriptive_no_p_value
GSE136831,subtype,consensus,core,IL1B,ADRB2,macrophages,Macrophage,fibroblasts,Fibroblast,50,0.5,4,10,-0.18997514454067543,-0.5813883057173586,0.20143801663600946,-0.5094093134635687,0.051238276502707514,descriptive_no_p_value
GSE136831,subtype,consensus,core,IL1B,ADRB2,macrophages,Macrophage_Alveolar,fibroblasts,Fibroblast,50,0.5,4,9,-0.24827915468082296,-0.49240066171604724,-0.004157647645598617,-0.43782361237210354,-0.013340284020489257,descriptive_no_p_value
GSE136831,subtype,consensus,core,IL1B,ADRB2,macrophages,Macrophage,AT2,ATII,50,0.5,10,3,-1.0336499200508973,-1.1286986405572925,-0.9386011995445029,-1.337101572413978,-0.7934589714070945,descriptive_no_p_value
GSE136831,subtype,consensus,core,IL1B,ADRB2,macrophages,Macrophage_Alveolar,AT2,ATII,50,0.5,10,3,-0.5443926686188609,-0.15018413769321892,-0.9386011995445029,-0.874958756080658,-0.36627442893625783,descriptive_no_p_value
GSE136831,subtype,consensus,core,IL1B,SIGIRR,macrophages,Macrophage,fibroblasts,Fibroblast,50,0.5,4,10,-0.37843749158464046,-0.5813883057173586,-0.17548667745191882,-0.6266038876092015,-0.14384871635618168,descriptive_no_p_value
GSE136831,subtype,consensus,core,IL1B,SIGIRR,macrophages,Macrophage_Alveolar,fibroblasts,Fibroblast,50,0.5,4,9,-0.3264787987497568,-0.49240066171604724,-0.16055693578346641,-0.47466395317092136,-0.1541075977139279,descriptive_no_p_value
GSE136831,subtype,consensus,core,IL1B,SIGIRR,macrophages,Macrophage,AT2,ATII,50,0.5,10,3,-0.7448550551508051,-1.1286986405572925,-0.36101146974431764,-1.2206997315486685,-0.32513403729307644,descriptive_no_p_value
GSE136831,subtype,consensus,core,IL1B,SIGIRR,macrophages,Macrophage_Alveolar,AT2,ATII,50,0.5,10,3,-0.2555978037187687,-0.15018413769321892,-0.36101146974431764,-0.7125604395963183,0.17235560871736144,descriptive_no_p_value
GSE136831,subtype,consensus,exploratory,CCL2,CCR1,fibroblasts,Fibroblast,macrophages,Macrophage,50,0.5,4,10,0.49024233191247113,0.40213336776848685,0.578351296056451,0.36399800521683723,0.7048294663365047,descriptive_no_p_value
GSE136831,subtype,consensus,exploratory,CCL2,CCR1,fibroblasts,Fibroblast,macrophages,Macrophage_Alveolar,50,0.5,4,9,0.10779768885779362,0.5315632121907949,-0.3159678344752086,-0.07896095437811557,0.3654666242627096,descriptive_no_p_value
GSE136831,subtype,consensus,exploratory,CCL2,CCR2,fibroblasts,Fibroblast,macrophages,Macrophage,50,0.5,4,10,0.5117475418941906,0.40213336776848685,0.6213617160198901,0.4032068424482036,0.6089135628910727,descriptive_no_p_value
GSE136831,subtype,consensus,exploratory,CCL2,CCR2,fibroblasts,Fibroblast,macrophages,Macrophage_Alveolar,50,0.5,4,9,0.6933019767913886,0.5315632121907949,0.8550407413919805,0.526482131541361,0.9702853420376947,descriptive_no_p_value
GSE136831,subtype,consensus,exploratory,CCL2,CCR10,fibroblasts,Fibroblast,macrophages,Macrophage,50,0.5,4,10,0.4212654181166995,0.40213336776848685,0.440397468464911,0.33157440613064004,0.5485778955128531,descriptive_no_p_value
GSE136831,subtype,consensus,exploratory,CCL2,CCR10,fibroblasts,Fibroblast,macrophages,Macrophage_Alveolar,50,0.5,4,9,0.3077984789449655,0.5315632121907949,0.08403374569913478,0.1209653907666981,0.43888254588559583,descriptive_no_p_value
GSE136831,subtype,consensus,exploratory,CCL2,CCR3,fibroblasts,Fibroblast,macrophages,Macrophage,50,0.5,4,10,0.6100289878930809,0.40213336776848685,0.8179246080176714,0.4453385395451601,0.839479468155333,descriptive_no_p_value
GSE136831,subtype,consensus,exploratory,CCL2,CCR3,fibroblasts,Fibroblast,macrophages,Macrophage_Alveolar,50,0.5,4,9,0.04631107406140966,0.5315632121907949,-0.4389410640679761,-0.16608024736421712,0.34509959481861685,descriptive_no_p_value
GSE136831,subtype,consensus,exploratory,CCL2,CCR4,fibroblasts,Fibroblast,macrophages,Macrophage,50,0.5,4,10,0.664300975140629,0.40213336776848685,0.9264685825127685,0.4128538703475173,0.8884637872145125,descriptive_no_p_value
GSE136831,subtype,consensus,exploratory,CCL2,CCR4,fibroblasts,Fibroblast,macrophages,Macrophage_Alveolar,50,0.5,4,9,-0.3722507421556198,0.5315632121907949,-1.276064696502036,-0.6215597117979721,-0.046230107166223444,descriptive_no_p_value
GSE136831,subtype,consensus,exploratory,CCL2,CCR5,fibroblasts,Fibroblast,macrophages,Macrophage,50,0.5,4,10,0.6096788701728375,0.40213336776848685,0.8172243725771855,0.5096511637849543,0.7262607208099148,descriptive_no_p_value
GSE136831,subtype,consensus,exploratory,CCL2,CCR5,fibroblasts,Fibroblast,macrophages,Macrophage_Alveolar,50,0.5,4,9,0.9531224078492944,0.5315632121907949,1.3746816035077933,0.7101496487143697,1.1366854042090608,descriptive_no_p_value
GSE136831,subtype,consensus,exploratory,CCL2,ACKR1,fibroblasts,Fibroblast,macrophages,Macrophage,50,0.5,4,10,0.4594059286758574,0.40213336776848685,0.516678489583225,0.13675601613728716,0.781752606362879,descriptive_no_p_value
GSE136831,subtype,consensus,exploratory,CCL2,ACKR1,fibroblasts,Fibroblast,macrophages,Macrophage_Alveolar,50,0.5,4,9,0.014829721481042668,0.5315632121907949,-0.5019037692287109,-0.3336625319599742,0.36185402096066355,descriptive_no_p_value
GSE136831,subtype,consensus,exploratory,CCL2,ACKR4,fibroblasts,Fibroblast,macrophages,Macrophage,50,0.5,4,10,0.23309119672781886,0.40213336776848685,0.06404902568714865,-0.0034346503920881233,0.5737869793641104,descriptive_no_p_value
GSE136831,subtype,consensus,exploratory,CCL2,ACKR4,fibroblasts,Fibroblast,macrophages,Macrophage_Alveolar,50,0.5,4,9,-0.11337587191378651,0.5315632121907949,-0.758314956018368,-0.4127508313476085,0.16257877328413972,descriptive_no_p_value
GSE136831,subtype,consensus,core,AREG,EGFR_ERBB2,macrophages,Macrophage,fibroblasts,Fibroblast,50,0.5,4,10,-0.3539878121407778,-0.7180858817726694,0.010110257491113384,-0.5522937552983258,-0.12138820193215061,descriptive_no_p_value
GSE136831,subtype,consensus,core,AREG,EGFR_ERBB2,macrophages,Macrophage_Alveolar,fibroblasts,Fibroblast,50,0.5,4,9,-0.11341240463720936,-0.19324413574022348,-0.03358067353419525,-0.33697201500229745,0.12027040269535583,descriptive_no_p_value
GSE136831,subtype,consensus,core,AREG,ERBB3,macrophages,Macrophage,fibroblasts,Fibroblast,50,0.5,4,10,-0.47730470083278753,-0.7180858817726694,-0.23652351989290432,-0.685499411154872,-0.24319791688154258,descriptive_no_p_value
GSE136831,subtype,consensus,core,AREG,ERBB3,macrophages,Macrophage_Alveolar,fibroblasts,Fibroblast,50,0.5,4,9,-0.2690351780781879,-0.19324413574022348,-0.34482622041615224,-0.5077225746961989,-0.035539811720695536,descriptive_no_p_value
GSE136831,subtype,consensus,exploratory,CXCL12,CD4,fibroblasts,Fibroblast,macrophages,Macrophage,50,0.5,4,10,1.3193183119433245,1.7694006364841126,0.8692359874025364,1.074581472567794,1.4321820518204706,descriptive_no_p_value
GSE136831,subtype,consensus,exploratory,CXCL12,CD4,fibroblasts,Fibroblast,macrophages,Macrophage_Alveolar,50,0.5,4,9,0.9877289016075057,1.7178974400038705,0.25756036321114273,0.7169291924224144,1.1427314583591723,descriptive_no_p_value
GSE136831,subtype,consensus,exploratory,CXCL12,ITGB3,fibroblasts,Fibroblast,macrophages,Macrophage,50,0.5,4,10,1.152880545826148,1.7694006364841126,0.5363604551681835,0.8744727162735488,1.4298107333971015,descriptive_no_p_value
GSE136831,subtype,consensus,exploratory,CXCL12,ITGB3,fibroblasts,Fibroblast,macrophages,Macrophage_Alveolar,50,0.5,4,9,1.132086607680718,1.7178974400038705,0.5462757753575652,0.7971721048614588,1.2884266831675983,descriptive_no_p_value
GSE136831,subtype,consensus,exploratory,CXCL12,ITGB1,fibroblasts,Fibroblast,macrophages,Macrophage,50,0.5,4,10,0.5446533927380672,1.7694006364841126,-0.6800938510079781,0.36295976565700805,0.6849967405016795,descriptive_no_p_value
GSE136831,subtype,consensus,exploratory,CXCL12,ITGB1,fibroblasts,Fibroblast,macrophages,Macrophage_Alveolar,50,0.5,4,9,0.718161681918728,1.7178974400038705,-0.2815740761664154,0.5035435576110388,0.8567414464731149,descriptive_no_p_value
GSE136831,subtype,consensus,exploratory,CXCL12,ITGAV,fibroblasts,Fibroblast,macrophages,Macrophage,50,0.5,4,10,0.6722965063125255,1.7694006364841126,-0.4248076238590599,0.509454108997959,0.8204278409111598,descriptive_no_p_value
GSE136831,subtype,consensus,exploratory,CXCL12,ITGAV,fibroblasts,Fibroblast,macrophages,Macrophage_Alveolar,50,0.5,4,9,0.6389950562376177,1.7178974400038705,-0.43990732752863426,0.45972450632731476,0.7753132529005624,descriptive_no_p_value
GSE136831,subtype,consensus,exploratory,CXCL12,ITGA5,fibroblasts,Fibroblast,macrophages,Macrophage,50,0.5,4,10,0.7059822546595793,1.7694006364841126,-0.3574361271649522,0.512647983407736,0.9931314865828869,descriptive_no_p_value
GSE136831,subtype,consensus,exploratory,CXCL12,ITGA5,fibroblasts,Fibroblast,macrophages,Macrophage_Alveolar,50,0.5,4,9,0.6682343327953717,1.7178974400038705,-0.38142877441312883,0.42773070403228886,0.891245086332046,descriptive_no_p_value
GSE136831,subtype,consensus,exploratory,CXCL12,ITGA4,fibroblasts,Fibroblast,macrophages,Macrophage,50,0.5,4,10,1.1992430390726154,1.7694006364841126,0.6290854416611182,0.9582620774690183,1.3942109862322916,descriptive_no_p_value
GSE136831,subtype,consensus,exploratory,CXCL12,ITGA4,fibroblasts,Fibroblast,macrophages,Macrophage_Alveolar,50,0.5,4,9,1.1444467541482544,1.7178974400038705,0.5709960682926378,1.0012183800697683,1.3260911832669948,descriptive_no_p_value
GSE136831,subtype,consensus,exploratory,CXCL12,ACKR3,fibroblasts,Fibroblast,macrophages,Macrophage,50,0.5,4,10,0.759927869236229,1.7694006364841126,-0.24954489801165636,0.3105758149727027,1.0323264787507878,descriptive_no_p_value
GSE136831,subtype,consensus,exploratory,CXCL12,ACKR3,fibroblasts,Fibroblast,macrophages,Macrophage_Alveolar,50,0.5,4,9,0.623754775914275,1.7178974400038705,-0.47038788817532406,0.32297203386499795,0.8117467292877212,descriptive_no_p_value
GSE136831,subtype,consensus,exploratory,CXCL12,AVPR1A,fibroblasts,Fibroblast,macrophages,Macrophage,50,0.5,4,10,1.0770255646329683,1.7694006364841126,0.3846504927818244,0.6852902148426316,1.6623692834014032,descriptive_no_p_value
GSE136831,subtype,consensus,exploratory,CXCL12,AVPR1A,fibroblasts,Fibroblast,macrophages,Macrophage_Alveolar,50,0.5,4,9,0.2232129640011904,1.7178974400038705,-1.2714715120014901,0.013111870353242683,0.6511963014175493,descriptive_no_p_value
GSE136831,subtype,consensus,exploratory,CXCL12,CXCR3,fibroblasts,Fibroblast,macrophages,Macrophage,50,0.5,4,10,1.4587311909173495,1.7694006364841126,1.1480617453505868,1.3012492639779085,1.621862131495325,descriptive_no_p_value
GSE136831,subtype,consensus,exploratory,CXCL12,CXCR3,fibroblasts,Fibroblast,macrophages,Macrophage_Alveolar,50,0.5,4,9,0.7223855811618924,1.7178974400038705,-0.27312627768008557,0.3394508352430361,1.092187851152013,descriptive_no_p_value
GSE136831,subtype,consensus,exploratory,CXCL12,CCR4,fibroblasts,Fibroblast,macrophages,Macrophage,50,0.5,4,10,1.3479346094984401,1.7694006364841126,0.9264685825127685,1.2391997736595808,1.5598126411769972,descriptive_no_p_value
GSE136831,subtype,consensus,exploratory,CXCL12,CCR4,fibroblasts,Fibroblast,macrophages,Macrophage_Alveolar,50,0.5,4,9,0.22091637175091727,1.7178974400038705,-1.276064696502036,-0.05059564259008775,0.44311967949803566,descriptive_no_p_value
GSE136831,subtype,consensus,exploratory,CXCL12,CXCR4,fibroblasts,Fibroblast,macrophages,Macrophage,50,0.5,4,10,0.979204238211703,1.7694006364841126,0.18900783993929426,0.6491437043393731,1.2578144566755451,descriptive_no_p_value
GSE136831,subtype,consensus,exploratory,CXCL12,CXCR4,fibroblasts,Fibroblast,macrophages,Macrophage_Alveolar,50,0.5,4,9,0.9848689798474828,1.7178974400038705,0.251840519691096,0.6497425572342825,1.2392500839878355,descriptive_no_p_value
GSE136831,subtype,consensus,exploratory,CXCL12,GRM7,fibroblasts,Fibroblast,macrophages,Macrophage,50,0.5,4,10,1.2035567927626936,1.7694006364841126,0.6377129490412754,1.0432410434506911,1.355094315176046,descriptive_no_p_value
GSE136831,subtype,consensus,exploratory,CXCL12,GRM7,fibroblasts,Fibroblast,macrophages,Macrophage_Alveolar,50,0.5,4,9,0.5893602739355153,1.7178974400038705,-0.5391768921328408,0.4257779866966498,0.9374856571330454,descriptive_no_p_value
GSE136831,subtype,consensus,core,HBEGF,EGFR_ERBB2,macrophages,Macrophage,fibroblasts,Fibroblast,50,0.5,4,10,0.019099000250993647,0.02808774301087702,0.010110257491113384,-0.22846409942070345,0.22313660829562743,descriptive_no_p_value
GSE136831,subtype,consensus,core,HBEGF,EGFR_ERBB2,macrophages,Macrophage_Alveolar,fibroblasts,Fibroblast,50,0.5,4,9,0.010314181956299961,0.05420903744679695,-0.03358067353419525,-0.145054720532392,0.12745904816971088,descriptive_no_p_value
GSE136831,subtype,consensus,core,HBEGF,ERBB2_ERBB4,macrophages,Macrophage,fibroblasts,Fibroblast,50,0.5,4,10,0.03730769995268002,0.02808774301087702,0.04652765689448568,-0.2041858331517883,0.2265290849843833,descriptive_no_p_value
GSE136831,subtype,consensus,core,HBEGF,ERBB2_ERBB4,macrophages,Macrophage_Alveolar,fibroblasts,Fibroblast,50,0.5,4,9,0.028522881657986332,0.05420903744679695,0.002836725869177048,-0.12077645426347683,0.12745904816971088,descriptive_no_p_value
GSE136831,subtype,consensus,core,HBEGF,CD44,macrophages,Macrophage,fibroblasts,Fibroblast,50,0.5,4,10,-0.01217423830952491,0.02808774301087702,-0.05243621962993217,-0.06686929271516462,0.05881340684773484,descriptive_no_p_value
GSE136831,subtype,consensus,core,HBEGF,CD44,macrophages,Macrophage_Alveolar,fibroblasts,Fibroblast,50,0.5,4,9,-0.030881285608566955,0.05420903744679695,-0.11597160866392997,-0.14871162303007246,0.09897805732624665,descriptive_no_p_value
GSE136831,subtype,consensus,core,HBEGF,PRLR,macrophages,Macrophage,fibroblasts,Fibroblast,50,0.5,4,10,0.1750919108060578,0.02808774301087702,0.32209607860123757,-0.08235995603017665,0.44955692488528953,descriptive_no_p_value
GSE136831,subtype,consensus,core,HBEGF,PRLR,macrophages,Macrophage_Alveolar,fibroblasts,Fibroblast,50,0.5,4,9,0.11711457438738693,0.05420903744679695,0.18002011132797768,-0.06327895264896544,0.28739300336794393,descriptive_no_p_value
GSE136831,subtype,consensus,exploratory,CCL2,ACKR2,fibroblasts,Fibroblast,macrophages,Macrophage,50,0.5,4,10,0.6052379486739614,0.40213336776848685,0.8083425295794346,0.1744848225567197,0.9893910032562432,descriptive_no_p_value
GSE136831,subtype,consensus,exploratory,CCL2,ACKR2,fibroblasts,Fibroblast,macrophages,Macrophage_Alveolar,50,0.5,4,9,0.20628100325513987,0.5315632121907949,-0.11900120568051586,-0.017076035194576455,0.5619114946538262,descriptive_no_p_value
GSE136831,subtype,consensus,exploratory,CXCL12,DPP4,fibroblasts,Fibroblast,macrophages,Macrophage,50,0.5,4,10,0.9721442402517217,1.7694006364841126,0.17488784401933244,0.6384134659864333,1.340475912753028,descriptive_no_p_value
GSE136831,subtype,consensus,exploratory,CXCL12,DPP4,fibroblasts,Fibroblast,macrophages,Macrophage_Alveolar,50,0.5,4,9,0.1069205696443678,1.7178974400038705,-1.5040563007151357,-0.397400581607839,0.4465614624175678,descriptive_no_p_value
GSE136831,subtype,consensus,core,TGFB1,ENG,macrophages,Macrophage,fibroblasts,Fibroblast,50,0.5,4,10,-0.2586940616096678,-0.21124108401502095,-0.30614703920431285,-0.410474538582994,-0.14534546920861668,descriptive_no_p_value
GSE136831,subtype,consensus,core,TGFB1,ENG,macrophages,Macrophage_Alveolar,fibroblasts,Fibroblast,50,0.5,4,9,-0.2618328043315685,-0.2119330562473074,-0.31173255241582964,-0.38978216485035677,-0.19939264503751453,descriptive_no_p_value
GSE136831,subtype,consensus,core,HBEGF,CD9,macrophages,Macrophage,fibroblasts,Fibroblast,50,0.5,4,10,0.26594642546242575,0.02808774301087702,0.5038051079139727,0.07072886223696262,0.4776697852837959,descriptive_no_p_value
GSE136831,subtype,consensus,core,HBEGF,CD9,macrophages,Macrophage_Alveolar,fibroblasts,Fibroblast,50,0.5,4,9,0.3278941758538956,0.05420903744679695,0.601579314260996,0.2248708098114376,0.435430950576591,descriptive_no_p_value
GSE136831,subtype,consensus,core,HBEGF,CD82,macrophages,Macrophage,fibroblasts,Fibroblast,50,0.5,4,10,-0.3527561567167554,0.02808774301087702,-0.7336000564443865,-0.5155556924986477,-0.14883389923260282,descriptive_no_p_value
GSE136831,subtype,consensus,core,HBEGF,CD82,macrophages,Macrophage_Alveolar,fibroblasts,Fibroblast,50,0.5,4,9,-0.2980326325245013,0.05420903744679695,-0.6502743024958,-0.43723729021509516,-0.19464924118438365,descriptive_no_p_value
GSE136831,subtype,consensus,core,TGFB1,CAV1,macrophages,Macrophage,fibroblasts,Fibroblast,50,0.5,4,10,0.1455619160557049,-0.21124108401502095,0.5023649161264334,-0.27710386160710243,0.5158649383569722,descriptive_no_p_value
GSE136831,subtype,consensus,core,TGFB1,CAV1,macrophages,Macrophage_Alveolar,fibroblasts,Fibroblast,50,0.5,4,9,0.08170796720764528,-0.2119330562473074,0.3753489906625962,-0.317126694000625,0.4011025564019146,descriptive_no_p_value
GSE136831,subtype,consensus,exploratory,CXCL12,SDC4,fibroblasts,Fibroblast,macrophages,Macrophage,50,0.5,4,10,0.6688105201624364,1.7694006364841126,-0.4317795961592381,0.37575858648512384,0.9048992800679247,descriptive_no_p_value
GSE136831,subtype,consensus,exploratory,CXCL12,SDC4,fibroblasts,Fibroblast,macrophages,Macrophage_Alveolar,50,0.5,4,9,0.5253961661139712,1.7178974400038705,-0.6671051077759262,0.27678698239317256,0.7267328080865108,descriptive_no_p_value
GSE136831,subtype,consensus,core,TGFB1,LPP,macrophages,Macrophage,fibroblasts,Fibroblast,50,0.5,4,10,-0.014443225727614362,-0.21124108401502095,0.18235463255979667,-0.1017368786548527,0.07041959429334632,descriptive_no_p_value
GSE136831,subtype,consensus,core,TGFB1,LPP,macrophages,Macrophage_Alveolar,fibroblasts,Fibroblast,50,0.5,4,9,-0.013580567013486089,-0.2119330562473074,0.184771922220337,-0.060863874690175734,0.050022038979966155,descriptive_no_p_value
GSE136831,subtype,cellchatdb,core,IL1B,IL1R2,macrophages,Macrophage,fibroblasts,Fibroblast,50,0.5,4,10,-0.7552247237056706,-0.5813883057173586,-0.9290611416939805,-1.0578693044280554,-0.3150854541478232,descriptive_no_p_value
GSE136831,subtype,cellchatdb,core,IL1B,IL1R2,macrophages,Macrophage_Alveolar,fibroblasts,Fibroblast,50,0.5,4,9,-0.8189257655650994,-0.49240066171604724,-1.1454508694141508,-1.1189029445501015,-0.5705666772501754,descriptive_no_p_value
GSE136831,subtype,cellchatdb,core,IL1B,IL1R2,macrophages,Macrophage,AT2,ATII,50,0.5,10,3,-1.7631961728705794,-1.1286986405572925,-2.397693705183868,-2.263433268968754,-1.265383313694504,descriptive_no_p_value
GSE136831,subtype,cellchatdb,core,IL1B,IL1R2,macrophages,Macrophage_Alveolar,AT2,ATII,50,0.5,10,3,-1.2739389214385435,-0.15018413769321892,-2.397693705183868,-1.8012904526354334,-0.7678936676840662,descriptive_no_p_value
GSE136831,subtype,cellchatdb,core,AREG,EGFR,macrophages,Macrophage,fibroblasts,Fibroblast,50,0.5,4,10,-0.33664502444925404,-0.7180858817726694,0.044795832874160446,-0.4547991495541037,-0.1322300584365923,descriptive_no_p_value
GSE136831,subtype,cellchatdb,core,AREG,EGFR,macrophages,Macrophage_Alveolar,fibroblasts,Fibroblast,50,0.5,4,9,-0.03505604966096332,-0.19324413574022348,0.12313203641829684,-0.2188875439065452,0.14792457875359677,descriptive_no_p_value
GSE136831,subtype,cellchatdb,core,HBEGF,EGFR,macrophages,Macrophage,fibroblasts,Fibroblast,50,0.5,4,10,0.036441787942520065,0.02808774301087702,0.044795832874160446,-0.1309694936764796,0.18977721706914785,descriptive_no_p_value
GSE136831,subtype,cellchatdb,core,HBEGF,EGFR,macrophages,Macrophage_Alveolar,fibroblasts,Fibroblast,50,0.5,4,9,0.08867053693254867,0.05420903744679695,0.12313203641829684,0.013453452496555052,0.1551132242279536,descriptive_no_p_value
GSE136831,subtype,cellchatdb,core,HBEGF,ERBB4,macrophages,Macrophage,fibroblasts,Fibroblast,50,0.5,4,10,0.7194493382787988,0.02808774301087702,1.4108109335467223,0.5968202954141013,0.8229753457103612,descriptive_no_p_value
GSE136831,subtype,cellchatdb,core,HBEGF,ERBB4,macrophages,Macrophage_Alveolar,fibroblasts,Fibroblast,50,0.5,4,9,0.821626186057693,0.05420903744679695,1.5890433346685882,0.6947689650099296,0.8945214862809721,descriptive_no_p_value
GSE136831,subtype,cellchatdb,exploratory,CXCL12,ACKR3,fibroblasts,Fibroblast,macrophages,Macrophage,50,0.5,4,10,0.759927869236229,1.7694006364841126,-0.24954489801165636,0.3105758149727027,1.0323264787507878,descriptive_no_p_value
GSE136831,subtype,cellchatdb,exploratory,CXCL12,ACKR3,fibroblasts,Fibroblast,macrophages,Macrophage_Alveolar,50,0.5,4,9,0.623754775914275,1.7178974400038705,-0.47038788817532406,0.32297203386499795,0.8117467292877212,descriptive_no_p_value
GSE136831,subtype,cellchatdb,exploratory,CCL2,CCR2,fibroblasts,Fibroblast,macrophages,Macrophage,50,0.5,4,10,0.5117475418941906,0.40213336776848685,0.6213617160198901,0.4032068424482036,0.6089135628910727,descriptive_no_p_value
GSE136831,subtype,cellchatdb,exploratory,CCL2,CCR2,fibroblasts,Fibroblast,macrophages,Macrophage_Alveolar,50,0.5,4,9,0.6933019767913886,0.5315632121907949,0.8550407413919805,0.526482131541361,0.9702853420376947,descriptive_no_p_value
GSE136831,subtype,cellchatdb,exploratory,CXCL12,CXCR4,fibroblasts,Fibroblast,macrophages,Macrophage,50,0.5,4,10,0.979204238211703,1.7694006364841126,0.18900783993929426,0.6491437043393731,1.2578144566755451,descriptive_no_p_value
GSE136831,subtype,cellchatdb,exploratory,CXCL12,CXCR4,fibroblasts,Fibroblast,macrophages,Macrophage_Alveolar,50,0.5,4,9,0.9848689798474828,1.7178974400038705,0.251840519691096,0.6497425572342825,1.2392500839878355,descriptive_no_p_value
GSE136831,subtype,cellchatdb,exploratory,CCL2,ACKR1,fibroblasts,Fibroblast,macrophages,Macrophage,50,0.5,4,10,0.4594059286758574,0.40213336776848685,0.516678489583225,0.13675601613728716,0.781752606362879,descriptive_no_p_value
GSE136831,subtype,cellchatdb,exploratory,CCL2,ACKR1,fibroblasts,Fibroblast,macrophages,Macrophage_Alveolar,50,0.5,4,9,0.014829721481042668,0.5315632121907949,-0.5019037692287109,-0.3336625319599742,0.36185402096066355,descriptive_no_p_value
GSE136831,subtype,cellchatdb,exploratory,CCL2,ACKR2,fibroblasts,Fibroblast,macrophages,Macrophage,50,0.5,4,10,0.6052379486739614,0.40213336776848685,0.8083425295794346,0.1744848225567197,0.9893910032562432,descriptive_no_p_value
GSE136831,subtype,cellchatdb,exploratory,CCL2,ACKR2,fibroblasts,Fibroblast,macrophages,Macrophage_Alveolar,50,0.5,4,9,0.20628100325513987,0.5315632121907949,-0.11900120568051586,-0.017076035194576455,0.5619114946538262,descriptive_no_p_value
GSE136831,subtype,cellchatdb,core,IL1A,IL1R1_IL1RAP,macrophages,Macrophage,fibroblasts,Fibroblast,50,0.5,4,10,0.556310246726266,0.2504818079945361,0.862138685457996,0.33743310347044275,0.7990091962999339,descriptive_no_p_value
GSE136831,subtype,cellchatdb,core,IL1A,IL1R1_IL1RAP,macrophages,Macrophage_Alveolar,fibroblasts,Fibroblast,50,0.5,4,9,0.3951928876184265,-0.020800880169737468,0.8111866554065914,0.26439246772980507,0.5834895888311937,descriptive_no_p_value
GSE136831,subtype,cellchatdb,core,IL1A,IL1R1_IL1RAP,macrophages,Macrophage,AT2,ATII,50,0.5,10,3,-1.3858722012066127,-0.4328537652177453,-2.3388906371954805,-2.1250269255083767,-0.7026282419316496,descriptive_no_p_value
GSE136831,subtype,cellchatdb,core,IL1A,IL1R1_IL1RAP,macrophages,Macrophage_Alveolar,AT2,ATII,50,0.5,10,3,-1.0989596131618082,0.14097141087186404,-2.3388906371954805,-1.9317820318691075,-0.33104866316312975,descriptive_no_p_value
GSE136831,subtype,cellchatdb,core,IL1B,IL1R1_IL1RAP,macrophages,Macrophage,fibroblasts,Fibroblast,50,0.5,4,10,0.14037518987031827,-0.5813883057173586,0.862138685457996,-0.020513526647779834,0.3493804292506537,descriptive_no_p_value
GSE136831,subtype,cellchatdb,core,IL1B,IL1R1_IL1RAP,macrophages,Macrophage_Alveolar,fibroblasts,Fibroblast,50,0.5,4,9,0.15939299684527164,-0.49240066171604724,0.8111866554065914,-0.04259475372326804,0.41410454488725623,descriptive_no_p_value
GSE136831,subtype,cellchatdb,core,IL1B,IL1R1_IL1RAP,macrophages,Macrophage,AT2,ATII,50,0.5,10,3,-1.733794638876387,-1.1286986405572925,-2.3388906371954805,-2.3941349739586784,-0.9449766044683763,descriptive_no_p_value
GSE136831,subtype,cellchatdb,core,IL1B,IL1R1_IL1RAP,macrophages,Macrophage_Alveolar,AT2,ATII,50,0.5,10,3,-1.2445373874443497,-0.15018413769321892,-2.3388906371954805,-1.9319921576253574,-0.4368373125160252,descriptive_no_p_value
GSE136831,subtype,cellchatdb,core,TGFB1,TGFBR1_TGFBR2,macrophages,Macrophage,fibroblasts,Fibroblast,50,0.5,4,10,-0.2213118713776705,-0.21124108401502095,-0.23138265874032005,-0.4070269007581935,-0.13939690382747383,descriptive_no_p_value
GSE136831,subtype,cellchatdb,core,TGFB1,TGFBR1_TGFBR2,macrophages,Macrophage_Alveolar,fibroblasts,Fibroblast,50,0.5,4,9,-0.2186785702066807,-0.2119330562473074,-0.22542408416605486,-0.3510168626495114,-0.15171218283479249,descriptive_no_p_value
GSE136831,subtype,cellchatdb,core,IL1A,IL1R2,macrophages,Macrophage,fibroblasts,Fibroblast,50,0.5,4,10,-0.3392896668497225,0.2504818079945361,-0.9290611416939805,-0.6999226743098332,0.13454331290145616,descriptive_no_p_value
GSE136831,subtype,cellchatdb,core,IL1A,IL1R2,macrophages,Macrophage_Alveolar,fibroblasts,Fibroblast,50,0.5,4,9,-0.5831258747919441,-0.020800880169737468,-1.1454508694141508,-0.7478631076868476,-0.3261583188848851,descriptive_no_p_value
GSE136831,subtype,cellchatdb,core,IL1A,IL1R2,macrophages,Macrophage,AT2,ATII,50,0.5,10,3,-1.415273735200807,-0.4328537652177453,-2.397693705183868,-1.994325220518454,-0.7330724116722109,descriptive_no_p_value
GSE136831,subtype,cellchatdb,core,IL1A,IL1R2,macrophages,Macrophage_Alveolar,AT2,ATII,50,0.5,10,3,-1.1283611471560024,0.14097141087186404,-2.397693705183868,-1.8010803268791842,-0.4371591199455871,descriptive_no_p_value
GSE136831,subtype,cellchatdb,core,TGFB1,ACVR1B_TGFBR2,macrophages,Macrophage,fibroblasts,Fibroblast,50,0.5,4,10,0.0006770998488230262,-0.21124108401502095,0.21259528371266345,-0.13264838553697977,0.10630506683776719,descriptive_no_p_value
GSE136831,subtype,cellchatdb,core,TGFB1,ACVR1B_TGFBR2,macrophages,Macrophage_Alveolar,fibroblasts,Fibroblast,50,0.5,4,9,0.029454716096402933,-0.2119330562473074,0.2708424884401124,-0.08003965283486103,0.10878326280011308,descriptive_no_p_value
GSE136831,subtype,cellchatdb,core,TGFB1,ACVR1C_TGFBR2,macrophages,Macrophage,fibroblasts,Fibroblast,50,0.5,4,10,0.7586821773063481,-0.21124108401502095,1.7286054386277179,0.5965107817353292,0.8956857265023279,descriptive_no_p_value
GSE136831,subtype,cellchatdb,core,TGFB1,ACVR1C_TGFBR2,macrophages,Macrophage_Alveolar,fibroblasts,Fibroblast,50,0.5,4,9,0.7794173822312382,-0.2119330562473074,1.770767820709783,0.6410771031147573,0.9495567260670992,descriptive_no_p_value
GSE136831,subtype,cellchatdb,core,TGFB1,ACVR1_TGFBR1_TGFBR2,macrophages,Macrophage,fibroblasts,Fibroblast,50,0.5,4,10,0.21917034555561266,-0.21124108401502095,0.649581775126248,0.12819616030158976,0.3479733886681853,descriptive_no_p_value
GSE136831,subtype,cellchatdb,core,TGFB1,ACVR1_TGFBR1_TGFBR2,macrophages,Macrophage_Alveolar,fibroblasts,Fibroblast,50,0.5,4,9,0.17926921392753137,-0.2119330562473074,0.570471484102371,0.1121261451280482,0.28177283675487086,descriptive_no_p_value
GSE136831,subtype,cellchatdb,core,AREG,EGFR_ERBB2,macrophages,Macrophage,fibroblasts,Fibroblast,50,0.5,4,10,-0.3539878121407778,-0.7180858817726694,0.010110257491113384,-0.5522937552983258,-0.12138820193215061,descriptive_no_p_value
GSE136831,subtype,cellchatdb,core,AREG,EGFR_ERBB2,macrophages,Macrophage_Alveolar,fibroblasts,Fibroblast,50,0.5,4,9,-0.11341240463720936,-0.19324413574022348,-0.03358067353419525,-0.33697201500229745,0.12027040269535583,descriptive_no_p_value
GSE136831,subtype,cellchatdb,core,HBEGF,EGFR_ERBB2,macrophages,Macrophage,fibroblasts,Fibroblast,50,0.5,4,10,0.019099000250993647,0.02808774301087702,0.010110257491113384,-0.22846409942070345,0.22313660829562743,descriptive_no_p_value
GSE136831,subtype,cellchatdb,core,HBEGF,EGFR_ERBB2,macrophages,Macrophage_Alveolar,fibroblasts,Fibroblast,50,0.5,4,9,0.010314181956299961,0.05420903744679695,-0.03358067353419525,-0.145054720532392,0.12745904816971088,descriptive_no_p_value
GSE136831,subtype,cellchatdb,core,HBEGF,ERBB2_ERBB4,macrophages,Macrophage,fibroblasts,Fibroblast,50,0.5,4,10,0.03730769995268002,0.02808774301087702,0.04652765689448568,-0.2041858331517883,0.2265290849843833,descriptive_no_p_value
GSE136831,subtype,cellchatdb,core,HBEGF,ERBB2_ERBB4,macrophages,Macrophage_Alveolar,fibroblasts,Fibroblast,50,0.5,4,9,0.028522881657986332,0.05420903744679695,0.002836725869177048,-0.12077645426347683,0.12745904816971088,descriptive_no_p_value
GSE136831,broad,consensus,core,TGFB1,ITGAV_ITGB6,macrophages,__broad__,fibroblasts,__broad__,50,2.0,4,18,-0.4009199852038172,-0.16103934013726118,-0.6408006302703746,-0.5240437915785909,-0.28153930626578205,descriptive_no_p_value
GSE136831,broad,consensus,core,TGFB1,ACVR1B_TGFBR2,macrophages,__broad__,fibroblasts,__broad__,50,2.0,4,18,-0.07891514741791461,-0.16103934013726118,0.0032090453014284037,-0.22161780313794033,-0.0046800675669551595,descriptive_no_p_value
GSE136831,broad,consensus,core,TGFB1,TGFBR1_TGFBR2,macrophages,__broad__,fibroblasts,__broad__,50,2.0,4,18,-0.26972350565769165,-0.16103934013726118,-0.37840767117812213,-0.41105197856569475,-0.18818377128273944,descriptive_no_p_value
GSE136831,broad,consensus,core,TGFB1,ACVR1_TGFBR1_TGFBR2,macrophages,__broad__,fibroblasts,__broad__,50,2.0,4,18,0.2971806132915811,-0.16103934013726118,0.7554005667204216,0.1997121582353012,0.37060448461829765,descriptive_no_p_value
GSE136831,broad,consensus,core,TGFB1,ACVR1_TGFBR2,macrophages,__broad__,fibroblasts,__broad__,50,2.0,4,18,0.33753887120833426,-0.16103934013726118,0.8361170825539253,0.24007041615205438,0.41096274253505083,descriptive_no_p_value
GSE136831,broad,consensus,core,TGFB1,ACVR1C_TGFBR2,macrophages,__broad__,fibroblasts,__broad__,50,2.0,4,18,0.4127461192220707,-0.16103934013726118,0.9865315785814,0.30070475659509643,0.4974391583639326,descriptive_no_p_value
GSE136831,broad,consensus,core,TGFB1,EGFR,macrophages,__broad__,fibroblasts,__broad__,50,2.0,4,18,-0.3076815101736363,-0.16103934013726118,-0.4543236802100159,-0.34543979356907073,-0.2605691800180878,descriptive_no_p_value
GSE136831,broad,consensus,core,TGFB1,ITGB3,macrophages,__broad__,fibroblasts,__broad__,50,2.0,4,18,-0.3770994232510958,-0.16103934013726118,-0.593159506364934,-0.465061004881421,-0.2924749241812039,descriptive_no_p_value
GSE136831,broad,consensus,core,TGFB1,ITGB1,macrophages,__broad__,fibroblasts,__broad__,50,2.0,4,18,0.020023292869518983,-0.16103934013726118,0.20108592587630092,-0.07067139898298169,0.066829622456277,descriptive_no_p_value
GSE136831,broad,consensus,core,TGFB1,ITGB5,macrophages,__broad__,fibroblasts,__broad__,50,2.0,4,18,0.03605769786819124,-0.16103934013726118,0.233154735873641,-0.12296413863627276,0.14364499169803935,descriptive_no_p_value
GSE136831,broad,consensus,core,TGFB1,ITGB8,macrophages,__broad__,fibroblasts,__broad__,50,2.0,4,18,0.23283612710873314,-0.16103934013726118,0.6267115943547266,0.08787158207733814,0.38518566694484324,descriptive_no_p_value
GSE136831,broad,consensus,core,TGFB1,SDC2,macrophages,__broad__,fibroblasts,__broad__,50,2.0,4,18,-0.05227542797597451,-0.16103934013726118,0.056488484185313936,-0.12398687430300281,0.045113039974912006,descriptive_no_p_value
GSE136831,broad,consensus,core,TGFB1,ACVRL1,macrophages,__broad__,fibroblasts,__broad__,50,2.0,4,18,-0.28276688875649647,-0.16103934013726118,-0.40449443737573354,-0.378277325513964,-0.15681533122600655,descriptive_no_p_value
GSE136831,broad,consensus,core,TGFB1,CXCR4,macrophages,__broad__,fibroblasts,__broad__,50,2.0,4,18,0.18178829589514311,-0.16103934013726118,0.5246159319275465,-0.14830169162214535,0.4142004604725491,descriptive_no_p_value
GSE136831,broad,consensus,core,TGFB1,TGFBR3,macrophages,__broad__,fibroblasts,__broad__,50,2.0,4,18,-0.738814009372387,-0.16103934013726118,-1.3165886786075145,-0.8512266446331758,-0.6443884018864665,descriptive_no_p_value
GSE136831,broad,consensus,core,TGFB1,VASN,macrophages,__broad__,fibroblasts,__broad__,50,2.0,4,18,-0.6145483635567563,-0.16103934013726118,-1.0680573869762506,-0.7758752585809932,-0.5177931373791456,descriptive_no_p_value
GSE136831,broad,consensus,core,IL1A,IL1R1_IL1RAP,macrophages,__broad__,fibroblasts,__broad__,50,2.0,4,18,0.027741666314663682,-0.6212799516847674,0.6767632843140969,-0.05332015897023901,0.1631793891536928,descriptive_no_p_value
GSE136831,broad,consensus,core,IL1A,IL1R1_IL1RAP,macrophages,__broad__,AT2,__broad__,50,2.0,10,3,-0.8473799223411764,-0.007033517856079641,-1.6877263268262745,-1.5527095714914578,-0.3959221773703563,descriptive_no_p_value
GSE136831,broad,consensus,core,IL1A,IL1R2_IL1RAP,macrophages,__broad__,fibroblasts,__broad__,50,2.0,4,18,-0.6394882024114041,-0.6212799516847674,-0.6576964531380405,-0.7060174968660231,-0.503228411817854,descriptive_no_p_value
GSE136831,broad,consensus,core,IL1A,IL1R2_IL1RAP,macrophages,__broad__,AT2,__broad__,50,2.0,10,3,-0.7651669581950071,-0.007033517856079641,-1.5233003985339355,-1.2310023819334002,-0.164240534219795,descriptive_no_p_value
GSE136831,broad,consensus,core,IL1B,IL1R1_IL1RAP,macrophages,__broad__,fibroblasts,__broad__,50,2.0,4,18,-0.0020903660584385975,-0.6809440164309732,0.6767632843140969,-0.22640262750004503,0.10168943253261187,descriptive_no_p_value
GSE136831,broad,consensus,core,IL1B,IL1R1_IL1RAP,macrophages,__broad__,AT2,__broad__,50,2.0,10,3,-1.2643256685992146,-0.840925010372156,-1.6877263268262745,-1.7990868955432457,-0.7768787744637198,descriptive_no_p_value
GSE136831,broad,consensus,core,IL1B,IL1R2_IL1RAP,macrophages,__broad__,fibroblasts,__broad__,50,2.0,4,18,-0.6693202347845073,-0.6809440164309732,-0.6576964531380405,-0.9782172659944104,-0.34821882031500184,descriptive_no_p_value
GSE136831,broad,consensus,core,IL1B,IL1R2_IL1RAP,macrophages,__broad__,AT2,__broad__,50,2.0,10,3,-1.1821127044530453,-0.840925010372156,-1.5233003985339355,-1.477379705985188,-0.7877438518487585,descriptive_no_p_value
GSE136831,broad,consensus,core,IL1B,ADRB2,macrophages,__broad__,fibroblasts,__broad__,50,2.0,4,18,-0.23036944299500117,-0.6809440164309732,0.220205130440972,-0.41172012574066796,-0.06282981799641707,descriptive_no_p_value
GSE136831,broad,consensus,core,IL1B,ADRB2,macrophages,__broad__,AT2,__broad__,50,2.0,10,3,-0.8654506552018129,-0.840925010372156,-0.8899763000314698,-1.1942647782765299,-0.6382040525272101,descriptive_no_p_value
GSE136831,broad,consensus,core,IL1B,SIGIRR,macrophages,__broad__,fibroblasts,__broad__,50,2.0,4,18,-0.6030291911527312,-0.6809440164309732,-0.5251143658744875,-0.7281368968207795,-0.48048107437821397,descriptive_no_p_value
GSE136831,broad,consensus,core,IL1B,SIGIRR,macrophages,__broad__,AT2,__broad__,50,2.0,10,3,-0.586863771634734,-0.840925010372156,-0.3328025328973152,-1.0258415460467019,-0.15846959702591423,descriptive_no_p_value
GSE136831,broad,consensus,exploratory,CCL2,CCR1,fibroblasts,__broad__,macrophages,__broad__,50,2.0,4,18,0.26417025066700184,0.13224820861859676,0.3960922927154087,0.09722767919571496,0.4998753549108992,descriptive_no_p_value
GSE136831,broad,consensus,exploratory,CCL2,CCR2,fibroblasts,__broad__,macrophages,__broad__,50,2.0,4,18,0.48755543796522716,0.13224820861859676,0.8428626673118582,0.26663540318824275,0.6456768592570059,descriptive_no_p_value
GSE136831,broad,consensus,exploratory,CCL2,CCR10,fibroblasts,__broad__,macrophages,__broad__,50,2.0,4,18,0.19545090116433794,0.13224820861859676,0.2586535937100795,0.03636115099943993,0.286311040497071,descriptive_no_p_value
GSE136831,broad,consensus,exploratory,CCL2,CCR3,fibroblasts,__broad__,macrophages,__broad__,50,2.0,4,18,0.4644254888521413,0.13224820861859676,0.7966027690856864,0.23967675300374225,0.70269822680131,descriptive_no_p_value
GSE136831,broad,consensus,exploratory,CCL2,CCR4,fibroblasts,__broad__,macrophages,__broad__,50,2.0,4,18,0.17066417931783873,0.13224820861859676,0.20908015001708113,-0.015137580788492588,0.310039471643067,descriptive_no_p_value
GSE136831,broad,consensus,exploratory,CCL2,CCR5,fibroblasts,__broad__,macrophages,__broad__,50,2.0,4,18,0.769198744731618,0.13224820861859676,1.4061492808446405,0.5280964817769576,0.9489610674766675,descriptive_no_p_value
GSE136831,broad,consensus,exploratory,CCL2,ACKR1,fibroblasts,__broad__,macrophages,__broad__,50,2.0,4,18,0.3599523283813104,0.13224820861859676,0.5876564481440277,0.05317157513302373,0.6671356971919971,descriptive_no_p_value
GSE136831,broad,consensus,exploratory,CCL2,ACKR4,fibroblasts,__broad__,macrophages,__broad__,50,2.0,4,18,-0.020676924507526895,0.13224820861859676,-0.17360205763364966,-0.2391663933622361,0.24603939095789862,descriptive_no_p_value
GSE136831,broad,consensus,core,AREG,EGFR_ERBB2,macrophages,__broad__,fibroblasts,__broad__,50,2.0,4,18,-0.07169868192307227,-0.3308061845545467,0.18740882070840215,-0.14965715592423567,0.012728741364354867,descriptive_no_p_value
GSE136831,broad,consensus,core,AREG,ERBB3,macrophages,__broad__,fibroblasts,__broad__,50,2.0,4,18,-0.09694582105824878,-0.3308061845545467,0.13691454243805046,-0.21324344903392056,0.10756812594128018,descriptive_no_p_value
GSE136831,broad,consensus,exploratory,CXCL12,CD4,fibroblasts,__broad__,macrophages,__broad__,50,2.0,4,18,0.9114192554287195,1.4614528745347046,0.3613856363227326,0.6776820212949239,1.051327721508537,descriptive_no_p_value
GSE136831,broad,consensus,exploratory,CXCL12,ITGB3,fibroblasts,__broad__,macrophages,__broad__,50,2.0,4,18,1.255977913225415,1.4614528745347046,1.0505029519161249,1.0205495533866227,1.633743776439673,descriptive_no_p_value
GSE136831,broad,consensus,exploratory,CXCL12,ITGB1,fibroblasts,__broad__,macrophages,__broad__,50,2.0,4,18,0.5544544802593672,1.4614528745347046,-0.3525439140159703,0.3981115624525131,0.751274960922057,descriptive_no_p_value
GSE136831,broad,consensus,exploratory,CXCL12,ITGAV,fibroblasts,__broad__,macrophages,__broad__,50,2.0,4,18,0.5503577112360887,1.4614528745347046,-0.3607374520625255,0.41000792807321673,0.7281661811332976,descriptive_no_p_value
GSE136831,broad,consensus,exploratory,CXCL12,ITGA5,fibroblasts,__broad__,macrophages,__broad__,50,2.0,4,18,0.5710905844532261,1.4614528745347046,-0.31927170562825324,0.3790912405731799,0.8734841256471508,descriptive_no_p_value
GSE136831,broad,consensus,exploratory,CXCL12,ITGA4,fibroblasts,__broad__,macrophages,__broad__,50,2.0,4,18,1.1614158583378118,1.4614528745347046,0.8613788421409185,1.00191588314234,1.304318820672988,descriptive_no_p_value
GSE136831,broad,consensus,exploratory,CXCL12,ACKR3,fibroblasts,__broad__,macrophages,__broad__,50,2.0,4,18,0.39197991799233733,1.4614528745347046,-0.6774930385500308,0.03875149246195786,0.5896078506085791,descriptive_no_p_value
GSE136831,broad,consensus,exploratory,CXCL12,AVPR1A,fibroblasts,__broad__,macrophages,__broad__,50,2.0,4,18,0.5052945346737434,1.4614528745347046,-0.45086380518721825,0.24292849738859768,0.9127609270712236,descriptive_no_p_value
GSE136831,broad,consensus,exploratory,CXCL12,CXCR3,fibroblasts,__broad__,macrophages,__broad__,50,2.0,4,18,0.8274640894906713,1.4614528745347046,0.1934753044466362,0.5619181192824492,1.0583134064100908,descriptive_no_p_value
GSE136831,broad,consensus,exploratory,CXCL12,CCR4,fibroblasts,__broad__,macrophages,__broad__,50,2.0,4,18,0.8352665122758933,1.4614528745347046,0.20908015001708113,0.6462578639089387,0.9459788365511737,descriptive_no_p_value
GSE136831,broad,consensus,exploratory,CXCL12,CXCR4,fibroblasts,__broad__,macrophages,__broad__,50,2.0,4,18,1.0001744105314447,1.4614528745347046,0.5388959465281822,0.712408503284653,1.1962317013839723,descriptive_no_p_value
GSE136831,broad,consensus,exploratory,CXCL12,GRM7,fibroblasts,__broad__,macrophages,__broad__,50,2.0,4,18,0.9495912793610293,1.4614528745347046,0.43772968418735214,0.8123886570126828,1.1088324368174303,descriptive_no_p_value
GSE136831,broad,consensus,core,HBEGF,EGFR_ERBB2,macrophages,__broad__,fibroblasts,__broad__,50,2.0,4,18,0.06227064389719583,-0.06286753291400782,0.18740882070840215,-0.15474539820136357,0.20346141698144216,descriptive_no_p_value
GSE136831,broad,consensus,core,HBEGF,ERBB2_ERBB4,macrophages,__broad__,fibroblasts,__broad__,50,2.0,4,18,0.09519753208562154,-0.06286753291400782,0.2532625970852518,-0.11084288061679715,0.23726179187945284,descriptive_no_p_value
GSE136831,broad,consensus,core,HBEGF,CD44,macrophages,__broad__,fibroblasts,__broad__,50,2.0,4,18,-0.19578298774509229,-0.06286753291400782,-0.32869844257617586,-0.2756918400750603,-0.08661520521023558,descriptive_no_p_value
GSE136831,broad,consensus,core,HBEGF,PRLR,macrophages,__broad__,fibroblasts,__broad__,50,2.0,4,18,0.319410389071213,-0.06286753291400782,0.7016883110564334,0.12932272418272195,0.4994131670794384,descriptive_no_p_value
GSE136831,broad,consensus,exploratory,CCL2,ACKR2,fibroblasts,__broad__,macrophages,__broad__,50,2.0,4,18,0.06984933316740793,0.13224820861859676,0.007450457716220882,-0.13898819899189263,0.2590052116562389,descriptive_no_p_value
GSE136831,broad,consensus,exploratory,CXCL12,DPP4,fibroblasts,__broad__,macrophages,__broad__,50,2.0,4,18,1.1340289422598513,1.4614528745347046,0.8066050099849952,0.8377491291566579,1.6051702251867588,descriptive_no_p_value
GSE136831,broad,consensus,core,TGFB1,ENG,macrophages,__broad__,fibroblasts,__broad__,50,2.0,4,18,-0.23620946210028215,-0.16103934013726118,-0.3113795840633058,-0.40341753534999025,-0.12671384041119538,descriptive_no_p_value
GSE136831,broad,consensus,core,HBEGF,CD9,macrophages,__broad__,fibroblasts,__broad__,50,2.0,4,18,0.3675184783278862,-0.06286753291400782,0.7979044895697802,0.20362607256236487,0.5211982043810552,descriptive_no_p_value
GSE136831,broad,consensus,core,HBEGF,CD82,macrophages,__broad__,fibroblasts,__broad__,50,2.0,4,18,0.20947660115731193,-0.06286753291400782,0.4818207352286299,0.08037923061751151,0.40074752213952713,descriptive_no_p_value
GSE136831,broad,consensus,core,TGFB1,CAV1,macrophages,__broad__,fibroblasts,__broad__,50,2.0,4,18,0.2951634415097386,-0.16103934013726118,0.7513662231567393,-0.08997798107407906,0.641042472283595,descriptive_no_p_value
GSE136831,broad,consensus,exploratory,CXCL12,SDC4,fibroblasts,__broad__,macrophages,__broad__,50,2.0,4,18,0.6084555116112353,1.4614528745347046,-0.24454185131223571,0.3694951634464587,0.8083645426004766,descriptive_no_p_value
GSE136831,broad,consensus,core,TGFB1,LPP,macrophages,__broad__,fibroblasts,__broad__,50,2.0,4,18,0.10340142517036632,-0.16103934013726118,0.36784219047799027,0.03577254523417217,0.16822473750110412,descriptive_no_p_value
GSE136831,broad,cellchatdb,core,IL1B,IL1R2,macrophages,__broad__,fibroblasts,__broad__,50,2.0,4,18,-0.6693202347845073,-0.6809440164309732,-0.6576964531380405,-0.9782172659944104,-0.34821882031500184,descriptive_no_p_value
GSE136831,broad,cellchatdb,core,IL1B,IL1R2,macrophages,__broad__,AT2,__broad__,50,2.0,10,3,-1.1821127044530453,-0.840925010372156,-1.5233003985339355,-1.477379705985188,-0.7877438518487585,descriptive_no_p_value
GSE136831,broad,cellchatdb,core,AREG,EGFR,macrophages,__broad__,fibroblasts,__broad__,50,2.0,4,18,-0.39256493238228174,-0.3308061845545467,-0.4543236802100159,-0.4566451053053546,-0.2991335574533718,descriptive_no_p_value
GSE136831,broad,cellchatdb,core,HBEGF,EGFR,macrophages,__broad__,fibroblasts,__broad__,50,2.0,4,18,-0.25859560656201275,-0.06286753291400782,-0.4543236802100159,-0.38773404201177275,-0.16984253477451094,descriptive_no_p_value
GSE136831,broad,cellchatdb,core,HBEGF,ERBB4,macrophages,__broad__,fibroblasts,__broad__,50,2.0,4,18,0.6011791415976848,-0.06286753291400782,1.2652258161093766,0.5373436908683997,0.6876477262982537,descriptive_no_p_value
GSE136831,broad,cellchatdb,exploratory,CXCL12,ACKR3,fibroblasts,__broad__,macrophages,__broad__,50,2.0,4,18,0.39197991799233733,1.4614528745347046,-0.6774930385500308,0.03875149246195786,0.5896078506085791,descriptive_no_p_value
GSE136831,broad,cellchatdb,exploratory,CCL2,CCR2,fibroblasts,__broad__,macrophages,__broad__,50,2.0,4,18,0.48755543796522716,0.13224820861859676,0.8428626673118582,0.26663540318824275,0.6456768592570059,descriptive_no_p_value
GSE136831,broad,cellchatdb,exploratory,CXCL12,CXCR4,fibroblasts,__broad__,macrophages,__broad__,50,2.0,4,18,1.0001744105314447,1.4614528745347046,0.5388959465281822,0.712408503284653,1.1962317013839723,descriptive_no_p_value
GSE136831,broad,cellchatdb,exploratory,CCL2,ACKR1,fibroblasts,__broad__,macrophages,__broad__,50,2.0,4,18,0.3599523283813104,0.13224820861859676,0.5876564481440277,0.05317157513302373,0.6671356971919971,descriptive_no_p_value
GSE136831,broad,cellchatdb,exploratory,CCL2,ACKR2,fibroblasts,__broad__,macrophages,__broad__,50,2.0,4,18,0.06984933316740793,0.13224820861859676,0.007450457716220882,-0.13898819899189263,0.2590052116562389,descriptive_no_p_value
GSE136831,broad,cellchatdb,core,IL1A,IL1R1_IL1RAP,macrophages,__broad__,fibroblasts,__broad__,50,2.0,4,18,0.027741666314663682,-0.6212799516847674,0.6767632843140969,-0.05332015897023901,0.1631793891536928,descriptive_no_p_value
GSE136831,broad,cellchatdb,core,IL1A,IL1R1_IL1RAP,macrophages,__broad__,AT2,__broad__,50,2.0,10,3,-0.8473799223411764,-0.007033517856079641,-1.6877263268262745,-1.5527095714914578,-0.3959221773703563,descriptive_no_p_value
GSE136831,broad,cellchatdb,core,IL1B,IL1R1_IL1RAP,macrophages,__broad__,fibroblasts,__broad__,50,2.0,4,18,-0.0020903660584385975,-0.6809440164309732,0.6767632843140969,-0.22640262750004503,0.10168943253261187,descriptive_no_p_value
GSE136831,broad,cellchatdb,core,IL1B,IL1R1_IL1RAP,macrophages,__broad__,AT2,__broad__,50,2.0,10,3,-1.2643256685992146,-0.840925010372156,-1.6877263268262745,-1.7990868955432457,-0.7768787744637198,descriptive_no_p_value
GSE136831,broad,cellchatdb,core,TGFB1,TGFBR1_TGFBR2,macrophages,__broad__,fibroblasts,__broad__,50,2.0,4,18,-0.26972350565769165,-0.16103934013726118,-0.37840767117812213,-0.41105197856569475,-0.18818377128273944,descriptive_no_p_value
GSE136831,broad,cellchatdb,core,IL1A,IL1R2,macrophages,__broad__,fibroblasts,__broad__,50,2.0,4,18,-0.6394882024114041,-0.6212799516847674,-0.6576964531380405,-0.7060174968660231,-0.503228411817854,descriptive_no_p_value
GSE136831,broad,cellchatdb,core,IL1A,IL1R2,macrophages,__broad__,AT2,__broad__,50,2.0,10,3,-0.7651669581950071,-0.007033517856079641,-1.5233003985339355,-1.2310023819334002,-0.164240534219795,descriptive_no_p_value
GSE136831,broad,cellchatdb,core,TGFB1,ACVR1B_TGFBR2,macrophages,__broad__,fibroblasts,__broad__,50,2.0,4,18,-0.07891514741791461,-0.16103934013726118,0.0032090453014284037,-0.22161780313794033,-0.0046800675669551595,descriptive_no_p_value
GSE136831,broad,cellchatdb,core,TGFB1,ACVR1C_TGFBR2,macrophages,__broad__,fibroblasts,__broad__,50,2.0,4,18,0.4127461192220707,-0.16103934013726118,0.9865315785814,0.30070475659509643,0.4974391583639326,descriptive_no_p_value
GSE136831,broad,cellchatdb,core,TGFB1,ACVR1_TGFBR1_TGFBR2,macrophages,__broad__,fibroblasts,__broad__,50,2.0,4,18,0.2971806132915811,-0.16103934013726118,0.7554005667204216,0.1997121582353012,0.37060448461829765,descriptive_no_p_value
GSE136831,broad,cellchatdb,core,AREG,EGFR_ERBB2,macrophages,__broad__,fibroblasts,__broad__,50,2.0,4,18,-0.07169868192307227,-0.3308061845545467,0.18740882070840215,-0.14965715592423567,0.012728741364354867,descriptive_no_p_value
GSE136831,broad,cellchatdb,core,HBEGF,EGFR_ERBB2,macrophages,__broad__,fibroblasts,__broad__,50,2.0,4,18,0.06227064389719583,-0.06286753291400782,0.18740882070840215,-0.15474539820136357,0.20346141698144216,descriptive_no_p_value
GSE136831,broad,cellchatdb,core,HBEGF,ERBB2_ERBB4,macrophages,__broad__,fibroblasts,__broad__,50,2.0,4,18,0.09519753208562154,-0.06286753291400782,0.2532625970852518,-0.11084288061679715,0.23726179187945284,descriptive_no_p_value
GSE136831,subtype,consensus,core,TGFB1,ITGAV_ITGB6,macrophages,Macrophage,fibroblasts,Fibroblast,50,2.0,4,10,-0.2009912630641022,-0.21110213331361827,-0.19088039281458746,-0.3048147190021435,-0.0944429146362884,descriptive_no_p_value
GSE136831,subtype,consensus,core,TGFB1,ITGAV_ITGB6,macrophages,Macrophage_Alveolar,fibroblasts,Fibroblast,50,2.0,4,9,-0.1942866446299618,-0.21167195773500236,-0.1769013315249195,-0.27471032030023235,-0.1386149883857719,descriptive_no_p_value
GSE136831,subtype,consensus,core,TGFB1,ACVR1B_TGFBR2,macrophages,Macrophage,fibroblasts,Fibroblast,50,2.0,4,10,-0.004738510772221538,-0.21110213331361827,0.2016251117691743,-0.13128739718129445,0.09786263042668786,descriptive_no_p_value
GSE136831,subtype,consensus,core,TGFB1,ACVR1B_TGFBR2,macrophages,Macrophage_Alveolar,fibroblasts,Fibroblast,50,2.0,4,9,0.022675795456379433,-0.21167195773500236,0.2570235486477612,-0.08005536512463074,0.09898093342310155,descriptive_no_p_value
GSE136831,subtype,consensus,core,TGFB1,TGFBR1_TGFBR2,macrophages,Macrophage,fibroblasts,Fibroblast,50,2.0,4,10,-0.21735855799555726,-0.21110213331361827,-0.22361498267749536,-0.3998424309250481,-0.1374024434579022,descriptive_no_p_value
GSE136831,subtype,consensus,core,TGFB1,TGFBR1_TGFBR2,macrophages,Macrophage_Alveolar,fibroblasts,Fibroblast,50,2.0,4,9,-0.21459285042957355,-0.21167195773500236,-0.21751374312414384,-0.343721753771316,-0.14926420423464126,descriptive_no_p_value
GSE136831,subtype,consensus,core,TGFB1,ACVR1_TGFBR1_TGFBR2,macrophages,Macrophage,fibroblasts,Fibroblast,50,2.0,4,10,0.20182830659168705,-0.21110213331361827,0.6147587464969924,0.11630382332101874,0.32491928668766334,descriptive_no_p_value
GSE136831,subtype,consensus,core,TGFB1,ACVR1_TGFBR1_TGFBR2,macrophages,Macrophage_Alveolar,fibroblasts,Fibroblast,50,2.0,4,9,0.16401008902992675,-0.21167195773500236,0.5396921357948559,0.10221803402240592,0.26080506589371577,descriptive_no_p_value
GSE136831,subtype,consensus,core,TGFB1,ACVR1_TGFBR2,macrophages,Macrophage,fibroblasts,Fibroblast,50,2.0,4,10,0.23266544110827425,-0.21110213331361827,0.676433015530165,0.14714095783760595,0.35575642120425055,descriptive_no_p_value
GSE136831,subtype,consensus,core,TGFB1,ACVR1_TGFBR2,macrophages,Macrophage_Alveolar,fibroblasts,Fibroblast,50,2.0,4,9,0.18993458192510104,-0.21167195773500236,0.5915411215852027,0.1281425269175802,0.28672955878889006,descriptive_no_p_value
GSE136831,subtype,consensus,core,TGFB1,ACVR1C_TGFBR2,macrophages,Macrophage,fibroblasts,Fibroblast,50,2.0,4,10,0.4037140560400996,-0.21110213331361827,1.0185302453938179,0.3291487998251723,0.4779161697807046,descriptive_no_p_value
GSE136831,subtype,consensus,core,TGFB1,ACVR1C_TGFBR2,macrophages,Macrophage_Alveolar,fibroblasts,Fibroblast,50,2.0,4,9,0.42674838781396573,-0.21167195773500236,1.0651687333629356,0.3505006834466933,0.49765907265484177,descriptive_no_p_value
GSE136831,subtype,consensus,core,TGFB1,EGFR,macrophages,Macrophage,fibroblasts,Fibroblast,50,2.0,4,10,-0.08304704702621102,-0.21110213331361827,0.045008039261190014,-0.13475531711709188,-0.0003130908457622539,descriptive_no_p_value
GSE136831,subtype,consensus,core,TGFB1,EGFR,macrophages,Macrophage_Alveolar,fibroblasts,Fibroblast,50,2.0,4,9,-0.04444942402841523,-0.21167195773500236,0.12277310967817368,-0.07057357446895907,0.021491242099555663,descriptive_no_p_value
GSE136831,subtype,consensus,core,TGFB1,ITGB3,macrophages,Macrophage,fibroblasts,Fibroblast,50,2.0,4,10,-0.14871131822385664,-0.21110213331361827,-0.086320503134099,-0.2718536703505743,-0.05232352455276157,descriptive_no_p_value
GSE136831,subtype,consensus,core,TGFB1,ITGB3,macrophages,Macrophage_Alveolar,fibroblasts,Fibroblast,50,2.0,4,9,-0.2523405545356736,-0.21167195773500236,-0.29300915133634353,-0.3770072473740411,-0.16570477157888064,descriptive_no_p_value
GSE136831,subtype,consensus,core,TGFB1,ITGB1,macrophages,Macrophage,fibroblasts,Fibroblast,50,2.0,4,10,-0.04068282195975215,-0.21110213331361827,0.12973648939411486,-0.1419225976785965,0.05814715599360376,descriptive_no_p_value
GSE136831,subtype,consensus,core,TGFB1,ITGB1,macrophages,Macrophage_Alveolar,fibroblasts,Fibroblast,50,2.0,4,9,-0.12074004630816759,-0.21167195773500236,-0.02980813488133549,-0.21140738350775568,-0.02841030453840787,descriptive_no_p_value
GSE136831,subtype,consensus,core,TGFB1,ITGB5,macrophages,Macrophage,fibroblasts,Fibroblast,50,2.0,4,10,-0.09134264691970717,-0.21110213331361827,0.028416839474198596,-0.28334537130671755,0.020311256594916394,descriptive_no_p_value
GSE136831,subtype,consensus,core,TGFB1,ITGB5,macrophages,Macrophage_Alveolar,fibroblasts,Fibroblast,50,2.0,4,9,-0.08869423827803047,-0.21167195773500236,0.03428348117894142,-0.22734199307729153,-0.018378065267773636,descriptive_no_p_value
GSE136831,subtype,consensus,core,TGFB1,ITGB8,macrophages,Macrophage,fibroblasts,Fibroblast,50,2.0,4,10,-0.03516034879142804,-0.21110213331361827,0.1407814357307613,-0.1854287259445222,0.06873322809944415,descriptive_no_p_value
GSE136831,subtype,consensus,core,TGFB1,ITGB8,macrophages,Macrophage_Alveolar,fibroblasts,Fibroblast,50,2.0,4,9,-0.028860581894952553,-0.21167195773500236,0.15395079394509814,-0.2300056512316715,0.12838796458366897,descriptive_no_p_value
GSE136831,subtype,consensus,core,TGFB1,SDC2,macrophages,Macrophage,fibroblasts,Fibroblast,50,2.0,4,10,0.21972448262384514,-0.21110213331361827,0.6505510985613103,0.12882493437340603,0.33701387571885544,descriptive_no_p_value
GSE136831,subtype,consensus,core,TGFB1,SDC2,macrophages,Macrophage_Alveolar,fibroblasts,Fibroblast,50,2.0,4,9,0.16504064818034436,-0.21167195773500236,0.5417532540956884,0.07154749682679462,0.3061477671034174,descriptive_no_p_value
GSE136831,subtype,consensus,core,TGFB1,ACVRL1,macrophages,Macrophage,fibroblasts,Fibroblast,50,2.0,4,10,-0.013390451055635744,-0.21110213331361827,0.18432123120234323,-0.14350562508878983,0.11519355442687829,descriptive_no_p_value
GSE136831,subtype,consensus,core,TGFB1,ACVRL1,macrophages,Macrophage_Alveolar,fibroblasts,Fibroblast,50,2.0,4,9,0.000613383353535113,-0.21167195773500236,0.2128987244420717,-0.1439247601930429,0.15301511466411366,descriptive_no_p_value
GSE136831,subtype,consensus,core,TGFB1,CXCR4,macrophages,Macrophage,fibroblasts,Fibroblast,50,2.0,4,10,0.17608867152234975,-0.21110213331361827,0.5632794763583147,-0.14990067242672023,0.425575384936395,descriptive_no_p_value
GSE136831,subtype,consensus,core,TGFB1,CXCR4,macrophages,Macrophage_Alveolar,fibroblasts,Fibroblast,50,2.0,4,9,0.14086188594235338,-0.21167195773500236,0.4933957296197091,-0.13177248841896727,0.3640525961242105,descriptive_no_p_value
GSE136831,subtype,consensus,core,TGFB1,TGFBR3,macrophages,Macrophage,fibroblasts,Fibroblast,50,2.0,4,10,-0.6250616415903032,-0.21110213331361827,-1.0390211498669881,-0.7782924125180823,-0.49476471935957633,descriptive_no_p_value
GSE136831,subtype,consensus,core,TGFB1,TGFBR3,macrophages,Macrophage_Alveolar,fibroblasts,Fibroblast,50,2.0,4,9,-0.6066626031145566,-0.21167195773500236,-1.0016532484941099,-0.7065384044545882,-0.5026616841160179,descriptive_no_p_value
GSE136831,subtype,consensus,core,TGFB1,VASN,macrophages,Macrophage,fibroblasts,Fibroblast,50,2.0,4,10,-0.40241739629351514,-0.21110213331361827,-0.5937326592734111,-0.5525460197921701,-0.34011180897595583,descriptive_no_p_value
GSE136831,subtype,consensus,core,TGFB1,VASN,macrophages,Macrophage_Alveolar,fibroblasts,Fibroblast,50,2.0,4,9,-0.415963452028671,-0.21167195773500236,-0.6202549463223406,-0.5422743496992641,-0.3124767605930199,descriptive_no_p_value
GSE136831,subtype,consensus,core,IL1A,IL1R1_IL1RAP,macrophages,Macrophage,fibroblasts,Fibroblast,50,2.0,4,10,0.5212294689095125,0.22549145327081588,0.8169674845482096,0.3156647491441871,0.7588552623697602,descriptive_no_p_value
GSE136831,subtype,consensus,core,IL1A,IL1R1_IL1RAP,macrophages,Macrophage_Alveolar,fibroblasts,Fibroblast,50,2.0,4,9,0.3750586763207471,-0.01761016698129314,0.7677275196227864,0.2464169028416734,0.556916814129675,descriptive_no_p_value
GSE136831,subtype,consensus,core,IL1A,IL1R1_IL1RAP,macrophages,Macrophage,AT2,ATII,50,2.0,10,3,-1.0560026243332574,-0.4242789218402385,-1.6877263268262745,-1.6204557183036843,-0.6830979002066937,descriptive_no_p_value
GSE136831,subtype,consensus,core,IL1A,IL1R1_IL1RAP,macrophages,Macrophage_Alveolar,AT2,ATII,50,2.0,10,3,-0.7726370505311371,0.14245222576399907,-1.6877263268262745,-1.437613161922398,-0.32542723189233147,descriptive_no_p_value
GSE136831,subtype,consensus,core,IL1A,IL1R2_IL1RAP,macrophages,Macrophage,fibroblasts,Fibroblast,50,2.0,4,10,-0.21026742890919703,0.22549145327081588,-0.6460263110892104,-0.5478052615589752,0.2323865480111178,descriptive_no_p_value
GSE136831,subtype,consensus,core,IL1A,IL1R2_IL1RAP,macrophages,Macrophage_Alveolar,fibroblasts,Fibroblast,50,2.0,4,9,-0.41668302732575446,-0.01761016698129314,-0.8157558876702171,-0.5565948624157788,-0.221469451957375,descriptive_no_p_value
GSE136831,subtype,consensus,core,IL1A,IL1R2_IL1RAP,macrophages,Macrophage,AT2,ATII,50,2.0,10,3,-0.9737896601870868,-0.4242789218402385,-1.5233003985339355,-1.2987485287456257,-0.43518677054747235,descriptive_no_p_value
GSE136831,subtype,consensus,core,IL1A,IL1R2_IL1RAP,macrophages,Macrophage_Alveolar,AT2,ATII,50,2.0,10,3,-0.6904240863849682,0.14245222576399907,-1.5233003985339355,-1.1159059723643399,-0.1256032738367625,descriptive_no_p_value
GSE136831,subtype,consensus,core,IL1B,IL1R1_IL1RAP,macrophages,Macrophage,fibroblasts,Fibroblast,50,2.0,4,10,0.11801815621915335,-0.5809311721099055,0.8169674845482096,-0.048069707787886884,0.3332341681728481,descriptive_no_p_value
GSE136831,subtype,consensus,core,IL1B,IL1R1_IL1RAP,macrophages,Macrophage_Alveolar,fibroblasts,Fibroblast,50,2.0,4,9,0.13879858751731788,-0.49013034458815063,0.7677275196227864,-0.05813586407850213,0.3875732865749342,descriptive_no_p_value
GSE136831,subtype,consensus,core,IL1B,IL1R1_IL1RAP,macrophages,Macrophage,AT2,ATII,50,2.0,10,3,-1.4074112932332303,-1.1270962596401857,-1.6877263268262745,-1.9014659171713921,-0.9406698548007579,descriptive_no_p_value
GSE136831,subtype,consensus,core,IL1B,IL1R1_IL1RAP,macrophages,Macrophage_Alveolar,AT2,ATII,50,2.0,10,3,-0.9188833214686545,-0.15004031611103574,-1.6877263268262745,-1.4400816974220252,-0.4334265710068266,descriptive_no_p_value
GSE136831,subtype,consensus,core,IL1B,IL1R2_IL1RAP,macrophages,Macrophage,fibroblasts,Fibroblast,50,2.0,4,10,-0.6134787415995575,-0.5809311721099055,-0.6460263110892104,-0.9115397184910501,-0.1932345461857956,descriptive_no_p_value
GSE136831,subtype,consensus,core,IL1B,IL1R2_IL1RAP,macrophages,Macrophage_Alveolar,fibroblasts,Fibroblast,50,2.0,4,9,-0.6529431161291832,-0.49013034458815063,-0.8157558876702171,-0.9208108508180155,-0.42838684719873044,descriptive_no_p_value
GSE136831,subtype,consensus,core,IL1B,IL1R2_IL1RAP,macrophages,Macrophage,AT2,ATII,50,2.0,10,3,-1.3251983290870606,-1.1270962596401857,-1.5233003985339355,-1.5797587276133336,-0.9508306237856212,descriptive_no_p_value
GSE136831,subtype,consensus,core,IL1B,IL1R2_IL1RAP,macrophages,Macrophage_Alveolar,AT2,ATII,50,2.0,10,3,-0.836670357322483,-0.15004031611103574,-1.5233003985339355,-1.1183745078639653,-0.4538742120351902,descriptive_no_p_value
GSE136831,subtype,consensus,core,IL1B,ADRB2,macrophages,Macrophage,fibroblasts,Fibroblast,50,2.0,4,10,-0.24128581284012673,-0.5809311721099055,0.09835954642965361,-0.5175280020384787,0.0422359545277895,descriptive_no_p_value
GSE136831,subtype,consensus,core,IL1B,ADRB2,macrophages,Macrophage_Alveolar,fibroblasts,Fibroblast,50,2.0,4,9,-0.24239853188127114,-0.49013034458815063,0.005333280825608133,-0.3890590342057054,-0.06562747787358347,descriptive_no_p_value
GSE136831,subtype,consensus,core,IL1B,ADRB2,macrophages,Macrophage,AT2,ATII,50,2.0,10,3,-1.0085362798358277,-1.1270962596401857,-0.8899763000314698,-1.2966437999046754,-0.7698767495574081,descriptive_no_p_value
GSE136831,subtype,consensus,core,IL1B,ADRB2,macrophages,Macrophage_Alveolar,AT2,ATII,50,2.0,10,3,-0.5200083080712519,-0.15004031611103574,-0.8899763000314698,-0.8352595801553093,-0.35704202382654593,descriptive_no_p_value
GSE136831,subtype,consensus,core,IL1B,SIGIRR,macrophages,Macrophage,fibroblasts,Fibroblast,50,2.0,4,10,-0.3718477420935953,-0.5809311721099055,-0.1627643120772868,-0.6198356055600689,-0.13391658090569614,descriptive_no_p_value
GSE136831,subtype,consensus,core,IL1B,SIGIRR,macrophages,Macrophage_Alveolar,fibroblasts,Fibroblast,50,2.0,4,9,-0.31906905100434724,-0.49013034458815063,-0.14800775742054473,-0.4634479426709266,-0.14750971343048214,descriptive_no_p_value
GSE136831,subtype,consensus,core,IL1B,SIGIRR,macrophages,Macrophage,AT2,ATII,50,2.0,10,3,-0.7299493962687498,-1.1270962596401857,-0.3328025328973152,-1.1896326263837391,-0.32155636896277784,descriptive_no_p_value
GSE136831,subtype,consensus,core,IL1B,SIGIRR,macrophages,Macrophage_Alveolar,AT2,ATII,50,2.0,10,3,-0.24142142450417392,-0.15004031611103574,-0.3328025328973152,-0.6823893425898087,0.17540004278765142,descriptive_no_p_value
GSE136831,subtype,consensus,exploratory,CCL2,CCR1,fibroblasts,Fibroblast,macrophages,Macrophage,50,2.0,4,10,0.4885600962419385,0.4008029410354599,0.5763172514484198,0.3630525105743212,0.7022801855748666,descriptive_no_p_value
GSE136831,subtype,consensus,exploratory,CCL2,CCR1,fibroblasts,Fibroblast,macrophages,Macrophage_Alveolar,50,2.0,4,9,0.10793245935672324,0.5298074871378073,-0.31394256842436086,-0.07788340455139586,0.3646287182962098,descriptive_no_p_value
GSE136831,subtype,consensus,exploratory,CCL2,CCR2,fibroblasts,Fibroblast,macrophages,Macrophage,50,2.0,4,10,0.48045666937709086,0.4008029410354599,0.5601103977187218,0.3696816204472997,0.5728955989649922,descriptive_no_p_value
GSE136831,subtype,consensus,exploratory,CCL2,CCR2,fibroblasts,Fibroblast,macrophages,Macrophage_Alveolar,50,2.0,4,9,0.5357912220102232,0.5298074871378073,0.5417749568826387,0.3469925049746072,0.7288991500318516,descriptive_no_p_value
GSE136831,subtype,consensus,exploratory,CCL2,CCR10,fibroblasts,Fibroblast,macrophages,Macrophage,50,2.0,4,10,0.38095798996728814,0.4008029410354599,0.36111303889911756,0.2924565168805353,0.4995376460880756,descriptive_no_p_value
GSE136831,subtype,consensus,exploratory,CCL2,CCR10,fibroblasts,Fibroblast,macrophages,Macrophage_Alveolar,50,2.0,4,9,0.2946200231584015,0.5298074871378073,0.0594325591789952,0.10276395355123924,0.4249982744775842,descriptive_no_p_value
GSE136831,subtype,consensus,exploratory,CCL2,CCR3,fibroblasts,Fibroblast,macrophages,Macrophage,50,2.0,4,10,0.5890817412668161,0.4008029410354599,0.7773605414981732,0.4222303641228278,0.815775717376173,descriptive_no_p_value
GSE136831,subtype,consensus,exploratory,CCL2,CCR3,fibroblasts,Fibroblast,macrophages,Macrophage_Alveolar,50,2.0,4,9,0.16629295726959725,0.5298074871378073,-0.19722157259861517,-0.04044747507237911,0.37794147994306293,descriptive_no_p_value
GSE136831,subtype,consensus,exploratory,CCL2,CCR4,fibroblasts,Fibroblast,macrophages,Macrophage,50,2.0,4,10,0.43314030367932377,0.4008029410354599,0.4654776663231883,0.275690220628348,0.5780966663377431,descriptive_no_p_value
GSE136831,subtype,consensus,exploratory,CCL2,CCR4,fibroblasts,Fibroblast,macrophages,Macrophage_Alveolar,50,2.0,4,9,0.025587364565495818,0.5298074871378073,-0.4786327580068164,-0.20610454730316485,0.2985854008410542,descriptive_no_p_value
GSE136831,subtype,consensus,exploratory,CCL2,CCR5,fibroblasts,Fibroblast,macrophages,Macrophage,50,2.0,4,10,0.5972144392167147,0.4008029410354599,0.7936259373979717,0.49770960946560017,0.7118900361587448,descriptive_no_p_value
GSE136831,subtype,consensus,exploratory,CCL2,CCR5,fibroblasts,Fibroblast,macrophages,Macrophage_Alveolar,50,2.0,4,9,0.874881561664262,0.5298074871378073,1.2199556361907145,0.6730635498957174,1.0431997670796767,descriptive_no_p_value
GSE136831,subtype,consensus,exploratory,CCL2,ACKR1,fibroblasts,Fibroblast,macrophages,Macrophage,50,2.0,4,10,0.48416673718444336,0.4008029410354599,0.5675305333334271,0.1769477947562823,0.7617622887112017,descriptive_no_p_value
GSE136831,subtype,consensus,exploratory,CCL2,ACKR1,fibroblasts,Fibroblast,macrophages,Macrophage_Alveolar,50,2.0,4,9,0.23367682140912382,0.5298074871378073,-0.0624538443195613,-0.053286848827131195,0.5446205864552272,descriptive_no_p_value
GSE136831,subtype,consensus,exploratory,CCL2,ACKR4,fibroblasts,Fibroblast,macrophages,Macrophage,50,2.0,4,10,0.19590808046812036,0.4008029410354599,-0.008986780099218494,0.0876859020782681,0.46618315040978686,descriptive_no_p_value
GSE136831,subtype,consensus,exploratory,CCL2,ACKR4,fibroblasts,Fibroblast,macrophages,Macrophage_Alveolar,50,2.0,4,9,0.1133268938347256,0.5298074871378073,-0.3031536994683559,-0.14788460407430426,0.35680534406991526,descriptive_no_p_value
GSE136831,subtype,consensus,core,AREG,EGFR_ERBB2,macrophages,Macrophage,fibroblasts,Fibroblast,50,2.0,4,10,-0.3451384841377507,-0.717780145843868,0.027503177568365622,-0.5356657558717774,-0.12242457835420151,descriptive_no_p_value
GSE136831,subtype,consensus,core,AREG,EGFR_ERBB2,macrophages,Macrophage_Alveolar,fibroblasts,Fibroblast,50,2.0,4,9,-0.1005936178670579,-0.19292276341455228,-0.00826447231956351,-0.31853713431676667,0.12296802484592462,descriptive_no_p_value
GSE136831,subtype,consensus,core,AREG,ERBB3,macrophages,Macrophage,fibroblasts,Fibroblast,50,2.0,4,10,-0.35677391676599957,-0.717780145843868,0.004232312311866604,-0.534610166810344,-0.16785836156503642,descriptive_no_p_value
GSE136831,subtype,consensus,core,AREG,ERBB3,macrophages,Macrophage_Alveolar,fibroblasts,Fibroblast,50,2.0,4,9,-0.11733473437507858,-0.19292276341455228,-0.04174670533560443,-0.3306727352081271,0.06735322884042727,descriptive_no_p_value
GSE136831,subtype,consensus,exploratory,CXCL12,CD4,fibroblasts,Fibroblast,macrophages,Macrophage,50,2.0,4,10,1.2997498126647855,1.7324841149490986,0.8670155103804733,1.064650533045624,1.4087165657991596,descriptive_no_p_value
GSE136831,subtype,consensus,exploratory,CXCL12,CD4,fibroblasts,Fibroblast,macrophages,Macrophage_Alveolar,50,2.0,4,9,0.9692669889265701,1.6814882113005147,0.25704576655262645,0.7081559313766554,1.1204160055786998,descriptive_no_p_value
GSE136831,subtype,consensus,exploratory,CXCL12,ITGB3,fibroblasts,Fibroblast,macrophages,Macrophage,50,2.0,4,10,1.1256631176681542,1.7324841149490986,0.5188421203872111,0.8578615695221146,1.3937713441614563,descriptive_no_p_value
GSE136831,subtype,consensus,exploratory,CXCL12,ITGB3,fibroblasts,Fibroblast,macrophages,Macrophage_Alveolar,50,2.0,4,9,1.095125032990484,1.6814882113005147,0.5087618546804531,0.7959427155912975,1.2194611125447063,descriptive_no_p_value
GSE136831,subtype,consensus,exploratory,CXCL12,ITGB1,fibroblasts,Fibroblast,macrophages,Macrophage,50,2.0,4,10,0.5265799732364833,1.7324841149490986,-0.6793241684761293,0.35444205702512477,0.6631506983174473,descriptive_no_p_value
GSE136831,subtype,consensus,exploratory,CXCL12,ITGB1,fibroblasts,Fibroblast,macrophages,Macrophage_Alveolar,50,2.0,4,9,0.7003333527793281,1.6814882113005147,-0.28082150574185594,0.49527187910248927,0.835087550365607,descriptive_no_p_value
GSE136831,subtype,consensus,exploratory,CXCL12,ITGAV,fibroblasts,Fibroblast,macrophages,Macrophage,50,2.0,4,10,0.6540916270447017,1.7324841149490986,-0.42430086085969343,0.5007886356484645,0.7984413873133862,descriptive_no_p_value
GSE136831,subtype,consensus,exploratory,CXCL12,ITGAV,fibroblasts,Fibroblast,macrophages,Macrophage_Alveolar,50,2.0,4,9,0.6214344612762037,1.6814882113005147,-0.43861928874810907,0.4516758705811066,0.7539508506852917,descriptive_no_p_value
GSE136831,subtype,consensus,exploratory,CXCL12,ITGA5,fibroblasts,Fibroblast,macrophages,Macrophage,50,2.0,4,10,0.6878914512820256,1.7324841149490986,-0.3567012123850466,0.503964828225965,0.9708324040692871,descriptive_no_p_value
GSE136831,subtype,consensus,exploratory,CXCL12,ITGA5,fibroblasts,Fibroblast,macrophages,Macrophage_Alveolar,50,2.0,4,9,0.6512160125514024,1.6814882113005147,-0.37905618619771,0.42031129107548804,0.8698620177067644,descriptive_no_p_value
GSE136831,subtype,consensus,exploratory,CXCL12,ITGA4,fibroblasts,Fibroblast,macrophages,Macrophage,50,2.0,4,10,1.174967272448697,1.7324841149490986,0.6174504299482964,0.9436521314480615,1.3643004351348909,descriptive_no_p_value
GSE136831,subtype,consensus,exploratory,CXCL12,ITGA4,fibroblasts,Fibroblast,macrophages,Macrophage_Alveolar,50,2.0,4,9,1.1144839381699319,1.6814882113005147,0.5474796650393496,0.9734493545190448,1.2883801127180532,descriptive_no_p_value
GSE136831,subtype,consensus,exploratory,CXCL12,ACKR3,fibroblasts,Fibroblast,macrophages,Macrophage,50,2.0,4,10,0.7422504257967857,1.7324841149490986,-0.24798326335552368,0.30380192846896215,1.0100696169137606,descriptive_no_p_value
GSE136831,subtype,consensus,exploratory,CXCL12,ACKR3,fibroblasts,Fibroblast,macrophages,Macrophage_Alveolar,50,2.0,4,9,0.6072344875441944,1.6814882113005147,-0.46701923621212416,0.3162599016189134,0.7911246262199505,descriptive_no_p_value
GSE136831,subtype,consensus,exploratory,CXCL12,AVPR1A,fibroblasts,Fibroblast,macrophages,Macrophage,50,2.0,4,10,0.8610147422760304,1.7324841149490986,-0.010454630397036757,0.5510794862191823,1.2260084254342185,descriptive_no_p_value
GSE136831,subtype,consensus,exploratory,CXCL12,AVPR1A,fibroblasts,Fibroblast,macrophages,Macrophage_Alveolar,50,2.0,4,9,0.5496067919595187,1.6814882113005147,-0.5822746273814767,0.31706074153732233,0.8307255514481973,descriptive_no_p_value
GSE136831,subtype,consensus,exploratory,CXCL12,CXCR3,fibroblasts,Fibroblast,macrophages,Macrophage,50,2.0,4,10,1.2276935511798788,1.7324841149490986,0.7229029874106596,1.0335424963832094,1.312034701516943,descriptive_no_p_value
GSE136831,subtype,consensus,exploratory,CXCL12,CXCR3,fibroblasts,Fibroblast,macrophages,Macrophage_Alveolar,50,2.0,4,9,0.7919575072486378,1.6814882113005147,-0.09757319680323873,0.5088469626550669,1.0173139903350408,descriptive_no_p_value
GSE136831,subtype,consensus,exploratory,CXCL12,CCR4,fibroblasts,Fibroblast,macrophages,Macrophage,50,2.0,4,10,1.0989808906361431,1.7324841149490986,0.4654776663231883,0.9211764877107966,1.1996686928445301,descriptive_no_p_value
GSE136831,subtype,consensus,exploratory,CXCL12,CCR4,fibroblasts,Fibroblast,macrophages,Macrophage_Alveolar,50,2.0,4,9,0.6014277266468486,1.6814882113005147,-0.4786327580068164,0.35735798074846903,0.7676164681116613,descriptive_no_p_value
GSE136831,subtype,consensus,exploratory,CXCL12,CXCR4,fibroblasts,Fibroblast,macrophages,Macrophage,50,2.0,4,10,0.9605333395690998,1.7324841149490986,0.18858256418910546,0.6400941408999561,1.2351239990901979,descriptive_no_p_value
GSE136831,subtype,consensus,exploratory,CXCL12,CXCR4,fibroblasts,Fibroblast,macrophages,Macrophage_Alveolar,50,2.0,4,9,0.9660683902630733,1.6814882113005147,0.2506485692256337,0.6406473292234507,1.216155548128901,descriptive_no_p_value
GSE136831,subtype,consensus,exploratory,CXCL12,GRM7,fibroblasts,Fibroblast,macrophages,Macrophage,50,2.0,4,10,1.1776297214367926,1.7324841149490986,0.6227753279244856,1.0250269940342962,1.3239267361386156,descriptive_no_p_value
GSE136831,subtype,consensus,exploratory,CXCL12,GRM7,fibroblasts,Fibroblast,macrophages,Macrophage_Alveolar,50,2.0,4,9,0.6764869250311838,1.6814882113005147,-0.3285143612381467,0.5200230065051485,0.916429030014914,descriptive_no_p_value
GSE136831,subtype,consensus,core,HBEGF,EGFR_ERBB2,macrophages,Macrophage,fibroblasts,Fibroblast,50,2.0,4,10,0.02760920799212485,0.027715238415883192,0.027503177568365622,-0.2118851236418129,0.22159173129912713,descriptive_no_p_value
GSE136831,subtype,consensus,core,HBEGF,EGFR_ERBB2,macrophages,Macrophage_Alveolar,fibroblasts,Fibroblast,50,2.0,4,9,0.022923250765084724,0.05411097384973296,-0.00826447231956351,-0.1244815134343007,0.13012116756982461,descriptive_no_p_value
GSE136831,subtype,consensus,core,HBEGF,ERBB2_ERBB4,macrophages,Macrophage,fibroblasts,Fibroblast,50,2.0,4,10,0.04379494542504059,0.027715238415883192,0.059874652434197984,-0.19030414039792465,0.2289866173080659,descriptive_no_p_value
GSE136831,subtype,consensus,core,HBEGF,ERBB2_ERBB4,macrophages,Macrophage_Alveolar,fibroblasts,Fibroblast,50,2.0,4,9,0.03910898819800135,0.05411097384973296,0.024107002546268852,-0.10290053019041245,0.13012116756982461,descriptive_no_p_value
GSE136831,subtype,consensus,core,HBEGF,CD44,macrophages,Macrophage,fibroblasts,Fibroblast,50,2.0,4,10,-0.012432528395862619,0.027715238415883192,-0.05258029520760843,-0.06718697864946321,0.05821671652847016,descriptive_no_p_value
GSE136831,subtype,consensus,core,HBEGF,CD44,macrophages,Macrophage_Alveolar,fibroblasts,Fibroblast,50,2.0,4,9,-0.030912271318359608,0.05411097384973296,-0.11593551648645217,-0.1482881534935565,0.09856647519323136,descriptive_no_p_value
GSE136831,subtype,consensus,core,HBEGF,PRLR,macrophages,Macrophage,fibroblasts,Fibroblast,50,2.0,4,10,0.18383404521781,0.027715238415883192,0.3399528520197381,-0.0429692647264428,0.40950139953118025,descriptive_no_p_value
GSE136831,subtype,consensus,core,HBEGF,PRLR,macrophages,Macrophage_Alveolar,fibroblasts,Fibroblast,50,2.0,4,9,0.15863014495128525,0.05411097384973296,0.26314931605283753,0.023916402441583884,0.28021666961042335,descriptive_no_p_value
GSE136831,subtype,consensus,exploratory,CCL2,ACKR2,fibroblasts,Fibroblast,macrophages,Macrophage,50,2.0,4,10,0.4133320013189081,0.4008029410354599,0.42586106160235615,0.16251147086066187,0.715790578668726,descriptive_no_p_value
GSE136831,subtype,consensus,exploratory,CCL2,ACKR2,fibroblasts,Fibroblast,macrophages,Macrophage_Alveolar,50,2.0,4,9,0.2541248552349735,0.5298074871378073,-0.021557776667862516,0.07781748758509277,0.5141102155533077,descriptive_no_p_value
GSE136831,subtype,consensus,exploratory,CXCL12,DPP4,fibroblasts,Fibroblast,macrophages,Macrophage,50,2.0,4,10,0.9478962638724484,1.7324841149490986,0.1633084127957971,0.6265912345120936,1.3034984497921323,descriptive_no_p_value
GSE136831,subtype,consensus,exploratory,CXCL12,DPP4,fibroblasts,Fibroblast,macrophages,Macrophage_Alveolar,50,2.0,4,9,0.3899093103654918,1.6814882113005147,-0.9016695905695298,-0.01571196887601678,0.6703901742070673,descriptive_no_p_value
GSE136831,subtype,consensus,core,TGFB1,ENG,macrophages,Macrophage,fibroblasts,Fibroblast,50,2.0,4,10,-0.2562625043292073,-0.21110213331361827,-0.30142287534479717,-0.4055954981435077,-0.14403690905730837,descriptive_no_p_value
GSE136831,subtype,consensus,core,TGFB1,ENG,macrophages,Macrophage_Alveolar,fibroblasts,Fibroblast,50,2.0,4,9,-0.2592434139382398,-0.21167195773500236,-0.30681487014147724,-0.3847586819244766,-0.19789451084996568,descriptive_no_p_value
GSE136831,subtype,consensus,core,HBEGF,CD9,macrophages,Macrophage,fibroblasts,Fibroblast,50,2.0,4,10,0.26378272717087814,0.027715238415883192,0.49985021592587575,0.06889180966495001,0.47456897749226723,descriptive_no_p_value
GSE136831,subtype,consensus,core,HBEGF,CD9,macrophages,Macrophage_Alveolar,fibroblasts,Fibroblast,50,2.0,4,9,0.3252714277604385,0.05411097384973296,0.5964318816711405,0.2224700776890609,0.43197684842759543,descriptive_no_p_value
GSE136831,subtype,consensus,core,HBEGF,CD82,macrophages,Macrophage,fibroblasts,Fibroblast,50,2.0,4,10,-0.31435577785322355,0.027715238415883192,-0.6564267941223281,-0.4743395954465255,-0.11683125367564973,descriptive_no_p_value
GSE136831,subtype,consensus,core,HBEGF,CD82,macrophages,Macrophage_Alveolar,fibroblasts,Fibroblast,50,2.0,4,9,-0.26533378621348636,0.05411097384973296,-0.5847785462767057,-0.38627244963841356,-0.1718900916901447,descriptive_no_p_value
GSE136831,subtype,consensus,core,TGFB1,CAV1,macrophages,Macrophage,fibroblasts,Fibroblast,50,2.0,4,10,0.13829139834132942,-0.21110213331361827,0.487684929996278,-0.27294313231692513,0.5034005223479259,descriptive_no_p_value
GSE136831,subtype,consensus,core,TGFB1,CAV1,macrophages,Macrophage_Alveolar,fibroblasts,Fibroblast,50,2.0,4,9,0.07533809912136125,-0.21167195773500236,0.36234815597772485,-0.31207870570883056,0.38957053094433114,descriptive_no_p_value
GSE136831,subtype,consensus,exploratory,CXCL12,SDC4,fibroblasts,Fibroblast,macrophages,Macrophage,50,2.0,4,10,0.6507132953586625,1.7324841149490986,-0.43105752423177357,0.3673164430451541,0.882824242945186,descriptive_no_p_value
GSE136831,subtype,consensus,exploratory,CXCL12,SDC4,fibroblasts,Fibroblast,macrophages,Macrophage_Alveolar,50,2.0,4,9,0.5080808750147092,1.6814882113005147,-0.6653264612710945,0.2690887688605015,0.7054196820454175,descriptive_no_p_value
GSE136831,subtype,consensus,core,TGFB1,LPP,macrophages,Macrophage,fibroblasts,Fibroblast,50,2.0,4,10,-0.01459116418415718,-0.21110213331361827,0.1819198049453039,-0.10179937979823706,0.07000858048339076,descriptive_no_p_value
GSE136831,subtype,consensus,core,TGFB1,LPP,macrophages,Macrophage_Alveolar,fibroblasts,Fibroblast,50,2.0,4,9,-0.013660507109490183,-0.21167195773500236,0.18435094351602466,-0.06082721808390623,0.0496708003260764,descriptive_no_p_value
GSE136831,subtype,cellchatdb,core,IL1B,IL1R2,macrophages,Macrophage,fibroblasts,Fibroblast,50,2.0,4,10,-0.6134787415995575,-0.5809311721099055,-0.6460263110892104,-0.9115397184910501,-0.1932345461857956,descriptive_no_p_value
GSE136831,subtype,cellchatdb,core,IL1B,IL1R2,macrophages,Macrophage_Alveolar,fibroblasts,Fibroblast,50,2.0,4,9,-0.6529431161291832,-0.49013034458815063,-0.8157558876702171,-0.9208108508180155,-0.42838684719873044,descriptive_no_p_value
GSE136831,subtype,cellchatdb,core,IL1B,IL1R2,macrophages,Macrophage,AT2,ATII,50,2.0,10,3,-1.3251983290870606,-1.1270962596401857,-1.5233003985339355,-1.5797587276133336,-0.9508306237856212,descriptive_no_p_value
GSE136831,subtype,cellchatdb,core,IL1B,IL1R2,macrophages,Macrophage_Alveolar,AT2,ATII,50,2.0,10,3,-0.836670357322483,-0.15004031611103574,-1.5233003985339355,-1.1183745078639653,-0.4538742120351902,descriptive_no_p_value
GSE136831,subtype,cellchatdb,core,AREG,EGFR,macrophages,Macrophage,fibroblasts,Fibroblast,50,2.0,4,10,-0.33638605329133675,-0.717780145843868,0.045008039261190014,-0.4546838271109639,-0.13252546168676105,descriptive_no_p_value
GSE136831,subtype,cellchatdb,core,AREG,EGFR,macrophages,Macrophage_Alveolar,fibroblasts,Fibroblast,50,2.0,4,9,-0.035074826868189746,-0.19292276341455228,0.12277310967817368,-0.21855228113841108,0.1474796317941207,descriptive_no_p_value
GSE136831,subtype,cellchatdb,core,HBEGF,EGFR,macrophages,Macrophage,fibroblasts,Fibroblast,50,2.0,4,10,0.03636163883853705,0.027715238415883192,0.045008039261190014,-0.13090319488099844,0.18933697809486727,descriptive_no_p_value
GSE136831,subtype,cellchatdb,core,HBEGF,EGFR,macrophages,Macrophage_Alveolar,fibroblasts,Fibroblast,50,2.0,4,9,0.08844204176395376,0.05411097384973296,0.12277310967817368,0.013266775478969706,0.1546327745180216,descriptive_no_p_value
GSE136831,subtype,cellchatdb,core,HBEGF,ERBB4,macrophages,Macrophage,fibroblasts,Fibroblast,50,2.0,4,10,0.6800034751374682,0.027715238415883192,1.332291711859054,0.5603161632189426,0.7787453619356182,descriptive_no_p_value
GSE136831,subtype,cellchatdb,core,HBEGF,ERBB4,macrophages,Macrophage_Alveolar,fibroblasts,Fibroblast,50,2.0,4,9,0.7775504065059344,0.05411097384973296,1.5009898391621368,0.6534147495801008,0.8469576358774535,descriptive_no_p_value
GSE136831,subtype,cellchatdb,exploratory,CXCL12,ACKR3,fibroblasts,Fibroblast,macrophages,Macrophage,50,2.0,4,10,0.7422504257967857,1.7324841149490986,-0.24798326335552368,0.30380192846896215,1.0100696169137606,descriptive_no_p_value
GSE136831,subtype,cellchatdb,exploratory,CXCL12,ACKR3,fibroblasts,Fibroblast,macrophages,Macrophage_Alveolar,50,2.0,4,9,0.6072344875441944,1.6814882113005147,-0.46701923621212416,0.3162599016189134,0.7911246262199505,descriptive_no_p_value
GSE136831,subtype,cellchatdb,exploratory,CCL2,CCR2,fibroblasts,Fibroblast,macrophages,Macrophage,50,2.0,4,10,0.48045666937709086,0.4008029410354599,0.5601103977187218,0.3696816204472997,0.5728955989649922,descriptive_no_p_value
GSE136831,subtype,cellchatdb,exploratory,CCL2,CCR2,fibroblasts,Fibroblast,macrophages,Macrophage_Alveolar,50,2.0,4,9,0.5357912220102232,0.5298074871378073,0.5417749568826387,0.3469925049746072,0.7288991500318516,descriptive_no_p_value
GSE136831,subtype,cellchatdb,exploratory,CXCL12,CXCR4,fibroblasts,Fibroblast,macrophages,Macrophage,50,2.0,4,10,0.9605333395690998,1.7324841149490986,0.18858256418910546,0.6400941408999561,1.2351239990901979,descriptive_no_p_value
GSE136831,subtype,cellchatdb,exploratory,CXCL12,CXCR4,fibroblasts,Fibroblast,macrophages,Macrophage_Alveolar,50,2.0,4,9,0.9660683902630733,1.6814882113005147,0.2506485692256337,0.6406473292234507,1.216155548128901,descriptive_no_p_value
GSE136831,subtype,cellchatdb,exploratory,CCL2,ACKR1,fibroblasts,Fibroblast,macrophages,Macrophage,50,2.0,4,10,0.48416673718444336,0.4008029410354599,0.5675305333334271,0.1769477947562823,0.7617622887112017,descriptive_no_p_value
GSE136831,subtype,cellchatdb,exploratory,CCL2,ACKR1,fibroblasts,Fibroblast,macrophages,Macrophage_Alveolar,50,2.0,4,9,0.23367682140912382,0.5298074871378073,-0.0624538443195613,-0.053286848827131195,0.5446205864552272,descriptive_no_p_value
GSE136831,subtype,cellchatdb,exploratory,CCL2,ACKR2,fibroblasts,Fibroblast,macrophages,Macrophage,50,2.0,4,10,0.4133320013189081,0.4008029410354599,0.42586106160235615,0.16251147086066187,0.715790578668726,descriptive_no_p_value
GSE136831,subtype,cellchatdb,exploratory,CCL2,ACKR2,fibroblasts,Fibroblast,macrophages,Macrophage_Alveolar,50,2.0,4,9,0.2541248552349735,0.5298074871378073,-0.021557776667862516,0.07781748758509277,0.5141102155533077,descriptive_no_p_value
GSE136831,subtype,cellchatdb,core,IL1A,IL1R1_IL1RAP,macrophages,Macrophage,fibroblasts,Fibroblast,50,2.0,4,10,0.5212294689095125,0.22549145327081588,0.8169674845482096,0.3156647491441871,0.7588552623697602,descriptive_no_p_value
GSE136831,subtype,cellchatdb,core,IL1A,IL1R1_IL1RAP,macrophages,Macrophage_Alveolar,fibroblasts,Fibroblast,50,2.0,4,9,0.3750586763207471,-0.01761016698129314,0.7677275196227864,0.2464169028416734,0.556916814129675,descriptive_no_p_value
GSE136831,subtype,cellchatdb,core,IL1A,IL1R1_IL1RAP,macrophages,Macrophage,AT2,ATII,50,2.0,10,3,-1.0560026243332574,-0.4242789218402385,-1.6877263268262745,-1.6204557183036843,-0.6830979002066937,descriptive_no_p_value
GSE136831,subtype,cellchatdb,core,IL1A,IL1R1_IL1RAP,macrophages,Macrophage_Alveolar,AT2,ATII,50,2.0,10,3,-0.7726370505311371,0.14245222576399907,-1.6877263268262745,-1.437613161922398,-0.32542723189233147,descriptive_no_p_value
GSE136831,subtype,cellchatdb,core,IL1B,IL1R1_IL1RAP,macrophages,Macrophage,fibroblasts,Fibroblast,50,2.0,4,10,0.11801815621915335,-0.5809311721099055,0.8169674845482096,-0.048069707787886884,0.3332341681728481,descriptive_no_p_value
GSE136831,subtype,cellchatdb,core,IL1B,IL1R1_IL1RAP,macrophages,Macrophage_Alveolar,fibroblasts,Fibroblast,50,2.0,4,9,0.13879858751731788,-0.49013034458815063,0.7677275196227864,-0.05813586407850213,0.3875732865749342,descriptive_no_p_value
GSE136831,subtype,cellchatdb,core,IL1B,IL1R1_IL1RAP,macrophages,Macrophage,AT2,ATII,50,2.0,10,3,-1.4074112932332303,-1.1270962596401857,-1.6877263268262745,-1.9014659171713921,-0.9406698548007579,descriptive_no_p_value
GSE136831,subtype,cellchatdb,core,IL1B,IL1R1_IL1RAP,macrophages,Macrophage_Alveolar,AT2,ATII,50,2.0,10,3,-0.9188833214686545,-0.15004031611103574,-1.6877263268262745,-1.4400816974220252,-0.4334265710068266,descriptive_no_p_value
GSE136831,subtype,cellchatdb,core,TGFB1,TGFBR1_TGFBR2,macrophages,Macrophage,fibroblasts,Fibroblast,50,2.0,4,10,-0.21735855799555726,-0.21110213331361827,-0.22361498267749536,-0.3998424309250481,-0.1374024434579022,descriptive_no_p_value
GSE136831,subtype,cellchatdb,core,TGFB1,TGFBR1_TGFBR2,macrophages,Macrophage_Alveolar,fibroblasts,Fibroblast,50,2.0,4,9,-0.21459285042957355,-0.21167195773500236,-0.21751374312414384,-0.343721753771316,-0.14926420423464126,descriptive_no_p_value
GSE136831,subtype,cellchatdb,core,IL1A,IL1R2,macrophages,Macrophage,fibroblasts,Fibroblast,50,2.0,4,10,-0.21026742890919703,0.22549145327081588,-0.6460263110892104,-0.5478052615589752,0.2323865480111178,descriptive_no_p_value
GSE136831,subtype,cellchatdb,core,IL1A,IL1R2,macrophages,Macrophage_Alveolar,fibroblasts,Fibroblast,50,2.0,4,9,-0.41668302732575446,-0.01761016698129314,-0.8157558876702171,-0.5565948624157788,-0.221469451957375,descriptive_no_p_value
GSE136831,subtype,cellchatdb,core,IL1A,IL1R2,macrophages,Macrophage,AT2,ATII,50,2.0,10,3,-0.9737896601870868,-0.4242789218402385,-1.5233003985339355,-1.2987485287456257,-0.43518677054747235,descriptive_no_p_value
GSE136831,subtype,cellchatdb,core,IL1A,IL1R2,macrophages,Macrophage_Alveolar,AT2,ATII,50,2.0,10,3,-0.6904240863849682,0.14245222576399907,-1.5233003985339355,-1.1159059723643399,-0.1256032738367625,descriptive_no_p_value
GSE136831,subtype,cellchatdb,core,TGFB1,ACVR1B_TGFBR2,macrophages,Macrophage,fibroblasts,Fibroblast,50,2.0,4,10,-0.004738510772221538,-0.21110213331361827,0.2016251117691743,-0.13128739718129445,0.09786263042668786,descriptive_no_p_value
GSE136831,subtype,cellchatdb,core,TGFB1,ACVR1B_TGFBR2,macrophages,Macrophage_Alveolar,fibroblasts,Fibroblast,50,2.0,4,9,0.022675795456379433,-0.21167195773500236,0.2570235486477612,-0.08005536512463074,0.09898093342310155,descriptive_no_p_value
GSE136831,subtype,cellchatdb,core,TGFB1,ACVR1C_TGFBR2,macrophages,Macrophage,fibroblasts,Fibroblast,50,2.0,4,10,0.4037140560400996,-0.21110213331361827,1.0185302453938179,0.3291487998251723,0.4779161697807046,descriptive_no_p_value
GSE136831,subtype,cellchatdb,core,TGFB1,ACVR1C_TGFBR2,macrophages,Macrophage_Alveolar,fibroblasts,Fibroblast,50,2.0,4,9,0.42674838781396573,-0.21167195773500236,1.0651687333629356,0.3505006834466933,0.49765907265484177,descriptive_no_p_value
GSE136831,subtype,cellchatdb,core,TGFB1,ACVR1_TGFBR1_TGFBR2,macrophages,Macrophage,fibroblasts,Fibroblast,50,2.0,4,10,0.20182830659168705,-0.21110213331361827,0.6147587464969924,0.11630382332101874,0.32491928668766334,descriptive_no_p_value
GSE136831,subtype,cellchatdb,core,TGFB1,ACVR1_TGFBR1_TGFBR2,macrophages,Macrophage_Alveolar,fibroblasts,Fibroblast,50,2.0,4,9,0.16401008902992675,-0.21167195773500236,0.5396921357948559,0.10221803402240592,0.26080506589371577,descriptive_no_p_value
GSE136831,subtype,cellchatdb,core,AREG,EGFR_ERBB2,macrophages,Macrophage,fibroblasts,Fibroblast,50,2.0,4,10,-0.3451384841377507,-0.717780145843868,0.027503177568365622,-0.5356657558717774,-0.12242457835420151,descriptive_no_p_value
GSE136831,subtype,cellchatdb,core,AREG,EGFR_ERBB2,macrophages,Macrophage_Alveolar,fibroblasts,Fibroblast,50,2.0,4,9,-0.1005936178670579,-0.19292276341455228,-0.00826447231956351,-0.31853713431676667,0.12296802484592462,descriptive_no_p_value
GSE136831,subtype,cellchatdb,core,HBEGF,EGFR_ERBB2,macrophages,Macrophage,fibroblasts,Fibroblast,50,2.0,4,10,0.02760920799212485,0.027715238415883192,0.027503177568365622,-0.2118851236418129,0.22159173129912713,descriptive_no_p_value
GSE136831,subtype,cellchatdb,core,HBEGF,EGFR_ERBB2,macrophages,Macrophage_Alveolar,fibroblasts,Fibroblast,50,2.0,4,9,0.022923250765084724,0.05411097384973296,-0.00826447231956351,-0.1244815134343007,0.13012116756982461,descriptive_no_p_value
GSE136831,subtype,cellchatdb,core,HBEGF,ERBB2_ERBB4,macrophages,Macrophage,fibroblasts,Fibroblast,50,2.0,4,10,0.04379494542504059,0.027715238415883192,0.059874652434197984,-0.19030414039792465,0.2289866173080659,descriptive_no_p_value
GSE136831,subtype,cellchatdb,core,HBEGF,ERBB2_ERBB4,macrophages,Macrophage_Alveolar,fibroblasts,Fibroblast,50,2.0,4,9,0.03910898819800135,0.05411097384973296,0.024107002546268852,-0.10290053019041245,0.13012116756982461,descriptive_no_p_value
GSE136831,broad,consensus,core,TGFB1,ITGAV_ITGB6,macrophages,__broad__,fibroblasts,__broad__,30,1.0,4,18,-0.4424431899746679,-0.16109087966656777,-0.7237955002827672,-0.5701327207970577,-0.3195311600833808,descriptive_no_p_value
GSE136831,broad,consensus,core,TGFB1,ACVR1B_TGFBR2,macrophages,__broad__,fibroblasts,__broad__,30,1.0,4,18,-0.07887339490002532,-0.16109087966656777,0.003344089866520683,-0.22440216425766923,-0.0034764820849897404,descriptive_no_p_value
GSE136831,broad,consensus,core,TGFB1,TGFBR1_TGFBR2,macrophages,__broad__,fibroblasts,__broad__,30,1.0,4,18,-0.27209838687355425,-0.16109087966656777,-0.38310589408054163,-0.4147584257617183,-0.1900144035123521,descriptive_no_p_value
GSE136831,broad,consensus,core,TGFB1,ACVR1_TGFBR1_TGFBR2,macrophages,__broad__,fibroblasts,__broad__,30,1.0,4,18,0.3062628591356287,-0.16109087966656777,0.7736165979378251,0.20647263433016594,0.38129279423619966,descriptive_no_p_value
GSE136831,broad,consensus,core,TGFB1,ACVR1_TGFBR2,macrophages,__broad__,fibroblasts,__broad__,30,1.0,4,18,0.34721592666544154,-0.16109087966656777,0.85552273299745,0.2474257018599788,0.42224586176601253,descriptive_no_p_value
GSE136831,broad,consensus,core,TGFB1,ACVR1C_TGFBR2,macrophages,__broad__,fibroblasts,__broad__,30,1.0,4,18,0.5796898316552852,-0.16109087966656777,1.3204705429771388,0.4198905478530097,0.7233328608389424,descriptive_no_p_value
GSE136831,broad,consensus,core,TGFB1,EGFR,macrophages,__broad__,fibroblasts,__broad__,30,1.0,4,18,-0.30863883977231676,-0.16109087966656777,-0.456186799878064,-0.3464682057052615,-0.2614842692793369,descriptive_no_p_value
GSE136831,broad,consensus,core,TGFB1,ITGB3,macrophages,__broad__,fibroblasts,__broad__,30,1.0,4,18,-0.4095464026052742,-0.16109087966656777,-0.6580019255439815,-0.5053421707837185,-0.3216745599944053,descriptive_no_p_value
GSE136831,broad,consensus,core,TGFB1,ITGB1,macrophages,__broad__,fibroblasts,__broad__,30,1.0,4,18,0.020194101269446207,-0.16109087966656777,0.20147908220546196,-0.0707850662059295,0.06722223763611268,descriptive_no_p_value
GSE136831,broad,consensus,core,TGFB1,ITGB5,macrophages,__broad__,fibroblasts,__broad__,30,1.0,4,18,0.03688008378126728,-0.16109087966656777,0.23485104722910322,-0.12317984260149295,0.1449816505901147,descriptive_no_p_value
GSE136831,broad,consensus,core,TGFB1,ITGB8,macrophages,__broad__,fibroblasts,__broad__,30,1.0,4,18,0.2398999904052621,-0.16109087966656777,0.6408908604770929,0.08983725913900287,0.39579322935656425,descriptive_no_p_value
GSE136831,broad,consensus,core,TGFB1,SDC2,macrophages,__broad__,fibroblasts,__broad__,30,1.0,4,18,-0.05222345475830892,-0.16109087966656777,0.056643970149951706,-0.12433953763771033,0.04559466086532993,descriptive_no_p_value
GSE136831,broad,consensus,core,TGFB1,ACVRL1,macrophages,__broad__,fibroblasts,__broad__,30,1.0,4,18,-0.28798125788370665,-0.16109087966656777,-0.41487163610084465,-0.3861479557168117,-0.15964854110808702,descriptive_no_p_value
GSE136831,broad,consensus,core,TGFB1,CXCR4,macrophages,__broad__,fibroblasts,__broad__,30,1.0,4,18,0.21594453025662652,-0.16109087966656777,0.5929799401798235,-0.16701029315258342,0.47430852406827295,descriptive_no_p_value
GSE136831,broad,consensus,core,TGFB1,TGFBR3,macrophages,__broad__,fibroblasts,__broad__,30,1.0,4,18,-0.7399937313907143,-0.16109087966656777,-1.31889658311486,-0.8525014932663604,-0.6454953982787108,descriptive_no_p_value
GSE136831,broad,consensus,core,TGFB1,VASN,macrophages,__broad__,fibroblasts,__broad__,30,1.0,4,18,-0.6187836237188211,-0.16109087966656777,-1.0764763677710727,-0.7808638032517683,-0.5214761815446796,descriptive_no_p_value
GSE136831,broad,consensus,core,IL1A,IL1R1_IL1RAP,macrophages,__broad__,fibroblasts,__broad__,30,1.0,4,18,0.03248513098169603,-0.6262548814341242,0.6912251433975127,-0.051221333681619186,0.17068099428462258,descriptive_no_p_value
GSE136831,broad,consensus,core,IL1A,IL1R1_IL1RAP,macrophages,__broad__,AT2,__broad__,30,1.0,10,3,-1.0099246935068362,-0.008970529053748955,-2.010878857959924,-1.7993145623153133,-0.4000464254654892,descriptive_no_p_value
GSE136831,broad,consensus,core,IL1A,IL1R2_IL1RAP,macrophages,__broad__,fibroblasts,__broad__,30,1.0,4,18,-0.7035808762690046,-0.6262548814341242,-0.7809068711038858,-0.7838689429141925,-0.558981904499356,descriptive_no_p_value
GSE136831,broad,consensus,core,IL1A,IL1R2_IL1RAP,macrophages,__broad__,AT2,__broad__,30,1.0,10,3,-0.9810190122961711,-0.008970529053748955,-1.9530674955385927,-1.5597810631644216,-0.32192482487719065,descriptive_no_p_value
GSE136831,broad,consensus,core,IL1B,IL1R1_IL1RAP,macrophages,__broad__,fibroblasts,__broad__,30,1.0,4,18,0.004960094571483609,-0.6813049542545455,0.6912251433975127,-0.22138225477069629,0.10605074577305285,descriptive_no_p_value
GSE136831,broad,consensus,core,IL1B,IL1R1_IL1RAP,macrophages,__broad__,AT2,__broad__,30,1.0,10,3,-1.426095665801296,-0.8413124736426676,-2.010878857959924,-2.043857498785055,-0.7792299546528367,descriptive_no_p_value
GSE136831,broad,consensus,core,IL1B,IL1R2_IL1RAP,macrophages,__broad__,fibroblasts,__broad__,30,1.0,4,18,-0.7311059126792161,-0.6813049542545455,-0.7809068711038858,-1.054134434860961,-0.40170982504468356,descriptive_no_p_value
GSE136831,broad,consensus,core,IL1B,IL1R2_IL1RAP,macrophages,__broad__,AT2,__broad__,30,1.0,10,3,-1.39718998459063,-0.8413124736426676,-1.9530674955385927,-1.8043239996341636,-0.9467112761034775,descriptive_no_p_value
GSE136831,broad,consensus,core,IL1B,ADRB2,macrophages,__broad__,fibroblasts,__broad__,30,1.0,4,18,-0.17659584232116599,-0.6813049542545455,0.3281132696122152,-0.37986983484132875,-0.03084493304296876,descriptive_no_p_value
GSE136831,broad,consensus,core,IL1B,ADRB2,macrophages,__broad__,AT2,__broad__,30,1.0,10,3,-0.8814232325412261,-0.8413124736426676,-0.9215339914397846,-1.220144874421937,-0.6532080235241642,descriptive_no_p_value
GSE136831,broad,consensus,core,IL1B,SIGIRR,macrophages,__broad__,fibroblasts,__broad__,30,1.0,4,18,-0.6102175858202266,-0.6813049542545455,-0.5391302173859058,-0.7349268139149654,-0.4892460083714161,descriptive_no_p_value
GSE136831,broad,consensus,core,IL1B,SIGIRR,macrophages,__broad__,AT2,__broad__,30,1.0,10,3,-0.5961881843728563,-0.8413124736426676,-0.3510638951030445,-1.0454922701107625,-0.1606899299735005,descriptive_no_p_value
GSE136831,broad,consensus,exploratory,CCL2,CCR1,fibroblasts,__broad__,macrophages,__broad__,30,1.0,4,18,0.26429711601798545,0.1319957448295188,0.3965984872064512,0.0969913308772119,0.5003467343575432,descriptive_no_p_value
GSE136831,broad,consensus,exploratory,CCL2,CCR2,fibroblasts,__broad__,macrophages,__broad__,30,1.0,4,18,0.5056523073732704,0.1319957448295188,0.8793088699170215,0.2729573315864169,0.6687081135066526,descriptive_no_p_value
GSE136831,broad,consensus,exploratory,CCL2,CCR10,fibroblasts,__broad__,macrophages,__broad__,30,1.0,4,18,0.20798866496071078,0.1319957448295188,0.2839815850919005,0.05390865023942659,0.2998031604648146,descriptive_no_p_value
GSE136831,broad,consensus,exploratory,CCL2,CCR3,fibroblasts,__broad__,macrophages,__broad__,30,1.0,4,18,0.4733882550091737,0.1319957448295188,0.8147807651888277,0.24818811068020796,0.7132671246137683,descriptive_no_p_value
GSE136831,broad,consensus,exploratory,CCL2,CCR4,fibroblasts,__broad__,macrophages,__broad__,30,1.0,4,18,0.1686842478829811,0.1319957448295188,0.20537275093644336,-0.0038052076376886568,0.30908746106381857,descriptive_no_p_value
GSE136831,broad,consensus,exploratory,CCL2,CCR5,fibroblasts,__broad__,macrophages,__broad__,30,1.0,4,18,0.7822870118709213,0.1319957448295188,1.4325782789123234,0.5362497251337581,0.9643493999083868,descriptive_no_p_value
GSE136831,broad,consensus,exploratory,CCL2,ACKR1,fibroblasts,__broad__,macrophages,__broad__,30,1.0,4,18,0.3647673577753361,0.1319957448295188,0.5975389707211536,0.035458566996292795,0.6861078645523886,descriptive_no_p_value
GSE136831,broad,consensus,exploratory,CCL2,ACKR4,fibroblasts,__broad__,macrophages,__broad__,30,1.0,4,18,-0.05533512631589366,0.1319957448295188,-0.24266599746130657,-0.2675137239915202,0.23030538048870675,descriptive_no_p_value
GSE136831,broad,consensus,core,AREG,EGFR_ERBB2,macrophages,__broad__,fibroblasts,__broad__,30,1.0,4,18,-0.06914885343109578,-0.3309053137113107,0.19260760684912048,-0.14985931192779844,0.01936765049447331,descriptive_no_p_value
GSE136831,broad,consensus,core,AREG,ERBB3,macrophages,__broad__,fibroblasts,__broad__,30,1.0,4,18,-0.08892419888765879,-0.3309053137113107,0.15305691593599402,-0.22015880963790746,0.15198999050894813,descriptive_no_p_value
GSE136831,broad,consensus,exploratory,CXCL12,CD4,fibroblasts,__broad__,macrophages,__broad__,30,1.0,4,18,0.9181714211668828,1.474668551705899,0.3616742906278674,0.6810420428249992,1.059583923983208,descriptive_no_p_value
GSE136831,broad,consensus,exploratory,CXCL12,ITGB3,fibroblasts,__broad__,macrophages,__broad__,30,1.0,4,18,1.274659006151774,1.474668551705899,1.0746494605976498,1.036365838689353,1.659216985384762,descriptive_no_p_value
GSE136831,broad,consensus,exploratory,CXCL12,ITGB1,fibroblasts,__broad__,macrophages,__broad__,30,1.0,4,18,0.560978296465807,1.474668551705899,-0.3527119587742886,0.40129264112898966,0.759218935506552,descriptive_no_p_value
GSE136831,broad,consensus,exploratory,CXCL12,ITGAV,fibroblasts,__broad__,macrophages,__broad__,30,1.0,4,18,0.5568831878264611,1.474668551705899,-0.3609021760529778,0.41319272497868553,0.7361016008106711,descriptive_no_p_value
GSE136831,broad,consensus,exploratory,CXCL12,ITGA5,fibroblasts,__broad__,macrophages,__broad__,30,1.0,4,18,0.5775661006626471,1.474668551705899,-0.3195363503806048,0.38225829707567716,0.8815637914809233,descriptive_no_p_value
GSE136831,broad,consensus,exploratory,CXCL12,ITGA4,fibroblasts,__broad__,macrophages,__broad__,30,1.0,4,18,1.1715517665004467,1.474668551705899,0.8684349812949947,1.0091961410706531,1.3163528743109345,descriptive_no_p_value
GSE136831,broad,consensus,exploratory,CXCL12,ACKR3,fibroblasts,__broad__,macrophages,__broad__,30,1.0,4,18,0.3979200810307413,1.474668551705899,-0.6788283896444147,0.041131391791934035,0.5971193478906489,descriptive_no_p_value
GSE136831,broad,consensus,exploratory,CXCL12,AVPR1A,fibroblasts,__broad__,macrophages,__broad__,30,1.0,4,18,0.4648870743083249,1.474668551705899,-0.5448944030892489,0.20289087397438266,0.9578213402826868,descriptive_no_p_value
GSE136831,broad,consensus,exploratory,CXCL12,CXCR3,fibroblasts,__broad__,macrophages,__broad__,30,1.0,4,18,0.8264905537185059,1.474668551705899,0.1783125557311127,0.5373053635335827,1.0961787614463876,descriptive_no_p_value
GSE136831,broad,consensus,exploratory,CXCL12,CCR4,fibroblasts,__broad__,macrophages,__broad__,30,1.0,4,18,0.8400206513211703,1.474668551705899,0.20537275093644336,0.6547468010156559,0.9552100513528741,descriptive_no_p_value
GSE136831,broad,consensus,exploratory,CXCL12,CXCR4,fibroblasts,__broad__,macrophages,__broad__,30,1.0,4,18,1.0069217310565133,1.474668551705899,0.5391749104071284,0.7157654353696365,1.2045008719856707,descriptive_no_p_value
GSE136831,broad,consensus,exploratory,CXCL12,GRM7,fibroblasts,__broad__,macrophages,__broad__,30,1.0,4,18,0.9583156144874856,1.474668551705899,0.4419626772690748,0.8185003593723907,1.1196669855976857,descriptive_no_p_value
GSE136831,broad,consensus,core,HBEGF,EGFR_ERBB2,macrophages,__broad__,fibroblasts,__broad__,30,1.0,4,18,0.06485563786033044,-0.06289633112845827,0.19260760684912048,-0.15674325642953502,0.2101790406570725,descriptive_no_p_value
GSE136831,broad,consensus,core,HBEGF,ERBB2_ERBB4,macrophages,__broad__,fibroblasts,__broad__,30,1.0,4,18,0.09933606014222107,-0.06289633112845827,0.26156845141289997,-0.11076936005368232,0.24327442102375496,descriptive_no_p_value
GSE136831,broad,consensus,core,HBEGF,CD44,macrophages,__broad__,fibroblasts,__broad__,30,1.0,4,18,-0.1959290346521012,-0.06289633112845827,-0.32896173817574414,-0.2760297037888657,-0.08661068910638825,descriptive_no_p_value
GSE136831,broad,consensus,core,HBEGF,PRLR,macrophages,__broad__,fibroblasts,__broad__,30,1.0,4,18,0.3720657190287655,-0.06289633112845827,0.8070277691859882,0.1667547579093176,0.5726781509909382,descriptive_no_p_value
GSE136831,broad,consensus,exploratory,CCL2,ACKR2,fibroblasts,__broad__,macrophages,__broad__,30,1.0,4,18,0.06205267521418456,0.1319957448295188,-0.007890394401151246,-0.14440212266000607,0.2610617597766094,descriptive_no_p_value
GSE136831,broad,consensus,exploratory,CXCL12,DPP4,fibroblasts,__broad__,macrophages,__broad__,30,1.0,4,18,1.1519271463042218,1.474668551705899,0.8291857409025447,0.8513265632890508,1.6324541011446052,descriptive_no_p_value
GSE136831,broad,consensus,core,TGFB1,ENG,macrophages,__broad__,fibroblasts,__broad__,30,1.0,4,18,-0.23704274240573842,-0.16109087966656777,-0.3129946051449073,-0.4052266707675205,-0.12708490686689178,descriptive_no_p_value
GSE136831,broad,consensus,core,HBEGF,CD9,macrophages,__broad__,fibroblasts,__broad__,30,1.0,4,18,0.36921471561765085,-0.06289633112845827,0.8013257623637609,0.20512217861891102,0.5231857969664544,descriptive_no_p_value
GSE136831,broad,consensus,core,HBEGF,CD82,macrophages,__broad__,fibroblasts,__broad__,30,1.0,4,18,0.21332457458805631,-0.06289633112845827,0.48954548030457,0.08217173678423961,0.4066615499817372,descriptive_no_p_value
GSE136831,broad,consensus,core,TGFB1,CAV1,macrophages,__broad__,fibroblasts,__broad__,30,1.0,4,18,0.29859622494072724,-0.16109087966656777,0.7582833295480258,-0.08983203652789218,0.6460859324825821,descriptive_no_p_value
GSE136831,broad,consensus,exploratory,CXCL12,SDC4,fibroblasts,__broad__,macrophages,__broad__,30,1.0,4,18,0.6149775716934975,1.474668551705899,-0.2447134083189031,0.3726354201033173,0.8163944521762732,descriptive_no_p_value
GSE136831,broad,consensus,core,TGFB1,LPP,macrophages,__broad__,fibroblasts,__broad__,30,1.0,4,18,0.10357360236740476,-0.16109087966656777,0.36823808440137995,0.0358868443730227,0.16845308987988794,descriptive_no_p_value
GSE136831,broad,cellchatdb,core,IL1B,IL1R2,macrophages,__broad__,fibroblasts,__broad__,30,1.0,4,18,-0.7311059126792161,-0.6813049542545455,-0.7809068711038858,-1.054134434860961,-0.40170982504468356,descriptive_no_p_value
GSE136831,broad,cellchatdb,core,IL1B,IL1R2,macrophages,__broad__,AT2,__broad__,30,1.0,10,3,-1.39718998459063,-0.8413124736426676,-1.9530674955385927,-1.8043239996341636,-0.9467112761034775,descriptive_no_p_value
GSE136831,broad,cellchatdb,core,AREG,EGFR,macrophages,__broad__,fibroblasts,__broad__,30,1.0,4,18,-0.3935460567946878,-0.3309053137113107,-0.456186799878064,-0.45769849042342514,-0.29995230435196074,descriptive_no_p_value
GSE136831,broad,cellchatdb,core,HBEGF,EGFR,macrophages,__broad__,fibroblasts,__broad__,30,1.0,4,18,-0.2595415655032616,-0.06289633112845827,-0.456186799878064,-0.38873196992933234,-0.17068679297311107,descriptive_no_p_value
GSE136831,broad,cellchatdb,core,HBEGF,ERBB4,macrophages,__broad__,fibroblasts,__broad__,30,1.0,4,18,0.6166176127208658,-0.06289633112845827,1.296131556570189,0.5522124509220951,0.7039836538474953,descriptive_no_p_value
GSE136831,broad,cellchatdb,exploratory,CXCL12,ACKR3,fibroblasts,__broad__,macrophages,__broad__,30,1.0,4,18,0.3979200810307413,1.474668551705899,-0.6788283896444147,0.041131391791934035,0.5971193478906489,descriptive_no_p_value
GSE136831,broad,cellchatdb,exploratory,CCL2,CCR2,fibroblasts,__broad__,macrophages,__broad__,30,1.0,4,18,0.5056523073732704,0.1319957448295188,0.8793088699170215,0.2729573315864169,0.6687081135066526,descriptive_no_p_value
GSE136831,broad,cellchatdb,exploratory,CXCL12,CXCR4,fibroblasts,__broad__,macrophages,__broad__,30,1.0,4,18,1.0069217310565133,1.474668551705899,0.5391749104071284,0.7157654353696365,1.2045008719856707,descriptive_no_p_value
GSE136831,broad,cellchatdb,exploratory,CCL2,ACKR1,fibroblasts,__broad__,macrophages,__broad__,30,1.0,4,18,0.3647673577753361,0.1319957448295188,0.5975389707211536,0.035458566996292795,0.6861078645523886,descriptive_no_p_value
GSE136831,broad,cellchatdb,exploratory,CCL2,ACKR2,fibroblasts,__broad__,macrophages,__broad__,30,1.0,4,18,0.06205267521418456,0.1319957448295188,-0.007890394401151246,-0.14440212266000607,0.2610617597766094,descriptive_no_p_value
GSE136831,broad,cellchatdb,core,IL1A,IL1R1_IL1RAP,macrophages,__broad__,fibroblasts,__broad__,30,1.0,4,18,0.03248513098169603,-0.6262548814341242,0.6912251433975127,-0.051221333681619186,0.17068099428462258,descriptive_no_p_value
GSE136831,broad,cellchatdb,core,IL1A,IL1R1_IL1RAP,macrophages,__broad__,AT2,__broad__,30,1.0,10,3,-1.0099246935068362,-0.008970529053748955,-2.010878857959924,-1.7993145623153133,-0.4000464254654892,descriptive_no_p_value
GSE136831,broad,cellchatdb,core,IL1B,IL1R1_IL1RAP,macrophages,__broad__,fibroblasts,__broad__,30,1.0,4,18,0.004960094571483609,-0.6813049542545455,0.6912251433975127,-0.22138225477069629,0.10605074577305285,descriptive_no_p_value
GSE136831,broad,cellchatdb,core,IL1B,IL1R1_IL1RAP,macrophages,__broad__,AT2,__broad__,30,1.0,10,3,-1.426095665801296,-0.8413124736426676,-2.010878857959924,-2.043857498785055,-0.7792299546528367,descriptive_no_p_value
GSE136831,broad,cellchatdb,core,TGFB1,TGFBR1_TGFBR2,macrophages,__broad__,fibroblasts,__broad__,30,1.0,4,18,-0.27209838687355425,-0.16109087966656777,-0.38310589408054163,-0.4147584257617183,-0.1900144035123521,descriptive_no_p_value
GSE136831,broad,cellchatdb,core,IL1A,IL1R2,macrophages,__broad__,fibroblasts,__broad__,30,1.0,4,18,-0.7035808762690046,-0.6262548814341242,-0.7809068711038858,-0.7838689429141925,-0.558981904499356,descriptive_no_p_value
GSE136831,broad,cellchatdb,core,IL1A,IL1R2,macrophages,__broad__,AT2,__broad__,30,1.0,10,3,-0.9810190122961711,-0.008970529053748955,-1.9530674955385927,-1.5597810631644216,-0.32192482487719065,descriptive_no_p_value
GSE136831,broad,cellchatdb,core,TGFB1,ACVR1B_TGFBR2,macrophages,__broad__,fibroblasts,__broad__,30,1.0,4,18,-0.07887339490002532,-0.16109087966656777,0.003344089866520683,-0.22440216425766923,-0.0034764820849897404,descriptive_no_p_value
GSE136831,broad,cellchatdb,core,TGFB1,ACVR1C_TGFBR2,macrophages,__broad__,fibroblasts,__broad__,30,1.0,4,18,0.5796898316552852,-0.16109087966656777,1.3204705429771388,0.4198905478530097,0.7233328608389424,descriptive_no_p_value
GSE136831,broad,cellchatdb,core,TGFB1,ACVR1_TGFBR1_TGFBR2,macrophages,__broad__,fibroblasts,__broad__,30,1.0,4,18,0.3062628591356287,-0.16109087966656777,0.7736165979378251,0.20647263433016594,0.38129279423619966,descriptive_no_p_value
GSE136831,broad,cellchatdb,core,AREG,EGFR_ERBB2,macrophages,__broad__,fibroblasts,__broad__,30,1.0,4,18,-0.06914885343109578,-0.3309053137113107,0.19260760684912048,-0.14985931192779844,0.01936765049447331,descriptive_no_p_value
GSE136831,broad,cellchatdb,core,HBEGF,EGFR_ERBB2,macrophages,__broad__,fibroblasts,__broad__,30,1.0,4,18,0.06485563786033044,-0.06289633112845827,0.19260760684912048,-0.15674325642953502,0.2101790406570725,descriptive_no_p_value
GSE136831,broad,cellchatdb,core,HBEGF,ERBB2_ERBB4,macrophages,__broad__,fibroblasts,__broad__,30,1.0,4,18,0.09933606014222107,-0.06289633112845827,0.26156845141289997,-0.11076936005368232,0.24327442102375496,descriptive_no_p_value
GSE136831,subtype,consensus,core,TGFB1,ITGAV_ITGB6,macrophages,Macrophage,fibroblasts,Fibroblast,30,1.0,4,14,-0.5639865017598327,-0.25223847822308443,-0.8757345252965769,-0.6656350181990529,-0.4489053333552153,descriptive_no_p_value
GSE136831,subtype,consensus,core,TGFB1,ITGAV_ITGB6,macrophages,Macrophage_Alveolar,fibroblasts,Fibroblast,30,1.0,4,13,-0.5431153426973498,-0.24684266568821656,-0.8393880197064836,-0.6277905959973156,-0.42604043724728236,descriptive_no_p_value
GSE136831,subtype,consensus,core,TGFB1,ACVR1B_TGFBR2,macrophages,Macrophage,fibroblasts,Fibroblast,30,1.0,4,14,-0.08278602943757463,-0.25223847822308443,0.08666641934793695,-0.21292153435360195,0.021424237245972755,descriptive_no_p_value
GSE136831,subtype,consensus,core,TGFB1,ACVR1B_TGFBR2,macrophages,Macrophage_Alveolar,fibroblasts,Fibroblast,30,1.0,4,13,-0.04942726253504226,-0.24684266568821656,0.1479881406181338,-0.1557361732143301,0.028484419074087164,descriptive_no_p_value
GSE136831,subtype,consensus,core,TGFB1,TGFBR1_TGFBR2,macrophages,Macrophage,fibroblasts,Fibroblast,30,1.0,4,14,-0.31979506986858564,-0.25223847822308443,-0.3873516615140842,-0.5040211836968229,-0.24147250874275272,descriptive_no_p_value
GSE136831,subtype,consensus,core,TGFB1,TGFBR1_TGFBR2,macrophages,Macrophage_Alveolar,fibroblasts,Fibroblast,30,1.0,4,13,-0.2500494100807824,-0.24684266568821656,-0.25325615447334915,-0.3809057319701106,-0.18383899828800665,descriptive_no_p_value
GSE136831,subtype,consensus,core,TGFB1,ACVR1_TGFBR1_TGFBR2,macrophages,Macrophage,fibroblasts,Fibroblast,30,1.0,4,14,0.106828886457488,-0.25223847822308443,0.46589625113805777,0.018444738931780336,0.23292594711543835,descriptive_no_p_value
GSE136831,subtype,consensus,core,TGFB1,ACVR1_TGFBR1_TGFBR2,macrophages,Macrophage_Alveolar,fibroblasts,Fibroblast,30,1.0,4,13,0.1474639556030235,-0.24684266568821656,0.5417705768942618,0.08290640231405622,0.24726243118655677,descriptive_no_p_value
GSE136831,subtype,consensus,core,TGFB1,ACVR1_TGFBR2,macrophages,Macrophage,fibroblasts,Fibroblast,30,1.0,4,14,0.129374481310502,-0.25223847822308443,0.510987440844084,0.04099033378479433,0.25547154196845234,descriptive_no_p_value
GSE136831,subtype,consensus,core,TGFB1,ACVR1_TGFBR2,macrophages,Macrophage_Alveolar,fibroblasts,Fibroblast,30,1.0,4,13,0.17174382698319146,-0.24684266568821656,0.5903303196545968,0.10718627369422418,0.27154230256672474,descriptive_no_p_value
GSE136831,subtype,consensus,core,TGFB1,ACVR1C_TGFBR2,macrophages,Macrophage,fibroblasts,Fibroblast,30,1.0,4,14,0.39642848441990886,-0.25223847822308443,1.0450954470629046,0.2951682673259901,0.48783320573965927,descriptive_no_p_value
GSE136831,subtype,consensus,core,TGFB1,ACVR1C_TGFBR2,macrophages,Macrophage_Alveolar,fibroblasts,Fibroblast,30,1.0,4,13,0.45808503753471097,-0.24684266568821656,1.1630127407576378,0.3806514146775317,0.5520065832969916,descriptive_no_p_value
GSE136831,subtype,consensus,core,TGFB1,EGFR,macrophages,Macrophage,fibroblasts,Fibroblast,30,1.0,4,14,-0.09074684094924645,-0.25223847822308443,0.07074479632459152,-0.1423942307192556,-0.03387875112342709,descriptive_no_p_value
GSE136831,subtype,consensus,core,TGFB1,EGFR,macrophages,Macrophage_Alveolar,fibroblasts,Fibroblast,30,1.0,4,13,-0.07335752331549905,-0.24684266568821656,0.1001276190572149,-0.11427968666087462,-0.03161512995393512,descriptive_no_p_value
GSE136831,subtype,consensus,core,TGFB1,ITGB3,macrophages,Macrophage,fibroblasts,Fibroblast,30,1.0,4,14,-0.23625638983427333,-0.25223847822308443,-0.2202743014454578,-0.33693376250297025,-0.12765852906373176,descriptive_no_p_value
GSE136831,subtype,consensus,core,TGFB1,ITGB3,macrophages,Macrophage_Alveolar,fibroblasts,Fibroblast,30,1.0,4,13,-0.23778291469090274,-0.24684266568821656,-0.2287231636935867,-0.3647588724340167,-0.1263221866804729,descriptive_no_p_value
GSE136831,subtype,consensus,core,TGFB1,ITGB1,macrophages,Macrophage,fibroblasts,Fibroblast,30,1.0,4,14,-0.10008052392728128,-0.25223847822308443,0.05207743036852008,-0.20190163953053997,-0.03571266059169442,descriptive_no_p_value
GSE136831,subtype,consensus,core,TGFB1,ITGB1,macrophages,Macrophage_Alveolar,fibroblasts,Fibroblast,30,1.0,4,13,-0.07739928398653717,-0.24684266568821656,0.09204409771514488,-0.15539380535305458,-0.01167077396251237,descriptive_no_p_value
GSE136831,subtype,consensus,core,TGFB1,ITGB5,macrophages,Macrophage,fibroblasts,Fibroblast,30,1.0,4,14,-0.12870855500835,-0.25223847822308443,-0.005178631793612887,-0.32203961117477764,-0.0163875052170539,descriptive_no_p_value
GSE136831,subtype,consensus,core,TGFB1,ITGB5,macrophages,Macrophage_Alveolar,fibroblasts,Fibroblast,30,1.0,4,13,-0.10860908405462766,-0.24684266568821656,0.02962449757896124,-0.24857034828214442,-0.03777062047805213,descriptive_no_p_value
GSE136831,subtype,consensus,core,TGFB1,ITGB8,macrophages,Macrophage,fibroblasts,Fibroblast,30,1.0,4,14,-0.19418764610261796,-0.25223847822308443,-0.13613681398215416,-0.352338905230277,-0.08536421513667669,descriptive_no_p_value
GSE136831,subtype,consensus,core,TGFB1,ITGB8,macrophages,Macrophage_Alveolar,fibroblasts,Fibroblast,30,1.0,4,13,-0.13672862472567715,-0.24684266568821656,-0.026614583763136856,-0.3457776849545686,0.025464598179174125,descriptive_no_p_value
GSE136831,subtype,consensus,core,TGFB1,SDC2,macrophages,Macrophage,fibroblasts,Fibroblast,30,1.0,4,14,0.17424659139160514,-0.25223847822308443,0.6007316610062929,0.0833307059939532,0.29221492298769114,descriptive_no_p_value
GSE136831,subtype,consensus,core,TGFB1,SDC2,macrophages,Macrophage_Alveolar,fibroblasts,Fibroblast,30,1.0,4,13,0.17334224884814198,-0.24684266568821656,0.5935271633844996,0.07910295382689103,0.31513717468096925,descriptive_no_p_value
GSE136831,subtype,consensus,core,TGFB1,ACVRL1,macrophages,Macrophage,fibroblasts,Fibroblast,30,1.0,4,14,-0.0716565334695698,-0.25223847822308443,0.10892541128394484,-0.20260382728218396,0.06009100477891227,descriptive_no_p_value
GSE136831,subtype,consensus,core,TGFB1,ACVRL1,macrophages,Macrophage_Alveolar,fibroblasts,Fibroblast,30,1.0,4,13,-0.08043290259644653,-0.24684266568821656,0.0859768604953226,-0.2288835691059461,0.07514122988877592,descriptive_no_p_value
GSE136831,subtype,consensus,core,TGFB1,CXCR4,macrophages,Macrophage,fibroblasts,Fibroblast,30,1.0,4,14,0.21782477132840672,-0.25223847822308443,0.6878880208798974,-0.1549054574648121,0.4936611158734907,descriptive_no_p_value
GSE136831,subtype,consensus,core,TGFB1,CXCR4,macrophages,Macrophage_Alveolar,fibroblasts,Fibroblast,30,1.0,4,13,0.25980901465369843,-0.24684266568821656,0.7664606949956165,-0.059551422200609494,0.5093467741243654,descriptive_no_p_value
GSE136831,subtype,consensus,core,TGFB1,TGFBR3,macrophages,Macrophage,fibroblasts,Fibroblast,30,1.0,4,14,-0.6001575268039829,-0.25223847822308443,-0.9480765753848779,-0.7535299448279158,-0.469738846724427,descriptive_no_p_value
GSE136831,subtype,consensus,core,TGFB1,TGFBR3,macrophages,Macrophage_Alveolar,fibroblasts,Fibroblast,30,1.0,4,13,-0.5856495562674846,-0.24684266568821656,-0.9244564468467527,-0.6856521823525101,-0.4815294612623484,descriptive_no_p_value
GSE136831,subtype,consensus,core,TGFB1,VASN,macrophages,Macrophage,fibroblasts,Fibroblast,30,1.0,4,14,-0.3563557791744687,-0.25223847822308443,-0.460473080125853,-0.5074991523581014,-0.2938148439261914,descriptive_no_p_value
GSE136831,subtype,consensus,core,TGFB1,VASN,macrophages,Macrophage_Alveolar,fibroblasts,Fibroblast,30,1.0,4,13,-0.38510086785530806,-0.24684266568821656,-0.5233590700224013,-0.5124176468021995,-0.2808712608688726,descriptive_no_p_value
GSE136831,subtype,consensus,core,IL1A,IL1R1_IL1RAP,macrophages,Macrophage,fibroblasts,Fibroblast,30,1.0,4,14,0.5789233081721199,0.36689572186641706,0.790950894477823,0.36404862835512697,0.8206983377271833,descriptive_no_p_value
GSE136831,subtype,consensus,core,IL1A,IL1R1_IL1RAP,macrophages,Macrophage_Alveolar,fibroblasts,Fibroblast,30,1.0,4,13,0.34946949874472644,-0.11197767908551093,0.8109166765749629,0.2526160733275624,0.534817382176695,descriptive_no_p_value
GSE136831,subtype,consensus,core,IL1A,IL1R1_IL1RAP,macrophages,Macrophage,AT2,ATII,30,1.0,10,3,-1.2203891944306022,-0.4298995309012801,-2.010878857959924,-1.8733784304405061,-0.6959395670179824,descriptive_no_p_value
GSE136831,subtype,consensus,core,IL1A,IL1R1_IL1RAP,macrophages,Macrophage_Alveolar,AT2,ATII,30,1.0,10,3,-0.934694315024359,0.14149022791120736,-2.010878857959924,-1.6837468340789794,-0.3291548989538686,descriptive_no_p_value
GSE136831,subtype,consensus,core,IL1A,IL1R2_IL1RAP,macrophages,Macrophage,fibroblasts,Fibroblast,30,1.0,4,14,-0.14805557731092156,0.36689572186641706,-0.6630068764882595,-0.5001681867275369,0.3119748436825258,descriptive_no_p_value
GSE136831,subtype,consensus,core,IL1A,IL1R2_IL1RAP,macrophages,Macrophage_Alveolar,fibroblasts,Fibroblast,30,1.0,4,13,-0.3805322259688948,-0.11197767908551093,-0.6490867728522782,-0.524455483958743,-0.19088624716097646,descriptive_no_p_value
GSE136831,subtype,consensus,core,IL1A,IL1R2_IL1RAP,macrophages,Macrophage,AT2,ATII,30,1.0,10,3,-1.191483513219936,-0.4298995309012801,-1.9530674955385927,-1.6338449312896142,-0.5833613179708008,descriptive_no_p_value
GSE136831,subtype,consensus,core,IL1A,IL1R2_IL1RAP,macrophages,Macrophage_Alveolar,AT2,ATII,30,1.0,10,3,-0.9057886338136925,0.14149022791120736,-1.9530674955385927,-1.4442133349280875,-0.2826929441777115,descriptive_no_p_value
GSE136831,subtype,consensus,core,IL1B,IL1R1_IL1RAP,macrophages,Macrophage,fibroblasts,Fibroblast,30,1.0,4,14,0.21107395643445237,-0.3688029816089182,0.790950894477823,0.04765959646440088,0.4230671443393179,descriptive_no_p_value
GSE136831,subtype,consensus,core,IL1B,IL1R1_IL1RAP,macrophages,Macrophage_Alveolar,fibroblasts,Fibroblast,30,1.0,4,13,0.24097697768397985,-0.32896272120700143,0.8109166765749629,0.04134332175330879,0.49291404965170305,descriptive_no_p_value
GSE136831,subtype,consensus,core,IL1B,IL1R1_IL1RAP,macrophages,Macrophage,AT2,ATII,30,1.0,10,3,-1.5695212575335926,-1.1281636571072626,-2.010878857959924,-2.1466364024554414,-0.9435588509493398,descriptive_no_p_value
GSE136831,subtype,consensus,core,IL1B,IL1R1_IL1RAP,macrophages,Macrophage_Alveolar,AT2,ATII,30,1.0,10,3,-1.080506682258748,-0.15013450655757143,-2.010878857959924,-1.684743967321615,-0.4357141230071315,descriptive_no_p_value
GSE136831,subtype,consensus,core,IL1B,IL1R2_IL1RAP,macrophages,Macrophage,fibroblasts,Fibroblast,30,1.0,4,14,-0.5159049290485891,-0.3688029816089182,-0.6630068764882595,-0.8165572186182626,-0.08565634970533953,descriptive_no_p_value
GSE136831,subtype,consensus,core,IL1B,IL1R2_IL1RAP,macrophages,Macrophage_Alveolar,fibroblasts,Fibroblast,30,1.0,4,13,-0.4890247470296405,-0.32896272120700143,-0.6490867728522782,-0.7726966155658204,-0.3123464750759988,descriptive_no_p_value
GSE136831,subtype,consensus,core,IL1B,IL1R2_IL1RAP,macrophages,Macrophage,AT2,ATII,30,1.0,10,3,-1.5406155763229266,-1.1281636571072626,-1.9530674955385927,-1.9071029033045495,-1.1098802513334785,descriptive_no_p_value
GSE136831,subtype,consensus,core,IL1B,IL1R2_IL1RAP,macrophages,Macrophage_Alveolar,AT2,ATII,30,1.0,10,3,-1.0516010010480819,-0.15013450655757143,-1.9530674955385927,-1.4452104681707238,-0.6125736885849804,descriptive_no_p_value
GSE136831,subtype,consensus,core,IL1B,ADRB2,macrophages,Macrophage,fibroblasts,Fibroblast,30,1.0,4,14,-0.16909546302057787,-0.3688029816089182,0.030612055567763474,-0.45852293730400717,0.10182966939310045,descriptive_no_p_value
GSE136831,subtype,consensus,core,IL1B,ADRB2,macrophages,Macrophage_Alveolar,fibroblasts,Fibroblast,30,1.0,4,13,-0.13917289439634217,-0.32896272120700143,0.05061693241431886,-0.2988111426366391,0.006234287967433527,descriptive_no_p_value
GSE136831,subtype,consensus,core,IL1B,ADRB2,macrophages,Macrophage,AT2,ATII,30,1.0,10,3,-1.0248488242735228,-1.1281636571072626,-0.9215339914397846,-1.3229237780923233,-0.785182137221109,descriptive_no_p_value
GSE136831,subtype,consensus,core,IL1B,ADRB2,macrophages,Macrophage_Alveolar,AT2,ATII,30,1.0,10,3,-0.5358342489986798,-0.15013450655757143,-0.9215339914397846,-0.8610313429584968,-0.36681947875899024,descriptive_no_p_value
GSE136831,subtype,consensus,core,IL1B,SIGIRR,macrophages,Macrophage,fibroblasts,Fibroblast,30,1.0,4,14,-0.3092999171578139,-0.3688029816089182,-0.24979685270671048,-0.5574540056936446,-0.07309761585608587,descriptive_no_p_value
GSE136831,subtype,consensus,core,IL1B,SIGIRR,macrophages,Macrophage_Alveolar,fibroblasts,Fibroblast,30,1.0,4,13,-0.2859037057906031,-0.32896272120700143,-0.24284469037420475,-0.4323194286803762,-0.11870636238865906,descriptive_no_p_value
GSE136831,subtype,consensus,core,IL1B,SIGIRR,macrophages,Macrophage,AT2,ATII,30,1.0,10,3,-0.7396137761051529,-1.1281636571072626,-0.3510638951030445,-1.2098211664072656,-0.32385890520350014,descriptive_no_p_value
GSE136831,subtype,consensus,core,IL1B,SIGIRR,macrophages,Macrophage_Alveolar,AT2,ATII,30,1.0,10,3,-0.25059920083031084,-0.15013450655757143,-0.3510638951030445,-0.7019764384650582,0.17344765754499747,descriptive_no_p_value
GSE136831,subtype,consensus,exploratory,CCL2,CCR1,fibroblasts,Fibroblast,macrophages,Macrophage,30,1.0,4,14,0.45136884492336193,0.3433350764362686,0.559402613410457,0.32549996613142174,0.6655750959585074,descriptive_no_p_value
GSE136831,subtype,consensus,exploratory,CCL2,CCR1,fibroblasts,Fibroblast,macrophages,Macrophage_Alveolar,30,1.0,4,13,-0.1215835874562412,0.35847494647552125,-0.6016421213880019,-0.307899232998599,0.13566659803907832,descriptive_no_p_value
GSE136831,subtype,consensus,exploratory,CCL2,CCR2,fibroblasts,Fibroblast,macrophages,Macrophage,30,1.0,4,14,0.3583853881197161,0.3433350764362686,0.37343569980316305,0.24897683848657604,0.4513471561456628,descriptive_no_p_value
GSE136831,subtype,consensus,exploratory,CCL2,CCR2,fibroblasts,Fibroblast,macrophages,Macrophage_Alveolar,30,1.0,4,13,0.3810472512655023,0.35847494647552125,0.4036195560554845,0.20867905122063002,0.6135323747455348,descriptive_no_p_value
GSE136831,subtype,consensus,exploratory,CCL2,CCR10,fibroblasts,Fibroblast,macrophages,Macrophage,30,1.0,4,14,0.41052998802889284,0.3433350764362686,0.477724899621518,0.3307421934036876,0.5342884304443869,descriptive_no_p_value
GSE136831,subtype,consensus,exploratory,CCL2,CCR10,fibroblasts,Fibroblast,macrophages,Macrophage_Alveolar,30,1.0,4,13,0.1671694817614604,0.35847494647552125,-0.0241359829526,-0.02161063856610923,0.345797764545134,descriptive_no_p_value
GSE136831,subtype,consensus,exploratory,CCL2,CCR3,fibroblasts,Fibroblast,macrophages,Macrophage,30,1.0,4,14,0.6173430171554148,0.3433350764362686,0.8913509578745626,0.4520081949303538,0.8457456352751738,descriptive_no_p_value
GSE136831,subtype,consensus,exploratory,CCL2,CCR3,fibroblasts,Fibroblast,macrophages,Macrophage_Alveolar,30,1.0,4,13,0.121501381057735,0.35847494647552125,-0.11547218436004991,-0.08520611588329174,0.2872350770624337,descriptive_no_p_value
GSE136831,subtype,consensus,exploratory,CCL2,CCR4,fibroblasts,Fibroblast,macrophages,Macrophage,30,1.0,4,14,0.5320723048253351,0.3433350764362686,0.7208095332144038,0.33459924140309294,0.7094162903593793,descriptive_no_p_value
GSE136831,subtype,consensus,exploratory,CCL2,CCR4,fibroblasts,Fibroblast,macrophages,Macrophage_Alveolar,30,1.0,4,13,-0.22278401163747308,0.35847494647552125,-0.8040429697504652,-0.463652754215119,0.07767768795919272,descriptive_no_p_value
GSE136831,subtype,consensus,exploratory,CCL2,CCR5,fibroblasts,Fibroblast,macrophages,Macrophage,30,1.0,4,14,0.5648219933152259,0.3433350764362686,0.7863089101941823,0.4747034120750202,0.6806824728979421,descriptive_no_p_value
GSE136831,subtype,consensus,exploratory,CCL2,CCR5,fibroblasts,Fibroblast,macrophages,Macrophage_Alveolar,30,1.0,4,13,0.6681251722059232,0.35847494647552125,0.9777753979363271,0.44307677225338793,0.8450694533027043,descriptive_no_p_value
GSE136831,subtype,consensus,exploratory,CCL2,ACKR1,fibroblasts,Fibroblast,macrophages,Macrophage,30,1.0,4,14,0.3470023611517501,0.3433350764362686,0.3506696458672338,0.030113217298350925,0.6394903673047425,descriptive_no_p_value
GSE136831,subtype,consensus,exploratory,CCL2,ACKR1,fibroblasts,Fibroblast,macrophages,Macrophage_Alveolar,30,1.0,4,13,-0.04986476623554292,0.35847494647552125,-0.4582044789466045,-0.36747182627770236,0.28187750275202195,descriptive_no_p_value
GSE136831,subtype,consensus,exploratory,CCL2,ACKR4,fibroblasts,Fibroblast,macrophages,Macrophage,30,1.0,4,14,0.21273047367744002,0.3433350764362686,0.08212587091861345,0.07444116317942795,0.5159713928408731,descriptive_no_p_value
GSE136831,subtype,consensus,exploratory,CCL2,ACKR4,fibroblasts,Fibroblast,macrophages,Macrophage_Alveolar,30,1.0,4,13,-0.013810462828633518,0.35847494647552125,-0.3860958721327874,-0.2949566338821481,0.2463738082921627,descriptive_no_p_value
GSE136831,subtype,consensus,core,AREG,EGFR_ERBB2,macrophages,Macrophage,fibroblasts,Fibroblast,30,1.0,4,14,-0.5555394382978989,-0.9074586453065177,-0.20362023128928186,-0.7500066514135142,-0.32778731335854516,descriptive_no_p_value
GSE136831,subtype,consensus,core,AREG,EGFR_ERBB2,macrophages,Macrophage_Alveolar,fibroblasts,Fibroblast,30,1.0,4,13,-0.20639476294160986,-0.1597463586512502,-0.25304316723196996,-0.4272496633813061,0.02235895400245358,descriptive_no_p_value
GSE136831,subtype,consensus,core,AREG,ERBB3,macrophages,Macrophage,fibroblasts,Fibroblast,30,1.0,4,14,-0.5413980550815101,-0.9074586453065177,-0.17533746485650425,-0.7309083910686454,-0.3797221741158223,descriptive_no_p_value
GSE136831,subtype,consensus,core,AREG,ERBB3,macrophages,Macrophage_Alveolar,fibroblasts,Fibroblast,30,1.0,4,13,-0.13614371982693418,-0.1597463586512502,-0.11254108100261706,-0.35947350286018986,0.06798643214340716,descriptive_no_p_value
GSE136831,subtype,consensus,exploratory,CXCL12,CD4,fibroblasts,Fibroblast,macrophages,Macrophage,30,1.0,4,14,1.2986774598573696,1.7584046353793692,0.8389502843353691,1.0584369549269477,1.409729163100713,descriptive_no_p_value
GSE136831,subtype,consensus,exploratory,CXCL12,CD4,fibroblasts,Fibroblast,macrophages,Macrophage_Alveolar,30,1.0,4,13,0.9090704829087972,1.67254275218336,0.1455982136342362,0.6427852307271618,1.0622903972558477,descriptive_no_p_value
GSE136831,subtype,consensus,exploratory,CXCL12,ITGB3,fibroblasts,Fibroblast,macrophages,Macrophage,30,1.0,4,14,1.187493747212617,1.7584046353793692,0.6165828590458637,0.9139081747701496,1.4609496442994065,descriptive_no_p_value
GSE136831,subtype,consensus,exploratory,CXCL12,ITGB3,fibroblasts,Fibroblast,macrophages,Macrophage_Alveolar,30,1.0,4,13,0.9691473519075795,1.67254275218336,0.26575195163179915,0.6495564905184872,1.0925496924358407,descriptive_no_p_value
GSE136831,subtype,consensus,exploratory,CXCL12,ITGB1,fibroblasts,Fibroblast,macrophages,Macrophage,30,1.0,4,14,0.5157161348032719,1.7584046353793692,-0.7269723657728253,0.338491526613109,0.6543051966526958,descriptive_no_p_value
GSE136831,subtype,consensus,exploratory,CXCL12,ITGB1,fibroblasts,Fibroblast,macrophages,Macrophage_Alveolar,30,1.0,4,13,0.7325241762493251,1.67254275218336,-0.20749439968470806,0.5223749143324374,0.8693309557445046,descriptive_no_p_value
GSE136831,subtype,consensus,exploratory,CXCL12,ITGAV,fibroblasts,Fibroblast,macrophages,Macrophage,30,1.0,4,14,0.6509983932804708,1.7584046353793692,-0.4564078488184258,0.49261957658088384,0.7973724558765056,descriptive_no_p_value
GSE136831,subtype,consensus,exploratory,CXCL12,ITGAV,fibroblasts,Fibroblast,macrophages,Macrophage_Alveolar,30,1.0,4,13,0.5990197581920782,1.67254275218336,-0.4745032357992045,0.4242026484800512,0.733573183758125,descriptive_no_p_value
GSE136831,subtype,consensus,exploratory,CXCL12,ITGA5,fibroblasts,Fibroblast,macrophages,Macrophage,30,1.0,4,14,0.6768119049766268,1.7584046353793692,-0.40478082542611293,0.48789712876790503,0.9620613402829594,descriptive_no_p_value
GSE136831,subtype,consensus,exploratory,CXCL12,ITGA5,fibroblasts,Fibroblast,macrophages,Macrophage_Alveolar,30,1.0,4,13,0.6323426815451878,1.67254275218336,-0.4078573890929853,0.3963224455957004,0.8533937900705713,descriptive_no_p_value
GSE136831,subtype,consensus,exploratory,CXCL12,ITGA4,fibroblasts,Fibroblast,macrophages,Macrophage,30,1.0,4,14,1.2375538045149304,1.7584046353793692,0.7167029736504933,1.0010780350310302,1.4301221749750406,descriptive_no_p_value
GSE136831,subtype,consensus,exploratory,CXCL12,ITGA4,fibroblasts,Fibroblast,macrophages,Macrophage_Alveolar,30,1.0,4,13,1.2078991653222615,1.67254275218336,0.7432555784611647,1.0818328314956451,1.3863546346385553,descriptive_no_p_value
GSE136831,subtype,consensus,exploratory,CXCL12,ACKR3,fibroblasts,Fibroblast,macrophages,Macrophage,30,1.0,4,14,0.6839717724143917,1.7584046353793692,-0.3904610905505832,0.2395401042417653,0.954346063421907,descriptive_no_p_value
GSE136831,subtype,consensus,exploratory,CXCL12,ACKR3,fibroblasts,Fibroblast,macrophages,Macrophage_Alveolar,30,1.0,4,13,0.6470092754539305,1.67254275218336,-0.37852420127549724,0.3507823043775451,0.8331180701156198,descriptive_no_p_value
GSE136831,subtype,consensus,exploratory,CXCL12,AVPR1A,fibroblasts,Fibroblast,macrophages,Macrophage,30,1.0,4,14,0.8201429603090031,1.7584046353793692,-0.1181187147613616,0.47061356509898,1.2905735274743817,descriptive_no_p_value
GSE136831,subtype,consensus,exploratory,CXCL12,AVPR1A,fibroblasts,Fibroblast,macrophages,Macrophage_Alveolar,30,1.0,4,13,0.4212983505674588,1.67254275218336,-0.829946051048442,0.19339428009608195,0.773983454826821,descriptive_no_p_value
GSE136831,subtype,consensus,exploratory,CXCL12,CXCR3,fibroblasts,Fibroblast,macrophages,Macrophage,30,1.0,4,14,1.2608508568585706,1.7584046353793692,0.7632970783377722,1.0808414184626844,1.3814396875882793,descriptive_no_p_value
GSE136831,subtype,consensus,exploratory,CXCL12,CXCR3,fibroblasts,Fibroblast,macrophages,Macrophage_Alveolar,30,1.0,4,13,0.7106116339073696,1.67254275218336,-0.2513194843686204,0.3847624848227169,1.00090673511032,descriptive_no_p_value
GSE136831,subtype,consensus,exploratory,CXCL12,CCR4,fibroblasts,Fibroblast,macrophages,Macrophage,30,1.0,4,14,1.2396070842968863,1.7584046353793692,0.7208095332144038,1.088782783723452,1.3893810528490467,descriptive_no_p_value
GSE136831,subtype,consensus,exploratory,CXCL12,CCR4,fibroblasts,Fibroblast,macrophages,Macrophage_Alveolar,30,1.0,4,13,0.4342498912164481,1.67254275218336,-0.8040429697504652,0.1758446016061348,0.629491890497188,descriptive_no_p_value
GSE136831,subtype,consensus,exploratory,CXCL12,CXCR4,fibroblasts,Fibroblast,macrophages,Macrophage,30,1.0,4,14,0.9934850722023816,1.7584046353793692,0.22856550902539308,0.6679154300350749,1.2702423887501704,descriptive_no_p_value
GSE136831,subtype,consensus,exploratory,CXCL12,CXCR4,fibroblasts,Fibroblast,macrophages,Macrophage_Alveolar,30,1.0,4,13,0.9664684538655859,1.67254275218336,0.2603941555478144,0.6358621529122699,1.218899966685778,descriptive_no_p_value
GSE136831,subtype,consensus,exploratory,CXCL12,GRM7,fibroblasts,Fibroblast,macrophages,Macrophage,30,1.0,4,14,1.157154395232613,1.7584046353793692,0.5559041550858561,1.0006814452465367,1.3064381465767476,descriptive_no_p_value
GSE136831,subtype,consensus,exploratory,CXCL12,GRM7,fibroblasts,Fibroblast,macrophages,Macrophage_Alveolar,30,1.0,4,13,0.4390406614905089,1.67254275218336,-0.7944614292023406,0.2790643705589906,0.6174659476374531,descriptive_no_p_value
GSE136831,subtype,consensus,core,HBEGF,EGFR_ERBB2,macrophages,Macrophage,fibroblasts,Fibroblast,30,1.0,4,14,-0.13912644938977792,-0.07463266749027575,-0.20362023128928186,-0.38275398646917225,0.06000714126936568,descriptive_no_p_value
GSE136831,subtype,consensus,core,HBEGF,EGFR_ERBB2,macrophages,Macrophage_Alveolar,fibroblasts,Fibroblast,30,1.0,4,13,-0.14759836403300763,-0.042153560834045756,-0.25304316723196996,-0.2990641443614521,-0.02203775716469014,descriptive_no_p_value
GSE136831,subtype,consensus,core,HBEGF,ERBB2_ERBB4,macrophages,Macrophage,fibroblasts,Fibroblast,30,1.0,4,14,-0.1218978051230657,-0.07463266749027575,-0.16916294275585653,-0.359782460780222,0.06535655346945823,descriptive_no_p_value
GSE136831,subtype,consensus,core,HBEGF,ERBB2_ERBB4,macrophages,Macrophage_Alveolar,fibroblasts,Fibroblast,30,1.0,4,13,-0.13036971976629452,-0.042153560834045756,-0.21858587869854462,-0.2760926186725028,-0.00480911289797703,descriptive_no_p_value
GSE136831,subtype,consensus,core,HBEGF,CD44,macrophages,Macrophage,fibroblasts,Fibroblast,30,1.0,4,14,-0.047199155700060835,-0.07463266749027575,-0.019765643909849473,-0.10196015941313608,-0.0008489974372132281,descriptive_no_p_value
GSE136831,subtype,consensus,core,HBEGF,CD44,macrophages,Macrophage_Alveolar,fibroblasts,Fibroblast,30,1.0,4,13,-0.041755954225782155,-0.042153560834045756,-0.041358347617517666,-0.1593664251162057,0.08793133659739905,descriptive_no_p_value
GSE136831,subtype,consensus,core,HBEGF,PRLR,macrophages,Macrophage,fibroblasts,Fibroblast,30,1.0,4,14,0.029581418312838892,-0.07463266749027575,0.1337955041159531,-0.2090892416380754,0.27468714492187063,descriptive_no_p_value
GSE136831,subtype,consensus,core,HBEGF,PRLR,macrophages,Macrophage_Alveolar,fibroblasts,Fibroblast,30,1.0,4,13,0.006150890642307338,-0.042153560834045756,0.05445534211866221,-0.140358012557658,0.14710399371851368,descriptive_no_p_value
GSE136831,subtype,consensus,exploratory,CCL2,ACKR2,fibroblasts,Fibroblast,macrophages,Macrophage,30,1.0,4,14,0.4969486215085377,0.3433350764362686,0.6505621665808099,0.16461829342540346,0.8391564340000386,descriptive_no_p_value
GSE136831,subtype,consensus,exploratory,CCL2,ACKR2,fibroblasts,Fibroblast,macrophages,Macrophage_Alveolar,30,1.0,4,13,-0.02539717038846767,0.35847494647552125,-0.4092692872524559,-0.18016767668116396,0.2818137676454464,descriptive_no_p_value
GSE136831,subtype,consensus,exploratory,CXCL12,DPP4,fibroblasts,Fibroblast,macrophages,Macrophage,30,1.0,4,14,1.0973213984840462,1.7584046353793692,0.43623816158872475,0.769029187821598,1.4608247084269719,descriptive_no_p_value
GSE136831,subtype,consensus,exploratory,CXCL12,DPP4,fibroblasts,Fibroblast,macrophages,Macrophage_Alveolar,30,1.0,4,13,0.3075199183555668,1.67254275218336,-1.0575029154722266,-0.1517195694960498,0.6217681726118287,descriptive_no_p_value
GSE136831,subtype,consensus,core,TGFB1,ENG,macrophages,Macrophage,fibroblasts,Fibroblast,30,1.0,4,14,-0.309565863335691,-0.25223847822308443,-0.3668932484482976,-0.4602216687883578,-0.1967298136468303,descriptive_no_p_value
GSE136831,subtype,consensus,core,TGFB1,ENG,macrophages,Macrophage_Alveolar,fibroblasts,Fibroblast,30,1.0,4,13,-0.2882310670249879,-0.24684266568821656,-0.3296194683617619,-0.41506027824091607,-0.2262928184373605,descriptive_no_p_value
GSE136831,subtype,consensus,core,HBEGF,CD9,macrophages,Macrophage,fibroblasts,Fibroblast,30,1.0,4,14,0.23495640742389856,-0.07463266749027575,0.5445454823380711,0.03984881317957889,0.44627721187653613,descriptive_no_p_value
GSE136831,subtype,consensus,core,HBEGF,CD9,macrophages,Macrophage_Alveolar,fibroblasts,Fibroblast,30,1.0,4,13,0.23973424773019492,-0.042153560834045756,0.5216220562944356,0.1367884102368251,0.3469024286500071,descriptive_no_p_value
GSE136831,subtype,consensus,core,HBEGF,CD82,macrophages,Macrophage,fibroblasts,Fibroblast,30,1.0,4,14,-0.4767162559551119,-0.07463266749027575,-0.8787998444199521,-0.6382528170090378,-0.27589147587254637,descriptive_no_p_value
GSE136831,subtype,consensus,core,HBEGF,CD82,macrophages,Macrophage_Alveolar,fibroblasts,Fibroblast,30,1.0,4,13,-0.42834704640238197,-0.042153560834045756,-0.8145405319707208,-0.5586754788747319,-0.3316748898526418,descriptive_no_p_value
GSE136831,subtype,consensus,core,TGFB1,CAV1,macrophages,Macrophage,fibroblasts,Fibroblast,30,1.0,4,14,0.025259945312634535,-0.25223847822308443,0.3027583688483544,-0.3920884133176381,0.3931610909318115,descriptive_no_p_value
GSE136831,subtype,consensus,core,TGFB1,CAV1,macrophages,Macrophage_Alveolar,fibroblasts,Fibroblast,30,1.0,4,13,0.028153626128127662,-0.24684266568821656,0.30314991794446833,-0.3653681382654037,0.34515697064606954,descriptive_no_p_value
GSE136831,subtype,consensus,exploratory,CXCL12,SDC4,fibroblasts,Fibroblast,macrophages,Macrophage,30,1.0,4,14,0.7084061464910203,1.7584046353793692,-0.3415923423973277,0.41985637565020983,0.9426559358408468,descriptive_no_p_value
GSE136831,subtype,consensus,exploratory,CXCL12,SDC4,fibroblasts,Fibroblast,macrophages,Macrophage_Alveolar,30,1.0,4,13,0.5102541645482344,1.67254275218336,-0.6520344230868931,0.2661347107019285,0.7097436253711269,descriptive_no_p_value
GSE136831,subtype,consensus,core,TGFB1,LPP,macrophages,Macrophage,fibroblasts,Fibroblast,30,1.0,4,14,-0.0343044697246917,-0.25223847822308443,0.1836295387737028,-0.12156512961723998,0.026344276369295372,descriptive_no_p_value
GSE136831,subtype,consensus,core,TGFB1,LPP,macrophages,Macrophage_Alveolar,fibroblasts,Fibroblast,30,1.0,4,13,-0.021799831461706276,-0.24684266568821656,0.203243002764804,-0.055690699415345435,0.019838815217703143,descriptive_no_p_value
GSE136831,subtype,cellchatdb,core,IL1B,IL1R2,macrophages,Macrophage,fibroblasts,Fibroblast,30,1.0,4,14,-0.5159049290485891,-0.3688029816089182,-0.6630068764882595,-0.8165572186182626,-0.08565634970533953,descriptive_no_p_value
GSE136831,subtype,cellchatdb,core,IL1B,IL1R2,macrophages,Macrophage_Alveolar,fibroblasts,Fibroblast,30,1.0,4,13,-0.4890247470296405,-0.32896272120700143,-0.6490867728522782,-0.7726966155658204,-0.3123464750759988,descriptive_no_p_value
GSE136831,subtype,cellchatdb,core,IL1B,IL1R2,macrophages,Macrophage,AT2,ATII,30,1.0,10,3,-1.5406155763229266,-1.1281636571072626,-1.9530674955385927,-1.9071029033045495,-1.1098802513334785,descriptive_no_p_value
GSE136831,subtype,cellchatdb,core,IL1B,IL1R2,macrophages,Macrophage_Alveolar,AT2,ATII,30,1.0,10,3,-1.0516010010480819,-0.15013450655757143,-1.9530674955385927,-1.4452104681707238,-0.6125736885849804,descriptive_no_p_value
GSE136831,subtype,cellchatdb,core,AREG,EGFR,macrophages,Macrophage,fibroblasts,Fibroblast,30,1.0,4,14,-0.41835692449096307,-0.9074586453065177,0.07074479632459152,-0.5365801469057558,-0.23654351799810946,descriptive_no_p_value
GSE136831,subtype,cellchatdb,core,AREG,EGFR,macrophages,Macrophage_Alveolar,fibroblasts,Fibroblast,30,1.0,4,13,-0.029809369797016316,-0.1597463586512502,0.1001276190572149,-0.21352042213480527,0.15300562870054524,descriptive_no_p_value
GSE136831,subtype,cellchatdb,core,HBEGF,EGFR,macrophages,Macrophage,fibroblasts,Fibroblast,30,1.0,4,14,-0.0019439355828412275,-0.07463266749027575,0.07074479632459152,-0.169327481961413,0.15125093662980138,descriptive_no_p_value
GSE136831,subtype,cellchatdb,core,HBEGF,EGFR,macrophages,Macrophage_Alveolar,fibroblasts,Fibroblast,30,1.0,4,13,0.028987029111585016,-0.042153560834045756,0.1001276190572149,-0.04623476051603603,0.09532424031729025,descriptive_no_p_value
GSE136831,subtype,cellchatdb,core,HBEGF,ERBB4,macrophages,Macrophage,fibroblasts,Fibroblast,30,1.0,4,14,0.616707733282496,-0.07463266749027575,1.3080481340552703,0.5226832624706104,0.6803514611867856,descriptive_no_p_value
GSE136831,subtype,cellchatdb,core,HBEGF,ERBB4,macrophages,Macrophage_Alveolar,fibroblasts,Fibroblast,30,1.0,4,13,0.6789783607934137,-0.042153560834045756,1.4001102824208722,0.5850982804964975,0.7544882355177496,descriptive_no_p_value
GSE136831,subtype,cellchatdb,exploratory,CXCL12,ACKR3,fibroblasts,Fibroblast,macrophages,Macrophage,30,1.0,4,14,0.6839717724143917,1.7584046353793692,-0.3904610905505832,0.2395401042417653,0.954346063421907,descriptive_no_p_value
GSE136831,subtype,cellchatdb,exploratory,CXCL12,ACKR3,fibroblasts,Fibroblast,macrophages,Macrophage_Alveolar,30,1.0,4,13,0.6470092754539305,1.67254275218336,-0.37852420127549724,0.3507823043775451,0.8331180701156198,descriptive_no_p_value
GSE136831,subtype,cellchatdb,exploratory,CCL2,CCR2,fibroblasts,Fibroblast,macrophages,Macrophage,30,1.0,4,14,0.3583853881197161,0.3433350764362686,0.37343569980316305,0.24897683848657604,0.4513471561456628,descriptive_no_p_value
GSE136831,subtype,cellchatdb,exploratory,CCL2,CCR2,fibroblasts,Fibroblast,macrophages,Macrophage_Alveolar,30,1.0,4,13,0.3810472512655023,0.35847494647552125,0.4036195560554845,0.20867905122063002,0.6135323747455348,descriptive_no_p_value
GSE136831,subtype,cellchatdb,exploratory,CXCL12,CXCR4,fibroblasts,Fibroblast,macrophages,Macrophage,30,1.0,4,14,0.9934850722023816,1.7584046353793692,0.22856550902539308,0.6679154300350749,1.2702423887501704,descriptive_no_p_value
GSE136831,subtype,cellchatdb,exploratory,CXCL12,CXCR4,fibroblasts,Fibroblast,macrophages,Macrophage_Alveolar,30,1.0,4,13,0.9664684538655859,1.67254275218336,0.2603941555478144,0.6358621529122699,1.218899966685778,descriptive_no_p_value
GSE136831,subtype,cellchatdb,exploratory,CCL2,ACKR1,fibroblasts,Fibroblast,macrophages,Macrophage,30,1.0,4,14,0.3470023611517501,0.3433350764362686,0.3506696458672338,0.030113217298350925,0.6394903673047425,descriptive_no_p_value
GSE136831,subtype,cellchatdb,exploratory,CCL2,ACKR1,fibroblasts,Fibroblast,macrophages,Macrophage_Alveolar,30,1.0,4,13,-0.04986476623554292,0.35847494647552125,-0.4582044789466045,-0.36747182627770236,0.28187750275202195,descriptive_no_p_value
GSE136831,subtype,cellchatdb,exploratory,CCL2,ACKR2,fibroblasts,Fibroblast,macrophages,Macrophage,30,1.0,4,14,0.4969486215085377,0.3433350764362686,0.6505621665808099,0.16461829342540346,0.8391564340000386,descriptive_no_p_value
GSE136831,subtype,cellchatdb,exploratory,CCL2,ACKR2,fibroblasts,Fibroblast,macrophages,Macrophage_Alveolar,30,1.0,4,13,-0.02539717038846767,0.35847494647552125,-0.4092692872524559,-0.18016767668116396,0.2818137676454464,descriptive_no_p_value
GSE136831,subtype,cellchatdb,core,IL1A,IL1R1_IL1RAP,macrophages,Macrophage,fibroblasts,Fibroblast,30,1.0,4,14,0.5789233081721199,0.36689572186641706,0.790950894477823,0.36404862835512697,0.8206983377271833,descriptive_no_p_value
GSE136831,subtype,cellchatdb,core,IL1A,IL1R1_IL1RAP,macrophages,Macrophage_Alveolar,fibroblasts,Fibroblast,30,1.0,4,13,0.34946949874472644,-0.11197767908551093,0.8109166765749629,0.2526160733275624,0.534817382176695,descriptive_no_p_value
GSE136831,subtype,cellchatdb,core,IL1A,IL1R1_IL1RAP,macrophages,Macrophage,AT2,ATII,30,1.0,10,3,-1.2203891944306022,-0.4298995309012801,-2.010878857959924,-1.8733784304405061,-0.6959395670179824,descriptive_no_p_value
GSE136831,subtype,cellchatdb,core,IL1A,IL1R1_IL1RAP,macrophages,Macrophage_Alveolar,AT2,ATII,30,1.0,10,3,-0.934694315024359,0.14149022791120736,-2.010878857959924,-1.6837468340789794,-0.3291548989538686,descriptive_no_p_value
GSE136831,subtype,cellchatdb,core,IL1B,IL1R1_IL1RAP,macrophages,Macrophage,fibroblasts,Fibroblast,30,1.0,4,14,0.21107395643445237,-0.3688029816089182,0.790950894477823,0.04765959646440088,0.4230671443393179,descriptive_no_p_value
GSE136831,subtype,cellchatdb,core,IL1B,IL1R1_IL1RAP,macrophages,Macrophage_Alveolar,fibroblasts,Fibroblast,30,1.0,4,13,0.24097697768397985,-0.32896272120700143,0.8109166765749629,0.04134332175330879,0.49291404965170305,descriptive_no_p_value
GSE136831,subtype,cellchatdb,core,IL1B,IL1R1_IL1RAP,macrophages,Macrophage,AT2,ATII,30,1.0,10,3,-1.5695212575335926,-1.1281636571072626,-2.010878857959924,-2.1466364024554414,-0.9435588509493398,descriptive_no_p_value
GSE136831,subtype,cellchatdb,core,IL1B,IL1R1_IL1RAP,macrophages,Macrophage_Alveolar,AT2,ATII,30,1.0,10,3,-1.080506682258748,-0.15013450655757143,-2.010878857959924,-1.684743967321615,-0.4357141230071315,descriptive_no_p_value
GSE136831,subtype,cellchatdb,core,TGFB1,TGFBR1_TGFBR2,macrophages,Macrophage,fibroblasts,Fibroblast,30,1.0,4,14,-0.31979506986858564,-0.25223847822308443,-0.3873516615140842,-0.5040211836968229,-0.24147250874275272,descriptive_no_p_value
GSE136831,subtype,cellchatdb,core,TGFB1,TGFBR1_TGFBR2,macrophages,Macrophage_Alveolar,fibroblasts,Fibroblast,30,1.0,4,13,-0.2500494100807824,-0.24684266568821656,-0.25325615447334915,-0.3809057319701106,-0.18383899828800665,descriptive_no_p_value
GSE136831,subtype,cellchatdb,core,IL1A,IL1R2,macrophages,Macrophage,fibroblasts,Fibroblast,30,1.0,4,14,-0.14805557731092156,0.36689572186641706,-0.6630068764882595,-0.5001681867275369,0.3119748436825258,descriptive_no_p_value
GSE136831,subtype,cellchatdb,core,IL1A,IL1R2,macrophages,Macrophage_Alveolar,fibroblasts,Fibroblast,30,1.0,4,13,-0.3805322259688948,-0.11197767908551093,-0.6490867728522782,-0.524455483958743,-0.19088624716097646,descriptive_no_p_value
GSE136831,subtype,cellchatdb,core,IL1A,IL1R2,macrophages,Macrophage,AT2,ATII,30,1.0,10,3,-1.191483513219936,-0.4298995309012801,-1.9530674955385927,-1.6338449312896142,-0.5833613179708008,descriptive_no_p_value
GSE136831,subtype,cellchatdb,core,IL1A,IL1R2,macrophages,Macrophage_Alveolar,AT2,ATII,30,1.0,10,3,-0.9057886338136925,0.14149022791120736,-1.9530674955385927,-1.4442133349280875,-0.2826929441777115,descriptive_no_p_value
GSE136831,subtype,cellchatdb,core,TGFB1,ACVR1B_TGFBR2,macrophages,Macrophage,fibroblasts,Fibroblast,30,1.0,4,14,-0.08278602943757463,-0.25223847822308443,0.08666641934793695,-0.21292153435360195,0.021424237245972755,descriptive_no_p_value
GSE136831,subtype,cellchatdb,core,TGFB1,ACVR1B_TGFBR2,macrophages,Macrophage_Alveolar,fibroblasts,Fibroblast,30,1.0,4,13,-0.04942726253504226,-0.24684266568821656,0.1479881406181338,-0.1557361732143301,0.028484419074087164,descriptive_no_p_value
GSE136831,subtype,cellchatdb,core,TGFB1,ACVR1C_TGFBR2,macrophages,Macrophage,fibroblasts,Fibroblast,30,1.0,4,14,0.39642848441990886,-0.25223847822308443,1.0450954470629046,0.2951682673259901,0.48783320573965927,descriptive_no_p_value
GSE136831,subtype,cellchatdb,core,TGFB1,ACVR1C_TGFBR2,macrophages,Macrophage_Alveolar,fibroblasts,Fibroblast,30,1.0,4,13,0.45808503753471097,-0.24684266568821656,1.1630127407576378,0.3806514146775317,0.5520065832969916,descriptive_no_p_value
GSE136831,subtype,cellchatdb,core,TGFB1,ACVR1_TGFBR1_TGFBR2,macrophages,Macrophage,fibroblasts,Fibroblast,30,1.0,4,14,0.106828886457488,-0.25223847822308443,0.46589625113805777,0.018444738931780336,0.23292594711543835,descriptive_no_p_value
GSE136831,subtype,cellchatdb,core,TGFB1,ACVR1_TGFBR1_TGFBR2,macrophages,Macrophage_Alveolar,fibroblasts,Fibroblast,30,1.0,4,13,0.1474639556030235,-0.24684266568821656,0.5417705768942618,0.08290640231405622,0.24726243118655677,descriptive_no_p_value
GSE136831,subtype,cellchatdb,core,AREG,EGFR_ERBB2,macrophages,Macrophage,fibroblasts,Fibroblast,30,1.0,4,14,-0.5555394382978989,-0.9074586453065177,-0.20362023128928186,-0.7500066514135142,-0.32778731335854516,descriptive_no_p_value
GSE136831,subtype,cellchatdb,core,AREG,EGFR_ERBB2,macrophages,Macrophage_Alveolar,fibroblasts,Fibroblast,30,1.0,4,13,-0.20639476294160986,-0.1597463586512502,-0.25304316723196996,-0.4272496633813061,0.02235895400245358,descriptive_no_p_value
GSE136831,subtype,cellchatdb,core,HBEGF,EGFR_ERBB2,macrophages,Macrophage,fibroblasts,Fibroblast,30,1.0,4,14,-0.13912644938977792,-0.07463266749027575,-0.20362023128928186,-0.38275398646917225,0.06000714126936568,descriptive_no_p_value
GSE136831,subtype,cellchatdb,core,HBEGF,EGFR_ERBB2,macrophages,Macrophage_Alveolar,fibroblasts,Fibroblast,30,1.0,4,13,-0.14759836403300763,-0.042153560834045756,-0.25304316723196996,-0.2990641443614521,-0.02203775716469014,descriptive_no_p_value
GSE136831,subtype,cellchatdb,core,HBEGF,ERBB2_ERBB4,macrophages,Macrophage,fibroblasts,Fibroblast,30,1.0,4,14,-0.1218978051230657,-0.07463266749027575,-0.16916294275585653,-0.359782460780222,0.06535655346945823,descriptive_no_p_value
GSE136831,subtype,cellchatdb,core,HBEGF,ERBB2_ERBB4,macrophages,Macrophage_Alveolar,fibroblasts,Fibroblast,30,1.0,4,13,-0.13036971976629452,-0.042153560834045756,-0.21858587869854462,-0.2760926186725028,-0.00480911289797703,descriptive_no_p_value
GSE136831,broad,consensus,core,TGFB1,ITGAV_ITGB6,macrophages,__broad__,fibroblasts,__broad__,30,0.5,4,18,-0.478067435227727,-0.16111666184850648,-0.7950182086069466,-0.6082187376303576,-0.33228396310809316,descriptive_no_p_value
GSE136831,broad,consensus,core,TGFB1,ACVR1B_TGFBR2,macrophages,__broad__,fibroblasts,__broad__,30,0.5,4,18,-0.07884867975930554,-0.16111666184850648,0.0034193023298989544,-0.22584599117226034,-0.002849450280741017,descriptive_no_p_value
GSE136831,broad,consensus,core,TGFB1,TGFBR1_TGFBR2,macrophages,__broad__,fibroblasts,__broad__,30,0.5,4,18,-0.27330971643200463,-0.16111666184850648,-0.3855027710155019,-0.41664789305135663,-0.19094875422730606,descriptive_no_p_value
GSE136831,broad,consensus,core,TGFB1,ACVR1_TGFBR1_TGFBR2,macrophages,__broad__,fibroblasts,__broad__,30,0.5,4,18,0.3109869828588634,-0.16111666184850648,0.7830906275662324,0.20997383396323155,0.3868606124017191,descriptive_no_p_value
GSE136831,broad,consensus,core,TGFB1,ACVR1_TGFBR2,macrophages,__broad__,fibroblasts,__broad__,30,0.5,4,18,0.35224481835200727,-0.16111666184850648,0.865606298552521,0.25123166945637543,0.428118447894863,descriptive_no_p_value
GSE136831,broad,consensus,core,TGFB1,ACVR1C_TGFBR2,macrophages,__broad__,fibroblasts,__broad__,30,0.5,4,18,0.7514424761275245,-0.16111666184850648,1.6640016141035545,0.5312225406095279,0.9646394458543628,descriptive_no_p_value
GSE136831,broad,consensus,core,TGFB1,EGFR,macrophages,__broad__,fibroblasts,__broad__,30,0.5,4,18,-0.30912066056189413,-0.16111666184850648,-0.45712465927528,-0.34698577608124115,-0.26194489714963787,descriptive_no_p_value
GSE136831,broad,consensus,core,TGFB1,ITGB3,macrophages,__broad__,fibroblasts,__broad__,30,0.5,4,18,-0.42883331615673104,-0.16111666184850648,-0.6965499704649569,-0.5289896046946474,-0.33916365467321974,descriptive_no_p_value
GSE136831,broad,consensus,core,TGFB1,ITGB1,macrophages,__broad__,fibroblasts,__broad__,30,0.5,4,18,0.020279343702883423,-0.16111666184850648,0.20167534925427155,-0.07084302788985841,0.06741942922319932,descriptive_no_p_value
GSE136831,broad,consensus,core,TGFB1,ITGB5,macrophages,__broad__,fibroblasts,__broad__,30,0.5,4,18,0.03729647087225363,-0.16111666184850648,0.23570960359301285,-0.12328900543584975,0.14565802855241206,descriptive_no_p_value
GSE136831,broad,consensus,core,TGFB1,ITGB8,macrophages,__broad__,fibroblasts,__broad__,30,0.5,4,18,0.2435795752011174,-0.16111666184850648,0.6482758122507422,0.09084363521661754,0.4013082311481,descriptive_no_p_value
GSE136831,broad,consensus,core,TGFB1,SDC2,macrophages,__broad__,fibroblasts,__broad__,30,0.5,4,18,-0.05219732338440597,-0.16111666184850648,0.05672201507969454,-0.12451711920716413,0.045836813797581755,descriptive_no_p_value
GSE136831,broad,consensus,core,TGFB1,ACVRL1,macrophages,__broad__,fibroblasts,__broad__,30,0.5,4,18,-0.29071345825776085,-0.16111666184850648,-0.4203102546670152,-0.39025298805827635,-0.16115931581207388,descriptive_no_p_value
GSE136831,broad,consensus,core,TGFB1,CXCR4,macrophages,__broad__,fibroblasts,__broad__,30,0.5,4,18,0.23140463459674976,-0.16111666184850648,0.6239259310420064,-0.18943161394756913,0.5071528624253707,descriptive_no_p_value
GSE136831,broad,consensus,core,TGFB1,TGFBR3,macrophages,__broad__,fibroblasts,__broad__,30,0.5,4,18,-0.7405854989768406,-0.16111666184850648,-1.3200543361051746,-0.8531408968304364,-0.6460507534483222,descriptive_no_p_value
GSE136831,broad,consensus,core,TGFB1,VASN,macrophages,__broad__,fibroblasts,__broad__,30,0.5,4,18,-0.6209311384010929,-0.16111666184850648,-1.080745614953682,-0.7833913625413915,-0.5233455505197515,descriptive_no_p_value
GSE136831,broad,consensus,core,IL1A,IL1R1_IL1RAP,macrophages,__broad__,fibroblasts,__broad__,30,0.5,4,18,0.03497047408785825,-0.6287798979677799,0.6987208461434973,-0.05011993349481081,0.1745997178341705,descriptive_no_p_value
GSE136831,broad,consensus,core,IL1A,IL1R1_IL1RAP,macrophages,__broad__,AT2,__broad__,30,0.5,10,3,-1.1744225555659544,-0.009954473936429231,-2.3388906371954805,-2.047542449141595,-0.4020937114598828,descriptive_no_p_value
GSE136831,broad,consensus,core,IL1A,IL1R2_IL1RAP,macrophages,__broad__,fibroblasts,__broad__,30,0.5,4,18,-0.7640779407386726,-0.6287798979677799,-0.8993759835095658,-0.8523100261046128,-0.5960040950836833,descriptive_no_p_value
GSE136831,broad,consensus,core,IL1A,IL1R2_IL1RAP,macrophages,__broad__,AT2,__broad__,30,0.5,10,3,-1.2038240895601486,-0.009954473936429231,-2.397693705183868,-1.9168407441516717,-0.47674248158878463,descriptive_no_p_value
GSE136831,broad,consensus,core,IL1B,IL1R1_IL1RAP,macrophages,__broad__,fibroblasts,__broad__,30,0.5,4,18,0.008617619214866146,-0.6814856077137668,0.6987208461434973,-0.2187786936278595,0.10830165060638741,descriptive_no_p_value
GSE136831,broad,consensus,core,IL1B,IL1R1_IL1RAP,macrophages,__broad__,AT2,__broad__,30,0.5,10,3,-1.5901985370978773,-0.841506437000274,-2.3388906371954805,-2.291155380572536,-0.7803779218043578,descriptive_no_p_value
GSE136831,broad,consensus,core,IL1B,IL1R2_IL1RAP,macrophages,__broad__,fibroblasts,__broad__,30,0.5,4,18,-0.790430795611667,-0.6814856077137668,-0.8993759835095658,-1.1215905269812456,-0.4563758639495541,descriptive_no_p_value
GSE136831,broad,consensus,core,IL1B,IL1R2_IL1RAP,macrophages,__broad__,AT2,__broad__,30,0.5,10,3,-1.6196000710920715,-0.841506437000274,-2.397693705183868,-2.1604536755826125,-1.1021732844091376,descriptive_no_p_value
GSE136831,broad,consensus,core,IL1B,ADRB2,macrophages,__broad__,fibroblasts,__broad__,30,0.5,4,18,-0.11111767874783851,-0.6814856077137668,0.45925025021808985,-0.3430393226476811,0.10490685475009975,descriptive_no_p_value
GSE136831,broad,consensus,core,IL1B,ADRB2,macrophages,__broad__,AT2,__broad__,30,0.5,10,3,-0.8900538182723876,-0.841506437000274,-0.9386011995445029,-1.2341219790278357,-0.6613336566300125,descriptive_no_p_value
GSE136831,broad,consensus,core,IL1B,SIGIRR,macrophages,__broad__,fibroblasts,__broad__,30,0.5,4,18,-0.6139632671359694,-0.6814856077137668,-0.5464409265581729,-0.7384655734135492,-0.49380607171107815,descriptive_no_p_value
GSE136831,broad,consensus,core,IL1B,SIGIRR,macrophages,__broad__,AT2,__broad__,30,0.5,10,3,-0.6012589533722954,-0.841506437000274,-0.36101146974431764,-1.056101048884651,-0.16192400800770734,descriptive_no_p_value
GSE136831,broad,consensus,exploratory,CCL2,CCR1,fibroblasts,__broad__,macrophages,__broad__,30,0.5,4,18,0.26435945017300533,0.13186679626636,0.3968521040796489,0.09687136264097163,0.5005817882939505,descriptive_no_p_value
GSE136831,broad,consensus,exploratory,CCL2,CCR2,fibroblasts,__broad__,macrophages,__broad__,30,0.5,4,18,0.5151906035103311,0.13186679626636,0.8985144107543017,0.27569451103444553,0.6811103456671019,descriptive_no_p_value
GSE136831,broad,consensus,exploratory,CCL2,CCR10,fibroblasts,__broad__,macrophages,__broad__,30,0.5,4,18,0.21522628394914367,0.13186679626636,0.2985857716319233,0.0640290800329133,0.30770318559912013,descriptive_no_p_value
GSE136831,broad,consensus,exploratory,CCL2,CCR3,fibroblasts,__broad__,macrophages,__broad__,30,0.5,4,18,0.4780396599032297,0.13186679626636,0.8242125235400981,0.25261420775997223,0.7187543214004517,descriptive_no_p_value
GSE136831,broad,consensus,exploratory,CCL2,CCR4,fibroblasts,__broad__,macrophages,__broad__,30,0.5,4,18,0.14224501065916817,0.13186679626636,0.152623225051975,-0.018667758467621365,0.28933838136423917,descriptive_no_p_value
GSE136831,broad,consensus,exploratory,CCL2,CCR5,fibroblasts,__broad__,macrophages,__broad__,30,0.5,4,18,0.7890691121634505,0.13186679626636,1.4462714280605398,0.5404336556182701,0.9723360204635103,descriptive_no_p_value
GSE136831,broad,consensus,exploratory,CCL2,ACKR1,fibroblasts,__broad__,macrophages,__broad__,30,0.5,4,18,0.36386155999377046,0.13186679626636,0.5958563237211785,0.021015841823110115,0.693346630810828,descriptive_no_p_value
GSE136831,broad,consensus,exploratory,CCL2,ACKR4,fibroblasts,__broad__,macrophages,__broad__,30,0.5,4,18,-0.09524102140968882,0.13186679626636,-0.3223488390857385,-0.3009537875761339,0.2049674684946443,descriptive_no_p_value
GSE136831,broad,consensus,core,AREG,EGFR_ERBB2,macrophages,__broad__,fibroblasts,__broad__,30,0.5,4,18,-0.06802781319344575,-0.33095490317389675,0.19489927678700436,-0.15120861035411526,0.022713377754428166,descriptive_no_p_value
GSE136831,broad,consensus,core,AREG,ERBB3,macrophages,__broad__,fibroblasts,__broad__,30,0.5,4,18,-0.09732598382747337,-0.33095490317389675,0.13630293551894934,-0.23968333942861353,0.1702574370515988,descriptive_no_p_value
GSE136831,broad,consensus,exploratory,CXCL12,CD4,fibroblasts,__broad__,macrophages,__broad__,30,0.5,4,18,0.9216111423654842,1.4814034860046759,0.3618187987262953,0.68273878854479,1.0637937739671735,descriptive_no_p_value
GSE136831,broad,consensus,exploratory,CXCL12,ITGB3,fibroblasts,__broad__,macrophages,__broad__,30,0.5,4,18,1.2843132821005456,1.4814034860046759,1.0872230781964178,1.0445728625421822,1.6723833973839484,descriptive_no_p_value
GSE136831,broad,consensus,exploratory,CXCL12,ITGB1,fibroblasts,__broad__,macrophages,__broad__,30,0.5,4,18,0.5643037198760448,1.4814034860046759,-0.3527960462525854,0.4028998170855864,0.7632719869726179,descriptive_no_p_value
GSE136831,broad,consensus,exploratory,CXCL12,ITGAV,fibroblasts,__broad__,macrophages,__broad__,30,0.5,4,18,0.5602094413281611,1.4814034860046759,-0.3609846033483519,0.4148017590160302,0.7401503705716772,descriptive_no_p_value
GSE136831,broad,consensus,exploratory,CXCL12,ITGA5,fibroblasts,__broad__,macrophages,__broad__,30,0.5,4,18,0.5808673333550942,1.4814034860046759,-0.31966881929448476,0.383858511434223,0.8856848474273402,descriptive_no_p_value
GSE136831,broad,consensus,exploratory,CXCL12,ITGA4,fibroblasts,__broad__,macrophages,__broad__,30,0.5,4,18,1.1767070607370331,1.4814034860046759,0.8720106354693895,1.012881127527475,1.3224791139014882,descriptive_no_p_value
GSE136831,broad,consensus,exploratory,CXCL12,ACKR3,fibroblasts,__broad__,macrophages,__broad__,30,0.5,4,18,0.4009521330044299,1.4814034860046759,-0.6794992199958161,0.042336224503011444,0.6009552432699401,descriptive_no_p_value
GSE136831,broad,consensus,exploratory,CXCL12,AVPR1A,fibroblasts,__broad__,macrophages,__broad__,30,0.5,4,18,0.42380016488133787,1.4814034860046759,-0.6338031562419997,0.17676362206542073,0.994596016070069,descriptive_no_p_value
GSE136831,broad,consensus,exploratory,CXCL12,CXCR3,fibroblasts,__broad__,macrophages,__broad__,30,0.5,4,18,0.7935719432370285,1.4814034860046759,0.1057404004693816,0.4857260949162836,1.0938158218237952,descriptive_no_p_value
GSE136831,broad,consensus,exploratory,CXCL12,CCR4,fibroblasts,__broad__,macrophages,__broad__,30,0.5,4,18,0.8170133555283259,1.4814034860046759,0.152623225051975,0.6365856775326879,0.9361850873466346,descriptive_no_p_value
GSE136831,broad,consensus,exploratory,CXCL12,CXCR4,fibroblasts,__broad__,macrophages,__broad__,30,0.5,4,18,1.0103589990574324,1.4814034860046759,0.539314512110189,0.7174606185803327,1.2087171737374014,descriptive_no_p_value
GSE136831,broad,consensus,exploratory,CXCL12,GRM7,fibroblasts,__broad__,macrophages,__broad__,30,0.5,4,18,0.9627581036767219,1.4814034860046759,0.44411272134876745,0.8215961946546653,1.1251885292548915,descriptive_no_p_value
GSE136831,broad,consensus,core,HBEGF,EGFR_ERBB2,macrophages,__broad__,fibroblasts,__broad__,30,0.5,4,18,0.06599425979475626,-0.06291075719749362,0.19489927678700436,-0.15812506791390835,0.21356414781314026,descriptive_no_p_value
GSE136831,broad,consensus,core,HBEGF,ERBB2_ERBB4,macrophages,__broad__,fibroblasts,__broad__,30,0.5,4,18,0.10130793049270626,-0.06291075719749362,0.26552661818290435,-0.11104017364997532,0.24627726717969,descriptive_no_p_value
GSE136831,broad,consensus,core,HBEGF,CD44,macrophages,__broad__,fibroblasts,__broad__,30,0.5,4,18,-0.19600217045623847,-0.06291075719749362,-0.32909358371498243,-0.27619900797163766,-0.08660838891091682,descriptive_no_p_value
GSE136831,broad,consensus,core,HBEGF,PRLR,macrophages,__broad__,fibroblasts,__broad__,30,0.5,4,18,0.39339505642887174,-0.06291075719749362,0.8497008700552363,0.1754333488913784,0.6102862247209462,descriptive_no_p_value
GSE136831,broad,consensus,exploratory,CCL2,ACKR2,fibroblasts,__broad__,macrophages,__broad__,30,0.5,4,18,0.05563577816609877,0.13186679626636,-0.020595239934163345,-0.14919213078382398,0.26064538900243095,descriptive_no_p_value
GSE136831,broad,consensus,exploratory,CXCL12,DPP4,fibroblasts,__broad__,macrophages,__broad__,30,0.5,4,18,1.1611701059925865,1.4814034860046759,0.840936725980497,0.858368945610485,1.6465851787568666,descriptive_no_p_value
GSE136831,broad,consensus,core,TGFB1,ENG,macrophages,__broad__,fibroblasts,__broad__,30,0.5,4,18,-0.23746238736163772,-0.16111666184850648,-0.31380811287477073,-0.40613965383343675,-0.12727118414475314,descriptive_no_p_value
GSE136831,broad,consensus,core,HBEGF,CD9,macrophages,__broad__,fibroblasts,__broad__,30,0.5,4,18,0.370068713392234,-0.06291075719749362,0.8030481839819634,0.2058756073917447,0.5241865087015389,descriptive_no_p_value
GSE136831,broad,consensus,core,HBEGF,CD82,macrophages,__broad__,fibroblasts,__broad__,30,0.5,4,18,0.2152939534042586,-0.06291075719749362,0.49349866400600995,0.08307784760341441,0.4097046312789887,descriptive_no_p_value
GSE136831,broad,consensus,core,TGFB1,CAV1,macrophages,__broad__,fibroblasts,__broad__,30,0.5,4,18,0.3003444345212749,-0.16111666184850648,0.7618055308910545,-0.08975840264345525,0.6486510178309324,descriptive_no_p_value
GSE136831,broad,consensus,exploratory,CXCL12,SDC4,fibroblasts,__broad__,macrophages,__broad__,30,0.5,4,18,0.6183020922969238,1.4814034860046759,-0.2447993014108274,0.37422214614794225,0.820490995149119,descriptive_no_p_value
GSE136831,broad,consensus,core,TGFB1,LPP,macrophages,__broad__,fibroblasts,__broad__,30,0.5,4,18,0.10365984951409324,-0.16111666184850648,0.3684363608766912,0.035944100906286636,0.16856747182232112,descriptive_no_p_value
GSE136831,broad,cellchatdb,core,IL1B,IL1R2,macrophages,__broad__,fibroblasts,__broad__,30,0.5,4,18,-0.790430795611667,-0.6814856077137668,-0.8993759835095658,-1.1215905269812456,-0.4563758639495541,descriptive_no_p_value
GSE136831,broad,cellchatdb,core,IL1B,IL1R2,macrophages,__broad__,AT2,__broad__,30,0.5,10,3,-1.6196000710920715,-0.841506437000274,-2.397693705183868,-2.1604536755826125,-1.1021732844091376,descriptive_no_p_value
GSE136831,broad,cellchatdb,core,AREG,EGFR,macrophages,__broad__,fibroblasts,__broad__,30,0.5,4,18,-0.3940397812245875,-0.33095490317389675,-0.45712465927528,-0.4582285535064683,-0.3003643101429736,descriptive_no_p_value
GSE136831,broad,cellchatdb,core,HBEGF,EGFR,macrophages,__broad__,fibroblasts,__broad__,30,0.5,4,18,-0.26001770823638726,-0.06291075719749362,-0.45712465927528,-0.3892340536784289,-0.17111194896366566,descriptive_no_p_value
GSE136831,broad,cellchatdb,core,HBEGF,ERBB4,macrophages,__broad__,fibroblasts,__broad__,30,0.5,4,18,0.6247028161680737,-0.06291075719749362,1.3123163895336383,0.5600065078665581,0.7125338893393351,descriptive_no_p_value
GSE136831,broad,cellchatdb,exploratory,CXCL12,ACKR3,fibroblasts,__broad__,macrophages,__broad__,30,0.5,4,18,0.4009521330044299,1.4814034860046759,-0.6794992199958161,0.042336224503011444,0.6009552432699401,descriptive_no_p_value
GSE136831,broad,cellchatdb,exploratory,CCL2,CCR2,fibroblasts,__broad__,macrophages,__broad__,30,0.5,4,18,0.5151906035103311,0.13186679626636,0.8985144107543017,0.27569451103444553,0.6811103456671019,descriptive_no_p_value
GSE136831,broad,cellchatdb,exploratory,CXCL12,CXCR4,fibroblasts,__broad__,macrophages,__broad__,30,0.5,4,18,1.0103589990574324,1.4814034860046759,0.539314512110189,0.7174606185803327,1.2087171737374014,descriptive_no_p_value
GSE136831,broad,cellchatdb,exploratory,CCL2,ACKR1,fibroblasts,__broad__,macrophages,__broad__,30,0.5,4,18,0.36386155999377046,0.13186679626636,0.5958563237211785,0.021015841823110115,0.693346630810828,descriptive_no_p_value
GSE136831,broad,cellchatdb,exploratory,CCL2,ACKR2,fibroblasts,__broad__,macrophages,__broad__,30,0.5,4,18,0.05563577816609877,0.13186679626636,-0.020595239934163345,-0.14919213078382398,0.26064538900243095,descriptive_no_p_value
GSE136831,broad,cellchatdb,core,IL1A,IL1R1_IL1RAP,macrophages,__broad__,fibroblasts,__broad__,30,0.5,4,18,0.03497047408785825,-0.6287798979677799,0.6987208461434973,-0.05011993349481081,0.1745997178341705,descriptive_no_p_value
GSE136831,broad,cellchatdb,core,IL1A,IL1R1_IL1RAP,macrophages,__broad__,AT2,__broad__,30,0.5,10,3,-1.1744225555659544,-0.009954473936429231,-2.3388906371954805,-2.047542449141595,-0.4020937114598828,descriptive_no_p_value
GSE136831,broad,cellchatdb,core,IL1B,IL1R1_IL1RAP,macrophages,__broad__,fibroblasts,__broad__,30,0.5,4,18,0.008617619214866146,-0.6814856077137668,0.6987208461434973,-0.2187786936278595,0.10830165060638741,descriptive_no_p_value
GSE136831,broad,cellchatdb,core,IL1B,IL1R1_IL1RAP,macrophages,__broad__,AT2,__broad__,30,0.5,10,3,-1.5901985370978773,-0.841506437000274,-2.3388906371954805,-2.291155380572536,-0.7803779218043578,descriptive_no_p_value
GSE136831,broad,cellchatdb,core,TGFB1,TGFBR1_TGFBR2,macrophages,__broad__,fibroblasts,__broad__,30,0.5,4,18,-0.27330971643200463,-0.16111666184850648,-0.3855027710155019,-0.41664789305135663,-0.19094875422730606,descriptive_no_p_value
GSE136831,broad,cellchatdb,core,IL1A,IL1R2,macrophages,__broad__,fibroblasts,__broad__,30,0.5,4,18,-0.7640779407386726,-0.6287798979677799,-0.8993759835095658,-0.8523100261046128,-0.5960040950836833,descriptive_no_p_value
GSE136831,broad,cellchatdb,core,IL1A,IL1R2,macrophages,__broad__,AT2,__broad__,30,0.5,10,3,-1.2038240895601486,-0.009954473936429231,-2.397693705183868,-1.9168407441516717,-0.47674248158878463,descriptive_no_p_value
GSE136831,broad,cellchatdb,core,TGFB1,ACVR1B_TGFBR2,macrophages,__broad__,fibroblasts,__broad__,30,0.5,4,18,-0.07884867975930554,-0.16111666184850648,0.0034193023298989544,-0.22584599117226034,-0.002849450280741017,descriptive_no_p_value
GSE136831,broad,cellchatdb,core,TGFB1,ACVR1C_TGFBR2,macrophages,__broad__,fibroblasts,__broad__,30,0.5,4,18,0.7514424761275245,-0.16111666184850648,1.6640016141035545,0.5312225406095279,0.9646394458543628,descriptive_no_p_value
GSE136831,broad,cellchatdb,core,TGFB1,ACVR1_TGFBR1_TGFBR2,macrophages,__broad__,fibroblasts,__broad__,30,0.5,4,18,0.3109869828588634,-0.16111666184850648,0.7830906275662324,0.20997383396323155,0.3868606124017191,descriptive_no_p_value
GSE136831,broad,cellchatdb,core,AREG,EGFR_ERBB2,macrophages,__broad__,fibroblasts,__broad__,30,0.5,4,18,-0.06802781319344575,-0.33095490317389675,0.19489927678700436,-0.15120861035411526,0.022713377754428166,descriptive_no_p_value
GSE136831,broad,cellchatdb,core,HBEGF,EGFR_ERBB2,macrophages,__broad__,fibroblasts,__broad__,30,0.5,4,18,0.06599425979475626,-0.06291075719749362,0.19489927678700436,-0.15812506791390835,0.21356414781314026,descriptive_no_p_value
GSE136831,broad,cellchatdb,core,HBEGF,ERBB2_ERBB4,macrophages,__broad__,fibroblasts,__broad__,30,0.5,4,18,0.10130793049270626,-0.06291075719749362,0.26552661818290435,-0.11104017364997532,0.24627726717969,descriptive_no_p_value
GSE136831,subtype,consensus,core,TGFB1,ITGAV_ITGB6,macrophages,Macrophage,fibroblasts,Fibroblast,30,0.5,4,14,-0.646746962911247,-0.25229220686228704,-1.041201718960206,-0.7562133926752379,-0.5021453941952245,descriptive_no_p_value
GSE136831,subtype,consensus,core,TGFB1,ITGAV_ITGB6,macrophages,Macrophage_Alveolar,fibroblasts,Fibroblast,30,0.5,4,13,-0.6282469563411812,-0.24694678373062207,-1.0095471289517404,-0.721583297775723,-0.47938809938204496,descriptive_no_p_value
GSE136831,subtype,consensus,core,TGFB1,ACVR1B_TGFBR2,macrophages,Macrophage,fibroblasts,Fibroblast,30,0.5,4,14,-0.08208362232328081,-0.25229220686228704,0.0881249622157263,-0.21497168719687032,0.023351497987412095,descriptive_no_p_value
GSE136831,subtype,consensus,core,TGFB1,ACVR1B_TGFBR2,macrophages,Macrophage_Alveolar,fibroblasts,Fibroblast,30,0.5,4,13,-0.04799425752246744,-0.24694678373062207,0.15095826868568896,-0.15705123428991907,0.03114129165836843,descriptive_no_p_value
GSE136831,subtype,consensus,core,TGFB1,TGFBR1_TGFBR2,macrophages,Macrophage,fibroblasts,Fibroblast,30,0.5,4,14,-0.3231342534925403,-0.25229220686228704,-0.3939763001227883,-0.5086498264847084,-0.24440516705649884,descriptive_no_p_value
GSE136831,subtype,consensus,core,TGFB1,TGFBR1_TGFBR2,macrophages,Macrophage_Alveolar,fibroblasts,Fibroblast,30,0.5,4,13,-0.251756982700555,-0.24694678373062207,-0.2565671816704844,-0.3838956631438748,-0.18489265107840946,descriptive_no_p_value
GSE136831,subtype,consensus,core,TGFB1,ACVR1_TGFBR1_TGFBR2,macrophages,Macrophage,fibroblasts,Fibroblast,30,0.5,4,14,0.11200929584521369,-0.25229220686228704,0.4763107985527206,0.02139286881853053,0.24044014316545503,descriptive_no_p_value
GSE136831,subtype,consensus,core,TGFB1,ACVR1_TGFBR1_TGFBR2,macrophages,Macrophage_Alveolar,fibroblasts,Fibroblast,30,0.5,4,13,0.15372095821886056,-0.24694678373062207,0.5543887001683494,0.08693561929831439,0.25585223440924487,descriptive_no_p_value
GSE136831,subtype,consensus,core,TGFB1,ACVR1_TGFBR2,macrophages,Macrophage,fibroblasts,Fibroblast,30,0.5,4,14,0.13494662598750828,-0.25229220686228704,0.5221854588373072,0.04433019896082513,0.26337747330774963,descriptive_no_p_value
GSE136831,subtype,consensus,core,TGFB1,ACVR1_TGFBR2,macrophages,Macrophage_Alveolar,fibroblasts,Fibroblast,30,0.5,4,13,0.1784226983721009,-0.24694678373062207,0.6037921804748265,0.11163735945155473,0.2805539745624852,descriptive_no_p_value
GSE136831,subtype,consensus,core,TGFB1,ACVR1C_TGFBR2,macrophages,Macrophage,fibroblasts,Fibroblast,30,0.5,4,14,0.539794232648398,-0.25229220686228704,1.3318806721590881,0.3911061058416383,0.6660792705926175,descriptive_no_p_value
GSE136831,subtype,consensus,core,TGFB1,ACVR1C_TGFBR2,macrophages,Macrophage_Alveolar,fibroblasts,Fibroblast,30,0.5,4,13,0.6234000415021104,-0.24694678373062207,1.493746866734843,0.49854300280148767,0.7772915146723727,descriptive_no_p_value
GSE136831,subtype,consensus,core,TGFB1,EGFR,macrophages,Macrophage,fibroblasts,Fibroblast,30,0.5,4,14,-0.09079540661460239,-0.25229220686228704,0.07070139363308492,-0.142391073324581,-0.033800700512173876,descriptive_no_p_value
GSE136831,subtype,consensus,core,TGFB1,EGFR,macrophages,Macrophage_Alveolar,fibroblasts,Fibroblast,30,0.5,4,13,-0.0733997237975208,-0.24694678373062207,0.1001473361355778,-0.11440816093977624,-0.031523154537573816,descriptive_no_p_value
GSE136831,subtype,consensus,core,TGFB1,ITGB3,macrophages,Macrophage,fibroblasts,Fibroblast,30,0.5,4,14,-0.27899301730272263,-0.25229220686228704,-0.3056938277431569,-0.39180420818186246,-0.13886630552719126,descriptive_no_p_value
GSE136831,subtype,consensus,core,TGFB1,ITGB3,macrophages,Macrophage_Alveolar,fibroblasts,Fibroblast,30,0.5,4,13,-0.28385776563714593,-0.24694678373062207,-0.32076874754366846,-0.4229685276461428,-0.13851957903135848,descriptive_no_p_value
GSE136831,subtype,consensus,core,TGFB1,ITGB1,macrophages,Macrophage,fibroblasts,Fibroblast,30,0.5,4,14,-0.1003323987720881,-0.25229220686228704,0.05162740931811527,-0.20257812931638686,-0.03560556840137252,descriptive_no_p_value
GSE136831,subtype,consensus,core,TGFB1,ITGB1,macrophages,Macrophage_Alveolar,fibroblasts,Fibroblast,30,0.5,4,13,-0.07760232675679823,-0.24694678373062207,0.09174213021702649,-0.15601696919496,-0.0114783725333929,descriptive_no_p_value
GSE136831,subtype,consensus,core,TGFB1,ITGB5,macrophages,Macrophage,fibroblasts,Fibroblast,30,0.5,4,14,-0.12866078052245644,-0.25229220686228704,-0.00502935418262318,-0.32296475635469335,-0.01585258059430572,descriptive_no_p_value
GSE136831,subtype,consensus,core,TGFB1,ITGB5,macrophages,Macrophage_Alveolar,fibroblasts,Fibroblast,30,0.5,4,13,-0.10845540692050193,-0.24694678373062207,0.030035969889620873,-0.24938249020389058,-0.0372353504009153,descriptive_no_p_value
GSE136831,subtype,consensus,core,TGFB1,ITGB8,macrophages,Macrophage,fibroblasts,Fibroblast,30,0.5,4,14,-0.19502305251701468,-0.25229220686228704,-0.13775389817173966,-0.359349148887536,-0.08240762015664949,descriptive_no_p_value
GSE136831,subtype,consensus,core,TGFB1,ITGB8,macrophages,Macrophage_Alveolar,fibroblasts,Fibroblast,30,0.5,4,13,-0.13546210793009283,-0.24694678373062207,-0.02397743212956538,-0.350696613825745,0.030530216979121505,descriptive_no_p_value
GSE136831,subtype,consensus,core,TGFB1,SDC2,macrophages,Macrophage,fibroblasts,Fibroblast,30,0.5,4,14,0.1753447789365694,-0.25229220686228704,0.6029817647354303,0.0844251345199174,0.2938102311521691,descriptive_no_p_value
GSE136831,subtype,consensus,core,TGFB1,SDC2,macrophages,Macrophage_Alveolar,fibroblasts,Fibroblast,30,0.5,4,13,0.1743987823798454,-0.24694678373062207,0.5957443484903155,0.07960952185422787,0.31669532270158385,descriptive_no_p_value
GSE136831,subtype,consensus,core,TGFB1,ACVRL1,macrophages,Macrophage,fibroblasts,Fibroblast,30,0.5,4,14,-0.07089665554041602,-0.25229220686228704,0.11049889578145944,-0.20244721847794178,0.06323755703908596,descriptive_no_p_value
GSE136831,subtype,consensus,core,TGFB1,ACVRL1,macrophages,Macrophage_Alveolar,fibroblasts,Fibroblast,30,0.5,4,13,-0.07997772109591761,-0.24694678373062207,0.08699134153878951,-0.23141053072760176,0.07798757958972313,descriptive_no_p_value
GSE136831,subtype,consensus,core,TGFB1,CXCR4,macrophages,Macrophage,fibroblasts,Fibroblast,30,0.5,4,14,0.2756453718383769,-0.25229220686228704,0.8035829505390408,-0.14902165139511148,0.578193898902982,descriptive_no_p_value
GSE136831,subtype,consensus,core,TGFB1,CXCR4,macrophages,Macrophage_Alveolar,fibroblasts,Fibroblast,30,0.5,4,13,0.3205211555583327,-0.24694678373062207,0.8879890948472857,-0.05076897512630563,0.5967701114930808,descriptive_no_p_value
GSE136831,subtype,consensus,core,TGFB1,TGFBR3,macrophages,Macrophage,fibroblasts,Fibroblast,30,0.5,4,14,-0.6008916423053936,-0.25229220686228704,-0.9494910777485011,-0.75435949917836,-0.4703890946327327,descriptive_no_p_value
GSE136831,subtype,consensus,core,TGFB1,TGFBR3,macrophages,Macrophage_Alveolar,fibroblasts,Fibroblast,30,0.5,4,13,-0.5863901727601153,-0.24694678373062207,-0.9258335617896076,-0.6864811370842325,-0.48218719621731054,descriptive_no_p_value
GSE136831,subtype,consensus,core,TGFB1,VASN,macrophages,Macrophage,fibroblasts,Fibroblast,30,0.5,4,14,-0.35804953585669175,-0.25229220686228704,-0.46380686485109646,-0.509936287235556,-0.2953395744482643,descriptive_no_p_value
GSE136831,subtype,consensus,core,TGFB1,VASN,macrophages,Macrophage_Alveolar,fibroblasts,Fibroblast,30,0.5,4,13,-0.3870256327527155,-0.24694678373062207,-0.527104481774809,-0.5150812960254418,-0.282248662605487,descriptive_no_p_value
GSE136831,subtype,consensus,core,IL1A,IL1R1_IL1RAP,macrophages,Macrophage,fibroblasts,Fibroblast,30,0.5,4,14,0.5930129645830591,0.3775554713763436,0.8084704577897757,0.37376483543018457,0.8361402185538092,descriptive_no_p_value
GSE136831,subtype,consensus,core,IL1A,IL1R1_IL1RAP,macrophages,Macrophage_Alveolar,fibroblasts,Fibroblast,30,0.5,4,13,0.357014699621363,-0.1146740299868787,0.8287034292296065,0.2619314644426165,0.5449362040907291,descriptive_no_p_value
GSE136831,subtype,consensus,core,IL1A,IL1R1_IL1RAP,macrophages,Macrophage,AT2,ATII,30,0.5,10,3,-1.3858722012066127,-0.4328537652177453,-2.3388906371954805,-2.1250269255083767,-0.7026282419316496,descriptive_no_p_value
GSE136831,subtype,consensus,core,IL1A,IL1R1_IL1RAP,macrophages,Macrophage_Alveolar,AT2,ATII,30,0.5,10,3,-1.0989552370300788,0.1409801631353247,-2.3388906371954805,-1.9317672988960988,-0.3310333622399835,descriptive_no_p_value
GSE136831,subtype,consensus,core,IL1A,IL1R2_IL1RAP,macrophages,Macrophage,fibroblasts,Fibroblast,30,0.5,4,14,-0.1969396110429984,0.3775554713763436,-0.7714346934623393,-0.5573375074882567,0.2754834362728893,descriptive_no_p_value
GSE136831,subtype,consensus,core,IL1A,IL1R2_IL1RAP,macrophages,Macrophage_Alveolar,fibroblasts,Fibroblast,30,0.5,4,13,-0.43773016872999637,-0.1146740299868787,-0.760786307473114,-0.5954020250192791,-0.23952540681192724,descriptive_no_p_value
GSE136831,subtype,consensus,core,IL1A,IL1R2_IL1RAP,macrophages,Macrophage,AT2,ATII,30,0.5,10,3,-1.415273735200807,-0.4328537652177453,-2.397693705183868,-1.994325220518454,-0.7330724116722109,descriptive_no_p_value
GSE136831,subtype,consensus,core,IL1A,IL1R2_IL1RAP,macrophages,Macrophage_Alveolar,AT2,ATII,30,0.5,10,3,-1.1283567710242726,0.1409801631353247,-2.397693705183868,-1.8010655939061748,-0.43717602544655243,descriptive_no_p_value
GSE136831,subtype,consensus,core,IL1B,IL1R1_IL1RAP,macrophages,Macrophage,fibroblasts,Fibroblast,30,0.5,4,14,0.2198090437435134,-0.36885237030274975,0.8084704577897757,0.05854934132836487,0.4292425875209318,descriptive_no_p_value
GSE136831,subtype,consensus,core,IL1B,IL1R1_IL1RAP,macrophages,Macrophage_Alveolar,fibroblasts,Fibroblast,30,0.5,4,13,0.24958355082087103,-0.32953632758786533,0.8287034292296065,0.04791030020076903,0.5039228306626411,descriptive_no_p_value
GSE136831,subtype,consensus,core,IL1B,IL1R1_IL1RAP,macrophages,Macrophage,AT2,ATII,30,0.5,10,3,-1.733794638876387,-1.1286986405572925,-2.3388906371954805,-2.3941349739586784,-0.9449766044683763,descriptive_no_p_value
GSE136831,subtype,consensus,core,IL1B,IL1R1_IL1RAP,macrophages,Macrophage_Alveolar,AT2,ATII,30,0.5,10,3,-1.2445369721015407,-0.15018330700759908,-2.3388906371954805,-1.9319906642471585,-0.4368349764513164,descriptive_no_p_value
GSE136831,subtype,consensus,core,IL1B,IL1R2_IL1RAP,macrophages,Macrophage,fibroblasts,Fibroblast,30,0.5,4,14,-0.570143531882545,-0.36885237030274975,-0.7714346934623393,-0.8725530015900773,-0.13141419475998894,descriptive_no_p_value
GSE136831,subtype,consensus,core,IL1B,IL1R2_IL1RAP,macrophages,Macrophage_Alveolar,fibroblasts,Fibroblast,30,0.5,4,13,-0.5451613175304901,-0.32953632758786533,-0.760786307473114,-0.8427591865763233,-0.3593788108783258,descriptive_no_p_value
GSE136831,subtype,consensus,core,IL1B,IL1R2_IL1RAP,macrophages,Macrophage,AT2,ATII,30,0.5,10,3,-1.7631961728705794,-1.1286986405572925,-2.397693705183868,-2.263433268968754,-1.265383313694504,descriptive_no_p_value
GSE136831,subtype,consensus,core,IL1B,IL1R2_IL1RAP,macrophages,Macrophage_Alveolar,AT2,ATII,30,0.5,10,3,-1.273938506095734,-0.15018330700759908,-2.397693705183868,-1.801288959257235,-0.767896251098545,descriptive_no_p_value
GSE136831,subtype,consensus,core,IL1B,ADRB2,macrophages,Macrophage,fibroblasts,Fibroblast,30,0.5,4,14,-0.16990537349096213,-0.36885237030274975,0.029041623320827464,-0.48269214948964834,0.07795544047662784,descriptive_no_p_value
GSE136831,subtype,consensus,core,IL1B,ADRB2,macrophages,Macrophage_Alveolar,fibroblasts,Fibroblast,30,0.5,4,13,-0.13495445294474173,-0.32953632758786533,0.059627421698383504,-0.31785031647853446,0.08004176501720028,descriptive_no_p_value
GSE136831,subtype,consensus,core,IL1B,ADRB2,macrophages,Macrophage,AT2,ATII,30,0.5,10,3,-1.0336499200508973,-1.1286986405572925,-0.9386011995445029,-1.337101572413978,-0.7934589714070945,descriptive_no_p_value
GSE136831,subtype,consensus,core,IL1B,ADRB2,macrophages,Macrophage_Alveolar,AT2,ATII,30,0.5,10,3,-0.5443922532760528,-0.15018330700759908,-0.9386011995445029,-0.87495726270246,-0.36627209287154994,descriptive_no_p_value
GSE136831,subtype,consensus,core,IL1B,SIGIRR,macrophages,Macrophage,fibroblasts,Fibroblast,30,0.5,4,14,-0.3125689244388292,-0.36885237030274975,-0.2562854785749087,-0.5607573797915117,-0.07774299603293944,descriptive_no_p_value
GSE136831,subtype,consensus,core,IL1B,SIGIRR,macrophages,Macrophage_Alveolar,fibroblasts,Fibroblast,30,0.5,4,13,-0.28942987101029427,-0.32953632758786533,-0.2493234144327232,-0.4373773172583775,-0.12201934410605642,descriptive_no_p_value
GSE136831,subtype,consensus,core,IL1B,SIGIRR,macrophages,Macrophage,AT2,ATII,30,0.5,10,3,-0.7448550551508051,-1.1286986405572925,-0.36101146974431764,-1.2206997315486685,-0.32513403729307644,descriptive_no_p_value
GSE136831,subtype,consensus,core,IL1B,SIGIRR,macrophages,Macrophage_Alveolar,AT2,ATII,30,0.5,10,3,-0.2555973883759606,-0.15018330700759908,-0.36101146974431764,-0.7125581035316104,0.17235302530288266,descriptive_no_p_value
GSE136831,subtype,consensus,exploratory,CCL2,CCR1,fibroblasts,Fibroblast,macrophages,Macrophage,30,0.5,4,14,0.45199503417841047,0.3439220809524528,0.5600679874043673,0.32581537322144083,0.666536553325451,descriptive_no_p_value
GSE136831,subtype,consensus,exploratory,CCL2,CCR1,fibroblasts,Fibroblast,macrophages,Macrophage_Alveolar,30,0.5,4,13,-0.12211210584678778,0.35905041100672364,-0.6032746227002992,-0.308806740178837,0.13550990007634223,descriptive_no_p_value
GSE136831,subtype,consensus,exploratory,CCL2,CCR2,fibroblasts,Fibroblast,macrophages,Macrophage,30,0.5,4,14,0.35988545767486535,0.3439220809524528,0.3758488343972793,0.2513588131823603,0.4576978746146656,descriptive_no_p_value
GSE136831,subtype,consensus,exploratory,CCL2,CCR2,fibroblasts,Fibroblast,macrophages,Macrophage_Alveolar,30,0.5,4,13,0.4109705559331074,0.35905041100672364,0.46289070085949113,0.26330586561860425,0.6868387248587373,descriptive_no_p_value
GSE136831,subtype,consensus,exploratory,CCL2,CCR10,fibroblasts,Fibroblast,macrophages,Macrophage,30,0.5,4,14,0.4271337677981668,0.3439220809524528,0.5103454546438781,0.35031504329450236,0.5544131397791672,descriptive_no_p_value
GSE136831,subtype,consensus,exploratory,CCL2,CCR10,fibroblasts,Fibroblast,macrophages,Macrophage_Alveolar,30,0.5,4,13,0.14037836046075558,0.35905041100672364,-0.07829369008521075,-0.046434284896453626,0.35479179245097914,descriptive_no_p_value
GSE136831,subtype,consensus,exploratory,CCL2,CCR3,fibroblasts,Fibroblast,macrophages,Macrophage,30,0.5,4,14,0.6253921457064138,0.3439220809524528,0.9068622104603725,0.46076636309715724,0.8547970106916729,descriptive_no_p_value
GSE136831,subtype,consensus,exploratory,CCL2,CCR3,fibroblasts,Fibroblast,macrophages,Macrophage_Alveolar,30,0.5,4,13,0.08194270413417915,0.35905041100672364,-0.19516500273836307,-0.12478921115429564,0.28312375775635434,descriptive_no_p_value
GSE136831,subtype,consensus,exploratory,CCL2,CCR4,fibroblasts,Fibroblast,macrophages,Macrophage,30,0.5,4,14,0.6711700369104907,0.3439220809524528,0.9984179928685264,0.4197369870708614,0.8952997435692209,descriptive_no_p_value
GSE136831,subtype,consensus,exploratory,CCL2,CCR4,fibroblasts,Fibroblast,macrophages,Macrophage_Alveolar,30,0.5,4,13,-0.4435234902704077,0.35905041100672364,-1.24609739154754,-0.6926001157616373,-0.11808192209545831,descriptive_no_p_value
GSE136831,subtype,consensus,exploratory,CCL2,CCR5,fibroblasts,Fibroblast,macrophages,Macrophage,30,0.5,4,14,0.5690279547189929,0.3439220809524528,0.7941338284855335,0.4798065894622656,0.685576699940917,descriptive_no_p_value
GSE136831,subtype,consensus,exploratory,CCL2,CCR5,fibroblasts,Fibroblast,macrophages,Macrophage_Alveolar,30,0.5,4,13,0.6612708638644857,0.35905041100672364,0.963491316722247,0.41865916068295217,0.870865193657238,descriptive_no_p_value
GSE136831,subtype,consensus,exploratory,CCL2,ACKR1,fibroblasts,Fibroblast,macrophages,Macrophage,30,0.5,4,14,0.33157843052966385,0.3439220809524528,0.3192347801068706,0.008993183729756993,0.6326818533277967,descriptive_no_p_value
GSE136831,subtype,consensus,exploratory,CCL2,ACKR1,fibroblasts,Fibroblast,macrophages,Macrophage_Alveolar,30,0.5,4,13,-0.17252941365512608,0.35905041100672364,-0.7041092383169755,-0.5204079943570381,0.17416420247986775,descriptive_no_p_value
GSE136831,subtype,consensus,exploratory,CCL2,ACKR4,fibroblasts,Fibroblast,macrophages,Macrophage,30,0.5,4,14,0.2505549242588545,0.3439220809524528,0.15718776756525576,0.013995971723794298,0.591205091618153,descriptive_no_p_value
GSE136831,subtype,consensus,exploratory,CCL2,ACKR4,fibroblasts,Fibroblast,macrophages,Macrophage_Alveolar,30,0.5,4,13,-0.12128245205584864,0.35905041100672364,-0.6016153151184205,-0.42022008029235236,0.15429811337382615,descriptive_no_p_value
GSE136831,subtype,consensus,core,AREG,EGFR_ERBB2,macrophages,Macrophage,fibroblasts,Fibroblast,30,0.5,4,14,-0.5932568565685772,-0.9075717867727757,-0.27894192636437776,-0.7910165446851121,-0.3613436802581296,descriptive_no_p_value
GSE136831,subtype,consensus,core,AREG,EGFR_ERBB2,macrophages,Macrophage_Alveolar,fibroblasts,Fibroblast,30,0.5,4,13,-0.24798140044859096,-0.1598307737589133,-0.33613202713826995,-0.4711730938113634,-0.01498653314092735,descriptive_no_p_value
GSE136831,subtype,consensus,core,AREG,ERBB3,macrophages,Macrophage,fibroblasts,Fibroblast,30,0.5,4,14,-0.6436166207247487,-0.9075717867727757,-0.37966145467672363,-0.8484431766682263,-0.46098007824664844,descriptive_no_p_value
GSE136831,subtype,consensus,core,AREG,ERBB3,macrophages,Macrophage_Alveolar,fibroblasts,Fibroblast,30,0.5,4,13,-0.22432586835815904,-0.1598307737589133,-0.28882096295740434,-0.46030149018144906,0.0040286182993121145,descriptive_no_p_value
GSE136831,subtype,consensus,exploratory,CXCL12,CD4,fibroblasts,Fibroblast,macrophages,Macrophage,30,0.5,4,14,1.3063118451890592,1.7729567000274065,0.8396669903507128,1.0621864511414119,1.4189302346861963,descriptive_no_p_value
GSE136831,subtype,consensus,exploratory,CXCL12,CD4,fibroblasts,Fibroblast,macrophages,Macrophage_Alveolar,30,0.5,4,13,0.9162527260327185,1.6868356914788265,0.14566976058660952,0.6460649978273558,1.0710172349276625,descriptive_no_p_value
GSE136831,subtype,consensus,exploratory,CXCL12,ITGB3,fibroblasts,Fibroblast,macrophages,Macrophage,30,0.5,4,14,1.1980918891902066,1.7729567000274065,0.6232270783530065,0.9202955049654911,1.4747846978340182,descriptive_no_p_value
GSE136831,subtype,consensus,exploratory,CXCL12,ITGB3,fibroblasts,Fibroblast,macrophages,Macrophage_Alveolar,30,0.5,4,13,0.9502001202972576,1.6868356914788265,0.21356454911569012,0.6160999447510593,1.0835766012721058,descriptive_no_p_value
GSE136831,subtype,consensus,exploratory,CXCL12,ITGB1,fibroblasts,Fibroblast,macrophages,Macrophage,30,0.5,4,14,0.5228541739755457,1.7729567000274065,-0.727248352076316,0.34177199222237054,0.6629601428120155,descriptive_no_p_value
GSE136831,subtype,consensus,exploratory,CXCL12,ITGB1,fibroblasts,Fibroblast,macrophages,Macrophage_Alveolar,30,0.5,4,13,0.7395739562052785,1.6868356914788265,-0.20768777906827207,0.5255670493809843,0.8779158345758455,descriptive_no_p_value
GSE136831,subtype,consensus,exploratory,CXCL12,ITGAV,fibroblasts,Fibroblast,macrophages,Macrophage,30,0.5,4,14,0.658188181640404,1.7729567000274065,-0.4565803367465948,0.4959572296537216,0.8060821373118969,descriptive_no_p_value
GSE136831,subtype,consensus,exploratory,CXCL12,ITGAV,fibroblasts,Fibroblast,macrophages,Macrophage_Alveolar,30,0.5,4,13,0.605953247377033,1.6868356914788265,-0.47492919672475864,0.42729365682839493,0.7420336954631619,descriptive_no_p_value
GSE136831,subtype,consensus,exploratory,CXCL12,ITGA5,fibroblasts,Fibroblast,macrophages,Macrophage,30,0.5,4,14,0.683932135152646,1.7729567000274065,-0.40509242972211457,0.49120930922868666,0.9708439881488102,descriptive_no_p_value
GSE136831,subtype,consensus,exploratory,CXCL12,ITGA5,fibroblasts,Fibroblast,macrophages,Macrophage_Alveolar,30,0.5,4,13,0.6390423489469379,1.6868356914788265,-0.40875099358495337,0.3991501804108273,0.8618120869521038,descriptive_no_p_value
GSE136831,subtype,consensus,exploratory,CXCL12,ITGA4,fibroblasts,Fibroblast,macrophages,Macrophage,30,0.5,4,14,1.2469960449098352,1.7729567000274065,0.7210353897922666,1.006626528634123,1.441718641689504,descriptive_no_p_value
GSE136831,subtype,consensus,exploratory,CXCL12,ITGA4,fibroblasts,Fibroblast,macrophages,Macrophage_Alveolar,30,0.5,4,13,1.2201909337405685,1.6868356914788265,0.7535461760023097,1.0919257214711076,1.4015663597782893,descriptive_no_p_value
GSE136831,subtype,consensus,exploratory,CXCL12,ACKR3,fibroblasts,Fibroblast,macrophages,Macrophage,30,0.5,4,14,0.6909242120790484,1.7729567000274065,-0.39110827586930785,0.24218360314340615,0.9630854426664648,descriptive_no_p_value
GSE136831,subtype,consensus,exploratory,CXCL12,ACKR3,fibroblasts,Fibroblast,macrophages,Macrophage_Alveolar,30,0.5,4,13,0.653711131132674,1.6868356914788265,-0.3794134292134759,0.35354106218998016,0.8414563717672179,descriptive_no_p_value
GSE136831,subtype,consensus,exploratory,CXCL12,AVPR1A,fibroblasts,Fibroblast,macrophages,Macrophage,30,0.5,4,14,0.8851873920944286,1.7729567000274065,-0.0025819158385478325,0.49406348763197605,1.4702937319357212,descriptive_no_p_value
GSE136831,subtype,consensus,exploratory,CXCL12,AVPR1A,fibroblasts,Fibroblast,macrophages,Macrophage_Alveolar,30,0.5,4,13,0.2503716992366791,1.6868356914788265,-1.1860922930054683,0.04020319808173478,0.6763905729162487,descriptive_no_p_value
GSE136831,subtype,consensus,exploratory,CXCL12,CXCR3,fibroblasts,Fibroblast,macrophages,Macrophage,30,0.5,4,14,1.3484510194355448,1.7729567000274065,0.9239453388436849,1.1915805378239879,1.5114532439927861,descriptive_no_p_value
GSE136831,subtype,consensus,exploratory,CXCL12,CXCR3,fibroblasts,Fibroblast,macrophages,Macrophage_Alveolar,30,0.5,4,13,0.6530001802098506,1.6868356914788265,-0.3808353310591248,0.27209709379236147,1.02058711381805,descriptive_no_p_value
GSE136831,subtype,consensus,exploratory,CXCL12,CCR4,fibroblasts,Fibroblast,macrophages,Macrophage,30,0.5,4,14,1.3856873464479658,1.7729567000274065,0.9984179928685264,1.2775639559369905,1.597436662105789,descriptive_no_p_value
GSE136831,subtype,consensus,exploratory,CXCL12,CCR4,fibroblasts,Fibroblast,macrophages,Macrophage_Alveolar,30,0.5,4,13,0.22036914996564372,1.6868356914788265,-1.24609739154754,-0.05034866915837988,0.44180162724816485,descriptive_no_p_value
GSE136831,subtype,consensus,exploratory,CXCL12,CXCR4,fibroblasts,Fibroblast,macrophages,Macrophage,30,0.5,4,14,1.000838388831463,1.7729567000274065,0.22872007763552382,0.6713893002870179,1.279203256915297,descriptive_no_p_value
GSE136831,subtype,consensus,exploratory,CXCL12,CXCR4,fibroblasts,Fibroblast,macrophages,Macrophage_Alveolar,30,0.5,4,13,0.9738302966901564,1.6868356914788265,0.2608249019014872,0.6393159489801272,1.2279635750613611,descriptive_no_p_value
GSE136831,subtype,consensus,exploratory,CXCL12,GRM7,fibroblasts,Fibroblast,macrophages,Macrophage,30,0.5,4,14,1.166625574152583,1.7729567000274065,0.5602944482777605,1.0069212701684647,1.317925717638793,descriptive_no_p_value
GSE136831,subtype,consensus,exploratory,CXCL12,GRM7,fibroblasts,Fibroblast,macrophages,Macrophage_Alveolar,30,0.5,4,13,0.3707582389468804,1.6868356914788265,-0.9453192135850654,0.20777253389291594,0.5837096456730224,descriptive_no_p_value
GSE136831,subtype,consensus,core,HBEGF,EGFR_ERBB2,macrophages,Macrophage,fibroblasts,Fibroblast,30,0.5,4,14,-0.1767547324566685,-0.07456753854895837,-0.27894192636437776,-0.4237715770873516,0.02659644168978481,descriptive_no_p_value
GSE136831,subtype,consensus,core,HBEGF,EGFR_ERBB2,macrophages,Macrophage_Alveolar,fibroblasts,Fibroblast,30,0.5,4,13,-0.18915440883906243,-0.04217679053985535,-0.33613202713826995,-0.3439758207321555,-0.029154779419493515,descriptive_no_p_value
GSE136831,subtype,consensus,core,HBEGF,ERBB2_ERBB4,macrophages,Macrophage,fibroblasts,Fibroblast,30,0.5,4,14,-0.15868357582298565,-0.07456753854895837,-0.24279961309701292,-0.3996767015757756,0.030266365441818266,descriptive_no_p_value
GSE136831,subtype,consensus,core,HBEGF,ERBB2_ERBB4,macrophages,Macrophage_Alveolar,fibroblasts,Fibroblast,30,0.5,4,13,-0.17108325220538045,-0.04217679053985535,-0.2999897138709051,-0.31988094522057864,-0.011083622785811542,descriptive_no_p_value
GSE136831,subtype,consensus,core,HBEGF,CD44,macrophages,Macrophage,fibroblasts,Fibroblast,30,0.5,4,14,-0.04710730373807781,-0.07456753854895837,-0.019647068927195477,-0.10182542290705587,-0.0006638189120344862,descriptive_no_p_value
GSE136831,subtype,consensus,core,HBEGF,CD44,macrophages,Macrophage_Alveolar,fibroblasts,Fibroblast,30,0.5,4,13,-0.0417228744755711,-0.04217679053985535,-0.04126895841128331,-0.1595191343999769,0.08811395859178273,descriptive_no_p_value
GSE136831,subtype,consensus,core,HBEGF,PRLR,macrophages,Macrophage,fibroblasts,Fibroblast,30,0.5,4,14,-0.03170261126620044,-0.07456753854895837,0.011162316016555485,-0.2857863237238272,0.23762285058303734,descriptive_no_p_value
GSE136831,subtype,consensus,core,HBEGF,PRLR,macrophages,Macrophage_Alveolar,fibroblasts,Fibroblast,30,0.5,4,13,-0.06987637165927518,-0.04217679053985535,-0.09757595277869457,-0.23176465137931057,0.09526184551384542,descriptive_no_p_value
GSE136831,subtype,consensus,exploratory,CCL2,ACKR2,fibroblasts,Fibroblast,macrophages,Macrophage,30,0.5,4,14,0.6002571921362789,0.3439220809524528,0.8565923033201033,0.16951812097251961,0.9843646314415677,descriptive_no_p_value
GSE136831,subtype,consensus,exploratory,CCL2,ACKR2,fibroblasts,Fibroblast,macrophages,Macrophage_Alveolar,30,0.5,4,13,-0.10925170254022332,0.35905041100672364,-0.5775538160871694,-0.28467253397726067,0.2452049262545022,descriptive_no_p_value
GSE136831,subtype,consensus,exploratory,CXCL12,DPP4,fibroblasts,Fibroblast,macrophages,Macrophage,30,0.5,4,14,1.1078036213944729,1.7729567000274065,0.44265054276154103,0.774684292457068,1.4758979149686362,descriptive_no_p_value
GSE136831,subtype,consensus,exploratory,CXCL12,DPP4,fibroblasts,Fibroblast,macrophages,Macrophage_Alveolar,30,0.5,4,13,0.17510173382007332,1.6868356914788265,-1.3366322238386799,-0.32778462790749385,0.5140479789963477,descriptive_no_p_value
GSE136831,subtype,consensus,core,TGFB1,ENG,macrophages,Macrophage,fibroblasts,Fibroblast,30,0.5,4,14,-0.3107644095924371,-0.25229220686228704,-0.3692366123225872,-0.4623936253972305,-0.19748363242152767,descriptive_no_p_value
GSE136831,subtype,consensus,core,TGFB1,ENG,macrophages,Macrophage_Alveolar,fibroblasts,Fibroblast,30,0.5,4,13,-0.2892931773839438,-0.24694678373062207,-0.3316395710372664,-0.4170913050825984,-0.22692080973816342,descriptive_no_p_value
GSE136831,subtype,consensus,core,HBEGF,CD9,macrophages,Macrophage,fibroblasts,Fibroblast,30,0.5,4,14,0.23602976402606313,-0.07456753854895837,0.5466270666010828,0.04081269437338353,0.44770880822462544,descriptive_no_p_value
GSE136831,subtype,consensus,core,HBEGF,CD9,macrophages,Macrophage_Alveolar,fibroblasts,Fibroblast,30,0.5,4,13,0.24068237628402311,-0.04217679053985535,0.5235415431078989,0.13766073936893353,0.34817417580646737,descriptive_no_p_value
GSE136831,subtype,consensus,core,HBEGF,CD82,macrophages,Macrophage,fibroblasts,Fibroblast,30,0.5,4,14,-0.4997880783655111,-0.07456753854895837,-0.9250086181820651,-0.6624244874291847,-0.2962937372958807,descriptive_no_p_value
GSE136831,subtype,consensus,core,HBEGF,CD82,macrophages,Macrophage_Alveolar,fibroblasts,Fibroblast,30,0.5,4,13,-0.44889682157473665,-0.04217679053985535,-0.8556168526096171,-0.5868497661568162,-0.3464996171151178,descriptive_no_p_value
GSE136831,subtype,consensus,core,TGFB1,CAV1,macrophages,Macrophage,fibroblasts,Fibroblast,30,0.5,4,14,0.02806640413506134,-0.25229220686228704,0.3084250151324115,-0.3938765634629702,0.3980451160198353,descriptive_no_p_value
GSE136831,subtype,consensus,core,TGFB1,CAV1,macrophages,Macrophage_Alveolar,fibroblasts,Fibroblast,30,0.5,4,13,0.030844156333704298,-0.24694678373062207,0.30863509639803244,-0.3672677231581911,0.3499144586933465,descriptive_no_p_value
GSE136831,subtype,consensus,exploratory,CXCL12,SDC4,fibroblasts,Fibroblast,macrophages,Macrophage,30,0.5,4,14,0.7155925735674371,1.7729567000274065,-0.3417715528925287,0.42315208521800773,0.9514359830929164,descriptive_no_p_value
GSE136831,subtype,consensus,exploratory,CXCL12,SDC4,fibroblasts,Fibroblast,macrophages,Macrophage_Alveolar,30,0.5,4,13,0.5171044969269722,1.6868356914788265,-0.6526266976248829,0.26910688008189165,0.7181950291533559,descriptive_no_p_value
GSE136831,subtype,consensus,core,TGFB1,LPP,macrophages,Macrophage,fibroblasts,Fibroblast,30,0.5,4,14,-0.034235192313156304,-0.25229220686228704,0.18382182223597887,-0.1215266007688598,0.02643787716111845,descriptive_no_p_value
GSE136831,subtype,consensus,core,TGFB1,LPP,macrophages,Macrophage_Alveolar,fibroblasts,Fibroblast,30,0.5,4,13,-0.021744346761634503,-0.24694678373062207,0.20345809020735572,-0.055658862668487075,0.01996708931683777,descriptive_no_p_value
GSE136831,subtype,cellchatdb,core,IL1B,IL1R2,macrophages,Macrophage,fibroblasts,Fibroblast,30,0.5,4,14,-0.570143531882545,-0.36885237030274975,-0.7714346934623393,-0.8725530015900773,-0.13141419475998894,descriptive_no_p_value
GSE136831,subtype,cellchatdb,core,IL1B,IL1R2,macrophages,Macrophage_Alveolar,fibroblasts,Fibroblast,30,0.5,4,13,-0.5451613175304901,-0.32953632758786533,-0.760786307473114,-0.8427591865763233,-0.3593788108783258,descriptive_no_p_value
GSE136831,subtype,cellchatdb,core,IL1B,IL1R2,macrophages,Macrophage,AT2,ATII,30,0.5,10,3,-1.7631961728705794,-1.1286986405572925,-2.397693705183868,-2.263433268968754,-1.265383313694504,descriptive_no_p_value
GSE136831,subtype,cellchatdb,core,IL1B,IL1R2,macrophages,Macrophage_Alveolar,AT2,ATII,30,0.5,10,3,-1.273938506095734,-0.15018330700759908,-2.397693705183868,-1.801288959257235,-0.767896251098545,descriptive_no_p_value
GSE136831,subtype,cellchatdb,core,AREG,EGFR,macrophages,Macrophage,fibroblasts,Fibroblast,30,0.5,4,14,-0.4184351965698436,-0.9075717867727757,0.07070139363308492,-0.5365998519603039,-0.23654791707807732,descriptive_no_p_value
GSE136831,subtype,cellchatdb,core,AREG,EGFR,macrophages,Macrophage_Alveolar,fibroblasts,Fibroblast,30,0.5,4,13,-0.029841718811667306,-0.1598307737589133,0.1001473361355778,-0.2136720768674758,0.15312725167731678,descriptive_no_p_value
GSE136831,subtype,cellchatdb,core,HBEGF,EGFR,macrophages,Macrophage,fibroblasts,Fibroblast,30,0.5,4,14,-0.0019330724579367242,-0.07456753854895837,0.07070139363308492,-0.1693548843625443,0.15139220486983707,descriptive_no_p_value
GSE136831,subtype,cellchatdb,core,HBEGF,EGFR,macrophages,Macrophage_Alveolar,fibroblasts,Fibroblast,30,0.5,4,13,0.028985272797863004,-0.04217679053985535,0.1001473361355778,-0.046241106369153684,0.09541730927154113,descriptive_no_p_value
GSE136831,subtype,cellchatdb,core,HBEGF,ERBB4,macrophages,Macrophage,fibroblasts,Fibroblast,30,0.5,4,14,0.6325814826587308,-0.07456753854895837,1.3397305038664165,0.5395681304318654,0.6975546320671491,descriptive_no_p_value
GSE136831,subtype,cellchatdb,core,HBEGF,ERBB4,macrophages,Macrophage_Alveolar,fibroblasts,Fibroblast,30,0.5,4,13,0.6956845590427871,-0.04217679053985535,1.4335459086254305,0.600970848938795,0.7727111100208388,descriptive_no_p_value
GSE136831,subtype,cellchatdb,exploratory,CXCL12,ACKR3,fibroblasts,Fibroblast,macrophages,Macrophage,30,0.5,4,14,0.6909242120790484,1.7729567000274065,-0.39110827586930785,0.24218360314340615,0.9630854426664648,descriptive_no_p_value
GSE136831,subtype,cellchatdb,exploratory,CXCL12,ACKR3,fibroblasts,Fibroblast,macrophages,Macrophage_Alveolar,30,0.5,4,13,0.653711131132674,1.6868356914788265,-0.3794134292134759,0.35354106218998016,0.8414563717672179,descriptive_no_p_value
GSE136831,subtype,cellchatdb,exploratory,CCL2,CCR2,fibroblasts,Fibroblast,macrophages,Macrophage,30,0.5,4,14,0.35988545767486535,0.3439220809524528,0.3758488343972793,0.2513588131823603,0.4576978746146656,descriptive_no_p_value
GSE136831,subtype,cellchatdb,exploratory,CCL2,CCR2,fibroblasts,Fibroblast,macrophages,Macrophage_Alveolar,30,0.5,4,13,0.4109705559331074,0.35905041100672364,0.46289070085949113,0.26330586561860425,0.6868387248587373,descriptive_no_p_value
GSE136831,subtype,cellchatdb,exploratory,CXCL12,CXCR4,fibroblasts,Fibroblast,macrophages,Macrophage,30,0.5,4,14,1.000838388831463,1.7729567000274065,0.22872007763552382,0.6713893002870179,1.279203256915297,descriptive_no_p_value
GSE136831,subtype,cellchatdb,exploratory,CXCL12,CXCR4,fibroblasts,Fibroblast,macrophages,Macrophage_Alveolar,30,0.5,4,13,0.9738302966901564,1.6868356914788265,0.2608249019014872,0.6393159489801272,1.2279635750613611,descriptive_no_p_value
GSE136831,subtype,cellchatdb,exploratory,CCL2,ACKR1,fibroblasts,Fibroblast,macrophages,Macrophage,30,0.5,4,14,0.33157843052966385,0.3439220809524528,0.3192347801068706,0.008993183729756993,0.6326818533277967,descriptive_no_p_value
GSE136831,subtype,cellchatdb,exploratory,CCL2,ACKR1,fibroblasts,Fibroblast,macrophages,Macrophage_Alveolar,30,0.5,4,13,-0.17252941365512608,0.35905041100672364,-0.7041092383169755,-0.5204079943570381,0.17416420247986775,descriptive_no_p_value
GSE136831,subtype,cellchatdb,exploratory,CCL2,ACKR2,fibroblasts,Fibroblast,macrophages,Macrophage,30,0.5,4,14,0.6002571921362789,0.3439220809524528,0.8565923033201033,0.16951812097251961,0.9843646314415677,descriptive_no_p_value
GSE136831,subtype,cellchatdb,exploratory,CCL2,ACKR2,fibroblasts,Fibroblast,macrophages,Macrophage_Alveolar,30,0.5,4,13,-0.10925170254022332,0.35905041100672364,-0.5775538160871694,-0.28467253397726067,0.2452049262545022,descriptive_no_p_value
GSE136831,subtype,cellchatdb,core,IL1A,IL1R1_IL1RAP,macrophages,Macrophage,fibroblasts,Fibroblast,30,0.5,4,14,0.5930129645830591,0.3775554713763436,0.8084704577897757,0.37376483543018457,0.8361402185538092,descriptive_no_p_value
GSE136831,subtype,cellchatdb,core,IL1A,IL1R1_IL1RAP,macrophages,Macrophage_Alveolar,fibroblasts,Fibroblast,30,0.5,4,13,0.357014699621363,-0.1146740299868787,0.8287034292296065,0.2619314644426165,0.5449362040907291,descriptive_no_p_value
GSE136831,subtype,cellchatdb,core,IL1A,IL1R1_IL1RAP,macrophages,Macrophage,AT2,ATII,30,0.5,10,3,-1.3858722012066127,-0.4328537652177453,-2.3388906371954805,-2.1250269255083767,-0.7026282419316496,descriptive_no_p_value
GSE136831,subtype,cellchatdb,core,IL1A,IL1R1_IL1RAP,macrophages,Macrophage_Alveolar,AT2,ATII,30,0.5,10,3,-1.0989552370300788,0.1409801631353247,-2.3388906371954805,-1.9317672988960988,-0.3310333622399835,descriptive_no_p_value
GSE136831,subtype,cellchatdb,core,IL1B,IL1R1_IL1RAP,macrophages,Macrophage,fibroblasts,Fibroblast,30,0.5,4,14,0.2198090437435134,-0.36885237030274975,0.8084704577897757,0.05854934132836487,0.4292425875209318,descriptive_no_p_value
GSE136831,subtype,cellchatdb,core,IL1B,IL1R1_IL1RAP,macrophages,Macrophage_Alveolar,fibroblasts,Fibroblast,30,0.5,4,13,0.24958355082087103,-0.32953632758786533,0.8287034292296065,0.04791030020076903,0.5039228306626411,descriptive_no_p_value
GSE136831,subtype,cellchatdb,core,IL1B,IL1R1_IL1RAP,macrophages,Macrophage,AT2,ATII,30,0.5,10,3,-1.733794638876387,-1.1286986405572925,-2.3388906371954805,-2.3941349739586784,-0.9449766044683763,descriptive_no_p_value
GSE136831,subtype,cellchatdb,core,IL1B,IL1R1_IL1RAP,macrophages,Macrophage_Alveolar,AT2,ATII,30,0.5,10,3,-1.2445369721015407,-0.15018330700759908,-2.3388906371954805,-1.9319906642471585,-0.4368349764513164,descriptive_no_p_value
GSE136831,subtype,cellchatdb,core,TGFB1,TGFBR1_TGFBR2,macrophages,Macrophage,fibroblasts,Fibroblast,30,0.5,4,14,-0.3231342534925403,-0.25229220686228704,-0.3939763001227883,-0.5086498264847084,-0.24440516705649884,descriptive_no_p_value
GSE136831,subtype,cellchatdb,core,TGFB1,TGFBR1_TGFBR2,macrophages,Macrophage_Alveolar,fibroblasts,Fibroblast,30,0.5,4,13,-0.251756982700555,-0.24694678373062207,-0.2565671816704844,-0.3838956631438748,-0.18489265107840946,descriptive_no_p_value
GSE136831,subtype,cellchatdb,core,IL1A,IL1R2,macrophages,Macrophage,fibroblasts,Fibroblast,30,0.5,4,14,-0.1969396110429984,0.3775554713763436,-0.7714346934623393,-0.5573375074882567,0.2754834362728893,descriptive_no_p_value
GSE136831,subtype,cellchatdb,core,IL1A,IL1R2,macrophages,Macrophage_Alveolar,fibroblasts,Fibroblast,30,0.5,4,13,-0.43773016872999637,-0.1146740299868787,-0.760786307473114,-0.5954020250192791,-0.23952540681192724,descriptive_no_p_value
GSE136831,subtype,cellchatdb,core,IL1A,IL1R2,macrophages,Macrophage,AT2,ATII,30,0.5,10,3,-1.415273735200807,-0.4328537652177453,-2.397693705183868,-1.994325220518454,-0.7330724116722109,descriptive_no_p_value
GSE136831,subtype,cellchatdb,core,IL1A,IL1R2,macrophages,Macrophage_Alveolar,AT2,ATII,30,0.5,10,3,-1.1283567710242726,0.1409801631353247,-2.397693705183868,-1.8010655939061748,-0.43717602544655243,descriptive_no_p_value
GSE136831,subtype,cellchatdb,core,TGFB1,ACVR1B_TGFBR2,macrophages,Macrophage,fibroblasts,Fibroblast,30,0.5,4,14,-0.08208362232328081,-0.25229220686228704,0.0881249622157263,-0.21497168719687032,0.023351497987412095,descriptive_no_p_value
GSE136831,subtype,cellchatdb,core,TGFB1,ACVR1B_TGFBR2,macrophages,Macrophage_Alveolar,fibroblasts,Fibroblast,30,0.5,4,13,-0.04799425752246744,-0.24694678373062207,0.15095826868568896,-0.15705123428991907,0.03114129165836843,descriptive_no_p_value
GSE136831,subtype,cellchatdb,core,TGFB1,ACVR1C_TGFBR2,macrophages,Macrophage,fibroblasts,Fibroblast,30,0.5,4,14,0.539794232648398,-0.25229220686228704,1.3318806721590881,0.3911061058416383,0.6660792705926175,descriptive_no_p_value
GSE136831,subtype,cellchatdb,core,TGFB1,ACVR1C_TGFBR2,macrophages,Macrophage_Alveolar,fibroblasts,Fibroblast,30,0.5,4,13,0.6234000415021104,-0.24694678373062207,1.493746866734843,0.49854300280148767,0.7772915146723727,descriptive_no_p_value
GSE136831,subtype,cellchatdb,core,TGFB1,ACVR1_TGFBR1_TGFBR2,macrophages,Macrophage,fibroblasts,Fibroblast,30,0.5,4,14,0.11200929584521369,-0.25229220686228704,0.4763107985527206,0.02139286881853053,0.24044014316545503,descriptive_no_p_value
GSE136831,subtype,cellchatdb,core,TGFB1,ACVR1_TGFBR1_TGFBR2,macrophages,Macrophage_Alveolar,fibroblasts,Fibroblast,30,0.5,4,13,0.15372095821886056,-0.24694678373062207,0.5543887001683494,0.08693561929831439,0.25585223440924487,descriptive_no_p_value
GSE136831,subtype,cellchatdb,core,AREG,EGFR_ERBB2,macrophages,Macrophage,fibroblasts,Fibroblast,30,0.5,4,14,-0.5932568565685772,-0.9075717867727757,-0.27894192636437776,-0.7910165446851121,-0.3613436802581296,descriptive_no_p_value
GSE136831,subtype,cellchatdb,core,AREG,EGFR_ERBB2,macrophages,Macrophage_Alveolar,fibroblasts,Fibroblast,30,0.5,4,13,-0.24798140044859096,-0.1598307737589133,-0.33613202713826995,-0.4711730938113634,-0.01498653314092735,descriptive_no_p_value
GSE136831,subtype,cellchatdb,core,HBEGF,EGFR_ERBB2,macrophages,Macrophage,fibroblasts,Fibroblast,30,0.5,4,14,-0.1767547324566685,-0.07456753854895837,-0.27894192636437776,-0.4237715770873516,0.02659644168978481,descriptive_no_p_value
GSE136831,subtype,cellchatdb,core,HBEGF,EGFR_ERBB2,macrophages,Macrophage_Alveolar,fibroblasts,Fibroblast,30,0.5,4,13,-0.18915440883906243,-0.04217679053985535,-0.33613202713826995,-0.3439758207321555,-0.029154779419493515,descriptive_no_p_value
GSE136831,subtype,cellchatdb,core,HBEGF,ERBB2_ERBB4,macrophages,Macrophage,fibroblasts,Fibroblast,30,0.5,4,14,-0.15868357582298565,-0.07456753854895837,-0.24279961309701292,-0.3996767015757756,0.030266365441818266,descriptive_no_p_value
GSE136831,subtype,cellchatdb,core,HBEGF,ERBB2_ERBB4,macrophages,Macrophage_Alveolar,fibroblasts,Fibroblast,30,0.5,4,13,-0.17108325220538045,-0.04217679053985535,-0.2999897138709051,-0.31988094522057864,-0.011083622785811542,descriptive_no_p_value
GSE136831,broad,consensus,core,TGFB1,ITGAV_ITGB6,macrophages,__broad__,fibroblasts,__broad__,30,2.0,4,18,-0.4009199852038172,-0.16103934013726118,-0.6408006302703746,-0.5240437915785909,-0.28153930626578205,descriptive_no_p_value
GSE136831,broad,consensus,core,TGFB1,ACVR1B_TGFBR2,macrophages,__broad__,fibroblasts,__broad__,30,2.0,4,18,-0.07891514741791461,-0.16103934013726118,0.0032090453014284037,-0.22161780313794033,-0.0046800675669551595,descriptive_no_p_value
GSE136831,broad,consensus,core,TGFB1,TGFBR1_TGFBR2,macrophages,__broad__,fibroblasts,__broad__,30,2.0,4,18,-0.26972350565769165,-0.16103934013726118,-0.37840767117812213,-0.41105197856569475,-0.18818377128273944,descriptive_no_p_value
GSE136831,broad,consensus,core,TGFB1,ACVR1_TGFBR1_TGFBR2,macrophages,__broad__,fibroblasts,__broad__,30,2.0,4,18,0.2971806132915811,-0.16103934013726118,0.7554005667204216,0.1997121582353012,0.37060448461829765,descriptive_no_p_value
GSE136831,broad,consensus,core,TGFB1,ACVR1_TGFBR2,macrophages,__broad__,fibroblasts,__broad__,30,2.0,4,18,0.33753887120833426,-0.16103934013726118,0.8361170825539253,0.24007041615205438,0.41096274253505083,descriptive_no_p_value
GSE136831,broad,consensus,core,TGFB1,ACVR1C_TGFBR2,macrophages,__broad__,fibroblasts,__broad__,30,2.0,4,18,0.4127461192220707,-0.16103934013726118,0.9865315785814,0.30070475659509643,0.4974391583639326,descriptive_no_p_value
GSE136831,broad,consensus,core,TGFB1,EGFR,macrophages,__broad__,fibroblasts,__broad__,30,2.0,4,18,-0.3076815101736363,-0.16103934013726118,-0.4543236802100159,-0.34543979356907073,-0.2605691800180878,descriptive_no_p_value
GSE136831,broad,consensus,core,TGFB1,ITGB3,macrophages,__broad__,fibroblasts,__broad__,30,2.0,4,18,-0.3770994232510958,-0.16103934013726118,-0.593159506364934,-0.465061004881421,-0.2924749241812039,descriptive_no_p_value
GSE136831,broad,consensus,core,TGFB1,ITGB1,macrophages,__broad__,fibroblasts,__broad__,30,2.0,4,18,0.020023292869518983,-0.16103934013726118,0.20108592587630092,-0.07067139898298169,0.066829622456277,descriptive_no_p_value
GSE136831,broad,consensus,core,TGFB1,ITGB5,macrophages,__broad__,fibroblasts,__broad__,30,2.0,4,18,0.03605769786819124,-0.16103934013726118,0.233154735873641,-0.12296413863627276,0.14364499169803935,descriptive_no_p_value
GSE136831,broad,consensus,core,TGFB1,ITGB8,macrophages,__broad__,fibroblasts,__broad__,30,2.0,4,18,0.23283612710873314,-0.16103934013726118,0.6267115943547266,0.08787158207733814,0.38518566694484324,descriptive_no_p_value
GSE136831,broad,consensus,core,TGFB1,SDC2,macrophages,__broad__,fibroblasts,__broad__,30,2.0,4,18,-0.05227542797597451,-0.16103934013726118,0.056488484185313936,-0.12398687430300281,0.045113039974912006,descriptive_no_p_value
GSE136831,broad,consensus,core,TGFB1,ACVRL1,macrophages,__broad__,fibroblasts,__broad__,30,2.0,4,18,-0.28276688875649647,-0.16103934013726118,-0.40449443737573354,-0.378277325513964,-0.15681533122600655,descriptive_no_p_value
GSE136831,broad,consensus,core,TGFB1,CXCR4,macrophages,__broad__,fibroblasts,__broad__,30,2.0,4,18,0.18178829589514311,-0.16103934013726118,0.5246159319275465,-0.14830169162214535,0.4142004604725491,descriptive_no_p_value
GSE136831,broad,consensus,core,TGFB1,TGFBR3,macrophages,__broad__,fibroblasts,__broad__,30,2.0,4,18,-0.738814009372387,-0.16103934013726118,-1.3165886786075145,-0.8512266446331758,-0.6443884018864665,descriptive_no_p_value
GSE136831,broad,consensus,core,TGFB1,VASN,macrophages,__broad__,fibroblasts,__broad__,30,2.0,4,18,-0.6145483635567563,-0.16103934013726118,-1.0680573869762506,-0.7758752585809932,-0.5177931373791456,descriptive_no_p_value
GSE136831,broad,consensus,core,IL1A,IL1R1_IL1RAP,macrophages,__broad__,fibroblasts,__broad__,30,2.0,4,18,0.027741666314663682,-0.6212799516847674,0.6767632843140969,-0.05332015897023901,0.1631793891536928,descriptive_no_p_value
GSE136831,broad,consensus,core,IL1A,IL1R1_IL1RAP,macrophages,__broad__,AT2,__broad__,30,2.0,10,3,-0.8473799223411764,-0.007033517856079641,-1.6877263268262745,-1.5527095714914578,-0.3959221773703563,descriptive_no_p_value
GSE136831,broad,consensus,core,IL1A,IL1R2_IL1RAP,macrophages,__broad__,fibroblasts,__broad__,30,2.0,4,18,-0.6394882024114041,-0.6212799516847674,-0.6576964531380405,-0.7060174968660231,-0.503228411817854,descriptive_no_p_value
GSE136831,broad,consensus,core,IL1A,IL1R2_IL1RAP,macrophages,__broad__,AT2,__broad__,30,2.0,10,3,-0.7651669581950071,-0.007033517856079641,-1.5233003985339355,-1.2310023819334002,-0.164240534219795,descriptive_no_p_value
GSE136831,broad,consensus,core,IL1B,IL1R1_IL1RAP,macrophages,__broad__,fibroblasts,__broad__,30,2.0,4,18,-0.0020903660584385975,-0.6809440164309732,0.6767632843140969,-0.22640262750004503,0.10168943253261187,descriptive_no_p_value
GSE136831,broad,consensus,core,IL1B,IL1R1_IL1RAP,macrophages,__broad__,AT2,__broad__,30,2.0,10,3,-1.2643256685992146,-0.840925010372156,-1.6877263268262745,-1.7990868955432457,-0.7768787744637198,descriptive_no_p_value
GSE136831,broad,consensus,core,IL1B,IL1R2_IL1RAP,macrophages,__broad__,fibroblasts,__broad__,30,2.0,4,18,-0.6693202347845073,-0.6809440164309732,-0.6576964531380405,-0.9782172659944104,-0.34821882031500184,descriptive_no_p_value
GSE136831,broad,consensus,core,IL1B,IL1R2_IL1RAP,macrophages,__broad__,AT2,__broad__,30,2.0,10,3,-1.1821127044530453,-0.840925010372156,-1.5233003985339355,-1.477379705985188,-0.7877438518487585,descriptive_no_p_value
GSE136831,broad,consensus,core,IL1B,ADRB2,macrophages,__broad__,fibroblasts,__broad__,30,2.0,4,18,-0.23036944299500117,-0.6809440164309732,0.220205130440972,-0.41172012574066796,-0.06282981799641707,descriptive_no_p_value
GSE136831,broad,consensus,core,IL1B,ADRB2,macrophages,__broad__,AT2,__broad__,30,2.0,10,3,-0.8654506552018129,-0.840925010372156,-0.8899763000314698,-1.1942647782765299,-0.6382040525272101,descriptive_no_p_value
GSE136831,broad,consensus,core,IL1B,SIGIRR,macrophages,__broad__,fibroblasts,__broad__,30,2.0,4,18,-0.6030291911527312,-0.6809440164309732,-0.5251143658744875,-0.7281368968207795,-0.48048107437821397,descriptive_no_p_value
GSE136831,broad,consensus,core,IL1B,SIGIRR,macrophages,__broad__,AT2,__broad__,30,2.0,10,3,-0.586863771634734,-0.840925010372156,-0.3328025328973152,-1.0258415460467019,-0.15846959702591423,descriptive_no_p_value
GSE136831,broad,consensus,exploratory,CCL2,CCR1,fibroblasts,__broad__,macrophages,__broad__,30,2.0,4,18,0.26417025066700184,0.13224820861859676,0.3960922927154087,0.09722767919571496,0.4998753549108992,descriptive_no_p_value
GSE136831,broad,consensus,exploratory,CCL2,CCR2,fibroblasts,__broad__,macrophages,__broad__,30,2.0,4,18,0.48755543796522716,0.13224820861859676,0.8428626673118582,0.26663540318824275,0.6456768592570059,descriptive_no_p_value
GSE136831,broad,consensus,exploratory,CCL2,CCR10,fibroblasts,__broad__,macrophages,__broad__,30,2.0,4,18,0.19545090116433794,0.13224820861859676,0.2586535937100795,0.03636115099943993,0.286311040497071,descriptive_no_p_value
GSE136831,broad,consensus,exploratory,CCL2,CCR3,fibroblasts,__broad__,macrophages,__broad__,30,2.0,4,18,0.4644254888521413,0.13224820861859676,0.7966027690856864,0.23967675300374225,0.70269822680131,descriptive_no_p_value
GSE136831,broad,consensus,exploratory,CCL2,CCR4,fibroblasts,__broad__,macrophages,__broad__,30,2.0,4,18,0.17066417931783873,0.13224820861859676,0.20908015001708113,-0.015137580788492588,0.310039471643067,descriptive_no_p_value
GSE136831,broad,consensus,exploratory,CCL2,CCR5,fibroblasts,__broad__,macrophages,__broad__,30,2.0,4,18,0.769198744731618,0.13224820861859676,1.4061492808446405,0.5280964817769576,0.9489610674766675,descriptive_no_p_value
GSE136831,broad,consensus,exploratory,CCL2,ACKR1,fibroblasts,__broad__,macrophages,__broad__,30,2.0,4,18,0.3599523283813104,0.13224820861859676,0.5876564481440277,0.05317157513302373,0.6671356971919971,descriptive_no_p_value
GSE136831,broad,consensus,exploratory,CCL2,ACKR4,fibroblasts,__broad__,macrophages,__broad__,30,2.0,4,18,-0.020676924507526895,0.13224820861859676,-0.17360205763364966,-0.2391663933622361,0.24603939095789862,descriptive_no_p_value
GSE136831,broad,consensus,core,AREG,EGFR_ERBB2,macrophages,__broad__,fibroblasts,__broad__,30,2.0,4,18,-0.07169868192307227,-0.3308061845545467,0.18740882070840215,-0.14965715592423567,0.012728741364354867,descriptive_no_p_value
GSE136831,broad,consensus,core,AREG,ERBB3,macrophages,__broad__,fibroblasts,__broad__,30,2.0,4,18,-0.09694582105824878,-0.3308061845545467,0.13691454243805046,-0.21324344903392056,0.10756812594128018,descriptive_no_p_value
GSE136831,broad,consensus,exploratory,CXCL12,CD4,fibroblasts,__broad__,macrophages,__broad__,30,2.0,4,18,0.9114192554287195,1.4614528745347046,0.3613856363227326,0.6776820212949239,1.051327721508537,descriptive_no_p_value
GSE136831,broad,consensus,exploratory,CXCL12,ITGB3,fibroblasts,__broad__,macrophages,__broad__,30,2.0,4,18,1.255977913225415,1.4614528745347046,1.0505029519161249,1.0205495533866227,1.633743776439673,descriptive_no_p_value
GSE136831,broad,consensus,exploratory,CXCL12,ITGB1,fibroblasts,__broad__,macrophages,__broad__,30,2.0,4,18,0.5544544802593672,1.4614528745347046,-0.3525439140159703,0.3981115624525131,0.751274960922057,descriptive_no_p_value
GSE136831,broad,consensus,exploratory,CXCL12,ITGAV,fibroblasts,__broad__,macrophages,__broad__,30,2.0,4,18,0.5503577112360887,1.4614528745347046,-0.3607374520625255,0.41000792807321673,0.7281661811332976,descriptive_no_p_value
GSE136831,broad,consensus,exploratory,CXCL12,ITGA5,fibroblasts,__broad__,macrophages,__broad__,30,2.0,4,18,0.5710905844532261,1.4614528745347046,-0.31927170562825324,0.3790912405731799,0.8734841256471508,descriptive_no_p_value
GSE136831,broad,consensus,exploratory,CXCL12,ITGA4,fibroblasts,__broad__,macrophages,__broad__,30,2.0,4,18,1.1614158583378118,1.4614528745347046,0.8613788421409185,1.00191588314234,1.304318820672988,descriptive_no_p_value
GSE136831,broad,consensus,exploratory,CXCL12,ACKR3,fibroblasts,__broad__,macrophages,__broad__,30,2.0,4,18,0.39197991799233733,1.4614528745347046,-0.6774930385500308,0.03875149246195786,0.5896078506085791,descriptive_no_p_value
GSE136831,broad,consensus,exploratory,CXCL12,AVPR1A,fibroblasts,__broad__,macrophages,__broad__,30,2.0,4,18,0.5052945346737434,1.4614528745347046,-0.45086380518721825,0.24292849738859768,0.9127609270712236,descriptive_no_p_value
GSE136831,broad,consensus,exploratory,CXCL12,CXCR3,fibroblasts,__broad__,macrophages,__broad__,30,2.0,4,18,0.8274640894906713,1.4614528745347046,0.1934753044466362,0.5619181192824492,1.0583134064100908,descriptive_no_p_value
GSE136831,broad,consensus,exploratory,CXCL12,CCR4,fibroblasts,__broad__,macrophages,__broad__,30,2.0,4,18,0.8352665122758933,1.4614528745347046,0.20908015001708113,0.6462578639089387,0.9459788365511737,descriptive_no_p_value
GSE136831,broad,consensus,exploratory,CXCL12,CXCR4,fibroblasts,__broad__,macrophages,__broad__,30,2.0,4,18,1.0001744105314447,1.4614528745347046,0.5388959465281822,0.712408503284653,1.1962317013839723,descriptive_no_p_value
GSE136831,broad,consensus,exploratory,CXCL12,GRM7,fibroblasts,__broad__,macrophages,__broad__,30,2.0,4,18,0.9495912793610293,1.4614528745347046,0.43772968418735214,0.8123886570126828,1.1088324368174303,descriptive_no_p_value
GSE136831,broad,consensus,core,HBEGF,EGFR_ERBB2,macrophages,__broad__,fibroblasts,__broad__,30,2.0,4,18,0.06227064389719583,-0.06286753291400782,0.18740882070840215,-0.15474539820136357,0.20346141698144216,descriptive_no_p_value
GSE136831,broad,consensus,core,HBEGF,ERBB2_ERBB4,macrophages,__broad__,fibroblasts,__broad__,30,2.0,4,18,0.09519753208562154,-0.06286753291400782,0.2532625970852518,-0.11084288061679715,0.23726179187945284,descriptive_no_p_value
GSE136831,broad,consensus,core,HBEGF,CD44,macrophages,__broad__,fibroblasts,__broad__,30,2.0,4,18,-0.19578298774509229,-0.06286753291400782,-0.32869844257617586,-0.2756918400750603,-0.08661520521023558,descriptive_no_p_value
GSE136831,broad,consensus,core,HBEGF,PRLR,macrophages,__broad__,fibroblasts,__broad__,30,2.0,4,18,0.319410389071213,-0.06286753291400782,0.7016883110564334,0.12932272418272195,0.4994131670794384,descriptive_no_p_value
GSE136831,broad,consensus,exploratory,CCL2,ACKR2,fibroblasts,__broad__,macrophages,__broad__,30,2.0,4,18,0.06984933316740793,0.13224820861859676,0.007450457716220882,-0.13898819899189263,0.2590052116562389,descriptive_no_p_value
GSE136831,broad,consensus,exploratory,CXCL12,DPP4,fibroblasts,__broad__,macrophages,__broad__,30,2.0,4,18,1.1340289422598513,1.4614528745347046,0.8066050099849952,0.8377491291566579,1.6051702251867588,descriptive_no_p_value
GSE136831,broad,consensus,core,TGFB1,ENG,macrophages,__broad__,fibroblasts,__broad__,30,2.0,4,18,-0.23620946210028215,-0.16103934013726118,-0.3113795840633058,-0.40341753534999025,-0.12671384041119538,descriptive_no_p_value
GSE136831,broad,consensus,core,HBEGF,CD9,macrophages,__broad__,fibroblasts,__broad__,30,2.0,4,18,0.3675184783278862,-0.06286753291400782,0.7979044895697802,0.20362607256236487,0.5211982043810552,descriptive_no_p_value
GSE136831,broad,consensus,core,HBEGF,CD82,macrophages,__broad__,fibroblasts,__broad__,30,2.0,4,18,0.20947660115731193,-0.06286753291400782,0.4818207352286299,0.08037923061751151,0.40074752213952713,descriptive_no_p_value
GSE136831,broad,consensus,core,TGFB1,CAV1,macrophages,__broad__,fibroblasts,__broad__,30,2.0,4,18,0.2951634415097386,-0.16103934013726118,0.7513662231567393,-0.08997798107407906,0.641042472283595,descriptive_no_p_value
GSE136831,broad,consensus,exploratory,CXCL12,SDC4,fibroblasts,__broad__,macrophages,__broad__,30,2.0,4,18,0.6084555116112353,1.4614528745347046,-0.24454185131223571,0.3694951634464587,0.8083645426004766,descriptive_no_p_value
GSE136831,broad,consensus,core,TGFB1,LPP,macrophages,__broad__,fibroblasts,__broad__,30,2.0,4,18,0.10340142517036632,-0.16103934013726118,0.36784219047799027,0.03577254523417217,0.16822473750110412,descriptive_no_p_value
GSE136831,broad,cellchatdb,core,IL1B,IL1R2,macrophages,__broad__,fibroblasts,__broad__,30,2.0,4,18,-0.6693202347845073,-0.6809440164309732,-0.6576964531380405,-0.9782172659944104,-0.34821882031500184,descriptive_no_p_value
GSE136831,broad,cellchatdb,core,IL1B,IL1R2,macrophages,__broad__,AT2,__broad__,30,2.0,10,3,-1.1821127044530453,-0.840925010372156,-1.5233003985339355,-1.477379705985188,-0.7877438518487585,descriptive_no_p_value
GSE136831,broad,cellchatdb,core,AREG,EGFR,macrophages,__broad__,fibroblasts,__broad__,30,2.0,4,18,-0.39256493238228174,-0.3308061845545467,-0.4543236802100159,-0.4566451053053546,-0.2991335574533718,descriptive_no_p_value
GSE136831,broad,cellchatdb,core,HBEGF,EGFR,macrophages,__broad__,fibroblasts,__broad__,30,2.0,4,18,-0.25859560656201275,-0.06286753291400782,-0.4543236802100159,-0.38773404201177275,-0.16984253477451094,descriptive_no_p_value
GSE136831,broad,cellchatdb,core,HBEGF,ERBB4,macrophages,__broad__,fibroblasts,__broad__,30,2.0,4,18,0.6011791415976848,-0.06286753291400782,1.2652258161093766,0.5373436908683997,0.6876477262982537,descriptive_no_p_value
GSE136831,broad,cellchatdb,exploratory,CXCL12,ACKR3,fibroblasts,__broad__,macrophages,__broad__,30,2.0,4,18,0.39197991799233733,1.4614528745347046,-0.6774930385500308,0.03875149246195786,0.5896078506085791,descriptive_no_p_value
GSE136831,broad,cellchatdb,exploratory,CCL2,CCR2,fibroblasts,__broad__,macrophages,__broad__,30,2.0,4,18,0.48755543796522716,0.13224820861859676,0.8428626673118582,0.26663540318824275,0.6456768592570059,descriptive_no_p_value
GSE136831,broad,cellchatdb,exploratory,CXCL12,CXCR4,fibroblasts,__broad__,macrophages,__broad__,30,2.0,4,18,1.0001744105314447,1.4614528745347046,0.5388959465281822,0.712408503284653,1.1962317013839723,descriptive_no_p_value
GSE136831,broad,cellchatdb,exploratory,CCL2,ACKR1,fibroblasts,__broad__,macrophages,__broad__,30,2.0,4,18,0.3599523283813104,0.13224820861859676,0.5876564481440277,0.05317157513302373,0.6671356971919971,descriptive_no_p_value
GSE136831,broad,cellchatdb,exploratory,CCL2,ACKR2,fibroblasts,__broad__,macrophages,__broad__,30,2.0,4,18,0.06984933316740793,0.13224820861859676,0.007450457716220882,-0.13898819899189263,0.2590052116562389,descriptive_no_p_value
GSE136831,broad,cellchatdb,core,IL1A,IL1R1_IL1RAP,macrophages,__broad__,fibroblasts,__broad__,30,2.0,4,18,0.027741666314663682,-0.6212799516847674,0.6767632843140969,-0.05332015897023901,0.1631793891536928,descriptive_no_p_value
GSE136831,broad,cellchatdb,core,IL1A,IL1R1_IL1RAP,macrophages,__broad__,AT2,__broad__,30,2.0,10,3,-0.8473799223411764,-0.007033517856079641,-1.6877263268262745,-1.5527095714914578,-0.3959221773703563,descriptive_no_p_value
GSE136831,broad,cellchatdb,core,IL1B,IL1R1_IL1RAP,macrophages,__broad__,fibroblasts,__broad__,30,2.0,4,18,-0.0020903660584385975,-0.6809440164309732,0.6767632843140969,-0.22640262750004503,0.10168943253261187,descriptive_no_p_value
GSE136831,broad,cellchatdb,core,IL1B,IL1R1_IL1RAP,macrophages,__broad__,AT2,__broad__,30,2.0,10,3,-1.2643256685992146,-0.840925010372156,-1.6877263268262745,-1.7990868955432457,-0.7768787744637198,descriptive_no_p_value
GSE136831,broad,cellchatdb,core,TGFB1,TGFBR1_TGFBR2,macrophages,__broad__,fibroblasts,__broad__,30,2.0,4,18,-0.26972350565769165,-0.16103934013726118,-0.37840767117812213,-0.41105197856569475,-0.18818377128273944,descriptive_no_p_value
GSE136831,broad,cellchatdb,core,IL1A,IL1R2,macrophages,__broad__,fibroblasts,__broad__,30,2.0,4,18,-0.6394882024114041,-0.6212799516847674,-0.6576964531380405,-0.7060174968660231,-0.503228411817854,descriptive_no_p_value
GSE136831,broad,cellchatdb,core,IL1A,IL1R2,macrophages,__broad__,AT2,__broad__,30,2.0,10,3,-0.7651669581950071,-0.007033517856079641,-1.5233003985339355,-1.2310023819334002,-0.164240534219795,descriptive_no_p_value
GSE136831,broad,cellchatdb,core,TGFB1,ACVR1B_TGFBR2,macrophages,__broad__,fibroblasts,__broad__,30,2.0,4,18,-0.07891514741791461,-0.16103934013726118,0.0032090453014284037,-0.22161780313794033,-0.0046800675669551595,descriptive_no_p_value
GSE136831,broad,cellchatdb,core,TGFB1,ACVR1C_TGFBR2,macrophages,__broad__,fibroblasts,__broad__,30,2.0,4,18,0.4127461192220707,-0.16103934013726118,0.9865315785814,0.30070475659509643,0.4974391583639326,descriptive_no_p_value
GSE136831,broad,cellchatdb,core,TGFB1,ACVR1_TGFBR1_TGFBR2,macrophages,__broad__,fibroblasts,__broad__,30,2.0,4,18,0.2971806132915811,-0.16103934013726118,0.7554005667204216,0.1997121582353012,0.37060448461829765,descriptive_no_p_value
GSE136831,broad,cellchatdb,core,AREG,EGFR_ERBB2,macrophages,__broad__,fibroblasts,__broad__,30,2.0,4,18,-0.07169868192307227,-0.3308061845545467,0.18740882070840215,-0.14965715592423567,0.012728741364354867,descriptive_no_p_value
GSE136831,broad,cellchatdb,core,HBEGF,EGFR_ERBB2,macrophages,__broad__,fibroblasts,__broad__,30,2.0,4,18,0.06227064389719583,-0.06286753291400782,0.18740882070840215,-0.15474539820136357,0.20346141698144216,descriptive_no_p_value
GSE136831,broad,cellchatdb,core,HBEGF,ERBB2_ERBB4,macrophages,__broad__,fibroblasts,__broad__,30,2.0,4,18,0.09519753208562154,-0.06286753291400782,0.2532625970852518,-0.11084288061679715,0.23726179187945284,descriptive_no_p_value
GSE136831,subtype,consensus,core,TGFB1,ITGAV_ITGB6,macrophages,Macrophage,fibroblasts,Fibroblast,30,2.0,4,14,-0.47618072560774216,-0.2521310923196829,-0.7002303588958028,-0.5684570254530952,-0.37111746259460876,descriptive_no_p_value
GSE136831,subtype,consensus,core,TGFB1,ITGAV_ITGB6,macrophages,Macrophage_Alveolar,fibroblasts,Fibroblast,30,2.0,4,13,-0.45492717814727257,-0.24663469552811002,-0.6632196607664338,-0.5294291488659022,-0.36697490528703725,descriptive_no_p_value
GSE136831,subtype,consensus,core,TGFB1,ACVR1B_TGFBR2,macrophages,Macrophage,fibroblasts,Fibroblast,30,2.0,4,14,-0.08411249512263375,-0.2521310923196829,0.0839061020744154,-0.2091370094257572,0.017809548570842715,descriptive_no_p_value
GSE136831,subtype,consensus,core,TGFB1,ACVR1B_TGFBR2,macrophages,Macrophage_Alveolar,fibroblasts,Fibroblast,30,2.0,4,13,-0.05210589551790967,-0.24663469552811002,0.14242290449229245,-0.1533127971018846,0.023519542874854693,descriptive_no_p_value
GSE136831,subtype,consensus,core,TGFB1,TGFBR1_TGFBR2,macrophages,Macrophage,fibroblasts,Fibroblast,30,2.0,4,14,-0.3135115385970195,-0.2521310923196829,-0.37489198487435704,-0.49524921011634593,-0.23597289156748413,descriptive_no_p_value
GSE136831,subtype,consensus,core,TGFB1,TGFBR1_TGFBR2,macrophages,Macrophage_Alveolar,fibroblasts,Fibroblast,30,2.0,4,13,-0.2467662041130927,-0.24663469552811002,-0.24689771269807625,-0.37514828501847663,-0.18182205949548624,descriptive_no_p_value
GSE136831,subtype,consensus,core,TGFB1,ACVR1_TGFBR1_TGFBR2,macrophages,Macrophage,fibroblasts,Fibroblast,30,2.0,4,14,0.09716888787403022,-0.2521310923196829,0.44646886806774244,0.012842771009913712,0.21900206041325543,descriptive_no_p_value
GSE136831,subtype,consensus,core,TGFB1,ACVR1_TGFBR1_TGFBR2,macrophages,Macrophage_Alveolar,fibroblasts,Fibroblast,30,2.0,4,13,0.135842124802652,-0.24663469552811002,0.5183189451334105,0.07506373268688638,0.231378692041166,descriptive_no_p_value
GSE136831,subtype,consensus,core,TGFB1,ACVR1_TGFBR2,macrophages,Macrophage,fibroblasts,Fibroblast,30,2.0,4,14,0.11897133408014682,-0.2521310923196829,0.49007376047997653,0.03464521721603031,0.24080450661937203,descriptive_no_p_value
GSE136831,subtype,consensus,core,TGFB1,ACVR1_TGFBR2,macrophages,Macrophage_Alveolar,fibroblasts,Fibroblast,30,2.0,4,13,0.159321682255392,-0.24663469552811002,0.5652780600388931,0.09854329013962637,0.254858249493906,descriptive_no_p_value
GSE136831,subtype,consensus,core,TGFB1,ACVR1C_TGFBR2,macrophages,Macrophage,fibroblasts,Fibroblast,30,2.0,4,14,0.25461183657114717,-0.2521310923196829,0.7613547654619781,0.18695439372513167,0.3247161759693613,descriptive_no_p_value
GSE136831,subtype,consensus,core,TGFB1,ACVR1C_TGFBR2,macrophages,Macrophage_Alveolar,fibroblasts,Fibroblast,30,2.0,4,13,0.2976523973811904,-0.24663469552811002,0.8419394902904895,0.24269279653100995,0.34567991349754834,descriptive_no_p_value
GSE136831,subtype,consensus,core,TGFB1,EGFR,macrophages,Macrophage,fibroblasts,Fibroblast,30,2.0,4,14,-0.09065187388978657,-0.2521310923196829,0.07082734454010797,-0.1424016473978762,-0.03403447501675139,descriptive_no_p_value
GSE136831,subtype,consensus,core,TGFB1,EGFR,macrophages,Macrophage_Alveolar,fibroblasts,Fibroblast,30,2.0,4,13,-0.07327499450868658,-0.24663469552811002,0.10008470651073686,-0.11402576088458893,-0.03179817676866303,descriptive_no_p_value
GSE136831,subtype,consensus,core,TGFB1,ITGB3,macrophages,Macrophage,fibroblasts,Fibroblast,30,2.0,4,14,-0.19256730043708536,-0.2521310923196829,-0.1330035085544874,-0.2798027793171691,-0.09984256702472738,descriptive_no_p_value
GSE136831,subtype,consensus,core,TGFB1,ITGB3,macrophages,Macrophage_Alveolar,fibroblasts,Fibroblast,30,2.0,4,13,-0.19074353731229188,-0.24663469552811002,-0.13485237909647552,-0.298381394148973,-0.10994408574015768,descriptive_no_p_value
GSE136831,subtype,consensus,core,TGFB1,ITGB1,macrophages,Macrophage,fibroblasts,Fibroblast,30,2.0,4,14,-0.09959609302444505,-0.2521310923196829,0.052938906270788344,-0.20058122531283917,-0.03552358757905694,descriptive_no_p_value
GSE136831,subtype,consensus,core,TGFB1,ITGB1,macrophages,Macrophage_Alveolar,fibroblasts,Fibroblast,30,2.0,4,13,-0.07701127371176142,-0.24663469552811002,0.09261214810458451,-0.15417879328100614,-0.01205586763829114,descriptive_no_p_value
GSE136831,subtype,consensus,core,TGFB1,ITGB5,macrophages,Macrophage,fibroblasts,Fibroblast,30,2.0,4,14,-0.12879566661531872,-0.2521310923196829,-0.005460240910954539,-0.3202287828422099,-0.017427396938134443,descriptive_no_p_value
GSE136831,subtype,consensus,core,TGFB1,ITGB5,macrophages,Macrophage_Alveolar,fibroblasts,Fibroblast,30,2.0,4,13,-0.10890217725192741,-0.24663469552811002,0.028830341024258743,-0.24697970286487791,-0.03880877696565399,descriptive_no_p_value
GSE136831,subtype,consensus,core,TGFB1,ITGB8,macrophages,Macrophage,fibroblasts,Fibroblast,30,2.0,4,14,-0.19255153851039175,-0.2521310923196829,-0.13297198470110239,-0.33950586996449594,-0.09077275963243725,descriptive_no_p_value
GSE136831,subtype,consensus,core,TGFB1,ITGB8,macrophages,Macrophage_Alveolar,fibroblasts,Fibroblast,30,2.0,4,13,-0.1388003986379145,-0.24663469552811002,-0.030966101747718078,-0.33663132812439933,0.016333970853981583,descriptive_no_p_value
GSE136831,subtype,consensus,core,TGFB1,SDC2,macrophages,Macrophage,fibroblasts,Fibroblast,30,2.0,4,14,0.17207820921838746,-0.2521310923196829,0.5962875107564534,0.08117186562608758,0.28906396056539396,descriptive_no_p_value
GSE136831,subtype,consensus,core,TGFB1,SDC2,macrophages,Macrophage_Alveolar,fibroblasts,Fibroblast,30,2.0,4,13,0.1712567201555233,-0.24663469552811002,0.5891481358391575,0.07810076558298018,0.3120600842216801,descriptive_no_p_value
GSE136831,subtype,consensus,core,TGFB1,ACVRL1,macrophages,Macrophage,fibroblasts,Fibroblast,30,2.0,4,14,-0.07313196467258098,-0.2521310923196829,0.1058671629745227,-0.20289436139033334,0.054082680274165185,descriptive_no_p_value
GSE136831,subtype,consensus,core,TGFB1,ACVRL1,macrophages,Macrophage_Alveolar,fibroblasts,Fibroblast,30,2.0,4,13,-0.08133756449008711,-0.24663469552811002,0.08395956654793757,-0.2242013956341511,0.06969469317580668,descriptive_no_p_value
GSE136831,subtype,consensus,core,TGFB1,CXCR4,macrophages,Macrophage,fibroblasts,Fibroblast,30,2.0,4,14,0.14745446528320816,-0.2521310923196829,0.547040022886097,-0.16292591025278647,0.3875729125936811,descriptive_no_p_value
GSE136831,subtype,consensus,core,TGFB1,CXCR4,macrophages,Macrophage_Alveolar,fibroblasts,Fibroblast,30,2.0,4,13,0.18482445930453206,-0.24663469552811002,0.6162836141371746,-0.0722003256175201,0.39864630131429557,descriptive_no_p_value
GSE136831,subtype,consensus,core,TGFB1,TGFBR3,macrophages,Macrophage,fibroblasts,Fibroblast,30,2.0,4,14,-0.598696603959608,-0.2521310923196829,-0.9452621155995349,-0.7518786726879423,-0.468445222904748,descriptive_no_p_value
GSE136831,subtype,consensus,core,TGFB1,TGFBR3,macrophages,Macrophage_Alveolar,fibroblasts,Fibroblast,30,2.0,4,13,-0.5841755722332751,-0.24663469552811002,-0.921716448938442,-0.6840020503476696,-0.4802207964791263,descriptive_no_p_value
GSE136831,subtype,consensus,core,TGFB1,VASN,macrophages,Macrophage,fibroblasts,Fibroblast,30,2.0,4,14,-0.35305599757356365,-0.2521310923196829,-0.4539809028274444,-0.5027388744897037,-0.29084591682422367,descriptive_no_p_value
GSE136831,subtype,consensus,core,TGFB1,VASN,macrophages,Macrophage_Alveolar,fibroblasts,Fibroblast,30,2.0,4,13,-0.3813485513227848,-0.24663469552811002,-0.5160624071174631,-0.5072138155197754,-0.2781980277560585,descriptive_no_p_value
GSE136831,subtype,consensus,core,IL1A,IL1R1_IL1RAP,macrophages,Macrophage,fibroblasts,Fibroblast,30,2.0,4,14,0.5528657295893136,0.347403081485667,0.7583283776929619,0.34602110528609265,0.791959275782927,descriptive_no_p_value
GSE136831,subtype,consensus,core,IL1A,IL1R1_IL1RAP,macrophages,Macrophage_Alveolar,fibroblasts,Fibroblast,30,2.0,4,13,0.335499119473333,-0.10678210048203596,0.777780339428702,0.23545107584053415,0.5160607950571334,descriptive_no_p_value
GSE136831,subtype,consensus,core,IL1A,IL1R1_IL1RAP,macrophages,Macrophage,AT2,ATII,30,2.0,10,3,-1.0560026243332574,-0.4242789218402385,-1.6877263268262745,-1.6204557183036843,-0.6830979002066937,descriptive_no_p_value
GSE136831,subtype,consensus,core,IL1A,IL1R1_IL1RAP,macrophages,Macrophage_Alveolar,AT2,ATII,30,2.0,10,3,-0.772620380575022,0.14248556567623272,-1.6877263268262745,-1.4375559285468151,-0.32536773881777936,descriptive_no_p_value
GSE136831,subtype,consensus,core,IL1A,IL1R2_IL1RAP,macrophages,Macrophage,fibroblasts,Fibroblast,30,2.0,4,14,-0.09661680990583577,0.347403081485667,-0.5406367012973385,-0.4331622391988108,0.3422102734929404,descriptive_no_p_value
GSE136831,subtype,consensus,core,IL1A,IL1R2_IL1RAP,macrophages,Macrophage_Alveolar,fibroblasts,Fibroblast,30,2.0,4,13,-0.31609497132828634,-0.10678210048203596,-0.5254078421745381,-0.43856274522136074,-0.1404329445576269,descriptive_no_p_value
GSE136831,subtype,consensus,core,IL1A,IL1R2_IL1RAP,macrophages,Macrophage,AT2,ATII,30,2.0,10,3,-0.9737896601870868,-0.4242789218402385,-1.5233003985339355,-1.2987485287456257,-0.43518677054747235,descriptive_no_p_value
GSE136831,subtype,consensus,core,IL1A,IL1R2_IL1RAP,macrophages,Macrophage_Alveolar,AT2,ATII,30,2.0,10,3,-0.690407416428851,0.14248556567623272,-1.5233003985339355,-1.1158487389887566,-0.1256699904185492,descriptive_no_p_value
GSE136831,subtype,consensus,core,IL1B,IL1R1_IL1RAP,macrophages,Macrophage,fibroblasts,Fibroblast,30,2.0,4,14,0.19481224516872597,-0.36870388735550996,0.7583283776929619,0.027444476623790237,0.41149600985578694,descriptive_no_p_value
GSE136831,subtype,consensus,core,IL1B,IL1R1_IL1RAP,macrophages,Macrophage_Alveolar,fibroblasts,Fibroblast,30,2.0,4,13,0.22497830720113665,-0.327823725026426,0.777780339428702,0.029139359548507215,0.4724679880011404,descriptive_no_p_value
GSE136831,subtype,consensus,core,IL1B,IL1R1_IL1RAP,macrophages,Macrophage,AT2,ATII,30,2.0,10,3,-1.4074112932332303,-1.1270962596401857,-1.6877263268262745,-1.9014659171713921,-0.9406698548007579,descriptive_no_p_value
GSE136831,subtype,consensus,core,IL1B,IL1R1_IL1RAP,macrophages,Macrophage_Alveolar,AT2,ATII,30,2.0,10,3,-0.9188816632721428,-0.15003699971801243,-1.6877263268262745,-1.4400757489768399,-0.4334172588520717,descriptive_no_p_value
GSE136831,subtype,consensus,core,IL1B,IL1R2_IL1RAP,macrophages,Macrophage,fibroblasts,Fibroblast,30,2.0,4,14,-0.4546702943264247,-0.36870388735550996,-0.5406367012973385,-0.7517388678611132,-0.03825299243420144,descriptive_no_p_value
GSE136831,subtype,consensus,core,IL1B,IL1R2_IL1RAP,macrophages,Macrophage_Alveolar,fibroblasts,Fibroblast,30,2.0,4,13,-0.42661578360048136,-0.327823725026426,-0.5254078421745381,-0.6884803836296856,-0.2624704855636919,descriptive_no_p_value
GSE136831,subtype,consensus,core,IL1B,IL1R2_IL1RAP,macrophages,Macrophage,AT2,ATII,30,2.0,10,3,-1.3251983290870606,-1.1270962596401857,-1.5233003985339355,-1.5797587276133336,-0.9508306237856212,descriptive_no_p_value
GSE136831,subtype,consensus,core,IL1B,IL1R2_IL1RAP,macrophages,Macrophage_Alveolar,AT2,ATII,30,2.0,10,3,-0.8366686991259744,-0.15003699971801243,-1.5233003985339355,-1.1183685594187827,-0.45388449804559805,descriptive_no_p_value
GSE136831,subtype,consensus,core,IL1B,ADRB2,macrophages,Macrophage,fibroblasts,Fibroblast,30,2.0,4,14,-0.17188461705434888,-0.36870388735550996,0.024934653246809768,-0.44483869181943936,0.11492526474682885,descriptive_no_p_value
GSE136831,subtype,consensus,core,IL1B,ADRB2,macrophages,Macrophage_Alveolar,fibroblasts,Fibroblast,30,2.0,4,13,-0.14538272568462407,-0.327823725026426,0.037058273657177176,-0.2887503267162268,-0.0034793511047750414,descriptive_no_p_value
GSE136831,subtype,consensus,core,IL1B,ADRB2,macrophages,Macrophage,AT2,ATII,30,2.0,10,3,-1.0085362798358277,-1.1270962596401857,-0.8899763000314698,-1.2966437999046754,-0.7698767495574081,descriptive_no_p_value
GSE136831,subtype,consensus,core,IL1B,ADRB2,macrophages,Macrophage_Alveolar,AT2,ATII,30,2.0,10,3,-0.5200066498747411,-0.15003699971801243,-0.8899763000314698,-0.8352536317101231,-0.35705230983695113,descriptive_no_p_value
GSE136831,subtype,consensus,core,IL1B,SIGIRR,macrophages,Macrophage,fibroblasts,Fibroblast,30,2.0,4,14,-0.303235609289775,-0.36870388735550996,-0.23776733122404092,-0.5512981729742119,-0.06445670091320022,descriptive_no_p_value
GSE136831,subtype,consensus,core,IL1B,SIGIRR,macrophages,Macrophage_Alveolar,fibroblasts,Fibroblast,30,2.0,4,13,-0.27933751021108044,-0.327823725026426,-0.230851295395734,-0.42286644061200906,-0.11254262455057962,descriptive_no_p_value
GSE136831,subtype,consensus,core,IL1B,SIGIRR,macrophages,Macrophage,AT2,ATII,30,2.0,10,3,-0.7299493962687498,-1.1270962596401857,-0.3328025328973152,-1.1896326263837391,-0.32155636896277784,descriptive_no_p_value
GSE136831,subtype,consensus,core,IL1B,SIGIRR,macrophages,Macrophage_Alveolar,AT2,ATII,30,2.0,10,3,-0.24141976630766404,-0.15003699971801243,-0.3328025328973152,-0.6823800304350547,0.17538975677724533,descriptive_no_p_value
GSE136831,subtype,consensus,exploratory,CCL2,CCR1,fibroblasts,Fibroblast,macrophages,Macrophage,30,2.0,4,14,0.45012286880844243,0.34216841976800616,0.5580773178488805,0.32487061475143353,0.663662316703534,descriptive_no_p_value
GSE136831,subtype,consensus,exploratory,CCL2,CCR1,fibroblasts,Fibroblast,macrophages,Macrophage_Alveolar,30,2.0,4,13,-0.1205395286722366,0.3573309387159611,-0.5984099960604361,-0.3061026629621839,0.1359708771964483,descriptive_no_p_value
GSE136831,subtype,consensus,exploratory,CCL2,CCR2,fibroblasts,Fibroblast,macrophages,Macrophage,30,2.0,4,14,0.3538290393364152,0.34216841976800616,0.365489658904821,0.24311012712247937,0.43883025444085355,descriptive_no_p_value
GSE136831,subtype,consensus,exploratory,CCL2,CCR2,fibroblasts,Fibroblast,macrophages,Macrophage_Alveolar,30,2.0,4,13,0.3420793011929426,0.3573309387159611,0.3268276636699201,0.1531996960265647,0.5341345039822807,descriptive_no_p_value
GSE136831,subtype,consensus,exploratory,CCL2,CCR10,fibroblasts,Fibroblast,macrophages,Macrophage,30,2.0,4,14,0.3836929893898171,0.34216841976800616,0.42521755901162656,0.2996259280059803,0.5021418186219782,descriptive_no_p_value
GSE136831,subtype,consensus,exploratory,CCL2,CCR10,fibroblasts,Fibroblast,macrophages,Macrophage_Alveolar,30,2.0,4,13,0.18579497331932782,0.3573309387159611,0.01425900792269097,-0.005915916839495772,0.33091411377987434,descriptive_no_p_value
GSE136831,subtype,consensus,exploratory,CCL2,CCR3,fibroblasts,Fibroblast,macrophages,Macrophage,30,2.0,4,14,0.6021034268197845,0.34216841976800616,0.8620384338715612,0.43550738128640365,0.828616761491304,descriptive_no_p_value
GSE136831,subtype,consensus,exploratory,CCL2,CCR3,fibroblasts,Fibroblast,macrophages,Macrophage_Alveolar,30,2.0,4,13,0.15896016050050132,0.3573309387159611,-0.03941061771496168,-0.04754332097025937,0.29903285414490455,descriptive_no_p_value
GSE136831,subtype,consensus,exploratory,CCL2,CCR4,fibroblasts,Fibroblast,macrophages,Macrophage,30,2.0,4,14,0.414745445384491,0.34216841976800616,0.4873224710009747,0.2575171920067141,0.5595709811542835,descriptive_no_p_value
GSE136831,subtype,consensus,exploratory,CCL2,CCR4,fibroblasts,Fibroblast,macrophages,Macrophage_Alveolar,30,2.0,4,13,-0.061544630694769786,0.3573309387159611,-0.4804202001055018,-0.29276509333209555,0.21059547047729277,descriptive_no_p_value
GSE136831,subtype,consensus,exploratory,CCL2,CCR5,fibroblasts,Fibroblast,macrophages,Macrophage,30,2.0,4,14,0.5566958150561145,0.34216841976800616,0.771223210344222,0.46487445472041067,0.6712405851095173,descriptive_no_p_value
GSE136831,subtype,consensus,exploratory,CCL2,CCR5,fibroblasts,Fibroblast,macrophages,Macrophage_Alveolar,30,2.0,4,13,0.6378633004744598,0.3573309387159611,0.9183956622329548,0.43674696657335144,0.7841803964270531,descriptive_no_p_value
GSE136831,subtype,consensus,exploratory,CCL2,ACKR1,fibroblasts,Fibroblast,macrophages,Macrophage,30,2.0,4,14,0.3601202570451445,0.34216841976800616,0.37807209432228184,0.053156646227591864,0.6375849816832764,descriptive_no_p_value
GSE136831,subtype,consensus,exploratory,CCL2,ACKR1,fibroblasts,Fibroblast,macrophages,Macrophage_Alveolar,30,2.0,4,13,0.053101482644457576,0.3573309387159611,-0.2511279734270508,-0.22325773692220796,0.36327691584420396,descriptive_no_p_value
GSE136831,subtype,consensus,exploratory,CCL2,ACKR4,fibroblasts,Fibroblast,macrophages,Macrophage,30,2.0,4,14,0.19052828218823148,0.34216841976800616,0.03888814460845502,0.08236224051423457,0.46062271069206107,descriptive_no_p_value
GSE136831,subtype,consensus,exploratory,CCL2,ACKR4,fibroblasts,Fibroblast,macrophages,Macrophage_Alveolar,30,2.0,4,13,0.062314644540983455,0.3573309387159611,-0.2327016496339971,-0.1981522327041323,0.305208331105256,descriptive_no_p_value
GSE136831,subtype,consensus,core,AREG,EGFR_ERBB2,macrophages,Macrophage,fibroblasts,Fibroblast,30,2.0,4,14,-0.5194702476489894,-0.9072325193113979,-0.13170797598657913,-0.7084373739388079,-0.2987732605099982,descriptive_no_p_value
GSE136831,subtype,consensus,core,AREG,EGFR_ERBB2,macrophages,Macrophage_Alveolar,fibroblasts,Fibroblast,30,2.0,4,13,-0.1659147059924999,-0.15957806026894783,-0.1722513517160542,-0.3827793084636557,0.055624016821655964,descriptive_no_p_value
GSE136831,subtype,consensus,core,AREG,ERBB3,macrophages,Macrophage,fibroblasts,Fibroblast,30,2.0,4,14,-0.4844855369391725,-0.9072325193113979,-0.06173855456694777,-0.6588556775246195,-0.32544444465896216,descriptive_no_p_value
GSE136831,subtype,consensus,core,AREG,ERBB3,macrophages,Macrophage_Alveolar,fibroblasts,Fibroblast,30,2.0,4,13,-0.09048216021975897,-0.15957806026894783,-0.021386260170569882,-0.30087802310995215,0.08830614416906624,descriptive_no_p_value
GSE136831,subtype,consensus,exploratory,CXCL12,CD4,fibroblasts,Fibroblast,macrophages,Macrophage,30,2.0,4,14,1.2839572722558517,1.7303937861974008,0.8375207583143034,1.0510602991443703,1.3920317934799211,descriptive_no_p_value
GSE136831,subtype,consensus,exploratory,CXCL12,CD4,fibroblasts,Fibroblast,macrophages,Macrophage_Alveolar,30,2.0,4,13,0.8952498127780109,1.6450443817603233,0.14545524379569663,0.6363431944397382,1.0455345066081376,descriptive_no_p_value
GSE136831,subtype,consensus,exploratory,CXCL12,ITGB3,fibroblasts,Fibroblast,macrophages,Macrophage,30,2.0,4,14,1.1670783725762641,1.7303937861974008,0.6037629589551265,0.9014791309379042,1.43432494048852,descriptive_no_p_value
GSE136831,subtype,consensus,exploratory,CXCL12,ITGB3,fibroblasts,Fibroblast,macrophages,Macrophage_Alveolar,30,2.0,4,13,0.9697836059243445,1.6450443817603233,0.29452283008836716,0.6732497465840952,1.0774123479856978,descriptive_no_p_value
GSE136831,subtype,consensus,exploratory,CXCL12,ITGB1,fibroblasts,Fibroblast,macrophages,Macrophage,30,2.0,4,14,0.5019863621888021,1.7303937861974008,-0.7264210618197966,0.33205075248512195,0.63769542868872,descriptive_no_p_value
GSE136831,subtype,consensus,exploratory,CXCL12,ITGB1,fibroblasts,Fibroblast,macrophages,Macrophage_Alveolar,30,2.0,4,13,0.7189678218797502,1.6450443817603233,-0.20710873800082208,0.5161077480322227,0.8528583412469342,descriptive_no_p_value
GSE136831,subtype,consensus,exploratory,CXCL12,ITGAV,fibroblasts,Fibroblast,macrophages,Macrophage,30,2.0,4,14,0.6371652287132568,1.7303937861974008,-0.45606332877088374,0.4860645438246989,0.780653330400896,descriptive_no_p_value
GSE136831,subtype,consensus,exploratory,CXCL12,ITGAV,fibroblasts,Fibroblast,macrophages,Macrophage_Alveolar,30,2.0,4,13,0.5856950717301279,1.6450443817603233,-0.4736542383000648,0.41813685029038883,0.7173483292588907,descriptive_no_p_value
GSE136831,subtype,consensus,exploratory,CXCL12,ITGA5,fibroblasts,Fibroblast,macrophages,Macrophage,30,2.0,4,14,0.6631173319124706,1.7303937861974008,-0.4041591223724579,0.4813930153640893,0.9451966261186868,descriptive_no_p_value
GSE136831,subtype,consensus,exploratory,CXCL12,ITGA5,fibroblasts,Fibroblast,macrophages,Macrophage_Alveolar,30,2.0,4,13,0.6194807477976552,1.6450443817603233,-0.40608288616501387,0.39077840592080104,0.8372507035709669,descriptive_no_p_value
GSE136831,subtype,consensus,exploratory,CXCL12,ITGA4,fibroblasts,Fibroblast,macrophages,Macrophage,30,2.0,4,14,1.2192993222962674,1.7303937861974008,0.7082048583951348,0.9901864878033111,1.4077402530721574,descriptive_no_p_value
GSE136831,subtype,consensus,exploratory,CXCL12,ITGA4,fibroblasts,Fibroblast,macrophages,Macrophage_Alveolar,30,2.0,4,13,1.184328557020069,1.6450443817603233,0.7236127322798172,1.0624027008267012,1.3572477723401244,descriptive_no_p_value
GSE136831,subtype,consensus,exploratory,CXCL12,ACKR3,fibroblasts,Fibroblast,macrophages,Macrophage,30,2.0,4,14,0.6706063336306123,1.7303937861974008,-0.38918111893617624,0.23436014281046802,0.9375638661665411,descriptive_no_p_value
GSE136831,subtype,consensus,exploratory,CXCL12,ACKR3,fibroblasts,Fibroblast,macrophages,Macrophage_Alveolar,30,2.0,4,13,0.6341416335135861,1.6450443817603233,-0.3767611147331511,0.3453742347179647,0.8171341237827567,descriptive_no_p_value
GSE136831,subtype,consensus,exploratory,CXCL12,AVPR1A,fibroblasts,Fibroblast,macrophages,Macrophage,30,2.0,4,14,0.7846861554837314,1.7303937861974008,-0.16102147522993748,0.47695320593456225,1.1488181800608734,descriptive_no_p_value
GSE136831,subtype,consensus,exploratory,CXCL12,AVPR1A,fibroblasts,Fibroblast,macrophages,Macrophage_Alveolar,30,2.0,4,13,0.5486205045231736,1.6450443817603233,-0.547803372713976,0.3181595763752023,0.8271839738625002,descriptive_no_p_value
GSE136831,subtype,consensus,exploratory,CXCL12,CXCR3,fibroblasts,Fibroblast,macrophages,Macrophage,30,2.0,4,14,1.154338364429782,1.7303937861974008,0.5782829426621641,0.9623896161407917,1.2382310987505167,descriptive_no_p_value
GSE136831,subtype,consensus,exploratory,CXCL12,CXCR3,fibroblasts,Fibroblast,macrophages,Macrophage_Alveolar,30,2.0,4,13,0.7463318561983483,1.6450443817603233,-0.1523806693636256,0.46622086767134574,0.9693854557260411,descriptive_no_p_value
GSE136831,subtype,consensus,exploratory,CXCL12,CCR4,fibroblasts,Fibroblast,macrophages,Macrophage,30,2.0,4,14,1.108858128599187,1.7303937861974008,0.4873224710009747,0.9332560321815202,1.2090975147912448,descriptive_no_p_value
GSE136831,subtype,consensus,exploratory,CXCL12,CCR4,fibroblasts,Fibroblast,macrophages,Macrophage_Alveolar,30,2.0,4,13,0.5823120908274095,1.6450443817603233,-0.4804202001055018,0.34067511011505713,0.7469618800455171,descriptive_no_p_value
GSE136831,subtype,consensus,exploratory,CXCL12,CXCR4,fibroblasts,Fibroblast,macrophages,Macrophage,30,2.0,4,14,0.9793253216302702,1.7303937861974008,0.2282568570631387,0.6610884294688049,1.2530237492410636,descriptive_no_p_value
GSE136831,subtype,consensus,exploratory,CXCL12,CXCR4,fibroblasts,Fibroblast,macrophages,Macrophage_Alveolar,30,2.0,4,13,0.9522904624013435,1.6450443817603233,0.2595365430423646,0.629074236471693,1.201475555034615,descriptive_no_p_value
GSE136831,subtype,consensus,exploratory,CXCL12,GRM7,fibroblasts,Fibroblast,macrophages,Macrophage,30,2.0,4,14,1.1388684498693067,1.7303937861974008,0.5473431135412143,0.9884680289744887,1.2843038059900844,descriptive_no_p_value
GSE136831,subtype,consensus,exploratory,CXCL12,GRM7,fibroblasts,Fibroblast,macrophages,Macrophage_Alveolar,30,2.0,4,13,0.4992743750345596,1.6450443817603233,-0.6464956316912007,0.34495781188250874,0.6647646985675641,descriptive_no_p_value
GSE136831,subtype,consensus,core,HBEGF,EGFR_ERBB2,macrophages,Macrophage,fibroblasts,Fibroblast,30,2.0,4,14,-0.10323519773419498,-0.07476241948181173,-0.13170797598657913,-0.3411693839239236,0.08873040692825018,descriptive_no_p_value
GSE136831,subtype,consensus,core,HBEGF,EGFR_ERBB2,macrophages,Macrophage_Alveolar,fibroblasts,Fibroblast,30,2.0,4,13,-0.10717925656349614,-0.0421071614109394,-0.1722513517160542,-0.2530189548208499,-0.002000245975319892,descriptive_no_p_value
GSE136831,subtype,consensus,core,HBEGF,ERBB2_ERBB4,macrophages,Macrophage,fibroblasts,Fibroblast,30,2.0,4,14,-0.08747586484515679,-0.07476241948181173,-0.10018931020850452,-0.32015694007187356,0.09696005995009305,descriptive_no_p_value
GSE136831,subtype,consensus,core,HBEGF,ERBB2_ERBB4,macrophages,Macrophage_Alveolar,fibroblasts,Fibroblast,30,2.0,4,13,-0.09141992367445795,-0.0421071614109394,-0.1407326859379796,-0.23200651096879898,0.002708410520768645,descriptive_no_p_value
GSE136831,subtype,consensus,core,HBEGF,CD44,macrophages,Macrophage,fibroblasts,Fibroblast,30,2.0,4,14,-0.04738190692475808,-0.07476241948181173,-0.020001394367701764,-0.10222799461989052,-0.001217283951563175,descriptive_no_p_value
GSE136831,subtype,consensus,core,HBEGF,CD44,macrophages,Macrophage_Alveolar,fibroblasts,Fibroblast,30,2.0,4,13,-0.04182157715420676,-0.0421071614109394,-0.04153599289747767,-0.15906223152871224,0.08756774619526375,descriptive_no_p_value
GSE136831,subtype,consensus,core,HBEGF,PRLR,macrophages,Macrophage,fibroblasts,Fibroblast,30,2.0,4,14,0.04649395277677382,-0.07476241948181173,0.16775032503535936,-0.1768432477085824,0.2662669361824559,descriptive_no_p_value
GSE136831,subtype,consensus,core,HBEGF,PRLR,macrophages,Macrophage_Alveolar,fibroblasts,Fibroblast,30,2.0,4,13,0.03610152628673102,-0.0421071614109394,0.11431021398439967,-0.09514118626625034,0.15179105216728495,descriptive_no_p_value
GSE136831,subtype,consensus,exploratory,CCL2,ACKR2,fibroblasts,Fibroblast,macrophages,Macrophage,30,2.0,4,14,0.40519255756921746,0.34216841976800616,0.4682166953704274,0.15442816382682611,0.7074704934811984,descriptive_no_p_value
GSE136831,subtype,consensus,exploratory,CCL2,ACKR2,fibroblasts,Fibroblast,macrophages,Macrophage_Alveolar,30,2.0,4,13,0.04425151943965977,0.3573309387159611,-0.2688278998366439,-0.11420136419265159,0.30292053597512725,descriptive_no_p_value
GSE136831,subtype,consensus,exploratory,CXCL12,DPP4,fibroblasts,Fibroblast,macrophages,Macrophage,30,2.0,4,14,1.0771956839105847,1.7303937861974008,0.4239975816237691,0.7580929610579092,1.4319362112492224,descriptive_no_p_value
GSE136831,subtype,consensus,exploratory,CXCL12,DPP4,fibroblasts,Fibroblast,macrophages,Macrophage_Alveolar,30,2.0,4,13,0.4245678571508775,1.6450443817603233,-0.795908667458567,0.022449436167994108,0.703272452352719,descriptive_no_p_value
GSE136831,subtype,consensus,core,TGFB1,ENG,macrophages,Macrophage,fibroblasts,Fibroblast,30,2.0,4,14,-0.30721429598114547,-0.2521310923196829,-0.3622974996426098,-0.45596742965470316,-0.1952496983596994,descriptive_no_p_value
GSE136831,subtype,consensus,core,TGFB1,ENG,macrophages,Macrophage_Alveolar,fibroblasts,Fibroblast,30,2.0,4,13,-0.2861440456163278,-0.24663469552811002,-0.3256533957045473,-0.41107956657073785,-0.22505604602726237,descriptive_no_p_value
GSE136831,subtype,consensus,core,HBEGF,CD9,macrophages,Macrophage,fibroblasts,Fibroblast,30,2.0,4,14,0.23282788226640694,-0.07476241948181173,0.5404181840146247,0.03793907913947692,0.44344275396567046,descriptive_no_p_value
GSE136831,subtype,consensus,core,HBEGF,CD9,macrophages,Macrophage_Alveolar,fibroblasts,Fibroblast,30,2.0,4,13,0.23785237516079238,-0.0421071614109394,0.5178119117325242,0.1350580599662381,0.34438378933492775,descriptive_no_p_value
GSE136831,subtype,consensus,core,HBEGF,CD82,macrophages,Macrophage,fibroblasts,Fibroblast,30,2.0,4,14,-0.4382457760088565,-0.07476241948181173,-0.8017291325359039,-0.5975662325189113,-0.24199130256272028,descriptive_no_p_value
GSE136831,subtype,consensus,core,HBEGF,CD82,macrophages,Macrophage_Alveolar,fibroblasts,Fibroblast,30,2.0,4,13,-0.39385910518634404,-0.0421071614109394,-0.7456110489617509,-0.5109423124161347,-0.30168808926533686,descriptive_no_p_value
GSE136831,subtype,consensus,core,TGFB1,CAV1,macrophages,Macrophage,fibroblasts,Fibroblast,30,2.0,4,14,0.019968721637424913,-0.2521310923196829,0.29206853559453005,-0.38861986868589327,0.3838683097736668,descriptive_no_p_value
GSE136831,subtype,consensus,core,TGFB1,CAV1,macrophages,Macrophage_Alveolar,fibroblasts,Fibroblast,30,2.0,4,13,0.023086450503841505,-0.24663469552811002,0.29280759653579214,-0.3616845271003273,0.33610944060770276,descriptive_no_p_value
GSE136831,subtype,consensus,exploratory,CXCL12,SDC4,fibroblasts,Fibroblast,macrophages,Macrophage,30,2.0,4,14,0.6945795158169092,1.7303937861974008,-0.34123475456357966,0.4133849700110792,0.9257982314931281,descriptive_no_p_value
GSE136831,subtype,consensus,exploratory,CXCL12,SDC4,fibroblasts,Fibroblast,macrophages,Macrophage_Alveolar,30,2.0,4,13,0.4970953412982997,1.6450443817603233,-0.6508536991637213,0.2603060268157362,0.6935388876651114,descriptive_no_p_value
GSE136831,subtype,consensus,core,TGFB1,LPP,macrophages,Macrophage,fibroblasts,Fibroblast,30,2.0,4,14,-0.03444256348846686,-0.2521310923196829,0.18324596534274917,-0.12164187290974127,0.0261576723585506,descriptive_no_p_value
GSE136831,subtype,consensus,core,TGFB1,LPP,macrophages,Macrophage_Alveolar,fibroblasts,Fibroblast,30,2.0,4,13,-0.02191036389613288,-0.24663469552811002,0.20281396773584426,-0.05575408270346571,0.019583506295054676,descriptive_no_p_value
GSE136831,subtype,cellchatdb,core,IL1B,IL1R2,macrophages,Macrophage,fibroblasts,Fibroblast,30,2.0,4,14,-0.4546702943264247,-0.36870388735550996,-0.5406367012973385,-0.7517388678611132,-0.03825299243420144,descriptive_no_p_value
GSE136831,subtype,cellchatdb,core,IL1B,IL1R2,macrophages,Macrophage_Alveolar,fibroblasts,Fibroblast,30,2.0,4,13,-0.42661578360048136,-0.327823725026426,-0.5254078421745381,-0.6884803836296856,-0.2624704855636919,descriptive_no_p_value
GSE136831,subtype,cellchatdb,core,IL1B,IL1R2,macrophages,Macrophage,AT2,ATII,30,2.0,10,3,-1.3251983290870606,-1.1270962596401857,-1.5233003985339355,-1.5797587276133336,-0.9508306237856212,descriptive_no_p_value
GSE136831,subtype,cellchatdb,core,IL1B,IL1R2,macrophages,Macrophage_Alveolar,AT2,ATII,30,2.0,10,3,-0.8366686991259744,-0.15003699971801243,-1.5233003985339355,-1.1183685594187827,-0.45388449804559805,descriptive_no_p_value
GSE136831,subtype,cellchatdb,core,AREG,EGFR,macrophages,Macrophage,fibroblasts,Fibroblast,30,2.0,4,14,-0.418202587385645,-0.9072325193113979,0.07082734454010797,-0.53654186462248,-0.23653587440758272,descriptive_no_p_value
GSE136831,subtype,cellchatdb,core,AREG,EGFR,macrophages,Macrophage_Alveolar,fibroblasts,Fibroblast,30,2.0,4,13,-0.02974667687910504,-0.15957806026894783,0.10008470651073686,-0.21321951914150983,0.15276177177412276,descriptive_no_p_value
GSE136831,subtype,cellchatdb,core,HBEGF,EGFR,macrophages,Macrophage,fibroblasts,Fibroblast,30,2.0,4,14,-0.0019675374708514326,-0.07476241948181173,0.07082734454010797,-0.1692738746075957,0.15096779303066477,descriptive_no_p_value
GSE136831,subtype,cellchatdb,core,HBEGF,EGFR,macrophages,Macrophage_Alveolar,fibroblasts,Fibroblast,30,2.0,4,13,0.028988772549899622,-0.0421071614109394,0.10008470651073686,-0.0462230766544689,0.09513750897714779,descriptive_no_p_value
GSE136831,subtype,cellchatdb,core,HBEGF,ERBB4,macrophages,Macrophage,fibroblasts,Fibroblast,30,2.0,4,14,0.5876956834812681,-0.07476241948181173,1.250153786444347,0.49199920183362433,0.6577387599846558,descriptive_no_p_value
GSE136831,subtype,cellchatdb,core,HBEGF,ERBB4,macrophages,Macrophage_Alveolar,fibroblasts,Fibroblast,30,2.0,4,13,0.648411060652065,-0.0421071614109394,1.3389292827150658,0.5561281949069272,0.7211184136962565,descriptive_no_p_value
GSE136831,subtype,cellchatdb,exploratory,CXCL12,ACKR3,fibroblasts,Fibroblast,macrophages,Macrophage,30,2.0,4,14,0.6706063336306123,1.7303937861974008,-0.38918111893617624,0.23436014281046802,0.9375638661665411,descriptive_no_p_value
GSE136831,subtype,cellchatdb,exploratory,CXCL12,ACKR3,fibroblasts,Fibroblast,macrophages,Macrophage_Alveolar,30,2.0,4,13,0.6341416335135861,1.6450443817603233,-0.3767611147331511,0.3453742347179647,0.8171341237827567,descriptive_no_p_value
GSE136831,subtype,cellchatdb,exploratory,CCL2,CCR2,fibroblasts,Fibroblast,macrophages,Macrophage,30,2.0,4,14,0.3538290393364152,0.34216841976800616,0.365489658904821,0.24311012712247937,0.43883025444085355,descriptive_no_p_value
GSE136831,subtype,cellchatdb,exploratory,CCL2,CCR2,fibroblasts,Fibroblast,macrophages,Macrophage_Alveolar,30,2.0,4,13,0.3420793011929426,0.3573309387159611,0.3268276636699201,0.1531996960265647,0.5341345039822807,descriptive_no_p_value
GSE136831,subtype,cellchatdb,exploratory,CXCL12,CXCR4,fibroblasts,Fibroblast,macrophages,Macrophage,30,2.0,4,14,0.9793253216302702,1.7303937861974008,0.2282568570631387,0.6610884294688049,1.2530237492410636,descriptive_no_p_value
GSE136831,subtype,cellchatdb,exploratory,CXCL12,CXCR4,fibroblasts,Fibroblast,macrophages,Macrophage_Alveolar,30,2.0,4,13,0.9522904624013435,1.6450443817603233,0.2595365430423646,0.629074236471693,1.201475555034615,descriptive_no_p_value
GSE136831,subtype,cellchatdb,exploratory,CCL2,ACKR1,fibroblasts,Fibroblast,macrophages,Macrophage,30,2.0,4,14,0.3601202570451445,0.34216841976800616,0.37807209432228184,0.053156646227591864,0.6375849816832764,descriptive_no_p_value
GSE136831,subtype,cellchatdb,exploratory,CCL2,ACKR1,fibroblasts,Fibroblast,macrophages,Macrophage_Alveolar,30,2.0,4,13,0.053101482644457576,0.3573309387159611,-0.2511279734270508,-0.22325773692220796,0.36327691584420396,descriptive_no_p_value
GSE136831,subtype,cellchatdb,exploratory,CCL2,ACKR2,fibroblasts,Fibroblast,macrophages,Macrophage,30,2.0,4,14,0.40519255756921746,0.34216841976800616,0.4682166953704274,0.15442816382682611,0.7074704934811984,descriptive_no_p_value
GSE136831,subtype,cellchatdb,exploratory,CCL2,ACKR2,fibroblasts,Fibroblast,macrophages,Macrophage_Alveolar,30,2.0,4,13,0.04425151943965977,0.3573309387159611,-0.2688278998366439,-0.11420136419265159,0.30292053597512725,descriptive_no_p_value
GSE136831,subtype,cellchatdb,core,IL1A,IL1R1_IL1RAP,macrophages,Macrophage,fibroblasts,Fibroblast,30,2.0,4,14,0.5528657295893136,0.347403081485667,0.7583283776929619,0.34602110528609265,0.791959275782927,descriptive_no_p_value
GSE136831,subtype,cellchatdb,core,IL1A,IL1R1_IL1RAP,macrophages,Macrophage_Alveolar,fibroblasts,Fibroblast,30,2.0,4,13,0.335499119473333,-0.10678210048203596,0.777780339428702,0.23545107584053415,0.5160607950571334,descriptive_no_p_value
GSE136831,subtype,cellchatdb,core,IL1A,IL1R1_IL1RAP,macrophages,Macrophage,AT2,ATII,30,2.0,10,3,-1.0560026243332574,-0.4242789218402385,-1.6877263268262745,-1.6204557183036843,-0.6830979002066937,descriptive_no_p_value
GSE136831,subtype,cellchatdb,core,IL1A,IL1R1_IL1RAP,macrophages,Macrophage_Alveolar,AT2,ATII,30,2.0,10,3,-0.772620380575022,0.14248556567623272,-1.6877263268262745,-1.4375559285468151,-0.32536773881777936,descriptive_no_p_value
GSE136831,subtype,cellchatdb,core,IL1B,IL1R1_IL1RAP,macrophages,Macrophage,fibroblasts,Fibroblast,30,2.0,4,14,0.19481224516872597,-0.36870388735550996,0.7583283776929619,0.027444476623790237,0.41149600985578694,descriptive_no_p_value
GSE136831,subtype,cellchatdb,core,IL1B,IL1R1_IL1RAP,macrophages,Macrophage_Alveolar,fibroblasts,Fibroblast,30,2.0,4,13,0.22497830720113665,-0.327823725026426,0.777780339428702,0.029139359548507215,0.4724679880011404,descriptive_no_p_value
GSE136831,subtype,cellchatdb,core,IL1B,IL1R1_IL1RAP,macrophages,Macrophage,AT2,ATII,30,2.0,10,3,-1.4074112932332303,-1.1270962596401857,-1.6877263268262745,-1.9014659171713921,-0.9406698548007579,descriptive_no_p_value
GSE136831,subtype,cellchatdb,core,IL1B,IL1R1_IL1RAP,macrophages,Macrophage_Alveolar,AT2,ATII,30,2.0,10,3,-0.9188816632721428,-0.15003699971801243,-1.6877263268262745,-1.4400757489768399,-0.4334172588520717,descriptive_no_p_value
GSE136831,subtype,cellchatdb,core,TGFB1,TGFBR1_TGFBR2,macrophages,Macrophage,fibroblasts,Fibroblast,30,2.0,4,14,-0.3135115385970195,-0.2521310923196829,-0.37489198487435704,-0.49524921011634593,-0.23597289156748413,descriptive_no_p_value
GSE136831,subtype,cellchatdb,core,TGFB1,TGFBR1_TGFBR2,macrophages,Macrophage_Alveolar,fibroblasts,Fibroblast,30,2.0,4,13,-0.2467662041130927,-0.24663469552811002,-0.24689771269807625,-0.37514828501847663,-0.18182205949548624,descriptive_no_p_value
GSE136831,subtype,cellchatdb,core,IL1A,IL1R2,macrophages,Macrophage,fibroblasts,Fibroblast,30,2.0,4,14,-0.09661680990583577,0.347403081485667,-0.5406367012973385,-0.4331622391988108,0.3422102734929404,descriptive_no_p_value
GSE136831,subtype,cellchatdb,core,IL1A,IL1R2,macrophages,Macrophage_Alveolar,fibroblasts,Fibroblast,30,2.0,4,13,-0.31609497132828634,-0.10678210048203596,-0.5254078421745381,-0.43856274522136074,-0.1404329445576269,descriptive_no_p_value
GSE136831,subtype,cellchatdb,core,IL1A,IL1R2,macrophages,Macrophage,AT2,ATII,30,2.0,10,3,-0.9737896601870868,-0.4242789218402385,-1.5233003985339355,-1.2987485287456257,-0.43518677054747235,descriptive_no_p_value
GSE136831,subtype,cellchatdb,core,IL1A,IL1R2,macrophages,Macrophage_Alveolar,AT2,ATII,30,2.0,10,3,-0.690407416428851,0.14248556567623272,-1.5233003985339355,-1.1158487389887566,-0.1256699904185492,descriptive_no_p_value
GSE136831,subtype,cellchatdb,core,TGFB1,ACVR1B_TGFBR2,macrophages,Macrophage,fibroblasts,Fibroblast,30,2.0,4,14,-0.08411249512263375,-0.2521310923196829,0.0839061020744154,-0.2091370094257572,0.017809548570842715,descriptive_no_p_value
GSE136831,subtype,cellchatdb,core,TGFB1,ACVR1B_TGFBR2,macrophages,Macrophage_Alveolar,fibroblasts,Fibroblast,30,2.0,4,13,-0.05210589551790967,-0.24663469552811002,0.14242290449229245,-0.1533127971018846,0.023519542874854693,descriptive_no_p_value
GSE136831,subtype,cellchatdb,core,TGFB1,ACVR1C_TGFBR2,macrophages,Macrophage,fibroblasts,Fibroblast,30,2.0,4,14,0.25461183657114717,-0.2521310923196829,0.7613547654619781,0.18695439372513167,0.3247161759693613,descriptive_no_p_value
GSE136831,subtype,cellchatdb,core,TGFB1,ACVR1C_TGFBR2,macrophages,Macrophage_Alveolar,fibroblasts,Fibroblast,30,2.0,4,13,0.2976523973811904,-0.24663469552811002,0.8419394902904895,0.24269279653100995,0.34567991349754834,descriptive_no_p_value
GSE136831,subtype,cellchatdb,core,TGFB1,ACVR1_TGFBR1_TGFBR2,macrophages,Macrophage,fibroblasts,Fibroblast,30,2.0,4,14,0.09716888787403022,-0.2521310923196829,0.44646886806774244,0.012842771009913712,0.21900206041325543,descriptive_no_p_value
GSE136831,subtype,cellchatdb,core,TGFB1,ACVR1_TGFBR1_TGFBR2,macrophages,Macrophage_Alveolar,fibroblasts,Fibroblast,30,2.0,4,13,0.135842124802652,-0.24663469552811002,0.5183189451334105,0.07506373268688638,0.231378692041166,descriptive_no_p_value
GSE136831,subtype,cellchatdb,core,AREG,EGFR_ERBB2,macrophages,Macrophage,fibroblasts,Fibroblast,30,2.0,4,14,-0.5194702476489894,-0.9072325193113979,-0.13170797598657913,-0.7084373739388079,-0.2987732605099982,descriptive_no_p_value
GSE136831,subtype,cellchatdb,core,AREG,EGFR_ERBB2,macrophages,Macrophage_Alveolar,fibroblasts,Fibroblast,30,2.0,4,13,-0.1659147059924999,-0.15957806026894783,-0.1722513517160542,-0.3827793084636557,0.055624016821655964,descriptive_no_p_value
GSE136831,subtype,cellchatdb,core,HBEGF,EGFR_ERBB2,macrophages,Macrophage,fibroblasts,Fibroblast,30,2.0,4,14,-0.10323519773419498,-0.07476241948181173,-0.13170797598657913,-0.3411693839239236,0.08873040692825018,descriptive_no_p_value
GSE136831,subtype,cellchatdb,core,HBEGF,EGFR_ERBB2,macrophages,Macrophage_Alveolar,fibroblasts,Fibroblast,30,2.0,4,13,-0.10717925656349614,-0.0421071614109394,-0.1722513517160542,-0.2530189548208499,-0.002000245975319892,descriptive_no_p_value
GSE136831,subtype,cellchatdb,core,HBEGF,ERBB2_ERBB4,macrophages,Macrophage,fibroblasts,Fibroblast,30,2.0,4,14,-0.08747586484515679,-0.07476241948181173,-0.10018931020850452,-0.32015694007187356,0.09696005995009305,descriptive_no_p_value
GSE136831,subtype,cellchatdb,core,HBEGF,ERBB2_ERBB4,macrophages,Macrophage_Alveolar,fibroblasts,Fibroblast,30,2.0,4,13,-0.09141992367445795,-0.0421071614109394,-0.1407326859379796,-0.23200651096879898,0.002708410520768645,descriptive_no_p_value
GSE136831,broad,consensus,core,TGFB1,ITGAV_ITGB6,macrophages,__broad__,fibroblasts,__broad__,100,1.0,4,11,-0.32378091268768117,-0.16180922749091575,-0.4857525978844457,-0.45264468726980667,-0.19996889890124425,descriptive_no_p_value
GSE136831,broad,consensus,core,TGFB1,ACVR1B_TGFBR2,macrophages,__broad__,fibroblasts,__broad__,100,1.0,4,11,-0.09530133969319365,-0.16180922749091575,-0.02879345189547511,-0.24153449836621377,-0.01961624619292035,descriptive_no_p_value
GSE136831,broad,consensus,core,TGFB1,TGFBR1_TGFBR2,macrophages,__broad__,fibroblasts,__broad__,100,1.0,4,11,-0.22570528740533025,-0.16180922749091575,-0.2896013473197421,-0.3686906941849877,-0.1434898793157604,descriptive_no_p_value
GSE136831,broad,consensus,core,TGFB1,ACVR1_TGFBR1_TGFBR2,macrophages,__broad__,fibroblasts,__broad__,100,1.0,4,11,0.4260468335293721,-0.16180922749091575,1.0139028945496609,0.32567178115668494,0.5014801441453542,descriptive_no_p_value
GSE136831,broad,consensus,core,TGFB1,ACVR1_TGFBR2,macrophages,__broad__,fibroblasts,__broad__,100,1.0,4,11,0.4803579728701637,-0.16180922749091575,1.1225251732312431,0.3799829204974765,0.5557912834861458,descriptive_no_p_value
GSE136831,broad,consensus,core,TGFB1,ACVR1C_TGFBR2,macrophages,__broad__,fibroblasts,__broad__,100,1.0,4,11,0.7025441216606958,-0.16180922749091575,1.5668974708123091,0.5199470419894427,0.8729790973606972,descriptive_no_p_value
GSE136831,broad,consensus,core,TGFB1,EGFR,macrophages,__broad__,fibroblasts,__broad__,100,1.0,4,11,-0.40748473854324896,-0.16180922749091575,-0.6531602495955822,-0.4560934925129887,-0.35246469765031296,descriptive_no_p_value
GSE136831,broad,consensus,core,TGFB1,ITGB3,macrophages,__broad__,fibroblasts,__broad__,100,1.0,4,11,-0.32092601487675143,-0.16180922749091575,-0.4800428022625889,-0.45692443300076135,-0.23220170431130427,descriptive_no_p_value
GSE136831,broad,consensus,core,TGFB1,ITGB1,macrophages,__broad__,fibroblasts,__broad__,100,1.0,4,11,0.13509577152230534,-0.16180922749091575,0.4320007705355273,0.044049307192663534,0.18568886135200469,descriptive_no_p_value
GSE136831,broad,consensus,core,TGFB1,ITGB5,macrophages,__broad__,fibroblasts,__broad__,100,1.0,4,11,0.023864922547512712,-0.16180922749091575,0.2095390725859403,-0.13644697969397335,0.13208985815764684,descriptive_no_p_value
GSE136831,broad,consensus,core,TGFB1,ITGB8,macrophages,__broad__,fibroblasts,__broad__,100,1.0,4,11,0.30883902531224194,-0.16180922749091575,0.7794872781154014,0.15749030352808635,0.4656175421938782,descriptive_no_p_value
GSE136831,broad,consensus,core,TGFB1,SDC2,macrophages,__broad__,fibroblasts,__broad__,100,1.0,4,11,-0.04944292974697451,-0.16180922749091575,0.06292336799696674,-0.14874506847582047,0.04848166032628498,descriptive_no_p_value
GSE136831,broad,consensus,core,TGFB1,ACVRL1,macrophages,__broad__,fibroblasts,__broad__,100,1.0,4,11,-0.36958697351225656,-0.16180922749091575,-0.5773647195335956,-0.4684169143369523,-0.24066345137497702,descriptive_no_p_value
GSE136831,broad,consensus,core,TGFB1,CXCR4,macrophages,__broad__,fibroblasts,__broad__,100,1.0,4,11,0.31855593237420354,-0.16180922749091575,0.7989210922393215,-0.08139929541488922,0.5848336156915472,descriptive_no_p_value
GSE136831,broad,consensus,core,TGFB1,TGFBR3,macrophages,__broad__,fibroblasts,__broad__,100,1.0,4,11,-0.8769274646464131,-0.16180922749091575,-1.5920457018019087,-0.9894563174181004,-0.782413151536308,descriptive_no_p_value
GSE136831,broad,consensus,core,TGFB1,VASN,macrophages,__broad__,fibroblasts,__broad__,100,1.0,4,11,-0.5607650988634445,-0.16180922749091575,-0.9597209702359724,-0.7230270589480652,-0.46332116700318426,descriptive_no_p_value
GSE136831,broad,consensus,core,IL1A,IL1R1_IL1RAP,macrophages,__broad__,fibroblasts,__broad__,100,1.0,4,11,0.12664516626423428,-0.36256050812553164,0.6158508406540015,0.016587800975361056,0.2654920644419825,descriptive_no_p_value
GSE136831,broad,consensus,core,IL1A,IL1R2_IL1RAP,macrophages,__broad__,fibroblasts,__broad__,100,1.0,4,11,-0.3794522364594415,-0.36256050812553164,-0.39634396479335265,-0.46356087687182335,-0.2326608995111732,descriptive_no_p_value
GSE136831,broad,consensus,core,IL1B,IL1R1_IL1RAP,macrophages,__broad__,fibroblasts,__broad__,100,1.0,4,11,0.026174599053693903,-0.5635016425466111,0.6158508406540015,-0.20065833154938506,0.1265733091005572,descriptive_no_p_value
GSE136831,broad,consensus,core,IL1B,IL1R2_IL1RAP,macrophages,__broad__,fibroblasts,__broad__,100,1.0,4,11,-0.4799228036699823,-0.5635016425466111,-0.39634396479335265,-0.8067718996189219,-0.1483343508568309,descriptive_no_p_value
GSE136831,broad,consensus,core,IL1B,ADRB2,macrophages,__broad__,fibroblasts,__broad__,100,1.0,4,11,0.06388108190897368,-0.5635016425466111,0.6912638063645589,-0.15008960145184425,0.22615693469075504,descriptive_no_p_value
GSE136831,broad,consensus,core,IL1B,SIGIRR,macrophages,__broad__,fibroblasts,__broad__,100,1.0,4,11,-0.6272860822508184,-0.5635016425466111,-0.6910705219550257,-0.7518793228363903,-0.5067227935468086,descriptive_no_p_value
GSE136831,broad,consensus,exploratory,CCL2,CCR1,fibroblasts,__broad__,macrophages,__broad__,100,1.0,4,11,0.41657283163358816,0.3891933273164234,0.4439523359507529,0.24915994152941678,0.6526917324705597,descriptive_no_p_value
GSE136831,broad,consensus,exploratory,CCL2,CCR2,fibroblasts,__broad__,macrophages,__broad__,100,1.0,4,11,0.5462542610489178,0.3891933273164234,0.7033151947814128,0.31354248223739845,0.70936469267295,descriptive_no_p_value
GSE136831,broad,consensus,exploratory,CCL2,CCR10,fibroblasts,__broad__,macrophages,__broad__,100,1.0,4,11,0.3157742831122663,0.3891933273164234,0.2423552389081079,0.16158716342758428,0.40764340410702005,descriptive_no_p_value
GSE136831,broad,consensus,exploratory,CCL2,CCR3,fibroblasts,__broad__,macrophages,__broad__,100,1.0,4,11,0.6801569612973468,0.3891933273164234,0.9711205952782715,0.45484971200498325,0.9201051133993552,descriptive_no_p_value
GSE136831,broad,consensus,exploratory,CCL2,CCR4,fibroblasts,__broad__,macrophages,__broad__,100,1.0,4,11,0.46337502249502593,0.3891933273164234,0.5375567176736289,0.2815387642816982,0.6038328611665134,descriptive_no_p_value
GSE136831,broad,consensus,exploratory,CCL2,CCR5,fibroblasts,__broad__,macrophages,__broad__,100,1.0,4,11,0.9136942415300284,0.3891933273164234,1.438195155743636,0.6676401517681985,1.0958112550581447,descriptive_no_p_value
GSE136831,broad,consensus,exploratory,CCL2,ACKR1,fibroblasts,__broad__,macrophages,__broad__,100,1.0,4,11,0.827715893055001,0.3891933273164234,1.2662384587935809,0.49839029925129097,1.1491110253227035,descriptive_no_p_value
GSE136831,broad,consensus,exploratory,CCL2,ACKR4,fibroblasts,__broad__,macrophages,__broad__,100,1.0,4,11,0.010219872048417677,0.3891933273164234,-0.3687535832195872,-0.20206583059060712,0.2959296613504314,descriptive_no_p_value
GSE136831,broad,consensus,core,AREG,EGFR_ERBB2,macrophages,__broad__,fibroblasts,__broad__,100,1.0,4,11,-0.08336727559808299,-0.437476657423856,0.27074210622768957,-0.1652531958706005,0.0365708072455222,descriptive_no_p_value
GSE136831,broad,consensus,core,AREG,ERBB3,macrophages,__broad__,fibroblasts,__broad__,100,1.0,4,11,-0.08910465124431521,-0.437476657423856,0.2592673549352248,-0.22529677055914643,0.1637397782140244,descriptive_no_p_value
GSE136831,broad,consensus,exploratory,CXCL12,CD4,fibroblasts,__broad__,macrophages,__broad__,100,1.0,4,11,0.9731406152687878,1.5827649286884142,0.36351630184916406,0.7351769575750815,1.1149166661546221,descriptive_no_p_value
GSE136831,broad,consensus,exploratory,CXCL12,ITGB3,fibroblasts,__broad__,macrophages,__broad__,100,1.0,4,11,1.3043686245958996,1.5827649286884142,1.025972320503385,1.0652411777816568,1.6892668906650075,descriptive_no_p_value
GSE136831,broad,consensus,exploratory,CXCL12,ITGB1,fibroblasts,__broad__,macrophages,__broad__,100,1.0,4,11,0.6433669040976904,1.5827649286884142,-0.29603112049302993,0.48284696940905114,0.8419478299745542,descriptive_no_p_value
GSE136831,broad,consensus,exploratory,CXCL12,ITGAV,fibroblasts,__broad__,macrophages,__broad__,100,1.0,4,11,0.6380421688662281,1.5827649286884142,-0.3066805909559589,0.4935174266666307,0.817600868686557,descriptive_no_p_value
GSE136831,broad,consensus,exploratory,CXCL12,ITGA5,fibroblasts,__broad__,macrophages,__broad__,100,1.0,4,11,0.6877127503817073,1.5827649286884142,-0.2073394279249987,0.49157066744291544,0.9920507280361033,descriptive_no_p_value
GSE136831,broad,consensus,exploratory,CXCL12,ITGA4,fibroblasts,__broad__,macrophages,__broad__,100,1.0,4,11,1.2677244768402098,1.5827649286884142,0.9526840249920068,1.1045345720585944,1.4128891327202084,descriptive_no_p_value
GSE136831,broad,consensus,exploratory,CXCL12,ACKR3,fibroblasts,__broad__,macrophages,__broad__,100,1.0,4,11,0.3968252394160512,1.5827649286884142,-0.789114449856311,0.03920227082542205,0.5963880543454696,descriptive_no_p_value
GSE136831,broad,consensus,exploratory,CXCL12,AVPR1A,fibroblasts,__broad__,macrophages,__broad__,100,1.0,4,11,0.5051644529569677,1.5827649286884142,-0.5724360227744776,0.2423339732712031,0.9984390057674488,descriptive_no_p_value
GSE136831,broad,consensus,exploratory,CXCL12,CXCR3,fibroblasts,__broad__,macrophages,__broad__,100,1.0,4,11,0.8724548320950696,1.5827649286884142,0.16214473550172448,0.5824353625583238,1.142506587892462,descriptive_no_p_value
GSE136831,broad,consensus,exploratory,CXCL12,CCR4,fibroblasts,__broad__,macrophages,__broad__,100,1.0,4,11,1.0601608231810213,1.5827649286884142,0.5375567176736289,0.8740526935236843,1.175713771282236,descriptive_no_p_value
GSE136831,broad,consensus,exploratory,CXCL12,CXCR4,fibroblasts,__broad__,macrophages,__broad__,100,1.0,4,11,1.0907304469906167,1.5827649286884142,0.5986959652928192,0.7987398719519181,1.288673135989285,descriptive_no_p_value
GSE136831,broad,consensus,exploratory,CXCL12,GRM7,fibroblasts,__broad__,macrophages,__broad__,100,1.0,4,11,1.0247544088083833,1.5827649286884142,0.46674388892835417,0.8841048743414657,1.1864460667547032,descriptive_no_p_value
GSE136831,broad,consensus,core,HBEGF,EGFR_ERBB2,macrophages,__broad__,fibroblasts,__broad__,100,1.0,4,11,0.10469866442737175,-0.06134477737294741,0.27074210622768957,-0.11807569163831033,0.2510828046489726,descriptive_no_p_value
GSE136831,broad,consensus,core,HBEGF,ERBB2_ERBB4,macrophages,__broad__,fibroblasts,__broad__,100,1.0,4,11,0.1395775985726777,-0.06134477737294741,0.3404999745183024,-0.07157044611123542,0.2839913405227694,descriptive_no_p_value
GSE136831,broad,consensus,core,HBEGF,CD44,macrophages,__broad__,fibroblasts,__broad__,100,1.0,4,11,-0.14227603071745065,-0.06134477737294741,-0.22320728406195123,-0.22243862284119587,-0.03291915232051146,descriptive_no_p_value
GSE136831,broad,consensus,core,HBEGF,PRLR,macrophages,__broad__,fibroblasts,__broad__,100,1.0,4,11,0.4814672532467137,-0.06134477737294741,1.0242792838663737,0.2706875607111132,0.6892252112424342,descriptive_no_p_value
GSE136831,broad,consensus,exploratory,CCL2,ACKR2,fibroblasts,__broad__,macrophages,__broad__,100,1.0,4,11,0.22142813656804172,0.3891933273164234,0.053662945819661356,0.01486623373045326,0.4204918466211174,descriptive_no_p_value
GSE136831,broad,consensus,exploratory,CXCL12,DPP4,fibroblasts,__broad__,macrophages,__broad__,100,1.0,4,11,1.0914816262349971,1.5827649286884142,0.6001983237815791,0.7900467638680042,1.5723488679114994,descriptive_no_p_value
GSE136831,broad,consensus,core,TGFB1,ENG,macrophages,__broad__,fibroblasts,__broad__,100,1.0,4,11,-0.24297162067924738,-0.16180922749091575,-0.32413401386757723,-0.4113920218591183,-0.13290325831013305,descriptive_no_p_value
GSE136831,broad,consensus,core,HBEGF,CD9,macrophages,__broad__,fibroblasts,__broad__,100,1.0,4,11,0.32498080666629736,-0.06134477737294741,0.711306390705543,0.16086396542394255,0.47900747044665515,descriptive_no_p_value
GSE136831,broad,consensus,core,HBEGF,CD82,macrophages,__broad__,fibroblasts,__broad__,100,1.0,4,11,0.36501103211550934,-0.06134477737294741,0.7913668416039643,0.23334837739367753,0.5588490618462396,descriptive_no_p_value
GSE136831,broad,consensus,core,TGFB1,CAV1,macrophages,__broad__,fibroblasts,__broad__,100,1.0,4,11,0.457107187620001,-0.16180922749091575,1.076023602730917,0.06787263495615115,0.8049891944081908,descriptive_no_p_value
GSE136831,broad,consensus,exploratory,CXCL12,SDC4,fibroblasts,__broad__,macrophages,__broad__,100,1.0,4,11,0.6620226703362917,1.5827649286884142,-0.2587195880158317,0.4188462393942878,0.8638030988885754,descriptive_no_p_value
GSE136831,broad,consensus,core,TGFB1,LPP,macrophages,__broad__,fibroblasts,__broad__,100,1.0,4,11,0.11613061065015096,-0.16180922749091575,0.394070448791215,0.04843178888478761,0.18102206998206682,descriptive_no_p_value
GSE136831,broad,cellchatdb,core,IL1B,IL1R2,macrophages,__broad__,fibroblasts,__broad__,100,1.0,4,11,-0.4799228036699823,-0.5635016425466111,-0.39634396479335265,-0.8067718996189219,-0.1483343508568309,descriptive_no_p_value
GSE136831,broad,cellchatdb,core,AREG,EGFR,macrophages,__broad__,fibroblasts,__broad__,100,1.0,4,11,-0.5453184535097204,-0.437476657423856,-0.6531602495955822,-0.618267666889734,-0.40130566693520997,descriptive_no_p_value
GSE136831,broad,cellchatdb,core,HBEGF,EGFR,macrophages,__broad__,fibroblasts,__broad__,100,1.0,4,11,-0.3572525134842648,-0.06134477737294741,-0.6531602495955822,-0.48643112992886905,-0.2456889924427763,descriptive_no_p_value
GSE136831,broad,cellchatdb,core,HBEGF,ERBB4,macrophages,__broad__,fibroblasts,__broad__,100,1.0,4,11,0.43702701704237423,-0.06134477737294741,0.9353988114576959,0.3608617805745533,0.5675619607518403,descriptive_no_p_value
GSE136831,broad,cellchatdb,exploratory,CXCL12,ACKR3,fibroblasts,__broad__,macrophages,__broad__,100,1.0,4,11,0.3968252394160512,1.5827649286884142,-0.789114449856311,0.03920227082542205,0.5963880543454696,descriptive_no_p_value
GSE136831,broad,cellchatdb,exploratory,CCL2,CCR2,fibroblasts,__broad__,macrophages,__broad__,100,1.0,4,11,0.5462542610489178,0.3891933273164234,0.7033151947814128,0.31354248223739845,0.70936469267295,descriptive_no_p_value
GSE136831,broad,cellchatdb,exploratory,CXCL12,CXCR4,fibroblasts,__broad__,macrophages,__broad__,100,1.0,4,11,1.0907304469906167,1.5827649286884142,0.5986959652928192,0.7987398719519181,1.288673135989285,descriptive_no_p_value
GSE136831,broad,cellchatdb,exploratory,CCL2,ACKR1,fibroblasts,__broad__,macrophages,__broad__,100,1.0,4,11,0.827715893055001,0.3891933273164234,1.2662384587935809,0.49839029925129097,1.1491110253227035,descriptive_no_p_value
GSE136831,broad,cellchatdb,exploratory,CCL2,ACKR2,fibroblasts,__broad__,macrophages,__broad__,100,1.0,4,11,0.22142813656804172,0.3891933273164234,0.053662945819661356,0.01486623373045326,0.4204918466211174,descriptive_no_p_value
GSE136831,broad,cellchatdb,core,IL1A,IL1R1_IL1RAP,macrophages,__broad__,fibroblasts,__broad__,100,1.0,4,11,0.12664516626423428,-0.36256050812553164,0.6158508406540015,0.016587800975361056,0.2654920644419825,descriptive_no_p_value
GSE136831,broad,cellchatdb,core,IL1B,IL1R1_IL1RAP,macrophages,__broad__,fibroblasts,__broad__,100,1.0,4,11,0.026174599053693903,-0.5635016425466111,0.6158508406540015,-0.20065833154938506,0.1265733091005572,descriptive_no_p_value
GSE136831,broad,cellchatdb,core,TGFB1,TGFBR1_TGFBR2,macrophages,__broad__,fibroblasts,__broad__,100,1.0,4,11,-0.22570528740533025,-0.16180922749091575,-0.2896013473197421,-0.3686906941849877,-0.1434898793157604,descriptive_no_p_value
GSE136831,broad,cellchatdb,core,IL1A,IL1R2,macrophages,__broad__,fibroblasts,__broad__,100,1.0,4,11,-0.3794522364594415,-0.36256050812553164,-0.39634396479335265,-0.46356087687182335,-0.2326608995111732,descriptive_no_p_value
GSE136831,broad,cellchatdb,core,TGFB1,ACVR1B_TGFBR2,macrophages,__broad__,fibroblasts,__broad__,100,1.0,4,11,-0.09530133969319365,-0.16180922749091575,-0.02879345189547511,-0.24153449836621377,-0.01961624619292035,descriptive_no_p_value
GSE136831,broad,cellchatdb,core,TGFB1,ACVR1C_TGFBR2,macrophages,__broad__,fibroblasts,__broad__,100,1.0,4,11,0.7025441216606958,-0.16180922749091575,1.5668974708123091,0.5199470419894427,0.8729790973606972,descriptive_no_p_value
GSE136831,broad,cellchatdb,core,TGFB1,ACVR1_TGFBR1_TGFBR2,macrophages,__broad__,fibroblasts,__broad__,100,1.0,4,11,0.4260468335293721,-0.16180922749091575,1.0139028945496609,0.32567178115668494,0.5014801441453542,descriptive_no_p_value
GSE136831,broad,cellchatdb,core,AREG,EGFR_ERBB2,macrophages,__broad__,fibroblasts,__broad__,100,1.0,4,11,-0.08336727559808299,-0.437476657423856,0.27074210622768957,-0.1652531958706005,0.0365708072455222,descriptive_no_p_value
GSE136831,broad,cellchatdb,core,HBEGF,EGFR_ERBB2,macrophages,__broad__,fibroblasts,__broad__,100,1.0,4,11,0.10469866442737175,-0.06134477737294741,0.27074210622768957,-0.11807569163831033,0.2510828046489726,descriptive_no_p_value
GSE136831,broad,cellchatdb,core,HBEGF,ERBB2_ERBB4,macrophages,__broad__,fibroblasts,__broad__,100,1.0,4,11,0.1395775985726777,-0.06134477737294741,0.3404999745183024,-0.07157044611123542,0.2839913405227694,descriptive_no_p_value
GSE136831,subtype,consensus,core,TGFB1,ITGAV_ITGB6,macrophages,Macrophage,fibroblasts,Fibroblast,100,1.0,3,5,-0.1783647642480819,-0.14000918163432097,-0.21672034686184105,-0.32173434347106067,-0.002205788314950219,descriptive_no_p_value
GSE136831,subtype,consensus,core,TGFB1,ITGAV_ITGB6,macrophages,Macrophage_Alveolar,fibroblasts,Fibroblast,100,1.0,3,3,-0.08834657758068065,-0.24307556408270692,0.0663824089213465,-0.20912466622892634,-0.0016832930446009087,descriptive_no_p_value
GSE136831,subtype,consensus,core,TGFB1,ACVR1B_TGFBR2,macrophages,Macrophage,fibroblasts,Fibroblast,100,1.0,3,5,0.03207005956654285,-0.14000918163432097,0.20414930076740578,-0.11307153751189691,0.19606505058739288,descriptive_no_p_value
GSE136831,subtype,consensus,core,TGFB1,ACVR1B_TGFBR2,macrophages,Macrophage_Alveolar,fibroblasts,Fibroblast,100,1.0,3,3,0.04387480585295034,-0.24307556408270692,0.3308251757886067,-0.07867530065075545,0.11837410547674931,descriptive_no_p_value
GSE136831,subtype,consensus,core,TGFB1,TGFBR1_TGFBR2,macrophages,Macrophage,fibroblasts,Fibroblast,100,1.0,3,5,-0.04894474277779892,-0.14000918163432097,0.04211969607872312,-0.29457472191597844,0.10071239386437725,descriptive_no_p_value
GSE136831,subtype,consensus,core,TGFB1,TGFBR1_TGFBR2,macrophages,Macrophage_Alveolar,fibroblasts,Fibroblast,100,1.0,3,3,-0.0777345109630776,-0.24307556408270692,0.0876065421565535,-0.25646028927894005,0.040829822107662395,descriptive_no_p_value
GSE136831,subtype,consensus,core,TGFB1,ACVR1_TGFBR1_TGFBR2,macrophages,Macrophage,fibroblasts,Fibroblast,100,1.0,3,5,0.38426867599033443,-0.14000918163432097,0.9085465336149889,0.26219687864487273,0.5506019506833892,descriptive_no_p_value
GSE136831,subtype,consensus,core,TGFB1,ACVR1_TGFBR1_TGFBR2,macrophages,Macrophage_Alveolar,fibroblasts,Fibroblast,100,1.0,3,3,0.0935101853836624,-0.24307556408270692,0.4300959348500335,-0.13175191088528404,0.3905630601395931,descriptive_no_p_value
GSE136831,subtype,consensus,core,TGFB1,ACVR1_TGFBR2,macrophages,Macrophage,fibroblasts,Fibroblast,100,1.0,3,5,0.3996234749509666,-0.14000918163432097,0.9392561315362551,0.26219687864487273,0.5697954493841797,descriptive_no_p_value
GSE136831,subtype,consensus,core,TGFB1,ACVR1_TGFBR2,macrophages,Macrophage_Alveolar,fibroblasts,Fibroblast,100,1.0,3,3,0.0935101853836624,-0.24307556408270692,0.4300959348500335,-0.13175191088528404,0.3905630601395931,descriptive_no_p_value
GSE136831,subtype,consensus,core,TGFB1,ACVR1C_TGFBR2,macrophages,Macrophage,fibroblasts,Fibroblast,100,1.0,3,5,0.6758056842641356,-0.14000918163432097,1.4916205501625939,0.464439062085102,0.8567432601966152,descriptive_no_p_value
GSE136831,subtype,consensus,core,TGFB1,ACVR1C_TGFBR2,macrophages,Macrophage_Alveolar,fibroblasts,Fibroblast,100,1.0,3,3,0.9175398401563961,-0.24307556408270692,2.0781552443954974,0.7287647085520961,1.061657417839725,descriptive_no_p_value
GSE136831,subtype,consensus,core,TGFB1,EGFR,macrophages,Macrophage,fibroblasts,Fibroblast,100,1.0,3,5,-0.026741034741973202,-0.14000918163432097,0.08652711215037279,-0.10419368417972041,0.043793195426141907,descriptive_no_p_value
GSE136831,subtype,consensus,core,TGFB1,EGFR,macrophages,Macrophage_Alveolar,fibroblasts,Fibroblast,100,1.0,3,3,0.032158135302808866,-0.24307556408270692,0.3073918346883229,-0.014023695143734471,0.09191285957447803,descriptive_no_p_value
GSE136831,subtype,consensus,core,TGFB1,ITGB3,macrophages,Macrophage,fibroblasts,Fibroblast,100,1.0,3,5,0.08451153230613606,-0.14000918163432097,0.3090322462465944,-0.12353544962962548,0.2511167738835214,descriptive_no_p_value
GSE136831,subtype,consensus,core,TGFB1,ITGB3,macrophages,Macrophage_Alveolar,fibroblasts,Fibroblast,100,1.0,3,3,-0.3925517214920884,-0.24307556408270692,-0.5420278789014694,-0.4688420981862498,-0.3081912494108936,descriptive_no_p_value
GSE136831,subtype,consensus,core,TGFB1,ITGB1,macrophages,Macrophage,fibroblasts,Fibroblast,100,1.0,3,5,0.18091387187560048,-0.14000918163432097,0.5018369253855237,0.004688575353676505,0.2903536494568524,descriptive_no_p_value
GSE136831,subtype,consensus,core,TGFB1,ITGB1,macrophages,Macrophage_Alveolar,fibroblasts,Fibroblast,100,1.0,3,3,-0.07822613212343921,-0.24307556408270692,0.08662329983582762,-0.19588740881924327,0.01949105838816223,descriptive_no_p_value
GSE136831,subtype,consensus,core,TGFB1,ITGB5,macrophages,Macrophage,fibroblasts,Fibroblast,100,1.0,3,5,0.04438947906887858,-0.14000918163432097,0.22878813977207546,-0.19776929103419505,0.26196833533757236,descriptive_no_p_value
GSE136831,subtype,consensus,core,TGFB1,ITGB5,macrophages,Macrophage_Alveolar,fibroblasts,Fibroblast,100,1.0,3,3,-0.007711380559121572,-0.24307556408270692,0.22765280296446555,-0.18296594983987813,0.12037178431252205,descriptive_no_p_value
GSE136831,subtype,consensus,core,TGFB1,ITGB8,macrophages,Macrophage,fibroblasts,Fibroblast,100,1.0,3,5,-0.02167359257771384,-0.14000918163432097,0.09666199647889417,-0.23032059253523052,0.1788319360226147,descriptive_no_p_value
GSE136831,subtype,consensus,core,TGFB1,ITGB8,macrophages,Macrophage_Alveolar,fibroblasts,Fibroblast,100,1.0,3,3,0.08074680956422586,-0.24307556408270692,0.40456918321115865,-0.21739588179034097,0.3481565389868706,descriptive_no_p_value
GSE136831,subtype,consensus,core,TGFB1,SDC2,macrophages,Macrophage,fibroblasts,Fibroblast,100,1.0,3,5,0.2455272777741424,-0.14000918163432097,0.631063737182604,0.07503021140964616,0.3887853656567284,descriptive_no_p_value
GSE136831,subtype,consensus,core,TGFB1,SDC2,macrophages,Macrophage_Alveolar,fibroblasts,Fibroblast,100,1.0,3,3,-0.04304440073469262,-0.24307556408270692,0.15698676261332256,-0.1466372662768718,0.12280517772262822,descriptive_no_p_value
GSE136831,subtype,consensus,core,TGFB1,ACVRL1,macrophages,Macrophage,fibroblasts,Fibroblast,100,1.0,3,5,0.09357132018394854,-0.14000918163432097,0.3271518220022207,-0.062415774670482094,0.34200116332363706,descriptive_no_p_value
GSE136831,subtype,consensus,core,TGFB1,ACVRL1,macrophages,Macrophage_Alveolar,fibroblasts,Fibroblast,100,1.0,3,3,0.327293771974289,-0.24307556408270692,0.8976631080312831,0.13758617143807594,0.5983151056887106,descriptive_no_p_value
GSE136831,subtype,consensus,core,TGFB1,CXCR4,macrophages,Macrophage,fibroblasts,Fibroblast,100,1.0,3,5,0.7580302416526523,-0.14000918163432097,1.6560696649396283,0.3025165070963709,1.14356182109821,descriptive_no_p_value
GSE136831,subtype,consensus,core,TGFB1,CXCR4,macrophages,Macrophage_Alveolar,fibroblasts,Fibroblast,100,1.0,3,3,0.7482642771635275,-0.24307556408270692,1.739604118409762,0.3596547434295623,1.1563873471838182,descriptive_no_p_value
GSE136831,subtype,consensus,core,TGFB1,TGFBR3,macrophages,Macrophage,fibroblasts,Fibroblast,100,1.0,3,5,-0.4884834163310128,-0.14000918163432097,-0.8369576510277028,-0.6533807118367196,-0.3934130182333231,descriptive_no_p_value
GSE136831,subtype,consensus,core,TGFB1,TGFBR3,macrophages,Macrophage_Alveolar,fibroblasts,Fibroblast,100,1.0,3,3,-0.5323274305224217,-0.24307556408270692,-0.8215792969621347,-0.6758233644899576,-0.41466554184999715,descriptive_no_p_value
GSE136831,subtype,consensus,core,TGFB1,VASN,macrophages,Macrophage,fibroblasts,Fibroblast,100,1.0,3,5,-0.15509175814068055,-0.14000918163432097,-0.17017433464703835,-0.3635792029068545,-0.04226166640337681,descriptive_no_p_value
GSE136831,subtype,consensus,core,TGFB1,VASN,macrophages,Macrophage_Alveolar,fibroblasts,Fibroblast,100,1.0,3,3,-0.17045928119830567,-0.24307556408270692,-0.09784299831390708,-0.35635523538974656,-0.007897727347119243,descriptive_no_p_value
GSE136831,subtype,consensus,core,IL1A,IL1R1_IL1RAP,macrophages,Macrophage,fibroblasts,Fibroblast,100,1.0,3,5,0.9790065115934499,0.6979405689311946,1.2600724542557051,0.6835250013903558,1.3641380501482194,descriptive_no_p_value
GSE136831,subtype,consensus,core,IL1A,IL1R1_IL1RAP,macrophages,Macrophage_Alveolar,fibroblasts,Fibroblast,100,1.0,3,3,1.0514949384595473,0.8560625728752331,1.2469273040438589,0.9086960351471003,1.2838034153783395,descriptive_no_p_value
GSE136831,subtype,consensus,core,IL1A,IL1R2_IL1RAP,macrophages,Macrophage,fibroblasts,Fibroblast,100,1.0,3,5,0.2420418561554034,0.6979405689311946,-0.21385685662038822,-0.2598904763411465,0.9668680322173429,descriptive_no_p_value
GSE136831,subtype,consensus,core,IL1A,IL1R2_IL1RAP,macrophages,Macrophage_Alveolar,fibroblasts,Fibroblast,100,1.0,3,3,0.3931179230943451,0.8560625728752331,-0.06982672668654377,0.12056347638862253,0.6398147151747304,descriptive_no_p_value
GSE136831,subtype,consensus,core,IL1B,IL1R1_IL1RAP,macrophages,Macrophage,fibroblasts,Fibroblast,100,1.0,3,5,0.2922567015428781,-0.6755590511699516,1.2600724542557051,0.07363179490179927,0.6323816014139538,descriptive_no_p_value
GSE136831,subtype,consensus,core,IL1B,IL1R1_IL1RAP,macrophages,Macrophage_Alveolar,fibroblasts,Fibroblast,100,1.0,3,3,0.8536364251875348,0.46034554633120894,1.2469273040438589,0.6122935010404023,1.2934204926239694,descriptive_no_p_value
GSE136831,subtype,consensus,core,IL1B,IL1R2_IL1RAP,macrophages,Macrophage,fibroblasts,Fibroblast,100,1.0,3,5,-0.4447079538951684,-0.6755590511699516,-0.21385685662038822,-0.8697836828297021,0.2351115834830786,descriptive_no_p_value
GSE136831,subtype,consensus,core,IL1B,IL1R2_IL1RAP,macrophages,Macrophage_Alveolar,fibroblasts,Fibroblast,100,1.0,3,3,0.19525940982233347,0.46034554633120894,-0.06982672668654377,-0.1793273295385136,0.4285926549653132,descriptive_no_p_value
GSE136831,subtype,consensus,core,IL1B,ADRB2,macrophages,Macrophage,fibroblasts,Fibroblast,100,1.0,3,5,-0.03147552544608079,-0.6755590511699516,0.6126080002777903,-0.42827864201020205,0.4122502680354607,descriptive_no_p_value
GSE136831,subtype,consensus,core,IL1B,ADRB2,macrophages,Macrophage_Alveolar,fibroblasts,Fibroblast,100,1.0,3,3,0.42640301173673123,0.46034554633120894,0.39246047714225196,0.24834498181797615,0.6880088692501234,descriptive_no_p_value
GSE136831,subtype,consensus,core,IL1B,SIGIRR,macrophages,Macrophage,fibroblasts,Fibroblast,100,1.0,3,5,-0.5871640677944923,-0.6755590511699516,-0.498769084419032,-0.9572842860090809,-0.23217893478256357,descriptive_no_p_value
GSE136831,subtype,consensus,core,IL1B,SIGIRR,macrophages,Macrophage_Alveolar,fibroblasts,Fibroblast,100,1.0,3,3,-0.12537617145697943,0.46034554633120894,-0.7110978892451705,-0.30895708160543034,0.16291258440594358,descriptive_no_p_value
GSE136831,subtype,consensus,exploratory,CCL2,CCR1,fibroblasts,Fibroblast,macrophages,Macrophage,100,1.0,3,5,0.5105536972418836,0.2092055851423673,0.8119018093414008,0.3413469940990357,0.7690655662705481,descriptive_no_p_value
GSE136831,subtype,consensus,exploratory,CCL2,CCR1,fibroblasts,Fibroblast,macrophages,Macrophage_Alveolar,100,1.0,3,3,0.5630189195829871,0.9852820202959691,0.14075581887000332,0.2804992961441686,0.8558906588212718,descriptive_no_p_value
GSE136831,subtype,consensus,exploratory,CCL2,CCR2,fibroblasts,Fibroblast,macrophages,Macrophage,100,1.0,3,5,0.3940753426250829,0.2092055851423673,0.5789451001077963,0.1710275407325046,0.5809642577274765,descriptive_no_p_value
GSE136831,subtype,consensus,exploratory,CCL2,CCR2,fibroblasts,Fibroblast,macrophages,Macrophage_Alveolar,100,1.0,3,3,1.0163530860423657,0.9852820202959691,1.0474241517887601,0.6801287513684464,1.2868706933503464,descriptive_no_p_value
GSE136831,subtype,consensus,exploratory,CCL2,CCR10,fibroblasts,Fibroblast,macrophages,Macrophage,100,1.0,3,5,0.37894679650350493,0.2092055851423673,0.5486880078646406,0.18767971984231036,0.5409642806257731,descriptive_no_p_value
GSE136831,subtype,consensus,exploratory,CCL2,CCR10,fibroblasts,Fibroblast,macrophages,Macrophage_Alveolar,100,1.0,3,3,0.5292316853211974,0.9852820202959691,0.07318135034642637,0.484993482880987,0.6094601088193219,descriptive_no_p_value
GSE136831,subtype,consensus,exploratory,CCL2,CCR3,fibroblasts,Fibroblast,macrophages,Macrophage,100,1.0,3,5,0.6104768344137428,0.2092055851423673,1.01174808368512,0.39382745208498626,0.8705502823527667,descriptive_no_p_value
GSE136831,subtype,consensus,exploratory,CCL2,CCR3,fibroblasts,Fibroblast,macrophages,Macrophage_Alveolar,100,1.0,3,3,0.74592125399686,0.9852820202959691,0.5065604876977496,0.5691118487078537,0.8350537592800302,descriptive_no_p_value
GSE136831,subtype,consensus,exploratory,CCL2,CCR4,fibroblasts,Fibroblast,macrophages,Macrophage,100,1.0,3,5,0.8381706122693657,0.2092055851423673,1.4671356393963653,0.5006183159238669,1.0657106440588398,descriptive_no_p_value
GSE136831,subtype,consensus,exploratory,CCL2,CCR4,fibroblasts,Fibroblast,macrophages,Macrophage_Alveolar,100,1.0,3,3,0.38477675597633754,0.9852820202959691,-0.21572850834329627,-0.021559128822872253,0.7555666920527031,descriptive_no_p_value
GSE136831,subtype,consensus,exploratory,CCL2,CCR5,fibroblasts,Fibroblast,macrophages,Macrophage,100,1.0,3,5,0.5951765665431905,0.2092055851423673,0.981147547944013,0.3904639404633867,0.826822114484929,descriptive_no_p_value
GSE136831,subtype,consensus,exploratory,CCL2,CCR5,fibroblasts,Fibroblast,macrophages,Macrophage_Alveolar,100,1.0,3,3,1.024479755339879,0.9852820202959691,1.063677490383789,0.6264294459998156,1.5909260556439762,descriptive_no_p_value
GSE136831,subtype,consensus,exploratory,CCL2,ACKR1,fibroblasts,Fibroblast,macrophages,Macrophage,100,1.0,3,5,0.7053313735532338,0.2092055851423673,1.201457161964099,0.21323121739549133,1.1473440898598355,descriptive_no_p_value
GSE136831,subtype,consensus,exploratory,CCL2,ACKR1,fibroblasts,Fibroblast,macrophages,Macrophage_Alveolar,100,1.0,3,3,1.5032925608862957,0.9852820202959691,2.0213031014766214,0.8886624359993993,2.134722004864284,descriptive_no_p_value
GSE136831,subtype,consensus,exploratory,CCL2,ACKR4,fibroblasts,Fibroblast,macrophages,Macrophage,100,1.0,3,5,0.07514996101178673,0.2092055851423673,-0.05890566311879519,-0.16486637658374192,0.4975002232759156,descriptive_no_p_value
GSE136831,subtype,consensus,exploratory,CCL2,ACKR4,fibroblasts,Fibroblast,macrophages,Macrophage_Alveolar,100,1.0,3,3,0.2115304804594551,0.9852820202959691,-0.56222105937706,0.0602883526478708,0.46281376073738834,descriptive_no_p_value
GSE136831,subtype,consensus,core,AREG,EGFR_ERBB2,macrophages,Macrophage,fibroblasts,Fibroblast,100,1.0,3,5,-0.199148178896162,-0.31842053492730393,-0.07987582286502182,-0.44583720114800407,0.19387658840641642,descriptive_no_p_value
GSE136831,subtype,consensus,core,AREG,EGFR_ERBB2,macrophages,Macrophage_Alveolar,fibroblasts,Fibroblast,100,1.0,3,3,0.09113331508138955,-0.08047717906349305,0.26274380922627394,-0.17141838791883401,0.5085053429419126,descriptive_no_p_value
GSE136831,subtype,consensus,core,AREG,ERBB3,macrophages,Macrophage,fibroblasts,Fibroblast,100,1.0,3,5,0.052508332169873384,-0.31842053492730393,0.4234371992670477,-0.15802755845796668,0.3832038690369082,descriptive_no_p_value
GSE136831,subtype,consensus,core,AREG,ERBB3,macrophages,Macrophage_Alveolar,fibroblasts,Fibroblast,100,1.0,3,3,-0.08786111376623529,-0.08047717906349305,-0.09524504846897663,-0.33831344610581926,0.26718168365874373,descriptive_no_p_value
GSE136831,subtype,consensus,exploratory,CXCL12,CD4,fibroblasts,Fibroblast,macrophages,Macrophage,100,1.0,3,5,1.379683276705042,1.9022511684166812,0.8571153849934046,1.055736142323239,1.5874184117203631,descriptive_no_p_value
GSE136831,subtype,consensus,exploratory,CXCL12,CD4,fibroblasts,Fibroblast,macrophages,Macrophage_Alveolar,100,1.0,3,3,0.9517514065095192,1.7603388932699726,0.14316391974906395,0.5668016473866793,1.2007720851006924,descriptive_no_p_value
GSE136831,subtype,consensus,exploratory,CXCL12,ITGB3,fibroblasts,Fibroblast,macrophages,Macrophage,100,1.0,3,5,1.1702981365576726,1.9022511684166812,0.43834510469866217,0.704708963356147,1.5299702035243765,descriptive_no_p_value
GSE136831,subtype,consensus,exploratory,CXCL12,ITGB3,fibroblasts,Fibroblast,macrophages,Macrophage_Alveolar,100,1.0,3,3,1.5597437111941108,1.7603388932699726,1.3591485291182486,1.1375925491047316,1.773553274606944,descriptive_no_p_value
GSE136831,subtype,consensus,exploratory,CXCL12,ITGB1,fibroblasts,Fibroblast,macrophages,Macrophage,100,1.0,3,5,0.6527183694281415,1.9022511684166812,-0.5968144295603981,0.37124323688068106,0.8496627778144061,descriptive_no_p_value
GSE136831,subtype,consensus,exploratory,CXCL12,ITGB1,fibroblasts,Fibroblast,macrophages,Macrophage_Alveolar,100,1.0,3,3,0.7213221387755606,1.7603388932699726,-0.31769461571885316,0.39090298762504894,0.9160392525624035,descriptive_no_p_value
GSE136831,subtype,consensus,exploratory,CXCL12,ITGAV,fibroblasts,Fibroblast,macrophages,Macrophage,100,1.0,3,5,0.7985102640877049,1.9022511684166812,-0.30523064024127144,0.540412386687712,1.0022407415054895,descriptive_no_p_value
GSE136831,subtype,consensus,exploratory,CXCL12,ITGAV,fibroblasts,Fibroblast,macrophages,Macrophage_Alveolar,100,1.0,3,3,0.8195435383829421,1.7603388932699726,-0.12125181650409012,0.5531636422137352,1.0219171620597125,descriptive_no_p_value
GSE136831,subtype,consensus,exploratory,CXCL12,ITGA5,fibroblasts,Fibroblast,macrophages,Macrophage,100,1.0,3,5,0.738588598986432,1.9022511684166812,-0.4250739704438189,0.4114676734573708,1.1274130266042954,descriptive_no_p_value
GSE136831,subtype,consensus,exploratory,CXCL12,ITGA5,fibroblasts,Fibroblast,macrophages,Macrophage_Alveolar,100,1.0,3,3,0.7253748774344357,1.7603388932699726,-0.3095891384011038,0.35424396845404527,1.0445913349745384,descriptive_no_p_value
GSE136831,subtype,consensus,exploratory,CXCL12,ITGA4,fibroblasts,Fibroblast,macrophages,Macrophage,100,1.0,3,5,1.2488944457275597,1.9022511684166812,0.595537723038436,0.9072387310276842,1.5555488980801742,descriptive_no_p_value
GSE136831,subtype,consensus,exploratory,CXCL12,ITGA4,fibroblasts,Fibroblast,macrophages,Macrophage_Alveolar,100,1.0,3,3,0.973058550574391,1.7603388932699726,0.18577820787881016,0.7440171754877074,1.2054848404183947,descriptive_no_p_value
GSE136831,subtype,consensus,exploratory,CXCL12,ACKR3,fibroblasts,Fibroblast,macrophages,Macrophage,100,1.0,3,5,1.02556500162612,1.9022511684166812,0.14887883483555608,0.44611588792414825,1.5230238625687065,descriptive_no_p_value
GSE136831,subtype,consensus,exploratory,CXCL12,ACKR3,fibroblasts,Fibroblast,macrophages,Macrophage_Alveolar,100,1.0,3,3,0.8533228469997454,1.7603388932699726,-0.05369319927048544,0.3814072950593195,1.1096842401489795,descriptive_no_p_value
GSE136831,subtype,consensus,exploratory,CXCL12,AVPR1A,fibroblasts,Fibroblast,macrophages,Macrophage,100,1.0,3,5,0.9176923077377277,1.9022511684166812,-0.06686655294122668,0.3393564175339576,1.5739953969714053,descriptive_no_p_value
GSE136831,subtype,consensus,exploratory,CXCL12,AVPR1A,fibroblasts,Fibroblast,macrophages,Macrophage_Alveolar,100,1.0,3,3,0.4055089386295536,1.7603388932699726,-0.9493210160108665,0.026004007174626143,0.9097385524200936,descriptive_no_p_value
GSE136831,subtype,consensus,exploratory,CXCL12,CXCR3,fibroblasts,Fibroblast,macrophages,Macrophage,100,1.0,3,5,1.5309301133462863,1.9022511684166812,1.1596090582758904,1.3180627067803714,1.7692425208890188,descriptive_no_p_value
GSE136831,subtype,consensus,exploratory,CXCL12,CXCR3,fibroblasts,Fibroblast,macrophages,Macrophage_Alveolar,100,1.0,3,3,0.8599501591502745,1.7603388932699726,-0.0404385749694236,0.38123974910991487,1.327054017619582,descriptive_no_p_value
GSE136831,subtype,consensus,exploratory,CXCL12,CCR4,fibroblasts,Fibroblast,macrophages,Macrophage,100,1.0,3,5,1.6846934039065236,1.9022511684166812,1.4671356393963653,1.530196272985512,1.801705646662409,descriptive_no_p_value
GSE136831,subtype,consensus,exploratory,CXCL12,CCR4,fibroblasts,Fibroblast,macrophages,Macrophage_Alveolar,100,1.0,3,3,0.7723051924633388,1.7603388932699726,-0.21572850834329627,0.3754078388891813,1.0657829308276487,descriptive_no_p_value
GSE136831,subtype,consensus,exploratory,CXCL12,CXCR4,fibroblasts,Fibroblast,macrophages,Macrophage,100,1.0,3,5,1.3107300663739023,1.9022511684166812,0.7192089643311235,0.9279081778542704,1.8361425730633867,descriptive_no_p_value
GSE136831,subtype,consensus,exploratory,CXCL12,CXCR4,fibroblasts,Fibroblast,macrophages,Macrophage_Alveolar,100,1.0,3,3,1.398334310549175,1.7603388932699726,1.03632972782838,1.0159415339204871,1.8952773990721594,descriptive_no_p_value
GSE136831,subtype,consensus,exploratory,CXCL12,GRM7,fibroblasts,Fibroblast,macrophages,Macrophage,100,1.0,3,5,1.2640789391675202,1.9022511684166812,0.6259067099183584,1.0266210759627112,1.4899551638323718,descriptive_no_p_value
GSE136831,subtype,consensus,exploratory,CXCL12,GRM7,fibroblasts,Fibroblast,macrophages,Macrophage_Alveolar,100,1.0,3,3,0.9943237410634813,1.7603388932699726,0.22830858885698957,0.7351020077261161,1.2349591232327612,descriptive_no_p_value
GSE136831,subtype,consensus,core,HBEGF,EGFR_ERBB2,macrophages,Macrophage,fibroblasts,Fibroblast,100,1.0,3,5,0.10262723370754401,0.28513029028010983,-0.07987582286502182,-0.17449170276727433,0.49603477131250084,descriptive_no_p_value
GSE136831,subtype,consensus,core,HBEGF,EGFR_ERBB2,macrophages,Macrophage_Alveolar,fibroblasts,Fibroblast,100,1.0,3,3,0.03636516222795105,-0.19001348477037183,0.26274380922627394,-0.16838999154940648,0.24741804464727757,descriptive_no_p_value
GSE136831,subtype,consensus,core,HBEGF,ERBB2_ERBB4,macrophages,Macrophage,fibroblasts,Fibroblast,100,1.0,3,5,0.12624541466663963,0.28513029028010983,-0.032639460946831456,-0.13906443132863178,0.49603477131250084,descriptive_no_p_value
GSE136831,subtype,consensus,core,HBEGF,ERBB2_ERBB4,macrophages,Macrophage_Alveolar,fibroblasts,Fibroblast,100,1.0,3,3,0.05998334318704579,-0.19001348477037183,0.3099801711444643,-0.14477181059031174,0.254225609295343,descriptive_no_p_value
GSE136831,subtype,consensus,core,HBEGF,CD44,macrophages,Macrophage,fibroblasts,Fibroblast,100,1.0,3,5,0.07760984952257388,0.28513029028010983,-0.1299105912349603,-0.01119517837730477,0.15142526334613393,descriptive_no_p_value
GSE136831,subtype,consensus,core,HBEGF,CD44,macrophages,Macrophage_Alveolar,fibroblasts,Fibroblast,100,1.0,3,3,-0.20297262316809483,-0.19001348477037183,-0.21593176156581606,-0.33611327236270494,-0.0671817583070915,descriptive_no_p_value
GSE136831,subtype,consensus,core,HBEGF,PRLR,macrophages,Macrophage,fibroblasts,Fibroblast,100,1.0,3,5,0.28872849263165845,0.28513029028010983,0.2923266949832076,0.04776268778084214,0.6198067998010712,descriptive_no_p_value
GSE136831,subtype,consensus,core,HBEGF,PRLR,macrophages,Macrophage_Alveolar,fibroblasts,Fibroblast,100,1.0,3,3,0.05948631368323554,-0.19001348477037183,0.30898611213684457,-0.12403376592064008,0.4202167874228322,descriptive_no_p_value
GSE136831,subtype,consensus,exploratory,CCL2,ACKR2,fibroblasts,Fibroblast,macrophages,Macrophage,100,1.0,3,5,0.45361756082743154,0.2092055851423673,0.6980295365124953,-0.12148311822511104,0.8906636328850968,descriptive_no_p_value
GSE136831,subtype,consensus,exploratory,CCL2,ACKR2,fibroblasts,Fibroblast,macrophages,Macrophage_Alveolar,100,1.0,3,3,0.9279735036563457,0.9852820202959691,0.8706649870167218,0.5313937456060369,1.3323745814010302,descriptive_no_p_value
GSE136831,subtype,consensus,exploratory,CXCL12,DPP4,fibroblasts,Fibroblast,macrophages,Macrophage,100,1.0,3,5,0.7422488229084423,1.9022511684166812,-0.4177535225997988,0.16019729654716386,1.2025896133295682,descriptive_no_p_value
GSE136831,subtype,consensus,exploratory,CXCL12,DPP4,fibroblasts,Fibroblast,macrophages,Macrophage_Alveolar,100,1.0,3,3,0.20902876777836132,1.7603388932699726,-1.3422813577132504,-0.4462037199253772,0.7291991998032519,descriptive_no_p_value
GSE136831,subtype,consensus,core,TGFB1,ENG,macrophages,Macrophage,fibroblasts,Fibroblast,100,1.0,3,5,-0.21742135808161223,-0.14000918163432097,-0.2948335345289017,-0.40224204958939414,-0.005769466274865742,descriptive_no_p_value
GSE136831,subtype,consensus,core,TGFB1,ENG,macrophages,Macrophage_Alveolar,fibroblasts,Fibroblast,100,1.0,3,3,-0.26548221394571314,-0.24307556408270692,-0.28788886380872025,-0.42771141487876196,-0.1433260135360186,descriptive_no_p_value
GSE136831,subtype,consensus,core,HBEGF,CD9,macrophages,Macrophage,fibroblasts,Fibroblast,100,1.0,3,5,0.40489603122053275,0.28513029028010983,0.524661772160953,0.21797560913785752,0.6641384366991048,descriptive_no_p_value
GSE136831,subtype,consensus,core,HBEGF,CD9,macrophages,Macrophage_Alveolar,fibroblasts,Fibroblast,100,1.0,3,3,0.5551758018331547,-0.19001348477037183,1.3003650884366822,0.41416474605026377,0.697153006147774,descriptive_no_p_value
GSE136831,subtype,consensus,core,HBEGF,CD82,macrophages,Macrophage,fibroblasts,Fibroblast,100,1.0,3,5,-0.16932961076141861,0.28513029028010983,-0.6237895118029462,-0.31142120423922925,-0.05361224558141586,descriptive_no_p_value
GSE136831,subtype,consensus,core,HBEGF,CD82,macrophages,Macrophage_Alveolar,fibroblasts,Fibroblast,100,1.0,3,3,-0.2671297747471266,-0.19001348477037183,-0.3442460647238801,-0.4201375953711164,-0.068230203597472,descriptive_no_p_value
GSE136831,subtype,consensus,core,TGFB1,CAV1,macrophages,Macrophage,fibroblasts,Fibroblast,100,1.0,3,5,0.42179881391932916,-0.14000918163432097,0.9836068094729828,-0.18752909132277384,0.9961750685523789,descriptive_no_p_value
GSE136831,subtype,consensus,core,TGFB1,CAV1,macrophages,Macrophage_Alveolar,fibroblasts,Fibroblast,100,1.0,3,3,0.1971886792971631,-0.24307556408270692,0.637452922677034,-0.3895477353702059,0.6820692425331618,descriptive_no_p_value
GSE136831,subtype,consensus,exploratory,CXCL12,SDC4,fibroblasts,Fibroblast,macrophages,Macrophage,100,1.0,3,5,0.8405404382254487,1.9022511684166812,-0.22117029196578475,0.4180194977688858,1.2069627951913153,descriptive_no_p_value
GSE136831,subtype,consensus,exploratory,CXCL12,SDC4,fibroblasts,Fibroblast,macrophages,Macrophage_Alveolar,100,1.0,3,3,0.8896810192635698,1.7603388932699726,0.019023145257166973,0.5089202890240454,1.1790876072778351,descriptive_no_p_value
GSE136831,subtype,consensus,core,TGFB1,LPP,macrophages,Macrophage,fibroblasts,Fibroblast,100,1.0,3,5,0.1021553077775792,-0.14000918163432097,0.34431979718947936,0.0015801675433397833,0.21519018787994248,descriptive_no_p_value
GSE136831,subtype,consensus,core,TGFB1,LPP,macrophages,Macrophage_Alveolar,fibroblasts,Fibroblast,100,1.0,3,3,0.05272135028785918,-0.24307556408270692,0.34851826465842706,0.017967572875759785,0.08329049325525162,descriptive_no_p_value
GSE136831,subtype,cellchatdb,core,IL1B,IL1R2,macrophages,Macrophage,fibroblasts,Fibroblast,100,1.0,3,5,-0.4447079538951684,-0.6755590511699516,-0.21385685662038822,-0.8697836828297021,0.2351115834830786,descriptive_no_p_value
GSE136831,subtype,cellchatdb,core,IL1B,IL1R2,macrophages,Macrophage_Alveolar,fibroblasts,Fibroblast,100,1.0,3,3,0.19525940982233347,0.46034554633120894,-0.06982672668654377,-0.1793273295385136,0.4285926549653132,descriptive_no_p_value
GSE136831,subtype,cellchatdb,core,AREG,EGFR,macrophages,Macrophage,fibroblasts,Fibroblast,100,1.0,3,5,-0.11594671138846557,-0.31842053492730393,0.08652711215037279,-0.2795421840503973,0.17051060855818,descriptive_no_p_value
GSE136831,subtype,cellchatdb,core,AREG,EGFR,macrophages,Macrophage_Alveolar,fibroblasts,Fibroblast,100,1.0,3,3,0.11345732781241491,-0.08047717906349305,0.3073918346883229,-0.12562047742178883,0.42426190831700605,descriptive_no_p_value
GSE136831,subtype,cellchatdb,core,HBEGF,EGFR,macrophages,Macrophage,fibroblasts,Fibroblast,100,1.0,3,5,0.1858287012152413,0.28513029028010983,0.08652711215037279,-0.008196685669665804,0.4726687914642671,descriptive_no_p_value
GSE136831,subtype,cellchatdb,core,HBEGF,EGFR,macrophages,Macrophage_Alveolar,fibroblasts,Fibroblast,100,1.0,3,3,0.05868917495897552,-0.19001348477037183,0.3073918346883229,-0.049181399692448835,0.16317461002237188,descriptive_no_p_value
GSE136831,subtype,cellchatdb,core,HBEGF,ERBB4,macrophages,Macrophage,fibroblasts,Fibroblast,100,1.0,3,5,0.6953692896364192,0.28513029028010983,1.1056082889927277,0.5641643718089497,0.9068971910546635,descriptive_no_p_value
GSE136831,subtype,cellchatdb,core,HBEGF,ERBB4,macrophages,Macrophage_Alveolar,fibroblasts,Fibroblast,100,1.0,3,3,0.7769325530300346,-0.19001348477037183,1.7438785908304437,0.6663376178712577,0.9714260062444229,descriptive_no_p_value
GSE136831,subtype,cellchatdb,exploratory,CXCL12,ACKR3,fibroblasts,Fibroblast,macrophages,Macrophage,100,1.0,3,5,1.02556500162612,1.9022511684166812,0.14887883483555608,0.44611588792414825,1.5230238625687065,descriptive_no_p_value
GSE136831,subtype,cellchatdb,exploratory,CXCL12,ACKR3,fibroblasts,Fibroblast,macrophages,Macrophage_Alveolar,100,1.0,3,3,0.8533228469997454,1.7603388932699726,-0.05369319927048544,0.3814072950593195,1.1096842401489795,descriptive_no_p_value
GSE136831,subtype,cellchatdb,exploratory,CCL2,CCR2,fibroblasts,Fibroblast,macrophages,Macrophage,100,1.0,3,5,0.3940753426250829,0.2092055851423673,0.5789451001077963,0.1710275407325046,0.5809642577274765,descriptive_no_p_value
GSE136831,subtype,cellchatdb,exploratory,CCL2,CCR2,fibroblasts,Fibroblast,macrophages,Macrophage_Alveolar,100,1.0,3,3,1.0163530860423657,0.9852820202959691,1.0474241517887601,0.6801287513684464,1.2868706933503464,descriptive_no_p_value
GSE136831,subtype,cellchatdb,exploratory,CXCL12,CXCR4,fibroblasts,Fibroblast,macrophages,Macrophage,100,1.0,3,5,1.3107300663739023,1.9022511684166812,0.7192089643311235,0.9279081778542704,1.8361425730633867,descriptive_no_p_value
GSE136831,subtype,cellchatdb,exploratory,CXCL12,CXCR4,fibroblasts,Fibroblast,macrophages,Macrophage_Alveolar,100,1.0,3,3,1.398334310549175,1.7603388932699726,1.03632972782838,1.0159415339204871,1.8952773990721594,descriptive_no_p_value
GSE136831,subtype,cellchatdb,exploratory,CCL2,ACKR1,fibroblasts,Fibroblast,macrophages,Macrophage,100,1.0,3,5,0.7053313735532338,0.2092055851423673,1.201457161964099,0.21323121739549133,1.1473440898598355,descriptive_no_p_value
GSE136831,subtype,cellchatdb,exploratory,CCL2,ACKR1,fibroblasts,Fibroblast,macrophages,Macrophage_Alveolar,100,1.0,3,3,1.5032925608862957,0.9852820202959691,2.0213031014766214,0.8886624359993993,2.134722004864284,descriptive_no_p_value
GSE136831,subtype,cellchatdb,exploratory,CCL2,ACKR2,fibroblasts,Fibroblast,macrophages,Macrophage,100,1.0,3,5,0.45361756082743154,0.2092055851423673,0.6980295365124953,-0.12148311822511104,0.8906636328850968,descriptive_no_p_value
GSE136831,subtype,cellchatdb,exploratory,CCL2,ACKR2,fibroblasts,Fibroblast,macrophages,Macrophage_Alveolar,100,1.0,3,3,0.9279735036563457,0.9852820202959691,0.8706649870167218,0.5313937456060369,1.3323745814010302,descriptive_no_p_value
GSE136831,subtype,cellchatdb,core,IL1A,IL1R1_IL1RAP,macrophages,Macrophage,fibroblasts,Fibroblast,100,1.0,3,5,0.9790065115934499,0.6979405689311946,1.2600724542557051,0.6835250013903558,1.3641380501482194,descriptive_no_p_value
GSE136831,subtype,cellchatdb,core,IL1A,IL1R1_IL1RAP,macrophages,Macrophage_Alveolar,fibroblasts,Fibroblast,100,1.0,3,3,1.0514949384595473,0.8560625728752331,1.2469273040438589,0.9086960351471003,1.2838034153783395,descriptive_no_p_value
GSE136831,subtype,cellchatdb,core,IL1B,IL1R1_IL1RAP,macrophages,Macrophage,fibroblasts,Fibroblast,100,1.0,3,5,0.2922567015428781,-0.6755590511699516,1.2600724542557051,0.07363179490179927,0.6323816014139538,descriptive_no_p_value
GSE136831,subtype,cellchatdb,core,IL1B,IL1R1_IL1RAP,macrophages,Macrophage_Alveolar,fibroblasts,Fibroblast,100,1.0,3,3,0.8536364251875348,0.46034554633120894,1.2469273040438589,0.6122935010404023,1.2934204926239694,descriptive_no_p_value
GSE136831,subtype,cellchatdb,core,TGFB1,TGFBR1_TGFBR2,macrophages,Macrophage,fibroblasts,Fibroblast,100,1.0,3,5,-0.04894474277779892,-0.14000918163432097,0.04211969607872312,-0.29457472191597844,0.10071239386437725,descriptive_no_p_value
GSE136831,subtype,cellchatdb,core,TGFB1,TGFBR1_TGFBR2,macrophages,Macrophage_Alveolar,fibroblasts,Fibroblast,100,1.0,3,3,-0.0777345109630776,-0.24307556408270692,0.0876065421565535,-0.25646028927894005,0.040829822107662395,descriptive_no_p_value
GSE136831,subtype,cellchatdb,core,IL1A,IL1R2,macrophages,Macrophage,fibroblasts,Fibroblast,100,1.0,3,5,0.2420418561554034,0.6979405689311946,-0.21385685662038822,-0.2598904763411465,0.9668680322173429,descriptive_no_p_value
GSE136831,subtype,cellchatdb,core,IL1A,IL1R2,macrophages,Macrophage_Alveolar,fibroblasts,Fibroblast,100,1.0,3,3,0.3931179230943451,0.8560625728752331,-0.06982672668654377,0.12056347638862253,0.6398147151747304,descriptive_no_p_value
GSE136831,subtype,cellchatdb,core,TGFB1,ACVR1B_TGFBR2,macrophages,Macrophage,fibroblasts,Fibroblast,100,1.0,3,5,0.03207005956654285,-0.14000918163432097,0.20414930076740578,-0.11307153751189691,0.19606505058739288,descriptive_no_p_value
GSE136831,subtype,cellchatdb,core,TGFB1,ACVR1B_TGFBR2,macrophages,Macrophage_Alveolar,fibroblasts,Fibroblast,100,1.0,3,3,0.04387480585295034,-0.24307556408270692,0.3308251757886067,-0.07867530065075545,0.11837410547674931,descriptive_no_p_value
GSE136831,subtype,cellchatdb,core,TGFB1,ACVR1C_TGFBR2,macrophages,Macrophage,fibroblasts,Fibroblast,100,1.0,3,5,0.6758056842641356,-0.14000918163432097,1.4916205501625939,0.464439062085102,0.8567432601966152,descriptive_no_p_value
GSE136831,subtype,cellchatdb,core,TGFB1,ACVR1C_TGFBR2,macrophages,Macrophage_Alveolar,fibroblasts,Fibroblast,100,1.0,3,3,0.9175398401563961,-0.24307556408270692,2.0781552443954974,0.7287647085520961,1.061657417839725,descriptive_no_p_value
GSE136831,subtype,cellchatdb,core,TGFB1,ACVR1_TGFBR1_TGFBR2,macrophages,Macrophage,fibroblasts,Fibroblast,100,1.0,3,5,0.38426867599033443,-0.14000918163432097,0.9085465336149889,0.26219687864487273,0.5506019506833892,descriptive_no_p_value
GSE136831,subtype,cellchatdb,core,TGFB1,ACVR1_TGFBR1_TGFBR2,macrophages,Macrophage_Alveolar,fibroblasts,Fibroblast,100,1.0,3,3,0.0935101853836624,-0.24307556408270692,0.4300959348500335,-0.13175191088528404,0.3905630601395931,descriptive_no_p_value
GSE136831,subtype,cellchatdb,core,AREG,EGFR_ERBB2,macrophages,Macrophage,fibroblasts,Fibroblast,100,1.0,3,5,-0.199148178896162,-0.31842053492730393,-0.07987582286502182,-0.44583720114800407,0.19387658840641642,descriptive_no_p_value
GSE136831,subtype,cellchatdb,core,AREG,EGFR_ERBB2,macrophages,Macrophage_Alveolar,fibroblasts,Fibroblast,100,1.0,3,3,0.09113331508138955,-0.08047717906349305,0.26274380922627394,-0.17141838791883401,0.5085053429419126,descriptive_no_p_value
GSE136831,subtype,cellchatdb,core,HBEGF,EGFR_ERBB2,macrophages,Macrophage,fibroblasts,Fibroblast,100,1.0,3,5,0.10262723370754401,0.28513029028010983,-0.07987582286502182,-0.17449170276727433,0.49603477131250084,descriptive_no_p_value
GSE136831,subtype,cellchatdb,core,HBEGF,EGFR_ERBB2,macrophages,Macrophage_Alveolar,fibroblasts,Fibroblast,100,1.0,3,3,0.03636516222795105,-0.19001348477037183,0.26274380922627394,-0.16838999154940648,0.24741804464727757,descriptive_no_p_value
GSE136831,subtype,cellchatdb,core,HBEGF,ERBB2_ERBB4,macrophages,Macrophage,fibroblasts,Fibroblast,100,1.0,3,5,0.12624541466663963,0.28513029028010983,-0.032639460946831456,-0.13906443132863178,0.49603477131250084,descriptive_no_p_value
GSE136831,subtype,cellchatdb,core,HBEGF,ERBB2_ERBB4,macrophages,Macrophage_Alveolar,fibroblasts,Fibroblast,100,1.0,3,3,0.05998334318704579,-0.19001348477037183,0.3099801711444643,-0.14477181059031174,0.254225609295343,descriptive_no_p_value
GSE136831,broad,consensus,core,TGFB1,ITGAV_ITGB6,macrophages,__broad__,fibroblasts,__broad__,100,0.5,4,11,-0.3296807028284805,-0.1618337834292518,-0.4975276222277074,-0.4604465913981839,-0.20441557105179609,descriptive_no_p_value
GSE136831,broad,consensus,core,TGFB1,ACVR1B_TGFBR2,macrophages,__broad__,fibroblasts,__broad__,100,0.5,4,11,-0.09538287439582671,-0.1618337834292518,-0.028931965362400724,-0.24274057474848298,-0.01923639992897197,descriptive_no_p_value
GSE136831,broad,consensus,core,TGFB1,TGFBR1_TGFBR2,macrophages,__broad__,fibroblasts,__broad__,100,0.5,4,11,-0.22635870816657544,-0.1618337834292518,-0.2908836329038964,-0.36986135540292686,-0.1439313321806237,descriptive_no_p_value
GSE136831,broad,consensus,core,TGFB1,ACVR1_TGFBR1_TGFBR2,macrophages,__broad__,fibroblasts,__broad__,100,0.5,4,11,0.4306373791821141,-0.1618337834292518,1.02310854179348,0.329322529431483,0.5067187662649495,descriptive_no_p_value
GSE136831,broad,consensus,core,TGFB1,ACVR1_TGFBR2,macrophages,__broad__,fibroblasts,__broad__,100,0.5,4,11,0.4852216715132558,-0.1618337834292518,1.1322771264557652,0.3839068217626247,0.5613030585960912,descriptive_no_p_value
GSE136831,broad,consensus,core,TGFB1,ACVR1C_TGFBR2,macrophages,__broad__,fibroblasts,__broad__,100,0.5,4,11,0.9013186637847879,-0.1618337834292518,1.964471110998828,0.6540773390022498,1.1443600454630163,descriptive_no_p_value
GSE136831,broad,consensus,core,TGFB1,EGFR,macrophages,__broad__,fibroblasts,__broad__,100,0.5,4,11,-0.40795257363006865,-0.1618337834292518,-0.6540713638308899,-0.4566120255779911,-0.35284961513507795,descriptive_no_p_value
GSE136831,broad,consensus,core,TGFB1,ITGB3,macrophages,__broad__,fibroblasts,__broad__,100,0.5,4,11,-0.3307947962141373,-0.1618337834292518,-0.4997558089990233,-0.4689992614574372,-0.24067138704872004,descriptive_no_p_value
GSE136831,broad,consensus,core,TGFB1,ITGB1,macrophages,__broad__,fibroblasts,__broad__,100,0.5,4,11,0.13535625937709828,-0.1618337834292518,0.432546302183451,0.0442001015216098,0.18601455873568806,descriptive_no_p_value
GSE136831,broad,consensus,core,TGFB1,ITGB5,macrophages,__broad__,fibroblasts,__broad__,100,0.5,4,11,0.024152841955910276,-0.1618337834292518,0.21013946734107236,-0.13655955717237056,0.1325764936464351,descriptive_no_p_value
GSE136831,broad,consensus,core,TGFB1,ITGB8,macrophages,__broad__,fibroblasts,__broad__,100,0.5,4,11,0.31205450155509507,-0.1618337834292518,0.785942786539441,0.15865701823981482,0.47023520791190165,descriptive_no_p_value
GSE136831,broad,consensus,core,TGFB1,SDC2,macrophages,__broad__,fibroblasts,__broad__,100,0.5,4,11,-0.049419550601546014,-0.1618337834292518,0.06299468222616245,-0.14879615245989442,0.04866799496262875,descriptive_no_p_value
GSE136831,broad,consensus,core,TGFB1,ACVRL1,macrophages,__broad__,fibroblasts,__broad__,100,0.5,4,11,-0.37252356790149577,-0.1618337834292518,-0.583213352373738,-0.4724012895297811,-0.24266951930925895,descriptive_no_p_value
GSE136831,broad,consensus,core,TGFB1,CXCR4,macrophages,__broad__,fibroblasts,__broad__,100,0.5,4,11,0.35434283035585157,-0.1618337834292518,0.8705194441409572,-0.07752173244772731,0.6349883626895263,descriptive_no_p_value
GSE136831,broad,consensus,core,TGFB1,TGFBR3,macrophages,__broad__,fibroblasts,__broad__,100,0.5,4,11,-0.8775100736509636,-0.1618337834292518,-1.593186363872677,-0.9900760270449105,-0.7829673312766161,descriptive_no_p_value
GSE136831,broad,consensus,core,TGFB1,VASN,macrophages,__broad__,fibroblasts,__broad__,100,0.5,4,11,-0.5620819904158232,-0.1618337834292518,-0.9623301974023937,-0.7246335919719158,-0.46442786602871333,descriptive_no_p_value
GSE136831,broad,consensus,core,IL1A,IL1R1_IL1RAP,macrophages,__broad__,fibroblasts,__broad__,100,0.5,4,11,0.12814536474023175,-0.36452362967016594,0.6208143591506277,0.01768599442720653,0.2681080905910074,descriptive_no_p_value
GSE136831,broad,consensus,core,IL1A,IL1R2_IL1RAP,macrophages,__broad__,fibroblasts,__broad__,100,0.5,4,11,-0.3867847555849222,-0.36452362967016594,-0.409045881499678,-0.47710347758653526,-0.23632504673721044,descriptive_no_p_value
GSE136831,broad,consensus,core,IL1B,IL1R1_IL1RAP,macrophages,__broad__,fibroblasts,__broad__,100,0.5,4,11,0.028588139833402693,-0.5636380794838223,0.6208143591506277,-0.19905920794525578,0.12791697523570722,descriptive_no_p_value
GSE136831,broad,consensus,core,IL1B,IL1R2_IL1RAP,macrophages,__broad__,fibroblasts,__broad__,100,0.5,4,11,-0.4863419804917495,-0.5636380794838223,-0.409045881499678,-0.8195883484970006,-0.1511078326698474,descriptive_no_p_value
GSE136831,broad,consensus,core,IL1B,ADRB2,macrophages,__broad__,fibroblasts,__broad__,100,0.5,4,11,0.20035371169292882,-0.5636380794838223,0.964345502869679,-0.044595324960079896,0.45546042345036053,descriptive_no_p_value
GSE136831,broad,consensus,core,IL1B,SIGIRR,macrophages,__broad__,fibroblasts,__broad__,100,0.5,4,11,-0.6307713522546221,-0.5636380794838223,-0.6979046250254219,-0.7552145342616168,-0.5108221293327002,descriptive_no_p_value
GSE136831,broad,consensus,exploratory,CCL2,CCR1,fibroblasts,__broad__,macrophages,__broad__,100,0.5,4,11,0.41682236477929635,0.3894153508824907,0.44422937867610024,0.24928061364601906,0.6530794002228761,descriptive_no_p_value
GSE136831,broad,consensus,exploratory,CCL2,CCR2,fibroblasts,__broad__,macrophages,__broad__,100,0.5,4,11,0.5553687491166421,0.3894153508824907,0.7213221473507938,0.3158642590260099,0.721315855166766,descriptive_no_p_value
GSE136831,broad,consensus,exploratory,CCL2,CCR10,fibroblasts,__broad__,macrophages,__broad__,100,0.5,4,11,0.32264812524734054,0.3894153508824907,0.25588089961218824,0.17139725772986658,0.41515239079067,descriptive_no_p_value
GSE136831,broad,consensus,exploratory,CCL2,CCR3,fibroblasts,__broad__,macrophages,__broad__,100,0.5,4,11,0.6859295299914683,0.3894153508824907,0.9824437091004465,0.4604504142469672,0.9266788888113275,descriptive_no_p_value
GSE136831,broad,consensus,exploratory,CCL2,CCR4,fibroblasts,__broad__,macrophages,__broad__,100,0.5,4,11,0.4789006357627805,0.3894153508824907,0.568385920643069,0.2865753642686939,0.626021370361205,descriptive_no_p_value
GSE136831,broad,consensus,exploratory,CCL2,CCR5,fibroblasts,__broad__,macrophages,__broad__,100,0.5,4,11,0.9206648986162769,0.3894153508824907,1.451914446350064,0.6720210444563497,1.1039591708096914,descriptive_no_p_value
GSE136831,broad,consensus,exploratory,CCL2,ACKR1,fibroblasts,__broad__,macrophages,__broad__,100,0.5,4,11,0.8476638293284031,0.3894153508824907,1.3059123077743164,0.5048097135429961,1.1771762640388137,descriptive_no_p_value
GSE136831,broad,consensus,exploratory,CCL2,ACKR4,fibroblasts,__broad__,macrophages,__broad__,100,0.5,4,11,-0.033428581219971054,0.3894153508824907,-0.45627251332243146,-0.23919501098765927,0.2668146060069989,descriptive_no_p_value
GSE136831,broad,consensus,core,AREG,EGFR_ERBB2,macrophages,__broad__,fibroblasts,__broad__,100,0.5,4,11,-0.08039158351267339,-0.4375387767978314,0.27675560977248015,-0.16419602173028292,0.039940438466552486,descriptive_no_p_value
GSE136831,broad,consensus,core,AREG,ERBB3,macrophages,__broad__,fibroblasts,__broad__,100,0.5,4,11,-0.06576222249124974,-0.4375387767978314,0.3060143318153299,-0.2113989304929822,0.20962855374092548,descriptive_no_p_value
GSE136831,broad,consensus,exploratory,CXCL12,CD4,fibroblasts,__broad__,macrophages,__broad__,100,0.5,4,11,0.9758526057036896,1.5880423575767004,0.363662853830677,0.7365562555889067,1.1182196505355488,descriptive_no_p_value
GSE136831,broad,consensus,exploratory,CXCL12,ITGB3,fibroblasts,__broad__,macrophages,__broad__,100,0.5,4,11,1.3130375244686845,1.5880423575767004,1.0380326913606683,1.072873108616232,1.7012803430467556,descriptive_no_p_value
GSE136831,broad,consensus,exploratory,CXCL12,ITGB1,fibroblasts,__broad__,macrophages,__broad__,100,0.5,4,11,0.6459725048774958,1.5880423575767004,-0.29609734782170793,0.4841446057929506,0.8451134752687386,descriptive_no_p_value
GSE136831,broad,consensus,exploratory,CXCL12,ITGAV,fibroblasts,__broad__,macrophages,__broad__,100,0.5,4,11,0.6406456379651528,1.5880423575767004,-0.30675108164639475,0.49481395935893424,0.8207592705033369,descriptive_no_p_value
GSE136831,broad,consensus,exploratory,CXCL12,ITGA5,fibroblasts,__broad__,macrophages,__broad__,100,0.5,4,11,0.6903314007496082,1.5880423575767004,-0.20737955607748493,0.4928985825346466,0.9953216181165221,descriptive_no_p_value
GSE136831,broad,consensus,exploratory,CXCL12,ITGA4,fibroblasts,__broad__,macrophages,__broad__,100,0.5,4,11,1.2722811496703432,1.5880423575767004,0.9565199417639887,1.108031220166696,1.4182376160649701,descriptive_no_p_value
GSE136831,broad,consensus,exploratory,CXCL12,ACKR3,fibroblasts,__broad__,macrophages,__broad__,100,0.5,4,11,0.3990246049070114,1.5880423575767004,-0.7899931477626794,0.039984700111505234,0.5992121284026926,descriptive_no_p_value
GSE136831,broad,consensus,exploratory,CXCL12,AVPR1A,fibroblasts,__broad__,macrophages,__broad__,100,0.5,4,11,0.46440135708757246,1.5880423575767004,-0.659239643401555,0.21694081797756715,1.0353699115709722,descriptive_no_p_value
GSE136831,broad,consensus,exploratory,CXCL12,CXCR3,fibroblasts,__broad__,macrophages,__broad__,100,0.5,4,11,0.840816059980213,1.5880423575767004,0.09358976238372607,0.5325462153653795,1.1412443517971513,descriptive_no_p_value
GSE136831,broad,consensus,exploratory,CXCL12,CCR4,fibroblasts,__broad__,macrophages,__broad__,100,0.5,4,11,1.0782141391098847,1.5880423575767004,0.568385920643069,0.8973624648201584,1.1975702841583649,descriptive_no_p_value
GSE136831,broad,consensus,exploratory,CXCL12,CXCR4,fibroblasts,__broad__,macrophages,__broad__,100,0.5,4,11,1.0934405029898588,1.5880423575767004,0.598838648403019,0.8001181262186714,1.2919830909000005,descriptive_no_p_value
GSE136831,broad,consensus,exploratory,CXCL12,GRM7,fibroblasts,__broad__,macrophages,__broad__,100,0.5,4,11,1.028488357114087,1.5880423575767004,0.4689343566514723,0.8869024517979422,1.191091485986925,descriptive_no_p_value
GSE136831,broad,consensus,core,HBEGF,EGFR_ERBB2,macrophages,__broad__,fibroblasts,__broad__,100,0.5,4,11,0.10769343877819271,-0.061368732216093846,0.27675560977248015,-0.11704952998741192,0.25582160195426873,descriptive_no_p_value
GSE136831,broad,consensus,core,HBEGF,ERBB2_ERBB4,macrophages,__broad__,fibroblasts,__broad__,100,0.5,4,11,0.1432149678630097,-0.061368732216093846,0.347798667942115,-0.06968749120765416,0.2884367249085873,descriptive_no_p_value
GSE136831,broad,consensus,core,HBEGF,CD44,macrophages,__broad__,fibroblasts,__broad__,100,0.5,4,11,-0.14231041871587014,-0.061368732216093846,-0.22325210521564287,-0.2225382588385214,-0.03289734912310216,descriptive_no_p_value
GSE136831,broad,consensus,core,HBEGF,PRLR,macrophages,__broad__,fibroblasts,__broad__,100,0.5,4,11,0.5362519554348291,-0.061368732216093846,1.1338726430857544,0.3143352005095923,0.7580875236707412,descriptive_no_p_value
GSE136831,broad,consensus,exploratory,CCL2,ACKR2,fibroblasts,__broad__,macrophages,__broad__,100,0.5,4,11,0.2205437836070594,0.3894153508824907,0.051672216331628995,0.01566221105589305,0.425580758336745,descriptive_no_p_value
GSE136831,broad,consensus,exploratory,CXCL12,DPP4,fibroblasts,__broad__,macrophages,__broad__,100,0.5,4,11,1.0981821510196608,1.5880423575767004,0.6083219444626216,0.7949569943434711,1.5837699270786092,descriptive_no_p_value
GSE136831,broad,consensus,core,TGFB1,ENG,macrophages,__broad__,fibroblasts,__broad__,100,0.5,4,11,-0.24331088652496913,-0.1618337834292518,-0.32478798962068467,-0.41210716582200924,-0.13306409594984991,descriptive_no_p_value
GSE136831,broad,consensus,core,HBEGF,CD9,macrophages,__broad__,fibroblasts,__broad__,100,0.5,4,11,0.325527917224699,-0.061368732216093846,0.7124245666654909,0.16132259496732093,0.47967364792556566,descriptive_no_p_value
GSE136831,broad,consensus,core,HBEGF,CD82,macrophages,__broad__,fibroblasts,__broad__,100,0.5,4,11,0.36775792474448465,-0.061368732216093846,0.796884581705064,0.2352816847535344,0.5624251390441746,descriptive_no_p_value
GSE136831,broad,consensus,core,TGFB1,CAV1,macrophages,__broad__,fibroblasts,__broad__,100,0.5,4,11,0.4586152323089534,-0.1618337834292518,1.0790642480471622,0.06810472897530317,0.8071196361747335,descriptive_no_p_value
GSE136831,broad,consensus,exploratory,CXCL12,SDC4,fibroblasts,__broad__,macrophages,__broad__,100,0.5,4,11,0.6646085921697562,1.5880423575767004,-0.2588251732371907,0.42010464972668515,0.8669819082521224,descriptive_no_p_value
GSE136831,broad,consensus,core,TGFB1,LPP,macrophages,__broad__,fibroblasts,__broad__,100,0.5,4,11,0.11619575602790633,-0.1618337834292518,0.39422529548506446,0.04847396843642393,0.18110937075416267,descriptive_no_p_value
GSE136831,broad,cellchatdb,core,IL1B,IL1R2,macrophages,__broad__,fibroblasts,__broad__,100,0.5,4,11,-0.4863419804917495,-0.5636380794838223,-0.409045881499678,-0.8195883484970006,-0.1511078326698474,descriptive_no_p_value
GSE136831,broad,cellchatdb,core,AREG,EGFR,macrophages,__broad__,fibroblasts,__broad__,100,0.5,4,11,-0.5458050703143602,-0.4375387767978314,-0.6540713638308899,-0.6187937174051399,-0.4016928028104738,descriptive_no_p_value
GSE136831,broad,cellchatdb,core,HBEGF,EGFR,macrophages,__broad__,fibroblasts,__broad__,100,0.5,4,11,-0.35772004802349233,-0.061368732216093846,-0.6540713638308899,-0.48693048538966544,-0.24606385457540902,descriptive_no_p_value
GSE136831,broad,cellchatdb,core,HBEGF,ERBB4,macrophages,__broad__,fibroblasts,__broad__,100,0.5,4,11,0.442074074764343,-0.061368732216093846,0.9455168817447817,0.3655402792479343,0.5731084972319813,descriptive_no_p_value
GSE136831,broad,cellchatdb,exploratory,CXCL12,ACKR3,fibroblasts,__broad__,macrophages,__broad__,100,0.5,4,11,0.3990246049070114,1.5880423575767004,-0.7899931477626794,0.039984700111505234,0.5992121284026926,descriptive_no_p_value
GSE136831,broad,cellchatdb,exploratory,CCL2,CCR2,fibroblasts,__broad__,macrophages,__broad__,100,0.5,4,11,0.5553687491166421,0.3894153508824907,0.7213221473507938,0.3158642590260099,0.721315855166766,descriptive_no_p_value
GSE136831,broad,cellchatdb,exploratory,CXCL12,CXCR4,fibroblasts,__broad__,macrophages,__broad__,100,0.5,4,11,1.0934405029898588,1.5880423575767004,0.598838648403019,0.8001181262186714,1.2919830909000005,descriptive_no_p_value
GSE136831,broad,cellchatdb,exploratory,CCL2,ACKR1,fibroblasts,__broad__,macrophages,__broad__,100,0.5,4,11,0.8476638293284031,0.3894153508824907,1.3059123077743164,0.5048097135429961,1.1771762640388137,descriptive_no_p_value
GSE136831,broad,cellchatdb,exploratory,CCL2,ACKR2,fibroblasts,__broad__,macrophages,__broad__,100,0.5,4,11,0.2205437836070594,0.3894153508824907,0.051672216331628995,0.01566221105589305,0.425580758336745,descriptive_no_p_value
GSE136831,broad,cellchatdb,core,IL1A,IL1R1_IL1RAP,macrophages,__broad__,fibroblasts,__broad__,100,0.5,4,11,0.12814536474023175,-0.36452362967016594,0.6208143591506277,0.01768599442720653,0.2681080905910074,descriptive_no_p_value
GSE136831,broad,cellchatdb,core,IL1B,IL1R1_IL1RAP,macrophages,__broad__,fibroblasts,__broad__,100,0.5,4,11,0.028588139833402693,-0.5636380794838223,0.6208143591506277,-0.19905920794525578,0.12791697523570722,descriptive_no_p_value
GSE136831,broad,cellchatdb,core,TGFB1,TGFBR1_TGFBR2,macrophages,__broad__,fibroblasts,__broad__,100,0.5,4,11,-0.22635870816657544,-0.1618337834292518,-0.2908836329038964,-0.36986135540292686,-0.1439313321806237,descriptive_no_p_value
GSE136831,broad,cellchatdb,core,IL1A,IL1R2,macrophages,__broad__,fibroblasts,__broad__,100,0.5,4,11,-0.3867847555849222,-0.36452362967016594,-0.409045881499678,-0.47710347758653526,-0.23632504673721044,descriptive_no_p_value
GSE136831,broad,cellchatdb,core,TGFB1,ACVR1B_TGFBR2,macrophages,__broad__,fibroblasts,__broad__,100,0.5,4,11,-0.09538287439582671,-0.1618337834292518,-0.028931965362400724,-0.24274057474848298,-0.01923639992897197,descriptive_no_p_value
GSE136831,broad,cellchatdb,core,TGFB1,ACVR1C_TGFBR2,macrophages,__broad__,fibroblasts,__broad__,100,0.5,4,11,0.9013186637847879,-0.1618337834292518,1.964471110998828,0.6540773390022498,1.1443600454630163,descriptive_no_p_value
GSE136831,broad,cellchatdb,core,TGFB1,ACVR1_TGFBR1_TGFBR2,macrophages,__broad__,fibroblasts,__broad__,100,0.5,4,11,0.4306373791821141,-0.1618337834292518,1.02310854179348,0.329322529431483,0.5067187662649495,descriptive_no_p_value
GSE136831,broad,cellchatdb,core,AREG,EGFR_ERBB2,macrophages,__broad__,fibroblasts,__broad__,100,0.5,4,11,-0.08039158351267339,-0.4375387767978314,0.27675560977248015,-0.16419602173028292,0.039940438466552486,descriptive_no_p_value
GSE136831,broad,cellchatdb,core,HBEGF,EGFR_ERBB2,macrophages,__broad__,fibroblasts,__broad__,100,0.5,4,11,0.10769343877819271,-0.061368732216093846,0.27675560977248015,-0.11704952998741192,0.25582160195426873,descriptive_no_p_value
GSE136831,broad,cellchatdb,core,HBEGF,ERBB2_ERBB4,macrophages,__broad__,fibroblasts,__broad__,100,0.5,4,11,0.1432149678630097,-0.061368732216093846,0.347798667942115,-0.06968749120765416,0.2884367249085873,descriptive_no_p_value
GSE136831,subtype,consensus,core,TGFB1,ITGAV_ITGB6,macrophages,Macrophage,fibroblasts,Fibroblast,100,0.5,3,5,-0.18253192573220645,-0.14003821497943836,-0.22502563648497498,-0.3307912317385169,-0.003610111237719593,descriptive_no_p_value
GSE136831,subtype,consensus,core,TGFB1,ITGAV_ITGB6,macrophages,Macrophage_Alveolar,fibroblasts,Fibroblast,100,0.5,3,3,-0.08708419673495627,-0.24317414182292652,0.0690057483530131,-0.21274620993520532,0.0023253694232767685,descriptive_no_p_value
GSE136831,subtype,consensus,core,TGFB1,ACVR1B_TGFBR2,macrophages,Macrophage,fibroblasts,Fibroblast,100,0.5,3,5,0.033739053549407316,-0.14003821497943836,0.2075163220782521,-0.11394343059527934,0.19900411244430583,descriptive_no_p_value
GSE136831,subtype,consensus,core,TGFB1,ACVR1B_TGFBR2,macrophages,Macrophage_Alveolar,fibroblasts,Fibroblast,100,0.5,3,3,0.046318858209787095,-0.24317414182292652,0.3358118582425007,-0.07876633312883818,0.12207166876843178,descriptive_no_p_value
GSE136831,subtype,consensus,core,TGFB1,TGFBR1_TGFBR2,macrophages,Macrophage,fibroblasts,Fibroblast,100,0.5,3,5,-0.04867490810173525,-0.14003821497943836,0.04268839877596964,-0.2956079002302383,0.10150671518576182,descriptive_no_p_value
GSE136831,subtype,consensus,core,TGFB1,TGFBR1_TGFBR2,macrophages,Macrophage_Alveolar,fibroblasts,Fibroblast,100,0.5,3,3,-0.07738076916131487,-0.24317414182292652,0.08841260350029767,-0.25739880575962637,0.04196789248575428,descriptive_no_p_value
GSE136831,subtype,consensus,core,TGFB1,ACVR1_TGFBR1_TGFBR2,macrophages,Macrophage,fibroblasts,Fibroblast,100,0.5,3,5,0.3910991470070071,-0.14003821497943836,0.922236508993457,0.2677009378217088,0.5612313556062594,descriptive_no_p_value
GSE136831,subtype,consensus,core,TGFB1,ACVR1_TGFBR1_TGFBR2,macrophages,Macrophage_Alveolar,fibroblasts,Fibroblast,100,0.5,3,3,0.09645483842633595,-0.24317414182292652,0.43608381867559753,-0.13298890945241038,0.3992098902647596,descriptive_no_p_value
GSE136831,subtype,consensus,core,TGFB1,ACVR1_TGFBR2,macrophages,Macrophage,fibroblasts,Fibroblast,100,0.5,3,5,0.40658143810120606,-0.14003821497943836,0.9532010911818531,0.2677009378217088,0.5805842194740061,descriptive_no_p_value
GSE136831,subtype,consensus,core,TGFB1,ACVR1_TGFBR2,macrophages,Macrophage_Alveolar,fibroblasts,Fibroblast,100,0.5,3,3,0.09645483842633595,-0.24317414182292652,0.43608381867559753,-0.13298890945241038,0.3992098902647596,descriptive_no_p_value
GSE136831,subtype,consensus,core,TGFB1,ACVR1C_TGFBR2,macrophages,Macrophage,fibroblasts,Fibroblast,100,0.5,3,5,0.866816330982545,-0.14003821497943836,1.8736708769445283,0.547274357313051,1.0682024054122121,descriptive_no_p_value
GSE136831,subtype,consensus,core,TGFB1,ACVR1C_TGFBR2,macrophages,Macrophage_Alveolar,fibroblasts,Fibroblast,100,0.5,3,3,1.146363431045455,-0.24317414182292652,2.5359010039138363,0.8494187501820232,1.3620345505032607,descriptive_no_p_value
GSE136831,subtype,consensus,core,TGFB1,EGFR,macrophages,Macrophage,fibroblasts,Fibroblast,100,0.5,3,5,-0.026743967461475115,-0.14003821497943836,0.08655028005649079,-0.10419342739704529,0.04376635871569068,descriptive_no_p_value
GSE136831,subtype,consensus,core,TGFB1,EGFR,macrophages,Macrophage_Alveolar,fibroblasts,Fibroblast,100,0.5,3,3,0.0323409209997747,-0.24317414182292652,0.3078559838224759,-0.01390451582889618,0.09213189526805099,descriptive_no_p_value
GSE136831,subtype,consensus,core,TGFB1,ITGB3,macrophages,Macrophage,fibroblasts,Fibroblast,100,0.5,3,5,0.08346116793948433,-0.14003821497943836,0.30696055085840834,-0.12913922450085202,0.2570026764456248,descriptive_no_p_value
GSE136831,subtype,consensus,core,TGFB1,ITGB3,macrophages,Macrophage_Alveolar,fibroblasts,Fibroblast,100,0.5,3,3,-0.40574720618794746,-0.24317414182292652,-0.5683202705529693,-0.486441089704849,-0.3135854839738599,descriptive_no_p_value
GSE136831,subtype,consensus,core,TGFB1,ITGB1,macrophages,Macrophage,fibroblasts,Fibroblast,100,0.5,3,5,0.18156859273473547,-0.14003821497943836,0.5031754004489102,0.0050962556065057285,0.29112333081051034,descriptive_no_p_value
GSE136831,subtype,consensus,core,TGFB1,ITGB1,macrophages,Macrophage_Alveolar,fibroblasts,Fibroblast,100,0.5,3,3,-0.07803836079786475,-0.24317414182292652,0.08709742022719968,-0.1961723388240859,0.020053127488836253,descriptive_no_p_value
GSE136831,subtype,consensus,core,TGFB1,ITGB5,macrophages,Macrophage,fibroblasts,Fibroblast,100,0.5,3,5,0.045104382819083355,-0.14003821497943836,0.23024698061760596,-0.1979625095231814,0.2633444139913337,descriptive_no_p_value
GSE136831,subtype,consensus,core,TGFB1,ITGB5,macrophages,Macrophage_Alveolar,fibroblasts,Fibroblast,100,0.5,3,3,-0.00703577946919598,-0.24317414182292652,0.22910258288453367,-0.18318771628126918,0.12169200336680053,descriptive_no_p_value
GSE136831,subtype,consensus,core,TGFB1,ITGB8,macrophages,Macrophage,fibroblasts,Fibroblast,100,0.5,3,5,-0.018973082092008653,-0.14003821497943836,0.10209205079542194,-0.23386152775294544,0.18613181301025694,descriptive_no_p_value
GSE136831,subtype,consensus,core,TGFB1,ITGB8,macrophages,Macrophage_Alveolar,fibroblasts,Fibroblast,100,0.5,3,3,0.08598298535594662,-0.24317414182292652,0.41514011253482064,-0.2184177086412431,0.35800283598840377,descriptive_no_p_value
GSE136831,subtype,consensus,core,TGFB1,SDC2,macrophages,Macrophage,fibroblasts,Fibroblast,100,0.5,3,5,0.24611269128930502,-0.14003821497943836,0.6322635975580502,0.07541149612722808,0.3897047731687904,descriptive_no_p_value
GSE136831,subtype,consensus,core,TGFB1,SDC2,macrophages,Macrophage_Alveolar,fibroblasts,Fibroblast,100,0.5,3,3,-0.04285566180274891,-0.24317414182292652,0.15746281821743047,-0.1466419014346343,0.12333371288279782,descriptive_no_p_value
GSE136831,subtype,consensus,core,TGFB1,ACVRL1,macrophages,Macrophage,fibroblasts,Fibroblast,100,0.5,3,5,0.09522252599437664,-0.14003821497943836,0.3304832669681925,-0.06214142195090666,0.34664944878040505,descriptive_no_p_value
GSE136831,subtype,consensus,core,TGFB1,ACVRL1,macrophages,Macrophage_Alveolar,fibroblasts,Fibroblast,100,0.5,3,3,0.33268365655610577,-0.24317414182292652,0.9085414549351407,0.14018198511162883,0.6067078721481964,descriptive_no_p_value
GSE136831,subtype,consensus,core,TGFB1,CXCR4,macrophages,Macrophage,fibroblasts,Fibroblast,100,0.5,3,5,0.8419647899364318,-0.14003821497943836,1.8239677948523034,0.33042236372470324,1.2689846182150601,descriptive_no_p_value
GSE136831,subtype,consensus,core,TGFB1,CXCR4,macrophages,Macrophage_Alveolar,fibroblasts,Fibroblast,100,0.5,3,3,0.8337595610921014,-0.24317414182292652,1.9106932640071295,0.3891320904105644,1.2833766821767911,descriptive_no_p_value
GSE136831,subtype,consensus,core,TGFB1,TGFBR3,macrophages,Macrophage,fibroblasts,Fibroblast,100,0.5,3,5,-0.488949465697452,-0.14003821497943836,-0.8378607164154648,-0.6539240274373679,-0.3938059262558351,descriptive_no_p_value
GSE136831,subtype,consensus,core,TGFB1,TGFBR3,macrophages,Macrophage_Alveolar,fibroblasts,Fibroblast,100,0.5,3,3,-0.532814531810593,-0.24317414182292652,-0.8224549217982577,-0.6764562659387385,-0.41507369956291473,descriptive_no_p_value
GSE136831,subtype,consensus,core,TGFB1,VASN,macrophages,Macrophage,fibroblasts,Fibroblast,100,0.5,3,5,-0.15517211583140078,-0.14003821497943836,-0.17030601668336232,-0.3644389425947514,-0.04214406201350673,descriptive_no_p_value
GSE136831,subtype,consensus,core,TGFB1,VASN,macrophages,Macrophage_Alveolar,fibroblasts,Fibroblast,100,0.5,3,3,-0.17043950739963343,-0.24317414182292652,-0.09770487297633856,-0.35710904135692356,-0.007285778923983521,descriptive_no_p_value
GSE136831,subtype,consensus,core,IL1A,IL1R1_IL1RAP,macrophages,Macrophage,fibroblasts,Fibroblast,100,0.5,3,5,0.9972386739336043,0.715583285070287,1.2788940627969216,0.6955854955946679,1.3868601819503148,descriptive_no_p_value
GSE136831,subtype,consensus,core,IL1A,IL1R1_IL1RAP,macrophages,Macrophage_Alveolar,fibroblasts,Fibroblast,100,0.5,3,3,1.06129396074296,0.8571305157389562,1.2654574057469627,0.917335142293572,1.297056287820868,descriptive_no_p_value
GSE136831,subtype,consensus,core,IL1A,IL1R2_IL1RAP,macrophages,Macrophage,fibroblasts,Fibroblast,100,0.5,3,5,0.2316091865611094,0.715583285070287,-0.2523649119480682,-0.2788025850373179,0.9751605599824891,descriptive_no_p_value
GSE136831,subtype,consensus,core,IL1A,IL1R2_IL1RAP,macrophages,Macrophage_Alveolar,fibroblasts,Fibroblast,100,0.5,3,3,0.3958378220630854,0.8571305157389562,-0.06545487161278674,0.10995353302688748,0.6547183772808651,descriptive_no_p_value
GSE136831,subtype,consensus,core,IL1B,IL1R1_IL1RAP,macrophages,Macrophage,fibroblasts,Fibroblast,100,0.5,3,5,0.30161116011800004,-0.6756717425609224,1.2788940627969216,0.08610417955789096,0.6398556605169512,descriptive_no_p_value
GSE136831,subtype,consensus,core,IL1B,IL1R1_IL1RAP,macrophages,Macrophage_Alveolar,fibroblasts,Fibroblast,100,0.5,3,3,0.8630481349030248,0.46063886405908594,1.2654574057469627,0.6203262369015752,1.3063178243151485,descriptive_no_p_value
GSE136831,subtype,consensus,core,IL1B,IL1R2_IL1RAP,macrophages,Macrophage,fibroblasts,Fibroblast,100,0.5,3,5,-0.46401832725449665,-0.6756717425609224,-0.2523649119480682,-0.8882839010740957,0.22815603854912414,descriptive_no_p_value
GSE136831,subtype,consensus,core,IL1B,IL1R2_IL1RAP,macrophages,Macrophage_Alveolar,fibroblasts,Fibroblast,100,0.5,3,3,0.19759199622315116,0.46063886405908594,-0.06545487161278674,-0.19030117392347723,0.43210309237578226,descriptive_no_p_value
GSE136831,subtype,consensus,core,IL1B,ADRB2,macrophages,Macrophage,fibroblasts,Fibroblast,100,0.5,3,5,0.1114489302570667,-0.6756717425609224,0.8985696030750561,-0.2856031479493337,0.555368237000081,descriptive_no_p_value
GSE136831,subtype,consensus,core,IL1B,ADRB2,macrophages,Macrophage_Alveolar,fibroblasts,Fibroblast,100,0.5,3,3,0.5331418822534166,0.46063886405908594,0.6056449004477467,0.24849820315037663,0.7948664740192473,descriptive_no_p_value
GSE136831,subtype,consensus,core,IL1B,SIGIRR,macrophages,Macrophage,fibroblasts,Fibroblast,100,0.5,3,5,-0.591675915729371,-0.6756717425609224,-0.5076800888978195,-0.9616013795110456,-0.2378212255716754,descriptive_no_p_value
GSE136831,subtype,consensus,core,IL1B,SIGIRR,macrophages,Macrophage_Alveolar,fibroblasts,Fibroblast,100,0.5,3,3,-0.13187019009619494,0.46063886405908594,-0.7243792442514767,-0.31680779174812557,0.1569810160943632,descriptive_no_p_value
GSE136831,subtype,consensus,exploratory,CCL2,CCR1,fibroblasts,Fibroblast,macrophages,Macrophage,100,0.5,3,5,0.5110499723386521,0.20926104683804603,0.8128388978392573,0.3416005828357225,0.7698410430639422,descriptive_no_p_value
GSE136831,subtype,consensus,exploratory,CCL2,CCR1,fibroblasts,Fibroblast,macrophages,Macrophage_Alveolar,100,0.5,3,3,0.563488525827271,0.9859982643300889,0.14097878732445324,0.28068354878627755,0.8566515408485875,descriptive_no_p_value
GSE136831,subtype,consensus,exploratory,CCL2,CCR2,fibroblasts,Fibroblast,macrophages,Macrophage,100,0.5,3,5,0.4062277783241255,0.20926104683804603,0.603194509810206,0.1813541011140325,0.595628229307894,descriptive_no_p_value
GSE136831,subtype,consensus,exploratory,CCL2,CCR2,fibroblasts,Fibroblast,macrophages,Macrophage_Alveolar,100,0.5,3,3,1.1749090538514095,0.9859982643300889,1.3638198433727327,0.8147914523163728,1.5225987816362165,descriptive_no_p_value
GSE136831,subtype,consensus,exploratory,CCL2,CCR10,fibroblasts,Fibroblast,macrophages,Macrophage,100,0.5,3,5,0.39964164298505,0.20926104683804603,0.590022239132055,0.20665364077793313,0.5621353684962038,descriptive_no_p_value
GSE136831,subtype,consensus,exploratory,CCL2,CCR10,fibroblasts,Fibroblast,macrophages,Macrophage_Alveolar,100,0.5,3,3,0.5355212920696699,0.9859982643300889,0.08504431980925371,0.4962519420420026,0.6138377532749111,descriptive_no_p_value
GSE136831,subtype,consensus,exploratory,CCL2,CCR3,fibroblasts,Fibroblast,macrophages,Macrophage,100,0.5,3,5,0.6202967428452624,0.20926104683804603,1.0313324388524778,0.4044113479250777,0.8821597715017386,descriptive_no_p_value
GSE136831,subtype,consensus,exploratory,CCL2,CCR3,fibroblasts,Fibroblast,macrophages,Macrophage_Alveolar,100,0.5,3,3,0.7560571434376246,0.9859982643300889,0.5261160225451624,0.5824862611466832,0.8474639631325243,descriptive_no_p_value
GSE136831,subtype,consensus,exploratory,CCL2,CCR4,fibroblasts,Fibroblast,macrophages,Macrophage,100,0.5,3,5,1.1140602919722942,0.20926104683804603,2.0188595371065428,0.726043347093495,1.439521994847445,descriptive_no_p_value
GSE136831,subtype,consensus,exploratory,CCL2,CCR4,fibroblasts,Fibroblast,macrophages,Macrophage_Alveolar,100,0.5,3,3,0.29653394686513357,0.9859982643300889,-0.39293037059981994,-0.19944639681448573,0.7840235609472042,descriptive_no_p_value
GSE136831,subtype,consensus,exploratory,CCL2,CCR5,fibroblasts,Fibroblast,macrophages,Macrophage,100,0.5,3,5,0.6004619505131101,0.20926104683804603,0.9916628541881722,0.39539430222307725,0.8326759566077389,descriptive_no_p_value
GSE136831,subtype,consensus,exploratory,CCL2,CCR5,fibroblasts,Fibroblast,macrophages,Macrophage_Alveolar,100,0.5,3,3,0.9641888538301413,0.9859982643300889,0.9423794433301959,0.4842673603049277,1.6904560692674555,descriptive_no_p_value
GSE136831,subtype,consensus,exploratory,CCL2,ACKR1,fibroblasts,Fibroblast,macrophages,Macrophage,100,0.5,3,5,0.7172956495071077,0.20926104683804603,1.2253302521761706,0.2119631703623428,1.1745565370480353,descriptive_no_p_value
GSE136831,subtype,consensus,exploratory,CCL2,ACKR1,fibroblasts,Fibroblast,macrophages,Macrophage_Alveolar,100,0.5,3,3,1.5566242239802461,0.9859982643300889,2.1272501836304043,0.8981487267807688,2.2051138969155906,descriptive_no_p_value
GSE136831,subtype,consensus,exploratory,CCL2,ACKR4,fibroblasts,Fibroblast,macrophages,Macrophage,100,0.5,3,5,0.08676933291081435,0.20926104683804603,-0.03572238101641778,-0.27955264521020773,0.5862967118529472,descriptive_no_p_value
GSE136831,subtype,consensus,exploratory,CCL2,ACKR4,fibroblasts,Fibroblast,macrophages,Macrophage_Alveolar,100,0.5,3,3,0.09415900620393725,0.9859982643300889,-0.7976802519222135,-0.07944976582869012,0.35930454808256274,descriptive_no_p_value
GSE136831,subtype,consensus,core,AREG,EGFR_ERBB2,macrophages,Macrophage,fibroblasts,Fibroblast,100,0.5,3,5,-0.20846662809853722,-0.3184334783042342,-0.09849977789284159,-0.45834311753421897,0.1897127073160787,descriptive_no_p_value
GSE136831,subtype,consensus,core,AREG,EGFR_ERBB2,macrophages,Macrophage_Alveolar,fibroblasts,Fibroblast,100,0.5,3,3,0.09655126940283498,-0.08038494228763593,0.2734874810933068,-0.16810360272611113,0.5192231716217304,descriptive_no_p_value
GSE136831,subtype,consensus,core,AREG,ERBB3,macrophages,Macrophage,fibroblasts,Fibroblast,100,0.5,3,5,0.058196650830188545,-0.3184334783042342,0.4348267799646101,-0.16273267050936457,0.4055715454785931,descriptive_no_p_value
GSE136831,subtype,consensus,core,AREG,ERBB3,macrophages,Macrophage_Alveolar,fibroblasts,Fibroblast,100,0.5,3,3,-0.15543249804140036,-0.08038494228763593,-0.23048005379516462,-0.4805581880262748,0.2164349634112841,descriptive_no_p_value
GSE136831,subtype,consensus,exploratory,CXCL12,CD4,fibroblasts,Fibroblast,macrophages,Macrophage,100,0.5,3,5,1.3861948680675633,1.9144846950594792,0.8579050410756519,1.0583774585766736,1.5959429016381579,descriptive_no_p_value
GSE136831,subtype,consensus,exploratory,CXCL12,CD4,fibroblasts,Fibroblast,macrophages,Macrophage_Alveolar,100,0.5,3,3,0.9577611997874085,1.7722547682360608,0.14326763133875708,0.5688929337924229,1.208755137357028,descriptive_no_p_value
GSE136831,subtype,consensus,exploratory,CXCL12,ITGB3,fibroblasts,Fibroblast,macrophages,Macrophage,100,0.5,3,5,1.178038098678564,1.9144846950594792,0.44159150229765043,0.7072259847673088,1.5413867860685313,descriptive_no_p_value
GSE136831,subtype,consensus,exploratory,CXCL12,ITGB3,fibroblasts,Fibroblast,macrophages,Macrophage_Alveolar,100,0.5,3,3,1.610145114406441,1.7722547682360608,1.4480354605768206,1.1732250467718321,1.8320501564584508,descriptive_no_p_value
GSE136831,subtype,consensus,exploratory,CXCL12,ITGB1,fibroblasts,Fibroblast,macrophages,Macrophage,100,0.5,3,5,0.658736323291639,1.9144846950594792,-0.5970120484762012,0.37339476097206603,0.857603998854966,descriptive_no_p_value
GSE136831,subtype,consensus,exploratory,CXCL12,ITGB1,fibroblasts,Fibroblast,macrophages,Macrophage_Alveolar,100,0.5,3,3,0.7271562922559767,1.7722547682360608,-0.3179421837241083,0.3928579321184289,0.923809707550804,descriptive_no_p_value
GSE136831,subtype,consensus,exploratory,CXCL12,ITGAV,fibroblasts,Fibroblast,macrophages,Macrophage,100,0.5,3,5,0.8045852884262343,1.9144846950594792,-0.3053141182070087,0.542627637699888,1.010242011185582,descriptive_no_p_value
GSE136831,subtype,consensus,exploratory,CXCL12,ITGAV,fibroblasts,Fibroblast,macrophages,Macrophage_Alveolar,100,0.5,3,3,0.8254757778435842,1.7722547682360608,-0.12130321254889331,0.5552504761867763,1.0297868860575887,descriptive_no_p_value
GSE136831,subtype,consensus,exploratory,CXCL12,ITGA5,fibroblasts,Fibroblast,macrophages,Macrophage,100,0.5,3,5,0.7445673373517367,1.9144846950594792,-0.4253500203560048,0.41361249321927485,1.1354915235978922,descriptive_no_p_value
GSE136831,subtype,consensus,exploratory,CXCL12,ITGA5,fibroblasts,Fibroblast,macrophages,Macrophage_Alveolar,100,0.5,3,3,0.7310812803139468,1.7722547682360608,-0.31009220760816714,0.3560266230863185,1.052467217807438,descriptive_no_p_value
GSE136831,subtype,consensus,exploratory,CXCL12,ITGA4,fibroblasts,Fibroblast,macrophages,Macrophage,100,0.5,3,5,1.2569993335456697,1.9144846950594792,0.5995139720318647,0.9114960280681839,1.5665839653955635,descriptive_no_p_value
GSE136831,subtype,consensus,exploratory,CXCL12,ITGA4,fibroblasts,Fibroblast,macrophages,Macrophage_Alveolar,100,0.5,3,3,0.9804632016200778,1.7722547682360608,0.18867163500409623,0.7490699950471722,1.215950536349097,descriptive_no_p_value
GSE136831,subtype,consensus,exploratory,CXCL12,ACKR3,fibroblasts,Fibroblast,macrophages,Macrophage,100,0.5,3,5,1.03149422886049,1.9144846950594792,0.14850376266150178,0.44764406215227215,1.5314238334352916,descriptive_no_p_value
GSE136831,subtype,consensus,exploratory,CXCL12,ACKR3,fibroblasts,Fibroblast,macrophages,Macrophage_Alveolar,100,0.5,3,3,0.859244634402363,1.7722547682360608,-0.05376549943133302,0.3833141326285139,1.1176515637880415,descriptive_no_p_value
GSE136831,subtype,consensus,exploratory,CXCL12,AVPR1A,fibroblasts,Fibroblast,macrophages,Macrophage,100,0.5,3,5,1.015894249393366,1.9144846950594792,0.11730380372725469,0.3582315439161803,1.8250039223702303,descriptive_no_p_value
GSE136831,subtype,consensus,exploratory,CXCL12,AVPR1A,fibroblasts,Fibroblast,macrophages,Macrophage_Alveolar,100,0.5,3,3,0.24716118321608072,1.7722547682360608,-1.2779324018038984,-0.11236901364755125,0.8503523138097124,descriptive_no_p_value
GSE136831,subtype,consensus,exploratory,CXCL12,CXCR3,fibroblasts,Fibroblast,macrophages,Macrophage,100,0.5,3,5,1.6272954329636147,1.9144846950594792,1.3401061708677515,1.373748221407148,1.9328862101424196,descriptive_no_p_value
GSE136831,subtype,consensus,exploratory,CXCL12,CXCR3,fibroblasts,Fibroblast,macrophages,Macrophage_Alveolar,100,0.5,3,3,0.9103324716961934,1.7722547682360608,0.048410175156326396,0.36330046481777756,1.5082870443884524,descriptive_no_p_value
GSE136831,subtype,consensus,exploratory,CXCL12,CCR4,fibroblasts,Fibroblast,macrophages,Macrophage,100,0.5,3,5,1.9666721160830103,1.9144846950594792,2.0188595371065428,1.842113064279443,2.1028692574862844,descriptive_no_p_value
GSE136831,subtype,consensus,exploratory,CXCL12,CCR4,fibroblasts,Fibroblast,macrophages,Macrophage_Alveolar,100,0.5,3,3,0.6896621988181204,1.7722547682360608,-0.39293037059981994,0.27269037183377387,1.069656676801567,descriptive_no_p_value
GSE136831,subtype,consensus,exploratory,CXCL12,CXCR4,fibroblasts,Fibroblast,macrophages,Macrophage,100,0.5,3,5,1.3169936564351081,1.9144846950594792,0.719502617810738,0.9303061402302042,1.8444768429169311,descriptive_no_p_value
GSE136831,subtype,consensus,exploratory,CXCL12,CXCR4,fibroblasts,Fibroblast,macrophages,Macrophage_Alveolar,100,0.5,3,3,1.4047922883491877,1.7722547682360608,1.0373298084623164,1.0185463547715417,1.9039851821268918,descriptive_no_p_value
GSE136831,subtype,consensus,exploratory,CXCL12,GRM7,fibroblasts,Fibroblast,macrophages,Macrophage,100,0.5,3,5,1.2727246346765417,1.9144846950594792,0.6309645742936079,1.0322876816408009,1.5012213648447252,descriptive_no_p_value
GSE136831,subtype,consensus,exploratory,CXCL12,GRM7,fibroblasts,Fibroblast,macrophages,Macrophage_Alveolar,100,0.5,3,3,1.0018171055037266,1.7722547682360608,0.23137944277139333,0.7396211719941785,1.245356133667336,descriptive_no_p_value
GSE136831,subtype,consensus,core,HBEGF,EGFR_ERBB2,macrophages,Macrophage,fibroblasts,Fibroblast,100,0.5,3,5,0.09343515134517322,0.2853700805831876,-0.09849977789284159,-0.1869826131761645,0.4921159431993658,descriptive_no_p_value
GSE136831,subtype,consensus,core,HBEGF,EGFR_ERBB2,macrophages,Macrophage_Alveolar,fibroblasts,Fibroblast,100,0.5,3,3,0.04167935719229199,-0.19012876670871925,0.2734874810933068,-0.16762900729747532,0.25793074502405666,descriptive_no_p_value
GSE136831,subtype,consensus,core,HBEGF,ERBB2_ERBB4,macrophages,Macrophage,fibroblasts,Fibroblast,100,0.5,3,5,0.11788107506971279,0.2853700805831876,-0.049607930443761994,-0.15031372758935468,0.4921159431993658,descriptive_no_p_value
GSE136831,subtype,consensus,core,HBEGF,ERBB2_ERBB4,macrophages,Macrophage_Alveolar,fibroblasts,Fibroblast,100,0.5,3,3,0.06612528091683245,-0.19012876670871925,0.3223793285423864,-0.14318308357293485,0.26568677591052037,descriptive_no_p_value
GSE136831,subtype,consensus,core,HBEGF,CD44,macrophages,Macrophage,fibroblasts,Fibroblast,100,0.5,3,5,0.07773432964317806,0.2853700805831876,-0.12990142129683058,-0.01111459931751213,0.1515874964668349,descriptive_no_p_value
GSE136831,subtype,consensus,core,HBEGF,CD44,macrophages,Macrophage_Alveolar,fibroblasts,Fibroblast,100,0.5,3,3,-0.20305063209316554,-0.19012876670871925,-0.2159724974776136,-0.33628522542818207,-0.06716087256246439,descriptive_no_p_value
GSE136831,subtype,consensus,core,HBEGF,PRLR,macrophages,Macrophage,fibroblasts,Fibroblast,100,0.5,3,5,0.23724853622219433,0.2853700805831876,0.18912699186120202,-0.014222060203014752,0.5851248873101755,descriptive_no_p_value
GSE136831,subtype,consensus,core,HBEGF,PRLR,macrophages,Macrophage_Alveolar,fibroblasts,Fibroblast,100,0.5,3,3,0.027781264086756075,-0.19012876670871925,0.24569129488223201,-0.23428320073969067,0.5237674626645394,descriptive_no_p_value
GSE136831,subtype,consensus,exploratory,CCL2,ACKR2,fibroblasts,Fibroblast,macrophages,Macrophage,100,0.5,3,5,0.5805377713711084,0.20926104683804603,0.9518144959041708,-0.12734824198890182,1.0950917139426983,descriptive_no_p_value
GSE136831,subtype,consensus,exploratory,CCL2,ACKR2,fibroblasts,Fibroblast,macrophages,Macrophage_Alveolar,100,0.5,3,3,1.0679550636504342,0.9859982643300889,1.1499118629707814,0.6459846397454636,1.5603650202563903,descriptive_no_p_value
GSE136831,subtype,consensus,exploratory,CXCL12,DPP4,fibroblasts,Fibroblast,macrophages,Macrophage,100,0.5,3,5,0.744908067340738,1.9144846950594792,-0.4246685603780018,0.15584001674979575,1.2100874625155802,descriptive_no_p_value
GSE136831,subtype,consensus,exploratory,CXCL12,DPP4,fibroblasts,Fibroblast,macrophages,Macrophage_Alveolar,100,0.5,3,3,0.03833812664574454,1.7722547682360608,-1.6955785149445701,-0.6718399352563305,0.6006723520929025,descriptive_no_p_value
GSE136831,subtype,consensus,core,TGFB1,ENG,macrophages,Macrophage,fibroblasts,Fibroblast,100,0.5,3,5,-0.21801281002501494,-0.14003821497943836,-0.2959874050705933,-0.40377110962164586,-0.005780743507610708,descriptive_no_p_value
GSE136831,subtype,consensus,core,TGFB1,ENG,macrophages,Macrophage_Alveolar,fibroblasts,Fibroblast,100,0.5,3,3,-0.26612674986272644,-0.24317414182292652,-0.28907935790252814,-0.429287756653296,-0.14340693168157603,descriptive_no_p_value
GSE136831,subtype,consensus,core,HBEGF,CD9,macrophages,Macrophage,fibroblasts,Fibroblast,100,0.5,3,5,0.40538035710418985,0.2853700805831876,0.5253906336251921,0.21843502958423588,0.6646780309287639,descriptive_no_p_value
GSE136831,subtype,consensus,core,HBEGF,CD9,macrophages,Macrophage_Alveolar,fibroblasts,Fibroblast,100,0.5,3,3,0.5571501148124138,-0.19012876670871925,1.3044289963335496,0.4158631730579909,0.6993064818418206,descriptive_no_p_value
GSE136831,subtype,consensus,core,HBEGF,CD82,macrophages,Macrophage,fibroblasts,Fibroblast,100,0.5,3,5,-0.17777485904829238,0.2853700805831876,-0.6409197986797714,-0.320036546166099,-0.05747257188101873,descriptive_no_p_value
GSE136831,subtype,consensus,core,HBEGF,CD82,macrophages,Macrophage_Alveolar,fibroblasts,Fibroblast,100,0.5,3,3,-0.2696427960184353,-0.19012876670871925,-0.3491568253281505,-0.43010116872166293,-0.06315837745482522,descriptive_no_p_value
GSE136831,subtype,consensus,core,TGFB1,CAV1,macrophages,Macrophage,fibroblasts,Fibroblast,100,0.5,3,5,0.4261888546463677,-0.14003821497943836,0.9924159242721755,-0.18770175390936394,1.0031732268710059,descriptive_no_p_value
GSE136831,subtype,consensus,core,TGFB1,CAV1,macrophages,Macrophage_Alveolar,fibroblasts,Fibroblast,100,0.5,3,3,0.20119353752770497,-0.24317414182292652,0.64556121687834,-0.3900997782219653,0.6886656614160893,descriptive_no_p_value
GSE136831,subtype,consensus,exploratory,CXCL12,SDC4,fibroblasts,Fibroblast,macrophages,Macrophage,100,0.5,3,5,0.8466270606869291,1.9144846950594792,-0.2212305736856175,0.4201995562393481,1.2150751707960197,descriptive_no_p_value
GSE136831,subtype,consensus,exploratory,CXCL12,SDC4,fibroblasts,Fibroblast,macrophages,Macrophage_Alveolar,100,0.5,3,3,0.8956505209120804,1.7722547682360608,0.019046273588099183,0.5109890777366939,1.1870760681467463,descriptive_no_p_value
GSE136831,subtype,consensus,core,TGFB1,LPP,macrophages,Macrophage,fibroblasts,Fibroblast,100,0.5,3,5,0.10229649024554455,-0.14003821497943836,0.34463119547052834,0.0016916399889304046,0.21536837305508527,descriptive_no_p_value
GSE136831,subtype,consensus,core,TGFB1,LPP,macrophages,Macrophage_Alveolar,fibroblasts,Fibroblast,100,0.5,3,3,0.05282956398419891,-0.24317414182292652,0.34883326979132434,0.018045908815066625,0.08340459681078194,descriptive_no_p_value
GSE136831,subtype,cellchatdb,core,IL1B,IL1R2,macrophages,Macrophage,fibroblasts,Fibroblast,100,0.5,3,5,-0.46401832725449665,-0.6756717425609224,-0.2523649119480682,-0.8882839010740957,0.22815603854912414,descriptive_no_p_value
GSE136831,subtype,cellchatdb,core,IL1B,IL1R2,macrophages,Macrophage_Alveolar,fibroblasts,Fibroblast,100,0.5,3,3,0.19759199622315116,0.46063886405908594,-0.06545487161278674,-0.19030117392347723,0.43210309237578226,descriptive_no_p_value
GSE136831,subtype,cellchatdb,core,AREG,EGFR,macrophages,Macrophage,fibroblasts,Fibroblast,100,0.5,3,5,-0.1159415991238717,-0.3184334783042342,0.08655028005649079,-0.27952575006290026,0.17055107261683133,descriptive_no_p_value
GSE136831,subtype,cellchatdb,core,AREG,EGFR,macrophages,Macrophage_Alveolar,fibroblasts,Fibroblast,100,0.5,3,3,0.11373552076741955,-0.08038494228763593,0.3078559838224759,-0.1255250261842651,0.42472075931240294,descriptive_no_p_value
GSE136831,subtype,cellchatdb,core,HBEGF,EGFR,macrophages,Macrophage,fibroblasts,Fibroblast,100,0.5,3,5,0.18596018031983874,0.2853700805831876,0.08655028005649079,-0.008165245704846669,0.47295430850011755,descriptive_no_p_value
GSE136831,subtype,cellchatdb,core,HBEGF,EGFR,macrophages,Macrophage_Alveolar,fibroblasts,Fibroblast,100,0.5,3,3,0.05886360855687656,-0.19012876670871925,0.3078559838224759,-0.049068054702805064,0.16342833271472834,descriptive_no_p_value
GSE136831,subtype,cellchatdb,core,HBEGF,ERBB4,macrophages,Macrophage,fibroblasts,Fibroblast,100,0.5,3,5,0.7040658720090844,0.2853700805831876,1.1227616634349795,0.5716126379054813,0.9187301010512323,descriptive_no_p_value
GSE136831,subtype,cellchatdb,core,HBEGF,ERBB4,macrophages,Macrophage_Alveolar,fibroblasts,Fibroblast,100,0.5,3,3,0.7898591769590873,-0.19012876670871925,1.7698471206268955,0.6789482728994507,0.9853449143644539,descriptive_no_p_value
GSE136831,subtype,cellchatdb,exploratory,CXCL12,ACKR3,fibroblasts,Fibroblast,macrophages,Macrophage,100,0.5,3,5,1.03149422886049,1.9144846950594792,0.14850376266150178,0.44764406215227215,1.5314238334352916,descriptive_no_p_value
GSE136831,subtype,cellchatdb,exploratory,CXCL12,ACKR3,fibroblasts,Fibroblast,macrophages,Macrophage_Alveolar,100,0.5,3,3,0.859244634402363,1.7722547682360608,-0.05376549943133302,0.3833141326285139,1.1176515637880415,descriptive_no_p_value
GSE136831,subtype,cellchatdb,exploratory,CCL2,CCR2,fibroblasts,Fibroblast,macrophages,Macrophage,100,0.5,3,5,0.4062277783241255,0.20926104683804603,0.603194509810206,0.1813541011140325,0.595628229307894,descriptive_no_p_value
GSE136831,subtype,cellchatdb,exploratory,CCL2,CCR2,fibroblasts,Fibroblast,macrophages,Macrophage_Alveolar,100,0.5,3,3,1.1749090538514095,0.9859982643300889,1.3638198433727327,0.8147914523163728,1.5225987816362165,descriptive_no_p_value
GSE136831,subtype,cellchatdb,exploratory,CXCL12,CXCR4,fibroblasts,Fibroblast,macrophages,Macrophage,100,0.5,3,5,1.3169936564351081,1.9144846950594792,0.719502617810738,0.9303061402302042,1.8444768429169311,descriptive_no_p_value
GSE136831,subtype,cellchatdb,exploratory,CXCL12,CXCR4,fibroblasts,Fibroblast,macrophages,Macrophage_Alveolar,100,0.5,3,3,1.4047922883491877,1.7722547682360608,1.0373298084623164,1.0185463547715417,1.9039851821268918,descriptive_no_p_value
GSE136831,subtype,cellchatdb,exploratory,CCL2,ACKR1,fibroblasts,Fibroblast,macrophages,Macrophage,100,0.5,3,5,0.7172956495071077,0.20926104683804603,1.2253302521761706,0.2119631703623428,1.1745565370480353,descriptive_no_p_value
GSE136831,subtype,cellchatdb,exploratory,CCL2,ACKR1,fibroblasts,Fibroblast,macrophages,Macrophage_Alveolar,100,0.5,3,3,1.5566242239802461,0.9859982643300889,2.1272501836304043,0.8981487267807688,2.2051138969155906,descriptive_no_p_value
GSE136831,subtype,cellchatdb,exploratory,CCL2,ACKR2,fibroblasts,Fibroblast,macrophages,Macrophage,100,0.5,3,5,0.5805377713711084,0.20926104683804603,0.9518144959041708,-0.12734824198890182,1.0950917139426983,descriptive_no_p_value
GSE136831,subtype,cellchatdb,exploratory,CCL2,ACKR2,fibroblasts,Fibroblast,macrophages,Macrophage_Alveolar,100,0.5,3,3,1.0679550636504342,0.9859982643300889,1.1499118629707814,0.6459846397454636,1.5603650202563903,descriptive_no_p_value
GSE136831,subtype,cellchatdb,core,IL1A,IL1R1_IL1RAP,macrophages,Macrophage,fibroblasts,Fibroblast,100,0.5,3,5,0.9972386739336043,0.715583285070287,1.2788940627969216,0.6955854955946679,1.3868601819503148,descriptive_no_p_value
GSE136831,subtype,cellchatdb,core,IL1A,IL1R1_IL1RAP,macrophages,Macrophage_Alveolar,fibroblasts,Fibroblast,100,0.5,3,3,1.06129396074296,0.8571305157389562,1.2654574057469627,0.917335142293572,1.297056287820868,descriptive_no_p_value
GSE136831,subtype,cellchatdb,core,IL1B,IL1R1_IL1RAP,macrophages,Macrophage,fibroblasts,Fibroblast,100,0.5,3,5,0.30161116011800004,-0.6756717425609224,1.2788940627969216,0.08610417955789096,0.6398556605169512,descriptive_no_p_value
GSE136831,subtype,cellchatdb,core,IL1B,IL1R1_IL1RAP,macrophages,Macrophage_Alveolar,fibroblasts,Fibroblast,100,0.5,3,3,0.8630481349030248,0.46063886405908594,1.2654574057469627,0.6203262369015752,1.3063178243151485,descriptive_no_p_value
GSE136831,subtype,cellchatdb,core,TGFB1,TGFBR1_TGFBR2,macrophages,Macrophage,fibroblasts,Fibroblast,100,0.5,3,5,-0.04867490810173525,-0.14003821497943836,0.04268839877596964,-0.2956079002302383,0.10150671518576182,descriptive_no_p_value
GSE136831,subtype,cellchatdb,core,TGFB1,TGFBR1_TGFBR2,macrophages,Macrophage_Alveolar,fibroblasts,Fibroblast,100,0.5,3,3,-0.07738076916131487,-0.24317414182292652,0.08841260350029767,-0.25739880575962637,0.04196789248575428,descriptive_no_p_value
GSE136831,subtype,cellchatdb,core,IL1A,IL1R2,macrophages,Macrophage,fibroblasts,Fibroblast,100,0.5,3,5,0.2316091865611094,0.715583285070287,-0.2523649119480682,-0.2788025850373179,0.9751605599824891,descriptive_no_p_value
GSE136831,subtype,cellchatdb,core,IL1A,IL1R2,macrophages,Macrophage_Alveolar,fibroblasts,Fibroblast,100,0.5,3,3,0.3958378220630854,0.8571305157389562,-0.06545487161278674,0.10995353302688748,0.6547183772808651,descriptive_no_p_value
GSE136831,subtype,cellchatdb,core,TGFB1,ACVR1B_TGFBR2,macrophages,Macrophage,fibroblasts,Fibroblast,100,0.5,3,5,0.033739053549407316,-0.14003821497943836,0.2075163220782521,-0.11394343059527934,0.19900411244430583,descriptive_no_p_value
GSE136831,subtype,cellchatdb,core,TGFB1,ACVR1B_TGFBR2,macrophages,Macrophage_Alveolar,fibroblasts,Fibroblast,100,0.5,3,3,0.046318858209787095,-0.24317414182292652,0.3358118582425007,-0.07876633312883818,0.12207166876843178,descriptive_no_p_value
GSE136831,subtype,cellchatdb,core,TGFB1,ACVR1C_TGFBR2,macrophages,Macrophage,fibroblasts,Fibroblast,100,0.5,3,5,0.866816330982545,-0.14003821497943836,1.8736708769445283,0.547274357313051,1.0682024054122121,descriptive_no_p_value
GSE136831,subtype,cellchatdb,core,TGFB1,ACVR1C_TGFBR2,macrophages,Macrophage_Alveolar,fibroblasts,Fibroblast,100,0.5,3,3,1.146363431045455,-0.24317414182292652,2.5359010039138363,0.8494187501820232,1.3620345505032607,descriptive_no_p_value
GSE136831,subtype,cellchatdb,core,TGFB1,ACVR1_TGFBR1_TGFBR2,macrophages,Macrophage,fibroblasts,Fibroblast,100,0.5,3,5,0.3910991470070071,-0.14003821497943836,0.922236508993457,0.2677009378217088,0.5612313556062594,descriptive_no_p_value
GSE136831,subtype,cellchatdb,core,TGFB1,ACVR1_TGFBR1_TGFBR2,macrophages,Macrophage_Alveolar,fibroblasts,Fibroblast,100,0.5,3,3,0.09645483842633595,-0.24317414182292652,0.43608381867559753,-0.13298890945241038,0.3992098902647596,descriptive_no_p_value
GSE136831,subtype,cellchatdb,core,AREG,EGFR_ERBB2,macrophages,Macrophage,fibroblasts,Fibroblast,100,0.5,3,5,-0.20846662809853722,-0.3184334783042342,-0.09849977789284159,-0.45834311753421897,0.1897127073160787,descriptive_no_p_value
GSE136831,subtype,cellchatdb,core,AREG,EGFR_ERBB2,macrophages,Macrophage_Alveolar,fibroblasts,Fibroblast,100,0.5,3,3,0.09655126940283498,-0.08038494228763593,0.2734874810933068,-0.16810360272611113,0.5192231716217304,descriptive_no_p_value
GSE136831,subtype,cellchatdb,core,HBEGF,EGFR_ERBB2,macrophages,Macrophage,fibroblasts,Fibroblast,100,0.5,3,5,0.09343515134517322,0.2853700805831876,-0.09849977789284159,-0.1869826131761645,0.4921159431993658,descriptive_no_p_value
GSE136831,subtype,cellchatdb,core,HBEGF,EGFR_ERBB2,macrophages,Macrophage_Alveolar,fibroblasts,Fibroblast,100,0.5,3,3,0.04167935719229199,-0.19012876670871925,0.2734874810933068,-0.16762900729747532,0.25793074502405666,descriptive_no_p_value
GSE136831,subtype,cellchatdb,core,HBEGF,ERBB2_ERBB4,macrophages,Macrophage,fibroblasts,Fibroblast,100,0.5,3,5,0.11788107506971279,0.2853700805831876,-0.049607930443761994,-0.15031372758935468,0.4921159431993658,descriptive_no_p_value
GSE136831,subtype,cellchatdb,core,HBEGF,ERBB2_ERBB4,macrophages,Macrophage_Alveolar,fibroblasts,Fibroblast,100,0.5,3,3,0.06612528091683245,-0.19012876670871925,0.3223793285423864,-0.14318308357293485,0.26568677591052037,descriptive_no_p_value
GSE136831,broad,consensus,core,TGFB1,ITGAV_ITGB6,macrophages,__broad__,fibroblasts,__broad__,100,2.0,4,11,-0.3128916557542203,-0.1617601381431042,-0.4640231733653333,-0.43816597584947736,-0.1918434258278623,descriptive_no_p_value
GSE136831,broad,consensus,core,TGFB1,ACVR1B_TGFBR2,macrophages,__broad__,fibroblasts,__broad__,100,2.0,4,11,-0.09513652473049916,-0.1617601381431042,-0.028512911317895018,-0.23918578996564488,-0.02034907473901626,descriptive_no_p_value
GSE136831,broad,consensus,core,TGFB1,TGFBR1_TGFBR2,macrophages,__broad__,fibroblasts,__broad__,100,2.0,4,11,-0.22441665900030205,-0.1617601381431042,-0.28707317985749814,-0.36638193300342614,-0.14261954993274806,descriptive_no_p_value
GSE136831,broad,consensus,core,TGFB1,ACVR1_TGFBR1_TGFBR2,macrophages,__broad__,fibroblasts,__broad__,100,2.0,4,11,0.41713239153853543,-0.1617601381431042,0.9960249212201733,0.3185634912620827,0.4913176102860719,descriptive_no_p_value
GSE136831,broad,consensus,core,TGFB1,ACVR1_TGFBR2,macrophages,__broad__,fibroblasts,__broad__,100,2.0,4,11,0.4709060727961205,-0.1617601381431042,1.1035722837353488,0.3723371725196678,0.545091291543657,descriptive_no_p_value
GSE136831,broad,consensus,core,TGFB1,ACVR1C_TGFBR2,macrophages,__broad__,fibroblasts,__broad__,100,2.0,4,11,0.5118924945603203,-0.1617601381431042,1.1855451272637425,0.3824139490100107,0.6186145834838617,descriptive_no_p_value
GSE136831,broad,consensus,core,TGFB1,EGFR,macrophages,__broad__,fibroblasts,__broad__,100,2.0,4,11,-0.40655320048507537,-0.1617601381431042,-0.6513462628270439,-0.45506099371832676,-0.35169801702568293,descriptive_no_p_value
GSE136831,broad,consensus,core,TGFB1,ITGB3,macrophages,__broad__,fibroblasts,__broad__,100,2.0,4,11,-0.30332422186936636,-0.1617601381431042,-0.44488830559562764,-0.4352465584454519,-0.21718569287198175,descriptive_no_p_value
GSE136831,broad,consensus,core,TGFB1,ITGB1,macrophages,__broad__,fibroblasts,__broad__,100,2.0,4,11,0.1345769894485409,-0.1617601381431042,0.4309141170401869,0.04374879628054362,0.18504027971056303,descriptive_no_p_value
GSE136831,broad,consensus,core,TGFB1,ITGB5,macrophages,__broad__,fibroblasts,__broad__,100,2.0,4,11,0.02329475423748928,-0.1617601381431042,0.20834964661808364,-0.13622368372521176,0.1311255605597248,descriptive_no_p_value
GSE136831,broad,consensus,core,TGFB1,ITGB8,macrophages,__broad__,fibroblasts,__broad__,100,2.0,4,11,0.30259759607229775,-0.1617601381431042,0.7669553302877024,0.1551996177040289,0.4566465164001272,descriptive_no_p_value
GSE136831,broad,consensus,core,TGFB1,SDC2,macrophages,__broad__,fibroblasts,__broad__,100,2.0,4,11,-0.04948940157664872,-0.1617601381431042,0.0627813349898112,-0.1486431036993494,0.04811065653290836,descriptive_no_p_value
GSE136831,broad,consensus,core,TGFB1,ACVRL1,macrophages,__broad__,fibroblasts,__broad__,100,2.0,4,11,-0.36392210250711265,-0.1617601381431042,-0.5660840668711211,-0.4607088573328886,-0.23682362790958233,descriptive_no_p_value
GSE136831,broad,consensus,core,TGFB1,CXCR4,macrophages,__broad__,fibroblasts,__broad__,100,2.0,4,11,0.26496194763069614,-0.1617601381431042,0.6916840334044982,-0.0879086985238704,0.5088217405144135,descriptive_no_p_value
GSE136831,broad,consensus,core,TGFB1,TGFBR3,macrophages,__broad__,fibroblasts,__broad__,100,2.0,4,11,-0.8757653303416086,-0.1617601381431042,-1.5897705225401149,-0.9882200668348977,-0.7813078175241825,descriptive_no_p_value
GSE136831,broad,consensus,core,TGFB1,VASN,macrophages,__broad__,fibroblasts,__broad__,100,2.0,4,11,-0.5581562478080508,-0.1617601381431042,-0.9545523574729975,-0.7198428560112538,-0.461130351001211,descriptive_no_p_value
GSE136831,broad,consensus,core,IL1A,IL1R1_IL1RAP,macrophages,__broad__,fibroblasts,__broad__,100,2.0,4,11,0.1237431139887688,-0.3586988674531626,0.6061850954306998,0.014474668395322965,0.26042271347370693,descriptive_no_p_value
GSE136831,broad,consensus,core,IL1A,IL1R2_IL1RAP,macrophages,__broad__,fibroblasts,__broad__,100,2.0,4,11,-0.3662622933835693,-0.3586988674531626,-0.373825719313976,-0.44216781080968914,-0.22342603292182517,descriptive_no_p_value
GSE136831,broad,consensus,core,IL1B,IL1R1_IL1RAP,macrophages,__broad__,fibroblasts,__broad__,100,2.0,4,11,0.021478036449383175,-0.5632290225319334,0.6061850954306998,-0.20377180872273115,0.12394335303612891,descriptive_no_p_value
GSE136831,broad,consensus,core,IL1B,IL1R2_IL1RAP,macrophages,__broad__,fibroblasts,__broad__,100,2.0,4,11,-0.4685273709229545,-0.5632290225319334,-0.373825719313976,-0.7839152480093965,-0.1435970837727254,descriptive_no_p_value
GSE136831,broad,consensus,core,IL1B,ADRB2,macrophages,__broad__,fibroblasts,__broad__,100,2.0,4,11,-0.04817659063337709,-0.5632290225319334,0.4668758412651809,-0.23740777435229976,0.11148253339195158,descriptive_no_p_value
GSE136831,broad,consensus,core,IL1B,SIGIRR,macrophages,__broad__,fibroblasts,__broad__,100,2.0,4,11,-0.6205224672747205,-0.5632290225319334,-0.6778159120175085,-0.7454068561975404,-0.4987615714761171,descriptive_no_p_value
GSE136831,broad,consensus,exploratory,CCL2,CCR1,fibroblasts,__broad__,macrophages,__broad__,100,2.0,4,11,0.4160749400217254,0.38875051725084653,0.4433993627926043,0.24891904291675182,0.6519181626608681,descriptive_no_p_value
GSE136831,broad,consensus,exploratory,CCL2,CCR2,fibroblasts,__broad__,macrophages,__broad__,100,2.0,4,11,0.5294014767447317,0.38875051725084653,0.6700524362386173,0.30844780547768735,0.68763174176501,descriptive_no_p_value
GSE136831,broad,consensus,exploratory,CCL2,CCR10,fibroblasts,__broad__,macrophages,__broad__,100,2.0,4,11,0.3038893606675632,0.38875051725084653,0.21902820408427803,0.14458628486897762,0.3948583437287958,descriptive_no_p_value
GSE136831,broad,consensus,exploratory,CCL2,CCR3,fibroblasts,__broad__,macrophages,__broad__,100,2.0,4,11,0.6690342560216367,0.38875051725084653,0.9493179947924276,0.44407219453955094,0.9074451123660516,descriptive_no_p_value
GSE136831,broad,consensus,exploratory,CCL2,CCR4,fibroblasts,__broad__,macrophages,__broad__,100,2.0,4,11,0.4233020100866476,0.38875051725084653,0.4578535029224482,0.23728692434662868,0.5628154208071217,descriptive_no_p_value
GSE136831,broad,consensus,exploratory,CCL2,CCR5,fibroblasts,__broad__,macrophages,__broad__,100,2.0,4,11,0.9002325148478585,0.38875051725084653,1.41171451244487,0.659096615403139,1.0801036813214084,descriptive_no_p_value
GSE136831,broad,consensus,exploratory,CCL2,ACKR1,fibroblasts,__broad__,macrophages,__broad__,100,2.0,4,11,0.7930615876354681,0.38875051725084653,1.1973726580200899,0.48624719789712323,1.1003538001746564,descriptive_no_p_value
GSE136831,broad,consensus,exploratory,CCL2,ACKR4,fibroblasts,__broad__,macrophages,__broad__,100,2.0,4,11,0.053570914299365224,0.38875051725084653,-0.28160868865211697,-0.16513188018903158,0.32042534816003654,descriptive_no_p_value
GSE136831,broad,consensus,core,AREG,EGFR_ERBB2,macrophages,__broad__,fibroblasts,__broad__,100,2.0,4,11,-0.08892544745585695,-0.43735248418665584,0.2595015892749424,-0.16731009916310402,0.03026844954841046,descriptive_no_p_value
GSE136831,broad,consensus,core,AREG,ERBB3,macrophages,__broad__,fibroblasts,__broad__,100,2.0,4,11,-0.11988810331384592,-0.43735248418665584,0.19757627755896512,-0.24251673590785483,0.1001509919496204,descriptive_no_p_value
GSE136831,broad,consensus,exploratory,CXCL12,CD4,fibroblasts,__broad__,macrophages,__broad__,100,2.0,4,11,0.9677915097923782,1.5723594521406348,0.3632235674441162,0.7324384235524963,1.1084067268341133,descriptive_no_p_value
GSE136831,broad,consensus,exploratory,CXCL12,ITGB3,fibroblasts,__broad__,macrophages,__broad__,100,2.0,4,11,1.287589239445741,1.5723594521406348,1.0028190267508448,1.050545027500862,1.6660159560496437,descriptive_no_p_value
GSE136831,broad,consensus,exploratory,CXCL12,ITGB1,fibroblasts,__broad__,macrophages,__broad__,100,2.0,4,11,0.6382303458772514,1.5723594521406348,-0.2958987603861347,0.48027157596431014,0.8357116799295854,descriptive_no_p_value
GSE136831,broad,consensus,exploratory,CXCL12,ITGAV,fibroblasts,__broad__,macrophages,__broad__,100,2.0,4,11,0.6329098613540145,1.5723594521406348,-0.30653972943260754,0.4909442260850554,0.8113791846408676,descriptive_no_p_value
GSE136831,broad,consensus,exploratory,CXCL12,ITGA5,fibroblasts,__broad__,macrophages,__broad__,100,2.0,4,11,0.6825502308927591,1.5723594521406348,-0.20725899035512185,0.4889350349066248,0.9856046254763289,descriptive_no_p_value
GSE136831,broad,consensus,exploratory,CXCL12,ITGA4,fibroblasts,__broad__,macrophages,__broad__,100,2.0,4,11,1.2587359747574958,1.5723594521406348,0.945112497374355,1.0976201474559364,1.4023456880545901,descriptive_no_p_value
GSE136831,broad,consensus,exploratory,CXCL12,ACKR3,fibroblasts,__broad__,macrophages,__broad__,100,2.0,4,11,0.3924965130555238,1.5723594521406348,-0.7873664260295898,0.037652235419058044,0.590831196633685,descriptive_no_p_value
GSE136831,broad,consensus,exploratory,CXCL12,AVPR1A,fibroblasts,__broad__,macrophages,__broad__,100,2.0,4,11,0.5489091470465977,1.5723594521406348,-0.4745411580474421,0.284927257655365,0.9570363928337222,descriptive_no_p_value
GSE136831,broad,consensus,exploratory,CXCL12,CXCR3,fibroblasts,__broad__,macrophages,__broad__,100,2.0,4,11,0.8770606311173559,1.5723594521406348,0.18176181009407388,0.6098988088030468,1.1086166989986934,descriptive_no_p_value
GSE136831,broad,consensus,exploratory,CXCL12,CCR4,fibroblasts,__broad__,macrophages,__broad__,100,2.0,4,11,1.015106477531543,1.5723594521406348,0.4578535029224482,0.8244819770585015,1.1265255527687412,descriptive_no_p_value
GSE136831,broad,consensus,exploratory,CXCL12,CXCR4,fibroblasts,__broad__,macrophages,__broad__,100,2.0,4,11,1.0853851434089128,1.5723594521406348,0.5984108346771881,0.7960033840560348,1.2821491852233597,descriptive_no_p_value
GSE136831,broad,consensus,exploratory,CXCL12,GRM7,fibroblasts,__broad__,macrophages,__broad__,100,2.0,4,11,1.0173944514856577,1.5723594521406348,0.46242945083067655,0.8785759770312236,1.1772964623317033,descriptive_no_p_value
GSE136831,broad,consensus,core,HBEGF,EGFR_ERBB2,macrophages,__broad__,fibroblasts,__broad__,100,2.0,4,11,0.09910230203669457,-0.0612969852015528,0.2595015892749424,-0.12001308604821048,0.242215792518798,descriptive_no_p_value
GSE136831,broad,consensus,core,HBEGF,ERBB2_ERBB4,macrophages,__broad__,fibroblasts,__broad__,100,2.0,4,11,0.13276355455338873,-0.0612969852015528,0.3268240943083298,-0.07513141602595219,0.27567540875121654,descriptive_no_p_value
GSE136831,broad,consensus,core,HBEGF,CD44,macrophages,__broad__,fibroblasts,__broad__,100,2.0,4,11,-0.14220733729920543,-0.0612969852015528,-0.22311768939685805,-0.222239707783209,-0.03296266153769789,descriptive_no_p_value
GSE136831,broad,consensus,core,HBEGF,PRLR,macrophages,__broad__,fibroblasts,__broad__,100,2.0,4,11,0.40223537741280957,-0.0612969852015528,0.8657677400271742,0.20597216834044207,0.5907711979474439,descriptive_no_p_value
GSE136831,broad,consensus,exploratory,CCL2,ACKR2,fibroblasts,__broad__,macrophages,__broad__,100,2.0,4,11,0.2221056968088866,0.38875051725084653,0.05546087636692776,0.013054839015898878,0.4113704190262184,descriptive_no_p_value
GSE136831,broad,consensus,exploratory,CXCL12,DPP4,fibroblasts,__broad__,macrophages,__broad__,100,2.0,4,11,1.078353294636309,1.5723594521406348,0.584347137131982,0.7804576294270289,1.5501554309528607,descriptive_no_p_value
GSE136831,broad,consensus,core,TGFB1,ENG,macrophages,__broad__,fibroblasts,__broad__,100,2.0,4,11,-0.24229694113296407,-0.1617601381431042,-0.32283374412282484,-0.40997184384246044,-0.13258282078433314,descriptive_no_p_value
GSE136831,broad,consensus,core,HBEGF,CD9,macrophages,__broad__,fibroblasts,__broad__,100,2.0,4,11,0.32389219479473486,-0.0612969852015528,0.7090813747910225,0.15995168753669997,0.4776819457603123,descriptive_no_p_value
GSE136831,broad,consensus,core,HBEGF,CD82,macrophages,__broad__,fibroblasts,__broad__,100,2.0,4,11,0.3596517571856426,-0.0612969852015528,0.780600499572838,0.22957462703583076,0.5518792582895209,descriptive_no_p_value
GSE136831,broad,consensus,core,TGFB1,CAV1,macrophages,__broad__,fibroblasts,__broad__,100,2.0,4,11,0.45412951158736625,-0.1617601381431042,1.0700191613178376,0.06741061395745795,0.8007801345710863,descriptive_no_p_value
GSE136831,broad,consensus,exploratory,CXCL12,SDC4,fibroblasts,__broad__,macrophages,__broad__,100,2.0,4,11,0.6569253571095324,1.5723594521406348,-0.2585087379215709,0.41634915683866947,0.8575411390606922,descriptive_no_p_value
GSE136831,broad,consensus,core,TGFB1,LPP,macrophages,__broad__,fibroblasts,__broad__,100,2.0,4,11,0.11600049719121053,-0.1617601381431042,0.3937611325255226,0.04834754634664762,0.1808477012231524,descriptive_no_p_value
GSE136831,broad,cellchatdb,core,IL1B,IL1R2,macrophages,__broad__,fibroblasts,__broad__,100,2.0,4,11,-0.4685273709229545,-0.5632290225319334,-0.373825719313976,-0.7839152480093965,-0.1435970837727254,descriptive_no_p_value
GSE136831,broad,cellchatdb,core,AREG,EGFR,macrophages,__broad__,fibroblasts,__broad__,100,2.0,4,11,-0.5443493735068508,-0.43735248418665584,-0.6513462628270439,-0.617220071088675,-0.40053454808615996,descriptive_no_p_value
GSE136831,broad,cellchatdb,core,HBEGF,EGFR,macrophages,__broad__,fibroblasts,__broad__,100,2.0,4,11,-0.3563216240143001,-0.0612969852015528,-0.6513462628270439,-0.4854365955714446,-0.24494276974383933,descriptive_no_p_value
GSE136831,broad,cellchatdb,core,HBEGF,ERBB4,macrophages,__broad__,fibroblasts,__broad__,100,2.0,4,11,0.42731300721372634,-0.0612969852015528,0.9159229996290064,0.3518688824249345,0.5568763134283579,descriptive_no_p_value
GSE136831,broad,cellchatdb,exploratory,CXCL12,ACKR3,fibroblasts,__broad__,macrophages,__broad__,100,2.0,4,11,0.3924965130555238,1.5723594521406348,-0.7873664260295898,0.037652235419058044,0.590831196633685,descriptive_no_p_value
GSE136831,broad,cellchatdb,exploratory,CCL2,CCR2,fibroblasts,__broad__,macrophages,__broad__,100,2.0,4,11,0.5294014767447317,0.38875051725084653,0.6700524362386173,0.30844780547768735,0.68763174176501,descriptive_no_p_value
GSE136831,broad,cellchatdb,exploratory,CXCL12,CXCR4,fibroblasts,__broad__,macrophages,__broad__,100,2.0,4,11,1.0853851434089128,1.5723594521406348,0.5984108346771881,0.7960033840560348,1.2821491852233597,descriptive_no_p_value
GSE136831,broad,cellchatdb,exploratory,CCL2,ACKR1,fibroblasts,__broad__,macrophages,__broad__,100,2.0,4,11,0.7930615876354681,0.38875051725084653,1.1973726580200899,0.48624719789712323,1.1003538001746564,descriptive_no_p_value
GSE136831,broad,cellchatdb,exploratory,CCL2,ACKR2,fibroblasts,__broad__,macrophages,__broad__,100,2.0,4,11,0.2221056968088866,0.38875051725084653,0.05546087636692776,0.013054839015898878,0.4113704190262184,descriptive_no_p_value
GSE136831,broad,cellchatdb,core,IL1A,IL1R1_IL1RAP,macrophages,__broad__,fibroblasts,__broad__,100,2.0,4,11,0.1237431139887688,-0.3586988674531626,0.6061850954306998,0.014474668395322965,0.26042271347370693,descriptive_no_p_value
GSE136831,broad,cellchatdb,core,IL1B,IL1R1_IL1RAP,macrophages,__broad__,fibroblasts,__broad__,100,2.0,4,11,0.021478036449383175,-0.5632290225319334,0.6061850954306998,-0.20377180872273115,0.12394335303612891,descriptive_no_p_value
GSE136831,broad,cellchatdb,core,TGFB1,TGFBR1_TGFBR2,macrophages,__broad__,fibroblasts,__broad__,100,2.0,4,11,-0.22441665900030205,-0.1617601381431042,-0.28707317985749814,-0.36638193300342614,-0.14261954993274806,descriptive_no_p_value
GSE136831,broad,cellchatdb,core,IL1A,IL1R2,macrophages,__broad__,fibroblasts,__broad__,100,2.0,4,11,-0.3662622933835693,-0.3586988674531626,-0.373825719313976,-0.44216781080968914,-0.22342603292182517,descriptive_no_p_value
GSE136831,broad,cellchatdb,core,TGFB1,ACVR1B_TGFBR2,macrophages,__broad__,fibroblasts,__broad__,100,2.0,4,11,-0.09513652473049916,-0.1617601381431042,-0.028512911317895018,-0.23918578996564488,-0.02034907473901626,descriptive_no_p_value
GSE136831,broad,cellchatdb,core,TGFB1,ACVR1C_TGFBR2,macrophages,__broad__,fibroblasts,__broad__,100,2.0,4,11,0.5118924945603203,-0.1617601381431042,1.1855451272637425,0.3824139490100107,0.6186145834838617,descriptive_no_p_value
GSE136831,broad,cellchatdb,core,TGFB1,ACVR1_TGFBR1_TGFBR2,macrophages,__broad__,fibroblasts,__broad__,100,2.0,4,11,0.41713239153853543,-0.1617601381431042,0.9960249212201733,0.3185634912620827,0.4913176102860719,descriptive_no_p_value
GSE136831,broad,cellchatdb,core,AREG,EGFR_ERBB2,macrophages,__broad__,fibroblasts,__broad__,100,2.0,4,11,-0.08892544745585695,-0.43735248418665584,0.2595015892749424,-0.16731009916310402,0.03026844954841046,descriptive_no_p_value
GSE136831,broad,cellchatdb,core,HBEGF,EGFR_ERBB2,macrophages,__broad__,fibroblasts,__broad__,100,2.0,4,11,0.09910230203669457,-0.0612969852015528,0.2595015892749424,-0.12001308604821048,0.242215792518798,descriptive_no_p_value
GSE136831,broad,cellchatdb,core,HBEGF,ERBB2_ERBB4,macrophages,__broad__,fibroblasts,__broad__,100,2.0,4,11,0.13276355455338873,-0.0612969852015528,0.3268240943083298,-0.07513141602595219,0.27567540875121654,descriptive_no_p_value
GSE136831,subtype,consensus,core,TGFB1,ITGAV_ITGB6,macrophages,Macrophage,fibroblasts,Fibroblast,100,2.0,3,5,-0.17091762968820667,-0.13995115250937573,-0.20188410686703717,-0.3054659951291212,0.00023778505607108258,descriptive_no_p_value
GSE136831,subtype,consensus,core,TGFB1,ITGAV_ITGB6,macrophages,Macrophage_Alveolar,fibroblasts,Fibroblast,100,2.0,3,3,-0.09056303259753307,-0.24287865021123345,0.06175258501616687,-0.2025315007588704,-0.008870212929398491,descriptive_no_p_value
GSE136831,subtype,consensus,core,TGFB1,ACVR1B_TGFBR2,macrophages,Macrophage,fibroblasts,Fibroblast,100,2.0,3,5,0.028908623706710657,-0.13995115250937573,0.19776839992279438,-0.11141972267103828,0.19049627631532928,descriptive_no_p_value
GSE136831,subtype,consensus,core,TGFB1,ACVR1B_TGFBR2,macrophages,Macrophage_Alveolar,fibroblasts,Fibroblast,100,2.0,3,3,0.03922610760851519,-0.24287865021123345,0.3213308654282674,-0.07852234148965653,0.11135116514099241,descriptive_no_p_value
GSE136831,subtype,consensus,core,TGFB1,TGFBR1_TGFBR2,macrophages,Macrophage,fibroblasts,Fibroblast,100,2.0,3,5,-0.04946381379141851,-0.13995115250937573,0.041023524926537824,-0.2925521617150899,0.09917182100253008,descriptive_no_p_value
GSE136831,subtype,consensus,core,TGFB1,TGFBR1_TGFBR2,macrophages,Macrophage_Alveolar,fibroblasts,Fibroblast,100,2.0,3,3,-0.07841782480182502,-0.24287865021123345,0.08604300060758341,-0.2546234749289322,0.03861478560747589,descriptive_no_p_value
GSE136831,subtype,consensus,core,TGFB1,ACVR1_TGFBR1_TGFBR2,macrophages,Macrophage,fibroblasts,Fibroblast,100,2.0,3,5,0.371234457359491,-0.13995115250937573,0.882420067228356,0.2516605764433697,0.5304762944568697,descriptive_no_p_value
GSE136831,subtype,consensus,core,TGFB1,ACVR1_TGFBR1_TGFBR2,macrophages,Macrophage_Alveolar,fibroblasts,Fibroblast,100,2.0,3,3,0.08781837403119486,-0.24287865021123345,0.41851539827362316,-0.129584367515843,0.37426525973946667,descriptive_no_p_value
GSE136831,subtype,consensus,core,TGFB1,ACVR1_TGFBR2,macrophages,Macrophage,fibroblasts,Fibroblast,100,2.0,3,5,0.38634047481335454,-0.13995115250937573,0.9126321021360839,0.2516605764433697,0.5493588162742,descriptive_no_p_value
GSE136831,subtype,consensus,core,TGFB1,ACVR1_TGFBR2,macrophages,Macrophage_Alveolar,fibroblasts,Fibroblast,100,2.0,3,3,0.08781837403119486,-0.24287865021123345,0.41851539827362316,-0.129584367515843,0.37426525973946667,descriptive_no_p_value
GSE136831,subtype,consensus,core,TGFB1,ACVR1C_TGFBR2,macrophages,Macrophage,fibroblasts,Fibroblast,100,2.0,3,5,0.48727285224915207,-0.13995115250937573,1.1144968570076772,0.3243462606283316,0.6411131976026541,descriptive_no_p_value
GSE136831,subtype,consensus,core,TGFB1,ACVR1C_TGFBR2,macrophages,Macrophage_Alveolar,fibroblasts,Fibroblast,100,2.0,3,3,0.6766064852969604,-0.24287865021123345,1.5960916208051539,0.5550913717568884,0.7857509520100425,descriptive_no_p_value
GSE136831,subtype,consensus,core,TGFB1,EGFR,macrophages,Macrophage,fibroblasts,Fibroblast,100,2.0,3,5,-0.02673584110904681,-0.13995115250937573,0.08647947029127856,-0.10419466199561267,0.04384577899096165,descriptive_no_p_value
GSE136831,subtype,consensus,core,TGFB1,EGFR,macrophages,Macrophage_Alveolar,fibroblasts,Fibroblast,100,2.0,3,3,0.03179455651708718,-0.24287865021123345,0.30646776324540603,-0.014260570288120888,0.09147694866549116,descriptive_no_p_value
GSE136831,subtype,consensus,core,TGFB1,ITGB3,macrophages,Macrophage,fibroblasts,Fibroblast,100,2.0,3,5,0.08542267607128196,-0.13995115250937573,0.3107965046519383,-0.11438818222325509,0.23993684262357373,descriptive_no_p_value
GSE136831,subtype,consensus,core,TGFB1,ITGB3,macrophages,Macrophage_Alveolar,fibroblasts,Fibroblast,100,2.0,3,3,-0.36967194251168944,-0.24287865021123345,-0.49646523481214677,-0.4384703167707844,-0.29851184828195976,descriptive_no_p_value
GSE136831,subtype,consensus,core,TGFB1,ITGB1,macrophages,Macrophage,fibroblasts,Fibroblast,100,2.0,3,5,0.17961673542489187,-0.13995115250937573,0.49918462335916036,0.0038826734489694203,0.28882951080245434,descriptive_no_p_value
GSE136831,subtype,consensus,core,TGFB1,ITGB1,macrophages,Macrophage_Alveolar,fibroblasts,Fibroblast,100,2.0,3,3,-0.07859520487903815,-0.24287865021123345,0.08568824045315715,-0.195321458467677,0.01838086840817965,descriptive_no_p_value
GSE136831,subtype,consensus,core,TGFB1,ITGB5,macrophages,Macrophage,fibroblasts,Fibroblast,100,2.0,3,5,0.04298742371740083,-0.13995115250937573,0.2259259999441765,-0.19738701419606208,0.25926491343432545,descriptive_no_p_value
GSE136831,subtype,consensus,core,TGFB1,ITGB5,macrophages,Macrophage_Alveolar,fibroblasts,Fibroblast,100,2.0,3,3,-0.00903511447178218,-0.24287865021123345,0.22480842126766998,-0.18252685458868,0.11777978016900015,descriptive_no_p_value
GSE136831,subtype,consensus,core,TGFB1,ITGB8,macrophages,Macrophage,fibroblasts,Fibroblast,100,2.0,3,5,-0.02656419015324918,-0.13995115250937573,0.0868227722028756,-0.22356884556618795,0.1652598053449319,descriptive_no_p_value
GSE136831,subtype,consensus,core,TGFB1,ITGB8,macrophages,Macrophage_Alveolar,fibroblasts,Fibroblast,100,2.0,3,3,0.07105638146941917,-0.24287865021123345,0.38499141315007,-0.2154108690196619,0.32976307476416533,descriptive_no_p_value
GSE136831,subtype,consensus,core,TGFB1,SDC2,macrophages,Macrophage,fibroblasts,Fibroblast,100,2.0,3,5,0.24436407414709027,-0.13995115250937573,0.6286793008035554,0.07427260768051891,0.3869587938291703,descriptive_no_p_value
GSE136831,subtype,consensus,core,TGFB1,SDC2,macrophages,Macrophage_Alveolar,fibroblasts,Fibroblast,100,2.0,3,3,-0.04341788081047504,-0.24287865021123345,0.15604288859028426,-0.1466266494804822,0.1217567361511831,descriptive_no_p_value
GSE136831,subtype,consensus,core,TGFB1,ACVRL1,macrophages,Macrophage,fibroblasts,Fibroblast,100,2.0,3,5,0.090356516299825,-0.13995115250937573,0.3206641851090275,-0.06297901005485063,0.33302092830348506,descriptive_no_p_value
GSE136831,subtype,consensus,core,TGFB1,ACVRL1,macrophages,Macrophage_Alveolar,fibroblasts,Fibroblast,100,2.0,3,3,0.31694280570321887,-0.24287865021123345,0.8767642616176676,0.13256852317373546,0.5821871149864553,descriptive_no_p_value
GSE136831,subtype,consensus,core,TGFB1,CXCR4,macrophages,Macrophage,fibroblasts,Fibroblast,100,2.0,3,5,0.640469357330586,-0.13995115250937573,1.420889867170549,0.2563163017406014,0.9681399580147145,descriptive_no_p_value
GSE136831,subtype,consensus,core,TGFB1,CXCR4,macrophages,Macrophage_Alveolar,fibroblasts,Fibroblast,100,2.0,3,3,0.6279139968151783,-0.24287865021123345,1.4987066438415901,0.31064363902175796,0.9781644947788832,descriptive_no_p_value
GSE136831,subtype,consensus,core,TGFB1,TGFBR3,macrophages,Macrophage,fibroblasts,Fibroblast,100,2.0,3,5,-0.48755447493017456,-0.13995115250937573,-0.8351577973509787,-0.6522975380430562,-0.3926300359972039,descriptive_no_p_value
GSE136831,subtype,consensus,core,TGFB1,TGFBR3,macrophages,Macrophage_Alveolar,fibroblasts,Fibroblast,100,2.0,3,3,-0.531356343955748,-0.24287865021123345,-0.8198340377002626,-0.6745617409796338,-0.4138520077431984,descriptive_no_p_value
GSE136831,subtype,consensus,core,TGFB1,VASN,macrophages,Macrophage,fibroblasts,Fibroblast,100,2.0,3,5,-0.15492735475093244,-0.13995115250937573,-0.16990355699248916,-0.3618750725804336,-0.04248684070304698,descriptive_no_p_value
GSE136831,subtype,consensus,core,TGFB1,VASN,macrophages,Macrophage_Alveolar,fibroblasts,Fibroblast,100,2.0,3,3,-0.17049223585876128,-0.24287865021123345,-0.09810582150628999,-0.3548600564086861,-0.009102334280579605,descriptive_no_p_value
GSE136831,subtype,consensus,core,IL1A,IL1R1_IL1RAP,macrophages,Macrophage,fibroblasts,Fibroblast,100,2.0,3,5,0.9448625701424631,0.6654732684711595,1.2242518718137676,0.6606331876950353,1.3215879863541549,descriptive_no_p_value
GSE136831,subtype,consensus,core,IL1A,IL1R1_IL1RAP,macrophages,Macrophage_Alveolar,fibroblasts,Fibroblast,100,2.0,3,3,1.0328004114068463,0.8539349828083003,1.2116658400053932,0.8922634727900061,1.2585788509967317,descriptive_no_p_value
GSE136831,subtype,consensus,core,IL1A,IL1R2_IL1RAP,macrophages,Macrophage,fibroblasts,Fibroblast,100,2.0,3,5,0.25042593597540597,0.6654732684711595,-0.1646213965203489,-0.2350126812822797,0.9422035740164549,descriptive_no_p_value
GSE136831,subtype,consensus,core,IL1A,IL1R2_IL1RAP,macrophages,Macrophage_Alveolar,fibroblasts,Fibroblast,100,2.0,3,3,0.38942351821176935,0.8539349828083003,-0.07508794638476068,0.13894350586292337,0.6153343257809865,descriptive_no_p_value
GSE136831,subtype,consensus,core,IL1B,IL1R1_IL1RAP,macrophages,Macrophage,fibroblasts,Fibroblast,100,2.0,3,5,0.2744593574650569,-0.6753331568836547,1.2242518718137676,0.0499741924143251,0.6180990351761873,descriptive_no_p_value
GSE136831,subtype,consensus,core,IL1B,IL1R1_IL1RAP,macrophages,Macrophage_Alveolar,fibroblasts,Fibroblast,100,2.0,3,3,0.8357129172456359,0.45975999448587945,1.2116658400053932,0.5969975916423458,1.2689029183183465,descriptive_no_p_value
GSE136831,subtype,consensus,core,IL1B,IL1R2_IL1RAP,macrophages,Macrophage,fibroblasts,Fibroblast,100,2.0,3,5,-0.41997727670200113,-0.6753331568836547,-0.1646213965203489,-0.8456716765629899,0.23871462283848732,descriptive_no_p_value
GSE136831,subtype,consensus,core,IL1B,IL1R2_IL1RAP,macrophages,Macrophage_Alveolar,fibroblasts,Fibroblast,100,2.0,3,3,0.19233602405055983,0.45975999448587945,-0.07508794638476068,-0.16022228857183052,0.4243167903130125,descriptive_no_p_value
GSE136831,subtype,consensus,core,IL1B,ADRB2,macrophages,Macrophage,fibroblasts,Fibroblast,100,2.0,3,5,-0.143986839182364,-0.6753331568836547,0.3873594785189266,-0.5402932596297765,0.29935267521962716,descriptive_no_p_value
GSE136831,subtype,consensus,core,IL1B,ADRB2,macrophages,Macrophage_Alveolar,fibroblasts,Fibroblast,100,2.0,3,3,0.34748099122227005,0.45975999448587945,0.23520198795866054,0.18088708432479983,0.6088497368982999,descriptive_no_p_value
GSE136831,subtype,consensus,core,IL1B,SIGIRR,macrophages,Macrophage,fibroblasts,Fibroblast,100,2.0,3,5,-0.5786218013051423,-0.6753331568836547,-0.48191044572663166,-0.9490909725176273,-0.22148979134223534,descriptive_no_p_value
GSE136831,subtype,consensus,core,IL1B,SIGIRR,macrophages,Macrophage_Alveolar,fibroblasts,Fibroblast,100,2.0,3,3,-0.11313175537783238,0.45975999448587945,-0.6860235052415433,-0.2941140985954753,0.17407423953312495,descriptive_no_p_value
GSE136831,subtype,consensus,exploratory,CCL2,CCR1,fibroblasts,Fibroblast,macrophages,Macrophage,100,2.0,3,5,0.5095648180421026,0.20909449651612455,0.8100351395680816,0.3408410837898659,0.7675204815441177,descriptive_no_p_value
GSE136831,subtype,consensus,exploratory,CCL2,CCR1,fibroblasts,Fibroblast,macrophages,Macrophage_Alveolar,100,2.0,3,3,0.5620826676537316,0.983853362204087,0.14031197310337618,0.2801318726472113,0.8543738341040088,descriptive_no_p_value
GSE136831,subtype,consensus,exploratory,CCL2,CCR2,fibroblasts,Fibroblast,macrophages,Macrophage,100,2.0,3,5,0.37273319069461053,0.20909449651612455,0.5363718848730961,0.15305469802595706,0.5550717122281084,descriptive_no_p_value
GSE136831,subtype,consensus,exploratory,CCL2,CCR2,fibroblasts,Fibroblast,macrophages,Macrophage_Alveolar,100,2.0,3,3,0.8693508719000542,0.983853362204087,0.7548483815960195,0.5679013315849728,1.1094390667579503,descriptive_no_p_value
GSE136831,subtype,consensus,exploratory,CCL2,CCR10,fibroblasts,Fibroblast,macrophages,Macrophage,100,2.0,3,5,0.3459748397707241,0.20909449651612455,0.48285518302532315,0.15767305831955625,0.5091367870819772,descriptive_no_p_value
GSE136831,subtype,consensus,exploratory,CCL2,CCR10,fibroblasts,Fibroblast,macrophages,Macrophage_Alveolar,100,2.0,3,3,0.5192973856403942,0.983853362204087,0.05474140907670094,0.46660226850523046,0.6027449615594502,descriptive_no_p_value
GSE136831,subtype,consensus,exploratory,CCL2,CCR3,fibroblasts,Fibroblast,macrophages,Macrophage,100,2.0,3,5,0.5919878885936765,0.20909449651612455,0.9748812806712304,0.37397804909465826,0.8487324865221479,descriptive_no_p_value
GSE136831,subtype,consensus,exploratory,CCL2,CCR3,fibroblasts,Fibroblast,macrophages,Macrophage_Alveolar,100,2.0,3,3,0.7278098815942782,0.983853362204087,0.4717664009844674,0.5454137442000055,0.8249999520142541,descriptive_no_p_value
GSE136831,subtype,consensus,exploratory,CCL2,CCR4,fibroblasts,Fibroblast,macrophages,Macrophage,100,2.0,3,5,0.602430166444452,0.20909449651612455,0.9957658363727799,0.30144298892904375,0.8193776939428243,descriptive_no_p_value
GSE136831,subtype,consensus,exploratory,CCL2,CCR4,fibroblasts,Fibroblast,macrophages,Macrophage_Alveolar,100,2.0,3,3,0.4410579294381538,0.983853362204087,-0.10173750332777853,0.11826053065342546,0.7374626229043679,descriptive_no_p_value
GSE136831,subtype,consensus,exploratory,CCL2,CCR5,fibroblasts,Fibroblast,macrophages,Macrophage,100,2.0,3,5,0.5849926666359133,0.20909449651612455,0.9608908367557014,0.3809806473661643,0.8155190604384828,descriptive_no_p_value
GSE136831,subtype,consensus,exploratory,CCL2,CCR5,fibroblasts,Fibroblast,macrophages,Macrophage_Alveolar,100,2.0,3,3,1.0249856793835743,0.983853362204087,1.066117996563061,0.7073219362241261,1.437888133825651,descriptive_no_p_value
GSE136831,subtype,consensus,exploratory,CCL2,ACKR1,fibroblasts,Fibroblast,macrophages,Macrophage,100,2.0,3,5,0.6822912268664965,0.20909449651612455,1.1554879572168686,0.21273343872999018,1.0987563536967748,descriptive_no_p_value
GSE136831,subtype,consensus,exploratory,CCL2,ACKR1,fibroblasts,Fibroblast,macrophages,Macrophage_Alveolar,100,2.0,3,3,1.4224314593049838,0.983853362204087,1.8610095564058795,0.8697031744998798,2.023736876060993,descriptive_no_p_value
GSE136831,subtype,consensus,exploratory,CCL2,ACKR4,fibroblasts,Fibroblast,macrophages,Macrophage,100,2.0,3,5,0.07599199307490911,0.20909449651612455,-0.05711051036630721,-0.1392241596517927,0.4288422859806795,descriptive_no_p_value
GSE136831,subtype,consensus,exploratory,CCL2,ACKR4,fibroblasts,Fibroblast,macrophages,Macrophage_Alveolar,100,2.0,3,3,0.30646457101741076,0.983853362204087,-0.3709242201692633,0.13035106063813373,0.5422532076002162,descriptive_no_p_value
GSE136831,subtype,consensus,core,AREG,EGFR_ERBB2,macrophages,Macrophage,fibroblasts,Fibroblast,100,2.0,3,5,-0.18595176474266584,-0.31839465117848675,-0.0535088783068427,-0.4270430903560989,0.1979714167675457,descriptive_no_p_value
GSE136831,subtype,consensus,core,AREG,EGFR_ERBB2,macrophages,Macrophage_Alveolar,fibroblasts,Fibroblast,100,2.0,3,3,0.08151514888299083,-0.08066079959654626,0.24369109736253014,-0.1772611588667763,0.4894955679913986,descriptive_no_p_value
GSE136831,subtype,consensus,core,AREG,ERBB3,macrophages,Macrophage,fibroblasts,Fibroblast,100,2.0,3,5,0.016838101689934604,-0.31839465117848675,0.3520708545583564,-0.1828929806270061,0.32996048929976407,descriptive_no_p_value
GSE136831,subtype,consensus,core,AREG,ERBB3,macrophages,Macrophage_Alveolar,fibroblasts,Fibroblast,100,2.0,3,3,-0.052465594240129754,-0.08066079959654626,-0.024270388883714133,-0.2818013513860085,0.2847140309678946,descriptive_no_p_value
GSE136831,subtype,consensus,exploratory,CXCL12,CD4,fibroblasts,Fibroblast,macrophages,Macrophage,100,2.0,3,5,1.367015910944299,1.8784912120017472,0.8555406098868517,1.0505069444334127,1.5708776900007733,descriptive_no_p_value
GSE136831,subtype,consensus,exploratory,CXCL12,CD4,fibroblasts,Fibroblast,macrophages,Macrophage_Alveolar,100,2.0,3,3,0.9400834458433334,1.737209940331864,0.14295695135480369,0.5626680681219414,1.1853082155510366,descriptive_no_p_value
GSE136831,subtype,consensus,exploratory,CXCL12,ITGB3,fibroblasts,Fibroblast,macrophages,Macrophage,100,2.0,3,5,1.1552448226426826,1.8784912120017472,0.43199843328361753,0.6997160694377875,1.5078107377254306,descriptive_no_p_value
GSE136831,subtype,consensus,exploratory,CXCL12,ITGB3,fibroblasts,Fibroblast,macrophages,Macrophage_Alveolar,100,2.0,3,3,1.4757373420998041,1.737209940331864,1.2142647438677452,1.0770634902087792,1.6767132485629244,descriptive_no_p_value
GSE136831,subtype,consensus,exploratory,CXCL12,ITGB1,fibroblasts,Fibroblast,macrophages,Macrophage,100,2.0,3,5,0.6410358060097092,1.8784912120017472,-0.5964195999823305,0.366991088991635,0.83428405725875,descriptive_no_p_value
GSE136831,subtype,consensus,exploratory,CXCL12,ITGB1,fibroblasts,Fibroblast,macrophages,Macrophage_Alveolar,100,2.0,3,3,0.7100046472130312,1.737209940331864,-0.317200645905805,0.38704145342991847,0.9009996138033234,descriptive_no_p_value
GSE136831,subtype,consensus,exploratory,CXCL12,ITGAV,fibroblasts,Fibroblast,macrophages,Macrophage,100,2.0,3,5,0.7867136940682276,1.8784912120017472,-0.30506382386529296,0.5360329312408876,0.9867420650668999,descriptive_no_p_value
GSE136831,subtype,consensus,exploratory,CXCL12,ITGAV,fibroblasts,Fibroblast,macrophages,Macrophage_Alveolar,100,2.0,3,3,0.8080303975810068,1.737209940331864,-0.1211491451698512,0.5490389595610834,1.006679498930839,descriptive_no_p_value
GSE136831,subtype,consensus,exploratory,CXCL12,ITGA5,fibroblasts,Fibroblast,macrophages,Macrophage,100,2.0,3,5,0.726984199682069,1.8784912120017472,-0.42452281263760927,0.4072291460268742,1.1117605161204862,descriptive_no_p_value
GSE136831,subtype,consensus,exploratory,CXCL12,ITGA5,fibroblasts,Fibroblast,macrophages,Macrophage_Alveolar,100,2.0,3,3,0.7143109130488297,1.737209940331864,-0.3085881142342064,0.35072484800158765,1.0293413526109356,descriptive_no_p_value
GSE136831,subtype,consensus,exploratory,CXCL12,ITGA4,fibroblasts,Fibroblast,macrophages,Macrophage,100,2.0,3,5,1.2331215174358041,1.8784912120017472,0.5877518228698602,0.8988650977452748,1.5341092497125772,descriptive_no_p_value
GSE136831,subtype,consensus,exploratory,CXCL12,ITGA4,fibroblasts,Fibroblast,macrophages,Macrophage_Alveolar,100,2.0,3,3,0.958740967447715,1.737209940331864,0.18027199456356646,0.7342396584420987,1.1853079862107085,descriptive_no_p_value
GSE136831,subtype,consensus,exploratory,CXCL12,ACKR3,fibroblasts,Fibroblast,macrophages,Macrophage,100,2.0,3,5,1.0140445282821915,1.8784912120017472,0.14959784456263492,0.4430873429444029,1.5067188819402304,descriptive_no_p_value
GSE136831,subtype,consensus,exploratory,CXCL12,ACKR3,fibroblasts,Fibroblast,macrophages,Macrophage_Alveolar,100,2.0,3,3,0.8418304362909534,1.737209940331864,-0.053549067749953494,0.3776415241971316,1.0942533066272473,descriptive_no_p_value
GSE136831,subtype,consensus,exploratory,CXCL12,AVPR1A,fibroblasts,Fibroblast,macrophages,Macrophage,100,2.0,3,5,0.8631012339374025,1.8784912120017472,-0.1522887441269427,0.36118370498958097,1.377807120140765,descriptive_no_p_value
GSE136831,subtype,consensus,exploratory,CXCL12,AVPR1A,fibroblasts,Fibroblast,macrophages,Macrophage_Alveolar,100,2.0,3,3,0.5403234873986129,1.737209940331864,-0.6565629655346381,0.16454035689034674,0.9460661669169048,descriptive_no_p_value
GSE136831,subtype,consensus,exploratory,CXCL12,CXCR3,fibroblasts,Fibroblast,macrophages,Macrophage,100,2.0,3,5,1.398331256480264,1.8784912120017472,0.9181713009587806,1.1464413485318965,1.575498780135327,descriptive_no_p_value
GSE136831,subtype,consensus,exploratory,CXCL12,CXCR3,fibroblasts,Fibroblast,macrophages,Macrophage_Alveolar,100,2.0,3,3,0.835456887339717,1.737209940331864,-0.06629616565242902,0.41684601305705815,1.1934938080660398,descriptive_no_p_value
GSE136831,subtype,consensus,exploratory,CXCL12,CCR4,fibroblasts,Fibroblast,macrophages,Macrophage,100,2.0,3,5,1.4371285241872633,1.8784912120017472,0.9957658363727799,1.2179319199815417,1.5516989982167668,descriptive_no_p_value
GSE136831,subtype,consensus,exploratory,CXCL12,CCR4,fibroblasts,Fibroblast,macrophages,Macrophage_Alveolar,100,2.0,3,3,0.8177362185020427,1.737209940331864,-0.10173750332777853,0.4468534141024385,1.0704069955028306,descriptive_no_p_value
GSE136831,subtype,consensus,exploratory,CXCL12,CXCR4,fibroblasts,Fibroblast,macrophages,Macrophage,100,2.0,3,5,1.2985568299449701,1.8784912120017472,0.7186224478881931,0.9231638316931159,1.8199803154155356,descriptive_no_p_value
GSE136831,subtype,consensus,exploratory,CXCL12,CXCR4,fibroblasts,Fibroblast,macrophages,Macrophage_Alveolar,100,2.0,3,3,1.3857731489980667,1.737209940331864,1.0343363576642695,1.0107848856232557,1.878370528537551,descriptive_no_p_value
GSE136831,subtype,consensus,exploratory,CXCL12,GRM7,fibroblasts,Fibroblast,macrophages,Macrophage,100,2.0,3,5,1.2472723183752308,1.8784912120017472,0.6160534247487144,1.015523396922517,1.4681030164076265,descriptive_no_p_value
GSE136831,subtype,consensus,exploratory,CXCL12,GRM7,fibroblasts,Fibroblast,macrophages,Macrophage_Alveolar,100,2.0,3,3,0.9798096159291303,1.737209940331864,0.22240929152639666,0.7263023670884614,1.2148610790731786,descriptive_no_p_value
GSE136831,subtype,consensus,core,HBEGF,EGFR_ERBB2,macrophages,Macrophage,fibroblasts,Fibroblast,100,2.0,3,5,0.11557146331859514,0.2846518049440352,-0.0535088783068427,-0.1557275420538815,0.49964048120480875,descriptive_no_p_value
GSE136831,subtype,consensus,core,HBEGF,EGFR_ERBB2,macrophages,Macrophage_Alveolar,fibroblasts,Fibroblast,100,2.0,3,3,0.026953876466541793,-0.18978334442944877,0.24369109736253014,-0.16963487719382098,0.22881752639197472,descriptive_no_p_value
GSE136831,subtype,consensus,core,HBEGF,ERBB2_ERBB4,macrophages,Macrophage,fibroblasts,Fibroblast,100,2.0,3,5,0.13769176890036672,0.2846518049440352,-0.009268267143299536,-0.12254708368122458,0.49964048120480875,descriptive_no_p_value
GSE136831,subtype,consensus,core,HBEGF,ERBB2_ERBB4,macrophages,Macrophage_Alveolar,fibroblasts,Fibroblast,100,2.0,3,3,0.04907418204831249,-0.18978334442944877,0.2879317085260733,-0.14751457161205028,0.23389189955827305,descriptive_no_p_value
GSE136831,subtype,consensus,core,HBEGF,CD44,macrophages,Macrophage,fibroblasts,Fibroblast,100,2.0,3,5,0.07736164073684826,0.2846518049440352,-0.1299285234703369,-0.011355738569383433,0.15110166791390256,descriptive_no_p_value
GSE136831,subtype,consensus,core,HBEGF,CD44,macrophages,Macrophage_Alveolar,fibroblasts,Fibroblast,100,2.0,3,3,-0.2028167005726793,-0.18978334442944877,-0.2158500567159134,-0.33576989453404593,-0.0672231754814101,descriptive_no_p_value
GSE136831,subtype,consensus,core,HBEGF,PRLR,macrophages,Macrophage,fibroblasts,Fibroblast,100,2.0,3,5,0.2903832760953633,0.2846518049440352,0.29611474724668985,0.06044451401937856,0.603651500081194,descriptive_no_p_value
GSE136831,subtype,consensus,core,HBEGF,PRLR,macrophages,Macrophage_Alveolar,fibroblasts,Fibroblast,100,2.0,3,3,0.04903425871233491,-0.18978334442944877,0.28785186185411593,-0.09482745518732205,0.2953911176869948,descriptive_no_p_value
GSE136831,subtype,consensus,exploratory,CCL2,ACKR2,fibroblasts,Fibroblast,macrophages,Macrophage,100,2.0,3,5,0.3478635018451737,0.20909449651612455,0.4866325071742226,-0.11616602475166893,0.7140732100956222,descriptive_no_p_value
GSE136831,subtype,consensus,exploratory,CCL2,ACKR2,fibroblasts,Fibroblast,macrophages,Macrophage_Alveolar,100,2.0,3,3,0.8046028627912989,0.983853362204087,0.6253523633785083,0.44628863743359215,1.1216727516504896,descriptive_no_p_value
GSE136831,subtype,consensus,exploratory,CXCL12,DPP4,fibroblasts,Fibroblast,macrophages,Macrophage,100,2.0,3,5,0.7367411532002484,1.8784912120017472,-0.4050089056012516,0.1681606363601631,1.1877514656088506,descriptive_no_p_value
GSE136831,subtype,consensus,exploratory,CXCL12,DPP4,fibroblasts,Fibroblast,macrophages,Macrophage_Alveolar,100,2.0,3,3,0.36442467155806924,1.737209940331864,-1.0083605972157244,-0.21820169890417151,0.8246861122072087,descriptive_no_p_value
GSE136831,subtype,consensus,core,TGFB1,ENG,macrophages,Macrophage,fibroblasts,Fibroblast,100,2.0,3,5,-0.2162514983765229,-0.13995115250937573,-0.29255184424367275,-0.3992271955714699,-0.005742898867837631,descriptive_no_p_value
GSE136831,subtype,consensus,core,TGFB1,ENG,macrophages,Macrophage_Alveolar,fibroblasts,Fibroblast,100,2.0,3,3,-0.264208257220897,-0.24287865021123345,-0.2855378642305597,-0.4246040571362659,-0.14316225278835315,descriptive_no_p_value
GSE136831,subtype,consensus,core,HBEGF,CD9,macrophages,Macrophage,fibroblasts,Fibroblast,100,2.0,3,5,0.40391763237651634,0.2846518049440352,0.523183459809001,0.2170493247845524,0.6630476594930652,descriptive_no_p_value
GSE136831,subtype,consensus,core,HBEGF,CD9,macrophages,Macrophage_Alveolar,fibroblasts,Fibroblast,100,2.0,3,3,0.55126836518268,-0.18978334442944877,1.292320074794806,0.41080593186289693,0.692888856267504,descriptive_no_p_value
GSE136831,subtype,consensus,core,HBEGF,CD82,macrophages,Macrophage,fibroblasts,Fibroblast,100,2.0,3,5,-0.15411988193003534,0.2846518049440352,-0.5928915688041045,-0.29562529311748786,-0.046325808476558095,descriptive_no_p_value
GSE136831,subtype,consensus,core,HBEGF,CD82,macrophages,Macrophage_Alveolar,fibroblasts,Fibroblast,100,2.0,3,3,-0.2622708366796296,-0.18978334442944877,-0.3347583289298135,-0.4018291264807923,-0.07733545547546772,descriptive_no_p_value
GSE136831,subtype,consensus,core,TGFB1,CAV1,macrophages,Macrophage,fibroblasts,Fibroblast,100,2.0,3,5,0.41331720404743333,-0.13995115250937573,0.9665855606042415,-0.18718546043612871,0.9826307760401587,descriptive_no_p_value
GSE136831,subtype,consensus,core,TGFB1,CAV1,macrophages,Macrophage_Alveolar,fibroblasts,Fibroblast,100,2.0,3,3,0.18947282169615676,-0.24287865021123345,0.6218242936035461,-0.3884499455078281,0.6693237986127398,descriptive_no_p_value
GSE136831,subtype,consensus,exploratory,CXCL12,SDC4,fibroblasts,Fibroblast,macrophages,Macrophage,100,2.0,3,5,0.8287206859186762,1.8784912120017472,-0.22104984016439566,0.4137103584715396,1.191243754758645,descriptive_no_p_value
GSE136831,subtype,consensus,exploratory,CXCL12,SDC4,fibroblasts,Fibroblast,macrophages,Macrophage_Alveolar,100,2.0,3,3,0.8780934651084555,1.737209940331864,0.018976989885047146,0.5048316421348549,1.1636143797598644,descriptive_no_p_value
GSE136831,subtype,consensus,core,TGFB1,LPP,macrophages,Macrophage,fibroblasts,Fibroblast,100,2.0,3,5,0.10187377483045879,-0.13995115250937573,0.3436987021702915,0.0013579659732716465,0.2148347838900122,descriptive_no_p_value
GSE136831,subtype,consensus,core,TGFB1,LPP,macrophages,Macrophage_Alveolar,fibroblasts,Fibroblast,100,2.0,3,3,0.052505661946320004,-0.24287865021123345,0.3478899741038717,0.017811491156345838,0.08306300106582931,descriptive_no_p_value
GSE136831,subtype,cellchatdb,core,IL1B,IL1R2,macrophages,Macrophage,fibroblasts,Fibroblast,100,2.0,3,5,-0.41997727670200113,-0.6753331568836547,-0.1646213965203489,-0.8456716765629899,0.23871462283848732,descriptive_no_p_value
GSE136831,subtype,cellchatdb,core,IL1B,IL1R2,macrophages,Macrophage_Alveolar,fibroblasts,Fibroblast,100,2.0,3,3,0.19233602405055983,0.45975999448587945,-0.07508794638476068,-0.16022228857183052,0.4243167903130125,descriptive_no_p_value
GSE136831,subtype,cellchatdb,core,AREG,EGFR,macrophages,Macrophage,fibroblasts,Fibroblast,100,2.0,3,5,-0.11595759044360499,-0.31839465117848675,0.08647947029127856,-0.27957547839551466,0.1704292392532487,descriptive_no_p_value
GSE136831,subtype,cellchatdb,core,AREG,EGFR,macrophages,Macrophage_Alveolar,fibroblasts,Fibroblast,100,2.0,3,3,0.11290348182443033,-0.08066079959654626,0.30646776324540603,-0.12580991177350676,0.42334754911948114,descriptive_no_p_value
GSE136831,subtype,cellchatdb,core,HBEGF,EGFR,macrophages,Macrophage,fibroblasts,Fibroblast,100,2.0,3,5,0.185565637617656,0.2846518049440352,0.08647947029127856,-0.008259930093295509,0.4720983036905144,descriptive_no_p_value
GSE136831,subtype,cellchatdb,core,HBEGF,EGFR,macrophages,Macrophage_Alveolar,fibroblasts,Fibroblast,100,2.0,3,3,0.05834220940797952,-0.18978334442944877,0.30646776324540603,-0.049406310126645536,0.16266950752005727,descriptive_no_p_value
GSE136831,subtype,cellchatdb,core,HBEGF,ERBB4,macrophages,Macrophage,fibroblasts,Fibroblast,100,2.0,3,5,0.678916477389576,0.2846518049440352,1.0731811498351176,0.550095424881162,0.884517155759541,descriptive_no_p_value
GSE136831,subtype,cellchatdb,core,HBEGF,ERBB4,macrophages,Macrophage_Alveolar,fibroblasts,Fibroblast,100,2.0,3,3,0.752441792477498,-0.18978334442944877,1.6946669293844439,0.6424645611043394,0.9449934331412742,descriptive_no_p_value
GSE136831,subtype,cellchatdb,exploratory,CXCL12,ACKR3,fibroblasts,Fibroblast,macrophages,Macrophage,100,2.0,3,5,1.0140445282821915,1.8784912120017472,0.14959784456263492,0.4430873429444029,1.5067188819402304,descriptive_no_p_value
GSE136831,subtype,cellchatdb,exploratory,CXCL12,ACKR3,fibroblasts,Fibroblast,macrophages,Macrophage_Alveolar,100,2.0,3,3,0.8418304362909534,1.737209940331864,-0.053549067749953494,0.3776415241971316,1.0942533066272473,descriptive_no_p_value
GSE136831,subtype,cellchatdb,exploratory,CCL2,CCR2,fibroblasts,Fibroblast,macrophages,Macrophage,100,2.0,3,5,0.37273319069461053,0.20909449651612455,0.5363718848730961,0.15305469802595706,0.5550717122281084,descriptive_no_p_value
GSE136831,subtype,cellchatdb,exploratory,CCL2,CCR2,fibroblasts,Fibroblast,macrophages,Macrophage_Alveolar,100,2.0,3,3,0.8693508719000542,0.983853362204087,0.7548483815960195,0.5679013315849728,1.1094390667579503,descriptive_no_p_value
GSE136831,subtype,cellchatdb,exploratory,CXCL12,CXCR4,fibroblasts,Fibroblast,macrophages,Macrophage,100,2.0,3,5,1.2985568299449701,1.8784912120017472,0.7186224478881931,0.9231638316931159,1.8199803154155356,descriptive_no_p_value
GSE136831,subtype,cellchatdb,exploratory,CXCL12,CXCR4,fibroblasts,Fibroblast,macrophages,Macrophage_Alveolar,100,2.0,3,3,1.3857731489980667,1.737209940331864,1.0343363576642695,1.0107848856232557,1.878370528537551,descriptive_no_p_value
GSE136831,subtype,cellchatdb,exploratory,CCL2,ACKR1,fibroblasts,Fibroblast,macrophages,Macrophage,100,2.0,3,5,0.6822912268664965,0.20909449651612455,1.1554879572168686,0.21273343872999018,1.0987563536967748,descriptive_no_p_value
GSE136831,subtype,cellchatdb,exploratory,CCL2,ACKR1,fibroblasts,Fibroblast,macrophages,Macrophage_Alveolar,100,2.0,3,3,1.4224314593049838,0.983853362204087,1.8610095564058795,0.8697031744998798,2.023736876060993,descriptive_no_p_value
GSE136831,subtype,cellchatdb,exploratory,CCL2,ACKR2,fibroblasts,Fibroblast,macrophages,Macrophage,100,2.0,3,5,0.3478635018451737,0.20909449651612455,0.4866325071742226,-0.11616602475166893,0.7140732100956222,descriptive_no_p_value
GSE136831,subtype,cellchatdb,exploratory,CCL2,ACKR2,fibroblasts,Fibroblast,macrophages,Macrophage_Alveolar,100,2.0,3,3,0.8046028627912989,0.983853362204087,0.6253523633785083,0.44628863743359215,1.1216727516504896,descriptive_no_p_value
GSE136831,subtype,cellchatdb,core,IL1A,IL1R1_IL1RAP,macrophages,Macrophage,fibroblasts,Fibroblast,100,2.0,3,5,0.9448625701424631,0.6654732684711595,1.2242518718137676,0.6606331876950353,1.3215879863541549,descriptive_no_p_value
GSE136831,subtype,cellchatdb,core,IL1A,IL1R1_IL1RAP,macrophages,Macrophage_Alveolar,fibroblasts,Fibroblast,100,2.0,3,3,1.0328004114068463,0.8539349828083003,1.2116658400053932,0.8922634727900061,1.2585788509967317,descriptive_no_p_value
GSE136831,subtype,cellchatdb,core,IL1B,IL1R1_IL1RAP,macrophages,Macrophage,fibroblasts,Fibroblast,100,2.0,3,5,0.2744593574650569,-0.6753331568836547,1.2242518718137676,0.0499741924143251,0.6180990351761873,descriptive_no_p_value
GSE136831,subtype,cellchatdb,core,IL1B,IL1R1_IL1RAP,macrophages,Macrophage_Alveolar,fibroblasts,Fibroblast,100,2.0,3,3,0.8357129172456359,0.45975999448587945,1.2116658400053932,0.5969975916423458,1.2689029183183465,descriptive_no_p_value
GSE136831,subtype,cellchatdb,core,TGFB1,TGFBR1_TGFBR2,macrophages,Macrophage,fibroblasts,Fibroblast,100,2.0,3,5,-0.04946381379141851,-0.13995115250937573,0.041023524926537824,-0.2925521617150899,0.09917182100253008,descriptive_no_p_value
GSE136831,subtype,cellchatdb,core,TGFB1,TGFBR1_TGFBR2,macrophages,Macrophage_Alveolar,fibroblasts,Fibroblast,100,2.0,3,3,-0.07841782480182502,-0.24287865021123345,0.08604300060758341,-0.2546234749289322,0.03861478560747589,descriptive_no_p_value
GSE136831,subtype,cellchatdb,core,IL1A,IL1R2,macrophages,Macrophage,fibroblasts,Fibroblast,100,2.0,3,5,0.25042593597540597,0.6654732684711595,-0.1646213965203489,-0.2350126812822797,0.9422035740164549,descriptive_no_p_value
GSE136831,subtype,cellchatdb,core,IL1A,IL1R2,macrophages,Macrophage_Alveolar,fibroblasts,Fibroblast,100,2.0,3,3,0.38942351821176935,0.8539349828083003,-0.07508794638476068,0.13894350586292337,0.6153343257809865,descriptive_no_p_value
GSE136831,subtype,cellchatdb,core,TGFB1,ACVR1B_TGFBR2,macrophages,Macrophage,fibroblasts,Fibroblast,100,2.0,3,5,0.028908623706710657,-0.13995115250937573,0.19776839992279438,-0.11141972267103828,0.19049627631532928,descriptive_no_p_value
GSE136831,subtype,cellchatdb,core,TGFB1,ACVR1B_TGFBR2,macrophages,Macrophage_Alveolar,fibroblasts,Fibroblast,100,2.0,3,3,0.03922610760851519,-0.24287865021123345,0.3213308654282674,-0.07852234148965653,0.11135116514099241,descriptive_no_p_value
GSE136831,subtype,cellchatdb,core,TGFB1,ACVR1C_TGFBR2,macrophages,Macrophage,fibroblasts,Fibroblast,100,2.0,3,5,0.48727285224915207,-0.13995115250937573,1.1144968570076772,0.3243462606283316,0.6411131976026541,descriptive_no_p_value
GSE136831,subtype,cellchatdb,core,TGFB1,ACVR1C_TGFBR2,macrophages,Macrophage_Alveolar,fibroblasts,Fibroblast,100,2.0,3,3,0.6766064852969604,-0.24287865021123345,1.5960916208051539,0.5550913717568884,0.7857509520100425,descriptive_no_p_value
GSE136831,subtype,cellchatdb,core,TGFB1,ACVR1_TGFBR1_TGFBR2,macrophages,Macrophage,fibroblasts,Fibroblast,100,2.0,3,5,0.371234457359491,-0.13995115250937573,0.882420067228356,0.2516605764433697,0.5304762944568697,descriptive_no_p_value
GSE136831,subtype,cellchatdb,core,TGFB1,ACVR1_TGFBR1_TGFBR2,macrophages,Macrophage_Alveolar,fibroblasts,Fibroblast,100,2.0,3,3,0.08781837403119486,-0.24287865021123345,0.41851539827362316,-0.129584367515843,0.37426525973946667,descriptive_no_p_value
GSE136831,subtype,cellchatdb,core,AREG,EGFR_ERBB2,macrophages,Macrophage,fibroblasts,Fibroblast,100,2.0,3,5,-0.18595176474266584,-0.31839465117848675,-0.0535088783068427,-0.4270430903560989,0.1979714167675457,descriptive_no_p_value
GSE136831,subtype,cellchatdb,core,AREG,EGFR_ERBB2,macrophages,Macrophage_Alveolar,fibroblasts,Fibroblast,100,2.0,3,3,0.08151514888299083,-0.08066079959654626,0.24369109736253014,-0.1772611588667763,0.4894955679913986,descriptive_no_p_value
GSE136831,subtype,cellchatdb,core,HBEGF,EGFR_ERBB2,macrophages,Macrophage,fibroblasts,Fibroblast,100,2.0,3,5,0.11557146331859514,0.2846518049440352,-0.0535088783068427,-0.1557275420538815,0.49964048120480875,descriptive_no_p_value
GSE136831,subtype,cellchatdb,core,HBEGF,EGFR_ERBB2,macrophages,Macrophage_Alveolar,fibroblasts,Fibroblast,100,2.0,3,3,0.026953876466541793,-0.18978334442944877,0.24369109736253014,-0.16963487719382098,0.22881752639197472,descriptive_no_p_value
GSE136831,subtype,cellchatdb,core,HBEGF,ERBB2_ERBB4,macrophages,Macrophage,fibroblasts,Fibroblast,100,2.0,3,5,0.13769176890036672,0.2846518049440352,-0.009268267143299536,-0.12254708368122458,0.49964048120480875,descriptive_no_p_value
GSE136831,subtype,cellchatdb,core,HBEGF,ERBB2_ERBB4,macrophages,Macrophage_Alveolar,fibroblasts,Fibroblast,100,2.0,3,3,0.04907418204831249,-0.18978334442944877,0.2879317085260733,-0.14751457161205028,0.23389189955827305,descriptive_no_p_value
GSE135893,broad,consensus,exploratory,FGF10,FGFR1,fibroblasts,__broad__,AT2,__broad__,50,1.0,3,3,1.3163739440181108,2.0354579718614856,0.597289916174736,1.145963369569539,1.5293253085255167,descriptive_no_p_value
GSE135893,broad,consensus,exploratory,FGF10,FGFR2,fibroblasts,__broad__,AT2,__broad__,50,1.0,3,3,1.0486305367850113,2.0354579718614856,0.06180310170853698,0.5930167244620352,1.279508793815598,descriptive_no_p_value
GSE135893,broad,consensus,exploratory,FGF10,FGFRL1,fibroblasts,__broad__,AT2,__broad__,50,1.0,3,3,1.063145021160794,2.0354579718614856,0.09083207046010378,0.5033986059940609,1.5592861969821907,descriptive_no_p_value
GSE135893,broad,consensus,core,TGFB1,ITGAV_ITGB6,macrophages,__broad__,fibroblasts,__broad__,50,1.0,3,7,-0.04295008716575266,-0.2783100450385225,0.19240987070701726,-0.297368650622742,0.15909957927403173,descriptive_no_p_value
GSE135893,broad,consensus,core,TGFB1,ACVR1B_TGFBR2,macrophages,__broad__,fibroblasts,__broad__,50,1.0,3,7,0.6063795368929323,-0.2783100450385225,1.4910691188243876,0.4045195207814638,0.7692155211075375,descriptive_no_p_value
GSE135893,broad,consensus,core,TGFB1,TGFBR1_TGFBR2,macrophages,__broad__,fibroblasts,__broad__,50,1.0,3,7,0.0413356061030532,-0.2783100450385225,0.36098125724462804,-0.1715843566450337,0.19779437850916626,descriptive_no_p_value
GSE135893,broad,consensus,core,TGFB1,ACVR1_TGFBR1_TGFBR2,macrophages,__broad__,fibroblasts,__broad__,50,1.0,3,7,-0.07431927850294251,-0.2783100450385225,0.1296714880326384,-0.24443064721428254,0.12494808793991741,descriptive_no_p_value
GSE135893,broad,consensus,core,TGFB1,ACVR1_TGFBR2,macrophages,__broad__,fibroblasts,__broad__,50,1.0,3,7,-0.19812821301261963,-0.2783100450385225,-0.11794638098671495,-0.3679955365384888,-0.037935307880187175,descriptive_no_p_value
GSE135893,broad,consensus,core,TGFB1,ACVR1C_TGFBR2,macrophages,__broad__,fibroblasts,__broad__,50,1.0,3,7,-0.4274516347255779,-0.2783100450385225,-0.5765932244126326,-0.6451565036191953,-0.05413686247063865,descriptive_no_p_value
GSE135893,broad,consensus,core,TGFB1,EGFR,macrophages,__broad__,fibroblasts,__broad__,50,1.0,3,7,-0.12810428531667384,-0.2783100450385225,0.022101474405176624,-0.32147670122521177,0.02488669787845499,descriptive_no_p_value
GSE135893,broad,consensus,core,TGFB1,ITGB3,macrophages,__broad__,fibroblasts,__broad__,50,1.0,3,7,-0.0920965425767255,-0.2783100450385225,0.09411695988506974,-0.2678784328626449,0.16868921157426708,descriptive_no_p_value
GSE135893,broad,consensus,core,TGFB1,ITGB1,macrophages,__broad__,fibroblasts,__broad__,50,1.0,3,7,0.25149117156405776,-0.2783100450385225,0.7812923881666407,0.19791172289146974,0.3547336916777697,descriptive_no_p_value
GSE135893,broad,consensus,core,TGFB1,ITGB5,macrophages,__broad__,fibroblasts,__broad__,50,1.0,3,7,-0.22773119064033231,-0.2783100450385225,-0.17715233624214122,-0.2985488599575321,-0.1861723148070622,descriptive_no_p_value
GSE135893,broad,consensus,core,TGFB1,ITGB8,macrophages,__broad__,fibroblasts,__broad__,50,1.0,3,7,0.14082180484533513,-0.2783100450385225,0.5599536547291941,-0.19579939834206783,0.3906044796169743,descriptive_no_p_value
GSE135893,broad,consensus,core,TGFB1,SDC2,macrophages,__broad__,fibroblasts,__broad__,50,1.0,3,7,0.10024559864151783,-0.2783100450385225,0.4788012423215573,0.02219602142909949,0.20984384559561775,descriptive_no_p_value
GSE135893,broad,consensus,core,TGFB1,ACVRL1,macrophages,__broad__,fibroblasts,__broad__,50,1.0,3,7,-0.41270915066097125,-0.2783100450385225,-0.5471082562834209,-0.546871002032054,-0.27201829152481327,descriptive_no_p_value
GSE135893,broad,consensus,core,TGFB1,CXCR4,macrophages,__broad__,fibroblasts,__broad__,50,1.0,3,7,0.463342444853041,-0.2783100450385225,1.2049949347446054,0.1363012278596587,1.011670519472435,descriptive_no_p_value
GSE135893,broad,consensus,core,TGFB1,TGFBR3,macrophages,__broad__,fibroblasts,__broad__,50,1.0,3,7,-0.47918542914762874,-0.2783100450385225,-0.6800608132567367,-0.8270207430915555,-0.24991185969165297,descriptive_no_p_value
GSE135893,broad,consensus,core,TGFB1,VASN,macrophages,__broad__,fibroblasts,__broad__,50,1.0,3,7,-0.2568704846015022,-0.2783100450385225,-0.2354309241644792,-0.4539393444488544,-0.049775603470036955,descriptive_no_p_value
GSE135893,broad,consensus,core,IL1A,IL1R1_IL1RAP,macrophages,__broad__,fibroblasts,__broad__,50,1.0,3,7,0.5066695822434211,0.517222258238037,0.49611690624880467,0.24992952172962601,0.9471642212821001,descriptive_no_p_value
GSE135893,broad,consensus,core,IL1A,IL1R1_IL1RAP,macrophages,__broad__,AT2,__broad__,50,1.0,6,8,-0.30535351535699107,-0.19771748656628985,-0.4129895441476914,-0.5895091106772059,0.17032288002812734,descriptive_no_p_value
GSE135893,broad,consensus,core,IL1A,IL1R1_IL1RAP,AT2,__broad__,fibroblasts,__broad__,50,1.0,3,3,0.5883881682443032,-0.15115130079091976,1.3279276372795268,0.3542285354831599,0.7621776234377675,descriptive_no_p_value
GSE135893,broad,consensus,core,IL1A,IL1R2_IL1RAP,macrophages,__broad__,fibroblasts,__broad__,50,1.0,3,7,0.18047472761361605,0.517222258238037,-0.15627280301080537,-0.08868053489872563,0.4864436785514341,descriptive_no_p_value
GSE135893,broad,consensus,core,IL1A,IL1R2_IL1RAP,macrophages,__broad__,AT2,__broad__,50,1.0,6,8,-0.5783023979883836,-0.19771748656628985,-0.9588873094104773,-0.784407137997589,-0.3386103351236909,descriptive_no_p_value
GSE135893,broad,consensus,core,IL1A,IL1R2_IL1RAP,AT2,__broad__,fibroblasts,__broad__,50,1.0,3,3,0.23796102298079752,-0.15115130079091976,0.6270733467525149,0.09319421797666338,0.42627664628436834,descriptive_no_p_value
GSE135893,broad,consensus,core,IL1B,IL1R1_IL1RAP,macrophages,__broad__,fibroblasts,__broad__,50,1.0,3,7,1.2847649841031794,2.0734130619575533,0.49611690624880467,0.9432543417037742,1.930467221025844,descriptive_no_p_value
GSE135893,broad,consensus,core,IL1B,IL1R1_IL1RAP,macrophages,__broad__,AT2,__broad__,50,1.0,6,8,0.04353726120753443,0.5000640665627607,-0.4129895441476914,-0.1799705716568596,0.5703939801279585,descriptive_no_p_value
GSE135893,broad,consensus,core,IL1B,IL1R1_IL1RAP,AT2,__broad__,fibroblasts,__broad__,50,1.0,3,3,1.500925632779107,1.6739236282786867,1.3279276372795268,0.7269229464160928,2.3521208248506102,descriptive_no_p_value
GSE135893,broad,consensus,core,IL1B,IL1R2_IL1RAP,macrophages,__broad__,fibroblasts,__broad__,50,1.0,3,7,0.9585701294733737,2.0734130619575533,-0.15627280301080537,0.7280054236020916,1.3435825601699127,descriptive_no_p_value
GSE135893,broad,consensus,core,IL1B,IL1R2_IL1RAP,macrophages,__broad__,AT2,__broad__,50,1.0,6,8,-0.22941162142385796,0.5000640665627607,-0.9588873094104773,-0.5052546108124272,0.05851576510640788,descriptive_no_p_value
GSE135893,broad,consensus,core,IL1B,IL1R2_IL1RAP,AT2,__broad__,fibroblasts,__broad__,50,1.0,3,3,1.150498487515601,1.6739236282786867,0.6270733467525149,0.4658886289095959,2.129639125322996,descriptive_no_p_value
GSE135893,broad,consensus,core,IL1B,ADRB2,macrophages,__broad__,fibroblasts,__broad__,50,1.0,3,7,1.9651286410317268,2.0734130619575533,1.8568442201059008,1.7019364558361683,2.4536463617492545,descriptive_no_p_value
GSE135893,broad,consensus,core,IL1B,ADRB2,macrophages,__broad__,AT2,__broad__,50,1.0,6,8,0.13578584955010609,0.5000640665627607,-0.2284923674625503,-0.11478902819070669,0.4621048142415134,descriptive_no_p_value
GSE135893,broad,consensus,core,IL1B,ADRB2,AT2,__broad__,fibroblasts,__broad__,50,1.0,3,3,2.0337106859827436,1.6739236282786867,2.3934977436867997,1.3908292115620435,3.020021292501761,descriptive_no_p_value
GSE135893,broad,consensus,core,IL1B,SIGIRR,macrophages,__broad__,fibroblasts,__broad__,50,1.0,3,7,0.9094661485771436,2.0734130619575533,-0.2544807648032652,0.42336654195273926,1.4397681166592262,descriptive_no_p_value
GSE135893,broad,consensus,core,IL1B,SIGIRR,macrophages,__broad__,AT2,__broad__,50,1.0,6,8,0.08110407195819036,0.5000640665627607,-0.33785592264638176,-0.08656815479494906,0.32907971695597293,descriptive_no_p_value
GSE135893,broad,consensus,core,IL1B,SIGIRR,AT2,__broad__,fibroblasts,__broad__,50,1.0,3,3,0.4781111143716288,1.6739236282786867,-0.7177013995354287,-0.0855544322380224,1.0650960229904762,descriptive_no_p_value
GSE135893,broad,consensus,exploratory,CCL2,CCR1,fibroblasts,__broad__,macrophages,__broad__,50,1.0,3,7,1.8864429801819664,2.7664939606891608,1.0063919996747668,1.422952132627298,2.412429149029311,descriptive_no_p_value
GSE135893,broad,consensus,exploratory,CCL2,CCR2,fibroblasts,__broad__,macrophages,__broad__,50,1.0,3,7,2.0830860956113124,2.7664939606891608,1.3996782305334583,1.0745125567262477,2.787813367881157,descriptive_no_p_value
GSE135893,broad,consensus,exploratory,CCL2,CCR10,fibroblasts,__broad__,macrophages,__broad__,50,1.0,3,7,1.7134698595201208,2.7664939606891608,0.6604457583510766,1.295063200972824,2.023532482852526,descriptive_no_p_value
GSE135893,broad,consensus,exploratory,CCL2,CCR3,fibroblasts,__broad__,macrophages,__broad__,50,1.0,3,7,1.392320911227166,2.7664939606891608,0.018147861765168027,0.9040277683187221,1.7205302454910496,descriptive_no_p_value
GSE135893,broad,consensus,exploratory,CCL2,CCR4,fibroblasts,__broad__,macrophages,__broad__,50,1.0,3,7,1.4541163316507468,2.7664939606891608,0.14173870261233112,0.965823188742303,1.7823256659146305,descriptive_no_p_value
GSE135893,broad,consensus,exploratory,CCL2,CCR5,fibroblasts,__broad__,macrophages,__broad__,50,1.0,3,7,2.0478759264456734,2.7664939606891608,1.329257892202182,1.4915996804707659,2.7046432717215945,descriptive_no_p_value
GSE135893,broad,consensus,exploratory,CCL2,ACKR1,fibroblasts,__broad__,macrophages,__broad__,50,1.0,3,7,3.033347924483779,2.7664939606891608,3.3002018882783934,2.8674123415166997,3.3214375419973456,descriptive_no_p_value
GSE135893,broad,consensus,exploratory,CCL2,ACKR4,fibroblasts,__broad__,macrophages,__broad__,50,1.0,3,7,1.2230659653790994,2.7664939606891608,-0.32036202993096685,0.8519713439091898,1.5303965455192126,descriptive_no_p_value
GSE135893,broad,consensus,core,AREG,EGFR_ERBB2,macrophages,__broad__,fibroblasts,__broad__,50,1.0,3,7,0.7262711645169855,1.843692542183767,-0.3911502131497939,0.03629643358333734,1.1358911134807679,descriptive_no_p_value
GSE135893,broad,consensus,core,AREG,EGFR_ERBB2,AT2,__broad__,fibroblasts,__broad__,50,1.0,3,3,1.0843109158742745,2.52281610392608,-0.35419427217752997,0.7762017703238344,1.5003009428493828,descriptive_no_p_value
GSE135893,broad,consensus,core,AREG,ERBB3,macrophages,__broad__,fibroblasts,__broad__,50,1.0,3,7,0.14379855177878653,1.843692542183767,-1.5560954386261927,-0.6255063564200487,0.6212798153881973,descriptive_no_p_value
GSE135893,broad,consensus,core,AREG,ERBB3,AT2,__broad__,fibroblasts,__broad__,50,1.0,3,3,0.7539752459138125,2.52281610392608,-1.0148656120984563,0.5972958987712165,0.9493171386099819,descriptive_no_p_value
GSE135893,broad,consensus,exploratory,FGF7,NRP1,fibroblasts,__broad__,AT2,__broad__,50,1.0,3,3,1.1070319674713591,1.4997417072115606,0.7143222277311585,0.8027104311961688,1.665374157014008,descriptive_no_p_value
GSE135893,broad,consensus,exploratory,FGF7,FGFR1,fibroblasts,__broad__,AT2,__broad__,50,1.0,3,3,1.0485158116931474,1.4997417072115606,0.597289916174736,0.793981808629618,1.1919726851580696,descriptive_no_p_value
GSE135893,broad,consensus,exploratory,FGF7,FGFR2,fibroblasts,__broad__,AT2,__broad__,50,1.0,3,3,0.7807724044600493,1.4997417072115606,0.06180310170853698,0.5380225921815027,1.1652685811480756,descriptive_no_p_value
GSE135893,broad,consensus,exploratory,FGF7,FGFR4,fibroblasts,__broad__,AT2,__broad__,50,1.0,3,3,0.31949018444463206,1.4997417072115606,-0.8607613383222972,0.059966092382001346,0.6222734048791909,descriptive_no_p_value
GSE135893,broad,consensus,exploratory,FGF7,FGFR3,fibroblasts,__broad__,AT2,__broad__,50,1.0,3,3,0.6736382367193468,1.4997417072115606,-0.1524652337728667,0.2765129854685773,1.1970726207229552,descriptive_no_p_value
GSE135893,broad,consensus,exploratory,CXCL12,CD4,fibroblasts,__broad__,macrophages,__broad__,50,1.0,3,7,1.403111086904051,2.314109682255391,0.492112491552712,1.186101479216351,1.6781857851248612,descriptive_no_p_value
GSE135893,broad,consensus,exploratory,CXCL12,ITGB3,fibroblasts,__broad__,macrophages,__broad__,50,1.0,3,7,2.272939564799229,2.314109682255391,2.2317694473430656,1.9142374867050136,2.8534221821655286,descriptive_no_p_value
GSE135893,broad,consensus,exploratory,CXCL12,ITGB1,fibroblasts,__broad__,macrophages,__broad__,50,1.0,3,7,1.4121044160261942,2.314109682255391,0.5100991497969947,1.2835663560153296,1.5948085294996925,descriptive_no_p_value
GSE135893,broad,consensus,exploratory,CXCL12,ITGAV,fibroblasts,__broad__,macrophages,__broad__,50,1.0,3,7,1.5778490738291264,2.314109682255391,0.8415884654028618,1.3927267531428305,1.8390485756024875,descriptive_no_p_value
GSE135893,broad,consensus,exploratory,CXCL12,ITGA5,fibroblasts,__broad__,macrophages,__broad__,50,1.0,3,7,1.5200539526760295,2.314109682255391,0.7259982230966715,1.308678971659357,1.80766650631909,descriptive_no_p_value
GSE135893,broad,consensus,exploratory,CXCL12,ITGA4,fibroblasts,__broad__,macrophages,__broad__,50,1.0,3,7,1.208269943479734,2.314109682255391,0.10243020470407949,0.8712469416181481,1.418716084811983,descriptive_no_p_value
GSE135893,broad,consensus,exploratory,CXCL12,ACKR3,fibroblasts,__broad__,macrophages,__broad__,50,1.0,3,7,1.1574066057827226,2.314109682255391,0.0007035293100545736,0.9183550388522521,1.3994427125127196,descriptive_no_p_value
GSE135893,broad,consensus,exploratory,CXCL12,AVPR1A,fibroblasts,__broad__,macrophages,__broad__,50,1.0,3,7,1.3163737838943605,2.314109682255391,0.3186378855333287,1.0930049845497432,1.442524563142713,descriptive_no_p_value
GSE135893,broad,consensus,exploratory,CXCL12,MTNR1A,fibroblasts,__broad__,macrophages,__broad__,50,1.0,3,7,1.1570548411276944,2.314109682255391,-2.220446049250313e-15,1.0030347895869278,1.3629083360398753,descriptive_no_p_value
GSE135893,broad,consensus,exploratory,CXCL12,CXCR3,fibroblasts,__broad__,macrophages,__broad__,50,1.0,3,7,1.3871894083820249,2.314109682255391,0.4602691345086598,1.051732777612986,1.9446641770532858,descriptive_no_p_value
GSE135893,broad,consensus,exploratory,CXCL12,CCR4,fibroblasts,__broad__,macrophages,__broad__,50,1.0,3,7,1.2279241924338604,2.314109682255391,0.14173870261233112,1.0211442307817153,1.3810177772346628,descriptive_no_p_value
GSE135893,broad,consensus,exploratory,CXCL12,CXCR4,fibroblasts,__broad__,macrophages,__broad__,50,1.0,3,7,1.4171909424635478,2.314109682255391,0.5202722026717046,1.2723962432252227,1.6261135487225964,descriptive_no_p_value
GSE135893,broad,consensus,exploratory,CXCL12,GRM7,fibroblasts,__broad__,macrophages,__broad__,50,1.0,3,7,1.3869485456993818,2.314109682255391,0.4597874091433729,1.1487746347676586,1.5928020406115626,descriptive_no_p_value
GSE135893,broad,consensus,core,HBEGF,EGFR_ERBB2,macrophages,__broad__,fibroblasts,__broad__,50,1.0,3,7,0.4179216227265439,1.2269934586028803,-0.3911502131497939,0.2826818713865755,0.4956971522441904,descriptive_no_p_value
GSE135893,broad,consensus,core,HBEGF,EGFR_ERBB2,AT2,__broad__,fibroblasts,__broad__,50,1.0,3,3,1.4961067472788865,3.3464077667353025,-0.35419427217752997,1.16562252163471,1.9143246198791446,descriptive_no_p_value
GSE135893,broad,consensus,core,HBEGF,ERBB2_ERBB4,macrophages,__broad__,fibroblasts,__broad__,50,1.0,3,7,1.2756847226323358,1.2269934586028803,1.324375986661792,1.099827271858441,1.6153234986167977,descriptive_no_p_value
GSE135893,broad,consensus,core,HBEGF,ERBB2_ERBB4,AT2,__broad__,fibroblasts,__broad__,50,1.0,3,3,2.5065089279066486,3.3464077667353025,1.6666100890779945,1.9589989492837798,3.167221556119744,descriptive_no_p_value
GSE135893,broad,consensus,core,HBEGF,CD44,macrophages,__broad__,fibroblasts,__broad__,50,1.0,3,7,0.8501706458213896,1.2269934586028803,0.4733478330399006,0.6870998841404612,1.040339480793901,descriptive_no_p_value
GSE135893,broad,consensus,core,HBEGF,CD44,AT2,__broad__,fibroblasts,__broad__,50,1.0,3,3,1.9943366373751532,3.3464077667353025,0.6422655080150044,1.4831172955405396,2.528444000483635,descriptive_no_p_value
GSE135893,broad,consensus,core,HBEGF,PRLR,macrophages,__broad__,fibroblasts,__broad__,50,1.0,3,7,0.7979803566808941,1.2269934586028803,0.36896725475890857,0.6221229059069993,1.137619132665356,descriptive_no_p_value
GSE135893,broad,consensus,core,HBEGF,PRLR,AT2,__broad__,fibroblasts,__broad__,50,1.0,3,3,1.5852028535053446,3.3464077667353025,-0.1760020597246136,1.0376928748824756,2.24591548171844,descriptive_no_p_value
GSE135893,broad,consensus,exploratory,CCL2,ACKR2,fibroblasts,__broad__,macrophages,__broad__,50,1.0,3,7,1.105133538596219,2.7664939606891608,-0.5562268834967257,0.85198122471165,1.2784720291050773,descriptive_no_p_value
GSE135893,broad,consensus,exploratory,CXCL12,DPP4,fibroblasts,__broad__,macrophages,__broad__,50,1.0,3,7,2.4874057474116,2.314109682255391,2.6607018125678086,2.124288781258624,2.728710024019852,descriptive_no_p_value
GSE135893,broad,consensus,core,TGFB1,ENG,macrophages,__broad__,fibroblasts,__broad__,50,1.0,3,7,-0.08162520958131392,-0.2783100450385225,0.11505962587589824,-0.13991815590425905,-0.0049692698716263806,descriptive_no_p_value
GSE135893,broad,consensus,core,HBEGF,CD9,macrophages,__broad__,fibroblasts,__broad__,50,1.0,3,7,1.0555775247912491,1.2269934586028803,0.8841615909796197,0.7778644007446429,1.5712906734655503,descriptive_no_p_value
GSE135893,broad,consensus,core,HBEGF,CD9,AT2,__broad__,fibroblasts,__broad__,50,1.0,3,3,2.1694017332941806,3.3464077667353025,0.9923956998530601,1.5079599558352719,3.0061887341971154,descriptive_no_p_value
GSE135893,broad,consensus,core,HBEGF,CD82,macrophages,__broad__,fibroblasts,__broad__,50,1.0,3,7,0.7659247868854804,1.2269934586028803,0.3048561151680822,0.5952528513586639,0.9734320376681787,descriptive_no_p_value
GSE135893,broad,consensus,core,HBEGF,CD82,AT2,__broad__,fibroblasts,__broad__,50,1.0,3,3,2.0106425903472216,3.3464077667353025,0.6748774139591385,1.4562420014081034,2.389463927140736,descriptive_no_p_value
GSE135893,broad,consensus,core,TGFB1,CAV1,macrophages,__broad__,fibroblasts,__broad__,50,1.0,3,7,0.15628836335897134,-0.2783100450385225,0.5908867717564661,0.04426843936925806,0.32988632340586577,descriptive_no_p_value
GSE135893,broad,consensus,exploratory,CXCL12,SDC4,fibroblasts,__broad__,macrophages,__broad__,50,1.0,3,7,1.6550248759188415,2.314109682255391,0.9959400695822911,1.497798184995074,1.7628424383088204,descriptive_no_p_value
GSE135893,broad,consensus,core,TGFB1,LPP,macrophages,__broad__,fibroblasts,__broad__,50,1.0,3,7,0.29469245545206935,-0.2783100450385225,0.8676949559426612,0.09652970458561416,0.4444222849957393,descriptive_no_p_value
GSE135893,broad,cellchatdb,core,IL1B,IL1R2,macrophages,__broad__,fibroblasts,__broad__,50,1.0,3,7,1.116353553797636,2.0734130619575533,0.1592940456377181,0.8857888479263538,1.501365984494175,descriptive_no_p_value
GSE135893,broad,cellchatdb,core,IL1B,IL1R2,macrophages,__broad__,AT2,__broad__,50,1.0,6,8,0.004343116520990176,0.5000640665627607,-0.491377833520781,-0.27149987286757904,0.292270503051256,descriptive_no_p_value
GSE135893,broad,cellchatdb,core,IL1B,IL1R2,AT2,__broad__,fibroblasts,__broad__,50,1.0,3,3,1.150498487515601,1.6739236282786867,0.6270733467525149,0.4658886289095959,2.129639125322996,descriptive_no_p_value
GSE135893,broad,cellchatdb,core,AREG,EGFR,macrophages,__broad__,fibroblasts,__broad__,50,1.0,3,7,0.9328970082944705,1.843692542183767,0.022101474405176624,0.12967474917464195,1.4484796041629684,descriptive_no_p_value
GSE135893,broad,cellchatdb,core,AREG,EGFR,AT2,__broad__,fibroblasts,__broad__,50,1.0,3,3,1.2595669253949495,2.52281610392608,-0.003682253136182645,0.6950932630822519,1.6064673719664073,descriptive_no_p_value
GSE135893,broad,cellchatdb,core,HBEGF,EGFR,macrophages,__broad__,fibroblasts,__broad__,50,1.0,3,7,0.624547466504028,1.2269934586028803,0.022101474405176624,0.4659332652022812,0.7952084629251601,descriptive_no_p_value
GSE135893,broad,cellchatdb,core,HBEGF,EGFR,AT2,__broad__,fibroblasts,__broad__,50,1.0,3,3,1.6713627567995601,3.3464077667353025,-0.003682253136182645,1.2434293471924551,2.020491048996168,descriptive_no_p_value
GSE135893,broad,cellchatdb,exploratory,FGF7,FGFR2,fibroblasts,__broad__,AT2,__broad__,50,1.0,3,3,0.7807724044600493,1.4997417072115606,0.06180310170853698,0.5380225921815027,1.1652685811480756,descriptive_no_p_value
GSE135893,broad,cellchatdb,exploratory,FGF10,FGFR2,fibroblasts,__broad__,AT2,__broad__,50,1.0,3,3,1.0486305367850113,2.0354579718614856,0.06180310170853698,0.5930167244620352,1.279508793815598,descriptive_no_p_value
GSE135893,broad,cellchatdb,core,HBEGF,ERBB4,macrophages,__broad__,fibroblasts,__broad__,50,1.0,3,7,1.2756847226323358,1.2269934586028803,1.324375986661792,1.099827271858441,1.6153234986167977,descriptive_no_p_value
GSE135893,broad,cellchatdb,core,HBEGF,ERBB4,AT2,__broad__,fibroblasts,__broad__,50,1.0,3,3,2.5065089279066486,3.3464077667353025,1.6666100890779945,1.9589989492837798,3.167221556119744,descriptive_no_p_value
GSE135893,broad,cellchatdb,exploratory,CXCL12,ACKR3,fibroblasts,__broad__,macrophages,__broad__,50,1.0,3,7,1.1574066057827226,2.314109682255391,0.0007035293100545736,0.9183550388522521,1.3994427125127196,descriptive_no_p_value
GSE135893,broad,cellchatdb,exploratory,CCL2,CCR2,fibroblasts,__broad__,macrophages,__broad__,50,1.0,3,7,2.0830860956113124,2.7664939606891608,1.3996782305334583,1.0745125567262477,2.787813367881157,descriptive_no_p_value
GSE135893,broad,cellchatdb,exploratory,CXCL12,CXCR4,fibroblasts,__broad__,macrophages,__broad__,50,1.0,3,7,1.4171909424635478,2.314109682255391,0.5202722026717046,1.2723962432252227,1.6261135487225964,descriptive_no_p_value
GSE135893,broad,cellchatdb,exploratory,CCL2,ACKR1,fibroblasts,__broad__,macrophages,__broad__,50,1.0,3,7,3.033347924483779,2.7664939606891608,3.3002018882783934,2.8674123415166997,3.3214375419973456,descriptive_no_p_value
GSE135893,broad,cellchatdb,exploratory,CCL2,ACKR2,fibroblasts,__broad__,macrophages,__broad__,50,1.0,3,7,1.105133538596219,2.7664939606891608,-0.5562268834967257,0.85198122471165,1.2784720291050773,descriptive_no_p_value
GSE135893,broad,cellchatdb,core,IL1A,IL1R1_IL1RAP,macrophages,__broad__,fibroblasts,__broad__,50,1.0,3,7,0.5066695822434211,0.517222258238037,0.49611690624880467,0.24992952172962601,0.9471642212821001,descriptive_no_p_value
GSE135893,broad,cellchatdb,core,IL1A,IL1R1_IL1RAP,macrophages,__broad__,AT2,__broad__,50,1.0,6,8,-0.30535351535699107,-0.19771748656628985,-0.4129895441476914,-0.5895091106772059,0.17032288002812734,descriptive_no_p_value
GSE135893,broad,cellchatdb,core,IL1A,IL1R1_IL1RAP,AT2,__broad__,fibroblasts,__broad__,50,1.0,3,3,0.5883881682443032,-0.15115130079091976,1.3279276372795268,0.3542285354831599,0.7621776234377675,descriptive_no_p_value
GSE135893,broad,cellchatdb,core,IL1B,IL1R1_IL1RAP,macrophages,__broad__,fibroblasts,__broad__,50,1.0,3,7,1.2847649841031794,2.0734130619575533,0.49611690624880467,0.9432543417037742,1.930467221025844,descriptive_no_p_value
GSE135893,broad,cellchatdb,core,IL1B,IL1R1_IL1RAP,macrophages,__broad__,AT2,__broad__,50,1.0,6,8,0.04353726120753443,0.5000640665627607,-0.4129895441476914,-0.1799705716568596,0.5703939801279585,descriptive_no_p_value
GSE135893,broad,cellchatdb,core,IL1B,IL1R1_IL1RAP,AT2,__broad__,fibroblasts,__broad__,50,1.0,3,3,1.500925632779107,1.6739236282786867,1.3279276372795268,0.7269229464160928,2.3521208248506102,descriptive_no_p_value
GSE135893,broad,cellchatdb,core,TGFB1,TGFBR1_TGFBR2,macrophages,__broad__,fibroblasts,__broad__,50,1.0,3,7,0.0413356061030532,-0.2783100450385225,0.36098125724462804,-0.1715843566450337,0.19779437850916626,descriptive_no_p_value
GSE135893,broad,cellchatdb,core,IL1A,IL1R2,macrophages,__broad__,fibroblasts,__broad__,50,1.0,3,7,0.33825815193787756,0.517222258238037,0.1592940456377181,0.09540012681291299,0.6705243402630727,descriptive_no_p_value
GSE135893,broad,cellchatdb,core,IL1A,IL1R2,macrophages,__broad__,AT2,__broad__,50,1.0,6,8,-0.34454766004353543,-0.19771748656628985,-0.491377833520781,-0.5506524000527409,-0.07146206318672166,descriptive_no_p_value
GSE135893,broad,cellchatdb,core,IL1A,IL1R2,AT2,__broad__,fibroblasts,__broad__,50,1.0,3,3,0.23796102298079752,-0.15115130079091976,0.6270733467525149,0.09319421797666338,0.42627664628436834,descriptive_no_p_value
GSE135893,broad,cellchatdb,exploratory,FGF10,FGFR1,fibroblasts,__broad__,AT2,__broad__,50,1.0,3,3,1.3163739440181108,2.0354579718614856,0.597289916174736,1.145963369569539,1.5293253085255167,descriptive_no_p_value
GSE135893,broad,cellchatdb,exploratory,FGF7,FGFR1,fibroblasts,__broad__,AT2,__broad__,50,1.0,3,3,1.0485158116931474,1.4997417072115606,0.597289916174736,0.793981808629618,1.1919726851580696,descriptive_no_p_value
GSE135893,broad,cellchatdb,core,TGFB1,ACVR1B_TGFBR2,macrophages,__broad__,fibroblasts,__broad__,50,1.0,3,7,0.6063795368929323,-0.2783100450385225,1.4910691188243876,0.4045195207814638,0.7692155211075375,descriptive_no_p_value
GSE135893,broad,cellchatdb,core,TGFB1,ACVR1C_TGFBR2,macrophages,__broad__,fibroblasts,__broad__,50,1.0,3,7,-0.4274516347255779,-0.2783100450385225,-0.5765932244126326,-0.6451565036191953,-0.05413686247063865,descriptive_no_p_value
GSE135893,broad,cellchatdb,core,TGFB1,ACVR1_TGFBR1_TGFBR2,macrophages,__broad__,fibroblasts,__broad__,50,1.0,3,7,-0.07431927850294251,-0.2783100450385225,0.1296714880326384,-0.24443064721428254,0.12494808793991741,descriptive_no_p_value
GSE135893,broad,cellchatdb,core,AREG,EGFR_ERBB2,macrophages,__broad__,fibroblasts,__broad__,50,1.0,3,7,0.7262711645169855,1.843692542183767,-0.3911502131497939,0.03629643358333734,1.1358911134807679,descriptive_no_p_value
GSE135893,broad,cellchatdb,core,AREG,EGFR_ERBB2,AT2,__broad__,fibroblasts,__broad__,50,1.0,3,3,1.0843109158742745,2.52281610392608,-0.35419427217752997,0.7762017703238344,1.5003009428493828,descriptive_no_p_value
GSE135893,broad,cellchatdb,core,HBEGF,EGFR_ERBB2,macrophages,__broad__,fibroblasts,__broad__,50,1.0,3,7,0.4179216227265439,1.2269934586028803,-0.3911502131497939,0.2826818713865755,0.4956971522441904,descriptive_no_p_value
GSE135893,broad,cellchatdb,core,HBEGF,EGFR_ERBB2,AT2,__broad__,fibroblasts,__broad__,50,1.0,3,3,1.4961067472788865,3.3464077667353025,-0.35419427217752997,1.16562252163471,1.9143246198791446,descriptive_no_p_value
GSE135893,broad,cellchatdb,core,HBEGF,ERBB2_ERBB4,macrophages,__broad__,fibroblasts,__broad__,50,1.0,3,7,1.2756847226323358,1.2269934586028803,1.324375986661792,1.099827271858441,1.6153234986167977,descriptive_no_p_value
GSE135893,broad,cellchatdb,core,HBEGF,ERBB2_ERBB4,AT2,__broad__,fibroblasts,__broad__,50,1.0,3,3,2.5065089279066486,3.3464077667353025,1.6666100890779945,1.9589989492837798,3.167221556119744,descriptive_no_p_value
GSE135893,subtype,consensus,core,IL1A,IL1R1_IL1RAP,macrophages,Macrophages,AT2,AT2,50,1.0,6,8,-0.3060310212418935,-0.1990724983360943,-0.4129895441476914,-0.577323967828486,0.15887542096739704,descriptive_no_p_value
GSE135893,subtype,consensus,core,IL1A,IL1R2_IL1RAP,macrophages,Macrophages,AT2,AT2,50,1.0,6,8,-0.5789799038732859,-0.1990724983360943,-0.9588873094104773,-0.7893709562145512,-0.3456964444640589,descriptive_no_p_value
GSE135893,subtype,consensus,core,IL1B,IL1R1_IL1RAP,macrophages,Macrophages,AT2,AT2,50,1.0,6,8,0.04952738263731149,0.5120443094223139,-0.4129895441476914,-0.1677035874167272,0.5714960615854885,descriptive_no_p_value
GSE135893,subtype,consensus,core,IL1B,IL1R2_IL1RAP,macrophages,Macrophages,AT2,AT2,50,1.0,6,8,-0.22342149999408178,0.5120443094223139,-0.9588873094104773,-0.5028657727259289,0.060269002850261266,descriptive_no_p_value
GSE135893,subtype,consensus,core,IL1B,ADRB2,macrophages,Macrophages,AT2,AT2,50,1.0,6,8,0.14177597097988315,0.5120443094223139,-0.2284923674625503,-0.11288990994704573,0.4632068956990425,descriptive_no_p_value
GSE135893,subtype,consensus,core,IL1B,SIGIRR,macrophages,Macrophages,AT2,AT2,50,1.0,6,8,0.08709419338796653,0.5120443094223139,-0.33785592264638176,-0.0846690365512881,0.33018179841350115,descriptive_no_p_value
GSE135893,subtype,cellchatdb,core,IL1B,IL1R2,macrophages,Macrophages,AT2,AT2,50,1.0,6,8,0.010333237950766794,0.5120443094223139,-0.491377833520781,-0.26911103478108034,0.29402374079510984,descriptive_no_p_value
GSE135893,subtype,cellchatdb,core,IL1A,IL1R1_IL1RAP,macrophages,Macrophages,AT2,AT2,50,1.0,6,8,-0.3060310212418935,-0.1990724983360943,-0.4129895441476914,-0.577323967828486,0.15887542096739704,descriptive_no_p_value
GSE135893,subtype,cellchatdb,core,IL1B,IL1R1_IL1RAP,macrophages,Macrophages,AT2,AT2,50,1.0,6,8,0.04952738263731149,0.5120443094223139,-0.4129895441476914,-0.1677035874167272,0.5714960615854885,descriptive_no_p_value
GSE135893,subtype,cellchatdb,core,IL1A,IL1R2,macrophages,Macrophages,AT2,AT2,50,1.0,6,8,-0.34522516592843777,-0.1990724983360943,-0.491377833520781,-0.5556162182697031,-0.07854817252708962,descriptive_no_p_value
GSE135893,broad,consensus,exploratory,FGF10,FGFR1,fibroblasts,__broad__,AT2,__broad__,50,0.5,3,3,1.3904733422465507,2.181541640606294,0.5994050438868079,1.2067087029731365,1.6159087242344916,descriptive_no_p_value
GSE135893,broad,consensus,exploratory,FGF10,FGFR2,fibroblasts,__broad__,AT2,__broad__,50,0.5,3,3,1.1216469871526606,2.181541640606294,0.061752333699025996,0.655504085631287,1.358972708041057,descriptive_no_p_value
GSE135893,broad,consensus,exploratory,FGF10,FGFRL1,fibroblasts,__broad__,AT2,__broad__,50,0.5,3,3,1.1359330685364484,2.181541640606294,0.09032449646660323,0.5624121721437507,1.6483557139716785,descriptive_no_p_value
GSE135893,broad,consensus,core,TGFB1,ITGAV_ITGB6,macrophages,__broad__,fibroblasts,__broad__,50,0.5,3,7,-0.04959779710842138,-0.2783959376251408,0.17920034340829782,-0.36340774668105524,0.2740118226604391,descriptive_no_p_value
GSE135893,broad,consensus,core,TGFB1,ACVR1B_TGFBR2,macrophages,__broad__,fibroblasts,__broad__,50,0.5,3,7,0.6416085519764945,-0.2783959376251408,1.5616130415781302,0.4175844966873905,0.8101490494935302,descriptive_no_p_value
GSE135893,broad,consensus,core,TGFB1,TGFBR1_TGFBR2,macrophages,__broad__,fibroblasts,__broad__,50,0.5,3,7,0.043025101832168566,-0.2783959376251408,0.36444614128947705,-0.17228939178039404,0.2014654181052613,descriptive_no_p_value
GSE135893,broad,consensus,core,TGFB1,ACVR1_TGFBR1_TGFBR2,macrophages,__broad__,fibroblasts,__broad__,50,0.5,3,7,-0.07475142292647963,-0.2783959376251408,0.12889309177217978,-0.24656823997119215,0.1271865699144623,descriptive_no_p_value
GSE135893,broad,consensus,core,TGFB1,ACVR1_TGFBR2,macrophages,__broad__,fibroblasts,__broad__,50,0.5,3,7,-0.20029479103177117,-0.2783959376251408,-0.12219364443839975,-0.37288880477541486,-0.03665364598015408,descriptive_no_p_value
GSE135893,broad,consensus,core,TGFB1,ACVR1C_TGFBR2,macrophages,__broad__,fibroblasts,__broad__,50,0.5,3,7,-0.5344203138133361,-0.2783959376251408,-0.7904446900015326,-0.8187027132037232,-0.027969213944448512,descriptive_no_p_value
GSE135893,broad,consensus,core,TGFB1,EGFR,macrophages,__broad__,fibroblasts,__broad__,50,0.5,3,7,-0.1287645138329907,-0.2783959376251408,0.020866909959159408,-0.32292158200634713,0.02494930667175055,descriptive_no_p_value
GSE135893,broad,consensus,core,TGFB1,ITGB3,macrophages,__broad__,fibroblasts,__broad__,50,0.5,3,7,-0.14166281756004562,-0.2783959376251408,-0.004929697494951313,-0.32780260341905176,0.18457224549309537,descriptive_no_p_value
GSE135893,broad,consensus,core,TGFB1,ITGB1,macrophages,__broad__,fibroblasts,__broad__,50,0.5,3,7,0.2516915735784986,-0.2783959376251408,0.7817790847821406,0.1980642247182871,0.3549907496160678,descriptive_no_p_value
GSE135893,broad,consensus,core,TGFB1,ITGB5,macrophages,__broad__,fibroblasts,__broad__,50,0.5,3,7,-0.22831955993678843,-0.2783959376251408,-0.17824318224843427,-0.2999046574325206,-0.18645022474399298,descriptive_no_p_value
GSE135893,broad,consensus,core,TGFB1,ITGB8,macrophages,__broad__,fibroblasts,__broad__,50,0.5,3,7,0.15585658513174927,-0.2783959376251408,0.5901091078886376,-0.19917666662351774,0.4155288411429998,descriptive_no_p_value
GSE135893,broad,consensus,core,TGFB1,SDC2,macrophages,__broad__,fibroblasts,__broad__,50,0.5,3,7,0.10064527642867471,-0.2783959376251408,0.479686490482492,0.022396566310676214,0.2106270974107609,descriptive_no_p_value
GSE135893,broad,consensus,core,TGFB1,ACVRL1,macrophages,__broad__,fibroblasts,__broad__,50,0.5,3,7,-0.418129919045656,-0.2783959376251408,-0.5578639004661721,-0.552932958161505,-0.27421142406797827,descriptive_no_p_value
GSE135893,broad,consensus,core,TGFB1,CXCR4,macrophages,__broad__,fibroblasts,__broad__,50,0.5,3,7,0.6048673758901373,-0.2783959376251408,1.4881306894054145,0.20095286768753073,1.306911931713751,descriptive_no_p_value
GSE135893,broad,consensus,core,TGFB1,TGFBR3,macrophages,__broad__,fibroblasts,__broad__,50,0.5,3,7,-0.4804859728384674,-0.2783959376251408,-0.6825760080517931,-0.8292371774257719,-0.2506362115285521,descriptive_no_p_value
GSE135893,broad,consensus,core,TGFB1,VASN,macrophages,__broad__,fibroblasts,__broad__,50,0.5,3,7,-0.25803846380632045,-0.2783959376251408,-0.2376809899875001,-0.45578548511267414,-0.04963783717048642,descriptive_no_p_value
GSE135893,broad,consensus,core,IL1A,IL1R1_IL1RAP,macrophages,__broad__,fibroblasts,__broad__,50,0.5,3,7,0.45564231842600744,0.518027403700823,0.39325723315118966,0.19433693684978826,0.9660032628584752,descriptive_no_p_value
GSE135893,broad,consensus,core,IL1A,IL1R1_IL1RAP,macrophages,__broad__,AT2,__broad__,50,0.5,6,8,-0.3755612976189706,-0.21920616039075713,-0.5319164348471841,-0.6711807749890155,0.1630742642948695,descriptive_no_p_value
GSE135893,broad,consensus,core,IL1A,IL1R1_IL1RAP,AT2,__broad__,fibroblasts,__broad__,50,0.5,3,3,0.5499677200740635,-0.2659834048186833,1.36591884496681,0.3121978193599776,0.7269187900338226,descriptive_no_p_value
GSE135893,broad,consensus,core,IL1A,IL1R2_IL1RAP,macrophages,__broad__,fibroblasts,__broad__,50,0.5,3,7,0.08802689734772273,0.518027403700823,-0.34197360900537777,-0.20536196393094897,0.44614762348761916,descriptive_no_p_value
GSE135893,broad,consensus,core,IL1A,IL1R2_IL1RAP,macrophages,__broad__,AT2,__broad__,50,0.5,6,8,-0.7505031462567341,-0.21920616039075713,-1.2818001321227106,-0.9996752607634906,-0.4977382163700764,descriptive_no_p_value
GSE135893,broad,consensus,core,IL1A,IL1R2_IL1RAP,AT2,__broad__,fibroblasts,__broad__,50,0.5,3,3,0.21472452390203467,-0.2659834048186833,0.6954324526227527,0.028396557378001952,0.4717949276724599,descriptive_no_p_value
GSE135893,broad,consensus,core,IL1B,IL1R1_IL1RAP,macrophages,__broad__,fibroblasts,__broad__,50,0.5,3,7,1.2338998193144173,2.0745424054776436,0.39325723315118966,0.8890818005192216,1.8861954340265337,descriptive_no_p_value
GSE135893,broad,consensus,core,IL1B,IL1R1_IL1RAP,macrophages,__broad__,AT2,__broad__,50,0.5,6,8,-0.01581179024078505,0.5002928543656138,-0.5319164348471841,-0.24890533710266727,0.5723612757395165,descriptive_no_p_value
GSE135893,broad,consensus,core,IL1B,IL1R1_IL1RAP,AT2,__broad__,fibroblasts,__broad__,50,0.5,3,3,1.6012805953807439,1.8366423457946768,1.36591884496681,0.7399640360458052,2.614686353319588,descriptive_no_p_value
GSE135893,broad,consensus,core,IL1B,IL1R2_IL1RAP,macrophages,__broad__,fibroblasts,__broad__,50,0.5,3,7,0.8662843982361332,2.0745424054776436,-0.34197360900537777,0.6365954120937998,1.2352554395665196,descriptive_no_p_value
GSE135893,broad,consensus,core,IL1B,IL1R2_IL1RAP,macrophages,__broad__,AT2,__broad__,50,0.5,6,8,-0.3907536388785484,0.5002928543656138,-1.2818001321227106,-0.708971887634712,-0.053813030133197604,descriptive_no_p_value
GSE135893,broad,consensus,core,IL1B,IL1R2_IL1RAP,AT2,__broad__,fibroblasts,__broad__,50,0.5,3,3,1.2660373992087148,1.8366423457946768,0.6954324526227527,0.4841464213344293,2.4271461384287027,descriptive_no_p_value
GSE135893,broad,consensus,core,IL1B,ADRB2,macrophages,__broad__,fibroblasts,__broad__,50,0.5,3,7,2.3157974123573797,2.0745424054776436,2.5570524192371153,2.0524366558082434,2.8046005690071283,descriptive_no_p_value
GSE135893,broad,consensus,core,IL1B,ADRB2,macrophages,__broad__,AT2,__broad__,50,0.5,6,8,0.13426414398657283,0.5002928543656138,-0.23176456639246723,-0.11683136295427765,0.4615085028387744,descriptive_no_p_value
GSE135893,broad,consensus,core,IL1B,ADRB2,AT2,__broad__,fibroblasts,__broad__,50,0.5,3,3,2.535873047780756,1.8366423457946768,3.235103749766835,1.7964510511992695,3.7087906061413207,descriptive_no_p_value
GSE135893,broad,consensus,core,IL1B,SIGIRR,macrophages,__broad__,fibroblasts,__broad__,50,0.5,3,7,0.9089638300035041,2.0745424054776436,-0.25661474547063623,0.42131184633308116,1.4399764079054336,descriptive_no_p_value
GSE135893,broad,consensus,core,IL1B,SIGIRR,macrophages,__broad__,AT2,__broad__,50,0.5,6,8,0.08076471487868808,0.5002928543656138,-0.3387634246082385,-0.08703107467064175,0.3290730246034128,descriptive_no_p_value
GSE135893,broad,consensus,core,IL1B,SIGIRR,AT2,__broad__,fibroblasts,__broad__,50,0.5,3,3,0.55656651183513,1.8366423457946768,-0.7235093221244169,-0.09146406305070487,1.2871809889819552,descriptive_no_p_value
GSE135893,broad,consensus,exploratory,CCL2,CCR1,fibroblasts,__broad__,macrophages,__broad__,50,0.5,3,7,1.8879418937777732,2.7686116686744207,1.0072721188811213,1.4237167112556506,2.414546140686559,descriptive_no_p_value
GSE135893,broad,consensus,exploratory,CCL2,CCR2,fibroblasts,__broad__,macrophages,__broad__,50,0.5,3,7,2.1135557591503664,2.7686116686744207,1.4584998496263122,1.0734817739502374,2.8345895988779706,descriptive_no_p_value
GSE135893,broad,consensus,exploratory,CCL2,CCR10,fibroblasts,__broad__,macrophages,__broad__,50,0.5,3,7,1.859077996771036,2.7686116686744207,0.9495443248676501,1.2791949609109556,2.2476505794806436,descriptive_no_p_value
GSE135893,broad,consensus,exploratory,CCL2,CCR3,fibroblasts,__broad__,macrophages,__broad__,50,0.5,3,7,1.373206710521553,2.7686116686744207,-0.02219824763131406,0.8476506479714248,1.66533228970926,descriptive_no_p_value
GSE135893,broad,consensus,exploratory,CCL2,CCR4,fibroblasts,__broad__,macrophages,__broad__,50,0.5,3,7,1.4935914906872954,2.7686116686744207,0.2185713127001705,0.968035428137167,1.7857170698750022,descriptive_no_p_value
GSE135893,broad,consensus,exploratory,CCL2,CCR5,fibroblasts,__broad__,macrophages,__broad__,50,0.5,3,7,2.05186224450613,2.7686116686744207,1.3351128203378377,1.4941663872881765,2.7108622848615367,descriptive_no_p_value
GSE135893,broad,consensus,exploratory,CCL2,ACKR1,fibroblasts,__broad__,macrophages,__broad__,50,0.5,3,7,3.294756954331646,2.7686116686744207,3.8209022399888704,3.150743172040042,3.5925411787022687,descriptive_no_p_value
GSE135893,broad,consensus,exploratory,CCL2,ACKR4,fibroblasts,__broad__,macrophages,__broad__,50,0.5,3,7,1.1969877789400738,2.7686116686744207,-0.3746361107942735,0.8757364996414472,1.5847022940352797,descriptive_no_p_value
GSE135893,broad,consensus,core,AREG,EGFR_ERBB2,macrophages,__broad__,fibroblasts,__broad__,50,0.5,3,7,0.7231832769462772,1.8441386964332382,-0.3977721425406848,0.032745913809744565,1.1345017497707346,descriptive_no_p_value
GSE135893,broad,consensus,core,AREG,EGFR_ERBB2,AT2,__broad__,fibroblasts,__broad__,50,0.5,3,3,1.0817784756038735,2.5234974466099844,-0.35994049540223605,0.7722284304575577,1.498615644342146,descriptive_no_p_value
GSE135893,broad,consensus,core,AREG,ERBB3,macrophages,__broad__,fibroblasts,__broad__,50,0.5,3,7,-0.18938393665524078,1.8441386964332382,-2.2229065697437207,-0.975248543526356,0.3035503308756562,descriptive_no_p_value
GSE135893,broad,consensus,core,AREG,ERBB3,AT2,__broad__,fibroblasts,__broad__,50,0.5,3,3,0.506212724522376,2.5234974466099844,-1.5110719975652327,0.256589232650259,0.7169434980405605,descriptive_no_p_value
GSE135893,broad,consensus,exploratory,FGF7,NRP1,fibroblasts,__broad__,AT2,__broad__,50,0.5,3,3,1.1145953414962255,1.5013327418339228,0.7278579411585282,0.8070369012764518,1.6800172573679015,descriptive_no_p_value
GSE135893,broad,consensus,exploratory,FGF7,FGFR1,fibroblasts,__broad__,AT2,__broad__,50,0.5,3,3,1.050368892860364,1.5013327418339228,0.5994050438868079,0.7954266515869728,1.1943634424249323,descriptive_no_p_value
GSE135893,broad,consensus,exploratory,FGF7,FGFR2,fibroblasts,__broad__,AT2,__broad__,50,0.5,3,3,0.7815425377664749,1.5013327418339228,0.061752333699025996,0.538490635393539,1.1666377102219716,descriptive_no_p_value
GSE135893,broad,consensus,exploratory,FGF7,FGFR4,fibroblasts,__broad__,AT2,__broad__,50,0.5,3,3,0.11106432035472613,1.5013327418339228,-1.2792041011244712,-0.26656550565763704,0.46781490969560835,descriptive_no_p_value
GSE135893,broad,consensus,exploratory,FGF7,FGFR3,fibroblasts,__broad__,AT2,__broad__,50,0.5,3,3,0.6725182682291795,1.5013327418339228,-0.15629620537556388,0.27330652020071344,1.1994884707008415,descriptive_no_p_value
GSE135893,broad,consensus,exploratory,CXCL12,CD4,fibroblasts,__broad__,macrophages,__broad__,50,0.5,3,7,1.4052597190751381,2.3181415078908314,0.492377930259444,1.1876808721927876,1.6809876355286857,descriptive_no_p_value
GSE135893,broad,consensus,exploratory,CXCL12,ITGB3,fibroblasts,__broad__,macrophages,__broad__,50,0.5,3,7,2.433093388563041,2.3181415078908314,2.5480452692352498,1.9529108996585727,3.114446280976288,descriptive_no_p_value
GSE135893,broad,consensus,exploratory,CXCL12,ITGB1,fibroblasts,__broad__,macrophages,__broad__,50,0.5,3,7,1.4141707171169076,2.3181415078908314,0.5101999263429846,1.2855721923991572,1.5974792231034831,descriptive_no_p_value
GSE135893,broad,consensus,exploratory,CXCL12,ITGAV,fibroblasts,__broad__,macrophages,__broad__,50,0.5,3,7,1.580370852916042,2.3181415078908314,0.8426001979412527,1.3946674607344365,1.8422743632940284,descriptive_no_p_value
GSE135893,broad,consensus,exploratory,CXCL12,ITGA5,fibroblasts,__broad__,macrophages,__broad__,50,0.5,3,7,1.5223707316744948,2.3181415078908314,0.7265999554581608,1.310407060417952,1.810676297454802,descriptive_no_p_value
GSE135893,broad,consensus,exploratory,CXCL12,ITGA4,fibroblasts,__broad__,macrophages,__broad__,50,0.5,3,7,1.209909390364607,2.3181415078908314,0.10167727283838257,0.872042186552596,1.4210201295258331,descriptive_no_p_value
GSE135893,broad,consensus,exploratory,CXCL12,ACKR3,fibroblasts,__broad__,macrophages,__broad__,50,0.5,3,7,1.159927199262027,2.3181415078908314,0.0017128906332222193,0.9201783443615268,1.4028196464512215,descriptive_no_p_value
GSE135893,broad,consensus,exploratory,CXCL12,AVPR1A,fibroblasts,__broad__,macrophages,__broad__,50,0.5,3,7,1.3416849901643104,2.3181415078908314,0.3652284724377908,1.0644556019007614,1.4717239672919393,descriptive_no_p_value
GSE135893,broad,consensus,exploratory,CXCL12,MTNR1A,fibroblasts,__broad__,macrophages,__broad__,50,0.5,3,7,1.1590707539454166,2.3181415078908314,1.7763568394002505e-15,1.0045230408657497,1.3655344511278174,descriptive_no_p_value
GSE135893,broad,consensus,exploratory,CXCL12,CXCR3,fibroblasts,__broad__,macrophages,__broad__,50,0.5,3,7,1.3708726332135317,2.3181415078908314,0.42360375853623267,0.9918886706027896,1.968441661377323,descriptive_no_p_value
GSE135893,broad,consensus,exploratory,CXCL12,CCR4,fibroblasts,__broad__,macrophages,__broad__,50,0.5,3,7,1.2683564102955005,2.3181415078908314,0.2185713127001705,1.0245049509238746,1.3950479187766847,descriptive_no_p_value
GSE135893,broad,consensus,exploratory,CXCL12,CXCR4,fibroblasts,__broad__,macrophages,__broad__,50,0.5,3,7,1.4192970192474244,2.3181415078908314,0.5204525306040182,1.2744459378717892,1.6282195047283983,descriptive_no_p_value
GSE135893,broad,consensus,exploratory,CXCL12,GRM7,fibroblasts,__broad__,macrophages,__broad__,50,0.5,3,7,1.4800777315422384,2.3181415078908314,0.6420139551936463,1.1835089319113856,1.6865414287246392,descriptive_no_p_value
GSE135893,broad,consensus,core,HBEGF,EGFR_ERBB2,macrophages,__broad__,fibroblasts,__broad__,50,0.5,3,7,0.4147461854401122,1.2272645134209093,-0.3977721425406848,0.2781362818503199,0.4940952331824464,descriptive_no_p_value
GSE135893,broad,consensus,core,HBEGF,EGFR_ERBB2,AT2,__broad__,fibroblasts,__broad__,50,0.5,3,3,1.5075259965989192,3.3749924886000735,-0.35994049540223605,1.1771375380904665,1.9272722390660517,descriptive_no_p_value
GSE135893,broad,consensus,core,HBEGF,ERBB2_ERBB4,macrophages,__broad__,fibroblasts,__broad__,50,0.5,3,7,1.5061846065488083,1.2272645134209093,1.7851046996767082,1.2695235423500746,1.9674260069144012,descriptive_no_p_value
GSE135893,broad,consensus,core,HBEGF,ERBB2_ERBB4,AT2,__broad__,fibroblasts,__broad__,50,0.5,3,3,2.8092650327512896,3.3749924886000735,2.243537576902506,2.1919381669917772,3.5977107946322193,descriptive_no_p_value
GSE135893,broad,consensus,core,HBEGF,CD44,macrophages,__broad__,fibroblasts,__broad__,50,0.5,3,7,0.8506711037829398,1.2272645134209093,0.4740776941449676,0.6873264988218128,1.0410843207531002,descriptive_no_p_value
GSE135893,broad,consensus,core,HBEGF,CD44,AT2,__broad__,fibroblasts,__broad__,50,0.5,3,3,2.0091539206773756,3.3749924886000735,0.6433153527546764,1.497224260054753,2.5442301167282952,descriptive_no_p_value
GSE135893,broad,consensus,core,HBEGF,PRLR,macrophages,__broad__,fibroblasts,__broad__,50,0.5,3,7,0.8753499340292352,1.2272645134209093,0.5234353546375612,0.6386888698305015,1.3365913343948281,descriptive_no_p_value
GSE135893,broad,consensus,core,HBEGF,PRLR,AT2,__broad__,fibroblasts,__broad__,50,0.5,3,3,1.5765131339710194,3.3749924886000735,-0.2219662206580345,0.9591862682115069,2.364958895851949,descriptive_no_p_value
GSE135893,broad,consensus,exploratory,CCL2,ACKR2,fibroblasts,__broad__,macrophages,__broad__,50,0.5,3,7,0.9891503214251647,2.7686116686744207,-0.7903110258240917,0.8052956934254594,1.2221384848079695,descriptive_no_p_value
GSE135893,broad,consensus,exploratory,CXCL12,DPP4,fibroblasts,__broad__,macrophages,__broad__,50,0.5,3,7,2.6613341304664284,2.3181415078908314,3.004526753042025,2.1437180119058676,2.980536499123708,descriptive_no_p_value
GSE135893,broad,consensus,core,TGFB1,ENG,macrophages,__broad__,fibroblasts,__broad__,50,0.5,3,7,-0.08160315545591423,-0.2783959376251408,0.11518962671331412,-0.14004664997493954,-0.0047800662138177685,descriptive_no_p_value
GSE135893,broad,consensus,core,HBEGF,CD9,macrophages,__broad__,fibroblasts,__broad__,50,0.5,3,7,1.0569047697168923,1.2272645134209093,0.8865450260128753,0.7786517499709928,1.5734855663129421,descriptive_no_p_value
GSE135893,broad,consensus,core,HBEGF,CD9,AT2,__broad__,fibroblasts,__broad__,50,0.5,3,3,2.1850350900305076,3.3749924886000735,0.9950776914609429,1.5140355406919541,3.028820248141894,descriptive_no_p_value
GSE135893,broad,consensus,core,HBEGF,CD82,macrophages,__broad__,fibroblasts,__broad__,50,0.5,3,7,0.7652217230918925,1.2272645134209093,0.303178932762874,0.5941320575547122,0.9746377089950089,descriptive_no_p_value
GSE135893,broad,consensus,core,HBEGF,CD82,AT2,__broad__,fibroblasts,__broad__,50,0.5,3,3,2.025887536306919,3.3749924886000735,0.6767825840137629,1.4620513411770855,2.405433121612221,descriptive_no_p_value
GSE135893,broad,consensus,core,TGFB1,CAV1,macrophages,__broad__,fibroblasts,__broad__,50,0.5,3,7,0.15650577115804687,-0.2783959376251408,0.5914074799412301,0.044412595024402535,0.33024710434002547,descriptive_no_p_value
GSE135893,broad,consensus,exploratory,CXCL12,SDC4,fibroblasts,__broad__,macrophages,__broad__,50,0.5,3,7,1.6574037155575319,2.3181415078908314,0.9966659232242341,1.5000954029062852,1.7652822395471173,descriptive_no_p_value
GSE135893,broad,consensus,core,TGFB1,LPP,macrophages,__broad__,fibroblasts,__broad__,50,0.5,3,7,0.29600037508845656,-0.2783959376251408,0.8703966878020521,0.09720819892435628,0.44614205355560355,descriptive_no_p_value
GSE135893,broad,cellchatdb,core,IL1B,IL1R2,macrophages,__broad__,fibroblasts,__broad__,50,0.5,3,7,1.0837022442192854,2.0745424054776436,0.09286208296092657,0.8540132580769519,1.4526732855496718,descriptive_no_p_value
GSE135893,broad,cellchatdb,core,IL1B,IL1R2,macrophages,__broad__,AT2,__broad__,50,0.5,6,8,-0.0979376829754166,0.5002928543656138,-0.696168220316447,-0.41615593173158016,0.2390029257699342,descriptive_no_p_value
GSE135893,broad,cellchatdb,core,IL1B,IL1R2,AT2,__broad__,fibroblasts,__broad__,50,0.5,3,3,1.2660373992087148,1.8366423457946768,0.6954324526227527,0.4841464213344293,2.4271461384287027,descriptive_no_p_value
GSE135893,broad,cellchatdb,core,AREG,EGFR,macrophages,__broad__,fibroblasts,__broad__,50,0.5,3,7,0.9325028031961988,1.8441386964332382,0.020866909959159408,0.12827929663558457,1.4489245441233622,descriptive_no_p_value
GSE135893,broad,cellchatdb,core,AREG,EGFR,AT2,__broad__,fibroblasts,__broad__,50,0.5,3,3,1.2587863683456133,2.5234974466099844,-0.005924709918756044,0.692503432890649,1.6049559480351006,descriptive_no_p_value
GSE135893,broad,cellchatdb,core,HBEGF,EGFR,macrophages,__broad__,fibroblasts,__broad__,50,0.5,3,7,0.6240657116900348,1.2272645134209093,0.020866909959159408,0.46493026503132207,0.7956727967642934,descriptive_no_p_value
GSE135893,broad,cellchatdb,core,HBEGF,EGFR,AT2,__broad__,fibroblasts,__broad__,50,0.5,3,3,1.684533889340659,3.3749924886000735,-0.005924709918756044,1.2476197002993343,2.0336125427590073,descriptive_no_p_value
GSE135893,broad,cellchatdb,exploratory,FGF7,FGFR2,fibroblasts,__broad__,AT2,__broad__,50,0.5,3,3,0.7815425377664749,1.5013327418339228,0.061752333699025996,0.538490635393539,1.1666377102219716,descriptive_no_p_value
GSE135893,broad,cellchatdb,exploratory,FGF10,FGFR2,fibroblasts,__broad__,AT2,__broad__,50,0.5,3,3,1.1216469871526606,2.181541640606294,0.061752333699025996,0.655504085631287,1.358972708041057,descriptive_no_p_value
GSE135893,broad,cellchatdb,core,HBEGF,ERBB4,macrophages,__broad__,fibroblasts,__broad__,50,0.5,3,7,1.5061846065488083,1.2272645134209093,1.7851046996767082,1.2695235423500746,1.9674260069144012,descriptive_no_p_value
GSE135893,broad,cellchatdb,core,HBEGF,ERBB4,AT2,__broad__,fibroblasts,__broad__,50,0.5,3,3,2.8092650327512896,3.3749924886000735,2.243537576902506,2.1919381669917772,3.5977107946322193,descriptive_no_p_value
GSE135893,broad,cellchatdb,exploratory,CXCL12,ACKR3,fibroblasts,__broad__,macrophages,__broad__,50,0.5,3,7,1.159927199262027,2.3181415078908314,0.0017128906332222193,0.9201783443615268,1.4028196464512215,descriptive_no_p_value
GSE135893,broad,cellchatdb,exploratory,CCL2,CCR2,fibroblasts,__broad__,macrophages,__broad__,50,0.5,3,7,2.1135557591503664,2.7686116686744207,1.4584998496263122,1.0734817739502374,2.8345895988779706,descriptive_no_p_value
GSE135893,broad,cellchatdb,exploratory,CXCL12,CXCR4,fibroblasts,__broad__,macrophages,__broad__,50,0.5,3,7,1.4192970192474244,2.3181415078908314,0.5204525306040182,1.2744459378717892,1.6282195047283983,descriptive_no_p_value
GSE135893,broad,cellchatdb,exploratory,CCL2,ACKR1,fibroblasts,__broad__,macrophages,__broad__,50,0.5,3,7,3.294756954331646,2.7686116686744207,3.8209022399888704,3.150743172040042,3.5925411787022687,descriptive_no_p_value
GSE135893,broad,cellchatdb,exploratory,CCL2,ACKR2,fibroblasts,__broad__,macrophages,__broad__,50,0.5,3,7,0.9891503214251647,2.7686116686744207,-0.7903110258240917,0.8052956934254594,1.2221384848079695,descriptive_no_p_value
GSE135893,broad,cellchatdb,core,IL1A,IL1R1_IL1RAP,macrophages,__broad__,fibroblasts,__broad__,50,0.5,3,7,0.45564231842600744,0.518027403700823,0.39325723315118966,0.19433693684978826,0.9660032628584752,descriptive_no_p_value
GSE135893,broad,cellchatdb,core,IL1A,IL1R1_IL1RAP,macrophages,__broad__,AT2,__broad__,50,0.5,6,8,-0.3755612976189706,-0.21920616039075713,-0.5319164348471841,-0.6711807749890155,0.1630742642948695,descriptive_no_p_value
GSE135893,broad,cellchatdb,core,IL1A,IL1R1_IL1RAP,AT2,__broad__,fibroblasts,__broad__,50,0.5,3,3,0.5499677200740635,-0.2659834048186833,1.36591884496681,0.3121978193599776,0.7269187900338226,descriptive_no_p_value
GSE135893,broad,cellchatdb,core,IL1B,IL1R1_IL1RAP,macrophages,__broad__,fibroblasts,__broad__,50,0.5,3,7,1.2338998193144173,2.0745424054776436,0.39325723315118966,0.8890818005192216,1.8861954340265337,descriptive_no_p_value
GSE135893,broad,cellchatdb,core,IL1B,IL1R1_IL1RAP,macrophages,__broad__,AT2,__broad__,50,0.5,6,8,-0.01581179024078505,0.5002928543656138,-0.5319164348471841,-0.24890533710266727,0.5723612757395165,descriptive_no_p_value
GSE135893,broad,cellchatdb,core,IL1B,IL1R1_IL1RAP,AT2,__broad__,fibroblasts,__broad__,50,0.5,3,3,1.6012805953807439,1.8366423457946768,1.36591884496681,0.7399640360458052,2.614686353319588,descriptive_no_p_value
GSE135893,broad,cellchatdb,core,TGFB1,TGFBR1_TGFBR2,macrophages,__broad__,fibroblasts,__broad__,50,0.5,3,7,0.043025101832168566,-0.2783959376251408,0.36444614128947705,-0.17228939178039404,0.2014654181052613,descriptive_no_p_value
GSE135893,broad,cellchatdb,core,IL1A,IL1R2,macrophages,__broad__,fibroblasts,__broad__,50,0.5,3,7,0.3054447433308749,0.518027403700823,0.09286208296092657,0.048292189716062195,0.6998017771346299,descriptive_no_p_value
GSE135893,broad,cellchatdb,core,IL1A,IL1R2,macrophages,__broad__,AT2,__broad__,50,0.5,6,8,-0.45768719035360217,-0.21920616039075713,-0.696168220316447,-0.7068593048603586,-0.16309140962364002,descriptive_no_p_value
GSE135893,broad,cellchatdb,core,IL1A,IL1R2,AT2,__broad__,fibroblasts,__broad__,50,0.5,3,3,0.21472452390203467,-0.2659834048186833,0.6954324526227527,0.028396557378001952,0.4717949276724599,descriptive_no_p_value
GSE135893,broad,cellchatdb,exploratory,FGF10,FGFR1,fibroblasts,__broad__,AT2,__broad__,50,0.5,3,3,1.3904733422465507,2.181541640606294,0.5994050438868079,1.2067087029731365,1.6159087242344916,descriptive_no_p_value
GSE135893,broad,cellchatdb,exploratory,FGF7,FGFR1,fibroblasts,__broad__,AT2,__broad__,50,0.5,3,3,1.050368892860364,1.5013327418339228,0.5994050438868079,0.7954266515869728,1.1943634424249323,descriptive_no_p_value
GSE135893,broad,cellchatdb,core,TGFB1,ACVR1B_TGFBR2,macrophages,__broad__,fibroblasts,__broad__,50,0.5,3,7,0.6416085519764945,-0.2783959376251408,1.5616130415781302,0.4175844966873905,0.8101490494935302,descriptive_no_p_value
GSE135893,broad,cellchatdb,core,TGFB1,ACVR1C_TGFBR2,macrophages,__broad__,fibroblasts,__broad__,50,0.5,3,7,-0.5344203138133361,-0.2783959376251408,-0.7904446900015326,-0.8187027132037232,-0.027969213944448512,descriptive_no_p_value
GSE135893,broad,cellchatdb,core,TGFB1,ACVR1_TGFBR1_TGFBR2,macrophages,__broad__,fibroblasts,__broad__,50,0.5,3,7,-0.07475142292647963,-0.2783959376251408,0.12889309177217978,-0.24656823997119215,0.1271865699144623,descriptive_no_p_value
GSE135893,broad,cellchatdb,core,AREG,EGFR_ERBB2,macrophages,__broad__,fibroblasts,__broad__,50,0.5,3,7,0.7231832769462772,1.8441386964332382,-0.3977721425406848,0.032745913809744565,1.1345017497707346,descriptive_no_p_value
GSE135893,broad,cellchatdb,core,AREG,EGFR_ERBB2,AT2,__broad__,fibroblasts,__broad__,50,0.5,3,3,1.0817784756038735,2.5234974466099844,-0.35994049540223605,0.7722284304575577,1.498615644342146,descriptive_no_p_value
GSE135893,broad,cellchatdb,core,HBEGF,EGFR_ERBB2,macrophages,__broad__,fibroblasts,__broad__,50,0.5,3,7,0.4147461854401122,1.2272645134209093,-0.3977721425406848,0.2781362818503199,0.4940952331824464,descriptive_no_p_value
GSE135893,broad,cellchatdb,core,HBEGF,EGFR_ERBB2,AT2,__broad__,fibroblasts,__broad__,50,0.5,3,3,1.5075259965989192,3.3749924886000735,-0.35994049540223605,1.1771375380904665,1.9272722390660517,descriptive_no_p_value
GSE135893,broad,cellchatdb,core,HBEGF,ERBB2_ERBB4,macrophages,__broad__,fibroblasts,__broad__,50,0.5,3,7,1.5061846065488083,1.2272645134209093,1.7851046996767082,1.2695235423500746,1.9674260069144012,descriptive_no_p_value
GSE135893,broad,cellchatdb,core,HBEGF,ERBB2_ERBB4,AT2,__broad__,fibroblasts,__broad__,50,0.5,3,3,2.8092650327512896,3.3749924886000735,2.243537576902506,2.1919381669917772,3.5977107946322193,descriptive_no_p_value
GSE135893,subtype,consensus,core,IL1A,IL1R1_IL1RAP,macrophages,Macrophages,AT2,AT2,50,0.5,6,8,-0.3755571675664209,-0.21919790028565744,-0.5319164348471841,-0.6582384249323978,0.15203615997164954,descriptive_no_p_value
GSE135893,subtype,consensus,core,IL1A,IL1R2_IL1RAP,macrophages,Macrophages,AT2,AT2,50,0.5,6,8,-0.750499016204184,-0.21919790028565744,-1.2818001321227106,-1.004019747118087,-0.5043917482918903,descriptive_no_p_value
GSE135893,subtype,consensus,core,IL1B,IL1R1_IL1RAP,macrophages,Macrophages,AT2,AT2,50,0.5,6,8,-0.009791512280478365,0.5123334102862271,-0.5319164348471841,-0.23660662899181606,0.5734876514550713,descriptive_no_p_value
GSE135893,subtype,consensus,core,IL1B,IL1R2_IL1RAP,macrophages,Macrophages,AT2,AT2,50,0.5,6,8,-0.3847333609182413,0.5123334102862271,-1.2818001321227106,-0.7065598780916722,-0.052026552880037436,descriptive_no_p_value
GSE135893,subtype,consensus,core,IL1B,ADRB2,macrophages,Macrophages,AT2,AT2,50,0.5,6,8,0.1402844219468813,0.5123334102862271,-0.23176456639246723,-0.11490962660894244,0.46263487855433105,descriptive_no_p_value
GSE135893,subtype,consensus,core,IL1B,SIGIRR,macrophages,Macrophages,AT2,AT2,50,0.5,6,8,0.08678499283899477,0.5123334102862271,-0.3387634246082385,-0.0851093383253092,0.33019940031896855,descriptive_no_p_value
GSE135893,subtype,cellchatdb,core,IL1B,IL1R2,macrophages,Macrophages,AT2,AT2,50,0.5,6,8,-0.09191740501510948,0.5123334102862271,-0.696168220316447,-0.4137439221885404,0.24078940302309437,descriptive_no_p_value
GSE135893,subtype,cellchatdb,core,IL1A,IL1R1_IL1RAP,macrophages,Macrophages,AT2,AT2,50,0.5,6,8,-0.3755571675664209,-0.21919790028565744,-0.5319164348471841,-0.6582384249323978,0.15203615997164954,descriptive_no_p_value
GSE135893,subtype,cellchatdb,core,IL1B,IL1R1_IL1RAP,macrophages,Macrophages,AT2,AT2,50,0.5,6,8,-0.009791512280478365,0.5123334102862271,-0.5319164348471841,-0.23660662899181606,0.5734876514550713,descriptive_no_p_value
GSE135893,subtype,cellchatdb,core,IL1A,IL1R2,macrophages,Macrophages,AT2,AT2,50,0.5,6,8,-0.4576830603010521,-0.21919790028565744,-0.696168220316447,-0.7112037912149551,-0.1697449415454539,descriptive_no_p_value
GSE135893,broad,consensus,exploratory,FGF10,FGFR1,fibroblasts,__broad__,AT2,__broad__,50,2.0,3,3,1.2006080329345976,1.80810950457628,0.5931065612929176,1.0474419783315025,1.3918847465582682,descriptive_no_p_value
GSE135893,broad,consensus,exploratory,FGF10,FGFR2,fibroblasts,__broad__,AT2,__broad__,50,2.0,3,3,0.9350054404796104,1.80810950457628,0.061901376382940576,0.4982893689940484,1.1688696043354634,descriptive_no_p_value
GSE135893,broad,consensus,exploratory,FGF10,FGFRL1,fibroblasts,__broad__,AT2,__broad__,50,2.0,3,3,0.9498626209994447,1.80810950457628,0.09161573742261009,0.4151673881918767,1.4171399780810567,descriptive_no_p_value
GSE135893,broad,consensus,core,TGFB1,ITGAV_ITGB6,macrophages,__broad__,fibroblasts,__broad__,50,2.0,3,7,-0.046472633184293066,-0.27813842139000133,0.18519315502141598,-0.24317362804184794,0.05967091740520969,descriptive_no_p_value
GSE135893,broad,consensus,core,TGFB1,ACVR1B_TGFBR2,macrophages,__broad__,fibroblasts,__broad__,50,2.0,3,7,0.5478519010722405,-0.27813842139000133,1.373842223534485,0.38040350313315496,0.7007290611498114,descriptive_no_p_value
GSE135893,broad,consensus,core,TGFB1,TGFBR1_TGFBR2,macrophages,__broad__,fibroblasts,__broad__,50,2.0,3,7,0.03807226769540506,-0.27813842139000133,0.3542829567808141,-0.17027503713021463,0.19072724505199545,descriptive_no_p_value
GSE135893,broad,consensus,core,TGFB1,ACVR1_TGFBR1_TGFBR2,macrophages,__broad__,fibroblasts,__broad__,50,2.0,3,7,-0.07370264819921868,-0.27813842139000133,0.13073312499156842,-0.2405554090254629,0.12044687315674629,descriptive_no_p_value
GSE135893,broad,consensus,core,TGFB1,ACVR1_TGFBR2,macrophages,__broad__,fibroblasts,__broad__,50,2.0,3,7,-0.19418747074420217,-0.27813842139000133,-0.11023652009840301,-0.35881244304960536,-0.04038880756164254,descriptive_no_p_value
GSE135893,broad,consensus,core,TGFB1,ACVR1C_TGFBR2,macrophages,__broad__,fibroblasts,__broad__,50,2.0,3,7,-0.33246075998855895,-0.27813842139000133,-0.38678309858711574,-0.4946256070647306,-0.07018859857215398,descriptive_no_p_value
GSE135893,broad,consensus,core,TGFB1,EGFR,macrophages,__broad__,fibroblasts,__broad__,50,2.0,3,7,-0.12683184503258893,-0.27813842139000133,0.024474731324823473,-0.3186614294964327,0.02473539136581504,descriptive_no_p_value
GSE135893,broad,consensus,core,TGFB1,ITGB3,macrophages,__broad__,fibroblasts,__broad__,50,2.0,3,7,-0.058154420838047116,-0.27813842139000133,0.16182957971390977,-0.21757695799399812,0.1420266371866834,descriptive_no_p_value
GSE135893,broad,consensus,core,TGFB1,ITGB1,macrophages,__broad__,fibroblasts,__broad__,50,2.0,3,7,0.25109124229504776,-0.27813842139000133,0.7803209059801013,0.197607343537328,0.3542206809202737,descriptive_no_p_value
GSE135893,broad,consensus,core,TGFB1,ITGB5,macrophages,__broad__,fibroblasts,__broad__,50,2.0,3,7,-0.22657514092016307,-0.27813842139000133,-0.1750118604503239,-0.29588842934384996,-0.1856231110511155,descriptive_no_p_value
GSE135893,broad,consensus,core,TGFB1,ITGB8,macrophages,__broad__,fibroblasts,__broad__,50,2.0,3,7,0.11586341891334317,-0.27813842139000133,0.509865259216689,-0.18972647344289495,0.3488511444459945,descriptive_no_p_value
GSE135893,broad,consensus,core,TGFB1,SDC2,macrophages,__broad__,fibroblasts,__broad__,50,2.0,3,7,0.09945004932423185,-0.27813842139000133,0.47703852003846947,0.021795619297629187,0.2082902573361256,descriptive_no_p_value
GSE135893,broad,consensus,core,TGFB1,ACVRL1,macrophages,__broad__,fibroblasts,__broad__,50,2.0,3,7,-0.4025586810502597,-0.27813842139000133,-0.5269789407105154,-0.5354681151019607,-0.26785529136093,descriptive_no_p_value
GSE135893,broad,consensus,core,TGFB1,CXCR4,macrophages,__broad__,fibroblasts,__broad__,50,2.0,3,7,0.3386383393138548,-0.27813842139000133,0.9554151000177133,0.06872545828461263,0.7442778999153652,descriptive_no_p_value
GSE135893,broad,consensus,core,TGFB1,TGFBR3,macrophages,__broad__,fibroblasts,__broad__,50,2.0,3,7,-0.4766192229321229,-0.27813842139000133,-0.6751000244742453,-0.8226414095286287,-0.24848751294621874,descriptive_no_p_value
GSE135893,broad,consensus,core,TGFB1,VASN,macrophages,__broad__,fibroblasts,__broad__,50,2.0,3,7,-0.2545966129638453,-0.27813842139000133,-0.23105480453768834,-0.45032166187015576,-0.05004752731780293,descriptive_no_p_value
GSE135893,broad,consensus,core,IL1A,IL1R1_IL1RAP,macrophages,__broad__,fibroblasts,__broad__,50,2.0,3,7,0.5408160330487446,0.5155467767636788,0.5660852893338109,0.29243779851625185,0.9495543319729047,descriptive_no_p_value
GSE135893,broad,consensus,core,IL1A,IL1R1_IL1RAP,macrophages,__broad__,AT2,__broad__,50,2.0,6,8,-0.2295240597858581,-0.15934974339141217,-0.2996983761803036,-0.5000668815882134,0.1828107155627805,descriptive_no_p_value
GSE135893,broad,consensus,core,IL1A,IL1R1_IL1RAP,AT2,__broad__,fibroblasts,__broad__,50,2.0,3,3,0.5887440821625531,-0.08148991661645333,1.2589780809415596,0.36145695097739017,0.7565673336188348,descriptive_no_p_value
GSE135893,broad,consensus,core,IL1A,IL1R2_IL1RAP,macrophages,__broad__,fibroblasts,__broad__,50,2.0,3,7,0.24348221738535636,0.5155467767636788,-0.028582341992965832,-0.00185389393862323,0.5020950327568754,descriptive_no_p_value
GSE135893,broad,consensus,core,IL1A,IL1R2_IL1RAP,macrophages,__broad__,AT2,__broad__,50,2.0,6,8,-0.4164179543656019,-0.15934974339141217,-0.6734861653397918,-0.6164506874769202,-0.19310310164995792,descriptive_no_p_value
GSE135893,broad,consensus,core,IL1A,IL1R2_IL1RAP,AT2,__broad__,fibroblasts,__broad__,50,2.0,3,3,0.22239657555634337,-0.08148991661645333,0.5262830677291401,0.09847636071963753,0.3805310100098175,descriptive_no_p_value
GSE135893,broad,consensus,core,IL1B,IL1R1_IL1RAP,macrophages,__broad__,fibroblasts,__broad__,50,2.0,3,7,1.3186224442270156,2.071159599120218,0.5660852893338109,0.9830315998243133,1.9525360569744183,descriptive_no_p_value
GSE135893,broad,consensus,core,IL1B,IL1R1_IL1RAP,macrophages,__broad__,AT2,__broad__,50,2.0,6,8,0.09995401149991068,0.4996063991801236,-0.2996983761803036,-0.1133628468605723,0.5666106101021997,descriptive_no_p_value
GSE135893,broad,consensus,core,IL1B,IL1R1_IL1RAP,AT2,__broad__,fibroblasts,__broad__,50,2.0,3,3,1.3579756565574828,1.456973232173405,1.2589780809415596,0.6747565603661267,2.0510770802922367,descriptive_no_p_value
GSE135893,broad,consensus,core,IL1B,IL1R2_IL1RAP,macrophages,__broad__,fibroblasts,__broad__,50,2.0,3,7,1.0212886285636262,2.071159599120218,-0.028582341992965832,0.7903455961342583,1.4277344218282506,descriptive_no_p_value
GSE135893,broad,consensus,core,IL1B,IL1R2_IL1RAP,macrophages,__broad__,AT2,__broad__,50,2.0,6,8,-0.0869398830798338,0.4996063991801236,-0.6734861653397918,-0.3257194892944022,0.15381601605040052,descriptive_no_p_value
GSE135893,broad,consensus,core,IL1B,IL1R2_IL1RAP,AT2,__broad__,fibroblasts,__broad__,50,2.0,3,3,0.9916281499512728,1.456973232173405,0.5262830677291401,0.4117759701083742,1.7834001284106193,descriptive_no_p_value
GSE135893,broad,consensus,core,IL1B,ADRB2,macrophages,__broad__,fibroblasts,__broad__,50,2.0,3,7,1.6653923439146587,2.071159599120218,1.2596250887090992,1.4025364286621742,2.153340516006364,descriptive_no_p_value
GSE135893,broad,consensus,core,IL1B,ADRB2,macrophages,__broad__,AT2,__broad__,50,2.0,6,8,0.13873526846262418,0.4996063991801236,-0.22213586225487614,-0.11081107033253446,0.46323881149312474,descriptive_no_p_value
GSE135893,broad,consensus,core,IL1B,ADRB2,AT2,__broad__,fibroblasts,__broad__,50,2.0,3,3,1.5584889942433846,1.456973232173405,1.660004756313364,1.0179308303593888,2.3521301100115486,descriptive_no_p_value
GSE135893,broad,consensus,core,IL1B,SIGIRR,macrophages,__broad__,fibroblasts,__broad__,50,2.0,3,7,0.9104094050560478,2.071159599120218,-0.2503407890081215,0.427359036991219,1.439312666667897,descriptive_no_p_value
GSE135893,broad,consensus,core,IL1B,SIGIRR,macrophages,__broad__,AT2,__broad__,50,2.0,6,8,0.08177520374727631,0.4996063991801236,-0.33605599168557365,-0.08565074173202092,0.3290897605743357,descriptive_no_p_value
GSE135893,broad,consensus,core,IL1B,SIGIRR,AT2,__broad__,fibroblasts,__broad__,50,2.0,3,3,0.3752722793893768,1.456973232173405,-0.706428673394651,-0.10322112116250226,0.8416523652413725,descriptive_no_p_value
GSE135893,broad,consensus,exploratory,CCL2,CCR1,fibroblasts,__broad__,macrophages,__broad__,50,2.0,3,7,1.883457910919458,2.7622788924616337,1.004636929377284,1.4214265717915628,2.40821397682119,descriptive_no_p_value
GSE135893,broad,consensus,exploratory,CCL2,CCR2,fibroblasts,__broad__,macrophages,__broad__,50,2.0,3,7,2.0333814308251688,2.7622788924616337,1.304483969188707,1.0763619892008087,2.711251760578992,descriptive_no_p_value
GSE135893,broad,consensus,exploratory,CCL2,CCR10,fibroblasts,__broad__,macrophages,__broad__,50,2.0,3,7,1.5839867524502873,2.7622788924616337,0.40569461243894256,1.3221786929444903,1.8199081990732902,descriptive_no_p_value
GSE135893,broad,consensus,exploratory,CCL2,CCR3,fibroblasts,__broad__,macrophages,__broad__,50,2.0,3,7,1.3951039592016468,2.7622788924616337,0.027929025941661134,0.9317485190569146,1.745906824026147,descriptive_no_p_value
GSE135893,broad,consensus,exploratory,CCL2,CCR4,fibroblasts,__broad__,macrophages,__broad__,50,2.0,3,7,1.4232883979643054,2.7622788924616337,0.08429790346697885,0.9599329578195732,1.7740912627888057,descriptive_no_p_value
GSE135893,broad,consensus,exploratory,CCL2,CCR5,fibroblasts,__broad__,macrophages,__broad__,50,2.0,3,7,2.0399983374697843,2.7622788924616337,1.317717782477939,1.4865267448094324,2.6923794641857777,descriptive_no_p_value
GSE135893,broad,consensus,exploratory,CCL2,ACKR1,fibroblasts,__broad__,macrophages,__broad__,50,2.0,3,7,2.7482662681860983,2.7622788924616337,2.734253643910564,2.4964920054860675,3.020452754902908,descriptive_no_p_value
GSE135893,broad,consensus,exploratory,CCL2,ACKR4,fibroblasts,__broad__,macrophages,__broad__,50,2.0,3,7,1.2579863754801246,2.7622788924616337,-0.24630614150138452,0.854119730864622,1.490669506733382,descriptive_no_p_value
GSE135893,broad,consensus,core,AREG,EGFR_ERBB2,macrophages,__broad__,fibroblasts,__broad__,50,2.0,3,7,0.732114588869913,1.8428017108537622,-0.3785725331139371,0.04305507294787958,1.1384690590507391,descriptive_no_p_value
GSE135893,broad,consensus,core,AREG,EGFR_ERBB2,AT2,__broad__,fibroblasts,__broad__,50,2.0,3,3,1.0890996898836969,2.52145504909486,-0.3432556693274673,0.7837247362924371,1.5034798612638518,descriptive_no_p_value
GSE135893,broad,consensus,core,AREG,ERBB3,macrophages,__broad__,fibroblasts,__broad__,50,2.0,3,7,0.4172053318401874,1.8428017108537622,-1.0083910471733861,-0.3296316846636911,0.8730581476673018,descriptive_no_p_value
GSE135893,broad,consensus,core,AREG,ERBB3,AT2,__broad__,fibroblasts,__broad__,50,2.0,3,3,0.9498541706152164,2.52145504909486,-0.6217467078644281,0.792760934971156,1.1236956925090054,descriptive_no_p_value
GSE135893,broad,consensus,exploratory,FGF7,NRP1,fibroblasts,__broad__,AT2,__broad__,50,2.0,3,3,1.0930166740921,1.4965720400553622,0.6894613081288372,0.7947534380358912,1.6380593990056527,descriptive_no_p_value
GSE135893,broad,consensus,exploratory,FGF7,FGFR1,fibroblasts,__broad__,AT2,__broad__,50,2.0,3,3,1.0448393006741403,1.4965720400553622,0.5931065612929176,0.7911148466930431,1.1872327972326664,descriptive_no_p_value
GSE135893,broad,consensus,exploratory,FGF7,FGFR2,fibroblasts,__broad__,AT2,__broad__,50,2.0,3,3,0.7792367082191536,1.4965720400553622,0.061901376382940576,0.5370874482440939,1.1625424885181532,descriptive_no_p_value
GSE135893,broad,consensus,exploratory,FGF7,FGFR4,fibroblasts,__broad__,AT2,__broad__,50,2.0,3,3,0.4769132765113895,1.4965720400553622,-0.542745487032585,0.2806186023337407,0.7316882486254896,descriptive_no_p_value
GSE135893,broad,consensus,exploratory,FGF7,FGFR3,fibroblasts,__broad__,AT2,__broad__,50,2.0,3,3,0.675706326556365,1.4965720400553622,-0.14515938694263353,0.2826314002469541,1.1922990742569706,descriptive_no_p_value
GSE135893,broad,consensus,exploratory,CXCL12,CD4,fibroblasts,__broad__,macrophages,__broad__,50,2.0,3,7,1.3988432773056871,2.306104048059284,0.491582506552092,1.182960427099765,1.6726232516679023,descriptive_no_p_value
GSE135893,broad,consensus,exploratory,CXCL12,ITGB3,fibroblasts,__broad__,macrophages,__broad__,50,2.0,3,7,2.089310622906761,2.306104048059284,1.8725171977542374,1.8305484874587137,2.5691267611631585,descriptive_no_p_value
GSE135893,broad,consensus,exploratory,CXCL12,ITGB1,fibroblasts,__broad__,macrophages,__broad__,50,2.0,3,7,1.4080008840556157,2.306104048059284,0.5098977200519483,1.279583543938017,1.5895077546184275,descriptive_no_p_value
GSE135893,broad,consensus,exploratory,CXCL12,ITGAV,fibroblasts,__broad__,macrophages,__broad__,50,2.0,3,7,1.57283846149455,2.306104048059284,0.8395728749298144,1.3888661785812069,1.8326424502749017,descriptive_no_p_value
GSE135893,broad,consensus,exploratory,CXCL12,ITGA5,fibroblasts,__broad__,macrophages,__broad__,50,2.0,3,7,1.5154509805302308,2.306104048059284,0.7247979130011757,1.305241431698759,1.801689567908654,descriptive_no_p_value
GSE135893,broad,consensus,exploratory,CXCL12,ITGA4,fibroblasts,__broad__,macrophages,__broad__,50,2.0,3,7,1.2050030699902843,2.306104048059284,0.10390209192128541,0.8696534313463955,1.414132552945401,descriptive_no_p_value
GSE135893,broad,consensus,exploratory,CXCL12,ACKR3,fibroblasts,__broad__,macrophages,__broad__,50,2.0,3,7,1.1524173305079346,2.306104048059284,-0.001269387043414394,0.9147461578760252,1.3927640607269476,descriptive_no_p_value
GSE135893,broad,consensus,exploratory,CXCL12,AVPR1A,fibroblasts,__broad__,macrophages,__broad__,50,2.0,3,7,1.2774625199298855,2.306104048059284,0.24882099180048645,1.1030912412909017,1.4357684751486346,descriptive_no_p_value
GSE135893,broad,consensus,exploratory,CXCL12,MTNR1A,fibroblasts,__broad__,macrophages,__broad__,50,2.0,3,7,1.1530520240296431,2.306104048059284,8.881784197001252e-16,1.0000757406780654,1.3576966652794182,descriptive_no_p_value
GSE135893,broad,consensus,exploratory,CXCL12,CXCR3,fibroblasts,__broad__,macrophages,__broad__,50,2.0,3,7,1.379144281767886,2.306104048059284,0.45218451547648686,1.1000392363111224,1.8795702623018773,descriptive_no_p_value
GSE135893,broad,consensus,exploratory,CXCL12,CCR4,fibroblasts,__broad__,macrophages,__broad__,50,2.0,3,7,1.195200975763132,2.306104048059284,0.08429790346697885,1.0129734921971116,1.3705944167984643,descriptive_no_p_value
GSE135893,broad,consensus,exploratory,CXCL12,CXCR4,fibroblasts,__broad__,macrophages,__broad__,50,2.0,3,7,1.4130080479372458,2.306104048059284,0.5199120478152048,1.2683259195424093,1.6219310912994835,descriptive_no_p_value
GSE135893,broad,consensus,exploratory,CXCL12,GRM7,fibroblasts,__broad__,macrophages,__broad__,50,2.0,3,7,1.308943124892756,2.306104048059284,0.3117822017262264,1.124372385070575,1.5135877661425312,descriptive_no_p_value
GSE135893,broad,consensus,core,HBEGF,EGFR_ERBB2,macrophages,__broad__,fibroblasts,__broad__,50,2.0,3,7,0.42393960900101035,1.2264517511159578,-0.3785725331139371,0.29131822750587855,0.4986992682282638,descriptive_no_p_value
GSE135893,broad,consensus,core,HBEGF,EGFR_ERBB2,AT2,__broad__,fibroblasts,__broad__,50,2.0,3,3,1.4745955102868842,3.2924466899012335,-0.3432556693274673,1.1439767447871678,1.8898516960194285,descriptive_no_p_value
GSE135893,broad,consensus,core,HBEGF,ERBB2_ERBB4,macrophages,__broad__,fibroblasts,__broad__,50,2.0,3,7,1.0713048533030332,1.2264517511159578,0.9161579554901093,0.9434476886143495,1.3149522515406096,descriptive_no_p_value
GSE135893,broad,consensus,core,HBEGF,ERBB2_ERBB4,AT2,__broad__,fibroblasts,__broad__,50,2.0,3,3,2.2250537286006296,3.2924466899012335,1.1576607673000257,1.741073237103463,2.7782987520495284,descriptive_no_p_value
GSE135893,broad,consensus,core,HBEGF,CD44,macrophages,__broad__,fibroblasts,__broad__,50,2.0,3,7,0.8491738330345608,1.2264517511159578,0.47189591495316385,0.6866472126549779,1.0388566525039105,descriptive_no_p_value
GSE135893,broad,consensus,core,HBEGF,CD44,AT2,__broad__,fibroblasts,__broad__,50,2.0,3,3,1.9663119183216828,3.2924466899012335,0.6401771467421336,1.456505464260399,2.498494454384872,descriptive_no_p_value
GSE135893,broad,consensus,core,HBEGF,PRLR,macrophages,__broad__,fibroblasts,__broad__,50,2.0,3,7,0.7361761275691467,1.2264517511159578,0.2459005040223341,0.5966481506415002,0.9798235258067232,descriptive_no_p_value
GSE135893,broad,consensus,core,HBEGF,PRLR,AT2,__broad__,fibroblasts,__broad__,50,2.0,3,3,1.5838825822045444,3.2924466899012335,-0.1246815254921449,1.1010077877511648,2.137127605653443,descriptive_no_p_value
GSE135893,broad,consensus,exploratory,CCL2,ACKR2,fibroblasts,__broad__,macrophages,__broad__,50,2.0,3,7,1.2038340610175209,2.7622788924616337,-0.3546107704265913,0.8920072522399729,1.3887937910421533,descriptive_no_p_value
GSE135893,broad,consensus,exploratory,CXCL12,DPP4,fibroblasts,__broad__,macrophages,__broad__,50,2.0,3,7,2.3067362395591355,2.306104048059284,2.307368431058988,2.087507130715495,2.530413220673332,descriptive_no_p_value
GSE135893,broad,consensus,core,TGFB1,ENG,macrophages,__broad__,fibroblasts,__broad__,50,2.0,3,7,-0.0816697813899383,-0.27813842139000133,0.11479885861012562,-0.13966386442945034,-0.005345174574822309,descriptive_no_p_value
GSE135893,broad,consensus,core,HBEGF,CD9,macrophages,__broad__,fibroblasts,__broad__,50,2.0,3,7,1.0529439062931019,1.2264517511159578,0.8794360614702486,0.776301728969317,1.5669340747044522,descriptive_no_p_value
GSE135893,broad,consensus,core,HBEGF,CD9,AT2,__broad__,fibroblasts,__broad__,50,2.0,3,3,2.1397617912035223,3.2924466899012335,0.9870768925058089,1.4960350529752509,2.9633495848261946,descriptive_no_p_value
GSE135893,broad,consensus,core,HBEGF,CD82,macrophages,__broad__,fibroblasts,__broad__,50,2.0,3,7,0.7672268530890607,1.2264517511159578,0.30800195506216266,0.597382552381311,0.9710393743016441,descriptive_no_p_value
GSE135893,broad,consensus,core,HBEGF,CD82,AT2,__broad__,fibroblasts,__broad__,50,2.0,3,3,1.9817739783301809,3.2924466899012335,0.6711012667591261,1.4448451167179464,2.3591571838348626,descriptive_no_p_value
GSE135893,broad,consensus,core,TGFB1,CAV1,macrophages,__broad__,fibroblasts,__broad__,50,2.0,3,7,0.15585496041105174,-0.27813842139000133,0.5898483422121075,0.04398116017197484,0.3291670261470836,descriptive_no_p_value
GSE135893,broad,consensus,exploratory,CXCL12,SDC4,fibroblasts,__broad__,macrophages,__broad__,50,2.0,3,7,1.6502981393980054,2.306104048059284,0.9944922307367268,1.4932343988022483,1.7579940040826196,descriptive_no_p_value
GSE135893,broad,consensus,core,TGFB1,LPP,macrophages,__broad__,fibroblasts,__broad__,50,2.0,3,7,0.29210419810997124,-0.27813842139000133,0.86234681760995,0.09518412850100066,0.4410201518303509,descriptive_no_p_value
GSE135893,broad,cellchatdb,core,IL1B,IL1R2,macrophages,__broad__,fibroblasts,__broad__,50,2.0,3,7,1.1278210557759278,2.071159599120218,0.1844825124316367,0.8968780233465599,1.5342668490405522,descriptive_no_p_value
GSE135893,broad,cellchatdb,core,IL1B,IL1R2,macrophages,__broad__,AT2,__broad__,50,2.0,6,8,0.09082234771873443,0.4996063991801236,-0.3179617037426542,-0.14795725849583397,0.33157824684896875,descriptive_no_p_value
GSE135893,broad,cellchatdb,core,IL1B,IL1R2,AT2,__broad__,fibroblasts,__broad__,50,2.0,3,3,0.9916281499512728,1.456973232173405,0.5262830677291401,0.4117759701083742,1.7834001284106193,descriptive_no_p_value
GSE135893,broad,cellchatdb,core,AREG,EGFR,macrophages,__broad__,fibroblasts,__broad__,50,2.0,3,7,0.933638221089292,1.8428017108537622,0.024474731324823473,0.1323912460836123,1.4475648332966067,descriptive_no_p_value
GSE135893,broad,cellchatdb,core,AREG,EGFR,AT2,__broad__,fibroblasts,__broad__,50,2.0,3,3,1.2610385306689231,2.52145504909486,0.0006220122429878572,0.7001081666477154,1.6093458194950374,descriptive_no_p_value
GSE135893,broad,cellchatdb,core,HBEGF,EGFR,macrophages,__broad__,fibroblasts,__broad__,50,2.0,3,7,0.6254632412203911,1.2264517511159578,0.024474731324823473,0.46787345550065496,0.7942825205802766,descriptive_no_p_value
GSE135893,broad,cellchatdb,core,HBEGF,EGFR,AT2,__broad__,fibroblasts,__broad__,50,2.0,3,3,1.6465343510721109,3.2924466899012335,0.0006220122429878572,1.2351753420124156,1.9957176542506145,descriptive_no_p_value
GSE135893,broad,cellchatdb,exploratory,FGF7,FGFR2,fibroblasts,__broad__,AT2,__broad__,50,2.0,3,3,0.7792367082191536,1.4965720400553622,0.061901376382940576,0.5370874482440939,1.1625424885181532,descriptive_no_p_value
GSE135893,broad,cellchatdb,exploratory,FGF10,FGFR2,fibroblasts,__broad__,AT2,__broad__,50,2.0,3,3,0.9350054404796104,1.80810950457628,0.061901376382940576,0.4982893689940484,1.1688696043354634,descriptive_no_p_value
GSE135893,broad,cellchatdb,core,HBEGF,ERBB4,macrophages,__broad__,fibroblasts,__broad__,50,2.0,3,7,1.0713048533030332,1.2264517511159578,0.9161579554901093,0.9434476886143495,1.3149522515406096,descriptive_no_p_value
GSE135893,broad,cellchatdb,core,HBEGF,ERBB4,AT2,__broad__,fibroblasts,__broad__,50,2.0,3,3,2.2250537286006296,3.2924466899012335,1.1576607673000257,1.741073237103463,2.7782987520495284,descriptive_no_p_value
GSE135893,broad,cellchatdb,exploratory,CXCL12,ACKR3,fibroblasts,__broad__,macrophages,__broad__,50,2.0,3,7,1.1524173305079346,2.306104048059284,-0.001269387043414394,0.9147461578760252,1.3927640607269476,descriptive_no_p_value
GSE135893,broad,cellchatdb,exploratory,CCL2,CCR2,fibroblasts,__broad__,macrophages,__broad__,50,2.0,3,7,2.0333814308251688,2.7622788924616337,1.304483969188707,1.0763619892008087,2.711251760578992,descriptive_no_p_value
GSE135893,broad,cellchatdb,exploratory,CXCL12,CXCR4,fibroblasts,__broad__,macrophages,__broad__,50,2.0,3,7,1.4130080479372458,2.306104048059284,0.5199120478152048,1.2683259195424093,1.6219310912994835,descriptive_no_p_value
GSE135893,broad,cellchatdb,exploratory,CCL2,ACKR1,fibroblasts,__broad__,macrophages,__broad__,50,2.0,3,7,2.7482662681860983,2.7622788924616337,2.734253643910564,2.4964920054860675,3.020452754902908,descriptive_no_p_value
GSE135893,broad,cellchatdb,exploratory,CCL2,ACKR2,fibroblasts,__broad__,macrophages,__broad__,50,2.0,3,7,1.2038340610175209,2.7622788924616337,-0.3546107704265913,0.8920072522399729,1.3887937910421533,descriptive_no_p_value
GSE135893,broad,cellchatdb,core,IL1A,IL1R1_IL1RAP,macrophages,__broad__,fibroblasts,__broad__,50,2.0,3,7,0.5408160330487446,0.5155467767636788,0.5660852893338109,0.29243779851625185,0.9495543319729047,descriptive_no_p_value
GSE135893,broad,cellchatdb,core,IL1A,IL1R1_IL1RAP,macrophages,__broad__,AT2,__broad__,50,2.0,6,8,-0.2295240597858581,-0.15934974339141217,-0.2996983761803036,-0.5000668815882134,0.1828107155627805,descriptive_no_p_value
GSE135893,broad,cellchatdb,core,IL1A,IL1R1_IL1RAP,AT2,__broad__,fibroblasts,__broad__,50,2.0,3,3,0.5887440821625531,-0.08148991661645333,1.2589780809415596,0.36145695097739017,0.7565673336188348,descriptive_no_p_value
GSE135893,broad,cellchatdb,core,IL1B,IL1R1_IL1RAP,macrophages,__broad__,fibroblasts,__broad__,50,2.0,3,7,1.3186224442270156,2.071159599120218,0.5660852893338109,0.9830315998243133,1.9525360569744183,descriptive_no_p_value
GSE135893,broad,cellchatdb,core,IL1B,IL1R1_IL1RAP,macrophages,__broad__,AT2,__broad__,50,2.0,6,8,0.09995401149991068,0.4996063991801236,-0.2996983761803036,-0.1133628468605723,0.5666106101021997,descriptive_no_p_value
GSE135893,broad,cellchatdb,core,IL1B,IL1R1_IL1RAP,AT2,__broad__,fibroblasts,__broad__,50,2.0,3,3,1.3579756565574828,1.456973232173405,1.2589780809415596,0.6747565603661267,2.0510770802922367,descriptive_no_p_value
GSE135893,broad,cellchatdb,core,TGFB1,TGFBR1_TGFBR2,macrophages,__broad__,fibroblasts,__broad__,50,2.0,3,7,0.03807226769540506,-0.27813842139000133,0.3542829567808141,-0.17027503713021463,0.19072724505199545,descriptive_no_p_value
GSE135893,broad,cellchatdb,core,IL1A,IL1R2,macrophages,__broad__,fibroblasts,__broad__,50,2.0,3,7,0.35001464459765796,0.5155467767636788,0.1844825124316367,0.12243393780906175,0.6263828645045602,descriptive_no_p_value
GSE135893,broad,cellchatdb,core,IL1A,IL1R2,macrophages,__broad__,AT2,__broad__,50,2.0,6,8,-0.23865572356703313,-0.15934974339141217,-0.3179617037426542,-0.41329385227855586,0.01005373354840644,descriptive_no_p_value
GSE135893,broad,cellchatdb,core,IL1A,IL1R2,AT2,__broad__,fibroblasts,__broad__,50,2.0,3,3,0.22239657555634337,-0.08148991661645333,0.5262830677291401,0.09847636071963753,0.3805310100098175,descriptive_no_p_value
GSE135893,broad,cellchatdb,exploratory,FGF10,FGFR1,fibroblasts,__broad__,AT2,__broad__,50,2.0,3,3,1.2006080329345976,1.80810950457628,0.5931065612929176,1.0474419783315025,1.3918847465582682,descriptive_no_p_value
GSE135893,broad,cellchatdb,exploratory,FGF7,FGFR1,fibroblasts,__broad__,AT2,__broad__,50,2.0,3,3,1.0448393006741403,1.4965720400553622,0.5931065612929176,0.7911148466930431,1.1872327972326664,descriptive_no_p_value
GSE135893,broad,cellchatdb,core,TGFB1,ACVR1B_TGFBR2,macrophages,__broad__,fibroblasts,__broad__,50,2.0,3,7,0.5478519010722405,-0.27813842139000133,1.373842223534485,0.38040350313315496,0.7007290611498114,descriptive_no_p_value
GSE135893,broad,cellchatdb,core,TGFB1,ACVR1C_TGFBR2,macrophages,__broad__,fibroblasts,__broad__,50,2.0,3,7,-0.33246075998855895,-0.27813842139000133,-0.38678309858711574,-0.4946256070647306,-0.07018859857215398,descriptive_no_p_value
GSE135893,broad,cellchatdb,core,TGFB1,ACVR1_TGFBR1_TGFBR2,macrophages,__broad__,fibroblasts,__broad__,50,2.0,3,7,-0.07370264819921868,-0.27813842139000133,0.13073312499156842,-0.2405554090254629,0.12044687315674629,descriptive_no_p_value
GSE135893,broad,cellchatdb,core,AREG,EGFR_ERBB2,macrophages,__broad__,fibroblasts,__broad__,50,2.0,3,7,0.732114588869913,1.8428017108537622,-0.3785725331139371,0.04305507294787958,1.1384690590507391,descriptive_no_p_value
GSE135893,broad,cellchatdb,core,AREG,EGFR_ERBB2,AT2,__broad__,fibroblasts,__broad__,50,2.0,3,3,1.0890996898836969,2.52145504909486,-0.3432556693274673,0.7837247362924371,1.5034798612638518,descriptive_no_p_value
GSE135893,broad,cellchatdb,core,HBEGF,EGFR_ERBB2,macrophages,__broad__,fibroblasts,__broad__,50,2.0,3,7,0.42393960900101035,1.2264517511159578,-0.3785725331139371,0.29131822750587855,0.4986992682282638,descriptive_no_p_value
GSE135893,broad,cellchatdb,core,HBEGF,EGFR_ERBB2,AT2,__broad__,fibroblasts,__broad__,50,2.0,3,3,1.4745955102868842,3.2924466899012335,-0.3432556693274673,1.1439767447871678,1.8898516960194285,descriptive_no_p_value
GSE135893,broad,cellchatdb,core,HBEGF,ERBB2_ERBB4,macrophages,__broad__,fibroblasts,__broad__,50,2.0,3,7,1.0713048533030332,1.2264517511159578,0.9161579554901093,0.9434476886143495,1.3149522515406096,descriptive_no_p_value
GSE135893,broad,cellchatdb,core,HBEGF,ERBB2_ERBB4,AT2,__broad__,fibroblasts,__broad__,50,2.0,3,3,2.2250537286006296,3.2924466899012335,1.1576607673000257,1.741073237103463,2.7782987520495284,descriptive_no_p_value
GSE135893,subtype,consensus,core,IL1A,IL1R1_IL1RAP,macrophages,Macrophages,AT2,AT2,50,2.0,6,8,-0.23137757001292947,-0.16305676384555534,-0.2996983761803036,-0.4891850387623504,0.17068348100185649,descriptive_no_p_value
GSE135893,subtype,consensus,core,IL1A,IL1R2_IL1RAP,macrophages,Macrophages,AT2,AT2,50,2.0,6,8,-0.4182714645926737,-0.16305676384555534,-0.6734861653397918,-0.6055688446510579,-0.20096564844517306,descriptive_no_p_value
GSE135893,subtype,consensus,core,IL1B,IL1R1_IL1RAP,macrophages,Macrophages,AT2,AT2,50,2.0,6,8,0.10588413118389717,0.5114666385480975,-0.2996983761803036,-0.10115898570580484,0.5676643292142627,descriptive_no_p_value
GSE135893,subtype,consensus,core,IL1B,IL1R2_IL1RAP,macrophages,Macrophages,AT2,AT2,50,2.0,6,8,-0.08100976339584598,0.5114666385480975,-0.6734861653397918,-0.3233767488725787,0.15550312732580185,descriptive_no_p_value
GSE135893,subtype,consensus,core,IL1B,ADRB2,macrophages,Macrophages,AT2,AT2,50,2.0,6,8,0.14466538814661156,0.5114666385480975,-0.22213586225487614,-0.10895694640439935,0.4642925306051895,descriptive_no_p_value
GSE135893,subtype,consensus,core,IL1B,SIGIRR,macrophages,Macrophages,AT2,AT2,50,2.0,6,8,0.0877053234312628,0.5114666385480975,-0.33605599168557365,-0.08379661780388581,0.33014347968639957,descriptive_no_p_value
GSE135893,subtype,cellchatdb,core,IL1B,IL1R2,macrophages,Macrophages,AT2,AT2,50,2.0,6,8,0.09675246740272225,0.5114666385480975,-0.3179617037426542,-0.1456145180740105,0.3332653581243701,descriptive_no_p_value
GSE135893,subtype,cellchatdb,core,IL1A,IL1R1_IL1RAP,macrophages,Macrophages,AT2,AT2,50,2.0,6,8,-0.23137757001292947,-0.16305676384555534,-0.2996983761803036,-0.4891850387623504,0.17068348100185649,descriptive_no_p_value
GSE135893,subtype,cellchatdb,core,IL1B,IL1R1_IL1RAP,macrophages,Macrophages,AT2,AT2,50,2.0,6,8,0.10588413118389717,0.5114666385480975,-0.2996983761803036,-0.10115898570580484,0.5676643292142627,descriptive_no_p_value
GSE135893,subtype,cellchatdb,core,IL1A,IL1R2,macrophages,Macrophages,AT2,AT2,50,2.0,6,8,-0.24050923379410494,-0.16305676384555534,-0.3179617037426542,-0.412380653557317,0.0021911867531910767,descriptive_no_p_value
GSE135893,broad,consensus,exploratory,FGF10,FGFR1,fibroblasts,__broad__,AT2,__broad__,30,1.0,3,3,1.3163739440181108,2.0354579718614856,0.597289916174736,1.145963369569539,1.5293253085255167,descriptive_no_p_value
GSE135893,broad,consensus,exploratory,FGF10,FGFR2,fibroblasts,__broad__,AT2,__broad__,30,1.0,3,3,1.0486305367850113,2.0354579718614856,0.06180310170853698,0.5930167244620352,1.279508793815598,descriptive_no_p_value
GSE135893,broad,consensus,exploratory,FGF10,FGFRL1,fibroblasts,__broad__,AT2,__broad__,30,1.0,3,3,1.063145021160794,2.0354579718614856,0.09083207046010378,0.5033986059940609,1.5592861969821907,descriptive_no_p_value
GSE135893,broad,consensus,core,TGFB1,ITGAV_ITGB6,macrophages,__broad__,fibroblasts,__broad__,30,1.0,3,7,-0.04295008716575266,-0.2783100450385225,0.19240987070701726,-0.297368650622742,0.15909957927403173,descriptive_no_p_value
GSE135893,broad,consensus,core,TGFB1,ACVR1B_TGFBR2,macrophages,__broad__,fibroblasts,__broad__,30,1.0,3,7,0.6063795368929323,-0.2783100450385225,1.4910691188243876,0.4045195207814638,0.7692155211075375,descriptive_no_p_value
GSE135893,broad,consensus,core,TGFB1,TGFBR1_TGFBR2,macrophages,__broad__,fibroblasts,__broad__,30,1.0,3,7,0.0413356061030532,-0.2783100450385225,0.36098125724462804,-0.1715843566450337,0.19779437850916626,descriptive_no_p_value
GSE135893,broad,consensus,core,TGFB1,ACVR1_TGFBR1_TGFBR2,macrophages,__broad__,fibroblasts,__broad__,30,1.0,3,7,-0.07431927850294251,-0.2783100450385225,0.1296714880326384,-0.24443064721428254,0.12494808793991741,descriptive_no_p_value
GSE135893,broad,consensus,core,TGFB1,ACVR1_TGFBR2,macrophages,__broad__,fibroblasts,__broad__,30,1.0,3,7,-0.19812821301261963,-0.2783100450385225,-0.11794638098671495,-0.3679955365384888,-0.037935307880187175,descriptive_no_p_value
GSE135893,broad,consensus,core,TGFB1,ACVR1C_TGFBR2,macrophages,__broad__,fibroblasts,__broad__,30,1.0,3,7,-0.4274516347255779,-0.2783100450385225,-0.5765932244126326,-0.6451565036191953,-0.05413686247063865,descriptive_no_p_value
GSE135893,broad,consensus,core,TGFB1,EGFR,macrophages,__broad__,fibroblasts,__broad__,30,1.0,3,7,-0.12810428531667384,-0.2783100450385225,0.022101474405176624,-0.32147670122521177,0.02488669787845499,descriptive_no_p_value
GSE135893,broad,consensus,core,TGFB1,ITGB3,macrophages,__broad__,fibroblasts,__broad__,30,1.0,3,7,-0.0920965425767255,-0.2783100450385225,0.09411695988506974,-0.2678784328626449,0.16868921157426708,descriptive_no_p_value
GSE135893,broad,consensus,core,TGFB1,ITGB1,macrophages,__broad__,fibroblasts,__broad__,30,1.0,3,7,0.25149117156405776,-0.2783100450385225,0.7812923881666407,0.19791172289146974,0.3547336916777697,descriptive_no_p_value
GSE135893,broad,consensus,core,TGFB1,ITGB5,macrophages,__broad__,fibroblasts,__broad__,30,1.0,3,7,-0.22773119064033231,-0.2783100450385225,-0.17715233624214122,-0.2985488599575321,-0.1861723148070622,descriptive_no_p_value
GSE135893,broad,consensus,core,TGFB1,ITGB8,macrophages,__broad__,fibroblasts,__broad__,30,1.0,3,7,0.14082180484533513,-0.2783100450385225,0.5599536547291941,-0.19579939834206783,0.3906044796169743,descriptive_no_p_value
GSE135893,broad,consensus,core,TGFB1,SDC2,macrophages,__broad__,fibroblasts,__broad__,30,1.0,3,7,0.10024559864151783,-0.2783100450385225,0.4788012423215573,0.02219602142909949,0.20984384559561775,descriptive_no_p_value
GSE135893,broad,consensus,core,TGFB1,ACVRL1,macrophages,__broad__,fibroblasts,__broad__,30,1.0,3,7,-0.41270915066097125,-0.2783100450385225,-0.5471082562834209,-0.546871002032054,-0.27201829152481327,descriptive_no_p_value
GSE135893,broad,consensus,core,TGFB1,CXCR4,macrophages,__broad__,fibroblasts,__broad__,30,1.0,3,7,0.463342444853041,-0.2783100450385225,1.2049949347446054,0.1363012278596587,1.011670519472435,descriptive_no_p_value
GSE135893,broad,consensus,core,TGFB1,TGFBR3,macrophages,__broad__,fibroblasts,__broad__,30,1.0,3,7,-0.47918542914762874,-0.2783100450385225,-0.6800608132567367,-0.8270207430915555,-0.24991185969165297,descriptive_no_p_value
GSE135893,broad,consensus,core,TGFB1,VASN,macrophages,__broad__,fibroblasts,__broad__,30,1.0,3,7,-0.2568704846015022,-0.2783100450385225,-0.2354309241644792,-0.4539393444488544,-0.049775603470036955,descriptive_no_p_value
GSE135893,broad,consensus,core,IL1A,IL1R1_IL1RAP,macrophages,__broad__,fibroblasts,__broad__,30,1.0,3,7,0.5066695822434211,0.517222258238037,0.49611690624880467,0.24992952172962601,0.9471642212821001,descriptive_no_p_value
GSE135893,broad,consensus,core,IL1A,IL1R1_IL1RAP,macrophages,__broad__,AT2,__broad__,30,1.0,6,8,-0.30535351535699107,-0.19771748656628985,-0.4129895441476914,-0.5895091106772059,0.17032288002812734,descriptive_no_p_value
GSE135893,broad,consensus,core,IL1A,IL1R1_IL1RAP,AT2,__broad__,fibroblasts,__broad__,30,1.0,3,3,0.5883881682443032,-0.15115130079091976,1.3279276372795268,0.3542285354831599,0.7621776234377675,descriptive_no_p_value
GSE135893,broad,consensus,core,IL1A,IL1R2_IL1RAP,macrophages,__broad__,fibroblasts,__broad__,30,1.0,3,7,0.18047472761361605,0.517222258238037,-0.15627280301080537,-0.08868053489872563,0.4864436785514341,descriptive_no_p_value
GSE135893,broad,consensus,core,IL1A,IL1R2_IL1RAP,macrophages,__broad__,AT2,__broad__,30,1.0,6,8,-0.5783023979883836,-0.19771748656628985,-0.9588873094104773,-0.784407137997589,-0.3386103351236909,descriptive_no_p_value
GSE135893,broad,consensus,core,IL1A,IL1R2_IL1RAP,AT2,__broad__,fibroblasts,__broad__,30,1.0,3,3,0.23796102298079752,-0.15115130079091976,0.6270733467525149,0.09319421797666338,0.42627664628436834,descriptive_no_p_value
GSE135893,broad,consensus,core,IL1B,IL1R1_IL1RAP,macrophages,__broad__,fibroblasts,__broad__,30,1.0,3,7,1.2847649841031794,2.0734130619575533,0.49611690624880467,0.9432543417037742,1.930467221025844,descriptive_no_p_value
GSE135893,broad,consensus,core,IL1B,IL1R1_IL1RAP,macrophages,__broad__,AT2,__broad__,30,1.0,6,8,0.04353726120753443,0.5000640665627607,-0.4129895441476914,-0.1799705716568596,0.5703939801279585,descriptive_no_p_value
GSE135893,broad,consensus,core,IL1B,IL1R1_IL1RAP,AT2,__broad__,fibroblasts,__broad__,30,1.0,3,3,1.500925632779107,1.6739236282786867,1.3279276372795268,0.7269229464160928,2.3521208248506102,descriptive_no_p_value
GSE135893,broad,consensus,core,IL1B,IL1R2_IL1RAP,macrophages,__broad__,fibroblasts,__broad__,30,1.0,3,7,0.9585701294733737,2.0734130619575533,-0.15627280301080537,0.7280054236020916,1.3435825601699127,descriptive_no_p_value
GSE135893,broad,consensus,core,IL1B,IL1R2_IL1RAP,macrophages,__broad__,AT2,__broad__,30,1.0,6,8,-0.22941162142385796,0.5000640665627607,-0.9588873094104773,-0.5052546108124272,0.05851576510640788,descriptive_no_p_value
GSE135893,broad,consensus,core,IL1B,IL1R2_IL1RAP,AT2,__broad__,fibroblasts,__broad__,30,1.0,3,3,1.150498487515601,1.6739236282786867,0.6270733467525149,0.4658886289095959,2.129639125322996,descriptive_no_p_value
GSE135893,broad,consensus,core,IL1B,ADRB2,macrophages,__broad__,fibroblasts,__broad__,30,1.0,3,7,1.9651286410317268,2.0734130619575533,1.8568442201059008,1.7019364558361683,2.4536463617492545,descriptive_no_p_value
GSE135893,broad,consensus,core,IL1B,ADRB2,macrophages,__broad__,AT2,__broad__,30,1.0,6,8,0.13578584955010609,0.5000640665627607,-0.2284923674625503,-0.11478902819070669,0.4621048142415134,descriptive_no_p_value
GSE135893,broad,consensus,core,IL1B,ADRB2,AT2,__broad__,fibroblasts,__broad__,30,1.0,3,3,2.0337106859827436,1.6739236282786867,2.3934977436867997,1.3908292115620435,3.020021292501761,descriptive_no_p_value
GSE135893,broad,consensus,core,IL1B,SIGIRR,macrophages,__broad__,fibroblasts,__broad__,30,1.0,3,7,0.9094661485771436,2.0734130619575533,-0.2544807648032652,0.42336654195273926,1.4397681166592262,descriptive_no_p_value
GSE135893,broad,consensus,core,IL1B,SIGIRR,macrophages,__broad__,AT2,__broad__,30,1.0,6,8,0.08110407195819036,0.5000640665627607,-0.33785592264638176,-0.08656815479494906,0.32907971695597293,descriptive_no_p_value
GSE135893,broad,consensus,core,IL1B,SIGIRR,AT2,__broad__,fibroblasts,__broad__,30,1.0,3,3,0.4781111143716288,1.6739236282786867,-0.7177013995354287,-0.0855544322380224,1.0650960229904762,descriptive_no_p_value
GSE135893,broad,consensus,exploratory,CCL2,CCR1,fibroblasts,__broad__,macrophages,__broad__,30,1.0,3,7,1.8864429801819664,2.7664939606891608,1.0063919996747668,1.422952132627298,2.412429149029311,descriptive_no_p_value
GSE135893,broad,consensus,exploratory,CCL2,CCR2,fibroblasts,__broad__,macrophages,__broad__,30,1.0,3,7,2.0830860956113124,2.7664939606891608,1.3996782305334583,1.0745125567262477,2.787813367881157,descriptive_no_p_value
GSE135893,broad,consensus,exploratory,CCL2,CCR10,fibroblasts,__broad__,macrophages,__broad__,30,1.0,3,7,1.7134698595201208,2.7664939606891608,0.6604457583510766,1.295063200972824,2.023532482852526,descriptive_no_p_value
GSE135893,broad,consensus,exploratory,CCL2,CCR3,fibroblasts,__broad__,macrophages,__broad__,30,1.0,3,7,1.392320911227166,2.7664939606891608,0.018147861765168027,0.9040277683187221,1.7205302454910496,descriptive_no_p_value
GSE135893,broad,consensus,exploratory,CCL2,CCR4,fibroblasts,__broad__,macrophages,__broad__,30,1.0,3,7,1.4541163316507468,2.7664939606891608,0.14173870261233112,0.965823188742303,1.7823256659146305,descriptive_no_p_value
GSE135893,broad,consensus,exploratory,CCL2,CCR5,fibroblasts,__broad__,macrophages,__broad__,30,1.0,3,7,2.0478759264456734,2.7664939606891608,1.329257892202182,1.4915996804707659,2.7046432717215945,descriptive_no_p_value
GSE135893,broad,consensus,exploratory,CCL2,ACKR1,fibroblasts,__broad__,macrophages,__broad__,30,1.0,3,7,3.033347924483779,2.7664939606891608,3.3002018882783934,2.8674123415166997,3.3214375419973456,descriptive_no_p_value
GSE135893,broad,consensus,exploratory,CCL2,ACKR4,fibroblasts,__broad__,macrophages,__broad__,30,1.0,3,7,1.2230659653790994,2.7664939606891608,-0.32036202993096685,0.8519713439091898,1.5303965455192126,descriptive_no_p_value
GSE135893,broad,consensus,core,AREG,EGFR_ERBB2,macrophages,__broad__,fibroblasts,__broad__,30,1.0,3,7,0.7262711645169855,1.843692542183767,-0.3911502131497939,0.03629643358333734,1.1358911134807679,descriptive_no_p_value
GSE135893,broad,consensus,core,AREG,EGFR_ERBB2,AT2,__broad__,fibroblasts,__broad__,30,1.0,3,3,1.0843109158742745,2.52281610392608,-0.35419427217752997,0.7762017703238344,1.5003009428493828,descriptive_no_p_value
GSE135893,broad,consensus,core,AREG,ERBB3,macrophages,__broad__,fibroblasts,__broad__,30,1.0,3,7,0.14379855177878653,1.843692542183767,-1.5560954386261927,-0.6255063564200487,0.6212798153881973,descriptive_no_p_value
GSE135893,broad,consensus,core,AREG,ERBB3,AT2,__broad__,fibroblasts,__broad__,30,1.0,3,3,0.7539752459138125,2.52281610392608,-1.0148656120984563,0.5972958987712165,0.9493171386099819,descriptive_no_p_value
GSE135893,broad,consensus,exploratory,FGF7,NRP1,fibroblasts,__broad__,AT2,__broad__,30,1.0,3,3,1.1070319674713591,1.4997417072115606,0.7143222277311585,0.8027104311961688,1.665374157014008,descriptive_no_p_value
GSE135893,broad,consensus,exploratory,FGF7,FGFR1,fibroblasts,__broad__,AT2,__broad__,30,1.0,3,3,1.0485158116931474,1.4997417072115606,0.597289916174736,0.793981808629618,1.1919726851580696,descriptive_no_p_value
GSE135893,broad,consensus,exploratory,FGF7,FGFR2,fibroblasts,__broad__,AT2,__broad__,30,1.0,3,3,0.7807724044600493,1.4997417072115606,0.06180310170853698,0.5380225921815027,1.1652685811480756,descriptive_no_p_value
GSE135893,broad,consensus,exploratory,FGF7,FGFR4,fibroblasts,__broad__,AT2,__broad__,30,1.0,3,3,0.31949018444463206,1.4997417072115606,-0.8607613383222972,0.059966092382001346,0.6222734048791909,descriptive_no_p_value
GSE135893,broad,consensus,exploratory,FGF7,FGFR3,fibroblasts,__broad__,AT2,__broad__,30,1.0,3,3,0.6736382367193468,1.4997417072115606,-0.1524652337728667,0.2765129854685773,1.1970726207229552,descriptive_no_p_value
GSE135893,broad,consensus,exploratory,CXCL12,CD4,fibroblasts,__broad__,macrophages,__broad__,30,1.0,3,7,1.403111086904051,2.314109682255391,0.492112491552712,1.186101479216351,1.6781857851248612,descriptive_no_p_value
GSE135893,broad,consensus,exploratory,CXCL12,ITGB3,fibroblasts,__broad__,macrophages,__broad__,30,1.0,3,7,2.272939564799229,2.314109682255391,2.2317694473430656,1.9142374867050136,2.8534221821655286,descriptive_no_p_value
GSE135893,broad,consensus,exploratory,CXCL12,ITGB1,fibroblasts,__broad__,macrophages,__broad__,30,1.0,3,7,1.4121044160261942,2.314109682255391,0.5100991497969947,1.2835663560153296,1.5948085294996925,descriptive_no_p_value
GSE135893,broad,consensus,exploratory,CXCL12,ITGAV,fibroblasts,__broad__,macrophages,__broad__,30,1.0,3,7,1.5778490738291264,2.314109682255391,0.8415884654028618,1.3927267531428305,1.8390485756024875,descriptive_no_p_value
GSE135893,broad,consensus,exploratory,CXCL12,ITGA5,fibroblasts,__broad__,macrophages,__broad__,30,1.0,3,7,1.5200539526760295,2.314109682255391,0.7259982230966715,1.308678971659357,1.80766650631909,descriptive_no_p_value
GSE135893,broad,consensus,exploratory,CXCL12,ITGA4,fibroblasts,__broad__,macrophages,__broad__,30,1.0,3,7,1.208269943479734,2.314109682255391,0.10243020470407949,0.8712469416181481,1.418716084811983,descriptive_no_p_value
GSE135893,broad,consensus,exploratory,CXCL12,ACKR3,fibroblasts,__broad__,macrophages,__broad__,30,1.0,3,7,1.1574066057827226,2.314109682255391,0.0007035293100545736,0.9183550388522521,1.3994427125127196,descriptive_no_p_value
GSE135893,broad,consensus,exploratory,CXCL12,AVPR1A,fibroblasts,__broad__,macrophages,__broad__,30,1.0,3,7,1.3163737838943605,2.314109682255391,0.3186378855333287,1.0930049845497432,1.442524563142713,descriptive_no_p_value
GSE135893,broad,consensus,exploratory,CXCL12,MTNR1A,fibroblasts,__broad__,macrophages,__broad__,30,1.0,3,7,1.1570548411276944,2.314109682255391,-2.220446049250313e-15,1.0030347895869278,1.3629083360398753,descriptive_no_p_value
GSE135893,broad,consensus,exploratory,CXCL12,CXCR3,fibroblasts,__broad__,macrophages,__broad__,30,1.0,3,7,1.3871894083820249,2.314109682255391,0.4602691345086598,1.051732777612986,1.9446641770532858,descriptive_no_p_value
GSE135893,broad,consensus,exploratory,CXCL12,CCR4,fibroblasts,__broad__,macrophages,__broad__,30,1.0,3,7,1.2279241924338604,2.314109682255391,0.14173870261233112,1.0211442307817153,1.3810177772346628,descriptive_no_p_value
GSE135893,broad,consensus,exploratory,CXCL12,CXCR4,fibroblasts,__broad__,macrophages,__broad__,30,1.0,3,7,1.4171909424635478,2.314109682255391,0.5202722026717046,1.2723962432252227,1.6261135487225964,descriptive_no_p_value
GSE135893,broad,consensus,exploratory,CXCL12,GRM7,fibroblasts,__broad__,macrophages,__broad__,30,1.0,3,7,1.3869485456993818,2.314109682255391,0.4597874091433729,1.1487746347676586,1.5928020406115626,descriptive_no_p_value
GSE135893,broad,consensus,core,HBEGF,EGFR_ERBB2,macrophages,__broad__,fibroblasts,__broad__,30,1.0,3,7,0.4179216227265439,1.2269934586028803,-0.3911502131497939,0.2826818713865755,0.4956971522441904,descriptive_no_p_value
GSE135893,broad,consensus,core,HBEGF,EGFR_ERBB2,AT2,__broad__,fibroblasts,__broad__,30,1.0,3,3,1.4961067472788865,3.3464077667353025,-0.35419427217752997,1.16562252163471,1.9143246198791446,descriptive_no_p_value
GSE135893,broad,consensus,core,HBEGF,ERBB2_ERBB4,macrophages,__broad__,fibroblasts,__broad__,30,1.0,3,7,1.2756847226323358,1.2269934586028803,1.324375986661792,1.099827271858441,1.6153234986167977,descriptive_no_p_value
GSE135893,broad,consensus,core,HBEGF,ERBB2_ERBB4,AT2,__broad__,fibroblasts,__broad__,30,1.0,3,3,2.5065089279066486,3.3464077667353025,1.6666100890779945,1.9589989492837798,3.167221556119744,descriptive_no_p_value
GSE135893,broad,consensus,core,HBEGF,CD44,macrophages,__broad__,fibroblasts,__broad__,30,1.0,3,7,0.8501706458213896,1.2269934586028803,0.4733478330399006,0.6870998841404612,1.040339480793901,descriptive_no_p_value
GSE135893,broad,consensus,core,HBEGF,CD44,AT2,__broad__,fibroblasts,__broad__,30,1.0,3,3,1.9943366373751532,3.3464077667353025,0.6422655080150044,1.4831172955405396,2.528444000483635,descriptive_no_p_value
GSE135893,broad,consensus,core,HBEGF,PRLR,macrophages,__broad__,fibroblasts,__broad__,30,1.0,3,7,0.7979803566808941,1.2269934586028803,0.36896725475890857,0.6221229059069993,1.137619132665356,descriptive_no_p_value
GSE135893,broad,consensus,core,HBEGF,PRLR,AT2,__broad__,fibroblasts,__broad__,30,1.0,3,3,1.5852028535053446,3.3464077667353025,-0.1760020597246136,1.0376928748824756,2.24591548171844,descriptive_no_p_value
GSE135893,broad,consensus,exploratory,CCL2,ACKR2,fibroblasts,__broad__,macrophages,__broad__,30,1.0,3,7,1.105133538596219,2.7664939606891608,-0.5562268834967257,0.85198122471165,1.2784720291050773,descriptive_no_p_value
GSE135893,broad,consensus,exploratory,CXCL12,DPP4,fibroblasts,__broad__,macrophages,__broad__,30,1.0,3,7,2.4874057474116,2.314109682255391,2.6607018125678086,2.124288781258624,2.728710024019852,descriptive_no_p_value
GSE135893,broad,consensus,core,TGFB1,ENG,macrophages,__broad__,fibroblasts,__broad__,30,1.0,3,7,-0.08162520958131392,-0.2783100450385225,0.11505962587589824,-0.13991815590425905,-0.0049692698716263806,descriptive_no_p_value
GSE135893,broad,consensus,core,HBEGF,CD9,macrophages,__broad__,fibroblasts,__broad__,30,1.0,3,7,1.0555775247912491,1.2269934586028803,0.8841615909796197,0.7778644007446429,1.5712906734655503,descriptive_no_p_value
GSE135893,broad,consensus,core,HBEGF,CD9,AT2,__broad__,fibroblasts,__broad__,30,1.0,3,3,2.1694017332941806,3.3464077667353025,0.9923956998530601,1.5079599558352719,3.0061887341971154,descriptive_no_p_value
GSE135893,broad,consensus,core,HBEGF,CD82,macrophages,__broad__,fibroblasts,__broad__,30,1.0,3,7,0.7659247868854804,1.2269934586028803,0.3048561151680822,0.5952528513586639,0.9734320376681787,descriptive_no_p_value
GSE135893,broad,consensus,core,HBEGF,CD82,AT2,__broad__,fibroblasts,__broad__,30,1.0,3,3,2.0106425903472216,3.3464077667353025,0.6748774139591385,1.4562420014081034,2.389463927140736,descriptive_no_p_value
GSE135893,broad,consensus,core,TGFB1,CAV1,macrophages,__broad__,fibroblasts,__broad__,30,1.0,3,7,0.15628836335897134,-0.2783100450385225,0.5908867717564661,0.04426843936925806,0.32988632340586577,descriptive_no_p_value
GSE135893,broad,consensus,exploratory,CXCL12,SDC4,fibroblasts,__broad__,macrophages,__broad__,30,1.0,3,7,1.6550248759188415,2.314109682255391,0.9959400695822911,1.497798184995074,1.7628424383088204,descriptive_no_p_value
GSE135893,broad,consensus,core,TGFB1,LPP,macrophages,__broad__,fibroblasts,__broad__,30,1.0,3,7,0.29469245545206935,-0.2783100450385225,0.8676949559426612,0.09652970458561416,0.4444222849957393,descriptive_no_p_value
GSE135893,broad,cellchatdb,core,IL1B,IL1R2,macrophages,__broad__,fibroblasts,__broad__,30,1.0,3,7,1.116353553797636,2.0734130619575533,0.1592940456377181,0.8857888479263538,1.501365984494175,descriptive_no_p_value
GSE135893,broad,cellchatdb,core,IL1B,IL1R2,macrophages,__broad__,AT2,__broad__,30,1.0,6,8,0.004343116520990176,0.5000640665627607,-0.491377833520781,-0.27149987286757904,0.292270503051256,descriptive_no_p_value
GSE135893,broad,cellchatdb,core,IL1B,IL1R2,AT2,__broad__,fibroblasts,__broad__,30,1.0,3,3,1.150498487515601,1.6739236282786867,0.6270733467525149,0.4658886289095959,2.129639125322996,descriptive_no_p_value
GSE135893,broad,cellchatdb,core,AREG,EGFR,macrophages,__broad__,fibroblasts,__broad__,30,1.0,3,7,0.9328970082944705,1.843692542183767,0.022101474405176624,0.12967474917464195,1.4484796041629684,descriptive_no_p_value
GSE135893,broad,cellchatdb,core,AREG,EGFR,AT2,__broad__,fibroblasts,__broad__,30,1.0,3,3,1.2595669253949495,2.52281610392608,-0.003682253136182645,0.6950932630822519,1.6064673719664073,descriptive_no_p_value
GSE135893,broad,cellchatdb,core,HBEGF,EGFR,macrophages,__broad__,fibroblasts,__broad__,30,1.0,3,7,0.624547466504028,1.2269934586028803,0.022101474405176624,0.4659332652022812,0.7952084629251601,descriptive_no_p_value
GSE135893,broad,cellchatdb,core,HBEGF,EGFR,AT2,__broad__,fibroblasts,__broad__,30,1.0,3,3,1.6713627567995601,3.3464077667353025,-0.003682253136182645,1.2434293471924551,2.020491048996168,descriptive_no_p_value
GSE135893,broad,cellchatdb,exploratory,FGF7,FGFR2,fibroblasts,__broad__,AT2,__broad__,30,1.0,3,3,0.7807724044600493,1.4997417072115606,0.06180310170853698,0.5380225921815027,1.1652685811480756,descriptive_no_p_value
GSE135893,broad,cellchatdb,exploratory,FGF10,FGFR2,fibroblasts,__broad__,AT2,__broad__,30,1.0,3,3,1.0486305367850113,2.0354579718614856,0.06180310170853698,0.5930167244620352,1.279508793815598,descriptive_no_p_value
GSE135893,broad,cellchatdb,core,HBEGF,ERBB4,macrophages,__broad__,fibroblasts,__broad__,30,1.0,3,7,1.2756847226323358,1.2269934586028803,1.324375986661792,1.099827271858441,1.6153234986167977,descriptive_no_p_value
GSE135893,broad,cellchatdb,core,HBEGF,ERBB4,AT2,__broad__,fibroblasts,__broad__,30,1.0,3,3,2.5065089279066486,3.3464077667353025,1.6666100890779945,1.9589989492837798,3.167221556119744,descriptive_no_p_value
GSE135893,broad,cellchatdb,exploratory,CXCL12,ACKR3,fibroblasts,__broad__,macrophages,__broad__,30,1.0,3,7,1.1574066057827226,2.314109682255391,0.0007035293100545736,0.9183550388522521,1.3994427125127196,descriptive_no_p_value
GSE135893,broad,cellchatdb,exploratory,CCL2,CCR2,fibroblasts,__broad__,macrophages,__broad__,30,1.0,3,7,2.0830860956113124,2.7664939606891608,1.3996782305334583,1.0745125567262477,2.787813367881157,descriptive_no_p_value
GSE135893,broad,cellchatdb,exploratory,CXCL12,CXCR4,fibroblasts,__broad__,macrophages,__broad__,30,1.0,3,7,1.4171909424635478,2.314109682255391,0.5202722026717046,1.2723962432252227,1.6261135487225964,descriptive_no_p_value
GSE135893,broad,cellchatdb,exploratory,CCL2,ACKR1,fibroblasts,__broad__,macrophages,__broad__,30,1.0,3,7,3.033347924483779,2.7664939606891608,3.3002018882783934,2.8674123415166997,3.3214375419973456,descriptive_no_p_value
GSE135893,broad,cellchatdb,exploratory,CCL2,ACKR2,fibroblasts,__broad__,macrophages,__broad__,30,1.0,3,7,1.105133538596219,2.7664939606891608,-0.5562268834967257,0.85198122471165,1.2784720291050773,descriptive_no_p_value
GSE135893,broad,cellchatdb,core,IL1A,IL1R1_IL1RAP,macrophages,__broad__,fibroblasts,__broad__,30,1.0,3,7,0.5066695822434211,0.517222258238037,0.49611690624880467,0.24992952172962601,0.9471642212821001,descriptive_no_p_value
GSE135893,broad,cellchatdb,core,IL1A,IL1R1_IL1RAP,macrophages,__broad__,AT2,__broad__,30,1.0,6,8,-0.30535351535699107,-0.19771748656628985,-0.4129895441476914,-0.5895091106772059,0.17032288002812734,descriptive_no_p_value
GSE135893,broad,cellchatdb,core,IL1A,IL1R1_IL1RAP,AT2,__broad__,fibroblasts,__broad__,30,1.0,3,3,0.5883881682443032,-0.15115130079091976,1.3279276372795268,0.3542285354831599,0.7621776234377675,descriptive_no_p_value
GSE135893,broad,cellchatdb,core,IL1B,IL1R1_IL1RAP,macrophages,__broad__,fibroblasts,__broad__,30,1.0,3,7,1.2847649841031794,2.0734130619575533,0.49611690624880467,0.9432543417037742,1.930467221025844,descriptive_no_p_value
GSE135893,broad,cellchatdb,core,IL1B,IL1R1_IL1RAP,macrophages,__broad__,AT2,__broad__,30,1.0,6,8,0.04353726120753443,0.5000640665627607,-0.4129895441476914,-0.1799705716568596,0.5703939801279585,descriptive_no_p_value
GSE135893,broad,cellchatdb,core,IL1B,IL1R1_IL1RAP,AT2,__broad__,fibroblasts,__broad__,30,1.0,3,3,1.500925632779107,1.6739236282786867,1.3279276372795268,0.7269229464160928,2.3521208248506102,descriptive_no_p_value
GSE135893,broad,cellchatdb,core,TGFB1,TGFBR1_TGFBR2,macrophages,__broad__,fibroblasts,__broad__,30,1.0,3,7,0.0413356061030532,-0.2783100450385225,0.36098125724462804,-0.1715843566450337,0.19779437850916626,descriptive_no_p_value
GSE135893,broad,cellchatdb,core,IL1A,IL1R2,macrophages,__broad__,fibroblasts,__broad__,30,1.0,3,7,0.33825815193787756,0.517222258238037,0.1592940456377181,0.09540012681291299,0.6705243402630727,descriptive_no_p_value
GSE135893,broad,cellchatdb,core,IL1A,IL1R2,macrophages,__broad__,AT2,__broad__,30,1.0,6,8,-0.34454766004353543,-0.19771748656628985,-0.491377833520781,-0.5506524000527409,-0.07146206318672166,descriptive_no_p_value
GSE135893,broad,cellchatdb,core,IL1A,IL1R2,AT2,__broad__,fibroblasts,__broad__,30,1.0,3,3,0.23796102298079752,-0.15115130079091976,0.6270733467525149,0.09319421797666338,0.42627664628436834,descriptive_no_p_value
GSE135893,broad,cellchatdb,exploratory,FGF10,FGFR1,fibroblasts,__broad__,AT2,__broad__,30,1.0,3,3,1.3163739440181108,2.0354579718614856,0.597289916174736,1.145963369569539,1.5293253085255167,descriptive_no_p_value
GSE135893,broad,cellchatdb,exploratory,FGF7,FGFR1,fibroblasts,__broad__,AT2,__broad__,30,1.0,3,3,1.0485158116931474,1.4997417072115606,0.597289916174736,0.793981808629618,1.1919726851580696,descriptive_no_p_value
GSE135893,broad,cellchatdb,core,TGFB1,ACVR1B_TGFBR2,macrophages,__broad__,fibroblasts,__broad__,30,1.0,3,7,0.6063795368929323,-0.2783100450385225,1.4910691188243876,0.4045195207814638,0.7692155211075375,descriptive_no_p_value
GSE135893,broad,cellchatdb,core,TGFB1,ACVR1C_TGFBR2,macrophages,__broad__,fibroblasts,__broad__,30,1.0,3,7,-0.4274516347255779,-0.2783100450385225,-0.5765932244126326,-0.6451565036191953,-0.05413686247063865,descriptive_no_p_value
GSE135893,broad,cellchatdb,core,TGFB1,ACVR1_TGFBR1_TGFBR2,macrophages,__broad__,fibroblasts,__broad__,30,1.0,3,7,-0.07431927850294251,-0.2783100450385225,0.1296714880326384,-0.24443064721428254,0.12494808793991741,descriptive_no_p_value
GSE135893,broad,cellchatdb,core,AREG,EGFR_ERBB2,macrophages,__broad__,fibroblasts,__broad__,30,1.0,3,7,0.7262711645169855,1.843692542183767,-0.3911502131497939,0.03629643358333734,1.1358911134807679,descriptive_no_p_value
GSE135893,broad,cellchatdb,core,AREG,EGFR_ERBB2,AT2,__broad__,fibroblasts,__broad__,30,1.0,3,3,1.0843109158742745,2.52281610392608,-0.35419427217752997,0.7762017703238344,1.5003009428493828,descriptive_no_p_value
GSE135893,broad,cellchatdb,core,HBEGF,EGFR_ERBB2,macrophages,__broad__,fibroblasts,__broad__,30,1.0,3,7,0.4179216227265439,1.2269934586028803,-0.3911502131497939,0.2826818713865755,0.4956971522441904,descriptive_no_p_value
GSE135893,broad,cellchatdb,core,HBEGF,EGFR_ERBB2,AT2,__broad__,fibroblasts,__broad__,30,1.0,3,3,1.4961067472788865,3.3464077667353025,-0.35419427217752997,1.16562252163471,1.9143246198791446,descriptive_no_p_value
GSE135893,broad,cellchatdb,core,HBEGF,ERBB2_ERBB4,macrophages,__broad__,fibroblasts,__broad__,30,1.0,3,7,1.2756847226323358,1.2269934586028803,1.324375986661792,1.099827271858441,1.6153234986167977,descriptive_no_p_value
GSE135893,broad,cellchatdb,core,HBEGF,ERBB2_ERBB4,AT2,__broad__,fibroblasts,__broad__,30,1.0,3,3,2.5065089279066486,3.3464077667353025,1.6666100890779945,1.9589989492837798,3.167221556119744,descriptive_no_p_value
GSE135893,subtype,consensus,core,TGFB1,ITGAV_ITGB6,macrophages,Macrophages,fibroblasts,Myofibroblasts,30,1.0,3,6,0.17998790911202756,-0.2216420496395637,0.5816178678636174,-0.00589448827649619,0.25700398758998544,descriptive_no_p_value
GSE135893,subtype,consensus,core,TGFB1,ACVR1B_TGFBR2,macrophages,Macrophages,fibroblasts,Myofibroblasts,30,1.0,3,6,0.6406286386264872,-0.2216420496395637,1.5028993268925377,0.2995586645312951,0.9526101650738727,descriptive_no_p_value
GSE135893,subtype,consensus,core,TGFB1,TGFBR1_TGFBR2,macrophages,Macrophages,fibroblasts,Myofibroblasts,30,1.0,3,6,0.14707377385093512,-0.2216420496395637,0.5157895973414348,-0.03067639010517098,0.2725115265898168,descriptive_no_p_value
GSE135893,subtype,consensus,core,TGFB1,ACVR1_TGFBR1_TGFBR2,macrophages,Macrophages,fibroblasts,Myofibroblasts,30,1.0,3,6,-0.004095402116537805,-0.2216420496395637,0.2134512454064872,-0.17480819691675364,0.1625619658078934,descriptive_no_p_value
GSE135893,subtype,consensus,core,TGFB1,ACVR1_TGFBR2,macrophages,Macrophages,fibroblasts,Myofibroblasts,30,1.0,3,6,-0.10956390093268631,-0.2216420496395637,0.0025142477741919578,-0.396775676217751,0.06444044371908486,descriptive_no_p_value
GSE135893,subtype,consensus,core,TGFB1,ACVR1C_TGFBR2,macrophages,Macrophages,fibroblasts,Myofibroblasts,30,1.0,3,6,-0.01738103335001817,-0.2216420496395637,0.18687998293952657,-0.10620515764330296,0.03551599990858323,descriptive_no_p_value
GSE135893,subtype,consensus,core,TGFB1,EGFR,macrophages,Macrophages,fibroblasts,Myofibroblasts,30,1.0,3,6,-0.19641600345451327,-0.2216420496395637,-0.17118995726946107,-0.39047541882625847,-0.05967599330104889,descriptive_no_p_value
GSE135893,subtype,consensus,core,TGFB1,ITGB3,macrophages,Macrophages,fibroblasts,Myofibroblasts,30,1.0,3,6,0.4923838933347131,-0.2216420496395637,1.2064098363089897,0.33278282088373334,0.7572636404317024,descriptive_no_p_value
GSE135893,subtype,consensus,core,TGFB1,ITGB1,macrophages,Macrophages,fibroblasts,Myofibroblasts,30,1.0,3,6,0.2582942694150079,-0.2216420496395637,0.7382305884695839,0.11627336142995937,0.37040073794382167,descriptive_no_p_value
GSE135893,subtype,consensus,core,TGFB1,ITGB5,macrophages,Macrophages,fibroblasts,Myofibroblasts,30,1.0,3,6,-0.00041201977703231307,-0.2216420496395637,0.22081801008550173,-0.17812306840009295,0.1651980431028317,descriptive_no_p_value
GSE135893,subtype,consensus,core,TGFB1,ITGB8,macrophages,Macrophages,fibroblasts,Myofibroblasts,30,1.0,3,6,0.8860281705960666,-0.2216420496395637,1.9936983908316948,0.547381518355814,1.0843127752927426,descriptive_no_p_value
GSE135893,subtype,consensus,core,TGFB1,SDC2,macrophages,Macrophages,fibroblasts,Myofibroblasts,30,1.0,3,6,0.223117029693908,-0.2216420496395637,0.6678761090273833,0.13556985835620328,0.3492481568417576,descriptive_no_p_value
GSE135893,subtype,consensus,core,TGFB1,ACVRL1,macrophages,Macrophages,fibroblasts,Myofibroblasts,30,1.0,3,6,-0.5447021072541256,-0.2216420496395637,-0.8677621648686866,-0.6714027961661113,-0.4114192432468533,descriptive_no_p_value
GSE135893,subtype,consensus,core,TGFB1,CXCR4,macrophages,Macrophages,fibroblasts,Myofibroblasts,30,1.0,3,6,0.1836795218617837,-0.2216420496395637,0.5890010933631302,-0.03607478004720832,0.5188194237089361,descriptive_no_p_value
GSE135893,subtype,consensus,core,TGFB1,TGFBR3,macrophages,Macrophages,fibroblasts,Myofibroblasts,30,1.0,3,6,-0.1906414125920577,-0.2216420496395637,-0.15964077554455347,-0.44628178689372433,-0.017909980234541933,descriptive_no_p_value
GSE135893,subtype,consensus,core,TGFB1,VASN,macrophages,Macrophages,fibroblasts,Myofibroblasts,30,1.0,3,6,0.004914314850118728,-0.2216420496395637,0.23147067933980203,-0.2877140683421562,0.3404536578256838,descriptive_no_p_value
GSE135893,subtype,consensus,core,IL1A,IL1R1_IL1RAP,macrophages,Macrophages,fibroblasts,Myofibroblasts,30,1.0,3,6,0.6987302455831523,0.0353744186338707,1.3620860725324362,0.21350672592460507,1.2750554931647013,descriptive_no_p_value
GSE135893,subtype,consensus,core,IL1A,IL1R1_IL1RAP,macrophages,Macrophages,AT2,AT2,30,1.0,6,8,-0.3060310212418935,-0.1990724983360943,-0.4129895441476914,-0.577323967828486,0.15887542096739704,descriptive_no_p_value
GSE135893,subtype,consensus,core,IL1A,IL1R2_IL1RAP,macrophages,Macrophages,fibroblasts,Myofibroblasts,30,1.0,3,6,-0.2910870482157697,0.0353744186338707,-0.617548515065411,-0.6555353142385485,0.04368769209424239,descriptive_no_p_value
GSE135893,subtype,consensus,core,IL1A,IL1R2_IL1RAP,macrophages,Macrophages,AT2,AT2,30,1.0,6,8,-0.5789799038732859,-0.1990724983360943,-0.9588873094104773,-0.7893709562145512,-0.3456964444640589,descriptive_no_p_value
GSE135893,subtype,consensus,core,IL1B,IL1R1_IL1RAP,macrophages,Macrophages,fibroblasts,Myofibroblasts,30,1.0,3,6,1.6494301995424108,1.9367743265523876,1.3620860725324362,1.0266765509058358,2.439812455877452,descriptive_no_p_value
GSE135893,subtype,consensus,core,IL1B,IL1R1_IL1RAP,macrophages,Macrophages,AT2,AT2,30,1.0,6,8,0.04952738263731149,0.5120443094223139,-0.4129895441476914,-0.1677035874167272,0.5714960615854885,descriptive_no_p_value
GSE135893,subtype,consensus,core,IL1B,IL1R2_IL1RAP,macrophages,Macrophages,fibroblasts,Myofibroblasts,30,1.0,3,6,0.6596129057434892,1.9367743265523876,-0.617548515065411,0.15763451074268264,1.2084446548069936,descriptive_no_p_value
GSE135893,subtype,consensus,core,IL1B,IL1R2_IL1RAP,macrophages,Macrophages,AT2,AT2,30,1.0,6,8,-0.22342149999408178,0.5120443094223139,-0.9588873094104773,-0.5028657727259289,0.060269002850261266,descriptive_no_p_value
GSE135893,subtype,consensus,core,IL1B,ADRB2,macrophages,Macrophages,fibroblasts,Myofibroblasts,30,1.0,3,6,1.4661068596337765,1.9367743265523876,0.9954393927151651,1.1861047994956326,1.9763881212578918,descriptive_no_p_value
GSE135893,subtype,consensus,core,IL1B,ADRB2,macrophages,Macrophages,AT2,AT2,30,1.0,6,8,0.14177597097988315,0.5120443094223139,-0.2284923674625503,-0.11288990994704573,0.4632068956990425,descriptive_no_p_value
GSE135893,subtype,consensus,core,IL1B,SIGIRR,macrophages,Macrophages,fibroblasts,Myofibroblasts,30,1.0,3,6,1.2104328057888196,1.9367743265523876,0.48409128502525256,0.5555559903084237,1.9487134832223365,descriptive_no_p_value
GSE135893,subtype,consensus,core,IL1B,SIGIRR,macrophages,Macrophages,AT2,AT2,30,1.0,6,8,0.08709419338796653,0.5120443094223139,-0.33785592264638176,-0.0846690365512881,0.33018179841350115,descriptive_no_p_value
GSE135893,subtype,consensus,exploratory,CCL2,CCR1,fibroblasts,Myofibroblasts,macrophages,Macrophages,30,1.0,3,6,1.4796670735702078,1.8759775250160935,1.0833566221243203,1.1356701660395565,2.052566727884189,descriptive_no_p_value
GSE135893,subtype,consensus,exploratory,CCL2,CCR2,fibroblasts,Myofibroblasts,macrophages,Macrophages,30,1.0,3,6,1.789716336998585,1.8759775250160935,1.7034551489810752,0.8468128292061152,2.5605814323296876,descriptive_no_p_value
GSE135893,subtype,consensus,exploratory,CCL2,CCR10,fibroblasts,Myofibroblasts,macrophages,Macrophages,30,1.0,3,6,1.2423085176689241,1.8759775250160935,0.6086395103217539,0.890307060629544,1.4269460398345841,descriptive_no_p_value
GSE135893,subtype,consensus,exploratory,CCL2,CCR3,fibroblasts,Myofibroblasts,macrophages,Macrophages,30,1.0,3,6,0.9670989372479468,1.8759775250160935,0.05822034947979837,0.6008950747073603,1.3330102487998574,descriptive_no_p_value
GSE135893,subtype,consensus,exploratory,CCL2,CCR4,fibroblasts,Myofibroblasts,macrophages,Macrophages,30,1.0,3,6,1.0426458985459792,1.8759775250160935,0.20931427207586317,0.6764420360053927,1.4085572100978898,descriptive_no_p_value
GSE135893,subtype,consensus,exploratory,CCL2,CCR5,fibroblasts,Myofibroblasts,macrophages,Macrophages,30,1.0,3,6,1.6141263907946337,1.8759775250160935,1.3522752565731748,1.1628066809002275,2.3342339298090122,descriptive_no_p_value
GSE135893,subtype,consensus,exploratory,CCL2,ACKR1,fibroblasts,Myofibroblasts,macrophages,Macrophages,30,1.0,3,6,2.499728064292049,1.8759775250160935,3.1234786035680036,2.318328652389014,2.7927395565935846,descriptive_no_p_value
GSE135893,subtype,consensus,exploratory,CCL2,ACKR4,fibroblasts,Myofibroblasts,macrophages,Macrophages,30,1.0,3,6,1.020058558595939,1.8759775250160935,0.1641395921757831,0.7120779780965729,1.2011122091316677,descriptive_no_p_value
GSE135893,subtype,consensus,core,AREG,EGFR_ERBB2,macrophages,Macrophages,fibroblasts,Myofibroblasts,30,1.0,3,6,1.2206888094365311,1.853221095868057,0.588156523005003,0.6540845572869296,1.7928879018207597,descriptive_no_p_value
GSE135893,subtype,consensus,core,AREG,ERBB3,macrophages,Macrophages,fibroblasts,Myofibroblasts,30,1.0,3,6,0.7782615687230612,1.853221095868057,-0.296697958421934,-0.03783498587926104,1.474440222284116,descriptive_no_p_value
GSE135893,subtype,consensus,exploratory,CXCL12,CD4,fibroblasts,Myofibroblasts,macrophages,Macrophages,30,1.0,3,6,1.0174789776551245,1.5604430649384895,0.47451489037175953,0.6375567050848678,1.391226208748888,descriptive_no_p_value
GSE135893,subtype,consensus,exploratory,CXCL12,ITGB3,fibroblasts,Myofibroblasts,macrophages,Macrophages,30,1.0,3,6,2.1454064370312693,1.5604430649384895,2.7303698091240474,1.465013535369235,2.824422058418907,descriptive_no_p_value
GSE135893,subtype,consensus,exploratory,CXCL12,ITGB1,fibroblasts,Myofibroblasts,macrophages,Macrophages,30,1.0,3,6,1.0425622845881897,1.5604430649384895,0.524681504237889,0.6676625973178707,1.3058171197816106,descriptive_no_p_value
GSE135893,subtype,consensus,exploratory,CXCL12,ITGAV,fibroblasts,Myofibroblasts,macrophages,Macrophages,30,1.0,3,6,1.2020364368171563,1.5604430649384895,0.8436298086958196,0.8017371078607134,1.5622848020429734,descriptive_no_p_value
GSE135893,subtype,consensus,exploratory,CXCL12,ITGA5,fibroblasts,Myofibroblasts,macrophages,Macrophages,30,1.0,3,6,1.1710503163229165,1.5604430649384895,0.7816575677073452,0.7704924098778694,1.5547404589932796,descriptive_no_p_value
GSE135893,subtype,consensus,exploratory,CXCL12,ITGA4,fibroblasts,Myofibroblasts,macrophages,Macrophages,30,1.0,3,6,1.066478305447121,1.5604430649384895,0.5725135459557533,0.8561854588053173,1.3482577593225527,descriptive_no_p_value
GSE135893,subtype,consensus,exploratory,CXCL12,ACKR3,fibroblasts,Myofibroblasts,macrophages,Macrophages,30,1.0,3,6,0.7804103661079234,1.5604430649384895,0.00037766727735677463,0.2025125021627998,1.2448597091589333,descriptive_no_p_value
GSE135893,subtype,consensus,exploratory,CXCL12,AVPR1A,fibroblasts,Myofibroblasts,macrophages,Macrophages,30,1.0,3,6,0.9301919381046035,1.5604430649384895,0.29994081127071714,0.568310890560596,1.2152647943135912,descriptive_no_p_value
GSE135893,subtype,consensus,exploratory,CXCL12,MTNR1A,fibroblasts,Myofibroblasts,macrophages,Macrophages,30,1.0,3,6,0.7802215324692456,1.5604430649384895,1.7763568394002505e-15,0.4183404849252381,1.0652943886782333,descriptive_no_p_value
GSE135893,subtype,consensus,exploratory,CXCL12,CXCR3,fibroblasts,Myofibroblasts,macrophages,Macrophages,30,1.0,3,6,1.1833865997742001,1.5604430649384895,0.8063301346099103,0.8161573288811157,1.4322424390136925,descriptive_no_p_value
GSE135893,subtype,consensus,exploratory,CXCL12,CCR4,fibroblasts,Myofibroblasts,macrophages,Macrophages,30,1.0,3,6,0.884878668507177,1.5604430649384895,0.20931427207586317,0.623982974109971,1.1194588481427636,descriptive_no_p_value
GSE135893,subtype,consensus,exploratory,CXCL12,CXCR4,fibroblasts,Myofibroblasts,macrophages,Macrophages,30,1.0,3,6,0.9577543662085146,1.5604430649384895,0.3550656674785371,0.7661360686914547,1.1223953215192068,descriptive_no_p_value
GSE135893,subtype,consensus,exploratory,CXCL12,GRM7,fibroblasts,Myofibroblasts,macrophages,Macrophages,30,1.0,3,6,0.8285885622018712,1.5604430649384895,0.09673405946525149,0.46670751465786364,1.1136614184108589,descriptive_no_p_value
GSE135893,subtype,consensus,core,HBEGF,EGFR_ERBB2,macrophages,Macrophages,fibroblasts,Myofibroblasts,30,1.0,3,6,0.9327519855322066,1.2773474480594098,0.588156523005003,0.5993897103337664,1.1214988019736412,descriptive_no_p_value
GSE135893,subtype,consensus,core,HBEGF,ERBB2_ERBB4,macrophages,Macrophages,fibroblasts,Myofibroblasts,30,1.0,3,6,0.8233324935637354,1.2773474480594098,0.36931753906806064,0.701867467748551,0.9627037183583136,descriptive_no_p_value
GSE135893,subtype,consensus,core,HBEGF,CD44,macrophages,Macrophages,fibroblasts,Myofibroblasts,30,1.0,3,6,0.6497698217326233,1.2773474480594098,0.02219219540583861,0.45412325058786873,0.9661274880746138,descriptive_no_p_value
GSE135893,subtype,consensus,core,HBEGF,PRLR,macrophages,Macrophages,fibroblasts,Myofibroblasts,30,1.0,3,6,0.7304086725709036,1.2773474480594098,0.18346989708239891,0.5590218657931398,1.0447789403925292,descriptive_no_p_value
GSE135893,subtype,consensus,exploratory,CCL2,ACKR2,fibroblasts,Myofibroblasts,macrophages,Macrophages,30,1.0,3,6,0.7011504842771679,1.8759775250160935,-0.4736765564617591,0.5539378342031345,0.8188173181032119,descriptive_no_p_value
GSE135893,subtype,consensus,exploratory,CXCL12,DPP4,fibroblasts,Myofibroblasts,macrophages,Macrophages,30,1.0,3,6,2.1075588850693086,1.5604430649384895,2.6546747052001276,1.8398119082708342,2.483724622396793,descriptive_no_p_value
GSE135893,subtype,consensus,core,TGFB1,ENG,macrophages,Macrophages,fibroblasts,Myofibroblasts,30,1.0,3,6,0.09411025054134114,-0.2216420496395637,0.40986255072224687,0.022933079824599467,0.19650630186214624,descriptive_no_p_value
GSE135893,subtype,consensus,core,HBEGF,CD9,macrophages,Macrophages,fibroblasts,Myofibroblasts,30,1.0,3,6,1.3696938946376624,1.2773474480594098,1.4620403412159177,1.1009858516726378,1.8723157595985604,descriptive_no_p_value
GSE135893,subtype,consensus,core,HBEGF,CD82,macrophages,Macrophages,fibroblasts,Myofibroblasts,30,1.0,3,6,0.8278905592097132,1.2773474480594098,0.3784336703600175,0.6367216581274509,0.9883306849466411,descriptive_no_p_value
GSE135893,subtype,consensus,core,TGFB1,CAV1,macrophages,Macrophages,fibroblasts,Myofibroblasts,30,1.0,3,6,0.2756959422187819,-0.2216420496395637,0.7730339340771248,0.17517107072531246,0.4447586405541344,descriptive_no_p_value
GSE135893,subtype,consensus,exploratory,CXCL12,SDC4,fibroblasts,Myofibroblasts,macrophages,Macrophages,30,1.0,3,6,1.1670132011147523,1.5604430649384895,0.7735833372910159,0.9092801030106452,1.3174856729727606,descriptive_no_p_value
GSE135893,subtype,consensus,core,TGFB1,LPP,macrophages,Macrophages,fibroblasts,Myofibroblasts,30,1.0,3,6,0.44725620039095304,-0.2216420496395637,1.1161544504214689,0.3395371183835554,0.6221698734910657,descriptive_no_p_value
GSE135893,subtype,cellchatdb,core,IL1B,IL1R2,macrophages,Macrophages,fibroblasts,Myofibroblasts,30,1.0,3,6,0.49420889319480743,1.9367743265523876,-0.9483565401627729,0.2753546995132412,0.9014785415986912,descriptive_no_p_value
GSE135893,subtype,cellchatdb,core,IL1B,IL1R2,macrophages,Macrophages,AT2,AT2,30,1.0,6,8,0.010333237950766794,0.5120443094223139,-0.491377833520781,-0.26911103478108034,0.29402374079510984,descriptive_no_p_value
GSE135893,subtype,cellchatdb,core,AREG,EGFR,macrophages,Macrophages,fibroblasts,Myofibroblasts,30,1.0,3,6,0.841015569299298,1.853221095868057,-0.17118995726946107,0.05061390123422349,1.3387943311666657,descriptive_no_p_value
GSE135893,subtype,cellchatdb,core,HBEGF,EGFR,macrophages,Macrophages,fibroblasts,Myofibroblasts,30,1.0,3,6,0.5530787453949735,1.2773474480594098,-0.17118995726946107,0.4927346819193268,0.6232738736351182,descriptive_no_p_value
GSE135893,subtype,cellchatdb,core,HBEGF,ERBB4,macrophages,Macrophages,fibroblasts,Myofibroblasts,30,1.0,3,6,0.8233324935637354,1.2773474480594098,0.36931753906806064,0.701867467748551,0.9627037183583136,descriptive_no_p_value
GSE135893,subtype,cellchatdb,exploratory,CXCL12,ACKR3,fibroblasts,Myofibroblasts,macrophages,Macrophages,30,1.0,3,6,0.7804103661079234,1.5604430649384895,0.00037766727735677463,0.2025125021627998,1.2448597091589333,descriptive_no_p_value
GSE135893,subtype,cellchatdb,exploratory,CCL2,CCR2,fibroblasts,Myofibroblasts,macrophages,Macrophages,30,1.0,3,6,1.789716336998585,1.8759775250160935,1.7034551489810752,0.8468128292061152,2.5605814323296876,descriptive_no_p_value
GSE135893,subtype,cellchatdb,exploratory,CXCL12,CXCR4,fibroblasts,Myofibroblasts,macrophages,Macrophages,30,1.0,3,6,0.9577543662085146,1.5604430649384895,0.3550656674785371,0.7661360686914547,1.1223953215192068,descriptive_no_p_value
GSE135893,subtype,cellchatdb,exploratory,CCL2,ACKR1,fibroblasts,Myofibroblasts,macrophages,Macrophages,30,1.0,3,6,2.499728064292049,1.8759775250160935,3.1234786035680036,2.318328652389014,2.7927395565935846,descriptive_no_p_value
GSE135893,subtype,cellchatdb,exploratory,CCL2,ACKR2,fibroblasts,Myofibroblasts,macrophages,Macrophages,30,1.0,3,6,0.7011504842771679,1.8759775250160935,-0.4736765564617591,0.5539378342031345,0.8188173181032119,descriptive_no_p_value
GSE135893,subtype,cellchatdb,core,IL1A,IL1R1_IL1RAP,macrophages,Macrophages,fibroblasts,Myofibroblasts,30,1.0,3,6,0.6987302455831523,0.0353744186338707,1.3620860725324362,0.21350672592460507,1.2750554931647013,descriptive_no_p_value
GSE135893,subtype,cellchatdb,core,IL1A,IL1R1_IL1RAP,macrophages,Macrophages,AT2,AT2,30,1.0,6,8,-0.3060310212418935,-0.1990724983360943,-0.4129895441476914,-0.577323967828486,0.15887542096739704,descriptive_no_p_value
GSE135893,subtype,cellchatdb,core,IL1B,IL1R1_IL1RAP,macrophages,Macrophages,fibroblasts,Myofibroblasts,30,1.0,3,6,1.6494301995424108,1.9367743265523876,1.3620860725324362,1.0266765509058358,2.439812455877452,descriptive_no_p_value
GSE135893,subtype,cellchatdb,core,IL1B,IL1R1_IL1RAP,macrophages,Macrophages,AT2,AT2,30,1.0,6,8,0.04952738263731149,0.5120443094223139,-0.4129895441476914,-0.1677035874167272,0.5714960615854885,descriptive_no_p_value
GSE135893,subtype,cellchatdb,core,TGFB1,TGFBR1_TGFBR2,macrophages,Macrophages,fibroblasts,Myofibroblasts,30,1.0,3,6,0.14707377385093512,-0.2216420496395637,0.5157895973414348,-0.03067639010517098,0.2725115265898168,descriptive_no_p_value
GSE135893,subtype,cellchatdb,core,IL1A,IL1R2,macrophages,Macrophages,fibroblasts,Myofibroblasts,30,1.0,3,6,-0.456491060764451,0.0353744186338707,-0.9483565401627729,-0.693447920971249,-0.2324994371518283,descriptive_no_p_value
GSE135893,subtype,cellchatdb,core,IL1A,IL1R2,macrophages,Macrophages,AT2,AT2,30,1.0,6,8,-0.34522516592843777,-0.1990724983360943,-0.491377833520781,-0.5556162182697031,-0.07854817252708962,descriptive_no_p_value
GSE135893,subtype,cellchatdb,core,TGFB1,ACVR1B_TGFBR2,macrophages,Macrophages,fibroblasts,Myofibroblasts,30,1.0,3,6,0.6406286386264872,-0.2216420496395637,1.5028993268925377,0.2995586645312951,0.9526101650738727,descriptive_no_p_value
GSE135893,subtype,cellchatdb,core,TGFB1,ACVR1C_TGFBR2,macrophages,Macrophages,fibroblasts,Myofibroblasts,30,1.0,3,6,-0.01738103335001817,-0.2216420496395637,0.18687998293952657,-0.10620515764330296,0.03551599990858323,descriptive_no_p_value
GSE135893,subtype,cellchatdb,core,TGFB1,ACVR1_TGFBR1_TGFBR2,macrophages,Macrophages,fibroblasts,Myofibroblasts,30,1.0,3,6,-0.004095402116537805,-0.2216420496395637,0.2134512454064872,-0.17480819691675364,0.1625619658078934,descriptive_no_p_value
GSE135893,subtype,cellchatdb,core,AREG,EGFR_ERBB2,macrophages,Macrophages,fibroblasts,Myofibroblasts,30,1.0,3,6,1.2206888094365311,1.853221095868057,0.588156523005003,0.6540845572869296,1.7928879018207597,descriptive_no_p_value
GSE135893,subtype,cellchatdb,core,HBEGF,EGFR_ERBB2,macrophages,Macrophages,fibroblasts,Myofibroblasts,30,1.0,3,6,0.9327519855322066,1.2773474480594098,0.588156523005003,0.5993897103337664,1.1214988019736412,descriptive_no_p_value
GSE135893,subtype,cellchatdb,core,HBEGF,ERBB2_ERBB4,macrophages,Macrophages,fibroblasts,Myofibroblasts,30,1.0,3,6,0.8233324935637354,1.2773474480594098,0.36931753906806064,0.701867467748551,0.9627037183583136,descriptive_no_p_value
GSE135893,broad,consensus,exploratory,FGF10,FGFR1,fibroblasts,__broad__,AT2,__broad__,30,0.5,3,3,1.3904733422465507,2.181541640606294,0.5994050438868079,1.2067087029731365,1.6159087242344916,descriptive_no_p_value
GSE135893,broad,consensus,exploratory,FGF10,FGFR2,fibroblasts,__broad__,AT2,__broad__,30,0.5,3,3,1.1216469871526606,2.181541640606294,0.061752333699025996,0.655504085631287,1.358972708041057,descriptive_no_p_value
GSE135893,broad,consensus,exploratory,FGF10,FGFRL1,fibroblasts,__broad__,AT2,__broad__,30,0.5,3,3,1.1359330685364484,2.181541640606294,0.09032449646660323,0.5624121721437507,1.6483557139716785,descriptive_no_p_value
GSE135893,broad,consensus,core,TGFB1,ITGAV_ITGB6,macrophages,__broad__,fibroblasts,__broad__,30,0.5,3,7,-0.04959779710842138,-0.2783959376251408,0.17920034340829782,-0.36340774668105524,0.2740118226604391,descriptive_no_p_value
GSE135893,broad,consensus,core,TGFB1,ACVR1B_TGFBR2,macrophages,__broad__,fibroblasts,__broad__,30,0.5,3,7,0.6416085519764945,-0.2783959376251408,1.5616130415781302,0.4175844966873905,0.8101490494935302,descriptive_no_p_value
GSE135893,broad,consensus,core,TGFB1,TGFBR1_TGFBR2,macrophages,__broad__,fibroblasts,__broad__,30,0.5,3,7,0.043025101832168566,-0.2783959376251408,0.36444614128947705,-0.17228939178039404,0.2014654181052613,descriptive_no_p_value
GSE135893,broad,consensus,core,TGFB1,ACVR1_TGFBR1_TGFBR2,macrophages,__broad__,fibroblasts,__broad__,30,0.5,3,7,-0.07475142292647963,-0.2783959376251408,0.12889309177217978,-0.24656823997119215,0.1271865699144623,descriptive_no_p_value
GSE135893,broad,consensus,core,TGFB1,ACVR1_TGFBR2,macrophages,__broad__,fibroblasts,__broad__,30,0.5,3,7,-0.20029479103177117,-0.2783959376251408,-0.12219364443839975,-0.37288880477541486,-0.03665364598015408,descriptive_no_p_value
GSE135893,broad,consensus,core,TGFB1,ACVR1C_TGFBR2,macrophages,__broad__,fibroblasts,__broad__,30,0.5,3,7,-0.5344203138133361,-0.2783959376251408,-0.7904446900015326,-0.8187027132037232,-0.027969213944448512,descriptive_no_p_value
GSE135893,broad,consensus,core,TGFB1,EGFR,macrophages,__broad__,fibroblasts,__broad__,30,0.5,3,7,-0.1287645138329907,-0.2783959376251408,0.020866909959159408,-0.32292158200634713,0.02494930667175055,descriptive_no_p_value
GSE135893,broad,consensus,core,TGFB1,ITGB3,macrophages,__broad__,fibroblasts,__broad__,30,0.5,3,7,-0.14166281756004562,-0.2783959376251408,-0.004929697494951313,-0.32780260341905176,0.18457224549309537,descriptive_no_p_value
GSE135893,broad,consensus,core,TGFB1,ITGB1,macrophages,__broad__,fibroblasts,__broad__,30,0.5,3,7,0.2516915735784986,-0.2783959376251408,0.7817790847821406,0.1980642247182871,0.3549907496160678,descriptive_no_p_value
GSE135893,broad,consensus,core,TGFB1,ITGB5,macrophages,__broad__,fibroblasts,__broad__,30,0.5,3,7,-0.22831955993678843,-0.2783959376251408,-0.17824318224843427,-0.2999046574325206,-0.18645022474399298,descriptive_no_p_value
GSE135893,broad,consensus,core,TGFB1,ITGB8,macrophages,__broad__,fibroblasts,__broad__,30,0.5,3,7,0.15585658513174927,-0.2783959376251408,0.5901091078886376,-0.19917666662351774,0.4155288411429998,descriptive_no_p_value
GSE135893,broad,consensus,core,TGFB1,SDC2,macrophages,__broad__,fibroblasts,__broad__,30,0.5,3,7,0.10064527642867471,-0.2783959376251408,0.479686490482492,0.022396566310676214,0.2106270974107609,descriptive_no_p_value
GSE135893,broad,consensus,core,TGFB1,ACVRL1,macrophages,__broad__,fibroblasts,__broad__,30,0.5,3,7,-0.418129919045656,-0.2783959376251408,-0.5578639004661721,-0.552932958161505,-0.27421142406797827,descriptive_no_p_value
GSE135893,broad,consensus,core,TGFB1,CXCR4,macrophages,__broad__,fibroblasts,__broad__,30,0.5,3,7,0.6048673758901373,-0.2783959376251408,1.4881306894054145,0.20095286768753073,1.306911931713751,descriptive_no_p_value
GSE135893,broad,consensus,core,TGFB1,TGFBR3,macrophages,__broad__,fibroblasts,__broad__,30,0.5,3,7,-0.4804859728384674,-0.2783959376251408,-0.6825760080517931,-0.8292371774257719,-0.2506362115285521,descriptive_no_p_value
GSE135893,broad,consensus,core,TGFB1,VASN,macrophages,__broad__,fibroblasts,__broad__,30,0.5,3,7,-0.25803846380632045,-0.2783959376251408,-0.2376809899875001,-0.45578548511267414,-0.04963783717048642,descriptive_no_p_value
GSE135893,broad,consensus,core,IL1A,IL1R1_IL1RAP,macrophages,__broad__,fibroblasts,__broad__,30,0.5,3,7,0.45564231842600744,0.518027403700823,0.39325723315118966,0.19433693684978826,0.9660032628584752,descriptive_no_p_value
GSE135893,broad,consensus,core,IL1A,IL1R1_IL1RAP,macrophages,__broad__,AT2,__broad__,30,0.5,6,8,-0.3755612976189706,-0.21920616039075713,-0.5319164348471841,-0.6711807749890155,0.1630742642948695,descriptive_no_p_value
GSE135893,broad,consensus,core,IL1A,IL1R1_IL1RAP,AT2,__broad__,fibroblasts,__broad__,30,0.5,3,3,0.5499677200740635,-0.2659834048186833,1.36591884496681,0.3121978193599776,0.7269187900338226,descriptive_no_p_value
GSE135893,broad,consensus,core,IL1A,IL1R2_IL1RAP,macrophages,__broad__,fibroblasts,__broad__,30,0.5,3,7,0.08802689734772273,0.518027403700823,-0.34197360900537777,-0.20536196393094897,0.44614762348761916,descriptive_no_p_value
GSE135893,broad,consensus,core,IL1A,IL1R2_IL1RAP,macrophages,__broad__,AT2,__broad__,30,0.5,6,8,-0.7505031462567341,-0.21920616039075713,-1.2818001321227106,-0.9996752607634906,-0.4977382163700764,descriptive_no_p_value
GSE135893,broad,consensus,core,IL1A,IL1R2_IL1RAP,AT2,__broad__,fibroblasts,__broad__,30,0.5,3,3,0.21472452390203467,-0.2659834048186833,0.6954324526227527,0.028396557378001952,0.4717949276724599,descriptive_no_p_value
GSE135893,broad,consensus,core,IL1B,IL1R1_IL1RAP,macrophages,__broad__,fibroblasts,__broad__,30,0.5,3,7,1.2338998193144173,2.0745424054776436,0.39325723315118966,0.8890818005192216,1.8861954340265337,descriptive_no_p_value
GSE135893,broad,consensus,core,IL1B,IL1R1_IL1RAP,macrophages,__broad__,AT2,__broad__,30,0.5,6,8,-0.01581179024078505,0.5002928543656138,-0.5319164348471841,-0.24890533710266727,0.5723612757395165,descriptive_no_p_value
GSE135893,broad,consensus,core,IL1B,IL1R1_IL1RAP,AT2,__broad__,fibroblasts,__broad__,30,0.5,3,3,1.6012805953807439,1.8366423457946768,1.36591884496681,0.7399640360458052,2.614686353319588,descriptive_no_p_value
GSE135893,broad,consensus,core,IL1B,IL1R2_IL1RAP,macrophages,__broad__,fibroblasts,__broad__,30,0.5,3,7,0.8662843982361332,2.0745424054776436,-0.34197360900537777,0.6365954120937998,1.2352554395665196,descriptive_no_p_value
GSE135893,broad,consensus,core,IL1B,IL1R2_IL1RAP,macrophages,__broad__,AT2,__broad__,30,0.5,6,8,-0.3907536388785484,0.5002928543656138,-1.2818001321227106,-0.708971887634712,-0.053813030133197604,descriptive_no_p_value
GSE135893,broad,consensus,core,IL1B,IL1R2_IL1RAP,AT2,__broad__,fibroblasts,__broad__,30,0.5,3,3,1.2660373992087148,1.8366423457946768,0.6954324526227527,0.4841464213344293,2.4271461384287027,descriptive_no_p_value
GSE135893,broad,consensus,core,IL1B,ADRB2,macrophages,__broad__,fibroblasts,__broad__,30,0.5,3,7,2.3157974123573797,2.0745424054776436,2.5570524192371153,2.0524366558082434,2.8046005690071283,descriptive_no_p_value
GSE135893,broad,consensus,core,IL1B,ADRB2,macrophages,__broad__,AT2,__broad__,30,0.5,6,8,0.13426414398657283,0.5002928543656138,-0.23176456639246723,-0.11683136295427765,0.4615085028387744,descriptive_no_p_value
GSE135893,broad,consensus,core,IL1B,ADRB2,AT2,__broad__,fibroblasts,__broad__,30,0.5,3,3,2.535873047780756,1.8366423457946768,3.235103749766835,1.7964510511992695,3.7087906061413207,descriptive_no_p_value
GSE135893,broad,consensus,core,IL1B,SIGIRR,macrophages,__broad__,fibroblasts,__broad__,30,0.5,3,7,0.9089638300035041,2.0745424054776436,-0.25661474547063623,0.42131184633308116,1.4399764079054336,descriptive_no_p_value
GSE135893,broad,consensus,core,IL1B,SIGIRR,macrophages,__broad__,AT2,__broad__,30,0.5,6,8,0.08076471487868808,0.5002928543656138,-0.3387634246082385,-0.08703107467064175,0.3290730246034128,descriptive_no_p_value
GSE135893,broad,consensus,core,IL1B,SIGIRR,AT2,__broad__,fibroblasts,__broad__,30,0.5,3,3,0.55656651183513,1.8366423457946768,-0.7235093221244169,-0.09146406305070487,1.2871809889819552,descriptive_no_p_value
GSE135893,broad,consensus,exploratory,CCL2,CCR1,fibroblasts,__broad__,macrophages,__broad__,30,0.5,3,7,1.8879418937777732,2.7686116686744207,1.0072721188811213,1.4237167112556506,2.414546140686559,descriptive_no_p_value
GSE135893,broad,consensus,exploratory,CCL2,CCR2,fibroblasts,__broad__,macrophages,__broad__,30,0.5,3,7,2.1135557591503664,2.7686116686744207,1.4584998496263122,1.0734817739502374,2.8345895988779706,descriptive_no_p_value
GSE135893,broad,consensus,exploratory,CCL2,CCR10,fibroblasts,__broad__,macrophages,__broad__,30,0.5,3,7,1.859077996771036,2.7686116686744207,0.9495443248676501,1.2791949609109556,2.2476505794806436,descriptive_no_p_value
GSE135893,broad,consensus,exploratory,CCL2,CCR3,fibroblasts,__broad__,macrophages,__broad__,30,0.5,3,7,1.373206710521553,2.7686116686744207,-0.02219824763131406,0.8476506479714248,1.66533228970926,descriptive_no_p_value
GSE135893,broad,consensus,exploratory,CCL2,CCR4,fibroblasts,__broad__,macrophages,__broad__,30,0.5,3,7,1.4935914906872954,2.7686116686744207,0.2185713127001705,0.968035428137167,1.7857170698750022,descriptive_no_p_value
GSE135893,broad,consensus,exploratory,CCL2,CCR5,fibroblasts,__broad__,macrophages,__broad__,30,0.5,3,7,2.05186224450613,2.7686116686744207,1.3351128203378377,1.4941663872881765,2.7108622848615367,descriptive_no_p_value
GSE135893,broad,consensus,exploratory,CCL2,ACKR1,fibroblasts,__broad__,macrophages,__broad__,30,0.5,3,7,3.294756954331646,2.7686116686744207,3.8209022399888704,3.150743172040042,3.5925411787022687,descriptive_no_p_value
GSE135893,broad,consensus,exploratory,CCL2,ACKR4,fibroblasts,__broad__,macrophages,__broad__,30,0.5,3,7,1.1969877789400738,2.7686116686744207,-0.3746361107942735,0.8757364996414472,1.5847022940352797,descriptive_no_p_value
GSE135893,broad,consensus,core,AREG,EGFR_ERBB2,macrophages,__broad__,fibroblasts,__broad__,30,0.5,3,7,0.7231832769462772,1.8441386964332382,-0.3977721425406848,0.032745913809744565,1.1345017497707346,descriptive_no_p_value
GSE135893,broad,consensus,core,AREG,EGFR_ERBB2,AT2,__broad__,fibroblasts,__broad__,30,0.5,3,3,1.0817784756038735,2.5234974466099844,-0.35994049540223605,0.7722284304575577,1.498615644342146,descriptive_no_p_value
GSE135893,broad,consensus,core,AREG,ERBB3,macrophages,__broad__,fibroblasts,__broad__,30,0.5,3,7,-0.18938393665524078,1.8441386964332382,-2.2229065697437207,-0.975248543526356,0.3035503308756562,descriptive_no_p_value
GSE135893,broad,consensus,core,AREG,ERBB3,AT2,__broad__,fibroblasts,__broad__,30,0.5,3,3,0.506212724522376,2.5234974466099844,-1.5110719975652327,0.256589232650259,0.7169434980405605,descriptive_no_p_value
GSE135893,broad,consensus,exploratory,FGF7,NRP1,fibroblasts,__broad__,AT2,__broad__,30,0.5,3,3,1.1145953414962255,1.5013327418339228,0.7278579411585282,0.8070369012764518,1.6800172573679015,descriptive_no_p_value
GSE135893,broad,consensus,exploratory,FGF7,FGFR1,fibroblasts,__broad__,AT2,__broad__,30,0.5,3,3,1.050368892860364,1.5013327418339228,0.5994050438868079,0.7954266515869728,1.1943634424249323,descriptive_no_p_value
GSE135893,broad,consensus,exploratory,FGF7,FGFR2,fibroblasts,__broad__,AT2,__broad__,30,0.5,3,3,0.7815425377664749,1.5013327418339228,0.061752333699025996,0.538490635393539,1.1666377102219716,descriptive_no_p_value
GSE135893,broad,consensus,exploratory,FGF7,FGFR4,fibroblasts,__broad__,AT2,__broad__,30,0.5,3,3,0.11106432035472613,1.5013327418339228,-1.2792041011244712,-0.26656550565763704,0.46781490969560835,descriptive_no_p_value
GSE135893,broad,consensus,exploratory,FGF7,FGFR3,fibroblasts,__broad__,AT2,__broad__,30,0.5,3,3,0.6725182682291795,1.5013327418339228,-0.15629620537556388,0.27330652020071344,1.1994884707008415,descriptive_no_p_value
GSE135893,broad,consensus,exploratory,CXCL12,CD4,fibroblasts,__broad__,macrophages,__broad__,30,0.5,3,7,1.4052597190751381,2.3181415078908314,0.492377930259444,1.1876808721927876,1.6809876355286857,descriptive_no_p_value
GSE135893,broad,consensus,exploratory,CXCL12,ITGB3,fibroblasts,__broad__,macrophages,__broad__,30,0.5,3,7,2.433093388563041,2.3181415078908314,2.5480452692352498,1.9529108996585727,3.114446280976288,descriptive_no_p_value
GSE135893,broad,consensus,exploratory,CXCL12,ITGB1,fibroblasts,__broad__,macrophages,__broad__,30,0.5,3,7,1.4141707171169076,2.3181415078908314,0.5101999263429846,1.2855721923991572,1.5974792231034831,descriptive_no_p_value
GSE135893,broad,consensus,exploratory,CXCL12,ITGAV,fibroblasts,__broad__,macrophages,__broad__,30,0.5,3,7,1.580370852916042,2.3181415078908314,0.8426001979412527,1.3946674607344365,1.8422743632940284,descriptive_no_p_value
GSE135893,broad,consensus,exploratory,CXCL12,ITGA5,fibroblasts,__broad__,macrophages,__broad__,30,0.5,3,7,1.5223707316744948,2.3181415078908314,0.7265999554581608,1.310407060417952,1.810676297454802,descriptive_no_p_value
GSE135893,broad,consensus,exploratory,CXCL12,ITGA4,fibroblasts,__broad__,macrophages,__broad__,30,0.5,3,7,1.209909390364607,2.3181415078908314,0.10167727283838257,0.872042186552596,1.4210201295258331,descriptive_no_p_value
GSE135893,broad,consensus,exploratory,CXCL12,ACKR3,fibroblasts,__broad__,macrophages,__broad__,30,0.5,3,7,1.159927199262027,2.3181415078908314,0.0017128906332222193,0.9201783443615268,1.4028196464512215,descriptive_no_p_value
GSE135893,broad,consensus,exploratory,CXCL12,AVPR1A,fibroblasts,__broad__,macrophages,__broad__,30,0.5,3,7,1.3416849901643104,2.3181415078908314,0.3652284724377908,1.0644556019007614,1.4717239672919393,descriptive_no_p_value
GSE135893,broad,consensus,exploratory,CXCL12,MTNR1A,fibroblasts,__broad__,macrophages,__broad__,30,0.5,3,7,1.1590707539454166,2.3181415078908314,1.7763568394002505e-15,1.0045230408657497,1.3655344511278174,descriptive_no_p_value
GSE135893,broad,consensus,exploratory,CXCL12,CXCR3,fibroblasts,__broad__,macrophages,__broad__,30,0.5,3,7,1.3708726332135317,2.3181415078908314,0.42360375853623267,0.9918886706027896,1.968441661377323,descriptive_no_p_value
GSE135893,broad,consensus,exploratory,CXCL12,CCR4,fibroblasts,__broad__,macrophages,__broad__,30,0.5,3,7,1.2683564102955005,2.3181415078908314,0.2185713127001705,1.0245049509238746,1.3950479187766847,descriptive_no_p_value
GSE135893,broad,consensus,exploratory,CXCL12,CXCR4,fibroblasts,__broad__,macrophages,__broad__,30,0.5,3,7,1.4192970192474244,2.3181415078908314,0.5204525306040182,1.2744459378717892,1.6282195047283983,descriptive_no_p_value
GSE135893,broad,consensus,exploratory,CXCL12,GRM7,fibroblasts,__broad__,macrophages,__broad__,30,0.5,3,7,1.4800777315422384,2.3181415078908314,0.6420139551936463,1.1835089319113856,1.6865414287246392,descriptive_no_p_value
GSE135893,broad,consensus,core,HBEGF,EGFR_ERBB2,macrophages,__broad__,fibroblasts,__broad__,30,0.5,3,7,0.4147461854401122,1.2272645134209093,-0.3977721425406848,0.2781362818503199,0.4940952331824464,descriptive_no_p_value
GSE135893,broad,consensus,core,HBEGF,EGFR_ERBB2,AT2,__broad__,fibroblasts,__broad__,30,0.5,3,3,1.5075259965989192,3.3749924886000735,-0.35994049540223605,1.1771375380904665,1.9272722390660517,descriptive_no_p_value
GSE135893,broad,consensus,core,HBEGF,ERBB2_ERBB4,macrophages,__broad__,fibroblasts,__broad__,30,0.5,3,7,1.5061846065488083,1.2272645134209093,1.7851046996767082,1.2695235423500746,1.9674260069144012,descriptive_no_p_value
GSE135893,broad,consensus,core,HBEGF,ERBB2_ERBB4,AT2,__broad__,fibroblasts,__broad__,30,0.5,3,3,2.8092650327512896,3.3749924886000735,2.243537576902506,2.1919381669917772,3.5977107946322193,descriptive_no_p_value
GSE135893,broad,consensus,core,HBEGF,CD44,macrophages,__broad__,fibroblasts,__broad__,30,0.5,3,7,0.8506711037829398,1.2272645134209093,0.4740776941449676,0.6873264988218128,1.0410843207531002,descriptive_no_p_value
GSE135893,broad,consensus,core,HBEGF,CD44,AT2,__broad__,fibroblasts,__broad__,30,0.5,3,3,2.0091539206773756,3.3749924886000735,0.6433153527546764,1.497224260054753,2.5442301167282952,descriptive_no_p_value
GSE135893,broad,consensus,core,HBEGF,PRLR,macrophages,__broad__,fibroblasts,__broad__,30,0.5,3,7,0.8753499340292352,1.2272645134209093,0.5234353546375612,0.6386888698305015,1.3365913343948281,descriptive_no_p_value
GSE135893,broad,consensus,core,HBEGF,PRLR,AT2,__broad__,fibroblasts,__broad__,30,0.5,3,3,1.5765131339710194,3.3749924886000735,-0.2219662206580345,0.9591862682115069,2.364958895851949,descriptive_no_p_value
GSE135893,broad,consensus,exploratory,CCL2,ACKR2,fibroblasts,__broad__,macrophages,__broad__,30,0.5,3,7,0.9891503214251647,2.7686116686744207,-0.7903110258240917,0.8052956934254594,1.2221384848079695,descriptive_no_p_value
GSE135893,broad,consensus,exploratory,CXCL12,DPP4,fibroblasts,__broad__,macrophages,__broad__,30,0.5,3,7,2.6613341304664284,2.3181415078908314,3.004526753042025,2.1437180119058676,2.980536499123708,descriptive_no_p_value
GSE135893,broad,consensus,core,TGFB1,ENG,macrophages,__broad__,fibroblasts,__broad__,30,0.5,3,7,-0.08160315545591423,-0.2783959376251408,0.11518962671331412,-0.14004664997493954,-0.0047800662138177685,descriptive_no_p_value
GSE135893,broad,consensus,core,HBEGF,CD9,macrophages,__broad__,fibroblasts,__broad__,30,0.5,3,7,1.0569047697168923,1.2272645134209093,0.8865450260128753,0.7786517499709928,1.5734855663129421,descriptive_no_p_value
GSE135893,broad,consensus,core,HBEGF,CD9,AT2,__broad__,fibroblasts,__broad__,30,0.5,3,3,2.1850350900305076,3.3749924886000735,0.9950776914609429,1.5140355406919541,3.028820248141894,descriptive_no_p_value
GSE135893,broad,consensus,core,HBEGF,CD82,macrophages,__broad__,fibroblasts,__broad__,30,0.5,3,7,0.7652217230918925,1.2272645134209093,0.303178932762874,0.5941320575547122,0.9746377089950089,descriptive_no_p_value
GSE135893,broad,consensus,core,HBEGF,CD82,AT2,__broad__,fibroblasts,__broad__,30,0.5,3,3,2.025887536306919,3.3749924886000735,0.6767825840137629,1.4620513411770855,2.405433121612221,descriptive_no_p_value
GSE135893,broad,consensus,core,TGFB1,CAV1,macrophages,__broad__,fibroblasts,__broad__,30,0.5,3,7,0.15650577115804687,-0.2783959376251408,0.5914074799412301,0.044412595024402535,0.33024710434002547,descriptive_no_p_value
GSE135893,broad,consensus,exploratory,CXCL12,SDC4,fibroblasts,__broad__,macrophages,__broad__,30,0.5,3,7,1.6574037155575319,2.3181415078908314,0.9966659232242341,1.5000954029062852,1.7652822395471173,descriptive_no_p_value
GSE135893,broad,consensus,core,TGFB1,LPP,macrophages,__broad__,fibroblasts,__broad__,30,0.5,3,7,0.29600037508845656,-0.2783959376251408,0.8703966878020521,0.09720819892435628,0.44614205355560355,descriptive_no_p_value
GSE135893,broad,cellchatdb,core,IL1B,IL1R2,macrophages,__broad__,fibroblasts,__broad__,30,0.5,3,7,1.0837022442192854,2.0745424054776436,0.09286208296092657,0.8540132580769519,1.4526732855496718,descriptive_no_p_value
GSE135893,broad,cellchatdb,core,IL1B,IL1R2,macrophages,__broad__,AT2,__broad__,30,0.5,6,8,-0.0979376829754166,0.5002928543656138,-0.696168220316447,-0.41615593173158016,0.2390029257699342,descriptive_no_p_value
GSE135893,broad,cellchatdb,core,IL1B,IL1R2,AT2,__broad__,fibroblasts,__broad__,30,0.5,3,3,1.2660373992087148,1.8366423457946768,0.6954324526227527,0.4841464213344293,2.4271461384287027,descriptive_no_p_value
GSE135893,broad,cellchatdb,core,AREG,EGFR,macrophages,__broad__,fibroblasts,__broad__,30,0.5,3,7,0.9325028031961988,1.8441386964332382,0.020866909959159408,0.12827929663558457,1.4489245441233622,descriptive_no_p_value
GSE135893,broad,cellchatdb,core,AREG,EGFR,AT2,__broad__,fibroblasts,__broad__,30,0.5,3,3,1.2587863683456133,2.5234974466099844,-0.005924709918756044,0.692503432890649,1.6049559480351006,descriptive_no_p_value
GSE135893,broad,cellchatdb,core,HBEGF,EGFR,macrophages,__broad__,fibroblasts,__broad__,30,0.5,3,7,0.6240657116900348,1.2272645134209093,0.020866909959159408,0.46493026503132207,0.7956727967642934,descriptive_no_p_value
GSE135893,broad,cellchatdb,core,HBEGF,EGFR,AT2,__broad__,fibroblasts,__broad__,30,0.5,3,3,1.684533889340659,3.3749924886000735,-0.005924709918756044,1.2476197002993343,2.0336125427590073,descriptive_no_p_value
GSE135893,broad,cellchatdb,exploratory,FGF7,FGFR2,fibroblasts,__broad__,AT2,__broad__,30,0.5,3,3,0.7815425377664749,1.5013327418339228,0.061752333699025996,0.538490635393539,1.1666377102219716,descriptive_no_p_value
GSE135893,broad,cellchatdb,exploratory,FGF10,FGFR2,fibroblasts,__broad__,AT2,__broad__,30,0.5,3,3,1.1216469871526606,2.181541640606294,0.061752333699025996,0.655504085631287,1.358972708041057,descriptive_no_p_value
GSE135893,broad,cellchatdb,core,HBEGF,ERBB4,macrophages,__broad__,fibroblasts,__broad__,30,0.5,3,7,1.5061846065488083,1.2272645134209093,1.7851046996767082,1.2695235423500746,1.9674260069144012,descriptive_no_p_value
GSE135893,broad,cellchatdb,core,HBEGF,ERBB4,AT2,__broad__,fibroblasts,__broad__,30,0.5,3,3,2.8092650327512896,3.3749924886000735,2.243537576902506,2.1919381669917772,3.5977107946322193,descriptive_no_p_value
GSE135893,broad,cellchatdb,exploratory,CXCL12,ACKR3,fibroblasts,__broad__,macrophages,__broad__,30,0.5,3,7,1.159927199262027,2.3181415078908314,0.0017128906332222193,0.9201783443615268,1.4028196464512215,descriptive_no_p_value
GSE135893,broad,cellchatdb,exploratory,CCL2,CCR2,fibroblasts,__broad__,macrophages,__broad__,30,0.5,3,7,2.1135557591503664,2.7686116686744207,1.4584998496263122,1.0734817739502374,2.8345895988779706,descriptive_no_p_value
GSE135893,broad,cellchatdb,exploratory,CXCL12,CXCR4,fibroblasts,__broad__,macrophages,__broad__,30,0.5,3,7,1.4192970192474244,2.3181415078908314,0.5204525306040182,1.2744459378717892,1.6282195047283983,descriptive_no_p_value
GSE135893,broad,cellchatdb,exploratory,CCL2,ACKR1,fibroblasts,__broad__,macrophages,__broad__,30,0.5,3,7,3.294756954331646,2.7686116686744207,3.8209022399888704,3.150743172040042,3.5925411787022687,descriptive_no_p_value
GSE135893,broad,cellchatdb,exploratory,CCL2,ACKR2,fibroblasts,__broad__,macrophages,__broad__,30,0.5,3,7,0.9891503214251647,2.7686116686744207,-0.7903110258240917,0.8052956934254594,1.2221384848079695,descriptive_no_p_value
GSE135893,broad,cellchatdb,core,IL1A,IL1R1_IL1RAP,macrophages,__broad__,fibroblasts,__broad__,30,0.5,3,7,0.45564231842600744,0.518027403700823,0.39325723315118966,0.19433693684978826,0.9660032628584752,descriptive_no_p_value
GSE135893,broad,cellchatdb,core,IL1A,IL1R1_IL1RAP,macrophages,__broad__,AT2,__broad__,30,0.5,6,8,-0.3755612976189706,-0.21920616039075713,-0.5319164348471841,-0.6711807749890155,0.1630742642948695,descriptive_no_p_value
GSE135893,broad,cellchatdb,core,IL1A,IL1R1_IL1RAP,AT2,__broad__,fibroblasts,__broad__,30,0.5,3,3,0.5499677200740635,-0.2659834048186833,1.36591884496681,0.3121978193599776,0.7269187900338226,descriptive_no_p_value
GSE135893,broad,cellchatdb,core,IL1B,IL1R1_IL1RAP,macrophages,__broad__,fibroblasts,__broad__,30,0.5,3,7,1.2338998193144173,2.0745424054776436,0.39325723315118966,0.8890818005192216,1.8861954340265337,descriptive_no_p_value
GSE135893,broad,cellchatdb,core,IL1B,IL1R1_IL1RAP,macrophages,__broad__,AT2,__broad__,30,0.5,6,8,-0.01581179024078505,0.5002928543656138,-0.5319164348471841,-0.24890533710266727,0.5723612757395165,descriptive_no_p_value
GSE135893,broad,cellchatdb,core,IL1B,IL1R1_IL1RAP,AT2,__broad__,fibroblasts,__broad__,30,0.5,3,3,1.6012805953807439,1.8366423457946768,1.36591884496681,0.7399640360458052,2.614686353319588,descriptive_no_p_value
GSE135893,broad,cellchatdb,core,TGFB1,TGFBR1_TGFBR2,macrophages,__broad__,fibroblasts,__broad__,30,0.5,3,7,0.043025101832168566,-0.2783959376251408,0.36444614128947705,-0.17228939178039404,0.2014654181052613,descriptive_no_p_value
GSE135893,broad,cellchatdb,core,IL1A,IL1R2,macrophages,__broad__,fibroblasts,__broad__,30,0.5,3,7,0.3054447433308749,0.518027403700823,0.09286208296092657,0.048292189716062195,0.6998017771346299,descriptive_no_p_value
GSE135893,broad,cellchatdb,core,IL1A,IL1R2,macrophages,__broad__,AT2,__broad__,30,0.5,6,8,-0.45768719035360217,-0.21920616039075713,-0.696168220316447,-0.7068593048603586,-0.16309140962364002,descriptive_no_p_value
GSE135893,broad,cellchatdb,core,IL1A,IL1R2,AT2,__broad__,fibroblasts,__broad__,30,0.5,3,3,0.21472452390203467,-0.2659834048186833,0.6954324526227527,0.028396557378001952,0.4717949276724599,descriptive_no_p_value
GSE135893,broad,cellchatdb,exploratory,FGF10,FGFR1,fibroblasts,__broad__,AT2,__broad__,30,0.5,3,3,1.3904733422465507,2.181541640606294,0.5994050438868079,1.2067087029731365,1.6159087242344916,descriptive_no_p_value
GSE135893,broad,cellchatdb,exploratory,FGF7,FGFR1,fibroblasts,__broad__,AT2,__broad__,30,0.5,3,3,1.050368892860364,1.5013327418339228,0.5994050438868079,0.7954266515869728,1.1943634424249323,descriptive_no_p_value
GSE135893,broad,cellchatdb,core,TGFB1,ACVR1B_TGFBR2,macrophages,__broad__,fibroblasts,__broad__,30,0.5,3,7,0.6416085519764945,-0.2783959376251408,1.5616130415781302,0.4175844966873905,0.8101490494935302,descriptive_no_p_value
GSE135893,broad,cellchatdb,core,TGFB1,ACVR1C_TGFBR2,macrophages,__broad__,fibroblasts,__broad__,30,0.5,3,7,-0.5344203138133361,-0.2783959376251408,-0.7904446900015326,-0.8187027132037232,-0.027969213944448512,descriptive_no_p_value
GSE135893,broad,cellchatdb,core,TGFB1,ACVR1_TGFBR1_TGFBR2,macrophages,__broad__,fibroblasts,__broad__,30,0.5,3,7,-0.07475142292647963,-0.2783959376251408,0.12889309177217978,-0.24656823997119215,0.1271865699144623,descriptive_no_p_value
GSE135893,broad,cellchatdb,core,AREG,EGFR_ERBB2,macrophages,__broad__,fibroblasts,__broad__,30,0.5,3,7,0.7231832769462772,1.8441386964332382,-0.3977721425406848,0.032745913809744565,1.1345017497707346,descriptive_no_p_value
GSE135893,broad,cellchatdb,core,AREG,EGFR_ERBB2,AT2,__broad__,fibroblasts,__broad__,30,0.5,3,3,1.0817784756038735,2.5234974466099844,-0.35994049540223605,0.7722284304575577,1.498615644342146,descriptive_no_p_value
GSE135893,broad,cellchatdb,core,HBEGF,EGFR_ERBB2,macrophages,__broad__,fibroblasts,__broad__,30,0.5,3,7,0.4147461854401122,1.2272645134209093,-0.3977721425406848,0.2781362818503199,0.4940952331824464,descriptive_no_p_value
GSE135893,broad,cellchatdb,core,HBEGF,EGFR_ERBB2,AT2,__broad__,fibroblasts,__broad__,30,0.5,3,3,1.5075259965989192,3.3749924886000735,-0.35994049540223605,1.1771375380904665,1.9272722390660517,descriptive_no_p_value
GSE135893,broad,cellchatdb,core,HBEGF,ERBB2_ERBB4,macrophages,__broad__,fibroblasts,__broad__,30,0.5,3,7,1.5061846065488083,1.2272645134209093,1.7851046996767082,1.2695235423500746,1.9674260069144012,descriptive_no_p_value
GSE135893,broad,cellchatdb,core,HBEGF,ERBB2_ERBB4,AT2,__broad__,fibroblasts,__broad__,30,0.5,3,3,2.8092650327512896,3.3749924886000735,2.243537576902506,2.1919381669917772,3.5977107946322193,descriptive_no_p_value
GSE135893,subtype,consensus,core,TGFB1,ITGAV_ITGB6,macrophages,Macrophages,fibroblasts,Myofibroblasts,30,0.5,3,6,0.3029783568114568,-0.2217106231807593,0.8276673368036734,0.056391159477608976,0.4046061424653895,descriptive_no_p_value
GSE135893,subtype,consensus,core,TGFB1,ACVR1B_TGFBR2,macrophages,Macrophages,fibroblasts,Myofibroblasts,30,0.5,3,6,0.8131684366964596,-0.2217106231807593,1.8480474965736806,0.3315330278748574,1.2082631656514646,descriptive_no_p_value
GSE135893,subtype,consensus,core,TGFB1,TGFBR1_TGFBR2,macrophages,Macrophages,fibroblasts,Myofibroblasts,30,0.5,3,6,0.15483888649849575,-0.2217106231807593,0.5313883961777526,-0.026762505680815174,0.28595887459172786,descriptive_no_p_value
GSE135893,subtype,consensus,core,TGFB1,ACVR1_TGFBR1_TGFBR2,macrophages,Macrophages,fibroblasts,Myofibroblasts,30,0.5,3,6,-0.0009589127780618156,-0.2217106231807593,0.21979279762463744,-0.18569804378550803,0.17482581414846443,descriptive_no_p_value
GSE135893,subtype,consensus,core,TGFB1,ACVR1_TGFBR2,macrophages,Macrophages,fibroblasts,Myofibroblasts,30,0.5,3,6,-0.10893879584464194,-0.2217106231807593,0.003833031491472738,-0.41370576398040537,0.07618244063304225,descriptive_no_p_value
GSE135893,subtype,consensus,core,TGFB1,ACVR1C_TGFBR2,macrophages,Macrophages,fibroblasts,Myofibroblasts,30,0.5,3,6,0.034520066499678315,-0.2217106231807593,0.2907507561801167,-0.10623796784515482,0.08743226552132244,descriptive_no_p_value
GSE135893,subtype,consensus,core,TGFB1,EGFR,macrophages,Macrophages,fibroblasts,Myofibroblasts,30,0.5,3,6,-0.19914416908560817,-0.2217106231807593,-0.17657771499045705,-0.39589011830289955,-0.060130142766761985,descriptive_no_p_value
GSE135893,subtype,consensus,core,TGFB1,ITGB3,macrophages,Macrophages,fibroblasts,Myofibroblasts,30,0.5,3,6,0.7374244328569586,-0.2217106231807593,1.6965594888946782,0.5118075740331571,1.1343209066129596,descriptive_no_p_value
GSE135893,subtype,consensus,core,TGFB1,ITGB1,macrophages,Macrophages,fibroblasts,Myofibroblasts,30,0.5,3,6,0.2589324205542436,-0.2217106231807593,0.7395754642892491,0.11657163951209171,0.3712044042534064,descriptive_no_p_value
GSE135893,subtype,consensus,core,TGFB1,ITGB5,macrophages,Macrophages,fibroblasts,Myofibroblasts,30,0.5,3,6,0.0028281588746654762,-0.2217106231807593,0.2273669409300929,-0.17998398152810768,0.17236504375848494,descriptive_no_p_value
GSE135893,subtype,consensus,core,TGFB1,ITGB8,macrophages,Macrophages,fibroblasts,Myofibroblasts,30,0.5,3,6,1.0776961188410095,-0.2217106231807593,2.3771028608627773,0.6049215585937642,1.3545507950195113,descriptive_no_p_value
GSE135893,subtype,consensus,core,TGFB1,SDC2,macrophages,Macrophages,fibroblasts,Myofibroblasts,30,0.5,3,6,0.22664383135344668,-0.2217106231807593,0.6749982858876518,0.13847529081403387,0.3548254022782036,descriptive_no_p_value
GSE135893,subtype,consensus,core,TGFB1,ACVRL1,macrophages,Macrophages,fibroblasts,Myofibroblasts,30,0.5,3,6,-0.5748088540105769,-0.2217106231807593,-0.927907084840395,-0.708545143610011,-0.4282406791371516,descriptive_no_p_value
GSE135893,subtype,consensus,core,TGFB1,CXCR4,macrophages,Macrophages,fibroblasts,Myofibroblasts,30,0.5,3,6,0.28993337974600975,-0.2217106231807593,0.8015773826727789,0.0026549261451407347,0.7600909337744177,descriptive_no_p_value
GSE135893,subtype,consensus,core,TGFB1,TGFBR3,macrophages,Macrophages,fibroblasts,Myofibroblasts,30,0.5,3,6,-0.1925933136109741,-0.2217106231807593,-0.16347600404118978,-0.4512659835580841,-0.017666472213163864,descriptive_no_p_value
GSE135893,subtype,consensus,core,TGFB1,VASN,macrophages,Macrophages,fibroblasts,Myofibroblasts,30,0.5,3,6,0.006841146859891012,-0.2217106231807593,0.23539291690054664,-0.29117342823924464,0.3462984355778671,descriptive_no_p_value
GSE135893,subtype,consensus,core,IL1A,IL1R1_IL1RAP,macrophages,Macrophages,fibroblasts,Myofibroblasts,30,0.5,3,6,0.8035259839170141,0.03373382991873264,1.5733181379152956,0.17679997079624155,1.4616151048575265,descriptive_no_p_value
GSE135893,subtype,consensus,core,IL1A,IL1R1_IL1RAP,macrophages,Macrophages,AT2,AT2,30,0.5,6,8,-0.3755571675664209,-0.21919790028565744,-0.5319164348471841,-0.6582384249323978,0.15203615997164954,descriptive_no_p_value
GSE135893,subtype,consensus,core,IL1A,IL1R2_IL1RAP,macrophages,Macrophages,fibroblasts,Myofibroblasts,30,0.5,3,6,-0.39583080621300515,0.03373382991873264,-0.825395442344744,-0.8829011525479811,-0.017053018844086054,descriptive_no_p_value
GSE135893,subtype,consensus,core,IL1A,IL1R2_IL1RAP,macrophages,Macrophages,AT2,AT2,30,0.5,6,8,-0.750499016204184,-0.21919790028565744,-1.2818001321227106,-1.004019747118087,-0.5043917482918903,descriptive_no_p_value
GSE135893,subtype,consensus,core,IL1B,IL1R1_IL1RAP,macrophages,Macrophages,fibroblasts,Myofibroblasts,30,0.5,3,6,1.7556248289330436,1.9379315199507916,1.5733181379152956,0.9916072104551192,2.6260799891217443,descriptive_no_p_value
GSE135893,subtype,consensus,core,IL1B,IL1R1_IL1RAP,macrophages,Macrophages,AT2,AT2,30,0.5,6,8,-0.009791512280478365,0.5123334102862271,-0.5319164348471841,-0.23660662899181606,0.5734876514550713,descriptive_no_p_value
GSE135893,subtype,consensus,core,IL1B,IL1R2_IL1RAP,macrophages,Macrophages,fibroblasts,Myofibroblasts,30,0.5,3,6,0.5562680388030237,1.9379315199507916,-0.825395442344744,-0.06809391288910405,1.147411865420131,descriptive_no_p_value
GSE135893,subtype,consensus,core,IL1B,IL1R2_IL1RAP,macrophages,Macrophages,AT2,AT2,30,0.5,6,8,-0.3847333609182413,0.5123334102862271,-1.2818001321227106,-0.7065598780916722,-0.052026552880037436,descriptive_no_p_value
GSE135893,subtype,consensus,core,IL1B,ADRB2,macrophages,Macrophages,fibroblasts,Myofibroblasts,30,0.5,3,6,1.729526576605123,1.9379315199507916,1.5211216332594544,1.4493378106863872,2.2401102868621923,descriptive_no_p_value
GSE135893,subtype,consensus,core,IL1B,ADRB2,macrophages,Macrophages,AT2,AT2,30,0.5,6,8,0.1402844219468813,0.5123334102862271,-0.23176456639246723,-0.11490962660894244,0.46263487855433105,descriptive_no_p_value
GSE135893,subtype,consensus,core,IL1B,SIGIRR,macrophages,Macrophages,fibroblasts,Myofibroblasts,30,0.5,3,6,1.2213947288677343,1.9379315199507916,0.5048579377846742,0.5524007641103008,1.9675535485306783,descriptive_no_p_value
GSE135893,subtype,consensus,core,IL1B,SIGIRR,macrophages,Macrophages,AT2,AT2,30,0.5,6,8,0.08678499283899477,0.5123334102862271,-0.3387634246082385,-0.0851093383253092,0.33019940031896855,descriptive_no_p_value
GSE135893,subtype,consensus,exploratory,CCL2,CCR1,fibroblasts,Myofibroblasts,macrophages,Macrophages,30,0.5,3,6,1.4818529783900543,1.879368764913501,1.084337191866605,1.136989362600767,2.0557641988007322,descriptive_no_p_value
GSE135893,subtype,consensus,exploratory,CCL2,CCR2,fibroblasts,Myofibroblasts,macrophages,Macrophages,30,0.5,3,6,1.833246627223435,1.879368764913501,1.7871244895333716,0.8474644491964076,2.626480575330155,descriptive_no_p_value
GSE135893,subtype,consensus,exploratory,CCL2,CCR10,fibroblasts,Myofibroblasts,macrophages,Macrophages,30,0.5,3,6,1.385843135390457,1.879368764913501,0.8923175058674149,0.8732503817574573,1.6528114697882677,descriptive_no_p_value
GSE135893,subtype,consensus,exploratory,CCL2,CCR3,fibroblasts,Myofibroblasts,macrophages,Macrophages,30,0.5,3,6,0.9589075715067326,1.879368764913501,0.03844637809996598,0.5563999648110589,1.2902029723112542,descriptive_no_p_value
GSE135893,subtype,consensus,exploratory,CCL2,CCR4,fibroblasts,Myofibroblasts,macrophages,Macrophages,30,0.5,3,6,1.1035846153049746,1.879368764913501,0.3278004656964484,0.701077008609301,1.4348800161094963,descriptive_no_p_value
GSE135893,subtype,consensus,exploratory,CCL2,CCR5,fibroblasts,Myofibroblasts,macrophages,Macrophages,30,0.5,3,6,1.6188495007935115,1.879368764913501,1.358330236673523,1.1658775570694084,2.3417599484555662,descriptive_no_p_value
GSE135893,subtype,consensus,exploratory,CCL2,ACKR1,fibroblasts,Myofibroblasts,macrophages,Macrophages,30,0.5,3,6,2.7592408809534854,1.879368764913501,3.6391129969934726,2.5718353140257673,3.062986470470433,descriptive_no_p_value
GSE135893,subtype,consensus,exploratory,CCL2,ACKR4,fibroblasts,Myofibroblasts,macrophages,Macrophages,30,0.5,3,6,1.0691065444900638,1.879368764913501,0.2588443240666285,0.7908004124781667,1.278901202977662,descriptive_no_p_value
GSE135893,subtype,consensus,core,AREG,EGFR_ERBB2,macrophages,Macrophages,fibroblasts,Myofibroblasts,30,0.5,3,6,1.2491999280141854,1.8536520570731643,0.6447477989552071,0.6936498943594724,1.8390841120958168,descriptive_no_p_value
GSE135893,subtype,consensus,core,AREG,ERBB3,macrophages,Macrophages,fibroblasts,Myofibroblasts,30,0.5,3,6,0.7135251508504483,1.8536520570731643,-0.4266017553722688,-0.1703081767965342,1.5448376498138208,descriptive_no_p_value
GSE135893,subtype,consensus,exploratory,CXCL12,CD4,fibroblasts,Myofibroblasts,macrophages,Macrophages,30,0.5,3,6,1.025576159136687,1.5763711700190504,0.4747811482543227,0.6398565575546922,1.402999243765974,descriptive_no_p_value
GSE135893,subtype,consensus,exploratory,CXCL12,ITGB3,fibroblasts,Myofibroblasts,macrophages,Macrophages,30,0.5,3,6,2.3760604361374336,1.5763711700190504,3.1757497022558163,1.567218648427927,3.160111287327,descriptive_no_p_value
GSE135893,subtype,consensus,exploratory,CXCL12,ITGB1,fibroblasts,Myofibroblasts,macrophages,Macrophages,30,0.5,3,6,1.0505800308741255,1.5763711700190504,0.5247888917292007,0.6698879690105901,1.3174491344568144,descriptive_no_p_value
GSE135893,subtype,consensus,exploratory,CXCL12,ITGAV,fibroblasts,Myofibroblasts,macrophages,Macrophages,30,0.5,3,6,1.2105166432949162,1.5763711700190504,0.8446621165707819,0.8043620590696783,1.5745141141188386,descriptive_no_p_value
GSE135893,subtype,consensus,exploratory,CXCL12,ITGA5,fibroblasts,Myofibroblasts,macrophages,Macrophages,30,0.5,3,6,1.1793487687987678,1.5763711700190504,0.7823263675784826,0.7729644577208745,1.5667602330838903,descriptive_no_p_value
GSE135893,subtype,consensus,exploratory,CXCL12,ITGA4,fibroblasts,Myofibroblasts,macrophages,Macrophages,30,0.5,3,6,1.0748791132226962,1.5763711700190504,0.573387056426343,0.8642302758861895,1.3603297309035076,descriptive_no_p_value
GSE135893,subtype,consensus,exploratory,CXCL12,ACKR3,fibroblasts,Myofibroblasts,macrophages,Macrophages,30,0.5,3,6,0.788822458648168,1.5763711700190504,0.0012737472772865743,0.2042957533292995,1.2568053445009548,descriptive_no_p_value
GSE135893,subtype,consensus,exploratory,CXCL12,AVPR1A,fibroblasts,Myofibroblasts,macrophages,Macrophages,30,0.5,3,6,1.002849203486741,1.5763711700190504,0.4293272369544301,0.6351790924427634,1.2915421033092485,descriptive_no_p_value
GSE135893,subtype,consensus,exploratory,CXCL12,MTNR1A,fibroblasts,Myofibroblasts,macrophages,Macrophages,30,0.5,3,6,0.7881855850095267,1.5763711700190504,1.7763568394002505e-15,0.4205154739655492,1.0768784848320343,descriptive_no_p_value
GSE135893,subtype,consensus,exploratory,CXCL12,CXCR3,fibroblasts,Myofibroblasts,macrophages,Macrophages,30,0.5,3,6,1.2421538600248525,1.5763711700190504,0.9079365500306547,0.83176943390292,1.5651488558077657,descriptive_no_p_value
GSE135893,subtype,consensus,exploratory,CXCL12,CCR4,fibroblasts,Myofibroblasts,macrophages,Macrophages,30,0.5,3,6,0.9520858178577494,1.5763711700190504,0.3278004656964484,0.7563009469568318,1.1548360976087269,descriptive_no_p_value
GSE135893,subtype,consensus,exploratory,CXCL12,CXCR4,fibroblasts,Myofibroblasts,macrophages,Macrophages,30,0.5,3,6,0.9657971634853881,1.5763711700190504,0.3552231569517268,0.7739165638401486,1.1309600009956622,descriptive_no_p_value
GSE135893,subtype,consensus,exploratory,CXCL12,GRM7,fibroblasts,Myofibroblasts,macrophages,Macrophages,30,0.5,3,6,0.8709486993612126,1.5763711700190504,0.1655262287033743,0.503278588317235,1.1596415991837201,descriptive_no_p_value
GSE135893,subtype,consensus,core,HBEGF,EGFR_ERBB2,macrophages,Macrophages,fibroblasts,Myofibroblasts,30,0.5,3,6,0.9611890145732342,1.277630230191261,0.6447477989552071,0.5989642930511279,1.1612524562171602,descriptive_no_p_value
GSE135893,subtype,consensus,core,HBEGF,ERBB2_ERBB4,macrophages,Macrophages,fibroblasts,Myofibroblasts,30,0.5,3,6,0.9266737368151796,1.277630230191261,0.5757172434390968,0.763519053683777,1.0867042485254723,descriptive_no_p_value
GSE135893,subtype,consensus,core,HBEGF,CD44,macrophages,Macrophages,fibroblasts,Myofibroblasts,30,0.5,3,6,0.6502040200622545,1.277630230191261,0.022777809933250737,0.45382592111174613,0.9676592536784412,descriptive_no_p_value
GSE135893,subtype,consensus,core,HBEGF,PRLR,macrophages,Macrophages,fibroblasts,Myofibroblasts,30,0.5,3,6,0.7796556219131339,1.277630230191261,0.28168101363500553,0.5534869098700765,1.203578484823196,descriptive_no_p_value
GSE135893,subtype,consensus,exploratory,CCL2,ACKR2,fibroblasts,Myofibroblasts,macrophages,Macrophages,30,0.5,3,6,0.6052030630545135,1.879368764913501,-0.6689626388044738,0.40165538126053635,0.7040805607446368,descriptive_no_p_value
GSE135893,subtype,consensus,exploratory,CXCL12,DPP4,fibroblasts,Myofibroblasts,macrophages,Macrophages,30,0.5,3,6,2.2879453543394397,1.5763711700190504,2.999519538659829,1.8695562830940498,2.744624325500163,descriptive_no_p_value
GSE135893,subtype,consensus,core,TGFB1,ENG,macrophages,Macrophages,fibroblasts,Myofibroblasts,30,0.5,3,6,0.09534569906053036,-0.2217106231807593,0.4124020213018236,0.023738232258102343,0.19862283413165116,descriptive_no_p_value
GSE135893,subtype,consensus,core,HBEGF,CD9,macrophages,Macrophages,fibroblasts,Myofibroblasts,30,0.5,3,6,1.3741812663347215,1.277630230191261,1.4707323024781855,1.1042216349024567,1.8792163201681262,descriptive_no_p_value
GSE135893,subtype,consensus,core,HBEGF,CD82,macrophages,Macrophages,fibroblasts,Myofibroblasts,30,0.5,3,6,0.8290718031347533,1.277630230191261,0.3805133760782393,0.6371739590133023,0.9904427148785215,descriptive_no_p_value
GSE135893,subtype,consensus,core,TGFB1,CAV1,macrophages,Macrophages,fibroblasts,Myofibroblasts,30,0.5,3,6,0.2765585813285698,-0.2217106231807593,0.7748277858378998,0.17588729260577995,0.44596215406048767,descriptive_no_p_value
GSE135893,subtype,consensus,exploratory,CXCL12,SDC4,fibroblasts,Myofibroblasts,macrophages,Macrophages,30,0.5,3,6,1.1752941814054,1.5763711700190504,0.7742171927917489,0.9118837107755597,1.3292284874047642,descriptive_no_p_value
GSE135893,subtype,consensus,core,TGFB1,LPP,macrophages,Macrophages,fibroblasts,Myofibroblasts,30,0.5,3,6,0.45200964367463037,-0.2217106231807593,1.1257299105300218,0.3429567728696732,0.6283188816217207,descriptive_no_p_value
GSE135893,subtype,cellchatdb,core,IL1B,IL1R2,macrophages,Macrophages,fibroblasts,Myofibroblasts,30,0.5,3,6,0.32274062784334845,1.9379315199507916,-1.2924502642640943,0.10795014310081275,0.7090987209856605,descriptive_no_p_value
GSE135893,subtype,cellchatdb,core,IL1B,IL1R2,macrophages,Macrophages,AT2,AT2,30,0.5,6,8,-0.09191740501510948,0.5123334102862271,-0.696168220316447,-0.4137439221885404,0.24078940302309437,descriptive_no_p_value
GSE135893,subtype,cellchatdb,core,AREG,EGFR,macrophages,Macrophages,fibroblasts,Myofibroblasts,30,0.5,3,6,0.8385371710413532,1.8536520570731643,-0.17657771499045705,0.04523634777794783,1.3387061422951634,descriptive_no_p_value
GSE135893,subtype,cellchatdb,core,HBEGF,EGFR,macrophages,Macrophages,fibroblasts,Myofibroblasts,30,0.5,3,6,0.5505262576004029,1.277630230191261,-0.17657771499045705,0.48955972412983595,0.6229723246507604,descriptive_no_p_value
GSE135893,subtype,cellchatdb,core,HBEGF,ERBB4,macrophages,Macrophages,fibroblasts,Myofibroblasts,30,0.5,3,6,0.9266737368151796,1.277630230191261,0.5757172434390968,0.763519053683777,1.0867042485254723,descriptive_no_p_value
GSE135893,subtype,cellchatdb,exploratory,CXCL12,ACKR3,fibroblasts,Myofibroblasts,macrophages,Macrophages,30,0.5,3,6,0.788822458648168,1.5763711700190504,0.0012737472772865743,0.2042957533292995,1.2568053445009548,descriptive_no_p_value
GSE135893,subtype,cellchatdb,exploratory,CCL2,CCR2,fibroblasts,Myofibroblasts,macrophages,Macrophages,30,0.5,3,6,1.833246627223435,1.879368764913501,1.7871244895333716,0.8474644491964076,2.626480575330155,descriptive_no_p_value
GSE135893,subtype,cellchatdb,exploratory,CXCL12,CXCR4,fibroblasts,Myofibroblasts,macrophages,Macrophages,30,0.5,3,6,0.9657971634853881,1.5763711700190504,0.3552231569517268,0.7739165638401486,1.1309600009956622,descriptive_no_p_value
GSE135893,subtype,cellchatdb,exploratory,CCL2,ACKR1,fibroblasts,Myofibroblasts,macrophages,Macrophages,30,0.5,3,6,2.7592408809534854,1.879368764913501,3.6391129969934726,2.5718353140257673,3.062986470470433,descriptive_no_p_value
GSE135893,subtype,cellchatdb,exploratory,CCL2,ACKR2,fibroblasts,Myofibroblasts,macrophages,Macrophages,30,0.5,3,6,0.6052030630545135,1.879368764913501,-0.6689626388044738,0.40165538126053635,0.7040805607446368,descriptive_no_p_value
GSE135893,subtype,cellchatdb,core,IL1A,IL1R1_IL1RAP,macrophages,Macrophages,fibroblasts,Myofibroblasts,30,0.5,3,6,0.8035259839170141,0.03373382991873264,1.5733181379152956,0.17679997079624155,1.4616151048575265,descriptive_no_p_value
GSE135893,subtype,cellchatdb,core,IL1A,IL1R1_IL1RAP,macrophages,Macrophages,AT2,AT2,30,0.5,6,8,-0.3755571675664209,-0.21919790028565744,-0.5319164348471841,-0.6582384249323978,0.15203615997164954,descriptive_no_p_value
GSE135893,subtype,cellchatdb,core,IL1B,IL1R1_IL1RAP,macrophages,Macrophages,fibroblasts,Myofibroblasts,30,0.5,3,6,1.7556248289330436,1.9379315199507916,1.5733181379152956,0.9916072104551192,2.6260799891217443,descriptive_no_p_value
GSE135893,subtype,cellchatdb,core,IL1B,IL1R1_IL1RAP,macrophages,Macrophages,AT2,AT2,30,0.5,6,8,-0.009791512280478365,0.5123334102862271,-0.5319164348471841,-0.23660662899181606,0.5734876514550713,descriptive_no_p_value
GSE135893,subtype,cellchatdb,core,TGFB1,TGFBR1_TGFBR2,macrophages,Macrophages,fibroblasts,Myofibroblasts,30,0.5,3,6,0.15483888649849575,-0.2217106231807593,0.5313883961777526,-0.026762505680815174,0.28595887459172786,descriptive_no_p_value
GSE135893,subtype,cellchatdb,core,IL1A,IL1R2,macrophages,Macrophages,fibroblasts,Myofibroblasts,30,0.5,3,6,-0.6293582171726808,0.03373382991873264,-1.2924502642640943,-0.8794369454227082,-0.36389719665624454,descriptive_no_p_value
GSE135893,subtype,cellchatdb,core,IL1A,IL1R2,macrophages,Macrophages,AT2,AT2,30,0.5,6,8,-0.4576830603010521,-0.21919790028565744,-0.696168220316447,-0.7112037912149551,-0.1697449415454539,descriptive_no_p_value
GSE135893,subtype,cellchatdb,core,TGFB1,ACVR1B_TGFBR2,macrophages,Macrophages,fibroblasts,Myofibroblasts,30,0.5,3,6,0.8131684366964596,-0.2217106231807593,1.8480474965736806,0.3315330278748574,1.2082631656514646,descriptive_no_p_value
GSE135893,subtype,cellchatdb,core,TGFB1,ACVR1C_TGFBR2,macrophages,Macrophages,fibroblasts,Myofibroblasts,30,0.5,3,6,0.034520066499678315,-0.2217106231807593,0.2907507561801167,-0.10623796784515482,0.08743226552132244,descriptive_no_p_value
GSE135893,subtype,cellchatdb,core,TGFB1,ACVR1_TGFBR1_TGFBR2,macrophages,Macrophages,fibroblasts,Myofibroblasts,30,0.5,3,6,-0.0009589127780618156,-0.2217106231807593,0.21979279762463744,-0.18569804378550803,0.17482581414846443,descriptive_no_p_value
GSE135893,subtype,cellchatdb,core,AREG,EGFR_ERBB2,macrophages,Macrophages,fibroblasts,Myofibroblasts,30,0.5,3,6,1.2491999280141854,1.8536520570731643,0.6447477989552071,0.6936498943594724,1.8390841120958168,descriptive_no_p_value
GSE135893,subtype,cellchatdb,core,HBEGF,EGFR_ERBB2,macrophages,Macrophages,fibroblasts,Myofibroblasts,30,0.5,3,6,0.9611890145732342,1.277630230191261,0.6447477989552071,0.5989642930511279,1.1612524562171602,descriptive_no_p_value
GSE135893,subtype,cellchatdb,core,HBEGF,ERBB2_ERBB4,macrophages,Macrophages,fibroblasts,Myofibroblasts,30,0.5,3,6,0.9266737368151796,1.277630230191261,0.5757172434390968,0.763519053683777,1.0867042485254723,descriptive_no_p_value
GSE135893,broad,consensus,exploratory,FGF10,FGFR1,fibroblasts,__broad__,AT2,__broad__,30,2.0,3,3,1.2006080329345976,1.80810950457628,0.5931065612929176,1.0474419783315025,1.3918847465582682,descriptive_no_p_value
GSE135893,broad,consensus,exploratory,FGF10,FGFR2,fibroblasts,__broad__,AT2,__broad__,30,2.0,3,3,0.9350054404796104,1.80810950457628,0.061901376382940576,0.4982893689940484,1.1688696043354634,descriptive_no_p_value
GSE135893,broad,consensus,exploratory,FGF10,FGFRL1,fibroblasts,__broad__,AT2,__broad__,30,2.0,3,3,0.9498626209994447,1.80810950457628,0.09161573742261009,0.4151673881918767,1.4171399780810567,descriptive_no_p_value
GSE135893,broad,consensus,core,TGFB1,ITGAV_ITGB6,macrophages,__broad__,fibroblasts,__broad__,30,2.0,3,7,-0.046472633184293066,-0.27813842139000133,0.18519315502141598,-0.24317362804184794,0.05967091740520969,descriptive_no_p_value
GSE135893,broad,consensus,core,TGFB1,ACVR1B_TGFBR2,macrophages,__broad__,fibroblasts,__broad__,30,2.0,3,7,0.5478519010722405,-0.27813842139000133,1.373842223534485,0.38040350313315496,0.7007290611498114,descriptive_no_p_value
GSE135893,broad,consensus,core,TGFB1,TGFBR1_TGFBR2,macrophages,__broad__,fibroblasts,__broad__,30,2.0,3,7,0.03807226769540506,-0.27813842139000133,0.3542829567808141,-0.17027503713021463,0.19072724505199545,descriptive_no_p_value
GSE135893,broad,consensus,core,TGFB1,ACVR1_TGFBR1_TGFBR2,macrophages,__broad__,fibroblasts,__broad__,30,2.0,3,7,-0.07370264819921868,-0.27813842139000133,0.13073312499156842,-0.2405554090254629,0.12044687315674629,descriptive_no_p_value
GSE135893,broad,consensus,core,TGFB1,ACVR1_TGFBR2,macrophages,__broad__,fibroblasts,__broad__,30,2.0,3,7,-0.19418747074420217,-0.27813842139000133,-0.11023652009840301,-0.35881244304960536,-0.04038880756164254,descriptive_no_p_value
GSE135893,broad,consensus,core,TGFB1,ACVR1C_TGFBR2,macrophages,__broad__,fibroblasts,__broad__,30,2.0,3,7,-0.33246075998855895,-0.27813842139000133,-0.38678309858711574,-0.4946256070647306,-0.07018859857215398,descriptive_no_p_value
GSE135893,broad,consensus,core,TGFB1,EGFR,macrophages,__broad__,fibroblasts,__broad__,30,2.0,3,7,-0.12683184503258893,-0.27813842139000133,0.024474731324823473,-0.3186614294964327,0.02473539136581504,descriptive_no_p_value
GSE135893,broad,consensus,core,TGFB1,ITGB3,macrophages,__broad__,fibroblasts,__broad__,30,2.0,3,7,-0.058154420838047116,-0.27813842139000133,0.16182957971390977,-0.21757695799399812,0.1420266371866834,descriptive_no_p_value
GSE135893,broad,consensus,core,TGFB1,ITGB1,macrophages,__broad__,fibroblasts,__broad__,30,2.0,3,7,0.25109124229504776,-0.27813842139000133,0.7803209059801013,0.197607343537328,0.3542206809202737,descriptive_no_p_value
GSE135893,broad,consensus,core,TGFB1,ITGB5,macrophages,__broad__,fibroblasts,__broad__,30,2.0,3,7,-0.22657514092016307,-0.27813842139000133,-0.1750118604503239,-0.29588842934384996,-0.1856231110511155,descriptive_no_p_value
GSE135893,broad,consensus,core,TGFB1,ITGB8,macrophages,__broad__,fibroblasts,__broad__,30,2.0,3,7,0.11586341891334317,-0.27813842139000133,0.509865259216689,-0.18972647344289495,0.3488511444459945,descriptive_no_p_value
GSE135893,broad,consensus,core,TGFB1,SDC2,macrophages,__broad__,fibroblasts,__broad__,30,2.0,3,7,0.09945004932423185,-0.27813842139000133,0.47703852003846947,0.021795619297629187,0.2082902573361256,descriptive_no_p_value
GSE135893,broad,consensus,core,TGFB1,ACVRL1,macrophages,__broad__,fibroblasts,__broad__,30,2.0,3,7,-0.4025586810502597,-0.27813842139000133,-0.5269789407105154,-0.5354681151019607,-0.26785529136093,descriptive_no_p_value
GSE135893,broad,consensus,core,TGFB1,CXCR4,macrophages,__broad__,fibroblasts,__broad__,30,2.0,3,7,0.3386383393138548,-0.27813842139000133,0.9554151000177133,0.06872545828461263,0.7442778999153652,descriptive_no_p_value
GSE135893,broad,consensus,core,TGFB1,TGFBR3,macrophages,__broad__,fibroblasts,__broad__,30,2.0,3,7,-0.4766192229321229,-0.27813842139000133,-0.6751000244742453,-0.8226414095286287,-0.24848751294621874,descriptive_no_p_value
GSE135893,broad,consensus,core,TGFB1,VASN,macrophages,__broad__,fibroblasts,__broad__,30,2.0,3,7,-0.2545966129638453,-0.27813842139000133,-0.23105480453768834,-0.45032166187015576,-0.05004752731780293,descriptive_no_p_value
GSE135893,broad,consensus,core,IL1A,IL1R1_IL1RAP,macrophages,__broad__,fibroblasts,__broad__,30,2.0,3,7,0.5408160330487446,0.5155467767636788,0.5660852893338109,0.29243779851625185,0.9495543319729047,descriptive_no_p_value
GSE135893,broad,consensus,core,IL1A,IL1R1_IL1RAP,macrophages,__broad__,AT2,__broad__,30,2.0,6,8,-0.2295240597858581,-0.15934974339141217,-0.2996983761803036,-0.5000668815882134,0.1828107155627805,descriptive_no_p_value
GSE135893,broad,consensus,core,IL1A,IL1R1_IL1RAP,AT2,__broad__,fibroblasts,__broad__,30,2.0,3,3,0.5887440821625531,-0.08148991661645333,1.2589780809415596,0.36145695097739017,0.7565673336188348,descriptive_no_p_value
GSE135893,broad,consensus,core,IL1A,IL1R2_IL1RAP,macrophages,__broad__,fibroblasts,__broad__,30,2.0,3,7,0.24348221738535636,0.5155467767636788,-0.028582341992965832,-0.00185389393862323,0.5020950327568754,descriptive_no_p_value
GSE135893,broad,consensus,core,IL1A,IL1R2_IL1RAP,macrophages,__broad__,AT2,__broad__,30,2.0,6,8,-0.4164179543656019,-0.15934974339141217,-0.6734861653397918,-0.6164506874769202,-0.19310310164995792,descriptive_no_p_value
GSE135893,broad,consensus,core,IL1A,IL1R2_IL1RAP,AT2,__broad__,fibroblasts,__broad__,30,2.0,3,3,0.22239657555634337,-0.08148991661645333,0.5262830677291401,0.09847636071963753,0.3805310100098175,descriptive_no_p_value
GSE135893,broad,consensus,core,IL1B,IL1R1_IL1RAP,macrophages,__broad__,fibroblasts,__broad__,30,2.0,3,7,1.3186224442270156,2.071159599120218,0.5660852893338109,0.9830315998243133,1.9525360569744183,descriptive_no_p_value
GSE135893,broad,consensus,core,IL1B,IL1R1_IL1RAP,macrophages,__broad__,AT2,__broad__,30,2.0,6,8,0.09995401149991068,0.4996063991801236,-0.2996983761803036,-0.1133628468605723,0.5666106101021997,descriptive_no_p_value
GSE135893,broad,consensus,core,IL1B,IL1R1_IL1RAP,AT2,__broad__,fibroblasts,__broad__,30,2.0,3,3,1.3579756565574828,1.456973232173405,1.2589780809415596,0.6747565603661267,2.0510770802922367,descriptive_no_p_value
GSE135893,broad,consensus,core,IL1B,IL1R2_IL1RAP,macrophages,__broad__,fibroblasts,__broad__,30,2.0,3,7,1.0212886285636262,2.071159599120218,-0.028582341992965832,0.7903455961342583,1.4277344218282506,descriptive_no_p_value
GSE135893,broad,consensus,core,IL1B,IL1R2_IL1RAP,macrophages,__broad__,AT2,__broad__,30,2.0,6,8,-0.0869398830798338,0.4996063991801236,-0.6734861653397918,-0.3257194892944022,0.15381601605040052,descriptive_no_p_value
GSE135893,broad,consensus,core,IL1B,IL1R2_IL1RAP,AT2,__broad__,fibroblasts,__broad__,30,2.0,3,3,0.9916281499512728,1.456973232173405,0.5262830677291401,0.4117759701083742,1.7834001284106193,descriptive_no_p_value
GSE135893,broad,consensus,core,IL1B,ADRB2,macrophages,__broad__,fibroblasts,__broad__,30,2.0,3,7,1.6653923439146587,2.071159599120218,1.2596250887090992,1.4025364286621742,2.153340516006364,descriptive_no_p_value
GSE135893,broad,consensus,core,IL1B,ADRB2,macrophages,__broad__,AT2,__broad__,30,2.0,6,8,0.13873526846262418,0.4996063991801236,-0.22213586225487614,-0.11081107033253446,0.46323881149312474,descriptive_no_p_value
GSE135893,broad,consensus,core,IL1B,ADRB2,AT2,__broad__,fibroblasts,__broad__,30,2.0,3,3,1.5584889942433846,1.456973232173405,1.660004756313364,1.0179308303593888,2.3521301100115486,descriptive_no_p_value
GSE135893,broad,consensus,core,IL1B,SIGIRR,macrophages,__broad__,fibroblasts,__broad__,30,2.0,3,7,0.9104094050560478,2.071159599120218,-0.2503407890081215,0.427359036991219,1.439312666667897,descriptive_no_p_value
GSE135893,broad,consensus,core,IL1B,SIGIRR,macrophages,__broad__,AT2,__broad__,30,2.0,6,8,0.08177520374727631,0.4996063991801236,-0.33605599168557365,-0.08565074173202092,0.3290897605743357,descriptive_no_p_value
GSE135893,broad,consensus,core,IL1B,SIGIRR,AT2,__broad__,fibroblasts,__broad__,30,2.0,3,3,0.3752722793893768,1.456973232173405,-0.706428673394651,-0.10322112116250226,0.8416523652413725,descriptive_no_p_value
GSE135893,broad,consensus,exploratory,CCL2,CCR1,fibroblasts,__broad__,macrophages,__broad__,30,2.0,3,7,1.883457910919458,2.7622788924616337,1.004636929377284,1.4214265717915628,2.40821397682119,descriptive_no_p_value
GSE135893,broad,consensus,exploratory,CCL2,CCR2,fibroblasts,__broad__,macrophages,__broad__,30,2.0,3,7,2.0333814308251688,2.7622788924616337,1.304483969188707,1.0763619892008087,2.711251760578992,descriptive_no_p_value
GSE135893,broad,consensus,exploratory,CCL2,CCR10,fibroblasts,__broad__,macrophages,__broad__,30,2.0,3,7,1.5839867524502873,2.7622788924616337,0.40569461243894256,1.3221786929444903,1.8199081990732902,descriptive_no_p_value
GSE135893,broad,consensus,exploratory,CCL2,CCR3,fibroblasts,__broad__,macrophages,__broad__,30,2.0,3,7,1.3951039592016468,2.7622788924616337,0.027929025941661134,0.9317485190569146,1.745906824026147,descriptive_no_p_value
GSE135893,broad,consensus,exploratory,CCL2,CCR4,fibroblasts,__broad__,macrophages,__broad__,30,2.0,3,7,1.4232883979643054,2.7622788924616337,0.08429790346697885,0.9599329578195732,1.7740912627888057,descriptive_no_p_value
GSE135893,broad,consensus,exploratory,CCL2,CCR5,fibroblasts,__broad__,macrophages,__broad__,30,2.0,3,7,2.0399983374697843,2.7622788924616337,1.317717782477939,1.4865267448094324,2.6923794641857777,descriptive_no_p_value
GSE135893,broad,consensus,exploratory,CCL2,ACKR1,fibroblasts,__broad__,macrophages,__broad__,30,2.0,3,7,2.7482662681860983,2.7622788924616337,2.734253643910564,2.4964920054860675,3.020452754902908,descriptive_no_p_value
GSE135893,broad,consensus,exploratory,CCL2,ACKR4,fibroblasts,__broad__,macrophages,__broad__,30,2.0,3,7,1.2579863754801246,2.7622788924616337,-0.24630614150138452,0.854119730864622,1.490669506733382,descriptive_no_p_value
GSE135893,broad,consensus,core,AREG,EGFR_ERBB2,macrophages,__broad__,fibroblasts,__broad__,30,2.0,3,7,0.732114588869913,1.8428017108537622,-0.3785725331139371,0.04305507294787958,1.1384690590507391,descriptive_no_p_value
GSE135893,broad,consensus,core,AREG,EGFR_ERBB2,AT2,__broad__,fibroblasts,__broad__,30,2.0,3,3,1.0890996898836969,2.52145504909486,-0.3432556693274673,0.7837247362924371,1.5034798612638518,descriptive_no_p_value
GSE135893,broad,consensus,core,AREG,ERBB3,macrophages,__broad__,fibroblasts,__broad__,30,2.0,3,7,0.4172053318401874,1.8428017108537622,-1.0083910471733861,-0.3296316846636911,0.8730581476673018,descriptive_no_p_value
GSE135893,broad,consensus,core,AREG,ERBB3,AT2,__broad__,fibroblasts,__broad__,30,2.0,3,3,0.9498541706152164,2.52145504909486,-0.6217467078644281,0.792760934971156,1.1236956925090054,descriptive_no_p_value
GSE135893,broad,consensus,exploratory,FGF7,NRP1,fibroblasts,__broad__,AT2,__broad__,30,2.0,3,3,1.0930166740921,1.4965720400553622,0.6894613081288372,0.7947534380358912,1.6380593990056527,descriptive_no_p_value
GSE135893,broad,consensus,exploratory,FGF7,FGFR1,fibroblasts,__broad__,AT2,__broad__,30,2.0,3,3,1.0448393006741403,1.4965720400553622,0.5931065612929176,0.7911148466930431,1.1872327972326664,descriptive_no_p_value
GSE135893,broad,consensus,exploratory,FGF7,FGFR2,fibroblasts,__broad__,AT2,__broad__,30,2.0,3,3,0.7792367082191536,1.4965720400553622,0.061901376382940576,0.5370874482440939,1.1625424885181532,descriptive_no_p_value
GSE135893,broad,consensus,exploratory,FGF7,FGFR4,fibroblasts,__broad__,AT2,__broad__,30,2.0,3,3,0.4769132765113895,1.4965720400553622,-0.542745487032585,0.2806186023337407,0.7316882486254896,descriptive_no_p_value
GSE135893,broad,consensus,exploratory,FGF7,FGFR3,fibroblasts,__broad__,AT2,__broad__,30,2.0,3,3,0.675706326556365,1.4965720400553622,-0.14515938694263353,0.2826314002469541,1.1922990742569706,descriptive_no_p_value
GSE135893,broad,consensus,exploratory,CXCL12,CD4,fibroblasts,__broad__,macrophages,__broad__,30,2.0,3,7,1.3988432773056871,2.306104048059284,0.491582506552092,1.182960427099765,1.6726232516679023,descriptive_no_p_value
GSE135893,broad,consensus,exploratory,CXCL12,ITGB3,fibroblasts,__broad__,macrophages,__broad__,30,2.0,3,7,2.089310622906761,2.306104048059284,1.8725171977542374,1.8305484874587137,2.5691267611631585,descriptive_no_p_value
GSE135893,broad,consensus,exploratory,CXCL12,ITGB1,fibroblasts,__broad__,macrophages,__broad__,30,2.0,3,7,1.4080008840556157,2.306104048059284,0.5098977200519483,1.279583543938017,1.5895077546184275,descriptive_no_p_value
GSE135893,broad,consensus,exploratory,CXCL12,ITGAV,fibroblasts,__broad__,macrophages,__broad__,30,2.0,3,7,1.57283846149455,2.306104048059284,0.8395728749298144,1.3888661785812069,1.8326424502749017,descriptive_no_p_value
GSE135893,broad,consensus,exploratory,CXCL12,ITGA5,fibroblasts,__broad__,macrophages,__broad__,30,2.0,3,7,1.5154509805302308,2.306104048059284,0.7247979130011757,1.305241431698759,1.801689567908654,descriptive_no_p_value
GSE135893,broad,consensus,exploratory,CXCL12,ITGA4,fibroblasts,__broad__,macrophages,__broad__,30,2.0,3,7,1.2050030699902843,2.306104048059284,0.10390209192128541,0.8696534313463955,1.414132552945401,descriptive_no_p_value
GSE135893,broad,consensus,exploratory,CXCL12,ACKR3,fibroblasts,__broad__,macrophages,__broad__,30,2.0,3,7,1.1524173305079346,2.306104048059284,-0.001269387043414394,0.9147461578760252,1.3927640607269476,descriptive_no_p_value
GSE135893,broad,consensus,exploratory,CXCL12,AVPR1A,fibroblasts,__broad__,macrophages,__broad__,30,2.0,3,7,1.2774625199298855,2.306104048059284,0.24882099180048645,1.1030912412909017,1.4357684751486346,descriptive_no_p_value
GSE135893,broad,consensus,exploratory,CXCL12,MTNR1A,fibroblasts,__broad__,macrophages,__broad__,30,2.0,3,7,1.1530520240296431,2.306104048059284,8.881784197001252e-16,1.0000757406780654,1.3576966652794182,descriptive_no_p_value
GSE135893,broad,consensus,exploratory,CXCL12,CXCR3,fibroblasts,__broad__,macrophages,__broad__,30,2.0,3,7,1.379144281767886,2.306104048059284,0.45218451547648686,1.1000392363111224,1.8795702623018773,descriptive_no_p_value
GSE135893,broad,consensus,exploratory,CXCL12,CCR4,fibroblasts,__broad__,macrophages,__broad__,30,2.0,3,7,1.195200975763132,2.306104048059284,0.08429790346697885,1.0129734921971116,1.3705944167984643,descriptive_no_p_value
GSE135893,broad,consensus,exploratory,CXCL12,CXCR4,fibroblasts,__broad__,macrophages,__broad__,30,2.0,3,7,1.4130080479372458,2.306104048059284,0.5199120478152048,1.2683259195424093,1.6219310912994835,descriptive_no_p_value
GSE135893,broad,consensus,exploratory,CXCL12,GRM7,fibroblasts,__broad__,macrophages,__broad__,30,2.0,3,7,1.308943124892756,2.306104048059284,0.3117822017262264,1.124372385070575,1.5135877661425312,descriptive_no_p_value
GSE135893,broad,consensus,core,HBEGF,EGFR_ERBB2,macrophages,__broad__,fibroblasts,__broad__,30,2.0,3,7,0.42393960900101035,1.2264517511159578,-0.3785725331139371,0.29131822750587855,0.4986992682282638,descriptive_no_p_value
GSE135893,broad,consensus,core,HBEGF,EGFR_ERBB2,AT2,__broad__,fibroblasts,__broad__,30,2.0,3,3,1.4745955102868842,3.2924466899012335,-0.3432556693274673,1.1439767447871678,1.8898516960194285,descriptive_no_p_value
GSE135893,broad,consensus,core,HBEGF,ERBB2_ERBB4,macrophages,__broad__,fibroblasts,__broad__,30,2.0,3,7,1.0713048533030332,1.2264517511159578,0.9161579554901093,0.9434476886143495,1.3149522515406096,descriptive_no_p_value
GSE135893,broad,consensus,core,HBEGF,ERBB2_ERBB4,AT2,__broad__,fibroblasts,__broad__,30,2.0,3,3,2.2250537286006296,3.2924466899012335,1.1576607673000257,1.741073237103463,2.7782987520495284,descriptive_no_p_value
GSE135893,broad,consensus,core,HBEGF,CD44,macrophages,__broad__,fibroblasts,__broad__,30,2.0,3,7,0.8491738330345608,1.2264517511159578,0.47189591495316385,0.6866472126549779,1.0388566525039105,descriptive_no_p_value
GSE135893,broad,consensus,core,HBEGF,CD44,AT2,__broad__,fibroblasts,__broad__,30,2.0,3,3,1.9663119183216828,3.2924466899012335,0.6401771467421336,1.456505464260399,2.498494454384872,descriptive_no_p_value
GSE135893,broad,consensus,core,HBEGF,PRLR,macrophages,__broad__,fibroblasts,__broad__,30,2.0,3,7,0.7361761275691467,1.2264517511159578,0.2459005040223341,0.5966481506415002,0.9798235258067232,descriptive_no_p_value
GSE135893,broad,consensus,core,HBEGF,PRLR,AT2,__broad__,fibroblasts,__broad__,30,2.0,3,3,1.5838825822045444,3.2924466899012335,-0.1246815254921449,1.1010077877511648,2.137127605653443,descriptive_no_p_value
GSE135893,broad,consensus,exploratory,CCL2,ACKR2,fibroblasts,__broad__,macrophages,__broad__,30,2.0,3,7,1.2038340610175209,2.7622788924616337,-0.3546107704265913,0.8920072522399729,1.3887937910421533,descriptive_no_p_value
GSE135893,broad,consensus,exploratory,CXCL12,DPP4,fibroblasts,__broad__,macrophages,__broad__,30,2.0,3,7,2.3067362395591355,2.306104048059284,2.307368431058988,2.087507130715495,2.530413220673332,descriptive_no_p_value
GSE135893,broad,consensus,core,TGFB1,ENG,macrophages,__broad__,fibroblasts,__broad__,30,2.0,3,7,-0.0816697813899383,-0.27813842139000133,0.11479885861012562,-0.13966386442945034,-0.005345174574822309,descriptive_no_p_value
GSE135893,broad,consensus,core,HBEGF,CD9,macrophages,__broad__,fibroblasts,__broad__,30,2.0,3,7,1.0529439062931019,1.2264517511159578,0.8794360614702486,0.776301728969317,1.5669340747044522,descriptive_no_p_value
GSE135893,broad,consensus,core,HBEGF,CD9,AT2,__broad__,fibroblasts,__broad__,30,2.0,3,3,2.1397617912035223,3.2924466899012335,0.9870768925058089,1.4960350529752509,2.9633495848261946,descriptive_no_p_value
GSE135893,broad,consensus,core,HBEGF,CD82,macrophages,__broad__,fibroblasts,__broad__,30,2.0,3,7,0.7672268530890607,1.2264517511159578,0.30800195506216266,0.597382552381311,0.9710393743016441,descriptive_no_p_value
GSE135893,broad,consensus,core,HBEGF,CD82,AT2,__broad__,fibroblasts,__broad__,30,2.0,3,3,1.9817739783301809,3.2924466899012335,0.6711012667591261,1.4448451167179464,2.3591571838348626,descriptive_no_p_value
GSE135893,broad,consensus,core,TGFB1,CAV1,macrophages,__broad__,fibroblasts,__broad__,30,2.0,3,7,0.15585496041105174,-0.27813842139000133,0.5898483422121075,0.04398116017197484,0.3291670261470836,descriptive_no_p_value
GSE135893,broad,consensus,exploratory,CXCL12,SDC4,fibroblasts,__broad__,macrophages,__broad__,30,2.0,3,7,1.6502981393980054,2.306104048059284,0.9944922307367268,1.4932343988022483,1.7579940040826196,descriptive_no_p_value
GSE135893,broad,consensus,core,TGFB1,LPP,macrophages,__broad__,fibroblasts,__broad__,30,2.0,3,7,0.29210419810997124,-0.27813842139000133,0.86234681760995,0.09518412850100066,0.4410201518303509,descriptive_no_p_value
GSE135893,broad,cellchatdb,core,IL1B,IL1R2,macrophages,__broad__,fibroblasts,__broad__,30,2.0,3,7,1.1278210557759278,2.071159599120218,0.1844825124316367,0.8968780233465599,1.5342668490405522,descriptive_no_p_value
GSE135893,broad,cellchatdb,core,IL1B,IL1R2,macrophages,__broad__,AT2,__broad__,30,2.0,6,8,0.09082234771873443,0.4996063991801236,-0.3179617037426542,-0.14795725849583397,0.33157824684896875,descriptive_no_p_value
GSE135893,broad,cellchatdb,core,IL1B,IL1R2,AT2,__broad__,fibroblasts,__broad__,30,2.0,3,3,0.9916281499512728,1.456973232173405,0.5262830677291401,0.4117759701083742,1.7834001284106193,descriptive_no_p_value
GSE135893,broad,cellchatdb,core,AREG,EGFR,macrophages,__broad__,fibroblasts,__broad__,30,2.0,3,7,0.933638221089292,1.8428017108537622,0.024474731324823473,0.1323912460836123,1.4475648332966067,descriptive_no_p_value
GSE135893,broad,cellchatdb,core,AREG,EGFR,AT2,__broad__,fibroblasts,__broad__,30,2.0,3,3,1.2610385306689231,2.52145504909486,0.0006220122429878572,0.7001081666477154,1.6093458194950374,descriptive_no_p_value
GSE135893,broad,cellchatdb,core,HBEGF,EGFR,macrophages,__broad__,fibroblasts,__broad__,30,2.0,3,7,0.6254632412203911,1.2264517511159578,0.024474731324823473,0.46787345550065496,0.7942825205802766,descriptive_no_p_value
GSE135893,broad,cellchatdb,core,HBEGF,EGFR,AT2,__broad__,fibroblasts,__broad__,30,2.0,3,3,1.6465343510721109,3.2924466899012335,0.0006220122429878572,1.2351753420124156,1.9957176542506145,descriptive_no_p_value
GSE135893,broad,cellchatdb,exploratory,FGF7,FGFR2,fibroblasts,__broad__,AT2,__broad__,30,2.0,3,3,0.7792367082191536,1.4965720400553622,0.061901376382940576,0.5370874482440939,1.1625424885181532,descriptive_no_p_value
GSE135893,broad,cellchatdb,exploratory,FGF10,FGFR2,fibroblasts,__broad__,AT2,__broad__,30,2.0,3,3,0.9350054404796104,1.80810950457628,0.061901376382940576,0.4982893689940484,1.1688696043354634,descriptive_no_p_value
GSE135893,broad,cellchatdb,core,HBEGF,ERBB4,macrophages,__broad__,fibroblasts,__broad__,30,2.0,3,7,1.0713048533030332,1.2264517511159578,0.9161579554901093,0.9434476886143495,1.3149522515406096,descriptive_no_p_value
GSE135893,broad,cellchatdb,core,HBEGF,ERBB4,AT2,__broad__,fibroblasts,__broad__,30,2.0,3,3,2.2250537286006296,3.2924466899012335,1.1576607673000257,1.741073237103463,2.7782987520495284,descriptive_no_p_value
GSE135893,broad,cellchatdb,exploratory,CXCL12,ACKR3,fibroblasts,__broad__,macrophages,__broad__,30,2.0,3,7,1.1524173305079346,2.306104048059284,-0.001269387043414394,0.9147461578760252,1.3927640607269476,descriptive_no_p_value
GSE135893,broad,cellchatdb,exploratory,CCL2,CCR2,fibroblasts,__broad__,macrophages,__broad__,30,2.0,3,7,2.0333814308251688,2.7622788924616337,1.304483969188707,1.0763619892008087,2.711251760578992,descriptive_no_p_value
GSE135893,broad,cellchatdb,exploratory,CXCL12,CXCR4,fibroblasts,__broad__,macrophages,__broad__,30,2.0,3,7,1.4130080479372458,2.306104048059284,0.5199120478152048,1.2683259195424093,1.6219310912994835,descriptive_no_p_value
GSE135893,broad,cellchatdb,exploratory,CCL2,ACKR1,fibroblasts,__broad__,macrophages,__broad__,30,2.0,3,7,2.7482662681860983,2.7622788924616337,2.734253643910564,2.4964920054860675,3.020452754902908,descriptive_no_p_value
GSE135893,broad,cellchatdb,exploratory,CCL2,ACKR2,fibroblasts,__broad__,macrophages,__broad__,30,2.0,3,7,1.2038340610175209,2.7622788924616337,-0.3546107704265913,0.8920072522399729,1.3887937910421533,descriptive_no_p_value
GSE135893,broad,cellchatdb,core,IL1A,IL1R1_IL1RAP,macrophages,__broad__,fibroblasts,__broad__,30,2.0,3,7,0.5408160330487446,0.5155467767636788,0.5660852893338109,0.29243779851625185,0.9495543319729047,descriptive_no_p_value
GSE135893,broad,cellchatdb,core,IL1A,IL1R1_IL1RAP,macrophages,__broad__,AT2,__broad__,30,2.0,6,8,-0.2295240597858581,-0.15934974339141217,-0.2996983761803036,-0.5000668815882134,0.1828107155627805,descriptive_no_p_value
GSE135893,broad,cellchatdb,core,IL1A,IL1R1_IL1RAP,AT2,__broad__,fibroblasts,__broad__,30,2.0,3,3,0.5887440821625531,-0.08148991661645333,1.2589780809415596,0.36145695097739017,0.7565673336188348,descriptive_no_p_value
GSE135893,broad,cellchatdb,core,IL1B,IL1R1_IL1RAP,macrophages,__broad__,fibroblasts,__broad__,30,2.0,3,7,1.3186224442270156,2.071159599120218,0.5660852893338109,0.9830315998243133,1.9525360569744183,descriptive_no_p_value
GSE135893,broad,cellchatdb,core,IL1B,IL1R1_IL1RAP,macrophages,__broad__,AT2,__broad__,30,2.0,6,8,0.09995401149991068,0.4996063991801236,-0.2996983761803036,-0.1133628468605723,0.5666106101021997,descriptive_no_p_value
GSE135893,broad,cellchatdb,core,IL1B,IL1R1_IL1RAP,AT2,__broad__,fibroblasts,__broad__,30,2.0,3,3,1.3579756565574828,1.456973232173405,1.2589780809415596,0.6747565603661267,2.0510770802922367,descriptive_no_p_value
GSE135893,broad,cellchatdb,core,TGFB1,TGFBR1_TGFBR2,macrophages,__broad__,fibroblasts,__broad__,30,2.0,3,7,0.03807226769540506,-0.27813842139000133,0.3542829567808141,-0.17027503713021463,0.19072724505199545,descriptive_no_p_value
GSE135893,broad,cellchatdb,core,IL1A,IL1R2,macrophages,__broad__,fibroblasts,__broad__,30,2.0,3,7,0.35001464459765796,0.5155467767636788,0.1844825124316367,0.12243393780906175,0.6263828645045602,descriptive_no_p_value
GSE135893,broad,cellchatdb,core,IL1A,IL1R2,macrophages,__broad__,AT2,__broad__,30,2.0,6,8,-0.23865572356703313,-0.15934974339141217,-0.3179617037426542,-0.41329385227855586,0.01005373354840644,descriptive_no_p_value
GSE135893,broad,cellchatdb,core,IL1A,IL1R2,AT2,__broad__,fibroblasts,__broad__,30,2.0,3,3,0.22239657555634337,-0.08148991661645333,0.5262830677291401,0.09847636071963753,0.3805310100098175,descriptive_no_p_value
GSE135893,broad,cellchatdb,exploratory,FGF10,FGFR1,fibroblasts,__broad__,AT2,__broad__,30,2.0,3,3,1.2006080329345976,1.80810950457628,0.5931065612929176,1.0474419783315025,1.3918847465582682,descriptive_no_p_value
GSE135893,broad,cellchatdb,exploratory,FGF7,FGFR1,fibroblasts,__broad__,AT2,__broad__,30,2.0,3,3,1.0448393006741403,1.4965720400553622,0.5931065612929176,0.7911148466930431,1.1872327972326664,descriptive_no_p_value
GSE135893,broad,cellchatdb,core,TGFB1,ACVR1B_TGFBR2,macrophages,__broad__,fibroblasts,__broad__,30,2.0,3,7,0.5478519010722405,-0.27813842139000133,1.373842223534485,0.38040350313315496,0.7007290611498114,descriptive_no_p_value
GSE135893,broad,cellchatdb,core,TGFB1,ACVR1C_TGFBR2,macrophages,__broad__,fibroblasts,__broad__,30,2.0,3,7,-0.33246075998855895,-0.27813842139000133,-0.38678309858711574,-0.4946256070647306,-0.07018859857215398,descriptive_no_p_value
GSE135893,broad,cellchatdb,core,TGFB1,ACVR1_TGFBR1_TGFBR2,macrophages,__broad__,fibroblasts,__broad__,30,2.0,3,7,-0.07370264819921868,-0.27813842139000133,0.13073312499156842,-0.2405554090254629,0.12044687315674629,descriptive_no_p_value
GSE135893,broad,cellchatdb,core,AREG,EGFR_ERBB2,macrophages,__broad__,fibroblasts,__broad__,30,2.0,3,7,0.732114588869913,1.8428017108537622,-0.3785725331139371,0.04305507294787958,1.1384690590507391,descriptive_no_p_value
GSE135893,broad,cellchatdb,core,AREG,EGFR_ERBB2,AT2,__broad__,fibroblasts,__broad__,30,2.0,3,3,1.0890996898836969,2.52145504909486,-0.3432556693274673,0.7837247362924371,1.5034798612638518,descriptive_no_p_value
GSE135893,broad,cellchatdb,core,HBEGF,EGFR_ERBB2,macrophages,__broad__,fibroblasts,__broad__,30,2.0,3,7,0.42393960900101035,1.2264517511159578,-0.3785725331139371,0.29131822750587855,0.4986992682282638,descriptive_no_p_value
GSE135893,broad,cellchatdb,core,HBEGF,EGFR_ERBB2,AT2,__broad__,fibroblasts,__broad__,30,2.0,3,3,1.4745955102868842,3.2924466899012335,-0.3432556693274673,1.1439767447871678,1.8898516960194285,descriptive_no_p_value
GSE135893,broad,cellchatdb,core,HBEGF,ERBB2_ERBB4,macrophages,__broad__,fibroblasts,__broad__,30,2.0,3,7,1.0713048533030332,1.2264517511159578,0.9161579554901093,0.9434476886143495,1.3149522515406096,descriptive_no_p_value
GSE135893,broad,cellchatdb,core,HBEGF,ERBB2_ERBB4,AT2,__broad__,fibroblasts,__broad__,30,2.0,3,3,2.2250537286006296,3.2924466899012335,1.1576607673000257,1.741073237103463,2.7782987520495284,descriptive_no_p_value
GSE135893,subtype,consensus,core,TGFB1,ITGAV_ITGB6,macrophages,Macrophages,fibroblasts,Myofibroblasts,30,2.0,3,6,0.0801435649786777,-0.22150503120492981,0.38179216116228476,-0.05125513654353586,0.1371635667924762,descriptive_no_p_value
GSE135893,subtype,consensus,core,TGFB1,ACVR1B_TGFBR2,macrophages,Macrophages,fibroblasts,Myofibroblasts,30,2.0,3,6,0.46917525046353603,-0.22150503120492981,1.1598555321320014,0.2503427849173807,0.7008979545057361,descriptive_no_p_value
GSE135893,subtype,consensus,core,TGFB1,TGFBR1_TGFBR2,macrophages,Macrophages,fibroblasts,Myofibroblasts,30,2.0,3,6,0.133206545133576,-0.22150503120492981,0.48791812147208447,-0.03743155277803556,0.24868076779554027,descriptive_no_p_value
GSE135893,subtype,consensus,core,TGFB1,ACVR1_TGFBR1_TGFBR2,macrophages,Macrophages,fibroblasts,Myofibroblasts,30,2.0,3,6,-0.0100544378771108,-0.22150503120492981,0.20139615545071088,-0.15744278860168048,0.14114057759347443,descriptive_no_p_value
GSE135893,subtype,consensus,core,TGFB1,ACVR1_TGFBR2,macrophages,Macrophages,fibroblasts,Myofibroblasts,30,2.0,3,6,-0.11077377818745404,-0.22150503120492981,-4.252516997738098e-05,-0.36820879438276144,0.04517037469835827,descriptive_no_p_value
GSE135893,subtype,consensus,core,TGFB1,ACVR1C_TGFBR2,macrophages,Macrophages,fibroblasts,Myofibroblasts,30,2.0,3,6,-0.055174366623119475,-0.22150503120492981,0.11115629795868998,-0.10661509255855428,-0.0023076386544396144,descriptive_no_p_value
GSE135893,subtype,consensus,core,TGFB1,EGFR,macrophages,Macrophages,fibroblasts,Myofibroblasts,30,2.0,3,6,-0.19136541364507664,-0.22150503120492981,-0.16122579608522525,-0.3803470070712356,-0.058949222345987984,descriptive_no_p_value
GSE135893,subtype,consensus,core,TGFB1,ITGB3,macrophages,Macrophages,fibroblasts,Myofibroblasts,30,2.0,3,6,0.2917660731293328,-0.22150503120492981,0.8050371774635967,0.18692351077801295,0.4471584678300484,descriptive_no_p_value
GSE135893,subtype,consensus,core,TGFB1,ITGB1,macrophages,Macrophages,fibroblasts,Myofibroblasts,30,2.0,3,6,0.25702591111553996,-0.22150503120492981,0.7355568534360124,0.11567970856874688,0.36880368686503484,descriptive_no_p_value
GSE135893,subtype,consensus,core,TGFB1,ITGB5,macrophages,Macrophages,fibroblasts,Myofibroblasts,30,2.0,3,6,-0.006376346659156873,-0.22150503120492981,0.2087523378866134,-0.17458172286070273,0.1518395488858495,descriptive_no_p_value
GSE135893,subtype,consensus,core,TGFB1,ITGB8,macrophages,Macrophages,fibroblasts,Myofibroblasts,30,2.0,3,6,0.6848014786207601,-0.22150503120492981,1.591107988446447,0.4589743203173269,0.8106212606241066,descriptive_no_p_value
GSE135893,subtype,consensus,core,TGFB1,SDC2,macrophages,Macrophages,fibroblasts,Myofibroblasts,30,2.0,3,6,0.2163080926914418,-0.22150503120492981,0.6541212165878161,0.1299761867865481,0.3384846551896201,descriptive_no_p_value
GSE135893,subtype,consensus,core,TGFB1,ACVRL1,macrophages,Macrophages,fibroblasts,Myofibroblasts,30,2.0,3,6,-0.4967549755960139,-0.22150503120492981,-0.772004919987098,-0.6172664282715603,-0.3835583975805106,descriptive_no_p_value
GSE135893,subtype,consensus,core,TGFB1,CXCR4,macrophages,Macrophages,fibroblasts,Myofibroblasts,30,2.0,3,6,0.094763675017278,-0.22150503120492981,0.4110323812394858,-0.06813223169249039,0.31624803453269923,descriptive_no_p_value
GSE135893,subtype,consensus,core,TGFB1,TGFBR3,macrophages,Macrophages,fibroblasts,Myofibroblasts,30,2.0,3,6,-0.1869745616249645,-0.22150503120492981,-0.1524440920450001,-0.43682386005055296,-0.01845854972383254,descriptive_no_p_value
GSE135893,subtype,consensus,core,TGFB1,VASN,macrophages,Macrophages,fibroblasts,Myofibroblasts,30,2.0,3,6,0.0012377445598623638,-0.22150503120492981,0.22398052032465543,-0.28119880048120915,0.32928792021038955,descriptive_no_p_value
GSE135893,subtype,consensus,core,IL1A,IL1R1_IL1RAP,macrophages,Macrophages,fibroblasts,Myofibroblasts,30,2.0,3,6,0.5826111348862435,0.038460367861048006,1.1267619019114385,0.22093832407114267,1.079834649971843,descriptive_no_p_value
GSE135893,subtype,consensus,core,IL1A,IL1R1_IL1RAP,macrophages,Macrophages,AT2,AT2,30,2.0,6,8,-0.23137757001292947,-0.16305676384555534,-0.2996983761803036,-0.4891850387623504,0.17068348100185649,descriptive_no_p_value
GSE135893,subtype,consensus,core,IL1A,IL1R2_IL1RAP,macrophages,Macrophages,fibroblasts,Myofibroblasts,30,2.0,3,6,-0.19245531092733703,0.038460367861048006,-0.4233709897157216,-0.45845367706095086,0.11341931479528933,descriptive_no_p_value
GSE135893,subtype,consensus,core,IL1A,IL1R2_IL1RAP,macrophages,Macrophages,AT2,AT2,30,2.0,6,8,-0.4182714645926737,-0.16305676384555534,-0.6734861653397918,-0.6055688446510579,-0.20096564844517306,descriptive_no_p_value
GSE135893,subtype,consensus,core,IL1B,IL1R1_IL1RAP,macrophages,Macrophages,fibroblasts,Myofibroblasts,30,2.0,3,6,1.5306137692063002,1.9344656365011623,1.1267619019114385,1.0309347406212686,2.2451878228676367,descriptive_no_p_value
GSE135893,subtype,consensus,core,IL1B,IL1R1_IL1RAP,macrophages,Macrophages,AT2,AT2,30,2.0,6,8,0.10588413118389717,0.5114666385480975,-0.2996983761803036,-0.10115898570580484,0.5676643292142627,descriptive_no_p_value
GSE135893,subtype,consensus,core,IL1B,IL1R2_IL1RAP,macrophages,Macrophages,fibroblasts,Myofibroblasts,30,2.0,3,6,0.7555473233927206,1.9344656365011623,-0.4233709897157216,0.3515427394891768,1.278772487691084,descriptive_no_p_value
GSE135893,subtype,consensus,core,IL1B,IL1R2_IL1RAP,macrophages,Macrophages,AT2,AT2,30,2.0,6,8,-0.08100976339584598,0.5114666385480975,-0.6734861653397918,-0.3233767488725787,0.15550312732580185,descriptive_no_p_value
GSE135893,subtype,consensus,core,IL1B,ADRB2,macrophages,Macrophages,fibroblasts,Myofibroblasts,30,2.0,3,6,1.2696274965249383,1.9344656365011623,0.6047893565487135,0.9899978178045767,1.7793053151513867,descriptive_no_p_value
GSE135893,subtype,consensus,core,IL1B,ADRB2,macrophages,Macrophages,AT2,AT2,30,2.0,6,8,0.14466538814661156,0.5114666385480975,-0.22213586225487614,-0.10895694640439935,0.4642925306051895,descriptive_no_p_value
GSE135893,subtype,consensus,core,IL1B,SIGIRR,macrophages,Macrophages,fibroblasts,Myofibroblasts,30,2.0,3,6,1.191280639381782,1.9344656365011623,0.4480956422624045,0.5613713887225833,1.9154922932436618,descriptive_no_p_value
GSE135893,subtype,consensus,core,IL1B,SIGIRR,macrophages,Macrophages,AT2,AT2,30,2.0,6,8,0.0877053234312628,0.5114666385480975,-0.33605599168557365,-0.08379661780388581,0.33014347968639957,descriptive_no_p_value
GSE135893,subtype,consensus,exploratory,CCL2,CCR1,fibroblasts,Myofibroblasts,macrophages,Macrophages,30,2.0,3,6,1.4753245136127253,1.8692475214286155,1.0814015057968343,1.1330436803746,2.0462154573199474,descriptive_no_p_value
GSE135893,subtype,consensus,exploratory,CCL2,CCR2,fibroblasts,Myofibroblasts,macrophages,Macrophages,30,2.0,3,6,1.7219075870992349,1.8692475214286155,1.5745676527698542,0.8454061008895906,2.457755838450871,descriptive_no_p_value
GSE135893,subtype,consensus,exploratory,CCL2,CCR10,fibroblasts,Myofibroblasts,macrophages,Macrophages,30,2.0,3,6,1.1160327717345595,1.8692475214286155,0.3628180220405035,0.9189216572864192,1.2234005076963,descriptive_no_p_value
GSE135893,subtype,consensus,exploratory,CCL2,CCR3,fibroblasts,Myofibroblasts,macrophages,Macrophages,30,2.0,3,6,0.9607159410519595,1.8692475214286155,0.05218436067530163,0.6188170911490496,1.3475871627637095,descriptive_no_p_value
GSE135893,subtype,consensus,exploratory,CCL2,CCR4,fibroblasts,Myofibroblasts,macrophages,Macrophages,30,2.0,3,6,0.9961556093411525,1.8692475214286155,0.12306369725369004,0.6542567594382427,1.3830268310529026,descriptive_no_p_value
GSE135893,subtype,consensus,exploratory,CCL2,CCR5,fibroblasts,Myofibroblasts,macrophages,Macrophages,30,2.0,3,6,1.6047977683866241,1.8692475214286155,1.3403480153446328,1.1567351291342671,2.319397363465443,descriptive_no_p_value
GSE135893,subtype,consensus,exploratory,CCL2,ACKR1,fibroblasts,Myofibroblasts,macrophages,Macrophages,30,2.0,3,6,2.2193165986632617,1.8692475214286155,2.569385675897909,2.0481095704192147,2.498800125834279,descriptive_no_p_value
GSE135893,subtype,consensus,exploratory,CCL2,ACKR4,fibroblasts,Myofibroblasts,macrophages,Macrophages,30,2.0,3,6,0.9822948011626393,1.8692475214286155,0.09534208089666274,0.6623127866384064,1.2494401582939014,descriptive_no_p_value
GSE135893,subtype,consensus,core,AREG,EGFR_ERBB2,macrophages,Macrophages,fibroblasts,Myofibroblasts,30,2.0,3,6,1.1776856473089952,1.8523605897639124,0.5030107048540802,0.5953403367662844,1.7224758579349642,descriptive_no_p_value
GSE135893,subtype,consensus,core,AREG,ERBB3,macrophages,Macrophages,fibroblasts,Myofibroblasts,30,2.0,3,6,0.8309682877944988,1.8523605897639124,-0.19042401417491117,0.07215465672530819,1.4132593829722309,descriptive_no_p_value
GSE135893,subtype,consensus,exploratory,CXCL12,CD4,fibroblasts,Myofibroblasts,macrophages,Macrophages,30,2.0,3,6,1.0019887806315149,1.5299942488945408,0.4739833123684907,0.6330320958123572,1.368729549795444,descriptive_no_p_value
GSE135893,subtype,consensus,exploratory,CXCL12,ITGB3,fibroblasts,Myofibroblasts,macrophages,Macrophages,30,2.0,3,6,1.8908110621196514,1.5299942488945408,2.251627875344759,1.3228962349800009,2.461311872997955,descriptive_no_p_value
GSE135893,subtype,consensus,exploratory,CXCL12,ITGB1,fibroblasts,Myofibroblasts,macrophages,Macrophages,30,2.0,3,6,1.027230557464022,1.5299942488945408,0.524466866033503,0.6632865627806206,1.2836018784589962,descriptive_no_p_value
GSE135893,subtype,consensus,exploratory,CXCL12,ITGAV,fibroblasts,Myofibroblasts,macrophages,Macrophages,30,2.0,3,6,1.1857838442791788,1.5299942488945408,0.8415734396638141,0.7965652878409388,1.538880363397511,descriptive_no_p_value
GSE135893,subtype,consensus,exploratory,CXCL12,ITGA5,fibroblasts,Myofibroblasts,macrophages,Macrophages,30,2.0,3,6,1.155158919841905,1.5299942488945408,0.7803235907892674,0.7656245549956759,1.5317520821821882,descriptive_no_p_value
GSE135893,subtype,consensus,exploratory,CXCL12,ITGA4,fibroblasts,Myofibroblasts,macrophages,Macrophages,30,2.0,3,6,1.0503852943147027,1.5299942488945408,0.5707763397348646,0.8407978902067734,1.3251686140210541,descriptive_no_p_value
GSE135893,subtype,consensus,exploratory,CXCL12,ACKR3,fibroblasts,Myofibroblasts,macrophages,Macrophages,30,2.0,3,6,0.7643096505819065,1.5299942488945408,-0.0013749477307305469,0.19901661611650479,1.2220103809012768,descriptive_no_p_value
GSE135893,subtype,consensus,exploratory,CXCL12,AVPR1A,fibroblasts,Myofibroblasts,macrophages,Macrophages,30,2.0,3,6,0.8619914458480893,1.5299942488945408,0.1939886428016364,0.5110594737532752,1.1401692465958853,descriptive_no_p_value
GSE135893,subtype,consensus,exploratory,CXCL12,MTNR1A,fibroblasts,Myofibroblasts,macrophages,Macrophages,30,2.0,3,6,0.7649971244472704,1.5299942488945408,0.0,0.41406515235245633,1.0431749251950664,descriptive_no_p_value
GSE135893,subtype,consensus,exploratory,CXCL12,CXCR3,fibroblasts,Myofibroblasts,macrophages,Macrophages,30,2.0,3,6,1.1009937965683654,1.5299942488945408,0.6719933442421901,0.7700201966012195,1.2853092533802495,descriptive_no_p_value
GSE135893,subtype,consensus,exploratory,CXCL12,CCR4,fibroblasts,Myofibroblasts,macrophages,Macrophages,30,2.0,3,6,0.8265289730741159,1.5299942488945408,0.12306369725369004,0.5313527235983502,1.0768289125123878,descriptive_no_p_value
GSE135893,subtype,consensus,exploratory,CXCL12,CXCR4,fibroblasts,Myofibroblasts,macrophages,Macrophages,30,2.0,3,6,0.9423727243246391,1.5299942488945408,0.35475119975473657,0.7512731230720675,1.1059862434951526,descriptive_no_p_value
GSE135893,subtype,consensus,exploratory,CXCL12,GRM7,fibroblasts,Myofibroblasts,macrophages,Macrophages,30,2.0,3,6,0.7915967025346262,1.5299942488945408,0.053199156174711604,0.44066473043981214,1.0697745032824222,descriptive_no_p_value
GSE135893,subtype,consensus,core,HBEGF,EGFR_ERBB2,macrophages,Macrophages,fibroblasts,Myofibroblasts,30,2.0,3,6,0.8898965068785127,1.276782308902944,0.5030107048540802,0.5999300537890315,1.0623782607147811,descriptive_no_p_value
GSE135893,subtype,consensus,core,HBEGF,ERBB2_ERBB4,macrophages,Macrophages,fibroblasts,Myofibroblasts,30,2.0,3,6,0.7480301828709992,1.276782308902944,0.21927805683905488,0.6570097401928594,0.872358849974229,descriptive_no_p_value
GSE135893,subtype,consensus,core,HBEGF,CD44,macrophages,Macrophages,fibroblasts,Myofibroblasts,30,2.0,3,6,0.6489183198452482,1.276782308902944,0.021054330787549702,0.45470981804153343,0.9631149541579722,descriptive_no_p_value
GSE135893,subtype,consensus,core,HBEGF,PRLR,macrophages,Macrophages,fibroblasts,Myofibroblasts,30,2.0,3,6,0.694085276167705,1.276782308902944,0.11138824343246512,0.5636592352008902,0.9265564166980749,descriptive_no_p_value
GSE135893,subtype,consensus,exploratory,CCL2,ACKR2,fibroblasts,Myofibroblasts,macrophages,Macrophages,30,2.0,3,6,0.7839494744924518,1.8692475214286155,-0.3013485724437124,0.598761254909002,1.005368242901464,descriptive_no_p_value
GSE135893,subtype,consensus,exploratory,CXCL12,DPP4,fibroblasts,Myofibroblasts,macrophages,Macrophages,30,2.0,3,6,1.914864862136263,1.5299942488945408,2.2997354753779837,1.747672440874421,2.213066260618046,descriptive_no_p_value
GSE135893,subtype,consensus,core,TGFB1,ENG,macrophages,Macrophages,fibroblasts,Myofibroblasts,30,2.0,3,6,0.09168472938024141,-0.22150503120492981,0.40487448996541353,0.02134938241193929,0.19236777747893097,descriptive_no_p_value
GSE135893,subtype,consensus,core,HBEGF,CD9,macrophages,Macrophages,fibroblasts,Myofibroblasts,30,2.0,3,6,1.360910754806409,1.276782308902944,1.445039200709875,1.0946519756897493,1.8588084236240645,descriptive_no_p_value
GSE135893,subtype,consensus,core,HBEGF,CD82,macrophages,Macrophages,fibroblasts,Myofibroblasts,30,2.0,3,6,0.8255619237648215,1.276782308902944,0.37434153862670083,0.6358289951188612,0.9841659263257441,descriptive_no_p_value
GSE135893,subtype,consensus,core,TGFB1,CAV1,macrophages,Macrophages,fibroblasts,Myofibroblasts,30,2.0,3,6,0.2739839738999468,-0.22150503120492981,0.7694729790048243,0.1737498089852707,0.44237048956906566,descriptive_no_p_value
GSE135893,subtype,consensus,exploratory,CXCL12,SDC4,fibroblasts,Myofibroblasts,macrophages,Macrophages,30,2.0,3,6,1.1511567339137825,1.5299942488945408,0.7723192189330215,0.9041500747907634,1.2950494243849082,descriptive_no_p_value
GSE135893,subtype,consensus,core,TGFB1,LPP,macrophages,Macrophages,fibroblasts,Myofibroblasts,30,2.0,3,6,0.43801651428628485,-0.22150503120492981,1.0975380597774977,0.3328654161872837,0.6102323784578534,descriptive_no_p_value
GSE135893,subtype,cellchatdb,core,IL1B,IL1R2,macrophages,Macrophages,fibroblasts,Myofibroblasts,30,2.0,3,6,0.6472467473258634,1.9344656365011623,-0.6399721418494368,0.4242700331567164,1.0799579767570284,descriptive_no_p_value
GSE135893,subtype,cellchatdb,core,IL1B,IL1R2,macrophages,Macrophages,AT2,AT2,30,2.0,6,8,0.09675246740272225,0.5114666385480975,-0.3179617037426542,-0.1456145180740105,0.3332653581243701,descriptive_no_p_value
GSE135893,subtype,cellchatdb,core,AREG,EGFR,macrophages,Macrophages,fibroblasts,Myofibroblasts,30,2.0,3,6,0.8455673968393427,1.8523605897639124,-0.16122579608522525,0.06066807905376059,1.3387903238007404,descriptive_no_p_value
GSE135893,subtype,cellchatdb,core,HBEGF,EGFR,macrophages,Macrophages,fibroblasts,Myofibroblasts,30,2.0,3,6,0.5577782564088611,1.276782308902944,-0.16122579608522525,0.49857764181451003,0.6236956719975035,descriptive_no_p_value
GSE135893,subtype,cellchatdb,core,HBEGF,ERBB4,macrophages,Macrophages,fibroblasts,Myofibroblasts,30,2.0,3,6,0.7480301828709992,1.276782308902944,0.21927805683905488,0.6570097401928594,0.872358849974229,descriptive_no_p_value
GSE135893,subtype,cellchatdb,exploratory,CXCL12,ACKR3,fibroblasts,Myofibroblasts,macrophages,Macrophages,30,2.0,3,6,0.7643096505819065,1.5299942488945408,-0.0013749477307305469,0.19901661611650479,1.2220103809012768,descriptive_no_p_value
GSE135893,subtype,cellchatdb,exploratory,CCL2,CCR2,fibroblasts,Myofibroblasts,macrophages,Macrophages,30,2.0,3,6,1.7219075870992349,1.8692475214286155,1.5745676527698542,0.8454061008895906,2.457755838450871,descriptive_no_p_value
GSE135893,subtype,cellchatdb,exploratory,CXCL12,CXCR4,fibroblasts,Myofibroblasts,macrophages,Macrophages,30,2.0,3,6,0.9423727243246391,1.5299942488945408,0.35475119975473657,0.7512731230720675,1.1059862434951526,descriptive_no_p_value
GSE135893,subtype,cellchatdb,exploratory,CCL2,ACKR1,fibroblasts,Myofibroblasts,macrophages,Macrophages,30,2.0,3,6,2.2193165986632617,1.8692475214286155,2.569385675897909,2.0481095704192147,2.498800125834279,descriptive_no_p_value
GSE135893,subtype,cellchatdb,exploratory,CCL2,ACKR2,fibroblasts,Myofibroblasts,macrophages,Macrophages,30,2.0,3,6,0.7839494744924518,1.8692475214286155,-0.3013485724437124,0.598761254909002,1.005368242901464,descriptive_no_p_value
GSE135893,subtype,cellchatdb,core,IL1A,IL1R1_IL1RAP,macrophages,Macrophages,fibroblasts,Myofibroblasts,30,2.0,3,6,0.5826111348862435,0.038460367861048006,1.1267619019114385,0.22093832407114267,1.079834649971843,descriptive_no_p_value
GSE135893,subtype,cellchatdb,core,IL1A,IL1R1_IL1RAP,macrophages,Macrophages,AT2,AT2,30,2.0,6,8,-0.23137757001292947,-0.16305676384555534,-0.2996983761803036,-0.4891850387623504,0.17068348100185649,descriptive_no_p_value
GSE135893,subtype,cellchatdb,core,IL1B,IL1R1_IL1RAP,macrophages,Macrophages,fibroblasts,Myofibroblasts,30,2.0,3,6,1.5306137692063002,1.9344656365011623,1.1267619019114385,1.0309347406212686,2.2451878228676367,descriptive_no_p_value
GSE135893,subtype,cellchatdb,core,IL1B,IL1R1_IL1RAP,macrophages,Macrophages,AT2,AT2,30,2.0,6,8,0.10588413118389717,0.5114666385480975,-0.2996983761803036,-0.10115898570580484,0.5676643292142627,descriptive_no_p_value
GSE135893,subtype,cellchatdb,core,TGFB1,TGFBR1_TGFBR2,macrophages,Macrophages,fibroblasts,Myofibroblasts,30,2.0,3,6,0.133206545133576,-0.22150503120492981,0.48791812147208447,-0.03743155277803556,0.24868076779554027,descriptive_no_p_value
GSE135893,subtype,cellchatdb,core,IL1A,IL1R2,macrophages,Macrophages,fibroblasts,Myofibroblasts,30,2.0,3,6,-0.30075588699419376,0.038460367861048006,-0.6399721418494368,-0.5290061649469817,-0.08539519613876667,descriptive_no_p_value
GSE135893,subtype,cellchatdb,core,IL1A,IL1R2,macrophages,Macrophages,AT2,AT2,30,2.0,6,8,-0.24050923379410494,-0.16305676384555534,-0.3179617037426542,-0.412380653557317,0.0021911867531910767,descriptive_no_p_value
GSE135893,subtype,cellchatdb,core,TGFB1,ACVR1B_TGFBR2,macrophages,Macrophages,fibroblasts,Myofibroblasts,30,2.0,3,6,0.46917525046353603,-0.22150503120492981,1.1598555321320014,0.2503427849173807,0.7008979545057361,descriptive_no_p_value
GSE135893,subtype,cellchatdb,core,TGFB1,ACVR1C_TGFBR2,macrophages,Macrophages,fibroblasts,Myofibroblasts,30,2.0,3,6,-0.055174366623119475,-0.22150503120492981,0.11115629795868998,-0.10661509255855428,-0.0023076386544396144,descriptive_no_p_value
GSE135893,subtype,cellchatdb,core,TGFB1,ACVR1_TGFBR1_TGFBR2,macrophages,Macrophages,fibroblasts,Myofibroblasts,30,2.0,3,6,-0.0100544378771108,-0.22150503120492981,0.20139615545071088,-0.15744278860168048,0.14114057759347443,descriptive_no_p_value
GSE135893,subtype,cellchatdb,core,AREG,EGFR_ERBB2,macrophages,Macrophages,fibroblasts,Myofibroblasts,30,2.0,3,6,1.1776856473089952,1.8523605897639124,0.5030107048540802,0.5953403367662844,1.7224758579349642,descriptive_no_p_value
GSE135893,subtype,cellchatdb,core,HBEGF,EGFR_ERBB2,macrophages,Macrophages,fibroblasts,Myofibroblasts,30,2.0,3,6,0.8898965068785127,1.276782308902944,0.5030107048540802,0.5999300537890315,1.0623782607147811,descriptive_no_p_value
GSE135893,subtype,cellchatdb,core,HBEGF,ERBB2_ERBB4,macrophages,Macrophages,fibroblasts,Myofibroblasts,30,2.0,3,6,0.7480301828709992,1.276782308902944,0.21927805683905488,0.6570097401928594,0.872358849974229,descriptive_no_p_value
GSE135893,broad,consensus,core,IL1A,IL1R1_IL1RAP,macrophages,__broad__,AT2,__broad__,100,1.0,5,5,0.24026656955971237,0.23087640163180456,0.24965673748761974,-0.12499560903687179,0.7715063823191777,descriptive_no_p_value
GSE135893,broad,consensus,core,IL1A,IL1R2_IL1RAP,macrophages,__broad__,AT2,__broad__,100,1.0,5,5,-0.4862575383222694,0.23087640163180456,-1.2033914782763437,-0.7550061141511754,0.03494316560550159,descriptive_no_p_value
GSE135893,broad,consensus,core,IL1B,IL1R1_IL1RAP,macrophages,__broad__,AT2,__broad__,100,1.0,5,5,0.4689470680169663,0.6882373985463115,0.24965673748761974,0.20365776154253012,0.7293999630812031,descriptive_no_p_value
GSE135893,broad,consensus,core,IL1B,IL1R2_IL1RAP,macrophages,__broad__,AT2,__broad__,100,1.0,5,5,-0.2575770398650157,0.6882373985463115,-1.2033914782763437,-0.6767595235383217,0.05606217811284786,descriptive_no_p_value
GSE135893,broad,consensus,core,IL1B,ADRB2,macrophages,__broad__,AT2,__broad__,100,1.0,5,5,0.34321849420172956,0.6882373985463115,-0.0018004101428523711,-0.028367208159495227,0.6712515185271748,descriptive_no_p_value
GSE135893,broad,consensus,core,IL1B,SIGIRR,macrophages,__broad__,AT2,__broad__,100,1.0,5,5,0.26806918373193867,0.6882373985463115,-0.15209903108243328,0.018081671257350607,0.4989848407904631,descriptive_no_p_value
GSE135893,broad,cellchatdb,core,IL1B,IL1R2,macrophages,__broad__,AT2,__broad__,100,1.0,5,5,-0.2575770398650157,0.6882373985463115,-1.2033914782763437,-0.6767595235383217,0.05606217811284786,descriptive_no_p_value
GSE135893,broad,cellchatdb,core,IL1A,IL1R1_IL1RAP,macrophages,__broad__,AT2,__broad__,100,1.0,5,5,0.24026656955971237,0.23087640163180456,0.24965673748761974,-0.12499560903687179,0.7715063823191777,descriptive_no_p_value
GSE135893,broad,cellchatdb,core,IL1B,IL1R1_IL1RAP,macrophages,__broad__,AT2,__broad__,100,1.0,5,5,0.4689470680169663,0.6882373985463115,0.24965673748761974,0.20365776154253012,0.7293999630812031,descriptive_no_p_value
GSE135893,broad,cellchatdb,core,IL1A,IL1R2,macrophages,__broad__,AT2,__broad__,100,1.0,5,5,-0.4862575383222694,0.23087640163180456,-1.2033914782763437,-0.7550061141511754,0.03494316560550159,descriptive_no_p_value
GSE135893,subtype,consensus,core,IL1A,IL1R1_IL1RAP,macrophages,Macrophages,AT2,AT2,100,1.0,5,5,0.22234226964286563,0.19502780179811197,0.24965673748761974,-0.12365039409485012,0.7391269059302945,descriptive_no_p_value
GSE135893,subtype,consensus,core,IL1A,IL1R2_IL1RAP,macrophages,Macrophages,AT2,AT2,100,1.0,5,5,-0.504181838239116,0.19502780179811197,-1.2033914782763437,-0.7687573177680741,0.0025636892166189806,descriptive_no_p_value
GSE135893,subtype,consensus,core,IL1B,IL1R1_IL1RAP,macrophages,Macrophages,AT2,AT2,100,1.0,5,5,0.46495714246410547,0.6802575474405899,0.24965673748761974,0.1995818656604973,0.7225037132315908,descriptive_no_p_value
GSE135893,subtype,consensus,core,IL1B,IL1R2_IL1RAP,macrophages,Macrophages,AT2,AT2,100,1.0,5,5,-0.26156696541787694,0.6802575474405899,-1.2033914782763437,-0.6808354194203554,0.04587582711676452,descriptive_no_p_value
GSE135893,subtype,consensus,core,IL1B,ADRB2,macrophages,Macrophages,AT2,AT2,100,1.0,5,5,0.33922856864886963,0.6802575474405899,-0.0018004101428523711,-0.03837120853081899,0.6643552686775633,descriptive_no_p_value
GSE135893,subtype,consensus,core,IL1B,SIGIRR,macrophages,Macrophages,AT2,AT2,100,1.0,5,5,0.26407925817907785,0.6802575474405899,-0.15209903108243328,0.008077670886025956,0.4940187527223401,descriptive_no_p_value
GSE135893,subtype,cellchatdb,core,IL1B,IL1R2,macrophages,Macrophages,AT2,AT2,100,1.0,5,5,-0.26156696541787694,0.6802575474405899,-1.2033914782763437,-0.6808354194203554,0.04587582711676452,descriptive_no_p_value
GSE135893,subtype,cellchatdb,core,IL1A,IL1R1_IL1RAP,macrophages,Macrophages,AT2,AT2,100,1.0,5,5,0.22234226964286563,0.19502780179811197,0.24965673748761974,-0.12365039409485012,0.7391269059302945,descriptive_no_p_value
GSE135893,subtype,cellchatdb,core,IL1B,IL1R1_IL1RAP,macrophages,Macrophages,AT2,AT2,100,1.0,5,5,0.46495714246410547,0.6802575474405899,0.24965673748761974,0.1995818656604973,0.7225037132315908,descriptive_no_p_value
GSE135893,subtype,cellchatdb,core,IL1A,IL1R2,macrophages,Macrophages,AT2,AT2,100,1.0,5,5,-0.504181838239116,0.19502780179811197,-1.2033914782763437,-0.7687573177680741,0.0025636892166189806,descriptive_no_p_value
GSE135893,broad,consensus,core,IL1A,IL1R1_IL1RAP,macrophages,__broad__,AT2,__broad__,100,0.5,5,5,0.23194151668288177,0.21141374134648716,0.2524692920192759,-0.13769222477507226,0.7749029782059038,descriptive_no_p_value
GSE135893,broad,consensus,core,IL1A,IL1R2_IL1RAP,macrophages,__broad__,AT2,__broad__,100,0.5,5,5,-0.675908129742984,0.21141374134648716,-1.563230000832455,-1.011089063739449,-0.12277774366811134,descriptive_no_p_value
GSE135893,broad,consensus,core,IL1B,IL1R1_IL1RAP,macrophages,__broad__,AT2,__broad__,100,0.5,5,5,0.47060515009736825,0.6887410081754624,0.2524692920192759,0.20435091270994743,0.7320112432749708,descriptive_no_p_value
GSE135893,broad,consensus,core,IL1B,IL1R2_IL1RAP,macrophages,__broad__,AT2,__broad__,100,0.5,5,5,-0.4372444963284967,0.6887410081754624,-1.563230000832455,-0.9226076639792051,-0.07286390405251852,descriptive_no_p_value
GSE135893,broad,consensus,core,IL1B,ADRB2,macrophages,__broad__,AT2,__broad__,100,0.5,5,5,0.34327804242368387,0.6887410081754624,-0.0021849233280910596,-0.028898606096702473,0.6717575052454707,descriptive_no_p_value
GSE135893,broad,consensus,core,IL1B,SIGIRR,macrophages,__broad__,AT2,__broad__,100,0.5,5,5,0.26816935023296207,0.6887410081754624,-0.15240230770953644,0.018010596941643975,0.49921272959731855,descriptive_no_p_value
GSE135893,broad,cellchatdb,core,IL1B,IL1R2,macrophages,__broad__,AT2,__broad__,100,0.5,5,5,-0.4372444963284967,0.6887410081754624,-1.563230000832455,-0.9226076639792051,-0.07286390405251852,descriptive_no_p_value
GSE135893,broad,cellchatdb,core,IL1A,IL1R1_IL1RAP,macrophages,__broad__,AT2,__broad__,100,0.5,5,5,0.23194151668288177,0.21141374134648716,0.2524692920192759,-0.13769222477507226,0.7749029782059038,descriptive_no_p_value
GSE135893,broad,cellchatdb,core,IL1B,IL1R1_IL1RAP,macrophages,__broad__,AT2,__broad__,100,0.5,5,5,0.47060515009736825,0.6887410081754624,0.2524692920192759,0.20435091270994743,0.7320112432749708,descriptive_no_p_value
GSE135893,broad,cellchatdb,core,IL1A,IL1R2,macrophages,__broad__,AT2,__broad__,100,0.5,5,5,-0.675908129742984,0.21141374134648716,-1.563230000832455,-1.011089063739449,-0.12277774366811134,descriptive_no_p_value
GSE135893,subtype,consensus,core,IL1A,IL1R1_IL1RAP,macrophages,Macrophages,AT2,AT2,100,0.5,5,5,0.21429680436835064,0.1761243167174258,0.2524692920192759,-0.13602010857246727,0.7422823009462527,descriptive_no_p_value
GSE135893,subtype,consensus,core,IL1A,IL1R2_IL1RAP,macrophages,Macrophages,AT2,AT2,100,0.5,5,5,-0.6935528420575146,0.1761243167174258,-1.563230000832455,-1.0244989941224845,-0.15539842092776232,descriptive_no_p_value
GSE135893,subtype,consensus,core,IL1B,IL1R1_IL1RAP,macrophages,Macrophages,AT2,AT2,100,0.5,5,5,0.4666292454565468,0.6807891988938168,0.2524692920192759,0.20028749651203093,0.7251297347693333,descriptive_no_p_value
GSE135893,subtype,consensus,core,IL1B,IL1R2_IL1RAP,macrophages,Macrophages,AT2,AT2,100,0.5,5,5,-0.44122040096931947,0.6807891988938168,-1.563230000832455,-0.9266710801771212,-0.08303412668159149,descriptive_no_p_value
GSE135893,subtype,consensus,core,IL1B,ADRB2,macrophages,Macrophages,AT2,AT2,100,0.5,5,5,0.33930213778286067,0.6807891988938168,-0.0021849233280910596,-0.038899754860558744,0.6648759967398314,descriptive_no_p_value
GSE135893,subtype,consensus,core,IL1B,SIGIRR,macrophages,Macrophages,AT2,AT2,100,0.5,5,5,0.26419344559214064,0.6807891988938168,-0.15240230770953644,0.00800944817778948,0.49426486125944624,descriptive_no_p_value
GSE135893,subtype,cellchatdb,core,IL1B,IL1R2,macrophages,Macrophages,AT2,AT2,100,0.5,5,5,-0.44122040096931947,0.6807891988938168,-1.563230000832455,-0.9266710801771212,-0.08303412668159149,descriptive_no_p_value
GSE135893,subtype,cellchatdb,core,IL1A,IL1R1_IL1RAP,macrophages,Macrophages,AT2,AT2,100,0.5,5,5,0.21429680436835064,0.1761243167174258,0.2524692920192759,-0.13602010857246727,0.7422823009462527,descriptive_no_p_value
GSE135893,subtype,cellchatdb,core,IL1B,IL1R1_IL1RAP,macrophages,Macrophages,AT2,AT2,100,0.5,5,5,0.4666292454565468,0.6807891988938168,0.2524692920192759,0.20028749651203093,0.7251297347693333,descriptive_no_p_value
GSE135893,subtype,cellchatdb,core,IL1A,IL1R2,macrophages,Macrophages,AT2,AT2,100,0.5,5,5,-0.6935528420575146,0.1761243167174258,-1.563230000832455,-1.0244989941224845,-0.15539842092776232,descriptive_no_p_value
GSE135893,broad,consensus,core,IL1A,IL1R1_IL1RAP,macrophages,__broad__,AT2,__broad__,100,2.0,5,5,0.25446924922829917,0.26471216548636844,0.24422633297023033,-0.10277446541999913,0.7648261776706478,descriptive_no_p_value
GSE135893,broad,consensus,core,IL1A,IL1R2_IL1RAP,macrophages,__broad__,AT2,__broad__,100,2.0,5,5,-0.3051997301556407,0.26471216548636844,-0.8751116257976497,-0.5623071973360472,0.17855107786113644,descriptive_no_p_value
GSE135893,broad,consensus,core,IL1B,IL1R1_IL1RAP,macrophages,__broad__,AT2,__broad__,100,2.0,5,5,0.46572961148118885,0.6872328899921483,0.24422633297023033,0.20229136993110242,0.724345272051556,descriptive_no_p_value
GSE135893,broad,consensus,core,IL1B,IL1R2_IL1RAP,macrophages,__broad__,AT2,__broad__,100,2.0,5,5,-0.0939393679027507,0.6872328899921483,-0.8751116257976497,-0.4536036306655009,0.16931810785426338,descriptive_no_p_value
GSE135893,broad,consensus,core,IL1B,ADRB2,macrophages,__broad__,AT2,__broad__,100,2.0,5,5,0.34309590574412674,0.6872328899921483,-0.0010410785038938997,-0.027318055575403122,0.6702435643473494,descriptive_no_p_value
GSE135893,broad,consensus,core,IL1B,SIGIRR,macrophages,__broad__,AT2,__broad__,100,2.0,5,5,0.26786833613142225,0.6872328899921483,-0.15149621772930288,0.01822231873576108,0.4985292593607591,descriptive_no_p_value
GSE135893,broad,cellchatdb,core,IL1B,IL1R2,macrophages,__broad__,AT2,__broad__,100,2.0,5,5,-0.0939393679027507,0.6872328899921483,-0.8751116257976497,-0.4536036306655009,0.16931810785426338,descriptive_no_p_value
GSE135893,broad,cellchatdb,core,IL1A,IL1R1_IL1RAP,macrophages,__broad__,AT2,__broad__,100,2.0,5,5,0.25446924922829917,0.26471216548636844,0.24422633297023033,-0.10277446541999913,0.7648261776706478,descriptive_no_p_value
GSE135893,broad,cellchatdb,core,IL1B,IL1R1_IL1RAP,macrophages,__broad__,AT2,__broad__,100,2.0,5,5,0.46572961148118885,0.6872328899921483,0.24422633297023033,0.20229136993110242,0.724345272051556,descriptive_no_p_value
GSE135893,broad,cellchatdb,core,IL1A,IL1R2,macrophages,__broad__,AT2,__broad__,100,2.0,5,5,-0.3051997301556407,0.26471216548636844,-0.8751116257976497,-0.5623071973360472,0.17855107786113644,descriptive_no_p_value
GSE135893,subtype,consensus,core,IL1A,IL1R1_IL1RAP,macrophages,Macrophages,AT2,AT2,100,2.0,5,5,0.2361308044323156,0.22803527589440264,0.24422633297023033,-0.1019053601806581,0.7328926010731043,descriptive_no_p_value
GSE135893,subtype,consensus,core,IL1A,IL1R2_IL1RAP,macrophages,Macrophages,AT2,AT2,100,2.0,5,5,-0.32353817495162396,0.22803527589440264,-0.8751116257976497,-0.5614380920967059,0.1466175012635922,descriptive_no_p_value
GSE135893,subtype,consensus,core,IL1B,IL1R1_IL1RAP,macrophages,Macrophages,AT2,AT2,100,2.0,5,5,0.46171178859418216,0.6791972442181349,0.24422633297023033,0.19819064773424344,0.7174196901702414,descriptive_no_p_value
GSE135893,subtype,consensus,core,IL1B,IL1R2_IL1RAP,macrophages,Macrophages,AT2,AT2,100,2.0,5,5,-0.0979571907897574,0.6791972442181349,-0.8751116257976497,-0.457704352862359,0.15909967964098248,descriptive_no_p_value
GSE135893,subtype,consensus,core,IL1B,ADRB2,macrophages,Macrophages,AT2,AT2,100,2.0,5,5,0.33907808285712093,0.6791972442181349,-0.0010410785038938997,-0.03732771797276602,0.6633179824660349,descriptive_no_p_value
GSE135893,subtype,consensus,core,IL1B,SIGIRR,macrophages,Macrophages,AT2,AT2,100,2.0,5,5,0.26385051324441466,0.6791972442181349,-0.15149621772930288,0.008212656338398183,0.49352691512927915,descriptive_no_p_value
GSE135893,subtype,cellchatdb,core,IL1B,IL1R2,macrophages,Macrophages,AT2,AT2,100,2.0,5,5,-0.0979571907897574,0.6791972442181349,-0.8751116257976497,-0.457704352862359,0.15909967964098248,descriptive_no_p_value
GSE135893,subtype,cellchatdb,core,IL1A,IL1R1_IL1RAP,macrophages,Macrophages,AT2,AT2,100,2.0,5,5,0.2361308044323156,0.22803527589440264,0.24422633297023033,-0.1019053601806581,0.7328926010731043,descriptive_no_p_value
GSE135893,subtype,cellchatdb,core,IL1B,IL1R1_IL1RAP,macrophages,Macrophages,AT2,AT2,100,2.0,5,5,0.46171178859418216,0.6791972442181349,0.24422633297023033,0.19819064773424344,0.7174196901702414,descriptive_no_p_value
GSE135893,subtype,cellchatdb,core,IL1A,IL1R2,macrophages,Macrophages,AT2,AT2,100,2.0,5,5,-0.32353817495162396,0.22803527589440264,-0.8751116257976497,-0.5614380920967059,0.1466175012635922,descriptive_no_p_value
